date,tmax,tmin,tmoy,pluie,vent,raf,ray,ville,lat,lon,alt
2012-01-01,30.1,24.7,26.6,8.9,16.1,45.0,15.72,Antsiranana,-12.279,49.292,41.0
2012-01-02,30.3,25.4,27.2,3.4,15.7,43.2,21.19,Antsiranana,-12.279,49.292,41.0
2012-01-03,28.2,24.1,25.8,24.8,11.3,26.3,13.53,Antsiranana,-12.279,49.292,41.0
2012-01-04,28.5,23.9,24.8,74.7,7.7,18.0,4.66,Antsiranana,-12.279,49.292,41.0
2012-01-05,27.2,23.7,24.8,35.0,13.1,31.7,7.66,Antsiranana,-12.279,49.292,41.0
2012-01-06,27.7,23.1,25.4,18.6,8.3,25.6,16.91,Antsiranana,-12.279,49.292,41.0
2012-01-07,28.9,25.1,26.5,10.2,10.2,26.6,21.46,Antsiranana,-12.279,49.292,41.0
2012-01-08,29.3,24.3,26.9,1.2,16.7,40.0,23.13,Antsiranana,-12.279,49.292,41.0
2012-01-09,29.3,25.6,27.3,2.0,20.6,43.9,22.05,Antsiranana,-12.279,49.292,41.0
2012-01-10,28.9,25.8,27.1,2.4,23.9,48.6,17.3,Antsiranana,-12.279,49.292,41.0
2012-01-11,29.7,25.1,27.1,1.4,19.7,46.1,23.61,Antsiranana,-12.279,49.292,41.0
2012-01-12,29.5,25.0,26.6,1.8,21.3,49.3,20.71,Antsiranana,-12.279,49.292,41.0
2012-01-13,31.0,25.0,27.2,1.1,20.1,48.6,25.36,Antsiranana,-12.279,49.292,41.0
2012-01-14,30.1,24.9,27.1,0.0,13.8,38.9,19.72,Antsiranana,-12.279,49.292,41.0
2012-01-15,28.7,23.5,25.6,29.0,5.5,25.9,15.85,Antsiranana,-12.279,49.292,41.0
2012-01-16,27.1,23.0,25.1,20.7,10.8,27.7,12.09,Antsiranana,-12.279,49.292,41.0
2012-01-17,28.1,24.4,26.1,2.9,13.4,25.2,19.45,Antsiranana,-12.279,49.292,41.0
2012-01-18,27.9,24.8,25.9,3.5,12.7,23.8,14.62,Antsiranana,-12.279,49.292,41.0
2012-01-19,28.9,24.7,26.3,0.1,8.0,27.0,23.71,Antsiranana,-12.279,49.292,41.0
2012-01-20,29.4,23.8,26.5,1.3,11.8,37.8,22.49,Antsiranana,-12.279,49.292,41.0
2012-01-21,29.4,24.5,26.7,1.4,14.7,33.8,20.21,Antsiranana,-12.279,49.292,41.0
2012-01-22,29.9,24.7,27.2,0.0,15.6,35.6,25.61,Antsiranana,-12.279,49.292,41.0
2012-01-23,30.2,26.0,27.6,0.0,17.4,36.7,25.08,Antsiranana,-12.279,49.292,41.0
2012-01-24,31.0,25.2,27.5,0.7,11.9,31.7,22.86,Antsiranana,-12.279,49.292,41.0
2012-01-25,29.5,24.5,26.9,0.9,14.9,31.0,19.11,Antsiranana,-12.279,49.292,41.0
2012-01-26,29.3,23.4,25.4,30.3,10.4,32.4,16.12,Antsiranana,-12.279,49.292,41.0
2012-01-27,27.3,23.6,24.8,77.6,23.6,42.5,9.21,Antsiranana,-12.279,49.292,41.0
2012-01-28,27.0,23.7,25.4,63.0,26.4,58.7,14.54,Antsiranana,-12.279,49.292,41.0
2012-01-29,25.7,24.4,25.2,18.7,21.8,43.6,9.15,Antsiranana,-12.279,49.292,41.0
2012-01-30,27.7,24.1,25.2,16.2,19.3,41.8,15.25,Antsiranana,-12.279,49.292,41.0
2012-01-31,28.4,24.6,25.8,4.9,17.3,38.2,18.55,Antsiranana,-12.279,49.292,41.0
2012-02-01,29.6,24.9,26.5,7.3,21.0,43.6,22.94,Antsiranana,-12.279,49.292,41.0
2012-02-02,28.6,24.7,25.9,21.4,11.6,24.8,16.5,Antsiranana,-12.279,49.292,41.0
2012-02-03,28.5,23.2,25.7,9.4,8.3,23.8,20.37,Antsiranana,-12.279,49.292,41.0
2012-02-04,28.1,23.8,25.6,14.7,7.7,23.4,17.5,Antsiranana,-12.279,49.292,41.0
2012-02-05,28.2,23.6,25.6,7.3,6.8,24.5,17.57,Antsiranana,-12.279,49.292,41.0
2012-02-06,27.7,22.4,25.2,9.3,8.8,27.7,19.41,Antsiranana,-12.279,49.292,41.0
2012-02-07,28.4,22.6,25.7,3.7,10.5,31.7,18.05,Antsiranana,-12.279,49.292,41.0
2012-02-08,27.9,24.2,25.6,5.8,18.8,36.4,16.91,Antsiranana,-12.279,49.292,41.0
2012-02-09,28.4,24.4,26.1,7.3,18.5,41.0,19.53,Antsiranana,-12.279,49.292,41.0
2012-02-10,29.7,24.8,26.9,0.8,17.8,41.0,23.29,Antsiranana,-12.279,49.292,41.0
2012-02-11,29.3,24.9,26.7,1.1,16.0,37.4,21.88,Antsiranana,-12.279,49.292,41.0
2012-02-12,30.1,25.4,27.4,0.3,18.7,45.7,22.73,Antsiranana,-12.279,49.292,41.0
2012-02-13,28.2,25.3,26.4,3.9,24.1,51.5,16.09,Antsiranana,-12.279,49.292,41.0
2012-02-14,28.8,25.1,26.5,4.1,18.5,40.3,20.16,Antsiranana,-12.279,49.292,41.0
2012-02-15,29.3,24.8,26.7,1.1,13.6,31.7,24.63,Antsiranana,-12.279,49.292,41.0
2012-02-16,28.9,23.4,25.7,14.9,8.4,28.4,16.1,Antsiranana,-12.279,49.292,41.0
2012-02-17,29.0,23.2,26.3,1.5,11.2,27.7,24.04,Antsiranana,-12.279,49.292,41.0
2012-02-18,29.1,24.8,26.6,1.0,8.4,22.0,21.7,Antsiranana,-12.279,49.292,41.0
2012-02-19,29.7,24.0,26.8,4.2,12.6,31.7,21.54,Antsiranana,-12.279,49.292,41.0
2012-02-20,30.2,25.3,27.0,6.0,14.7,32.0,21.52,Antsiranana,-12.279,49.292,41.0
2012-02-21,28.4,24.5,26.2,7.4,9.1,23.0,16.98,Antsiranana,-12.279,49.292,41.0
2012-02-22,28.7,24.0,26.2,3.6,14.1,32.4,20.08,Antsiranana,-12.279,49.292,41.0
2012-02-23,28.8,24.8,26.2,8.2,20.1,43.6,21.06,Antsiranana,-12.279,49.292,41.0
2012-02-24,29.5,24.9,26.4,6.6,19.9,43.9,21.92,Antsiranana,-12.279,49.292,41.0
2012-02-25,29.5,24.1,25.8,6.7,13.5,30.6,14.68,Antsiranana,-12.279,49.292,41.0
2012-02-26,25.0,23.5,24.3,64.9,34.0,61.6,2.24,Antsiranana,-12.279,49.292,41.0
2012-02-27,28.7,24.7,26.4,3.4,23.1,52.9,23.49,Antsiranana,-12.279,49.292,41.0
2012-02-28,27.2,24.6,25.4,17.9,22.2,51.5,13.34,Antsiranana,-12.279,49.292,41.0
2012-02-29,26.6,24.5,25.2,21.8,20.2,42.1,13.55,Antsiranana,-12.279,49.292,41.0
2012-03-01,28.8,23.6,26.1,7.4,14.7,37.8,18.32,Antsiranana,-12.279,49.292,41.0
2012-03-02,29.1,24.9,26.7,1.2,17.8,37.4,20.33,Antsiranana,-12.279,49.292,41.0
2012-03-03,28.8,24.6,26.2,8.7,11.4,27.4,18.04,Antsiranana,-12.279,49.292,41.0
2012-03-04,28.3,24.4,25.8,9.4,8.0,20.9,14.7,Antsiranana,-12.279,49.292,41.0
2012-03-05,28.8,24.5,26.2,0.9,15.4,33.5,20.97,Antsiranana,-12.279,49.292,41.0
2012-03-06,29.0,24.8,26.3,1.7,13.3,28.8,21.32,Antsiranana,-12.279,49.292,41.0
2012-03-07,28.5,24.2,26.2,0.4,10.2,25.9,21.96,Antsiranana,-12.279,49.292,41.0
2012-03-08,28.8,23.8,26.0,2.2,5.4,22.7,23.86,Antsiranana,-12.279,49.292,41.0
2012-03-09,29.2,24.4,26.6,1.7,9.0,24.8,22.08,Antsiranana,-12.279,49.292,41.0
2012-03-10,28.4,23.9,26.0,6.9,6.1,29.9,11.03,Antsiranana,-12.279,49.292,41.0
2012-03-11,27.8,23.4,25.4,12.4,7.9,34.6,13.44,Antsiranana,-12.279,49.292,41.0
2012-03-12,29.3,22.7,26.1,3.0,14.9,36.7,22.12,Antsiranana,-12.279,49.292,41.0
2012-03-13,29.6,24.7,26.5,4.6,9.2,27.4,23.01,Antsiranana,-12.279,49.292,41.0
2012-03-14,28.9,23.6,25.7,26.9,6.5,21.6,17.06,Antsiranana,-12.279,49.292,41.0
2012-03-15,27.7,23.3,24.8,18.3,11.7,29.9,14.0,Antsiranana,-12.279,49.292,41.0
2012-03-16,26.0,23.3,24.5,21.5,17.5,31.7,8.42,Antsiranana,-12.279,49.292,41.0
2012-03-17,28.4,24.3,25.9,0.4,24.5,50.4,19.37,Antsiranana,-12.279,49.292,41.0
2012-03-18,28.0,24.6,26.1,0.9,15.8,38.2,19.33,Antsiranana,-12.279,49.292,41.0
2012-03-19,27.7,24.7,26.1,3.3,17.6,35.3,17.89,Antsiranana,-12.279,49.292,41.0
2012-03-20,28.7,24.4,26.2,7.3,14.3,32.4,21.82,Antsiranana,-12.279,49.292,41.0
2012-03-21,28.2,24.2,25.8,0.7,15.9,32.8,19.27,Antsiranana,-12.279,49.292,41.0
2012-03-22,28.0,24.3,26.0,0.5,17.8,41.8,20.85,Antsiranana,-12.279,49.292,41.0
2012-03-23,28.2,24.3,25.7,1.4,18.0,40.7,22.0,Antsiranana,-12.279,49.292,41.0
2012-03-24,28.0,24.2,25.7,1.6,17.1,38.5,21.53,Antsiranana,-12.279,49.292,41.0
2012-03-25,27.8,24.2,25.6,3.5,13.7,32.8,20.64,Antsiranana,-12.279,49.292,41.0
2012-03-26,28.3,24.0,25.7,16.4,9.5,24.8,16.39,Antsiranana,-12.279,49.292,41.0
2012-03-27,28.1,24.5,26.2,4.6,10.1,27.4,19.7,Antsiranana,-12.279,49.292,41.0
2012-03-28,28.3,24.5,26.0,4.1,9.6,25.9,18.36,Antsiranana,-12.279,49.292,41.0
2012-03-29,28.3,23.6,26.0,1.0,12.8,30.6,20.17,Antsiranana,-12.279,49.292,41.0
2012-03-30,28.9,24.7,26.4,0.2,20.1,42.8,20.85,Antsiranana,-12.279,49.292,41.0
2012-03-31,28.7,24.7,26.5,0.8,23.9,51.8,23.09,Antsiranana,-12.279,49.292,41.0
2012-04-01,28.9,24.8,26.4,2.2,20.1,51.8,17.93,Antsiranana,-12.279,49.292,41.0
2012-04-02,27.4,24.5,25.2,20.4,17.1,33.5,12.34,Antsiranana,-12.279,49.292,41.0
2012-04-03,28.6,24.6,26.0,2.3,14.5,34.9,20.6,Antsiranana,-12.279,49.292,41.0
2012-04-04,28.7,24.1,26.3,1.7,10.7,27.4,19.63,Antsiranana,-12.279,49.292,41.0
2012-04-05,29.1,24.7,26.5,0.5,12.9,29.9,20.89,Antsiranana,-12.279,49.292,41.0
2012-04-06,27.1,24.3,25.6,9.4,16.4,34.9,16.52,Antsiranana,-12.279,49.292,41.0
2012-04-07,27.4,23.4,25.5,4.6,13.0,31.3,14.08,Antsiranana,-12.279,49.292,41.0
2012-04-08,28.2,24.5,26.0,1.2,15.6,36.4,19.34,Antsiranana,-12.279,49.292,41.0
2012-04-09,28.8,24.6,26.3,0.2,20.2,43.2,21.19,Antsiranana,-12.279,49.292,41.0
2012-04-10,28.1,24.7,25.9,1.0,21.1,46.8,19.61,Antsiranana,-12.279,49.292,41.0
2012-04-11,27.2,23.7,25.4,6.7,15.3,37.1,16.46,Antsiranana,-12.279,49.292,41.0
2012-04-12,28.9,24.5,26.2,1.1,17.7,37.1,20.87,Antsiranana,-12.279,49.292,41.0
2012-04-13,27.4,24.8,25.8,0.0,17.8,36.7,13.66,Antsiranana,-12.279,49.292,41.0
2012-04-14,29.6,24.6,26.8,0.0,17.9,36.0,22.22,Antsiranana,-12.279,49.292,41.0
2012-04-15,28.6,25.0,26.2,2.1,20.9,44.6,14.09,Antsiranana,-12.279,49.292,41.0
2012-04-16,27.1,24.2,25.6,7.9,19.2,42.1,10.51,Antsiranana,-12.279,49.292,41.0
2012-04-17,29.7,24.7,26.7,0.0,14.5,33.8,19.0,Antsiranana,-12.279,49.292,41.0
2012-04-18,28.9,24.4,26.3,0.9,9.0,23.8,18.06,Antsiranana,-12.279,49.292,41.0
2012-04-19,29.2,24.6,26.6,1.1,7.8,18.7,19.35,Antsiranana,-12.279,49.292,41.0
2012-04-20,28.6,23.8,26.2,1.1,7.6,22.7,17.65,Antsiranana,-12.279,49.292,41.0
2012-04-21,28.7,24.6,26.4,0.5,16.2,36.7,18.55,Antsiranana,-12.279,49.292,41.0
2012-04-22,28.0,24.5,26.1,1.4,16.3,38.9,18.6,Antsiranana,-12.279,49.292,41.0
2012-04-23,28.9,24.7,26.5,1.9,16.1,39.2,17.78,Antsiranana,-12.279,49.292,41.0
2012-04-24,29.3,25.0,26.7,0.0,25.7,54.7,21.41,Antsiranana,-12.279,49.292,41.0
2012-04-25,29.3,24.6,26.6,0.0,22.2,49.3,23.04,Antsiranana,-12.279,49.292,41.0
2012-04-26,29.6,24.6,26.7,0.0,20.2,45.4,20.06,Antsiranana,-12.279,49.292,41.0
2012-04-27,28.9,25.2,26.6,0.0,32.4,67.3,21.07,Antsiranana,-12.279,49.292,41.0
2012-04-28,27.5,24.8,25.9,0.3,36.0,74.5,17.79,Antsiranana,-12.279,49.292,41.0
2012-04-29,28.3,24.6,26.0,0.0,30.9,67.0,17.98,Antsiranana,-12.279,49.292,41.0
2012-04-30,26.9,23.5,25.1,6.7,30.0,62.6,11.5,Antsiranana,-12.279,49.292,41.0
2012-05-01,28.0,23.9,25.6,0.0,29.7,63.7,20.97,Antsiranana,-12.279,49.292,41.0
2012-05-02,27.2,23.6,24.9,0.1,33.4,71.6,20.25,Antsiranana,-12.279,49.292,41.0
2012-05-03,28.9,23.8,25.7,0.0,29.0,63.0,21.67,Antsiranana,-12.279,49.292,41.0
2012-05-04,27.9,23.7,25.5,0.0,32.1,68.4,21.82,Antsiranana,-12.279,49.292,41.0
2012-05-05,28.9,24.0,25.9,0.0,27.3,59.8,20.82,Antsiranana,-12.279,49.292,41.0
2012-05-06,28.8,24.3,26.1,0.0,29.7,62.6,21.24,Antsiranana,-12.279,49.292,41.0
2012-05-07,29.8,24.2,26.5,0.0,16.5,37.8,20.79,Antsiranana,-12.279,49.292,41.0
2012-05-08,28.5,24.0,26.0,0.0,21.6,48.2,18.91,Antsiranana,-12.279,49.292,41.0
2012-05-09,28.3,24.1,25.8,0.0,32.8,68.4,19.74,Antsiranana,-12.279,49.292,41.0
2012-05-10,27.1,23.9,25.1,0.0,36.2,75.2,17.85,Antsiranana,-12.279,49.292,41.0
2012-05-11,28.6,23.9,25.8,0.0,30.5,67.3,20.37,Antsiranana,-12.279,49.292,41.0
2012-05-12,28.9,24.6,26.3,0.0,26.5,57.6,19.43,Antsiranana,-12.279,49.292,41.0
2012-05-13,28.5,24.6,26.1,0.9,23.2,52.6,17.85,Antsiranana,-12.279,49.292,41.0
2012-05-14,28.8,24.7,26.3,0.0,28.2,58.3,19.8,Antsiranana,-12.279,49.292,41.0
2012-05-15,29.2,24.2,26.3,0.1,15.9,40.0,18.8,Antsiranana,-12.279,49.292,41.0
2012-05-16,29.6,24.6,26.6,0.0,19.9,47.9,20.4,Antsiranana,-12.279,49.292,41.0
2012-05-17,29.6,23.9,26.2,0.0,15.2,37.1,19.93,Antsiranana,-12.279,49.292,41.0
2012-05-18,27.5,24.2,25.4,1.2,26.5,56.2,12.46,Antsiranana,-12.279,49.292,41.0
2012-05-19,26.3,23.3,24.5,12.1,32.5,65.9,8.63,Antsiranana,-12.279,49.292,41.0
2012-05-20,27.0,23.8,25.0,0.7,21.6,47.9,13.74,Antsiranana,-12.279,49.292,41.0
2012-05-21,27.5,23.8,25.4,0.0,20.7,43.2,18.09,Antsiranana,-12.279,49.292,41.0
2012-05-22,28.1,24.0,25.7,0.0,19.8,44.3,19.11,Antsiranana,-12.279,49.292,41.0
2012-05-23,28.0,23.6,25.6,0.0,24.9,52.9,19.64,Antsiranana,-12.279,49.292,41.0
2012-05-24,26.2,23.8,24.9,0.8,15.8,43.9,10.08,Antsiranana,-12.279,49.292,41.0
2012-05-25,27.4,23.9,25.3,0.0,26.5,57.2,15.44,Antsiranana,-12.279,49.292,41.0
2012-05-26,28.1,23.9,25.3,0.0,31.3,65.5,18.56,Antsiranana,-12.279,49.292,41.0
2012-05-27,27.5,23.7,25.2,0.0,33.1,69.5,18.87,Antsiranana,-12.279,49.292,41.0
2012-05-28,26.2,23.1,24.3,0.0,32.8,69.1,15.12,Antsiranana,-12.279,49.292,41.0
2012-05-29,27.0,22.8,24.4,0.0,33.7,70.9,20.66,Antsiranana,-12.279,49.292,41.0
2012-05-30,26.6,22.6,24.2,0.0,33.9,70.2,17.34,Antsiranana,-12.279,49.292,41.0
2012-05-31,26.8,22.8,24.2,0.5,25.9,55.1,17.0,Antsiranana,-12.279,49.292,41.0
2012-06-01,27.2,22.8,24.5,0.0,26.5,56.2,18.98,Antsiranana,-12.279,49.292,41.0
2012-06-02,26.9,22.8,24.4,0.0,21.9,49.0,16.16,Antsiranana,-12.279,49.292,41.0
2012-06-03,27.9,22.4,24.7,0.0,17.1,38.9,19.08,Antsiranana,-12.279,49.292,41.0
2012-06-04,27.8,22.3,24.6,0.0,15.9,31.0,17.43,Antsiranana,-12.279,49.292,41.0
2012-06-05,26.3,22.7,24.1,0.0,31.3,71.6,17.35,Antsiranana,-12.279,49.292,41.0
2012-06-06,27.6,22.5,24.5,0.0,28.6,61.2,19.77,Antsiranana,-12.279,49.292,41.0
2012-06-07,25.5,23.1,24.3,0.0,20.6,37.8,5.07,Antsiranana,-12.279,49.292,41.0
2012-06-08,28.1,23.6,25.2,0.0,18.3,40.0,14.48,Antsiranana,-12.279,49.292,41.0
2012-06-09,26.8,23.3,24.9,0.0,25.5,54.4,14.23,Antsiranana,-12.279,49.292,41.0
2012-06-10,26.8,23.7,25.0,0.0,26.6,56.9,14.96,Antsiranana,-12.279,49.292,41.0
2012-06-11,27.4,22.7,24.5,0.0,23.7,52.6,18.61,Antsiranana,-12.279,49.292,41.0
2012-06-12,26.7,22.4,24.1,0.0,27.2,57.6,17.37,Antsiranana,-12.279,49.292,41.0
2012-06-13,27.2,21.8,23.8,0.0,27.2,53.6,18.54,Antsiranana,-12.279,49.292,41.0
2012-06-14,26.4,22.6,23.8,0.4,24.4,55.4,14.31,Antsiranana,-12.279,49.292,41.0
2012-06-15,27.7,22.7,24.5,0.0,24.0,56.2,18.76,Antsiranana,-12.279,49.292,41.0
2012-06-16,26.8,22.8,24.1,0.0,30.6,64.1,16.51,Antsiranana,-12.279,49.292,41.0
2012-06-17,26.8,22.7,24.3,0.0,30.9,65.5,16.46,Antsiranana,-12.279,49.292,41.0
2012-06-18,27.2,22.1,24.3,0.0,34.5,73.1,19.35,Antsiranana,-12.279,49.292,41.0
2012-06-19,26.2,22.3,23.8,0.0,35.8,74.2,16.69,Antsiranana,-12.279,49.292,41.0
2012-06-20,25.0,21.5,22.7,13.0,35.0,73.4,11.43,Antsiranana,-12.279,49.292,41.0
2012-06-21,25.7,22.6,23.8,7.2,37.9,77.8,16.8,Antsiranana,-12.279,49.292,41.0
2012-06-22,25.4,22.5,23.7,0.0,35.6,72.4,15.95,Antsiranana,-12.279,49.292,41.0
2012-06-23,25.9,22.0,23.5,0.0,28.1,59.0,18.59,Antsiranana,-12.279,49.292,41.0
2012-06-24,25.0,21.9,23.2,0.0,29.6,60.8,16.49,Antsiranana,-12.279,49.292,41.0
2012-06-25,25.7,21.7,23.4,0.0,30.9,65.9,15.47,Antsiranana,-12.279,49.292,41.0
2012-06-26,26.7,22.1,23.8,0.0,25.7,52.9,18.3,Antsiranana,-12.279,49.292,41.0
2012-06-27,26.9,22.1,23.9,0.0,26.8,57.2,19.79,Antsiranana,-12.279,49.292,41.0
2012-06-28,25.6,21.4,23.2,0.0,23.2,51.5,19.07,Antsiranana,-12.279,49.292,41.0
2012-06-29,25.8,21.3,23.2,0.0,24.2,53.3,19.29,Antsiranana,-12.279,49.292,41.0
2012-06-30,26.3,21.8,23.6,0.0,26.6,57.6,18.28,Antsiranana,-12.279,49.292,41.0
2012-07-01,26.2,21.8,23.4,0.0,28.6,62.3,19.18,Antsiranana,-12.279,49.292,41.0
2012-07-02,26.0,21.4,23.3,0.0,29.1,62.6,19.79,Antsiranana,-12.279,49.292,41.0
2012-07-03,25.6,21.1,23.0,0.0,29.2,63.4,18.84,Antsiranana,-12.279,49.292,41.0
2012-07-04,26.1,21.1,23.0,0.0,29.6,63.7,20.01,Antsiranana,-12.279,49.292,41.0
2012-07-05,25.8,21.0,23.0,0.0,28.7,61.2,19.88,Antsiranana,-12.279,49.292,41.0
2012-07-06,26.1,21.0,23.0,0.0,27.0,57.2,19.6,Antsiranana,-12.279,49.292,41.0
2012-07-07,26.1,21.2,22.9,0.0,28.0,59.4,19.41,Antsiranana,-12.279,49.292,41.0
2012-07-08,26.1,21.1,23.1,0.0,26.8,58.0,20.01,Antsiranana,-12.279,49.292,41.0
2012-07-09,25.2,20.8,22.7,0.0,25.3,54.7,17.37,Antsiranana,-12.279,49.292,41.0
2012-07-10,25.3,20.9,22.7,0.0,29.9,64.1,18.41,Antsiranana,-12.279,49.292,41.0
2012-07-11,26.3,21.0,23.0,0.0,29.3,63.7,19.89,Antsiranana,-12.279,49.292,41.0
2012-07-12,26.5,21.5,23.5,0.0,31.6,66.6,18.9,Antsiranana,-12.279,49.292,41.0
2012-07-13,26.7,22.1,23.8,0.0,32.5,69.8,19.7,Antsiranana,-12.279,49.292,41.0
2012-07-14,26.7,21.8,23.7,0.0,26.9,59.4,20.1,Antsiranana,-12.279,49.292,41.0
2012-07-15,26.6,21.6,23.6,0.0,25.6,56.2,20.47,Antsiranana,-12.279,49.292,41.0
2012-07-16,25.9,21.2,23.4,0.0,21.3,47.5,15.73,Antsiranana,-12.279,49.292,41.0
2012-07-17,27.2,22.0,23.9,0.0,12.7,32.0,18.33,Antsiranana,-12.279,49.292,41.0
2012-07-18,26.9,21.4,23.6,0.0,13.5,33.8,18.17,Antsiranana,-12.279,49.292,41.0
2012-07-19,27.3,21.1,23.6,0.0,14.6,32.8,20.48,Antsiranana,-12.279,49.292,41.0
2012-07-20,27.1,21.1,23.7,4.8,11.7,28.4,13.47,Antsiranana,-12.279,49.292,41.0
2012-07-21,23.3,21.5,22.6,20.3,23.2,45.7,3.12,Antsiranana,-12.279,49.292,41.0
2012-07-22,25.6,22.1,23.5,0.0,33.3,68.8,18.41,Antsiranana,-12.279,49.292,41.0
2012-07-23,25.7,21.6,23.1,0.0,31.9,67.0,20.65,Antsiranana,-12.279,49.292,41.0
2012-07-24,25.8,21.2,23.0,0.2,26.4,59.0,17.58,Antsiranana,-12.279,49.292,41.0
2012-07-25,25.9,22.0,23.4,0.0,28.6,59.8,14.48,Antsiranana,-12.279,49.292,41.0
2012-07-26,25.6,21.6,22.9,1.0,24.5,55.4,15.96,Antsiranana,-12.279,49.292,41.0
2012-07-27,26.2,21.7,23.3,0.0,20.9,46.4,18.64,Antsiranana,-12.279,49.292,41.0
2012-07-28,26.8,21.1,23.6,0.0,19.4,42.5,21.18,Antsiranana,-12.279,49.292,41.0
2012-07-29,24.7,21.7,23.0,0.0,25.5,52.9,7.99,Antsiranana,-12.279,49.292,41.0
2012-07-30,25.9,21.6,23.3,0.0,27.9,60.8,18.41,Antsiranana,-12.279,49.292,41.0
2012-07-31,26.1,21.6,23.4,0.0,28.4,59.4,17.67,Antsiranana,-12.279,49.292,41.0
2012-08-01,25.9,22.0,23.7,0.0,25.7,55.1,12.42,Antsiranana,-12.279,49.292,41.0
2012-08-02,27.1,22.5,24.2,0.0,27.6,58.7,19.86,Antsiranana,-12.279,49.292,41.0
2012-08-03,27.4,22.0,24.1,0.0,18.4,45.0,21.41,Antsiranana,-12.279,49.292,41.0
2012-08-04,26.6,21.3,23.4,0.0,17.7,44.3,21.51,Antsiranana,-12.279,49.292,41.0
2012-08-05,27.4,20.7,23.7,0.0,19.0,41.4,21.95,Antsiranana,-12.279,49.292,41.0
2012-08-06,26.1,22.3,23.9,0.0,27.9,61.6,16.35,Antsiranana,-12.279,49.292,41.0
2012-08-07,26.3,22.5,23.8,0.0,31.4,68.8,18.6,Antsiranana,-12.279,49.292,41.0
2012-08-08,26.4,22.0,23.6,0.0,34.2,70.6,19.9,Antsiranana,-12.279,49.292,41.0
2012-08-09,26.0,21.4,23.1,0.0,38.0,80.6,22.33,Antsiranana,-12.279,49.292,41.0
2012-08-10,25.9,21.2,22.8,0.0,32.7,69.8,22.57,Antsiranana,-12.279,49.292,41.0
2012-08-11,25.8,20.8,22.9,0.0,32.1,68.8,22.66,Antsiranana,-12.279,49.292,41.0
2012-08-12,24.9,20.9,22.7,0.0,29.2,62.6,18.04,Antsiranana,-12.279,49.292,41.0
2012-08-13,26.0,20.9,23.0,0.0,28.2,61.6,22.54,Antsiranana,-12.279,49.292,41.0
2012-08-14,24.9,20.9,22.8,0.0,30.5,65.2,18.53,Antsiranana,-12.279,49.292,41.0
2012-08-15,25.4,21.1,22.8,0.0,29.7,63.0,19.65,Antsiranana,-12.279,49.292,41.0
2012-08-16,26.1,20.8,23.0,0.0,29.1,65.5,22.77,Antsiranana,-12.279,49.292,41.0
2012-08-17,24.4,21.7,22.9,1.4,33.2,63.7,9.26,Antsiranana,-12.279,49.292,41.0
2012-08-18,26.2,22.0,23.5,0.0,40.6,82.8,19.79,Antsiranana,-12.279,49.292,41.0
2012-08-19,25.7,21.2,23.0,0.0,41.6,85.3,22.45,Antsiranana,-12.279,49.292,41.0
2012-08-20,25.9,21.1,23.0,0.0,36.2,76.7,21.53,Antsiranana,-12.279,49.292,41.0
2012-08-21,25.4,21.0,22.9,0.0,33.9,70.9,20.22,Antsiranana,-12.279,49.292,41.0
2012-08-22,26.0,20.9,22.7,0.0,30.9,68.0,22.36,Antsiranana,-12.279,49.292,41.0
2012-08-23,24.2,20.8,22.1,0.0,34.3,70.2,16.23,Antsiranana,-12.279,49.292,41.0
2012-08-24,26.6,20.9,23.2,0.0,27.3,57.2,20.95,Antsiranana,-12.279,49.292,41.0
2012-08-25,27.1,21.1,23.4,0.0,29.6,63.4,24.03,Antsiranana,-12.279,49.292,41.0
2012-08-26,27.1,21.1,23.5,0.0,30.1,64.1,24.01,Antsiranana,-12.279,49.292,41.0
2012-08-27,27.1,21.3,23.7,0.0,29.4,62.6,24.06,Antsiranana,-12.279,49.292,41.0
2012-08-28,26.6,21.5,23.5,0.0,27.7,60.1,21.07,Antsiranana,-12.279,49.292,41.0
2012-08-29,26.2,21.3,23.5,0.0,31.3,67.0,23.66,Antsiranana,-12.279,49.292,41.0
2012-08-30,26.6,21.3,23.5,0.0,32.6,69.8,24.64,Antsiranana,-12.279,49.292,41.0
2012-08-31,26.2,21.0,23.3,0.0,33.1,72.4,24.62,Antsiranana,-12.279,49.292,41.0
2012-09-01,25.5,20.9,23.0,0.0,31.7,67.0,21.0,Antsiranana,-12.279,49.292,41.0
2012-09-02,26.8,21.2,23.5,0.0,28.3,61.9,24.71,Antsiranana,-12.279,49.292,41.0
2012-09-03,28.0,21.4,24.2,0.0,30.1,61.9,24.72,Antsiranana,-12.279,49.292,41.0
2012-09-04,27.1,22.0,24.0,0.0,26.2,56.2,21.4,Antsiranana,-12.279,49.292,41.0
2012-09-05,26.8,21.7,23.8,0.0,27.7,59.8,24.85,Antsiranana,-12.279,49.292,41.0
2012-09-06,27.5,21.5,23.8,0.0,33.9,70.9,24.64,Antsiranana,-12.279,49.292,41.0
2012-09-07,26.5,21.7,23.4,0.0,38.8,83.2,24.19,Antsiranana,-12.279,49.292,41.0
2012-09-08,26.4,21.2,23.1,0.0,41.4,85.7,21.91,Antsiranana,-12.279,49.292,41.0
2012-09-09,24.7,21.8,23.0,0.3,37.4,77.8,11.13,Antsiranana,-12.279,49.292,41.0
2012-09-10,26.0,21.5,23.4,0.0,38.2,82.8,23.89,Antsiranana,-12.279,49.292,41.0
2012-09-11,25.6,21.2,23.2,0.0,32.5,69.5,20.03,Antsiranana,-12.279,49.292,41.0
2012-09-12,25.9,21.0,22.9,0.0,31.0,65.9,20.98,Antsiranana,-12.279,49.292,41.0
2012-09-13,26.6,21.0,23.2,0.0,34.2,73.4,23.87,Antsiranana,-12.279,49.292,41.0
2012-09-14,26.9,21.4,23.7,0.0,32.8,71.3,23.64,Antsiranana,-12.279,49.292,41.0
2012-09-15,27.5,22.5,24.3,0.0,24.2,54.4,20.45,Antsiranana,-12.279,49.292,41.0
2012-09-16,28.0,22.2,24.3,0.0,28.3,61.2,23.19,Antsiranana,-12.279,49.292,41.0
2012-09-17,26.4,22.0,23.6,0.0,37.7,78.1,21.88,Antsiranana,-12.279,49.292,41.0
2012-09-18,26.6,21.6,23.5,0.0,34.8,72.4,21.63,Antsiranana,-12.279,49.292,41.0
2012-09-19,26.9,21.3,23.6,0.0,31.6,68.0,26.31,Antsiranana,-12.279,49.292,41.0
2012-09-20,26.1,21.4,23.5,0.0,32.3,69.8,23.35,Antsiranana,-12.279,49.292,41.0
2012-09-21,26.0,21.6,23.5,0.0,35.9,74.5,21.23,Antsiranana,-12.279,49.292,41.0
2012-09-22,26.8,21.3,23.5,0.0,33.9,74.9,26.01,Antsiranana,-12.279,49.292,41.0
2012-09-23,27.0,21.2,23.5,0.0,30.9,66.6,26.7,Antsiranana,-12.279,49.292,41.0
2012-09-24,27.6,21.3,23.8,0.0,25.0,55.1,25.45,Antsiranana,-12.279,49.292,41.0
2012-09-25,28.6,21.4,24.4,0.0,19.2,47.5,26.32,Antsiranana,-12.279,49.292,41.0
2012-09-26,29.1,22.0,25.1,0.0,27.1,59.0,26.54,Antsiranana,-12.279,49.292,41.0
2012-09-27,26.3,22.8,24.1,0.1,35.3,73.1,20.22,Antsiranana,-12.279,49.292,41.0
2012-09-28,27.2,22.4,24.2,0.0,34.1,74.2,25.22,Antsiranana,-12.279,49.292,41.0
2012-09-29,26.9,22.4,24.2,0.0,31.8,66.6,26.23,Antsiranana,-12.279,49.292,41.0
2012-09-30,26.7,22.2,24.1,0.0,32.1,68.8,22.58,Antsiranana,-12.279,49.292,41.0
2012-10-01,27.3,22.0,24.1,0.0,27.9,64.1,26.48,Antsiranana,-12.279,49.292,41.0
2012-10-02,26.3,21.5,23.6,0.0,32.1,72.4,24.49,Antsiranana,-12.279,49.292,41.0
2012-10-03,27.1,21.0,23.5,0.0,35.1,75.2,25.84,Antsiranana,-12.279,49.292,41.0
2012-10-04,27.5,21.6,23.9,0.0,31.6,69.8,27.49,Antsiranana,-12.279,49.292,41.0
2012-10-05,27.5,21.7,24.1,0.0,32.4,70.6,26.5,Antsiranana,-12.279,49.292,41.0
2012-10-06,27.5,22.2,24.5,0.0,32.4,69.5,23.7,Antsiranana,-12.279,49.292,41.0
2012-10-07,26.8,22.7,24.4,0.0,36.0,76.3,19.3,Antsiranana,-12.279,49.292,41.0
2012-10-08,26.9,22.8,24.6,0.0,34.1,71.6,20.49,Antsiranana,-12.279,49.292,41.0
2012-10-09,27.7,22.7,24.5,0.0,29.7,62.6,27.84,Antsiranana,-12.279,49.292,41.0
2012-10-10,27.7,22.7,24.6,0.0,29.5,63.4,28.43,Antsiranana,-12.279,49.292,41.0
2012-10-11,27.7,22.0,24.4,0.0,27.2,60.1,28.26,Antsiranana,-12.279,49.292,41.0
2012-10-12,27.3,21.8,24.3,0.0,29.2,68.0,24.72,Antsiranana,-12.279,49.292,41.0
2012-10-13,27.2,22.0,24.4,0.0,30.6,68.4,25.26,Antsiranana,-12.279,49.292,41.0
2012-10-14,27.3,22.0,24.4,0.0,31.4,68.0,26.13,Antsiranana,-12.279,49.292,41.0
2012-10-15,27.7,21.8,24.5,0.0,30.2,64.4,28.56,Antsiranana,-12.279,49.292,41.0
2012-10-16,28.7,22.3,24.9,0.0,24.8,59.0,28.11,Antsiranana,-12.279,49.292,41.0
2012-10-17,28.8,22.0,25.0,0.0,16.6,42.8,28.49,Antsiranana,-12.279,49.292,41.0
2012-10-18,29.4,22.2,25.3,0.0,9.0,33.1,23.02,Antsiranana,-12.279,49.292,41.0
2012-10-19,28.6,22.5,25.6,0.5,10.8,29.2,19.52,Antsiranana,-12.279,49.292,41.0
2012-10-20,28.3,23.4,25.4,0.2,25.7,56.2,24.34,Antsiranana,-12.279,49.292,41.0
2012-10-21,27.9,23.3,25.0,0.0,31.9,68.8,26.92,Antsiranana,-12.279,49.292,41.0
2012-10-22,28.1,22.8,24.7,0.0,28.1,63.0,28.53,Antsiranana,-12.279,49.292,41.0
2012-10-23,27.8,22.3,24.6,0.0,26.3,56.2,28.56,Antsiranana,-12.279,49.292,41.0
2012-10-24,28.4,22.0,24.7,0.0,18.5,43.6,27.87,Antsiranana,-12.279,49.292,41.0
2012-10-25,28.2,22.2,24.7,0.0,25.8,57.2,28.98,Antsiranana,-12.279,49.292,41.0
2012-10-26,28.4,22.5,25.0,0.0,27.7,61.2,28.17,Antsiranana,-12.279,49.292,41.0
2012-10-27,28.8,22.9,25.3,0.0,22.4,51.5,24.85,Antsiranana,-12.279,49.292,41.0
2012-10-28,29.1,23.0,25.6,0.0,17.9,44.6,26.41,Antsiranana,-12.279,49.292,41.0
2012-10-29,28.7,23.1,25.3,0.0,26.5,61.6,24.26,Antsiranana,-12.279,49.292,41.0
2012-10-30,28.7,23.0,25.3,0.0,29.1,65.2,25.73,Antsiranana,-12.279,49.292,41.0
2012-10-31,28.8,23.1,25.4,0.0,28.8,61.9,28.54,Antsiranana,-12.279,49.292,41.0
2012-11-01,28.6,22.7,25.4,0.0,22.5,51.5,25.13,Antsiranana,-12.279,49.292,41.0
2012-11-02,28.5,23.0,25.5,3.3,8.9,29.2,18.19,Antsiranana,-12.279,49.292,41.0
2012-11-03,28.5,22.0,25.1,4.1,17.9,35.3,18.12,Antsiranana,-12.279,49.292,41.0
2012-11-04,27.6,23.4,25.1,0.0,32.9,68.8,24.14,Antsiranana,-12.279,49.292,41.0
2012-11-05,29.0,23.1,25.8,0.0,29.5,63.7,26.78,Antsiranana,-12.279,49.292,41.0
2012-11-06,28.2,23.7,25.4,0.0,28.7,60.1,21.75,Antsiranana,-12.279,49.292,41.0
2012-11-07,29.0,23.3,25.6,0.0,18.2,41.0,22.98,Antsiranana,-12.279,49.292,41.0
2012-11-08,28.7,23.4,25.6,0.0,26.8,60.1,28.14,Antsiranana,-12.279,49.292,41.0
2012-11-09,28.3,22.9,25.5,0.0,17.3,40.7,21.64,Antsiranana,-12.279,49.292,41.0
2012-11-10,29.7,23.5,26.3,0.0,19.8,43.2,28.78,Antsiranana,-12.279,49.292,41.0
2012-11-11,30.2,23.4,26.4,0.1,7.2,35.6,18.88,Antsiranana,-12.279,49.292,41.0
2012-11-12,29.5,24.2,26.4,1.9,7.4,20.9,14.18,Antsiranana,-12.279,49.292,41.0
2012-11-13,27.8,23.5,25.5,4.6,27.5,60.1,22.9,Antsiranana,-12.279,49.292,41.0
2012-11-14,29.0,24.0,25.8,0.0,29.0,61.9,27.67,Antsiranana,-12.279,49.292,41.0
2012-11-15,28.1,23.5,25.5,0.0,25.6,58.0,22.55,Antsiranana,-12.279,49.292,41.0
2012-11-16,28.6,23.8,25.8,0.0,30.4,68.0,26.15,Antsiranana,-12.279,49.292,41.0
2012-11-17,28.7,23.4,25.7,0.0,26.3,58.7,24.38,Antsiranana,-12.279,49.292,41.0
2012-11-18,29.5,23.6,26.1,0.0,24.0,53.6,26.91,Antsiranana,-12.279,49.292,41.0
2012-11-19,30.3,23.3,26.3,0.0,15.3,33.1,28.22,Antsiranana,-12.279,49.292,41.0
2012-11-20,28.2,23.9,26.1,0.5,8.2,23.0,14.18,Antsiranana,-12.279,49.292,41.0
2012-11-21,28.2,24.3,26.1,8.7,10.2,25.9,15.64,Antsiranana,-12.279,49.292,41.0
2012-11-22,30.6,24.3,26.8,0.1,12.0,29.9,26.38,Antsiranana,-12.279,49.292,41.0
2012-11-23,29.7,24.5,26.6,0.1,17.2,42.5,22.99,Antsiranana,-12.279,49.292,41.0
2012-11-24,29.4,24.1,26.4,0.0,25.3,54.7,24.65,Antsiranana,-12.279,49.292,41.0
2012-11-25,29.9,24.2,26.5,0.3,27.1,58.3,25.34,Antsiranana,-12.279,49.292,41.0
2012-11-26,29.9,24.4,26.5,0.0,22.0,47.5,26.07,Antsiranana,-12.279,49.292,41.0
2012-11-27,30.0,23.9,26.3,0.0,13.9,31.0,24.09,Antsiranana,-12.279,49.292,41.0
2012-11-28,28.7,23.8,26.2,0.7,15.0,36.0,21.3,Antsiranana,-12.279,49.292,41.0
2012-11-29,28.7,24.3,26.1,0.0,21.1,49.3,20.92,Antsiranana,-12.279,49.292,41.0
2012-11-30,29.3,24.2,26.4,0.0,19.1,45.7,23.19,Antsiranana,-12.279,49.292,41.0
2012-12-01,30.0,24.2,26.7,0.0,21.2,49.3,27.21,Antsiranana,-12.279,49.292,41.0
2012-12-02,30.9,24.3,27.1,0.0,22.7,50.8,28.47,Antsiranana,-12.279,49.292,41.0
2012-12-03,28.4,24.3,26.1,1.0,26.5,64.1,17.56,Antsiranana,-12.279,49.292,41.0
2012-12-04,29.0,24.0,26.2,0.2,30.6,65.9,24.93,Antsiranana,-12.279,49.292,41.0
2012-12-05,30.3,24.5,26.9,0.0,29.8,66.6,26.25,Antsiranana,-12.279,49.292,41.0
2012-12-06,30.5,24.4,26.8,0.0,25.3,59.0,27.89,Antsiranana,-12.279,49.292,41.0
2012-12-07,30.3,24.4,26.9,0.0,18.1,44.6,25.21,Antsiranana,-12.279,49.292,41.0
2012-12-08,30.3,24.5,26.9,0.0,15.2,35.3,24.03,Antsiranana,-12.279,49.292,41.0
2012-12-09,29.9,24.4,26.7,0.0,14.8,34.6,24.28,Antsiranana,-12.279,49.292,41.0
2012-12-10,28.6,24.4,26.4,0.8,11.6,31.0,17.74,Antsiranana,-12.279,49.292,41.0
2012-12-11,30.5,25.2,27.3,0.0,15.6,37.1,23.43,Antsiranana,-12.279,49.292,41.0
2012-12-12,31.0,25.1,28.0,0.4,16.4,43.6,22.19,Antsiranana,-12.279,49.292,41.0
2012-12-13,32.1,25.6,27.4,8.7,13.0,34.9,19.03,Antsiranana,-12.279,49.292,41.0
2012-12-14,29.8,25.2,27.0,1.8,22.0,51.8,20.68,Antsiranana,-12.279,49.292,41.0
2012-12-15,30.2,25.1,27.1,0.4,25.0,57.6,25.64,Antsiranana,-12.279,49.292,41.0
2012-12-16,28.7,24.2,25.3,28.3,26.8,54.7,12.95,Antsiranana,-12.279,49.292,41.0
2012-12-17,27.0,24.3,25.5,8.4,14.2,31.0,14.61,Antsiranana,-12.279,49.292,41.0
2012-12-18,29.7,24.5,26.8,0.1,12.2,33.5,26.15,Antsiranana,-12.279,49.292,41.0
2012-12-19,30.0,24.8,27.2,1.0,17.0,40.3,24.35,Antsiranana,-12.279,49.292,41.0
2012-12-20,30.8,25.4,27.5,2.5,11.9,35.3,23.1,Antsiranana,-12.279,49.292,41.0
2012-12-21,29.4,24.8,26.8,1.5,14.4,33.8,23.49,Antsiranana,-12.279,49.292,41.0
2012-12-22,29.2,24.5,26.5,2.4,18.1,43.9,24.51,Antsiranana,-12.279,49.292,41.0
2012-12-23,30.2,24.5,27.1,0.0,22.8,49.3,25.15,Antsiranana,-12.279,49.292,41.0
2012-12-24,30.6,25.4,27.3,0.1,17.3,44.3,23.6,Antsiranana,-12.279,49.292,41.0
2012-12-25,31.4,25.2,27.7,0.0,12.9,30.6,26.71,Antsiranana,-12.279,49.292,41.0
2012-12-26,31.4,24.9,27.6,0.1,13.8,29.2,24.79,Antsiranana,-12.279,49.292,41.0
2012-12-27,31.1,25.2,27.6,0.2,17.1,37.4,25.81,Antsiranana,-12.279,49.292,41.0
2012-12-28,29.6,25.0,27.0,3.9,14.0,37.1,21.56,Antsiranana,-12.279,49.292,41.0
2012-12-29,30.2,25.0,27.0,4.9,13.2,35.3,21.78,Antsiranana,-12.279,49.292,41.0
2012-12-30,30.2,24.7,27.1,2.7,16.6,43.6,23.28,Antsiranana,-12.279,49.292,41.0
2012-12-31,30.6,24.9,26.9,15.5,9.3,38.2,17.84,Antsiranana,-12.279,49.292,41.0
2013-01-01,30.3,25.0,27.2,1.1,17.4,39.2,20.56,Antsiranana,-12.279,49.292,41.0
2013-01-02,29.1,24.5,26.2,6.0,23.8,47.5,16.87,Antsiranana,-12.279,49.292,41.0
2013-01-03,28.3,24.4,26.0,8.5,19.1,48.2,17.79,Antsiranana,-12.279,49.292,41.0
2013-01-04,30.3,25.2,27.4,0.3,18.1,42.8,22.84,Antsiranana,-12.279,49.292,41.0
2013-01-05,30.4,25.8,27.8,2.1,19.7,46.4,23.06,Antsiranana,-12.279,49.292,41.0
2013-01-06,29.8,25.9,27.0,25.0,11.8,29.9,17.26,Antsiranana,-12.279,49.292,41.0
2013-01-07,29.3,25.0,26.9,0.3,20.1,38.5,24.51,Antsiranana,-12.279,49.292,41.0
2013-01-08,28.8,24.7,26.4,1.1,17.3,39.2,22.19,Antsiranana,-12.279,49.292,41.0
2013-01-09,29.6,24.7,26.8,0.4,22.3,51.1,25.27,Antsiranana,-12.279,49.292,41.0
2013-01-10,29.3,24.3,26.5,0.0,23.2,53.6,25.76,Antsiranana,-12.279,49.292,41.0
2013-01-11,29.7,24.4,26.6,0.2,23.8,55.1,25.67,Antsiranana,-12.279,49.292,41.0
2013-01-12,28.5,24.4,26.2,0.3,23.9,53.6,22.14,Antsiranana,-12.279,49.292,41.0
2013-01-13,29.2,24.4,26.5,2.5,22.7,51.1,22.6,Antsiranana,-12.279,49.292,41.0
2013-01-14,29.2,24.7,26.7,6.5,21.1,48.6,21.47,Antsiranana,-12.279,49.292,41.0
2013-01-15,29.2,24.8,26.6,2.8,21.1,49.0,21.55,Antsiranana,-12.279,49.292,41.0
2013-01-16,30.4,25.1,27.2,0.0,20.4,47.2,25.9,Antsiranana,-12.279,49.292,41.0
2013-01-17,28.8,24.5,26.3,1.7,19.4,45.0,23.73,Antsiranana,-12.279,49.292,41.0
2013-01-18,29.0,24.8,26.3,1.3,19.6,44.3,22.05,Antsiranana,-12.279,49.292,41.0
2013-01-19,28.5,24.0,26.0,15.1,14.5,34.9,19.0,Antsiranana,-12.279,49.292,41.0
2013-01-20,29.0,23.7,25.7,24.7,7.3,22.0,17.29,Antsiranana,-12.279,49.292,41.0
2013-01-21,29.1,24.7,26.9,2.6,8.0,23.0,20.05,Antsiranana,-12.279,49.292,41.0
2013-01-22,30.4,25.4,27.7,2.2,13.8,31.3,21.96,Antsiranana,-12.279,49.292,41.0
2013-01-23,30.9,26.2,28.2,1.2,17.2,39.6,22.58,Antsiranana,-12.279,49.292,41.0
2013-01-24,31.8,26.4,28.6,0.8,20.2,42.5,25.14,Antsiranana,-12.279,49.292,41.0
2013-01-25,31.0,26.5,28.3,0.7,21.6,48.2,23.5,Antsiranana,-12.279,49.292,41.0
2013-01-26,30.7,25.9,27.5,1.1,19.1,42.8,23.18,Antsiranana,-12.279,49.292,41.0
2013-01-27,31.5,25.7,27.9,2.1,16.4,41.0,23.22,Antsiranana,-12.279,49.292,41.0
2013-01-28,29.6,25.9,27.2,9.9,16.9,34.6,16.2,Antsiranana,-12.279,49.292,41.0
2013-01-29,30.9,25.4,27.4,3.5,24.0,50.4,19.84,Antsiranana,-12.279,49.292,41.0
2013-01-30,27.6,24.5,25.6,33.0,26.3,55.4,8.33,Antsiranana,-12.279,49.292,41.0
2013-01-31,26.0,24.3,25.0,19.8,20.7,44.3,6.64,Antsiranana,-12.279,49.292,41.0
2013-02-01,28.6,24.8,26.3,4.0,16.7,36.7,17.29,Antsiranana,-12.279,49.292,41.0
2013-02-02,29.4,25.0,27.0,0.6,17.2,40.3,21.2,Antsiranana,-12.279,49.292,41.0
2013-02-03,29.3,25.8,27.2,3.7,15.1,35.3,22.06,Antsiranana,-12.279,49.292,41.0
2013-02-04,29.8,25.4,27.3,2.0,16.4,38.2,20.47,Antsiranana,-12.279,49.292,41.0
2013-02-05,28.7,25.5,26.4,8.8,15.0,39.2,18.95,Antsiranana,-12.279,49.292,41.0
2013-02-06,29.5,25.2,26.7,8.4,15.5,40.7,19.9,Antsiranana,-12.279,49.292,41.0
2013-02-07,29.6,25.3,27.0,3.1,14.4,31.0,19.94,Antsiranana,-12.279,49.292,41.0
2013-02-08,29.4,24.8,26.7,2.9,9.4,24.1,21.16,Antsiranana,-12.279,49.292,41.0
2013-02-09,29.8,25.3,27.0,2.0,14.9,33.5,24.82,Antsiranana,-12.279,49.292,41.0
2013-02-10,28.9,24.7,26.5,3.5,10.9,28.1,19.36,Antsiranana,-12.279,49.292,41.0
2013-02-11,29.4,25.0,26.7,2.5,12.0,27.7,22.18,Antsiranana,-12.279,49.292,41.0
2013-02-12,28.5,24.7,26.5,3.7,8.4,22.7,17.47,Antsiranana,-12.279,49.292,41.0
2013-02-13,28.6,24.9,26.5,8.2,11.2,28.4,19.33,Antsiranana,-12.279,49.292,41.0
2013-02-14,28.6,24.2,26.2,12.0,8.7,23.8,19.26,Antsiranana,-12.279,49.292,41.0
2013-02-15,28.6,23.3,25.9,11.4,7.4,24.5,18.62,Antsiranana,-12.279,49.292,41.0
2013-02-16,28.2,22.9,25.3,21.1,13.6,23.0,13.63,Antsiranana,-12.279,49.292,41.0
2013-02-17,29.9,23.9,26.6,3.2,12.6,34.9,20.43,Antsiranana,-12.279,49.292,41.0
2013-02-18,29.4,24.8,26.8,1.0,12.0,33.1,19.94,Antsiranana,-12.279,49.292,41.0
2013-02-19,29.1,24.4,26.8,5.6,11.0,26.3,19.72,Antsiranana,-12.279,49.292,41.0
2013-02-20,28.5,25.0,26.3,10.3,11.8,31.7,13.9,Antsiranana,-12.279,49.292,41.0
2013-02-21,29.1,25.4,27.0,1.5,13.8,31.7,16.02,Antsiranana,-12.279,49.292,41.0
2013-02-22,29.6,25.6,27.1,1.9,22.2,45.7,19.24,Antsiranana,-12.279,49.292,41.0
2013-02-23,28.9,25.0,26.4,1.9,22.9,49.3,20.2,Antsiranana,-12.279,49.292,41.0
2013-02-24,29.2,25.1,26.6,2.2,24.2,54.4,21.24,Antsiranana,-12.279,49.292,41.0
2013-02-25,30.4,25.0,27.2,0.7,16.6,39.2,23.54,Antsiranana,-12.279,49.292,41.0
2013-02-26,29.4,24.7,26.6,1.8,14.9,29.2,21.23,Antsiranana,-12.279,49.292,41.0
2013-02-27,29.5,23.6,25.7,22.2,8.7,28.4,17.61,Antsiranana,-12.279,49.292,41.0
2013-02-28,32.6,24.9,26.5,11.6,10.4,24.8,15.44,Antsiranana,-12.279,49.292,41.0
2013-03-01,30.3,24.7,27.1,0.1,15.8,31.3,26.14,Antsiranana,-12.279,49.292,41.0
2013-03-02,29.5,25.0,27.0,0.7,20.0,42.8,23.26,Antsiranana,-12.279,49.292,41.0
2013-03-03,29.1,25.8,27.0,1.3,16.1,39.6,14.91,Antsiranana,-12.279,49.292,41.0
2013-03-04,29.6,25.6,27.4,0.7,16.6,43.2,22.78,Antsiranana,-12.279,49.292,41.0
2013-03-05,30.0,25.3,27.4,1.1,16.9,41.0,24.47,Antsiranana,-12.279,49.292,41.0
2013-03-06,30.4,25.4,27.5,0.0,19.7,45.4,24.76,Antsiranana,-12.279,49.292,41.0
2013-03-07,29.4,25.5,27.2,0.0,27.3,61.9,24.92,Antsiranana,-12.279,49.292,41.0
2013-03-08,30.0,24.8,27.1,0.3,23.6,54.4,22.84,Antsiranana,-12.279,49.292,41.0
2013-03-09,30.7,25.9,27.7,0.0,20.2,52.9,23.1,Antsiranana,-12.279,49.292,41.0
2013-03-10,30.1,25.4,26.8,4.0,22.5,52.9,22.22,Antsiranana,-12.279,49.292,41.0
2013-03-11,29.8,24.9,27.0,0.4,21.2,49.3,23.18,Antsiranana,-12.279,49.292,41.0
2013-03-12,29.2,25.5,27.2,0.4,22.0,50.8,22.49,Antsiranana,-12.279,49.292,41.0
2013-03-13,29.1,25.2,26.8,2.8,17.2,40.3,21.27,Antsiranana,-12.279,49.292,41.0
2013-03-14,28.8,25.2,26.6,3.5,12.4,29.9,17.55,Antsiranana,-12.279,49.292,41.0
2013-03-15,28.8,25.2,26.6,1.6,14.6,36.4,18.12,Antsiranana,-12.279,49.292,41.0
2013-03-16,29.9,25.0,27.3,0.2,16.5,38.2,21.37,Antsiranana,-12.279,49.292,41.0
2013-03-17,29.9,25.6,27.6,0.1,20.5,48.2,23.06,Antsiranana,-12.279,49.292,41.0
2013-03-18,29.1,24.6,26.8,5.6,15.9,41.4,11.34,Antsiranana,-12.279,49.292,41.0
2013-03-19,29.0,24.3,26.7,4.8,22.1,44.3,19.15,Antsiranana,-12.279,49.292,41.0
2013-03-20,29.2,25.3,26.9,5.3,15.9,37.1,19.54,Antsiranana,-12.279,49.292,41.0
2013-03-21,29.7,24.3,26.8,1.7,12.3,32.4,21.32,Antsiranana,-12.279,49.292,41.0
2013-03-22,28.7,25.2,26.4,9.2,12.7,32.8,17.88,Antsiranana,-12.279,49.292,41.0
2013-03-23,29.3,24.9,26.5,2.3,14.1,34.2,19.54,Antsiranana,-12.279,49.292,41.0
2013-03-24,28.1,24.9,26.4,3.4,15.3,33.5,16.79,Antsiranana,-12.279,49.292,41.0
2013-03-25,29.4,25.0,27.1,0.4,23.3,50.0,20.22,Antsiranana,-12.279,49.292,41.0
2013-03-26,30.6,25.5,27.7,0.0,18.5,41.0,25.02,Antsiranana,-12.279,49.292,41.0
2013-03-27,30.4,25.3,27.4,0.0,19.0,42.1,20.09,Antsiranana,-12.279,49.292,41.0
2013-03-28,31.0,25.8,27.9,0.0,14.8,34.2,23.8,Antsiranana,-12.279,49.292,41.0
2013-03-29,31.2,25.7,28.0,0.0,14.4,38.9,25.11,Antsiranana,-12.279,49.292,41.0
2013-03-30,30.8,25.6,27.6,0.5,20.2,46.8,22.79,Antsiranana,-12.279,49.292,41.0
2013-03-31,30.4,25.3,27.3,0.2,20.9,47.2,20.85,Antsiranana,-12.279,49.292,41.0
2013-04-01,30.1,25.8,27.4,2.2,22.7,52.2,21.45,Antsiranana,-12.279,49.292,41.0
2013-04-02,31.0,25.5,27.7,0.0,12.5,31.7,21.66,Antsiranana,-12.279,49.292,41.0
2013-04-03,30.4,25.7,27.6,0.0,19.9,44.6,21.1,Antsiranana,-12.279,49.292,41.0
2013-04-04,29.7,24.9,26.8,6.6,18.3,35.3,17.52,Antsiranana,-12.279,49.292,41.0
2013-04-05,31.3,25.1,27.8,0.0,12.7,28.1,25.32,Antsiranana,-12.279,49.292,41.0
2013-04-06,32.1,25.1,28.0,0.0,11.8,29.2,24.96,Antsiranana,-12.279,49.292,41.0
2013-04-07,29.8,24.4,26.6,6.4,14.3,33.5,12.42,Antsiranana,-12.279,49.292,41.0
2013-04-08,29.1,24.2,26.3,1.4,22.9,51.5,19.98,Antsiranana,-12.279,49.292,41.0
2013-04-09,30.6,24.9,27.1,0.0,23.3,55.1,23.63,Antsiranana,-12.279,49.292,41.0
2013-04-10,31.3,25.6,28.0,0.0,20.4,46.1,22.26,Antsiranana,-12.279,49.292,41.0
2013-04-11,31.2,24.4,27.0,8.5,7.6,34.9,16.15,Antsiranana,-12.279,49.292,41.0
2013-04-12,30.6,24.4,26.9,4.2,8.0,33.5,20.46,Antsiranana,-12.279,49.292,41.0
2013-04-13,29.5,24.0,26.2,9.3,7.4,24.8,15.99,Antsiranana,-12.279,49.292,41.0
2013-04-14,28.9,23.5,26.3,2.9,9.7,27.0,17.8,Antsiranana,-12.279,49.292,41.0
2013-04-15,29.5,24.6,26.9,0.8,14.0,32.8,21.07,Antsiranana,-12.279,49.292,41.0
2013-04-16,30.3,25.7,27.5,0.0,15.4,36.4,22.33,Antsiranana,-12.279,49.292,41.0
2013-04-17,30.1,25.6,27.3,0.0,22.0,48.6,23.67,Antsiranana,-12.279,49.292,41.0
2013-04-18,30.1,25.0,27.0,0.0,15.2,34.9,22.17,Antsiranana,-12.279,49.292,41.0
2013-04-19,28.3,24.7,26.4,0.2,25.1,53.3,19.0,Antsiranana,-12.279,49.292,41.0
2013-04-20,29.3,24.5,26.5,0.0,24.8,53.3,20.36,Antsiranana,-12.279,49.292,41.0
2013-04-21,28.1,24.6,26.0,0.2,26.6,59.0,19.04,Antsiranana,-12.279,49.292,41.0
2013-04-22,29.3,24.3,26.3,0.0,23.1,52.6,23.54,Antsiranana,-12.279,49.292,41.0
2013-04-23,27.9,24.0,25.8,1.4,18.9,43.6,18.77,Antsiranana,-12.279,49.292,41.0
2013-04-24,29.2,24.5,26.4,0.0,19.0,44.3,22.97,Antsiranana,-12.279,49.292,41.0
2013-04-25,28.8,24.6,26.3,0.0,17.1,39.6,18.59,Antsiranana,-12.279,49.292,41.0
2013-04-26,28.1,23.9,25.8,0.0,21.3,47.9,17.69,Antsiranana,-12.279,49.292,41.0
2013-04-27,28.5,24.0,25.9,0.0,23.8,52.6,18.5,Antsiranana,-12.279,49.292,41.0
2013-04-28,28.2,24.4,25.8,0.2,27.9,57.6,18.82,Antsiranana,-12.279,49.292,41.0
2013-04-29,28.6,24.4,25.9,0.5,28.6,62.3,19.28,Antsiranana,-12.279,49.292,41.0
2013-04-30,29.4,24.4,26.5,0.0,24.8,55.1,21.23,Antsiranana,-12.279,49.292,41.0
2013-05-01,29.8,24.3,26.6,0.0,23.4,54.7,21.43,Antsiranana,-12.279,49.292,41.0
2013-05-02,28.0,24.5,26.0,0.0,35.7,74.5,19.86,Antsiranana,-12.279,49.292,41.0
2013-05-03,29.0,24.4,26.2,0.0,32.9,69.5,21.73,Antsiranana,-12.279,49.292,41.0
2013-05-04,29.0,24.3,26.2,0.0,31.5,67.3,22.24,Antsiranana,-12.279,49.292,41.0
2013-05-05,28.1,24.1,25.8,0.0,29.0,61.6,17.38,Antsiranana,-12.279,49.292,41.0
2013-05-06,29.0,24.1,26.1,0.0,24.1,54.4,22.17,Antsiranana,-12.279,49.292,41.0
2013-05-07,29.1,23.2,26.0,0.0,19.4,42.1,21.74,Antsiranana,-12.279,49.292,41.0
2013-05-08,28.9,23.9,25.9,0.0,27.1,60.5,21.73,Antsiranana,-12.279,49.292,41.0
2013-05-09,27.5,23.8,25.4,0.0,33.8,70.6,16.81,Antsiranana,-12.279,49.292,41.0
2013-05-10,28.9,23.6,25.8,0.0,26.0,56.2,21.95,Antsiranana,-12.279,49.292,41.0
2013-05-11,29.2,23.7,25.9,0.0,22.2,46.4,21.05,Antsiranana,-12.279,49.292,41.0
2013-05-12,28.4,23.4,25.5,0.0,26.2,57.2,21.75,Antsiranana,-12.279,49.292,41.0
2013-05-13,28.1,23.4,25.5,0.0,30.8,65.2,19.22,Antsiranana,-12.279,49.292,41.0
2013-05-14,27.7,23.2,25.2,0.0,31.2,66.6,19.58,Antsiranana,-12.279,49.292,41.0
2013-05-15,27.9,23.3,25.5,0.0,30.5,64.4,19.98,Antsiranana,-12.279,49.292,41.0
2013-05-16,27.6,23.7,25.2,0.3,31.3,65.2,19.58,Antsiranana,-12.279,49.292,41.0
2013-05-17,28.7,23.2,25.2,0.0,26.0,56.5,21.01,Antsiranana,-12.279,49.292,41.0
2013-05-18,29.0,23.1,25.6,0.0,23.7,51.5,20.86,Antsiranana,-12.279,49.292,41.0
2013-05-19,28.4,23.2,25.2,0.0,29.0,61.6,19.76,Antsiranana,-12.279,49.292,41.0
2013-05-20,29.1,23.0,25.4,0.0,22.7,49.0,21.21,Antsiranana,-12.279,49.292,41.0
2013-05-21,28.2,23.3,25.3,0.0,22.5,49.7,16.18,Antsiranana,-12.279,49.292,41.0
2013-05-22,30.0,22.8,25.8,0.0,21.0,46.4,20.03,Antsiranana,-12.279,49.292,41.0
2013-05-23,27.6,24.4,25.7,0.3,18.9,43.6,11.47,Antsiranana,-12.279,49.292,41.0
2013-05-24,27.6,24.0,25.4,0.4,21.5,50.0,16.77,Antsiranana,-12.279,49.292,41.0
2013-05-25,27.7,23.7,25.2,0.0,26.3,56.5,18.95,Antsiranana,-12.279,49.292,41.0
2013-05-26,27.5,23.1,24.9,0.0,28.4,60.8,19.21,Antsiranana,-12.279,49.292,41.0
2013-05-27,28.0,23.3,25.1,0.0,22.3,50.4,19.16,Antsiranana,-12.279,49.292,41.0
2013-05-28,28.0,22.9,25.1,0.0,20.8,46.1,15.98,Antsiranana,-12.279,49.292,41.0
2013-05-29,27.7,23.0,25.0,0.0,19.1,42.5,14.6,Antsiranana,-12.279,49.292,41.0
2013-05-30,28.1,22.8,24.9,0.0,16.8,40.0,20.03,Antsiranana,-12.279,49.292,41.0
2013-05-31,27.9,22.6,24.8,0.0,18.7,43.6,20.05,Antsiranana,-12.279,49.292,41.0
2013-06-01,28.4,22.5,24.9,0.0,17.1,38.9,19.08,Antsiranana,-12.279,49.292,41.0
2013-06-02,27.9,23.3,25.1,0.0,29.4,63.7,20.1,Antsiranana,-12.279,49.292,41.0
2013-06-03,27.2,22.4,24.2,0.0,31.8,68.0,20.25,Antsiranana,-12.279,49.292,41.0
2013-06-04,26.4,21.8,23.7,0.0,32.1,68.0,19.79,Antsiranana,-12.279,49.292,41.0
2013-06-05,26.3,21.8,23.6,0.0,27.9,59.4,16.88,Antsiranana,-12.279,49.292,41.0
2013-06-06,26.4,22.0,23.9,0.0,25.3,53.6,16.51,Antsiranana,-12.279,49.292,41.0
2013-06-07,26.2,21.9,23.8,0.0,28.7,60.5,19.07,Antsiranana,-12.279,49.292,41.0
2013-06-08,26.7,22.1,23.8,0.0,28.8,61.9,19.71,Antsiranana,-12.279,49.292,41.0
2013-06-09,27.6,21.8,24.2,0.0,26.3,55.4,19.38,Antsiranana,-12.279,49.292,41.0
2013-06-10,28.6,22.4,24.9,0.0,20.8,46.1,20.1,Antsiranana,-12.279,49.292,41.0
2013-06-11,27.0,22.8,24.5,0.0,29.3,60.5,10.41,Antsiranana,-12.279,49.292,41.0
2013-06-12,26.4,22.8,24.3,0.0,34.3,70.2,14.1,Antsiranana,-12.279,49.292,41.0
2013-06-13,27.8,22.4,24.5,0.0,26.9,58.3,18.33,Antsiranana,-12.279,49.292,41.0
2013-06-14,27.8,22.4,24.5,0.0,25.7,59.0,18.57,Antsiranana,-12.279,49.292,41.0
2013-06-15,27.2,22.3,24.2,0.0,20.2,46.1,17.12,Antsiranana,-12.279,49.292,41.0
2013-06-16,26.8,22.4,24.3,0.0,17.2,41.0,14.11,Antsiranana,-12.279,49.292,41.0
2013-06-17,27.1,22.0,24.3,0.0,27.6,61.6,18.06,Antsiranana,-12.279,49.292,41.0
2013-06-18,26.5,22.4,23.9,0.0,31.1,65.5,17.05,Antsiranana,-12.279,49.292,41.0
2013-06-19,26.5,21.6,23.7,0.0,29.8,63.7,19.06,Antsiranana,-12.279,49.292,41.0
2013-06-20,26.6,22.4,23.9,0.0,35.4,73.4,15.97,Antsiranana,-12.279,49.292,41.0
2013-06-21,27.0,21.9,23.9,0.0,33.4,70.6,19.56,Antsiranana,-12.279,49.292,41.0
2013-06-22,27.2,22.1,23.9,0.0,35.6,72.7,18.46,Antsiranana,-12.279,49.292,41.0
2013-06-23,27.0,22.1,23.9,0.0,30.3,65.5,19.34,Antsiranana,-12.279,49.292,41.0
2013-06-24,25.6,21.8,23.3,0.0,31.7,65.9,16.38,Antsiranana,-12.279,49.292,41.0
2013-06-25,26.2,21.4,23.4,0.0,34.1,72.0,18.13,Antsiranana,-12.279,49.292,41.0
2013-06-26,26.6,22.0,23.9,0.0,32.1,69.8,18.72,Antsiranana,-12.279,49.292,41.0
2013-06-27,26.6,22.2,23.8,0.5,20.6,50.4,12.84,Antsiranana,-12.279,49.292,41.0
2013-06-28,25.8,22.3,23.5,2.1,18.7,41.4,8.07,Antsiranana,-12.279,49.292,41.0
2013-06-29,27.4,21.6,24.1,0.0,22.0,49.3,18.95,Antsiranana,-12.279,49.292,41.0
2013-06-30,26.4,22.4,24.0,0.0,27.2,59.0,11.38,Antsiranana,-12.279,49.292,41.0
2013-07-01,27.1,21.9,24.0,0.0,22.4,49.7,18.55,Antsiranana,-12.279,49.292,41.0
2013-07-02,27.3,21.5,23.9,0.0,21.8,49.0,19.71,Antsiranana,-12.279,49.292,41.0
2013-07-03,27.0,21.5,24.0,0.0,28.1,58.0,18.18,Antsiranana,-12.279,49.292,41.0
2013-07-04,27.2,21.9,24.0,0.0,26.6,57.6,19.93,Antsiranana,-12.279,49.292,41.0
2013-07-05,26.8,21.5,23.8,0.0,22.4,50.8,20.02,Antsiranana,-12.279,49.292,41.0
2013-07-06,26.5,21.2,23.6,0.0,21.9,52.9,18.71,Antsiranana,-12.279,49.292,41.0
2013-07-07,26.9,21.3,23.6,0.0,20.9,47.9,20.51,Antsiranana,-12.279,49.292,41.0
2013-07-08,25.1,21.0,22.8,0.0,23.5,49.7,13.47,Antsiranana,-12.279,49.292,41.0
2013-07-09,26.2,21.3,23.1,0.0,23.2,49.0,16.46,Antsiranana,-12.279,49.292,41.0
2013-07-10,26.0,21.5,23.1,0.0,23.3,52.6,17.73,Antsiranana,-12.279,49.292,41.0
2013-07-11,25.9,21.0,22.6,0.0,27.4,57.2,16.68,Antsiranana,-12.279,49.292,41.0
2013-07-12,26.7,20.9,23.3,0.0,28.6,62.3,20.07,Antsiranana,-12.279,49.292,41.0
2013-07-13,27.2,21.9,24.0,0.0,26.8,60.1,16.08,Antsiranana,-12.279,49.292,41.0
2013-07-14,26.8,22.1,23.7,0.0,24.6,53.6,16.35,Antsiranana,-12.279,49.292,41.0
2013-07-15,26.2,21.6,23.6,0.0,24.8,54.4,17.12,Antsiranana,-12.279,49.292,41.0
2013-07-16,27.1,21.2,23.6,0.0,24.8,54.0,20.43,Antsiranana,-12.279,49.292,41.0
2013-07-17,27.7,21.1,23.8,0.0,16.4,35.3,20.21,Antsiranana,-12.279,49.292,41.0
2013-07-18,27.3,21.1,23.8,0.0,17.1,31.7,19.12,Antsiranana,-12.279,49.292,41.0
2013-07-19,26.9,21.8,23.7,0.0,22.8,50.4,16.97,Antsiranana,-12.279,49.292,41.0
2013-07-20,26.2,21.0,23.0,0.0,30.9,68.0,20.37,Antsiranana,-12.279,49.292,41.0
2013-07-21,27.5,21.1,23.6,0.0,24.3,55.4,20.05,Antsiranana,-12.279,49.292,41.0
2013-07-22,26.7,21.4,23.3,0.4,28.8,59.0,17.39,Antsiranana,-12.279,49.292,41.0
2013-07-23,27.1,21.1,23.5,0.0,29.3,62.3,20.9,Antsiranana,-12.279,49.292,41.0
2013-07-24,27.0,22.1,24.0,0.0,35.3,74.9,20.6,Antsiranana,-12.279,49.292,41.0
2013-07-25,27.5,21.8,23.9,0.0,29.1,61.9,21.06,Antsiranana,-12.279,49.292,41.0
2013-07-26,27.1,21.4,23.6,0.0,28.0,60.8,21.14,Antsiranana,-12.279,49.292,41.0
2013-07-27,26.4,21.5,23.5,0.0,33.8,70.6,18.36,Antsiranana,-12.279,49.292,41.0
2013-07-28,26.4,22.1,23.7,0.0,37.4,79.2,19.48,Antsiranana,-12.279,49.292,41.0
2013-07-29,27.2,21.9,24.1,0.0,27.7,60.5,20.71,Antsiranana,-12.279,49.292,41.0
2013-07-30,24.6,22.4,23.2,5.9,21.1,49.7,8.69,Antsiranana,-12.279,49.292,41.0
2013-07-31,27.1,22.5,24.2,0.0,33.9,74.2,19.0,Antsiranana,-12.279,49.292,41.0
2013-08-01,26.5,22.0,23.5,0.0,34.1,72.7,19.47,Antsiranana,-12.279,49.292,41.0
2013-08-02,26.4,20.9,22.9,0.0,33.9,71.3,21.38,Antsiranana,-12.279,49.292,41.0
2013-08-03,26.1,20.7,22.8,0.0,32.6,69.8,21.9,Antsiranana,-12.279,49.292,41.0
2013-08-04,25.5,20.2,22.5,0.0,36.1,76.0,21.6,Antsiranana,-12.279,49.292,41.0
2013-08-05,26.2,20.1,22.5,0.0,32.2,69.8,22.13,Antsiranana,-12.279,49.292,41.0
2013-08-06,25.9,20.5,22.6,0.0,32.9,69.1,21.15,Antsiranana,-12.279,49.292,41.0
2013-08-07,25.9,20.6,22.6,0.0,31.6,68.0,21.68,Antsiranana,-12.279,49.292,41.0
2013-08-08,25.9,20.4,22.8,0.0,31.5,67.7,21.4,Antsiranana,-12.279,49.292,41.0
2013-08-09,25.7,20.8,22.8,0.0,32.9,70.2,21.55,Antsiranana,-12.279,49.292,41.0
2013-08-10,25.3,20.7,22.8,0.0,36.9,76.3,20.16,Antsiranana,-12.279,49.292,41.0
2013-08-11,25.0,21.4,22.8,0.0,28.2,60.1,15.9,Antsiranana,-12.279,49.292,41.0
2013-08-12,27.5,21.2,23.7,0.0,24.2,52.9,22.78,Antsiranana,-12.279,49.292,41.0
2013-08-13,27.1,21.0,23.4,0.0,23.8,53.3,22.76,Antsiranana,-12.279,49.292,41.0
2013-08-14,26.8,20.7,23.2,0.0,25.9,56.2,22.72,Antsiranana,-12.279,49.292,41.0
2013-08-15,26.6,21.1,23.3,0.0,29.9,62.6,22.47,Antsiranana,-12.279,49.292,41.0
2013-08-16,27.6,21.1,23.9,0.0,26.5,58.3,23.12,Antsiranana,-12.279,49.292,41.0
2013-08-17,25.9,22.5,23.8,0.0,34.2,72.0,16.61,Antsiranana,-12.279,49.292,41.0
2013-08-18,26.4,21.4,23.5,0.0,27.9,59.4,21.35,Antsiranana,-12.279,49.292,41.0
2013-08-19,27.1,21.6,23.8,0.0,27.9,61.9,23.32,Antsiranana,-12.279,49.292,41.0
2013-08-20,26.7,21.9,23.7,0.0,33.9,70.9,19.03,Antsiranana,-12.279,49.292,41.0
2013-08-21,26.5,21.6,23.5,0.0,37.9,77.4,22.6,Antsiranana,-12.279,49.292,41.0
2013-08-22,25.5,21.1,22.9,0.0,34.5,74.2,18.95,Antsiranana,-12.279,49.292,41.0
2013-08-23,26.8,21.2,23.5,0.0,29.4,65.9,22.85,Antsiranana,-12.279,49.292,41.0
2013-08-24,26.5,21.4,23.5,0.0,28.9,63.0,20.07,Antsiranana,-12.279,49.292,41.0
2013-08-25,27.4,21.5,24.0,0.0,28.6,60.1,20.01,Antsiranana,-12.279,49.292,41.0
2013-08-26,27.2,21.6,23.8,0.0,29.8,68.0,23.35,Antsiranana,-12.279,49.292,41.0
2013-08-27,26.9,21.3,23.4,0.0,33.7,71.3,24.16,Antsiranana,-12.279,49.292,41.0
2013-08-28,26.4,20.9,23.2,0.0,37.5,78.5,22.31,Antsiranana,-12.279,49.292,41.0
2013-08-29,27.2,21.4,23.7,0.0,34.1,73.4,23.77,Antsiranana,-12.279,49.292,41.0
2013-08-30,27.0,21.8,23.7,0.4,30.0,66.6,21.38,Antsiranana,-12.279,49.292,41.0
2013-08-31,27.6,21.8,24.0,0.0,29.2,65.9,23.24,Antsiranana,-12.279,49.292,41.0
2013-09-01,27.4,21.9,24.0,0.0,30.2,65.5,23.62,Antsiranana,-12.279,49.292,41.0
2013-09-02,27.5,21.8,24.0,0.0,26.8,59.8,25.06,Antsiranana,-12.279,49.292,41.0
2013-09-03,28.2,21.4,24.4,0.0,20.1,47.2,25.21,Antsiranana,-12.279,49.292,41.0
2013-09-04,27.0,21.7,24.1,0.0,22.4,46.4,11.21,Antsiranana,-12.279,49.292,41.0
2013-09-05,27.8,21.9,24.1,0.0,24.6,47.9,24.06,Antsiranana,-12.279,49.292,41.0
2013-09-06,27.0,21.1,23.5,0.0,27.1,60.5,24.99,Antsiranana,-12.279,49.292,41.0
2013-09-07,26.8,21.1,23.6,0.0,30.3,64.1,25.26,Antsiranana,-12.279,49.292,41.0
2013-09-08,26.3,21.4,23.5,0.0,31.8,68.0,21.66,Antsiranana,-12.279,49.292,41.0
2013-09-09,26.0,21.8,23.7,0.0,33.8,69.5,14.07,Antsiranana,-12.279,49.292,41.0
2013-09-10,27.3,22.0,24.1,0.0,29.6,64.1,24.91,Antsiranana,-12.279,49.292,41.0
2013-09-11,27.3,21.9,24.0,0.0,31.1,67.7,25.34,Antsiranana,-12.279,49.292,41.0
2013-09-12,27.6,21.7,23.9,0.0,23.9,54.0,23.3,Antsiranana,-12.279,49.292,41.0
2013-09-13,27.8,21.7,24.2,0.0,26.7,60.1,25.68,Antsiranana,-12.279,49.292,41.0
2013-09-14,27.0,22.2,24.2,0.0,31.4,68.8,22.92,Antsiranana,-12.279,49.292,41.0
2013-09-15,27.7,21.9,24.0,0.0,31.9,69.8,24.7,Antsiranana,-12.279,49.292,41.0
2013-09-16,27.5,21.6,24.0,0.0,32.9,70.6,25.73,Antsiranana,-12.279,49.292,41.0
2013-09-17,28.2,21.8,24.2,0.0,30.8,67.3,25.65,Antsiranana,-12.279,49.292,41.0
2013-09-18,27.0,21.9,23.9,0.0,37.2,77.4,23.19,Antsiranana,-12.279,49.292,41.0
2013-09-19,27.9,21.6,24.3,0.0,30.3,65.5,25.63,Antsiranana,-12.279,49.292,41.0
2013-09-20,27.1,22.4,24.2,0.0,36.5,78.1,23.46,Antsiranana,-12.279,49.292,41.0
2013-09-21,27.4,21.9,24.1,0.0,38.5,82.4,26.41,Antsiranana,-12.279,49.292,41.0
2013-09-22,27.9,21.6,24.1,0.0,32.5,69.8,25.94,Antsiranana,-12.279,49.292,41.0
2013-09-23,27.3,22.0,24.1,0.0,31.7,68.0,24.71,Antsiranana,-12.279,49.292,41.0
2013-09-24,28.1,21.9,24.4,0.0,26.3,57.6,24.63,Antsiranana,-12.279,49.292,41.0
2013-09-25,27.9,21.9,24.2,0.0,19.1,43.9,20.04,Antsiranana,-12.279,49.292,41.0
2013-09-26,28.1,21.8,24.5,0.5,10.8,32.8,23.05,Antsiranana,-12.279,49.292,41.0
2013-09-27,27.7,22.0,24.3,0.0,25.8,56.2,26.44,Antsiranana,-12.279,49.292,41.0
2013-09-28,27.5,21.8,24.5,0.0,36.3,77.4,21.86,Antsiranana,-12.279,49.292,41.0
2013-09-29,27.7,23.2,25.1,0.0,29.0,61.9,19.18,Antsiranana,-12.279,49.292,41.0
2013-09-30,28.8,23.2,25.4,0.2,19.7,47.9,21.62,Antsiranana,-12.279,49.292,41.0
2013-10-01,28.6,23.0,24.9,0.0,33.2,73.8,26.81,Antsiranana,-12.279,49.292,41.0
2013-10-02,27.8,22.7,24.8,0.0,33.3,71.6,26.74,Antsiranana,-12.279,49.292,41.0
2013-10-03,28.0,22.4,24.8,0.0,32.5,69.8,27.4,Antsiranana,-12.279,49.292,41.0
2013-10-04,27.7,22.1,24.3,0.0,38.7,82.1,24.63,Antsiranana,-12.279,49.292,41.0
2013-10-05,26.9,22.3,24.1,0.0,39.8,83.2,22.78,Antsiranana,-12.279,49.292,41.0
2013-10-06,27.0,22.2,24.2,0.0,39.8,83.2,24.78,Antsiranana,-12.279,49.292,41.0
2013-10-07,27.5,21.9,24.2,0.0,33.0,70.6,25.74,Antsiranana,-12.279,49.292,41.0
2013-10-08,28.4,22.6,24.9,0.0,25.4,57.2,25.83,Antsiranana,-12.279,49.292,41.0
2013-10-09,29.0,22.4,25.3,0.0,22.1,49.3,26.44,Antsiranana,-12.279,49.292,41.0
2013-10-10,28.5,23.1,25.3,0.1,22.9,52.9,23.3,Antsiranana,-12.279,49.292,41.0
2013-10-11,29.1,23.2,25.5,0.1,26.0,59.8,25.6,Antsiranana,-12.279,49.292,41.0
2013-10-12,28.7,23.3,25.5,0.0,31.7,67.3,26.55,Antsiranana,-12.279,49.292,41.0
2013-10-13,28.2,23.5,25.5,0.0,29.6,64.4,23.81,Antsiranana,-12.279,49.292,41.0
2013-10-14,29.1,23.5,25.7,0.0,25.6,57.2,27.99,Antsiranana,-12.279,49.292,41.0
2013-10-15,28.2,23.0,25.2,0.0,25.0,58.7,24.0,Antsiranana,-12.279,49.292,41.0
2013-10-16,28.0,22.8,24.9,0.0,25.1,58.0,22.5,Antsiranana,-12.279,49.292,41.0
2013-10-17,28.4,23.1,25.2,0.0,30.7,65.9,25.58,Antsiranana,-12.279,49.292,41.0
2013-10-18,28.3,23.3,25.3,0.0,28.2,63.0,26.35,Antsiranana,-12.279,49.292,41.0
2013-10-19,28.4,23.3,25.1,0.0,27.8,60.8,24.58,Antsiranana,-12.279,49.292,41.0
2013-10-20,29.5,22.7,25.6,0.0,24.5,55.4,27.58,Antsiranana,-12.279,49.292,41.0
2013-10-21,27.3,23.1,25.0,0.3,27.1,59.4,21.73,Antsiranana,-12.279,49.292,41.0
2013-10-22,28.1,22.7,25.0,0.0,29.4,63.7,24.46,Antsiranana,-12.279,49.292,41.0
2013-10-23,29.1,22.6,25.5,0.0,22.0,51.1,28.5,Antsiranana,-12.279,49.292,41.0
2013-10-24,27.7,23.3,25.0,0.2,29.9,65.2,14.04,Antsiranana,-12.279,49.292,41.0
2013-10-25,28.2,23.1,25.3,0.0,33.3,72.7,25.92,Antsiranana,-12.279,49.292,41.0
2013-10-26,29.2,22.8,25.6,0.0,24.7,55.8,28.02,Antsiranana,-12.279,49.292,41.0
2013-10-27,29.4,22.8,25.7,0.0,27.1,59.8,28.67,Antsiranana,-12.279,49.292,41.0
2013-10-28,29.2,23.0,25.7,0.0,26.8,60.1,28.52,Antsiranana,-12.279,49.292,41.0
2013-10-29,29.6,23.0,25.8,0.0,30.4,66.6,26.0,Antsiranana,-12.279,49.292,41.0
2013-10-30,30.8,23.8,26.8,3.0,17.1,36.7,21.24,Antsiranana,-12.279,49.292,41.0
2013-10-31,27.1,24.2,25.3,2.2,25.2,61.2,14.29,Antsiranana,-12.279,49.292,41.0
2013-11-01,28.6,23.5,25.8,0.2,30.5,66.2,25.88,Antsiranana,-12.279,49.292,41.0
2013-11-02,27.6,23.5,25.4,0.0,27.3,60.5,24.76,Antsiranana,-12.279,49.292,41.0
2013-11-03,28.3,23.5,25.5,0.1,25.1,54.7,19.54,Antsiranana,-12.279,49.292,41.0
2013-11-04,29.0,23.6,25.9,0.0,24.4,55.1,24.55,Antsiranana,-12.279,49.292,41.0
2013-11-05,29.1,23.6,25.9,0.0,29.9,64.8,27.41,Antsiranana,-12.279,49.292,41.0
2013-11-06,29.6,23.5,25.9,0.0,27.4,61.2,28.1,Antsiranana,-12.279,49.292,41.0
2013-11-07,28.8,23.0,25.5,0.0,29.5,63.4,26.15,Antsiranana,-12.279,49.292,41.0
2013-11-08,29.7,23.6,26.2,0.0,30.3,65.9,29.07,Antsiranana,-12.279,49.292,41.0
2013-11-09,28.7,23.8,25.8,0.2,24.7,53.6,22.77,Antsiranana,-12.279,49.292,41.0
2013-11-10,29.4,23.7,26.0,0.0,22.9,49.3,24.22,Antsiranana,-12.279,49.292,41.0
2013-11-11,29.1,23.5,26.2,0.0,16.9,41.8,23.9,Antsiranana,-12.279,49.292,41.0
2013-11-12,29.5,23.7,26.4,0.0,18.9,45.0,27.58,Antsiranana,-12.279,49.292,41.0
2013-11-13,30.7,23.7,26.9,0.0,15.5,38.5,26.4,Antsiranana,-12.279,49.292,41.0
2013-11-14,30.3,24.6,26.8,1.8,19.9,47.9,22.63,Antsiranana,-12.279,49.292,41.0
2013-11-15,29.1,24.2,26.1,1.9,25.4,58.3,22.95,Antsiranana,-12.279,49.292,41.0
2013-11-16,30.0,24.5,26.7,0.0,27.9,64.4,24.22,Antsiranana,-12.279,49.292,41.0
2013-11-17,29.7,24.4,26.6,0.0,18.7,45.7,24.14,Antsiranana,-12.279,49.292,41.0
2013-11-18,28.9,24.0,26.2,0.4,22.1,48.2,21.88,Antsiranana,-12.279,49.292,41.0
2013-11-19,29.6,24.6,26.8,0.0,16.9,40.0,23.11,Antsiranana,-12.279,49.292,41.0
2013-11-20,29.1,24.3,26.2,0.6,21.1,45.4,22.76,Antsiranana,-12.279,49.292,41.0
2013-11-21,29.7,24.0,26.5,0.1,20.4,48.2,24.24,Antsiranana,-12.279,49.292,41.0
2013-11-22,30.1,24.3,26.7,0.0,16.6,41.4,25.7,Antsiranana,-12.279,49.292,41.0
2013-11-23,30.4,24.2,26.9,0.0,20.2,46.4,27.71,Antsiranana,-12.279,49.292,41.0
2013-11-24,30.2,24.1,26.7,2.3,12.7,32.0,23.08,Antsiranana,-12.279,49.292,41.0
2013-11-25,30.8,23.7,26.9,0.8,10.3,35.3,25.06,Antsiranana,-12.279,49.292,41.0
2013-11-26,29.4,23.4,26.6,1.1,10.8,29.2,23.31,Antsiranana,-12.279,49.292,41.0
2013-11-27,30.0,24.5,26.9,1.1,12.0,32.4,23.33,Antsiranana,-12.279,49.292,41.0
2013-11-28,30.1,24.3,26.9,0.5,14.8,36.7,24.5,Antsiranana,-12.279,49.292,41.0
2013-11-29,29.8,24.3,26.9,0.5,17.7,42.8,24.31,Antsiranana,-12.279,49.292,41.0
2013-11-30,30.3,25.0,27.2,0.0,22.7,51.8,26.63,Antsiranana,-12.279,49.292,41.0
2013-12-01,31.1,24.7,27.4,0.0,18.7,44.3,27.8,Antsiranana,-12.279,49.292,41.0
2013-12-02,31.0,24.8,27.2,1.5,8.9,29.2,22.53,Antsiranana,-12.279,49.292,41.0
2013-12-03,29.8,24.9,27.1,0.0,13.0,33.8,19.39,Antsiranana,-12.279,49.292,41.0
2013-12-04,29.8,24.3,26.4,4.1,16.7,39.6,19.9,Antsiranana,-12.279,49.292,41.0
2013-12-05,30.7,24.3,26.6,2.4,19.7,43.6,23.61,Antsiranana,-12.279,49.292,41.0
2013-12-06,30.3,24.8,27.3,0.8,19.5,44.6,25.31,Antsiranana,-12.279,49.292,41.0
2013-12-07,30.8,25.1,27.5,0.0,10.7,32.0,23.22,Antsiranana,-12.279,49.292,41.0
2013-12-08,29.2,24.5,26.7,2.2,14.1,38.5,20.99,Antsiranana,-12.279,49.292,41.0
2013-12-09,29.1,24.4,26.4,3.0,16.9,38.9,21.92,Antsiranana,-12.279,49.292,41.0
2013-12-10,29.4,24.2,26.6,0.5,16.9,40.3,23.47,Antsiranana,-12.279,49.292,41.0
2013-12-11,29.5,24.6,26.7,1.3,9.9,31.7,22.26,Antsiranana,-12.279,49.292,41.0
2013-12-12,29.9,24.5,26.6,2.9,10.7,32.4,21.26,Antsiranana,-12.279,49.292,41.0
2013-12-13,29.3,25.0,26.9,2.2,6.8,25.2,21.73,Antsiranana,-12.279,49.292,41.0
2013-12-14,28.0,23.8,26.0,6.5,7.6,20.5,14.95,Antsiranana,-12.279,49.292,41.0
2013-12-15,30.5,24.0,26.9,5.9,11.4,29.9,22.0,Antsiranana,-12.279,49.292,41.0
2013-12-16,29.3,23.5,26.6,3.6,12.3,24.5,19.64,Antsiranana,-12.279,49.292,41.0
2013-12-17,28.9,24.6,26.6,0.7,17.3,37.1,19.79,Antsiranana,-12.279,49.292,41.0
2013-12-18,29.8,24.7,27.0,0.6,10.7,28.8,23.03,Antsiranana,-12.279,49.292,41.0
2013-12-19,30.9,23.1,27.4,0.2,12.4,29.2,23.43,Antsiranana,-12.279,49.292,41.0
2013-12-20,29.8,24.8,27.2,2.8,11.8,24.8,20.85,Antsiranana,-12.279,49.292,41.0
2013-12-21,29.5,25.3,27.2,3.5,7.2,25.2,20.11,Antsiranana,-12.279,49.292,41.0
2013-12-22,28.2,23.8,26.0,11.4,16.1,26.6,11.34,Antsiranana,-12.279,49.292,41.0
2013-12-23,27.7,22.5,25.0,6.8,27.2,60.5,10.7,Antsiranana,-12.279,49.292,41.0
2013-12-24,28.7,22.5,25.9,5.6,19.4,43.2,19.97,Antsiranana,-12.279,49.292,41.0
2013-12-25,30.3,25.5,27.4,0.1,21.0,44.3,22.19,Antsiranana,-12.279,49.292,41.0
2013-12-26,29.8,23.9,26.2,23.6,8.4,29.9,15.02,Antsiranana,-12.279,49.292,41.0
2013-12-27,29.0,24.5,25.9,8.8,11.1,36.4,16.12,Antsiranana,-12.279,49.292,41.0
2013-12-28,29.3,24.0,25.6,23.5,8.0,30.6,16.6,Antsiranana,-12.279,49.292,41.0
2013-12-29,29.0,24.1,25.8,20.9,12.2,35.6,17.51,Antsiranana,-12.279,49.292,41.0
2013-12-30,29.3,24.9,25.9,17.6,8.7,32.8,12.14,Antsiranana,-12.279,49.292,41.0
2013-12-31,29.5,24.1,26.1,15.8,10.1,31.7,18.6,Antsiranana,-12.279,49.292,41.0
2014-01-01,28.0,24.4,25.6,7.8,17.9,36.7,16.33,Antsiranana,-12.279,49.292,41.0
2014-01-02,28.4,25.2,26.3,2.5,18.4,40.3,18.78,Antsiranana,-12.279,49.292,41.0
2014-01-03,28.7,25.0,26.5,2.8,20.3,45.7,22.01,Antsiranana,-12.279,49.292,41.0
2014-01-04,29.0,25.2,27.0,1.7,21.1,44.6,21.81,Antsiranana,-12.279,49.292,41.0
2014-01-05,29.3,25.2,26.8,0.7,15.8,39.2,20.73,Antsiranana,-12.279,49.292,41.0
2014-01-06,30.2,24.7,27.2,0.0,14.7,35.6,25.66,Antsiranana,-12.279,49.292,41.0
2014-01-07,30.1,24.6,27.2,0.8,10.9,25.9,25.27,Antsiranana,-12.279,49.292,41.0
2014-01-08,29.3,23.5,26.9,0.8,11.9,31.7,22.2,Antsiranana,-12.279,49.292,41.0
2014-01-09,31.1,25.2,27.7,0.0,15.9,36.0,28.15,Antsiranana,-12.279,49.292,41.0
2014-01-10,31.9,25.3,27.5,8.8,16.4,31.3,23.0,Antsiranana,-12.279,49.292,41.0
2014-01-11,28.6,23.9,26.1,23.6,10.2,35.3,14.44,Antsiranana,-12.279,49.292,41.0
2014-01-12,26.0,23.7,25.0,12.0,24.1,50.0,8.75,Antsiranana,-12.279,49.292,41.0
2014-01-13,27.3,23.5,25.4,14.9,14.4,29.2,13.49,Antsiranana,-12.279,49.292,41.0
2014-01-14,28.4,24.7,26.0,3.8,12.2,33.5,16.9,Antsiranana,-12.279,49.292,41.0
2014-01-15,28.6,24.9,26.4,2.8,18.9,37.8,15.79,Antsiranana,-12.279,49.292,41.0
2014-01-16,29.0,25.5,26.7,3.1,13.0,33.8,16.71,Antsiranana,-12.279,49.292,41.0
2014-01-17,28.9,24.9,26.6,6.7,12.3,31.7,18.33,Antsiranana,-12.279,49.292,41.0
2014-01-18,29.3,24.4,26.5,5.5,11.9,26.3,15.81,Antsiranana,-12.279,49.292,41.0
2014-01-19,29.8,24.4,26.7,5.7,19.8,47.5,18.89,Antsiranana,-12.279,49.292,41.0
2014-01-20,28.1,24.5,26.2,8.3,21.3,40.0,16.06,Antsiranana,-12.279,49.292,41.0
2014-01-21,25.3,23.6,24.5,53.9,17.4,32.8,5.44,Antsiranana,-12.279,49.292,41.0
2014-01-22,29.4,23.8,26.2,3.1,14.3,33.5,21.26,Antsiranana,-12.279,49.292,41.0
2014-01-23,28.0,24.3,25.7,4.5,8.7,26.3,16.23,Antsiranana,-12.279,49.292,41.0
2014-01-24,28.4,23.9,25.6,7.2,17.6,42.8,21.31,Antsiranana,-12.279,49.292,41.0
2014-01-25,27.6,23.9,25.3,3.3,24.7,49.0,21.77,Antsiranana,-12.279,49.292,41.0
2014-01-26,25.5,23.4,24.4,18.5,20.3,38.5,7.48,Antsiranana,-12.279,49.292,41.0
2014-01-27,26.6,24.2,25.2,7.5,18.2,32.0,8.82,Antsiranana,-12.279,49.292,41.0
2014-01-28,27.6,23.4,25.1,17.0,11.9,28.8,14.22,Antsiranana,-12.279,49.292,41.0
2014-01-29,27.6,24.2,25.6,6.9,17.7,38.2,14.59,Antsiranana,-12.279,49.292,41.0
2014-01-30,28.6,24.5,25.9,12.3,12.4,32.0,18.67,Antsiranana,-12.279,49.292,41.0
2014-01-31,29.4,24.1,26.4,1.8,7.7,22.3,22.44,Antsiranana,-12.279,49.292,41.0
2014-02-01,29.6,24.6,26.6,5.3,6.8,25.9,20.93,Antsiranana,-12.279,49.292,41.0
2014-02-02,29.4,24.1,26.2,12.9,8.7,25.6,18.16,Antsiranana,-12.279,49.292,41.0
2014-02-03,28.2,24.0,25.0,59.0,12.8,25.9,7.95,Antsiranana,-12.279,49.292,41.0
2014-02-04,25.9,23.8,24.4,31.1,15.4,35.3,7.09,Antsiranana,-12.279,49.292,41.0
2014-02-05,28.6,24.7,26.1,3.2,22.1,52.6,12.46,Antsiranana,-12.279,49.292,41.0
2014-02-06,28.6,25.0,26.5,4.7,20.5,50.0,17.02,Antsiranana,-12.279,49.292,41.0
2014-02-07,26.5,23.7,25.0,25.1,22.0,49.7,6.4,Antsiranana,-12.279,49.292,41.0
2014-02-08,25.6,23.7,24.6,38.1,22.8,60.1,6.03,Antsiranana,-12.279,49.292,41.0
2014-02-09,27.2,23.8,25.5,19.3,20.9,45.7,14.03,Antsiranana,-12.279,49.292,41.0
2014-02-10,28.9,23.9,25.7,14.5,20.6,46.8,16.47,Antsiranana,-12.279,49.292,41.0
2014-02-11,27.3,23.5,25.2,15.9,16.2,41.0,11.25,Antsiranana,-12.279,49.292,41.0
2014-02-12,27.2,24.3,25.4,12.0,18.9,43.6,14.76,Antsiranana,-12.279,49.292,41.0
2014-02-13,29.0,24.5,26.4,4.8,14.6,38.9,21.69,Antsiranana,-12.279,49.292,41.0
2014-02-14,28.5,24.7,26.2,7.6,15.6,34.2,18.41,Antsiranana,-12.279,49.292,41.0
2014-02-15,27.7,23.5,25.3,11.9,9.5,26.3,13.38,Antsiranana,-12.279,49.292,41.0
2014-02-16,28.3,22.9,25.2,17.2,7.9,25.2,15.52,Antsiranana,-12.279,49.292,41.0
2014-02-17,27.8,23.8,25.9,1.1,18.3,36.4,18.57,Antsiranana,-12.279,49.292,41.0
2014-02-18,28.7,25.3,26.8,0.2,18.1,42.1,23.33,Antsiranana,-12.279,49.292,41.0
2014-02-19,28.1,24.0,25.7,9.3,13.8,32.0,14.96,Antsiranana,-12.279,49.292,41.0
2014-02-20,28.3,23.0,25.5,11.5,10.5,28.8,15.88,Antsiranana,-12.279,49.292,41.0
2014-02-21,27.3,22.9,25.4,5.1,9.0,24.1,10.87,Antsiranana,-12.279,49.292,41.0
2014-02-22,26.9,23.3,24.5,33.5,14.2,29.5,10.28,Antsiranana,-12.279,49.292,41.0
2014-02-23,24.3,22.9,23.5,43.0,12.8,27.0,6.05,Antsiranana,-12.279,49.292,41.0
2014-02-24,28.2,23.7,25.5,8.2,7.6,26.6,19.98,Antsiranana,-12.279,49.292,41.0
2014-02-25,27.7,23.5,25.7,2.8,8.7,23.0,17.17,Antsiranana,-12.279,49.292,41.0
2014-02-26,28.6,24.1,26.0,6.3,9.4,26.6,19.92,Antsiranana,-12.279,49.292,41.0
2014-02-27,28.0,23.4,25.7,11.0,10.0,25.2,15.65,Antsiranana,-12.279,49.292,41.0
2014-02-28,27.7,24.5,25.7,3.1,13.3,32.4,18.06,Antsiranana,-12.279,49.292,41.0
2014-03-01,29.0,24.6,26.7,0.2,16.2,35.3,23.3,Antsiranana,-12.279,49.292,41.0
2014-03-02,28.2,24.8,26.3,0.9,22.9,49.3,22.43,Antsiranana,-12.279,49.292,41.0
2014-03-03,29.3,24.6,26.5,0.3,25.5,54.4,24.78,Antsiranana,-12.279,49.292,41.0
2014-03-04,28.3,24.4,26.0,1.0,26.6,55.4,21.87,Antsiranana,-12.279,49.292,41.0
2014-03-05,28.7,24.9,26.3,1.8,28.8,59.4,22.78,Antsiranana,-12.279,49.292,41.0
2014-03-06,27.9,24.5,25.8,2.2,24.5,53.6,19.17,Antsiranana,-12.279,49.292,41.0
2014-03-07,28.2,24.4,26.2,0.0,25.5,54.0,23.17,Antsiranana,-12.279,49.292,41.0
2014-03-08,29.0,24.4,26.4,0.1,22.3,48.6,24.46,Antsiranana,-12.279,49.292,41.0
2014-03-09,28.9,24.2,26.3,0.0,20.7,47.2,24.83,Antsiranana,-12.279,49.292,41.0
2014-03-10,28.5,24.6,26.4,0.0,24.3,51.5,23.61,Antsiranana,-12.279,49.292,41.0
2014-03-11,29.8,24.7,26.8,0.2,21.0,48.6,24.47,Antsiranana,-12.279,49.292,41.0
2014-03-12,28.8,24.6,26.2,5.8,19.2,46.8,21.18,Antsiranana,-12.279,49.292,41.0
2014-03-13,27.8,24.6,26.0,6.4,17.6,41.4,17.85,Antsiranana,-12.279,49.292,41.0
2014-03-14,27.7,24.6,25.8,2.8,18.9,41.8,19.69,Antsiranana,-12.279,49.292,41.0
2014-03-15,29.4,24.4,26.3,2.0,11.8,26.6,18.94,Antsiranana,-12.279,49.292,41.0
2014-03-16,28.3,23.7,25.8,13.0,9.5,24.1,13.33,Antsiranana,-12.279,49.292,41.0
2014-03-17,29.0,24.6,26.4,3.5,14.7,32.8,19.29,Antsiranana,-12.279,49.292,41.0
2014-03-18,28.8,25.2,26.5,2.3,16.6,37.1,18.12,Antsiranana,-12.279,49.292,41.0
2014-03-19,30.3,25.0,26.9,1.5,13.9,31.3,20.2,Antsiranana,-12.279,49.292,41.0
2014-03-20,29.5,24.8,26.8,1.5,7.1,22.7,20.47,Antsiranana,-12.279,49.292,41.0
2014-03-21,29.1,24.9,26.5,13.0,6.9,29.9,19.12,Antsiranana,-12.279,49.292,41.0
2014-03-22,28.3,24.2,25.9,9.8,10.2,41.4,9.25,Antsiranana,-12.279,49.292,41.0
2014-03-23,27.5,24.9,25.8,10.7,17.4,38.5,14.11,Antsiranana,-12.279,49.292,41.0
2014-03-24,28.0,25.0,26.0,3.5,19.3,44.6,16.3,Antsiranana,-12.279,49.292,41.0
2014-03-25,27.9,25.0,26.1,1.5,23.7,51.5,18.63,Antsiranana,-12.279,49.292,41.0
2014-03-26,25.6,24.2,24.9,12.7,16.5,32.8,4.97,Antsiranana,-12.279,49.292,41.0
2014-03-27,27.4,24.7,25.7,4.5,12.5,33.1,12.29,Antsiranana,-12.279,49.292,41.0
2014-03-28,28.6,24.6,26.3,0.0,18.7,42.5,22.25,Antsiranana,-12.279,49.292,41.0
2014-03-29,27.8,24.9,26.0,0.2,15.6,35.3,13.21,Antsiranana,-12.279,49.292,41.0
2014-03-30,28.5,24.8,26.3,0.2,22.5,46.1,22.06,Antsiranana,-12.279,49.292,41.0
2014-03-31,28.0,25.2,26.4,0.1,20.8,45.7,16.95,Antsiranana,-12.279,49.292,41.0
2014-04-01,28.3,24.6,26.2,0.0,19.9,42.5,21.98,Antsiranana,-12.279,49.292,41.0
2014-04-02,28.8,24.3,26.4,0.0,18.5,42.5,21.71,Antsiranana,-12.279,49.292,41.0
2014-04-03,29.1,25.1,26.9,0.0,17.1,41.8,22.32,Antsiranana,-12.279,49.292,41.0
2014-04-04,29.9,25.3,27.0,0.3,20.2,40.3,22.77,Antsiranana,-12.279,49.292,41.0
2014-04-05,29.5,24.9,26.9,0.0,22.7,49.3,23.53,Antsiranana,-12.279,49.292,41.0
2014-04-06,29.4,24.7,26.6,0.0,11.9,22.7,22.4,Antsiranana,-12.279,49.292,41.0
2014-04-07,29.8,24.6,27.0,0.1,21.4,46.8,21.55,Antsiranana,-12.279,49.292,41.0
2014-04-08,30.0,23.7,26.7,3.1,15.0,31.0,20.55,Antsiranana,-12.279,49.292,41.0
2014-04-09,28.6,24.6,26.1,0.0,25.8,55.4,19.56,Antsiranana,-12.279,49.292,41.0
2014-04-10,28.2,24.6,25.9,0.0,33.5,71.6,21.05,Antsiranana,-12.279,49.292,41.0
2014-04-11,28.7,24.4,25.9,0.0,31.1,65.5,24.46,Antsiranana,-12.279,49.292,41.0
2014-04-12,29.3,24.3,26.4,0.0,25.1,55.1,24.53,Antsiranana,-12.279,49.292,41.0
2014-04-13,29.2,24.3,26.2,0.0,25.6,54.0,22.54,Antsiranana,-12.279,49.292,41.0
2014-04-14,29.3,24.7,26.6,0.0,25.7,56.9,23.58,Antsiranana,-12.279,49.292,41.0
2014-04-15,29.5,24.6,26.7,0.0,20.9,48.2,22.69,Antsiranana,-12.279,49.292,41.0
2014-04-16,29.4,24.7,26.7,0.3,20.9,47.5,20.67,Antsiranana,-12.279,49.292,41.0
2014-04-17,27.1,24.0,25.2,8.9,21.9,51.1,14.35,Antsiranana,-12.279,49.292,41.0
2014-04-18,28.8,24.1,26.1,0.2,27.5,58.0,19.77,Antsiranana,-12.279,49.292,41.0
2014-04-19,28.8,24.5,26.4,0.0,25.7,58.3,20.47,Antsiranana,-12.279,49.292,41.0
2014-04-20,28.4,24.8,26.1,1.3,27.2,55.4,19.1,Antsiranana,-12.279,49.292,41.0
2014-04-21,28.5,24.4,26.2,0.0,25.2,54.4,20.17,Antsiranana,-12.279,49.292,41.0
2014-04-22,28.0,24.4,26.0,1.4,21.5,47.5,19.25,Antsiranana,-12.279,49.292,41.0
2014-04-23,28.6,24.4,26.3,0.0,23.2,51.8,20.74,Antsiranana,-12.279,49.292,41.0
2014-04-24,28.4,24.3,26.2,0.2,24.2,55.8,20.7,Antsiranana,-12.279,49.292,41.0
2014-04-25,28.8,24.5,26.4,0.0,28.1,61.6,21.36,Antsiranana,-12.279,49.292,41.0
2014-04-26,29.0,24.8,26.4,0.0,27.7,62.6,21.73,Antsiranana,-12.279,49.292,41.0
2014-04-27,28.9,24.4,26.5,0.1,21.4,48.2,20.01,Antsiranana,-12.279,49.292,41.0
2014-04-28,29.0,24.5,26.4,0.2,19.7,43.9,19.42,Antsiranana,-12.279,49.292,41.0
2014-04-29,30.2,24.1,26.6,0.0,10.1,27.4,22.68,Antsiranana,-12.279,49.292,41.0
2014-04-30,29.3,24.2,26.6,0.2,13.5,35.6,19.06,Antsiranana,-12.279,49.292,41.0
2014-05-01,29.0,24.6,26.3,0.0,31.9,69.5,20.95,Antsiranana,-12.279,49.292,41.0
2014-05-02,28.2,24.9,26.1,0.0,32.3,74.9,19.46,Antsiranana,-12.279,49.292,41.0
2014-05-03,28.7,24.4,26.1,0.0,32.9,69.1,20.41,Antsiranana,-12.279,49.292,41.0
2014-05-04,29.0,24.6,26.4,0.0,33.5,70.9,22.46,Antsiranana,-12.279,49.292,41.0
2014-05-05,27.2,24.3,25.6,0.4,32.4,66.2,16.35,Antsiranana,-12.279,49.292,41.0
2014-05-06,28.6,24.2,26.1,0.0,33.3,68.8,20.11,Antsiranana,-12.279,49.292,41.0
2014-05-07,28.5,24.3,26.0,0.0,29.1,62.6,21.27,Antsiranana,-12.279,49.292,41.0
2014-05-08,28.5,24.4,26.1,0.0,27.2,56.9,19.4,Antsiranana,-12.279,49.292,41.0
2014-05-09,28.7,24.7,26.2,0.2,22.4,51.1,18.25,Antsiranana,-12.279,49.292,41.0
2014-05-10,29.7,24.2,26.3,0.0,25.4,51.1,20.18,Antsiranana,-12.279,49.292,41.0
2014-05-11,28.5,24.6,26.2,0.0,25.7,58.3,18.06,Antsiranana,-12.279,49.292,41.0
2014-05-12,29.4,24.9,26.8,0.0,23.0,50.4,19.98,Antsiranana,-12.279,49.292,41.0
2014-05-13,29.3,24.2,26.7,0.0,11.3,26.6,16.56,Antsiranana,-12.279,49.292,41.0
2014-05-14,31.1,24.6,27.1,0.0,13.3,29.9,21.56,Antsiranana,-12.279,49.292,41.0
2014-05-15,28.5,24.3,26.3,0.0,23.3,51.5,18.12,Antsiranana,-12.279,49.292,41.0
2014-05-16,29.5,24.3,26.6,0.0,17.7,41.0,19.29,Antsiranana,-12.279,49.292,41.0
2014-05-17,28.7,24.7,26.4,0.0,25.5,54.0,16.21,Antsiranana,-12.279,49.292,41.0
2014-05-18,29.5,24.3,26.4,0.0,19.8,44.3,20.54,Antsiranana,-12.279,49.292,41.0
2014-05-19,28.8,24.0,25.9,0.0,25.9,51.1,20.02,Antsiranana,-12.279,49.292,41.0
2014-05-20,27.4,23.5,25.1,0.0,31.4,63.4,18.17,Antsiranana,-12.279,49.292,41.0
2014-05-21,28.7,23.3,25.5,0.0,27.0,57.6,21.03,Antsiranana,-12.279,49.292,41.0
2014-05-22,28.8,23.3,25.7,0.0,22.7,49.0,21.05,Antsiranana,-12.279,49.292,41.0
2014-05-23,28.1,23.4,25.4,0.0,33.0,70.2,20.41,Antsiranana,-12.279,49.292,41.0
2014-05-24,28.1,23.5,25.3,0.0,39.6,81.4,20.33,Antsiranana,-12.279,49.292,41.0
2014-05-25,27.2,23.1,24.5,0.0,41.5,85.7,19.91,Antsiranana,-12.279,49.292,41.0
2014-05-26,27.2,22.5,24.4,0.0,29.6,63.4,19.04,Antsiranana,-12.279,49.292,41.0
2014-05-27,27.6,22.7,24.7,0.0,17.6,34.9,14.08,Antsiranana,-12.279,49.292,41.0
2014-05-28,27.7,22.7,24.8,0.0,21.1,48.2,19.61,Antsiranana,-12.279,49.292,41.0
2014-05-29,27.7,22.8,25.0,0.0,29.9,60.8,20.53,Antsiranana,-12.279,49.292,41.0
2014-05-30,28.4,23.2,25.7,0.1,27.1,59.8,18.51,Antsiranana,-12.279,49.292,41.0
2014-05-31,28.9,24.6,26.2,0.0,29.1,62.3,19.11,Antsiranana,-12.279,49.292,41.0
2014-06-01,26.9,23.4,24.9,2.4,29.2,59.8,8.2,Antsiranana,-12.279,49.292,41.0
2014-06-02,28.0,23.8,25.3,0.0,27.9,61.6,19.31,Antsiranana,-12.279,49.292,41.0
2014-06-03,27.3,23.3,24.9,0.0,24.8,49.3,17.33,Antsiranana,-12.279,49.292,41.0
2014-06-04,27.6,22.9,24.7,0.0,28.2,59.4,18.36,Antsiranana,-12.279,49.292,41.0
2014-06-05,27.3,23.0,24.7,0.0,30.6,63.7,16.92,Antsiranana,-12.279,49.292,41.0
2014-06-06,26.1,22.6,23.8,1.5,24.5,52.9,16.15,Antsiranana,-12.279,49.292,41.0
2014-06-07,27.9,22.1,24.4,0.0,25.4,55.4,18.65,Antsiranana,-12.279,49.292,41.0
2014-06-08,25.9,23.3,24.3,0.0,28.9,63.0,8.97,Antsiranana,-12.279,49.292,41.0
2014-06-09,27.3,23.5,24.9,0.0,30.7,65.5,18.18,Antsiranana,-12.279,49.292,41.0
2014-06-10,27.2,22.6,24.6,0.0,31.8,67.0,18.06,Antsiranana,-12.279,49.292,41.0
2014-06-11,27.5,22.6,24.7,0.0,26.0,55.1,19.77,Antsiranana,-12.279,49.292,41.0
2014-06-12,27.3,22.0,24.2,0.0,25.3,52.9,18.87,Antsiranana,-12.279,49.292,41.0
2014-06-13,27.4,22.4,24.4,0.0,26.9,57.6,19.85,Antsiranana,-12.279,49.292,41.0
2014-06-14,27.3,22.4,24.3,0.0,28.1,61.9,18.56,Antsiranana,-12.279,49.292,41.0
2014-06-15,27.4,22.6,24.8,0.4,24.5,52.9,15.39,Antsiranana,-12.279,49.292,41.0
2014-06-16,28.2,23.0,25.2,0.0,13.9,32.0,17.37,Antsiranana,-12.279,49.292,41.0
2014-06-17,27.3,22.7,24.8,0.2,23.2,48.2,14.9,Antsiranana,-12.279,49.292,41.0
2014-06-18,28.1,23.1,25.2,0.0,26.6,57.2,18.67,Antsiranana,-12.279,49.292,41.0
2014-06-19,27.7,22.8,24.9,0.0,24.3,54.0,18.82,Antsiranana,-12.279,49.292,41.0
2014-06-20,28.5,23.2,25.4,0.0,21.7,52.9,19.02,Antsiranana,-12.279,49.292,41.0
2014-06-21,27.7,23.2,25.0,0.0,33.1,70.6,17.72,Antsiranana,-12.279,49.292,41.0
2014-06-22,26.5,22.7,24.1,0.0,36.4,75.6,16.67,Antsiranana,-12.279,49.292,41.0
2014-06-23,27.0,22.6,24.3,0.0,33.1,69.8,19.38,Antsiranana,-12.279,49.292,41.0
2014-06-24,27.0,23.0,24.4,0.0,33.3,68.8,16.82,Antsiranana,-12.279,49.292,41.0
2014-06-25,27.2,22.4,24.3,0.0,31.7,67.7,19.41,Antsiranana,-12.279,49.292,41.0
2014-06-26,27.2,22.5,24.4,0.0,29.0,61.6,19.58,Antsiranana,-12.279,49.292,41.0
2014-06-27,26.6,22.4,24.0,0.0,27.5,59.0,16.3,Antsiranana,-12.279,49.292,41.0
2014-06-28,26.8,21.7,23.9,0.0,29.7,63.0,19.95,Antsiranana,-12.279,49.292,41.0
2014-06-29,27.4,21.8,24.4,0.0,21.8,47.5,18.8,Antsiranana,-12.279,49.292,41.0
2014-06-30,27.3,22.6,24.4,0.0,29.5,63.7,18.82,Antsiranana,-12.279,49.292,41.0
2014-07-01,27.2,22.2,24.2,0.0,28.1,61.2,19.61,Antsiranana,-12.279,49.292,41.0
2014-07-02,27.4,22.0,24.1,0.0,28.9,64.4,18.74,Antsiranana,-12.279,49.292,41.0
2014-07-03,26.8,22.4,24.0,0.0,33.1,70.9,19.69,Antsiranana,-12.279,49.292,41.0
2014-07-04,26.8,21.9,23.8,0.0,33.4,72.4,19.5,Antsiranana,-12.279,49.292,41.0
2014-07-05,26.5,21.7,23.6,0.0,36.4,74.9,19.11,Antsiranana,-12.279,49.292,41.0
2014-07-06,26.8,21.5,23.7,0.0,30.5,65.5,19.96,Antsiranana,-12.279,49.292,41.0
2014-07-07,27.0,21.7,23.7,0.0,25.8,55.8,19.18,Antsiranana,-12.279,49.292,41.0
2014-07-08,27.7,21.3,24.0,0.0,13.8,32.8,17.97,Antsiranana,-12.279,49.292,41.0
2014-07-09,28.2,22.2,24.4,0.0,8.0,27.4,14.89,Antsiranana,-12.279,49.292,41.0
2014-07-10,27.5,22.5,24.4,0.0,25.1,53.3,18.04,Antsiranana,-12.279,49.292,41.0
2014-07-11,25.1,21.9,23.2,0.0,31.9,69.1,12.05,Antsiranana,-12.279,49.292,41.0
2014-07-12,26.1,21.6,23.3,0.0,33.4,69.8,19.43,Antsiranana,-12.279,49.292,41.0
2014-07-13,25.9,21.6,23.4,0.0,25.9,52.9,6.6,Antsiranana,-12.279,49.292,41.0
2014-07-14,25.8,21.7,23.4,3.2,20.7,46.4,8.34,Antsiranana,-12.279,49.292,41.0
2014-07-15,26.6,22.8,24.3,0.0,26.1,57.6,15.29,Antsiranana,-12.279,49.292,41.0
2014-07-16,25.5,22.4,23.7,0.0,31.0,65.5,14.95,Antsiranana,-12.279,49.292,41.0
2014-07-17,26.9,21.9,23.9,0.0,32.3,68.4,20.04,Antsiranana,-12.279,49.292,41.0
2014-07-18,25.2,22.2,23.4,0.0,34.0,69.5,13.84,Antsiranana,-12.279,49.292,41.0
2014-07-19,26.7,22.0,24.0,0.0,32.1,66.6,16.85,Antsiranana,-12.279,49.292,41.0
2014-07-20,26.4,22.3,23.9,0.2,27.8,56.9,15.3,Antsiranana,-12.279,49.292,41.0
2014-07-21,26.8,22.6,24.3,0.0,23.7,53.3,16.6,Antsiranana,-12.279,49.292,41.0
2014-07-22,27.4,22.5,24.5,0.0,24.2,53.3,18.5,Antsiranana,-12.279,49.292,41.0
2014-07-23,27.9,22.3,24.5,0.0,24.8,53.3,20.37,Antsiranana,-12.279,49.292,41.0
2014-07-24,27.0,22.3,24.2,0.0,23.0,53.6,18.72,Antsiranana,-12.279,49.292,41.0
2014-07-25,25.4,22.1,23.2,1.4,23.2,54.7,15.94,Antsiranana,-12.279,49.292,41.0
2014-07-26,25.8,22.0,23.4,0.5,30.1,63.7,16.93,Antsiranana,-12.279,49.292,41.0
2014-07-27,27.0,21.8,23.9,0.0,30.8,63.4,18.71,Antsiranana,-12.279,49.292,41.0
2014-07-28,25.8,22.6,23.8,0.5,25.1,56.9,13.53,Antsiranana,-12.279,49.292,41.0
2014-07-29,27.5,22.5,24.4,0.0,27.2,61.2,21.0,Antsiranana,-12.279,49.292,41.0
2014-07-30,27.0,22.0,23.9,0.0,36.6,76.3,20.8,Antsiranana,-12.279,49.292,41.0
2014-07-31,26.6,21.6,23.4,0.0,34.9,70.9,20.46,Antsiranana,-12.279,49.292,41.0
2014-08-01,27.1,21.9,24.0,0.0,28.9,61.6,19.68,Antsiranana,-12.279,49.292,41.0
2014-08-02,27.0,22.2,24.2,0.0,20.7,46.8,18.5,Antsiranana,-12.279,49.292,41.0
2014-08-03,27.1,22.1,24.0,0.0,30.2,64.8,21.61,Antsiranana,-12.279,49.292,41.0
2014-08-04,26.5,21.7,23.4,0.0,33.1,70.9,19.78,Antsiranana,-12.279,49.292,41.0
2014-08-05,25.3,21.6,23.0,0.0,34.2,71.3,16.13,Antsiranana,-12.279,49.292,41.0
2014-08-06,26.6,21.7,23.7,0.0,33.2,71.6,21.36,Antsiranana,-12.279,49.292,41.0
2014-08-07,26.6,22.0,23.9,0.0,29.4,61.9,18.76,Antsiranana,-12.279,49.292,41.0
2014-08-08,26.9,21.6,23.7,0.0,29.9,64.8,21.54,Antsiranana,-12.279,49.292,41.0
2014-08-09,26.8,21.4,23.6,0.0,31.3,68.8,20.26,Antsiranana,-12.279,49.292,41.0
2014-08-10,26.8,21.5,23.6,0.0,30.3,65.2,21.78,Antsiranana,-12.279,49.292,41.0
2014-08-11,26.9,21.5,23.6,0.0,29.0,63.4,21.48,Antsiranana,-12.279,49.292,41.0
2014-08-12,26.7,21.4,23.4,0.0,32.8,70.6,22.76,Antsiranana,-12.279,49.292,41.0
2014-08-13,26.9,20.9,23.4,0.0,31.4,67.0,22.95,Antsiranana,-12.279,49.292,41.0
2014-08-14,27.4,21.9,23.9,0.0,28.4,62.3,22.37,Antsiranana,-12.279,49.292,41.0
2014-08-15,26.6,21.4,23.3,0.0,32.7,70.2,21.39,Antsiranana,-12.279,49.292,41.0
2014-08-16,27.0,21.3,23.5,0.0,31.1,66.6,22.68,Antsiranana,-12.279,49.292,41.0
2014-08-17,26.7,21.6,23.4,0.0,30.4,66.2,22.47,Antsiranana,-12.279,49.292,41.0
2014-08-18,25.0,21.2,22.9,0.0,36.2,76.0,20.36,Antsiranana,-12.279,49.292,41.0
2014-08-19,27.3,21.1,23.7,0.0,30.0,63.4,22.65,Antsiranana,-12.279,49.292,41.0
2014-08-20,26.9,22.1,23.9,0.0,32.6,70.6,20.66,Antsiranana,-12.279,49.292,41.0
2014-08-21,26.7,21.6,23.6,0.0,29.2,65.5,22.15,Antsiranana,-12.279,49.292,41.0
2014-08-22,26.9,21.8,23.8,0.0,22.5,52.6,22.87,Antsiranana,-12.279,49.292,41.0
2014-08-23,27.4,21.2,23.7,0.0,18.6,45.4,23.41,Antsiranana,-12.279,49.292,41.0
2014-08-24,28.6,21.0,24.4,0.0,13.0,31.0,23.15,Antsiranana,-12.279,49.292,41.0
2014-08-25,26.1,22.8,24.1,8.1,19.6,42.8,4.96,Antsiranana,-12.279,49.292,41.0
2014-08-26,28.0,23.1,25.1,0.6,14.9,39.2,18.98,Antsiranana,-12.279,49.292,41.0
2014-08-27,27.0,22.9,24.6,2.4,27.8,59.8,17.7,Antsiranana,-12.279,49.292,41.0
2014-08-28,26.2,22.8,24.1,2.5,28.5,62.6,16.67,Antsiranana,-12.279,49.292,41.0
2014-08-29,26.9,22.5,24.2,0.0,29.8,62.6,20.51,Antsiranana,-12.279,49.292,41.0
2014-08-30,26.4,22.0,23.8,0.0,32.2,68.0,24.28,Antsiranana,-12.279,49.292,41.0
2014-08-31,27.6,21.5,24.0,0.0,24.7,52.6,24.62,Antsiranana,-12.279,49.292,41.0
2014-09-01,27.3,21.3,23.7,0.0,18.1,35.3,21.88,Antsiranana,-12.279,49.292,41.0
2014-09-02,26.2,21.2,23.5,0.0,16.5,37.1,19.32,Antsiranana,-12.279,49.292,41.0
2014-09-03,26.9,21.9,23.8,0.0,25.4,51.1,22.57,Antsiranana,-12.279,49.292,41.0
2014-09-04,27.5,21.7,24.0,0.0,28.1,61.2,22.59,Antsiranana,-12.279,49.292,41.0
2014-09-05,25.2,21.1,22.9,0.0,39.0,81.0,21.89,Antsiranana,-12.279,49.292,41.0
2014-09-06,25.5,21.2,22.9,0.0,41.2,83.5,21.39,Antsiranana,-12.279,49.292,41.0
2014-09-07,26.6,21.1,23.4,0.0,33.3,72.4,24.07,Antsiranana,-12.279,49.292,41.0
2014-09-08,26.9,21.4,23.7,0.0,31.8,68.4,24.71,Antsiranana,-12.279,49.292,41.0
2014-09-09,26.8,21.6,23.7,0.0,31.9,67.0,23.78,Antsiranana,-12.279,49.292,41.0
2014-09-10,26.6,21.2,23.5,0.0,33.1,70.6,25.52,Antsiranana,-12.279,49.292,41.0
2014-09-11,27.0,21.4,23.7,0.0,29.3,61.6,23.68,Antsiranana,-12.279,49.292,41.0
2014-09-12,25.7,21.4,23.2,0.0,31.4,67.7,19.91,Antsiranana,-12.279,49.292,41.0
2014-09-13,25.9,22.3,23.9,0.0,32.9,70.9,16.58,Antsiranana,-12.279,49.292,41.0
2014-09-14,27.1,22.2,24.2,0.0,35.8,75.6,25.23,Antsiranana,-12.279,49.292,41.0
2014-09-15,26.7,22.5,24.1,0.0,38.1,81.0,23.66,Antsiranana,-12.279,49.292,41.0
2014-09-16,26.8,21.9,23.8,0.0,34.7,72.7,25.44,Antsiranana,-12.279,49.292,41.0
2014-09-17,26.9,21.5,23.8,0.0,30.6,65.9,26.14,Antsiranana,-12.279,49.292,41.0
2014-09-18,27.4,21.1,24.0,0.0,31.1,66.2,26.1,Antsiranana,-12.279,49.292,41.0
2014-09-19,27.1,22.0,23.8,0.0,34.9,74.9,24.86,Antsiranana,-12.279,49.292,41.0
2014-09-20,27.7,21.5,24.1,0.0,27.4,60.5,26.5,Antsiranana,-12.279,49.292,41.0
2014-09-21,26.7,21.5,23.9,0.0,27.1,58.0,19.95,Antsiranana,-12.279,49.292,41.0
2014-09-22,27.7,22.2,24.3,0.0,19.5,44.6,20.04,Antsiranana,-12.279,49.292,41.0
2014-09-23,27.8,22.0,24.4,0.0,28.7,65.5,25.56,Antsiranana,-12.279,49.292,41.0
2014-09-24,27.9,22.1,24.5,0.0,26.6,58.3,25.28,Antsiranana,-12.279,49.292,41.0
2014-09-25,27.7,21.8,24.3,0.0,30.4,70.2,26.31,Antsiranana,-12.279,49.292,41.0
2014-09-26,27.8,22.0,24.4,0.0,25.4,58.0,25.57,Antsiranana,-12.279,49.292,41.0
2014-09-27,28.2,21.8,24.5,0.0,28.2,64.4,26.19,Antsiranana,-12.279,49.292,41.0
2014-09-28,28.4,22.4,25.0,0.0,27.7,61.9,23.68,Antsiranana,-12.279,49.292,41.0
2014-09-29,28.3,22.8,25.0,0.0,26.0,59.8,24.5,Antsiranana,-12.279,49.292,41.0
2014-09-30,28.4,22.5,24.8,0.0,30.8,65.9,25.25,Antsiranana,-12.279,49.292,41.0
2014-10-01,27.7,22.7,24.9,0.0,31.3,67.0,23.0,Antsiranana,-12.279,49.292,41.0
2014-10-02,27.4,22.8,24.7,0.0,28.3,60.8,19.21,Antsiranana,-12.279,49.292,41.0
2014-10-03,28.4,22.8,25.0,0.0,17.7,45.4,24.82,Antsiranana,-12.279,49.292,41.0
2014-10-04,28.6,22.6,25.0,0.0,14.1,37.4,23.98,Antsiranana,-12.279,49.292,41.0
2014-10-05,28.9,22.4,25.2,0.0,25.8,58.0,27.34,Antsiranana,-12.279,49.292,41.0
2014-10-06,28.5,22.7,25.1,0.0,25.4,58.7,26.04,Antsiranana,-12.279,49.292,41.0
2014-10-07,28.8,23.1,25.5,0.0,24.6,54.7,26.81,Antsiranana,-12.279,49.292,41.0
2014-10-08,28.6,23.6,25.7,0.4,23.3,52.6,22.42,Antsiranana,-12.279,49.292,41.0
2014-10-09,28.2,24.0,25.6,0.0,32.1,69.5,24.25,Antsiranana,-12.279,49.292,41.0
2014-10-10,27.7,22.8,25.2,0.1,33.3,72.4,21.7,Antsiranana,-12.279,49.292,41.0
2014-10-11,29.1,22.9,25.4,0.0,28.5,61.6,27.66,Antsiranana,-12.279,49.292,41.0
2014-10-12,27.5,22.7,24.8,0.0,33.7,70.9,23.75,Antsiranana,-12.279,49.292,41.0
2014-10-13,28.0,22.5,24.7,0.0,30.3,64.4,25.3,Antsiranana,-12.279,49.292,41.0
2014-10-14,28.4,22.3,25.1,0.0,21.3,49.0,23.89,Antsiranana,-12.279,49.292,41.0
2014-10-15,28.9,22.3,25.3,0.0,11.2,32.4,21.93,Antsiranana,-12.279,49.292,41.0
2014-10-16,28.8,22.2,25.5,0.0,14.1,37.1,25.32,Antsiranana,-12.279,49.292,41.0
2014-10-17,28.6,23.5,25.8,0.8,14.9,37.4,18.97,Antsiranana,-12.279,49.292,41.0
2014-10-18,28.5,23.7,25.8,0.1,19.9,45.7,23.31,Antsiranana,-12.279,49.292,41.0
2014-10-19,29.3,22.9,25.5,0.0,24.7,54.0,27.42,Antsiranana,-12.279,49.292,41.0
2014-10-20,28.6,23.0,25.6,0.1,17.9,42.8,22.91,Antsiranana,-12.279,49.292,41.0
2014-10-21,28.3,23.4,25.6,0.3,12.6,33.1,19.86,Antsiranana,-12.279,49.292,41.0
2014-10-22,29.3,23.5,25.7,0.0,13.6,35.6,22.36,Antsiranana,-12.279,49.292,41.0
2014-10-23,28.8,22.7,25.4,0.1,21.5,49.3,26.03,Antsiranana,-12.279,49.292,41.0
2014-10-24,28.6,23.3,25.7,0.5,19.4,44.6,23.68,Antsiranana,-12.279,49.292,41.0
2014-10-25,28.8,23.0,25.6,0.0,18.2,43.6,24.41,Antsiranana,-12.279,49.292,41.0
2014-10-26,30.3,23.6,26.3,0.0,18.1,38.5,27.07,Antsiranana,-12.279,49.292,41.0
2014-10-27,30.1,23.7,26.5,0.4,10.7,32.0,27.23,Antsiranana,-12.279,49.292,41.0
2014-10-28,29.6,23.7,26.2,0.4,17.7,44.3,24.62,Antsiranana,-12.279,49.292,41.0
2014-10-29,29.0,24.2,26.0,0.4,29.6,68.8,25.54,Antsiranana,-12.279,49.292,41.0
2014-10-30,28.4,24.1,25.8,0.0,34.9,74.5,25.18,Antsiranana,-12.279,49.292,41.0
2014-10-31,27.8,23.6,25.4,0.0,33.5,71.6,23.04,Antsiranana,-12.279,49.292,41.0
2014-11-01,28.9,23.3,25.7,0.0,29.9,64.1,27.81,Antsiranana,-12.279,49.292,41.0
2014-11-02,28.9,23.3,25.7,0.2,25.3,52.2,24.31,Antsiranana,-12.279,49.292,41.0
2014-11-03,29.3,23.5,25.9,0.0,15.9,39.6,24.55,Antsiranana,-12.279,49.292,41.0
2014-11-04,29.4,23.8,26.1,0.0,25.5,50.0,22.36,Antsiranana,-12.279,49.292,41.0
2014-11-05,29.1,23.6,25.8,0.0,33.0,73.1,28.21,Antsiranana,-12.279,49.292,41.0
2014-11-06,29.6,23.8,26.3,0.0,27.1,60.5,26.67,Antsiranana,-12.279,49.292,41.0
2014-11-07,30.1,24.0,26.6,0.0,12.8,32.4,24.69,Antsiranana,-12.279,49.292,41.0
2014-11-08,30.0,23.9,26.6,0.0,14.6,38.9,26.17,Antsiranana,-12.279,49.292,41.0
2014-11-09,28.7,24.3,26.1,0.0,25.2,56.9,22.37,Antsiranana,-12.279,49.292,41.0
2014-11-10,28.8,24.1,26.2,0.0,22.8,51.8,23.07,Antsiranana,-12.279,49.292,41.0
2014-11-11,29.6,24.3,26.4,0.0,20.0,46.1,28.28,Antsiranana,-12.279,49.292,41.0
2014-11-12,29.7,23.6,26.2,0.0,22.9,53.6,27.13,Antsiranana,-12.279,49.292,41.0
2014-11-13,29.7,23.9,26.4,0.0,30.4,65.2,28.68,Antsiranana,-12.279,49.292,41.0
2014-11-14,28.2,24.0,25.9,0.0,31.4,68.4,22.29,Antsiranana,-12.279,49.292,41.0
2014-11-15,29.3,23.7,26.1,0.0,29.5,64.4,26.84,Antsiranana,-12.279,49.292,41.0
2014-11-16,29.1,23.7,26.2,0.0,26.1,57.2,22.27,Antsiranana,-12.279,49.292,41.0
2014-11-17,30.2,23.7,26.5,0.0,18.1,42.8,28.6,Antsiranana,-12.279,49.292,41.0
2014-11-18,29.2,24.1,26.2,0.0,21.5,48.6,20.28,Antsiranana,-12.279,49.292,41.0
2014-11-19,30.6,24.0,26.7,0.0,15.4,39.6,27.07,Antsiranana,-12.279,49.292,41.0
2014-11-20,29.2,24.1,26.4,1.1,11.2,26.3,20.1,Antsiranana,-12.279,49.292,41.0
2014-11-21,29.6,24.7,26.6,2.5,10.6,30.6,19.95,Antsiranana,-12.279,49.292,41.0
2014-11-22,30.7,24.5,26.9,0.0,12.2,34.9,25.92,Antsiranana,-12.279,49.292,41.0
2014-11-23,31.9,24.6,27.8,0.0,15.9,37.8,26.95,Antsiranana,-12.279,49.292,41.0
2014-11-24,29.0,24.8,26.8,0.4,26.4,60.1,19.99,Antsiranana,-12.279,49.292,41.0
2014-11-25,29.1,24.3,26.4,0.3,24.8,55.4,23.91,Antsiranana,-12.279,49.292,41.0
2014-11-26,30.4,24.5,26.9,1.1,17.6,41.4,25.77,Antsiranana,-12.279,49.292,41.0
2014-11-27,29.2,24.4,27.0,1.5,9.8,32.0,18.58,Antsiranana,-12.279,49.292,41.0
2014-11-28,31.1,25.3,28.0,0.5,17.2,42.1,23.88,Antsiranana,-12.279,49.292,41.0
2014-11-29,29.6,24.1,26.7,3.2,8.2,23.4,18.73,Antsiranana,-12.279,49.292,41.0
2014-11-30,28.0,22.9,25.8,9.4,7.9,21.2,12.01,Antsiranana,-12.279,49.292,41.0
2014-12-01,29.8,24.8,27.0,0.9,13.8,36.0,22.94,Antsiranana,-12.279,49.292,41.0
2014-12-02,30.7,24.3,27.2,0.0,16.0,40.7,28.41,Antsiranana,-12.279,49.292,41.0
2014-12-03,31.0,23.8,27.4,0.0,12.4,35.3,28.09,Antsiranana,-12.279,49.292,41.0
2014-12-04,31.4,23.3,27.4,0.3,9.7,32.0,27.11,Antsiranana,-12.279,49.292,41.0
2014-12-05,31.0,24.5,27.7,0.1,8.0,25.9,25.6,Antsiranana,-12.279,49.292,41.0
2014-12-06,30.6,25.2,27.6,0.1,12.8,34.6,25.74,Antsiranana,-12.279,49.292,41.0
2014-12-07,30.1,24.7,27.1,0.0,14.8,35.6,24.58,Antsiranana,-12.279,49.292,41.0
2014-12-08,28.6,24.2,26.2,2.2,15.9,40.0,20.75,Antsiranana,-12.279,49.292,41.0
2014-12-09,29.9,24.3,26.9,0.0,17.4,41.8,21.55,Antsiranana,-12.279,49.292,41.0
2014-12-10,30.2,24.1,26.7,0.0,23.4,52.9,25.1,Antsiranana,-12.279,49.292,41.0
2014-12-11,30.5,24.2,27.1,0.0,20.8,49.0,26.06,Antsiranana,-12.279,49.292,41.0
2014-12-12,30.1,24.4,27.0,0.0,21.9,49.0,25.37,Antsiranana,-12.279,49.292,41.0
2014-12-13,29.5,24.4,26.6,0.3,16.9,40.7,22.25,Antsiranana,-12.279,49.292,41.0
2014-12-14,30.1,24.4,27.1,0.2,15.3,37.8,23.81,Antsiranana,-12.279,49.292,41.0
2014-12-15,30.2,24.5,27.1,0.4,17.9,45.4,25.2,Antsiranana,-12.279,49.292,41.0
2014-12-16,30.3,25.2,27.7,0.1,12.6,33.1,24.02,Antsiranana,-12.279,49.292,41.0
2014-12-17,31.2,25.0,27.7,1.0,10.5,29.2,23.83,Antsiranana,-12.279,49.292,41.0
2014-12-18,30.8,24.1,27.3,5.8,12.2,33.8,20.38,Antsiranana,-12.279,49.292,41.0
2014-12-19,30.7,25.6,27.8,1.2,17.3,41.4,22.45,Antsiranana,-12.279,49.292,41.0
2014-12-20,30.9,25.6,27.6,3.4,17.4,40.3,21.55,Antsiranana,-12.279,49.292,41.0
2014-12-21,30.3,24.7,27.7,1.2,17.3,42.1,22.54,Antsiranana,-12.279,49.292,41.0
2014-12-22,30.9,25.5,28.0,0.5,13.3,37.1,22.43,Antsiranana,-12.279,49.292,41.0
2014-12-23,31.3,24.5,27.7,0.2,7.0,24.1,24.22,Antsiranana,-12.279,49.292,41.0
2014-12-24,31.2,25.4,28.0,0.2,11.8,32.4,25.15,Antsiranana,-12.279,49.292,41.0
2014-12-25,31.0,24.5,28.0,0.6,9.9,28.4,22.9,Antsiranana,-12.279,49.292,41.0
2014-12-26,29.1,24.8,26.5,21.8,8.0,22.0,14.0,Antsiranana,-12.279,49.292,41.0
2014-12-27,28.3,24.7,26.1,5.4,11.2,29.9,14.34,Antsiranana,-12.279,49.292,41.0
2014-12-28,26.8,23.6,24.7,13.1,9.6,27.0,7.22,Antsiranana,-12.279,49.292,41.0
2014-12-29,30.0,22.9,26.4,2.2,9.8,34.2,22.85,Antsiranana,-12.279,49.292,41.0
2014-12-30,30.4,23.6,27.3,1.1,16.0,38.2,24.02,Antsiranana,-12.279,49.292,41.0
2014-12-31,30.2,25.7,27.5,1.7,15.3,37.1,20.43,Antsiranana,-12.279,49.292,41.0
2015-01-01,30.1,25.7,27.5,3.4,18.0,40.7,21.3,Antsiranana,-12.279,49.292,41.0
2015-01-02,30.6,25.5,27.4,1.6,16.6,37.1,19.48,Antsiranana,-12.279,49.292,41.0
2015-01-03,30.5,25.3,27.7,0.4,18.5,42.1,22.74,Antsiranana,-12.279,49.292,41.0
2015-01-04,30.4,25.2,27.3,6.8,21.3,47.9,21.69,Antsiranana,-12.279,49.292,41.0
2015-01-05,29.9,25.2,26.7,11.8,20.3,43.6,20.73,Antsiranana,-12.279,49.292,41.0
2015-01-06,29.2,24.8,26.4,7.5,20.6,43.9,19.29,Antsiranana,-12.279,49.292,41.0
2015-01-07,26.4,23.7,24.9,26.8,20.9,41.4,7.19,Antsiranana,-12.279,49.292,41.0
2015-01-08,29.5,24.4,26.5,9.4,20.1,43.9,19.94,Antsiranana,-12.279,49.292,41.0
2015-01-09,27.9,24.6,26.2,2.9,16.9,39.2,11.4,Antsiranana,-12.279,49.292,41.0
2015-01-10,28.9,25.2,26.5,4.0,21.4,43.9,14.32,Antsiranana,-12.279,49.292,41.0
2015-01-11,27.0,25.5,26.2,14.9,15.6,33.1,7.98,Antsiranana,-12.279,49.292,41.0
2015-01-12,28.8,24.8,26.7,3.9,21.3,44.6,20.47,Antsiranana,-12.279,49.292,41.0
2015-01-13,30.1,25.7,27.4,0.0,21.2,46.8,25.78,Antsiranana,-12.279,49.292,41.0
2015-01-14,29.8,25.6,27.2,0.3,23.7,50.0,24.32,Antsiranana,-12.279,49.292,41.0
2015-01-15,28.9,25.7,27.1,0.6,23.4,50.4,19.82,Antsiranana,-12.279,49.292,41.0
2015-01-16,29.1,25.8,27.1,1.2,25.7,55.4,19.91,Antsiranana,-12.279,49.292,41.0
2015-01-17,28.9,26.0,27.2,0.2,27.5,57.2,19.72,Antsiranana,-12.279,49.292,41.0
2015-01-18,28.7,25.8,27.0,1.7,26.3,56.2,19.6,Antsiranana,-12.279,49.292,41.0
2015-01-19,28.4,25.2,26.4,3.5,22.1,54.0,19.21,Antsiranana,-12.279,49.292,41.0
2015-01-20,27.6,24.6,26.1,9.4,21.4,47.9,14.68,Antsiranana,-12.279,49.292,41.0
2015-01-21,27.9,24.3,25.9,6.9,16.9,42.8,15.03,Antsiranana,-12.279,49.292,41.0
2015-01-22,28.3,25.0,26.5,5.8,21.7,44.3,16.54,Antsiranana,-12.279,49.292,41.0
2015-01-23,26.1,24.4,25.1,19.5,21.2,48.2,10.77,Antsiranana,-12.279,49.292,41.0
2015-01-24,27.2,23.8,25.2,4.9,14.1,28.8,11.51,Antsiranana,-12.279,49.292,41.0
2015-01-25,29.1,23.1,26.0,4.5,20.2,43.9,20.81,Antsiranana,-12.279,49.292,41.0
2015-01-26,28.4,25.0,26.4,2.4,21.3,45.7,20.04,Antsiranana,-12.279,49.292,41.0
2015-01-27,27.3,23.8,24.9,30.7,9.4,31.7,10.4,Antsiranana,-12.279,49.292,41.0
2015-01-28,30.2,22.8,24.7,26.4,8.7,17.6,6.22,Antsiranana,-12.279,49.292,41.0
2015-01-29,27.5,23.5,24.5,55.3,10.3,25.9,10.27,Antsiranana,-12.279,49.292,41.0
2015-01-30,25.4,22.4,24.2,25.3,13.2,26.6,5.66,Antsiranana,-12.279,49.292,41.0
2015-01-31,26.0,23.0,24.1,25.7,12.1,29.2,5.5,Antsiranana,-12.279,49.292,41.0
2015-02-01,28.7,23.3,25.9,2.4,10.9,33.1,22.45,Antsiranana,-12.279,49.292,41.0
2015-02-02,28.7,23.8,25.9,2.1,13.6,31.7,20.48,Antsiranana,-12.279,49.292,41.0
2015-02-03,28.5,23.9,25.9,3.9,7.9,29.2,20.09,Antsiranana,-12.279,49.292,41.0
2015-02-04,30.5,24.2,25.2,27.1,6.9,19.8,9.29,Antsiranana,-12.279,49.292,41.0
2015-02-05,28.3,23.0,25.9,3.5,13.0,26.3,21.05,Antsiranana,-12.279,49.292,41.0
2015-02-06,27.5,24.0,25.9,3.1,12.2,24.5,11.93,Antsiranana,-12.279,49.292,41.0
2015-02-07,28.8,24.2,26.4,2.9,10.7,29.5,19.86,Antsiranana,-12.279,49.292,41.0
2015-02-08,29.6,23.7,26.1,30.7,11.2,23.8,17.45,Antsiranana,-12.279,49.292,41.0
2015-02-09,30.0,23.7,26.7,2.8,15.3,38.2,20.19,Antsiranana,-12.279,49.292,41.0
2015-02-10,29.6,24.8,26.4,7.9,8.7,23.0,18.93,Antsiranana,-12.279,49.292,41.0
2015-02-11,27.2,24.3,25.6,13.7,8.7,23.0,14.49,Antsiranana,-12.279,49.292,41.0
2015-02-12,28.5,24.6,26.2,3.3,18.7,40.7,19.28,Antsiranana,-12.279,49.292,41.0
2015-02-13,28.9,24.6,26.4,1.4,17.4,39.2,23.3,Antsiranana,-12.279,49.292,41.0
2015-02-14,29.0,24.9,26.7,0.2,17.1,39.2,22.62,Antsiranana,-12.279,49.292,41.0
2015-02-15,27.9,24.5,26.0,8.5,11.4,28.8,13.95,Antsiranana,-12.279,49.292,41.0
2015-02-16,28.1,24.0,26.1,6.2,11.6,28.8,21.4,Antsiranana,-12.279,49.292,41.0
2015-02-17,28.6,24.8,26.4,8.6,9.3,25.6,19.58,Antsiranana,-12.279,49.292,41.0
2015-02-18,29.4,24.9,26.5,4.5,6.3,29.5,20.56,Antsiranana,-12.279,49.292,41.0
2015-02-19,28.7,24.6,26.4,5.5,7.1,25.6,18.48,Antsiranana,-12.279,49.292,41.0
2015-02-20,29.5,24.3,26.6,7.6,9.2,25.9,20.24,Antsiranana,-12.279,49.292,41.0
2015-02-21,28.9,23.7,26.1,6.5,9.5,31.7,18.78,Antsiranana,-12.279,49.292,41.0
2015-02-22,28.7,24.3,26.4,2.3,9.6,28.1,20.2,Antsiranana,-12.279,49.292,41.0
2015-02-23,29.7,24.9,26.6,1.4,15.6,37.4,23.18,Antsiranana,-12.279,49.292,41.0
2015-02-24,29.8,25.1,27.0,1.5,14.2,28.8,20.95,Antsiranana,-12.279,49.292,41.0
2015-02-25,29.5,23.8,26.5,5.9,9.6,27.4,18.57,Antsiranana,-12.279,49.292,41.0
2015-02-26,29.6,24.4,26.7,2.3,17.5,36.0,19.0,Antsiranana,-12.279,49.292,41.0
2015-02-27,28.5,25.4,26.3,18.5,15.3,35.6,17.41,Antsiranana,-12.279,49.292,41.0
2015-02-28,28.7,24.9,26.3,18.1,11.7,30.2,17.6,Antsiranana,-12.279,49.292,41.0
2015-03-01,29.0,23.9,26.2,9.8,17.6,41.8,19.76,Antsiranana,-12.279,49.292,41.0
2015-03-02,28.4,24.7,26.1,10.3,17.8,43.9,12.72,Antsiranana,-12.279,49.292,41.0
2015-03-03,27.4,24.8,25.7,8.1,15.3,33.8,11.62,Antsiranana,-12.279,49.292,41.0
2015-03-04,28.4,24.7,25.7,9.7,12.5,33.1,14.02,Antsiranana,-12.279,49.292,41.0
2015-03-05,27.8,24.9,26.1,1.1,14.1,28.8,10.4,Antsiranana,-12.279,49.292,41.0
2015-03-06,28.3,24.7,25.9,7.4,15.1,33.8,13.73,Antsiranana,-12.279,49.292,41.0
2015-03-07,27.2,24.6,25.4,13.7,15.3,36.7,12.84,Antsiranana,-12.279,49.292,41.0
2015-03-08,29.1,25.2,26.9,0.0,20.6,47.2,23.6,Antsiranana,-12.279,49.292,41.0
2015-03-09,29.6,25.7,27.3,0.0,19.9,45.0,23.84,Antsiranana,-12.279,49.292,41.0
2015-03-10,29.2,26.1,27.3,0.1,23.1,50.0,22.91,Antsiranana,-12.279,49.292,41.0
2015-03-11,28.9,25.4,26.8,3.8,20.3,47.5,21.24,Antsiranana,-12.279,49.292,41.0
2015-03-12,28.7,25.3,26.6,2.2,22.7,47.9,20.57,Antsiranana,-12.279,49.292,41.0
2015-03-13,28.9,25.0,26.8,1.4,11.5,20.5,19.0,Antsiranana,-12.279,49.292,41.0
2015-03-14,29.6,24.9,26.7,1.2,23.6,51.1,23.69,Antsiranana,-12.279,49.292,41.0
2015-03-15,28.8,25.0,26.4,0.0,31.3,64.8,22.11,Antsiranana,-12.279,49.292,41.0
2015-03-16,28.6,24.5,26.2,0.2,27.5,57.6,23.5,Antsiranana,-12.279,49.292,41.0
2015-03-17,28.0,25.0,26.3,1.7,24.1,49.7,15.05,Antsiranana,-12.279,49.292,41.0
2015-03-18,28.9,25.0,26.5,1.6,21.6,50.4,22.9,Antsiranana,-12.279,49.292,41.0
2015-03-19,29.5,25.2,26.7,1.4,24.6,55.4,21.57,Antsiranana,-12.279,49.292,41.0
2015-03-20,28.4,24.9,26.3,0.2,26.2,53.6,21.49,Antsiranana,-12.279,49.292,41.0
2015-03-21,28.2,24.7,25.8,3.1,27.1,60.1,19.31,Antsiranana,-12.279,49.292,41.0
2015-03-22,29.4,25.0,26.8,0.2,23.3,49.7,25.05,Antsiranana,-12.279,49.292,41.0
2015-03-23,29.5,25.2,26.9,0.0,27.0,55.1,23.7,Antsiranana,-12.279,49.292,41.0
2015-03-24,29.2,24.8,26.7,0.3,27.1,55.8,21.96,Antsiranana,-12.279,49.292,41.0
2015-03-25,28.5,24.7,26.2,1.2,23.4,55.4,20.72,Antsiranana,-12.279,49.292,41.0
2015-03-26,29.3,24.8,26.7,0.6,25.5,55.8,22.53,Antsiranana,-12.279,49.292,41.0
2015-03-27,29.8,24.8,26.8,0.0,18.9,42.8,24.29,Antsiranana,-12.279,49.292,41.0
2015-03-28,29.9,24.8,26.8,0.0,17.1,37.8,26.51,Antsiranana,-12.279,49.292,41.0
2015-03-29,30.1,24.7,27.1,0.0,16.9,38.9,25.92,Antsiranana,-12.279,49.292,41.0
2015-03-30,31.3,25.0,27.5,0.1,12.6,28.4,24.88,Antsiranana,-12.279,49.292,41.0
2015-03-31,29.8,25.3,27.2,0.5,12.6,35.3,19.72,Antsiranana,-12.279,49.292,41.0
2015-04-01,30.5,25.1,27.2,0.1,12.5,32.4,23.58,Antsiranana,-12.279,49.292,41.0
2015-04-02,29.4,24.8,26.7,3.3,6.9,25.2,17.51,Antsiranana,-12.279,49.292,41.0
2015-04-03,29.2,24.2,26.7,2.0,8.6,27.4,19.23,Antsiranana,-12.279,49.292,41.0
2015-04-04,30.2,24.7,27.2,0.0,13.9,34.2,24.04,Antsiranana,-12.279,49.292,41.0
2015-04-05,29.5,25.0,26.6,2.9,12.7,30.2,15.38,Antsiranana,-12.279,49.292,41.0
2015-04-06,29.5,25.4,26.9,6.4,6.7,21.2,15.7,Antsiranana,-12.279,49.292,41.0
2015-04-07,30.0,25.1,26.9,1.3,8.2,27.4,19.59,Antsiranana,-12.279,49.292,41.0
2015-04-08,29.3,25.2,26.8,1.4,7.1,21.2,16.95,Antsiranana,-12.279,49.292,41.0
2015-04-09,28.3,25.0,26.4,2.2,11.5,24.1,16.18,Antsiranana,-12.279,49.292,41.0
2015-04-10,28.0,24.4,25.8,6.0,14.9,34.2,16.56,Antsiranana,-12.279,49.292,41.0
2015-04-11,29.5,24.8,26.7,0.0,16.8,41.4,21.64,Antsiranana,-12.279,49.292,41.0
2015-04-12,29.2,25.2,26.9,0.0,16.4,40.3,21.33,Antsiranana,-12.279,49.292,41.0
2015-04-13,30.0,24.9,27.0,0.0,17.1,38.5,24.11,Antsiranana,-12.279,49.292,41.0
2015-04-14,29.3,24.4,26.4,0.0,18.6,42.1,21.08,Antsiranana,-12.279,49.292,41.0
2015-04-15,29.2,24.5,26.5,0.0,18.2,43.2,23.03,Antsiranana,-12.279,49.292,41.0
2015-04-16,29.1,24.8,26.6,0.0,19.4,43.2,21.23,Antsiranana,-12.279,49.292,41.0
2015-04-17,29.1,24.2,26.4,0.0,22.7,51.8,23.13,Antsiranana,-12.279,49.292,41.0
2015-04-18,29.7,24.4,26.7,0.0,24.7,54.4,23.26,Antsiranana,-12.279,49.292,41.0
2015-04-19,29.4,24.4,26.7,0.0,23.3,51.5,20.73,Antsiranana,-12.279,49.292,41.0
2015-04-20,29.0,24.9,26.7,0.0,23.2,55.4,20.44,Antsiranana,-12.279,49.292,41.0
2015-04-21,29.5,24.6,26.7,0.0,26.1,54.4,21.97,Antsiranana,-12.279,49.292,41.0
2015-04-22,29.2,24.5,26.6,0.0,27.4,60.8,23.45,Antsiranana,-12.279,49.292,41.0
2015-04-23,28.4,24.8,26.5,0.0,28.2,61.2,20.38,Antsiranana,-12.279,49.292,41.0
2015-04-24,30.0,24.7,26.9,0.0,25.7,58.0,22.49,Antsiranana,-12.279,49.292,41.0
2015-04-25,29.7,24.8,26.8,0.0,29.7,61.6,23.17,Antsiranana,-12.279,49.292,41.0
2015-04-26,29.7,24.5,26.6,0.0,27.5,58.3,21.99,Antsiranana,-12.279,49.292,41.0
2015-04-27,29.2,24.9,26.6,1.5,18.0,43.9,17.51,Antsiranana,-12.279,49.292,41.0
2015-04-28,27.2,23.3,25.1,9.9,14.8,32.0,10.91,Antsiranana,-12.279,49.292,41.0
2015-04-29,25.2,23.2,23.9,51.5,11.8,27.7,2.78,Antsiranana,-12.279,49.292,41.0
2015-04-30,27.9,23.5,25.8,0.5,11.2,28.8,17.11,Antsiranana,-12.279,49.292,41.0
2015-05-01,28.4,24.7,26.4,1.1,18.1,40.0,17.58,Antsiranana,-12.279,49.292,41.0
2015-05-02,27.3,24.9,25.6,6.1,20.8,46.4,15.09,Antsiranana,-12.279,49.292,41.0
2015-05-03,28.5,24.6,26.1,0.0,28.4,59.4,20.5,Antsiranana,-12.279,49.292,41.0
2015-05-04,28.9,24.4,26.4,0.0,27.7,58.7,21.91,Antsiranana,-12.279,49.292,41.0
2015-05-05,29.1,25.0,26.6,0.0,26.6,56.9,20.69,Antsiranana,-12.279,49.292,41.0
2015-05-06,27.8,24.7,26.0,0.7,32.0,66.2,18.22,Antsiranana,-12.279,49.292,41.0
2015-05-07,27.6,24.4,26.1,2.7,21.2,45.7,12.81,Antsiranana,-12.279,49.292,41.0
2015-05-08,28.8,25.1,26.5,0.0,25.5,57.2,20.29,Antsiranana,-12.279,49.292,41.0
2015-05-09,28.3,24.9,26.2,0.0,28.4,63.4,18.49,Antsiranana,-12.279,49.292,41.0
2015-05-10,27.8,25.0,26.1,0.0,27.7,59.0,18.4,Antsiranana,-12.279,49.292,41.0
2015-05-11,28.3,24.7,26.3,0.0,26.1,56.2,18.88,Antsiranana,-12.279,49.292,41.0
2015-05-12,28.5,24.8,26.3,0.0,23.1,50.8,18.34,Antsiranana,-12.279,49.292,41.0
2015-05-13,28.3,24.4,26.1,0.0,28.1,59.0,18.21,Antsiranana,-12.279,49.292,41.0
2015-05-14,28.8,24.1,26.2,0.0,18.0,40.3,17.24,Antsiranana,-12.279,49.292,41.0
2015-05-15,28.9,24.6,26.4,0.0,23.3,50.0,20.04,Antsiranana,-12.279,49.292,41.0
2015-05-16,28.9,24.4,26.3,0.0,30.7,63.0,20.01,Antsiranana,-12.279,49.292,41.0
2015-05-17,28.9,24.5,26.3,0.0,24.6,55.1,18.85,Antsiranana,-12.279,49.292,41.0
2015-05-18,29.5,24.8,26.7,0.0,29.8,60.8,20.06,Antsiranana,-12.279,49.292,41.0
2015-05-19,29.1,24.7,26.5,0.0,28.8,61.6,19.48,Antsiranana,-12.279,49.292,41.0
2015-05-20,29.2,24.6,26.4,0.0,29.1,63.4,20.53,Antsiranana,-12.279,49.292,41.0
2015-05-21,28.6,24.5,26.0,0.0,31.4,67.0,20.93,Antsiranana,-12.279,49.292,41.0
2015-05-22,28.6,23.9,25.9,0.0,31.0,66.6,20.82,Antsiranana,-12.279,49.292,41.0
2015-05-23,28.8,23.9,26.0,0.0,24.5,54.7,20.35,Antsiranana,-12.279,49.292,41.0
2015-05-24,28.5,23.9,25.7,0.0,25.7,55.4,20.67,Antsiranana,-12.279,49.292,41.0
2015-05-25,28.1,23.2,25.3,0.0,25.5,56.2,20.79,Antsiranana,-12.279,49.292,41.0
2015-05-26,28.2,23.5,25.4,0.0,26.6,57.6,20.3,Antsiranana,-12.279,49.292,41.0
2015-05-27,27.7,23.6,25.3,0.0,32.7,68.4,18.9,Antsiranana,-12.279,49.292,41.0
2015-05-28,27.8,23.0,25.0,0.0,28.4,60.8,19.95,Antsiranana,-12.279,49.292,41.0
2015-05-29,27.8,23.1,25.0,0.0,28.9,62.3,20.37,Antsiranana,-12.279,49.292,41.0
2015-05-30,27.3,23.0,24.9,0.0,29.3,62.6,18.48,Antsiranana,-12.279,49.292,41.0
2015-05-31,27.0,23.0,24.5,0.0,30.6,66.2,18.09,Antsiranana,-12.279,49.292,41.0
2015-06-01,28.5,22.8,25.1,0.0,24.5,53.6,19.39,Antsiranana,-12.279,49.292,41.0
2015-06-02,28.4,23.7,25.8,2.6,18.4,40.7,15.83,Antsiranana,-12.279,49.292,41.0
2015-06-03,28.6,24.1,26.0,0.5,20.1,47.5,16.45,Antsiranana,-12.279,49.292,41.0
2015-06-04,28.9,24.1,26.0,0.0,24.3,52.6,17.65,Antsiranana,-12.279,49.292,41.0
2015-06-05,28.5,24.0,25.9,0.0,20.7,44.3,15.8,Antsiranana,-12.279,49.292,41.0
2015-06-06,29.2,23.5,25.9,0.0,9.0,27.7,17.91,Antsiranana,-12.279,49.292,41.0
2015-06-07,28.5,23.6,25.7,0.0,15.3,38.2,16.52,Antsiranana,-12.279,49.292,41.0
2015-06-08,27.8,23.6,25.1,0.9,19.6,44.3,15.44,Antsiranana,-12.279,49.292,41.0
2015-06-09,28.1,23.5,25.1,0.0,28.5,62.3,18.28,Antsiranana,-12.279,49.292,41.0
2015-06-10,28.1,22.8,25.0,0.0,20.5,46.1,18.79,Antsiranana,-12.279,49.292,41.0
2015-06-11,28.2,22.8,25.1,0.0,16.8,39.2,18.78,Antsiranana,-12.279,49.292,41.0
2015-06-12,28.6,23.2,25.4,0.0,22.4,49.0,19.77,Antsiranana,-12.279,49.292,41.0
2015-06-13,28.8,22.7,25.1,0.0,13.1,29.5,19.55,Antsiranana,-12.279,49.292,41.0
2015-06-14,28.3,22.8,25.2,0.0,17.3,34.6,19.0,Antsiranana,-12.279,49.292,41.0
2015-06-15,28.2,23.6,25.2,0.0,21.2,43.9,14.24,Antsiranana,-12.279,49.292,41.0
2015-06-16,28.3,22.4,24.9,0.0,23.7,51.5,20.37,Antsiranana,-12.279,49.292,41.0
2015-06-17,28.1,22.9,25.1,0.0,23.8,50.0,19.44,Antsiranana,-12.279,49.292,41.0
2015-06-18,28.8,22.8,25.2,0.0,17.4,38.5,19.14,Antsiranana,-12.279,49.292,41.0
2015-06-19,28.7,23.0,25.4,0.0,12.1,28.8,12.51,Antsiranana,-12.279,49.292,41.0
2015-06-20,28.6,24.2,25.9,0.0,30.6,60.5,15.25,Antsiranana,-12.279,49.292,41.0
2015-06-21,27.7,23.8,25.3,0.0,35.6,74.5,18.01,Antsiranana,-12.279,49.292,41.0
2015-06-22,27.8,23.5,25.2,0.0,33.5,71.3,19.44,Antsiranana,-12.279,49.292,41.0
2015-06-23,28.4,22.7,25.0,0.0,27.2,59.0,19.31,Antsiranana,-12.279,49.292,41.0
2015-06-24,28.1,22.9,25.1,0.0,27.5,59.0,19.32,Antsiranana,-12.279,49.292,41.0
2015-06-25,28.1,23.4,25.3,0.0,26.3,56.9,15.26,Antsiranana,-12.279,49.292,41.0
2015-06-26,28.2,23.9,25.5,0.0,25.0,53.3,15.9,Antsiranana,-12.279,49.292,41.0
2015-06-27,27.1,23.6,24.8,0.0,34.0,73.4,16.11,Antsiranana,-12.279,49.292,41.0
2015-06-28,27.1,22.8,24.4,0.0,32.6,69.1,18.92,Antsiranana,-12.279,49.292,41.0
2015-06-29,27.4,22.4,24.5,0.0,22.3,49.3,18.96,Antsiranana,-12.279,49.292,41.0
2015-06-30,28.2,22.0,24.6,0.0,13.3,28.8,19.79,Antsiranana,-12.279,49.292,41.0
2015-07-01,28.4,22.6,25.0,0.0,15.0,35.3,18.53,Antsiranana,-12.279,49.292,41.0
2015-07-02,28.7,22.5,25.1,0.0,14.8,35.6,19.54,Antsiranana,-12.279,49.292,41.0
2015-07-03,28.3,22.8,25.1,0.0,20.8,45.7,18.4,Antsiranana,-12.279,49.292,41.0
2015-07-04,27.4,23.1,24.8,0.0,28.1,59.0,14.52,Antsiranana,-12.279,49.292,41.0
2015-07-05,27.4,23.0,24.8,0.0,34.5,71.6,18.03,Antsiranana,-12.279,49.292,41.0
2015-07-06,27.4,23.0,24.7,0.0,28.7,61.9,19.68,Antsiranana,-12.279,49.292,41.0
2015-07-07,27.3,22.3,24.3,0.0,15.5,34.2,13.96,Antsiranana,-12.279,49.292,41.0
2015-07-08,26.6,22.2,24.0,0.0,24.6,53.3,15.71,Antsiranana,-12.279,49.292,41.0
2015-07-09,26.1,22.1,23.7,0.0,30.0,64.1,14.88,Antsiranana,-12.279,49.292,41.0
2015-07-10,26.9,21.9,23.8,0.0,30.3,65.9,20.3,Antsiranana,-12.279,49.292,41.0
2015-07-11,26.7,20.9,23.6,0.0,26.5,56.5,20.51,Antsiranana,-12.279,49.292,41.0
2015-07-12,27.2,22.5,24.3,0.0,33.1,68.8,17.69,Antsiranana,-12.279,49.292,41.0
2015-07-13,27.3,22.3,24.4,0.0,33.3,70.9,18.22,Antsiranana,-12.279,49.292,41.0
2015-07-14,25.9,22.6,23.8,0.0,32.8,69.8,17.37,Antsiranana,-12.279,49.292,41.0
2015-07-15,26.7,21.7,23.7,0.0,31.2,68.4,19.58,Antsiranana,-12.279,49.292,41.0
2015-07-16,24.6,21.7,22.9,1.4,32.7,69.5,13.4,Antsiranana,-12.279,49.292,41.0
2015-07-17,25.9,22.1,23.5,1.0,34.0,70.9,15.62,Antsiranana,-12.279,49.292,41.0
2015-07-18,27.1,22.1,24.1,0.0,32.8,69.8,20.92,Antsiranana,-12.279,49.292,41.0
2015-07-19,26.8,21.9,23.8,0.0,36.3,75.2,19.62,Antsiranana,-12.279,49.292,41.0
2015-07-20,25.5,21.3,22.9,0.8,32.5,68.8,17.61,Antsiranana,-12.279,49.292,41.0
2015-07-21,26.2,21.0,23.0,0.0,35.9,72.7,17.61,Antsiranana,-12.279,49.292,41.0
2015-07-22,26.3,21.6,23.4,0.0,29.5,64.8,20.01,Antsiranana,-12.279,49.292,41.0
2015-07-23,27.2,21.4,23.8,0.0,26.0,56.2,20.76,Antsiranana,-12.279,49.292,41.0
2015-07-24,26.3,21.6,23.3,0.0,31.7,65.9,18.38,Antsiranana,-12.279,49.292,41.0
2015-07-25,26.9,21.6,23.7,0.0,31.5,67.7,21.21,Antsiranana,-12.279,49.292,41.0
2015-07-26,27.1,21.8,23.8,0.2,27.3,60.5,14.73,Antsiranana,-12.279,49.292,41.0
2015-07-27,26.4,22.3,23.9,0.1,32.9,68.8,13.19,Antsiranana,-12.279,49.292,41.0
2015-07-28,26.9,22.3,24.1,0.0,25.2,54.4,19.59,Antsiranana,-12.279,49.292,41.0
2015-07-29,27.2,21.7,24.0,0.0,25.0,55.1,21.25,Antsiranana,-12.279,49.292,41.0
2015-07-30,27.5,22.0,24.2,0.2,25.5,55.4,17.51,Antsiranana,-12.279,49.292,41.0
2015-07-31,27.2,22.7,24.5,0.0,30.7,65.5,16.86,Antsiranana,-12.279,49.292,41.0
2015-08-01,27.4,23.2,24.7,0.2,22.5,45.7,13.11,Antsiranana,-12.279,49.292,41.0
2015-08-02,26.6,22.6,24.2,2.8,21.9,43.6,14.19,Antsiranana,-12.279,49.292,41.0
2015-08-03,24.2,21.0,22.5,0.1,35.7,74.2,13.26,Antsiranana,-12.279,49.292,41.0
2015-08-04,25.6,20.8,22.7,0.0,36.0,72.4,17.49,Antsiranana,-12.279,49.292,41.0
2015-08-05,26.7,21.4,23.5,0.0,27.9,60.5,21.72,Antsiranana,-12.279,49.292,41.0
2015-08-06,27.9,21.5,24.0,0.0,14.8,34.2,21.2,Antsiranana,-12.279,49.292,41.0
2015-08-07,27.3,21.7,23.9,0.0,19.6,41.0,20.3,Antsiranana,-12.279,49.292,41.0
2015-08-08,27.2,20.9,23.8,0.0,24.0,54.7,22.24,Antsiranana,-12.279,49.292,41.0
2015-08-09,27.7,21.9,24.2,0.0,26.1,56.2,19.26,Antsiranana,-12.279,49.292,41.0
2015-08-10,27.6,21.9,24.2,0.0,24.7,54.0,21.47,Antsiranana,-12.279,49.292,41.0
2015-08-11,27.4,22.1,24.2,0.0,29.0,63.7,22.37,Antsiranana,-12.279,49.292,41.0
2015-08-12,27.8,22.0,24.4,0.0,26.5,58.7,21.61,Antsiranana,-12.279,49.292,41.0
2015-08-13,27.4,22.1,24.3,0.0,33.1,71.3,22.73,Antsiranana,-12.279,49.292,41.0
2015-08-14,27.4,22.0,24.1,0.0,30.7,67.7,21.12,Antsiranana,-12.279,49.292,41.0
2015-08-15,26.3,22.2,23.8,0.0,36.2,73.8,16.99,Antsiranana,-12.279,49.292,41.0
2015-08-16,26.8,22.0,23.9,0.0,36.2,75.6,19.5,Antsiranana,-12.279,49.292,41.0
2015-08-17,27.1,21.4,23.8,0.0,29.1,63.0,23.12,Antsiranana,-12.279,49.292,41.0
2015-08-18,26.9,21.3,23.7,0.0,25.3,56.9,22.56,Antsiranana,-12.279,49.292,41.0
2015-08-19,27.8,21.4,24.2,0.0,19.7,39.6,22.87,Antsiranana,-12.279,49.292,41.0
2015-08-20,27.2,21.9,24.0,0.0,27.7,61.6,23.16,Antsiranana,-12.279,49.292,41.0
2015-08-21,26.8,21.5,23.7,0.0,28.7,61.9,22.69,Antsiranana,-12.279,49.292,41.0
2015-08-22,27.3,21.4,23.9,0.0,29.6,63.4,23.66,Antsiranana,-12.279,49.292,41.0
2015-08-23,27.4,21.3,23.7,0.0,28.1,62.3,23.8,Antsiranana,-12.279,49.292,41.0
2015-08-24,27.1,21.4,23.7,0.0,27.6,59.4,24.17,Antsiranana,-12.279,49.292,41.0
2015-08-25,27.8,21.5,24.2,0.0,29.3,63.7,23.85,Antsiranana,-12.279,49.292,41.0
2015-08-26,28.0,22.3,24.5,0.0,31.6,66.6,23.84,Antsiranana,-12.279,49.292,41.0
2015-08-27,27.3,22.1,24.0,0.0,33.5,72.4,23.98,Antsiranana,-12.279,49.292,41.0
2015-08-28,27.8,21.7,24.1,0.0,33.9,71.6,24.52,Antsiranana,-12.279,49.292,41.0
2015-08-29,25.9,21.7,23.5,0.0,35.4,74.5,20.7,Antsiranana,-12.279,49.292,41.0
2015-08-30,26.7,21.4,23.5,0.0,33.1,72.0,23.62,Antsiranana,-12.279,49.292,41.0
2015-08-31,27.0,21.6,23.9,0.0,32.8,70.6,24.18,Antsiranana,-12.279,49.292,41.0
2015-09-01,27.2,21.9,24.2,0.0,36.2,74.5,23.29,Antsiranana,-12.279,49.292,41.0
2015-09-02,27.8,22.1,24.2,0.0,32.6,69.5,24.79,Antsiranana,-12.279,49.292,41.0
2015-09-03,27.7,21.6,24.0,0.0,31.1,65.5,24.22,Antsiranana,-12.279,49.292,41.0
2015-09-04,27.1,22.1,24.1,0.0,29.7,64.1,23.69,Antsiranana,-12.279,49.292,41.0
2015-09-05,27.8,21.6,24.1,0.0,27.5,60.5,25.58,Antsiranana,-12.279,49.292,41.0
2015-09-06,28.0,21.9,24.3,0.0,26.9,59.4,25.16,Antsiranana,-12.279,49.292,41.0
2015-09-07,27.5,22.0,24.1,0.0,30.8,67.7,25.15,Antsiranana,-12.279,49.292,41.0
2015-09-08,25.2,22.1,23.6,0.0,34.7,73.1,19.92,Antsiranana,-12.279,49.292,41.0
2015-09-09,26.9,21.5,23.9,0.0,34.2,72.0,23.79,Antsiranana,-12.279,49.292,41.0
2015-09-10,28.2,22.0,24.6,0.0,26.9,59.4,25.23,Antsiranana,-12.279,49.292,41.0
2015-09-11,27.4,22.9,24.7,0.0,32.2,67.3,21.44,Antsiranana,-12.279,49.292,41.0
2015-09-12,28.6,22.1,24.8,0.1,19.9,40.0,22.58,Antsiranana,-12.279,49.292,41.0
2015-09-13,28.4,22.2,24.5,6.5,11.5,32.8,19.32,Antsiranana,-12.279,49.292,41.0
2015-09-14,27.3,22.0,24.2,3.4,27.5,55.8,20.73,Antsiranana,-12.279,49.292,41.0
2015-09-15,26.8,21.9,23.8,0.0,36.1,76.0,24.61,Antsiranana,-12.279,49.292,41.0
2015-09-16,26.8,21.4,23.6,0.0,31.4,67.7,24.81,Antsiranana,-12.279,49.292,41.0
2015-09-17,26.9,21.7,23.8,0.0,30.3,65.9,25.43,Antsiranana,-12.279,49.292,41.0
2015-09-18,27.3,21.6,24.0,0.0,26.9,58.7,26.24,Antsiranana,-12.279,49.292,41.0
2015-09-19,28.0,21.9,24.5,0.0,24.5,55.4,26.1,Antsiranana,-12.279,49.292,41.0
2015-09-20,28.5,22.1,24.7,0.0,29.5,63.0,26.04,Antsiranana,-12.279,49.292,41.0
2015-09-21,28.1,22.6,24.8,0.0,33.2,72.7,26.03,Antsiranana,-12.279,49.292,41.0
2015-09-22,27.9,22.0,24.3,0.0,32.7,71.6,25.97,Antsiranana,-12.279,49.292,41.0
2015-09-23,27.9,21.7,24.2,0.0,29.1,63.4,26.8,Antsiranana,-12.279,49.292,41.0
2015-09-24,28.0,21.9,24.3,0.0,28.7,63.0,25.55,Antsiranana,-12.279,49.292,41.0
2015-09-25,28.4,22.1,24.6,0.0,29.0,60.8,26.7,Antsiranana,-12.279,49.292,41.0
2015-09-26,27.9,22.5,24.7,0.0,34.3,73.8,20.59,Antsiranana,-12.279,49.292,41.0
2015-09-27,27.2,22.8,24.6,0.0,37.5,79.6,20.5,Antsiranana,-12.279,49.292,41.0
2015-09-28,27.1,22.4,24.4,0.0,35.8,76.0,24.24,Antsiranana,-12.279,49.292,41.0
2015-09-29,27.3,22.2,24.3,0.0,29.3,63.7,23.2,Antsiranana,-12.279,49.292,41.0
2015-09-30,27.6,22.3,24.5,0.0,29.2,63.4,27.37,Antsiranana,-12.279,49.292,41.0
2015-10-01,27.9,22.2,24.5,0.0,31.2,67.0,26.96,Antsiranana,-12.279,49.292,41.0
2015-10-02,28.8,22.2,24.9,0.0,25.5,56.5,26.56,Antsiranana,-12.279,49.292,41.0
2015-10-03,30.1,22.3,25.6,0.0,16.5,39.2,27.22,Antsiranana,-12.279,49.292,41.0
2015-10-04,29.3,23.6,25.9,0.0,26.8,59.8,25.91,Antsiranana,-12.279,49.292,41.0
2015-10-05,30.1,23.4,26.2,0.0,29.3,64.4,26.91,Antsiranana,-12.279,49.292,41.0
2015-10-06,28.7,24.3,25.9,0.0,33.0,71.3,21.51,Antsiranana,-12.279,49.292,41.0
2015-10-07,28.6,23.7,25.5,0.0,27.3,59.8,21.7,Antsiranana,-12.279,49.292,41.0
2015-10-08,28.0,23.1,25.1,0.0,31.2,67.7,27.63,Antsiranana,-12.279,49.292,41.0
2015-10-09,28.7,22.5,25.2,0.0,28.5,60.8,27.85,Antsiranana,-12.279,49.292,41.0
2015-10-10,28.4,23.1,25.4,0.0,27.2,60.8,24.51,Antsiranana,-12.279,49.292,41.0
2015-10-11,27.3,23.4,25.0,0.4,25.3,56.2,18.59,Antsiranana,-12.279,49.292,41.0
2015-10-12,28.6,23.2,25.4,0.0,31.1,68.0,28.41,Antsiranana,-12.279,49.292,41.0
2015-10-13,28.0,23.0,25.1,0.0,30.1,64.8,23.62,Antsiranana,-12.279,49.292,41.0
2015-10-14,28.0,23.1,25.1,0.0,32.6,70.2,26.22,Antsiranana,-12.279,49.292,41.0
2015-10-15,28.5,22.3,25.0,0.0,33.2,71.6,28.3,Antsiranana,-12.279,49.292,41.0
2015-10-16,28.6,22.5,25.2,0.0,31.8,70.2,27.6,Antsiranana,-12.279,49.292,41.0
2015-10-17,28.9,23.0,25.5,0.0,25.5,59.8,25.8,Antsiranana,-12.279,49.292,41.0
2015-10-18,29.1,23.1,25.6,0.0,24.3,59.0,25.63,Antsiranana,-12.279,49.292,41.0
2015-10-19,28.6,23.3,25.6,0.0,28.7,62.3,24.45,Antsiranana,-12.279,49.292,41.0
2015-10-20,30.2,22.8,25.9,0.0,18.4,41.8,28.16,Antsiranana,-12.279,49.292,41.0
2015-10-21,29.5,23.7,26.0,0.0,24.1,52.9,23.73,Antsiranana,-12.279,49.292,41.0
2015-10-22,29.4,23.2,25.8,0.0,30.6,67.0,27.7,Antsiranana,-12.279,49.292,41.0
2015-10-23,29.4,23.6,26.0,0.0,24.8,56.5,26.82,Antsiranana,-12.279,49.292,41.0
2015-10-24,29.9,23.6,26.1,0.0,18.6,42.1,28.24,Antsiranana,-12.279,49.292,41.0
2015-10-25,30.8,23.2,26.5,0.0,16.9,46.1,27.38,Antsiranana,-12.279,49.292,41.0
2015-10-26,26.7,23.2,24.3,29.0,20.4,44.3,6.17,Antsiranana,-12.279,49.292,41.0
2015-10-27,28.2,23.5,25.5,0.2,32.1,68.4,24.2,Antsiranana,-12.279,49.292,41.0
2015-10-28,28.2,23.9,25.7,0.0,31.4,68.0,23.25,Antsiranana,-12.279,49.292,41.0
2015-10-29,27.6,23.7,25.5,0.0,37.6,79.2,21.67,Antsiranana,-12.279,49.292,41.0
2015-10-30,27.0,24.0,25.4,0.0,31.1,67.3,13.68,Antsiranana,-12.279,49.292,41.0
2015-10-31,27.5,23.5,25.2,0.0,27.9,61.9,21.46,Antsiranana,-12.279,49.292,41.0
2015-11-01,28.0,23.5,25.5,0.0,28.1,60.8,25.47,Antsiranana,-12.279,49.292,41.0
2015-11-02,29.1,24.0,26.1,0.0,24.0,54.0,28.6,Antsiranana,-12.279,49.292,41.0
2015-11-03,28.5,24.3,26.1,0.5,27.8,58.3,22.17,Antsiranana,-12.279,49.292,41.0
2015-11-04,29.4,24.7,26.3,5.3,18.9,41.4,23.14,Antsiranana,-12.279,49.292,41.0
2015-11-05,28.7,24.4,26.1,2.1,21.3,44.3,23.39,Antsiranana,-12.279,49.292,41.0
2015-11-06,27.0,22.7,24.3,4.9,31.1,64.8,14.83,Antsiranana,-12.279,49.292,41.0
2015-11-07,27.9,22.6,24.8,0.0,31.7,67.3,25.72,Antsiranana,-12.279,49.292,41.0
2015-11-08,27.8,23.1,25.1,0.0,34.4,71.6,22.9,Antsiranana,-12.279,49.292,41.0
2015-11-09,28.4,23.0,25.4,0.0,28.8,61.9,28.71,Antsiranana,-12.279,49.292,41.0
2015-11-10,29.3,23.1,25.8,0.0,26.7,58.3,27.48,Antsiranana,-12.279,49.292,41.0
2015-11-11,29.4,23.8,25.9,0.0,25.4,58.0,25.11,Antsiranana,-12.279,49.292,41.0
2015-11-12,29.1,23.1,25.5,0.0,24.8,55.4,29.24,Antsiranana,-12.279,49.292,41.0
2015-11-13,29.9,23.1,26.0,0.0,26.6,58.3,29.26,Antsiranana,-12.279,49.292,41.0
2015-11-14,29.0,23.7,26.0,0.0,29.6,63.0,24.98,Antsiranana,-12.279,49.292,41.0
2015-11-15,29.4,23.9,26.2,0.0,28.2,62.3,26.85,Antsiranana,-12.279,49.292,41.0
2015-11-16,29.5,24.4,26.4,0.0,28.3,61.9,26.63,Antsiranana,-12.279,49.292,41.0
2015-11-17,29.0,23.8,26.1,0.0,30.2,66.6,25.98,Antsiranana,-12.279,49.292,41.0
2015-11-18,29.6,23.5,26.2,0.0,28.8,65.2,29.01,Antsiranana,-12.279,49.292,41.0
2015-11-19,31.1,24.0,27.2,0.1,20.3,49.3,27.85,Antsiranana,-12.279,49.292,41.0
2015-11-20,28.7,24.5,26.3,1.8,20.7,50.8,22.43,Antsiranana,-12.279,49.292,41.0
2015-11-21,30.0,24.6,26.8,0.0,25.4,56.9,28.14,Antsiranana,-12.279,49.292,41.0
2015-11-22,30.1,24.1,26.7,0.0,22.7,52.2,27.87,Antsiranana,-12.279,49.292,41.0
2015-11-23,29.7,24.8,27.0,0.2,17.6,38.5,18.97,Antsiranana,-12.279,49.292,41.0
2015-11-24,28.9,24.1,26.2,11.9,13.0,28.8,13.51,Antsiranana,-12.279,49.292,41.0
2015-11-25,25.0,23.5,24.1,188.7,16.2,32.8,4.33,Antsiranana,-12.279,49.292,41.0
2015-11-26,28.2,24.4,26.0,0.7,19.0,42.8,24.25,Antsiranana,-12.279,49.292,41.0
2015-11-27,29.0,24.5,26.4,0.0,18.9,41.4,26.35,Antsiranana,-12.279,49.292,41.0
2015-11-28,28.2,24.3,26.1,1.3,16.1,38.9,24.08,Antsiranana,-12.279,49.292,41.0
2015-11-29,28.6,24.2,26.3,0.0,20.6,47.5,22.37,Antsiranana,-12.279,49.292,41.0
2015-11-30,29.0,24.2,26.4,0.0,25.7,55.8,27.24,Antsiranana,-12.279,49.292,41.0
2015-12-01,28.9,24.1,26.3,0.5,16.7,36.7,23.34,Antsiranana,-12.279,49.292,41.0
2015-12-02,29.6,24.4,26.6,0.0,18.4,43.9,29.21,Antsiranana,-12.279,49.292,41.0
2015-12-03,29.3,24.6,26.8,0.0,22.0,49.3,26.45,Antsiranana,-12.279,49.292,41.0
2015-12-04,30.1,24.8,27.1,0.0,22.1,47.5,28.08,Antsiranana,-12.279,49.292,41.0
2015-12-05,28.0,24.3,25.7,10.8,22.4,49.7,9.39,Antsiranana,-12.279,49.292,41.0
2015-12-06,29.0,24.9,26.6,0.2,17.5,38.5,23.85,Antsiranana,-12.279,49.292,41.0
2015-12-07,29.9,24.7,27.3,0.3,11.5,28.1,23.35,Antsiranana,-12.279,49.292,41.0
2015-12-08,30.6,25.0,27.4,1.6,11.9,26.3,19.22,Antsiranana,-12.279,49.292,41.0
2015-12-09,30.2,25.5,27.1,3.5,9.4,22.3,20.1,Antsiranana,-12.279,49.292,41.0
2015-12-10,29.3,24.9,27.0,1.7,17.0,39.2,19.18,Antsiranana,-12.279,49.292,41.0
2015-12-11,29.8,25.3,27.2,0.9,12.6,29.9,23.07,Antsiranana,-12.279,49.292,41.0
2015-12-12,30.4,25.3,27.3,3.4,9.3,31.0,23.27,Antsiranana,-12.279,49.292,41.0
2015-12-13,30.0,25.1,27.1,2.2,9.2,29.9,21.51,Antsiranana,-12.279,49.292,41.0
2015-12-14,29.6,25.2,27.2,1.1,8.8,28.8,22.21,Antsiranana,-12.279,49.292,41.0
2015-12-15,29.2,25.2,27.0,2.6,10.0,32.0,20.49,Antsiranana,-12.279,49.292,41.0
2015-12-16,29.7,25.0,26.9,4.9,8.4,26.6,20.67,Antsiranana,-12.279,49.292,41.0
2015-12-17,28.9,25.0,26.6,3.8,7.8,24.1,16.44,Antsiranana,-12.279,49.292,41.0
2015-12-18,29.3,25.3,27.1,1.9,11.2,25.6,22.82,Antsiranana,-12.279,49.292,41.0
2015-12-19,29.2,25.2,27.1,1.3,17.1,40.7,23.96,Antsiranana,-12.279,49.292,41.0
2015-12-20,30.1,25.2,27.2,1.0,15.8,37.8,25.38,Antsiranana,-12.279,49.292,41.0
2015-12-21,30.4,25.0,27.0,2.1,13.0,28.4,22.0,Antsiranana,-12.279,49.292,41.0
2015-12-22,29.8,25.1,27.5,1.1,11.6,29.9,23.06,Antsiranana,-12.279,49.292,41.0
2015-12-23,30.5,25.5,27.7,2.1,6.3,23.8,22.67,Antsiranana,-12.279,49.292,41.0
2015-12-24,29.1,25.1,27.0,9.6,10.0,29.2,19.67,Antsiranana,-12.279,49.292,41.0
2015-12-25,28.7,24.9,25.9,22.2,8.4,25.2,10.09,Antsiranana,-12.279,49.292,41.0
2015-12-26,29.1,24.8,26.5,6.0,18.4,39.2,20.16,Antsiranana,-12.279,49.292,41.0
2015-12-27,28.7,24.9,26.5,4.5,13.7,30.6,20.37,Antsiranana,-12.279,49.292,41.0
2015-12-28,28.4,25.1,26.6,7.1,9.1,24.5,17.78,Antsiranana,-12.279,49.292,41.0
2015-12-29,29.2,24.0,26.0,16.2,7.6,23.8,15.35,Antsiranana,-12.279,49.292,41.0
2015-12-30,27.9,24.3,25.7,26.8,18.0,33.5,10.08,Antsiranana,-12.279,49.292,41.0
2015-12-31,28.3,25.4,26.2,19.0,21.4,50.8,12.24,Antsiranana,-12.279,49.292,41.0
2016-01-01,28.4,25.6,26.8,7.9,23.1,51.8,16.72,Antsiranana,-12.279,49.292,41.0
2016-01-02,30.1,25.9,27.8,1.2,21.6,51.1,23.68,Antsiranana,-12.279,49.292,41.0
2016-01-03,30.6,26.2,27.9,2.8,19.1,43.6,22.86,Antsiranana,-12.279,49.292,41.0
2016-01-04,29.7,25.5,27.3,7.4,9.6,25.6,19.83,Antsiranana,-12.279,49.292,41.0
2016-01-05,29.5,25.1,27.0,8.9,11.5,22.7,17.72,Antsiranana,-12.279,49.292,41.0
2016-01-06,30.1,25.9,27.4,1.3,16.1,37.4,18.89,Antsiranana,-12.279,49.292,41.0
2016-01-07,30.1,25.9,27.5,0.0,18.4,41.4,23.53,Antsiranana,-12.279,49.292,41.0
2016-01-08,29.8,25.6,27.2,1.7,15.3,34.2,17.64,Antsiranana,-12.279,49.292,41.0
2016-01-09,28.4,25.0,26.6,4.4,5.9,19.4,12.08,Antsiranana,-12.279,49.292,41.0
2016-01-10,28.5,23.6,26.2,11.1,8.6,23.0,15.93,Antsiranana,-12.279,49.292,41.0
2016-01-11,29.6,25.1,27.1,9.9,11.3,30.6,20.54,Antsiranana,-12.279,49.292,41.0
2016-01-12,30.5,25.8,28.0,0.4,16.4,36.0,23.48,Antsiranana,-12.279,49.292,41.0
2016-01-13,30.3,25.2,27.4,1.1,10.8,30.2,22.6,Antsiranana,-12.279,49.292,41.0
2016-01-14,29.0,25.1,26.7,8.9,6.6,22.3,16.68,Antsiranana,-12.279,49.292,41.0
2016-01-15,29.8,24.2,26.7,8.9,14.1,38.5,17.48,Antsiranana,-12.279,49.292,41.0
2016-01-16,29.4,25.3,26.8,9.4,15.3,34.9,17.38,Antsiranana,-12.279,49.292,41.0
2016-01-17,29.6,25.8,27.0,2.9,16.6,43.2,18.82,Antsiranana,-12.279,49.292,41.0
2016-01-18,29.5,24.6,26.7,7.3,17.8,45.4,16.39,Antsiranana,-12.279,49.292,41.0
2016-01-19,28.2,25.3,26.6,4.8,18.8,41.4,8.5,Antsiranana,-12.279,49.292,41.0
2016-01-20,27.6,24.2,25.7,23.2,10.6,32.8,11.33,Antsiranana,-12.279,49.292,41.0
2016-01-21,28.1,23.8,25.3,25.6,7.0,25.9,12.02,Antsiranana,-12.279,49.292,41.0
2016-01-22,25.7,23.3,24.4,146.9,9.3,23.4,3.52,Antsiranana,-12.279,49.292,41.0
2016-01-23,26.7,23.6,25.4,40.8,17.4,41.0,8.83,Antsiranana,-12.279,49.292,41.0
2016-01-24,25.4,24.0,24.9,62.6,16.2,32.0,5.36,Antsiranana,-12.279,49.292,41.0
2016-01-25,30.8,24.9,27.1,0.7,13.8,37.8,24.72,Antsiranana,-12.279,49.292,41.0
2016-01-26,29.4,24.8,26.9,8.6,11.4,26.6,18.24,Antsiranana,-12.279,49.292,41.0
2016-01-27,29.0,25.0,26.4,23.1,8.3,23.4,17.32,Antsiranana,-12.279,49.292,41.0
2016-01-28,27.7,23.5,25.6,13.4,5.6,21.6,10.95,Antsiranana,-12.279,49.292,41.0
2016-01-29,29.2,23.5,26.4,5.4,12.0,25.9,17.97,Antsiranana,-12.279,49.292,41.0
2016-01-30,28.8,24.5,26.4,6.7,7.2,18.0,12.27,Antsiranana,-12.279,49.292,41.0
2016-01-31,25.6,23.3,24.1,74.5,9.7,30.6,2.21,Antsiranana,-12.279,49.292,41.0
2016-02-01,28.3,24.3,26.5,2.4,13.8,33.5,17.74,Antsiranana,-12.279,49.292,41.0
2016-02-02,29.0,26.0,27.3,0.0,16.4,34.2,16.07,Antsiranana,-12.279,49.292,41.0
2016-02-03,27.0,25.2,25.9,9.9,20.3,43.6,7.94,Antsiranana,-12.279,49.292,41.0
2016-02-04,28.6,24.7,26.2,5.2,19.1,44.6,16.44,Antsiranana,-12.279,49.292,41.0
2016-02-05,28.3,24.4,26.0,17.2,18.2,55.8,15.36,Antsiranana,-12.279,49.292,41.0
2016-02-06,28.5,24.1,26.2,9.3,19.8,49.7,14.82,Antsiranana,-12.279,49.292,41.0
2016-02-07,27.2,25.0,25.7,16.3,24.1,55.8,10.56,Antsiranana,-12.279,49.292,41.0
2016-02-08,27.0,25.2,25.8,25.8,26.3,52.9,12.0,Antsiranana,-12.279,49.292,41.0
2016-02-09,28.7,25.1,26.7,6.7,26.2,58.7,19.0,Antsiranana,-12.279,49.292,41.0
2016-02-10,29.1,24.2,26.7,7.3,24.7,56.9,21.79,Antsiranana,-12.279,49.292,41.0
2016-02-11,29.3,25.5,27.1,1.7,23.4,51.8,22.77,Antsiranana,-12.279,49.292,41.0
2016-02-12,29.0,25.2,26.8,1.2,22.0,45.7,23.31,Antsiranana,-12.279,49.292,41.0
2016-02-13,29.1,25.4,26.6,7.9,17.4,39.6,18.85,Antsiranana,-12.279,49.292,41.0
2016-02-14,30.5,25.4,27.5,0.2,18.4,40.0,25.12,Antsiranana,-12.279,49.292,41.0
2016-02-15,30.6,25.7,27.3,7.4,13.8,31.0,22.33,Antsiranana,-12.279,49.292,41.0
2016-02-16,29.1,24.6,26.5,10.2,5.5,23.0,16.2,Antsiranana,-12.279,49.292,41.0
2016-02-17,29.6,24.4,26.7,4.7,14.0,31.7,20.69,Antsiranana,-12.279,49.292,41.0
2016-02-18,26.9,25.0,25.8,5.3,15.3,31.7,10.92,Antsiranana,-12.279,49.292,41.0
2016-02-19,27.7,24.0,25.3,28.0,12.7,24.8,8.59,Antsiranana,-12.279,49.292,41.0
2016-02-20,28.8,24.3,26.1,9.7,12.0,33.5,18.06,Antsiranana,-12.279,49.292,41.0
2016-02-21,28.3,24.1,26.1,5.5,8.3,22.7,11.37,Antsiranana,-12.279,49.292,41.0
2016-02-22,28.9,24.7,26.7,2.5,7.1,23.8,18.08,Antsiranana,-12.279,49.292,41.0
2016-02-23,29.2,25.1,27.0,1.5,13.6,31.3,22.06,Antsiranana,-12.279,49.292,41.0
2016-02-24,28.3,25.3,26.6,3.6,15.8,37.8,17.39,Antsiranana,-12.279,49.292,41.0
2016-02-25,29.0,26.2,27.3,0.3,20.8,44.3,22.1,Antsiranana,-12.279,49.292,41.0
2016-02-26,28.8,24.8,26.7,2.9,12.7,28.8,16.9,Antsiranana,-12.279,49.292,41.0
2016-02-27,29.4,25.2,27.2,2.2,9.6,28.4,21.36,Antsiranana,-12.279,49.292,41.0
2016-02-28,30.3,24.9,27.5,0.4,9.2,26.3,22.95,Antsiranana,-12.279,49.292,41.0
2016-02-29,30.7,25.0,27.2,1.5,13.5,25.2,22.53,Antsiranana,-12.279,49.292,41.0
2016-03-01,28.6,25.4,26.8,8.1,21.6,47.9,21.46,Antsiranana,-12.279,49.292,41.0
2016-03-02,28.8,24.8,26.6,4.2,22.1,45.0,18.78,Antsiranana,-12.279,49.292,41.0
2016-03-03,29.4,25.3,27.1,0.7,22.2,47.2,22.8,Antsiranana,-12.279,49.292,41.0
2016-03-04,29.5,25.6,27.4,0.0,25.8,56.2,24.43,Antsiranana,-12.279,49.292,41.0
2016-03-05,29.7,25.7,27.5,0.0,21.7,48.6,23.93,Antsiranana,-12.279,49.292,41.0
2016-03-06,29.7,26.0,27.4,0.0,23.8,55.1,22.11,Antsiranana,-12.279,49.292,41.0
2016-03-07,30.0,25.7,27.5,0.0,23.1,50.0,25.11,Antsiranana,-12.279,49.292,41.0
2016-03-08,30.2,25.5,27.5,0.0,21.3,47.2,26.43,Antsiranana,-12.279,49.292,41.0
2016-03-09,30.3,25.8,27.5,2.2,16.1,37.4,21.63,Antsiranana,-12.279,49.292,41.0
2016-03-10,28.7,25.6,26.6,3.2,10.4,24.1,12.01,Antsiranana,-12.279,49.292,41.0
2016-03-11,29.2,25.7,26.8,8.3,11.9,29.2,18.02,Antsiranana,-12.279,49.292,41.0
2016-03-12,29.3,25.3,26.7,12.5,13.1,28.8,16.69,Antsiranana,-12.279,49.292,41.0
2016-03-13,27.9,24.1,26.0,18.0,14.9,31.0,10.24,Antsiranana,-12.279,49.292,41.0
2016-03-14,29.5,25.2,27.0,1.3,16.7,36.0,21.61,Antsiranana,-12.279,49.292,41.0
2016-03-15,29.5,25.2,26.9,2.0,16.8,35.6,20.92,Antsiranana,-12.279,49.292,41.0
2016-03-16,30.0,25.5,27.3,2.9,8.8,25.2,20.34,Antsiranana,-12.279,49.292,41.0
2016-03-17,30.4,24.9,27.6,2.6,7.5,24.5,21.43,Antsiranana,-12.279,49.292,41.0
2016-03-18,29.7,25.2,27.3,6.2,11.5,27.4,17.42,Antsiranana,-12.279,49.292,41.0
2016-03-19,29.2,26.0,27.4,2.0,6.8,20.9,17.03,Antsiranana,-12.279,49.292,41.0
2016-03-20,29.0,25.8,27.1,5.0,8.4,24.1,15.35,Antsiranana,-12.279,49.292,41.0
2016-03-21,29.2,25.5,26.9,17.9,9.3,25.6,16.09,Antsiranana,-12.279,49.292,41.0
2016-03-22,29.4,25.9,27.1,4.2,10.9,26.3,18.31,Antsiranana,-12.279,49.292,41.0
2016-03-23,29.7,25.2,27.2,3.5,10.1,23.4,18.81,Antsiranana,-12.279,49.292,41.0
2016-03-24,30.3,25.0,27.5,5.3,11.0,28.8,20.69,Antsiranana,-12.279,49.292,41.0
2016-03-25,29.6,25.4,27.3,5.9,9.3,31.3,18.96,Antsiranana,-12.279,49.292,41.0
2016-03-26,30.1,25.8,27.4,1.5,9.6,25.9,19.42,Antsiranana,-12.279,49.292,41.0
2016-03-27,30.2,25.8,27.7,1.6,10.5,22.7,17.96,Antsiranana,-12.279,49.292,41.0
2016-03-28,29.3,26.3,27.4,9.0,18.7,41.0,18.99,Antsiranana,-12.279,49.292,41.0
2016-03-29,29.9,25.8,27.6,0.0,18.8,41.0,23.89,Antsiranana,-12.279,49.292,41.0
2016-03-30,29.0,25.5,27.0,0.4,20.4,43.6,19.95,Antsiranana,-12.279,49.292,41.0
2016-03-31,29.9,25.8,27.5,0.0,22.1,47.5,25.07,Antsiranana,-12.279,49.292,41.0
2016-04-01,30.2,25.4,27.3,0.0,22.9,42.5,22.56,Antsiranana,-12.279,49.292,41.0
2016-04-02,30.5,25.5,27.7,0.0,21.9,47.2,22.33,Antsiranana,-12.279,49.292,41.0
2016-04-03,30.3,25.0,27.1,12.6,11.0,32.0,16.77,Antsiranana,-12.279,49.292,41.0
2016-04-04,28.6,24.8,26.4,96.6,14.3,34.2,11.69,Antsiranana,-12.279,49.292,41.0
2016-04-05,29.5,25.2,27.1,0.0,24.7,51.1,21.78,Antsiranana,-12.279,49.292,41.0
2016-04-06,29.5,25.8,27.4,0.0,24.1,51.8,21.9,Antsiranana,-12.279,49.292,41.0
2016-04-07,29.6,25.8,27.3,0.0,22.1,47.9,23.99,Antsiranana,-12.279,49.292,41.0
2016-04-08,29.4,25.9,27.1,0.0,19.5,41.8,19.25,Antsiranana,-12.279,49.292,41.0
2016-04-09,29.4,25.1,26.9,0.0,17.3,37.4,21.32,Antsiranana,-12.279,49.292,41.0
2016-04-10,29.0,24.8,26.7,0.0,31.4,63.7,21.06,Antsiranana,-12.279,49.292,41.0
2016-04-11,30.2,25.1,27.4,0.0,22.9,48.2,24.89,Antsiranana,-12.279,49.292,41.0
2016-04-12,29.2,23.3,26.5,28.1,30.6,63.7,21.47,Antsiranana,-12.279,49.292,41.0
2016-04-13,28.5,25.5,26.7,0.0,31.0,61.9,20.12,Antsiranana,-12.279,49.292,41.0
2016-04-14,29.5,25.3,27.0,0.0,30.6,62.3,22.77,Antsiranana,-12.279,49.292,41.0
2016-04-15,30.1,25.5,27.4,0.0,27.5,59.8,22.92,Antsiranana,-12.279,49.292,41.0
2016-04-16,30.5,26.0,27.7,0.0,28.3,58.3,21.48,Antsiranana,-12.279,49.292,41.0
2016-04-17,28.9,25.2,26.8,5.5,31.8,71.3,16.73,Antsiranana,-12.279,49.292,41.0
2016-04-18,26.5,24.9,25.6,10.2,38.2,73.4,9.02,Antsiranana,-12.279,49.292,41.0
2016-04-19,26.0,24.9,25.5,8.0,30.6,61.6,7.8,Antsiranana,-12.279,49.292,41.0
2016-04-20,29.9,25.0,26.9,0.2,10.6,21.6,21.37,Antsiranana,-12.279,49.292,41.0
2016-04-21,28.2,24.6,26.3,1.5,10.0,27.7,17.36,Antsiranana,-12.279,49.292,41.0
2016-04-22,28.5,24.7,26.4,0.7,10.0,24.1,18.04,Antsiranana,-12.279,49.292,41.0
2016-04-23,30.4,24.8,27.2,0.0,8.7,20.2,20.95,Antsiranana,-12.279,49.292,41.0
2016-04-24,28.3,25.4,26.7,0.0,26.6,55.1,18.3,Antsiranana,-12.279,49.292,41.0
2016-04-25,27.4,24.9,25.8,0.5,28.9,59.4,17.71,Antsiranana,-12.279,49.292,41.0
2016-04-26,28.0,24.6,26.1,0.0,30.6,63.7,20.58,Antsiranana,-12.279,49.292,41.0
2016-04-27,28.6,25.2,26.6,0.0,27.9,58.3,21.5,Antsiranana,-12.279,49.292,41.0
2016-04-28,29.2,24.5,26.3,0.0,16.8,36.7,23.13,Antsiranana,-12.279,49.292,41.0
2016-04-29,29.2,24.1,26.2,0.0,17.1,37.8,23.03,Antsiranana,-12.279,49.292,41.0
2016-04-30,28.9,24.0,26.1,0.0,19.3,42.5,23.19,Antsiranana,-12.279,49.292,41.0
2016-05-01,29.2,23.6,25.9,0.0,12.9,28.1,22.47,Antsiranana,-12.279,49.292,41.0
2016-05-02,29.4,23.8,26.1,0.0,9.2,23.8,22.64,Antsiranana,-12.279,49.292,41.0
2016-05-03,28.7,24.4,26.2,0.0,13.6,33.1,18.11,Antsiranana,-12.279,49.292,41.0
2016-05-04,29.2,24.3,26.2,0.1,12.8,31.7,15.43,Antsiranana,-12.279,49.292,41.0
2016-05-05,28.1,23.6,25.9,1.3,6.5,22.3,15.34,Antsiranana,-12.279,49.292,41.0
2016-05-06,27.7,24.1,25.8,0.5,17.6,38.9,17.62,Antsiranana,-12.279,49.292,41.0
2016-05-07,28.7,24.6,26.2,0.0,22.1,51.5,19.32,Antsiranana,-12.279,49.292,41.0
2016-05-08,29.2,24.6,26.4,0.0,24.3,50.4,21.34,Antsiranana,-12.279,49.292,41.0
2016-05-09,29.0,24.3,26.1,0.0,32.1,67.3,21.59,Antsiranana,-12.279,49.292,41.0
2016-05-10,28.1,23.8,25.4,0.0,33.9,72.0,21.96,Antsiranana,-12.279,49.292,41.0
2016-05-11,28.1,23.6,25.4,0.0,32.8,69.5,21.91,Antsiranana,-12.279,49.292,41.0
2016-05-12,28.2,23.8,25.5,0.0,29.0,62.6,17.13,Antsiranana,-12.279,49.292,41.0
2016-05-13,28.2,24.5,25.9,0.0,24.7,55.4,13.05,Antsiranana,-12.279,49.292,41.0
2016-05-14,28.8,24.5,26.1,0.0,29.0,62.3,20.24,Antsiranana,-12.279,49.292,41.0
2016-05-15,29.2,24.5,26.4,0.0,36.2,75.2,20.13,Antsiranana,-12.279,49.292,41.0
2016-05-16,28.8,24.4,26.1,0.0,30.2,63.7,21.1,Antsiranana,-12.279,49.292,41.0
2016-05-17,29.1,24.0,25.9,0.0,21.6,46.8,21.54,Antsiranana,-12.279,49.292,41.0
2016-05-18,28.0,23.2,25.2,0.0,10.7,25.9,16.81,Antsiranana,-12.279,49.292,41.0
2016-05-19,28.4,23.1,25.4,0.0,20.9,46.1,19.14,Antsiranana,-12.279,49.292,41.0
2016-05-20,27.9,22.5,24.9,0.0,24.5,52.2,21.18,Antsiranana,-12.279,49.292,41.0
2016-05-21,28.1,22.7,24.7,0.0,23.8,51.8,19.71,Antsiranana,-12.279,49.292,41.0
2016-05-22,27.3,22.3,24.3,0.0,27.3,56.2,20.59,Antsiranana,-12.279,49.292,41.0
2016-05-23,27.6,22.5,24.6,0.0,26.6,56.9,20.33,Antsiranana,-12.279,49.292,41.0
2016-05-24,27.3,22.6,24.4,0.0,30.7,65.2,20.8,Antsiranana,-12.279,49.292,41.0
2016-05-25,27.1,22.6,24.5,0.0,29.0,61.9,18.96,Antsiranana,-12.279,49.292,41.0
2016-05-26,27.9,22.9,24.9,0.0,23.7,52.2,18.57,Antsiranana,-12.279,49.292,41.0
2016-05-27,28.1,22.8,24.9,0.0,19.1,42.8,20.66,Antsiranana,-12.279,49.292,41.0
2016-05-28,28.3,22.3,24.7,0.0,8.2,26.6,18.89,Antsiranana,-12.279,49.292,41.0
2016-05-29,28.5,22.3,25.0,0.0,11.0,25.6,19.93,Antsiranana,-12.279,49.292,41.0
2016-05-30,28.5,22.8,25.1,0.0,11.0,27.4,18.81,Antsiranana,-12.279,49.292,41.0
2016-05-31,26.9,22.9,24.7,0.8,16.9,37.4,15.35,Antsiranana,-12.279,49.292,41.0
2016-06-01,27.5,23.0,24.8,0.0,31.1,65.2,18.04,Antsiranana,-12.279,49.292,41.0
2016-06-02,28.4,23.1,25.3,0.0,26.4,57.2,19.67,Antsiranana,-12.279,49.292,41.0
2016-06-03,27.0,23.4,24.9,0.0,33.1,67.7,15.11,Antsiranana,-12.279,49.292,41.0
2016-06-04,27.7,23.3,25.0,0.0,30.9,63.4,18.27,Antsiranana,-12.279,49.292,41.0
2016-06-05,28.0,23.0,25.1,0.0,21.6,47.9,19.11,Antsiranana,-12.279,49.292,41.0
2016-06-06,28.4,23.1,25.2,0.0,16.8,38.5,18.16,Antsiranana,-12.279,49.292,41.0
2016-06-07,28.0,22.8,24.9,0.0,20.7,46.1,19.06,Antsiranana,-12.279,49.292,41.0
2016-06-08,27.8,22.9,24.7,0.0,28.0,60.8,19.54,Antsiranana,-12.279,49.292,41.0
2016-06-09,26.8,22.0,24.0,0.0,30.4,64.1,19.72,Antsiranana,-12.279,49.292,41.0
2016-06-10,27.4,21.9,24.1,0.0,26.7,58.3,19.36,Antsiranana,-12.279,49.292,41.0
2016-06-11,26.4,22.8,24.2,1.0,26.3,56.2,6.85,Antsiranana,-12.279,49.292,41.0
2016-06-12,26.9,22.4,24.3,4.7,17.1,39.6,8.33,Antsiranana,-12.279,49.292,41.0
2016-06-13,25.8,22.6,23.8,5.4,37.7,81.7,12.3,Antsiranana,-12.279,49.292,41.0
2016-06-14,26.3,23.3,24.3,0.0,43.9,88.2,15.12,Antsiranana,-12.279,49.292,41.0
2016-06-15,26.9,23.0,24.4,0.0,31.3,63.7,17.57,Antsiranana,-12.279,49.292,41.0
2016-06-16,27.8,22.8,24.8,0.0,23.6,51.5,17.49,Antsiranana,-12.279,49.292,41.0
2016-06-17,26.3,22.8,24.2,0.0,27.3,57.6,14.28,Antsiranana,-12.279,49.292,41.0
2016-06-18,26.5,22.4,23.9,0.0,30.3,65.5,19.33,Antsiranana,-12.279,49.292,41.0
2016-06-19,26.1,22.1,23.6,0.0,31.7,67.7,18.06,Antsiranana,-12.279,49.292,41.0
2016-06-20,26.6,21.7,23.5,0.0,29.9,64.8,17.69,Antsiranana,-12.279,49.292,41.0
2016-06-21,26.6,22.4,23.9,0.0,30.6,65.2,18.44,Antsiranana,-12.279,49.292,41.0
2016-06-22,26.6,22.1,23.8,0.0,31.4,67.7,17.6,Antsiranana,-12.279,49.292,41.0
2016-06-23,26.1,21.7,23.6,0.0,29.3,63.4,16.34,Antsiranana,-12.279,49.292,41.0
2016-06-24,26.3,22.6,23.9,0.0,33.5,69.5,17.17,Antsiranana,-12.279,49.292,41.0
2016-06-25,26.3,22.6,24.0,0.0,35.8,77.4,18.87,Antsiranana,-12.279,49.292,41.0
2016-06-26,25.9,21.8,23.3,0.0,36.8,76.7,18.49,Antsiranana,-12.279,49.292,41.0
2016-06-27,25.8,21.7,23.4,0.0,31.3,67.0,18.44,Antsiranana,-12.279,49.292,41.0
2016-06-28,26.2,21.6,23.5,0.0,31.4,65.9,19.11,Antsiranana,-12.279,49.292,41.0
2016-06-29,27.1,21.9,24.1,0.0,27.5,60.1,16.72,Antsiranana,-12.279,49.292,41.0
2016-06-30,27.4,22.3,24.3,0.0,26.1,55.4,19.46,Antsiranana,-12.279,49.292,41.0
2016-07-01,26.4,21.6,23.5,0.0,29.0,61.9,19.98,Antsiranana,-12.279,49.292,41.0
2016-07-02,26.2,21.4,23.3,0.0,31.5,68.8,18.43,Antsiranana,-12.279,49.292,41.0
2016-07-03,25.5,21.1,22.9,0.0,28.2,60.5,18.82,Antsiranana,-12.279,49.292,41.0
2016-07-04,26.7,21.0,23.4,0.0,22.2,47.9,18.67,Antsiranana,-12.279,49.292,41.0
2016-07-05,26.5,21.0,23.4,0.0,20.1,45.7,17.55,Antsiranana,-12.279,49.292,41.0
2016-07-06,26.7,21.4,23.5,0.0,25.0,53.3,19.59,Antsiranana,-12.279,49.292,41.0
2016-07-07,25.8,21.0,23.1,0.0,28.9,60.5,18.18,Antsiranana,-12.279,49.292,41.0
2016-07-08,26.6,20.9,23.3,0.0,22.4,49.3,18.88,Antsiranana,-12.279,49.292,41.0
2016-07-09,25.7,21.0,22.9,0.0,19.1,42.1,14.5,Antsiranana,-12.279,49.292,41.0
2016-07-10,26.7,21.1,23.4,0.0,22.0,45.7,20.17,Antsiranana,-12.279,49.292,41.0
2016-07-11,26.7,21.0,23.3,0.0,25.1,54.4,20.18,Antsiranana,-12.279,49.292,41.0
2016-07-12,26.4,20.6,22.9,0.0,29.8,63.0,20.33,Antsiranana,-12.279,49.292,41.0
2016-07-13,26.3,21.0,23.1,0.0,27.6,61.2,18.06,Antsiranana,-12.279,49.292,41.0
2016-07-14,26.5,21.0,23.3,0.0,28.2,57.6,19.2,Antsiranana,-12.279,49.292,41.0
2016-07-15,26.1,21.1,23.1,0.0,27.1,60.1,18.79,Antsiranana,-12.279,49.292,41.0
2016-07-16,26.1,21.0,22.9,0.0,29.2,63.0,19.83,Antsiranana,-12.279,49.292,41.0
2016-07-17,26.6,21.1,23.3,0.0,28.3,61.6,20.47,Antsiranana,-12.279,49.292,41.0
2016-07-18,27.8,21.2,23.9,0.0,21.7,47.9,19.02,Antsiranana,-12.279,49.292,41.0
2016-07-19,27.7,22.8,25.0,0.0,22.2,50.4,10.88,Antsiranana,-12.279,49.292,41.0
2016-07-20,27.3,21.3,24.2,0.6,11.5,31.7,16.12,Antsiranana,-12.279,49.292,41.0
2016-07-21,27.5,22.0,24.4,0.0,19.2,41.8,18.69,Antsiranana,-12.279,49.292,41.0
2016-07-22,26.7,22.1,24.0,0.1,30.2,64.1,16.55,Antsiranana,-12.279,49.292,41.0
2016-07-23,26.4,22.1,23.8,0.0,32.2,68.4,18.47,Antsiranana,-12.279,49.292,41.0
2016-07-24,26.2,22.3,23.7,0.0,34.9,74.2,18.57,Antsiranana,-12.279,49.292,41.0
2016-07-25,26.0,21.3,23.2,0.0,33.3,69.8,19.78,Antsiranana,-12.279,49.292,41.0
2016-07-26,24.2,21.3,22.4,0.9,29.3,61.6,15.43,Antsiranana,-12.279,49.292,41.0
2016-07-27,26.3,21.3,23.2,0.0,32.3,69.1,20.74,Antsiranana,-12.279,49.292,41.0
2016-07-28,26.4,20.9,23.0,0.0,27.3,59.0,21.1,Antsiranana,-12.279,49.292,41.0
2016-07-29,26.1,21.1,23.1,0.0,27.4,60.8,19.84,Antsiranana,-12.279,49.292,41.0
2016-07-30,26.4,21.4,23.4,0.1,24.9,54.0,18.87,Antsiranana,-12.279,49.292,41.0
2016-07-31,27.8,21.5,23.9,0.0,13.8,32.4,19.31,Antsiranana,-12.279,49.292,41.0
2016-08-01,27.2,21.2,23.7,0.0,19.9,43.9,20.85,Antsiranana,-12.279,49.292,41.0
2016-08-02,26.9,20.9,23.7,0.0,18.1,40.3,16.31,Antsiranana,-12.279,49.292,41.0
2016-08-03,25.7,22.4,23.4,0.0,22.7,47.5,7.97,Antsiranana,-12.279,49.292,41.0
2016-08-04,26.9,22.5,24.3,0.0,23.0,50.8,15.99,Antsiranana,-12.279,49.292,41.0
2016-08-05,25.0,22.8,23.5,0.9,28.0,57.6,10.39,Antsiranana,-12.279,49.292,41.0
2016-08-06,26.9,22.4,24.0,0.0,31.1,65.9,20.25,Antsiranana,-12.279,49.292,41.0
2016-08-07,27.1,22.1,23.9,0.0,30.9,67.0,22.02,Antsiranana,-12.279,49.292,41.0
2016-08-08,27.5,22.1,24.2,0.0,30.5,64.8,21.77,Antsiranana,-12.279,49.292,41.0
2016-08-09,26.6,21.6,23.6,0.0,30.0,65.9,22.22,Antsiranana,-12.279,49.292,41.0
2016-08-10,26.4,21.1,23.3,0.0,28.4,61.9,22.3,Antsiranana,-12.279,49.292,41.0
2016-08-11,27.0,21.2,23.5,0.0,15.4,32.0,17.77,Antsiranana,-12.279,49.292,41.0
2016-08-12,27.1,21.2,23.7,0.0,21.4,47.2,22.06,Antsiranana,-12.279,49.292,41.0
2016-08-13,27.4,21.4,23.8,0.0,26.8,57.2,21.86,Antsiranana,-12.279,49.292,41.0
2016-08-14,26.9,21.7,23.7,0.0,33.2,71.6,20.52,Antsiranana,-12.279,49.292,41.0
2016-08-15,27.5,21.9,24.2,0.0,29.0,62.3,20.71,Antsiranana,-12.279,49.292,41.0
2016-08-16,27.3,22.1,24.1,0.0,34.1,71.3,21.46,Antsiranana,-12.279,49.292,41.0
2016-08-17,26.7,21.7,23.6,0.0,35.2,74.5,23.08,Antsiranana,-12.279,49.292,41.0
2016-08-18,26.3,21.5,23.4,0.0,31.7,68.0,22.48,Antsiranana,-12.279,49.292,41.0
2016-08-19,27.0,21.2,23.5,0.0,32.0,66.2,22.98,Antsiranana,-12.279,49.292,41.0
2016-08-20,26.3,21.6,23.5,0.0,29.9,64.1,18.99,Antsiranana,-12.279,49.292,41.0
2016-08-21,27.0,21.5,23.9,0.0,24.9,55.1,21.23,Antsiranana,-12.279,49.292,41.0
2016-08-22,27.0,21.2,23.7,0.0,26.3,57.6,23.75,Antsiranana,-12.279,49.292,41.0
2016-08-23,26.8,21.3,23.6,0.0,29.7,64.8,23.46,Antsiranana,-12.279,49.292,41.0
2016-08-24,26.9,21.1,23.5,0.0,31.1,65.2,22.87,Antsiranana,-12.279,49.292,41.0
2016-08-25,27.4,21.2,23.8,0.0,29.3,61.9,23.53,Antsiranana,-12.279,49.292,41.0
2016-08-26,27.4,21.8,23.9,0.0,28.5,62.3,23.51,Antsiranana,-12.279,49.292,41.0
2016-08-27,27.1,21.6,23.8,0.0,33.0,72.4,24.11,Antsiranana,-12.279,49.292,41.0
2016-08-28,26.4,21.2,23.3,0.0,39.6,82.1,23.19,Antsiranana,-12.279,49.292,41.0
2016-08-29,26.4,20.5,22.8,0.1,35.9,76.0,23.5,Antsiranana,-12.279,49.292,41.0
2016-08-30,26.7,20.4,22.8,0.0,35.3,71.6,24.81,Antsiranana,-12.279,49.292,41.0
2016-08-31,25.4,20.6,22.5,0.0,36.4,77.8,23.37,Antsiranana,-12.279,49.292,41.0
2016-09-01,25.7,20.8,22.8,0.0,38.4,79.9,24.0,Antsiranana,-12.279,49.292,41.0
2016-09-02,24.7,20.0,21.9,0.0,34.3,73.1,20.64,Antsiranana,-12.279,49.292,41.0
2016-09-03,25.8,20.5,22.5,0.0,34.4,73.1,23.52,Antsiranana,-12.279,49.292,41.0
2016-09-04,25.5,20.5,22.7,0.0,33.2,72.4,23.61,Antsiranana,-12.279,49.292,41.0
2016-09-05,26.1,20.6,22.8,0.0,32.2,69.1,25.19,Antsiranana,-12.279,49.292,41.0
2016-09-06,26.3,21.0,23.3,0.0,33.4,70.9,24.13,Antsiranana,-12.279,49.292,41.0
2016-09-07,27.2,21.3,23.7,0.0,28.7,62.6,23.76,Antsiranana,-12.279,49.292,41.0
2016-09-08,28.1,21.4,24.2,0.0,27.7,61.6,19.36,Antsiranana,-12.279,49.292,41.0
2016-09-09,27.0,22.2,24.0,0.0,31.4,67.0,22.14,Antsiranana,-12.279,49.292,41.0
2016-09-10,27.2,21.3,23.7,0.0,30.6,66.2,25.89,Antsiranana,-12.279,49.292,41.0
2016-09-11,26.7,21.4,23.7,0.0,28.0,61.9,23.59,Antsiranana,-12.279,49.292,41.0
2016-09-12,27.0,21.4,23.6,0.0,30.3,68.4,24.62,Antsiranana,-12.279,49.292,41.0
2016-09-13,27.3,21.2,23.7,0.0,27.7,63.0,25.41,Antsiranana,-12.279,49.292,41.0
2016-09-14,26.8,21.2,23.5,0.0,32.1,70.6,24.52,Antsiranana,-12.279,49.292,41.0
2016-09-15,26.6,21.3,23.5,0.0,25.3,55.4,25.21,Antsiranana,-12.279,49.292,41.0
2016-09-16,25.5,21.1,23.1,0.0,30.0,65.9,18.93,Antsiranana,-12.279,49.292,41.0
2016-09-17,26.0,21.5,23.2,0.0,32.4,68.4,21.54,Antsiranana,-12.279,49.292,41.0
2016-09-18,26.6,21.1,23.3,0.0,34.9,74.9,26.27,Antsiranana,-12.279,49.292,41.0
2016-09-19,26.4,20.7,23.1,0.0,32.7,70.6,26.65,Antsiranana,-12.279,49.292,41.0
2016-09-20,27.8,20.6,23.5,0.0,25.6,57.2,25.56,Antsiranana,-12.279,49.292,41.0
2016-09-21,27.4,21.4,23.9,0.0,28.1,63.0,24.69,Antsiranana,-12.279,49.292,41.0
2016-09-22,26.8,21.9,23.9,0.0,29.3,62.3,22.99,Antsiranana,-12.279,49.292,41.0
2016-09-23,27.0,21.7,23.8,0.0,30.3,66.6,26.23,Antsiranana,-12.279,49.292,41.0
2016-09-24,27.5,21.7,23.9,0.0,24.8,55.1,22.44,Antsiranana,-12.279,49.292,41.0
2016-09-25,27.9,21.6,24.2,0.0,22.2,50.8,25.41,Antsiranana,-12.279,49.292,41.0
2016-09-26,28.0,21.9,24.4,0.0,26.3,56.9,25.01,Antsiranana,-12.279,49.292,41.0
2016-09-27,27.0,22.2,24.1,0.0,35.3,72.7,23.38,Antsiranana,-12.279,49.292,41.0
2016-09-28,26.9,21.8,23.9,0.0,35.9,77.0,26.86,Antsiranana,-12.279,49.292,41.0
2016-09-29,26.3,21.8,23.9,0.0,35.3,74.2,23.41,Antsiranana,-12.279,49.292,41.0
2016-09-30,27.2,21.7,23.9,0.0,30.7,67.3,24.75,Antsiranana,-12.279,49.292,41.0
2016-10-01,27.4,21.6,24.0,0.0,28.7,63.0,26.82,Antsiranana,-12.279,49.292,41.0
2016-10-02,27.7,21.3,24.0,0.0,27.1,59.8,27.24,Antsiranana,-12.279,49.292,41.0
2016-10-03,28.2,21.8,24.5,0.0,15.3,36.0,24.16,Antsiranana,-12.279,49.292,41.0
2016-10-04,28.3,22.0,24.7,1.3,8.7,28.1,22.38,Antsiranana,-12.279,49.292,41.0
2016-10-05,27.7,22.0,24.9,1.0,12.4,33.8,20.39,Antsiranana,-12.279,49.292,41.0
2016-10-06,28.6,22.0,25.2,0.0,17.3,41.8,25.66,Antsiranana,-12.279,49.292,41.0
2016-10-07,28.9,22.5,25.2,0.0,15.6,41.0,25.45,Antsiranana,-12.279,49.292,41.0
2016-10-08,28.2,21.2,24.9,0.0,25.5,55.8,26.35,Antsiranana,-12.279,49.292,41.0
2016-10-09,27.7,22.8,24.9,0.0,33.1,72.4,25.78,Antsiranana,-12.279,49.292,41.0
2016-10-10,27.1,22.5,24.5,0.0,34.3,72.7,22.96,Antsiranana,-12.279,49.292,41.0
2016-10-11,27.8,22.4,24.7,0.0,31.3,68.4,28.35,Antsiranana,-12.279,49.292,41.0
2016-10-12,28.2,22.4,24.8,0.0,30.1,67.0,28.07,Antsiranana,-12.279,49.292,41.0
2016-10-13,28.2,22.2,24.7,0.0,30.6,65.9,25.75,Antsiranana,-12.279,49.292,41.0
2016-10-14,28.4,22.1,24.8,0.0,23.2,53.3,27.27,Antsiranana,-12.279,49.292,41.0
2016-10-15,27.7,22.0,24.6,0.0,21.2,50.8,22.67,Antsiranana,-12.279,49.292,41.0
2016-10-16,27.8,22.4,24.8,0.0,24.7,55.4,26.41,Antsiranana,-12.279,49.292,41.0
2016-10-17,27.8,22.1,24.5,0.0,27.9,60.1,26.62,Antsiranana,-12.279,49.292,41.0
2016-10-18,28.6,22.0,24.9,0.0,28.4,63.4,28.16,Antsiranana,-12.279,49.292,41.0
2016-10-19,26.2,22.3,24.1,0.2,30.8,64.8,21.65,Antsiranana,-12.279,49.292,41.0
2016-10-20,28.3,22.3,24.7,0.0,32.6,70.2,28.35,Antsiranana,-12.279,49.292,41.0
2016-10-21,28.5,22.5,25.0,0.0,31.2,67.7,26.23,Antsiranana,-12.279,49.292,41.0
2016-10-22,27.7,22.5,24.5,0.0,31.7,74.2,25.2,Antsiranana,-12.279,49.292,41.0
2016-10-23,29.0,22.5,25.0,0.0,28.6,63.7,29.02,Antsiranana,-12.279,49.292,41.0
2016-10-24,28.6,23.2,25.4,0.0,32.4,70.9,26.24,Antsiranana,-12.279,49.292,41.0
2016-10-25,29.0,23.1,25.5,0.0,29.1,63.4,27.44,Antsiranana,-12.279,49.292,41.0
2016-10-26,28.3,23.2,25.3,0.0,26.8,63.4,24.08,Antsiranana,-12.279,49.292,41.0
2016-10-27,28.8,23.3,25.4,0.0,27.3,58.3,27.31,Antsiranana,-12.279,49.292,41.0
2016-10-28,29.0,23.0,25.5,0.0,22.3,50.8,27.76,Antsiranana,-12.279,49.292,41.0
2016-10-29,29.4,23.0,25.6,0.0,18.0,41.8,25.64,Antsiranana,-12.279,49.292,41.0
2016-10-30,28.0,23.4,25.3,0.0,22.3,52.9,21.18,Antsiranana,-12.279,49.292,41.0
2016-10-31,28.8,23.1,25.6,0.0,22.0,49.7,27.93,Antsiranana,-12.279,49.292,41.0
2016-11-01,27.6,23.2,25.3,1.3,20.8,46.8,20.17,Antsiranana,-12.279,49.292,41.0
2016-11-02,27.6,23.2,25.2,1.7,17.8,41.4,20.4,Antsiranana,-12.279,49.292,41.0
2016-11-03,27.7,23.6,25.4,0.5,20.9,42.5,18.59,Antsiranana,-12.279,49.292,41.0
2016-11-04,28.6,23.2,25.4,0.0,29.4,63.7,28.44,Antsiranana,-12.279,49.292,41.0
2016-11-05,28.1,23.1,25.2,0.0,32.1,71.3,26.87,Antsiranana,-12.279,49.292,41.0
2016-11-06,28.4,23.1,25.3,0.0,34.1,72.7,25.58,Antsiranana,-12.279,49.292,41.0
2016-11-07,28.0,22.8,24.9,0.0,33.9,72.4,28.12,Antsiranana,-12.279,49.292,41.0
2016-11-08,28.4,22.5,25.0,0.0,30.2,66.2,28.61,Antsiranana,-12.279,49.292,41.0
2016-11-09,28.3,22.9,25.0,0.0,23.5,53.3,23.78,Antsiranana,-12.279,49.292,41.0
2016-11-10,27.6,22.4,24.8,0.4,19.9,45.0,19.36,Antsiranana,-12.279,49.292,41.0
2016-11-11,28.9,22.9,25.4,0.0,15.4,37.4,24.02,Antsiranana,-12.279,49.292,41.0
2016-11-12,28.7,23.2,25.6,0.0,16.5,40.0,22.83,Antsiranana,-12.279,49.292,41.0
2016-11-13,29.1,23.2,25.8,0.0,19.4,46.1,25.38,Antsiranana,-12.279,49.292,41.0
2016-11-14,28.7,23.4,25.8,0.0,25.1,56.2,22.87,Antsiranana,-12.279,49.292,41.0
2016-11-15,29.2,23.9,26.2,0.3,24.6,60.5,25.21,Antsiranana,-12.279,49.292,41.0
2016-11-16,27.8,23.8,25.4,0.5,27.3,56.5,20.3,Antsiranana,-12.279,49.292,41.0
2016-11-17,29.1,23.7,25.8,0.0,25.8,58.3,27.46,Antsiranana,-12.279,49.292,41.0
2016-11-18,29.6,23.5,25.9,0.0,24.2,52.2,27.42,Antsiranana,-12.279,49.292,41.0
2016-11-19,28.9,23.5,25.9,0.1,17.4,41.0,23.53,Antsiranana,-12.279,49.292,41.0
2016-11-20,28.8,23.4,25.8,0.0,24.9,55.1,25.19,Antsiranana,-12.279,49.292,41.0
2016-11-21,29.4,23.6,26.1,0.0,26.2,58.7,28.86,Antsiranana,-12.279,49.292,41.0
2016-11-22,28.9,23.5,25.7,0.0,26.3,60.8,23.91,Antsiranana,-12.279,49.292,41.0
2016-11-23,30.0,23.7,26.4,0.0,22.4,49.0,28.09,Antsiranana,-12.279,49.292,41.0
2016-11-24,28.6,23.8,25.9,1.2,23.1,51.8,22.61,Antsiranana,-12.279,49.292,41.0
2016-11-25,30.2,23.7,26.4,0.0,26.8,56.2,29.51,Antsiranana,-12.279,49.292,41.0
2016-11-26,29.1,24.0,26.1,0.0,25.4,57.2,24.81,Antsiranana,-12.279,49.292,41.0
2016-11-27,29.3,24.1,26.3,0.0,19.0,43.9,25.98,Antsiranana,-12.279,49.292,41.0
2016-11-28,29.5,23.6,26.3,0.2,14.1,31.3,24.14,Antsiranana,-12.279,49.292,41.0
2016-11-29,28.9,24.0,26.3,0.2,16.6,39.6,22.08,Antsiranana,-12.279,49.292,41.0
2016-11-30,29.4,24.2,26.5,0.0,15.5,38.9,24.41,Antsiranana,-12.279,49.292,41.0
2016-12-01,29.4,23.9,26.3,2.8,11.3,36.0,20.94,Antsiranana,-12.279,49.292,41.0
2016-12-02,28.7,23.7,26.3,1.4,12.4,32.4,20.78,Antsiranana,-12.279,49.292,41.0
2016-12-03,30.7,22.7,27.0,0.0,15.5,41.4,26.57,Antsiranana,-12.279,49.292,41.0
2016-12-04,28.1,24.2,26.0,9.9,10.9,19.8,15.25,Antsiranana,-12.279,49.292,41.0
2016-12-05,27.9,23.7,25.5,3.9,19.5,45.0,20.68,Antsiranana,-12.279,49.292,41.0
2016-12-06,29.7,24.6,26.6,0.1,21.0,46.8,27.18,Antsiranana,-12.279,49.292,41.0
2016-12-07,28.8,23.8,26.2,0.0,21.7,50.8,23.61,Antsiranana,-12.279,49.292,41.0
2016-12-08,30.0,24.5,26.9,0.0,18.1,43.9,24.19,Antsiranana,-12.279,49.292,41.0
2016-12-09,29.4,24.5,26.4,1.9,22.2,52.2,23.77,Antsiranana,-12.279,49.292,41.0
2016-12-10,29.4,24.4,26.5,0.0,24.2,52.6,25.01,Antsiranana,-12.279,49.292,41.0
2016-12-11,29.2,24.0,26.2,0.4,22.3,49.3,22.89,Antsiranana,-12.279,49.292,41.0
2016-12-12,30.0,24.2,26.7,0.0,21.7,48.6,26.02,Antsiranana,-12.279,49.292,41.0
2016-12-13,29.4,24.2,26.5,0.2,20.2,47.5,25.0,Antsiranana,-12.279,49.292,41.0
2016-12-14,28.9,24.0,26.5,0.7,22.9,49.0,22.78,Antsiranana,-12.279,49.292,41.0
2016-12-15,28.7,24.1,26.2,0.2,21.7,51.1,23.11,Antsiranana,-12.279,49.292,41.0
2016-12-16,29.8,24.7,26.7,0.5,24.1,52.9,24.95,Antsiranana,-12.279,49.292,41.0
2016-12-17,29.7,24.0,26.6,0.0,20.7,47.2,25.66,Antsiranana,-12.279,49.292,41.0
2016-12-18,29.4,24.3,26.7,0.0,19.4,45.0,25.46,Antsiranana,-12.279,49.292,41.0
2016-12-19,30.5,24.4,27.0,0.0,22.5,48.2,27.5,Antsiranana,-12.279,49.292,41.0
2016-12-20,29.4,24.2,26.6,0.0,23.4,52.6,25.3,Antsiranana,-12.279,49.292,41.0
2016-12-21,29.7,24.2,26.7,0.1,19.8,42.8,22.82,Antsiranana,-12.279,49.292,41.0
2016-12-22,30.2,24.0,26.8,0.0,15.6,36.7,24.13,Antsiranana,-12.279,49.292,41.0
2016-12-23,29.7,24.7,26.8,1.1,18.1,42.8,23.35,Antsiranana,-12.279,49.292,41.0
2016-12-24,29.7,24.5,26.8,0.0,22.3,49.3,24.83,Antsiranana,-12.279,49.292,41.0
2016-12-25,31.3,24.6,27.5,0.0,19.5,44.6,27.49,Antsiranana,-12.279,49.292,41.0
2016-12-26,29.9,24.8,27.0,0.1,25.5,55.8,24.41,Antsiranana,-12.279,49.292,41.0
2016-12-27,31.0,24.9,27.4,0.0,28.6,64.1,27.51,Antsiranana,-12.279,49.292,41.0
2016-12-28,30.7,24.8,27.0,0.0,30.1,69.5,27.75,Antsiranana,-12.279,49.292,41.0
2016-12-29,29.5,24.6,26.7,0.3,27.9,61.9,24.25,Antsiranana,-12.279,49.292,41.0
2016-12-30,30.8,24.5,27.1,0.0,21.6,49.0,24.24,Antsiranana,-12.279,49.292,41.0
2016-12-31,30.3,25.0,27.0,0.1,10.2,33.1,22.16,Antsiranana,-12.279,49.292,41.0
2017-01-01,31.1,24.0,27.2,0.5,19.1,50.4,21.67,Antsiranana,-12.279,49.292,41.0
2017-01-02,29.5,24.7,26.8,2.2,12.0,34.2,19.71,Antsiranana,-12.279,49.292,41.0
2017-01-03,30.6,23.8,26.8,8.0,14.7,38.2,21.95,Antsiranana,-12.279,49.292,41.0
2017-01-04,31.7,24.2,26.7,8.7,16.6,40.0,22.06,Antsiranana,-12.279,49.292,41.0
2017-01-05,30.1,24.2,26.9,0.9,25.1,57.2,24.72,Antsiranana,-12.279,49.292,41.0
2017-01-06,25.6,22.8,24.5,18.2,25.1,53.6,9.59,Antsiranana,-12.279,49.292,41.0
2017-01-07,27.8,23.6,25.0,6.3,24.9,54.7,20.41,Antsiranana,-12.279,49.292,41.0
2017-01-08,28.4,23.0,25.5,3.7,22.9,50.0,20.59,Antsiranana,-12.279,49.292,41.0
2017-01-09,28.7,23.9,26.1,1.9,17.4,40.3,19.89,Antsiranana,-12.279,49.292,41.0
2017-01-10,27.6,23.4,25.7,2.5,16.9,37.8,14.51,Antsiranana,-12.279,49.292,41.0
2017-01-11,29.1,23.9,26.3,0.6,19.5,45.0,24.68,Antsiranana,-12.279,49.292,41.0
2017-01-12,29.8,24.3,26.7,1.5,20.3,46.4,22.18,Antsiranana,-12.279,49.292,41.0
2017-01-13,29.1,23.9,25.4,9.8,18.4,50.4,16.62,Antsiranana,-12.279,49.292,41.0
2017-01-14,29.4,23.3,25.9,0.3,22.9,50.8,24.44,Antsiranana,-12.279,49.292,41.0
2017-01-15,29.8,23.3,26.1,0.5,19.7,46.4,26.19,Antsiranana,-12.279,49.292,41.0
2017-01-16,30.1,23.6,26.6,1.0,22.8,54.0,27.28,Antsiranana,-12.279,49.292,41.0
2017-01-17,28.8,23.7,25.9,0.6,25.4,56.5,21.6,Antsiranana,-12.279,49.292,41.0
2017-01-18,28.0,24.0,25.3,3.4,23.7,53.6,18.82,Antsiranana,-12.279,49.292,41.0
2017-01-19,29.9,23.8,26.2,0.5,24.7,54.7,22.26,Antsiranana,-12.279,49.292,41.0
2017-01-20,29.7,23.7,26.2,0.1,18.9,43.6,24.7,Antsiranana,-12.279,49.292,41.0
2017-01-21,29.6,23.5,26.4,0.4,13.4,31.3,22.54,Antsiranana,-12.279,49.292,41.0
2017-01-22,30.0,24.1,26.1,0.9,18.5,46.8,20.14,Antsiranana,-12.279,49.292,41.0
2017-01-23,30.7,24.3,26.8,0.3,22.7,52.2,24.41,Antsiranana,-12.279,49.292,41.0
2017-01-24,30.8,23.7,26.5,2.3,21.3,49.7,22.82,Antsiranana,-12.279,49.292,41.0
2017-01-25,30.4,23.9,26.2,14.0,18.0,42.5,20.59,Antsiranana,-12.279,49.292,41.0
2017-01-26,29.5,24.0,26.2,2.9,14.5,33.8,15.9,Antsiranana,-12.279,49.292,41.0
2017-01-27,29.9,23.8,26.2,6.2,11.3,29.5,17.22,Antsiranana,-12.279,49.292,41.0
2017-01-28,28.7,24.0,26.0,3.0,10.8,27.0,16.95,Antsiranana,-12.279,49.292,41.0
2017-01-29,28.6,23.5,25.7,4.7,7.8,23.8,17.22,Antsiranana,-12.279,49.292,41.0
2017-01-30,28.7,23.3,25.5,4.3,12.6,31.7,19.9,Antsiranana,-12.279,49.292,41.0
2017-01-31,30.0,23.5,26.3,1.1,18.3,40.7,20.75,Antsiranana,-12.279,49.292,41.0
2017-02-01,30.2,24.0,26.9,0.8,22.5,48.6,22.43,Antsiranana,-12.279,49.292,41.0
2017-02-02,30.9,24.8,27.5,0.5,19.4,43.2,23.48,Antsiranana,-12.279,49.292,41.0
2017-02-03,30.2,24.1,26.0,14.6,8.4,25.2,21.08,Antsiranana,-12.279,49.292,41.0
2017-02-04,29.9,23.5,26.3,2.5,14.4,37.1,24.75,Antsiranana,-12.279,49.292,41.0
2017-02-05,29.5,23.9,26.1,2.5,27.6,60.5,23.28,Antsiranana,-12.279,49.292,41.0
2017-02-06,28.8,24.1,26.0,3.4,23.1,51.5,20.34,Antsiranana,-12.279,49.292,41.0
2017-02-07,26.1,23.8,24.7,14.8,16.9,39.6,10.63,Antsiranana,-12.279,49.292,41.0
2017-02-08,28.2,23.9,25.4,11.4,17.6,40.0,17.28,Antsiranana,-12.279,49.292,41.0
2017-02-09,29.8,23.9,26.3,2.2,17.4,40.0,21.73,Antsiranana,-12.279,49.292,41.0
2017-02-10,29.8,24.6,27.0,1.7,17.4,40.0,23.39,Antsiranana,-12.279,49.292,41.0
2017-02-11,29.3,24.6,26.7,4.5,13.3,32.0,19.76,Antsiranana,-12.279,49.292,41.0
2017-02-12,28.9,23.3,25.9,2.9,15.4,35.3,23.86,Antsiranana,-12.279,49.292,41.0
2017-02-13,29.5,24.1,26.7,0.5,16.7,38.5,25.73,Antsiranana,-12.279,49.292,41.0
2017-02-14,29.2,23.9,26.6,0.9,21.0,47.9,22.45,Antsiranana,-12.279,49.292,41.0
2017-02-15,29.8,24.6,26.9,0.6,23.9,53.3,23.52,Antsiranana,-12.279,49.292,41.0
2017-02-16,30.1,24.7,26.8,3.2,25.5,56.5,24.72,Antsiranana,-12.279,49.292,41.0
2017-02-17,30.3,24.2,26.6,3.1,20.9,50.8,24.34,Antsiranana,-12.279,49.292,41.0
2017-02-18,28.4,24.1,25.5,1.8,15.5,36.4,19.21,Antsiranana,-12.279,49.292,41.0
2017-02-19,28.0,23.9,26.0,0.6,12.4,31.3,19.89,Antsiranana,-12.279,49.292,41.0
2017-02-20,28.7,23.9,26.0,5.6,13.6,33.1,17.79,Antsiranana,-12.279,49.292,41.0
2017-02-21,29.0,24.1,25.7,10.1,11.0,27.7,18.12,Antsiranana,-12.279,49.292,41.0
2017-02-22,28.7,23.5,25.2,19.2,16.8,39.6,17.81,Antsiranana,-12.279,49.292,41.0
2017-02-23,27.6,23.4,25.4,5.1,23.9,50.4,15.95,Antsiranana,-12.279,49.292,41.0
2017-02-24,28.8,23.9,25.5,4.7,20.3,46.8,19.63,Antsiranana,-12.279,49.292,41.0
2017-02-25,28.2,23.9,25.5,13.1,19.0,43.6,15.83,Antsiranana,-12.279,49.292,41.0
2017-02-26,28.9,24.0,25.8,1.5,15.1,36.0,20.65,Antsiranana,-12.279,49.292,41.0
2017-02-27,28.9,24.1,26.1,1.9,9.2,23.4,21.05,Antsiranana,-12.279,49.292,41.0
2017-02-28,29.4,24.3,26.5,4.3,13.8,32.8,25.18,Antsiranana,-12.279,49.292,41.0
2017-03-01,29.9,24.3,26.7,1.2,20.3,49.0,22.15,Antsiranana,-12.279,49.292,41.0
2017-03-02,29.6,24.5,26.1,7.0,16.8,45.7,16.96,Antsiranana,-12.279,49.292,41.0
2017-03-03,28.7,23.5,25.9,0.4,7.4,24.5,18.37,Antsiranana,-12.279,49.292,41.0
2017-03-04,30.8,24.3,26.9,0.4,10.1,23.8,22.01,Antsiranana,-12.279,49.292,41.0
2017-03-05,32.9,24.5,27.8,0.0,12.1,28.8,22.17,Antsiranana,-12.279,49.292,41.0
2017-03-06,30.1,25.2,27.2,0.1,24.2,52.9,14.87,Antsiranana,-12.279,49.292,41.0
2017-03-07,27.3,24.9,26.2,11.9,40.0,82.8,6.72,Antsiranana,-12.279,49.292,41.0
2017-03-08,26.6,24.2,25.2,17.0,26.8,62.6,9.14,Antsiranana,-12.279,49.292,41.0
2017-03-09,28.8,24.4,26.0,6.5,22.0,51.8,14.28,Antsiranana,-12.279,49.292,41.0
2017-03-10,29.7,25.7,27.2,4.5,25.4,59.0,22.58,Antsiranana,-12.279,49.292,41.0
2017-03-11,30.1,25.3,27.1,0.0,25.9,57.6,21.72,Antsiranana,-12.279,49.292,41.0
2017-03-12,31.0,24.6,27.1,6.5,10.9,22.3,19.92,Antsiranana,-12.279,49.292,41.0
2017-03-13,29.0,24.8,26.4,11.2,8.8,25.6,15.96,Antsiranana,-12.279,49.292,41.0
2017-03-14,28.6,23.9,26.1,14.5,10.2,27.0,15.08,Antsiranana,-12.279,49.292,41.0
2017-03-15,28.5,24.4,26.2,3.1,9.2,24.8,15.74,Antsiranana,-12.279,49.292,41.0
2017-03-16,28.0,24.0,25.7,9.4,12.8,27.4,17.62,Antsiranana,-12.279,49.292,41.0
2017-03-17,28.9,23.6,25.7,3.0,15.1,35.6,20.29,Antsiranana,-12.279,49.292,41.0
2017-03-18,28.6,23.4,25.7,3.7,17.9,38.9,20.8,Antsiranana,-12.279,49.292,41.0
2017-03-19,27.7,23.8,25.2,6.8,17.1,36.7,16.64,Antsiranana,-12.279,49.292,41.0
2017-03-20,28.9,23.8,25.9,3.3,19.9,43.9,20.3,Antsiranana,-12.279,49.292,41.0
2017-03-21,29.6,24.3,26.3,1.9,22.4,49.3,21.19,Antsiranana,-12.279,49.292,41.0
2017-03-22,29.3,24.3,26.5,0.0,26.0,57.2,23.59,Antsiranana,-12.279,49.292,41.0
2017-03-23,30.2,24.0,26.6,0.0,21.7,47.2,24.94,Antsiranana,-12.279,49.292,41.0
2017-03-24,30.2,24.3,26.4,4.6,19.3,45.0,22.15,Antsiranana,-12.279,49.292,41.0
2017-03-25,26.9,23.7,24.7,11.2,12.2,29.5,8.79,Antsiranana,-12.279,49.292,41.0
2017-03-26,30.9,23.4,26.5,0.3,19.9,42.5,25.3,Antsiranana,-12.279,49.292,41.0
2017-03-27,28.8,23.8,25.8,7.9,8.6,29.2,16.8,Antsiranana,-12.279,49.292,41.0
2017-03-28,28.6,24.0,25.6,6.5,17.3,37.4,14.35,Antsiranana,-12.279,49.292,41.0
2017-03-29,27.8,24.1,25.4,8.1,15.1,34.6,18.49,Antsiranana,-12.279,49.292,41.0
2017-03-30,27.9,24.2,25.4,2.4,12.9,31.0,17.11,Antsiranana,-12.279,49.292,41.0
2017-03-31,28.2,23.5,25.5,30.3,15.6,34.2,13.73,Antsiranana,-12.279,49.292,41.0
2017-04-01,28.2,24.2,26.0,2.7,21.0,46.8,20.6,Antsiranana,-12.279,49.292,41.0
2017-04-02,29.0,23.9,26.1,0.2,26.4,56.9,22.0,Antsiranana,-12.279,49.292,41.0
2017-04-03,29.3,24.0,26.4,0.3,31.2,67.3,23.26,Antsiranana,-12.279,49.292,41.0
2017-04-04,29.5,24.6,26.5,0.6,33.2,71.6,21.83,Antsiranana,-12.279,49.292,41.0
2017-04-05,28.8,24.2,26.1,0.1,31.1,68.0,18.86,Antsiranana,-12.279,49.292,41.0
2017-04-06,27.6,24.0,25.5,1.6,28.1,60.8,18.04,Antsiranana,-12.279,49.292,41.0
2017-04-07,28.3,23.9,25.7,0.7,27.3,60.1,19.84,Antsiranana,-12.279,49.292,41.0
2017-04-08,29.1,23.8,25.9,0.6,25.7,54.7,20.39,Antsiranana,-12.279,49.292,41.0
2017-04-09,29.0,24.2,25.8,0.4,27.0,59.4,19.65,Antsiranana,-12.279,49.292,41.0
2017-04-10,29.2,24.1,26.2,0.5,26.1,61.6,19.74,Antsiranana,-12.279,49.292,41.0
2017-04-11,29.0,24.2,26.2,0.1,28.5,61.2,18.95,Antsiranana,-12.279,49.292,41.0
2017-04-12,28.7,23.9,26.1,0.7,28.1,61.6,19.74,Antsiranana,-12.279,49.292,41.0
2017-04-13,29.7,24.8,26.6,0.2,30.6,66.6,20.07,Antsiranana,-12.279,49.292,41.0
2017-04-14,29.0,24.6,26.5,0.4,29.8,64.4,19.28,Antsiranana,-12.279,49.292,41.0
2017-04-15,29.8,24.5,26.6,0.1,28.5,63.0,21.16,Antsiranana,-12.279,49.292,41.0
2017-04-16,30.1,24.2,26.4,0.0,20.9,47.2,20.53,Antsiranana,-12.279,49.292,41.0
2017-04-17,29.4,24.1,26.3,1.1,19.8,46.1,19.63,Antsiranana,-12.279,49.292,41.0
2017-04-18,29.5,24.4,26.5,0.2,13.3,32.8,19.55,Antsiranana,-12.279,49.292,41.0
2017-04-19,29.3,23.9,26.2,1.9,10.6,27.7,19.62,Antsiranana,-12.279,49.292,41.0
2017-04-20,29.6,24.3,26.4,0.7,13.2,33.5,20.67,Antsiranana,-12.279,49.292,41.0
2017-04-21,30.3,24.0,26.6,0.0,14.3,35.3,22.62,Antsiranana,-12.279,49.292,41.0
2017-04-22,31.1,22.1,26.7,0.0,12.8,32.0,22.78,Antsiranana,-12.279,49.292,41.0
2017-04-23,31.8,22.9,27.0,0.9,13.6,32.4,19.88,Antsiranana,-12.279,49.292,41.0
2017-04-24,29.7,24.2,26.6,1.6,15.6,38.2,20.21,Antsiranana,-12.279,49.292,41.0
2017-04-25,29.7,24.1,26.6,0.7,14.8,36.4,19.57,Antsiranana,-12.279,49.292,41.0
2017-04-26,30.9,24.4,26.8,1.1,22.4,50.4,20.9,Antsiranana,-12.279,49.292,41.0
2017-04-27,30.8,24.3,26.8,0.4,24.8,56.2,21.56,Antsiranana,-12.279,49.292,41.0
2017-04-28,30.0,24.9,26.8,0.0,30.9,69.1,17.97,Antsiranana,-12.279,49.292,41.0
2017-04-29,30.8,24.6,27.0,0.0,31.9,70.9,20.69,Antsiranana,-12.279,49.292,41.0
2017-04-30,30.8,24.3,26.9,0.1,27.5,63.7,20.69,Antsiranana,-12.279,49.292,41.0
2017-05-01,30.0,24.2,26.8,0.2,32.6,72.4,19.71,Antsiranana,-12.279,49.292,41.0
2017-05-02,30.2,24.6,26.9,0.0,25.3,59.4,19.16,Antsiranana,-12.279,49.292,41.0
2017-05-03,30.1,24.6,26.7,0.0,30.8,66.2,16.71,Antsiranana,-12.279,49.292,41.0
2017-05-04,30.4,24.2,26.8,0.2,26.0,58.0,20.5,Antsiranana,-12.279,49.292,41.0
2017-05-05,30.3,24.7,26.7,0.2,28.8,63.4,19.44,Antsiranana,-12.279,49.292,41.0
2017-05-06,31.0,24.7,27.0,0.0,27.7,61.9,19.47,Antsiranana,-12.279,49.292,41.0
2017-05-07,30.6,24.6,26.8,0.0,28.3,63.4,19.92,Antsiranana,-12.279,49.292,41.0
2017-05-08,30.9,24.6,26.9,0.0,28.3,62.6,18.68,Antsiranana,-12.279,49.292,41.0
2017-05-09,30.7,24.8,27.0,0.0,29.7,64.8,18.91,Antsiranana,-12.279,49.292,41.0
2017-05-10,30.1,24.7,26.7,0.0,34.0,75.2,18.99,Antsiranana,-12.279,49.292,41.0
2017-05-11,29.7,24.5,26.3,0.0,34.8,76.7,20.1,Antsiranana,-12.279,49.292,41.0
2017-05-12,30.1,23.2,26.1,0.0,27.4,60.8,20.88,Antsiranana,-12.279,49.292,41.0
2017-05-13,30.8,24.1,26.3,0.0,25.4,57.6,21.55,Antsiranana,-12.279,49.292,41.0
2017-05-14,30.1,23.5,26.1,0.0,30.8,68.0,20.71,Antsiranana,-12.279,49.292,41.0
2017-05-15,30.3,23.7,26.2,0.0,30.1,67.7,20.75,Antsiranana,-12.279,49.292,41.0
2017-05-16,30.4,23.7,26.3,0.0,33.3,72.4,20.61,Antsiranana,-12.279,49.292,41.0
2017-05-17,30.2,23.8,26.3,0.0,28.7,63.7,19.82,Antsiranana,-12.279,49.292,41.0
2017-05-18,27.7,23.9,25.4,2.5,21.7,48.6,14.72,Antsiranana,-12.279,49.292,41.0
2017-05-19,30.2,23.4,25.8,0.0,25.7,56.2,18.3,Antsiranana,-12.279,49.292,41.0
2017-05-20,29.0,24.1,25.8,0.2,30.1,65.2,17.29,Antsiranana,-12.279,49.292,41.0
2017-05-21,29.0,23.7,25.8,0.0,33.6,72.0,17.5,Antsiranana,-12.279,49.292,41.0
2017-05-22,29.1,23.6,25.8,0.0,34.4,75.2,18.62,Antsiranana,-12.279,49.292,41.0
2017-05-23,30.2,23.4,25.8,0.0,27.0,60.1,20.61,Antsiranana,-12.279,49.292,41.0
2017-05-24,29.1,22.9,25.5,0.3,31.9,69.5,18.6,Antsiranana,-12.279,49.292,41.0
2017-05-25,29.4,23.5,25.8,0.0,30.3,66.6,16.8,Antsiranana,-12.279,49.292,41.0
2017-05-26,29.6,24.0,26.1,0.0,34.5,75.6,19.34,Antsiranana,-12.279,49.292,41.0
2017-05-27,29.4,23.7,25.9,0.0,29.6,65.9,18.15,Antsiranana,-12.279,49.292,41.0
2017-05-28,30.7,23.6,26.2,0.0,21.3,48.6,19.88,Antsiranana,-12.279,49.292,41.0
2017-05-29,30.6,23.7,26.2,0.1,23.7,53.3,17.7,Antsiranana,-12.279,49.292,41.0
2017-05-30,28.3,24.0,25.9,0.7,30.3,65.2,12.21,Antsiranana,-12.279,49.292,41.0
2017-05-31,28.6,24.1,25.8,1.5,28.5,61.6,15.69,Antsiranana,-12.279,49.292,41.0
2017-06-01,28.8,23.0,25.2,0.2,27.7,64.4,17.6,Antsiranana,-12.279,49.292,41.0
2017-06-02,29.6,23.0,25.3,0.0,25.3,57.2,20.04,Antsiranana,-12.279,49.292,41.0
2017-06-03,29.5,22.8,25.4,0.0,23.7,54.4,19.33,Antsiranana,-12.279,49.292,41.0
2017-06-04,29.7,23.0,25.5,0.1,25.7,57.6,17.71,Antsiranana,-12.279,49.292,41.0
2017-06-05,29.8,22.8,25.4,0.0,25.5,54.7,19.33,Antsiranana,-12.279,49.292,41.0
2017-06-06,30.0,22.9,25.6,0.0,25.0,54.4,18.96,Antsiranana,-12.279,49.292,41.0
2017-06-07,31.0,21.5,25.5,0.0,21.6,47.5,19.7,Antsiranana,-12.279,49.292,41.0
2017-06-08,30.2,21.6,24.6,2.4,17.0,40.3,10.03,Antsiranana,-12.279,49.292,41.0
2017-06-09,28.8,22.5,25.2,0.0,22.4,50.8,17.97,Antsiranana,-12.279,49.292,41.0
2017-06-10,28.8,23.0,25.3,0.4,27.4,60.5,17.2,Antsiranana,-12.279,49.292,41.0
2017-06-11,28.2,23.0,24.8,0.2,37.4,81.4,19.19,Antsiranana,-12.279,49.292,41.0
2017-06-12,28.1,22.9,24.8,0.0,33.6,73.4,14.82,Antsiranana,-12.279,49.292,41.0
2017-06-13,28.4,22.7,24.8,0.0,33.2,74.5,18.56,Antsiranana,-12.279,49.292,41.0
2017-06-14,29.1,22.7,25.0,0.1,27.9,61.9,18.38,Antsiranana,-12.279,49.292,41.0
2017-06-15,28.9,22.3,24.9,0.0,22.3,50.8,18.67,Antsiranana,-12.279,49.292,41.0
2017-06-16,29.1,22.5,25.0,0.0,22.7,50.8,18.69,Antsiranana,-12.279,49.292,41.0
2017-06-17,28.9,22.4,24.9,0.0,21.9,49.7,17.92,Antsiranana,-12.279,49.292,41.0
2017-06-18,30.1,22.9,25.3,0.0,25.2,55.8,18.71,Antsiranana,-12.279,49.292,41.0
2017-06-19,30.2,22.9,25.5,0.0,25.7,55.8,18.86,Antsiranana,-12.279,49.292,41.0
2017-06-20,29.9,23.1,25.6,0.0,24.1,54.0,17.99,Antsiranana,-12.279,49.292,41.0
2017-06-21,29.6,23.5,25.7,0.3,21.9,48.2,16.96,Antsiranana,-12.279,49.292,41.0
2017-06-22,27.2,23.0,24.6,0.4,26.3,57.6,13.35,Antsiranana,-12.279,49.292,41.0
2017-06-23,28.9,23.2,25.2,0.0,33.2,73.8,17.87,Antsiranana,-12.279,49.292,41.0
2017-06-24,28.3,22.6,24.7,0.0,34.0,73.4,18.38,Antsiranana,-12.279,49.292,41.0
2017-06-25,28.6,21.8,24.4,0.0,31.3,68.8,18.58,Antsiranana,-12.279,49.292,41.0
2017-06-26,28.8,21.9,24.6,0.0,28.7,64.4,19.5,Antsiranana,-12.279,49.292,41.0
2017-06-27,28.7,22.1,24.6,0.0,33.7,73.8,18.82,Antsiranana,-12.279,49.292,41.0
2017-06-28,28.1,21.8,24.3,0.0,32.3,72.4,15.74,Antsiranana,-12.279,49.292,41.0
2017-06-29,28.4,21.7,24.3,0.0,30.8,68.0,19.61,Antsiranana,-12.279,49.292,41.0
2017-06-30,28.7,21.8,24.3,0.0,27.4,59.4,18.98,Antsiranana,-12.279,49.292,41.0
2017-07-01,28.8,21.5,24.2,0.0,28.7,63.7,19.92,Antsiranana,-12.279,49.292,41.0
2017-07-02,28.6,21.9,24.5,0.0,24.2,54.7,19.09,Antsiranana,-12.279,49.292,41.0
2017-07-03,28.9,21.8,24.4,0.0,27.5,60.8,19.37,Antsiranana,-12.279,49.292,41.0
2017-07-04,27.3,22.0,24.0,0.3,26.7,59.0,13.6,Antsiranana,-12.279,49.292,41.0
2017-07-05,29.2,21.9,24.7,0.0,29.4,66.2,18.08,Antsiranana,-12.279,49.292,41.0
2017-07-06,29.5,22.3,24.8,0.1,28.8,64.1,19.38,Antsiranana,-12.279,49.292,41.0
2017-07-07,29.0,22.2,24.6,0.0,33.1,73.1,19.9,Antsiranana,-12.279,49.292,41.0
2017-07-08,27.6,21.7,23.8,0.0,32.4,71.6,18.24,Antsiranana,-12.279,49.292,41.0
2017-07-09,27.4,21.1,23.6,0.0,32.6,72.7,17.86,Antsiranana,-12.279,49.292,41.0
2017-07-10,29.0,20.7,24.2,0.4,23.2,52.9,19.49,Antsiranana,-12.279,49.292,41.0
2017-07-11,28.3,20.7,23.9,0.0,24.2,53.3,17.13,Antsiranana,-12.279,49.292,41.0
2017-07-12,29.2,20.9,24.4,0.0,25.2,56.2,20.49,Antsiranana,-12.279,49.292,41.0
2017-07-13,29.0,20.6,24.3,0.0,26.2,57.2,18.27,Antsiranana,-12.279,49.292,41.0
2017-07-14,29.5,22.9,25.1,0.0,30.7,69.1,18.56,Antsiranana,-12.279,49.292,41.0
2017-07-15,29.2,22.3,24.9,0.0,36.8,79.2,19.68,Antsiranana,-12.279,49.292,41.0
2017-07-16,28.4,22.9,25.0,0.0,37.3,81.7,19.29,Antsiranana,-12.279,49.292,41.0
2017-07-17,29.5,22.7,25.3,0.0,27.2,60.8,20.25,Antsiranana,-12.279,49.292,41.0
2017-07-18,29.4,22.8,25.1,0.0,35.4,78.5,19.4,Antsiranana,-12.279,49.292,41.0
2017-07-19,29.4,22.1,24.7,0.0,28.8,63.7,18.45,Antsiranana,-12.279,49.292,41.0
2017-07-20,28.4,21.6,24.2,0.0,27.3,59.8,20.89,Antsiranana,-12.279,49.292,41.0
2017-07-21,28.3,21.8,24.3,0.0,26.0,58.3,20.71,Antsiranana,-12.279,49.292,41.0
2017-07-22,28.7,21.8,24.4,0.0,24.8,56.5,18.79,Antsiranana,-12.279,49.292,41.0
2017-07-23,28.2,21.8,24.3,0.0,29.2,66.6,18.36,Antsiranana,-12.279,49.292,41.0
2017-07-24,29.0,22.0,24.7,0.0,24.2,54.4,18.66,Antsiranana,-12.279,49.292,41.0
2017-07-25,29.5,22.2,24.9,0.6,18.8,43.9,17.08,Antsiranana,-12.279,49.292,41.0
2017-07-26,29.4,21.8,24.9,0.0,25.5,55.8,18.22,Antsiranana,-12.279,49.292,41.0
2017-07-27,29.7,22.5,25.1,0.0,27.0,59.8,19.05,Antsiranana,-12.279,49.292,41.0
2017-07-28,27.8,22.8,24.7,0.3,27.4,61.6,15.5,Antsiranana,-12.279,49.292,41.0
2017-07-29,26.2,21.3,23.0,3.9,30.3,69.5,10.01,Antsiranana,-12.279,49.292,41.0
2017-07-30,28.1,21.7,24.3,0.0,32.3,70.6,19.05,Antsiranana,-12.279,49.292,41.0
2017-07-31,28.7,22.2,24.5,0.0,29.1,64.8,19.76,Antsiranana,-12.279,49.292,41.0
2017-08-01,29.3,21.6,24.5,0.0,31.1,66.6,21.67,Antsiranana,-12.279,49.292,41.0
2017-08-02,27.7,21.7,23.9,0.0,37.7,81.7,21.91,Antsiranana,-12.279,49.292,41.0
2017-08-03,27.2,20.5,23.2,0.0,33.0,73.1,21.91,Antsiranana,-12.279,49.292,41.0
2017-08-04,27.7,20.7,23.4,0.0,34.0,74.9,22.17,Antsiranana,-12.279,49.292,41.0
2017-08-05,27.8,20.8,23.4,0.0,32.1,70.2,21.06,Antsiranana,-12.279,49.292,41.0
2017-08-06,28.5,20.8,23.7,0.0,28.5,64.4,22.1,Antsiranana,-12.279,49.292,41.0
2017-08-07,27.9,21.4,23.9,0.0,26.6,60.1,20.87,Antsiranana,-12.279,49.292,41.0
2017-08-08,28.1,21.1,24.0,0.0,30.4,68.4,20.72,Antsiranana,-12.279,49.292,41.0
2017-08-09,28.1,21.8,24.2,0.0,27.6,61.9,15.0,Antsiranana,-12.279,49.292,41.0
2017-08-10,28.1,21.8,24.1,0.0,37.9,84.2,21.27,Antsiranana,-12.279,49.292,41.0
2017-08-11,27.4,22.3,24.1,0.0,40.8,88.2,16.24,Antsiranana,-12.279,49.292,41.0
2017-08-12,27.9,22.1,24.2,0.0,40.0,90.7,20.2,Antsiranana,-12.279,49.292,41.0
2017-08-13,27.9,21.4,23.9,0.0,36.1,79.2,22.77,Antsiranana,-12.279,49.292,41.0
2017-08-14,27.9,21.6,23.9,0.0,34.2,75.6,22.81,Antsiranana,-12.279,49.292,41.0
2017-08-15,28.1,21.5,23.9,0.0,33.4,74.2,22.95,Antsiranana,-12.279,49.292,41.0
2017-08-16,28.6,20.7,24.1,0.0,27.9,63.0,23.08,Antsiranana,-12.279,49.292,41.0
2017-08-17,28.3,22.1,24.5,0.3,33.7,72.7,20.25,Antsiranana,-12.279,49.292,41.0
2017-08-18,28.3,22.1,24.6,0.1,35.9,78.5,20.08,Antsiranana,-12.279,49.292,41.0
2017-08-19,29.0,22.3,24.7,0.0,30.0,66.6,22.7,Antsiranana,-12.279,49.292,41.0
2017-08-20,29.2,21.7,24.6,0.0,28.7,63.0,23.2,Antsiranana,-12.279,49.292,41.0
2017-08-21,28.7,22.4,24.7,0.0,26.4,59.0,20.07,Antsiranana,-12.279,49.292,41.0
2017-08-22,28.3,22.2,24.7,0.0,27.5,61.9,22.0,Antsiranana,-12.279,49.292,41.0
2017-08-23,28.6,21.6,24.5,0.0,28.1,63.0,22.5,Antsiranana,-12.279,49.292,41.0
2017-08-24,28.1,21.8,24.4,0.0,28.7,63.4,21.63,Antsiranana,-12.279,49.292,41.0
2017-08-25,28.9,21.3,24.4,0.0,30.4,66.2,23.13,Antsiranana,-12.279,49.292,41.0
2017-08-26,28.4,21.9,24.4,0.0,27.1,60.1,21.67,Antsiranana,-12.279,49.292,41.0
2017-08-27,28.7,21.6,24.3,0.0,30.3,65.9,21.65,Antsiranana,-12.279,49.292,41.0
2017-08-28,29.6,22.5,24.9,0.0,31.8,69.8,24.27,Antsiranana,-12.279,49.292,41.0
2017-08-29,29.4,21.7,24.9,0.0,25.2,56.9,22.5,Antsiranana,-12.279,49.292,41.0
2017-08-30,28.8,22.2,24.7,0.1,25.6,56.9,16.7,Antsiranana,-12.279,49.292,41.0
2017-08-31,28.3,22.8,24.8,0.1,29.3,64.1,18.45,Antsiranana,-12.279,49.292,41.0
2017-09-01,29.3,22.7,24.9,0.0,26.6,60.8,19.71,Antsiranana,-12.279,49.292,41.0
2017-09-02,29.0,21.5,24.6,0.0,28.8,63.4,24.27,Antsiranana,-12.279,49.292,41.0
2017-09-03,29.4,22.0,25.0,1.1,18.9,47.2,20.69,Antsiranana,-12.279,49.292,41.0
2017-09-04,30.1,21.7,25.3,0.0,22.8,52.9,24.62,Antsiranana,-12.279,49.292,41.0
2017-09-05,29.0,22.7,25.4,0.0,36.9,82.1,17.92,Antsiranana,-12.279,49.292,41.0
2017-09-06,28.9,21.6,24.2,0.0,36.4,80.6,23.43,Antsiranana,-12.279,49.292,41.0
2017-09-07,27.6,20.9,23.7,0.0,38.0,83.2,24.43,Antsiranana,-12.279,49.292,41.0
2017-09-08,28.0,21.1,23.9,0.0,38.5,83.9,24.37,Antsiranana,-12.279,49.292,41.0
2017-09-09,27.5,21.3,23.8,0.0,40.5,87.1,22.17,Antsiranana,-12.279,49.292,41.0
2017-09-10,28.5,21.7,24.5,0.0,33.9,74.9,22.39,Antsiranana,-12.279,49.292,41.0
2017-09-11,28.9,21.4,24.5,0.0,31.7,71.3,25.23,Antsiranana,-12.279,49.292,41.0
2017-09-12,28.9,21.7,24.6,0.0,32.9,72.4,25.37,Antsiranana,-12.279,49.292,41.0
2017-09-13,28.7,21.9,24.5,0.0,38.9,83.9,24.54,Antsiranana,-12.279,49.292,41.0
2017-09-14,28.4,21.7,24.4,0.2,30.9,69.1,25.53,Antsiranana,-12.279,49.292,41.0
2017-09-15,28.7,21.4,24.3,0.0,22.7,52.2,23.62,Antsiranana,-12.279,49.292,41.0
2017-09-16,28.6,20.7,24.1,0.0,20.4,44.3,24.66,Antsiranana,-12.279,49.292,41.0
2017-09-17,29.2,21.4,24.4,0.0,27.4,62.6,25.53,Antsiranana,-12.279,49.292,41.0
2017-09-18,27.8,21.7,24.3,0.3,36.4,79.2,22.31,Antsiranana,-12.279,49.292,41.0
2017-09-19,29.3,22.5,24.9,0.0,36.7,83.2,25.66,Antsiranana,-12.279,49.292,41.0
2017-09-20,29.4,21.9,24.6,0.0,37.0,79.6,24.65,Antsiranana,-12.279,49.292,41.0
2017-09-21,28.9,22.0,24.7,0.0,32.4,70.6,24.6,Antsiranana,-12.279,49.292,41.0
2017-09-22,29.4,21.7,24.7,0.0,26.3,59.0,26.31,Antsiranana,-12.279,49.292,41.0
2017-09-23,28.6,21.8,24.6,0.0,24.9,55.1,23.14,Antsiranana,-12.279,49.292,41.0
2017-09-24,29.1,21.9,24.8,0.1,22.8,51.8,23.06,Antsiranana,-12.279,49.292,41.0
2017-09-25,29.0,21.8,24.8,0.0,24.1,55.4,25.1,Antsiranana,-12.279,49.292,41.0
2017-09-26,29.8,21.7,25.0,0.0,26.0,58.7,26.74,Antsiranana,-12.279,49.292,41.0
2017-09-27,29.4,22.6,25.4,0.0,31.7,70.2,24.59,Antsiranana,-12.279,49.292,41.0
2017-09-28,29.6,22.6,25.3,0.0,29.3,65.5,25.09,Antsiranana,-12.279,49.292,41.0
2017-09-29,29.1,22.1,25.1,0.0,31.9,70.9,24.06,Antsiranana,-12.279,49.292,41.0
2017-09-30,29.5,22.5,25.3,0.0,35.6,78.1,27.5,Antsiranana,-12.279,49.292,41.0
2017-10-01,30.1,22.1,25.3,0.0,33.0,73.8,27.35,Antsiranana,-12.279,49.292,41.0
2017-10-02,29.5,23.2,25.5,0.0,29.9,66.6,21.48,Antsiranana,-12.279,49.292,41.0
2017-10-03,28.7,22.8,25.1,0.0,35.9,78.5,25.05,Antsiranana,-12.279,49.292,41.0
2017-10-04,28.9,22.4,25.2,0.0,40.6,89.3,26.03,Antsiranana,-12.279,49.292,41.0
2017-10-05,29.8,22.5,25.5,0.0,37.6,82.4,26.83,Antsiranana,-12.279,49.292,41.0
2017-10-06,29.0,22.1,24.8,0.0,34.7,76.3,25.01,Antsiranana,-12.279,49.292,41.0
2017-10-07,28.9,22.0,24.7,0.0,34.1,75.6,26.41,Antsiranana,-12.279,49.292,41.0
2017-10-08,29.4,21.4,24.8,0.0,33.2,73.1,27.04,Antsiranana,-12.279,49.292,41.0
2017-10-09,29.5,22.6,25.4,0.0,29.5,65.2,23.11,Antsiranana,-12.279,49.292,41.0
2017-10-10,29.9,22.9,25.6,0.1,25.6,57.2,23.88,Antsiranana,-12.279,49.292,41.0
2017-10-11,29.6,23.2,25.6,0.0,26.4,59.0,27.35,Antsiranana,-12.279,49.292,41.0
2017-10-12,29.8,22.0,25.3,0.0,27.3,61.6,27.48,Antsiranana,-12.279,49.292,41.0
2017-10-13,30.1,22.3,25.5,0.3,19.5,46.4,23.76,Antsiranana,-12.279,49.292,41.0
2017-10-14,29.9,22.7,25.6,0.0,18.6,45.7,25.89,Antsiranana,-12.279,49.292,41.0
2017-10-15,30.8,23.0,26.1,0.2,19.8,46.8,26.5,Antsiranana,-12.279,49.292,41.0
2017-10-16,29.7,23.6,26.1,0.2,26.5,59.8,23.2,Antsiranana,-12.279,49.292,41.0
2017-10-17,29.6,23.7,25.7,0.0,26.6,60.5,15.76,Antsiranana,-12.279,49.292,41.0
2017-10-18,30.0,23.6,26.2,0.1,27.7,60.8,24.92,Antsiranana,-12.279,49.292,41.0
2017-10-19,29.9,23.8,26.1,0.8,25.2,56.2,22.84,Antsiranana,-12.279,49.292,41.0
2017-10-20,30.5,23.9,26.2,0.0,29.1,65.2,26.71,Antsiranana,-12.279,49.292,41.0
2017-10-21,30.7,23.1,26.3,0.0,37.2,82.8,25.49,Antsiranana,-12.279,49.292,41.0
2017-10-22,31.1,24.0,26.8,0.0,41.6,90.4,27.05,Antsiranana,-12.279,49.292,41.0
2017-10-23,30.0,24.3,26.4,0.0,42.9,92.9,25.38,Antsiranana,-12.279,49.292,41.0
2017-10-24,30.2,23.5,26.1,0.0,32.5,72.4,28.13,Antsiranana,-12.279,49.292,41.0
2017-10-25,29.9,22.7,25.9,0.0,29.4,65.9,28.04,Antsiranana,-12.279,49.292,41.0
2017-10-26,30.4,23.1,25.9,0.7,27.5,61.6,27.38,Antsiranana,-12.279,49.292,41.0
2017-10-27,30.5,22.6,25.9,0.0,26.8,59.8,28.29,Antsiranana,-12.279,49.292,41.0
2017-10-28,30.7,22.7,26.0,0.0,26.1,59.4,27.67,Antsiranana,-12.279,49.292,41.0
2017-10-29,31.6,23.2,26.6,0.0,28.1,62.6,26.67,Antsiranana,-12.279,49.292,41.0
2017-10-30,31.0,23.8,26.7,0.0,30.2,67.0,28.03,Antsiranana,-12.279,49.292,41.0
2017-10-31,30.9,23.5,26.4,0.0,32.9,73.4,27.03,Antsiranana,-12.279,49.292,41.0
2017-11-01,30.6,23.9,26.4,0.0,36.1,79.6,26.57,Antsiranana,-12.279,49.292,41.0
2017-11-02,31.1,23.8,26.5,0.0,39.3,86.4,26.19,Antsiranana,-12.279,49.292,41.0
2017-11-03,30.5,23.9,26.4,0.0,35.9,79.2,25.17,Antsiranana,-12.279,49.292,41.0
2017-11-04,31.0,23.3,26.3,0.0,31.2,69.1,25.61,Antsiranana,-12.279,49.292,41.0
2017-11-05,30.6,23.5,26.4,0.0,31.9,72.4,27.07,Antsiranana,-12.279,49.292,41.0
2017-11-06,30.0,23.7,26.3,0.0,28.4,64.1,25.83,Antsiranana,-12.279,49.292,41.0
2017-11-07,30.8,23.7,26.5,0.7,21.6,51.1,27.45,Antsiranana,-12.279,49.292,41.0
2017-11-08,30.3,23.4,26.3,0.7,21.0,49.3,24.55,Antsiranana,-12.279,49.292,41.0
2017-11-09,31.1,23.7,26.5,0.1,24.2,53.3,27.04,Antsiranana,-12.279,49.292,41.0
2017-11-10,32.0,23.8,27.1,0.7,20.3,48.2,25.92,Antsiranana,-12.279,49.292,41.0
2017-11-11,30.2,24.7,27.1,0.3,16.8,41.0,22.49,Antsiranana,-12.279,49.292,41.0
2017-11-12,31.0,24.2,26.9,0.2,20.9,49.3,25.67,Antsiranana,-12.279,49.292,41.0
2017-11-13,30.5,24.1,26.8,0.1,23.1,53.6,24.88,Antsiranana,-12.279,49.292,41.0
2017-11-14,30.5,24.4,27.0,0.9,20.2,47.5,22.86,Antsiranana,-12.279,49.292,41.0
2017-11-15,30.6,25.0,27.2,0.8,24.8,56.5,24.05,Antsiranana,-12.279,49.292,41.0
2017-11-16,31.5,24.3,27.4,0.2,26.0,55.8,25.53,Antsiranana,-12.279,49.292,41.0
2017-11-17,30.5,24.9,26.9,1.0,23.3,51.5,19.73,Antsiranana,-12.279,49.292,41.0
2017-11-18,29.4,23.8,26.4,0.3,16.6,40.7,21.28,Antsiranana,-12.279,49.292,41.0
2017-11-19,30.1,24.1,26.6,0.5,23.2,53.3,21.99,Antsiranana,-12.279,49.292,41.0
2017-11-20,29.9,23.5,26.7,0.8,28.5,63.7,25.08,Antsiranana,-12.279,49.292,41.0
2017-11-21,30.8,24.0,27.0,0.5,26.5,61.9,24.26,Antsiranana,-12.279,49.292,41.0
2017-11-22,30.6,23.8,27.0,0.0,25.0,56.9,25.56,Antsiranana,-12.279,49.292,41.0
2017-11-23,30.5,24.2,26.8,0.1,24.5,54.7,24.87,Antsiranana,-12.279,49.292,41.0
2017-11-24,30.6,23.6,26.7,0.0,20.7,48.2,23.55,Antsiranana,-12.279,49.292,41.0
2017-11-25,30.6,23.9,26.7,1.3,21.4,46.4,24.2,Antsiranana,-12.279,49.292,41.0
2017-11-26,30.2,24.1,26.8,1.8,15.3,38.2,21.79,Antsiranana,-12.279,49.292,41.0
2017-11-27,31.6,24.5,27.2,1.8,13.1,34.2,22.15,Antsiranana,-12.279,49.292,41.0
2017-11-28,30.9,24.4,27.1,0.9,11.8,29.9,21.99,Antsiranana,-12.279,49.292,41.0
2017-11-29,30.7,23.8,26.9,0.5,18.9,44.6,25.13,Antsiranana,-12.279,49.292,41.0
2017-11-30,30.2,24.2,27.2,0.4,19.6,46.8,24.18,Antsiranana,-12.279,49.292,41.0
2017-12-01,31.3,24.6,27.6,0.2,23.7,52.6,25.45,Antsiranana,-12.279,49.292,41.0
2017-12-02,31.5,24.8,27.5,0.0,24.6,56.5,26.55,Antsiranana,-12.279,49.292,41.0
2017-12-03,31.6,24.3,27.6,0.0,27.9,62.6,27.56,Antsiranana,-12.279,49.292,41.0
2017-12-04,30.7,25.3,26.9,3.8,27.1,61.9,14.36,Antsiranana,-12.279,49.292,41.0
2017-12-05,30.6,24.4,27.0,0.7,34.3,74.9,23.12,Antsiranana,-12.279,49.292,41.0
2017-12-06,28.5,24.4,26.1,1.1,30.0,65.9,13.94,Antsiranana,-12.279,49.292,41.0
2017-12-07,30.6,24.1,27.0,0.6,23.3,53.3,25.48,Antsiranana,-12.279,49.292,41.0
2017-12-08,30.4,23.8,26.8,1.1,20.7,48.2,24.05,Antsiranana,-12.279,49.292,41.0
2017-12-09,30.4,23.7,26.8,0.4,22.6,51.8,25.04,Antsiranana,-12.279,49.292,41.0
2017-12-10,29.8,24.2,26.6,1.6,14.8,36.7,16.48,Antsiranana,-12.279,49.292,41.0
2017-12-11,30.5,25.3,27.4,0.5,14.7,34.6,17.54,Antsiranana,-12.279,49.292,41.0
2017-12-12,30.9,24.4,27.2,3.3,13.4,31.3,20.53,Antsiranana,-12.279,49.292,41.0
2017-12-13,32.3,24.3,27.7,0.1,24.6,56.2,27.56,Antsiranana,-12.279,49.292,41.0
2017-12-14,30.0,24.4,27.0,3.2,19.1,44.3,18.47,Antsiranana,-12.279,49.292,41.0
2017-12-15,28.7,24.0,25.9,12.7,29.3,63.4,12.75,Antsiranana,-12.279,49.292,41.0
2017-12-16,28.3,24.0,25.7,4.2,26.3,55.8,17.88,Antsiranana,-12.279,49.292,41.0
2017-12-17,28.0,23.6,25.3,24.2,21.9,46.8,18.01,Antsiranana,-12.279,49.292,41.0
2017-12-18,29.1,23.9,26.4,0.2,25.3,57.2,25.38,Antsiranana,-12.279,49.292,41.0
2017-12-19,28.4,24.1,25.0,14.3,16.1,36.0,9.45,Antsiranana,-12.279,49.292,41.0
2017-12-20,28.6,23.9,26.0,2.5,22.9,51.5,20.54,Antsiranana,-12.279,49.292,41.0
2017-12-21,28.6,24.1,26.2,3.1,19.3,43.6,21.41,Antsiranana,-12.279,49.292,41.0
2017-12-22,29.0,23.9,25.9,2.0,11.4,26.3,13.84,Antsiranana,-12.279,49.292,41.0
2017-12-23,28.4,23.6,25.2,16.1,10.1,24.1,14.1,Antsiranana,-12.279,49.292,41.0
2017-12-24,28.2,23.8,25.5,9.9,17.7,38.5,10.74,Antsiranana,-12.279,49.292,41.0
2017-12-25,31.1,24.2,26.8,4.4,14.8,35.6,19.26,Antsiranana,-12.279,49.292,41.0
2017-12-26,29.1,24.5,26.3,1.0,10.0,28.4,17.7,Antsiranana,-12.279,49.292,41.0
2017-12-27,28.3,24.2,25.8,5.7,9.2,26.6,15.34,Antsiranana,-12.279,49.292,41.0
2017-12-28,28.8,23.9,26.0,2.2,14.3,33.5,22.03,Antsiranana,-12.279,49.292,41.0
2017-12-29,30.4,23.7,26.6,2.7,17.3,41.0,23.23,Antsiranana,-12.279,49.292,41.0
2017-12-30,32.0,24.6,27.9,0.1,26.3,56.9,24.2,Antsiranana,-12.279,49.292,41.0
2017-12-31,29.0,25.0,26.7,1.4,27.8,62.3,20.42,Antsiranana,-12.279,49.292,41.0
2018-01-01,25.9,24.5,25.2,13.5,28.5,61.2,7.54,Antsiranana,-12.279,49.292,41.0
2018-01-02,27.2,24.4,25.4,4.8,26.3,56.5,10.49,Antsiranana,-12.279,49.292,41.0
2018-01-03,27.3,24.4,25.6,3.2,29.2,64.1,16.73,Antsiranana,-12.279,49.292,41.0
2018-01-04,27.1,24.0,25.0,12.3,32.2,69.1,14.46,Antsiranana,-12.279,49.292,41.0
2018-01-05,26.3,23.7,24.9,26.5,32.7,78.1,12.05,Antsiranana,-12.279,49.292,41.0
2018-01-06,26.1,23.8,24.7,24.0,31.7,73.1,12.55,Antsiranana,-12.279,49.292,41.0
2018-01-07,28.2,23.7,26.1,6.4,28.4,63.7,17.73,Antsiranana,-12.279,49.292,41.0
2018-01-08,28.2,24.3,26.1,7.1,30.0,64.8,16.25,Antsiranana,-12.279,49.292,41.0
2018-01-09,28.1,24.3,26.0,6.7,27.1,63.7,17.63,Antsiranana,-12.279,49.292,41.0
2018-01-10,27.6,24.3,25.5,4.4,26.4,55.8,10.74,Antsiranana,-12.279,49.292,41.0
2018-01-11,26.9,24.2,25.2,2.4,20.5,45.7,14.72,Antsiranana,-12.279,49.292,41.0
2018-01-12,25.8,23.2,24.4,12.5,19.5,43.9,7.89,Antsiranana,-12.279,49.292,41.0
2018-01-13,28.9,23.3,25.3,1.8,19.4,43.2,14.23,Antsiranana,-12.279,49.292,41.0
2018-01-14,26.9,23.6,24.9,4.0,20.8,46.1,13.22,Antsiranana,-12.279,49.292,41.0
2018-01-15,25.5,23.0,23.9,31.1,18.0,39.2,5.69,Antsiranana,-12.279,49.292,41.0
2018-01-16,28.3,22.0,24.8,19.0,16.2,34.9,15.03,Antsiranana,-12.279,49.292,41.0
2018-01-17,27.9,22.6,25.2,1.7,18.2,40.7,17.0,Antsiranana,-12.279,49.292,41.0
2018-01-18,28.4,23.3,25.8,1.2,20.2,44.3,20.05,Antsiranana,-12.279,49.292,41.0
2018-01-19,30.0,23.7,26.2,2.1,24.8,54.4,24.43,Antsiranana,-12.279,49.292,41.0
2018-01-20,28.8,24.7,26.4,0.2,25.2,54.4,22.36,Antsiranana,-12.279,49.292,41.0
2018-01-21,29.8,24.5,26.7,0.0,25.9,60.1,25.2,Antsiranana,-12.279,49.292,41.0
2018-01-22,28.5,24.3,25.8,1.6,25.2,55.1,22.3,Antsiranana,-12.279,49.292,41.0
2018-01-23,28.9,24.1,26.3,2.7,22.5,49.0,22.88,Antsiranana,-12.279,49.292,41.0
2018-01-24,28.3,23.9,26.0,3.6,10.0,31.7,21.27,Antsiranana,-12.279,49.292,41.0
2018-01-25,30.0,24.2,26.8,1.4,13.5,33.8,23.93,Antsiranana,-12.279,49.292,41.0
2018-01-26,29.6,23.9,26.2,5.4,9.5,26.6,23.95,Antsiranana,-12.279,49.292,41.0
2018-01-27,29.4,23.9,25.7,13.1,9.2,30.6,19.89,Antsiranana,-12.279,49.292,41.0
2018-01-28,28.9,23.7,25.6,4.1,7.2,28.4,19.01,Antsiranana,-12.279,49.292,41.0
2018-01-29,29.5,23.8,26.3,2.0,15.2,38.2,23.36,Antsiranana,-12.279,49.292,41.0
2018-01-30,29.5,24.3,26.4,1.5,14.5,34.6,24.27,Antsiranana,-12.279,49.292,41.0
2018-01-31,29.3,24.2,26.2,5.1,19.1,41.8,22.95,Antsiranana,-12.279,49.292,41.0
2018-02-01,28.9,24.1,25.9,2.0,20.7,47.2,21.6,Antsiranana,-12.279,49.292,41.0
2018-02-02,29.2,24.3,26.5,0.3,23.5,51.8,25.04,Antsiranana,-12.279,49.292,41.0
2018-02-03,30.1,24.5,26.5,2.8,16.4,38.9,25.22,Antsiranana,-12.279,49.292,41.0
2018-02-04,29.6,24.2,26.3,4.5,9.5,29.9,22.92,Antsiranana,-12.279,49.292,41.0
2018-02-05,28.0,24.1,25.5,3.8,20.3,43.2,12.03,Antsiranana,-12.279,49.292,41.0
2018-02-06,27.1,23.9,24.8,7.6,27.5,59.0,14.05,Antsiranana,-12.279,49.292,41.0
2018-02-07,28.5,24.0,25.7,4.4,23.9,52.2,20.4,Antsiranana,-12.279,49.292,41.0
2018-02-08,31.5,24.3,27.3,0.0,16.1,37.8,25.36,Antsiranana,-12.279,49.292,41.0
2018-02-09,29.6,23.8,26.3,0.8,8.1,24.5,22.18,Antsiranana,-12.279,49.292,41.0
2018-02-10,29.7,24.5,26.7,0.1,20.6,47.2,24.74,Antsiranana,-12.279,49.292,41.0
2018-02-11,27.8,24.7,25.7,10.5,19.5,42.8,17.46,Antsiranana,-12.279,49.292,41.0
2018-02-12,28.2,23.9,26.0,2.2,16.2,39.6,20.56,Antsiranana,-12.279,49.292,41.0
2018-02-13,28.7,23.2,26.1,8.8,11.0,28.1,23.35,Antsiranana,-12.279,49.292,41.0
2018-02-14,29.6,24.3,26.6,1.6,9.8,27.4,22.89,Antsiranana,-12.279,49.292,41.0
2018-02-15,29.2,23.5,26.4,1.5,8.1,23.8,22.9,Antsiranana,-12.279,49.292,41.0
2018-02-16,29.6,24.4,26.6,3.9,17.6,40.7,24.43,Antsiranana,-12.279,49.292,41.0
2018-02-17,29.9,24.0,25.9,15.0,17.8,40.3,21.44,Antsiranana,-12.279,49.292,41.0
2018-02-18,28.9,24.4,26.0,2.5,16.6,38.2,19.11,Antsiranana,-12.279,49.292,41.0
2018-02-19,29.9,24.3,26.7,5.4,13.1,32.4,24.22,Antsiranana,-12.279,49.292,41.0
2018-02-20,28.9,24.4,26.1,2.2,13.0,29.5,18.24,Antsiranana,-12.279,49.292,41.0
2018-02-21,28.4,23.9,25.9,1.9,13.4,32.4,21.01,Antsiranana,-12.279,49.292,41.0
2018-02-22,28.9,24.0,26.2,4.1,14.9,31.3,20.88,Antsiranana,-12.279,49.292,41.0
2018-02-23,29.6,24.6,26.7,0.9,15.0,32.8,21.16,Antsiranana,-12.279,49.292,41.0
2018-02-24,29.6,23.7,26.4,3.7,12.7,29.9,22.29,Antsiranana,-12.279,49.292,41.0
2018-02-25,29.4,24.2,26.3,0.5,15.2,34.9,21.82,Antsiranana,-12.279,49.292,41.0
2018-02-26,27.5,24.1,25.4,15.5,18.6,40.7,11.37,Antsiranana,-12.279,49.292,41.0
2018-02-27,29.1,23.6,26.2,1.0,17.3,40.3,21.81,Antsiranana,-12.279,49.292,41.0
2018-02-28,28.6,24.3,26.0,4.2,19.7,44.3,18.84,Antsiranana,-12.279,49.292,41.0
2018-03-01,29.1,23.5,25.4,13.3,9.3,28.8,15.91,Antsiranana,-12.279,49.292,41.0
2018-03-02,29.0,23.8,25.9,11.4,22.5,47.9,20.61,Antsiranana,-12.279,49.292,41.0
2018-03-03,27.8,24.3,25.4,8.4,24.7,54.0,13.46,Antsiranana,-12.279,49.292,41.0
2018-03-04,25.6,23.9,24.5,31.1,27.9,64.8,5.95,Antsiranana,-12.279,49.292,41.0
2018-03-05,27.9,23.9,25.2,31.9,27.2,67.7,13.03,Antsiranana,-12.279,49.292,41.0
2018-03-06,28.1,23.9,25.6,12.7,27.9,63.7,19.32,Antsiranana,-12.279,49.292,41.0
2018-03-07,28.9,23.7,25.6,14.4,27.6,63.0,18.46,Antsiranana,-12.279,49.292,41.0
2018-03-08,26.9,23.8,25.1,7.5,23.8,55.4,12.85,Antsiranana,-12.279,49.292,41.0
2018-03-09,26.1,24.5,25.0,31.0,22.8,51.8,7.61,Antsiranana,-12.279,49.292,41.0
2018-03-10,27.9,23.0,25.1,10.2,17.3,38.2,10.89,Antsiranana,-12.279,49.292,41.0
2018-03-11,29.3,23.3,25.9,10.2,21.8,46.4,23.2,Antsiranana,-12.279,49.292,41.0
2018-03-12,28.1,24.3,26.2,1.9,10.7,29.2,10.68,Antsiranana,-12.279,49.292,41.0
2018-03-13,29.8,23.1,26.3,1.9,17.1,43.9,19.74,Antsiranana,-12.279,49.292,41.0
2018-03-14,30.9,22.9,26.5,0.8,11.5,30.2,22.15,Antsiranana,-12.279,49.292,41.0
2018-03-15,28.1,25.2,26.5,3.1,26.2,55.8,8.21,Antsiranana,-12.279,49.292,41.0
2018-03-16,26.6,24.3,25.2,20.8,32.2,74.5,5.77,Antsiranana,-12.279,49.292,41.0
2018-03-17,26.6,24.7,25.4,12.1,32.5,73.4,10.29,Antsiranana,-12.279,49.292,41.0
2018-03-18,26.5,23.9,25.2,11.9,26.9,60.5,12.48,Antsiranana,-12.279,49.292,41.0
2018-03-19,27.6,23.8,25.8,4.9,23.6,53.3,17.24,Antsiranana,-12.279,49.292,41.0
2018-03-20,30.5,25.1,27.2,0.0,24.3,52.6,22.93,Antsiranana,-12.279,49.292,41.0
2018-03-21,30.5,22.5,26.3,0.6,11.9,24.8,24.58,Antsiranana,-12.279,49.292,41.0
2018-03-22,29.6,24.2,26.5,2.1,16.2,37.4,23.27,Antsiranana,-12.279,49.292,41.0
2018-03-23,28.2,24.4,25.9,3.0,17.3,41.0,19.43,Antsiranana,-12.279,49.292,41.0
2018-03-24,28.7,24.2,26.2,0.5,24.5,55.8,22.02,Antsiranana,-12.279,49.292,41.0
2018-03-25,29.6,24.6,26.6,0.8,23.6,51.8,21.99,Antsiranana,-12.279,49.292,41.0
2018-03-26,29.2,24.1,26.0,2.7,21.4,47.2,21.74,Antsiranana,-12.279,49.292,41.0
2018-03-27,28.4,23.8,25.5,5.1,16.2,37.4,18.78,Antsiranana,-12.279,49.292,41.0
2018-03-28,28.8,23.3,25.5,8.6,14.0,32.0,22.13,Antsiranana,-12.279,49.292,41.0
2018-03-29,28.9,23.7,25.7,1.5,16.6,38.5,23.65,Antsiranana,-12.279,49.292,41.0
2018-03-30,29.8,23.1,25.8,0.5,16.2,37.4,23.14,Antsiranana,-12.279,49.292,41.0
2018-03-31,28.8,23.7,26.0,0.0,18.9,42.8,22.6,Antsiranana,-12.279,49.292,41.0
2018-04-01,29.3,23.9,26.4,0.1,18.6,41.8,24.63,Antsiranana,-12.279,49.292,41.0
2018-04-02,28.8,24.4,26.1,1.4,22.3,49.3,19.75,Antsiranana,-12.279,49.292,41.0
2018-04-03,28.1,24.1,25.7,2.7,27.4,61.6,18.59,Antsiranana,-12.279,49.292,41.0
2018-04-04,29.2,23.9,26.2,0.7,26.6,57.2,20.78,Antsiranana,-12.279,49.292,41.0
2018-04-05,27.5,23.3,25.3,8.6,19.9,43.6,14.5,Antsiranana,-12.279,49.292,41.0
2018-04-06,28.8,24.1,26.0,0.5,26.0,56.9,20.55,Antsiranana,-12.279,49.292,41.0
2018-04-07,28.1,24.2,26.0,1.1,31.3,67.0,20.51,Antsiranana,-12.279,49.292,41.0
2018-04-08,29.4,24.3,26.3,0.1,27.0,58.7,21.51,Antsiranana,-12.279,49.292,41.0
2018-04-09,29.0,24.3,26.2,0.0,27.1,58.7,21.72,Antsiranana,-12.279,49.292,41.0
2018-04-10,29.3,24.4,26.3,0.0,25.0,56.9,21.44,Antsiranana,-12.279,49.292,41.0
2018-04-11,29.7,24.2,26.4,0.1,26.6,58.0,21.5,Antsiranana,-12.279,49.292,41.0
2018-04-12,29.7,24.6,26.7,0.4,23.2,51.5,21.57,Antsiranana,-12.279,49.292,41.0
2018-04-13,29.4,24.4,25.5,2.6,28.8,72.4,16.33,Antsiranana,-12.279,49.292,41.0
2018-04-14,29.4,24.1,26.2,0.0,35.9,76.7,20.82,Antsiranana,-12.279,49.292,41.0
2018-04-15,28.8,24.6,26.3,0.5,27.5,60.5,19.57,Antsiranana,-12.279,49.292,41.0
2018-04-16,29.0,24.5,26.4,0.5,26.0,57.2,20.51,Antsiranana,-12.279,49.292,41.0
2018-04-17,28.9,24.5,26.4,0.4,25.1,53.3,19.45,Antsiranana,-12.279,49.292,41.0
2018-04-18,30.3,24.5,26.6,0.0,28.6,62.6,22.06,Antsiranana,-12.279,49.292,41.0
2018-04-19,31.1,24.2,26.8,0.0,27.5,60.5,23.06,Antsiranana,-12.279,49.292,41.0
2018-04-20,28.8,24.4,26.3,0.7,26.6,57.6,14.79,Antsiranana,-12.279,49.292,41.0
2018-04-21,28.9,23.7,25.9,6.7,27.0,59.8,15.49,Antsiranana,-12.279,49.292,41.0
2018-04-22,24.2,22.9,23.6,35.5,22.1,47.9,3.04,Antsiranana,-12.279,49.292,41.0
2018-04-23,29.9,23.2,26.5,0.6,22.7,50.0,19.32,Antsiranana,-12.279,49.292,41.0
2018-04-24,29.9,23.8,26.3,1.3,13.4,29.2,19.23,Antsiranana,-12.279,49.292,41.0
2018-04-25,29.0,24.0,26.0,0.0,20.3,43.9,20.3,Antsiranana,-12.279,49.292,41.0
2018-04-26,29.8,22.9,26.0,0.0,18.0,40.7,21.82,Antsiranana,-12.279,49.292,41.0
2018-04-27,30.0,23.8,26.2,0.0,26.3,58.0,21.97,Antsiranana,-12.279,49.292,41.0
2018-04-28,29.9,24.1,26.4,0.0,27.8,61.6,22.35,Antsiranana,-12.279,49.292,41.0
2018-04-29,28.2,24.0,25.8,0.6,32.2,69.8,14.79,Antsiranana,-12.279,49.292,41.0
2018-04-30,29.1,24.0,25.9,0.0,30.3,65.5,19.96,Antsiranana,-12.279,49.292,41.0
2018-05-01,27.0,24.2,24.9,3.2,31.1,66.6,10.58,Antsiranana,-12.279,49.292,41.0
2018-05-02,29.0,23.4,25.6,0.0,34.4,74.9,22.38,Antsiranana,-12.279,49.292,41.0
2018-05-03,28.4,23.5,25.3,0.1,32.4,70.2,20.13,Antsiranana,-12.279,49.292,41.0
2018-05-04,28.9,23.3,25.2,0.7,32.9,71.6,19.74,Antsiranana,-12.279,49.292,41.0
2018-05-05,28.9,22.5,25.2,0.0,25.1,56.5,22.73,Antsiranana,-12.279,49.292,41.0
2018-05-06,28.5,23.2,25.4,0.3,27.2,57.6,19.44,Antsiranana,-12.279,49.292,41.0
2018-05-07,29.4,23.0,25.5,0.0,20.8,45.4,22.07,Antsiranana,-12.279,49.292,41.0
2018-05-08,29.4,23.2,25.9,0.3,24.0,54.0,20.23,Antsiranana,-12.279,49.292,41.0
2018-05-09,28.9,23.5,25.8,0.6,31.6,68.8,18.92,Antsiranana,-12.279,49.292,41.0
2018-05-10,29.2,23.5,25.8,0.0,27.6,61.2,17.34,Antsiranana,-12.279,49.292,41.0
2018-05-11,29.2,24.5,26.0,0.9,27.8,61.9,14.48,Antsiranana,-12.279,49.292,41.0
2018-05-12,29.2,24.3,26.1,0.0,32.2,69.8,18.18,Antsiranana,-12.279,49.292,41.0
2018-05-13,28.7,24.2,25.9,0.0,30.7,68.8,17.75,Antsiranana,-12.279,49.292,41.0
2018-05-14,29.6,23.8,26.0,0.0,25.5,55.1,19.41,Antsiranana,-12.279,49.292,41.0
2018-05-15,29.4,23.8,26.0,0.0,21.9,49.0,18.54,Antsiranana,-12.279,49.292,41.0
2018-05-16,30.3,23.7,26.3,0.0,22.2,49.3,20.58,Antsiranana,-12.279,49.292,41.0
2018-05-17,30.2,24.0,26.2,0.0,26.6,58.7,19.93,Antsiranana,-12.279,49.292,41.0
2018-05-18,30.2,23.3,25.9,0.0,25.9,56.5,21.09,Antsiranana,-12.279,49.292,41.0
2018-05-19,29.8,23.3,25.7,0.0,26.0,56.9,19.96,Antsiranana,-12.279,49.292,41.0
2018-05-20,29.8,23.3,25.6,0.0,25.5,58.7,20.03,Antsiranana,-12.279,49.292,41.0
2018-05-21,29.8,23.2,25.7,0.0,28.7,62.6,20.65,Antsiranana,-12.279,49.292,41.0
2018-05-22,28.5,23.4,25.4,0.3,29.6,65.9,17.34,Antsiranana,-12.279,49.292,41.0
2018-05-23,28.0,23.3,25.0,0.6,35.5,76.3,13.9,Antsiranana,-12.279,49.292,41.0
2018-05-24,30.0,23.4,25.7,0.0,30.1,66.2,20.67,Antsiranana,-12.279,49.292,41.0
2018-05-25,28.6,23.2,25.2,0.0,34.9,76.0,18.65,Antsiranana,-12.279,49.292,41.0
2018-05-26,30.2,22.9,25.6,0.0,27.4,62.3,20.23,Antsiranana,-12.279,49.292,41.0
2018-05-27,30.3,22.9,25.9,0.0,24.5,54.4,15.98,Antsiranana,-12.279,49.292,41.0
2018-05-28,28.7,23.6,25.8,0.0,23.9,52.9,14.29,Antsiranana,-12.279,49.292,41.0
2018-05-29,29.6,23.9,26.0,0.0,31.9,69.8,18.04,Antsiranana,-12.279,49.292,41.0
2018-05-30,28.7,23.4,25.4,0.0,34.4,73.8,19.03,Antsiranana,-12.279,49.292,41.0
2018-05-31,29.3,22.5,25.0,0.0,25.1,56.5,19.98,Antsiranana,-12.279,49.292,41.0
2018-06-01,28.1,21.9,24.5,0.0,24.5,54.0,16.87,Antsiranana,-12.279,49.292,41.0
2018-06-02,29.1,21.8,24.9,0.0,26.5,59.0,20.42,Antsiranana,-12.279,49.292,41.0
2018-06-03,29.8,21.8,25.2,0.0,23.8,52.6,20.33,Antsiranana,-12.279,49.292,41.0
2018-06-04,28.0,23.3,25.2,0.0,23.7,50.8,9.32,Antsiranana,-12.279,49.292,41.0
2018-06-05,29.2,23.8,25.4,0.0,21.1,48.2,13.04,Antsiranana,-12.279,49.292,41.0
2018-06-06,29.2,22.6,25.4,0.2,9.5,24.1,15.57,Antsiranana,-12.279,49.292,41.0
2018-06-07,29.0,22.6,25.3,0.1,11.8,31.0,18.61,Antsiranana,-12.279,49.292,41.0
2018-06-08,29.3,21.4,25.1,0.0,16.3,38.9,18.82,Antsiranana,-12.279,49.292,41.0
2018-06-09,28.6,23.0,25.2,0.2,23.8,53.6,16.82,Antsiranana,-12.279,49.292,41.0
2018-06-10,28.6,23.1,25.3,0.3,31.5,70.2,15.79,Antsiranana,-12.279,49.292,41.0
2018-06-11,29.1,23.1,25.2,0.1,32.2,70.9,18.51,Antsiranana,-12.279,49.292,41.0
2018-06-12,29.0,22.9,25.1,0.0,30.5,69.1,18.55,Antsiranana,-12.279,49.292,41.0
2018-06-13,28.2,22.2,24.7,0.0,31.2,68.4,18.05,Antsiranana,-12.279,49.292,41.0
2018-06-14,28.2,21.9,24.4,0.0,30.6,66.6,18.1,Antsiranana,-12.279,49.292,41.0
2018-06-15,28.1,21.9,24.3,0.2,28.5,62.3,17.9,Antsiranana,-12.279,49.292,41.0
2018-06-16,28.9,22.0,24.6,0.0,25.6,56.5,19.82,Antsiranana,-12.279,49.292,41.0
2018-06-17,29.5,22.1,24.6,0.1,23.2,52.2,18.65,Antsiranana,-12.279,49.292,41.0
2018-06-18,30.0,21.4,25.1,0.0,26.0,57.6,19.49,Antsiranana,-12.279,49.292,41.0
2018-06-19,28.3,22.9,25.0,1.3,28.3,61.9,15.52,Antsiranana,-12.279,49.292,41.0
2018-06-20,29.5,23.1,25.2,0.0,30.2,66.6,15.32,Antsiranana,-12.279,49.292,41.0
2018-06-21,29.0,22.0,24.5,0.0,27.4,60.5,20.28,Antsiranana,-12.279,49.292,41.0
2018-06-22,28.7,21.5,24.4,0.0,27.1,59.4,19.07,Antsiranana,-12.279,49.292,41.0
2018-06-23,25.6,22.2,23.6,1.5,29.2,64.1,13.76,Antsiranana,-12.279,49.292,41.0
2018-06-24,27.3,21.8,24.0,0.0,27.5,60.5,18.2,Antsiranana,-12.279,49.292,41.0
2018-06-25,27.0,21.8,23.6,0.0,31.2,69.1,15.59,Antsiranana,-12.279,49.292,41.0
2018-06-26,28.1,22.1,24.2,1.2,34.6,74.5,18.31,Antsiranana,-12.279,49.292,41.0
2018-06-27,28.0,21.4,24.1,0.2,37.2,81.4,19.78,Antsiranana,-12.279,49.292,41.0
2018-06-28,27.3,22.3,24.1,0.0,40.5,87.8,18.51,Antsiranana,-12.279,49.292,41.0
2018-06-29,27.5,21.2,23.6,0.0,29.5,64.1,18.9,Antsiranana,-12.279,49.292,41.0
2018-06-30,27.9,20.4,23.5,0.0,26.6,60.5,18.63,Antsiranana,-12.279,49.292,41.0
2018-07-01,27.7,21.2,23.6,0.0,28.8,64.1,19.97,Antsiranana,-12.279,49.292,41.0
2018-07-02,27.4,20.8,23.5,0.0,31.8,70.9,19.63,Antsiranana,-12.279,49.292,41.0
2018-07-03,27.9,21.2,24.0,0.0,32.7,73.4,19.26,Antsiranana,-12.279,49.292,41.0
2018-07-04,27.1,20.9,23.5,0.5,33.5,74.2,16.88,Antsiranana,-12.279,49.292,41.0
2018-07-05,27.4,21.2,23.3,3.3,31.7,70.2,15.29,Antsiranana,-12.279,49.292,41.0
2018-07-06,28.1,21.6,24.1,0.1,33.6,73.8,18.57,Antsiranana,-12.279,49.292,41.0
2018-07-07,28.1,21.9,24.1,0.2,37.1,81.4,19.97,Antsiranana,-12.279,49.292,41.0
2018-07-08,27.2,21.4,23.6,0.1,34.1,73.8,17.79,Antsiranana,-12.279,49.292,41.0
2018-07-09,27.3,20.7,23.5,0.0,33.2,72.7,19.11,Antsiranana,-12.279,49.292,41.0
2018-07-10,27.7,21.5,23.9,0.0,40.8,90.0,19.88,Antsiranana,-12.279,49.292,41.0
2018-07-11,27.9,21.5,23.7,0.0,31.7,68.4,19.84,Antsiranana,-12.279,49.292,41.0
2018-07-12,27.9,20.9,23.6,0.0,31.3,70.2,20.49,Antsiranana,-12.279,49.292,41.0
2018-07-13,28.3,21.0,23.7,0.0,33.1,73.4,20.47,Antsiranana,-12.279,49.292,41.0
2018-07-14,27.9,20.7,23.4,0.0,31.1,69.8,20.38,Antsiranana,-12.279,49.292,41.0
2018-07-15,27.8,20.8,23.7,0.0,28.9,63.7,20.16,Antsiranana,-12.279,49.292,41.0
2018-07-16,27.7,20.1,23.3,0.0,29.7,65.9,20.83,Antsiranana,-12.279,49.292,41.0
2018-07-17,28.1,20.0,23.1,0.0,27.1,59.4,19.14,Antsiranana,-12.279,49.292,41.0
2018-07-18,26.8,20.2,23.0,1.1,24.5,56.5,16.36,Antsiranana,-12.279,49.292,41.0
2018-07-19,27.4,21.2,23.4,0.0,31.9,69.5,17.08,Antsiranana,-12.279,49.292,41.0
2018-07-20,26.8,21.2,23.3,0.0,31.4,67.7,13.6,Antsiranana,-12.279,49.292,41.0
2018-07-21,25.7,21.7,23.1,0.4,35.7,78.1,13.25,Antsiranana,-12.279,49.292,41.0
2018-07-22,25.3,19.6,22.2,4.3,27.4,59.8,6.18,Antsiranana,-12.279,49.292,41.0
2018-07-23,27.8,21.2,23.6,0.0,30.7,68.4,20.21,Antsiranana,-12.279,49.292,41.0
2018-07-24,28.0,20.5,23.5,0.2,34.1,79.6,19.74,Antsiranana,-12.279,49.292,41.0
2018-07-25,27.1,21.6,23.8,0.6,29.9,65.9,16.17,Antsiranana,-12.279,49.292,41.0
2018-07-26,26.6,22.7,24.0,0.5,32.6,70.9,14.92,Antsiranana,-12.279,49.292,41.0
2018-07-27,27.6,21.7,24.0,0.0,34.5,74.5,18.91,Antsiranana,-12.279,49.292,41.0
2018-07-28,27.1,21.4,23.5,0.0,35.6,77.4,20.73,Antsiranana,-12.279,49.292,41.0
2018-07-29,27.6,20.7,23.5,0.0,27.3,60.5,20.56,Antsiranana,-12.279,49.292,41.0
2018-07-30,27.8,21.2,23.6,0.0,26.1,57.2,19.4,Antsiranana,-12.279,49.292,41.0
2018-07-31,28.3,21.3,24.2,0.4,21.7,50.4,18.63,Antsiranana,-12.279,49.292,41.0
2018-08-01,27.8,21.4,24.1,0.3,21.7,49.7,18.83,Antsiranana,-12.279,49.292,41.0
2018-08-02,28.5,21.8,24.5,0.2,22.4,51.1,19.31,Antsiranana,-12.279,49.292,41.0
2018-08-03,28.7,22.4,24.6,0.2,21.8,50.4,18.98,Antsiranana,-12.279,49.292,41.0
2018-08-04,28.1,21.9,24.5,0.2,26.9,60.1,20.03,Antsiranana,-12.279,49.292,41.0
2018-08-05,27.7,21.5,24.1,0.0,35.5,78.1,22.29,Antsiranana,-12.279,49.292,41.0
2018-08-06,28.0,21.3,23.9,0.0,34.4,76.3,22.02,Antsiranana,-12.279,49.292,41.0
2018-08-07,27.9,20.8,23.6,0.0,27.4,61.6,22.58,Antsiranana,-12.279,49.292,41.0
2018-08-08,27.3,20.6,23.5,0.0,26.0,58.3,22.77,Antsiranana,-12.279,49.292,41.0
2018-08-09,28.3,20.7,24.0,0.2,28.9,64.4,22.34,Antsiranana,-12.279,49.292,41.0
2018-08-10,27.2,20.9,23.5,1.6,38.0,81.4,18.2,Antsiranana,-12.279,49.292,41.0
2018-08-11,27.1,21.6,23.8,0.6,44.6,96.5,19.04,Antsiranana,-12.279,49.292,41.0
2018-08-12,28.4,21.6,24.0,0.0,41.8,92.2,22.45,Antsiranana,-12.279,49.292,41.0
2018-08-13,27.0,20.9,23.1,1.2,38.7,83.2,20.1,Antsiranana,-12.279,49.292,41.0
2018-08-14,26.2,20.6,22.8,0.6,39.1,84.2,17.34,Antsiranana,-12.279,49.292,41.0
2018-08-15,27.3,21.0,23.3,0.2,37.5,83.5,21.85,Antsiranana,-12.279,49.292,41.0
2018-08-16,26.1,21.0,23.1,0.9,37.2,80.6,18.22,Antsiranana,-12.279,49.292,41.0
2018-08-17,27.6,20.8,23.3,0.2,30.3,72.4,20.27,Antsiranana,-12.279,49.292,41.0
2018-08-18,27.0,20.7,23.3,0.3,32.9,71.6,21.29,Antsiranana,-12.279,49.292,41.0
2018-08-19,26.1,20.4,22.7,1.7,37.2,80.6,16.95,Antsiranana,-12.279,49.292,41.0
2018-08-20,26.9,20.0,23.0,1.2,34.6,77.8,20.91,Antsiranana,-12.279,49.292,41.0
2018-08-21,26.9,20.4,23.2,0.2,32.4,72.4,21.28,Antsiranana,-12.279,49.292,41.0
2018-08-22,25.7,20.7,22.7,2.2,32.0,70.6,15.62,Antsiranana,-12.279,49.292,41.0
2018-08-23,25.8,21.2,23.2,0.8,39.6,85.0,19.04,Antsiranana,-12.279,49.292,41.0
2018-08-24,27.3,20.6,23.5,0.0,31.7,69.5,23.45,Antsiranana,-12.279,49.292,41.0
2018-08-25,27.8,20.4,23.4,0.0,32.2,71.3,23.15,Antsiranana,-12.279,49.292,41.0
2018-08-26,27.9,20.8,23.6,0.0,28.3,63.4,23.1,Antsiranana,-12.279,49.292,41.0
2018-08-27,26.6,20.8,23.3,1.1,31.3,67.7,19.75,Antsiranana,-12.279,49.292,41.0
2018-08-28,27.0,20.7,23.4,0.1,31.5,69.5,22.22,Antsiranana,-12.279,49.292,41.0
2018-08-29,26.5,21.1,23.3,0.1,29.3,63.4,17.18,Antsiranana,-12.279,49.292,41.0
2018-08-30,26.2,20.4,22.9,0.2,32.7,72.7,21.81,Antsiranana,-12.279,49.292,41.0
2018-08-31,26.9,20.2,23.2,0.2,34.2,77.4,22.36,Antsiranana,-12.279,49.292,41.0
2018-09-01,27.9,20.7,23.5,5.8,31.3,69.1,14.46,Antsiranana,-12.279,49.292,41.0
2018-09-02,27.1,21.0,23.1,3.0,39.3,85.7,13.06,Antsiranana,-12.279,49.292,41.0
2018-09-03,26.8,20.8,23.6,1.6,40.5,87.8,19.22,Antsiranana,-12.279,49.292,41.0
2018-09-04,27.0,21.9,23.8,0.0,35.0,76.7,14.88,Antsiranana,-12.279,49.292,41.0
2018-09-05,27.7,21.5,23.9,0.0,36.6,80.6,24.31,Antsiranana,-12.279,49.292,41.0
2018-09-06,28.4,21.5,24.0,0.3,37.1,79.6,24.87,Antsiranana,-12.279,49.292,41.0
2018-09-07,29.1,21.6,24.6,0.0,36.2,77.4,23.69,Antsiranana,-12.279,49.292,41.0
2018-09-08,27.1,21.9,24.0,0.9,37.9,82.1,21.97,Antsiranana,-12.279,49.292,41.0
2018-09-09,28.0,21.1,23.8,0.3,39.9,89.3,24.74,Antsiranana,-12.279,49.292,41.0
2018-09-10,28.5,21.1,24.1,0.0,29.8,66.6,25.43,Antsiranana,-12.279,49.292,41.0
2018-09-11,28.0,21.6,24.3,0.3,23.0,52.2,21.18,Antsiranana,-12.279,49.292,41.0
2018-09-12,28.9,22.0,24.7,0.1,24.5,54.7,23.52,Antsiranana,-12.279,49.292,41.0
2018-09-13,28.9,21.8,24.5,0.0,26.3,59.8,23.49,Antsiranana,-12.279,49.292,41.0
2018-09-14,27.7,21.4,24.1,0.0,31.7,69.8,21.48,Antsiranana,-12.279,49.292,41.0
2018-09-15,28.4,21.5,24.2,0.0,30.3,67.7,24.69,Antsiranana,-12.279,49.292,41.0
2018-09-16,28.7,21.1,24.0,0.0,27.8,62.3,26.23,Antsiranana,-12.279,49.292,41.0
2018-09-17,28.8,20.4,24.1,0.1,28.2,61.2,25.06,Antsiranana,-12.279,49.292,41.0
2018-09-18,27.5,21.6,24.2,1.6,37.2,81.4,17.23,Antsiranana,-12.279,49.292,41.0
2018-09-19,28.0,22.2,24.4,1.9,41.4,89.3,20.79,Antsiranana,-12.279,49.292,41.0
2018-09-20,28.3,21.4,23.9,0.6,35.7,80.3,21.86,Antsiranana,-12.279,49.292,41.0
2018-09-21,27.5,21.5,24.1,0.0,37.1,80.3,23.06,Antsiranana,-12.279,49.292,41.0
2018-09-22,28.0,21.5,24.1,0.0,33.2,73.1,26.22,Antsiranana,-12.279,49.292,41.0
2018-09-23,28.2,21.4,24.2,0.0,36.2,79.2,23.58,Antsiranana,-12.279,49.292,41.0
2018-09-24,28.0,22.0,24.4,0.0,38.0,83.9,24.54,Antsiranana,-12.279,49.292,41.0
2018-09-25,28.7,21.9,24.8,0.0,36.4,79.9,23.71,Antsiranana,-12.279,49.292,41.0
2018-09-26,27.3,22.2,24.6,0.2,38.8,84.2,22.28,Antsiranana,-12.279,49.292,41.0
2018-09-27,27.7,22.2,24.6,0.2,43.3,92.2,24.0,Antsiranana,-12.279,49.292,41.0
2018-09-28,26.8,21.5,23.9,0.3,38.0,82.1,24.07,Antsiranana,-12.279,49.292,41.0
2018-09-29,27.9,21.3,24.1,0.0,34.5,75.2,25.84,Antsiranana,-12.279,49.292,41.0
2018-09-30,28.1,21.3,24.1,0.0,27.1,60.8,23.62,Antsiranana,-12.279,49.292,41.0
2018-10-01,28.7,21.5,24.4,0.0,30.6,68.4,26.6,Antsiranana,-12.279,49.292,41.0
2018-10-02,29.2,21.8,24.7,0.0,33.0,73.1,26.69,Antsiranana,-12.279,49.292,41.0
2018-10-03,28.9,21.9,24.7,0.0,28.8,64.4,26.4,Antsiranana,-12.279,49.292,41.0
2018-10-04,27.6,22.0,24.1,1.8,26.5,59.8,20.82,Antsiranana,-12.279,49.292,41.0
2018-10-05,27.0,21.3,23.8,0.5,29.3,64.8,21.52,Antsiranana,-12.279,49.292,41.0
2018-10-06,28.4,20.5,23.9,0.0,28.2,64.1,26.4,Antsiranana,-12.279,49.292,41.0
2018-10-07,29.3,21.1,24.7,0.0,23.8,55.8,26.24,Antsiranana,-12.279,49.292,41.0
2018-10-08,28.8,22.1,24.8,0.2,23.7,54.0,24.09,Antsiranana,-12.279,49.292,41.0
2018-10-09,29.4,22.3,25.1,0.0,34.7,75.2,26.42,Antsiranana,-12.279,49.292,41.0
2018-10-10,29.1,22.5,25.2,0.0,40.1,86.8,25.8,Antsiranana,-12.279,49.292,41.0
2018-10-11,28.0,21.6,24.1,4.0,33.8,75.6,22.3,Antsiranana,-12.279,49.292,41.0
2018-10-12,28.1,21.6,24.4,0.5,37.4,81.7,27.05,Antsiranana,-12.279,49.292,41.0
2018-10-13,28.6,22.1,24.8,0.0,32.9,73.1,27.06,Antsiranana,-12.279,49.292,41.0
2018-10-14,30.3,21.8,25.2,0.0,29.4,64.8,27.69,Antsiranana,-12.279,49.292,41.0
2018-10-15,29.9,22.3,25.3,0.0,30.6,67.7,27.75,Antsiranana,-12.279,49.292,41.0
2018-10-16,29.7,22.2,25.4,0.0,26.8,60.1,25.18,Antsiranana,-12.279,49.292,41.0
2018-10-17,29.3,21.7,25.1,0.0,19.1,45.7,27.39,Antsiranana,-12.279,49.292,41.0
2018-10-18,28.9,22.2,24.9,0.9,21.6,50.8,23.7,Antsiranana,-12.279,49.292,41.0
2018-10-19,27.9,22.4,24.9,0.8,19.8,46.8,19.4,Antsiranana,-12.279,49.292,41.0
2018-10-20,29.2,22.5,25.3,0.0,20.2,47.9,25.03,Antsiranana,-12.279,49.292,41.0
2018-10-21,30.2,22.1,25.9,0.0,19.6,47.5,27.15,Antsiranana,-12.279,49.292,41.0
2018-10-22,30.5,22.2,26.5,0.0,16.5,41.0,26.11,Antsiranana,-12.279,49.292,41.0
2018-10-23,30.8,23.7,26.2,0.0,37.6,83.5,26.25,Antsiranana,-12.279,49.292,41.0
2018-10-24,29.0,22.9,25.2,0.0,39.4,87.1,26.76,Antsiranana,-12.279,49.292,41.0
2018-10-25,29.1,22.2,25.1,0.0,33.8,73.8,27.93,Antsiranana,-12.279,49.292,41.0
2018-10-26,29.1,22.2,25.0,0.0,33.4,73.8,27.74,Antsiranana,-12.279,49.292,41.0
2018-10-27,29.5,21.6,24.9,0.0,29.7,66.6,28.25,Antsiranana,-12.279,49.292,41.0
2018-10-28,29.5,21.4,25.0,0.0,28.8,64.1,27.62,Antsiranana,-12.279,49.292,41.0
2018-10-29,29.6,21.7,25.7,0.1,15.6,38.9,27.6,Antsiranana,-12.279,49.292,41.0
2018-10-30,29.3,22.5,25.7,0.4,16.0,40.0,25.65,Antsiranana,-12.279,49.292,41.0
2018-10-31,29.3,23.5,25.8,2.3,17.8,42.8,22.25,Antsiranana,-12.279,49.292,41.0
2018-11-01,30.4,23.1,26.2,0.2,23.1,52.9,25.82,Antsiranana,-12.279,49.292,41.0
2018-11-02,30.9,23.1,26.3,0.0,26.4,59.8,27.91,Antsiranana,-12.279,49.292,41.0
2018-11-03,30.9,23.3,26.5,0.0,29.3,64.8,27.02,Antsiranana,-12.279,49.292,41.0
2018-11-04,30.5,23.0,26.2,0.3,18.5,45.0,26.51,Antsiranana,-12.279,49.292,41.0
2018-11-05,29.3,23.3,25.9,2.0,20.1,46.8,21.89,Antsiranana,-12.279,49.292,41.0
2018-11-06,30.1,23.2,26.2,1.4,28.1,62.3,25.17,Antsiranana,-12.279,49.292,41.0
2018-11-07,30.8,23.7,26.7,0.0,27.9,62.3,28.54,Antsiranana,-12.279,49.292,41.0
2018-11-08,32.1,23.9,27.4,0.2,28.5,65.2,26.43,Antsiranana,-12.279,49.292,41.0
2018-11-09,30.5,23.0,25.9,8.4,13.3,42.5,19.44,Antsiranana,-12.279,49.292,41.0
2018-11-10,30.6,22.4,25.8,1.1,14.7,37.8,20.63,Antsiranana,-12.279,49.292,41.0
2018-11-11,29.8,23.9,25.7,7.1,10.2,37.1,14.3,Antsiranana,-12.279,49.292,41.0
2018-11-12,26.5,22.7,24.3,19.9,15.5,34.2,11.29,Antsiranana,-12.279,49.292,41.0
2018-11-13,26.4,23.0,24.6,24.5,26.5,56.9,8.11,Antsiranana,-12.279,49.292,41.0
2018-11-14,26.2,22.5,24.3,4.3,25.2,53.6,9.38,Antsiranana,-12.279,49.292,41.0
2018-11-15,27.7,22.6,24.9,6.8,24.7,54.0,20.88,Antsiranana,-12.279,49.292,41.0
2018-11-16,28.2,23.1,25.4,1.2,26.4,58.0,25.23,Antsiranana,-12.279,49.292,41.0
2018-11-17,29.2,23.7,25.7,0.0,27.0,59.8,26.41,Antsiranana,-12.279,49.292,41.0
2018-11-18,28.8,23.5,25.6,0.0,24.8,55.1,24.28,Antsiranana,-12.279,49.292,41.0
2018-11-19,29.0,23.1,25.6,0.0,20.0,45.7,26.85,Antsiranana,-12.279,49.292,41.0
2018-11-20,28.6,23.4,25.6,0.3,23.2,52.9,26.1,Antsiranana,-12.279,49.292,41.0
2018-11-21,28.7,23.1,25.6,0.5,25.0,55.8,25.44,Antsiranana,-12.279,49.292,41.0
2018-11-22,29.3,23.4,26.0,0.1,23.7,52.6,27.03,Antsiranana,-12.279,49.292,41.0
2018-11-23,29.6,23.6,26.3,0.0,21.3,47.2,27.01,Antsiranana,-12.279,49.292,41.0
2018-11-24,29.8,23.8,26.3,0.2,23.8,53.3,26.67,Antsiranana,-12.279,49.292,41.0
2018-11-25,29.6,24.0,26.4,0.2,25.0,56.9,25.87,Antsiranana,-12.279,49.292,41.0
2018-11-26,29.9,23.9,26.4,0.2,24.0,54.7,26.45,Antsiranana,-12.279,49.292,41.0
2018-11-27,30.5,23.8,26.4,0.0,26.2,59.4,27.86,Antsiranana,-12.279,49.292,41.0
2018-11-28,31.0,23.6,26.7,0.0,22.0,51.5,27.61,Antsiranana,-12.279,49.292,41.0
2018-11-29,31.1,24.1,27.0,0.0,18.4,43.9,24.13,Antsiranana,-12.279,49.292,41.0
2018-11-30,31.0,24.1,27.0,2.5,12.1,33.1,23.22,Antsiranana,-12.279,49.292,41.0
2018-12-01,29.5,24.2,26.6,0.7,15.1,35.3,24.51,Antsiranana,-12.279,49.292,41.0
2018-12-02,30.6,24.2,27.0,0.2,24.1,54.7,25.83,Antsiranana,-12.279,49.292,41.0
2018-12-03,30.8,24.3,27.2,0.0,20.0,46.8,26.74,Antsiranana,-12.279,49.292,41.0
2018-12-04,30.9,24.2,27.2,0.0,23.1,52.9,26.65,Antsiranana,-12.279,49.292,41.0
2018-12-05,31.6,24.3,27.5,0.0,22.4,51.5,26.86,Antsiranana,-12.279,49.292,41.0
2018-12-06,30.5,24.8,27.1,1.1,24.5,55.1,22.82,Antsiranana,-12.279,49.292,41.0
2018-12-07,30.9,24.1,27.0,0.9,23.0,50.4,24.49,Antsiranana,-12.279,49.292,41.0
2018-12-08,31.0,24.3,27.2,0.5,28.2,62.3,26.38,Antsiranana,-12.279,49.292,41.0
2018-12-09,31.0,24.7,27.3,0.5,23.4,54.7,25.39,Antsiranana,-12.279,49.292,41.0
2018-12-10,30.7,24.3,27.1,0.2,20.5,50.4,25.6,Antsiranana,-12.279,49.292,41.0
2018-12-11,31.3,24.8,26.9,6.0,14.5,36.4,21.65,Antsiranana,-12.279,49.292,41.0
2018-12-12,30.3,24.5,27.0,2.1,12.9,33.1,23.89,Antsiranana,-12.279,49.292,41.0
2018-12-13,31.2,24.6,27.0,5.4,17.6,42.5,23.28,Antsiranana,-12.279,49.292,41.0
2018-12-14,30.4,24.2,26.9,1.0,22.7,50.8,24.44,Antsiranana,-12.279,49.292,41.0
2018-12-15,30.0,24.6,27.1,0.7,25.0,56.5,24.33,Antsiranana,-12.279,49.292,41.0
2018-12-16,31.7,24.6,27.2,2.5,23.2,52.9,25.56,Antsiranana,-12.279,49.292,41.0
2018-12-17,31.1,24.1,26.8,2.6,18.9,45.7,21.43,Antsiranana,-12.279,49.292,41.0
2018-12-18,31.1,23.9,27.1,0.5,26.7,59.0,26.58,Antsiranana,-12.279,49.292,41.0
2018-12-19,30.8,23.2,26.4,2.8,21.6,49.3,23.03,Antsiranana,-12.279,49.292,41.0
2018-12-20,30.7,23.8,26.5,12.3,16.9,40.7,23.08,Antsiranana,-12.279,49.292,41.0
2018-12-21,30.4,24.2,27.0,3.6,19.6,43.6,22.83,Antsiranana,-12.279,49.292,41.0
2018-12-22,31.5,24.3,27.4,1.0,23.9,51.5,23.93,Antsiranana,-12.279,49.292,41.0
2018-12-23,30.7,25.0,27.1,1.9,25.3,56.2,22.83,Antsiranana,-12.279,49.292,41.0
2018-12-24,29.8,25.2,26.9,1.1,25.3,57.2,22.99,Antsiranana,-12.279,49.292,41.0
2018-12-25,31.5,25.1,27.6,0.0,27.4,61.6,24.34,Antsiranana,-12.279,49.292,41.0
2018-12-26,33.2,25.1,28.6,0.0,24.3,54.7,26.47,Antsiranana,-12.279,49.292,41.0
2018-12-27,32.2,24.2,27.6,2.5,10.0,28.8,22.7,Antsiranana,-12.279,49.292,41.0
2018-12-28,30.9,24.5,27.0,3.0,13.1,33.8,22.36,Antsiranana,-12.279,49.292,41.0
2018-12-29,31.4,24.4,27.4,2.5,15.0,38.2,24.84,Antsiranana,-12.279,49.292,41.0
2018-12-30,31.1,24.3,27.3,0.5,18.1,42.5,23.84,Antsiranana,-12.279,49.292,41.0
2018-12-31,28.6,24.5,26.1,3.5,24.9,54.0,17.28,Antsiranana,-12.279,49.292,41.0
2019-01-01,29.3,24.3,25.9,3.5,26.2,56.5,15.43,Antsiranana,-12.279,49.292,41.0
2019-01-02,30.1,24.4,26.8,2.3,22.7,50.4,23.01,Antsiranana,-12.279,49.292,41.0
2019-01-03,30.4,24.3,27.1,2.4,16.8,40.3,24.03,Antsiranana,-12.279,49.292,41.0
2019-01-04,30.0,24.6,26.9,1.2,11.0,26.3,20.64,Antsiranana,-12.279,49.292,41.0
2019-01-05,30.5,24.5,27.1,3.9,10.9,31.0,23.75,Antsiranana,-12.279,49.292,41.0
2019-01-06,30.7,24.3,27.1,1.5,13.7,36.4,21.56,Antsiranana,-12.279,49.292,41.0
2019-01-07,30.3,24.5,26.7,0.9,20.5,48.6,17.92,Antsiranana,-12.279,49.292,41.0
2019-01-08,29.6,24.1,26.8,1.5,13.7,31.7,21.62,Antsiranana,-12.279,49.292,41.0
2019-01-09,28.2,24.6,26.2,5.8,10.0,25.6,14.15,Antsiranana,-12.279,49.292,41.0
2019-01-10,29.6,24.0,26.7,2.8,12.5,31.3,19.78,Antsiranana,-12.279,49.292,41.0
2019-01-11,27.8,24.4,25.8,12.0,12.3,31.0,15.67,Antsiranana,-12.279,49.292,41.0
2019-01-12,27.9,23.5,25.5,11.3,14.7,37.8,18.27,Antsiranana,-12.279,49.292,41.0
2019-01-13,28.8,24.3,25.8,3.9,20.7,47.9,16.83,Antsiranana,-12.279,49.292,41.0
2019-01-14,28.1,24.0,25.3,8.0,19.6,43.2,16.6,Antsiranana,-12.279,49.292,41.0
2019-01-15,27.9,23.4,25.2,37.8,24.8,56.9,18.0,Antsiranana,-12.279,49.292,41.0
2019-01-16,28.4,23.2,25.0,26.2,21.8,46.4,16.25,Antsiranana,-12.279,49.292,41.0
2019-01-17,28.1,23.5,24.9,17.1,12.8,28.8,16.56,Antsiranana,-12.279,49.292,41.0
2019-01-18,28.5,23.6,25.5,7.9,14.0,31.7,21.01,Antsiranana,-12.279,49.292,41.0
2019-01-19,28.9,24.0,26.0,14.4,12.0,27.0,21.12,Antsiranana,-12.279,49.292,41.0
2019-01-20,26.9,24.1,25.1,17.5,24.4,53.3,10.84,Antsiranana,-12.279,49.292,41.0
2019-01-21,26.0,23.8,24.5,51.2,21.3,51.1,4.8,Antsiranana,-12.279,49.292,41.0
2019-01-22,29.3,23.7,26.7,2.0,13.5,30.2,21.51,Antsiranana,-12.279,49.292,41.0
2019-01-23,29.1,24.9,27.0,0.7,16.1,36.0,22.17,Antsiranana,-12.279,49.292,41.0
2019-01-24,29.3,24.9,27.0,0.6,12.2,31.0,25.12,Antsiranana,-12.279,49.292,41.0
2019-01-25,29.6,24.5,26.9,4.9,15.3,33.8,21.41,Antsiranana,-12.279,49.292,41.0
2019-01-26,31.1,24.1,27.3,0.1,24.8,54.7,25.31,Antsiranana,-12.279,49.292,41.0
2019-01-27,29.5,25.5,26.8,0.9,24.1,52.6,20.99,Antsiranana,-12.279,49.292,41.0
2019-01-28,28.5,24.7,26.3,1.5,23.9,52.6,22.76,Antsiranana,-12.279,49.292,41.0
2019-01-29,29.5,23.3,26.1,2.5,10.2,24.1,23.57,Antsiranana,-12.279,49.292,41.0
2019-01-30,29.4,24.1,26.0,6.5,9.4,25.6,19.64,Antsiranana,-12.279,49.292,41.0
2019-01-31,29.2,24.0,26.0,4.6,11.1,25.2,21.72,Antsiranana,-12.279,49.292,41.0
2019-02-01,29.3,24.1,26.1,11.2,10.9,27.4,18.23,Antsiranana,-12.279,49.292,41.0
2019-02-02,29.2,24.2,25.6,65.0,7.3,24.8,16.76,Antsiranana,-12.279,49.292,41.0
2019-02-03,28.3,23.4,25.5,10.9,12.1,36.7,16.77,Antsiranana,-12.279,49.292,41.0
2019-02-04,29.5,23.9,25.8,49.2,14.6,32.0,18.66,Antsiranana,-12.279,49.292,41.0
2019-02-05,29.9,24.2,26.5,9.2,12.9,28.8,21.06,Antsiranana,-12.279,49.292,41.0
2019-02-06,30.4,24.5,26.4,22.2,18.4,40.3,14.27,Antsiranana,-12.279,49.292,41.0
2019-02-07,27.8,24.7,26.2,9.0,35.4,75.2,18.48,Antsiranana,-12.279,49.292,41.0
2019-02-08,28.0,24.4,26.0,4.5,27.5,61.9,17.56,Antsiranana,-12.279,49.292,41.0
2019-02-09,27.9,24.3,25.8,2.4,22.0,47.2,12.56,Antsiranana,-12.279,49.292,41.0
2019-02-10,29.1,24.2,26.1,2.1,14.8,34.6,21.83,Antsiranana,-12.279,49.292,41.0
2019-02-11,28.6,24.0,26.2,4.7,14.5,34.2,21.66,Antsiranana,-12.279,49.292,41.0
2019-02-12,28.8,24.2,26.4,1.1,15.4,36.7,23.56,Antsiranana,-12.279,49.292,41.0
2019-02-13,28.4,24.3,26.4,1.7,23.0,50.0,22.77,Antsiranana,-12.279,49.292,41.0
2019-02-14,29.1,24.1,25.7,15.6,12.5,28.1,15.99,Antsiranana,-12.279,49.292,41.0
2019-02-15,29.6,23.3,26.5,0.7,19.5,42.1,22.97,Antsiranana,-12.279,49.292,41.0
2019-02-16,28.9,24.2,26.2,6.5,12.3,29.9,19.89,Antsiranana,-12.279,49.292,41.0
2019-02-17,28.8,24.0,26.3,4.5,15.2,34.9,22.65,Antsiranana,-12.279,49.292,41.0
2019-02-18,29.3,24.0,26.5,0.5,16.6,38.5,24.69,Antsiranana,-12.279,49.292,41.0
2019-02-19,29.1,24.6,26.7,1.9,13.7,32.8,22.98,Antsiranana,-12.279,49.292,41.0
2019-02-20,30.3,23.4,27.0,0.0,13.8,34.2,26.61,Antsiranana,-12.279,49.292,41.0
2019-02-21,30.2,24.9,27.4,1.8,10.5,27.7,24.73,Antsiranana,-12.279,49.292,41.0
2019-02-22,28.9,24.8,26.5,4.4,9.3,27.4,19.68,Antsiranana,-12.279,49.292,41.0
2019-02-23,28.5,23.9,25.8,4.2,12.0,33.5,19.34,Antsiranana,-12.279,49.292,41.0
2019-02-24,28.2,24.4,25.7,3.3,8.1,23.4,10.3,Antsiranana,-12.279,49.292,41.0
2019-02-25,27.1,23.7,25.1,18.6,7.1,22.7,7.07,Antsiranana,-12.279,49.292,41.0
2019-02-26,26.7,24.0,25.4,15.5,8.3,32.4,10.3,Antsiranana,-12.279,49.292,41.0
2019-02-27,29.0,23.7,25.3,31.9,17.3,37.8,12.44,Antsiranana,-12.279,49.292,41.0
2019-02-28,27.9,23.9,25.0,18.1,18.5,40.0,12.42,Antsiranana,-12.279,49.292,41.0
2019-03-01,27.5,24.2,25.5,12.6,17.1,38.9,18.45,Antsiranana,-12.279,49.292,41.0
2019-03-02,29.4,24.6,26.3,2.7,24.6,54.0,22.35,Antsiranana,-12.279,49.292,41.0
2019-03-03,29.7,24.2,26.7,0.8,23.7,50.8,22.96,Antsiranana,-12.279,49.292,41.0
2019-03-04,29.3,24.8,26.8,1.3,18.1,40.7,23.53,Antsiranana,-12.279,49.292,41.0
2019-03-05,29.2,24.6,26.6,0.6,14.0,33.8,18.58,Antsiranana,-12.279,49.292,41.0
2019-03-06,28.5,24.7,26.1,7.0,9.7,23.8,14.52,Antsiranana,-12.279,49.292,41.0
2019-03-07,28.4,23.6,25.6,10.6,14.5,35.3,11.97,Antsiranana,-12.279,49.292,41.0
2019-03-08,30.1,24.4,27.0,0.6,22.4,49.0,24.36,Antsiranana,-12.279,49.292,41.0
2019-03-09,30.3,23.5,26.8,0.9,16.6,38.2,22.26,Antsiranana,-12.279,49.292,41.0
2019-03-10,30.0,23.8,26.7,0.3,13.4,34.6,24.05,Antsiranana,-12.279,49.292,41.0
2019-03-11,30.2,24.0,26.9,0.5,19.0,41.8,23.38,Antsiranana,-12.279,49.292,41.0
2019-03-12,30.3,23.1,26.7,0.3,20.6,44.3,24.74,Antsiranana,-12.279,49.292,41.0
2019-03-13,30.1,24.0,26.7,3.0,6.9,25.2,23.63,Antsiranana,-12.279,49.292,41.0
2019-03-14,29.7,24.1,26.3,6.5,9.2,21.2,20.39,Antsiranana,-12.279,49.292,41.0
2019-03-15,28.9,23.7,26.1,3.2,18.9,43.2,16.02,Antsiranana,-12.279,49.292,41.0
2019-03-16,29.3,23.7,26.2,8.0,11.0,28.1,13.66,Antsiranana,-12.279,49.292,41.0
2019-03-17,29.8,24.6,26.7,1.2,15.3,34.2,22.36,Antsiranana,-12.279,49.292,41.0
2019-03-18,29.4,24.4,26.7,0.3,17.6,40.0,23.14,Antsiranana,-12.279,49.292,41.0
2019-03-19,30.3,23.6,26.4,4.4,18.3,41.8,23.32,Antsiranana,-12.279,49.292,41.0
2019-03-20,30.1,24.2,26.5,4.6,15.1,34.9,22.8,Antsiranana,-12.279,49.292,41.0
2019-03-21,30.9,24.4,26.9,2.4,9.8,26.6,22.97,Antsiranana,-12.279,49.292,41.0
2019-03-22,30.2,23.9,26.5,6.4,9.1,27.4,22.43,Antsiranana,-12.279,49.292,41.0
2019-03-23,31.2,24.7,27.3,1.0,14.8,35.3,24.6,Antsiranana,-12.279,49.292,41.0
2019-03-24,30.8,24.9,27.3,1.0,10.7,28.4,25.11,Antsiranana,-12.279,49.292,41.0
2019-03-25,30.0,24.8,26.7,2.8,8.6,24.1,19.83,Antsiranana,-12.279,49.292,41.0
2019-03-26,29.6,24.6,26.7,4.0,18.8,42.1,18.71,Antsiranana,-12.279,49.292,41.0
2019-03-27,31.0,25.0,27.8,1.0,17.4,40.7,21.65,Antsiranana,-12.279,49.292,41.0
2019-03-28,30.4,24.3,26.8,4.5,17.4,38.5,20.85,Antsiranana,-12.279,49.292,41.0
2019-03-29,29.4,24.2,26.1,2.1,11.0,26.3,20.3,Antsiranana,-12.279,49.292,41.0
2019-03-30,29.6,23.5,26.0,1.3,7.9,22.7,21.31,Antsiranana,-12.279,49.292,41.0
2019-03-31,30.0,23.9,26.7,0.7,8.0,22.3,22.97,Antsiranana,-12.279,49.292,41.0
2019-04-01,29.6,24.8,26.9,3.9,7.8,20.9,20.12,Antsiranana,-12.279,49.292,41.0
2019-04-02,29.9,24.9,26.8,1.4,13.6,30.6,20.53,Antsiranana,-12.279,49.292,41.0
2019-04-03,29.4,24.6,26.6,0.3,14.9,36.0,19.79,Antsiranana,-12.279,49.292,41.0
2019-04-04,30.3,25.0,27.2,0.8,23.0,51.5,22.83,Antsiranana,-12.279,49.292,41.0
2019-04-05,30.2,25.0,27.0,0.5,21.2,47.5,20.39,Antsiranana,-12.279,49.292,41.0
2019-04-06,30.7,25.1,27.4,0.1,23.8,54.7,21.24,Antsiranana,-12.279,49.292,41.0
2019-04-07,30.6,25.0,27.3,1.0,26.3,60.1,21.73,Antsiranana,-12.279,49.292,41.0
2019-04-08,30.6,25.1,27.4,0.3,24.3,53.6,23.37,Antsiranana,-12.279,49.292,41.0
2019-04-09,31.3,25.0,27.5,0.7,18.6,42.5,23.22,Antsiranana,-12.279,49.292,41.0
2019-04-10,31.9,24.6,27.8,0.7,16.4,38.2,23.2,Antsiranana,-12.279,49.292,41.0
2019-04-11,31.6,24.7,27.3,3.7,16.0,37.8,22.06,Antsiranana,-12.279,49.292,41.0
2019-04-12,30.2,24.3,26.7,1.1,19.3,43.9,21.0,Antsiranana,-12.279,49.292,41.0
2019-04-13,30.3,24.5,27.1,0.2,16.5,39.2,21.75,Antsiranana,-12.279,49.292,41.0
2019-04-14,30.6,25.2,27.3,0.1,18.2,39.6,19.31,Antsiranana,-12.279,49.292,41.0
2019-04-15,31.0,25.3,27.3,4.1,18.5,42.5,20.41,Antsiranana,-12.279,49.292,41.0
2019-04-16,29.9,24.6,26.8,0.8,17.8,41.8,19.86,Antsiranana,-12.279,49.292,41.0
2019-04-17,29.6,24.8,27.1,0.7,20.2,46.4,19.71,Antsiranana,-12.279,49.292,41.0
2019-04-18,29.8,24.9,26.9,1.1,24.7,54.7,18.8,Antsiranana,-12.279,49.292,41.0
2019-04-19,31.0,24.7,26.9,1.2,28.5,63.0,20.83,Antsiranana,-12.279,49.292,41.0
2019-04-20,30.0,24.7,27.1,0.3,32.3,71.3,19.18,Antsiranana,-12.279,49.292,41.0
2019-04-21,31.1,24.8,27.2,0.0,28.1,62.6,18.09,Antsiranana,-12.279,49.292,41.0
2019-04-22,30.4,24.8,26.6,11.4,22.2,52.9,14.9,Antsiranana,-12.279,49.292,41.0
2019-04-23,25.9,23.6,24.9,43.4,31.2,67.0,4.53,Antsiranana,-12.279,49.292,41.0
2019-04-24,27.1,24.4,25.6,19.2,21.0,45.4,10.47,Antsiranana,-12.279,49.292,41.0
2019-04-25,29.0,23.5,26.2,0.9,23.2,51.1,18.17,Antsiranana,-12.279,49.292,41.0
2019-04-26,29.2,24.9,26.7,0.3,23.2,51.1,19.29,Antsiranana,-12.279,49.292,41.0
2019-04-27,29.6,24.8,26.8,0.3,21.0,47.9,20.34,Antsiranana,-12.279,49.292,41.0
2019-04-28,30.0,24.7,26.8,0.4,18.2,40.3,20.88,Antsiranana,-12.279,49.292,41.0
2019-04-29,30.4,24.9,27.1,0.1,23.3,51.8,21.32,Antsiranana,-12.279,49.292,41.0
2019-04-30,29.9,24.9,26.7,0.0,36.2,79.9,21.76,Antsiranana,-12.279,49.292,41.0
2019-05-01,28.6,24.5,26.1,0.8,38.7,81.7,19.17,Antsiranana,-12.279,49.292,41.0
2019-05-02,29.3,24.3,26.1,0.1,36.2,78.1,20.35,Antsiranana,-12.279,49.292,41.0
2019-05-03,29.6,23.7,25.9,0.5,33.4,72.7,21.09,Antsiranana,-12.279,49.292,41.0
2019-05-04,29.7,23.9,26.3,0.2,32.4,70.6,20.96,Antsiranana,-12.279,49.292,41.0
2019-05-05,29.4,24.1,26.2,1.4,32.4,68.8,18.71,Antsiranana,-12.279,49.292,41.0
2019-05-06,29.5,24.1,26.3,0.1,32.9,73.1,21.24,Antsiranana,-12.279,49.292,41.0
2019-05-07,29.7,24.6,26.4,0.6,27.2,60.1,19.04,Antsiranana,-12.279,49.292,41.0
2019-05-08,29.0,24.4,26.1,1.5,32.1,70.2,17.96,Antsiranana,-12.279,49.292,41.0
2019-05-09,28.1,23.8,25.4,1.5,30.4,65.9,17.55,Antsiranana,-12.279,49.292,41.0
2019-05-10,28.9,23.8,25.9,0.1,30.9,67.0,18.91,Antsiranana,-12.279,49.292,41.0
2019-05-11,27.6,23.6,25.3,1.2,29.5,63.4,16.2,Antsiranana,-12.279,49.292,41.0
2019-05-12,29.5,23.7,25.7,0.0,22.7,49.3,20.72,Antsiranana,-12.279,49.292,41.0
2019-05-13,29.4,23.1,25.8,0.0,17.2,39.2,20.67,Antsiranana,-12.279,49.292,41.0
2019-05-14,28.2,24.0,25.9,1.0,17.2,40.3,16.55,Antsiranana,-12.279,49.292,41.0
2019-05-15,28.9,23.9,26.1,0.4,21.3,48.2,18.09,Antsiranana,-12.279,49.292,41.0
2019-05-16,29.4,23.8,25.8,0.0,24.9,55.4,18.75,Antsiranana,-12.279,49.292,41.0
2019-05-17,28.7,23.3,25.5,0.0,30.0,67.3,19.47,Antsiranana,-12.279,49.292,41.0
2019-05-18,29.3,23.1,25.6,0.0,26.3,58.3,21.35,Antsiranana,-12.279,49.292,41.0
2019-05-19,30.0,23.5,26.0,0.2,25.2,56.5,19.29,Antsiranana,-12.279,49.292,41.0
2019-05-20,29.9,23.7,26.3,0.2,22.1,50.0,19.57,Antsiranana,-12.279,49.292,41.0
2019-05-21,29.2,23.9,26.0,1.1,22.7,49.7,17.41,Antsiranana,-12.279,49.292,41.0
2019-05-22,28.9,24.0,25.7,1.0,24.1,56.2,16.4,Antsiranana,-12.279,49.292,41.0
2019-05-23,29.5,23.7,26.0,0.0,26.1,57.2,18.08,Antsiranana,-12.279,49.292,41.0
2019-05-24,30.7,23.8,26.3,0.0,27.1,60.5,20.18,Antsiranana,-12.279,49.292,41.0
2019-05-25,29.9,23.7,26.0,0.1,27.6,61.2,19.54,Antsiranana,-12.279,49.292,41.0
2019-05-26,29.2,22.9,25.5,0.0,27.5,60.8,20.81,Antsiranana,-12.279,49.292,41.0
2019-05-27,30.3,23.0,25.7,0.0,26.1,57.2,19.45,Antsiranana,-12.279,49.292,41.0
2019-05-28,30.0,23.1,25.7,0.0,32.4,71.6,20.58,Antsiranana,-12.279,49.292,41.0
2019-05-29,29.5,22.8,25.5,0.0,28.8,63.0,20.6,Antsiranana,-12.279,49.292,41.0
2019-05-30,29.4,22.8,25.3,0.0,22.6,51.5,19.48,Antsiranana,-12.279,49.292,41.0
2019-05-31,29.1,21.4,25.3,0.4,10.5,28.1,17.83,Antsiranana,-12.279,49.292,41.0
2019-06-01,28.3,21.3,25.0,0.4,11.7,27.0,18.67,Antsiranana,-12.279,49.292,41.0
2019-06-02,28.2,22.1,24.8,0.3,19.2,43.9,17.19,Antsiranana,-12.279,49.292,41.0
2019-06-03,29.7,22.6,25.2,1.0,22.0,49.3,18.11,Antsiranana,-12.279,49.292,41.0
2019-06-04,26.9,22.3,24.1,1.0,26.8,61.6,14.29,Antsiranana,-12.279,49.292,41.0
2019-06-05,28.3,22.3,24.7,0.0,30.1,66.6,19.74,Antsiranana,-12.279,49.292,41.0
2019-06-06,29.2,22.0,25.0,0.0,31.5,70.2,19.9,Antsiranana,-12.279,49.292,41.0
2019-06-07,29.3,23.3,25.6,0.0,34.9,78.5,19.36,Antsiranana,-12.279,49.292,41.0
2019-06-08,29.1,23.6,25.5,0.0,31.1,69.1,15.72,Antsiranana,-12.279,49.292,41.0
2019-06-09,30.4,24.0,26.0,0.0,25.3,55.8,13.99,Antsiranana,-12.279,49.292,41.0
2019-06-10,27.3,24.0,25.2,0.2,43.1,94.0,14.34,Antsiranana,-12.279,49.292,41.0
2019-06-11,29.9,23.4,26.0,0.0,33.8,77.4,19.15,Antsiranana,-12.279,49.292,41.0
2019-06-12,29.3,23.4,25.5,0.0,41.5,95.0,17.55,Antsiranana,-12.279,49.292,41.0
2019-06-13,28.9,23.0,25.0,0.0,37.7,82.1,16.75,Antsiranana,-12.279,49.292,41.0
2019-06-14,27.7,22.4,24.6,0.0,26.0,57.6,11.22,Antsiranana,-12.279,49.292,41.0
2019-06-15,28.2,22.0,24.8,0.3,29.8,64.8,10.51,Antsiranana,-12.279,49.292,41.0
2019-06-16,27.7,22.9,24.8,0.0,31.8,69.5,14.14,Antsiranana,-12.279,49.292,41.0
2019-06-17,28.7,23.5,25.3,0.0,35.1,77.8,17.7,Antsiranana,-12.279,49.292,41.0
2019-06-18,28.2,22.4,24.5,0.0,37.2,80.6,19.35,Antsiranana,-12.279,49.292,41.0
2019-06-19,28.1,21.8,24.2,0.0,29.2,62.6,19.63,Antsiranana,-12.279,49.292,41.0
2019-06-20,28.3,22.1,24.4,0.0,28.2,63.0,18.62,Antsiranana,-12.279,49.292,41.0
2019-06-21,29.0,22.1,24.7,0.3,34.4,75.2,18.9,Antsiranana,-12.279,49.292,41.0
2019-06-22,28.8,22.1,24.6,1.2,33.9,73.4,17.64,Antsiranana,-12.279,49.292,41.0
2019-06-23,27.9,22.3,24.7,0.0,25.5,55.4,14.93,Antsiranana,-12.279,49.292,41.0
2019-06-24,28.6,22.2,24.6,0.1,23.2,52.2,18.28,Antsiranana,-12.279,49.292,41.0
2019-06-25,28.8,22.5,24.8,0.5,18.1,42.1,17.91,Antsiranana,-12.279,49.292,41.0
2019-06-26,29.0,22.0,24.8,0.9,18.8,43.6,16.46,Antsiranana,-12.279,49.292,41.0
2019-06-27,29.5,21.1,24.6,2.1,13.8,39.2,18.22,Antsiranana,-12.279,49.292,41.0
2019-06-28,27.5,21.4,24.2,3.1,27.5,61.6,13.9,Antsiranana,-12.279,49.292,41.0
2019-06-29,26.8,22.2,24.2,1.3,36.0,77.8,14.35,Antsiranana,-12.279,49.292,41.0
2019-06-30,27.2,22.6,24.5,0.0,40.3,86.4,17.85,Antsiranana,-12.279,49.292,41.0
2019-07-01,27.4,21.3,23.7,0.0,37.1,81.0,19.57,Antsiranana,-12.279,49.292,41.0
2019-07-02,28.5,21.4,24.2,0.0,31.4,68.4,19.21,Antsiranana,-12.279,49.292,41.0
2019-07-03,28.9,22.0,24.5,0.1,28.3,61.9,17.87,Antsiranana,-12.279,49.292,41.0
2019-07-04,28.5,22.9,24.9,0.3,33.1,72.7,16.24,Antsiranana,-12.279,49.292,41.0
2019-07-05,26.3,21.1,23.1,7.4,26.8,60.5,8.34,Antsiranana,-12.279,49.292,41.0
2019-07-06,28.3,22.7,24.7,0.0,28.4,62.6,18.8,Antsiranana,-12.279,49.292,41.0
2019-07-07,29.5,22.5,25.1,0.0,25.6,55.8,19.12,Antsiranana,-12.279,49.292,41.0
2019-07-08,28.9,23.0,25.5,0.0,25.3,55.1,19.04,Antsiranana,-12.279,49.292,41.0
2019-07-09,29.3,23.3,25.3,0.0,26.7,58.0,18.71,Antsiranana,-12.279,49.292,41.0
2019-07-10,29.3,22.3,25.1,0.0,27.7,60.8,19.76,Antsiranana,-12.279,49.292,41.0
2019-07-11,28.6,22.8,24.9,0.0,26.3,58.7,19.33,Antsiranana,-12.279,49.292,41.0
2019-07-12,27.9,22.2,24.4,0.0,31.1,68.8,20.28,Antsiranana,-12.279,49.292,41.0
2019-07-13,27.8,21.3,24.0,0.0,30.6,67.3,20.25,Antsiranana,-12.279,49.292,41.0
2019-07-14,27.5,21.2,23.6,0.0,33.2,72.7,20.33,Antsiranana,-12.279,49.292,41.0
2019-07-15,27.3,21.0,23.5,0.0,36.7,79.9,20.53,Antsiranana,-12.279,49.292,41.0
2019-07-16,28.3,21.1,23.7,0.4,34.7,76.3,20.67,Antsiranana,-12.279,49.292,41.0
2019-07-17,26.7,20.8,23.2,1.1,40.5,90.7,18.79,Antsiranana,-12.279,49.292,41.0
2019-07-18,28.1,21.1,23.8,0.0,40.3,88.2,20.38,Antsiranana,-12.279,49.292,41.0
2019-07-19,28.5,21.7,24.3,0.0,31.1,68.8,20.46,Antsiranana,-12.279,49.292,41.0
2019-07-20,27.8,22.0,24.3,0.0,28.4,62.6,12.48,Antsiranana,-12.279,49.292,41.0
2019-07-21,27.9,23.0,24.6,7.7,17.3,40.3,14.47,Antsiranana,-12.279,49.292,41.0
2019-07-22,26.7,21.7,23.6,4.4,31.4,67.7,13.08,Antsiranana,-12.279,49.292,41.0
2019-07-23,26.7,21.0,23.1,0.0,31.3,68.4,16.78,Antsiranana,-12.279,49.292,41.0
2019-07-24,27.4,20.0,23.0,0.0,27.2,60.1,21.11,Antsiranana,-12.279,49.292,41.0
2019-07-25,28.2,21.0,23.7,0.0,29.9,65.5,21.08,Antsiranana,-12.279,49.292,41.0
2019-07-26,28.6,21.5,24.5,0.0,23.2,52.9,15.88,Antsiranana,-12.279,49.292,41.0
2019-07-27,27.6,22.2,24.5,0.1,22.2,50.0,10.31,Antsiranana,-12.279,49.292,41.0
2019-07-28,28.3,22.9,24.9,0.3,27.7,62.6,18.12,Antsiranana,-12.279,49.292,41.0
2019-07-29,28.6,22.1,24.7,0.6,24.5,53.6,16.46,Antsiranana,-12.279,49.292,41.0
2019-07-30,25.2,22.6,23.9,1.5,27.3,58.0,5.86,Antsiranana,-12.279,49.292,41.0
2019-07-31,28.1,22.9,24.7,0.6,31.9,72.0,18.15,Antsiranana,-12.279,49.292,41.0
2019-08-01,28.6,22.4,24.7,0.0,36.0,77.8,19.99,Antsiranana,-12.279,49.292,41.0
2019-08-02,28.4,22.2,24.6,0.0,32.9,72.4,20.04,Antsiranana,-12.279,49.292,41.0
2019-08-03,28.4,21.7,24.4,0.0,32.6,71.6,21.82,Antsiranana,-12.279,49.292,41.0
2019-08-04,29.0,22.1,24.9,0.0,29.7,65.2,20.98,Antsiranana,-12.279,49.292,41.0
2019-08-05,27.9,22.7,24.6,0.0,29.9,65.9,14.35,Antsiranana,-12.279,49.292,41.0
2019-08-06,28.5,21.8,24.2,0.0,31.7,69.1,21.31,Antsiranana,-12.279,49.292,41.0
2019-08-07,29.5,21.5,24.5,0.0,30.7,68.0,21.67,Antsiranana,-12.279,49.292,41.0
2019-08-08,26.4,21.7,23.4,1.0,36.0,78.8,12.44,Antsiranana,-12.279,49.292,41.0
2019-08-09,27.8,21.6,24.0,0.3,35.3,78.1,20.74,Antsiranana,-12.279,49.292,41.0
2019-08-10,29.3,21.6,24.5,0.0,30.6,68.0,20.84,Antsiranana,-12.279,49.292,41.0
2019-08-11,27.6,21.9,24.1,0.6,33.8,77.8,19.69,Antsiranana,-12.279,49.292,41.0
2019-08-12,28.1,21.3,24.0,0.0,36.6,79.9,21.25,Antsiranana,-12.279,49.292,41.0
2019-08-13,28.2,21.0,24.0,0.1,30.2,67.3,21.51,Antsiranana,-12.279,49.292,41.0
2019-08-14,27.8,21.1,24.0,0.0,35.8,77.4,21.18,Antsiranana,-12.279,49.292,41.0
2019-08-15,28.9,21.9,24.6,0.0,26.1,59.4,21.2,Antsiranana,-12.279,49.292,41.0
2019-08-16,29.0,21.6,24.2,0.0,34.5,75.6,23.25,Antsiranana,-12.279,49.292,41.0
2019-08-17,28.7,21.0,24.3,0.0,29.0,63.4,22.66,Antsiranana,-12.279,49.292,41.0
2019-08-18,28.5,22.1,24.5,0.0,34.3,75.2,20.11,Antsiranana,-12.279,49.292,41.0
2019-08-19,29.4,21.4,24.7,0.0,29.6,65.9,21.99,Antsiranana,-12.279,49.292,41.0
2019-08-20,27.9,23.5,24.9,0.7,35.3,76.7,10.91,Antsiranana,-12.279,49.292,41.0
2019-08-21,28.9,22.2,24.4,3.1,25.5,57.2,12.98,Antsiranana,-12.279,49.292,41.0
2019-08-22,26.9,21.4,24.0,0.3,32.6,70.2,7.03,Antsiranana,-12.279,49.292,41.0
2019-08-23,28.6,22.5,24.8,0.0,39.4,85.3,19.66,Antsiranana,-12.279,49.292,41.0
2019-08-24,29.1,21.4,24.3,0.0,28.4,62.3,23.62,Antsiranana,-12.279,49.292,41.0
2019-08-25,28.6,21.4,24.3,0.0,34.1,74.9,23.59,Antsiranana,-12.279,49.292,41.0
2019-08-26,27.1,21.7,24.0,0.4,36.5,83.2,22.15,Antsiranana,-12.279,49.292,41.0
2019-08-27,27.7,20.7,23.6,1.1,32.7,73.8,20.37,Antsiranana,-12.279,49.292,41.0
2019-08-28,28.5,21.6,24.2,0.0,35.5,78.5,23.3,Antsiranana,-12.279,49.292,41.0
2019-08-29,28.4,21.0,24.0,0.0,32.5,71.6,23.84,Antsiranana,-12.279,49.292,41.0
2019-08-30,28.5,21.2,24.0,0.0,33.0,72.4,22.48,Antsiranana,-12.279,49.292,41.0
2019-08-31,28.0,21.2,24.1,0.0,34.0,74.2,22.52,Antsiranana,-12.279,49.292,41.0
2019-09-01,28.6,21.5,24.5,0.1,33.7,73.4,22.47,Antsiranana,-12.279,49.292,41.0
2019-09-02,29.2,22.0,25.0,0.0,29.0,65.5,23.7,Antsiranana,-12.279,49.292,41.0
2019-09-03,29.3,22.6,25.0,0.0,31.5,69.8,22.99,Antsiranana,-12.279,49.292,41.0
2019-09-04,28.7,22.0,24.6,0.0,30.7,67.7,23.25,Antsiranana,-12.279,49.292,41.0
2019-09-05,29.6,21.6,24.7,0.0,33.5,72.0,25.1,Antsiranana,-12.279,49.292,41.0
2019-09-06,31.2,21.9,25.7,0.0,24.0,53.3,21.8,Antsiranana,-12.279,49.292,41.0
2019-09-07,29.9,23.2,25.4,0.0,32.3,71.6,14.62,Antsiranana,-12.279,49.292,41.0
2019-09-08,28.7,19.2,24.6,7.4,37.2,82.4,19.12,Antsiranana,-12.279,49.292,41.0
2019-09-09,28.8,22.5,24.8,0.0,41.8,91.4,23.37,Antsiranana,-12.279,49.292,41.0
2019-09-10,28.5,21.7,24.4,0.0,35.0,77.0,23.6,Antsiranana,-12.279,49.292,41.0
2019-09-11,29.6,21.2,24.4,0.0,29.5,65.9,25.58,Antsiranana,-12.279,49.292,41.0
2019-09-12,29.0,21.0,24.4,0.0,31.1,69.5,25.68,Antsiranana,-12.279,49.292,41.0
2019-09-13,28.7,21.6,24.4,0.0,35.7,77.0,23.09,Antsiranana,-12.279,49.292,41.0
2019-09-14,28.3,21.8,24.3,0.3,31.1,68.8,21.73,Antsiranana,-12.279,49.292,41.0
2019-09-15,29.2,21.8,24.6,0.0,28.4,64.1,25.19,Antsiranana,-12.279,49.292,41.0
2019-09-16,29.7,21.4,24.7,0.0,32.8,71.6,25.38,Antsiranana,-12.279,49.292,41.0
2019-09-17,29.1,20.7,24.4,0.0,28.9,65.5,26.35,Antsiranana,-12.279,49.292,41.0
2019-09-18,28.9,21.8,24.6,0.0,30.5,68.0,25.69,Antsiranana,-12.279,49.292,41.0
2019-09-19,29.4,21.6,24.9,0.0,29.5,65.5,26.52,Antsiranana,-12.279,49.292,41.0
2019-09-20,29.4,20.9,24.4,0.0,31.7,69.8,26.2,Antsiranana,-12.279,49.292,41.0
2019-09-21,28.9,21.8,24.4,1.2,32.0,72.4,21.39,Antsiranana,-12.279,49.292,41.0
2019-09-22,29.2,21.8,24.7,0.1,36.1,79.6,26.64,Antsiranana,-12.279,49.292,41.0
2019-09-23,29.8,21.7,25.3,0.0,35.6,78.8,25.72,Antsiranana,-12.279,49.292,41.0
2019-09-24,28.2,23.3,25.1,0.3,36.7,78.8,18.46,Antsiranana,-12.279,49.292,41.0
2019-09-25,28.6,22.4,25.0,0.0,30.4,67.3,23.97,Antsiranana,-12.279,49.292,41.0
2019-09-26,29.1,21.8,25.0,0.0,29.3,64.8,26.76,Antsiranana,-12.279,49.292,41.0
2019-09-27,29.6,22.4,25.1,11.1,33.6,74.5,16.91,Antsiranana,-12.279,49.292,41.0
2019-09-28,26.5,21.5,23.9,8.0,28.6,64.1,16.28,Antsiranana,-12.279,49.292,41.0
2019-09-29,28.2,22.8,24.9,1.6,29.2,64.8,18.48,Antsiranana,-12.279,49.292,41.0
2019-09-30,29.1,23.1,25.5,0.4,28.3,63.7,22.8,Antsiranana,-12.279,49.292,41.0
2019-10-01,28.3,23.0,25.0,1.8,31.9,69.8,21.93,Antsiranana,-12.279,49.292,41.0
2019-10-02,27.0,23.1,24.7,1.2,35.5,76.3,20.0,Antsiranana,-12.279,49.292,41.0
2019-10-03,29.2,23.1,25.2,2.4,32.2,69.8,23.07,Antsiranana,-12.279,49.292,41.0
2019-10-04,28.9,22.6,25.2,0.3,31.3,67.3,22.91,Antsiranana,-12.279,49.292,41.0
2019-10-05,29.3,22.7,25.6,0.0,28.3,63.4,25.93,Antsiranana,-12.279,49.292,41.0
2019-10-06,28.6,22.9,25.3,0.1,32.9,73.1,24.36,Antsiranana,-12.279,49.292,41.0
2019-10-07,28.5,22.9,25.3,1.0,40.3,87.5,24.88,Antsiranana,-12.279,49.292,41.0
2019-10-08,29.1,22.8,25.3,0.2,40.5,90.7,24.17,Antsiranana,-12.279,49.292,41.0
2019-10-09,29.2,23.2,25.7,0.3,37.1,81.7,24.84,Antsiranana,-12.279,49.292,41.0
2019-10-10,30.1,23.2,25.8,0.3,35.1,77.4,23.03,Antsiranana,-12.279,49.292,41.0
2019-10-11,29.4,23.0,25.4,0.3,32.1,70.9,24.13,Antsiranana,-12.279,49.292,41.0
2019-10-12,29.2,22.4,25.2,0.0,29.8,66.6,23.75,Antsiranana,-12.279,49.292,41.0
2019-10-13,30.3,22.3,25.5,0.0,31.3,67.7,27.2,Antsiranana,-12.279,49.292,41.0
2019-10-14,28.7,23.3,24.9,8.4,27.3,60.5,13.71,Antsiranana,-12.279,49.292,41.0
2019-10-15,29.5,22.9,25.6,1.4,22.1,51.5,21.41,Antsiranana,-12.279,49.292,41.0
2019-10-16,29.0,23.2,25.7,0.5,31.4,69.5,23.12,Antsiranana,-12.279,49.292,41.0
2019-10-17,29.7,23.4,25.9,0.0,35.8,80.6,26.5,Antsiranana,-12.279,49.292,41.0
2019-10-18,29.4,23.0,25.6,0.2,38.4,83.9,26.14,Antsiranana,-12.279,49.292,41.0
2019-10-19,30.3,22.9,25.5,0.0,39.0,85.0,27.11,Antsiranana,-12.279,49.292,41.0
2019-10-20,30.0,22.5,25.7,0.0,33.4,74.2,27.95,Antsiranana,-12.279,49.292,41.0
2019-10-21,30.8,23.0,26.3,0.0,28.0,63.0,26.24,Antsiranana,-12.279,49.292,41.0
2019-10-22,30.6,24.1,26.7,0.8,25.6,57.6,23.16,Antsiranana,-12.279,49.292,41.0
2019-10-23,30.3,23.9,26.5,0.7,27.9,63.7,24.2,Antsiranana,-12.279,49.292,41.0
2019-10-24,30.2,24.0,26.4,0.5,35.6,78.5,25.61,Antsiranana,-12.279,49.292,41.0
2019-10-25,30.7,23.5,26.4,0.0,30.5,66.2,27.35,Antsiranana,-12.279,49.292,41.0
2019-10-26,31.2,22.9,26.6,0.0,25.6,58.3,28.21,Antsiranana,-12.279,49.292,41.0
2019-10-27,30.3,23.5,26.3,0.0,24.6,54.4,25.11,Antsiranana,-12.279,49.292,41.0
2019-10-28,29.9,22.7,25.9,0.0,23.5,54.7,27.24,Antsiranana,-12.279,49.292,41.0
2019-10-29,30.1,22.3,25.7,0.0,21.0,49.3,28.01,Antsiranana,-12.279,49.292,41.0
2019-10-30,30.1,22.3,26.0,0.0,26.7,60.1,26.08,Antsiranana,-12.279,49.292,41.0
2019-10-31,30.1,23.3,26.3,0.4,30.6,67.7,25.17,Antsiranana,-12.279,49.292,41.0
2019-11-01,30.7,23.3,26.7,0.0,32.2,70.9,27.49,Antsiranana,-12.279,49.292,41.0
2019-11-02,29.7,23.5,26.3,0.9,36.7,80.6,24.93,Antsiranana,-12.279,49.292,41.0
2019-11-03,30.2,23.5,26.4,0.5,33.0,72.7,25.56,Antsiranana,-12.279,49.292,41.0
2019-11-04,30.6,23.2,26.3,0.3,31.6,69.8,26.22,Antsiranana,-12.279,49.292,41.0
2019-11-05,30.1,23.9,26.3,1.0,29.5,65.2,23.37,Antsiranana,-12.279,49.292,41.0
2019-11-06,30.7,23.8,26.5,0.3,32.7,73.1,22.56,Antsiranana,-12.279,49.292,41.0
2019-11-07,30.9,24.4,26.9,0.3,35.9,79.6,25.69,Antsiranana,-12.279,49.292,41.0
2019-11-08,30.3,24.6,26.9,0.1,35.3,76.3,24.56,Antsiranana,-12.279,49.292,41.0
2019-11-09,30.4,23.8,26.5,0.7,27.9,62.3,24.91,Antsiranana,-12.279,49.292,41.0
2019-11-10,30.9,23.6,26.7,0.0,24.1,55.4,26.32,Antsiranana,-12.279,49.292,41.0
2019-11-11,31.3,22.9,26.7,0.0,26.9,60.5,28.34,Antsiranana,-12.279,49.292,41.0
2019-11-12,31.9,24.2,27.5,0.6,26.5,60.1,27.27,Antsiranana,-12.279,49.292,41.0
2019-11-13,31.2,24.9,27.4,0.7,21.9,50.4,24.71,Antsiranana,-12.279,49.292,41.0
2019-11-14,31.4,24.5,27.3,1.2,19.1,45.4,24.91,Antsiranana,-12.279,49.292,41.0
2019-11-15,30.3,24.4,27.0,2.0,16.7,41.0,21.8,Antsiranana,-12.279,49.292,41.0
2019-11-16,29.8,24.4,26.4,6.0,17.7,41.4,20.63,Antsiranana,-12.279,49.292,41.0
2019-11-17,30.0,24.1,26.8,6.5,16.7,41.0,22.42,Antsiranana,-12.279,49.292,41.0
2019-11-18,30.8,25.0,27.4,0.9,19.8,45.7,22.81,Antsiranana,-12.279,49.292,41.0
2019-11-19,30.9,25.0,27.4,1.5,26.8,60.1,25.14,Antsiranana,-12.279,49.292,41.0
2019-11-20,29.4,24.4,26.4,4.7,22.7,50.8,21.55,Antsiranana,-12.279,49.292,41.0
2019-11-21,29.9,24.5,26.9,2.7,23.5,53.3,22.53,Antsiranana,-12.279,49.292,41.0
2019-11-22,29.7,25.5,26.9,3.0,17.0,40.7,20.98,Antsiranana,-12.279,49.292,41.0
2019-11-23,30.2,24.9,27.1,2.6,15.5,37.4,23.34,Antsiranana,-12.279,49.292,41.0
2019-11-24,30.4,24.3,27.1,1.2,15.5,37.4,21.63,Antsiranana,-12.279,49.292,41.0
2019-11-25,30.3,24.3,27.2,0.2,22.1,50.4,23.49,Antsiranana,-12.279,49.292,41.0
2019-11-26,31.3,24.5,27.4,0.0,20.6,47.9,24.72,Antsiranana,-12.279,49.292,41.0
2019-11-27,32.1,24.1,27.6,0.0,21.3,50.4,27.71,Antsiranana,-12.279,49.292,41.0
2019-11-28,32.0,24.9,27.6,3.9,22.8,52.2,24.1,Antsiranana,-12.279,49.292,41.0
2019-11-29,30.6,24.4,27.1,3.2,21.7,50.4,22.62,Antsiranana,-12.279,49.292,41.0
2019-11-30,30.0,24.0,26.8,1.9,30.8,67.3,23.01,Antsiranana,-12.279,49.292,41.0
2019-12-01,30.9,24.6,27.2,0.3,33.5,73.1,26.36,Antsiranana,-12.279,49.292,41.0
2019-12-02,32.2,24.1,27.5,0.6,32.9,72.4,26.9,Antsiranana,-12.279,49.292,41.0
2019-12-03,30.7,24.9,27.2,1.5,30.9,70.9,22.22,Antsiranana,-12.279,49.292,41.0
2019-12-04,31.4,24.7,27.3,0.1,30.1,65.9,23.51,Antsiranana,-12.279,49.292,41.0
2019-12-05,31.4,24.5,27.2,1.9,29.7,66.2,25.24,Antsiranana,-12.279,49.292,41.0
2019-12-06,30.7,23.8,26.3,8.6,28.6,63.4,24.02,Antsiranana,-12.279,49.292,41.0
2019-12-07,28.8,24.1,25.9,9.1,20.6,46.4,14.53,Antsiranana,-12.279,49.292,41.0
2019-12-08,27.7,24.4,25.4,27.4,17.8,49.3,8.43,Antsiranana,-12.279,49.292,41.0
2019-12-09,28.5,24.6,26.3,4.5,11.1,32.0,18.05,Antsiranana,-12.279,49.292,41.0
2019-12-10,30.3,23.3,26.8,1.2,12.2,31.0,21.74,Antsiranana,-12.279,49.292,41.0
2019-12-11,30.6,24.8,27.3,0.2,16.4,38.5,27.18,Antsiranana,-12.279,49.292,41.0
2019-12-12,29.3,23.6,26.5,3.4,13.3,34.6,22.07,Antsiranana,-12.279,49.292,41.0
2019-12-13,30.0,23.9,27.0,3.8,12.5,31.7,24.2,Antsiranana,-12.279,49.292,41.0
2019-12-14,30.2,24.6,26.8,4.7,10.7,30.6,22.08,Antsiranana,-12.279,49.292,41.0
2019-12-15,29.9,23.6,26.4,1.6,14.1,29.9,20.74,Antsiranana,-12.279,49.292,41.0
2019-12-16,31.3,23.7,27.2,1.1,21.6,49.0,24.19,Antsiranana,-12.279,49.292,41.0
2019-12-17,30.9,24.5,26.9,9.6,15.1,36.4,21.77,Antsiranana,-12.279,49.292,41.0
2019-12-18,29.5,24.3,26.8,5.2,11.4,31.0,22.14,Antsiranana,-12.279,49.292,41.0
2019-12-19,31.2,24.0,27.3,15.6,18.4,43.2,26.36,Antsiranana,-12.279,49.292,41.0
2019-12-20,31.6,24.3,26.8,15.8,13.2,37.4,21.46,Antsiranana,-12.279,49.292,41.0
2019-12-21,29.5,24.0,25.8,23.7,19.5,44.3,13.39,Antsiranana,-12.279,49.292,41.0
2019-12-22,30.9,24.3,26.9,6.2,18.8,43.2,24.89,Antsiranana,-12.279,49.292,41.0
2019-12-23,32.3,24.2,27.2,3.9,15.4,37.1,26.61,Antsiranana,-12.279,49.292,41.0
2019-12-24,27.3,24.1,25.3,42.1,17.0,36.4,5.91,Antsiranana,-12.279,49.292,41.0
2019-12-25,29.0,23.4,25.7,10.0,15.2,33.5,18.03,Antsiranana,-12.279,49.292,41.0
2019-12-26,28.9,24.3,26.0,17.6,14.3,41.8,16.23,Antsiranana,-12.279,49.292,41.0
2019-12-27,26.9,24.3,25.4,27.4,10.8,27.7,7.64,Antsiranana,-12.279,49.292,41.0
2019-12-28,27.9,23.8,25.6,19.3,10.8,25.6,11.77,Antsiranana,-12.279,49.292,41.0
2019-12-29,30.2,23.8,26.2,21.7,9.9,25.6,16.75,Antsiranana,-12.279,49.292,41.0
2019-12-30,29.8,23.8,26.6,4.0,18.4,41.8,17.77,Antsiranana,-12.279,49.292,41.0
2019-12-31,29.7,25.3,27.0,1.1,23.8,51.5,18.13,Antsiranana,-12.279,49.292,41.0
2020-01-01,30.4,24.3,27.0,2.5,23.6,50.4,19.69,Antsiranana,-12.279,49.292,41.0
2020-01-02,29.6,24.8,26.9,2.7,18.1,41.4,18.81,Antsiranana,-12.279,49.292,41.0
2020-01-03,31.1,24.3,27.3,3.7,17.9,40.7,20.63,Antsiranana,-12.279,49.292,41.0
2020-01-04,31.1,24.4,27.8,1.0,13.0,37.1,24.17,Antsiranana,-12.279,49.292,41.0
2020-01-05,30.9,24.8,27.0,13.7,11.8,35.3,21.79,Antsiranana,-12.279,49.292,41.0
2020-01-06,28.8,23.9,26.1,3.5,8.1,27.4,18.89,Antsiranana,-12.279,49.292,41.0
2020-01-07,29.7,23.9,26.5,3.2,10.7,28.4,21.77,Antsiranana,-12.279,49.292,41.0
2020-01-08,27.9,23.8,25.3,92.5,9.7,20.2,10.95,Antsiranana,-12.279,49.292,41.0
2020-01-09,29.3,24.1,26.1,10.7,19.0,42.1,19.79,Antsiranana,-12.279,49.292,41.0
2020-01-10,28.8,24.3,26.1,3.9,21.8,49.0,19.03,Antsiranana,-12.279,49.292,41.0
2020-01-11,28.5,24.4,25.8,6.9,19.6,43.6,17.88,Antsiranana,-12.279,49.292,41.0
2020-01-12,29.3,23.6,26.1,7.7,20.7,46.1,20.32,Antsiranana,-12.279,49.292,41.0
2020-01-13,26.0,24.0,24.8,25.7,18.1,39.6,6.83,Antsiranana,-12.279,49.292,41.0
2020-01-14,27.7,23.9,25.3,5.4,16.9,37.1,18.63,Antsiranana,-12.279,49.292,41.0
2020-01-15,27.9,23.3,25.0,15.7,22.5,48.2,13.78,Antsiranana,-12.279,49.292,41.0
2020-01-16,27.7,23.8,25.5,11.5,23.9,52.9,14.53,Antsiranana,-12.279,49.292,41.0
2020-01-17,27.4,24.7,25.8,18.6,15.8,37.1,13.27,Antsiranana,-12.279,49.292,41.0
2020-01-18,30.0,24.0,26.3,3.2,18.6,42.1,19.04,Antsiranana,-12.279,49.292,41.0
2020-01-19,29.3,25.2,27.1,4.9,21.7,46.8,18.82,Antsiranana,-12.279,49.292,41.0
2020-01-20,28.7,26.0,27.2,5.1,24.2,55.4,21.67,Antsiranana,-12.279,49.292,41.0
2020-01-21,29.5,26.3,27.6,5.2,24.4,61.6,20.79,Antsiranana,-12.279,49.292,41.0
2020-01-22,31.0,26.4,28.1,2.6,22.2,50.8,22.61,Antsiranana,-12.279,49.292,41.0
2020-01-23,27.2,25.0,25.9,19.0,24.5,63.0,6.27,Antsiranana,-12.279,49.292,41.0
2020-01-24,26.9,24.6,25.4,12.8,19.6,46.4,8.2,Antsiranana,-12.279,49.292,41.0
2020-01-25,29.8,24.4,26.2,4.8,8.8,32.0,19.92,Antsiranana,-12.279,49.292,41.0
2020-01-26,27.0,22.9,24.8,25.6,12.4,28.4,9.54,Antsiranana,-12.279,49.292,41.0
2020-01-27,29.5,24.1,26.4,0.7,21.0,46.4,22.31,Antsiranana,-12.279,49.292,41.0
2020-01-28,28.3,23.5,25.4,9.6,17.3,36.7,11.62,Antsiranana,-12.279,49.292,41.0
2020-01-29,28.7,23.5,25.7,9.5,8.6,29.9,17.96,Antsiranana,-12.279,49.292,41.0
2020-01-30,29.0,24.2,26.3,2.4,15.5,33.1,21.61,Antsiranana,-12.279,49.292,41.0
2020-01-31,29.2,24.0,26.4,0.9,25.8,56.2,24.67,Antsiranana,-12.279,49.292,41.0
2020-02-01,30.3,24.7,26.9,0.5,21.6,48.2,26.72,Antsiranana,-12.279,49.292,41.0
2020-02-02,31.1,24.2,26.4,15.2,20.1,51.1,18.48,Antsiranana,-12.279,49.292,41.0
2020-02-03,27.5,23.7,25.0,9.1,25.6,56.5,11.77,Antsiranana,-12.279,49.292,41.0
2020-02-04,29.2,23.0,26.0,5.2,11.8,30.2,20.28,Antsiranana,-12.279,49.292,41.0
2020-02-05,31.1,23.3,26.6,1.5,12.5,30.6,23.95,Antsiranana,-12.279,49.292,41.0
2020-02-06,30.6,23.1,25.9,17.1,8.8,29.5,20.3,Antsiranana,-12.279,49.292,41.0
2020-02-07,30.1,23.5,26.3,8.3,11.3,25.2,22.83,Antsiranana,-12.279,49.292,41.0
2020-02-08,31.3,24.0,26.7,1.9,15.7,34.2,25.52,Antsiranana,-12.279,49.292,41.0
2020-02-09,30.0,24.2,26.6,4.1,12.8,31.0,24.09,Antsiranana,-12.279,49.292,41.0
2020-02-10,27.5,24.4,25.7,10.3,12.2,28.1,16.12,Antsiranana,-12.279,49.292,41.0
2020-02-11,29.2,24.2,26.0,7.5,7.6,26.6,21.2,Antsiranana,-12.279,49.292,41.0
2020-02-12,28.4,24.0,26.1,5.5,9.2,22.7,14.93,Antsiranana,-12.279,49.292,41.0
2020-02-13,29.0,24.8,26.5,2.3,20.7,47.5,21.55,Antsiranana,-12.279,49.292,41.0
2020-02-14,30.2,25.1,27.3,0.2,23.1,50.8,24.86,Antsiranana,-12.279,49.292,41.0
2020-02-15,29.9,24.1,26.8,2.9,8.4,24.1,22.95,Antsiranana,-12.279,49.292,41.0
2020-02-16,29.6,24.5,26.7,3.4,10.1,25.6,19.84,Antsiranana,-12.279,49.292,41.0
2020-02-17,29.6,24.6,26.6,2.3,11.2,26.3,20.84,Antsiranana,-12.279,49.292,41.0
2020-02-18,30.2,25.0,27.0,3.9,17.6,39.6,22.63,Antsiranana,-12.279,49.292,41.0
2020-02-19,30.4,24.2,26.4,4.7,21.1,49.0,22.83,Antsiranana,-12.279,49.292,41.0
2020-02-20,28.8,24.5,26.1,8.3,16.3,38.5,20.49,Antsiranana,-12.279,49.292,41.0
2020-02-21,29.4,24.4,26.4,2.0,18.5,42.1,22.15,Antsiranana,-12.279,49.292,41.0
2020-02-22,30.0,24.8,27.1,0.2,16.8,38.9,23.73,Antsiranana,-12.279,49.292,41.0
2020-02-23,30.1,25.1,27.0,1.3,16.3,38.5,21.69,Antsiranana,-12.279,49.292,41.0
2020-02-24,30.3,24.2,27.3,0.3,18.7,40.3,20.9,Antsiranana,-12.279,49.292,41.0
2020-02-25,29.9,25.5,27.1,3.3,23.1,50.8,20.42,Antsiranana,-12.279,49.292,41.0
2020-02-26,30.4,25.6,27.6,1.6,22.4,49.7,22.77,Antsiranana,-12.279,49.292,41.0
2020-02-27,31.0,24.6,27.4,3.8,18.1,40.7,23.43,Antsiranana,-12.279,49.292,41.0
2020-02-28,30.0,25.0,27.1,3.8,11.5,31.3,19.29,Antsiranana,-12.279,49.292,41.0
2020-02-29,30.3,24.6,26.8,3.7,16.2,38.5,18.57,Antsiranana,-12.279,49.292,41.0
2020-03-01,29.2,24.5,26.7,6.2,10.7,28.8,21.85,Antsiranana,-12.279,49.292,41.0
2020-03-02,29.3,24.2,26.6,5.0,13.3,30.2,19.45,Antsiranana,-12.279,49.292,41.0
2020-03-03,30.0,24.9,26.9,0.8,11.2,27.7,16.23,Antsiranana,-12.279,49.292,41.0
2020-03-04,30.2,24.4,26.5,10.9,10.0,20.9,20.38,Antsiranana,-12.279,49.292,41.0
2020-03-05,29.2,24.4,26.5,16.2,13.5,32.8,18.62,Antsiranana,-12.279,49.292,41.0
2020-03-06,26.6,23.9,25.0,11.4,14.4,33.5,7.5,Antsiranana,-12.279,49.292,41.0
2020-03-07,29.4,24.1,26.2,0.5,21.7,48.2,19.72,Antsiranana,-12.279,49.292,41.0
2020-03-08,29.3,24.6,26.8,1.6,17.1,37.8,20.09,Antsiranana,-12.279,49.292,41.0
2020-03-09,29.1,24.3,26.0,10.5,13.1,36.4,16.87,Antsiranana,-12.279,49.292,41.0
2020-03-10,27.6,24.1,25.6,28.4,12.3,32.8,9.46,Antsiranana,-12.279,49.292,41.0
2020-03-11,29.7,24.3,26.7,3.1,11.2,27.0,21.87,Antsiranana,-12.279,49.292,41.0
2020-03-12,27.6,24.5,26.0,3.5,11.3,25.6,8.41,Antsiranana,-12.279,49.292,41.0
2020-03-13,27.5,25.1,26.1,1.8,19.3,44.3,7.61,Antsiranana,-12.279,49.292,41.0
2020-03-14,28.4,25.4,26.4,3.5,29.9,70.9,10.05,Antsiranana,-12.279,49.292,41.0
2020-03-15,27.2,25.4,26.3,3.0,27.3,59.0,8.31,Antsiranana,-12.279,49.292,41.0
2020-03-16,29.9,25.2,27.2,4.0,21.9,47.5,21.35,Antsiranana,-12.279,49.292,41.0
2020-03-17,29.6,24.7,26.5,3.1,18.2,40.7,19.67,Antsiranana,-12.279,49.292,41.0
2020-03-18,30.6,23.8,27.0,2.2,15.9,36.7,23.21,Antsiranana,-12.279,49.292,41.0
2020-03-19,29.8,24.1,26.8,1.6,9.9,25.6,21.38,Antsiranana,-12.279,49.292,41.0
2020-03-20,28.9,23.9,26.1,2.3,14.4,34.6,21.72,Antsiranana,-12.279,49.292,41.0
2020-03-21,28.8,24.2,26.1,0.5,23.8,52.2,23.35,Antsiranana,-12.279,49.292,41.0
2020-03-22,29.3,24.2,26.4,0.2,28.6,61.9,24.17,Antsiranana,-12.279,49.292,41.0
2020-03-23,29.7,24.2,26.5,0.0,23.8,52.2,20.43,Antsiranana,-12.279,49.292,41.0
2020-03-24,30.7,24.3,27.0,0.1,21.7,48.6,25.19,Antsiranana,-12.279,49.292,41.0
2020-03-25,30.1,24.1,26.8,0.4,18.9,43.2,24.42,Antsiranana,-12.279,49.292,41.0
2020-03-26,29.2,24.7,26.2,1.0,21.0,45.4,20.3,Antsiranana,-12.279,49.292,41.0
2020-03-27,27.9,24.5,26.0,6.5,15.8,35.6,16.1,Antsiranana,-12.279,49.292,41.0
2020-03-28,28.6,24.2,26.1,2.8,7.7,23.0,17.02,Antsiranana,-12.279,49.292,41.0
2020-03-29,29.8,23.7,26.6,0.9,17.4,42.1,21.39,Antsiranana,-12.279,49.292,41.0
2020-03-30,30.5,24.2,26.7,3.0,12.0,29.5,19.65,Antsiranana,-12.279,49.292,41.0
2020-03-31,29.6,24.7,26.7,4.6,7.6,22.0,18.62,Antsiranana,-12.279,49.292,41.0
2020-04-01,29.1,24.3,26.5,25.1,10.5,25.6,16.55,Antsiranana,-12.279,49.292,41.0
2020-04-02,28.7,24.6,26.4,3.0,7.4,23.4,16.4,Antsiranana,-12.279,49.292,41.0
2020-04-03,29.4,24.3,26.4,2.1,8.9,26.6,20.67,Antsiranana,-12.279,49.292,41.0
2020-04-04,29.9,23.9,26.5,0.6,15.8,34.6,22.84,Antsiranana,-12.279,49.292,41.0
2020-04-05,30.0,23.9,26.3,0.1,20.1,43.9,22.8,Antsiranana,-12.279,49.292,41.0
2020-04-06,30.0,24.3,26.4,2.0,16.5,37.8,22.85,Antsiranana,-12.279,49.292,41.0
2020-04-07,29.9,24.3,26.5,0.2,21.2,46.1,22.41,Antsiranana,-12.279,49.292,41.0
2020-04-08,30.4,24.5,26.7,0.0,22.6,49.7,24.16,Antsiranana,-12.279,49.292,41.0
2020-04-09,30.1,24.6,26.9,0.3,33.4,74.5,22.69,Antsiranana,-12.279,49.292,41.0
2020-04-10,29.5,24.9,26.8,0.5,32.7,71.6,21.79,Antsiranana,-12.279,49.292,41.0
2020-04-11,29.9,24.6,26.9,0.2,34.5,75.2,22.31,Antsiranana,-12.279,49.292,41.0
2020-04-12,29.4,24.7,26.7,0.8,33.6,72.4,21.55,Antsiranana,-12.279,49.292,41.0
2020-04-13,29.1,24.3,26.1,2.5,32.8,73.1,19.95,Antsiranana,-12.279,49.292,41.0
2020-04-14,29.3,24.2,26.0,1.7,32.8,72.0,19.54,Antsiranana,-12.279,49.292,41.0
2020-04-15,29.4,24.4,26.3,1.2,33.9,74.9,19.25,Antsiranana,-12.279,49.292,41.0
2020-04-16,29.4,24.6,26.4,0.2,34.2,76.3,19.8,Antsiranana,-12.279,49.292,41.0
2020-04-17,29.7,23.8,26.1,0.0,34.4,75.2,22.76,Antsiranana,-12.279,49.292,41.0
2020-04-18,30.3,23.9,26.3,0.0,35.7,76.7,22.93,Antsiranana,-12.279,49.292,41.0
2020-04-19,30.7,23.8,26.6,0.1,27.0,60.1,22.46,Antsiranana,-12.279,49.292,41.0
2020-04-20,29.7,24.4,26.3,0.0,30.8,68.4,21.19,Antsiranana,-12.279,49.292,41.0
2020-04-21,30.0,24.3,26.4,0.0,35.5,75.6,22.0,Antsiranana,-12.279,49.292,41.0
2020-04-22,31.1,24.1,26.8,0.0,22.1,49.3,22.4,Antsiranana,-12.279,49.292,41.0
2020-04-23,31.3,24.0,27.0,0.0,21.3,47.5,22.56,Antsiranana,-12.279,49.292,41.0
2020-04-24,29.4,23.7,26.3,0.6,14.3,31.3,9.04,Antsiranana,-12.279,49.292,41.0
2020-04-25,31.0,24.0,26.9,1.5,19.7,43.9,20.12,Antsiranana,-12.279,49.292,41.0
2020-04-26,30.6,24.7,27.2,0.1,17.7,40.7,21.16,Antsiranana,-12.279,49.292,41.0
2020-04-27,30.8,24.8,27.2,0.2,24.8,55.8,20.55,Antsiranana,-12.279,49.292,41.0
2020-04-28,29.9,24.9,26.8,0.4,36.2,78.8,20.92,Antsiranana,-12.279,49.292,41.0
2020-04-29,29.6,24.8,26.5,0.3,36.3,78.1,20.19,Antsiranana,-12.279,49.292,41.0
2020-04-30,30.3,23.8,26.4,0.3,33.6,74.5,21.34,Antsiranana,-12.279,49.292,41.0
2020-05-01,30.8,24.0,26.5,0.5,35.7,76.0,21.41,Antsiranana,-12.279,49.292,41.0
2020-05-02,29.8,24.3,26.6,1.6,25.8,56.9,17.68,Antsiranana,-12.279,49.292,41.0
2020-05-03,30.1,23.4,26.3,0.6,25.7,56.2,16.71,Antsiranana,-12.279,49.292,41.0
2020-05-04,30.3,24.6,26.6,0.4,25.0,55.4,20.58,Antsiranana,-12.279,49.292,41.0
2020-05-05,30.6,23.9,26.7,0.0,25.0,56.2,22.06,Antsiranana,-12.279,49.292,41.0
2020-05-06,30.1,24.4,26.7,0.3,30.1,67.0,19.89,Antsiranana,-12.279,49.292,41.0
2020-05-07,30.6,24.9,27.0,0.0,29.1,64.4,20.8,Antsiranana,-12.279,49.292,41.0
2020-05-08,29.9,24.4,26.7,0.0,27.4,60.5,19.02,Antsiranana,-12.279,49.292,41.0
2020-05-09,30.3,24.8,26.8,0.0,32.6,71.6,19.94,Antsiranana,-12.279,49.292,41.0
2020-05-10,30.1,24.3,26.6,0.0,35.7,78.1,21.29,Antsiranana,-12.279,49.292,41.0
2020-05-11,29.7,24.5,26.4,0.0,39.8,86.4,21.39,Antsiranana,-12.279,49.292,41.0
2020-05-12,29.9,23.6,26.1,0.0,32.0,68.8,21.48,Antsiranana,-12.279,49.292,41.0
2020-05-13,29.1,23.4,25.8,0.0,26.4,58.0,18.37,Antsiranana,-12.279,49.292,41.0
2020-05-14,30.6,23.9,26.4,0.0,27.1,59.8,20.27,Antsiranana,-12.279,49.292,41.0
2020-05-15,31.7,22.9,26.5,0.0,11.8,31.7,19.72,Antsiranana,-12.279,49.292,41.0
2020-05-16,31.5,23.8,26.6,0.0,20.8,49.0,18.05,Antsiranana,-12.279,49.292,41.0
2020-05-17,30.2,24.6,26.8,1.1,28.1,62.6,18.27,Antsiranana,-12.279,49.292,41.0
2020-05-18,29.7,23.9,26.2,0.0,39.3,86.8,20.53,Antsiranana,-12.279,49.292,41.0
2020-05-19,30.1,22.8,25.5,0.2,32.8,72.4,21.48,Antsiranana,-12.279,49.292,41.0
2020-05-20,28.8,22.7,25.1,0.1,30.5,68.0,18.93,Antsiranana,-12.279,49.292,41.0
2020-05-21,29.9,23.0,25.7,0.0,37.7,81.0,20.49,Antsiranana,-12.279,49.292,41.0
2020-05-22,31.5,23.1,26.5,1.3,29.6,65.2,20.78,Antsiranana,-12.279,49.292,41.0
2020-05-23,28.3,24.5,25.9,1.4,34.7,74.5,14.58,Antsiranana,-12.279,49.292,41.0
2020-05-24,29.8,23.7,25.9,0.0,33.1,74.2,20.26,Antsiranana,-12.279,49.292,41.0
2020-05-25,29.7,22.8,25.5,0.0,30.3,68.0,21.17,Antsiranana,-12.279,49.292,41.0
2020-05-26,29.1,22.5,25.2,0.0,29.7,66.2,20.91,Antsiranana,-12.279,49.292,41.0
2020-05-27,29.7,22.6,25.4,0.0,27.7,62.6,20.94,Antsiranana,-12.279,49.292,41.0
2020-05-28,30.8,22.9,26.2,0.0,25.6,57.2,19.32,Antsiranana,-12.279,49.292,41.0
2020-05-29,29.1,24.2,26.1,0.6,29.5,64.4,15.38,Antsiranana,-12.279,49.292,41.0
2020-05-30,30.2,23.7,26.4,0.3,23.9,54.7,18.34,Antsiranana,-12.279,49.292,41.0
2020-05-31,28.0,23.5,25.3,5.0,29.2,64.4,11.65,Antsiranana,-12.279,49.292,41.0
2020-06-01,29.7,23.7,26.0,0.0,34.2,75.6,19.77,Antsiranana,-12.279,49.292,41.0
2020-06-02,30.8,23.7,26.3,0.0,30.6,67.3,20.0,Antsiranana,-12.279,49.292,41.0
2020-06-03,30.9,23.8,26.4,0.0,35.3,82.4,18.3,Antsiranana,-12.279,49.292,41.0
2020-06-04,26.9,23.2,24.5,6.0,31.6,71.3,13.63,Antsiranana,-12.279,49.292,41.0
2020-06-05,27.8,22.6,24.6,1.3,35.4,76.7,14.58,Antsiranana,-12.279,49.292,41.0
2020-06-06,29.0,22.8,25.0,0.0,29.7,64.1,20.1,Antsiranana,-12.279,49.292,41.0
2020-06-07,28.4,22.6,24.7,0.0,40.1,86.4,20.11,Antsiranana,-12.279,49.292,41.0
2020-06-08,28.5,22.0,24.3,0.0,35.5,77.8,20.11,Antsiranana,-12.279,49.292,41.0
2020-06-09,28.5,22.0,24.3,0.0,33.1,72.7,20.06,Antsiranana,-12.279,49.292,41.0
2020-06-10,29.2,21.9,24.6,0.0,31.9,68.8,20.04,Antsiranana,-12.279,49.292,41.0
2020-06-11,29.2,22.3,24.9,0.0,33.2,73.1,20.13,Antsiranana,-12.279,49.292,41.0
2020-06-12,28.6,22.0,24.5,0.0,30.0,67.3,18.46,Antsiranana,-12.279,49.292,41.0
2020-06-13,29.3,21.6,24.7,0.0,27.0,60.8,19.85,Antsiranana,-12.279,49.292,41.0
2020-06-14,29.0,23.3,25.1,0.0,26.7,58.3,11.43,Antsiranana,-12.279,49.292,41.0
2020-06-15,29.1,22.9,25.5,0.1,27.3,61.2,15.0,Antsiranana,-12.279,49.292,41.0
2020-06-16,25.2,22.0,23.3,1.7,31.6,69.5,12.72,Antsiranana,-12.279,49.292,41.0
2020-06-17,27.4,21.9,23.9,0.5,32.1,73.1,11.55,Antsiranana,-12.279,49.292,41.0
2020-06-18,29.9,21.4,24.6,0.0,34.6,75.2,18.41,Antsiranana,-12.279,49.292,41.0
2020-06-19,25.7,21.5,23.5,11.9,32.2,77.4,5.91,Antsiranana,-12.279,49.292,41.0
2020-06-20,24.7,20.7,22.7,21.6,29.3,67.7,7.97,Antsiranana,-12.279,49.292,41.0
2020-06-21,25.8,22.6,23.9,4.1,30.4,64.4,11.56,Antsiranana,-12.279,49.292,41.0
2020-06-22,26.8,22.3,23.8,1.5,30.6,67.0,14.73,Antsiranana,-12.279,49.292,41.0
2020-06-23,27.6,21.7,23.9,0.0,27.9,62.3,19.83,Antsiranana,-12.279,49.292,41.0
2020-06-24,27.5,21.7,23.9,0.0,30.5,67.3,18.65,Antsiranana,-12.279,49.292,41.0
2020-06-25,27.3,21.3,23.8,0.0,32.2,70.9,18.63,Antsiranana,-12.279,49.292,41.0
2020-06-26,27.3,22.1,24.2,0.0,36.7,82.8,18.31,Antsiranana,-12.279,49.292,41.0
2020-06-27,28.6,22.5,24.5,0.0,28.8,63.7,19.71,Antsiranana,-12.279,49.292,41.0
2020-06-28,28.2,22.6,24.7,0.0,36.2,79.6,18.62,Antsiranana,-12.279,49.292,41.0
2020-06-29,27.5,22.1,24.3,0.0,29.3,63.4,18.33,Antsiranana,-12.279,49.292,41.0
2020-06-30,27.8,21.5,23.8,0.0,23.7,55.4,19.88,Antsiranana,-12.279,49.292,41.0
2020-07-01,27.8,20.3,23.4,0.0,26.3,59.4,19.78,Antsiranana,-12.279,49.292,41.0
2020-07-02,27.1,21.2,23.3,0.0,35.0,77.8,19.1,Antsiranana,-12.279,49.292,41.0
2020-07-03,28.1,21.4,24.0,0.0,28.1,63.7,19.67,Antsiranana,-12.279,49.292,41.0
2020-07-04,27.8,21.6,24.1,0.5,27.4,59.0,17.21,Antsiranana,-12.279,49.292,41.0
2020-07-05,28.8,22.1,24.7,0.0,26.6,59.8,17.39,Antsiranana,-12.279,49.292,41.0
2020-07-06,30.4,23.2,26.0,0.0,31.0,70.6,19.31,Antsiranana,-12.279,49.292,41.0
2020-07-07,26.1,21.4,23.5,6.3,33.0,72.0,6.88,Antsiranana,-12.279,49.292,41.0
2020-07-08,26.0,23.0,24.2,1.0,35.6,77.4,11.38,Antsiranana,-12.279,49.292,41.0
2020-07-09,26.1,21.7,23.3,0.9,40.8,90.7,17.06,Antsiranana,-12.279,49.292,41.0
2020-07-10,26.9,21.1,23.2,0.3,38.5,84.2,19.99,Antsiranana,-12.279,49.292,41.0
2020-07-11,27.4,21.3,23.6,0.5,36.7,83.5,19.5,Antsiranana,-12.279,49.292,41.0
2020-07-12,26.8,21.6,23.5,1.2,38.8,86.8,18.44,Antsiranana,-12.279,49.292,41.0
2020-07-13,27.6,21.2,23.5,0.0,27.8,60.8,20.48,Antsiranana,-12.279,49.292,41.0
2020-07-14,27.7,20.7,23.5,0.0,24.5,54.0,20.5,Antsiranana,-12.279,49.292,41.0
2020-07-15,28.8,21.6,24.1,0.0,28.2,60.8,20.58,Antsiranana,-12.279,49.292,41.0
2020-07-16,29.2,21.6,24.2,0.0,23.2,52.9,20.78,Antsiranana,-12.279,49.292,41.0
2020-07-17,28.0,20.7,23.8,0.0,26.4,59.8,20.04,Antsiranana,-12.279,49.292,41.0
2020-07-18,28.2,21.6,24.0,0.0,32.6,71.6,19.95,Antsiranana,-12.279,49.292,41.0
2020-07-19,28.1,21.0,23.7,0.0,34.0,76.3,19.11,Antsiranana,-12.279,49.292,41.0
2020-07-20,26.9,21.4,23.5,0.0,43.5,94.7,18.63,Antsiranana,-12.279,49.292,41.0
2020-07-21,27.5,21.1,23.4,0.0,38.2,83.2,20.16,Antsiranana,-12.279,49.292,41.0
2020-07-22,27.6,20.5,23.3,0.0,27.7,62.3,19.89,Antsiranana,-12.279,49.292,41.0
2020-07-23,28.4,20.8,23.6,0.1,30.6,66.6,17.4,Antsiranana,-12.279,49.292,41.0
2020-07-24,25.2,21.8,22.9,0.5,39.9,92.5,10.5,Antsiranana,-12.279,49.292,41.0
2020-07-25,23.1,20.5,21.8,3.2,40.6,87.1,5.21,Antsiranana,-12.279,49.292,41.0
2020-07-26,25.6,19.7,22.2,1.2,45.3,101.9,11.3,Antsiranana,-12.279,49.292,41.0
2020-07-27,25.1,19.4,21.5,20.3,31.3,70.2,6.29,Antsiranana,-12.279,49.292,41.0
2020-07-28,27.2,19.5,22.9,13.1,31.4,69.5,14.31,Antsiranana,-12.279,49.292,41.0
2020-07-29,27.4,22.1,23.9,1.1,28.8,65.9,17.61,Antsiranana,-12.279,49.292,41.0
2020-07-30,27.5,21.2,23.4,0.0,30.4,65.5,20.99,Antsiranana,-12.279,49.292,41.0
2020-07-31,26.9,20.4,23.3,0.0,28.4,61.2,19.28,Antsiranana,-12.279,49.292,41.0
2020-08-01,27.8,21.8,24.2,0.0,36.4,81.0,21.16,Antsiranana,-12.279,49.292,41.0
2020-08-02,28.8,22.1,24.4,0.0,38.5,83.2,21.57,Antsiranana,-12.279,49.292,41.0
2020-08-03,26.1,22.0,23.6,0.0,43.6,92.2,13.54,Antsiranana,-12.279,49.292,41.0
2020-08-04,27.1,21.2,23.5,0.0,36.2,78.8,21.19,Antsiranana,-12.279,49.292,41.0
2020-08-05,28.2,20.7,23.4,0.0,34.5,77.0,21.34,Antsiranana,-12.279,49.292,41.0
2020-08-06,27.0,19.2,22.7,0.0,29.7,66.2,21.74,Antsiranana,-12.279,49.292,41.0
2020-08-07,27.9,20.2,23.2,0.0,26.7,58.3,20.31,Antsiranana,-12.279,49.292,41.0
2020-08-08,27.2,19.3,22.9,0.0,28.2,61.9,21.43,Antsiranana,-12.279,49.292,41.0
2020-08-09,25.9,20.1,22.8,0.5,30.6,74.5,18.77,Antsiranana,-12.279,49.292,41.0
2020-08-10,27.4,20.4,23.1,0.0,29.0,64.4,21.31,Antsiranana,-12.279,49.292,41.0
2020-08-11,28.0,20.9,23.5,0.0,22.8,50.8,20.48,Antsiranana,-12.279,49.292,41.0
2020-08-12,27.5,20.1,23.1,0.0,29.1,65.9,23.05,Antsiranana,-12.279,49.292,41.0
2020-08-13,28.8,19.5,23.4,0.0,25.7,57.6,23.44,Antsiranana,-12.279,49.292,41.0
2020-08-14,29.8,19.0,24.2,2.1,28.1,62.3,20.38,Antsiranana,-12.279,49.292,41.0
2020-08-15,27.1,20.7,23.2,2.1,37.1,79.9,21.81,Antsiranana,-12.279,49.292,41.0
2020-08-16,28.1,20.5,23.8,0.0,30.7,67.7,23.43,Antsiranana,-12.279,49.292,41.0
2020-08-17,28.3,21.7,24.3,0.1,35.6,77.8,22.08,Antsiranana,-12.279,49.292,41.0
2020-08-18,24.9,21.4,22.7,3.6,32.0,69.1,14.79,Antsiranana,-12.279,49.292,41.0
2020-08-19,27.5,20.7,23.4,0.0,32.4,71.3,23.52,Antsiranana,-12.279,49.292,41.0
2020-08-20,28.3,20.9,23.7,0.0,30.4,67.0,22.92,Antsiranana,-12.279,49.292,41.0
2020-08-21,27.3,21.2,23.6,0.1,30.9,68.8,21.32,Antsiranana,-12.279,49.292,41.0
2020-08-22,27.9,20.8,23.6,0.0,30.7,67.7,23.2,Antsiranana,-12.279,49.292,41.0
2020-08-23,27.4,20.8,23.4,0.0,34.9,77.0,20.32,Antsiranana,-12.279,49.292,41.0
2020-08-24,28.8,21.2,24.1,0.0,30.5,68.0,22.32,Antsiranana,-12.279,49.292,41.0
2020-08-25,28.2,21.7,24.2,0.0,34.7,76.7,22.32,Antsiranana,-12.279,49.292,41.0
2020-08-26,27.5,21.4,23.6,1.0,30.6,68.0,19.65,Antsiranana,-12.279,49.292,41.0
2020-08-27,27.4,21.1,23.8,0.0,30.9,68.8,22.79,Antsiranana,-12.279,49.292,41.0
2020-08-28,28.6,20.6,23.8,0.0,30.3,67.0,24.45,Antsiranana,-12.279,49.292,41.0
2020-08-29,27.1,21.1,23.7,0.0,37.4,83.2,21.65,Antsiranana,-12.279,49.292,41.0
2020-08-30,28.3,21.5,24.1,0.2,37.7,83.2,22.48,Antsiranana,-12.279,49.292,41.0
2020-08-31,28.2,21.6,24.0,0.0,36.7,79.2,23.53,Antsiranana,-12.279,49.292,41.0
2020-09-01,28.3,21.1,23.8,0.0,31.2,69.5,22.62,Antsiranana,-12.279,49.292,41.0
2020-09-02,28.1,21.0,24.0,0.0,29.0,65.9,22.57,Antsiranana,-12.279,49.292,41.0
2020-09-03,29.5,21.4,24.6,0.0,24.1,55.1,23.82,Antsiranana,-12.279,49.292,41.0
2020-09-04,28.6,20.6,24.0,0.0,25.1,58.0,22.85,Antsiranana,-12.279,49.292,41.0
2020-09-05,27.6,21.9,23.9,0.0,32.2,70.6,20.29,Antsiranana,-12.279,49.292,41.0
2020-09-06,28.3,20.6,23.7,0.0,30.2,67.7,24.43,Antsiranana,-12.279,49.292,41.0
2020-09-07,28.9,21.0,24.1,0.0,29.4,65.9,24.37,Antsiranana,-12.279,49.292,41.0
2020-09-08,27.8,21.4,24.1,1.0,25.2,54.7,13.21,Antsiranana,-12.279,49.292,41.0
2020-09-09,29.6,22.1,24.9,0.2,39.5,88.6,23.92,Antsiranana,-12.279,49.292,41.0
2020-09-10,28.3,22.5,24.6,0.0,40.3,86.8,21.95,Antsiranana,-12.279,49.292,41.0
2020-09-11,28.5,21.8,24.5,0.0,39.9,86.4,23.49,Antsiranana,-12.279,49.292,41.0
2020-09-12,29.3,22.4,25.2,0.0,32.9,72.4,24.57,Antsiranana,-12.279,49.292,41.0
2020-09-13,28.9,22.5,24.7,0.0,35.5,78.5,24.96,Antsiranana,-12.279,49.292,41.0
2020-09-14,28.7,22.1,24.5,0.0,39.6,86.8,25.66,Antsiranana,-12.279,49.292,41.0
2020-09-15,28.2,21.5,24.0,0.0,36.9,80.6,25.53,Antsiranana,-12.279,49.292,41.0
2020-09-16,28.1,20.8,23.7,0.0,30.5,68.4,26.25,Antsiranana,-12.279,49.292,41.0
2020-09-17,28.2,20.5,23.7,0.0,30.8,69.1,25.79,Antsiranana,-12.279,49.292,41.0
2020-09-18,28.0,21.2,24.0,0.0,35.7,78.5,24.3,Antsiranana,-12.279,49.292,41.0
2020-09-19,28.2,21.0,24.0,0.0,33.5,74.2,26.05,Antsiranana,-12.279,49.292,41.0
2020-09-20,29.3,21.1,24.2,0.1,32.0,71.3,26.35,Antsiranana,-12.279,49.292,41.0
2020-09-21,29.5,21.7,24.7,1.6,32.0,70.6,20.11,Antsiranana,-12.279,49.292,41.0
2020-09-22,28.2,22.7,24.7,0.2,33.6,73.1,22.89,Antsiranana,-12.279,49.292,41.0
2020-09-23,28.8,20.9,24.3,0.0,31.3,69.8,26.16,Antsiranana,-12.279,49.292,41.0
2020-09-24,28.6,21.0,24.2,0.0,33.0,73.1,26.8,Antsiranana,-12.279,49.292,41.0
2020-09-25,27.7,21.1,24.1,0.0,35.9,79.2,25.68,Antsiranana,-12.279,49.292,41.0
2020-09-26,28.3,21.6,24.3,0.0,31.9,70.9,26.25,Antsiranana,-12.279,49.292,41.0
2020-09-27,27.6,21.5,24.2,0.2,28.4,63.0,21.43,Antsiranana,-12.279,49.292,41.0
2020-09-28,29.0,21.6,24.7,0.0,31.1,68.0,24.98,Antsiranana,-12.279,49.292,41.0
2020-09-29,30.8,22.2,25.8,0.0,30.4,67.3,25.44,Antsiranana,-12.279,49.292,41.0
2020-09-30,26.1,23.1,24.2,10.2,26.2,56.5,12.34,Antsiranana,-12.279,49.292,41.0
2020-10-01,28.8,22.7,25.2,0.0,27.3,60.8,23.96,Antsiranana,-12.279,49.292,41.0
2020-10-02,28.6,22.4,24.9,0.0,27.9,62.3,25.53,Antsiranana,-12.279,49.292,41.0
2020-10-03,29.1,21.0,24.7,0.0,25.6,58.0,27.39,Antsiranana,-12.279,49.292,41.0
2020-10-04,30.1,22.0,25.0,0.0,27.7,61.2,27.05,Antsiranana,-12.279,49.292,41.0
2020-10-05,29.1,21.6,24.9,0.0,22.0,51.5,24.16,Antsiranana,-12.279,49.292,41.0
2020-10-06,29.9,22.8,25.5,0.1,20.1,47.2,22.91,Antsiranana,-12.279,49.292,41.0
2020-10-07,29.7,22.6,25.6,0.5,25.5,58.0,26.76,Antsiranana,-12.279,49.292,41.0
2020-10-08,31.0,23.0,25.8,0.0,20.6,48.6,25.05,Antsiranana,-12.279,49.292,41.0
2020-10-09,30.0,22.9,25.7,0.3,25.2,56.9,23.91,Antsiranana,-12.279,49.292,41.0
2020-10-10,28.3,22.6,24.9,13.6,23.9,51.8,12.83,Antsiranana,-12.279,49.292,41.0
2020-10-11,30.4,24.2,26.4,0.8,30.2,65.9,24.19,Antsiranana,-12.279,49.292,41.0
2020-10-12,29.0,23.5,25.7,2.1,28.3,63.0,22.71,Antsiranana,-12.279,49.292,41.0
2020-10-13,28.9,22.8,25.4,0.1,26.0,59.0,24.25,Antsiranana,-12.279,49.292,41.0
2020-10-14,28.6,22.3,25.2,0.0,26.9,60.8,24.97,Antsiranana,-12.279,49.292,41.0
2020-10-15,29.3,22.4,25.4,0.2,29.9,66.6,25.71,Antsiranana,-12.279,49.292,41.0
2020-10-16,30.1,22.7,25.6,0.0,30.9,67.7,26.46,Antsiranana,-12.279,49.292,41.0
2020-10-17,29.8,22.5,25.4,0.0,27.1,61.2,27.23,Antsiranana,-12.279,49.292,41.0
2020-10-18,29.5,21.9,25.3,0.0,30.4,67.3,27.17,Antsiranana,-12.279,49.292,41.0
2020-10-19,30.1,22.4,25.9,0.0,30.0,66.6,28.39,Antsiranana,-12.279,49.292,41.0
2020-10-20,31.4,24.2,26.8,0.0,32.2,72.0,23.53,Antsiranana,-12.279,49.292,41.0
2020-10-21,32.1,24.1,26.9,0.0,34.1,75.6,26.98,Antsiranana,-12.279,49.292,41.0
2020-10-22,30.7,23.8,26.4,0.0,35.4,77.8,26.32,Antsiranana,-12.279,49.292,41.0
2020-10-23,29.8,23.4,26.0,0.0,39.1,85.3,26.02,Antsiranana,-12.279,49.292,41.0
2020-10-24,29.9,22.8,25.8,0.0,32.8,73.8,27.14,Antsiranana,-12.279,49.292,41.0
2020-10-25,30.0,22.9,25.9,0.0,31.7,70.9,27.06,Antsiranana,-12.279,49.292,41.0
2020-10-26,29.8,22.9,25.8,0.0,28.9,63.7,27.17,Antsiranana,-12.279,49.292,41.0
2020-10-27,29.9,22.8,25.9,0.0,27.7,62.3,26.89,Antsiranana,-12.279,49.292,41.0
2020-10-28,30.5,23.0,26.1,0.1,26.5,60.1,27.45,Antsiranana,-12.279,49.292,41.0
2020-10-29,30.5,23.2,26.1,0.0,35.7,78.5,27.58,Antsiranana,-12.279,49.292,41.0
2020-10-30,29.6,22.8,25.6,0.7,38.8,86.0,26.09,Antsiranana,-12.279,49.292,41.0
2020-10-31,28.1,22.1,24.5,0.0,37.7,85.0,26.77,Antsiranana,-12.279,49.292,41.0
2020-11-01,28.7,22.0,24.9,0.0,30.6,68.0,27.46,Antsiranana,-12.279,49.292,41.0
2020-11-02,28.9,22.8,25.3,0.0,31.3,68.8,28.02,Antsiranana,-12.279,49.292,41.0
2020-11-03,29.4,21.5,25.1,0.3,29.5,65.2,28.81,Antsiranana,-12.279,49.292,41.0
2020-11-04,29.4,22.1,25.0,0.1,30.6,67.0,24.66,Antsiranana,-12.279,49.292,41.0
2020-11-05,30.1,22.1,25.6,0.0,29.0,65.2,28.59,Antsiranana,-12.279,49.292,41.0
2020-11-06,30.5,22.9,26.2,0.0,29.1,65.5,28.09,Antsiranana,-12.279,49.292,41.0
2020-11-07,30.4,23.3,26.3,0.1,33.0,73.4,26.59,Antsiranana,-12.279,49.292,41.0
2020-11-08,29.7,23.7,26.0,1.1,32.1,69.8,23.7,Antsiranana,-12.279,49.292,41.0
2020-11-09,29.6,23.1,25.7,0.5,37.4,82.1,25.74,Antsiranana,-12.279,49.292,41.0
2020-11-10,30.5,23.1,26.1,0.3,31.8,70.9,27.88,Antsiranana,-12.279,49.292,41.0
2020-11-11,30.4,23.4,26.2,0.0,28.9,64.4,26.84,Antsiranana,-12.279,49.292,41.0
2020-11-12,30.8,23.3,26.1,1.8,19.4,47.2,24.97,Antsiranana,-12.279,49.292,41.0
2020-11-13,30.3,22.5,26.7,1.8,18.0,36.7,23.82,Antsiranana,-12.279,49.292,41.0
2020-11-14,31.1,23.6,26.3,8.0,14.3,36.7,20.01,Antsiranana,-12.279,49.292,41.0
2020-11-15,24.9,23.0,23.6,24.5,20.7,44.6,5.83,Antsiranana,-12.279,49.292,41.0
2020-11-16,29.0,22.4,25.3,0.0,24.0,54.4,24.66,Antsiranana,-12.279,49.292,41.0
2020-11-17,28.8,22.8,25.4,0.0,25.5,57.6,25.33,Antsiranana,-12.279,49.292,41.0
2020-11-18,28.6,22.8,25.5,0.0,25.6,57.6,25.1,Antsiranana,-12.279,49.292,41.0
2020-11-19,29.2,23.3,25.5,0.0,23.4,53.3,22.8,Antsiranana,-12.279,49.292,41.0
2020-11-20,28.2,22.9,25.5,0.1,21.1,47.5,19.16,Antsiranana,-12.279,49.292,41.0
2020-11-21,28.7,24.1,25.8,3.0,12.5,30.2,17.54,Antsiranana,-12.279,49.292,41.0
2020-11-22,30.9,23.3,26.5,0.0,29.2,64.1,28.6,Antsiranana,-12.279,49.292,41.0
2020-11-23,30.8,23.6,26.6,0.0,29.8,66.2,28.58,Antsiranana,-12.279,49.292,41.0
2020-11-24,30.4,23.5,26.5,0.0,29.0,65.2,28.84,Antsiranana,-12.279,49.292,41.0
2020-11-25,30.7,23.1,26.4,0.0,28.6,64.1,28.62,Antsiranana,-12.279,49.292,41.0
2020-11-26,31.0,23.8,27.0,0.0,27.1,61.9,26.52,Antsiranana,-12.279,49.292,41.0
2020-11-27,30.7,24.1,26.7,2.1,29.1,63.4,23.49,Antsiranana,-12.279,49.292,41.0
2020-11-28,30.1,23.6,26.3,0.2,22.4,52.2,23.94,Antsiranana,-12.279,49.292,41.0
2020-11-29,31.4,23.1,26.9,0.1,25.9,58.7,27.32,Antsiranana,-12.279,49.292,41.0
2020-11-30,31.2,23.9,26.7,0.6,20.5,49.0,26.3,Antsiranana,-12.279,49.292,41.0
2020-12-01,30.6,23.2,26.6,1.0,15.1,39.2,26.93,Antsiranana,-12.279,49.292,41.0
2020-12-02,30.9,23.9,26.8,0.1,16.5,41.0,27.07,Antsiranana,-12.279,49.292,41.0
2020-12-03,30.3,24.0,26.8,1.7,18.0,43.9,24.97,Antsiranana,-12.279,49.292,41.0
2020-12-04,31.4,24.0,27.0,0.3,23.7,54.0,26.47,Antsiranana,-12.279,49.292,41.0
2020-12-05,31.0,23.0,26.9,1.9,15.9,39.6,26.5,Antsiranana,-12.279,49.292,41.0
2020-12-06,30.9,24.0,27.1,0.0,27.1,62.3,27.33,Antsiranana,-12.279,49.292,41.0
2020-12-07,31.8,24.2,27.3,0.0,25.7,58.7,27.11,Antsiranana,-12.279,49.292,41.0
2020-12-08,30.1,24.4,26.7,9.2,10.6,29.2,22.32,Antsiranana,-12.279,49.292,41.0
2020-12-09,29.4,23.6,26.0,3.4,13.0,33.1,22.05,Antsiranana,-12.279,49.292,41.0
2020-12-10,29.9,23.5,26.1,23.3,15.0,35.6,24.18,Antsiranana,-12.279,49.292,41.0
2020-12-11,29.4,23.4,26.0,5.4,12.2,32.0,22.64,Antsiranana,-12.279,49.292,41.0
2020-12-12,29.8,23.4,26.0,28.6,12.4,32.8,23.73,Antsiranana,-12.279,49.292,41.0
2020-12-13,29.4,23.5,26.1,2.4,24.2,52.9,22.33,Antsiranana,-12.279,49.292,41.0
2020-12-14,31.2,24.2,26.7,2.6,23.4,54.0,24.44,Antsiranana,-12.279,49.292,41.0
2020-12-15,29.9,24.6,26.8,0.8,24.4,54.0,25.73,Antsiranana,-12.279,49.292,41.0
2020-12-16,30.7,23.5,26.7,0.2,21.8,49.7,27.41,Antsiranana,-12.279,49.292,41.0
2020-12-17,30.7,24.1,26.9,1.1,21.9,49.3,25.54,Antsiranana,-12.279,49.292,41.0
2020-12-18,28.5,23.6,25.8,4.1,21.1,49.3,20.89,Antsiranana,-12.279,49.292,41.0
2020-12-19,27.7,23.9,25.6,3.1,21.2,46.8,18.31,Antsiranana,-12.279,49.292,41.0
2020-12-20,28.3,23.9,25.5,3.8,17.6,43.9,19.2,Antsiranana,-12.279,49.292,41.0
2020-12-21,28.9,23.7,26.0,1.9,21.8,49.0,20.02,Antsiranana,-12.279,49.292,41.0
2020-12-22,31.1,24.3,27.3,0.0,23.1,50.4,27.39,Antsiranana,-12.279,49.292,41.0
2020-12-23,30.5,24.4,27.2,2.1,19.2,45.0,25.03,Antsiranana,-12.279,49.292,41.0
2020-12-24,30.6,23.6,26.2,8.2,11.7,31.0,23.72,Antsiranana,-12.279,49.292,41.0
2020-12-25,30.7,23.8,26.6,3.6,14.7,33.1,24.12,Antsiranana,-12.279,49.292,41.0
2020-12-26,31.3,24.3,27.6,1.0,23.7,54.0,25.89,Antsiranana,-12.279,49.292,41.0
2020-12-27,29.9,25.3,27.4,0.4,24.8,55.1,20.56,Antsiranana,-12.279,49.292,41.0
2020-12-28,30.0,24.2,26.8,2.0,12.6,33.8,19.89,Antsiranana,-12.279,49.292,41.0
2020-12-29,28.5,24.4,25.8,7.7,12.9,31.7,11.94,Antsiranana,-12.279,49.292,41.0
2020-12-30,29.0,23.6,25.2,7.3,20.2,46.4,18.2,Antsiranana,-12.279,49.292,41.0
2020-12-31,29.8,23.6,26.3,0.5,27.6,63.4,22.69,Antsiranana,-12.279,49.292,41.0
2021-01-01,30.9,24.1,26.9,1.0,23.4,54.7,25.23,Antsiranana,-12.279,49.292,41.0
2021-01-02,29.0,24.5,26.6,1.6,26.8,58.7,18.85,Antsiranana,-12.279,49.292,41.0
2021-01-03,31.1,24.4,26.9,0.6,27.4,61.9,24.94,Antsiranana,-12.279,49.292,41.0
2021-01-04,31.2,23.2,26.4,0.9,21.2,51.5,23.63,Antsiranana,-12.279,49.292,41.0
2021-01-05,30.2,23.7,26.1,5.0,10.2,27.0,18.29,Antsiranana,-12.279,49.292,41.0
2021-01-06,29.8,23.3,25.9,22.5,14.5,35.6,23.04,Antsiranana,-12.279,49.292,41.0
2021-01-07,29.4,23.0,25.6,4.2,11.6,25.6,21.69,Antsiranana,-12.279,49.292,41.0
2021-01-08,29.0,22.7,25.7,4.2,9.2,25.9,21.94,Antsiranana,-12.279,49.292,41.0
2021-01-09,28.1,23.1,25.4,7.3,19.0,44.6,19.47,Antsiranana,-12.279,49.292,41.0
2021-01-10,28.4,23.5,25.6,3.7,17.6,40.3,19.47,Antsiranana,-12.279,49.292,41.0
2021-01-11,30.1,23.7,26.6,4.7,15.9,37.1,22.81,Antsiranana,-12.279,49.292,41.0
2021-01-12,28.9,24.2,26.4,3.3,21.6,48.6,20.48,Antsiranana,-12.279,49.292,41.0
2021-01-13,30.7,24.2,27.0,1.0,20.9,46.4,21.67,Antsiranana,-12.279,49.292,41.0
2021-01-14,31.2,24.8,27.5,1.1,20.2,43.9,22.31,Antsiranana,-12.279,49.292,41.0
2021-01-15,30.4,25.0,27.3,2.6,13.5,32.0,24.07,Antsiranana,-12.279,49.292,41.0
2021-01-16,30.1,24.3,26.4,7.2,8.0,25.2,17.77,Antsiranana,-12.279,49.292,41.0
2021-01-17,31.8,23.5,26.9,7.5,17.0,40.7,23.74,Antsiranana,-12.279,49.292,41.0
2021-01-18,29.0,24.3,26.5,3.0,20.9,45.4,14.24,Antsiranana,-12.279,49.292,41.0
2021-01-19,26.2,24.3,25.5,28.2,32.9,69.5,5.26,Antsiranana,-12.279,49.292,41.0
2021-01-20,28.7,24.6,26.6,11.7,30.8,66.2,15.39,Antsiranana,-12.279,49.292,41.0
2021-01-21,30.4,24.7,27.1,1.5,15.4,34.6,23.34,Antsiranana,-12.279,49.292,41.0
2021-01-22,29.9,23.8,26.5,3.3,11.4,31.3,23.48,Antsiranana,-12.279,49.292,41.0
2021-01-23,29.6,24.4,26.4,3.1,21.4,48.6,23.77,Antsiranana,-12.279,49.292,41.0
2021-01-24,29.1,23.8,26.0,4.2,17.7,41.8,21.78,Antsiranana,-12.279,49.292,41.0
2021-01-25,29.6,23.0,26.3,2.2,12.1,31.0,25.98,Antsiranana,-12.279,49.292,41.0
2021-01-26,30.4,23.6,26.6,2.5,10.1,28.1,23.36,Antsiranana,-12.279,49.292,41.0
2021-01-27,29.6,24.4,26.7,1.1,7.2,23.8,18.15,Antsiranana,-12.279,49.292,41.0
2021-01-28,29.7,24.0,26.7,1.1,12.8,31.3,20.79,Antsiranana,-12.279,49.292,41.0
2021-01-29,29.2,23.5,25.5,11.1,8.7,20.9,16.9,Antsiranana,-12.279,49.292,41.0
2021-01-30,28.2,22.9,25.6,2.7,13.1,31.0,22.14,Antsiranana,-12.279,49.292,41.0
2021-01-31,30.3,24.2,26.9,0.8,21.2,47.9,25.5,Antsiranana,-12.279,49.292,41.0
2021-02-01,31.3,24.7,27.1,6.8,17.7,43.6,24.81,Antsiranana,-12.279,49.292,41.0
2021-02-02,31.6,24.3,26.5,10.3,12.4,32.4,21.05,Antsiranana,-12.279,49.292,41.0
2021-02-03,29.2,23.5,25.6,21.7,10.9,43.2,18.61,Antsiranana,-12.279,49.292,41.0
2021-02-04,28.7,22.7,25.5,8.3,17.9,43.2,20.43,Antsiranana,-12.279,49.292,41.0
2021-02-05,30.4,23.9,26.5,3.4,12.7,30.6,21.96,Antsiranana,-12.279,49.292,41.0
2021-02-06,29.7,23.6,26.2,1.0,13.3,32.0,22.18,Antsiranana,-12.279,49.292,41.0
2021-02-07,28.0,24.3,26.0,1.1,11.8,30.2,17.91,Antsiranana,-12.279,49.292,41.0
2021-02-08,28.8,24.6,26.3,1.7,12.0,28.4,20.08,Antsiranana,-12.279,49.292,41.0
2021-02-09,28.8,24.7,26.2,2.4,12.3,30.6,19.05,Antsiranana,-12.279,49.292,41.0
2021-02-10,29.0,24.2,26.2,1.0,12.9,31.7,19.76,Antsiranana,-12.279,49.292,41.0
2021-02-11,29.9,24.3,26.7,0.9,14.4,35.3,23.09,Antsiranana,-12.279,49.292,41.0
2021-02-12,29.7,24.1,26.8,2.1,17.1,40.0,23.39,Antsiranana,-12.279,49.292,41.0
2021-02-13,29.8,24.7,27.1,1.0,18.3,39.6,21.56,Antsiranana,-12.279,49.292,41.0
2021-02-14,29.8,24.9,27.1,0.2,17.0,38.9,19.56,Antsiranana,-12.279,49.292,41.0
2021-02-15,29.4,25.1,27.0,0.9,12.5,31.3,19.08,Antsiranana,-12.279,49.292,41.0
2021-02-16,30.4,25.6,27.7,2.3,13.6,33.8,24.0,Antsiranana,-12.279,49.292,41.0
2021-02-17,30.9,25.2,27.8,2.4,11.8,30.6,23.92,Antsiranana,-12.279,49.292,41.0
2021-02-18,30.8,24.9,27.6,3.7,12.0,35.3,25.47,Antsiranana,-12.279,49.292,41.0
2021-02-19,30.6,24.3,27.5,13.1,25.5,57.2,22.5,Antsiranana,-12.279,49.292,41.0
2021-02-20,29.7,24.2,26.2,35.8,17.3,38.5,19.8,Antsiranana,-12.279,49.292,41.0
2021-02-21,26.5,24.0,24.8,27.8,18.5,39.6,7.44,Antsiranana,-12.279,49.292,41.0
2021-02-22,26.6,23.3,24.5,9.8,11.2,26.3,10.3,Antsiranana,-12.279,49.292,41.0
2021-02-23,26.3,23.3,24.4,32.7,15.7,36.0,10.31,Antsiranana,-12.279,49.292,41.0
2021-02-24,26.6,23.3,24.8,13.2,14.2,33.8,11.42,Antsiranana,-12.279,49.292,41.0
2021-02-25,28.3,24.0,25.8,16.6,8.4,25.9,16.84,Antsiranana,-12.279,49.292,41.0
2021-02-26,28.9,23.4,25.5,4.2,11.4,25.2,20.25,Antsiranana,-12.279,49.292,41.0
2021-02-27,29.1,23.3,25.7,1.9,15.6,33.1,18.04,Antsiranana,-12.279,49.292,41.0
2021-02-28,29.3,23.6,26.2,1.8,15.5,35.6,18.92,Antsiranana,-12.279,49.292,41.0
2021-03-01,27.8,23.8,25.4,16.7,12.7,27.7,11.55,Antsiranana,-12.279,49.292,41.0
2021-03-02,29.0,23.8,26.2,2.5,12.1,26.3,21.33,Antsiranana,-12.279,49.292,41.0
2021-03-03,30.1,24.1,26.3,4.8,13.6,31.0,22.39,Antsiranana,-12.279,49.292,41.0
2021-03-04,30.6,23.7,26.8,0.0,16.7,42.1,24.22,Antsiranana,-12.279,49.292,41.0
2021-03-05,30.3,25.3,27.4,1.6,19.7,45.7,23.46,Antsiranana,-12.279,49.292,41.0
2021-03-06,29.7,25.1,27.1,5.3,23.5,56.5,20.56,Antsiranana,-12.279,49.292,41.0
2021-03-07,28.9,25.0,26.5,4.1,27.4,59.0,21.08,Antsiranana,-12.279,49.292,41.0
2021-03-08,28.2,24.0,25.7,11.0,20.4,46.1,15.7,Antsiranana,-12.279,49.292,41.0
2021-03-09,28.2,22.4,25.4,10.3,20.0,45.0,13.99,Antsiranana,-12.279,49.292,41.0
2021-03-10,29.3,23.6,25.7,2.3,16.4,37.4,16.22,Antsiranana,-12.279,49.292,41.0
2021-03-11,29.2,23.0,25.7,2.3,10.0,22.0,22.61,Antsiranana,-12.279,49.292,41.0
2021-03-12,29.7,24.2,26.1,1.6,17.7,40.7,22.1,Antsiranana,-12.279,49.292,41.0
2021-03-13,30.9,23.9,26.4,3.4,15.6,36.7,24.67,Antsiranana,-12.279,49.292,41.0
2021-03-14,29.0,23.1,26.0,3.5,13.5,31.3,22.52,Antsiranana,-12.279,49.292,41.0
2021-03-15,29.7,24.1,26.1,2.7,12.0,31.7,20.1,Antsiranana,-12.279,49.292,41.0
2021-03-16,27.8,24.2,25.6,4.4,16.3,35.6,15.45,Antsiranana,-12.279,49.292,41.0
2021-03-17,28.3,23.6,25.4,12.7,16.6,37.1,14.44,Antsiranana,-12.279,49.292,41.0
2021-03-18,29.5,23.6,25.6,11.5,15.1,33.8,20.51,Antsiranana,-12.279,49.292,41.0
2021-03-19,29.1,24.0,25.8,4.0,17.3,38.9,14.45,Antsiranana,-12.279,49.292,41.0
2021-03-20,28.3,24.1,25.8,2.8,20.9,45.4,14.3,Antsiranana,-12.279,49.292,41.0
2021-03-21,29.7,23.9,26.3,0.8,18.2,41.0,23.89,Antsiranana,-12.279,49.292,41.0
2021-03-22,27.9,24.2,25.7,1.7,20.6,45.4,17.05,Antsiranana,-12.279,49.292,41.0
2021-03-23,28.2,24.2,26.0,1.4,15.3,35.6,20.34,Antsiranana,-12.279,49.292,41.0
2021-03-24,30.0,24.6,26.8,0.3,11.3,25.6,21.33,Antsiranana,-12.279,49.292,41.0
2021-03-25,29.9,23.8,26.7,1.4,10.4,27.0,23.83,Antsiranana,-12.279,49.292,41.0
2021-03-26,28.8,24.2,26.3,0.7,9.0,24.1,18.17,Antsiranana,-12.279,49.292,41.0
2021-03-27,27.9,24.6,25.8,3.0,9.9,27.0,16.84,Antsiranana,-12.279,49.292,41.0
2021-03-28,29.0,24.2,26.4,2.5,16.0,34.9,19.31,Antsiranana,-12.279,49.292,41.0
2021-03-29,30.9,24.2,26.4,7.4,9.9,25.6,21.38,Antsiranana,-12.279,49.292,41.0
2021-03-30,29.2,23.6,26.2,2.4,10.6,23.8,21.54,Antsiranana,-12.279,49.292,41.0
2021-03-31,28.9,24.5,26.1,7.3,17.4,36.7,20.16,Antsiranana,-12.279,49.292,41.0
2021-04-01,29.6,24.1,26.4,0.9,26.8,60.8,21.68,Antsiranana,-12.279,49.292,41.0
2021-04-02,29.7,24.2,26.5,0.8,29.8,65.9,21.7,Antsiranana,-12.279,49.292,41.0
2021-04-03,30.3,24.6,26.9,1.5,25.6,56.2,21.81,Antsiranana,-12.279,49.292,41.0
2021-04-04,29.8,24.6,26.8,0.9,22.8,51.1,21.78,Antsiranana,-12.279,49.292,41.0
2021-04-05,30.4,24.6,27.1,0.8,15.0,35.6,21.89,Antsiranana,-12.279,49.292,41.0
2021-04-06,30.5,24.0,27.0,0.5,11.6,29.9,22.83,Antsiranana,-12.279,49.292,41.0
2021-04-07,29.9,24.5,26.6,1.3,21.3,47.2,19.79,Antsiranana,-12.279,49.292,41.0
2021-04-08,28.8,23.8,25.8,3.8,25.0,54.7,17.44,Antsiranana,-12.279,49.292,41.0
2021-04-09,28.1,24.3,25.8,1.7,21.9,50.0,15.46,Antsiranana,-12.279,49.292,41.0
2021-04-10,28.3,24.1,25.5,3.1,22.3,50.0,19.34,Antsiranana,-12.279,49.292,41.0
2021-04-11,29.0,24.0,25.9,1.7,24.2,53.6,16.36,Antsiranana,-12.279,49.292,41.0
2021-04-12,29.6,24.3,26.4,1.3,29.7,64.8,19.97,Antsiranana,-12.279,49.292,41.0
2021-04-13,29.5,24.4,26.3,1.6,25.5,55.4,19.18,Antsiranana,-12.279,49.292,41.0
2021-04-14,28.6,23.6,25.7,2.2,22.4,50.4,18.58,Antsiranana,-12.279,49.292,41.0
2021-04-15,29.3,24.0,26.3,0.6,22.7,50.0,20.53,Antsiranana,-12.279,49.292,41.0
2021-04-16,29.7,24.1,26.4,3.1,15.7,37.8,20.6,Antsiranana,-12.279,49.292,41.0
2021-04-17,29.4,24.1,26.5,0.9,15.6,37.4,21.71,Antsiranana,-12.279,49.292,41.0
2021-04-18,28.9,24.3,26.0,2.8,25.8,56.5,18.57,Antsiranana,-12.279,49.292,41.0
2021-04-19,29.4,24.5,26.2,1.0,30.8,67.0,18.22,Antsiranana,-12.279,49.292,41.0
2021-04-20,31.7,24.7,26.9,0.7,31.0,67.7,18.65,Antsiranana,-12.279,49.292,41.0
2021-04-21,26.0,23.3,24.4,22.2,27.6,63.7,8.43,Antsiranana,-12.279,49.292,41.0
2021-04-22,29.1,24.2,26.2,1.2,32.6,70.6,17.1,Antsiranana,-12.279,49.292,41.0
2021-04-23,26.8,24.0,24.9,5.1,26.1,56.9,13.1,Antsiranana,-12.279,49.292,41.0
2021-04-24,29.5,23.8,26.2,0.0,30.3,64.8,21.11,Antsiranana,-12.279,49.292,41.0
2021-04-25,28.6,24.2,25.9,0.9,26.2,58.3,17.0,Antsiranana,-12.279,49.292,41.0
2021-04-26,29.5,24.0,26.3,0.4,26.3,56.5,19.79,Antsiranana,-12.279,49.292,41.0
2021-04-27,29.7,24.0,26.2,0.2,27.0,59.0,21.12,Antsiranana,-12.279,49.292,41.0
2021-04-28,29.8,24.0,26.3,0.1,26.0,58.0,20.97,Antsiranana,-12.279,49.292,41.0
2021-04-29,30.2,24.3,26.7,0.1,31.4,68.4,20.69,Antsiranana,-12.279,49.292,41.0
2021-04-30,29.7,24.6,26.4,0.8,24.7,54.4,17.58,Antsiranana,-12.279,49.292,41.0
2021-05-01,29.7,24.2,26.4,0.9,25.5,55.8,19.15,Antsiranana,-12.279,49.292,41.0
2021-05-02,29.4,24.1,26.1,1.0,21.2,46.4,18.31,Antsiranana,-12.279,49.292,41.0
2021-05-03,29.9,24.0,26.5,0.0,17.9,41.4,19.61,Antsiranana,-12.279,49.292,41.0
2021-05-04,29.7,24.2,26.4,2.6,18.3,43.2,18.49,Antsiranana,-12.279,49.292,41.0
2021-05-05,30.1,24.1,26.3,1.0,15.5,37.1,18.02,Antsiranana,-12.279,49.292,41.0
2021-05-06,30.2,24.2,26.8,0.4,16.5,39.2,20.31,Antsiranana,-12.279,49.292,41.0
2021-05-07,30.6,24.5,26.8,0.5,20.4,45.0,19.04,Antsiranana,-12.279,49.292,41.0
2021-05-08,29.7,24.4,26.2,0.0,24.9,55.1,18.47,Antsiranana,-12.279,49.292,41.0
2021-05-09,29.8,23.4,25.9,0.1,24.0,53.6,18.95,Antsiranana,-12.279,49.292,41.0
2021-05-10,30.4,23.3,26.0,0.6,20.0,46.1,18.13,Antsiranana,-12.279,49.292,41.0
2021-05-11,28.8,23.5,25.6,1.4,17.7,39.2,15.77,Antsiranana,-12.279,49.292,41.0
2021-05-12,29.4,23.3,25.8,0.4,26.2,57.6,20.3,Antsiranana,-12.279,49.292,41.0
2021-05-13,28.8,23.7,25.8,0.2,30.9,68.4,16.11,Antsiranana,-12.279,49.292,41.0
2021-05-14,30.3,23.9,26.5,0.2,33.4,73.1,19.93,Antsiranana,-12.279,49.292,41.0
2021-05-15,29.2,24.0,26.0,0.6,31.9,69.5,13.41,Antsiranana,-12.279,49.292,41.0
2021-05-16,30.4,23.5,26.0,0.0,32.2,70.2,21.07,Antsiranana,-12.279,49.292,41.0
2021-05-17,29.2,24.0,25.9,0.0,32.9,74.5,19.68,Antsiranana,-12.279,49.292,41.0
2021-05-18,30.2,23.5,26.0,0.0,22.5,51.5,19.72,Antsiranana,-12.279,49.292,41.0
2021-05-19,30.0,22.9,25.4,0.3,25.6,55.8,19.12,Antsiranana,-12.279,49.292,41.0
2021-05-20,30.2,23.1,25.9,0.0,27.5,59.0,20.16,Antsiranana,-12.279,49.292,41.0
2021-05-21,29.9,22.9,25.5,0.0,25.1,58.7,20.73,Antsiranana,-12.279,49.292,41.0
2021-05-22,28.4,22.3,24.7,0.3,29.2,64.1,18.48,Antsiranana,-12.279,49.292,41.0
2021-05-23,28.9,21.7,24.8,0.0,24.8,54.7,20.22,Antsiranana,-12.279,49.292,41.0
2021-05-24,27.8,21.4,24.4,0.0,21.3,48.6,17.53,Antsiranana,-12.279,49.292,41.0
2021-05-25,28.6,22.7,24.8,0.0,24.5,53.6,19.12,Antsiranana,-12.279,49.292,41.0
2021-05-26,29.0,22.2,24.9,0.4,20.9,48.6,19.72,Antsiranana,-12.279,49.292,41.0
2021-05-27,29.0,22.3,25.0,0.2,22.1,50.0,19.61,Antsiranana,-12.279,49.292,41.0
2021-05-28,29.4,22.8,25.3,0.5,25.3,54.4,18.3,Antsiranana,-12.279,49.292,41.0
2021-05-29,29.4,22.7,25.4,0.2,28.0,61.9,19.12,Antsiranana,-12.279,49.292,41.0
2021-05-30,28.6,23.1,25.2,0.3,27.0,60.5,16.88,Antsiranana,-12.279,49.292,41.0
2021-05-31,29.4,23.2,25.4,0.0,28.1,62.6,18.45,Antsiranana,-12.279,49.292,41.0
2021-06-01,28.7,22.7,25.1,0.0,31.7,69.8,19.55,Antsiranana,-12.279,49.292,41.0
2021-06-02,29.0,22.7,25.4,0.0,29.2,65.5,18.95,Antsiranana,-12.279,49.292,41.0
2021-06-03,29.7,23.3,25.5,0.0,24.1,55.4,19.18,Antsiranana,-12.279,49.292,41.0
2021-06-04,28.3,23.1,25.0,0.3,25.2,58.7,15.07,Antsiranana,-12.279,49.292,41.0
2021-06-05,28.7,23.1,25.3,0.4,17.4,40.7,14.93,Antsiranana,-12.279,49.292,41.0
2021-06-06,28.3,22.8,25.2,0.3,22.1,49.7,16.77,Antsiranana,-12.279,49.292,41.0
2021-06-07,29.3,23.9,25.8,0.0,29.0,64.8,18.55,Antsiranana,-12.279,49.292,41.0
2021-06-08,30.0,23.0,25.5,0.0,31.7,69.8,20.24,Antsiranana,-12.279,49.292,41.0
2021-06-09,28.5,21.8,24.4,0.0,29.7,65.2,19.97,Antsiranana,-12.279,49.292,41.0
2021-06-10,29.7,21.6,24.5,0.0,29.5,63.7,20.37,Antsiranana,-12.279,49.292,41.0
2021-06-11,29.8,20.4,24.5,0.7,23.8,54.0,19.29,Antsiranana,-12.279,49.292,41.0
2021-06-12,28.4,22.1,24.6,0.5,18.4,42.8,17.17,Antsiranana,-12.279,49.292,41.0
2021-06-13,26.8,22.2,24.2,2.7,18.5,42.5,14.46,Antsiranana,-12.279,49.292,41.0
2021-06-14,26.5,22.3,23.8,2.1,13.0,28.4,11.76,Antsiranana,-12.279,49.292,41.0
2021-06-15,28.0,22.0,24.5,0.0,21.6,47.5,17.07,Antsiranana,-12.279,49.292,41.0
2021-06-16,28.8,22.6,25.0,0.0,28.1,61.2,19.35,Antsiranana,-12.279,49.292,41.0
2021-06-17,29.0,22.5,24.8,0.0,27.9,61.6,19.72,Antsiranana,-12.279,49.292,41.0
2021-06-18,28.9,22.3,24.8,0.2,26.3,57.6,19.07,Antsiranana,-12.279,49.292,41.0
2021-06-19,28.1,21.9,24.3,0.1,28.1,64.1,18.05,Antsiranana,-12.279,49.292,41.0
2021-06-20,28.1,22.0,24.4,0.0,35.8,77.8,18.59,Antsiranana,-12.279,49.292,41.0
2021-06-21,28.4,21.8,24.2,0.0,35.4,77.8,19.7,Antsiranana,-12.279,49.292,41.0
2021-06-22,28.4,21.4,23.8,0.0,32.3,72.0,20.21,Antsiranana,-12.279,49.292,41.0
2021-06-23,27.8,20.6,23.5,0.0,32.0,71.3,19.98,Antsiranana,-12.279,49.292,41.0
2021-06-24,28.4,21.1,23.8,0.0,30.0,66.2,20.05,Antsiranana,-12.279,49.292,41.0
2021-06-25,27.1,21.1,23.7,0.2,30.8,67.7,18.68,Antsiranana,-12.279,49.292,41.0
2021-06-26,27.8,21.7,24.0,0.0,24.5,54.7,18.51,Antsiranana,-12.279,49.292,41.0
2021-06-27,27.7,21.8,24.1,0.0,30.8,67.7,17.69,Antsiranana,-12.279,49.292,41.0
2021-06-28,28.6,21.9,24.5,0.0,30.1,68.4,19.7,Antsiranana,-12.279,49.292,41.0
2021-06-29,28.9,22.1,24.5,0.0,30.8,68.4,20.05,Antsiranana,-12.279,49.292,41.0
2021-06-30,29.6,21.7,24.6,0.0,30.2,67.0,20.47,Antsiranana,-12.279,49.292,41.0
2021-07-01,29.0,22.2,24.6,0.0,28.9,64.4,19.61,Antsiranana,-12.279,49.292,41.0
2021-07-02,29.1,21.8,24.5,0.0,25.9,58.3,20.3,Antsiranana,-12.279,49.292,41.0
2021-07-03,28.8,22.0,24.5,0.0,25.9,58.7,19.4,Antsiranana,-12.279,49.292,41.0
2021-07-04,27.8,21.8,24.1,0.0,31.8,69.8,18.86,Antsiranana,-12.279,49.292,41.0
2021-07-05,28.4,21.6,23.9,0.0,34.7,76.3,20.29,Antsiranana,-12.279,49.292,41.0
2021-07-06,28.6,21.4,24.0,0.0,25.1,56.9,19.12,Antsiranana,-12.279,49.292,41.0
2021-07-07,27.6,20.9,23.8,0.0,30.7,67.7,19.07,Antsiranana,-12.279,49.292,41.0
2021-07-08,29.3,21.3,24.4,0.0,28.8,62.3,20.25,Antsiranana,-12.279,49.292,41.0
2021-07-09,28.8,22.6,24.8,0.0,29.8,70.2,18.32,Antsiranana,-12.279,49.292,41.0
2021-07-10,28.1,22.3,24.4,0.0,37.6,83.5,19.82,Antsiranana,-12.279,49.292,41.0
2021-07-11,28.1,21.5,24.1,0.0,40.1,87.5,18.94,Antsiranana,-12.279,49.292,41.0
2021-07-12,27.2,21.8,23.9,0.0,38.3,83.5,18.34,Antsiranana,-12.279,49.292,41.0
2021-07-13,27.3,21.6,23.8,0.0,41.4,89.3,20.23,Antsiranana,-12.279,49.292,41.0
2021-07-14,28.3,20.7,23.7,0.0,32.0,70.2,19.97,Antsiranana,-12.279,49.292,41.0
2021-07-15,28.0,20.8,23.7,0.0,34.0,74.9,19.9,Antsiranana,-12.279,49.292,41.0
2021-07-16,27.0,21.2,23.3,0.7,29.0,64.8,7.63,Antsiranana,-12.279,49.292,41.0
2021-07-17,28.2,21.7,24.0,0.0,30.4,67.3,19.44,Antsiranana,-12.279,49.292,41.0
2021-07-18,27.4,21.5,23.8,0.0,30.2,66.2,18.66,Antsiranana,-12.279,49.292,41.0
2021-07-19,28.7,21.6,24.1,0.7,26.1,58.7,19.39,Antsiranana,-12.279,49.292,41.0
2021-07-20,27.1,21.3,23.6,0.3,40.9,87.8,18.3,Antsiranana,-12.279,49.292,41.0
2021-07-21,28.1,21.0,23.6,0.8,33.4,76.0,19.7,Antsiranana,-12.279,49.292,41.0
2021-07-22,27.6,20.6,23.3,0.4,33.7,73.4,20.74,Antsiranana,-12.279,49.292,41.0
2021-07-23,27.3,20.6,23.0,0.9,29.7,66.2,20.1,Antsiranana,-12.279,49.292,41.0
2021-07-24,27.1,20.1,23.2,0.2,26.3,59.4,19.36,Antsiranana,-12.279,49.292,41.0
2021-07-25,26.0,20.3,22.4,1.3,36.2,78.1,13.86,Antsiranana,-12.279,49.292,41.0
2021-07-26,28.5,20.3,23.4,0.0,30.9,68.4,20.79,Antsiranana,-12.279,49.292,41.0
2021-07-27,27.2,20.9,23.3,0.0,30.8,66.6,18.39,Antsiranana,-12.279,49.292,41.0
2021-07-28,27.6,20.9,23.4,0.0,30.6,66.2,19.95,Antsiranana,-12.279,49.292,41.0
2021-07-29,27.9,20.8,23.6,0.4,24.3,54.7,20.65,Antsiranana,-12.279,49.292,41.0
2021-07-30,25.8,20.8,22.8,1.0,33.0,71.3,14.81,Antsiranana,-12.279,49.292,41.0
2021-07-31,27.4,21.0,23.4,0.0,40.7,90.0,21.4,Antsiranana,-12.279,49.292,41.0
2021-08-01,28.1,21.2,23.7,0.0,35.4,78.1,21.62,Antsiranana,-12.279,49.292,41.0
2021-08-02,28.2,21.3,23.7,0.0,27.6,60.1,21.53,Antsiranana,-12.279,49.292,41.0
2021-08-03,27.9,20.5,23.4,0.0,23.8,54.4,20.94,Antsiranana,-12.279,49.292,41.0
2021-08-04,27.6,21.3,23.6,0.0,33.5,74.5,21.59,Antsiranana,-12.279,49.292,41.0
2021-08-05,26.6,20.2,22.6,1.1,31.6,68.8,18.65,Antsiranana,-12.279,49.292,41.0
2021-08-06,27.7,20.5,23.2,0.5,32.6,73.8,21.37,Antsiranana,-12.279,49.292,41.0
2021-08-07,27.4,20.7,23.1,0.0,30.1,66.2,21.38,Antsiranana,-12.279,49.292,41.0
2021-08-08,28.1,20.6,23.2,0.0,25.4,56.5,18.48,Antsiranana,-12.279,49.292,41.0
2021-08-09,27.7,20.8,23.6,0.3,23.0,52.2,19.93,Antsiranana,-12.279,49.292,41.0
2021-08-10,27.3,21.2,23.7,0.3,26.1,57.6,19.44,Antsiranana,-12.279,49.292,41.0
2021-08-11,27.8,21.2,23.9,0.0,28.4,63.7,18.83,Antsiranana,-12.279,49.292,41.0
2021-08-12,28.3,22.0,24.1,0.0,28.7,64.8,21.43,Antsiranana,-12.279,49.292,41.0
2021-08-13,27.6,21.4,23.7,0.0,28.8,62.3,16.67,Antsiranana,-12.279,49.292,41.0
2021-08-14,28.6,20.9,24.0,0.0,31.7,70.2,22.84,Antsiranana,-12.279,49.292,41.0
2021-08-15,28.2,21.6,24.2,0.0,39.0,84.2,21.86,Antsiranana,-12.279,49.292,41.0
2021-08-16,27.8,20.6,23.4,0.0,34.8,74.5,23.31,Antsiranana,-12.279,49.292,41.0
2021-08-17,28.3,20.4,23.6,0.0,32.2,71.3,23.09,Antsiranana,-12.279,49.292,41.0
2021-08-18,28.0,21.8,24.1,0.0,40.9,91.4,21.18,Antsiranana,-12.279,49.292,41.0
2021-08-19,28.2,20.5,24.2,4.9,34.5,75.2,20.48,Antsiranana,-12.279,49.292,41.0
2021-08-20,27.5,22.2,24.1,0.2,35.3,76.7,20.92,Antsiranana,-12.279,49.292,41.0
2021-08-21,27.5,21.4,23.7,0.0,35.6,79.2,22.41,Antsiranana,-12.279,49.292,41.0
2021-08-22,27.7,20.9,23.7,0.0,33.0,73.4,21.13,Antsiranana,-12.279,49.292,41.0
2021-08-23,27.9,20.9,23.5,0.0,33.7,75.2,24.0,Antsiranana,-12.279,49.292,41.0
2021-08-24,27.1,21.0,23.4,0.0,39.2,85.0,23.86,Antsiranana,-12.279,49.292,41.0
2021-08-25,27.8,20.6,23.3,0.0,29.0,63.7,24.14,Antsiranana,-12.279,49.292,41.0
2021-08-26,27.3,19.6,23.1,0.0,30.0,67.0,24.49,Antsiranana,-12.279,49.292,41.0
2021-08-27,28.3,20.5,23.3,0.0,32.0,71.3,24.51,Antsiranana,-12.279,49.292,41.0
2021-08-28,28.3,19.8,23.2,10.5,19.5,47.2,21.94,Antsiranana,-12.279,49.292,41.0
2021-08-29,27.4,19.1,23.1,0.6,22.4,49.7,22.76,Antsiranana,-12.279,49.292,41.0
2021-08-30,25.3,20.6,22.9,3.6,21.4,52.9,12.28,Antsiranana,-12.279,49.292,41.0
2021-08-31,26.2,21.7,23.4,2.6,30.3,64.4,20.15,Antsiranana,-12.279,49.292,41.0
2021-09-01,27.1,21.2,23.6,0.0,35.1,76.7,23.57,Antsiranana,-12.279,49.292,41.0
2021-09-02,28.0,20.8,23.5,0.2,31.2,68.4,24.97,Antsiranana,-12.279,49.292,41.0
2021-09-03,26.9,20.9,23.4,0.3,35.7,80.6,22.87,Antsiranana,-12.279,49.292,41.0
2021-09-04,28.0,21.4,23.7,0.1,40.1,87.8,24.44,Antsiranana,-12.279,49.292,41.0
2021-09-05,27.7,21.1,23.9,0.0,35.9,79.9,24.4,Antsiranana,-12.279,49.292,41.0
2021-09-06,28.4,21.5,24.0,0.3,38.1,83.5,24.55,Antsiranana,-12.279,49.292,41.0
2021-09-07,25.5,21.0,22.8,4.2,38.3,83.5,19.35,Antsiranana,-12.279,49.292,41.0
2021-09-08,27.7,20.8,23.5,0.0,31.9,71.3,24.35,Antsiranana,-12.279,49.292,41.0
2021-09-09,27.6,20.8,23.6,0.0,30.6,67.7,25.28,Antsiranana,-12.279,49.292,41.0
2021-09-10,28.4,21.1,24.1,0.0,30.9,69.1,25.69,Antsiranana,-12.279,49.292,41.0
2021-09-11,28.1,21.5,23.8,0.0,40.6,88.2,25.5,Antsiranana,-12.279,49.292,41.0
2021-09-12,28.1,21.0,24.0,0.0,37.7,85.0,24.61,Antsiranana,-12.279,49.292,41.0
2021-09-13,28.0,20.9,23.8,1.1,34.2,76.3,23.26,Antsiranana,-12.279,49.292,41.0
2021-09-14,28.3,21.8,24.3,0.0,35.9,78.5,23.69,Antsiranana,-12.279,49.292,41.0
2021-09-15,28.2,21.4,24.1,0.0,34.8,77.0,25.0,Antsiranana,-12.279,49.292,41.0
2021-09-16,28.7,21.4,24.1,0.0,31.5,69.5,24.95,Antsiranana,-12.279,49.292,41.0
2021-09-17,28.4,20.8,24.0,0.0,27.9,62.3,25.88,Antsiranana,-12.279,49.292,41.0
2021-09-18,28.9,21.2,24.6,0.0,16.8,41.4,24.1,Antsiranana,-12.279,49.292,41.0
2021-09-19,27.9,21.8,24.3,0.8,25.8,55.8,21.79,Antsiranana,-12.279,49.292,41.0
2021-09-20,28.6,21.9,24.3,0.0,33.5,73.4,24.34,Antsiranana,-12.279,49.292,41.0
2021-09-21,28.5,21.5,24.1,0.0,33.3,74.2,26.16,Antsiranana,-12.279,49.292,41.0
2021-09-22,28.6,21.6,24.2,0.0,32.0,70.2,23.3,Antsiranana,-12.279,49.292,41.0
2021-09-23,28.8,21.0,24.3,0.0,29.7,65.2,26.72,Antsiranana,-12.279,49.292,41.0
2021-09-24,28.3,21.4,24.3,0.0,32.9,72.0,25.49,Antsiranana,-12.279,49.292,41.0
2021-09-25,29.0,21.6,24.7,0.5,34.7,77.8,25.21,Antsiranana,-12.279,49.292,41.0
2021-09-26,28.7,22.2,24.7,0.0,35.7,80.3,26.56,Antsiranana,-12.279,49.292,41.0
2021-09-27,29.5,22.8,25.2,0.0,36.9,82.1,23.68,Antsiranana,-12.279,49.292,41.0
2021-09-28,27.4,22.5,24.5,0.0,38.5,83.5,16.88,Antsiranana,-12.279,49.292,41.0
2021-09-29,28.2,21.8,24.3,0.0,37.5,82.4,25.58,Antsiranana,-12.279,49.292,41.0
2021-09-30,27.5,21.4,23.9,0.0,34.5,75.6,23.17,Antsiranana,-12.279,49.292,41.0
2021-10-01,28.1,21.4,24.3,0.0,31.6,70.6,25.24,Antsiranana,-12.279,49.292,41.0
2021-10-02,28.0,21.3,24.2,0.0,33.9,74.2,25.19,Antsiranana,-12.279,49.292,41.0
2021-10-03,28.4,21.6,24.4,0.0,36.4,79.2,25.89,Antsiranana,-12.279,49.292,41.0
2021-10-04,28.0,21.8,24.4,0.0,26.8,58.0,23.21,Antsiranana,-12.279,49.292,41.0
2021-10-05,28.5,21.9,24.7,0.0,27.9,62.3,24.41,Antsiranana,-12.279,49.292,41.0
2021-10-06,29.5,21.4,24.7,0.0,26.4,60.1,28.0,Antsiranana,-12.279,49.292,41.0
2021-10-07,28.7,21.2,24.7,0.0,19.6,47.2,24.49,Antsiranana,-12.279,49.292,41.0
2021-10-08,29.3,22.6,25.0,0.0,28.5,63.0,23.35,Antsiranana,-12.279,49.292,41.0
2021-10-09,29.2,22.5,25.0,0.0,33.7,74.5,25.74,Antsiranana,-12.279,49.292,41.0
2021-10-10,29.5,21.9,24.8,0.0,31.1,67.3,27.57,Antsiranana,-12.279,49.292,41.0
2021-10-11,29.9,21.7,25.1,0.0,28.3,64.1,27.17,Antsiranana,-12.279,49.292,41.0
2021-10-12,30.6,21.3,25.6,0.0,29.8,65.5,22.25,Antsiranana,-12.279,49.292,41.0
2021-10-13,29.2,22.9,25.5,0.4,33.0,69.5,24.93,Antsiranana,-12.279,49.292,41.0
2021-10-14,29.7,23.1,25.7,0.0,31.1,65.9,26.22,Antsiranana,-12.279,49.292,41.0
2021-10-15,29.0,22.5,25.2,0.3,32.7,69.8,26.06,Antsiranana,-12.279,49.292,41.0
2021-10-16,27.4,21.9,24.0,1.3,36.1,76.7,22.99,Antsiranana,-12.279,49.292,41.0
2021-10-17,28.5,21.1,24.3,0.6,31.7,68.0,27.31,Antsiranana,-12.279,49.292,41.0
2021-10-18,27.2,21.8,24.2,2.4,29.7,63.7,22.77,Antsiranana,-12.279,49.292,41.0
2021-10-19,29.2,21.8,24.8,0.0,29.1,61.6,26.61,Antsiranana,-12.279,49.292,41.0
2021-10-20,29.3,21.8,25.0,0.0,29.7,61.9,27.51,Antsiranana,-12.279,49.292,41.0
2021-10-21,30.1,21.5,25.2,0.0,25.8,55.4,27.75,Antsiranana,-12.279,49.292,41.0
2021-10-22,30.8,21.7,25.8,0.8,19.3,45.7,25.97,Antsiranana,-12.279,49.292,41.0
2021-10-23,29.8,23.5,26.2,1.1,25.1,54.7,24.12,Antsiranana,-12.279,49.292,41.0
2021-10-24,30.3,23.8,26.2,0.8,24.8,52.9,25.36,Antsiranana,-12.279,49.292,41.0
2021-10-25,29.8,23.7,25.8,0.9,35.5,74.2,24.6,Antsiranana,-12.279,49.292,41.0
2021-10-26,29.6,22.8,25.7,0.0,36.4,77.8,27.73,Antsiranana,-12.279,49.292,41.0
2021-10-27,29.5,22.5,25.4,0.3,26.6,58.3,26.74,Antsiranana,-12.279,49.292,41.0
2021-10-28,28.7,22.3,25.2,2.8,14.8,38.2,22.71,Antsiranana,-12.279,49.292,41.0
2021-10-29,28.7,23.1,25.5,1.6,19.9,43.2,20.34,Antsiranana,-12.279,49.292,41.0
2021-10-30,29.3,22.8,25.7,0.1,18.0,41.8,25.89,Antsiranana,-12.279,49.292,41.0
2021-10-31,28.7,23.2,25.5,1.0,20.9,45.0,22.59,Antsiranana,-12.279,49.292,41.0
2021-11-01,29.0,22.8,25.6,1.4,16.3,38.2,24.85,Antsiranana,-12.279,49.292,41.0
2021-11-02,29.3,23.5,26.0,0.3,18.9,43.2,24.67,Antsiranana,-12.279,49.292,41.0
2021-11-03,29.4,22.9,25.9,1.3,19.1,43.9,24.65,Antsiranana,-12.279,49.292,41.0
2021-11-04,30.2,23.3,26.0,0.5,21.7,48.6,25.14,Antsiranana,-12.279,49.292,41.0
2021-11-05,30.4,22.3,25.9,0.0,25.6,56.2,28.25,Antsiranana,-12.279,49.292,41.0
2021-11-06,30.7,22.2,26.1,0.0,24.9,53.3,28.02,Antsiranana,-12.279,49.292,41.0
2021-11-07,31.5,23.4,26.9,0.2,29.6,64.1,26.78,Antsiranana,-12.279,49.292,41.0
2021-11-08,30.2,24.3,26.4,2.3,32.9,69.1,24.39,Antsiranana,-12.279,49.292,41.0
2021-11-09,30.7,24.0,26.7,0.3,26.6,57.6,24.98,Antsiranana,-12.279,49.292,41.0
2021-11-10,30.2,23.9,26.5,1.2,22.4,50.0,23.83,Antsiranana,-12.279,49.292,41.0
2021-11-11,29.5,23.9,26.3,1.1,17.1,40.3,23.5,Antsiranana,-12.279,49.292,41.0
2021-11-12,29.3,23.3,25.9,2.6,19.4,44.6,25.74,Antsiranana,-12.279,49.292,41.0
2021-11-13,30.2,22.7,26.0,0.5,24.5,53.3,26.54,Antsiranana,-12.279,49.292,41.0
2021-11-14,30.8,22.9,26.3,0.5,25.9,55.8,27.4,Antsiranana,-12.279,49.292,41.0
2021-11-15,30.0,23.5,26.2,0.8,24.5,55.1,26.09,Antsiranana,-12.279,49.292,41.0
2021-11-16,30.6,23.2,26.6,0.1,27.2,59.0,27.49,Antsiranana,-12.279,49.292,41.0
2021-11-17,30.9,23.4,26.7,0.0,28.9,62.6,28.11,Antsiranana,-12.279,49.292,41.0
2021-11-18,30.9,23.2,26.6,0.0,28.2,59.4,28.89,Antsiranana,-12.279,49.292,41.0
2021-11-19,29.5,23.3,26.1,1.0,27.4,58.3,25.32,Antsiranana,-12.279,49.292,41.0
2021-11-20,29.6,23.1,26.1,0.1,23.1,51.8,26.14,Antsiranana,-12.279,49.292,41.0
2021-11-21,30.2,23.5,26.3,0.6,22.4,49.0,26.18,Antsiranana,-12.279,49.292,41.0
2021-11-22,30.7,23.3,26.5,0.0,26.8,57.2,27.73,Antsiranana,-12.279,49.292,41.0
2021-11-23,30.2,23.3,26.5,1.8,19.5,45.0,26.37,Antsiranana,-12.279,49.292,41.0
2021-11-24,30.2,23.5,26.5,0.0,21.6,49.0,24.08,Antsiranana,-12.279,49.292,41.0
2021-11-25,29.9,23.4,26.5,0.0,17.4,41.0,24.78,Antsiranana,-12.279,49.292,41.0
2021-11-26,31.0,24.0,27.4,0.0,21.7,49.0,27.87,Antsiranana,-12.279,49.292,41.0
2021-11-27,30.5,23.8,26.8,0.5,22.1,49.7,26.29,Antsiranana,-12.279,49.292,41.0
2021-11-28,30.0,23.8,26.5,1.3,19.4,44.3,24.07,Antsiranana,-12.279,49.292,41.0
2021-11-29,29.6,23.5,26.2,1.2,23.8,52.2,25.82,Antsiranana,-12.279,49.292,41.0
2021-11-30,30.6,23.1,26.4,0.0,26.1,57.2,27.2,Antsiranana,-12.279,49.292,41.0
2021-12-01,30.2,23.5,26.5,0.1,30.4,64.1,25.43,Antsiranana,-12.279,49.292,41.0
2021-12-02,29.5,23.6,26.4,0.5,33.4,70.9,25.55,Antsiranana,-12.279,49.292,41.0
2021-12-03,30.9,24.3,26.9,0.0,32.5,69.1,27.65,Antsiranana,-12.279,49.292,41.0
2021-12-04,30.7,24.3,27.1,0.0,35.1,73.8,25.63,Antsiranana,-12.279,49.292,41.0
2021-12-05,31.1,24.6,27.4,0.0,32.4,69.1,27.28,Antsiranana,-12.279,49.292,41.0
2021-12-06,30.5,24.1,26.9,0.8,31.4,67.7,25.34,Antsiranana,-12.279,49.292,41.0
2021-12-07,31.1,23.8,26.9,0.0,29.8,63.0,27.56,Antsiranana,-12.279,49.292,41.0
2021-12-08,30.0,23.2,26.3,0.9,26.9,58.3,26.56,Antsiranana,-12.279,49.292,41.0
2021-12-09,30.1,23.3,26.4,0.0,26.7,56.9,25.25,Antsiranana,-12.279,49.292,41.0
2021-12-10,29.9,23.6,26.3,0.4,25.4,55.8,24.48,Antsiranana,-12.279,49.292,41.0
2021-12-11,30.3,22.8,26.4,0.2,27.6,59.4,27.18,Antsiranana,-12.279,49.292,41.0
2021-12-12,29.9,23.6,26.5,0.1,29.2,62.6,26.78,Antsiranana,-12.279,49.292,41.0
2021-12-13,30.2,23.5,26.5,0.5,27.1,57.6,26.13,Antsiranana,-12.279,49.292,41.0
2021-12-14,30.3,23.6,26.5,0.2,24.9,56.5,26.51,Antsiranana,-12.279,49.292,41.0
2021-12-15,30.3,23.5,26.4,0.6,26.9,58.0,27.43,Antsiranana,-12.279,49.292,41.0
2021-12-16,30.5,23.3,26.8,0.1,24.3,52.6,27.11,Antsiranana,-12.279,49.292,41.0
2021-12-17,30.4,24.1,26.8,0.6,23.4,51.5,25.16,Antsiranana,-12.279,49.292,41.0
2021-12-18,30.5,24.1,27.1,1.2,17.4,41.0,24.48,Antsiranana,-12.279,49.292,41.0
2021-12-19,32.6,24.8,28.4,0.3,21.7,50.8,23.94,Antsiranana,-12.279,49.292,41.0
2021-12-20,32.7,25.2,28.2,2.1,11.5,31.7,24.76,Antsiranana,-12.279,49.292,41.0
2021-12-21,30.9,24.4,27.3,1.1,17.7,41.4,25.69,Antsiranana,-12.279,49.292,41.0
2021-12-22,31.4,24.4,27.8,2.0,22.0,49.0,25.83,Antsiranana,-12.279,49.292,41.0
2021-12-23,30.2,23.5,26.8,2.5,14.7,34.6,25.03,Antsiranana,-12.279,49.292,41.0
2021-12-24,30.1,24.0,27.1,0.3,15.5,35.3,25.89,Antsiranana,-12.279,49.292,41.0
2021-12-25,31.3,23.8,27.4,0.0,17.3,40.0,29.27,Antsiranana,-12.279,49.292,41.0
2021-12-26,31.3,24.8,27.5,1.3,18.3,42.1,28.48,Antsiranana,-12.279,49.292,41.0
2021-12-27,31.7,24.0,27.6,0.0,21.9,49.0,28.75,Antsiranana,-12.279,49.292,41.0
2021-12-28,31.7,24.3,27.8,0.0,16.8,39.6,27.58,Antsiranana,-12.279,49.292,41.0
2021-12-29,31.0,24.4,27.5,0.4,14.6,34.2,25.01,Antsiranana,-12.279,49.292,41.0
2021-12-30,31.6,24.3,27.7,0.9,15.8,39.6,25.37,Antsiranana,-12.279,49.292,41.0
2021-12-31,31.0,24.2,26.6,13.2,16.1,38.5,19.68,Antsiranana,-12.279,49.292,41.0
2022-01-01,30.6,23.2,25.9,20.0,15.2,36.7,22.12,Antsiranana,-12.279,49.292,41.0
2022-01-02,28.8,23.1,25.8,4.8,8.0,20.9,21.51,Antsiranana,-12.279,49.292,41.0
2022-01-03,28.9,24.1,26.2,3.7,11.0,25.2,21.14,Antsiranana,-12.279,49.292,41.0
2022-01-04,30.5,23.7,26.6,1.5,16.3,34.6,23.8,Antsiranana,-12.279,49.292,41.0
2022-01-05,28.3,24.3,25.7,11.3,14.9,38.2,17.72,Antsiranana,-12.279,49.292,41.0
2022-01-06,28.5,23.9,25.7,10.1,10.7,25.9,16.91,Antsiranana,-12.279,49.292,41.0
2022-01-07,28.5,23.6,25.6,10.9,16.4,34.6,14.33,Antsiranana,-12.279,49.292,41.0
2022-01-08,28.4,23.6,25.8,12.9,16.0,36.0,14.0,Antsiranana,-12.279,49.292,41.0
2022-01-09,30.1,24.0,26.0,3.9,22.4,46.8,20.09,Antsiranana,-12.279,49.292,41.0
2022-01-10,30.3,23.7,26.3,0.7,23.7,50.0,22.0,Antsiranana,-12.279,49.292,41.0
2022-01-11,30.9,23.4,26.9,1.4,23.3,49.7,25.3,Antsiranana,-12.279,49.292,41.0
2022-01-12,29.9,23.9,26.8,4.2,14.2,32.4,22.26,Antsiranana,-12.279,49.292,41.0
2022-01-13,31.4,24.2,26.7,14.7,12.4,31.3,22.86,Antsiranana,-12.279,49.292,41.0
2022-01-14,31.5,23.3,27.4,1.7,17.7,36.7,23.58,Antsiranana,-12.279,49.292,41.0
2022-01-15,32.7,25.3,28.2,0.9,25.0,51.8,25.43,Antsiranana,-12.279,49.292,41.0
2022-01-16,32.5,25.3,28.3,1.2,23.8,50.4,25.3,Antsiranana,-12.279,49.292,41.0
2022-01-17,31.5,23.9,27.7,0.8,22.6,48.6,26.53,Antsiranana,-12.279,49.292,41.0
2022-01-18,32.9,25.6,28.8,0.0,26.3,55.1,28.45,Antsiranana,-12.279,49.292,41.0
2022-01-19,31.6,24.9,27.8,1.5,24.6,57.6,24.98,Antsiranana,-12.279,49.292,41.0
2022-01-20,27.6,23.4,25.2,19.3,31.2,67.7,19.53,Antsiranana,-12.279,49.292,41.0
2022-01-21,26.9,23.1,24.4,50.2,26.6,60.1,11.58,Antsiranana,-12.279,49.292,41.0
2022-01-22,26.5,22.6,24.1,29.5,29.5,59.8,10.23,Antsiranana,-12.279,49.292,41.0
2022-01-23,26.1,22.4,24.0,36.2,26.7,63.7,12.4,Antsiranana,-12.279,49.292,41.0
2022-01-24,26.9,22.8,24.3,21.5,12.2,31.7,6.27,Antsiranana,-12.279,49.292,41.0
2022-01-25,30.6,23.5,26.6,4.1,18.2,38.5,21.28,Antsiranana,-12.279,49.292,41.0
2022-01-26,29.1,24.1,25.5,13.9,18.8,40.0,17.96,Antsiranana,-12.279,49.292,41.0
2022-01-27,29.8,23.7,25.9,16.0,20.8,44.3,24.07,Antsiranana,-12.279,49.292,41.0
2022-01-28,29.4,23.8,25.5,4.8,15.9,33.5,17.47,Antsiranana,-12.279,49.292,41.0
2022-01-29,29.2,23.6,26.0,2.7,12.6,28.8,22.0,Antsiranana,-12.279,49.292,41.0
2022-01-30,28.9,23.4,25.8,17.0,13.7,30.2,18.72,Antsiranana,-12.279,49.292,41.0
2022-01-31,30.5,23.8,26.3,4.2,10.2,27.4,23.93,Antsiranana,-12.279,49.292,41.0
2022-02-01,30.0,23.3,25.8,7.9,10.5,27.4,24.24,Antsiranana,-12.279,49.292,41.0
2022-02-02,29.4,23.4,26.0,5.8,15.0,38.2,21.65,Antsiranana,-12.279,49.292,41.0
2022-02-03,29.7,23.9,26.6,1.3,27.1,56.2,24.82,Antsiranana,-12.279,49.292,41.0
2022-02-04,28.0,24.6,26.0,2.5,30.4,64.4,21.74,Antsiranana,-12.279,49.292,41.0
2022-02-05,28.0,24.1,25.6,5.7,30.6,64.1,21.46,Antsiranana,-12.279,49.292,41.0
2022-02-06,27.8,24.5,25.9,6.7,23.5,53.6,19.87,Antsiranana,-12.279,49.292,41.0
2022-02-07,29.6,24.7,26.8,1.4,22.9,53.6,24.65,Antsiranana,-12.279,49.292,41.0
2022-02-08,29.8,24.7,27.0,0.2,24.9,52.6,23.35,Antsiranana,-12.279,49.292,41.0
2022-02-09,29.3,24.1,26.2,12.5,22.1,47.5,21.02,Antsiranana,-12.279,49.292,41.0
2022-02-10,27.9,24.0,25.4,8.7,22.3,46.1,15.69,Antsiranana,-12.279,49.292,41.0
2022-02-11,28.4,23.3,25.4,14.0,16.5,39.6,18.69,Antsiranana,-12.279,49.292,41.0
2022-02-12,28.5,22.6,24.6,35.5,11.6,28.8,20.31,Antsiranana,-12.279,49.292,41.0
2022-02-13,29.5,22.7,25.3,7.5,14.0,32.0,23.49,Antsiranana,-12.279,49.292,41.0
2022-02-14,29.0,22.9,25.7,13.4,12.4,29.9,23.17,Antsiranana,-12.279,49.292,41.0
2022-02-15,30.2,24.1,26.7,4.6,23.3,49.0,24.61,Antsiranana,-12.279,49.292,41.0
2022-02-16,29.5,24.1,26.2,4.9,12.3,26.3,22.26,Antsiranana,-12.279,49.292,41.0
2022-02-17,30.8,24.1,26.3,8.0,16.6,35.3,24.54,Antsiranana,-12.279,49.292,41.0
2022-02-18,30.9,23.0,26.6,0.9,22.7,47.5,26.75,Antsiranana,-12.279,49.292,41.0
2022-02-19,28.4,24.0,26.0,5.4,17.4,39.6,19.59,Antsiranana,-12.279,49.292,41.0
2022-02-20,29.8,24.1,26.8,0.6,23.9,49.7,19.05,Antsiranana,-12.279,49.292,41.0
2022-02-21,29.5,26.1,27.4,1.7,31.8,66.2,20.96,Antsiranana,-12.279,49.292,41.0
2022-02-22,26.3,23.4,25.3,8.4,29.1,61.9,10.38,Antsiranana,-12.279,49.292,41.0
2022-02-23,28.0,24.7,25.9,8.6,23.7,50.0,19.25,Antsiranana,-12.279,49.292,41.0
2022-02-24,29.2,24.7,26.5,2.7,21.2,45.4,23.7,Antsiranana,-12.279,49.292,41.0
2022-02-25,30.7,24.5,27.2,2.3,20.9,43.6,21.46,Antsiranana,-12.279,49.292,41.0
2022-02-26,30.7,24.8,27.0,1.2,22.5,48.6,22.65,Antsiranana,-12.279,49.292,41.0
2022-02-27,29.7,24.4,26.4,1.1,19.8,41.8,16.17,Antsiranana,-12.279,49.292,41.0
2022-02-28,28.5,24.5,25.7,5.2,23.5,53.3,13.94,Antsiranana,-12.279,49.292,41.0
2022-03-01,28.1,24.3,25.8,2.3,28.2,58.0,19.74,Antsiranana,-12.279,49.292,41.0
2022-03-02,28.6,23.9,25.4,7.2,27.2,60.1,21.25,Antsiranana,-12.279,49.292,41.0
2022-03-03,28.1,24.0,25.3,6.3,26.3,56.2,18.12,Antsiranana,-12.279,49.292,41.0
2022-03-04,25.2,23.2,24.2,33.8,16.7,36.7,5.13,Antsiranana,-12.279,49.292,41.0
2022-03-05,26.8,23.0,24.7,17.7,14.2,33.8,9.87,Antsiranana,-12.279,49.292,41.0
2022-03-06,28.3,23.2,25.2,2.2,14.0,33.8,18.64,Antsiranana,-12.279,49.292,41.0
2022-03-07,28.9,23.8,26.2,0.2,20.6,43.6,23.1,Antsiranana,-12.279,49.292,41.0
2022-03-08,29.0,25.1,26.2,4.7,26.4,54.0,18.55,Antsiranana,-12.279,49.292,41.0
2022-03-09,28.3,23.8,25.5,5.3,20.1,43.2,18.34,Antsiranana,-12.279,49.292,41.0
2022-03-10,27.4,24.3,25.5,10.0,14.0,31.0,11.78,Antsiranana,-12.279,49.292,41.0
2022-03-11,27.0,23.5,25.0,8.3,9.6,19.4,12.87,Antsiranana,-12.279,49.292,41.0
2022-03-12,29.8,22.8,25.4,7.8,13.0,34.6,20.43,Antsiranana,-12.279,49.292,41.0
2022-03-13,25.6,22.5,24.2,36.3,19.7,42.1,4.65,Antsiranana,-12.279,49.292,41.0
2022-03-14,25.5,22.4,23.5,110.7,17.6,35.3,5.27,Antsiranana,-12.279,49.292,41.0
2022-03-15,25.7,23.1,24.1,60.3,17.7,36.4,4.36,Antsiranana,-12.279,49.292,41.0
2022-03-16,28.2,23.4,24.9,19.2,13.5,27.7,11.11,Antsiranana,-12.279,49.292,41.0
2022-03-17,27.4,23.8,25.2,5.8,13.0,27.7,12.6,Antsiranana,-12.279,49.292,41.0
2022-03-18,28.9,23.5,26.0,7.7,9.6,24.5,20.21,Antsiranana,-12.279,49.292,41.0
2022-03-19,28.9,24.0,26.2,4.4,17.4,41.0,20.35,Antsiranana,-12.279,49.292,41.0
2022-03-20,29.6,23.9,26.1,2.2,11.9,27.7,20.51,Antsiranana,-12.279,49.292,41.0
2022-03-21,29.4,24.6,26.6,0.8,25.3,52.2,23.88,Antsiranana,-12.279,49.292,41.0
2022-03-22,30.1,24.6,26.7,0.8,26.1,55.1,23.93,Antsiranana,-12.279,49.292,41.0
2022-03-23,29.8,24.8,26.8,1.9,22.9,50.0,23.31,Antsiranana,-12.279,49.292,41.0
2022-03-24,30.2,24.1,26.0,3.1,16.6,37.1,20.71,Antsiranana,-12.279,49.292,41.0
2022-03-25,29.6,23.8,26.2,1.3,16.1,34.9,13.64,Antsiranana,-12.279,49.292,41.0
2022-03-26,29.6,24.7,26.8,0.7,17.5,38.9,23.76,Antsiranana,-12.279,49.292,41.0
2022-03-27,29.2,24.8,26.4,1.8,20.1,41.4,21.76,Antsiranana,-12.279,49.292,41.0
2022-03-28,29.1,24.2,26.3,0.3,15.7,35.3,23.08,Antsiranana,-12.279,49.292,41.0
2022-03-29,29.2,24.0,26.3,0.5,17.8,39.6,23.87,Antsiranana,-12.279,49.292,41.0
2022-03-30,29.9,24.0,26.6,0.4,21.5,47.5,24.6,Antsiranana,-12.279,49.292,41.0
2022-03-31,30.3,23.4,26.1,4.3,17.0,38.2,23.4,Antsiranana,-12.279,49.292,41.0
2022-04-01,29.9,23.8,26.0,4.0,18.3,40.7,22.58,Antsiranana,-12.279,49.292,41.0
2022-04-02,30.1,23.1,26.2,2.1,15.9,36.0,23.16,Antsiranana,-12.279,49.292,41.0
2022-04-03,30.4,23.0,25.6,5.8,11.5,24.5,21.99,Antsiranana,-12.279,49.292,41.0
2022-04-04,30.7,22.9,25.8,1.9,10.9,25.9,22.63,Antsiranana,-12.279,49.292,41.0
2022-04-05,30.3,23.2,26.3,0.9,14.8,33.1,23.15,Antsiranana,-12.279,49.292,41.0
2022-04-06,30.3,24.1,26.6,1.6,16.5,37.8,22.85,Antsiranana,-12.279,49.292,41.0
2022-04-07,28.7,24.6,26.1,1.0,18.6,40.0,19.27,Antsiranana,-12.279,49.292,41.0
2022-04-08,28.4,24.0,25.5,3.6,15.6,34.9,14.76,Antsiranana,-12.279,49.292,41.0
2022-04-09,29.6,24.0,26.4,0.6,21.9,47.2,21.49,Antsiranana,-12.279,49.292,41.0
2022-04-10,30.4,24.5,26.6,0.9,25.5,54.0,22.06,Antsiranana,-12.279,49.292,41.0
2022-04-11,28.9,24.6,26.3,0.2,32.3,66.2,21.78,Antsiranana,-12.279,49.292,41.0
2022-04-12,29.0,24.6,26.4,0.4,34.5,70.9,21.23,Antsiranana,-12.279,49.292,41.0
2022-04-13,29.6,24.3,26.4,0.2,32.2,67.0,23.35,Antsiranana,-12.279,49.292,41.0
2022-04-14,30.2,24.3,26.7,0.0,30.6,65.2,23.62,Antsiranana,-12.279,49.292,41.0
2022-04-15,29.6,25.1,26.8,0.4,32.3,67.3,21.73,Antsiranana,-12.279,49.292,41.0
2022-04-16,29.6,24.6,26.6,0.2,33.1,68.4,21.66,Antsiranana,-12.279,49.292,41.0
2022-04-17,30.5,24.1,26.6,0.1,28.4,60.5,23.21,Antsiranana,-12.279,49.292,41.0
2022-04-18,30.3,24.6,26.9,0.2,28.2,59.0,22.3,Antsiranana,-12.279,49.292,41.0
2022-04-19,31.6,23.8,26.9,2.3,18.7,40.7,21.75,Antsiranana,-12.279,49.292,41.0
2022-04-20,29.8,23.9,25.8,23.0,22.3,47.9,17.37,Antsiranana,-12.279,49.292,41.0
2022-04-21,25.0,22.5,23.9,46.0,22.5,45.0,4.36,Antsiranana,-12.279,49.292,41.0
2022-04-22,27.6,22.8,25.3,3.9,26.6,55.1,16.92,Antsiranana,-12.279,49.292,41.0
2022-04-23,28.8,24.1,25.9,1.0,28.5,58.7,19.71,Antsiranana,-12.279,49.292,41.0
2022-04-24,28.4,24.1,25.8,0.6,32.2,64.1,19.72,Antsiranana,-12.279,49.292,41.0
2022-04-25,28.7,24.3,25.9,0.0,34.0,71.6,21.35,Antsiranana,-12.279,49.292,41.0
2022-04-26,28.4,23.6,25.5,0.0,30.6,65.2,21.75,Antsiranana,-12.279,49.292,41.0
2022-04-27,28.9,22.9,25.4,1.9,16.2,36.0,21.21,Antsiranana,-12.279,49.292,41.0
2022-04-28,28.3,23.0,25.5,0.4,18.1,37.8,20.86,Antsiranana,-12.279,49.292,41.0
2022-04-29,29.8,24.3,26.4,0.0,26.7,56.5,21.97,Antsiranana,-12.279,49.292,41.0
2022-04-30,28.5,24.4,26.0,0.1,29.7,60.5,17.43,Antsiranana,-12.279,49.292,41.0
2022-05-01,29.4,23.7,25.8,6.1,20.8,45.4,20.09,Antsiranana,-12.279,49.292,41.0
2022-05-02,29.1,23.7,25.9,0.0,25.1,52.6,21.21,Antsiranana,-12.279,49.292,41.0
2022-05-03,29.0,23.8,25.8,0.3,26.3,55.1,20.64,Antsiranana,-12.279,49.292,41.0
2022-05-04,29.6,23.3,25.9,0.0,26.1,55.8,22.62,Antsiranana,-12.279,49.292,41.0
2022-05-05,30.0,23.8,26.1,0.0,29.0,64.1,21.84,Antsiranana,-12.279,49.292,41.0
2022-05-06,29.5,23.9,26.0,0.9,27.6,60.5,18.05,Antsiranana,-12.279,49.292,41.0
2022-05-07,29.5,23.8,26.1,0.0,26.8,56.9,20.7,Antsiranana,-12.279,49.292,41.0
2022-05-08,29.5,23.5,26.0,0.0,28.8,59.4,20.26,Antsiranana,-12.279,49.292,41.0
2022-05-09,28.9,23.4,25.8,0.3,24.0,51.1,19.69,Antsiranana,-12.279,49.292,41.0
2022-05-10,29.4,23.7,26.0,1.3,16.5,37.4,20.26,Antsiranana,-12.279,49.292,41.0
2022-05-11,28.3,23.4,25.4,1.7,9.2,25.2,17.27,Antsiranana,-12.279,49.292,41.0
2022-05-12,29.5,23.4,25.7,0.0,22.3,48.6,21.0,Antsiranana,-12.279,49.292,41.0
2022-05-13,29.9,23.7,26.0,0.0,27.3,58.7,20.96,Antsiranana,-12.279,49.292,41.0
2022-05-14,30.1,23.5,25.9,0.0,26.4,56.5,21.45,Antsiranana,-12.279,49.292,41.0
2022-05-15,30.8,23.1,26.1,0.0,27.6,56.9,21.16,Antsiranana,-12.279,49.292,41.0
2022-05-16,29.9,23.7,26.0,0.0,24.8,53.3,18.9,Antsiranana,-12.279,49.292,41.0
2022-05-17,30.2,23.7,26.1,0.0,23.8,53.3,20.77,Antsiranana,-12.279,49.292,41.0
2022-05-18,27.5,23.0,24.5,2.6,30.1,63.7,14.99,Antsiranana,-12.279,49.292,41.0
2022-05-19,29.1,23.1,25.5,0.0,38.3,78.1,19.92,Antsiranana,-12.279,49.292,41.0
2022-05-20,29.3,23.2,25.5,0.0,35.6,74.2,20.34,Antsiranana,-12.279,49.292,41.0
2022-05-21,28.6,23.6,25.5,0.2,31.5,68.0,9.14,Antsiranana,-12.279,49.292,41.0
2022-05-22,26.5,23.5,24.6,3.5,28.2,58.3,7.63,Antsiranana,-12.279,49.292,41.0
2022-05-23,28.8,23.1,25.2,0.0,31.6,67.0,18.04,Antsiranana,-12.279,49.292,41.0
2022-05-24,28.8,22.6,25.1,0.0,30.6,65.9,20.1,Antsiranana,-12.279,49.292,41.0
2022-05-25,29.7,22.6,25.3,0.0,25.5,54.7,20.42,Antsiranana,-12.279,49.292,41.0
2022-05-26,29.8,22.8,25.4,0.0,22.4,47.2,20.83,Antsiranana,-12.279,49.292,41.0
2022-05-27,29.4,23.0,25.4,0.0,21.6,46.4,19.63,Antsiranana,-12.279,49.292,41.0
2022-05-28,29.0,23.0,25.3,0.1,23.2,51.1,19.61,Antsiranana,-12.279,49.292,41.0
2022-05-29,28.3,22.2,24.8,0.0,31.2,68.4,17.93,Antsiranana,-12.279,49.292,41.0
2022-05-30,29.4,22.8,25.1,0.0,30.8,65.5,19.94,Antsiranana,-12.279,49.292,41.0
2022-05-31,29.1,22.2,24.7,0.0,29.9,63.4,20.04,Antsiranana,-12.279,49.292,41.0
2022-06-01,26.8,22.2,24.0,4.1,19.5,42.1,7.68,Antsiranana,-12.279,49.292,41.0
2022-06-02,28.3,22.1,24.8,2.6,21.7,47.2,17.91,Antsiranana,-12.279,49.292,41.0
2022-06-03,27.4,22.9,24.6,0.0,35.7,74.9,15.27,Antsiranana,-12.279,49.292,41.0
2022-06-04,27.5,22.7,24.6,0.5,35.9,76.7,17.99,Antsiranana,-12.279,49.292,41.0
2022-06-05,27.6,22.7,24.6,0.7,31.6,66.6,16.33,Antsiranana,-12.279,49.292,41.0
2022-06-06,28.2,22.9,24.8,0.0,31.2,64.8,13.85,Antsiranana,-12.279,49.292,41.0
2022-06-07,29.7,23.0,25.3,0.0,29.8,64.1,18.54,Antsiranana,-12.279,49.292,41.0
2022-06-08,29.4,22.7,25.0,0.0,27.4,56.9,18.71,Antsiranana,-12.279,49.292,41.0
2022-06-09,29.0,22.8,24.8,0.0,28.4,61.6,16.45,Antsiranana,-12.279,49.292,41.0
2022-06-10,29.2,22.7,25.0,0.2,27.9,61.6,18.72,Antsiranana,-12.279,49.292,41.0
2022-06-11,28.4,22.6,24.8,0.3,30.0,64.8,18.66,Antsiranana,-12.279,49.292,41.0
2022-06-12,29.3,22.4,24.8,0.0,27.7,59.0,19.93,Antsiranana,-12.279,49.292,41.0
2022-06-13,29.4,22.8,25.0,0.0,27.5,58.7,18.66,Antsiranana,-12.279,49.292,41.0
2022-06-14,28.1,22.4,24.3,1.2,25.2,55.1,16.51,Antsiranana,-12.279,49.292,41.0
2022-06-15,28.3,21.9,24.3,0.0,29.3,61.6,17.59,Antsiranana,-12.279,49.292,41.0
2022-06-16,28.3,21.7,24.4,0.0,25.1,53.3,18.37,Antsiranana,-12.279,49.292,41.0
2022-06-17,28.6,21.5,24.3,0.1,23.7,50.4,19.33,Antsiranana,-12.279,49.292,41.0
2022-06-18,28.2,21.8,24.4,0.0,26.9,56.2,18.7,Antsiranana,-12.279,49.292,41.0
2022-06-19,28.6,21.9,24.4,0.0,25.2,54.4,18.63,Antsiranana,-12.279,49.292,41.0
2022-06-20,29.0,21.7,24.4,0.0,34.5,72.4,19.02,Antsiranana,-12.279,49.292,41.0
2022-06-21,28.5,20.8,23.7,0.0,26.8,58.0,20.2,Antsiranana,-12.279,49.292,41.0
2022-06-22,25.5,20.9,22.9,0.3,29.8,63.4,11.82,Antsiranana,-12.279,49.292,41.0
2022-06-23,27.8,20.5,23.5,0.0,34.2,73.1,19.86,Antsiranana,-12.279,49.292,41.0
2022-06-24,26.5,20.8,22.9,0.7,38.0,79.9,16.69,Antsiranana,-12.279,49.292,41.0
2022-06-25,26.5,20.5,23.3,0.8,40.4,82.8,17.54,Antsiranana,-12.279,49.292,41.0
2022-06-26,27.4,21.0,23.5,0.0,35.1,74.2,19.15,Antsiranana,-12.279,49.292,41.0
2022-06-27,27.6,20.8,23.4,0.0,30.0,63.7,17.65,Antsiranana,-12.279,49.292,41.0
2022-06-28,26.2,21.3,23.3,0.0,46.7,97.2,16.86,Antsiranana,-12.279,49.292,41.0
2022-06-29,26.9,20.7,23.1,0.0,36.0,76.3,19.11,Antsiranana,-12.279,49.292,41.0
2022-06-30,27.7,20.9,23.4,0.0,34.1,72.4,16.82,Antsiranana,-12.279,49.292,41.0
2022-07-01,26.6,20.9,23.0,0.1,37.7,78.5,17.82,Antsiranana,-12.279,49.292,41.0
2022-07-02,26.7,20.6,22.9,0.0,35.2,76.7,15.58,Antsiranana,-12.279,49.292,41.0
2022-07-03,26.2,20.7,22.8,0.4,36.4,76.3,15.95,Antsiranana,-12.279,49.292,41.0
2022-07-04,27.0,20.5,23.1,0.0,35.7,74.2,18.32,Antsiranana,-12.279,49.292,41.0
2022-07-05,26.1,20.4,22.7,1.6,32.2,67.7,15.92,Antsiranana,-12.279,49.292,41.0
2022-07-06,27.4,20.6,23.2,0.2,32.0,69.1,18.26,Antsiranana,-12.279,49.292,41.0
2022-07-07,26.9,20.6,23.2,0.0,35.7,74.5,19.37,Antsiranana,-12.279,49.292,41.0
2022-07-08,27.2,20.5,23.0,0.5,38.2,80.6,18.5,Antsiranana,-12.279,49.292,41.0
2022-07-09,26.5,20.1,22.4,0.8,41.3,84.6,17.78,Antsiranana,-12.279,49.292,41.0
2022-07-10,26.5,20.4,22.6,0.0,39.3,81.7,19.2,Antsiranana,-12.279,49.292,41.0
2022-07-11,25.9,19.9,22.3,0.1,41.2,85.3,17.87,Antsiranana,-12.279,49.292,41.0
2022-07-12,27.3,20.7,23.4,0.0,36.4,76.0,16.48,Antsiranana,-12.279,49.292,41.0
2022-07-13,27.2,21.9,23.8,0.1,38.2,79.6,16.14,Antsiranana,-12.279,49.292,41.0
2022-07-14,27.1,20.9,23.2,0.0,31.8,67.0,20.02,Antsiranana,-12.279,49.292,41.0
2022-07-15,27.3,20.3,23.0,0.0,30.4,63.7,20.44,Antsiranana,-12.279,49.292,41.0
2022-07-16,27.6,21.0,23.3,0.0,31.0,65.5,17.78,Antsiranana,-12.279,49.292,41.0
2022-07-17,26.8,20.5,22.9,0.0,36.7,76.7,19.75,Antsiranana,-12.279,49.292,41.0
2022-07-18,25.2,20.2,22.1,1.3,42.3,88.9,17.24,Antsiranana,-12.279,49.292,41.0
2022-07-19,26.4,19.6,21.9,1.5,37.7,78.5,18.19,Antsiranana,-12.279,49.292,41.0
2022-07-20,25.3,19.8,21.9,0.9,36.7,77.4,18.42,Antsiranana,-12.279,49.292,41.0
2022-07-21,25.5,19.6,21.8,0.4,33.7,70.9,17.62,Antsiranana,-12.279,49.292,41.0
2022-07-22,26.1,19.7,22.3,0.0,36.6,75.6,19.51,Antsiranana,-12.279,49.292,41.0
2022-07-23,25.6,20.2,22.3,0.3,31.7,67.0,15.07,Antsiranana,-12.279,49.292,41.0
2022-07-24,26.8,20.1,22.7,0.0,33.6,69.1,19.31,Antsiranana,-12.279,49.292,41.0
2022-07-25,27.3,20.3,22.8,0.0,28.1,59.0,20.18,Antsiranana,-12.279,49.292,41.0
2022-07-26,26.9,20.0,22.7,0.0,27.6,58.0,19.69,Antsiranana,-12.279,49.292,41.0
2022-07-27,26.7,19.7,22.5,0.0,24.9,54.0,21.06,Antsiranana,-12.279,49.292,41.0
2022-07-28,26.3,19.3,22.6,0.9,21.9,47.9,19.3,Antsiranana,-12.279,49.292,41.0
2022-07-29,27.2,20.8,23.2,0.5,33.0,70.6,18.56,Antsiranana,-12.279,49.292,41.0
2022-07-30,27.2,20.8,23.1,0.0,34.1,70.2,20.57,Antsiranana,-12.279,49.292,41.0
2022-07-31,27.3,20.2,23.1,0.0,29.7,63.4,20.71,Antsiranana,-12.279,49.292,41.0
2022-08-01,27.5,20.9,23.3,0.0,31.1,65.2,19.92,Antsiranana,-12.279,49.292,41.0
2022-08-02,27.2,21.0,23.2,0.0,31.9,67.3,19.7,Antsiranana,-12.279,49.292,41.0
2022-08-03,25.9,20.4,22.6,0.0,32.2,69.1,18.32,Antsiranana,-12.279,49.292,41.0
2022-08-04,25.8,19.8,22.4,0.2,34.2,70.6,19.18,Antsiranana,-12.279,49.292,41.0
2022-08-05,27.5,19.7,22.6,0.1,30.9,66.6,21.33,Antsiranana,-12.279,49.292,41.0
2022-08-06,26.7,19.7,22.6,0.0,29.0,61.6,21.45,Antsiranana,-12.279,49.292,41.0
2022-08-07,27.3,20.0,22.8,0.0,25.6,55.4,22.01,Antsiranana,-12.279,49.292,41.0
2022-08-08,28.3,20.2,23.3,0.0,32.8,69.8,21.71,Antsiranana,-12.279,49.292,41.0
2022-08-09,27.2,21.4,23.5,0.0,38.4,79.6,21.38,Antsiranana,-12.279,49.292,41.0
2022-08-10,26.9,20.6,23.1,0.0,39.5,84.2,21.51,Antsiranana,-12.279,49.292,41.0
2022-08-11,25.6,20.8,22.7,0.0,40.8,86.4,16.88,Antsiranana,-12.279,49.292,41.0
2022-08-12,26.0,20.6,22.9,0.0,37.3,78.8,18.79,Antsiranana,-12.279,49.292,41.0
2022-08-13,26.4,20.4,22.8,0.0,35.8,73.4,18.15,Antsiranana,-12.279,49.292,41.0
2022-08-14,26.4,20.0,22.6,0.1,37.7,78.1,20.8,Antsiranana,-12.279,49.292,41.0
2022-08-15,26.4,20.3,22.8,0.5,32.0,67.3,20.02,Antsiranana,-12.279,49.292,41.0
2022-08-16,27.1,20.5,23.0,0.0,30.1,61.9,20.52,Antsiranana,-12.279,49.292,41.0
2022-08-17,26.7,20.6,23.0,0.1,28.8,60.8,19.29,Antsiranana,-12.279,49.292,41.0
2022-08-18,26.9,20.2,23.2,0.0,35.0,72.7,21.74,Antsiranana,-12.279,49.292,41.0
2022-08-19,26.0,20.6,22.8,1.5,32.4,67.7,18.27,Antsiranana,-12.279,49.292,41.0
2022-08-20,26.4,20.0,22.6,0.3,29.0,60.8,19.36,Antsiranana,-12.279,49.292,41.0
2022-08-21,27.0,20.2,22.9,0.0,29.5,63.0,22.18,Antsiranana,-12.279,49.292,41.0
2022-08-22,27.8,20.2,23.1,0.0,32.5,68.8,21.29,Antsiranana,-12.279,49.292,41.0
2022-08-23,27.3,21.4,23.5,0.0,38.8,80.6,20.2,Antsiranana,-12.279,49.292,41.0
2022-08-24,27.4,20.5,23.3,0.0,38.6,81.7,22.86,Antsiranana,-12.279,49.292,41.0
2022-08-25,27.6,20.6,22.9,0.0,36.3,76.3,22.35,Antsiranana,-12.279,49.292,41.0
2022-08-26,27.4,19.5,22.8,0.0,31.1,66.6,23.99,Antsiranana,-12.279,49.292,41.0
2022-08-27,27.7,20.0,23.1,0.0,32.5,69.1,24.29,Antsiranana,-12.279,49.292,41.0
2022-08-28,28.7,20.2,23.9,0.1,28.0,59.8,23.71,Antsiranana,-12.279,49.292,41.0
2022-08-29,27.3,20.4,23.4,2.0,21.7,47.9,23.15,Antsiranana,-12.279,49.292,41.0
2022-08-30,27.5,21.0,23.5,0.1,27.5,58.3,22.18,Antsiranana,-12.279,49.292,41.0
2022-08-31,28.2,20.4,23.5,0.0,20.9,45.4,21.81,Antsiranana,-12.279,49.292,41.0
2022-09-01,28.2,19.3,23.4,0.0,22.0,47.5,24.8,Antsiranana,-12.279,49.292,41.0
2022-09-02,28.8,20.5,23.6,0.0,29.6,64.1,24.63,Antsiranana,-12.279,49.292,41.0
2022-09-03,27.7,20.5,23.0,0.0,30.4,64.1,24.28,Antsiranana,-12.279,49.292,41.0
2022-09-04,27.0,20.1,22.9,0.0,29.9,64.8,23.05,Antsiranana,-12.279,49.292,41.0
2022-09-05,27.3,20.3,23.2,0.8,30.9,67.0,24.15,Antsiranana,-12.279,49.292,41.0
2022-09-06,27.2,20.3,23.1,0.8,32.0,68.8,22.66,Antsiranana,-12.279,49.292,41.0
2022-09-07,27.0,20.5,23.3,0.3,33.1,69.1,23.7,Antsiranana,-12.279,49.292,41.0
2022-09-08,27.3,21.0,23.5,0.0,32.8,68.4,21.88,Antsiranana,-12.279,49.292,41.0
2022-09-09,27.6,21.3,23.6,0.0,34.2,73.8,24.81,Antsiranana,-12.279,49.292,41.0
2022-09-10,27.1,20.8,23.4,0.1,32.7,68.0,24.26,Antsiranana,-12.279,49.292,41.0
2022-09-11,27.5,20.6,23.3,0.0,30.0,64.8,24.77,Antsiranana,-12.279,49.292,41.0
2022-09-12,27.8,20.5,23.4,0.0,33.6,69.8,25.07,Antsiranana,-12.279,49.292,41.0
2022-09-13,27.8,20.7,23.5,0.0,31.4,66.2,23.88,Antsiranana,-12.279,49.292,41.0
2022-09-14,27.6,21.1,23.8,0.0,32.7,68.8,23.62,Antsiranana,-12.279,49.292,41.0
2022-09-15,27.2,21.1,23.6,0.0,38.0,80.3,24.67,Antsiranana,-12.279,49.292,41.0
2022-09-16,28.7,20.6,23.7,0.1,31.2,67.3,25.23,Antsiranana,-12.279,49.292,41.0
2022-09-17,27.5,20.8,23.5,0.0,35.6,76.0,25.91,Antsiranana,-12.279,49.292,41.0
2022-09-18,27.6,20.9,23.6,0.0,34.3,72.7,25.17,Antsiranana,-12.279,49.292,41.0
2022-09-19,27.7,20.9,23.6,0.0,33.2,70.6,26.18,Antsiranana,-12.279,49.292,41.0
2022-09-20,27.1,20.9,23.4,0.0,35.4,75.6,24.69,Antsiranana,-12.279,49.292,41.0
2022-09-21,27.9,20.6,23.9,0.3,31.1,66.6,26.34,Antsiranana,-12.279,49.292,41.0
2022-09-22,25.7,20.1,23.2,11.7,35.8,76.3,18.91,Antsiranana,-12.279,49.292,41.0
2022-09-23,28.8,22.0,24.7,0.5,44.4,90.7,24.32,Antsiranana,-12.279,49.292,41.0
2022-09-24,25.4,21.7,22.9,5.0,31.1,63.7,14.82,Antsiranana,-12.279,49.292,41.0
2022-09-25,27.0,21.3,23.4,0.0,39.3,81.7,25.47,Antsiranana,-12.279,49.292,41.0
2022-09-26,26.6,20.9,23.2,0.2,38.4,79.9,23.4,Antsiranana,-12.279,49.292,41.0
2022-09-27,26.1,20.5,22.9,0.4,39.0,82.4,24.65,Antsiranana,-12.279,49.292,41.0
2022-09-28,26.7,20.8,23.2,0.2,31.9,69.1,26.06,Antsiranana,-12.279,49.292,41.0
2022-09-29,27.5,20.2,23.2,0.0,35.9,74.2,27.06,Antsiranana,-12.279,49.292,41.0
2022-09-30,26.4,20.0,22.9,0.0,32.9,69.1,23.86,Antsiranana,-12.279,49.292,41.0
2022-10-01,26.6,19.7,23.1,0.0,31.8,68.0,24.58,Antsiranana,-12.279,49.292,41.0
2022-10-02,28.3,20.2,23.5,0.0,30.8,66.2,27.62,Antsiranana,-12.279,49.292,41.0
2022-10-03,27.4,20.3,23.3,0.0,31.1,66.6,27.1,Antsiranana,-12.279,49.292,41.0
2022-10-04,27.7,20.4,23.5,0.0,29.5,62.3,25.22,Antsiranana,-12.279,49.292,41.0
2022-10-05,28.5,20.8,24.0,0.0,35.8,74.9,24.59,Antsiranana,-12.279,49.292,41.0
2022-10-06,27.4,21.6,23.8,0.4,36.6,76.3,22.51,Antsiranana,-12.279,49.292,41.0
2022-10-07,27.6,20.8,23.7,0.0,37.2,77.8,23.22,Antsiranana,-12.279,49.292,41.0
2022-10-08,27.9,20.8,23.7,0.0,36.9,76.7,24.79,Antsiranana,-12.279,49.292,41.0
2022-10-09,26.7,20.9,23.3,0.2,36.2,75.6,24.25,Antsiranana,-12.279,49.292,41.0
2022-10-10,27.6,20.5,23.4,0.6,30.8,66.2,25.73,Antsiranana,-12.279,49.292,41.0
2022-10-11,28.2,20.5,23.6,0.0,28.9,62.3,26.05,Antsiranana,-12.279,49.292,41.0
2022-10-12,27.4,20.7,23.6,0.0,32.8,69.1,24.03,Antsiranana,-12.279,49.292,41.0
2022-10-13,28.4,20.5,23.9,0.0,31.1,66.2,28.04,Antsiranana,-12.279,49.292,41.0
2022-10-14,28.2,20.6,23.8,0.0,33.2,70.6,26.98,Antsiranana,-12.279,49.292,41.0
2022-10-15,27.8,20.8,23.6,0.0,30.7,65.9,26.67,Antsiranana,-12.279,49.292,41.0
2022-10-16,28.0,21.1,23.7,0.0,26.5,57.2,24.55,Antsiranana,-12.279,49.292,41.0
2022-10-17,28.5,21.1,23.9,0.0,29.7,64.1,27.48,Antsiranana,-12.279,49.292,41.0
2022-10-18,27.7,20.3,23.7,0.0,30.2,64.4,25.9,Antsiranana,-12.279,49.292,41.0
2022-10-19,28.1,20.8,23.8,0.0,31.9,70.2,26.58,Antsiranana,-12.279,49.292,41.0
2022-10-20,27.7,20.7,23.9,0.0,32.8,70.9,26.08,Antsiranana,-12.279,49.292,41.0
2022-10-21,28.1,21.5,24.3,0.0,33.2,69.1,25.99,Antsiranana,-12.279,49.292,41.0
2022-10-22,28.7,21.0,24.5,0.0,29.2,63.4,27.63,Antsiranana,-12.279,49.292,41.0
2022-10-23,28.8,22.0,24.9,0.0,26.7,58.0,25.54,Antsiranana,-12.279,49.292,41.0
2022-10-24,28.5,22.3,24.8,0.1,26.6,58.3,26.58,Antsiranana,-12.279,49.292,41.0
2022-10-25,28.1,21.7,24.5,0.0,26.4,57.2,24.28,Antsiranana,-12.279,49.292,41.0
2022-10-26,28.8,23.0,25.1,0.0,30.6,64.8,26.9,Antsiranana,-12.279,49.292,41.0
2022-10-27,28.4,22.3,24.8,0.2,29.8,63.0,24.54,Antsiranana,-12.279,49.292,41.0
2022-10-28,28.2,21.6,24.5,0.0,26.1,55.8,23.89,Antsiranana,-12.279,49.292,41.0
2022-10-29,27.5,22.2,24.9,0.0,20.6,45.7,18.9,Antsiranana,-12.279,49.292,41.0
2022-10-30,28.8,23.2,25.2,0.0,28.6,62.3,26.18,Antsiranana,-12.279,49.292,41.0
2022-10-31,28.7,22.1,24.9,0.0,31.4,67.3,26.67,Antsiranana,-12.279,49.292,41.0
2022-11-01,29.0,22.1,25.0,0.0,28.3,60.8,25.86,Antsiranana,-12.279,49.292,41.0
2022-11-02,28.5,22.1,24.7,0.0,26.4,56.2,25.42,Antsiranana,-12.279,49.292,41.0
2022-11-03,28.9,21.8,24.9,0.0,25.3,54.0,27.48,Antsiranana,-12.279,49.292,41.0
2022-11-04,29.3,21.5,25.0,0.0,22.5,50.4,26.94,Antsiranana,-12.279,49.292,41.0
2022-11-05,29.2,22.0,25.3,0.0,24.9,54.4,27.02,Antsiranana,-12.279,49.292,41.0
2022-11-06,30.1,22.4,25.5,0.0,27.8,59.0,25.84,Antsiranana,-12.279,49.292,41.0
2022-11-07,29.5,22.5,25.4,0.0,29.8,63.7,25.72,Antsiranana,-12.279,49.292,41.0
2022-11-08,29.5,22.8,25.3,0.0,28.6,61.9,25.87,Antsiranana,-12.279,49.292,41.0
2022-11-09,28.7,22.4,24.9,0.0,25.3,55.1,24.16,Antsiranana,-12.279,49.292,41.0
2022-11-10,29.0,22.3,25.1,0.0,26.4,57.6,24.58,Antsiranana,-12.279,49.292,41.0
2022-11-11,28.4,22.5,25.1,0.1,29.7,64.1,25.74,Antsiranana,-12.279,49.292,41.0
2022-11-12,30.4,22.5,26.0,0.0,29.9,62.6,28.26,Antsiranana,-12.279,49.292,41.0
2022-11-13,29.9,23.1,26.0,1.2,25.3,55.1,26.12,Antsiranana,-12.279,49.292,41.0
2022-11-14,29.7,23.1,25.9,0.0,24.2,53.6,26.08,Antsiranana,-12.279,49.292,41.0
2022-11-15,28.4,23.0,25.5,0.7,23.4,51.5,24.34,Antsiranana,-12.279,49.292,41.0
2022-11-16,28.9,22.7,25.5,0.9,22.9,50.4,24.86,Antsiranana,-12.279,49.292,41.0
2022-11-17,28.9,22.4,25.4,0.6,18.7,43.2,25.81,Antsiranana,-12.279,49.292,41.0
2022-11-18,29.2,22.9,25.8,0.4,20.5,45.7,24.82,Antsiranana,-12.279,49.292,41.0
2022-11-19,28.4,23.5,25.7,1.2,23.9,51.8,21.93,Antsiranana,-12.279,49.292,41.0
2022-11-20,30.1,23.3,26.3,0.0,24.8,54.7,25.51,Antsiranana,-12.279,49.292,41.0
2022-11-21,29.4,22.7,26.0,0.0,18.0,43.2,24.21,Antsiranana,-12.279,49.292,41.0
2022-11-22,28.5,23.7,26.1,1.1,12.2,30.2,18.45,Antsiranana,-12.279,49.292,41.0
2022-11-23,29.5,22.9,25.6,1.6,26.3,55.8,25.33,Antsiranana,-12.279,49.292,41.0
2022-11-24,29.4,22.8,25.6,0.3,33.5,70.2,25.66,Antsiranana,-12.279,49.292,41.0
2022-11-25,30.0,22.9,25.9,0.2,33.1,70.2,27.41,Antsiranana,-12.279,49.292,41.0
2022-11-26,29.9,23.0,26.0,0.0,32.9,70.2,28.11,Antsiranana,-12.279,49.292,41.0
2022-11-27,29.9,22.5,25.8,0.0,29.4,63.4,28.98,Antsiranana,-12.279,49.292,41.0
2022-11-28,29.5,22.4,25.6,0.0,27.4,59.8,27.24,Antsiranana,-12.279,49.292,41.0
2022-11-29,29.4,22.6,25.8,0.8,19.4,44.6,26.4,Antsiranana,-12.279,49.292,41.0
2022-11-30,29.5,22.9,25.5,6.9,17.0,41.4,23.53,Antsiranana,-12.279,49.292,41.0
2022-12-01,29.2,22.6,25.5,0.3,17.5,40.0,26.33,Antsiranana,-12.279,49.292,41.0
2022-12-02,29.4,23.5,25.7,2.3,14.8,36.7,23.64,Antsiranana,-12.279,49.292,41.0
2022-12-03,29.2,23.4,26.1,0.5,20.2,44.6,24.12,Antsiranana,-12.279,49.292,41.0
2022-12-04,29.3,23.8,26.2,0.5,21.4,47.2,25.96,Antsiranana,-12.279,49.292,41.0
2022-12-05,30.1,23.2,26.2,0.1,25.3,54.7,27.9,Antsiranana,-12.279,49.292,41.0
2022-12-06,30.4,23.9,26.7,0.0,29.2,59.4,26.9,Antsiranana,-12.279,49.292,41.0
2022-12-07,31.0,23.3,26.5,3.3,30.1,61.6,26.95,Antsiranana,-12.279,49.292,41.0
2022-12-08,30.1,23.6,26.5,1.1,25.7,56.5,25.97,Antsiranana,-12.279,49.292,41.0
2022-12-09,31.3,23.0,26.1,7.2,20.7,46.1,23.05,Antsiranana,-12.279,49.292,41.0
2022-12-10,31.0,22.6,25.2,18.6,19.6,40.7,21.69,Antsiranana,-12.279,49.292,41.0
2022-12-11,28.3,23.3,25.4,1.9,22.2,47.2,22.81,Antsiranana,-12.279,49.292,41.0
2022-12-12,28.3,23.5,25.5,1.7,25.0,54.0,23.14,Antsiranana,-12.279,49.292,41.0
2022-12-13,29.2,23.7,25.9,0.7,27.8,59.4,24.83,Antsiranana,-12.279,49.292,41.0
2022-12-14,29.5,23.8,26.4,0.1,26.9,57.6,26.09,Antsiranana,-12.279,49.292,41.0
2022-12-15,30.4,24.2,26.8,0.7,24.4,52.6,27.25,Antsiranana,-12.279,49.292,41.0
2022-12-16,30.9,23.8,26.3,4.0,22.6,49.3,25.84,Antsiranana,-12.279,49.292,41.0
2022-12-17,29.1,23.5,25.9,1.7,19.5,41.8,22.98,Antsiranana,-12.279,49.292,41.0
2022-12-18,30.4,24.0,26.6,0.0,21.4,45.7,28.77,Antsiranana,-12.279,49.292,41.0
2022-12-19,28.9,23.3,25.7,2.0,18.9,41.4,21.92,Antsiranana,-12.279,49.292,41.0
2022-12-20,29.1,23.2,26.0,0.3,14.1,33.8,26.46,Antsiranana,-12.279,49.292,41.0
2022-12-21,29.3,23.6,26.3,1.8,10.8,28.1,23.25,Antsiranana,-12.279,49.292,41.0
2022-12-22,29.8,23.1,26.3,1.5,19.9,41.8,20.7,Antsiranana,-12.279,49.292,41.0
2022-12-23,31.5,24.8,27.8,1.5,23.9,51.1,24.62,Antsiranana,-12.279,49.292,41.0
2022-12-24,29.6,23.6,25.6,12.5,11.2,32.0,19.48,Antsiranana,-12.279,49.292,41.0
2022-12-25,29.1,23.2,24.8,18.5,19.5,41.8,17.02,Antsiranana,-12.279,49.292,41.0
2022-12-26,29.2,23.5,26.0,0.7,17.6,40.0,24.39,Antsiranana,-12.279,49.292,41.0
2022-12-27,29.3,23.8,26.1,0.2,19.9,43.6,24.94,Antsiranana,-12.279,49.292,41.0
2022-12-28,29.7,23.9,26.2,1.3,17.3,40.3,22.62,Antsiranana,-12.279,49.292,41.0
2022-12-29,28.5,23.9,25.7,0.8,20.6,45.7,18.69,Antsiranana,-12.279,49.292,41.0
2022-12-30,29.6,23.4,26.1,0.6,20.1,43.9,22.99,Antsiranana,-12.279,49.292,41.0
2022-12-31,29.5,24.1,26.4,0.2,17.7,39.6,21.99,Antsiranana,-12.279,49.292,41.0
2023-01-01,29.6,23.4,26.3,0.9,14.6,34.9,26.23,Antsiranana,-12.279,49.292,41.0
2023-01-02,29.4,23.5,26.6,0.2,18.4,41.4,25.46,Antsiranana,-12.279,49.292,41.0
2023-01-03,29.9,23.2,26.3,3.1,20.9,47.2,25.8,Antsiranana,-12.279,49.292,41.0
2023-01-04,30.2,23.3,26.6,0.4,24.9,54.7,26.31,Antsiranana,-12.279,49.292,41.0
2023-01-05,30.5,24.3,26.9,0.5,21.0,47.2,24.63,Antsiranana,-12.279,49.292,41.0
2023-01-06,29.0,23.4,25.7,9.3,23.5,50.8,22.43,Antsiranana,-12.279,49.292,41.0
2023-01-07,29.4,23.1,26.1,1.3,25.2,53.3,24.76,Antsiranana,-12.279,49.292,41.0
2023-01-08,29.2,23.3,25.8,1.9,21.0,46.4,24.52,Antsiranana,-12.279,49.292,41.0
2023-01-09,29.0,23.2,26.0,2.2,18.4,40.7,21.62,Antsiranana,-12.279,49.292,41.0
2023-01-10,29.7,24.0,26.4,0.6,15.8,37.1,23.95,Antsiranana,-12.279,49.292,41.0
2023-01-11,29.7,23.6,26.1,3.8,12.5,31.0,23.24,Antsiranana,-12.279,49.292,41.0
2023-01-12,28.8,22.8,25.4,7.8,12.7,24.8,21.44,Antsiranana,-12.279,49.292,41.0
2023-01-13,28.1,22.9,24.8,29.7,11.6,26.6,20.44,Antsiranana,-12.279,49.292,41.0
2023-01-14,28.6,22.9,25.0,3.7,17.1,40.0,23.57,Antsiranana,-12.279,49.292,41.0
2023-01-15,29.3,23.2,26.0,1.9,19.9,43.9,26.53,Antsiranana,-12.279,49.292,41.0
2023-01-16,27.7,22.6,24.6,16.5,18.9,41.0,14.56,Antsiranana,-12.279,49.292,41.0
2023-01-17,27.9,24.2,25.2,10.1,18.6,39.6,12.55,Antsiranana,-12.279,49.292,41.0
2023-01-18,29.2,22.2,25.9,7.0,22.1,45.4,17.93,Antsiranana,-12.279,49.292,41.0
2023-01-19,26.6,23.0,24.5,27.8,31.5,64.8,7.26,Antsiranana,-12.279,49.292,41.0
2023-01-20,26.8,22.7,24.7,22.1,31.0,64.4,17.43,Antsiranana,-12.279,49.292,41.0
2023-01-21,29.2,22.9,25.6,6.9,23.7,51.1,21.37,Antsiranana,-12.279,49.292,41.0
2023-01-22,28.1,23.8,25.2,7.9,22.5,46.4,18.56,Antsiranana,-12.279,49.292,41.0
2023-01-23,28.4,23.5,25.5,12.8,20.6,45.0,20.15,Antsiranana,-12.279,49.292,41.0
2023-01-24,28.4,24.0,25.9,6.0,24.2,50.0,19.59,Antsiranana,-12.279,49.292,41.0
2023-01-25,28.1,23.9,25.6,6.3,19.3,46.1,17.63,Antsiranana,-12.279,49.292,41.0
2023-01-26,29.4,23.5,26.2,3.7,20.2,42.8,20.25,Antsiranana,-12.279,49.292,41.0
2023-01-27,30.6,24.6,27.1,0.1,16.2,38.2,26.66,Antsiranana,-12.279,49.292,41.0
2023-01-28,29.8,24.2,26.7,2.5,18.7,40.7,26.59,Antsiranana,-12.279,49.292,41.0
2023-01-29,30.8,23.3,26.7,5.7,19.1,44.3,22.9,Antsiranana,-12.279,49.292,41.0
2023-01-30,31.5,24.7,27.4,1.2,21.9,47.5,25.61,Antsiranana,-12.279,49.292,41.0
2023-01-31,29.6,23.7,26.6,1.1,17.3,36.0,26.6,Antsiranana,-12.279,49.292,41.0
2023-02-01,29.5,24.3,26.4,2.0,23.6,49.7,22.69,Antsiranana,-12.279,49.292,41.0
2023-02-02,30.1,24.1,26.5,14.4,22.6,48.2,25.03,Antsiranana,-12.279,49.292,41.0
2023-02-03,31.4,24.1,26.8,4.9,15.9,33.8,26.09,Antsiranana,-12.279,49.292,41.0
2023-02-04,29.5,24.0,26.0,7.2,11.8,28.8,21.47,Antsiranana,-12.279,49.292,41.0
2023-02-05,27.4,23.6,24.7,7.0,10.9,27.7,18.18,Antsiranana,-12.279,49.292,41.0
2023-02-06,28.6,23.1,25.3,2.6,9.9,25.2,19.54,Antsiranana,-12.279,49.292,41.0
2023-02-07,27.8,22.6,24.6,7.8,17.5,38.5,18.94,Antsiranana,-12.279,49.292,41.0
2023-02-08,29.3,23.6,25.9,3.8,20.7,44.3,25.24,Antsiranana,-12.279,49.292,41.0
2023-02-09,29.4,23.6,25.6,3.8,24.5,50.4,23.52,Antsiranana,-12.279,49.292,41.0
2023-02-10,29.8,23.4,25.6,1.7,24.3,52.6,24.03,Antsiranana,-12.279,49.292,41.0
2023-02-11,29.5,23.4,25.6,3.8,20.8,45.0,23.32,Antsiranana,-12.279,49.292,41.0
2023-02-12,31.7,23.3,26.2,4.6,18.1,38.2,24.18,Antsiranana,-12.279,49.292,41.0
2023-02-13,30.3,23.8,26.0,2.3,20.1,43.2,25.18,Antsiranana,-12.279,49.292,41.0
2023-02-14,29.3,23.6,26.0,1.6,20.8,46.1,24.29,Antsiranana,-12.279,49.292,41.0
2023-02-15,29.7,23.8,26.4,1.1,16.4,36.7,25.83,Antsiranana,-12.279,49.292,41.0
2023-02-16,29.4,23.7,26.1,0.7,12.8,31.3,24.19,Antsiranana,-12.279,49.292,41.0
2023-02-17,29.6,23.6,26.3,1.8,11.8,29.2,24.57,Antsiranana,-12.279,49.292,41.0
2023-02-18,29.1,23.8,25.6,9.0,11.3,27.0,19.72,Antsiranana,-12.279,49.292,41.0
2023-02-19,29.5,23.8,26.4,1.2,21.4,45.7,24.19,Antsiranana,-12.279,49.292,41.0
2023-02-20,30.7,23.6,26.0,5.5,17.2,38.2,23.9,Antsiranana,-12.279,49.292,41.0
2023-02-21,29.3,23.3,25.7,3.0,7.7,20.9,22.63,Antsiranana,-12.279,49.292,41.0
2023-02-22,28.8,23.5,25.7,4.2,16.9,36.0,21.76,Antsiranana,-12.279,49.292,41.0
2023-02-23,25.9,23.4,24.5,19.0,21.4,44.3,12.37,Antsiranana,-12.279,49.292,41.0
2023-02-24,29.4,22.2,25.9,0.1,24.5,51.5,26.11,Antsiranana,-12.279,49.292,41.0
2023-02-25,29.9,23.7,26.4,0.0,20.9,44.6,27.06,Antsiranana,-12.279,49.292,41.0
2023-02-26,29.0,24.2,26.1,2.0,21.6,46.8,23.66,Antsiranana,-12.279,49.292,41.0
2023-02-27,28.7,23.7,25.9,2.6,18.7,41.4,21.99,Antsiranana,-12.279,49.292,41.0
2023-02-28,29.1,24.0,25.6,3.7,17.7,42.5,23.32,Antsiranana,-12.279,49.292,41.0
2023-03-01,28.7,23.4,25.4,1.2,16.9,37.8,21.64,Antsiranana,-12.279,49.292,41.0
2023-03-02,29.2,23.4,26.2,0.2,12.1,29.2,24.4,Antsiranana,-12.279,49.292,41.0
2023-03-03,28.5,23.5,25.6,2.8,11.0,30.6,21.4,Antsiranana,-12.279,49.292,41.0
2023-03-04,27.8,23.9,25.5,2.0,11.6,30.6,16.58,Antsiranana,-12.279,49.292,41.0
2023-03-05,28.9,23.9,26.4,1.1,16.8,36.7,17.4,Antsiranana,-12.279,49.292,41.0
2023-03-06,29.9,24.7,27.0,0.3,23.0,50.4,23.71,Antsiranana,-12.279,49.292,41.0
2023-03-07,31.1,25.5,27.8,0.0,26.8,55.8,25.35,Antsiranana,-12.279,49.292,41.0
2023-03-08,31.5,24.5,27.5,0.0,26.5,56.2,25.79,Antsiranana,-12.279,49.292,41.0
2023-03-09,31.7,22.8,27.0,0.0,27.1,57.2,27.29,Antsiranana,-12.279,49.292,41.0
2023-03-10,31.0,22.3,26.7,0.0,9.0,24.8,26.01,Antsiranana,-12.279,49.292,41.0
2023-03-11,30.8,24.5,27.0,3.5,11.5,27.7,23.26,Antsiranana,-12.279,49.292,41.0
2023-03-12,30.1,23.3,25.9,7.2,13.7,37.1,21.43,Antsiranana,-12.279,49.292,41.0
2023-03-13,31.7,24.0,26.6,7.9,15.3,36.7,24.07,Antsiranana,-12.279,49.292,41.0
2023-03-14,29.3,23.9,26.5,1.4,20.3,42.8,22.22,Antsiranana,-12.279,49.292,41.0
2023-03-15,31.0,24.4,26.6,5.5,15.9,37.4,23.29,Antsiranana,-12.279,49.292,41.0
2023-03-16,29.8,23.8,26.3,1.9,12.7,29.9,18.01,Antsiranana,-12.279,49.292,41.0
2023-03-17,30.1,24.8,26.7,5.7,13.3,31.7,22.69,Antsiranana,-12.279,49.292,41.0
2023-03-18,29.3,24.4,26.5,0.9,13.1,29.9,22.38,Antsiranana,-12.279,49.292,41.0
2023-03-19,30.8,24.0,26.8,2.8,18.4,40.7,24.76,Antsiranana,-12.279,49.292,41.0
2023-03-20,29.7,24.0,26.4,2.9,23.5,50.0,21.54,Antsiranana,-12.279,49.292,41.0
2023-03-21,30.7,24.5,26.9,0.9,29.6,61.9,24.33,Antsiranana,-12.279,49.292,41.0
2023-03-22,29.9,23.2,26.1,5.3,24.7,52.6,22.71,Antsiranana,-12.279,49.292,41.0
2023-03-23,30.3,24.5,27.0,0.9,34.4,70.6,23.49,Antsiranana,-12.279,49.292,41.0
2023-03-24,27.3,23.1,24.6,6.7,23.9,50.4,11.04,Antsiranana,-12.279,49.292,41.0
2023-03-25,27.9,23.4,25.0,9.7,22.3,46.4,15.43,Antsiranana,-12.279,49.292,41.0
2023-03-26,29.4,23.3,26.2,0.1,20.4,44.3,22.89,Antsiranana,-12.279,49.292,41.0
2023-03-27,30.6,24.0,26.6,1.6,14.7,34.6,23.9,Antsiranana,-12.279,49.292,41.0
2023-03-28,29.7,23.9,26.5,0.5,9.3,23.8,23.54,Antsiranana,-12.279,49.292,41.0
2023-03-29,29.2,23.3,26.2,6.6,16.8,36.4,20.95,Antsiranana,-12.279,49.292,41.0
2023-03-30,29.8,24.4,26.7,1.0,20.2,44.3,21.96,Antsiranana,-12.279,49.292,41.0
2023-03-31,31.0,24.0,27.1,0.0,19.8,42.5,24.99,Antsiranana,-12.279,49.292,41.0
2023-04-01,27.8,23.3,25.0,21.8,21.7,44.3,9.3,Antsiranana,-12.279,49.292,41.0
2023-04-02,28.6,23.6,25.7,2.1,17.4,37.4,19.79,Antsiranana,-12.279,49.292,41.0
2023-04-03,29.4,24.2,26.3,0.9,20.0,43.2,21.56,Antsiranana,-12.279,49.292,41.0
2023-04-04,29.2,24.2,26.4,0.5,19.7,42.5,23.0,Antsiranana,-12.279,49.292,41.0
2023-04-05,28.8,24.1,26.3,1.1,19.3,42.5,21.18,Antsiranana,-12.279,49.292,41.0
2023-04-06,29.9,24.2,26.6,0.1,21.5,46.4,21.73,Antsiranana,-12.279,49.292,41.0
2023-04-07,30.3,24.5,26.9,0.2,23.7,50.8,22.89,Antsiranana,-12.279,49.292,41.0
2023-04-08,28.8,24.6,26.5,1.2,28.1,57.6,20.26,Antsiranana,-12.279,49.292,41.0
2023-04-09,29.0,24.4,26.3,2.3,24.7,51.5,21.03,Antsiranana,-12.279,49.292,41.0
2023-04-10,29.6,23.1,25.8,7.4,18.1,39.6,19.7,Antsiranana,-12.279,49.292,41.0
2023-04-11,29.1,22.6,25.4,1.0,12.3,25.9,21.84,Antsiranana,-12.279,49.292,41.0
2023-04-12,29.1,23.2,25.8,0.8,12.0,29.5,21.73,Antsiranana,-12.279,49.292,41.0
2023-04-13,29.3,23.6,25.9,0.8,13.9,33.1,21.63,Antsiranana,-12.279,49.292,41.0
2023-04-14,29.6,23.5,26.1,0.2,18.1,41.0,20.84,Antsiranana,-12.279,49.292,41.0
2023-04-15,30.2,24.2,26.8,0.2,23.7,49.7,21.91,Antsiranana,-12.279,49.292,41.0
2023-04-16,30.8,24.5,27.1,0.1,24.7,52.9,23.26,Antsiranana,-12.279,49.292,41.0
2023-04-17,30.5,24.1,26.9,0.1,28.3,58.3,22.02,Antsiranana,-12.279,49.292,41.0
2023-04-18,30.0,24.7,26.8,0.5,31.3,66.2,21.22,Antsiranana,-12.279,49.292,41.0
2023-04-19,30.4,24.2,26.8,0.3,27.4,58.3,20.18,Antsiranana,-12.279,49.292,41.0
2023-04-20,29.8,24.6,26.4,1.0,29.5,63.4,19.4,Antsiranana,-12.279,49.292,41.0
2023-04-21,30.3,24.0,26.8,0.1,27.4,58.3,19.86,Antsiranana,-12.279,49.292,41.0
2023-04-22,29.9,24.7,26.8,1.1,26.5,55.1,19.61,Antsiranana,-12.279,49.292,41.0
2023-04-23,30.6,24.7,27.0,1.2,20.5,46.4,20.8,Antsiranana,-12.279,49.292,41.0
2023-04-24,30.5,24.2,27.0,0.1,15.4,35.6,20.69,Antsiranana,-12.279,49.292,41.0
2023-04-25,31.2,24.3,27.3,3.6,14.4,35.3,20.99,Antsiranana,-12.279,49.292,41.0
2023-04-26,29.2,24.8,26.6,3.2,15.2,34.9,18.81,Antsiranana,-12.279,49.292,41.0
2023-04-27,30.7,24.6,26.6,1.6,23.6,51.1,19.01,Antsiranana,-12.279,49.292,41.0
2023-04-28,30.1,24.7,27.0,0.0,36.3,75.6,21.39,Antsiranana,-12.279,49.292,41.0
2023-04-29,30.6,24.4,26.8,0.0,25.2,54.7,22.99,Antsiranana,-12.279,49.292,41.0
2023-04-30,31.2,24.3,26.9,0.0,23.5,50.0,22.12,Antsiranana,-12.279,49.292,41.0
2023-05-01,31.2,23.9,26.7,2.4,17.8,41.8,20.76,Antsiranana,-12.279,49.292,41.0
2023-05-02,30.5,23.8,26.7,0.0,24.9,53.6,21.64,Antsiranana,-12.279,49.292,41.0
2023-05-03,31.0,24.6,26.9,0.0,26.1,55.1,22.2,Antsiranana,-12.279,49.292,41.0
2023-05-04,30.3,23.6,26.6,0.3,25.7,54.4,20.65,Antsiranana,-12.279,49.292,41.0
2023-05-05,31.0,24.2,26.9,0.0,24.4,52.6,21.77,Antsiranana,-12.279,49.292,41.0
2023-05-06,30.9,23.8,26.7,0.0,22.7,49.7,21.33,Antsiranana,-12.279,49.292,41.0
2023-05-07,29.9,24.1,26.5,0.2,30.1,65.2,20.83,Antsiranana,-12.279,49.292,41.0
2023-05-08,31.2,24.1,26.7,0.0,26.7,59.0,21.24,Antsiranana,-12.279,49.292,41.0
2023-05-09,31.1,23.9,26.7,0.1,26.2,56.5,20.79,Antsiranana,-12.279,49.292,41.0
2023-05-10,30.8,24.6,26.8,0.0,31.3,67.0,19.75,Antsiranana,-12.279,49.292,41.0
2023-05-11,29.9,24.0,26.4,0.6,30.9,65.2,19.61,Antsiranana,-12.279,49.292,41.0
2023-05-12,30.4,23.9,26.4,0.0,27.4,58.7,20.51,Antsiranana,-12.279,49.292,41.0
2023-05-13,30.7,23.5,26.3,0.0,23.5,50.8,20.31,Antsiranana,-12.279,49.292,41.0
2023-05-14,30.1,23.6,26.6,0.0,25.6,55.4,19.84,Antsiranana,-12.279,49.292,41.0
2023-05-15,30.8,24.5,26.9,0.0,23.6,51.8,20.6,Antsiranana,-12.279,49.292,41.0
2023-05-16,30.6,24.7,27.0,0.0,17.6,39.6,19.01,Antsiranana,-12.279,49.292,41.0
2023-05-17,29.3,23.2,26.1,0.5,13.8,33.5,17.75,Antsiranana,-12.279,49.292,41.0
2023-05-18,30.5,24.1,26.5,0.8,20.5,44.3,18.86,Antsiranana,-12.279,49.292,41.0
2023-05-19,30.5,24.1,26.7,0.0,27.1,56.5,20.41,Antsiranana,-12.279,49.292,41.0
2023-05-20,30.9,24.1,26.8,0.0,21.1,46.1,19.71,Antsiranana,-12.279,49.292,41.0
2023-05-21,30.0,23.9,26.6,0.0,19.5,42.1,18.42,Antsiranana,-12.279,49.292,41.0
2023-05-22,30.0,23.5,26.6,0.0,20.8,47.2,18.72,Antsiranana,-12.279,49.292,41.0
2023-05-23,30.1,23.8,26.6,0.8,13.0,33.1,18.38,Antsiranana,-12.279,49.292,41.0
2023-05-24,28.6,23.6,25.7,4.4,9.7,27.4,15.78,Antsiranana,-12.279,49.292,41.0
2023-05-25,28.7,22.7,25.2,2.4,12.9,31.0,18.01,Antsiranana,-12.279,49.292,41.0
2023-05-26,28.4,21.9,24.5,14.5,24.8,51.8,16.83,Antsiranana,-12.279,49.292,41.0
2023-05-27,28.8,23.1,25.4,0.0,29.0,61.9,20.27,Antsiranana,-12.279,49.292,41.0
2023-05-28,29.2,23.6,25.8,0.0,26.4,57.2,20.16,Antsiranana,-12.279,49.292,41.0
2023-05-29,29.2,23.5,25.7,0.2,24.8,54.4,18.2,Antsiranana,-12.279,49.292,41.0
2023-05-30,29.2,23.2,25.5,1.1,25.1,53.6,18.21,Antsiranana,-12.279,49.292,41.0
2023-05-31,29.0,23.0,25.6,0.0,30.0,61.9,17.97,Antsiranana,-12.279,49.292,41.0
2023-06-01,29.6,23.5,25.7,0.0,29.6,63.0,20.07,Antsiranana,-12.279,49.292,41.0
2023-06-02,29.0,22.8,25.3,0.0,31.7,68.4,19.34,Antsiranana,-12.279,49.292,41.0
2023-06-03,28.5,22.8,25.1,0.3,34.7,71.6,17.43,Antsiranana,-12.279,49.292,41.0
2023-06-04,29.4,22.7,25.6,0.0,33.1,70.2,20.36,Antsiranana,-12.279,49.292,41.0
2023-06-05,30.6,23.1,26.3,0.0,30.2,65.9,19.12,Antsiranana,-12.279,49.292,41.0
2023-06-06,27.6,22.6,24.7,3.9,33.6,70.6,14.26,Antsiranana,-12.279,49.292,41.0
2023-06-07,28.5,23.0,25.2,0.9,32.3,67.7,16.77,Antsiranana,-12.279,49.292,41.0
2023-06-08,28.9,23.0,25.3,0.0,32.6,68.4,19.38,Antsiranana,-12.279,49.292,41.0
2023-06-09,28.3,23.2,25.1,0.1,30.8,65.2,18.0,Antsiranana,-12.279,49.292,41.0
2023-06-10,29.7,22.5,25.3,0.0,25.4,52.9,20.2,Antsiranana,-12.279,49.292,41.0
2023-06-11,27.3,23.2,25.1,0.4,20.9,44.6,10.66,Antsiranana,-12.279,49.292,41.0
2023-06-12,28.2,22.9,25.1,0.2,22.7,48.6,17.69,Antsiranana,-12.279,49.292,41.0
2023-06-13,28.4,22.7,25.1,0.3,21.0,46.1,18.17,Antsiranana,-12.279,49.292,41.0
2023-06-14,28.3,22.6,24.9,0.2,21.4,46.8,17.0,Antsiranana,-12.279,49.292,41.0
2023-06-15,28.7,22.5,25.0,0.6,26.0,55.8,18.0,Antsiranana,-12.279,49.292,41.0
2023-06-16,28.7,22.6,25.2,0.2,20.2,41.8,9.04,Antsiranana,-12.279,49.292,41.0
2023-06-17,28.8,23.0,25.4,0.5,25.0,54.4,18.09,Antsiranana,-12.279,49.292,41.0
2023-06-18,29.6,22.6,25.3,0.2,25.9,56.2,17.76,Antsiranana,-12.279,49.292,41.0
2023-06-19,28.1,22.6,24.9,0.0,31.7,68.0,16.48,Antsiranana,-12.279,49.292,41.0
2023-06-20,28.2,21.7,24.4,0.0,29.9,64.1,19.7,Antsiranana,-12.279,49.292,41.0
2023-06-21,28.6,21.6,24.6,0.0,27.9,60.1,18.51,Antsiranana,-12.279,49.292,41.0
2023-06-22,29.0,22.8,24.9,0.0,27.2,58.3,17.52,Antsiranana,-12.279,49.292,41.0
2023-06-23,28.7,21.8,24.0,2.4,23.2,50.8,18.02,Antsiranana,-12.279,49.292,41.0
2023-06-24,28.3,20.9,24.0,2.4,25.5,54.7,17.92,Antsiranana,-12.279,49.292,41.0
2023-06-25,29.9,21.1,24.6,0.9,20.6,45.7,17.7,Antsiranana,-12.279,49.292,41.0
2023-06-26,28.3,22.5,24.4,0.0,29.0,61.2,18.21,Antsiranana,-12.279,49.292,41.0
2023-06-27,28.0,21.2,24.0,0.0,26.6,58.0,20.12,Antsiranana,-12.279,49.292,41.0
2023-06-28,28.4,21.6,24.5,0.0,26.9,60.8,17.67,Antsiranana,-12.279,49.292,41.0
2023-06-29,28.8,21.5,24.4,0.0,27.9,60.5,19.89,Antsiranana,-12.279,49.292,41.0
2023-06-30,27.3,21.3,23.6,0.1,32.1,70.6,17.77,Antsiranana,-12.279,49.292,41.0
2023-07-01,27.8,20.6,23.8,0.0,28.9,61.9,17.49,Antsiranana,-12.279,49.292,41.0
2023-07-02,28.7,21.4,24.5,0.0,30.5,66.6,20.22,Antsiranana,-12.279,49.292,41.0
2023-07-03,28.1,21.2,24.3,0.0,36.7,77.0,16.97,Antsiranana,-12.279,49.292,41.0
2023-07-04,27.6,21.6,24.4,0.2,32.9,69.8,17.04,Antsiranana,-12.279,49.292,41.0
2023-07-05,29.3,21.2,24.4,0.2,24.3,54.4,19.3,Antsiranana,-12.279,49.292,41.0
2023-07-06,30.1,21.7,24.9,0.0,27.2,59.8,19.8,Antsiranana,-12.279,49.292,41.0
2023-07-07,29.8,21.9,25.0,0.0,31.6,71.6,16.85,Antsiranana,-12.279,49.292,41.0
2023-07-08,28.9,22.4,24.8,0.0,37.9,79.9,17.77,Antsiranana,-12.279,49.292,41.0
2023-07-09,28.6,22.0,24.4,0.0,29.3,64.8,15.6,Antsiranana,-12.279,49.292,41.0
2023-07-10,29.3,21.8,24.6,0.0,28.8,60.8,18.18,Antsiranana,-12.279,49.292,41.0
2023-07-11,28.0,21.0,24.3,2.0,19.6,44.3,16.53,Antsiranana,-12.279,49.292,41.0
2023-07-12,29.5,22.1,24.9,0.0,21.7,49.0,18.08,Antsiranana,-12.279,49.292,41.0
2023-07-13,29.2,21.7,24.6,0.0,28.1,63.4,19.32,Antsiranana,-12.279,49.292,41.0
2023-07-14,29.4,22.5,24.9,1.2,25.9,55.4,18.12,Antsiranana,-12.279,49.292,41.0
2023-07-15,30.6,22.0,25.3,0.0,28.3,61.2,20.82,Antsiranana,-12.279,49.292,41.0
2023-07-16,29.5,23.3,25.3,0.1,25.5,58.3,18.81,Antsiranana,-12.279,49.292,41.0
2023-07-17,29.4,22.3,24.9,0.1,26.8,60.5,18.58,Antsiranana,-12.279,49.292,41.0
2023-07-18,29.2,22.0,25.0,0.4,30.5,66.2,19.55,Antsiranana,-12.279,49.292,41.0
2023-07-19,30.3,22.3,25.3,0.0,37.8,79.2,15.7,Antsiranana,-12.279,49.292,41.0
2023-07-20,28.8,23.6,25.6,0.6,26.6,60.8,14.77,Antsiranana,-12.279,49.292,41.0
2023-07-21,27.2,22.6,23.9,3.3,29.6,62.3,11.83,Antsiranana,-12.279,49.292,41.0
2023-07-22,29.7,22.5,24.9,0.0,36.7,78.1,18.69,Antsiranana,-12.279,49.292,41.0
2023-07-23,28.8,21.5,24.3,0.0,30.6,64.1,19.27,Antsiranana,-12.279,49.292,41.0
2023-07-24,27.8,21.5,24.1,0.3,23.6,52.9,18.66,Antsiranana,-12.279,49.292,41.0
2023-07-25,28.1,21.2,23.9,1.2,22.3,50.4,18.38,Antsiranana,-12.279,49.292,41.0
2023-07-26,28.0,21.4,24.3,0.0,25.5,55.8,16.23,Antsiranana,-12.279,49.292,41.0
2023-07-27,29.2,21.3,24.3,0.0,31.1,67.3,20.02,Antsiranana,-12.279,49.292,41.0
2023-07-28,29.5,21.5,24.1,0.0,27.5,59.4,20.89,Antsiranana,-12.279,49.292,41.0
2023-07-29,30.1,20.4,24.2,0.0,24.8,53.6,21.32,Antsiranana,-12.279,49.292,41.0
2023-07-30,28.6,22.3,24.6,0.2,28.0,63.0,13.01,Antsiranana,-12.279,49.292,41.0
2023-07-31,28.2,21.7,24.4,0.0,30.5,67.0,17.94,Antsiranana,-12.279,49.292,41.0
2023-08-01,30.4,21.4,24.8,0.0,28.3,59.8,21.34,Antsiranana,-12.279,49.292,41.0
2023-08-02,30.2,22.3,25.2,0.2,26.9,59.0,20.1,Antsiranana,-12.279,49.292,41.0
2023-08-03,30.3,22.8,25.4,0.4,31.1,65.5,17.99,Antsiranana,-12.279,49.292,41.0
2023-08-04,28.4,22.5,24.9,0.0,34.9,73.1,19.85,Antsiranana,-12.279,49.292,41.0
2023-08-05,29.0,22.1,24.8,0.0,40.0,82.8,20.02,Antsiranana,-12.279,49.292,41.0
2023-08-06,27.9,21.7,24.1,0.6,31.3,67.3,18.99,Antsiranana,-12.279,49.292,41.0
2023-08-07,28.8,21.4,24.2,0.6,30.0,67.0,20.19,Antsiranana,-12.279,49.292,41.0
2023-08-08,28.6,21.5,24.1,0.2,24.8,55.4,20.12,Antsiranana,-12.279,49.292,41.0
2023-08-09,28.7,21.0,24.2,0.0,26.3,57.2,20.87,Antsiranana,-12.279,49.292,41.0
2023-08-10,30.2,21.2,24.8,1.4,23.6,52.2,20.33,Antsiranana,-12.279,49.292,41.0
2023-08-11,28.9,21.8,24.4,0.1,24.7,52.9,20.5,Antsiranana,-12.279,49.292,41.0
2023-08-12,29.2,21.6,24.6,0.0,25.2,55.8,21.69,Antsiranana,-12.279,49.292,41.0
2023-08-13,29.4,22.0,25.0,0.3,25.0,53.6,19.62,Antsiranana,-12.279,49.292,41.0
2023-08-14,29.7,22.1,24.8,0.0,27.2,59.8,20.14,Antsiranana,-12.279,49.292,41.0
2023-08-15,30.1,21.5,24.9,0.1,24.2,54.7,19.56,Antsiranana,-12.279,49.292,41.0
2023-08-16,29.1,21.9,24.7,0.2,23.7,52.6,19.36,Antsiranana,-12.279,49.292,41.0
2023-08-17,29.6,21.4,24.7,0.0,26.1,58.7,22.32,Antsiranana,-12.279,49.292,41.0
2023-08-18,29.9,21.7,25.1,0.0,27.2,60.8,22.95,Antsiranana,-12.279,49.292,41.0
2023-08-19,29.8,22.4,25.5,0.0,29.5,65.2,19.99,Antsiranana,-12.279,49.292,41.0
2023-08-20,29.4,22.6,25.2,0.2,22.8,50.4,19.22,Antsiranana,-12.279,49.292,41.0
2023-08-21,28.8,21.1,24.6,0.0,22.9,52.9,20.77,Antsiranana,-12.279,49.292,41.0
2023-08-22,29.1,21.4,24.7,0.0,30.7,65.5,22.56,Antsiranana,-12.279,49.292,41.0
2023-08-23,29.7,21.4,24.8,0.1,32.6,70.6,22.12,Antsiranana,-12.279,49.292,41.0
2023-08-24,29.4,21.9,24.8,0.0,31.8,67.3,21.43,Antsiranana,-12.279,49.292,41.0
2023-08-25,29.7,21.6,24.8,0.0,30.0,65.9,21.99,Antsiranana,-12.279,49.292,41.0
2023-08-26,29.5,22.1,25.0,0.1,35.0,73.4,20.53,Antsiranana,-12.279,49.292,41.0
2023-08-27,29.7,21.9,25.1,0.2,32.9,70.6,22.23,Antsiranana,-12.279,49.292,41.0
2023-08-28,30.0,22.5,25.1,0.2,26.2,58.7,22.48,Antsiranana,-12.279,49.292,41.0
2023-08-29,29.3,22.2,25.1,0.6,33.5,73.1,22.04,Antsiranana,-12.279,49.292,41.0
2023-08-30,29.6,22.2,25.0,0.3,31.0,68.8,22.42,Antsiranana,-12.279,49.292,41.0
2023-08-31,29.3,21.3,24.6,0.0,31.1,67.0,22.01,Antsiranana,-12.279,49.292,41.0
2023-09-01,29.8,21.9,24.8,0.0,29.4,62.6,23.18,Antsiranana,-12.279,49.292,41.0
2023-09-02,29.5,21.6,24.8,0.1,30.1,65.2,22.77,Antsiranana,-12.279,49.292,41.0
2023-09-03,29.9,21.9,24.9,0.0,31.4,69.1,23.88,Antsiranana,-12.279,49.292,41.0
2023-09-04,29.6,21.9,24.9,0.0,33.2,72.4,24.67,Antsiranana,-12.279,49.292,41.0
2023-09-05,29.2,22.0,24.8,0.0,34.1,74.2,23.46,Antsiranana,-12.279,49.292,41.0
2023-09-06,30.5,21.7,24.9,0.4,26.6,58.7,22.81,Antsiranana,-12.279,49.292,41.0
2023-09-07,29.8,21.6,25.0,0.0,22.0,49.3,22.15,Antsiranana,-12.279,49.292,41.0
2023-09-08,30.8,21.0,25.0,0.0,25.7,58.3,24.52,Antsiranana,-12.279,49.292,41.0
2023-09-09,28.3,21.2,24.3,2.4,30.1,67.0,20.17,Antsiranana,-12.279,49.292,41.0
2023-09-10,29.4,21.4,24.8,0.0,30.7,67.0,25.13,Antsiranana,-12.279,49.292,41.0
2023-09-11,29.5,21.7,24.7,0.0,31.2,69.1,24.3,Antsiranana,-12.279,49.292,41.0
2023-09-12,29.7,21.5,24.9,0.0,31.6,69.1,24.76,Antsiranana,-12.279,49.292,41.0
2023-09-13,30.1,22.0,25.2,0.0,28.3,62.6,25.28,Antsiranana,-12.279,49.292,41.0
2023-09-14,28.8,21.9,24.7,0.6,28.8,64.1,22.52,Antsiranana,-12.279,49.292,41.0
2023-09-15,29.6,21.7,24.8,0.0,31.6,69.1,25.14,Antsiranana,-12.279,49.292,41.0
2023-09-16,30.0,21.2,24.9,0.0,28.4,63.7,25.78,Antsiranana,-12.279,49.292,41.0
2023-09-17,29.4,22.0,25.0,0.0,28.8,63.4,22.36,Antsiranana,-12.279,49.292,41.0
2023-09-18,29.6,21.6,24.9,0.0,28.3,60.5,23.22,Antsiranana,-12.279,49.292,41.0
2023-09-19,29.9,22.0,25.3,0.1,27.6,62.6,23.55,Antsiranana,-12.279,49.292,41.0
2023-09-20,29.9,22.7,25.4,0.0,29.8,67.0,24.22,Antsiranana,-12.279,49.292,41.0
2023-09-21,31.3,22.3,25.7,0.0,26.2,59.4,25.23,Antsiranana,-12.279,49.292,41.0
2023-09-22,29.7,22.8,25.2,1.0,26.3,57.6,22.8,Antsiranana,-12.279,49.292,41.0
2023-09-23,29.3,22.1,25.0,0.7,31.5,68.0,23.98,Antsiranana,-12.279,49.292,41.0
2023-09-24,28.8,21.5,24.7,0.1,35.0,75.6,24.27,Antsiranana,-12.279,49.292,41.0
2023-09-25,29.2,21.8,24.9,0.0,30.5,65.2,24.11,Antsiranana,-12.279,49.292,41.0
2023-09-26,29.5,21.6,25.0,0.0,32.4,69.1,26.25,Antsiranana,-12.279,49.292,41.0
2023-09-27,29.2,22.2,25.0,0.2,34.8,74.9,23.51,Antsiranana,-12.279,49.292,41.0
2023-09-28,29.8,21.8,25.2,0.0,33.7,72.7,25.62,Antsiranana,-12.279,49.292,41.0
2023-09-29,28.9,22.4,24.9,0.3,34.1,71.6,22.19,Antsiranana,-12.279,49.292,41.0
2023-09-30,29.8,21.8,25.1,0.1,28.4,62.3,23.59,Antsiranana,-12.279,49.292,41.0
2023-10-01,30.5,22.1,25.5,0.0,23.7,51.5,26.02,Antsiranana,-12.279,49.292,41.0
2023-10-02,31.1,22.3,25.8,0.6,22.2,51.1,22.99,Antsiranana,-12.279,49.292,41.0
2023-10-03,29.8,22.0,25.3,0.5,26.9,58.7,23.74,Antsiranana,-12.279,49.292,41.0
2023-10-04,30.6,23.1,26.0,0.0,38.4,81.4,23.7,Antsiranana,-12.279,49.292,41.0
2023-10-05,30.3,22.8,25.7,0.0,33.2,71.6,25.63,Antsiranana,-12.279,49.292,41.0
2023-10-06,30.2,22.3,25.5,0.1,31.8,67.3,24.8,Antsiranana,-12.279,49.292,41.0
2023-10-07,30.4,22.0,25.5,0.0,31.2,69.1,25.92,Antsiranana,-12.279,49.292,41.0
2023-10-08,30.7,22.0,25.5,0.0,29.0,61.6,26.1,Antsiranana,-12.279,49.292,41.0
2023-10-09,29.6,22.1,25.3,0.2,25.3,55.4,22.43,Antsiranana,-12.279,49.292,41.0
2023-10-10,31.0,21.8,25.6,0.0,24.3,54.7,26.28,Antsiranana,-12.279,49.292,41.0
2023-10-11,31.5,22.1,25.8,0.0,23.9,54.0,26.5,Antsiranana,-12.279,49.292,41.0
2023-10-12,31.6,22.6,26.2,0.0,22.5,51.1,27.2,Antsiranana,-12.279,49.292,41.0
2023-10-13,32.2,23.2,26.5,0.4,21.5,48.6,18.77,Antsiranana,-12.279,49.292,41.0
2023-10-14,31.8,23.7,26.8,0.4,19.5,45.7,23.19,Antsiranana,-12.279,49.292,41.0
2023-10-15,30.8,24.0,26.5,1.0,17.4,42.1,22.4,Antsiranana,-12.279,49.292,41.0
2023-10-16,30.9,22.8,26.2,0.5,19.8,46.4,25.6,Antsiranana,-12.279,49.292,41.0
2023-10-17,31.8,23.1,26.3,0.2,21.6,49.7,26.34,Antsiranana,-12.279,49.292,41.0
2023-10-18,31.8,23.1,26.7,0.0,23.1,52.2,25.21,Antsiranana,-12.279,49.292,41.0
2023-10-19,31.4,23.9,26.7,0.4,23.9,53.6,22.66,Antsiranana,-12.279,49.292,41.0
2023-10-20,32.0,22.6,26.3,0.0,19.5,46.4,27.24,Antsiranana,-12.279,49.292,41.0
2023-10-21,31.4,21.9,26.4,0.0,23.2,53.6,26.96,Antsiranana,-12.279,49.292,41.0
2023-10-22,30.5,23.7,26.9,0.0,31.6,68.8,24.58,Antsiranana,-12.279,49.292,41.0
2023-10-23,31.3,25.1,27.4,0.0,28.7,61.6,25.01,Antsiranana,-12.279,49.292,41.0
2023-10-24,31.6,23.9,27.3,0.2,23.7,51.8,24.92,Antsiranana,-12.279,49.292,41.0
2023-10-25,32.8,23.8,27.4,0.0,22.1,51.1,26.42,Antsiranana,-12.279,49.292,41.0
2023-10-26,31.6,23.8,27.2,0.0,19.5,46.8,27.39,Antsiranana,-12.279,49.292,41.0
2023-10-27,32.5,23.5,27.1,0.3,19.5,46.4,26.09,Antsiranana,-12.279,49.292,41.0
2023-10-28,31.6,23.6,27.0,0.3,22.8,50.4,25.33,Antsiranana,-12.279,49.292,41.0
2023-10-29,31.8,23.6,26.9,0.1,29.0,64.4,25.17,Antsiranana,-12.279,49.292,41.0
2023-10-30,31.5,24.3,27.1,0.3,29.6,63.7,25.91,Antsiranana,-12.279,49.292,41.0
2023-10-31,31.1,23.4,26.9,0.0,26.7,60.1,25.59,Antsiranana,-12.279,49.292,41.0
2023-11-01,31.5,23.8,27.3,0.2,24.8,55.4,26.06,Antsiranana,-12.279,49.292,41.0
2023-11-02,31.8,24.0,27.3,0.0,21.0,48.6,25.64,Antsiranana,-12.279,49.292,41.0
2023-11-03,32.0,23.4,26.8,3.3,15.9,39.6,21.69,Antsiranana,-12.279,49.292,41.0
2023-11-04,31.2,23.6,27.1,0.3,20.3,47.2,23.94,Antsiranana,-12.279,49.292,41.0
2023-11-05,31.2,24.1,27.0,0.1,26.1,58.0,21.66,Antsiranana,-12.279,49.292,41.0
2023-11-06,31.5,24.3,27.3,0.3,31.7,67.0,25.6,Antsiranana,-12.279,49.292,41.0
2023-11-07,31.7,23.8,27.1,0.0,27.8,60.1,25.59,Antsiranana,-12.279,49.292,41.0
2023-11-08,31.7,23.8,27.3,0.0,26.8,59.8,26.58,Antsiranana,-12.279,49.292,41.0
2023-11-09,31.8,23.7,26.5,5.0,22.9,47.9,22.43,Antsiranana,-12.279,49.292,41.0
2023-11-10,31.3,23.6,26.7,1.9,15.9,39.2,23.23,Antsiranana,-12.279,49.292,41.0
2023-11-11,31.9,23.2,26.8,4.6,16.0,39.6,25.2,Antsiranana,-12.279,49.292,41.0
2023-11-12,31.6,24.0,26.9,0.8,25.2,55.1,24.87,Antsiranana,-12.279,49.292,41.0
2023-11-13,30.7,24.1,26.6,2.9,19.9,43.9,21.12,Antsiranana,-12.279,49.292,41.0
2023-11-14,31.8,23.9,27.5,2.5,16.2,39.2,25.35,Antsiranana,-12.279,49.292,41.0
2023-11-15,32.5,23.9,27.5,0.0,17.5,41.0,27.17,Antsiranana,-12.279,49.292,41.0
2023-11-16,32.0,24.5,27.7,0.1,22.0,51.1,26.46,Antsiranana,-12.279,49.292,41.0
2023-11-17,32.3,24.9,27.2,1.0,26.7,58.3,18.14,Antsiranana,-12.279,49.292,41.0
2023-11-18,32.4,25.0,27.8,0.2,27.8,60.5,24.48,Antsiranana,-12.279,49.292,41.0
2023-11-19,32.6,24.8,27.9,0.0,28.0,61.2,26.07,Antsiranana,-12.279,49.292,41.0
2023-11-20,32.6,24.0,27.7,0.0,25.8,56.9,27.5,Antsiranana,-12.279,49.292,41.0
2023-11-21,32.0,24.2,27.1,10.4,31.0,65.2,22.7,Antsiranana,-12.279,49.292,41.0
2023-11-22,31.6,24.1,27.5,0.0,33.9,72.0,24.69,Antsiranana,-12.279,49.292,41.0
2023-11-23,31.9,24.7,27.6,0.0,35.8,77.0,27.03,Antsiranana,-12.279,49.292,41.0
2023-11-24,31.5,24.2,27.4,0.0,32.4,70.9,26.96,Antsiranana,-12.279,49.292,41.0
2023-11-25,31.4,23.8,27.0,1.2,27.5,58.7,25.11,Antsiranana,-12.279,49.292,41.0
2023-11-26,32.1,24.5,27.8,0.0,26.6,61.6,24.75,Antsiranana,-12.279,49.292,41.0
2023-11-27,32.0,24.6,27.7,0.6,23.4,54.0,25.06,Antsiranana,-12.279,49.292,41.0
2023-11-28,32.6,24.0,27.7,0.2,23.2,52.9,28.09,Antsiranana,-12.279,49.292,41.0
2023-11-29,31.7,24.1,27.5,0.4,15.3,37.1,22.86,Antsiranana,-12.279,49.292,41.0
2023-11-30,32.0,24.3,27.8,0.6,16.2,40.0,25.16,Antsiranana,-12.279,49.292,41.0
2023-12-01,30.4,23.2,26.3,2.1,14.2,35.6,20.56,Antsiranana,-12.279,49.292,41.0
2023-12-02,32.1,23.1,26.2,11.7,12.3,32.8,21.15,Antsiranana,-12.279,49.292,41.0
2023-12-03,31.0,22.6,26.5,3.2,18.0,41.4,23.76,Antsiranana,-12.279,49.292,41.0
2023-12-04,31.9,25.0,27.8,0.0,24.5,54.4,24.69,Antsiranana,-12.279,49.292,41.0
2023-12-05,32.1,24.5,27.9,0.0,24.8,56.2,27.89,Antsiranana,-12.279,49.292,41.0
2023-12-06,33.4,25.0,28.0,1.7,15.6,39.6,23.87,Antsiranana,-12.279,49.292,41.0
2023-12-07,32.9,24.1,27.7,1.0,23.3,52.9,28.07,Antsiranana,-12.279,49.292,41.0
2023-12-08,32.5,24.1,27.4,3.3,24.6,55.4,25.57,Antsiranana,-12.279,49.292,41.0
2023-12-09,30.4,23.8,25.8,12.5,26.6,58.7,19.31,Antsiranana,-12.279,49.292,41.0
2023-12-10,30.7,24.0,26.6,5.1,23.5,51.1,22.37,Antsiranana,-12.279,49.292,41.0
2023-12-11,31.7,24.4,27.6,0.2,23.3,52.6,25.6,Antsiranana,-12.279,49.292,41.0
2023-12-12,31.6,24.9,27.5,4.1,22.2,49.3,24.07,Antsiranana,-12.279,49.292,41.0
2023-12-13,32.9,24.8,27.9,3.7,19.3,43.9,26.6,Antsiranana,-12.279,49.292,41.0
2023-12-14,32.0,24.8,27.7,0.3,22.2,51.5,26.61,Antsiranana,-12.279,49.292,41.0
2023-12-15,32.1,24.7,27.8,1.5,23.2,53.3,25.87,Antsiranana,-12.279,49.292,41.0
2023-12-16,31.9,24.6,27.8,1.0,23.0,51.1,25.53,Antsiranana,-12.279,49.292,41.0
2023-12-17,31.9,24.5,27.6,2.6,16.8,38.9,24.86,Antsiranana,-12.279,49.292,41.0
2023-12-18,33.1,24.5,28.3,0.8,20.2,44.3,24.84,Antsiranana,-12.279,49.292,41.0
2023-12-19,33.5,24.2,28.2,4.3,17.3,40.3,22.29,Antsiranana,-12.279,49.292,41.0
2023-12-20,32.1,23.7,27.4,5.3,11.6,31.0,24.38,Antsiranana,-12.279,49.292,41.0
2023-12-21,32.8,23.2,27.7,1.2,9.4,28.1,25.02,Antsiranana,-12.279,49.292,41.0
2023-12-22,33.0,23.8,28.1,2.3,9.7,28.1,25.89,Antsiranana,-12.279,49.292,41.0
2023-12-23,32.2,24.2,27.8,1.1,14.4,34.9,23.37,Antsiranana,-12.279,49.292,41.0
2023-12-24,32.6,23.6,28.2,0.3,11.5,31.7,25.71,Antsiranana,-12.279,49.292,41.0
2023-12-25,31.8,24.9,27.7,6.1,14.1,33.5,22.16,Antsiranana,-12.279,49.292,41.0
2023-12-26,32.0,24.2,27.8,0.7,15.5,37.1,23.9,Antsiranana,-12.279,49.292,41.0
2023-12-27,33.1,25.2,28.5,1.7,15.3,38.5,25.99,Antsiranana,-12.279,49.292,41.0
2023-12-28,32.6,24.9,27.9,3.3,11.5,33.1,22.51,Antsiranana,-12.279,49.292,41.0
2023-12-29,31.7,24.0,27.0,2.8,10.4,27.7,21.84,Antsiranana,-12.279,49.292,41.0
2023-12-30,30.8,23.8,27.0,9.9,10.6,33.8,22.69,Antsiranana,-12.279,49.292,41.0
2023-12-31,30.5,24.2,26.7,15.0,9.7,28.8,22.07,Antsiranana,-12.279,49.292,41.0
2024-01-01,30.7,24.1,26.1,38.9,11.0,29.5,18.03,Antsiranana,-12.279,49.292,41.0
2024-01-02,32.1,23.6,27.3,3.8,24.1,53.3,24.69,Antsiranana,-12.279,49.292,41.0
2024-01-03,31.2,26.0,28.5,0.3,23.1,52.2,19.24,Antsiranana,-12.279,49.292,41.0
2024-01-04,32.1,25.6,28.2,5.8,22.5,49.0,22.54,Antsiranana,-12.279,49.292,41.0
2024-01-05,32.6,24.5,28.0,12.9,18.1,40.3,22.76,Antsiranana,-12.279,49.292,41.0
2024-01-06,31.1,23.8,26.8,15.1,12.5,31.0,23.17,Antsiranana,-12.279,49.292,41.0
2024-01-07,30.9,24.0,26.8,17.7,17.4,40.0,23.79,Antsiranana,-12.279,49.292,41.0
2024-01-08,31.1,23.5,25.9,38.4,15.1,34.2,20.2,Antsiranana,-12.279,49.292,41.0
2024-01-09,30.4,23.3,25.6,31.0,10.8,29.2,19.19,Antsiranana,-12.279,49.292,41.0
2024-01-10,29.1,22.6,25.2,21.6,13.2,30.6,14.72,Antsiranana,-12.279,49.292,41.0
2024-01-11,29.3,23.1,25.1,43.3,14.2,34.2,14.91,Antsiranana,-12.279,49.292,41.0
2024-01-12,31.1,23.1,26.2,18.5,12.4,29.9,22.09,Antsiranana,-12.279,49.292,41.0
2024-01-13,28.8,23.6,25.3,11.1,18.2,39.6,10.82,Antsiranana,-12.279,49.292,41.0
2024-01-14,30.0,24.5,26.7,3.6,23.9,53.3,20.96,Antsiranana,-12.279,49.292,41.0
2024-01-15,31.2,23.8,27.7,2.7,21.6,47.5,22.5,Antsiranana,-12.279,49.292,41.0
2024-01-16,30.7,23.5,27.2,2.0,20.5,46.8,19.85,Antsiranana,-12.279,49.292,41.0
2024-01-17,28.9,24.0,25.7,11.4,23.7,60.5,16.36,Antsiranana,-12.279,49.292,41.0
2024-01-18,26.4,23.6,24.9,32.8,28.3,63.4,12.51,Antsiranana,-12.279,49.292,41.0
2024-01-19,26.8,23.9,25.1,40.0,29.8,71.3,12.56,Antsiranana,-12.279,49.292,41.0
2024-01-20,25.4,22.7,24.3,53.4,30.2,63.4,4.97,Antsiranana,-12.279,49.292,41.0
2024-01-21,25.3,22.9,24.3,59.0,26.9,56.2,5.93,Antsiranana,-12.279,49.292,41.0
2024-01-22,27.0,24.1,25.3,14.3,26.8,57.2,8.9,Antsiranana,-12.279,49.292,41.0
2024-01-23,25.9,24.1,25.1,16.2,32.7,65.2,5.53,Antsiranana,-12.279,49.292,41.0
2024-01-24,27.2,23.8,25.1,28.2,27.0,56.9,15.17,Antsiranana,-12.279,49.292,41.0
2024-01-25,26.5,23.7,24.9,40.8,30.0,64.4,7.77,Antsiranana,-12.279,49.292,41.0
2024-01-26,31.0,23.8,26.9,1.5,23.5,50.8,26.09,Antsiranana,-12.279,49.292,41.0
2024-01-27,31.5,22.9,26.8,0.1,23.0,49.3,27.04,Antsiranana,-12.279,49.292,41.0
2024-01-28,31.3,20.9,26.2,0.0,23.1,48.6,27.24,Antsiranana,-12.279,49.292,41.0
2024-01-29,33.2,22.4,27.1,0.0,23.3,49.7,27.96,Antsiranana,-12.279,49.292,41.0
2024-01-30,32.1,22.3,26.3,3.8,12.8,32.4,26.13,Antsiranana,-12.279,49.292,41.0
2024-01-31,31.5,23.1,26.6,3.2,7.3,20.9,22.56,Antsiranana,-12.279,49.292,41.0
2024-02-01,30.4,23.4,26.3,8.3,14.0,34.9,20.8,Antsiranana,-12.279,49.292,41.0
2024-02-02,30.5,23.8,26.0,10.1,8.3,24.1,19.48,Antsiranana,-12.279,49.292,41.0
2024-02-03,30.4,23.7,26.2,10.4,7.3,19.4,20.97,Antsiranana,-12.279,49.292,41.0
2024-02-04,28.6,23.6,25.4,9.0,11.8,25.6,12.54,Antsiranana,-12.279,49.292,41.0
2024-02-05,31.5,23.8,25.9,56.5,12.9,27.0,19.86,Antsiranana,-12.279,49.292,41.0
2024-02-06,29.9,23.0,25.5,15.9,10.6,25.2,20.4,Antsiranana,-12.279,49.292,41.0
2024-02-07,29.6,23.2,26.0,3.8,11.5,27.7,19.9,Antsiranana,-12.279,49.292,41.0
2024-02-08,30.8,23.8,26.2,16.7,10.9,24.5,19.98,Antsiranana,-12.279,49.292,41.0
2024-02-09,30.9,23.4,26.2,17.6,10.9,29.2,21.38,Antsiranana,-12.279,49.292,41.0
2024-02-10,30.2,23.3,25.9,24.5,16.9,37.4,19.41,Antsiranana,-12.279,49.292,41.0
2024-02-11,28.9,23.8,25.5,27.8,13.3,30.6,15.2,Antsiranana,-12.279,49.292,41.0
2024-02-12,30.0,23.6,25.9,14.8,16.4,36.7,19.65,Antsiranana,-12.279,49.292,41.0
2024-02-13,30.5,23.5,26.8,6.9,19.6,42.1,22.37,Antsiranana,-12.279,49.292,41.0
2024-02-14,30.5,24.1,27.2,1.4,18.8,41.0,23.73,Antsiranana,-12.279,49.292,41.0
2024-02-15,30.6,25.0,27.2,3.9,22.3,49.7,23.04,Antsiranana,-12.279,49.292,41.0
2024-02-16,30.7,24.9,27.6,2.5,25.7,54.0,23.02,Antsiranana,-12.279,49.292,41.0
2024-02-17,30.1,24.8,27.1,3.1,24.9,54.0,22.27,Antsiranana,-12.279,49.292,41.0
2024-02-18,29.9,25.5,27.5,2.7,26.3,56.5,23.01,Antsiranana,-12.279,49.292,41.0
2024-02-19,31.8,25.0,27.3,8.1,16.6,34.2,22.18,Antsiranana,-12.279,49.292,41.0
2024-02-20,32.2,23.7,27.4,0.9,15.7,33.5,25.66,Antsiranana,-12.279,49.292,41.0
2024-02-21,31.4,24.4,27.6,0.0,15.2,35.3,26.36,Antsiranana,-12.279,49.292,41.0
2024-02-22,30.6,24.8,27.2,0.1,15.9,37.1,24.74,Antsiranana,-12.279,49.292,41.0
2024-02-23,30.5,24.7,27.3,1.9,14.3,33.5,22.08,Antsiranana,-12.279,49.292,41.0
2024-02-24,31.3,25.4,27.9,0.0,17.9,41.0,24.81,Antsiranana,-12.279,49.292,41.0
2024-02-25,32.4,24.8,27.9,4.6,16.9,39.2,25.07,Antsiranana,-12.279,49.292,41.0
2024-02-26,33.1,24.5,27.4,1.8,12.1,27.4,24.53,Antsiranana,-12.279,49.292,41.0
2024-02-27,31.9,24.0,27.6,1.0,6.7,22.3,24.93,Antsiranana,-12.279,49.292,41.0
2024-02-28,31.2,24.3,27.2,1.6,10.8,29.5,23.06,Antsiranana,-12.279,49.292,41.0
2024-02-29,30.9,24.2,27.3,1.2,8.5,25.2,21.74,Antsiranana,-12.279,49.292,41.0
2024-03-01,31.1,24.4,27.2,3.6,17.5,36.4,23.86,Antsiranana,-12.279,49.292,41.0
2024-03-02,29.6,24.9,26.8,4.0,23.7,52.9,16.27,Antsiranana,-12.279,49.292,41.0
2024-03-03,25.8,23.2,24.3,94.9,17.9,37.1,2.52,Antsiranana,-12.279,49.292,41.0
2024-03-04,27.8,24.0,25.5,14.5,16.6,42.8,14.68,Antsiranana,-12.279,49.292,41.0
2024-03-05,31.2,23.6,27.1,0.0,17.6,39.6,24.97,Antsiranana,-12.279,49.292,41.0
2024-03-06,31.0,25.3,27.6,1.0,20.5,45.0,25.16,Antsiranana,-12.279,49.292,41.0
2024-03-07,29.7,24.3,26.7,4.4,19.6,41.8,21.85,Antsiranana,-12.279,49.292,41.0
2024-03-08,28.7,24.5,25.8,8.3,17.6,38.2,17.86,Antsiranana,-12.279,49.292,41.0
2024-03-09,30.3,24.6,26.6,5.0,16.7,37.1,22.35,Antsiranana,-12.279,49.292,41.0
2024-03-10,31.0,24.6,27.2,0.0,18.8,42.1,26.18,Antsiranana,-12.279,49.292,41.0
2024-03-11,30.6,24.9,27.3,0.1,24.5,52.2,25.19,Antsiranana,-12.279,49.292,41.0
2024-03-12,29.5,24.9,26.7,2.2,23.9,54.4,21.37,Antsiranana,-12.279,49.292,41.0
2024-03-13,29.8,24.2,26.6,2.2,26.6,56.5,22.45,Antsiranana,-12.279,49.292,41.0
2024-03-14,30.2,23.4,26.6,0.8,25.4,54.4,23.69,Antsiranana,-12.279,49.292,41.0
2024-03-15,31.2,24.6,27.3,1.4,21.4,47.2,24.18,Antsiranana,-12.279,49.292,41.0
2024-03-16,30.5,24.0,26.8,2.0,22.1,47.9,20.08,Antsiranana,-12.279,49.292,41.0
2024-03-17,30.4,23.8,26.8,1.3,20.1,45.4,24.16,Antsiranana,-12.279,49.292,41.0
2024-03-18,31.3,24.6,27.5,0.1,19.6,43.6,25.27,Antsiranana,-12.279,49.292,41.0
2024-03-19,30.2,24.9,26.6,2.8,19.1,46.1,20.04,Antsiranana,-12.279,49.292,41.0
2024-03-20,29.5,24.4,26.1,6.9,19.5,44.6,18.26,Antsiranana,-12.279,49.292,41.0
2024-03-21,30.1,24.8,27.1,0.9,22.1,47.9,21.78,Antsiranana,-12.279,49.292,41.0
2024-03-22,31.0,24.9,27.5,0.4,20.5,45.7,23.86,Antsiranana,-12.279,49.292,41.0
2024-03-23,32.4,24.3,27.4,7.1,20.9,49.0,22.92,Antsiranana,-12.279,49.292,41.0
2024-03-24,30.4,23.3,26.6,3.9,25.7,54.0,19.65,Antsiranana,-12.279,49.292,41.0
2024-03-25,31.3,24.6,26.8,20.4,20.3,48.6,16.65,Antsiranana,-12.279,49.292,41.0
2024-03-26,26.0,23.7,24.5,96.5,19.7,42.8,2.52,Antsiranana,-12.279,49.292,41.0
2024-03-27,25.9,23.9,24.7,155.9,18.9,45.7,3.45,Antsiranana,-12.279,49.292,41.0
2024-03-28,25.3,23.9,24.5,74.2,19.0,38.5,3.73,Antsiranana,-12.279,49.292,41.0
2024-03-29,26.9,23.4,25.2,13.5,18.2,42.1,10.14,Antsiranana,-12.279,49.292,41.0
2024-03-30,29.2,24.6,26.8,3.6,17.6,40.0,18.96,Antsiranana,-12.279,49.292,41.0
2024-03-31,29.9,24.1,26.7,1.4,12.7,29.9,20.21,Antsiranana,-12.279,49.292,41.0
2024-04-01,30.6,24.9,27.3,0.5,19.4,41.8,22.64,Antsiranana,-12.279,49.292,41.0
2024-04-02,30.4,24.9,27.4,0.7,20.8,45.4,22.45,Antsiranana,-12.279,49.292,41.0
2024-04-03,29.8,25.0,26.9,1.8,19.9,42.8,20.14,Antsiranana,-12.279,49.292,41.0
2024-04-04,29.7,24.9,27.0,0.9,27.1,58.3,18.06,Antsiranana,-12.279,49.292,41.0
2024-04-05,31.1,25.4,27.6,0.2,22.4,49.0,22.8,Antsiranana,-12.279,49.292,41.0
2024-04-06,29.6,25.3,26.9,7.0,25.2,53.3,18.69,Antsiranana,-12.279,49.292,41.0
2024-04-07,29.4,25.3,27.0,1.8,24.0,52.6,19.53,Antsiranana,-12.279,49.292,41.0
2024-04-08,30.9,25.0,27.4,0.0,22.2,49.0,23.28,Antsiranana,-12.279,49.292,41.0
2024-04-09,31.2,25.4,27.4,1.5,23.4,50.4,22.38,Antsiranana,-12.279,49.292,41.0
2024-04-10,30.7,25.0,27.3,1.7,20.7,44.6,20.84,Antsiranana,-12.279,49.292,41.0
2024-04-11,31.2,24.3,27.2,1.1,17.8,37.1,21.4,Antsiranana,-12.279,49.292,41.0
2024-04-12,31.0,24.5,27.5,0.6,18.5,40.0,22.54,Antsiranana,-12.279,49.292,41.0
2024-04-13,30.5,25.3,27.2,1.7,21.3,46.4,19.54,Antsiranana,-12.279,49.292,41.0
2024-04-14,30.7,25.3,27.6,0.0,26.9,56.9,22.68,Antsiranana,-12.279,49.292,41.0
2024-04-15,30.2,25.2,27.0,0.6,26.4,56.9,19.82,Antsiranana,-12.279,49.292,41.0
2024-04-16,30.2,25.4,27.0,0.8,28.8,59.8,19.7,Antsiranana,-12.279,49.292,41.0
2024-04-17,30.3,24.8,27.0,1.2,33.4,69.1,19.53,Antsiranana,-12.279,49.292,41.0
2024-04-18,30.3,25.0,26.9,1.1,36.4,74.2,19.08,Antsiranana,-12.279,49.292,41.0
2024-04-19,31.1,24.6,27.2,0.6,31.3,68.0,19.91,Antsiranana,-12.279,49.292,41.0
2024-04-20,26.7,24.5,25.3,13.1,22.8,50.4,10.28,Antsiranana,-12.279,49.292,41.0
2024-04-21,30.0,25.0,27.0,1.3,21.4,46.8,17.16,Antsiranana,-12.279,49.292,41.0
2024-04-22,30.5,24.2,26.6,1.9,21.9,48.2,19.35,Antsiranana,-12.279,49.292,41.0
2024-04-23,29.8,24.9,26.8,1.7,27.1,58.3,18.88,Antsiranana,-12.279,49.292,41.0
2024-04-24,31.7,24.6,27.4,0.0,25.5,54.0,22.54,Antsiranana,-12.279,49.292,41.0
2024-04-25,30.5,25.3,27.2,1.0,24.5,54.4,19.29,Antsiranana,-12.279,49.292,41.0
2024-04-26,30.2,24.1,26.6,0.8,24.2,50.4,18.43,Antsiranana,-12.279,49.292,41.0
2024-04-27,30.2,24.5,26.4,2.9,22.7,51.8,16.26,Antsiranana,-12.279,49.292,41.0
2024-04-28,31.1,24.2,26.9,0.8,24.2,53.3,17.85,Antsiranana,-12.279,49.292,41.0
2024-04-29,28.5,23.7,25.2,6.4,29.9,62.6,11.19,Antsiranana,-12.279,49.292,41.0
2024-04-30,28.6,22.6,25.3,5.8,34.3,70.9,12.02,Antsiranana,-12.279,49.292,41.0
2024-05-01,28.0,23.8,25.4,5.3,23.5,50.0,8.89,Antsiranana,-12.279,49.292,41.0
2024-05-02,29.3,24.2,26.0,4.1,28.8,59.4,15.73,Antsiranana,-12.279,49.292,41.0
2024-05-03,29.7,24.7,26.8,0.5,32.2,67.0,15.52,Antsiranana,-12.279,49.292,41.0
2024-05-04,30.2,25.0,27.0,0.0,31.8,68.0,20.78,Antsiranana,-12.279,49.292,41.0
2024-05-05,30.3,24.9,26.8,0.0,34.2,76.3,20.43,Antsiranana,-12.279,49.292,41.0
2024-05-06,29.6,24.0,26.2,0.1,33.5,69.1,20.69,Antsiranana,-12.279,49.292,41.0
2024-05-07,30.5,24.0,26.4,0.0,33.9,73.4,21.22,Antsiranana,-12.279,49.292,41.0
2024-05-08,30.1,23.7,26.3,0.0,34.2,72.0,20.45,Antsiranana,-12.279,49.292,41.0
2024-05-09,31.0,24.0,26.6,0.0,30.4,65.9,21.42,Antsiranana,-12.279,49.292,41.0
2024-05-10,31.5,24.6,27.1,0.0,30.7,67.3,20.72,Antsiranana,-12.279,49.292,41.0
2024-05-11,32.0,25.1,27.6,0.0,23.9,54.4,15.32,Antsiranana,-12.279,49.292,41.0
2024-05-12,31.7,25.5,27.7,0.0,22.5,49.0,19.11,Antsiranana,-12.279,49.292,41.0
2024-05-13,31.6,25.8,27.8,0.2,30.1,63.4,17.32,Antsiranana,-12.279,49.292,41.0
2024-05-14,32.3,25.5,27.6,0.0,28.0,60.5,17.81,Antsiranana,-12.279,49.292,41.0
2024-05-15,31.1,24.7,26.9,0.0,33.9,70.9,19.06,Antsiranana,-12.279,49.292,41.0
2024-05-16,31.3,24.4,26.9,0.0,35.9,74.9,18.78,Antsiranana,-12.279,49.292,41.0
2024-05-17,28.5,23.3,25.3,6.9,30.7,65.9,9.57,Antsiranana,-12.279,49.292,41.0
2024-05-18,29.3,23.5,25.7,2.9,22.6,50.8,13.08,Antsiranana,-12.279,49.292,41.0
2024-05-19,30.9,24.4,26.8,0.0,28.0,59.0,16.32,Antsiranana,-12.279,49.292,41.0
2024-05-20,30.2,25.1,27.0,0.0,35.5,74.9,17.89,Antsiranana,-12.279,49.292,41.0
2024-05-21,30.0,24.4,26.4,0.0,36.7,75.2,17.44,Antsiranana,-12.279,49.292,41.0
2024-05-22,30.2,24.3,26.4,0.0,37.4,78.8,18.92,Antsiranana,-12.279,49.292,41.0
2024-05-23,30.2,23.7,25.9,0.0,33.5,70.6,20.35,Antsiranana,-12.279,49.292,41.0
2024-05-24,30.0,22.6,25.6,0.0,25.9,56.5,20.7,Antsiranana,-12.279,49.292,41.0
2024-05-25,30.6,22.7,25.7,0.0,23.9,51.1,20.81,Antsiranana,-12.279,49.292,41.0
2024-05-26,31.4,22.2,25.5,0.0,16.0,38.2,20.52,Antsiranana,-12.279,49.292,41.0
2024-05-27,31.4,19.3,24.9,0.0,12.9,32.4,18.71,Antsiranana,-12.279,49.292,41.0
2024-05-28,31.3,20.1,25.3,1.1,17.8,40.3,18.52,Antsiranana,-12.279,49.292,41.0
2024-05-29,32.4,20.7,26.1,0.1,20.6,47.2,19.61,Antsiranana,-12.279,49.292,41.0
2024-05-30,31.0,24.5,26.9,0.1,29.0,64.8,18.53,Antsiranana,-12.279,49.292,41.0
2024-05-31,31.0,24.2,26.7,0.0,30.4,64.4,18.31,Antsiranana,-12.279,49.292,41.0
2024-06-01,29.7,24.5,26.3,0.0,28.8,61.6,10.85,Antsiranana,-12.279,49.292,41.0
2024-06-02,30.8,24.0,26.4,0.0,32.6,66.6,18.04,Antsiranana,-12.279,49.292,41.0
2024-06-03,31.0,23.2,26.1,0.0,25.0,54.7,20.02,Antsiranana,-12.279,49.292,41.0
2024-06-04,30.7,23.1,25.8,0.0,26.3,55.4,19.25,Antsiranana,-12.279,49.292,41.0
2024-06-05,30.2,22.8,25.5,0.0,27.8,58.3,19.98,Antsiranana,-12.279,49.292,41.0
2024-06-06,31.0,22.7,25.7,0.0,25.0,54.7,20.13,Antsiranana,-12.279,49.292,41.0
2024-06-07,30.9,23.0,25.8,0.0,27.5,58.7,20.25,Antsiranana,-12.279,49.292,41.0
2024-06-08,31.7,22.3,25.4,0.0,26.7,56.2,20.82,Antsiranana,-12.279,49.292,41.0
2024-06-09,31.1,22.3,25.4,0.0,24.5,53.6,20.3,Antsiranana,-12.279,49.292,41.0
2024-06-10,30.7,22.3,25.5,0.0,23.9,52.9,19.66,Antsiranana,-12.279,49.292,41.0
2024-06-11,27.8,20.7,24.3,0.5,16.7,42.8,5.77,Antsiranana,-12.279,49.292,41.0
2024-06-12,31.5,22.7,26.0,0.7,15.4,36.7,16.5,Antsiranana,-12.279,49.292,41.0
2024-06-13,30.7,21.6,25.4,0.0,12.8,32.4,17.53,Antsiranana,-12.279,49.292,41.0
2024-06-14,30.8,20.1,25.5,0.0,13.6,34.9,17.4,Antsiranana,-12.279,49.292,41.0
2024-06-15,30.5,23.0,26.4,0.2,19.7,43.6,14.9,Antsiranana,-12.279,49.292,41.0
2024-06-16,30.5,24.0,26.6,0.3,25.3,54.4,17.6,Antsiranana,-12.279,49.292,41.0
2024-06-17,31.1,24.4,27.0,0.1,29.5,61.9,17.15,Antsiranana,-12.279,49.292,41.0
2024-06-18,30.9,23.9,26.5,0.0,30.9,66.2,18.59,Antsiranana,-12.279,49.292,41.0
2024-06-19,29.4,22.6,25.3,0.0,32.3,67.3,19.94,Antsiranana,-12.279,49.292,41.0
2024-06-20,30.2,22.4,25.3,0.0,26.8,59.4,19.65,Antsiranana,-12.279,49.292,41.0
2024-06-21,30.4,22.8,25.5,0.0,27.5,60.1,19.97,Antsiranana,-12.279,49.292,41.0
2024-06-22,30.5,22.9,25.7,0.0,27.2,59.4,19.53,Antsiranana,-12.279,49.292,41.0
2024-06-23,30.1,23.0,25.4,0.0,31.4,67.0,19.85,Antsiranana,-12.279,49.292,41.0
2024-06-24,30.7,22.4,25.8,0.0,26.2,57.2,19.56,Antsiranana,-12.279,49.292,41.0
2024-06-25,30.7,23.6,25.9,0.0,37.1,79.2,18.78,Antsiranana,-12.279,49.292,41.0
2024-06-26,30.2,22.9,25.6,0.0,32.6,70.6,19.5,Antsiranana,-12.279,49.292,41.0
2024-06-27,29.6,22.5,25.1,0.0,36.9,78.1,18.67,Antsiranana,-12.279,49.292,41.0
2024-06-28,29.3,22.5,24.7,0.0,32.0,68.0,19.43,Antsiranana,-12.279,49.292,41.0
2024-06-29,29.6,21.4,24.6,0.0,28.5,62.3,18.9,Antsiranana,-12.279,49.292,41.0
2024-06-30,29.9,22.4,25.0,0.0,27.4,60.8,18.32,Antsiranana,-12.279,49.292,41.0
2024-07-01,30.1,22.0,24.9,0.0,25.5,55.4,19.04,Antsiranana,-12.279,49.292,41.0
2024-07-02,29.4,21.0,24.4,0.0,24.0,52.9,20.21,Antsiranana,-12.279,49.292,41.0
2024-07-03,30.1,20.1,24.6,0.0,27.3,58.7,18.67,Antsiranana,-12.279,49.292,41.0
2024-07-04,29.2,22.0,24.5,0.0,24.2,53.3,18.12,Antsiranana,-12.279,49.292,41.0
2024-07-05,29.2,21.6,24.6,0.0,20.0,46.1,18.04,Antsiranana,-12.279,49.292,41.0
2024-07-06,30.3,21.6,25.1,0.0,21.1,47.2,15.57,Antsiranana,-12.279,49.292,41.0
2024-07-07,30.5,22.8,25.5,0.0,23.7,51.5,17.55,Antsiranana,-12.279,49.292,41.0
2024-07-08,29.7,22.3,25.0,0.0,25.0,56.2,19.28,Antsiranana,-12.279,49.292,41.0
2024-07-09,29.0,20.9,24.3,0.0,23.1,51.1,20.88,Antsiranana,-12.279,49.292,41.0
2024-07-10,29.9,21.5,25.0,0.0,30.3,68.8,18.05,Antsiranana,-12.279,49.292,41.0
2024-07-11,29.1,22.0,24.7,0.0,30.8,66.6,19.88,Antsiranana,-12.279,49.292,41.0
2024-07-12,29.5,21.8,25.0,0.0,33.1,72.7,19.77,Antsiranana,-12.279,49.292,41.0
2024-07-13,28.1,22.5,24.4,0.6,34.4,76.0,15.08,Antsiranana,-12.279,49.292,41.0
2024-07-14,29.8,21.8,24.8,0.0,28.9,62.3,20.1,Antsiranana,-12.279,49.292,41.0
2024-07-15,28.8,22.1,24.4,0.1,28.8,67.0,14.8,Antsiranana,-12.279,49.292,41.0
2024-07-16,29.5,22.0,24.5,0.8,30.2,65.9,17.91,Antsiranana,-12.279,49.292,41.0
2024-07-17,29.4,21.8,24.5,0.0,26.3,58.0,20.79,Antsiranana,-12.279,49.292,41.0
2024-07-18,29.6,21.7,25.0,0.0,23.8,52.2,20.12,Antsiranana,-12.279,49.292,41.0
2024-07-19,28.8,22.4,24.7,0.0,29.4,63.0,18.65,Antsiranana,-12.279,49.292,41.0
2024-07-20,28.3,20.7,23.9,0.0,25.9,55.8,20.62,Antsiranana,-12.279,49.292,41.0
2024-07-21,29.4,21.2,24.4,0.0,24.3,52.9,18.8,Antsiranana,-12.279,49.292,41.0
2024-07-22,28.5,22.1,24.5,0.0,27.2,56.9,16.38,Antsiranana,-12.279,49.292,41.0
2024-07-23,29.7,21.6,24.7,0.0,24.2,51.8,21.21,Antsiranana,-12.279,49.292,41.0
2024-07-24,29.9,21.2,24.5,0.0,25.4,54.4,21.07,Antsiranana,-12.279,49.292,41.0
2024-07-25,29.2,21.4,24.3,0.0,23.7,52.2,19.88,Antsiranana,-12.279,49.292,41.0
2024-07-26,29.6,21.3,24.7,0.0,21.5,48.6,21.27,Antsiranana,-12.279,49.292,41.0
2024-07-27,29.3,22.0,24.8,0.5,22.1,49.3,17.55,Antsiranana,-12.279,49.292,41.0
2024-07-28,29.6,21.7,24.4,0.0,26.9,59.0,19.65,Antsiranana,-12.279,49.292,41.0
2024-07-29,29.6,21.8,24.7,0.0,22.6,50.4,17.7,Antsiranana,-12.279,49.292,41.0
2024-07-30,28.6,21.6,24.4,0.0,27.2,58.0,21.57,Antsiranana,-12.279,49.292,41.0
2024-07-31,28.5,21.4,24.4,0.0,32.1,69.1,20.37,Antsiranana,-12.279,49.292,41.0
2024-08-01,29.5,20.7,24.5,0.0,24.5,55.1,21.62,Antsiranana,-12.279,49.292,41.0
2024-08-02,29.7,21.3,24.5,0.0,25.9,54.7,22.36,Antsiranana,-12.279,49.292,41.0
2024-08-03,28.9,21.4,24.0,0.0,29.4,63.0,20.28,Antsiranana,-12.279,49.292,41.0
2024-08-04,28.4,20.0,23.8,0.0,22.3,51.1,22.42,Antsiranana,-12.279,49.292,41.0
2024-08-05,29.6,21.1,24.5,0.0,24.6,53.3,21.57,Antsiranana,-12.279,49.292,41.0
2024-08-06,29.0,21.2,24.4,0.0,26.1,57.2,21.44,Antsiranana,-12.279,49.292,41.0
2024-08-07,28.6,20.8,24.0,0.0,27.3,60.5,22.04,Antsiranana,-12.279,49.292,41.0
2024-08-08,29.3,21.1,24.1,0.0,29.1,62.3,22.44,Antsiranana,-12.279,49.292,41.0
2024-08-09,29.1,21.1,24.4,0.0,34.8,72.4,20.28,Antsiranana,-12.279,49.292,41.0
2024-08-10,28.4,21.7,24.3,0.2,32.7,70.6,20.15,Antsiranana,-12.279,49.292,41.0
2024-08-11,29.0,21.3,24.6,0.0,31.1,67.7,20.64,Antsiranana,-12.279,49.292,41.0
2024-08-12,29.6,22.1,24.7,0.0,30.8,68.4,20.76,Antsiranana,-12.279,49.292,41.0
2024-08-13,29.7,21.5,24.5,0.1,25.8,56.2,21.37,Antsiranana,-12.279,49.292,41.0
2024-08-14,28.5,21.2,24.3,0.0,30.5,65.9,21.63,Antsiranana,-12.279,49.292,41.0
2024-08-15,30.0,21.2,24.7,0.2,27.9,60.1,21.09,Antsiranana,-12.279,49.292,41.0
2024-08-16,30.0,21.8,25.0,0.0,26.4,58.7,20.94,Antsiranana,-12.279,49.292,41.0
2024-08-17,29.3,22.6,25.2,0.0,33.2,70.2,19.79,Antsiranana,-12.279,49.292,41.0
2024-08-18,29.8,21.5,24.8,0.0,34.1,73.1,22.92,Antsiranana,-12.279,49.292,41.0
2024-08-19,26.9,21.9,24.1,0.9,33.7,74.5,17.24,Antsiranana,-12.279,49.292,41.0
2024-08-20,29.4,21.0,24.2,0.1,34.8,73.1,20.84,Antsiranana,-12.279,49.292,41.0
2024-08-21,28.6,21.3,24.0,0.0,38.3,80.6,21.36,Antsiranana,-12.279,49.292,41.0
2024-08-22,28.6,21.0,24.1,0.0,29.7,65.9,22.58,Antsiranana,-12.279,49.292,41.0
2024-08-23,31.1,21.7,25.1,0.1,25.6,53.3,21.77,Antsiranana,-12.279,49.292,41.0
2024-08-24,29.8,22.2,25.1,0.0,31.2,65.2,23.49,Antsiranana,-12.279,49.292,41.0
2024-08-25,28.8,22.3,24.5,0.0,33.9,73.8,19.71,Antsiranana,-12.279,49.292,41.0
2024-08-26,28.1,21.7,24.3,0.0,35.0,75.2,20.83,Antsiranana,-12.279,49.292,41.0
2024-08-27,27.9,21.7,24.2,0.0,37.7,81.0,20.15,Antsiranana,-12.279,49.292,41.0
2024-08-28,27.9,21.6,23.8,0.5,38.1,82.4,19.99,Antsiranana,-12.279,49.292,41.0
2024-08-29,27.1,20.9,23.6,0.7,34.3,74.2,18.67,Antsiranana,-12.279,49.292,41.0
2024-08-30,29.0,21.3,24.3,0.0,34.4,72.7,23.0,Antsiranana,-12.279,49.292,41.0
2024-08-31,29.2,21.7,24.4,0.0,30.8,67.7,22.85,Antsiranana,-12.279,49.292,41.0
2024-09-01,29.1,21.3,24.4,0.0,28.9,62.6,24.06,Antsiranana,-12.279,49.292,41.0
2024-09-02,29.5,20.4,24.7,0.9,25.9,55.8,21.17,Antsiranana,-12.279,49.292,41.0
2024-09-03,28.4,22.0,24.6,0.4,29.1,62.3,14.36,Antsiranana,-12.279,49.292,41.0
2024-09-04,29.2,22.3,24.9,0.0,34.4,72.0,22.05,Antsiranana,-12.279,49.292,41.0
2024-09-05,28.7,22.5,25.0,0.5,36.6,77.0,19.97,Antsiranana,-12.279,49.292,41.0
2024-09-06,29.4,22.5,25.0,0.0,32.2,70.6,18.06,Antsiranana,-12.279,49.292,41.0
2024-09-07,28.9,22.9,25.1,0.2,35.6,74.9,19.47,Antsiranana,-12.279,49.292,41.0
2024-09-08,27.5,22.1,24.5,0.2,36.2,75.6,15.46,Antsiranana,-12.279,49.292,41.0
2024-09-09,29.0,22.3,24.7,0.0,28.7,62.6,20.83,Antsiranana,-12.279,49.292,41.0
2024-09-10,29.2,21.3,24.6,0.0,25.7,57.6,22.23,Antsiranana,-12.279,49.292,41.0
2024-09-11,29.8,21.7,25.0,0.0,31.3,67.3,22.1,Antsiranana,-12.279,49.292,41.0
2024-09-12,29.5,22.5,25.1,0.0,25.1,55.4,22.44,Antsiranana,-12.279,49.292,41.0
2024-09-13,30.8,21.7,25.3,0.0,27.2,61.2,25.84,Antsiranana,-12.279,49.292,41.0
2024-09-14,29.7,22.0,24.8,0.1,33.6,72.7,22.13,Antsiranana,-12.279,49.292,41.0
2024-09-15,29.3,22.1,24.9,0.0,35.7,76.0,23.23,Antsiranana,-12.279,49.292,41.0
2024-09-16,28.8,21.3,24.4,0.0,33.7,73.1,23.22,Antsiranana,-12.279,49.292,41.0
2024-09-17,29.6,21.2,24.8,0.1,32.0,69.8,23.82,Antsiranana,-12.279,49.292,41.0
2024-09-18,29.4,21.3,24.7,0.0,27.7,60.8,25.74,Antsiranana,-12.279,49.292,41.0
2024-09-19,29.3,21.6,24.8,0.0,29.7,64.4,24.36,Antsiranana,-12.279,49.292,41.0
2024-09-20,29.1,22.0,24.8,0.2,28.1,61.2,22.4,Antsiranana,-12.279,49.292,41.0
2024-09-21,30.3,21.9,25.2,0.1,27.0,60.1,25.26,Antsiranana,-12.279,49.292,41.0
2024-09-22,30.1,21.7,25.2,0.0,24.9,55.4,25.47,Antsiranana,-12.279,49.292,41.0
2024-09-23,30.4,21.7,25.2,0.1,24.2,54.4,25.52,Antsiranana,-12.279,49.292,41.0
2024-09-24,29.8,21.7,25.1,0.0,28.8,63.4,24.57,Antsiranana,-12.279,49.292,41.0
2024-09-25,29.4,21.8,24.7,0.0,30.2,65.2,25.22,Antsiranana,-12.279,49.292,41.0
2024-09-26,28.8,21.7,24.8,0.1,30.6,67.7,23.8,Antsiranana,-12.279,49.292,41.0
2024-09-27,29.5,22.0,24.9,0.0,29.0,64.1,25.7,Antsiranana,-12.279,49.292,41.0
2024-09-28,29.8,21.5,25.1,0.1,24.9,56.2,24.62,Antsiranana,-12.279,49.292,41.0
2024-09-29,30.7,22.4,25.9,1.3,24.3,54.4,24.43,Antsiranana,-12.279,49.292,41.0
2024-09-30,27.7,22.4,24.4,5.0,28.4,60.8,16.13,Antsiranana,-12.279,49.292,41.0
2024-10-01,29.4,22.3,25.0,0.1,27.9,61.6,26.42,Antsiranana,-12.279,49.292,41.0
2024-10-02,29.6,22.5,25.1,0.8,25.4,55.1,23.33,Antsiranana,-12.279,49.292,41.0
2024-10-03,30.3,21.9,25.2,0.0,27.3,59.4,27.38,Antsiranana,-12.279,49.292,41.0
2024-10-04,30.1,22.0,25.3,0.0,28.5,61.2,26.57,Antsiranana,-12.279,49.292,41.0
2024-10-05,31.2,22.8,25.7,0.0,30.3,64.8,26.22,Antsiranana,-12.279,49.292,41.0
2024-10-06,30.4,22.0,25.3,0.0,28.9,63.0,25.88,Antsiranana,-12.279,49.292,41.0
2024-10-07,29.2,21.5,24.9,0.0,27.4,60.5,25.69,Antsiranana,-12.279,49.292,41.0
2024-10-08,30.7,21.8,25.5,0.0,23.4,53.3,26.39,Antsiranana,-12.279,49.292,41.0
2024-10-09,30.6,22.6,26.0,0.0,26.4,58.3,26.16,Antsiranana,-12.279,49.292,41.0
2024-10-10,30.9,24.1,26.4,0.0,39.2,82.8,22.16,Antsiranana,-12.279,49.292,41.0
2024-10-11,31.0,23.6,26.3,0.1,36.3,81.7,25.68,Antsiranana,-12.279,49.292,41.0
2024-10-12,30.8,23.1,25.9,0.0,36.9,78.5,26.76,Antsiranana,-12.279,49.292,41.0
2024-10-13,29.5,22.2,25.2,0.0,33.1,72.0,27.09,Antsiranana,-12.279,49.292,41.0
2024-10-14,30.3,21.7,25.3,0.0,27.0,60.8,27.94,Antsiranana,-12.279,49.292,41.0
2024-10-15,30.5,22.4,25.7,0.3,23.4,51.5,25.33,Antsiranana,-12.279,49.292,41.0
2024-10-16,31.7,22.4,26.1,4.6,12.6,32.0,23.23,Antsiranana,-12.279,49.292,41.0
2024-10-17,30.0,22.1,25.7,0.7,13.0,33.8,23.98,Antsiranana,-12.279,49.292,41.0
2024-10-18,30.9,22.3,25.8,0.0,22.0,50.8,26.58,Antsiranana,-12.279,49.292,41.0
2024-10-19,30.3,23.5,26.1,0.2,22.9,51.8,23.7,Antsiranana,-12.279,49.292,41.0
2024-10-20,30.5,23.0,26.2,0.2,26.7,58.3,23.88,Antsiranana,-12.279,49.292,41.0
2024-10-21,31.6,23.2,26.5,0.0,29.1,63.4,28.27,Antsiranana,-12.279,49.292,41.0
2024-10-22,30.9,22.9,26.1,0.0,31.4,68.8,27.58,Antsiranana,-12.279,49.292,41.0
2024-10-23,31.2,23.1,26.3,0.0,31.5,68.8,28.12,Antsiranana,-12.279,49.292,41.0
2024-10-24,32.0,23.0,26.7,0.0,28.6,64.8,27.55,Antsiranana,-12.279,49.292,41.0
2024-10-25,31.8,23.9,27.1,0.0,28.3,62.6,27.03,Antsiranana,-12.279,49.292,41.0
2024-10-26,32.5,24.2,27.2,0.0,24.2,52.2,25.47,Antsiranana,-12.279,49.292,41.0
2024-10-27,32.2,24.2,27.3,1.6,18.6,43.6,24.74,Antsiranana,-12.279,49.292,41.0
2024-10-28,32.1,24.0,27.2,0.2,23.3,52.2,24.73,Antsiranana,-12.279,49.292,41.0
2024-10-29,32.0,24.2,27.4,0.1,30.9,66.2,25.82,Antsiranana,-12.279,49.292,41.0
2024-10-30,31.0,24.0,26.9,0.0,33.4,72.0,26.12,Antsiranana,-12.279,49.292,41.0
2024-10-31,31.1,23.4,26.6,0.0,28.4,63.0,26.97,Antsiranana,-12.279,49.292,41.0
2024-11-01,30.5,23.2,26.5,0.3,22.6,52.2,25.62,Antsiranana,-12.279,49.292,41.0
2024-11-02,31.0,23.1,26.5,0.0,24.4,55.8,25.55,Antsiranana,-12.279,49.292,41.0
2024-11-03,32.5,23.1,27.2,0.0,24.5,55.1,27.57,Antsiranana,-12.279,49.292,41.0
2024-11-04,32.5,24.2,27.2,4.3,22.4,51.1,25.47,Antsiranana,-12.279,49.292,41.0
2024-11-05,31.6,23.8,26.8,0.2,23.0,50.4,24.67,Antsiranana,-12.279,49.292,41.0
2024-11-06,31.2,24.0,26.7,0.3,25.4,57.6,23.76,Antsiranana,-12.279,49.292,41.0
2024-11-07,30.6,23.7,26.7,0.1,27.9,59.8,24.65,Antsiranana,-12.279,49.292,41.0
2024-11-08,31.4,23.2,26.8,0.0,25.0,55.8,26.18,Antsiranana,-12.279,49.292,41.0
2024-11-09,31.2,23.3,26.9,0.0,25.6,56.9,27.83,Antsiranana,-12.279,49.292,41.0
2024-11-10,33.1,23.1,27.5,0.0,22.1,50.8,27.72,Antsiranana,-12.279,49.292,41.0
2024-11-11,31.6,24.9,27.3,2.9,27.2,59.4,23.63,Antsiranana,-12.279,49.292,41.0
2024-11-12,31.8,24.5,27.4,0.0,24.7,56.5,26.5,Antsiranana,-12.279,49.292,41.0
2024-11-13,31.8,23.3,27.0,0.0,26.7,56.9,27.02,Antsiranana,-12.279,49.292,41.0
2024-11-14,33.8,23.7,28.0,0.0,23.4,52.9,24.14,Antsiranana,-12.279,49.292,41.0
2024-11-15,30.1,23.4,26.7,3.9,27.0,59.0,22.39,Antsiranana,-12.279,49.292,41.0
2024-11-16,31.7,23.7,27.1,0.0,31.2,66.2,26.3,Antsiranana,-12.279,49.292,41.0
2024-11-17,32.1,23.9,27.3,0.0,32.2,67.0,26.36,Antsiranana,-12.279,49.292,41.0
2024-11-18,31.5,24.1,27.1,0.7,26.0,56.5,25.2,Antsiranana,-12.279,49.292,41.0
2024-11-19,32.5,24.0,27.7,0.0,30.4,64.8,28.14,Antsiranana,-12.279,49.292,41.0
2024-11-20,32.8,24.0,27.9,0.0,26.7,59.4,28.08,Antsiranana,-12.279,49.292,41.0
2024-11-21,33.4,24.2,27.9,3.3,20.5,47.2,25.2,Antsiranana,-12.279,49.292,41.0
2024-11-22,32.2,24.0,27.4,0.2,20.8,46.8,25.47,Antsiranana,-12.279,49.292,41.0
2024-11-23,32.7,24.3,27.7,0.2,18.4,43.2,26.56,Antsiranana,-12.279,49.292,41.0
2024-11-24,33.6,23.5,28.0,2.2,22.0,50.0,27.33,Antsiranana,-12.279,49.292,41.0
2024-11-25,31.8,22.9,27.1,4.5,22.7,51.8,21.6,Antsiranana,-12.279,49.292,41.0
2024-11-26,32.4,24.4,27.9,0.0,28.7,60.8,27.33,Antsiranana,-12.279,49.292,41.0
2024-11-27,32.8,24.4,27.9,0.0,26.1,57.6,27.18,Antsiranana,-12.279,49.292,41.0
2024-11-28,31.5,24.4,27.8,0.4,24.6,53.3,24.78,Antsiranana,-12.279,49.292,41.0
2024-11-29,31.5,24.7,27.8,1.2,19.3,45.0,24.64,Antsiranana,-12.279,49.292,41.0
2024-11-30,31.0,23.6,26.4,21.4,11.5,31.3,21.86,Antsiranana,-12.279,49.292,41.0
2024-12-01,28.8,23.9,25.0,17.5,9.9,26.3,10.43,Antsiranana,-12.279,49.292,41.0
2024-12-02,29.5,22.7,25.2,27.4,14.6,28.4,17.83,Antsiranana,-12.279,49.292,41.0
2024-12-03,28.6,23.4,25.0,6.9,18.0,38.2,17.52,Antsiranana,-12.279,49.292,41.0
2024-12-04,29.8,23.6,26.0,1.4,21.4,48.6,21.34,Antsiranana,-12.279,49.292,41.0
2024-12-05,29.7,23.9,26.2,1.6,20.8,45.7,26.18,Antsiranana,-12.279,49.292,41.0
2024-12-06,30.1,23.5,26.4,1.0,20.1,44.3,26.32,Antsiranana,-12.279,49.292,41.0
2024-12-07,30.6,23.8,26.5,3.1,21.5,45.7,26.63,Antsiranana,-12.279,49.292,41.0
2024-12-08,31.2,24.1,26.4,7.3,16.6,37.8,22.29,Antsiranana,-12.279,49.292,41.0
2024-12-09,32.1,23.8,26.8,5.4,14.7,28.8,25.27,Antsiranana,-12.279,49.292,41.0
2024-12-10,31.0,24.0,27.1,0.8,22.3,47.9,24.6,Antsiranana,-12.279,49.292,41.0
2024-12-11,31.8,24.2,27.2,1.2,21.3,47.5,27.39,Antsiranana,-12.279,49.292,41.0
2024-12-12,31.9,24.3,27.5,0.9,19.2,45.4,25.52,Antsiranana,-12.279,49.292,41.0
2024-12-13,25.8,23.6,24.4,64.7,40.0,82.8,5.0,Antsiranana,-12.279,49.292,41.0
2024-12-14,29.4,23.5,26.2,10.9,18.0,35.6,20.97,Antsiranana,-12.279,49.292,41.0
2024-12-15,29.4,24.0,26.3,2.9,28.0,58.7,22.69,Antsiranana,-12.279,49.292,41.0
2024-12-16,29.3,23.3,26.4,1.7,31.0,63.7,25.7,Antsiranana,-12.279,49.292,41.0
2024-12-17,29.7,24.4,26.9,0.1,29.8,62.6,26.92,Antsiranana,-12.279,49.292,41.0
2024-12-18,29.6,23.7,26.4,0.1,26.3,56.2,26.66,Antsiranana,-12.279,49.292,41.0
2024-12-19,29.7,23.7,26.4,1.1,23.3,51.1,25.87,Antsiranana,-12.279,49.292,41.0
2024-12-20,30.6,23.9,26.7,2.1,24.5,49.0,25.62,Antsiranana,-12.279,49.292,41.0
2024-12-21,29.0,24.0,26.1,3.2,21.7,49.0,18.69,Antsiranana,-12.279,49.292,41.0
2024-12-22,28.6,23.8,26.2,3.8,26.7,56.5,23.52,Antsiranana,-12.279,49.292,41.0
2024-12-23,30.6,23.6,26.5,1.0,27.6,59.4,26.18,Antsiranana,-12.279,49.292,41.0
2024-12-24,30.5,24.3,26.5,1.7,24.6,52.6,20.97,Antsiranana,-12.279,49.292,41.0
2024-12-25,31.0,23.9,27.1,0.3,21.2,47.5,26.33,Antsiranana,-12.279,49.292,41.0
2024-12-26,31.1,24.3,27.5,0.2,20.3,46.4,27.3,Antsiranana,-12.279,49.292,41.0
2024-12-27,32.2,24.8,27.8,0.6,21.0,46.8,26.05,Antsiranana,-12.279,49.292,41.0
2024-12-28,31.4,24.3,27.4,2.1,19.0,43.2,23.97,Antsiranana,-12.279,49.292,41.0
2024-12-29,32.6,24.7,27.6,3.9,16.7,40.0,23.56,Antsiranana,-12.279,49.292,41.0
2024-12-30,32.5,23.9,27.6,1.4,15.1,38.9,24.15,Antsiranana,-12.279,49.292,41.0
2024-12-31,30.4,23.1,25.6,15.3,16.8,33.8,16.06,Antsiranana,-12.279,49.292,41.0
2025-01-01,27.8,22.9,24.8,18.0,19.4,42.5,9.15,Antsiranana,-12.279,49.292,41.0
2025-01-02,30.4,24.3,26.9,2.5,22.3,50.8,25.18,Antsiranana,-12.279,49.292,41.0
2025-01-03,30.9,23.9,26.9,1.1,20.9,46.4,25.69,Antsiranana,-12.279,49.292,41.0
2025-01-04,31.0,23.8,26.6,2.5,16.4,40.0,25.75,Antsiranana,-12.279,49.292,41.0
2025-01-05,30.0,23.6,26.4,1.6,19.7,44.3,23.07,Antsiranana,-12.279,49.292,41.0
2025-01-06,30.9,23.4,26.1,7.3,17.5,41.0,24.88,Antsiranana,-12.279,49.292,41.0
2025-01-07,30.1,22.9,26.6,1.6,20.3,46.1,25.44,Antsiranana,-12.279,49.292,41.0
2025-01-08,31.5,24.5,27.6,0.7,22.1,48.6,26.2,Antsiranana,-12.279,49.292,41.0
2025-01-09,30.5,24.4,26.6,5.2,23.2,51.5,22.35,Antsiranana,-12.279,49.292,41.0
2025-01-10,33.0,24.9,28.4,4.3,18.7,42.8,25.79,Antsiranana,-12.279,49.292,41.0
2025-01-11,26.2,24.6,25.2,102.2,41.5,84.6,4.14,Antsiranana,-12.279,49.292,41.0
2025-01-12,28.1,24.0,25.9,34.3,30.9,73.8,17.0,Antsiranana,-12.279,49.292,41.0
2025-01-13,29.6,24.4,27.0,1.6,16.5,36.4,22.93,Antsiranana,-12.279,49.292,41.0
2025-01-14,29.9,24.5,26.9,1.4,11.1,25.6,19.18,Antsiranana,-12.279,49.292,41.0
2025-01-15,27.7,24.0,25.6,20.4,10.0,28.1,16.14,Antsiranana,-12.279,49.292,41.0
2025-01-16,29.4,23.5,25.9,3.9,12.7,30.6,22.87,Antsiranana,-12.279,49.292,41.0
2025-01-17,29.6,22.8,26.0,3.9,15.6,36.4,25.55,Antsiranana,-12.279,49.292,41.0
2025-01-18,29.3,23.6,25.3,25.2,13.8,30.6,20.11,Antsiranana,-12.279,49.292,41.0
2025-01-19,29.3,23.5,26.1,0.9,17.4,38.2,24.87,Antsiranana,-12.279,49.292,41.0
2025-01-20,29.2,23.9,25.9,11.3,17.4,36.4,21.84,Antsiranana,-12.279,49.292,41.0
2025-01-21,29.2,23.9,25.7,9.5,15.3,35.6,21.51,Antsiranana,-12.279,49.292,41.0
2025-01-22,27.9,23.6,25.4,25.2,13.3,28.8,18.2,Antsiranana,-12.279,49.292,41.0
2025-01-23,29.4,22.8,25.2,5.5,10.5,30.6,22.94,Antsiranana,-12.279,49.292,41.0
2025-01-24,29.1,22.8,25.4,2.7,11.3,27.4,22.36,Antsiranana,-12.279,49.292,41.0
2025-01-25,29.1,22.9,25.7,6.6,11.0,26.6,22.28,Antsiranana,-12.279,49.292,41.0
2025-01-26,30.3,22.3,26.0,2.0,13.3,29.5,24.28,Antsiranana,-12.279,49.292,41.0
2025-01-27,30.0,23.2,26.6,1.6,15.3,33.8,23.71,Antsiranana,-12.279,49.292,41.0
2025-01-28,30.5,23.7,27.1,2.2,16.9,39.2,24.83,Antsiranana,-12.279,49.292,41.0
2025-01-29,30.5,23.9,27.2,2.5,20.3,43.2,25.78,Antsiranana,-12.279,49.292,41.0
2025-01-30,30.6,25.3,27.5,2.4,22.8,47.5,24.65,Antsiranana,-12.279,49.292,41.0
2025-01-31,30.6,25.7,27.5,2.8,25.2,57.2,24.81,Antsiranana,-12.279,49.292,41.0
2025-02-01,30.7,24.9,26.9,3.6,23.0,48.6,23.29,Antsiranana,-12.279,49.292,41.0
2025-02-02,28.1,23.3,25.5,10.8,27.4,56.5,21.97,Antsiranana,-12.279,49.292,41.0
2025-02-03,28.9,24.6,26.1,1.6,25.9,54.0,19.85,Antsiranana,-12.279,49.292,41.0
2025-02-04,26.9,23.8,25.3,13.4,22.2,46.1,12.36,Antsiranana,-12.279,49.292,41.0
2025-02-05,29.9,23.6,26.4,3.2,20.4,43.6,20.84,Antsiranana,-12.279,49.292,41.0
2025-02-06,30.5,23.2,26.7,9.4,11.4,21.2,22.83,Antsiranana,-12.279,49.292,41.0
2025-02-07,30.4,23.0,26.3,1.5,14.8,34.6,25.29,Antsiranana,-12.279,49.292,41.0
2025-02-08,29.3,24.1,26.2,3.7,21.2,45.4,23.57,Antsiranana,-12.279,49.292,41.0
2025-02-09,29.2,23.1,25.5,1.2,7.7,24.5,19.53,Antsiranana,-12.279,49.292,41.0
2025-02-10,30.2,23.0,26.4,0.3,16.3,35.3,24.07,Antsiranana,-12.279,49.292,41.0
2025-02-11,31.6,23.4,27.1,1.8,15.6,34.9,25.62,Antsiranana,-12.279,49.292,41.0
2025-02-12,31.7,24.6,27.8,0.4,16.0,35.3,23.07,Antsiranana,-12.279,49.292,41.0
2025-02-13,31.5,24.5,27.5,1.4,11.4,28.8,25.91,Antsiranana,-12.279,49.292,41.0
2025-02-14,30.4,25.1,27.3,1.3,14.7,33.5,24.48,Antsiranana,-12.279,49.292,41.0
2025-02-15,30.2,23.6,27.0,1.8,10.8,24.5,24.11,Antsiranana,-12.279,49.292,41.0
2025-02-16,31.1,22.9,27.3,1.6,15.7,35.3,24.9,Antsiranana,-12.279,49.292,41.0
2025-02-17,32.0,23.2,27.4,2.4,16.6,39.6,24.1,Antsiranana,-12.279,49.292,41.0
2025-02-18,31.5,23.9,27.5,2.1,17.2,41.0,24.14,Antsiranana,-12.279,49.292,41.0
2025-02-19,30.8,23.9,26.6,7.5,15.0,36.0,20.27,Antsiranana,-12.279,49.292,41.0
2025-02-20,29.7,23.4,26.0,3.7,18.9,42.1,18.68,Antsiranana,-12.279,49.292,41.0
2025-02-21,31.4,23.7,27.2,0.1,19.1,42.5,17.53,Antsiranana,-12.279,49.292,41.0
2025-02-22,30.7,25.2,27.6,0.4,19.0,41.0,20.17,Antsiranana,-12.279,49.292,41.0
2025-02-23,30.6,25.5,27.5,0.2,20.4,44.6,19.61,Antsiranana,-12.279,49.292,41.0
2025-02-24,31.1,25.1,28.0,0.7,21.6,47.9,24.55,Antsiranana,-12.279,49.292,41.0
2025-02-25,31.4,25.4,28.0,0.4,24.5,53.3,24.85,Antsiranana,-12.279,49.292,41.0
2025-02-26,31.7,22.3,27.5,0.0,25.0,53.3,22.72,Antsiranana,-12.279,49.292,41.0
2025-02-27,32.5,25.8,28.6,0.0,25.2,55.1,25.76,Antsiranana,-12.279,49.292,41.0
2025-02-28,31.7,26.0,28.8,0.0,29.5,62.6,23.7,Antsiranana,-12.279,49.292,41.0
2025-03-01,32.4,25.8,28.6,0.0,24.0,52.6,23.68,Antsiranana,-12.279,49.292,41.0
2025-03-02,33.6,25.5,29.0,0.2,18.9,43.9,24.14,Antsiranana,-12.279,49.292,41.0
2025-03-03,32.9,24.8,28.0,3.0,17.7,40.3,24.27,Antsiranana,-12.279,49.292,41.0
2025-03-04,31.7,24.1,28.0,1.4,13.0,33.1,24.8,Antsiranana,-12.279,49.292,41.0
2025-03-05,31.5,24.1,27.3,5.6,19.8,43.2,21.29,Antsiranana,-12.279,49.292,41.0
2025-03-06,31.2,23.5,27.6,1.8,25.4,54.0,24.62,Antsiranana,-12.279,49.292,41.0
2025-03-07,26.9,24.2,25.3,51.2,21.1,42.5,4.43,Antsiranana,-12.279,49.292,41.0
2025-03-08,27.7,23.8,25.4,16.4,19.8,42.8,12.95,Antsiranana,-12.279,49.292,41.0
2025-03-09,27.5,23.7,25.0,25.1,15.9,34.9,13.52,Antsiranana,-12.279,49.292,41.0
2025-03-10,27.5,24.2,25.4,8.2,20.9,45.7,15.69,Antsiranana,-12.279,49.292,41.0
2025-03-11,28.5,24.1,26.2,1.7,21.2,46.4,22.51,Antsiranana,-12.279,49.292,41.0
2025-03-12,29.1,24.5,26.4,0.9,20.2,42.5,19.69,Antsiranana,-12.279,49.292,41.0
2025-03-13,29.5,24.8,26.9,0.6,15.5,33.1,23.63,Antsiranana,-12.279,49.292,41.0
2025-03-14,29.9,24.9,27.0,1.5,15.0,31.7,22.31,Antsiranana,-12.279,49.292,41.0
2025-03-15,30.8,24.5,27.3,0.2,17.9,38.5,24.32,Antsiranana,-12.279,49.292,41.0
2025-03-16,32.2,25.5,28.3,0.1,22.7,46.8,24.51,Antsiranana,-12.279,49.292,41.0
2025-03-17,30.0,24.6,26.4,6.6,18.3,39.2,20.11,Antsiranana,-12.279,49.292,41.0
2025-03-18,30.5,24.7,27.1,3.8,24.2,52.6,23.3,Antsiranana,-12.279,49.292,41.0
2025-03-19,29.3,22.9,26.0,10.9,25.8,51.5,11.86,Antsiranana,-12.279,49.292,41.0
2025-03-20,30.0,24.6,26.5,11.5,27.8,59.0,22.66,Antsiranana,-12.279,49.292,41.0
2025-03-21,28.4,23.0,25.4,9.3,20.7,43.6,15.33,Antsiranana,-12.279,49.292,41.0
2025-03-22,28.7,24.2,26.0,7.1,16.6,37.4,19.04,Antsiranana,-12.279,49.292,41.0
2025-03-23,29.3,24.6,26.4,2.9,18.6,39.2,18.0,Antsiranana,-12.279,49.292,41.0
2025-03-24,29.8,23.8,26.2,3.0,20.2,42.5,20.06,Antsiranana,-12.279,49.292,41.0
2025-03-25,28.9,24.1,25.8,2.9,18.1,39.6,18.02,Antsiranana,-12.279,49.292,41.0
2025-03-26,29.5,24.5,26.8,1.4,21.8,46.8,21.75,Antsiranana,-12.279,49.292,41.0
2025-03-27,29.5,24.4,26.1,3.4,24.4,54.4,19.95,Antsiranana,-12.279,49.292,41.0
2025-03-28,30.1,24.3,26.7,1.4,29.8,62.3,21.37,Antsiranana,-12.279,49.292,41.0
2025-03-29,31.0,24.0,27.0,1.7,26.5,59.0,22.96,Antsiranana,-12.279,49.292,41.0
2025-03-30,31.6,25.2,27.8,0.0,28.2,60.5,24.53,Antsiranana,-12.279,49.292,41.0
2025-03-31,30.6,24.5,26.6,1.6,31.5,64.8,20.71,Antsiranana,-12.279,49.292,41.0
2025-04-01,31.6,24.3,27.2,0.5,30.3,62.3,23.42,Antsiranana,-12.279,49.292,41.0
2025-04-02,31.9,24.6,27.7,0.1,20.3,46.1,24.42,Antsiranana,-12.279,49.292,41.0
2025-04-03,31.0,24.0,27.2,2.1,20.4,46.4,23.18,Antsiranana,-12.279,49.292,41.0
2025-04-04,31.6,24.2,27.4,0.4,19.4,44.3,24.07,Antsiranana,-12.279,49.292,41.0
2025-04-05,31.3,24.9,27.2,1.5,24.7,54.4,21.86,Antsiranana,-12.279,49.292,41.0
2025-04-06,30.8,24.6,27.2,0.8,29.2,61.6,20.94,Antsiranana,-12.279,49.292,41.0
2025-04-07,31.6,24.5,27.3,1.0,28.0,60.5,22.89,Antsiranana,-12.279,49.292,41.0
2025-04-08,30.2,24.0,26.2,2.4,25.3,53.3,17.7,Antsiranana,-12.279,49.292,41.0
2025-04-09,30.1,23.7,26.5,0.5,15.0,36.0,20.85,Antsiranana,-12.279,49.292,41.0
2025-04-10,31.3,24.2,27.2,0.4,13.8,34.6,21.49,Antsiranana,-12.279,49.292,41.0
2025-04-11,30.9,24.2,27.1,1.8,19.5,44.3,21.14,Antsiranana,-12.279,49.292,41.0
2025-04-12,30.9,24.5,27.2,0.8,32.5,68.4,21.69,Antsiranana,-12.279,49.292,41.0
2025-04-13,31.1,24.8,27.5,1.3,30.3,64.1,20.62,Antsiranana,-12.279,49.292,41.0
2025-04-14,31.2,25.3,27.6,1.7,28.2,60.5,19.24,Antsiranana,-12.279,49.292,41.0
2025-04-15,30.7,25.0,27.1,3.3,25.9,55.4,19.74,Antsiranana,-12.279,49.292,41.0
2025-04-16,30.7,24.3,26.8,1.9,25.7,55.1,20.74,Antsiranana,-12.279,49.292,41.0
2025-04-17,31.5,24.3,27.2,0.4,22.8,49.7,21.1,Antsiranana,-12.279,49.292,41.0
2025-04-18,32.1,24.7,27.7,0.0,20.0,46.4,22.35,Antsiranana,-12.279,49.292,41.0
2025-04-19,31.5,24.6,27.5,0.2,20.6,46.8,22.43,Antsiranana,-12.279,49.292,41.0
2025-04-20,31.9,24.4,27.4,0.8,18.2,42.8,22.16,Antsiranana,-12.279,49.292,41.0
2025-04-21,30.7,24.4,26.8,1.1,17.9,41.4,19.47,Antsiranana,-12.279,49.292,41.0
2025-04-22,31.0,24.5,27.5,1.7,20.9,46.1,20.13,Antsiranana,-12.279,49.292,41.0
2025-04-23,32.2,25.3,28.2,0.6,20.6,46.1,21.17,Antsiranana,-12.279,49.292,41.0
2025-04-24,31.8,25.5,27.9,0.9,27.0,60.5,20.84,Antsiranana,-12.279,49.292,41.0
2025-04-25,31.3,25.3,27.9,1.3,27.9,61.6,21.31,Antsiranana,-12.279,49.292,41.0
2025-04-26,30.3,24.6,26.6,2.3,32.7,69.1,16.21,Antsiranana,-12.279,49.292,41.0
2025-04-27,29.9,24.1,26.7,1.8,28.6,61.2,15.69,Antsiranana,-12.279,49.292,41.0
2025-04-28,31.5,24.7,27.4,0.1,26.7,58.3,20.7,Antsiranana,-12.279,49.292,41.0
2025-04-29,30.7,24.5,27.1,1.4,30.9,63.7,20.11,Antsiranana,-12.279,49.292,41.0
2025-04-30,31.1,24.9,27.2,1.1,30.2,63.0,20.14,Antsiranana,-12.279,49.292,41.0
2025-05-01,30.8,24.1,26.5,1.8,25.1,55.8,19.26,Antsiranana,-12.279,49.292,41.0
2025-05-02,31.1,24.5,27.2,1.1,26.0,55.1,19.77,Antsiranana,-12.279,49.292,41.0
2025-05-03,31.7,24.3,26.9,7.6,23.7,54.0,18.74,Antsiranana,-12.279,49.292,41.0
2025-05-04,32.3,24.6,27.5,0.1,19.7,43.6,21.33,Antsiranana,-12.279,49.292,41.0
2025-05-05,32.6,23.4,27.5,0.1,21.8,47.2,21.01,Antsiranana,-12.279,49.292,41.0
2025-05-06,32.1,24.8,27.9,0.0,33.6,69.1,21.36,Antsiranana,-12.279,49.292,41.0
2025-05-07,31.0,23.8,27.1,0.3,33.5,71.6,17.82,Antsiranana,-12.279,49.292,41.0
2025-05-08,30.2,25.0,27.0,1.2,31.6,65.5,18.12,Antsiranana,-12.279,49.292,41.0
2025-05-09,31.0,24.6,26.8,0.9,28.9,61.9,18.14,Antsiranana,-12.279,49.292,41.0
2025-05-10,31.3,24.9,27.4,0.1,29.9,63.7,19.52,Antsiranana,-12.279,49.292,41.0
2025-05-11,31.3,24.4,27.3,0.2,30.0,65.2,19.73,Antsiranana,-12.279,49.292,41.0
2025-05-12,31.2,24.7,27.1,1.1,31.3,65.5,18.15,Antsiranana,-12.279,49.292,41.0
2025-05-13,32.8,25.0,27.9,0.0,26.2,56.9,20.74,Antsiranana,-12.279,49.292,41.0
2025-05-14,31.4,24.5,27.2,0.8,34.7,73.4,18.37,Antsiranana,-12.279,49.292,41.0
2025-05-15,32.3,24.5,27.4,0.1,28.5,61.6,17.41,Antsiranana,-12.279,49.292,41.0
2025-05-16,30.4,25.1,27.3,1.6,30.5,64.1,18.25,Antsiranana,-12.279,49.292,41.0
2025-05-17,30.5,24.6,26.6,1.2,31.4,67.0,17.99,Antsiranana,-12.279,49.292,41.0
2025-05-18,31.4,24.3,26.9,0.6,31.9,66.6,18.11,Antsiranana,-12.279,49.292,41.0
2025-05-19,32.1,24.0,27.1,0.0,24.6,53.3,19.93,Antsiranana,-12.279,49.292,41.0
2025-05-20,31.7,24.5,27.2,0.0,25.2,54.0,18.61,Antsiranana,-12.279,49.292,41.0
2025-05-21,31.6,24.1,27.0,0.0,29.2,62.6,20.7,Antsiranana,-12.279,49.292,41.0
2025-05-22,32.6,23.1,26.9,0.0,24.6,54.0,20.86,Antsiranana,-12.279,49.292,41.0
2025-05-23,32.8,21.2,26.6,0.0,25.1,53.6,20.48,Antsiranana,-12.279,49.292,41.0
2025-05-24,31.8,24.2,27.0,0.1,32.6,66.6,19.9,Antsiranana,-12.279,49.292,41.0
2025-05-25,31.1,24.1,26.7,0.0,37.7,78.8,17.61,Antsiranana,-12.279,49.292,41.0
2025-05-26,30.0,23.5,26.1,0.0,40.5,85.3,18.94,Antsiranana,-12.279,49.292,41.0
2025-05-27,31.1,22.9,26.0,0.0,31.3,66.2,20.46,Antsiranana,-12.279,49.292,41.0
2025-05-28,31.9,23.5,26.5,0.1,28.2,61.2,19.36,Antsiranana,-12.279,49.292,41.0
2025-05-29,31.5,24.1,26.6,0.2,31.4,68.0,18.5,Antsiranana,-12.279,49.292,41.0
2025-05-30,29.1,23.6,25.8,1.0,34.7,70.9,16.73,Antsiranana,-12.279,49.292,41.0
2025-05-31,31.3,23.1,26.3,0.2,30.5,65.5,20.34,Antsiranana,-12.279,49.292,41.0
2025-06-01,29.8,23.3,25.7,0.8,30.5,65.2,17.68,Antsiranana,-12.279,49.292,41.0
2025-06-02,28.4,23.6,25.5,1.3,32.9,70.2,15.72,Antsiranana,-12.279,49.292,41.0
2025-06-03,30.6,23.6,26.0,0.0,32.3,69.8,18.73,Antsiranana,-12.279,49.292,41.0
2025-06-04,30.2,23.2,25.8,0.0,29.5,64.4,19.83,Antsiranana,-12.279,49.292,41.0
2025-06-05,30.1,22.7,25.8,1.0,28.0,60.1,18.0,Antsiranana,-12.279,49.292,41.0
2025-06-06,30.5,23.9,26.1,0.0,37.2,76.3,13.92,Antsiranana,-12.279,49.292,41.0
2025-06-07,30.0,23.3,26.1,0.2,41.1,85.0,18.51,Antsiranana,-12.279,49.292,41.0
2025-06-08,28.7,23.8,25.8,0.1,41.2,84.2,17.81,Antsiranana,-12.279,49.292,41.0
2025-06-09,29.4,21.8,25.2,2.6,36.4,76.7,17.75,Antsiranana,-12.279,49.292,41.0
2025-06-10,29.6,23.1,25.5,0.0,38.7,81.0,17.21,Antsiranana,-12.279,49.292,41.0
2025-06-11,30.2,22.1,25.3,0.0,30.0,62.6,19.54,Antsiranana,-12.279,49.292,41.0
2025-06-12,30.9,22.3,25.7,0.0,25.2,52.9,19.87,Antsiranana,-12.279,49.292,41.0
2025-06-13,30.4,21.9,25.5,0.7,26.9,55.8,18.1,Antsiranana,-12.279,49.292,41.0
2025-06-14,29.3,23.4,25.5,0.0,32.6,67.3,12.22,Antsiranana,-12.279,49.292,41.0
2025-06-15,30.2,23.2,25.5,0.0,36.7,77.0,19.01,Antsiranana,-12.279,49.292,41.0
2025-06-16,30.1,22.3,25.1,0.0,34.9,72.7,19.41,Antsiranana,-12.279,49.292,41.0
2025-06-17,29.3,21.9,24.6,0.0,38.4,80.6,18.96,Antsiranana,-12.279,49.292,41.0
2025-06-18,29.8,21.7,25.0,0.0,32.4,68.8,18.28,Antsiranana,-12.279,49.292,41.0
2025-06-19,29.6,22.5,25.1,0.0,30.3,63.4,16.32,Antsiranana,-12.279,49.292,41.0
2025-06-20,29.9,22.4,25.2,0.0,24.5,51.8,19.57,Antsiranana,-12.279,49.292,41.0
2025-06-21,30.3,22.2,25.2,0.0,22.8,51.8,18.85,Antsiranana,-12.279,49.292,41.0
2025-06-22,29.4,22.2,25.5,0.0,25.6,55.8,19.3,Antsiranana,-12.279,49.292,41.0
2025-06-23,29.5,23.7,25.7,0.0,36.1,76.0,19.02,Antsiranana,-12.279,49.292,41.0
2025-06-24,28.4,22.6,25.0,0.1,34.8,72.0,17.52,Antsiranana,-12.279,49.292,41.0
2025-06-25,29.6,22.3,25.2,0.0,29.3,62.6,20.1,Antsiranana,-12.279,49.292,41.0
2025-06-26,32.7,22.2,25.9,0.5,24.7,55.1,19.99,Antsiranana,-12.279,49.292,41.0
2025-06-27,29.6,22.5,25.1,0.6,29.7,62.6,17.5,Antsiranana,-12.279,49.292,41.0
2025-06-28,29.6,22.6,25.2,0.3,29.8,61.6,17.54,Antsiranana,-12.279,49.292,41.0
2025-06-29,30.5,22.4,25.4,0.5,37.0,80.3,18.24,Antsiranana,-12.279,49.292,41.0
2025-06-30,29.7,22.2,25.1,0.0,31.4,67.0,18.32,Antsiranana,-12.279,49.292,41.0
2025-07-01,29.6,22.4,25.4,0.0,33.6,73.1,19.52,Antsiranana,-12.279,49.292,41.0
2025-07-02,30.1,22.4,25.0,0.1,32.4,64.4,18.91,Antsiranana,-12.279,49.292,41.0
2025-07-03,29.1,21.9,24.4,0.0,34.4,72.4,19.81,Antsiranana,-12.279,49.292,41.0
2025-07-04,28.3,21.1,24.0,0.0,35.6,73.8,20.25,Antsiranana,-12.279,49.292,41.0
2025-07-05,27.9,20.7,23.7,0.0,35.7,73.1,17.72,Antsiranana,-12.279,49.292,41.0
2025-07-06,28.8,20.8,24.1,0.0,29.0,62.6,19.79,Antsiranana,-12.279,49.292,41.0
2025-07-07,29.1,21.4,24.3,0.0,25.6,56.2,19.12,Antsiranana,-12.279,49.292,41.0
2025-07-08,28.5,21.9,24.6,0.3,32.7,71.3,17.87,Antsiranana,-12.279,49.292,41.0
2025-07-09,29.7,22.3,24.9,0.0,34.3,76.7,19.32,Antsiranana,-12.279,49.292,41.0
2025-07-10,29.6,22.0,24.8,0.0,32.2,67.7,19.87,Antsiranana,-12.279,49.292,41.0
2025-07-11,28.6,21.6,24.6,0.0,43.2,89.3,18.9,Antsiranana,-12.279,49.292,41.0
2025-07-12,30.1,22.5,25.4,0.0,40.0,85.0,18.85,Antsiranana,-12.279,49.292,41.0
2025-07-13,30.8,23.0,25.9,0.0,32.2,68.0,18.02,Antsiranana,-12.279,49.292,41.0
2025-07-14,27.1,20.0,24.1,3.4,25.8,55.8,7.61,Antsiranana,-12.279,49.292,41.0
2025-07-15,29.8,22.7,25.2,0.0,29.8,63.7,20.06,Antsiranana,-12.279,49.292,41.0
2025-07-16,29.3,22.3,24.9,0.0,30.8,66.6,19.94,Antsiranana,-12.279,49.292,41.0
2025-07-17,29.2,21.8,24.6,0.1,29.8,62.6,18.98,Antsiranana,-12.279,49.292,41.0
2025-07-18,28.9,21.9,24.4,0.0,30.6,64.8,18.08,Antsiranana,-12.279,49.292,41.0
2025-07-19,29.6,21.5,24.4,0.0,29.5,61.2,20.13,Antsiranana,-12.279,49.292,41.0
2025-07-20,29.7,20.6,24.3,0.1,26.4,59.0,17.99,Antsiranana,-12.279,49.292,41.0
2025-07-21,28.8,21.5,24.1,0.0,28.0,59.8,19.86,Antsiranana,-12.279,49.292,41.0
2025-07-22,28.9,21.3,24.0,0.0,30.9,66.6,20.35,Antsiranana,-12.279,49.292,41.0
2025-07-23,29.5,20.9,24.2,0.0,30.4,65.5,20.65,Antsiranana,-12.279,49.292,41.0
2025-07-24,29.4,21.4,24.4,0.0,26.5,58.0,21.21,Antsiranana,-12.279,49.292,41.0
2025-07-25,28.9,21.4,24.4,0.0,31.2,65.5,20.51,Antsiranana,-12.279,49.292,41.0
2025-07-26,28.7,21.2,24.3,0.0,30.3,65.5,21.03,Antsiranana,-12.279,49.292,41.0
2025-07-27,29.9,21.9,24.9,0.0,27.9,58.0,20.99,Antsiranana,-12.279,49.292,41.0
2025-07-28,29.4,21.9,24.7,0.0,29.1,62.6,19.58,Antsiranana,-12.279,49.292,41.0
2025-07-29,29.8,21.9,24.8,0.3,34.0,72.4,19.53,Antsiranana,-12.279,49.292,41.0
2025-07-30,27.9,21.5,24.0,0.6,39.5,82.8,17.35,Antsiranana,-12.279,49.292,41.0
2025-07-31,29.3,22.2,24.7,0.5,40.0,83.9,19.22,Antsiranana,-12.279,49.292,41.0
2025-08-01,29.0,21.8,24.2,0.1,32.6,68.8,19.09,Antsiranana,-12.279,49.292,41.0
2025-08-02,30.2,21.0,24.4,0.7,20.8,48.6,19.37,Antsiranana,-12.279,49.292,41.0
2025-08-03,30.3,21.7,24.7,0.0,20.0,48.2,20.34,Antsiranana,-12.279,49.292,41.0
2025-08-04,29.0,22.1,24.6,0.2,33.0,70.6,19.32,Antsiranana,-12.279,49.292,41.0
2025-08-05,29.1,20.8,23.9,0.0,35.0,73.8,21.99,Antsiranana,-12.279,49.292,41.0
2025-08-06,28.8,21.2,23.8,0.0,35.5,74.5,19.8,Antsiranana,-12.279,49.292,41.0
2025-08-07,28.8,21.1,24.0,0.0,29.9,62.3,21.94,Antsiranana,-12.279,49.292,41.0
2025-08-08,29.1,21.4,24.4,0.0,29.1,61.2,21.79,Antsiranana,-12.279,49.292,41.0
2025-08-09,29.4,21.2,24.2,0.0,28.9,61.2,21.35,Antsiranana,-12.279,49.292,41.0
2025-08-10,29.2,21.3,24.2,0.0,29.6,62.3,22.33,Antsiranana,-12.279,49.292,41.0
2025-08-11,30.1,21.5,24.9,0.0,30.3,64.1,22.65,Antsiranana,-12.279,49.292,41.0
2025-08-12,26.0,21.9,23.5,5.7,27.4,60.8,11.85,Antsiranana,-12.279,49.292,41.0
2025-08-13,27.8,21.5,24.1,1.1,38.5,81.0,20.86,Antsiranana,-12.279,49.292,41.0
2025-08-14,28.4,21.6,24.0,0.0,36.0,77.0,22.2,Antsiranana,-12.279,49.292,41.0
2025-08-15,28.7,20.7,23.8,0.0,28.2,60.8,22.75,Antsiranana,-12.279,49.292,41.0
2025-08-16,30.4,20.8,24.3,0.9,19.1,45.7,22.17,Antsiranana,-12.279,49.292,41.0
2025-08-17,28.8,20.6,24.0,0.0,27.1,58.7,21.18,Antsiranana,-12.279,49.292,41.0
2025-08-18,29.2,21.4,24.4,0.0,30.3,66.2,22.62,Antsiranana,-12.279,49.292,41.0
2025-08-19,28.6,21.0,24.1,0.0,34.3,72.4,21.37,Antsiranana,-12.279,49.292,41.0
2025-08-20,29.3,21.3,24.2,0.3,25.9,55.4,21.99,Antsiranana,-12.279,49.292,41.0
2025-08-21,28.2,21.4,24.3,0.3,29.3,61.2,21.08,Antsiranana,-12.279,49.292,41.0
2025-08-22,29.1,21.8,24.5,0.0,28.5,61.9,22.63,Antsiranana,-12.279,49.292,41.0
2025-08-23,28.5,22.0,24.5,0.0,36.9,77.4,21.29,Antsiranana,-12.279,49.292,41.0
2025-08-24,29.3,21.8,24.9,0.0,37.4,79.6,23.17,Antsiranana,-12.279,49.292,41.0
2025-08-25,28.7,21.9,24.6,0.1,36.0,75.6,21.07,Antsiranana,-12.279,49.292,41.0
2025-08-26,29.4,21.2,24.5,0.0,32.8,69.5,23.77,Antsiranana,-12.279,49.292,41.0
2025-08-27,27.9,22.0,24.5,0.3,33.7,71.6,19.48,Antsiranana,-12.279,49.292,41.0
2025-08-28,28.4,21.4,24.3,0.0,33.0,68.8,22.72,Antsiranana,-12.279,49.292,41.0
2025-08-29,28.2,21.3,24.2,0.0,36.0,77.4,20.49,Antsiranana,-12.279,49.292,41.0
2025-08-30,28.8,21.3,24.7,0.0,34.9,75.2,23.3,Antsiranana,-12.279,49.292,41.0
2025-08-31,28.9,21.5,24.7,0.0,34.8,73.4,24.9,Antsiranana,-12.279,49.292,41.0
2025-09-01,29.5,22.3,24.7,0.0,32.3,67.7,22.78,Antsiranana,-12.279,49.292,41.0
2025-09-02,29.1,20.9,24.4,0.0,33.7,72.4,24.51,Antsiranana,-12.279,49.292,41.0
2025-09-03,29.4,21.0,24.3,0.4,32.7,69.5,22.71,Antsiranana,-12.279,49.292,41.0
2025-09-04,29.0,21.1,24.2,0.0,29.9,64.1,24.14,Antsiranana,-12.279,49.292,41.0
2025-09-05,28.9,20.8,24.3,0.0,26.0,56.9,25.14,Antsiranana,-12.279,49.292,41.0
2025-09-06,30.6,21.8,25.3,0.0,29.7,63.0,24.02,Antsiranana,-12.279,49.292,41.0
2025-09-07,29.6,22.4,25.5,0.3,39.2,81.0,21.58,Antsiranana,-12.279,49.292,41.0
2025-09-08,29.4,22.2,24.8,0.0,40.8,85.3,23.72,Antsiranana,-12.279,49.292,41.0
2025-09-09,29.8,21.7,24.9,0.0,35.7,77.0,23.7,Antsiranana,-12.279,49.292,41.0
2025-09-10,29.2,21.7,24.5,0.0,37.8,81.0,22.74,Antsiranana,-12.279,49.292,41.0
2025-09-11,28.7,21.6,24.4,0.0,42.1,87.8,22.65,Antsiranana,-12.279,49.292,41.0
2025-09-12,29.0,21.3,24.5,0.0,33.2,71.6,25.12,Antsiranana,-12.279,49.292,41.0
2025-09-13,29.2,21.5,24.5,0.0,32.4,69.1,24.65,Antsiranana,-12.279,49.292,41.0
2025-09-14,29.3,21.3,24.5,0.0,28.7,63.0,25.46,Antsiranana,-12.279,49.292,41.0
2025-09-15,30.2,21.6,25.1,0.1,28.7,63.4,24.6,Antsiranana,-12.279,49.292,41.0
2025-09-16,28.4,22.3,24.7,1.9,32.0,67.7,19.36,Antsiranana,-12.279,49.292,41.0
2025-09-17,29.6,22.3,24.9,0.0,29.2,61.2,22.59,Antsiranana,-12.279,49.292,41.0
2025-09-18,29.3,21.8,25.0,0.0,33.6,71.3,22.62,Antsiranana,-12.279,49.292,41.0
2025-09-19,30.7,22.2,25.5,0.0,29.1,63.4,26.05,Antsiranana,-12.279,49.292,41.0
2025-09-20,29.7,22.9,25.4,0.2,31.3,66.2,22.37,Antsiranana,-12.279,49.292,41.0
2025-09-21,29.8,22.4,25.2,0.0,35.9,77.4,24.55,Antsiranana,-12.279,49.292,41.0
2025-09-22,28.6,22.0,24.6,0.2,37.7,79.2,22.67,Antsiranana,-12.279,49.292,41.0
2025-09-23,29.5,21.5,24.7,0.0,42.3,86.4,26.38,Antsiranana,-12.279,49.292,41.0
2025-09-24,28.2,21.8,24.4,0.2,35.6,73.8,22.32,Antsiranana,-12.279,49.292,41.0
2025-09-25,30.9,20.6,24.7,0.0,27.3,58.3,27.2,Antsiranana,-12.279,49.292,41.0
2025-09-26,30.6,21.4,25.1,0.2,24.8,56.2,25.86,Antsiranana,-12.279,49.292,41.0
2025-09-27,30.2,21.5,25.0,0.0,27.5,58.3,25.82,Antsiranana,-12.279,49.292,41.0
2025-09-28,29.9,21.8,25.2,0.0,31.6,67.0,26.06,Antsiranana,-12.279,49.292,41.0
2025-09-29,29.6,22.3,25.2,0.0,31.2,67.0,23.12,Antsiranana,-12.279,49.292,41.0
2025-09-30,29.8,22.1,25.3,0.0,30.7,64.1,24.67,Antsiranana,-12.279,49.292,41.0
2025-10-01,31.2,22.3,26.1,1.0,20.4,47.9,24.89,Antsiranana,-12.279,49.292,41.0
2025-10-02,28.9,22.4,25.0,1.4,16.5,40.3,22.0,Antsiranana,-12.279,49.292,41.0
2025-10-03,29.3,21.9,24.9,2.7,12.6,34.6,21.55,Antsiranana,-12.279,49.292,41.0
2025-10-04,30.4,21.7,25.5,0.1,17.2,42.1,24.8,Antsiranana,-12.279,49.292,41.0
2025-10-05,30.7,22.3,25.7,0.0,25.9,57.2,26.76,Antsiranana,-12.279,49.292,41.0
2025-10-06,30.0,23.0,25.9,0.2,39.2,81.4,25.34,Antsiranana,-12.279,49.292,41.0
2025-10-07,30.5,23.6,26.0,0.0,36.6,77.4,24.29,Antsiranana,-12.279,49.292,41.0
2025-10-08,30.5,23.1,25.9,0.0,28.4,58.7,24.74,Antsiranana,-12.279,49.292,41.0
2025-10-09,31.0,22.8,25.8,0.1,29.1,63.4,25.56,Antsiranana,-12.279,49.292,41.0
2025-10-10,29.6,22.7,25.5,0.5,28.7,62.3,24.89,Antsiranana,-12.279,49.292,41.0
2025-10-11,30.1,21.8,25.5,0.0,30.5,65.9,27.23,Antsiranana,-12.279,49.292,41.0
2025-10-12,30.0,22.3,25.5,0.4,32.3,69.1,25.82,Antsiranana,-12.279,49.292,41.0
2025-10-13,30.0,22.1,25.5,0.0,33.7,72.0,26.77,Antsiranana,-12.279,49.292,41.0
2025-10-14,30.8,22.8,25.8,0.0,31.8,69.8,24.91,Antsiranana,-12.279,49.292,41.0
2025-10-15,31.2,22.7,25.9,0.0,31.7,68.4,27.73,Antsiranana,-12.279,49.292,41.0
2025-10-16,30.1,22.3,25.6,0.0,30.7,65.9,27.62,Antsiranana,-12.279,49.292,41.0
2025-10-17,30.7,22.1,25.5,0.0,26.6,58.0,26.77,Antsiranana,-12.279,49.292,41.0
2025-10-18,30.6,22.1,25.6,0.0,33.1,69.8,28.2,Antsiranana,-12.279,49.292,41.0
2025-10-19,30.6,22.8,25.6,0.0,33.9,72.7,27.91,Antsiranana,-12.279,49.292,41.0
2025-10-20,31.4,21.6,25.8,0.0,26.8,59.4,28.03,Antsiranana,-12.279,49.292,41.0
2025-10-21,32.4,21.5,26.1,0.5,20.3,49.7,25.37,Antsiranana,-12.279,49.292,41.0
2025-10-22,30.3,22.3,25.9,0.3,18.0,42.8,21.26,Antsiranana,-12.279,49.292,41.0
2025-10-23,32.9,23.8,27.2,0.0,28.8,61.6,27.48,Antsiranana,-12.279,49.292,41.0
2025-10-24,32.6,24.3,27.7,1.1,33.3,70.6,22.95,Antsiranana,-12.279,49.292,41.0
2025-10-25,31.2,24.0,26.9,0.0,37.8,80.3,22.31,Antsiranana,-12.279,49.292,41.0
2025-10-26,30.3,23.9,26.2,0.0,42.2,85.7,23.25,Antsiranana,-12.279,49.292,41.0
2025-10-27,30.1,23.3,25.9,0.0,34.4,71.6,23.62,Antsiranana,-12.279,49.292,41.0
2025-10-28,30.4,22.9,26.0,0.0,30.3,66.2,27.4,Antsiranana,-12.279,49.292,41.0
2025-10-29,30.0,22.4,25.8,0.3,25.8,55.4,24.58,Antsiranana,-12.279,49.292,41.0
2025-10-30,30.8,22.3,25.9,0.0,25.9,56.2,25.01,Antsiranana,-12.279,49.292,41.0
2025-10-31,30.3,22.5,26.0,0.1,28.4,61.6,24.72,Antsiranana,-12.279,49.292,41.0
2025-11-01,32.0,23.3,26.4,0.1,33.5,70.2,21.33,Antsiranana,-12.279,49.292,41.0
2025-11-02,31.1,24.0,26.7,0.0,35.1,74.9,25.63,Antsiranana,-12.279,49.292,41.0
2025-11-03,31.8,23.8,27.1,0.0,28.1,60.5,25.37,Antsiranana,-12.279,49.292,41.0
2025-11-04,31.1,23.8,26.8,0.0,29.9,64.4,24.46,Antsiranana,-12.279,49.292,41.0
2025-11-05,31.8,23.2,26.7,0.0,28.4,60.5,25.66,Antsiranana,-12.279,49.292,41.0
2025-11-06,32.4,23.2,27.0,0.0,22.2,51.1,28.11,Antsiranana,-12.279,49.292,41.0
2025-11-07,32.0,23.6,27.3,0.1,20.3,47.9,25.89,Antsiranana,-12.279,49.292,41.0
2025-11-08,31.3,24.2,27.0,1.4,19.4,45.7,22.96,Antsiranana,-12.279,49.292,41.0
2025-11-09,31.1,23.8,26.9,2.4,21.5,48.6,23.72,Antsiranana,-12.279,49.292,41.0
2025-11-10,31.9,24.1,26.9,3.0,23.5,51.5,24.25,Antsiranana,-12.279,49.292,41.0
2025-11-11,30.9,23.9,26.7,1.3,27.5,57.6,23.17,Antsiranana,-12.279,49.292,41.0
2025-11-12,31.2,23.5,26.8,0.3,29.1,63.0,24.66,Antsiranana,-12.279,49.292,41.0
2025-11-13,31.4,23.7,27.2,1.0,23.1,50.8,24.91,Antsiranana,-12.279,49.292,41.0
2025-11-14,33.0,23.1,28.3,0.4,19.1,41.4,23.32,Antsiranana,-12.279,49.292,41.0
2025-11-15,33.6,24.9,27.3,6.6,18.0,37.8,19.05,Antsiranana,-12.279,49.292,41.0
2025-11-16,29.7,24.9,26.8,1.8,22.5,46.4,21.18,Antsiranana,-12.279,49.292,41.0
2025-11-17,30.7,24.1,26.8,0.8,17.4,40.7,24.35,Antsiranana,-12.279,49.292,41.0
2025-11-18,30.8,23.3,26.9,0.9,13.6,34.2,24.3,Antsiranana,-12.279,49.292,41.0
2025-11-19,31.8,23.6,26.9,2.3,13.0,33.8,23.16,Antsiranana,-12.279,49.292,41.0
2025-11-20,30.6,23.2,26.6,1.2,11.8,33.8,21.5,Antsiranana,-12.279,49.292,41.0
2025-11-21,31.5,23.4,27.2,1.2,18.9,42.1,24.72,Antsiranana,-12.279,49.292,41.0
2025-11-22,33.2,23.4,28.0,1.1,24.7,52.9,26.6,Antsiranana,-12.279,49.292,41.0
2025-11-23,32.5,24.2,27.7,1.5,15.3,38.2,27.17,Antsiranana,-12.279,49.292,41.0
2025-11-24,31.7,24.1,27.3,1.5,18.1,42.5,26.01,Antsiranana,-12.279,49.292,41.0
2025-11-25,31.4,24.1,27.6,2.1,18.0,40.0,24.6,Antsiranana,-12.279,49.292,41.0
2025-11-26,31.4,24.9,27.3,3.3,19.7,45.0,24.96,Antsiranana,-12.279,49.292,41.0
2025-11-27,31.6,24.2,27.4,1.3,22.7,50.0,25.44,Antsiranana,-12.279,49.292,41.0
2025-11-28,30.8,23.0,26.3,26.9,15.8,31.3,21.58,Antsiranana,-12.279,49.292,41.0
2025-11-29,30.8,22.7,25.6,27.4,12.3,31.0,20.02,Antsiranana,-12.279,49.292,41.0
2025-11-30,29.8,23.1,25.0,23.9,12.1,30.2,18.93,Antsiranana,-12.279,49.292,41.0
2025-12-01,30.1,22.9,26.2,1.1,13.9,32.4,26.52,Antsiranana,-12.279,49.292,41.0
2025-12-02,29.7,23.5,26.3,1.2,15.2,35.6,25.8,Antsiranana,-12.279,49.292,41.0
2025-12-03,30.5,23.3,26.7,0.2,18.2,38.9,27.27,Antsiranana,-12.279,49.292,41.0
2025-12-04,31.2,24.6,27.3,0.5,20.2,44.6,25.47,Antsiranana,-12.279,49.292,41.0
2025-12-05,31.0,22.9,26.7,1.3,20.5,47.9,25.11,Antsiranana,-12.279,49.292,41.0
2025-12-06,30.6,24.4,26.8,2.3,19.4,42.5,23.19,Antsiranana,-12.279,49.292,41.0
2025-12-07,30.6,23.0,26.7,0.6,16.8,38.9,26.35,Antsiranana,-12.279,49.292,41.0
2025-12-08,31.1,24.2,27.1,0.0,17.6,40.3,27.11,Antsiranana,-12.279,49.292,41.0
2025-12-09,31.7,24.1,27.4,0.1,13.5,33.1,27.04,Antsiranana,-12.279,49.292,41.0
2025-12-10,31.4,23.9,26.8,4.4,13.0,32.4,25.03,Antsiranana,-12.279,49.292,41.0
2025-12-11,30.8,23.8,27.2,0.6,13.2,33.8,24.4,Antsiranana,-12.279,49.292,41.0
2025-12-12,29.8,24.0,27.0,0.6,12.8,28.8,15.87,Antsiranana,-12.279,49.292,41.0
2025-12-13,30.1,24.5,26.7,3.7,24.3,52.9,22.18,Antsiranana,-12.279,49.292,41.0
2025-12-14,30.6,24.5,26.8,2.3,24.3,51.8,22.08,Antsiranana,-12.279,49.292,41.0
2025-12-15,29.3,24.2,26.1,7.9,25.7,55.1,21.98,Antsiranana,-12.279,49.292,41.0
2025-12-16,30.4,24.0,26.9,1.5,26.4,55.4,26.05,Antsiranana,-12.279,49.292,41.0
2025-12-17,30.1,24.2,26.4,2.8,24.4,52.9,22.84,Antsiranana,-12.279,49.292,41.0
2025-12-18,28.7,23.5,25.7,10.1,25.4,57.6,19.02,Antsiranana,-12.279,49.292,41.0
2025-12-19,30.8,24.3,26.8,2.0,25.9,57.6,23.24,Antsiranana,-12.279,49.292,41.0
2025-12-20,28.9,23.3,25.0,8.0,18.7,39.6,18.74,Antsiranana,-12.279,49.292,41.0
2025-12-21,30.5,23.3,26.4,2.0,17.2,38.9,22.34,Antsiranana,-12.279,49.292,41.0
2025-12-22,30.3,24.2,27.0,0.1,18.3,39.2,23.43,Antsiranana,-12.279,49.292,41.0
2025-12-23,29.4,24.3,26.8,2.4,20.2,43.2,21.46,Antsiranana,-12.279,49.292,41.0
2025-12-24,29.8,23.9,26.7,0.8,18.9,42.1,21.9,Antsiranana,-12.279,49.292,41.0
2025-12-25,30.4,24.3,27.2,1.0,21.0,45.7,23.72,Antsiranana,-12.279,49.292,41.0
2025-12-26,31.8,24.1,27.6,1.9,14.6,36.4,24.63,Antsiranana,-12.279,49.292,41.0
2025-12-27,30.4,23.7,27.1,1.7,14.9,36.4,23.8,Antsiranana,-12.279,49.292,41.0
2025-12-28,32.4,23.8,27.1,9.5,12.1,31.0,24.14,Antsiranana,-12.279,49.292,41.0
2025-12-29,31.1,24.1,27.2,0.3,10.7,27.7,24.54,Antsiranana,-12.279,49.292,41.0
2025-12-30,32.0,24.5,28.0,1.6,11.8,29.9,25.38,Antsiranana,-12.279,49.292,41.0
2025-12-31,31.3,24.9,27.5,2.3,13.0,31.0,22.95,Antsiranana,-12.279,49.292,41.0
2026-01-01,30.9,23.9,26.7,1.8,13.1,35.3,23.25,Antsiranana,-12.279,49.292,41.0
2026-01-02,32.1,23.2,26.8,1.5,14.3,32.0,22.0,Antsiranana,-12.279,49.292,41.0
2026-01-03,30.7,24.1,27.1,6.6,14.5,32.8,16.53,Antsiranana,-12.279,49.292,41.0
2026-01-04,30.9,25.2,27.3,5.2,21.8,50.8,21.0,Antsiranana,-12.279,49.292,41.0
2026-01-05,30.5,24.9,27.2,0.9,22.8,51.5,21.31,Antsiranana,-12.279,49.292,41.0
2026-01-06,29.6,25.2,26.8,7.9,24.4,50.8,21.58,Antsiranana,-12.279,49.292,41.0
2026-01-07,31.0,24.2,26.8,20.5,20.4,42.8,19.92,Antsiranana,-12.279,49.292,41.0
2026-01-08,30.8,22.8,25.6,20.5,13.4,30.2,19.42,Antsiranana,-12.279,49.292,41.0
2026-01-09,30.5,22.9,26.0,2.9,16.5,38.2,25.53,Antsiranana,-12.279,49.292,41.0
2026-01-10,30.3,23.8,26.8,1.0,21.3,48.6,25.42,Antsiranana,-12.279,49.292,41.0
2026-01-11,29.8,23.5,26.2,3.3,25.4,54.4,25.74,Antsiranana,-12.279,49.292,41.0
2026-01-12,29.6,22.9,26.1,0.7,16.4,38.2,24.57,Antsiranana,-12.279,49.292,41.0
2026-01-13,31.0,23.8,26.3,7.3,13.3,33.8,23.57,Antsiranana,-12.279,49.292,41.0
2026-01-14,30.7,22.9,25.5,15.5,12.8,33.8,19.61,Antsiranana,-12.279,49.292,41.0
2026-01-15,30.5,23.0,26.2,2.3,11.1,29.2,23.95,Antsiranana,-12.279,49.292,41.0
2026-01-16,30.3,23.8,25.8,5.5,10.4,25.9,20.07,Antsiranana,-12.279,49.292,41.0
2026-01-17,28.7,23.4,25.9,4.8,13.5,33.1,18.31,Antsiranana,-12.279,49.292,41.0
2026-01-18,30.0,23.8,26.6,5.7,19.7,42.5,22.62,Antsiranana,-12.279,49.292,41.0
2026-01-19,29.2,23.3,25.5,6.1,12.2,30.6,18.7,Antsiranana,-12.279,49.292,41.0
2026-01-20,30.7,23.3,26.6,1.7,20.8,43.6,24.35,Antsiranana,-12.279,49.292,41.0
2026-01-21,30.6,25.3,28.0,0.7,28.3,59.8,25.95,Antsiranana,-12.279,49.292,41.0
2026-01-22,32.0,26.1,28.4,0.6,26.1,55.4,24.12,Antsiranana,-12.279,49.292,41.0
2026-01-23,29.9,25.0,27.0,1.8,26.1,56.2,24.32,Antsiranana,-12.279,49.292,41.0
2026-01-24,27.3,23.9,25.4,12.7,23.6,49.7,15.56,Antsiranana,-12.279,49.292,41.0
2026-01-25,28.7,24.5,26.3,0.6,22.0,47.2,14.88,Antsiranana,-12.279,49.292,41.0
2026-01-26,29.0,23.9,26.0,4.2,19.9,46.1,20.9,Antsiranana,-12.279,49.292,41.0
2026-01-27,29.2,24.3,26.2,2.2,18.5,42.1,15.98,Antsiranana,-12.279,49.292,41.0
2026-01-28,29.9,24.7,26.6,1.0,21.5,46.1,22.34,Antsiranana,-12.279,49.292,41.0
2026-01-29,30.6,24.6,27.4,0.2,22.6,49.3,27.43,Antsiranana,-12.279,49.292,41.0
2026-01-30,31.0,24.7,27.6,0.0,19.5,41.8,23.46,Antsiranana,-12.279,49.292,41.0
2026-01-31,31.2,24.9,27.9,0.2,23.9,52.2,24.12,Antsiranana,-12.279,49.292,41.0
2026-02-01,30.6,26.0,27.8,3.6,28.8,61.2,23.27,Antsiranana,-12.279,49.292,41.0
2026-02-02,30.0,25.0,27.4,0.8,27.0,57.6,25.14,Antsiranana,-12.279,49.292,41.0
2026-02-03,30.7,24.3,27.4,2.7,25.7,55.1,23.13,Antsiranana,-12.279,49.292,41.0
2026-02-04,31.9,24.2,27.6,6.6,23.6,51.1,22.08,Antsiranana,-12.279,49.292,41.0
2026-02-05,30.9,23.4,25.1,55.3,10.5,26.3,16.54,Antsiranana,-12.279,49.292,41.0
2026-02-06,29.7,23.0,25.6,17.1,10.4,28.1,21.67,Antsiranana,-12.279,49.292,41.0
2026-02-07,28.1,23.2,24.7,15.3,15.9,35.6,17.59,Antsiranana,-12.279,49.292,41.0
2026-02-08,29.9,22.7,26.1,1.9,19.6,42.1,21.79,Antsiranana,-12.279,49.292,41.0
2026-02-09,28.7,23.6,25.8,17.5,9.1,24.1,19.62,Antsiranana,-12.279,49.292,41.0
2026-02-10,29.5,23.0,25.4,2.8,10.7,29.5,22.83,Antsiranana,-12.279,49.292,41.0
2026-02-11,30.5,23.0,26.4,2.9,9.0,22.0,25.46,Antsiranana,-12.279,49.292,41.0
2026-02-12,28.8,22.9,25.2,22.3,14.2,32.4,17.68,Antsiranana,-12.279,49.292,41.0
2026-02-13,25.8,22.8,24.0,18.8,18.3,43.2,11.73,Antsiranana,-12.279,49.292,41.0
2026-02-14,28.2,22.9,25.6,1.2,19.3,41.0,18.4,Antsiranana,-12.279,49.292,41.0
2026-02-15,29.5,23.0,25.9,3.8,18.1,38.2,24.51,Antsiranana,-12.279,49.292,41.0
2026-02-16,29.6,22.8,25.5,6.0,14.5,34.6,25.01,Antsiranana,-12.279,49.292,41.0
2026-02-17,30.0,23.4,26.1,1.7,12.3,26.6,24.51,Antsiranana,-12.279,49.292,41.0
2026-02-18,27.1,23.7,25.5,3.7,18.5,37.1,12.61,Antsiranana,-12.279,49.292,41.0
2026-02-19,29.9,24.6,26.5,2.4,19.7,44.3,23.79,Antsiranana,-12.279,49.292,41.0
2026-02-20,30.3,24.0,26.6,0.9,16.5,36.4,24.75,Antsiranana,-12.279,49.292,41.0
2026-02-21,30.2,22.8,26.2,7.4,8.8,24.8,24.92,Antsiranana,-12.279,49.292,41.0
2026-02-22,30.9,23.2,26.0,13.4,8.2,22.7,23.19,Antsiranana,-12.279,49.292,41.0
2026-02-23,30.5,23.0,26.2,1.4,13.2,30.6,22.62,Antsiranana,-12.279,49.292,41.0
2026-02-24,30.0,23.4,25.9,6.5,8.1,23.0,21.39,Antsiranana,-12.279,49.292,41.0
2026-02-25,30.5,23.6,26.4,11.3,11.6,27.7,22.26,Antsiranana,-12.279,49.292,41.0
2026-02-26,30.6,24.8,27.2,1.5,19.5,43.9,22.51,Antsiranana,-12.279,49.292,41.0
2026-02-27,29.8,24.2,26.6,4.1,20.7,44.3,22.92,Antsiranana,-12.279,49.292,41.0
2026-02-28,30.9,24.3,27.2,1.7,21.3,46.8,24.81,Antsiranana,-12.279,49.292,41.0
2026-03-01,30.2,24.2,26.6,2.8,24.7,50.0,22.76,Antsiranana,-12.279,49.292,41.0
2026-03-02,31.5,23.9,27.4,1.6,25.0,55.1,25.3,Antsiranana,-12.279,49.292,41.0
2026-03-03,29.8,23.1,26.4,4.0,25.8,56.2,20.05,Antsiranana,-12.279,49.292,41.0
2026-03-04,29.6,23.5,26.0,3.7,21.5,44.3,14.07,Antsiranana,-12.279,49.292,41.0
2026-03-05,29.6,22.8,25.4,5.4,25.0,56.2,19.55,Antsiranana,-12.279,49.292,41.0
2026-03-06,30.1,22.6,26.2,2.2,22.9,50.0,20.8,Antsiranana,-12.279,49.292,41.0
2026-03-07,31.9,24.1,26.8,0.9,18.1,42.5,24.08,Antsiranana,-12.279,49.292,41.0
2026-03-08,31.4,23.3,26.0,9.0,10.7,25.6,19.54,Antsiranana,-12.279,49.292,41.0
2026-03-09,27.2,22.6,24.5,21.0,21.0,44.3,9.85,Antsiranana,-12.279,49.292,41.0
2026-03-10,29.7,22.4,25.2,6.2,24.9,53.3,19.3,Antsiranana,-12.279,49.292,41.0
2026-03-11,29.0,23.7,25.5,4.1,27.8,59.4,21.09,Antsiranana,-12.279,49.292,41.0
2026-03-12,30.3,23.3,26.4,0.2,25.1,53.3,23.32,Antsiranana,-12.279,49.292,41.0
2026-03-13,30.7,22.4,26.3,2.9,15.5,33.8,21.25,Antsiranana,-12.279,49.292,41.0
2026-03-14,30.8,23.1,26.3,3.5,20.6,46.4,23.88,Antsiranana,-12.279,49.292,41.0
2026-03-15,31.6,22.9,26.7,3.8,20.7,47.9,25.44,Antsiranana,-12.279,49.292,41.0
2026-03-16,33.1,24.8,27.9,1.1,19.5,41.8,24.26,Antsiranana,-12.279,49.292,41.0
2026-03-17,31.6,24.8,27.4,1.4,20.4,45.7,24.01,Antsiranana,-12.279,49.292,41.0
2026-03-18,31.4,24.1,27.5,0.9,19.2,44.6,24.01,Antsiranana,-12.279,49.292,41.0
2026-03-19,30.7,24.6,26.9,2.4,26.5,56.5,21.71,Antsiranana,-12.279,49.292,41.0
2026-03-20,30.9,24.2,26.8,1.6,28.5,61.6,20.24,Antsiranana,-12.279,49.292,41.0
2026-03-21,28.5,24.0,25.7,3.2,26.8,57.2,14.53,Antsiranana,-12.279,49.292,41.0
2026-03-22,29.4,23.2,26.0,2.9,22.2,48.6,18.67,Antsiranana,-12.279,49.292,41.0
2026-03-23,29.6,23.6,25.4,3.1,27.1,58.7,15.92,Antsiranana,-12.279,49.292,41.0
2026-03-24,30.5,23.9,26.8,1.3,24.4,55.1,23.01,Antsiranana,-12.279,49.292,41.0
2026-03-25,30.7,24.8,27.2,1.0,26.7,58.3,22.66,Antsiranana,-12.279,49.292,41.0
2026-03-26,30.0,24.1,26.9,0.9,23.7,50.8,19.66,Antsiranana,-12.279,49.292,41.0
2026-03-27,33.2,25.1,27.7,0.9,18.6,45.0,23.13,Antsiranana,-12.279,49.292,41.0
2026-03-28,32.5,24.5,27.4,1.0,17.5,41.4,23.31,Antsiranana,-12.279,49.292,41.0
2026-03-29,32.9,24.3,27.6,0.3,14.9,37.1,22.92,Antsiranana,-12.279,49.292,41.0
2026-03-30,31.8,24.5,27.6,1.4,17.8,42.1,21.87,Antsiranana,-12.279,49.292,41.0
2026-03-31,32.9,24.5,27.9,0.1,16.8,39.6,24.04,Antsiranana,-12.279,49.292,41.0
2026-04-01,31.5,23.0,26.1,12.3,12.7,35.6,19.53,Antsiranana,-12.279,49.292,41.0
2026-04-02,30.9,23.4,26.3,1.8,12.2,31.0,21.21,Antsiranana,-12.279,49.292,41.0
2026-04-03,30.5,23.4,26.0,2.4,14.1,34.2,20.1,Antsiranana,-12.279,49.292,41.0
2026-04-04,29.5,22.1,25.2,2.0,10.9,25.2,17.55,Antsiranana,-12.279,49.292,41.0
2026-04-05,29.2,22.6,25.3,2.5,16.3,34.9,19.26,Antsiranana,-12.279,49.292,41.0
2026-04-06,30.2,24.0,26.5,1.1,25.5,55.4,19.95,Antsiranana,-12.279,49.292,41.0
2026-04-07,30.3,24.6,26.7,0.0,25.6,52.9,21.28,Antsiranana,-12.279,49.292,41.0
2026-04-08,30.9,23.8,27.0,0.0,29.3,61.6,24.82,Antsiranana,-12.279,49.292,41.0
2026-04-09,31.8,25.0,27.3,0.3,27.6,58.7,17.4,Antsiranana,-12.279,49.292,41.0
2026-04-10,29.8,23.4,26.5,4.4,30.2,65.2,20.02,Antsiranana,-12.279,49.292,41.0
2026-04-11,30.7,22.4,26.4,2.7,30.8,64.4,21.94,Antsiranana,-12.279,49.292,41.0
2026-04-12,31.2,24.7,27.3,0.2,21.4,47.2,21.39,Antsiranana,-12.279,49.292,41.0
2026-04-13,30.2,24.3,26.9,1.4,24.2,54.7,20.46,Antsiranana,-12.279,49.292,41.0
2026-04-14,31.6,24.9,27.6,0.3,29.3,62.6,21.54,Antsiranana,-12.279,49.292,41.0
2026-04-15,31.3,24.3,27.2,0.5,26.3,56.5,21.4,Antsiranana,-12.279,49.292,41.0
2026-04-16,31.7,24.1,27.3,0.2,25.5,55.4,22.17,Antsiranana,-12.279,49.292,41.0
2026-04-17,32.2,24.1,27.5,0.0,22.8,50.4,22.72,Antsiranana,-12.279,49.292,41.0
2026-04-18,33.9,24.7,28.3,0.4,19.9,44.3,22.08,Antsiranana,-12.279,49.292,41.0
2026-04-19,31.5,25.0,27.4,0.9,28.2,60.1,20.74,Antsiranana,-12.279,49.292,41.0
2026-04-20,31.2,24.7,27.5,0.9,32.9,70.2,20.67,Antsiranana,-12.279,49.292,41.0
2026-04-21,32.9,25.0,28.1,0.0,27.7,58.7,23.62,Antsiranana,-12.279,49.292,41.0
2026-04-22,31.8,24.6,27.6,0.2,30.5,64.8,21.59,Antsiranana,-12.279,49.292,41.0
2026-04-23,32.6,25.3,27.9,0.7,26.3,60.8,21.53,Antsiranana,-12.279,49.292,41.0
2026-04-24,33.1,25.0,28.0,1.0,26.9,59.0,22.28,Antsiranana,-12.279,49.292,41.0
2026-04-25,33.3,25.2,28.2,0.4,23.0,51.1,21.37,Antsiranana,-12.279,49.292,41.0
2026-04-26,34.1,24.7,28.2,3.8,19.3,44.3,21.6,Antsiranana,-12.279,49.292,41.0
2026-04-27,32.6,23.1,27.1,3.3,10.0,28.1,18.97,Antsiranana,-12.279,49.292,41.0
2026-04-28,33.1,23.7,27.8,0.2,13.3,34.6,21.4,Antsiranana,-12.279,49.292,41.0
2026-04-29,32.0,24.1,27.4,1.9,17.1,41.8,20.4,Antsiranana,-12.279,49.292,41.0
2026-04-30,32.1,24.8,27.8,0.1,23.2,54.0,21.76,Antsiranana,-12.279,49.292,41.0
2026-05-01,31.3,25.3,27.4,1.3,31.3,66.2,19.14,Antsiranana,-12.279,49.292,41.0
2026-05-02,31.9,24.8,27.5,0.0,31.4,67.3,21.09,Antsiranana,-12.279,49.292,41.0
2026-05-03,33.0,24.2,27.5,0.0,25.9,57.6,22.54,Antsiranana,-12.279,49.292,41.0
2026-05-04,32.7,24.5,27.6,0.3,29.6,62.6,21.47,Antsiranana,-12.279,49.292,41.0
2026-05-05,30.9,24.5,27.2,0.0,34.4,71.6,21.9,Antsiranana,-12.279,49.292,41.0
2026-05-06,31.8,23.5,27.0,0.0,24.3,49.7,22.49,Antsiranana,-12.279,49.292,41.0
2026-05-07,30.3,24.0,26.8,0.9,30.6,65.9,20.62,Antsiranana,-12.279,49.292,41.0
2026-05-08,31.3,23.5,26.8,1.3,26.6,57.6,20.48,Antsiranana,-12.279,49.292,41.0
2026-05-09,32.1,24.2,27.0,0.1,32.7,68.8,19.3,Antsiranana,-12.279,49.292,41.0
2026-05-10,32.4,24.7,27.2,0.0,30.4,64.8,21.59,Antsiranana,-12.279,49.292,41.0
2026-05-11,32.0,24.3,27.2,0.0,27.4,60.5,20.46,Antsiranana,-12.279,49.292,41.0
2026-05-12,30.6,24.4,27.1,1.5,28.0,59.4,18.63,Antsiranana,-12.279,49.292,41.0
2026-05-13,31.1,23.7,26.6,0.2,30.1,64.4,19.98,Antsiranana,-12.279,49.292,41.0
2026-05-14,30.0,23.5,25.9,3.4,33.4,69.8,18.66,Antsiranana,-12.279,49.292,41.0
2026-05-15,29.4,22.3,25.3,2.9,25.0,53.6,16.98,Antsiranana,-12.279,49.292,41.0
2026-05-16,31.1,23.6,26.4,0.2,24.1,50.8,20.86,Antsiranana,-12.279,49.292,41.0
2026-05-17,32.9,22.3,26.0,5.7,14.4,35.6,20.62,Antsiranana,-12.279,49.292,41.0
2026-05-18,30.6,22.0,25.6,2.0,18.6,41.8,18.71,Antsiranana,-12.279,49.292,41.0
2026-05-19,32.1,21.9,26.8,0.3,17.7,39.6,20.67,Antsiranana,-12.279,49.292,41.0
2026-05-20,33.3,21.8,26.9,0.0,13.7,34.6,21.05,Antsiranana,-12.279,49.292,41.0
2026-05-21,32.9,21.7,26.8,0.1,22.9,49.7,20.28,Antsiranana,-12.279,49.292,41.0
2026-05-22,31.5,24.2,26.9,0.3,23.9,51.5,19.31,Antsiranana,-12.279,49.292,41.0
2026-05-23,32.1,24.2,27.0,0.0,29.6,63.4,20.21,Antsiranana,-12.279,49.292,41.0
2026-05-24,31.5,23.1,26.4,0.2,24.2,53.3,20.34,Antsiranana,-12.279,49.292,41.0
2026-05-25,30.5,23.5,26.4,0.4,23.7,51.8,18.5,Antsiranana,-12.279,49.292,41.0
2026-05-26,30.7,23.4,26.3,0.0,22.8,51.1,19.1,Antsiranana,-12.279,49.292,41.0
2026-05-27,31.3,23.2,26.5,0.0,22.5,49.3,20.56,Antsiranana,-12.279,49.292,41.0
2026-05-28,31.8,23.6,26.6,0.4,25.4,56.2,18.85,Antsiranana,-12.279,49.292,41.0
2026-05-29,30.7,23.9,26.5,0.8,27.2,58.3,17.38,Antsiranana,-12.279,49.292,41.0
2026-05-30,30.9,23.8,26.6,0.4,24.6,54.4,19.12,Antsiranana,-12.279,49.292,41.0
2026-05-31,30.3,23.5,26.6,0.0,28.8,60.1,18.85,Antsiranana,-12.279,49.292,41.0
2026-06-01,30.8,23.6,26.5,0.2,30.6,65.9,19.26,Antsiranana,-12.279,49.292,41.0
2026-06-02,30.3,23.5,26.3,0.0,29.0,62.6,18.83,Antsiranana,-12.279,49.292,41.0
2026-06-03,30.9,23.4,26.4,0.0,22.2,50.8,19.47,Antsiranana,-12.279,49.292,41.0
2026-06-04,29.7,23.7,26.1,2.1,18.8,42.5,17.43,Antsiranana,-12.279,49.292,41.0
2026-06-05,30.5,23.2,26.2,0.0,26.1,56.5,18.33,Antsiranana,-12.279,49.292,41.0
2026-06-06,30.7,23.2,26.4,0.0,25.0,55.1,19.1,Antsiranana,-12.279,49.292,41.0
2026-06-07,30.4,23.4,26.4,0.0,25.3,55.8,18.48,Antsiranana,-12.279,49.292,41.0
2026-06-08,30.4,22.3,25.5,4.0,16.1,38.2,16.66,Antsiranana,-12.279,49.292,41.0
2026-06-09,30.0,21.3,25.2,0.8,17.0,36.4,17.37,Antsiranana,-12.279,49.292,41.0
2026-06-10,30.0,20.5,25.0,0.0,13.3,31.7,19.31,Antsiranana,-12.279,49.292,41.0
2026-06-11,30.6,21.1,25.3,0.0,15.7,37.8,18.77,Antsiranana,-12.279,49.292,41.0
2026-06-12,31.1,21.2,25.6,0.0,22.3,49.0,19.02,Antsiranana,-12.279,49.292,41.0
2026-06-13,31.1,23.4,26.3,0.0,24.9,53.3,18.25,Antsiranana,-12.279,49.292,41.0
2026-06-14,30.6,23.6,26.3,0.0,29.8,63.7,17.67,Antsiranana,-12.279,49.292,41.0
2026-06-15,31.3,23.7,26.6,0.0,37.1,78.1,18.9,Antsiranana,-12.279,49.292,41.0
2026-06-16,31.5,23.3,26.3,0.0,32.3,67.3,20.01,Antsiranana,-12.279,49.292,41.0
2026-06-17,31.0,22.5,25.7,0.0,30.3,64.8,19.71,Antsiranana,-12.279,49.292,41.0
2026-06-18,30.9,22.1,25.6,0.0,26.4,58.0,20.08,Antsiranana,-12.279,49.292,41.0
2026-06-19,31.2,22.9,25.9,0.0,25.4,53.3,19.83,Antsiranana,-12.279,49.292,41.0
2026-06-20,30.7,22.0,25.4,0.1,24.8,53.3,19.93,Antsiranana,-12.279,49.292,41.0
2026-06-21,29.4,21.4,24.5,0.7,27.7,57.2,16.05,Antsiranana,-12.279,49.292,41.0
2026-06-22,30.1,21.8,25.0,0.0,30.7,65.5,20.02,Antsiranana,-12.279,49.292,41.0
2026-06-23,29.6,21.5,24.8,0.1,27.9,59.4,19.7,Antsiranana,-12.279,49.292,41.0
2026-06-24,30.2,22.1,25.1,0.2,29.0,59.8,18.86,Antsiranana,-12.279,49.292,41.0
2026-06-25,30.5,22.0,25.4,0.0,22.7,51.1,18.55,Antsiranana,-12.279,49.292,41.0
2026-06-26,30.6,22.5,25.7,0.1,30.4,64.1,18.92,Antsiranana,-12.279,49.292,41.0
2026-06-27,30.5,22.9,25.5,1.0,29.5,63.7,18.64,Antsiranana,-12.279,49.292,41.0
2026-06-28,29.5,22.2,25.0,0.0,31.5,65.9,19.84,Antsiranana,-12.279,49.292,41.0
2026-06-29,30.4,22.1,25.2,0.0,27.6,59.4,20.16,Antsiranana,-12.279,49.292,41.0
2026-06-30,29.9,21.9,24.9,0.2,27.0,57.2,19.39,Antsiranana,-12.279,49.292,41.0
2026-07-01,29.2,22.0,24.8,0.2,28.5,61.6,19.37,Antsiranana,-12.279,49.292,41.0
2026-07-02,29.3,21.5,24.3,0.6,29.0,61.6,19.18,Antsiranana,-12.279,49.292,41.0
2026-07-03,29.7,21.3,24.6,0.0,25.2,55.8,19.48,Antsiranana,-12.279,49.292,41.0
2026-07-04,28.8,22.6,24.8,3.6,22.1,51.1,13.1,Antsiranana,-12.279,49.292,41.0
2026-07-05,28.8,23.0,25.1,1.7,25.7,56.2,14.13,Antsiranana,-12.279,49.292,41.0
2026-07-06,29.9,22.5,25.3,0.1,34.0,70.2,18.46,Antsiranana,-12.279,49.292,41.0
2026-07-07,29.6,22.0,25.1,0.0,40.3,84.6,18.57,Antsiranana,-12.279,49.292,41.0
2026-07-08,28.8,21.2,24.0,0.2,32.5,69.5,19.36,Antsiranana,-12.279,49.292,41.0
2026-07-09,29.8,20.9,24.3,0.0,26.2,55.4,20.4,Antsiranana,-12.279,49.292,41.0
2026-07-10,29.3,21.9,25.0,0.0,28.0,60.1,18.9,Antsiranana,-12.279,49.292,41.0
2026-07-11,30.5,22.7,25.7,0.6,19.2,42.5,18.65,Antsiranana,-12.279,49.292,41.0
2026-07-12,29.1,22.0,24.3,4.2,10.6,27.7,13.93,Antsiranana,-12.279,49.292,41.0
2026-07-13,29.7,21.7,24.8,0.3,18.3,42.1,18.61,Antsiranana,-12.279,49.292,41.0
2026-07-14,29.9,21.4,25.1,0.0,23.8,51.1,19.54,Antsiranana,-12.279,49.292,41.0
2026-07-15,30.1,21.8,25.3,0.4,17.5,40.3,18.82,Antsiranana,-12.279,49.292,41.0
2026-07-16,29.5,20.4,24.5,1.8,12.4,31.3,17.82,Antsiranana,-12.279,49.292,41.0
2026-07-17,29.6,20.8,24.8,0.0,18.3,42.8,19.52,Antsiranana,-12.279,49.292,41.0
2026-07-18,29.3,22.0,25.0,0.0,23.6,52.2,18.19,Antsiranana,-12.279,49.292,41.0
2026-07-19,28.5,22.3,24.7,0.5,22.5,50.0,16.18,Antsiranana,-12.279,49.292,41.0
2026-07-20,29.2,21.6,24.8,0.0,24.4,52.9,18.53,Antsiranana,-12.279,49.292,41.0
2026-07-21,29.5,21.1,24.6,0.0,22.6,48.6,20.9,Antsiranana,-12.279,49.292,41.0
2026-07-22,29.9,21.6,25.0,0.0,24.7,52.6,20.74,Antsiranana,-12.279,49.292,41.0
2026-07-23,30.3,22.3,25.3,0.0,29.6,63.4,20.79,Antsiranana,-12.279,49.292,41.0
2026-07-24,29.8,21.7,24.7,0.0,30.4,63.7,20.65,Antsiranana,-12.279,49.292,41.0
2026-07-25,29.5,21.2,24.8,0.0,20.1,46.8,19.97,Antsiranana,-12.279,49.292,41.0
2026-07-26,28.7,20.3,24.1,0.0,19.6,45.0,19.86,Antsiranana,-12.279,49.292,41.0
2026-07-27,28.4,20.7,24.2,0.0,30.4,64.8,21.31,Antsiranana,-12.279,49.292,41.0
2026-07-28,29.2,21.6,24.9,0.0,29.5,63.7,21.51,Antsiranana,-12.279,49.292,41.0
2026-07-29,31.4,22.2,25.5,0.0,27.9,58.7,20.61,Antsiranana,-12.279,49.292,41.0
2026-07-30,30.6,22.3,25.5,0.0,27.8,58.7,20.74,Antsiranana,-12.279,49.292,41.0
2026-07-31,29.9,22.0,25.1,0.1,19.3,43.9,15.75,Antsiranana,-12.279,49.292,41.0
2026-08-01,30.3,20.8,24.9,0.3,20.0,46.1,19.95,Antsiranana,-12.279,49.292,41.0
2026-08-02,29.8,21.9,25.2,0.3,22.7,51.1,20.22,Antsiranana,-12.279,49.292,41.0
2026-08-03,30.5,22.8,25.7,0.0,26.9,60.5,20.86,Antsiranana,-12.279,49.292,41.0
2026-08-04,29.5,22.9,25.3,2.0,26.8,58.3,20.11,Antsiranana,-12.279,49.292,41.0
2026-08-05,29.9,21.6,24.9,1.1,27.8,60.1,18.69,Antsiranana,-12.279,49.292,41.0
2026-08-06,28.9,22.0,24.9,0.2,33.7,70.9,20.1,Antsiranana,-12.279,49.292,41.0
2026-08-07,28.6,21.6,24.8,1.3,34.0,71.6,20.07,Antsiranana,-12.279,49.292,41.0
2026-08-08,28.9,21.5,24.7,0.1,31.6,67.7,20.33,Antsiranana,-12.279,49.292,41.0
2026-08-09,28.8,21.9,24.9,0.0,34.5,72.4,20.65,Antsiranana,-12.279,49.292,41.0
2026-08-10,28.6,21.9,24.8,0.5,33.4,71.6,20.44,Antsiranana,-12.279,49.292,41.0
2026-08-11,29.8,21.9,25.0,0.0,29.3,63.4,22.08,Antsiranana,-12.279,49.292,41.0
2026-08-12,29.5,22.0,25.2,0.7,26.1,56.9,20.68,Antsiranana,-12.279,49.292,41.0
2026-08-13,31.4,22.5,25.8,0.4,27.9,59.8,22.18,Antsiranana,-12.279,49.292,41.0
2026-08-14,30.5,22.9,25.6,0.0,22.3,49.0,18.42,Antsiranana,-12.279,49.292,41.0
2026-08-15,28.6,22.4,25.0,3.7,22.0,48.2,18.51,Antsiranana,-12.279,49.292,41.0
2026-08-16,29.5,21.8,25.0,0.0,25.2,56.2,21.09,Antsiranana,-12.279,49.292,41.0
2026-08-17,29.4,22.1,25.0,0.1,24.6,54.7,20.52,Antsiranana,-12.279,49.292,41.0
2026-08-18,30.2,22.2,25.3,0.1,24.0,53.3,22.11,Antsiranana,-12.279,49.292,41.0
2026-08-19,30.4,22.5,25.5,0.7,26.8,57.2,21.93,Antsiranana,-12.279,49.292,41.0
2026-08-20,30.3,23.0,25.9,0.8,33.9,72.0,20.83,Antsiranana,-12.279,49.292,41.0
2026-08-21,30.6,23.0,25.7,0.0,29.6,63.7,22.62,Antsiranana,-12.279,49.292,41.0
2026-08-22,30.0,22.2,25.2,0.0,27.5,59.8,22.36,Antsiranana,-12.279,49.292,41.0
2026-08-23,29.6,21.8,25.1,0.0,29.6,61.9,23.11,Antsiranana,-12.279,49.292,41.0
2026-08-24,30.1,21.6,25.2,0.0,26.3,57.2,24.03,Antsiranana,-12.279,49.292,41.0
2026-08-25,29.2,21.7,25.1,0.0,29.2,64.1,22.77,Antsiranana,-12.279,49.292,41.0
2026-08-26,30.1,21.7,25.3,0.0,27.2,59.0,23.29,Antsiranana,-12.279,49.292,41.0
2026-08-27,30.3,21.6,25.4,0.0,26.7,59.8,23.92,Antsiranana,-12.279,49.292,41.0
2026-08-28,30.7,22.4,25.8,0.0,35.8,75.6,23.25,Antsiranana,-12.279,49.292,41.0
2026-08-29,30.2,22.7,25.4,0.0,43.8,90.0,23.15,Antsiranana,-12.279,49.292,41.0
2026-08-30,29.0,21.7,24.6,0.0,42.4,88.2,23.59,Antsiranana,-12.279,49.292,41.0
2026-08-31,28.9,21.0,24.3,0.3,42.1,87.5,22.88,Antsiranana,-12.279,49.292,41.0
2026-09-01,28.7,21.2,24.4,0.0,31.6,68.0,22.52,Antsiranana,-12.279,49.292,41.0
2026-09-02,29.5,21.3,24.9,0.3,29.8,64.4,23.11,Antsiranana,-12.279,49.292,41.0
2026-09-03,29.3,22.1,25.2,0.0,32.9,69.1,23.36,Antsiranana,-12.279,49.292,41.0
2026-09-04,29.8,21.7,25.2,0.0,34.5,72.4,24.68,Antsiranana,-12.279,49.292,41.0
2026-09-05,29.4,21.8,25.2,0.0,30.5,66.2,22.71,Antsiranana,-12.279,49.292,41.0
2026-09-06,30.0,22.1,25.4,0.0,30.7,66.6,24.19,Antsiranana,-12.279,49.292,41.0
2026-09-07,30.3,21.9,25.4,0.0,29.1,61.9,20.43,Antsiranana,-12.279,49.292,41.0
2026-09-08,30.2,22.2,25.4,0.0,36.4,74.9,25.17,Antsiranana,-12.279,49.292,41.0
2026-09-09,29.8,22.4,25.4,0.3,41.0,85.3,23.39,Antsiranana,-12.279,49.292,41.0
2026-09-10,29.4,22.8,25.1,0.1,39.3,82.1,22.29,Antsiranana,-12.279,49.292,41.0
2026-09-11,29.7,21.5,25.0,0.0,31.6,69.1,25.18,Antsiranana,-12.279,49.292,41.0
2026-09-12,30.6,21.8,25.2,0.0,30.2,64.8,24.77,Antsiranana,-12.279,49.292,41.0
2026-09-13,30.5,22.0,25.5,0.1,28.4,61.2,24.97,Antsiranana,-12.279,49.292,41.0
2026-09-14,30.1,22.5,25.5,0.0,35.0,74.2,24.69,Antsiranana,-12.279,49.292,41.0
2026-09-15,29.3,22.4,25.4,0.2,45.7,96.1,24.87,Antsiranana,-12.279,49.292,41.0
2026-09-16,28.8,21.1,24.2,1.7,44.0,92.2,24.47,Antsiranana,-12.279,49.292,41.0
2026-09-17,29.1,21.4,24.6,0.0,38.3,80.3,24.33,Antsiranana,-12.279,49.292,41.0
2026-09-18,31.0,21.7,25.4,0.0,33.0,69.5,25.57,Antsiranana,-12.279,49.292,41.0
2026-09-19,30.5,22.5,25.5,0.0,30.6,66.2,25.69,Antsiranana,-12.279,49.292,41.0
2026-09-20,29.5,22.2,25.2,0.0,36.2,75.6,26.15,Antsiranana,-12.279,49.292,41.0
2026-09-21,29.6,22.0,25.1,0.0,34.8,75.2,24.6,Antsiranana,-12.279,49.292,41.0
