date,tmax,tmin,tmoy,pluie,vent,raf,ray,ville,lat,lon,alt
2012-01-01,22.9,16.1,18.9,21.7,14.3,34.9,19.7,Antsirabe,-19.867,47.033,1507.0
2012-01-02,24.2,16.4,19.1,16.1,9.4,29.5,19.51,Antsirabe,-19.867,47.033,1507.0
2012-01-03,22.6,16.0,18.6,31.2,15.6,33.8,14.31,Antsirabe,-19.867,47.033,1507.0
2012-01-04,19.0,14.7,16.3,33.6,15.7,35.6,7.82,Antsirabe,-19.867,47.033,1507.0
2012-01-05,20.6,15.2,17.1,8.3,19.1,44.3,10.58,Antsirabe,-19.867,47.033,1507.0
2012-01-06,19.7,14.9,17.3,8.0,12.5,38.2,9.66,Antsirabe,-19.867,47.033,1507.0
2012-01-07,21.9,16.0,17.9,21.2,8.8,25.2,11.48,Antsirabe,-19.867,47.033,1507.0
2012-01-08,20.5,15.9,17.7,18.6,19.4,48.2,6.64,Antsirabe,-19.867,47.033,1507.0
2012-01-09,21.9,15.6,18.0,11.9,23.7,51.5,17.6,Antsirabe,-19.867,47.033,1507.0
2012-01-10,21.2,16.1,17.7,7.8,29.7,65.5,17.11,Antsirabe,-19.867,47.033,1507.0
2012-01-11,22.8,15.2,18.3,0.0,20.2,43.9,24.83,Antsirabe,-19.867,47.033,1507.0
2012-01-12,23.5,15.6,19.2,0.0,14.1,31.0,21.54,Antsirabe,-19.867,47.033,1507.0
2012-01-13,22.1,13.3,17.6,3.5,18.1,41.8,17.33,Antsirabe,-19.867,47.033,1507.0
2012-01-14,23.3,16.3,19.4,1.4,13.2,32.0,22.6,Antsirabe,-19.867,47.033,1507.0
2012-01-15,22.8,16.1,18.7,4.4,15.8,33.8,15.91,Antsirabe,-19.867,47.033,1507.0
2012-01-16,22.6,15.8,18.4,4.2,16.3,40.3,17.42,Antsirabe,-19.867,47.033,1507.0
2012-01-17,22.4,13.9,17.3,12.4,11.4,25.9,18.39,Antsirabe,-19.867,47.033,1507.0
2012-01-18,23.7,13.7,18.1,0.2,11.5,30.2,24.5,Antsirabe,-19.867,47.033,1507.0
2012-01-19,22.3,13.2,17.7,0.3,17.3,40.3,17.52,Antsirabe,-19.867,47.033,1507.0
2012-01-20,19.1,14.7,16.6,9.4,19.1,42.8,9.52,Antsirabe,-19.867,47.033,1507.0
2012-01-21,21.9,14.5,17.9,22.4,13.5,34.2,16.56,Antsirabe,-19.867,47.033,1507.0
2012-01-22,21.8,16.8,18.3,33.8,11.0,33.1,11.83,Antsirabe,-19.867,47.033,1507.0
2012-01-23,23.9,16.5,19.0,16.3,16.5,45.4,17.96,Antsirabe,-19.867,47.033,1507.0
2012-01-24,23.9,16.6,19.3,8.0,12.2,38.9,20.08,Antsirabe,-19.867,47.033,1507.0
2012-01-25,24.5,15.2,19.3,5.1,14.0,40.0,24.12,Antsirabe,-19.867,47.033,1507.0
2012-01-26,25.0,14.2,19.4,4.9,12.2,31.7,26.15,Antsirabe,-19.867,47.033,1507.0
2012-01-27,25.0,14.0,19.7,0.7,7.4,22.3,21.82,Antsirabe,-19.867,47.033,1507.0
2012-01-28,23.9,15.8,19.5,5.5,11.5,34.2,20.06,Antsirabe,-19.867,47.033,1507.0
2012-01-29,26.1,16.2,20.7,9.1,18.6,41.0,23.37,Antsirabe,-19.867,47.033,1507.0
2012-01-30,25.8,17.2,20.5,8.4,20.8,46.4,22.6,Antsirabe,-19.867,47.033,1507.0
2012-01-31,24.4,15.3,19.7,0.0,16.0,37.8,27.17,Antsirabe,-19.867,47.033,1507.0
2012-02-01,25.2,13.8,19.4,6.6,11.5,25.6,24.81,Antsirabe,-19.867,47.033,1507.0
2012-02-02,24.7,15.9,19.8,2.7,10.8,27.4,22.85,Antsirabe,-19.867,47.033,1507.0
2012-02-03,26.3,13.2,19.7,0.0,8.4,22.7,31.04,Antsirabe,-19.867,47.033,1507.0
2012-02-04,25.2,15.3,20.1,0.1,8.6,20.5,25.57,Antsirabe,-19.867,47.033,1507.0
2012-02-05,25.5,15.0,20.2,0.0,9.5,28.8,29.33,Antsirabe,-19.867,47.033,1507.0
2012-02-06,24.7,14.7,19.4,0.3,9.4,25.9,27.22,Antsirabe,-19.867,47.033,1507.0
2012-02-07,25.3,13.2,19.5,0.5,12.2,25.2,27.57,Antsirabe,-19.867,47.033,1507.0
2012-02-08,21.7,15.4,18.2,16.9,10.0,31.7,17.79,Antsirabe,-19.867,47.033,1507.0
2012-02-09,23.1,15.2,18.3,11.4,11.3,33.1,22.37,Antsirabe,-19.867,47.033,1507.0
2012-02-10,24.1,15.2,18.8,9.7,12.1,36.4,23.11,Antsirabe,-19.867,47.033,1507.0
2012-02-11,24.7,15.6,19.8,4.1,9.4,23.4,23.19,Antsirabe,-19.867,47.033,1507.0
2012-02-12,26.7,16.1,21.0,0.0,9.5,24.8,27.83,Antsirabe,-19.867,47.033,1507.0
2012-02-13,24.8,14.8,19.4,1.4,19.1,44.6,25.13,Antsirabe,-19.867,47.033,1507.0
2012-02-14,19.2,16.1,17.9,101.4,62.5,140.4,3.33,Antsirabe,-19.867,47.033,1507.0
2012-02-15,23.6,16.5,19.0,2.6,15.2,40.7,17.31,Antsirabe,-19.867,47.033,1507.0
2012-02-16,23.9,13.4,18.9,11.0,12.1,31.7,22.67,Antsirabe,-19.867,47.033,1507.0
2012-02-17,24.3,15.4,19.5,3.9,11.6,31.0,23.84,Antsirabe,-19.867,47.033,1507.0
2012-02-18,24.3,15.2,19.5,2.3,13.3,34.2,24.24,Antsirabe,-19.867,47.033,1507.0
2012-02-19,24.8,17.3,20.4,2.0,8.8,28.4,22.92,Antsirabe,-19.867,47.033,1507.0
2012-02-20,23.3,17.1,19.0,71.3,13.2,37.1,16.78,Antsirabe,-19.867,47.033,1507.0
2012-02-21,23.4,15.8,19.0,9.1,10.6,25.9,20.4,Antsirabe,-19.867,47.033,1507.0
2012-02-22,23.5,16.8,19.5,13.4,10.0,24.5,19.29,Antsirabe,-19.867,47.033,1507.0
2012-02-23,23.8,16.4,19.2,5.4,12.7,30.2,18.82,Antsirabe,-19.867,47.033,1507.0
2012-02-24,24.2,16.3,19.4,16.9,11.5,30.2,18.02,Antsirabe,-19.867,47.033,1507.0
2012-02-25,23.9,14.0,18.5,0.0,21.7,48.6,24.1,Antsirabe,-19.867,47.033,1507.0
2012-02-26,21.7,12.8,17.2,0.1,29.2,65.2,19.0,Antsirabe,-19.867,47.033,1507.0
2012-02-27,18.9,16.7,17.5,15.5,32.2,75.6,6.53,Antsirabe,-19.867,47.033,1507.0
2012-02-28,19.0,16.6,17.5,29.3,29.9,73.4,5.41,Antsirabe,-19.867,47.033,1507.0
2012-02-29,18.4,15.1,16.7,18.3,35.1,79.2,12.57,Antsirabe,-19.867,47.033,1507.0
2012-03-01,19.1,16.5,17.9,16.0,26.6,60.8,6.21,Antsirabe,-19.867,47.033,1507.0
2012-03-02,23.3,17.3,19.4,13.4,21.8,49.0,17.46,Antsirabe,-19.867,47.033,1507.0
2012-03-03,23.0,16.4,18.8,3.1,10.9,29.2,14.91,Antsirabe,-19.867,47.033,1507.0
2012-03-04,17.8,13.5,16.3,9.2,16.5,40.3,7.61,Antsirabe,-19.867,47.033,1507.0
2012-03-05,22.9,10.1,16.6,0.0,17.1,41.4,25.81,Antsirabe,-19.867,47.033,1507.0
2012-03-06,23.4,10.9,17.5,0.0,10.9,25.6,25.92,Antsirabe,-19.867,47.033,1507.0
2012-03-07,23.6,12.7,18.3,0.0,9.0,25.9,27.44,Antsirabe,-19.867,47.033,1507.0
2012-03-08,24.2,12.7,18.1,0.0,9.5,24.1,28.94,Antsirabe,-19.867,47.033,1507.0
2012-03-09,25.1,11.5,18.2,0.0,8.7,23.4,28.61,Antsirabe,-19.867,47.033,1507.0
2012-03-10,25.1,11.2,18.5,0.5,11.6,31.3,24.52,Antsirabe,-19.867,47.033,1507.0
2012-03-11,24.7,17.0,20.3,0.4,13.1,32.4,23.5,Antsirabe,-19.867,47.033,1507.0
2012-03-12,24.6,14.6,19.6,0.6,7.9,23.8,23.52,Antsirabe,-19.867,47.033,1507.0
2012-03-13,25.1,15.3,19.5,3.2,6.6,20.5,23.84,Antsirabe,-19.867,47.033,1507.0
2012-03-14,23.8,15.0,18.5,23.1,8.9,27.4,19.6,Antsirabe,-19.867,47.033,1507.0
2012-03-15,21.5,15.1,18.1,1.7,11.5,29.5,12.65,Antsirabe,-19.867,47.033,1507.0
2012-03-16,23.3,14.0,18.4,7.2,10.2,28.8,21.7,Antsirabe,-19.867,47.033,1507.0
2012-03-17,23.8,14.3,18.3,15.5,8.7,29.5,21.41,Antsirabe,-19.867,47.033,1507.0
2012-03-18,23.4,13.3,18.1,18.2,9.6,28.4,19.21,Antsirabe,-19.867,47.033,1507.0
2012-03-19,23.7,15.0,18.5,23.8,6.8,24.1,20.13,Antsirabe,-19.867,47.033,1507.0
2012-03-20,23.8,15.3,18.6,26.2,7.9,24.8,18.54,Antsirabe,-19.867,47.033,1507.0
2012-03-21,23.4,15.2,17.9,19.0,13.6,33.1,18.97,Antsirabe,-19.867,47.033,1507.0
2012-03-22,20.6,15.2,17.2,4.3,13.6,43.2,14.94,Antsirabe,-19.867,47.033,1507.0
2012-03-23,20.6,14.5,17.0,9.3,11.6,32.0,13.54,Antsirabe,-19.867,47.033,1507.0
2012-03-24,22.8,14.7,17.5,18.6,9.5,29.5,16.56,Antsirabe,-19.867,47.033,1507.0
2012-03-25,23.1,14.1,17.6,26.2,6.6,28.8,18.92,Antsirabe,-19.867,47.033,1507.0
2012-03-26,22.4,15.6,18.0,17.4,8.4,26.6,15.96,Antsirabe,-19.867,47.033,1507.0
2012-03-27,23.0,12.8,18.0,1.0,12.1,31.3,21.77,Antsirabe,-19.867,47.033,1507.0
2012-03-28,23.5,12.6,18.2,0.0,13.3,30.2,23.27,Antsirabe,-19.867,47.033,1507.0
2012-03-29,23.4,13.8,18.4,0.0,11.5,28.1,22.01,Antsirabe,-19.867,47.033,1507.0
2012-03-30,23.4,12.8,18.0,12.7,9.4,24.5,19.48,Antsirabe,-19.867,47.033,1507.0
2012-03-31,23.1,14.6,18.0,15.7,9.8,27.7,18.43,Antsirabe,-19.867,47.033,1507.0
2012-04-01,23.3,14.4,18.3,4.8,14.4,35.3,19.48,Antsirabe,-19.867,47.033,1507.0
2012-04-02,23.2,13.5,17.7,11.6,10.3,24.5,19.3,Antsirabe,-19.867,47.033,1507.0
2012-04-03,23.4,12.2,17.7,0.7,13.0,30.6,21.24,Antsirabe,-19.867,47.033,1507.0
2012-04-04,23.7,12.0,17.9,0.8,6.5,27.4,19.36,Antsirabe,-19.867,47.033,1507.0
2012-04-05,22.3,15.5,17.7,25.3,9.0,27.4,12.5,Antsirabe,-19.867,47.033,1507.0
2012-04-06,22.2,15.6,17.6,3.4,15.5,38.5,16.58,Antsirabe,-19.867,47.033,1507.0
2012-04-07,21.2,15.2,17.7,14.6,9.6,27.4,13.13,Antsirabe,-19.867,47.033,1507.0
2012-04-08,23.0,14.5,18.1,8.4,10.4,26.6,18.67,Antsirabe,-19.867,47.033,1507.0
2012-04-09,23.0,12.0,17.6,1.8,8.1,23.8,19.89,Antsirabe,-19.867,47.033,1507.0
2012-04-10,24.0,12.4,17.6,7.6,8.2,24.1,20.12,Antsirabe,-19.867,47.033,1507.0
2012-04-11,24.0,13.1,18.2,12.8,7.8,23.8,18.93,Antsirabe,-19.867,47.033,1507.0
2012-04-12,22.4,15.0,18.1,8.7,8.0,22.3,15.56,Antsirabe,-19.867,47.033,1507.0
2012-04-13,20.6,15.7,17.8,2.5,13.8,36.4,12.37,Antsirabe,-19.867,47.033,1507.0
2012-04-14,23.1,15.4,18.4,2.4,16.8,39.2,16.7,Antsirabe,-19.867,47.033,1507.0
2012-04-15,22.7,15.8,18.7,0.7,14.9,36.4,15.87,Antsirabe,-19.867,47.033,1507.0
2012-04-16,22.8,13.5,17.6,0.0,16.2,37.4,16.18,Antsirabe,-19.867,47.033,1507.0
2012-04-17,22.2,12.5,17.3,0.8,21.0,46.8,17.48,Antsirabe,-19.867,47.033,1507.0
2012-04-18,23.2,15.1,18.1,5.6,10.1,25.2,17.29,Antsirabe,-19.867,47.033,1507.0
2012-04-19,22.6,14.5,17.8,10.3,12.6,33.8,17.21,Antsirabe,-19.867,47.033,1507.0
2012-04-20,21.7,14.5,17.7,4.2,11.3,24.8,16.78,Antsirabe,-19.867,47.033,1507.0
2012-04-21,20.9,15.0,17.3,19.9,14.8,33.8,13.9,Antsirabe,-19.867,47.033,1507.0
2012-04-22,21.8,14.8,17.5,5.9,12.9,31.7,14.45,Antsirabe,-19.867,47.033,1507.0
2012-04-23,23.3,15.8,18.4,9.7,8.9,23.8,16.66,Antsirabe,-19.867,47.033,1507.0
2012-04-24,23.1,15.2,18.5,2.8,10.2,27.0,16.1,Antsirabe,-19.867,47.033,1507.0
2012-04-25,19.9,14.0,16.8,0.0,17.4,40.0,15.01,Antsirabe,-19.867,47.033,1507.0
2012-04-26,21.7,12.5,16.2,0.0,11.3,27.4,18.46,Antsirabe,-19.867,47.033,1507.0
2012-04-27,20.4,11.5,15.2,0.0,10.8,24.5,21.13,Antsirabe,-19.867,47.033,1507.0
2012-04-28,20.9,9.7,14.6,0.0,9.8,26.6,22.68,Antsirabe,-19.867,47.033,1507.0
2012-04-29,20.6,10.1,14.4,0.0,10.9,30.2,22.44,Antsirabe,-19.867,47.033,1507.0
2012-04-30,22.1,9.0,15.3,0.0,9.6,23.4,22.01,Antsirabe,-19.867,47.033,1507.0
2012-05-01,21.6,12.0,16.3,0.0,9.0,24.1,20.06,Antsirabe,-19.867,47.033,1507.0
2012-05-02,22.4,12.7,17.0,0.0,9.7,27.4,18.9,Antsirabe,-19.867,47.033,1507.0
2012-05-03,21.5,13.5,17.0,0.6,15.4,36.4,16.01,Antsirabe,-19.867,47.033,1507.0
2012-05-04,20.9,13.5,16.3,0.0,19.6,45.4,16.76,Antsirabe,-19.867,47.033,1507.0
2012-05-05,20.7,10.9,15.4,0.0,16.2,40.0,18.5,Antsirabe,-19.867,47.033,1507.0
2012-05-06,19.9,11.1,14.9,0.0,16.1,39.2,19.7,Antsirabe,-19.867,47.033,1507.0
2012-05-07,20.2,10.7,15.2,0.0,13.0,32.8,13.75,Antsirabe,-19.867,47.033,1507.0
2012-05-08,20.9,12.4,16.2,0.1,12.6,32.0,16.41,Antsirabe,-19.867,47.033,1507.0
2012-05-09,20.0,12.0,15.4,0.2,14.4,35.3,14.27,Antsirabe,-19.867,47.033,1507.0
2012-05-10,20.2,11.9,15.4,0.0,14.8,37.1,16.06,Antsirabe,-19.867,47.033,1507.0
2012-05-11,20.4,11.4,15.4,0.0,9.8,27.4,16.64,Antsirabe,-19.867,47.033,1507.0
2012-05-12,22.0,9.8,15.6,0.0,10.4,24.5,19.83,Antsirabe,-19.867,47.033,1507.0
2012-05-13,21.2,11.2,15.8,0.0,12.6,29.5,18.56,Antsirabe,-19.867,47.033,1507.0
2012-05-14,21.0,8.2,14.7,0.0,13.9,31.7,17.02,Antsirabe,-19.867,47.033,1507.0
2012-05-15,21.4,9.0,15.3,0.0,18.0,38.2,19.54,Antsirabe,-19.867,47.033,1507.0
2012-05-16,21.9,10.2,15.7,0.0,16.1,39.6,19.18,Antsirabe,-19.867,47.033,1507.0
2012-05-17,20.6,10.8,15.6,0.0,14.3,36.0,18.05,Antsirabe,-19.867,47.033,1507.0
2012-05-18,21.9,11.1,15.9,0.0,15.3,33.8,16.52,Antsirabe,-19.867,47.033,1507.0
2012-05-19,22.5,11.9,16.6,0.0,13.3,29.5,19.12,Antsirabe,-19.867,47.033,1507.0
2012-05-20,22.9,9.5,16.3,0.0,9.4,21.2,18.74,Antsirabe,-19.867,47.033,1507.0
2012-05-21,22.2,12.1,16.7,2.0,14.0,29.5,15.97,Antsirabe,-19.867,47.033,1507.0
2012-05-22,21.2,11.7,16.2,1.5,7.8,22.7,14.31,Antsirabe,-19.867,47.033,1507.0
2012-05-23,17.7,13.4,14.9,24.9,5.8,29.2,6.2,Antsirabe,-19.867,47.033,1507.0
2012-05-24,20.1,12.8,16.0,7.0,10.8,28.4,14.12,Antsirabe,-19.867,47.033,1507.0
2012-05-25,21.3,10.8,15.8,0.0,7.2,18.4,16.22,Antsirabe,-19.867,47.033,1507.0
2012-05-26,19.8,12.9,15.7,0.0,16.9,39.6,13.59,Antsirabe,-19.867,47.033,1507.0
2012-05-27,19.2,11.9,14.7,0.0,22.9,52.6,14.93,Antsirabe,-19.867,47.033,1507.0
2012-05-28,17.8,11.3,14.1,0.0,20.5,46.4,13.86,Antsirabe,-19.867,47.033,1507.0
2012-05-29,18.1,7.6,12.4,0.0,17.7,41.4,18.0,Antsirabe,-19.867,47.033,1507.0
2012-05-30,18.7,8.3,12.8,0.0,15.9,37.8,16.16,Antsirabe,-19.867,47.033,1507.0
2012-05-31,20.1,8.5,14.2,0.0,7.6,22.7,16.58,Antsirabe,-19.867,47.033,1507.0
2012-06-01,19.5,11.4,15.0,0.1,10.1,22.0,13.83,Antsirabe,-19.867,47.033,1507.0
2012-06-02,18.8,10.7,14.9,0.0,10.0,23.8,14.76,Antsirabe,-19.867,47.033,1507.0
2012-06-03,18.1,10.1,13.7,0.0,15.8,38.9,15.18,Antsirabe,-19.867,47.033,1507.0
2012-06-04,18.0,5.5,11.9,0.0,12.5,32.4,18.51,Antsirabe,-19.867,47.033,1507.0
2012-06-05,15.0,7.3,10.3,0.0,22.2,51.8,17.23,Antsirabe,-19.867,47.033,1507.0
2012-06-06,16.5,8.0,11.7,0.0,20.5,47.9,15.15,Antsirabe,-19.867,47.033,1507.0
2012-06-07,19.2,7.5,13.2,0.0,7.6,21.2,17.97,Antsirabe,-19.867,47.033,1507.0
2012-06-08,18.2,8.4,13.7,0.8,9.5,25.2,10.34,Antsirabe,-19.867,47.033,1507.0
2012-06-09,21.1,12.2,15.9,0.0,16.9,38.2,12.41,Antsirabe,-19.867,47.033,1507.0
2012-06-10,22.1,11.4,16.2,0.0,18.6,41.4,13.15,Antsirabe,-19.867,47.033,1507.0
2012-06-11,21.6,14.6,17.0,0.9,6.6,20.2,13.19,Antsirabe,-19.867,47.033,1507.0
2012-06-12,18.9,12.1,15.1,0.0,18.6,44.3,12.08,Antsirabe,-19.867,47.033,1507.0
2012-06-13,19.7,8.2,13.8,0.0,10.0,27.4,17.55,Antsirabe,-19.867,47.033,1507.0
2012-06-14,19.0,9.5,13.5,0.0,15.7,37.1,14.86,Antsirabe,-19.867,47.033,1507.0
2012-06-15,17.6,9.2,13.0,0.0,20.5,47.5,17.24,Antsirabe,-19.867,47.033,1507.0
2012-06-16,18.4,10.8,13.9,0.0,24.2,53.6,14.0,Antsirabe,-19.867,47.033,1507.0
2012-06-17,18.4,10.4,13.5,0.1,23.4,52.6,14.71,Antsirabe,-19.867,47.033,1507.0
2012-06-18,17.6,9.7,12.8,0.0,19.7,45.0,14.69,Antsirabe,-19.867,47.033,1507.0
2012-06-19,18.1,7.8,12.4,0.0,26.2,58.3,13.95,Antsirabe,-19.867,47.033,1507.0
2012-06-20,18.1,7.1,12.4,0.0,17.7,41.8,17.01,Antsirabe,-19.867,47.033,1507.0
2012-06-21,20.3,9.1,14.3,0.0,11.3,28.4,11.96,Antsirabe,-19.867,47.033,1507.0
2012-06-22,20.8,9.9,15.2,0.0,7.7,23.8,14.55,Antsirabe,-19.867,47.033,1507.0
2012-06-23,21.1,8.1,14.5,0.0,6.3,21.2,16.85,Antsirabe,-19.867,47.033,1507.0
2012-06-24,21.9,9.4,14.9,0.0,6.2,20.2,17.54,Antsirabe,-19.867,47.033,1507.0
2012-06-25,22.2,9.6,15.0,0.0,11.5,30.6,18.18,Antsirabe,-19.867,47.033,1507.0
2012-06-26,21.4,9.0,14.7,0.0,7.2,20.5,17.59,Antsirabe,-19.867,47.033,1507.0
2012-06-27,21.3,6.1,13.6,0.0,7.3,22.3,18.15,Antsirabe,-19.867,47.033,1507.0
2012-06-28,20.4,7.7,13.5,0.0,9.2,21.6,17.75,Antsirabe,-19.867,47.033,1507.0
2012-06-29,19.9,6.0,12.5,0.0,7.9,24.5,18.13,Antsirabe,-19.867,47.033,1507.0
2012-06-30,19.3,5.8,12.4,0.0,8.0,22.3,18.44,Antsirabe,-19.867,47.033,1507.0
2012-07-01,18.9,6.3,11.8,0.0,9.4,27.0,18.19,Antsirabe,-19.867,47.033,1507.0
2012-07-02,18.4,6.0,12.0,0.0,13.7,34.6,16.39,Antsirabe,-19.867,47.033,1507.0
2012-07-03,17.6,9.9,12.9,0.0,14.8,36.4,11.84,Antsirabe,-19.867,47.033,1507.0
2012-07-04,16.9,7.1,11.2,0.0,13.0,33.8,17.94,Antsirabe,-19.867,47.033,1507.0
2012-07-05,18.7,3.4,11.0,0.0,11.2,25.2,18.61,Antsirabe,-19.867,47.033,1507.0
2012-07-06,18.5,5.9,11.6,0.0,14.1,36.4,18.36,Antsirabe,-19.867,47.033,1507.0
2012-07-07,18.8,7.8,12.5,0.0,8.3,21.6,17.61,Antsirabe,-19.867,47.033,1507.0
2012-07-08,18.7,6.3,12.1,0.0,7.9,20.2,18.22,Antsirabe,-19.867,47.033,1507.0
2012-07-09,19.5,4.9,12.1,0.0,7.9,24.1,18.32,Antsirabe,-19.867,47.033,1507.0
2012-07-10,17.8,6.5,12.2,0.0,13.8,34.9,15.5,Antsirabe,-19.867,47.033,1507.0
2012-07-11,18.5,5.4,11.9,0.0,12.1,31.3,15.23,Antsirabe,-19.867,47.033,1507.0
2012-07-12,17.9,8.0,12.7,0.0,14.8,35.3,12.13,Antsirabe,-19.867,47.033,1507.0
2012-07-13,18.6,9.3,13.8,0.0,10.0,27.7,12.77,Antsirabe,-19.867,47.033,1507.0
2012-07-14,19.9,8.6,13.9,0.0,10.9,29.5,16.46,Antsirabe,-19.867,47.033,1507.0
2012-07-15,20.1,8.1,14.3,0.0,6.9,20.2,15.44,Antsirabe,-19.867,47.033,1507.0
2012-07-16,18.5,10.8,14.1,0.0,9.3,24.5,11.42,Antsirabe,-19.867,47.033,1507.0
2012-07-17,19.5,9.6,14.2,0.0,8.5,25.9,13.86,Antsirabe,-19.867,47.033,1507.0
2012-07-18,19.3,8.6,13.6,0.0,11.7,28.4,14.94,Antsirabe,-19.867,47.033,1507.0
2012-07-19,18.6,9.5,13.6,0.0,15.5,38.2,12.56,Antsirabe,-19.867,47.033,1507.0
2012-07-20,20.9,8.3,14.2,0.0,12.8,32.4,16.6,Antsirabe,-19.867,47.033,1507.0
2012-07-21,19.9,10.9,14.8,0.2,12.2,31.3,10.83,Antsirabe,-19.867,47.033,1507.0
2012-07-22,21.2,11.3,15.5,0.0,13.5,34.2,16.67,Antsirabe,-19.867,47.033,1507.0
2012-07-23,20.6,10.0,14.4,0.0,14.4,37.1,16.6,Antsirabe,-19.867,47.033,1507.0
2012-07-24,19.1,6.8,12.9,0.0,15.3,38.2,18.71,Antsirabe,-19.867,47.033,1507.0
2012-07-25,18.7,7.6,12.5,0.0,14.1,36.0,19.36,Antsirabe,-19.867,47.033,1507.0
2012-07-26,19.1,7.4,12.8,0.0,11.9,32.4,14.52,Antsirabe,-19.867,47.033,1507.0
2012-07-27,17.9,9.7,13.5,0.0,9.6,26.3,11.33,Antsirabe,-19.867,47.033,1507.0
2012-07-28,18.8,8.8,13.6,0.0,8.7,22.3,13.47,Antsirabe,-19.867,47.033,1507.0
2012-07-29,20.2,8.0,13.9,0.0,7.2,21.2,18.4,Antsirabe,-19.867,47.033,1507.0
2012-07-30,21.4,10.0,15.4,0.0,5.9,18.0,16.34,Antsirabe,-19.867,47.033,1507.0
2012-07-31,21.9,8.4,15.1,0.0,6.6,22.7,15.53,Antsirabe,-19.867,47.033,1507.0
2012-08-01,20.7,10.8,15.5,0.0,14.1,32.4,16.12,Antsirabe,-19.867,47.033,1507.0
2012-08-02,21.0,9.2,15.0,0.0,15.9,40.3,18.97,Antsirabe,-19.867,47.033,1507.0
2012-08-03,22.2,9.5,15.4,0.0,17.4,39.6,18.82,Antsirabe,-19.867,47.033,1507.0
2012-08-04,22.5,6.6,15.1,0.0,15.2,33.8,20.92,Antsirabe,-19.867,47.033,1507.0
2012-08-05,22.7,8.6,15.9,0.0,11.2,29.5,17.27,Antsirabe,-19.867,47.033,1507.0
2012-08-06,21.6,10.8,16.2,0.2,13.0,30.6,15.63,Antsirabe,-19.867,47.033,1507.0
2012-08-07,22.6,10.3,16.4,0.0,10.0,23.4,17.47,Antsirabe,-19.867,47.033,1507.0
2012-08-08,20.9,10.1,15.0,0.0,18.4,43.9,18.0,Antsirabe,-19.867,47.033,1507.0
2012-08-09,20.6,10.6,14.4,0.0,19.5,46.1,19.52,Antsirabe,-19.867,47.033,1507.0
2012-08-10,19.4,8.6,13.2,0.0,14.0,35.3,18.32,Antsirabe,-19.867,47.033,1507.0
2012-08-11,21.8,4.9,13.5,0.0,8.7,26.6,21.95,Antsirabe,-19.867,47.033,1507.0
2012-08-12,21.6,8.3,14.9,0.0,8.2,21.2,20.48,Antsirabe,-19.867,47.033,1507.0
2012-08-13,21.3,8.5,14.8,0.0,8.8,23.8,19.81,Antsirabe,-19.867,47.033,1507.0
2012-08-14,20.9,6.9,13.6,0.0,18.2,44.3,21.98,Antsirabe,-19.867,47.033,1507.0
2012-08-15,18.3,6.8,12.1,0.0,20.7,48.6,19.43,Antsirabe,-19.867,47.033,1507.0
2012-08-16,18.1,7.8,12.1,0.0,25.2,57.2,17.91,Antsirabe,-19.867,47.033,1507.0
2012-08-17,20.0,8.6,13.7,0.0,23.1,51.1,15.57,Antsirabe,-19.867,47.033,1507.0
2012-08-18,19.6,9.5,13.6,0.0,17.8,43.2,18.59,Antsirabe,-19.867,47.033,1507.0
2012-08-19,18.6,8.3,12.9,0.0,18.7,44.3,18.92,Antsirabe,-19.867,47.033,1507.0
2012-08-20,19.8,7.7,13.0,0.0,13.0,34.6,20.05,Antsirabe,-19.867,47.033,1507.0
2012-08-21,19.7,9.1,13.1,0.0,11.0,30.6,21.36,Antsirabe,-19.867,47.033,1507.0
2012-08-22,21.0,5.1,12.8,0.0,12.6,34.9,23.04,Antsirabe,-19.867,47.033,1507.0
2012-08-23,22.0,5.0,13.5,0.0,11.9,33.5,23.45,Antsirabe,-19.867,47.033,1507.0
2012-08-24,22.0,7.0,13.9,0.0,10.7,29.5,23.58,Antsirabe,-19.867,47.033,1507.0
2012-08-25,22.4,6.1,13.8,0.0,11.5,32.0,23.94,Antsirabe,-19.867,47.033,1507.0
2012-08-26,23.5,7.8,15.1,0.0,8.3,23.0,23.55,Antsirabe,-19.867,47.033,1507.0
2012-08-27,24.4,7.6,15.6,0.0,8.9,25.9,23.97,Antsirabe,-19.867,47.033,1507.0
2012-08-28,23.6,8.2,14.8,0.0,14.2,31.7,24.23,Antsirabe,-19.867,47.033,1507.0
2012-08-29,22.6,6.3,14.4,0.0,10.1,23.8,24.49,Antsirabe,-19.867,47.033,1507.0
2012-08-30,22.6,8.5,15.2,0.0,9.0,21.6,23.9,Antsirabe,-19.867,47.033,1507.0
2012-08-31,22.0,9.6,15.2,0.0,10.4,30.6,23.41,Antsirabe,-19.867,47.033,1507.0
2012-09-01,23.5,7.2,15.6,0.0,7.6,25.2,24.26,Antsirabe,-19.867,47.033,1507.0
2012-09-02,23.2,9.6,16.0,0.0,13.8,32.8,21.44,Antsirabe,-19.867,47.033,1507.0
2012-09-03,24.2,7.8,15.9,0.0,11.5,28.8,24.76,Antsirabe,-19.867,47.033,1507.0
2012-09-04,23.9,10.2,17.0,0.0,15.6,33.5,20.89,Antsirabe,-19.867,47.033,1507.0
2012-09-05,23.1,12.7,17.1,0.0,13.9,33.8,20.24,Antsirabe,-19.867,47.033,1507.0
2012-09-06,16.8,10.6,13.3,0.0,23.0,52.9,16.84,Antsirabe,-19.867,47.033,1507.0
2012-09-07,19.0,9.6,13.0,0.0,23.1,53.6,20.93,Antsirabe,-19.867,47.033,1507.0
2012-09-08,17.6,6.6,11.7,0.0,24.2,56.2,22.71,Antsirabe,-19.867,47.033,1507.0
2012-09-09,19.9,8.5,13.5,0.0,15.7,40.0,21.18,Antsirabe,-19.867,47.033,1507.0
2012-09-10,24.5,7.6,16.0,0.0,10.9,27.0,24.7,Antsirabe,-19.867,47.033,1507.0
2012-09-11,24.4,11.2,17.3,0.0,15.3,38.2,23.23,Antsirabe,-19.867,47.033,1507.0
2012-09-12,24.5,8.5,16.4,0.0,10.8,30.6,25.65,Antsirabe,-19.867,47.033,1507.0
2012-09-13,23.7,9.2,16.4,0.0,9.7,29.5,24.0,Antsirabe,-19.867,47.033,1507.0
2012-09-14,24.2,10.1,16.4,0.0,10.1,28.8,21.31,Antsirabe,-19.867,47.033,1507.0
2012-09-15,23.1,7.9,15.5,0.0,17.6,39.6,25.97,Antsirabe,-19.867,47.033,1507.0
2012-09-16,20.5,8.9,13.9,0.0,18.9,46.1,22.18,Antsirabe,-19.867,47.033,1507.0
2012-09-17,20.4,9.8,14.2,0.0,22.7,52.9,20.76,Antsirabe,-19.867,47.033,1507.0
2012-09-18,22.7,10.0,15.5,0.0,16.3,40.7,21.42,Antsirabe,-19.867,47.033,1507.0
2012-09-19,24.3,8.9,16.9,0.5,16.1,35.6,21.44,Antsirabe,-19.867,47.033,1507.0
2012-09-20,24.5,11.7,17.4,0.0,15.2,34.6,21.89,Antsirabe,-19.867,47.033,1507.0
2012-09-21,22.6,9.8,15.8,0.0,17.6,43.2,24.0,Antsirabe,-19.867,47.033,1507.0
2012-09-22,22.5,9.4,15.7,0.0,16.6,42.1,26.46,Antsirabe,-19.867,47.033,1507.0
2012-09-23,24.4,8.8,16.7,0.0,10.0,28.1,27.57,Antsirabe,-19.867,47.033,1507.0
2012-09-24,24.4,12.2,17.8,1.9,16.2,36.4,21.09,Antsirabe,-19.867,47.033,1507.0
2012-09-25,25.0,13.9,19.1,0.0,14.5,32.8,21.47,Antsirabe,-19.867,47.033,1507.0
2012-09-26,24.3,13.1,17.9,0.0,16.0,38.5,19.89,Antsirabe,-19.867,47.033,1507.0
2012-09-27,25.5,11.0,18.1,0.0,14.0,37.4,26.51,Antsirabe,-19.867,47.033,1507.0
2012-09-28,26.4,10.9,18.9,0.0,8.7,28.1,25.24,Antsirabe,-19.867,47.033,1507.0
2012-09-29,26.8,13.0,19.5,0.0,8.7,27.4,23.14,Antsirabe,-19.867,47.033,1507.0
2012-09-30,26.9,12.0,18.8,0.0,14.3,33.8,27.81,Antsirabe,-19.867,47.033,1507.0
2012-10-01,26.4,10.2,18.8,0.0,12.6,34.9,26.79,Antsirabe,-19.867,47.033,1507.0
2012-10-02,25.3,10.8,17.6,0.0,17.6,38.5,26.17,Antsirabe,-19.867,47.033,1507.0
2012-10-03,22.7,10.2,15.9,0.0,21.4,50.8,28.28,Antsirabe,-19.867,47.033,1507.0
2012-10-04,24.5,8.6,16.0,0.0,12.6,34.6,27.83,Antsirabe,-19.867,47.033,1507.0
2012-10-05,26.7,7.5,17.4,0.0,8.4,27.4,28.95,Antsirabe,-19.867,47.033,1507.0
2012-10-06,28.2,9.5,18.7,0.0,7.6,27.7,28.17,Antsirabe,-19.867,47.033,1507.0
2012-10-07,26.3,10.8,18.2,0.0,12.9,35.6,28.41,Antsirabe,-19.867,47.033,1507.0
2012-10-08,28.2,12.4,20.4,0.0,12.6,32.4,28.37,Antsirabe,-19.867,47.033,1507.0
2012-10-09,29.0,13.0,21.6,0.0,9.4,27.7,27.07,Antsirabe,-19.867,47.033,1507.0
2012-10-10,27.3,15.8,20.4,9.9,8.4,25.2,23.71,Antsirabe,-19.867,47.033,1507.0
2012-10-11,26.5,16.1,21.2,0.3,14.3,33.5,22.8,Antsirabe,-19.867,47.033,1507.0
2012-10-12,27.8,14.1,20.9,0.0,14.1,36.0,25.33,Antsirabe,-19.867,47.033,1507.0
2012-10-13,28.2,11.7,19.8,0.6,7.2,25.9,27.18,Antsirabe,-19.867,47.033,1507.0
2012-10-14,28.2,13.0,20.1,7.7,8.4,24.5,25.79,Antsirabe,-19.867,47.033,1507.0
2012-10-15,28.3,10.2,19.2,0.0,10.5,29.9,29.55,Antsirabe,-19.867,47.033,1507.0
2012-10-16,28.6,10.1,19.5,0.0,7.4,25.6,29.56,Antsirabe,-19.867,47.033,1507.0
2012-10-17,28.7,11.9,20.5,0.1,7.9,26.6,29.3,Antsirabe,-19.867,47.033,1507.0
2012-10-18,29.1,12.9,21.2,0.0,11.9,32.4,27.87,Antsirabe,-19.867,47.033,1507.0
2012-10-19,26.4,11.6,18.9,3.3,14.8,37.8,23.47,Antsirabe,-19.867,47.033,1507.0
2012-10-20,21.8,15.3,18.2,1.3,26.1,58.7,16.96,Antsirabe,-19.867,47.033,1507.0
2012-10-21,27.3,14.9,20.6,0.1,7.8,25.6,25.29,Antsirabe,-19.867,47.033,1507.0
2012-10-22,28.9,12.6,21.1,0.1,9.4,24.8,28.63,Antsirabe,-19.867,47.033,1507.0
2012-10-23,24.8,15.2,19.5,6.4,9.2,25.6,19.26,Antsirabe,-19.867,47.033,1507.0
2012-10-24,22.7,16.4,19.1,1.2,10.1,26.6,11.73,Antsirabe,-19.867,47.033,1507.0
2012-10-25,23.1,13.5,17.4,1.6,13.5,36.0,22.62,Antsirabe,-19.867,47.033,1507.0
2012-10-26,22.2,12.9,17.5,2.3,12.8,24.8,20.53,Antsirabe,-19.867,47.033,1507.0
2012-10-27,23.1,13.3,17.7,4.3,16.6,40.0,22.0,Antsirabe,-19.867,47.033,1507.0
2012-10-28,25.0,12.2,19.0,0.0,9.8,27.0,23.54,Antsirabe,-19.867,47.033,1507.0
2012-10-29,24.3,14.6,18.5,8.7,13.0,33.1,21.7,Antsirabe,-19.867,47.033,1507.0
2012-10-30,23.7,14.3,17.9,13.6,10.1,27.0,22.14,Antsirabe,-19.867,47.033,1507.0
2012-10-31,26.5,13.1,19.6,0.0,11.0,27.4,29.73,Antsirabe,-19.867,47.033,1507.0
2012-11-01,22.4,13.6,17.5,4.0,17.7,41.8,20.74,Antsirabe,-19.867,47.033,1507.0
2012-11-02,20.6,14.0,16.9,3.1,17.3,39.6,17.67,Antsirabe,-19.867,47.033,1507.0
2012-11-03,18.9,12.4,15.0,0.9,13.6,34.2,16.72,Antsirabe,-19.867,47.033,1507.0
2012-11-04,22.8,11.8,16.9,1.3,13.8,31.7,20.87,Antsirabe,-19.867,47.033,1507.0
2012-11-05,23.7,13.7,17.8,6.5,10.5,28.1,23.12,Antsirabe,-19.867,47.033,1507.0
2012-11-06,23.2,11.5,17.5,2.7,17.3,45.7,22.8,Antsirabe,-19.867,47.033,1507.0
2012-11-07,25.7,13.1,19.5,0.0,16.8,38.5,27.68,Antsirabe,-19.867,47.033,1507.0
2012-11-08,24.6,13.5,19.0,2.4,15.9,36.0,22.93,Antsirabe,-19.867,47.033,1507.0
2012-11-09,25.5,14.6,19.6,0.0,17.0,33.8,27.42,Antsirabe,-19.867,47.033,1507.0
2012-11-10,24.7,15.4,19.6,2.2,15.7,36.4,23.49,Antsirabe,-19.867,47.033,1507.0
2012-11-11,25.2,15.0,18.7,23.2,12.7,28.1,22.28,Antsirabe,-19.867,47.033,1507.0
2012-11-12,24.1,13.6,18.1,2.0,21.3,49.3,24.85,Antsirabe,-19.867,47.033,1507.0
2012-11-13,24.5,13.5,17.9,15.4,11.3,30.2,21.94,Antsirabe,-19.867,47.033,1507.0
2012-11-14,24.5,15.0,18.7,8.6,8.4,24.1,23.03,Antsirabe,-19.867,47.033,1507.0
2012-11-15,25.7,14.1,19.4,5.0,8.6,24.5,24.62,Antsirabe,-19.867,47.033,1507.0
2012-11-16,25.3,14.8,19.3,10.3,8.5,24.5,25.74,Antsirabe,-19.867,47.033,1507.0
2012-11-17,25.2,13.7,18.8,10.8,10.9,28.1,24.47,Antsirabe,-19.867,47.033,1507.0
2012-11-18,24.2,13.1,18.8,2.5,15.7,34.6,23.75,Antsirabe,-19.867,47.033,1507.0
2012-11-19,24.3,12.8,18.5,2.9,15.7,41.8,25.19,Antsirabe,-19.867,47.033,1507.0
2012-11-20,24.4,13.7,18.9,0.0,14.2,36.4,26.98,Antsirabe,-19.867,47.033,1507.0
2012-11-21,24.6,14.0,19.5,0.4,15.1,37.4,23.66,Antsirabe,-19.867,47.033,1507.0
2012-11-22,23.9,14.6,18.9,7.3,14.6,33.5,23.51,Antsirabe,-19.867,47.033,1507.0
2012-11-23,23.9,14.8,18.6,14.3,13.7,36.4,20.21,Antsirabe,-19.867,47.033,1507.0
2012-11-24,22.7,15.9,18.7,15.3,9.7,26.6,16.42,Antsirabe,-19.867,47.033,1507.0
2012-11-25,23.9,15.3,19.0,17.1,9.7,23.4,21.17,Antsirabe,-19.867,47.033,1507.0
2012-11-26,26.5,14.6,20.2,1.7,8.7,26.3,28.75,Antsirabe,-19.867,47.033,1507.0
2012-11-27,23.9,15.1,18.7,27.9,10.1,27.7,20.29,Antsirabe,-19.867,47.033,1507.0
2012-11-28,21.5,14.1,17.4,11.9,15.6,32.0,18.99,Antsirabe,-19.867,47.033,1507.0
2012-11-29,21.9,14.0,17.4,36.9,8.4,23.8,17.55,Antsirabe,-19.867,47.033,1507.0
2012-11-30,22.9,13.9,17.8,16.3,12.4,31.7,21.31,Antsirabe,-19.867,47.033,1507.0
2012-12-01,23.6,13.1,18.3,0.2,11.5,31.0,24.21,Antsirabe,-19.867,47.033,1507.0
2012-12-02,23.4,13.6,18.0,0.2,20.1,46.4,26.19,Antsirabe,-19.867,47.033,1507.0
2012-12-03,22.9,12.3,17.2,0.0,19.5,46.1,30.11,Antsirabe,-19.867,47.033,1507.0
2012-12-04,23.0,12.6,17.5,7.6,13.1,33.1,24.41,Antsirabe,-19.867,47.033,1507.0
2012-12-05,24.1,14.0,18.5,11.1,7.8,20.9,23.41,Antsirabe,-19.867,47.033,1507.0
2012-12-06,25.2,14.6,19.2,9.2,6.6,22.0,22.67,Antsirabe,-19.867,47.033,1507.0
2012-12-07,26.3,13.1,20.0,0.0,7.5,23.0,28.2,Antsirabe,-19.867,47.033,1507.0
2012-12-08,25.8,14.1,20.1,9.9,8.3,26.3,29.18,Antsirabe,-19.867,47.033,1507.0
2012-12-09,23.5,15.2,18.9,9.8,13.2,36.0,22.28,Antsirabe,-19.867,47.033,1507.0
2012-12-10,23.8,15.2,18.9,6.2,16.2,41.8,24.7,Antsirabe,-19.867,47.033,1507.0
2012-12-11,23.6,14.8,18.8,1.8,17.4,42.1,26.44,Antsirabe,-19.867,47.033,1507.0
2012-12-12,22.7,15.9,18.4,12.2,14.4,37.1,18.62,Antsirabe,-19.867,47.033,1507.0
2012-12-13,22.2,14.4,17.6,1.3,17.1,42.8,21.05,Antsirabe,-19.867,47.033,1507.0
2012-12-14,22.2,13.9,17.8,12.7,11.9,28.8,19.36,Antsirabe,-19.867,47.033,1507.0
2012-12-15,23.9,15.1,18.8,7.2,9.2,23.4,22.38,Antsirabe,-19.867,47.033,1507.0
2012-12-16,22.6,15.7,18.5,21.9,11.2,31.0,17.46,Antsirabe,-19.867,47.033,1507.0
2012-12-17,23.6,14.7,18.7,4.9,17.2,37.8,22.97,Antsirabe,-19.867,47.033,1507.0
2012-12-18,23.5,13.8,18.3,2.1,19.1,41.4,22.77,Antsirabe,-19.867,47.033,1507.0
2012-12-19,22.4,16.4,18.6,9.9,15.8,44.6,20.86,Antsirabe,-19.867,47.033,1507.0
2012-12-20,23.9,15.1,18.9,16.5,18.0,41.8,24.18,Antsirabe,-19.867,47.033,1507.0
2012-12-21,23.2,15.3,18.4,19.8,9.1,24.5,19.5,Antsirabe,-19.867,47.033,1507.0
2012-12-22,22.3,15.5,18.3,27.6,8.4,22.0,16.91,Antsirabe,-19.867,47.033,1507.0
2012-12-23,23.1,15.8,18.8,15.7,8.6,22.7,18.58,Antsirabe,-19.867,47.033,1507.0
2012-12-24,24.1,15.8,19.4,18.8,10.4,29.2,22.2,Antsirabe,-19.867,47.033,1507.0
2012-12-25,24.5,15.4,19.3,35.7,10.5,29.2,24.66,Antsirabe,-19.867,47.033,1507.0
2012-12-26,24.1,16.1,19.4,11.7,11.2,34.6,22.08,Antsirabe,-19.867,47.033,1507.0
2012-12-27,24.7,16.1,19.6,15.2,8.2,23.4,24.16,Antsirabe,-19.867,47.033,1507.0
2012-12-28,24.9,16.0,19.3,23.0,13.6,33.8,21.55,Antsirabe,-19.867,47.033,1507.0
2012-12-29,23.7,16.1,18.8,13.6,11.3,31.3,19.83,Antsirabe,-19.867,47.033,1507.0
2012-12-30,26.2,12.9,19.2,0.0,11.2,30.2,28.91,Antsirabe,-19.867,47.033,1507.0
2012-12-31,23.1,13.8,18.6,1.2,16.6,40.0,22.38,Antsirabe,-19.867,47.033,1507.0
2013-01-01,23.6,13.9,18.6,0.6,13.0,34.2,24.52,Antsirabe,-19.867,47.033,1507.0
2013-01-02,26.0,14.0,19.4,0.0,10.9,26.6,33.11,Antsirabe,-19.867,47.033,1507.0
2013-01-03,25.8,13.9,19.7,1.0,10.7,27.4,32.96,Antsirabe,-19.867,47.033,1507.0
2013-01-04,24.0,15.3,19.6,1.1,17.3,45.0,22.83,Antsirabe,-19.867,47.033,1507.0
2013-01-05,25.8,17.0,20.7,2.6,7.5,22.7,23.82,Antsirabe,-19.867,47.033,1507.0
2013-01-06,24.4,16.8,20.0,3.6,16.4,39.6,19.15,Antsirabe,-19.867,47.033,1507.0
2013-01-07,25.2,17.1,20.1,10.2,9.7,23.4,20.44,Antsirabe,-19.867,47.033,1507.0
2013-01-08,23.7,16.5,19.2,13.2,14.5,33.1,18.41,Antsirabe,-19.867,47.033,1507.0
2013-01-09,24.9,15.4,19.6,1.5,16.7,37.8,23.48,Antsirabe,-19.867,47.033,1507.0
2013-01-10,24.7,15.2,19.6,0.7,13.0,31.7,24.49,Antsirabe,-19.867,47.033,1507.0
2013-01-11,25.0,13.2,18.9,0.0,17.4,42.5,28.56,Antsirabe,-19.867,47.033,1507.0
2013-01-12,25.2,13.2,19.2,0.0,17.4,41.0,24.3,Antsirabe,-19.867,47.033,1507.0
2013-01-13,25.6,13.2,19.4,0.0,13.6,32.0,25.8,Antsirabe,-19.867,47.033,1507.0
2013-01-14,24.8,15.6,20.0,0.0,13.5,34.9,25.84,Antsirabe,-19.867,47.033,1507.0
2013-01-15,25.6,14.0,19.9,0.0,14.5,30.6,26.99,Antsirabe,-19.867,47.033,1507.0
2013-01-16,26.2,13.6,19.8,0.2,12.4,26.3,29.41,Antsirabe,-19.867,47.033,1507.0
2013-01-17,23.7,13.6,18.8,3.0,9.4,28.1,24.13,Antsirabe,-19.867,47.033,1507.0
2013-01-18,21.3,14.9,17.6,17.8,8.8,24.1,14.66,Antsirabe,-19.867,47.033,1507.0
2013-01-19,23.3,15.7,18.2,41.0,12.7,30.6,20.61,Antsirabe,-19.867,47.033,1507.0
2013-01-20,23.5,14.8,18.6,5.3,12.2,31.3,23.08,Antsirabe,-19.867,47.033,1507.0
2013-01-21,24.3,14.0,19.0,2.7,13.2,35.3,23.93,Antsirabe,-19.867,47.033,1507.0
2013-01-22,23.7,17.1,19.8,2.0,17.1,41.0,23.46,Antsirabe,-19.867,47.033,1507.0
2013-01-23,24.4,16.7,19.9,1.2,21.3,45.7,22.8,Antsirabe,-19.867,47.033,1507.0
2013-01-24,23.6,17.4,19.5,10.5,19.2,46.1,17.63,Antsirabe,-19.867,47.033,1507.0
2013-01-25,23.8,17.9,19.7,10.9,13.8,35.6,16.85,Antsirabe,-19.867,47.033,1507.0
2013-01-26,24.7,17.5,19.8,19.8,15.1,36.7,17.59,Antsirabe,-19.867,47.033,1507.0
2013-01-27,23.8,16.7,19.3,33.2,8.4,26.3,14.07,Antsirabe,-19.867,47.033,1507.0
2013-01-28,21.7,17.4,19.0,37.4,12.6,28.1,9.53,Antsirabe,-19.867,47.033,1507.0
2013-01-29,23.9,16.8,19.1,3.3,23.9,54.0,19.38,Antsirabe,-19.867,47.033,1507.0
2013-01-30,23.2,17.0,19.4,0.2,29.2,64.4,21.62,Antsirabe,-19.867,47.033,1507.0
2013-01-31,21.8,16.8,18.4,6.8,22.7,54.7,13.02,Antsirabe,-19.867,47.033,1507.0
2013-02-01,23.0,16.6,18.8,19.8,12.4,39.6,16.57,Antsirabe,-19.867,47.033,1507.0
2013-02-02,22.3,17.4,18.8,9.1,23.3,60.1,13.92,Antsirabe,-19.867,47.033,1507.0
2013-02-03,22.0,17.0,18.7,8.0,31.0,69.8,17.35,Antsirabe,-19.867,47.033,1507.0
2013-02-04,23.6,16.7,19.5,1.7,18.4,42.5,22.37,Antsirabe,-19.867,47.033,1507.0
2013-02-05,23.4,16.7,19.3,8.2,14.2,32.8,19.5,Antsirabe,-19.867,47.033,1507.0
2013-02-06,22.3,16.4,18.6,13.8,10.5,31.0,15.08,Antsirabe,-19.867,47.033,1507.0
2013-02-07,23.5,16.3,18.8,9.5,14.7,34.6,18.56,Antsirabe,-19.867,47.033,1507.0
2013-02-08,23.7,14.6,18.8,8.5,12.9,32.8,22.73,Antsirabe,-19.867,47.033,1507.0
2013-02-09,24.4,15.8,19.5,3.0,14.2,41.8,23.4,Antsirabe,-19.867,47.033,1507.0
2013-02-10,23.8,14.9,18.8,18.8,10.8,31.3,18.01,Antsirabe,-19.867,47.033,1507.0
2013-02-11,23.5,16.2,19.1,29.5,8.9,27.7,21.73,Antsirabe,-19.867,47.033,1507.0
2013-02-12,18.5,16.7,17.5,59.8,14.5,39.6,5.88,Antsirabe,-19.867,47.033,1507.0
2013-02-13,22.3,16.7,18.5,20.9,15.6,38.9,14.8,Antsirabe,-19.867,47.033,1507.0
2013-02-14,22.5,16.9,18.5,40.5,12.2,29.9,14.07,Antsirabe,-19.867,47.033,1507.0
2013-02-15,21.7,17.0,18.2,30.4,8.0,21.2,8.7,Antsirabe,-19.867,47.033,1507.0
2013-02-16,21.0,16.8,18.0,46.7,11.6,36.7,11.62,Antsirabe,-19.867,47.033,1507.0
2013-02-17,19.8,16.0,17.4,22.6,19.1,47.5,11.43,Antsirabe,-19.867,47.033,1507.0
2013-02-18,23.3,15.3,18.5,3.4,24.3,53.6,19.51,Antsirabe,-19.867,47.033,1507.0
2013-02-19,23.1,15.7,18.9,15.4,14.4,42.1,15.4,Antsirabe,-19.867,47.033,1507.0
2013-02-20,23.0,17.3,18.9,14.1,20.8,49.0,15.3,Antsirabe,-19.867,47.033,1507.0
2013-02-21,23.3,16.8,19.2,1.2,22.7,51.8,22.32,Antsirabe,-19.867,47.033,1507.0
2013-02-22,22.4,16.8,19.0,4.6,28.1,60.5,20.88,Antsirabe,-19.867,47.033,1507.0
2013-02-23,19.3,15.2,17.5,1.9,25.5,56.9,15.88,Antsirabe,-19.867,47.033,1507.0
2013-02-24,23.3,16.9,19.0,2.3,14.0,37.4,21.29,Antsirabe,-19.867,47.033,1507.0
2013-02-25,22.4,15.7,18.6,62.1,10.5,28.8,15.95,Antsirabe,-19.867,47.033,1507.0
2013-02-26,23.2,15.6,18.6,33.8,9.0,25.9,19.61,Antsirabe,-19.867,47.033,1507.0
2013-02-27,23.1,15.6,18.5,19.1,8.6,32.4,20.27,Antsirabe,-19.867,47.033,1507.0
2013-02-28,23.3,14.9,18.8,1.6,7.9,23.8,22.54,Antsirabe,-19.867,47.033,1507.0
2013-03-01,23.9,15.6,19.4,4.0,6.1,18.7,22.4,Antsirabe,-19.867,47.033,1507.0
2013-03-02,24.8,15.9,20.0,5.6,8.0,27.0,21.17,Antsirabe,-19.867,47.033,1507.0
2013-03-03,26.6,14.8,20.4,0.0,7.3,20.2,27.94,Antsirabe,-19.867,47.033,1507.0
2013-03-04,25.7,15.7,20.4,0.2,8.3,24.1,23.85,Antsirabe,-19.867,47.033,1507.0
2013-03-05,24.7,16.1,19.9,1.0,12.3,31.3,22.68,Antsirabe,-19.867,47.033,1507.0
2013-03-06,24.2,14.5,18.8,0.0,16.2,40.3,26.76,Antsirabe,-19.867,47.033,1507.0
2013-03-07,23.4,13.5,18.1,0.0,18.1,43.6,24.57,Antsirabe,-19.867,47.033,1507.0
2013-03-08,23.6,13.1,18.3,0.0,13.6,34.6,21.84,Antsirabe,-19.867,47.033,1507.0
2013-03-09,22.7,14.6,18.1,2.1,19.4,43.2,19.61,Antsirabe,-19.867,47.033,1507.0
2013-03-10,23.6,14.5,18.4,0.5,13.0,32.0,21.1,Antsirabe,-19.867,47.033,1507.0
2013-03-11,23.5,14.1,18.3,7.6,8.3,24.1,22.44,Antsirabe,-19.867,47.033,1507.0
2013-03-12,23.6,15.4,18.1,19.4,10.6,31.3,17.87,Antsirabe,-19.867,47.033,1507.0
2013-03-13,23.0,14.9,18.3,4.3,14.2,36.4,18.5,Antsirabe,-19.867,47.033,1507.0
2013-03-14,23.5,11.9,18.6,1.3,9.1,25.9,22.79,Antsirabe,-19.867,47.033,1507.0
2013-03-15,24.4,14.7,19.4,1.6,8.4,23.0,22.05,Antsirabe,-19.867,47.033,1507.0
2013-03-16,24.2,16.1,19.2,10.7,10.7,27.7,20.61,Antsirabe,-19.867,47.033,1507.0
2013-03-17,25.0,15.4,19.6,4.9,8.1,21.6,23.94,Antsirabe,-19.867,47.033,1507.0
2013-03-18,24.9,15.0,19.2,18.7,8.6,29.9,21.83,Antsirabe,-19.867,47.033,1507.0
2013-03-19,24.5,14.5,18.7,19.6,10.8,28.4,19.38,Antsirabe,-19.867,47.033,1507.0
2013-03-20,22.8,16.3,18.6,19.5,8.4,33.5,17.11,Antsirabe,-19.867,47.033,1507.0
2013-03-21,24.1,12.9,18.1,26.1,9.8,33.5,19.9,Antsirabe,-19.867,47.033,1507.0
2013-03-22,23.3,15.1,19.0,4.8,7.6,20.9,19.61,Antsirabe,-19.867,47.033,1507.0
2013-03-23,23.4,16.5,19.2,8.0,11.4,28.8,17.64,Antsirabe,-19.867,47.033,1507.0
2013-03-24,23.7,16.9,19.1,16.3,8.4,25.9,17.29,Antsirabe,-19.867,47.033,1507.0
2013-03-25,23.2,15.4,18.7,7.8,6.4,24.5,17.46,Antsirabe,-19.867,47.033,1507.0
2013-03-26,23.4,14.8,18.9,0.0,10.6,23.0,20.09,Antsirabe,-19.867,47.033,1507.0
2013-03-27,23.0,13.9,18.0,0.0,8.7,25.9,24.38,Antsirabe,-19.867,47.033,1507.0
2013-03-28,22.8,13.5,17.6,0.0,10.5,28.4,20.18,Antsirabe,-19.867,47.033,1507.0
2013-03-29,21.1,13.9,16.8,2.1,19.8,45.4,18.35,Antsirabe,-19.867,47.033,1507.0
2013-03-30,21.3,14.5,16.8,2.3,22.4,50.4,19.64,Antsirabe,-19.867,47.033,1507.0
2013-03-31,21.5,14.3,17.0,0.8,26.5,57.6,16.78,Antsirabe,-19.867,47.033,1507.0
2013-04-01,22.1,13.6,17.3,0.0,14.2,36.4,18.64,Antsirabe,-19.867,47.033,1507.0
2013-04-02,22.7,11.9,16.7,0.0,9.5,27.4,25.55,Antsirabe,-19.867,47.033,1507.0
2013-04-03,23.2,12.4,17.3,0.0,9.3,24.8,22.6,Antsirabe,-19.867,47.033,1507.0
2013-04-04,24.0,11.9,17.9,0.0,9.0,25.2,24.56,Antsirabe,-19.867,47.033,1507.0
2013-04-05,25.0,11.1,18.3,0.1,6.7,22.0,25.71,Antsirabe,-19.867,47.033,1507.0
2013-04-06,23.7,14.2,18.4,0.0,11.3,29.2,19.1,Antsirabe,-19.867,47.033,1507.0
2013-04-07,25.1,12.7,18.8,0.0,8.0,23.0,21.7,Antsirabe,-19.867,47.033,1507.0
2013-04-08,23.0,15.1,18.3,6.0,11.6,31.3,12.62,Antsirabe,-19.867,47.033,1507.0
2013-04-09,23.5,16.3,19.1,0.0,20.9,47.5,17.7,Antsirabe,-19.867,47.033,1507.0
2013-04-10,24.1,15.3,18.9,0.0,18.8,45.0,20.52,Antsirabe,-19.867,47.033,1507.0
2013-04-11,25.1,12.1,18.3,0.0,10.7,26.3,24.28,Antsirabe,-19.867,47.033,1507.0
2013-04-12,25.0,12.8,18.5,0.0,11.7,24.5,23.22,Antsirabe,-19.867,47.033,1507.0
2013-04-13,23.9,13.8,18.5,0.0,13.6,29.9,21.2,Antsirabe,-19.867,47.033,1507.0
2013-04-14,23.2,13.9,17.9,1.1,9.6,23.4,18.87,Antsirabe,-19.867,47.033,1507.0
2013-04-15,22.6,13.3,17.6,3.0,9.3,27.0,18.3,Antsirabe,-19.867,47.033,1507.0
2013-04-16,22.0,14.7,17.8,2.1,11.0,28.1,16.05,Antsirabe,-19.867,47.033,1507.0
2013-04-17,22.1,13.7,17.1,0.0,15.4,37.1,17.01,Antsirabe,-19.867,47.033,1507.0
2013-04-18,23.3,12.3,17.2,0.0,9.5,27.0,23.08,Antsirabe,-19.867,47.033,1507.0
2013-04-19,24.5,12.9,18.1,0.0,9.4,20.9,23.07,Antsirabe,-19.867,47.033,1507.0
2013-04-20,25.8,11.0,18.4,0.0,10.7,29.5,22.69,Antsirabe,-19.867,47.033,1507.0
2013-04-21,24.2,13.3,18.2,0.0,13.3,33.8,21.29,Antsirabe,-19.867,47.033,1507.0
2013-04-22,24.4,12.5,18.4,0.2,7.0,17.3,20.88,Antsirabe,-19.867,47.033,1507.0
2013-04-23,23.9,14.5,19.1,0.2,8.7,20.5,18.84,Antsirabe,-19.867,47.033,1507.0
2013-04-24,23.5,14.1,17.8,19.5,7.3,23.4,16.08,Antsirabe,-19.867,47.033,1507.0
2013-04-25,18.7,12.9,15.5,1.3,17.4,41.8,13.04,Antsirabe,-19.867,47.033,1507.0
2013-04-26,19.8,12.0,15.1,11.1,10.2,27.0,15.21,Antsirabe,-19.867,47.033,1507.0
2013-04-27,19.5,12.3,14.8,9.2,11.0,31.3,15.8,Antsirabe,-19.867,47.033,1507.0
2013-04-28,19.4,12.1,15.0,3.6,19.5,44.6,16.02,Antsirabe,-19.867,47.033,1507.0
2013-04-29,20.8,11.3,15.8,0.4,10.5,28.4,17.4,Antsirabe,-19.867,47.033,1507.0
2013-04-30,22.1,10.7,16.4,0.0,10.0,24.1,20.44,Antsirabe,-19.867,47.033,1507.0
2013-05-01,20.6,10.8,15.3,0.0,14.1,32.8,18.58,Antsirabe,-19.867,47.033,1507.0
2013-05-02,18.6,11.4,14.4,0.0,20.3,47.5,15.43,Antsirabe,-19.867,47.033,1507.0
2013-05-03,19.4,11.5,15.1,1.9,14.8,36.7,15.42,Antsirabe,-19.867,47.033,1507.0
2013-05-04,21.3,11.7,15.8,0.3,9.6,27.4,13.11,Antsirabe,-19.867,47.033,1507.0
2013-05-05,22.2,11.5,16.8,1.4,8.6,24.8,17.31,Antsirabe,-19.867,47.033,1507.0
2013-05-06,21.1,13.2,16.6,0.4,14.4,36.7,17.13,Antsirabe,-19.867,47.033,1507.0
2013-05-07,22.5,8.3,15.8,0.0,12.5,24.8,20.85,Antsirabe,-19.867,47.033,1507.0
2013-05-08,21.6,11.8,16.3,0.0,11.9,30.6,19.16,Antsirabe,-19.867,47.033,1507.0
2013-05-09,22.1,10.9,16.4,0.0,13.6,29.5,19.19,Antsirabe,-19.867,47.033,1507.0
2013-05-10,22.7,10.3,16.6,0.0,12.0,27.7,20.26,Antsirabe,-19.867,47.033,1507.0
2013-05-11,23.5,10.9,17.4,0.9,8.1,23.8,18.77,Antsirabe,-19.867,47.033,1507.0
2013-05-12,19.7,13.1,16.1,0.9,13.7,34.6,13.4,Antsirabe,-19.867,47.033,1507.0
2013-05-13,20.7,13.3,16.4,0.2,18.0,41.4,13.58,Antsirabe,-19.867,47.033,1507.0
2013-05-14,19.5,12.7,15.4,0.6,21.9,50.4,13.56,Antsirabe,-19.867,47.033,1507.0
2013-05-15,19.9,11.2,15.2,0.0,22.0,49.7,17.68,Antsirabe,-19.867,47.033,1507.0
2013-05-16,20.2,10.5,14.7,0.0,19.5,45.4,15.56,Antsirabe,-19.867,47.033,1507.0
2013-05-17,21.3,11.6,15.5,0.0,10.4,27.7,18.77,Antsirabe,-19.867,47.033,1507.0
2013-05-18,21.8,9.7,15.2,0.0,8.0,24.8,19.62,Antsirabe,-19.867,47.033,1507.0
2013-05-19,20.1,10.9,14.7,0.0,12.6,33.5,18.54,Antsirabe,-19.867,47.033,1507.0
2013-05-20,20.7,9.9,15.2,0.0,9.4,19.4,17.71,Antsirabe,-19.867,47.033,1507.0
2013-05-21,20.9,10.5,15.7,0.0,7.2,22.7,15.75,Antsirabe,-19.867,47.033,1507.0
2013-05-22,21.6,9.6,15.8,0.0,11.6,25.6,16.11,Antsirabe,-19.867,47.033,1507.0
2013-05-23,22.2,10.9,16.9,0.0,12.3,25.6,17.45,Antsirabe,-19.867,47.033,1507.0
2013-05-24,22.1,9.8,16.1,0.0,14.0,33.8,16.56,Antsirabe,-19.867,47.033,1507.0
2013-05-25,22.3,9.5,16.2,0.0,12.6,28.8,18.76,Antsirabe,-19.867,47.033,1507.0
2013-05-26,21.3,10.5,15.0,8.4,10.2,29.9,15.28,Antsirabe,-19.867,47.033,1507.0
2013-05-27,20.2,10.8,15.0,0.1,16.9,41.4,15.21,Antsirabe,-19.867,47.033,1507.0
2013-05-28,20.7,8.6,14.1,0.0,16.2,39.6,18.69,Antsirabe,-19.867,47.033,1507.0
2013-05-29,20.9,8.4,14.1,0.0,15.4,37.8,19.2,Antsirabe,-19.867,47.033,1507.0
2013-05-30,21.5,7.3,14.1,0.0,12.8,30.2,19.45,Antsirabe,-19.867,47.033,1507.0
2013-05-31,21.2,8.1,14.8,0.0,13.5,32.4,19.14,Antsirabe,-19.867,47.033,1507.0
2013-06-01,20.3,8.2,14.5,0.0,9.5,26.3,18.28,Antsirabe,-19.867,47.033,1507.0
2013-06-02,16.5,9.2,12.6,0.0,23.0,52.9,14.57,Antsirabe,-19.867,47.033,1507.0
2013-06-03,14.2,6.5,10.2,0.0,26.3,61.2,16.11,Antsirabe,-19.867,47.033,1507.0
2013-06-04,18.0,5.2,10.5,0.0,13.7,35.6,18.83,Antsirabe,-19.867,47.033,1507.0
2013-06-05,21.4,1.7,11.7,0.0,9.8,23.8,19.45,Antsirabe,-19.867,47.033,1507.0
2013-06-06,22.1,4.8,13.0,0.0,10.3,26.3,19.3,Antsirabe,-19.867,47.033,1507.0
2013-06-07,18.0,5.9,11.4,0.0,17.0,41.8,15.81,Antsirabe,-19.867,47.033,1507.0
2013-06-08,20.5,4.2,12.4,0.0,6.5,22.0,18.45,Antsirabe,-19.867,47.033,1507.0
2013-06-09,22.0,4.6,13.0,0.0,7.7,23.0,18.81,Antsirabe,-19.867,47.033,1507.0
2013-06-10,20.7,9.5,14.4,0.0,10.9,29.2,18.68,Antsirabe,-19.867,47.033,1507.0
2013-06-11,18.2,5.8,11.3,0.0,16.7,40.7,18.56,Antsirabe,-19.867,47.033,1507.0
2013-06-12,19.2,7.1,12.2,0.0,11.6,31.3,18.34,Antsirabe,-19.867,47.033,1507.0
2013-06-13,20.3,4.8,12.4,0.0,7.6,23.4,18.67,Antsirabe,-19.867,47.033,1507.0
2013-06-14,19.8,6.8,13.3,0.0,7.1,19.4,17.61,Antsirabe,-19.867,47.033,1507.0
2013-06-15,19.9,7.7,13.7,0.0,7.3,19.4,17.06,Antsirabe,-19.867,47.033,1507.0
2013-06-16,19.3,8.7,13.5,0.0,10.7,28.4,14.77,Antsirabe,-19.867,47.033,1507.0
2013-06-17,16.3,7.4,11.6,0.0,21.1,47.9,12.38,Antsirabe,-19.867,47.033,1507.0
2013-06-18,16.2,4.8,9.8,0.0,18.2,44.3,18.31,Antsirabe,-19.867,47.033,1507.0
2013-06-19,16.9,5.1,10.5,0.0,20.0,47.2,16.58,Antsirabe,-19.867,47.033,1507.0
2013-06-20,17.7,7.6,11.6,0.0,14.8,38.2,17.85,Antsirabe,-19.867,47.033,1507.0
2013-06-21,17.3,6.7,11.5,0.0,19.1,46.4,17.43,Antsirabe,-19.867,47.033,1507.0
2013-06-22,17.4,7.2,11.6,0.0,18.1,42.8,16.88,Antsirabe,-19.867,47.033,1507.0
2013-06-23,16.5,5.6,10.5,0.0,20.0,47.2,17.39,Antsirabe,-19.867,47.033,1507.0
2013-06-24,17.4,7.7,11.5,0.0,25.2,56.5,14.6,Antsirabe,-19.867,47.033,1507.0
2013-06-25,17.0,7.7,11.3,0.0,23.0,51.8,15.8,Antsirabe,-19.867,47.033,1507.0
2013-06-26,20.1,4.9,12.2,0.0,12.7,33.1,17.01,Antsirabe,-19.867,47.033,1507.0
2013-06-27,21.0,6.6,14.2,0.0,8.3,18.7,17.6,Antsirabe,-19.867,47.033,1507.0
2013-06-28,21.0,10.2,15.4,0.0,8.1,21.2,17.9,Antsirabe,-19.867,47.033,1507.0
2013-06-29,21.1,8.7,14.4,0.0,9.4,25.9,17.34,Antsirabe,-19.867,47.033,1507.0
2013-06-30,21.1,9.5,15.3,0.0,11.5,25.9,17.39,Antsirabe,-19.867,47.033,1507.0
2013-07-01,20.7,9.3,15.0,0.0,8.6,23.0,18.39,Antsirabe,-19.867,47.033,1507.0
2013-07-02,20.7,7.5,13.8,0.0,8.0,21.6,16.99,Antsirabe,-19.867,47.033,1507.0
2013-07-03,21.1,10.1,14.5,0.0,6.5,22.0,18.23,Antsirabe,-19.867,47.033,1507.0
2013-07-04,21.1,5.5,12.9,0.0,11.2,30.2,18.61,Antsirabe,-19.867,47.033,1507.0
2013-07-05,21.6,4.2,12.6,0.0,8.2,19.8,18.77,Antsirabe,-19.867,47.033,1507.0
2013-07-06,21.2,6.9,13.5,0.0,11.2,24.1,18.96,Antsirabe,-19.867,47.033,1507.0
2013-07-07,19.6,5.1,12.4,0.0,11.5,25.9,18.71,Antsirabe,-19.867,47.033,1507.0
2013-07-08,18.0,8.0,12.2,0.0,10.7,27.0,16.98,Antsirabe,-19.867,47.033,1507.0
2013-07-09,18.4,7.0,12.4,0.0,7.2,21.6,16.05,Antsirabe,-19.867,47.033,1507.0
2013-07-10,18.5,6.7,12.4,0.0,7.6,22.0,17.92,Antsirabe,-19.867,47.033,1507.0
2013-07-11,18.1,6.0,11.6,0.0,10.6,29.2,19.01,Antsirabe,-19.867,47.033,1507.0
2013-07-12,15.0,7.2,10.4,0.0,17.6,42.1,14.59,Antsirabe,-19.867,47.033,1507.0
2013-07-13,17.8,5.5,10.7,0.0,13.2,32.0,18.14,Antsirabe,-19.867,47.033,1507.0
2013-07-14,19.8,3.8,11.8,0.0,10.1,29.2,18.55,Antsirabe,-19.867,47.033,1507.0
2013-07-15,19.9,6.8,13.1,0.0,8.6,25.6,17.63,Antsirabe,-19.867,47.033,1507.0
2013-07-16,19.7,9.0,13.4,0.0,9.8,28.4,18.28,Antsirabe,-19.867,47.033,1507.0
2013-07-17,19.9,8.5,13.9,0.0,9.8,27.0,18.68,Antsirabe,-19.867,47.033,1507.0
2013-07-18,19.4,8.5,13.3,0.0,12.3,29.9,18.29,Antsirabe,-19.867,47.033,1507.0
2013-07-19,18.1,8.1,12.2,0.0,13.0,32.4,16.4,Antsirabe,-19.867,47.033,1507.0
2013-07-20,18.6,6.9,12.2,0.0,10.1,25.2,18.08,Antsirabe,-19.867,47.033,1507.0
2013-07-21,19.0,5.9,12.1,0.0,9.7,28.4,19.23,Antsirabe,-19.867,47.033,1507.0
2013-07-22,18.7,4.3,10.8,0.0,13.0,34.2,19.82,Antsirabe,-19.867,47.033,1507.0
2013-07-23,17.9,7.3,11.8,0.0,18.7,43.6,14.24,Antsirabe,-19.867,47.033,1507.0
2013-07-24,19.9,5.6,12.6,0.0,13.1,34.2,17.6,Antsirabe,-19.867,47.033,1507.0
2013-07-25,21.0,7.8,13.5,0.0,11.4,31.3,19.86,Antsirabe,-19.867,47.033,1507.0
2013-07-26,18.4,7.8,12.5,0.0,15.2,38.9,19.15,Antsirabe,-19.867,47.033,1507.0
2013-07-27,19.8,4.7,12.2,0.0,8.8,25.9,18.22,Antsirabe,-19.867,47.033,1507.0
2013-07-28,21.8,7.4,14.4,0.0,10.0,27.0,19.41,Antsirabe,-19.867,47.033,1507.0
2013-07-29,22.2,8.2,15.1,0.0,12.1,31.3,20.17,Antsirabe,-19.867,47.033,1507.0
2013-07-30,20.8,9.1,14.0,0.0,15.6,34.6,19.56,Antsirabe,-19.867,47.033,1507.0
2013-07-31,16.4,8.9,11.8,0.0,20.2,46.1,15.18,Antsirabe,-19.867,47.033,1507.0
2013-08-01,16.7,7.6,11.2,0.0,19.1,45.4,17.81,Antsirabe,-19.867,47.033,1507.0
2013-08-02,15.8,6.6,10.2,0.0,20.6,49.0,18.63,Antsirabe,-19.867,47.033,1507.0
2013-08-03,16.1,7.2,10.5,0.0,22.9,53.6,18.69,Antsirabe,-19.867,47.033,1507.0
2013-08-04,15.6,8.7,11.0,0.0,27.2,60.8,18.08,Antsirabe,-19.867,47.033,1507.0
2013-08-05,15.5,7.9,11.1,0.4,26.3,58.7,14.71,Antsirabe,-19.867,47.033,1507.0
2013-08-06,16.8,7.5,11.6,0.0,23.0,52.2,14.57,Antsirabe,-19.867,47.033,1507.0
2013-08-07,18.0,8.0,12.2,0.0,19.8,46.1,15.8,Antsirabe,-19.867,47.033,1507.0
2013-08-08,18.3,7.0,12.3,0.0,14.8,36.0,15.53,Antsirabe,-19.867,47.033,1507.0
2013-08-09,19.7,7.9,13.3,0.0,10.5,29.2,18.11,Antsirabe,-19.867,47.033,1507.0
2013-08-10,19.8,9.1,13.8,0.0,10.2,29.5,16.3,Antsirabe,-19.867,47.033,1507.0
2013-08-11,21.4,7.2,14.5,0.0,11.2,31.3,20.21,Antsirabe,-19.867,47.033,1507.0
2013-08-12,22.1,7.2,14.7,0.0,7.2,24.5,21.04,Antsirabe,-19.867,47.033,1507.0
2013-08-13,22.7,8.9,15.3,0.0,7.9,23.4,21.28,Antsirabe,-19.867,47.033,1507.0
2013-08-14,23.6,7.5,15.1,0.0,6.6,22.3,21.81,Antsirabe,-19.867,47.033,1507.0
2013-08-15,23.1,5.7,14.4,0.0,8.7,26.6,22.63,Antsirabe,-19.867,47.033,1507.0
2013-08-16,23.0,8.1,15.0,0.0,8.0,21.2,22.46,Antsirabe,-19.867,47.033,1507.0
2013-08-17,23.7,6.2,14.7,0.0,11.3,30.2,22.72,Antsirabe,-19.867,47.033,1507.0
2013-08-18,23.8,6.1,15.5,0.0,8.2,22.3,22.92,Antsirabe,-19.867,47.033,1507.0
2013-08-19,23.4,11.5,16.6,0.0,10.1,27.7,22.79,Antsirabe,-19.867,47.033,1507.0
2013-08-20,18.3,6.6,12.0,0.0,23.6,55.1,19.16,Antsirabe,-19.867,47.033,1507.0
2013-08-21,20.0,8.0,13.1,0.0,13.9,30.6,21.44,Antsirabe,-19.867,47.033,1507.0
2013-08-22,22.6,6.2,14.4,0.0,10.1,24.8,22.87,Antsirabe,-19.867,47.033,1507.0
2013-08-23,22.9,8.9,15.7,0.0,11.9,32.4,22.85,Antsirabe,-19.867,47.033,1507.0
2013-08-24,22.8,5.7,14.4,0.0,9.7,27.0,23.67,Antsirabe,-19.867,47.033,1507.0
2013-08-25,23.1,10.8,16.7,0.0,14.5,32.4,23.3,Antsirabe,-19.867,47.033,1507.0
2013-08-26,17.4,9.5,13.0,0.0,24.6,56.2,16.48,Antsirabe,-19.867,47.033,1507.0
2013-08-27,16.7,6.8,11.2,0.0,31.4,69.5,22.47,Antsirabe,-19.867,47.033,1507.0
2013-08-28,19.6,5.8,11.6,0.0,17.9,44.3,23.68,Antsirabe,-19.867,47.033,1507.0
2013-08-29,19.9,7.4,12.6,0.0,18.4,45.0,22.66,Antsirabe,-19.867,47.033,1507.0
2013-08-30,23.2,5.8,14.5,0.0,11.2,27.0,21.88,Antsirabe,-19.867,47.033,1507.0
2013-08-31,23.6,7.9,16.4,0.0,9.0,24.8,18.7,Antsirabe,-19.867,47.033,1507.0
2013-09-01,23.8,10.3,17.1,0.0,11.0,28.4,20.32,Antsirabe,-19.867,47.033,1507.0
2013-09-02,24.8,9.2,16.9,0.0,14.0,37.4,22.69,Antsirabe,-19.867,47.033,1507.0
2013-09-03,24.0,10.2,16.5,0.0,11.5,31.3,21.75,Antsirabe,-19.867,47.033,1507.0
2013-09-04,23.2,10.9,17.1,0.8,14.0,33.8,17.27,Antsirabe,-19.867,47.033,1507.0
2013-09-05,23.6,10.5,17.1,0.0,12.9,31.0,17.04,Antsirabe,-19.867,47.033,1507.0
2013-09-06,20.1,12.2,15.8,1.8,9.7,28.4,15.43,Antsirabe,-19.867,47.033,1507.0
2013-09-07,21.8,9.1,15.1,0.0,14.0,32.0,22.92,Antsirabe,-19.867,47.033,1507.0
2013-09-08,22.9,7.2,15.5,0.0,9.4,27.7,23.5,Antsirabe,-19.867,47.033,1507.0
2013-09-09,24.4,10.6,17.0,0.0,8.4,25.9,24.63,Antsirabe,-19.867,47.033,1507.0
2013-09-10,24.4,8.2,16.0,0.0,14.7,37.4,26.11,Antsirabe,-19.867,47.033,1507.0
2013-09-11,25.3,4.5,15.4,0.0,9.9,29.2,26.61,Antsirabe,-19.867,47.033,1507.0
2013-09-12,25.9,10.1,17.5,0.0,10.1,29.5,26.23,Antsirabe,-19.867,47.033,1507.0
2013-09-13,24.9,8.7,16.4,0.0,10.8,25.2,26.41,Antsirabe,-19.867,47.033,1507.0
2013-09-14,25.2,7.7,17.0,0.0,8.4,27.4,26.23,Antsirabe,-19.867,47.033,1507.0
2013-09-15,24.9,10.3,17.1,0.0,11.4,31.0,24.89,Antsirabe,-19.867,47.033,1507.0
2013-09-16,24.5,8.6,16.3,0.0,15.2,37.4,26.55,Antsirabe,-19.867,47.033,1507.0
2013-09-17,24.4,7.3,15.6,0.0,19.9,49.0,25.95,Antsirabe,-19.867,47.033,1507.0
2013-09-18,22.4,7.9,14.9,0.0,19.5,47.5,25.38,Antsirabe,-19.867,47.033,1507.0
2013-09-19,23.3,8.1,15.4,0.0,16.9,38.5,25.19,Antsirabe,-19.867,47.033,1507.0
2013-09-20,21.7,7.8,14.9,0.0,19.6,49.0,20.93,Antsirabe,-19.867,47.033,1507.0
2013-09-21,24.2,9.0,15.9,0.0,17.0,39.2,26.72,Antsirabe,-19.867,47.033,1507.0
2013-09-22,24.4,9.2,16.1,0.0,11.9,34.2,27.39,Antsirabe,-19.867,47.033,1507.0
2013-09-23,24.7,7.2,16.2,0.0,8.8,28.4,27.72,Antsirabe,-19.867,47.033,1507.0
2013-09-24,25.2,8.8,17.7,0.0,10.1,29.9,25.84,Antsirabe,-19.867,47.033,1507.0
2013-09-25,26.7,12.7,19.3,0.0,10.8,29.9,25.53,Antsirabe,-19.867,47.033,1507.0
2013-09-26,27.1,14.4,20.7,0.0,15.7,35.3,22.8,Antsirabe,-19.867,47.033,1507.0
2013-09-27,28.8,11.2,20.3,0.0,8.2,27.4,23.84,Antsirabe,-19.867,47.033,1507.0
2013-09-28,29.3,12.2,21.1,0.0,11.2,32.0,27.34,Antsirabe,-19.867,47.033,1507.0
2013-09-29,28.7,13.9,20.7,0.7,8.9,28.4,24.43,Antsirabe,-19.867,47.033,1507.0
2013-09-30,25.7,13.4,18.6,3.7,19.8,45.7,20.11,Antsirabe,-19.867,47.033,1507.0
2013-10-01,15.7,10.1,12.5,4.9,22.5,49.7,12.07,Antsirabe,-19.867,47.033,1507.0
2013-10-02,17.0,9.6,12.8,1.4,24.5,56.5,13.8,Antsirabe,-19.867,47.033,1507.0
2013-10-03,17.2,11.4,13.6,0.0,24.3,58.0,15.59,Antsirabe,-19.867,47.033,1507.0
2013-10-04,21.8,11.4,15.4,0.0,23.4,54.4,25.22,Antsirabe,-19.867,47.033,1507.0
2013-10-05,22.7,9.1,15.0,0.0,17.3,43.6,26.26,Antsirabe,-19.867,47.033,1507.0
2013-10-06,23.1,8.7,15.6,0.0,18.8,46.8,28.41,Antsirabe,-19.867,47.033,1507.0
2013-10-07,26.2,8.4,17.9,0.0,10.0,25.9,28.23,Antsirabe,-19.867,47.033,1507.0
2013-10-08,24.4,13.0,18.2,5.5,15.3,35.6,20.47,Antsirabe,-19.867,47.033,1507.0
2013-10-09,22.7,12.7,16.2,22.8,10.1,28.1,16.96,Antsirabe,-19.867,47.033,1507.0
2013-10-10,22.8,10.0,16.0,2.5,13.9,33.8,22.19,Antsirabe,-19.867,47.033,1507.0
2013-10-11,24.3,9.4,16.3,7.6,13.7,36.0,24.17,Antsirabe,-19.867,47.033,1507.0
2013-10-12,24.2,10.6,17.3,4.2,11.8,29.9,24.87,Antsirabe,-19.867,47.033,1507.0
2013-10-13,25.1,10.2,18.3,0.6,17.3,40.7,25.07,Antsirabe,-19.867,47.033,1507.0
2013-10-14,26.1,13.6,20.2,0.7,10.4,29.2,25.33,Antsirabe,-19.867,47.033,1507.0
2013-10-15,25.9,12.4,19.2,1.3,12.6,29.2,23.97,Antsirabe,-19.867,47.033,1507.0
2013-10-16,25.2,13.3,18.5,0.0,18.8,42.1,24.96,Antsirabe,-19.867,47.033,1507.0
2013-10-17,25.0,12.2,17.9,0.0,15.0,37.8,25.34,Antsirabe,-19.867,47.033,1507.0
2013-10-18,24.3,14.5,18.7,4.4,9.4,29.9,19.13,Antsirabe,-19.867,47.033,1507.0
2013-10-19,24.1,13.3,18.3,3.4,11.2,25.6,21.18,Antsirabe,-19.867,47.033,1507.0
2013-10-20,25.3,14.3,20.0,2.8,8.3,25.9,22.23,Antsirabe,-19.867,47.033,1507.0
2013-10-21,25.6,15.6,20.7,0.1,10.5,29.5,21.47,Antsirabe,-19.867,47.033,1507.0
2013-10-22,28.1,16.6,22.2,0.5,11.6,34.9,24.37,Antsirabe,-19.867,47.033,1507.0
2013-10-23,26.4,15.9,20.2,8.1,10.3,29.9,22.24,Antsirabe,-19.867,47.033,1507.0
2013-10-24,24.9,14.5,19.0,0.0,15.9,39.2,27.66,Antsirabe,-19.867,47.033,1507.0
2013-10-25,24.3,13.3,18.3,7.1,10.5,29.5,24.09,Antsirabe,-19.867,47.033,1507.0
2013-10-26,24.5,14.5,18.4,18.9,11.9,29.2,23.15,Antsirabe,-19.867,47.033,1507.0
2013-10-27,23.7,14.5,17.9,22.2,11.3,30.6,22.3,Antsirabe,-19.867,47.033,1507.0
2013-10-28,22.6,12.8,16.7,16.1,13.5,34.9,21.59,Antsirabe,-19.867,47.033,1507.0
2013-10-29,21.8,13.3,17.3,0.4,15.6,37.1,21.47,Antsirabe,-19.867,47.033,1507.0
2013-10-30,25.9,11.8,18.7,0.0,12.4,28.1,30.22,Antsirabe,-19.867,47.033,1507.0
2013-10-31,24.8,14.6,18.9,9.1,15.7,37.1,22.47,Antsirabe,-19.867,47.033,1507.0
2013-11-01,25.7,15.6,19.3,13.4,11.0,27.4,24.16,Antsirabe,-19.867,47.033,1507.0
2013-11-02,26.0,13.6,19.2,21.1,7.3,23.0,24.5,Antsirabe,-19.867,47.033,1507.0
2013-11-03,25.1,15.1,19.2,99.1,11.1,32.4,20.89,Antsirabe,-19.867,47.033,1507.0
2013-11-04,26.0,14.2,19.0,10.8,9.3,26.6,23.75,Antsirabe,-19.867,47.033,1507.0
2013-11-05,24.4,15.9,19.2,19.1,8.6,25.2,22.94,Antsirabe,-19.867,47.033,1507.0
2013-11-06,26.2,15.4,20.2,0.2,7.9,23.4,24.76,Antsirabe,-19.867,47.033,1507.0
2013-11-07,26.6,13.3,19.8,0.0,8.8,26.3,31.11,Antsirabe,-19.867,47.033,1507.0
2013-11-08,25.5,13.5,19.7,0.0,9.2,23.4,27.49,Antsirabe,-19.867,47.033,1507.0
2013-11-09,25.0,14.8,19.9,0.0,9.8,27.4,23.3,Antsirabe,-19.867,47.033,1507.0
2013-11-10,25.0,14.0,19.7,0.0,10.3,25.9,24.67,Antsirabe,-19.867,47.033,1507.0
2013-11-11,24.2,14.0,18.8,10.2,10.1,25.2,23.43,Antsirabe,-19.867,47.033,1507.0
2013-11-12,24.1,14.5,19.1,2.9,13.6,30.6,26.25,Antsirabe,-19.867,47.033,1507.0
2013-11-13,24.3,13.2,19.2,0.0,16.2,36.7,25.53,Antsirabe,-19.867,47.033,1507.0
2013-11-14,25.7,13.6,19.5,2.3,13.7,32.8,23.8,Antsirabe,-19.867,47.033,1507.0
2013-11-15,25.4,14.4,19.9,0.0,18.4,43.9,26.84,Antsirabe,-19.867,47.033,1507.0
2013-11-16,26.8,13.2,20.6,0.0,10.5,28.1,27.75,Antsirabe,-19.867,47.033,1507.0
2013-11-17,27.6,14.9,21.5,0.0,8.9,22.3,27.81,Antsirabe,-19.867,47.033,1507.0
2013-11-18,26.1,15.3,20.8,2.8,12.3,31.7,23.79,Antsirabe,-19.867,47.033,1507.0
2013-11-19,26.8,15.8,21.5,1.1,12.0,25.9,26.59,Antsirabe,-19.867,47.033,1507.0
2013-11-20,26.1,16.2,20.8,2.8,12.0,29.2,23.26,Antsirabe,-19.867,47.033,1507.0
2013-11-21,25.3,15.5,20.7,0.5,13.5,27.7,22.85,Antsirabe,-19.867,47.033,1507.0
2013-11-22,25.8,15.2,20.8,1.0,10.0,20.9,23.92,Antsirabe,-19.867,47.033,1507.0
2013-11-23,24.7,15.5,19.2,30.8,11.0,26.3,21.93,Antsirabe,-19.867,47.033,1507.0
2013-11-24,23.1,16.0,18.6,15.4,17.1,44.3,23.48,Antsirabe,-19.867,47.033,1507.0
2013-11-25,22.0,15.1,17.9,17.8,14.0,35.6,21.59,Antsirabe,-19.867,47.033,1507.0
2013-11-26,23.1,14.9,17.9,23.4,10.4,36.4,21.92,Antsirabe,-19.867,47.033,1507.0
2013-11-27,22.2,14.8,17.7,15.5,11.7,34.6,17.82,Antsirabe,-19.867,47.033,1507.0
2013-11-28,24.4,12.9,17.7,7.1,12.8,32.4,23.91,Antsirabe,-19.867,47.033,1507.0
2013-11-29,23.5,13.1,17.9,27.1,10.5,28.4,20.67,Antsirabe,-19.867,47.033,1507.0
2013-11-30,23.7,14.2,18.3,13.8,11.4,34.2,21.42,Antsirabe,-19.867,47.033,1507.0
2013-12-01,23.8,13.7,19.0,1.2,13.0,34.6,25.06,Antsirabe,-19.867,47.033,1507.0
2013-12-02,25.0,14.1,20.2,0.9,14.2,31.0,25.97,Antsirabe,-19.867,47.033,1507.0
2013-12-03,20.6,14.2,17.4,4.7,13.2,34.6,19.8,Antsirabe,-19.867,47.033,1507.0
2013-12-04,22.2,13.7,18.1,4.8,10.8,27.7,23.85,Antsirabe,-19.867,47.033,1507.0
2013-12-05,22.1,15.8,18.2,18.1,10.9,27.4,18.95,Antsirabe,-19.867,47.033,1507.0
2013-12-06,23.5,14.3,18.3,10.2,10.1,29.9,20.29,Antsirabe,-19.867,47.033,1507.0
2013-12-07,23.4,15.4,18.9,13.9,9.6,34.2,21.55,Antsirabe,-19.867,47.033,1507.0
2013-12-08,25.1,16.6,19.9,1.4,10.2,35.3,23.79,Antsirabe,-19.867,47.033,1507.0
2013-12-09,23.9,15.5,19.1,36.4,12.4,38.5,21.32,Antsirabe,-19.867,47.033,1507.0
2013-12-10,23.5,16.6,19.1,22.3,13.6,33.5,19.32,Antsirabe,-19.867,47.033,1507.0
2013-12-11,24.5,15.7,19.3,21.4,11.7,37.1,22.25,Antsirabe,-19.867,47.033,1507.0
2013-12-12,24.0,16.1,18.9,16.0,12.7,33.8,17.65,Antsirabe,-19.867,47.033,1507.0
2013-12-13,24.8,14.9,18.8,22.0,12.3,32.8,20.56,Antsirabe,-19.867,47.033,1507.0
2013-12-14,24.3,14.0,18.5,23.5,8.4,30.6,19.64,Antsirabe,-19.867,47.033,1507.0
2013-12-15,25.3,14.3,19.5,18.1,7.4,25.2,21.25,Antsirabe,-19.867,47.033,1507.0
2013-12-16,25.8,14.9,19.9,5.0,6.5,23.4,23.59,Antsirabe,-19.867,47.033,1507.0
2013-12-17,26.8,14.9,20.4,7.2,7.0,23.8,25.77,Antsirabe,-19.867,47.033,1507.0
2013-12-18,24.0,16.8,19.8,5.8,11.6,28.4,18.17,Antsirabe,-19.867,47.033,1507.0
2013-12-19,24.4,16.3,19.5,43.5,10.2,33.1,19.09,Antsirabe,-19.867,47.033,1507.0
2013-12-20,23.5,15.3,18.6,24.4,12.2,32.8,18.6,Antsirabe,-19.867,47.033,1507.0
2013-12-21,22.6,15.9,18.4,12.0,11.5,31.0,15.83,Antsirabe,-19.867,47.033,1507.0
2013-12-22,22.3,14.6,17.8,1.4,17.4,41.0,19.62,Antsirabe,-19.867,47.033,1507.0
2013-12-23,23.4,12.7,17.5,0.0,13.3,33.1,30.08,Antsirabe,-19.867,47.033,1507.0
2013-12-24,24.3,13.2,18.3,0.0,10.9,24.8,28.23,Antsirabe,-19.867,47.033,1507.0
2013-12-25,24.3,14.1,19.1,0.0,8.3,27.0,24.56,Antsirabe,-19.867,47.033,1507.0
2013-12-26,24.7,15.0,19.6,0.2,9.1,24.5,25.34,Antsirabe,-19.867,47.033,1507.0
2013-12-27,25.5,15.2,19.8,0.0,10.5,27.4,26.9,Antsirabe,-19.867,47.033,1507.0
2013-12-28,25.4,12.9,19.4,0.2,8.9,26.3,26.56,Antsirabe,-19.867,47.033,1507.0
2013-12-29,23.6,15.4,18.8,27.8,8.5,24.8,20.11,Antsirabe,-19.867,47.033,1507.0
2013-12-30,23.8,15.6,18.7,18.1,6.2,24.5,23.97,Antsirabe,-19.867,47.033,1507.0
2013-12-31,24.9,14.5,19.0,0.8,8.6,26.6,26.18,Antsirabe,-19.867,47.033,1507.0
2014-01-01,23.7,13.1,18.9,0.5,8.3,25.6,24.15,Antsirabe,-19.867,47.033,1507.0
2014-01-02,23.6,15.3,18.6,23.8,11.5,32.0,20.2,Antsirabe,-19.867,47.033,1507.0
2014-01-03,22.1,15.5,18.8,21.2,11.5,26.6,17.96,Antsirabe,-19.867,47.033,1507.0
2014-01-04,22.5,15.3,18.2,17.0,13.4,37.1,17.29,Antsirabe,-19.867,47.033,1507.0
2014-01-05,19.0,15.3,16.9,7.7,21.0,49.3,6.26,Antsirabe,-19.867,47.033,1507.0
2014-01-06,21.6,16.7,18.1,13.9,19.4,39.6,13.77,Antsirabe,-19.867,47.033,1507.0
2014-01-07,20.6,16.2,17.5,15.3,17.1,42.1,12.18,Antsirabe,-19.867,47.033,1507.0
2014-01-08,23.9,15.0,18.9,0.9,20.7,48.2,26.67,Antsirabe,-19.867,47.033,1507.0
2014-01-09,23.5,14.0,18.9,0.0,26.7,55.8,26.34,Antsirabe,-19.867,47.033,1507.0
2014-01-10,23.9,15.6,19.1,5.2,17.4,42.5,21.38,Antsirabe,-19.867,47.033,1507.0
2014-01-11,25.2,14.3,19.1,42.9,10.9,24.8,21.64,Antsirabe,-19.867,47.033,1507.0
2014-01-12,25.4,15.6,19.6,8.5,15.7,40.7,23.99,Antsirabe,-19.867,47.033,1507.0
2014-01-13,24.1,15.3,19.3,3.7,14.7,36.0,20.78,Antsirabe,-19.867,47.033,1507.0
2014-01-14,23.9,15.6,19.3,92.8,6.0,38.5,18.85,Antsirabe,-19.867,47.033,1507.0
2014-01-15,22.3,16.9,18.8,23.5,16.1,37.8,13.91,Antsirabe,-19.867,47.033,1507.0
2014-01-16,20.5,16.9,18.6,12.2,21.3,54.7,11.28,Antsirabe,-19.867,47.033,1507.0
2014-01-17,23.6,16.4,19.1,6.2,15.9,41.8,18.83,Antsirabe,-19.867,47.033,1507.0
2014-01-18,23.5,16.5,19.0,9.5,13.7,38.9,17.47,Antsirabe,-19.867,47.033,1507.0
2014-01-19,24.8,15.5,19.4,19.7,10.2,28.1,20.26,Antsirabe,-19.867,47.033,1507.0
2014-01-20,24.6,14.9,19.4,3.2,19.3,45.0,20.86,Antsirabe,-19.867,47.033,1507.0
2014-01-21,25.6,16.7,20.6,1.7,19.3,46.8,23.66,Antsirabe,-19.867,47.033,1507.0
2014-01-22,25.0,16.7,20.2,5.7,15.8,38.9,21.69,Antsirabe,-19.867,47.033,1507.0
2014-01-23,24.3,16.5,19.6,10.2,15.3,36.0,19.9,Antsirabe,-19.867,47.033,1507.0
2014-01-24,22.9,16.2,18.9,2.5,12.6,31.7,17.91,Antsirabe,-19.867,47.033,1507.0
2014-01-25,23.1,16.0,18.8,13.8,10.7,28.8,17.1,Antsirabe,-19.867,47.033,1507.0
2014-01-26,24.1,15.7,18.9,21.9,12.4,31.7,20.34,Antsirabe,-19.867,47.033,1507.0
2014-01-27,23.9,15.2,18.9,9.3,17.6,40.7,18.14,Antsirabe,-19.867,47.033,1507.0
2014-01-28,22.8,16.1,18.6,10.9,11.2,38.9,14.19,Antsirabe,-19.867,47.033,1507.0
2014-01-29,22.9,15.6,18.5,13.7,11.4,34.2,14.75,Antsirabe,-19.867,47.033,1507.0
2014-01-30,22.3,16.3,18.5,11.5,9.6,29.2,14.02,Antsirabe,-19.867,47.033,1507.0
2014-01-31,22.0,16.3,18.2,14.3,10.3,28.1,11.95,Antsirabe,-19.867,47.033,1507.0
2014-02-01,24.2,15.1,19.0,9.8,10.5,25.6,20.18,Antsirabe,-19.867,47.033,1507.0
2014-02-02,24.8,15.3,19.2,18.8,13.4,30.6,19.21,Antsirabe,-19.867,47.033,1507.0
2014-02-03,24.7,15.5,19.3,8.6,13.4,35.6,21.14,Antsirabe,-19.867,47.033,1507.0
2014-02-04,24.2,15.1,19.3,7.2,13.8,37.4,22.32,Antsirabe,-19.867,47.033,1507.0
2014-02-05,21.2,16.6,18.2,9.3,15.7,38.5,14.85,Antsirabe,-19.867,47.033,1507.0
2014-02-06,23.4,16.3,19.4,3.4,9.1,31.7,22.9,Antsirabe,-19.867,47.033,1507.0
2014-02-07,23.2,15.6,19.0,7.8,9.7,28.4,20.98,Antsirabe,-19.867,47.033,1507.0
2014-02-08,23.6,16.4,19.2,26.2,7.9,30.2,17.9,Antsirabe,-19.867,47.033,1507.0
2014-02-09,24.3,16.8,19.4,21.0,5.7,19.1,18.44,Antsirabe,-19.867,47.033,1507.0
2014-02-10,23.7,16.1,19.2,19.4,12.5,26.6,17.41,Antsirabe,-19.867,47.033,1507.0
2014-02-11,23.5,16.6,18.9,9.1,14.4,32.8,15.16,Antsirabe,-19.867,47.033,1507.0
2014-02-12,24.6,12.0,18.3,0.0,13.1,33.8,29.8,Antsirabe,-19.867,47.033,1507.0
2014-02-13,25.4,13.7,19.1,0.9,13.3,34.6,26.45,Antsirabe,-19.867,47.033,1507.0
2014-02-14,24.3,15.5,19.7,2.3,9.4,27.7,22.68,Antsirabe,-19.867,47.033,1507.0
2014-02-15,24.2,16.1,19.7,8.2,8.9,23.8,21.83,Antsirabe,-19.867,47.033,1507.0
2014-02-16,23.1,16.4,19.5,3.2,6.6,20.5,16.61,Antsirabe,-19.867,47.033,1507.0
2014-02-17,24.0,16.8,19.5,17.3,10.8,26.6,19.09,Antsirabe,-19.867,47.033,1507.0
2014-02-18,20.8,15.4,17.9,2.3,13.2,33.8,12.27,Antsirabe,-19.867,47.033,1507.0
2014-02-19,25.2,14.7,19.2,6.1,16.0,38.9,23.53,Antsirabe,-19.867,47.033,1507.0
2014-02-20,24.4,15.2,19.0,54.8,11.0,27.0,18.7,Antsirabe,-19.867,47.033,1507.0
2014-02-21,24.1,16.7,19.4,4.2,22.2,48.2,19.2,Antsirabe,-19.867,47.033,1507.0
2014-02-22,24.0,16.0,19.3,0.1,21.0,48.6,23.56,Antsirabe,-19.867,47.033,1507.0
2014-02-23,23.8,14.4,18.7,0.5,21.2,53.3,26.44,Antsirabe,-19.867,47.033,1507.0
2014-02-24,20.6,13.6,17.0,4.2,19.5,43.2,16.99,Antsirabe,-19.867,47.033,1507.0
2014-02-25,20.1,13.7,17.0,4.2,16.6,38.5,10.74,Antsirabe,-19.867,47.033,1507.0
2014-02-26,23.0,16.2,18.5,35.7,8.2,28.1,15.24,Antsirabe,-19.867,47.033,1507.0
2014-02-27,23.6,16.7,18.8,7.5,12.4,33.8,19.36,Antsirabe,-19.867,47.033,1507.0
2014-02-28,24.5,15.1,18.8,8.6,10.9,31.3,23.55,Antsirabe,-19.867,47.033,1507.0
2014-03-01,24.4,13.9,18.5,26.0,9.0,34.6,20.24,Antsirabe,-19.867,47.033,1507.0
2014-03-02,24.2,14.9,19.1,0.3,14.4,36.0,24.13,Antsirabe,-19.867,47.033,1507.0
2014-03-03,23.6,14.3,18.3,1.9,20.9,49.3,21.27,Antsirabe,-19.867,47.033,1507.0
2014-03-04,22.9,14.6,18.2,1.0,13.7,36.7,22.67,Antsirabe,-19.867,47.033,1507.0
2014-03-05,23.8,14.5,18.9,0.0,22.0,49.3,23.09,Antsirabe,-19.867,47.033,1507.0
2014-03-06,24.6,15.1,19.3,0.0,16.9,41.4,24.07,Antsirabe,-19.867,47.033,1507.0
2014-03-07,24.9,15.4,19.5,0.0,13.4,34.2,21.49,Antsirabe,-19.867,47.033,1507.0
2014-03-08,25.3,14.1,19.4,0.0,12.0,31.0,26.05,Antsirabe,-19.867,47.033,1507.0
2014-03-09,24.1,13.2,18.9,0.3,13.5,34.6,22.86,Antsirabe,-19.867,47.033,1507.0
2014-03-10,24.9,14.7,19.7,0.0,8.0,22.3,23.3,Antsirabe,-19.867,47.033,1507.0
2014-03-11,25.1,14.2,19.8,0.0,9.9,27.4,23.45,Antsirabe,-19.867,47.033,1507.0
2014-03-12,25.4,14.3,19.9,0.1,10.0,28.4,22.69,Antsirabe,-19.867,47.033,1507.0
2014-03-13,25.4,15.6,20.3,0.0,8.6,25.9,22.29,Antsirabe,-19.867,47.033,1507.0
2014-03-14,25.2,14.8,19.7,0.0,18.0,45.4,23.91,Antsirabe,-19.867,47.033,1507.0
2014-03-15,26.0,14.2,20.0,0.0,7.8,22.3,24.87,Antsirabe,-19.867,47.033,1507.0
2014-03-16,26.0,15.4,20.4,0.0,11.1,28.1,24.25,Antsirabe,-19.867,47.033,1507.0
2014-03-17,25.2,16.8,20.1,6.5,9.4,24.1,23.39,Antsirabe,-19.867,47.033,1507.0
2014-03-18,24.9,15.4,19.3,8.9,9.8,28.1,19.89,Antsirabe,-19.867,47.033,1507.0
2014-03-19,23.9,15.7,19.2,12.1,9.9,29.5,16.5,Antsirabe,-19.867,47.033,1507.0
2014-03-20,24.0,16.5,19.5,9.4,9.1,24.5,21.84,Antsirabe,-19.867,47.033,1507.0
2014-03-21,25.3,15.1,19.3,7.7,14.1,35.3,22.59,Antsirabe,-19.867,47.033,1507.0
2014-03-22,22.4,16.5,18.7,0.0,27.7,61.9,22.84,Antsirabe,-19.867,47.033,1507.0
2014-03-23,21.4,15.8,18.1,0.2,31.2,66.2,15.77,Antsirabe,-19.867,47.033,1507.0
2014-03-24,21.0,14.6,17.3,0.0,28.4,61.9,18.74,Antsirabe,-19.867,47.033,1507.0
2014-03-25,21.6,12.7,16.9,0.0,23.4,51.8,23.21,Antsirabe,-19.867,47.033,1507.0
2014-03-26,23.5,10.9,16.7,0.0,10.2,28.1,26.6,Antsirabe,-19.867,47.033,1507.0
2014-03-27,23.6,13.4,18.2,0.0,10.7,27.7,24.69,Antsirabe,-19.867,47.033,1507.0
2014-03-28,24.1,12.7,17.8,0.0,8.5,23.4,26.31,Antsirabe,-19.867,47.033,1507.0
2014-03-29,24.3,11.8,18.4,0.0,10.4,27.7,24.5,Antsirabe,-19.867,47.033,1507.0
2014-03-30,23.1,15.7,18.7,0.1,10.1,23.0,14.31,Antsirabe,-19.867,47.033,1507.0
2014-03-31,19.2,14.5,16.5,4.4,16.6,38.9,8.91,Antsirabe,-19.867,47.033,1507.0
2014-04-01,21.8,13.9,17.6,0.3,20.9,46.4,14.73,Antsirabe,-19.867,47.033,1507.0
2014-04-02,22.3,15.2,18.2,9.0,10.0,23.8,15.01,Antsirabe,-19.867,47.033,1507.0
2014-04-03,23.0,15.6,18.6,0.5,14.1,33.1,17.32,Antsirabe,-19.867,47.033,1507.0
2014-04-04,22.6,13.1,17.4,0.8,18.1,42.5,19.18,Antsirabe,-19.867,47.033,1507.0
2014-04-05,23.8,11.1,17.7,1.3,8.6,23.0,21.46,Antsirabe,-19.867,47.033,1507.0
2014-04-06,22.0,13.9,17.6,1.7,18.4,43.9,18.54,Antsirabe,-19.867,47.033,1507.0
2014-04-07,21.4,14.6,17.4,0.0,13.9,35.6,22.77,Antsirabe,-19.867,47.033,1507.0
2014-04-08,22.3,11.2,16.7,0.6,12.7,28.4,18.85,Antsirabe,-19.867,47.033,1507.0
2014-04-09,17.6,11.7,14.2,0.0,17.8,40.7,14.85,Antsirabe,-19.867,47.033,1507.0
2014-04-10,18.8,11.0,13.9,0.0,19.6,45.7,18.9,Antsirabe,-19.867,47.033,1507.0
2014-04-11,19.0,9.6,13.7,0.0,22.3,49.7,20.39,Antsirabe,-19.867,47.033,1507.0
2014-04-12,20.3,11.2,15.0,0.0,21.2,47.2,18.56,Antsirabe,-19.867,47.033,1507.0
2014-04-13,20.1,12.2,15.0,0.0,21.8,48.2,17.7,Antsirabe,-19.867,47.033,1507.0
2014-04-14,19.3,12.7,15.3,0.3,23.2,52.2,16.91,Antsirabe,-19.867,47.033,1507.0
2014-04-15,22.5,11.2,16.7,0.0,9.1,25.2,19.91,Antsirabe,-19.867,47.033,1507.0
2014-04-16,22.9,12.3,17.9,0.1,5.2,18.7,18.28,Antsirabe,-19.867,47.033,1507.0
2014-04-17,25.2,12.7,18.9,0.0,9.4,27.4,21.15,Antsirabe,-19.867,47.033,1507.0
2014-04-18,24.1,13.5,18.2,3.8,13.2,35.6,17.39,Antsirabe,-19.867,47.033,1507.0
2014-04-19,24.4,15.3,19.0,0.0,12.1,31.3,18.23,Antsirabe,-19.867,47.033,1507.0
2014-04-20,24.4,13.1,18.3,0.0,7.8,25.6,19.91,Antsirabe,-19.867,47.033,1507.0
2014-04-21,24.1,13.2,18.7,0.2,6.3,19.8,20.35,Antsirabe,-19.867,47.033,1507.0
2014-04-22,24.8,13.1,19.0,1.2,5.8,23.0,20.11,Antsirabe,-19.867,47.033,1507.0
2014-04-23,24.9,12.2,18.6,0.0,6.8,22.3,19.13,Antsirabe,-19.867,47.033,1507.0
2014-04-24,25.5,12.8,18.6,0.0,9.7,27.7,22.32,Antsirabe,-19.867,47.033,1507.0
2014-04-25,24.0,9.4,16.8,0.0,15.6,38.5,23.1,Antsirabe,-19.867,47.033,1507.0
2014-04-26,24.4,10.1,16.9,0.0,7.4,23.8,22.97,Antsirabe,-19.867,47.033,1507.0
2014-04-27,24.7,9.8,17.3,0.0,9.7,22.0,21.81,Antsirabe,-19.867,47.033,1507.0
2014-04-28,21.7,12.6,17.0,0.8,14.1,33.1,15.87,Antsirabe,-19.867,47.033,1507.0
2014-04-29,21.8,11.5,16.0,0.0,16.3,38.9,21.05,Antsirabe,-19.867,47.033,1507.0
2014-04-30,23.5,10.3,16.4,0.0,10.5,25.6,22.55,Antsirabe,-19.867,47.033,1507.0
2014-05-01,23.1,11.6,16.9,0.0,15.7,39.6,19.93,Antsirabe,-19.867,47.033,1507.0
2014-05-02,21.8,13.0,16.8,0.3,18.4,43.6,16.43,Antsirabe,-19.867,47.033,1507.0
2014-05-03,21.6,13.4,16.5,1.1,19.7,45.0,15.69,Antsirabe,-19.867,47.033,1507.0
2014-05-04,20.7,12.6,15.6,0.0,27.2,60.1,19.59,Antsirabe,-19.867,47.033,1507.0
2014-05-05,21.5,12.0,16.1,0.0,20.5,45.7,16.85,Antsirabe,-19.867,47.033,1507.0
2014-05-06,22.7,13.1,17.2,0.0,13.0,33.1,16.7,Antsirabe,-19.867,47.033,1507.0
2014-05-07,22.2,10.5,16.7,0.5,7.5,23.8,17.38,Antsirabe,-19.867,47.033,1507.0
2014-05-08,23.5,10.6,17.1,0.1,8.4,24.8,18.16,Antsirabe,-19.867,47.033,1507.0
2014-05-09,23.0,11.5,17.5,0.0,8.0,22.7,17.0,Antsirabe,-19.867,47.033,1507.0
2014-05-10,22.5,11.9,17.3,0.1,6.9,22.0,16.37,Antsirabe,-19.867,47.033,1507.0
2014-05-11,22.1,12.2,17.1,0.2,12.4,29.9,15.58,Antsirabe,-19.867,47.033,1507.0
2014-05-12,22.5,11.6,16.5,0.0,21.7,52.2,20.44,Antsirabe,-19.867,47.033,1507.0
2014-05-13,20.2,7.6,14.1,0.0,24.4,56.2,20.93,Antsirabe,-19.867,47.033,1507.0
2014-05-14,21.0,10.5,14.7,0.0,19.4,44.3,20.41,Antsirabe,-19.867,47.033,1507.0
2014-05-15,20.0,9.0,14.0,0.0,20.6,47.5,19.65,Antsirabe,-19.867,47.033,1507.0
2014-05-16,22.7,7.4,14.4,0.0,10.2,23.4,20.66,Antsirabe,-19.867,47.033,1507.0
2014-05-17,23.3,9.0,15.9,0.0,12.6,29.9,20.39,Antsirabe,-19.867,47.033,1507.0
2014-05-18,22.4,10.8,16.1,0.0,11.3,28.1,20.25,Antsirabe,-19.867,47.033,1507.0
2014-05-19,21.8,10.9,15.6,0.0,10.8,26.3,16.63,Antsirabe,-19.867,47.033,1507.0
2014-05-20,20.1,11.3,15.1,0.7,10.5,25.2,11.85,Antsirabe,-19.867,47.033,1507.0
2014-05-21,21.3,10.4,15.5,0.0,11.2,25.6,17.34,Antsirabe,-19.867,47.033,1507.0
2014-05-22,21.4,12.4,16.1,0.0,13.5,33.1,17.74,Antsirabe,-19.867,47.033,1507.0
2014-05-23,19.0,11.3,14.5,0.3,26.1,58.3,14.48,Antsirabe,-19.867,47.033,1507.0
2014-05-24,17.1,9.1,13.0,0.0,26.4,59.0,16.61,Antsirabe,-19.867,47.033,1507.0
2014-05-25,19.0,7.0,12.2,0.0,11.6,31.0,18.01,Antsirabe,-19.867,47.033,1507.0
2014-05-26,21.0,6.8,13.8,0.0,8.6,24.1,19.63,Antsirabe,-19.867,47.033,1507.0
2014-05-27,20.4,9.1,14.2,0.0,11.0,31.3,19.38,Antsirabe,-19.867,47.033,1507.0
2014-05-28,21.9,5.2,13.2,0.0,9.7,21.2,19.29,Antsirabe,-19.867,47.033,1507.0
2014-05-29,20.0,9.3,14.0,0.0,16.6,40.3,15.42,Antsirabe,-19.867,47.033,1507.0
2014-05-30,21.8,7.1,14.2,0.0,12.0,31.7,19.34,Antsirabe,-19.867,47.033,1507.0
2014-05-31,22.4,8.0,15.0,0.0,7.9,22.7,19.09,Antsirabe,-19.867,47.033,1507.0
2014-06-01,21.3,8.7,14.7,0.0,12.3,33.1,18.92,Antsirabe,-19.867,47.033,1507.0
2014-06-02,23.5,6.0,14.6,0.0,6.5,21.6,18.82,Antsirabe,-19.867,47.033,1507.0
2014-06-03,23.5,10.9,16.0,0.0,7.1,23.0,18.47,Antsirabe,-19.867,47.033,1507.0
2014-06-04,21.7,7.7,14.6,0.0,14.2,35.6,17.31,Antsirabe,-19.867,47.033,1507.0
2014-06-05,22.0,8.0,14.4,0.0,15.1,37.8,17.76,Antsirabe,-19.867,47.033,1507.0
2014-06-06,23.6,7.8,15.6,0.0,8.1,22.3,18.85,Antsirabe,-19.867,47.033,1507.0
2014-06-07,22.0,12.3,16.7,0.0,10.7,25.2,14.72,Antsirabe,-19.867,47.033,1507.0
2014-06-08,18.3,11.0,13.8,0.1,20.9,46.8,12.06,Antsirabe,-19.867,47.033,1507.0
2014-06-09,18.3,10.4,13.2,0.0,14.2,35.6,13.69,Antsirabe,-19.867,47.033,1507.0
2014-06-10,20.7,8.3,13.4,0.0,10.2,24.5,18.06,Antsirabe,-19.867,47.033,1507.0
2014-06-11,21.1,5.2,12.6,0.0,7.3,19.1,18.8,Antsirabe,-19.867,47.033,1507.0
2014-06-12,20.0,5.1,12.0,0.0,9.4,23.0,18.93,Antsirabe,-19.867,47.033,1507.0
2014-06-13,18.9,6.2,12.5,0.0,9.8,28.8,16.24,Antsirabe,-19.867,47.033,1507.0
2014-06-14,19.6,9.0,13.1,0.0,11.5,31.0,18.0,Antsirabe,-19.867,47.033,1507.0
2014-06-15,20.3,6.7,13.5,0.0,10.2,24.1,16.76,Antsirabe,-19.867,47.033,1507.0
2014-06-16,17.4,11.0,13.9,1.3,8.4,19.8,4.45,Antsirabe,-19.867,47.033,1507.0
2014-06-17,18.9,12.5,15.1,1.1,11.4,32.0,7.47,Antsirabe,-19.867,47.033,1507.0
2014-06-18,21.9,12.5,16.2,0.0,13.0,34.9,13.72,Antsirabe,-19.867,47.033,1507.0
2014-06-19,22.3,9.9,16.3,0.0,8.6,19.1,14.82,Antsirabe,-19.867,47.033,1507.0
2014-06-20,22.2,10.7,16.5,0.0,11.9,29.2,14.67,Antsirabe,-19.867,47.033,1507.0
2014-06-21,19.1,10.1,14.2,0.0,15.0,34.9,14.5,Antsirabe,-19.867,47.033,1507.0
2014-06-22,19.4,6.1,11.9,0.0,13.9,35.3,18.71,Antsirabe,-19.867,47.033,1507.0
2014-06-23,17.5,7.7,11.8,0.0,18.8,44.6,15.21,Antsirabe,-19.867,47.033,1507.0
2014-06-24,19.9,7.2,12.4,0.0,12.6,31.7,18.59,Antsirabe,-19.867,47.033,1507.0
2014-06-25,21.1,6.2,12.8,0.0,7.6,22.0,18.14,Antsirabe,-19.867,47.033,1507.0
2014-06-26,21.6,5.3,13.0,0.0,8.2,20.9,18.84,Antsirabe,-19.867,47.033,1507.0
2014-06-27,22.1,5.3,13.4,0.0,8.5,21.2,18.79,Antsirabe,-19.867,47.033,1507.0
2014-06-28,20.2,6.2,12.7,0.0,8.6,23.4,17.59,Antsirabe,-19.867,47.033,1507.0
2014-06-29,18.9,5.1,11.7,0.0,9.7,27.0,18.46,Antsirabe,-19.867,47.033,1507.0
2014-06-30,19.4,5.9,12.3,0.0,11.7,32.0,16.14,Antsirabe,-19.867,47.033,1507.0
2014-07-01,19.8,8.1,13.4,0.0,16.0,39.2,16.05,Antsirabe,-19.867,47.033,1507.0
2014-07-02,18.1,9.8,13.2,0.0,24.4,56.2,15.89,Antsirabe,-19.867,47.033,1507.0
2014-07-03,18.6,9.6,13.1,0.0,22.0,51.5,16.64,Antsirabe,-19.867,47.033,1507.0
2014-07-04,17.2,8.1,12.1,0.0,26.9,60.1,13.09,Antsirabe,-19.867,47.033,1507.0
2014-07-05,18.4,7.6,12.8,0.0,22.7,51.1,13.52,Antsirabe,-19.867,47.033,1507.0
2014-07-06,19.5,8.3,13.4,0.0,11.5,31.7,14.93,Antsirabe,-19.867,47.033,1507.0
2014-07-07,20.0,7.7,13.6,0.0,7.1,23.8,17.34,Antsirabe,-19.867,47.033,1507.0
2014-07-08,20.4,9.0,14.1,0.0,11.8,29.5,18.41,Antsirabe,-19.867,47.033,1507.0
2014-07-09,17.3,7.8,12.3,0.0,16.8,40.3,14.25,Antsirabe,-19.867,47.033,1507.0
2014-07-10,16.6,8.7,11.6,1.0,12.8,26.6,10.59,Antsirabe,-19.867,47.033,1507.0
2014-07-11,14.6,8.4,10.7,0.4,18.0,41.8,11.28,Antsirabe,-19.867,47.033,1507.0
2014-07-12,15.2,6.4,9.9,0.0,19.5,46.1,16.91,Antsirabe,-19.867,47.033,1507.0
2014-07-13,18.4,5.8,11.1,0.0,15.4,38.2,18.3,Antsirabe,-19.867,47.033,1507.0
2014-07-14,21.8,6.3,14.3,0.0,11.5,31.7,14.73,Antsirabe,-19.867,47.033,1507.0
2014-07-15,16.9,11.5,13.6,0.9,13.7,34.6,6.22,Antsirabe,-19.867,47.033,1507.0
2014-07-16,14.0,10.6,11.9,8.8,16.6,38.9,5.4,Antsirabe,-19.867,47.033,1507.0
2014-07-17,18.2,9.8,13.0,0.0,17.5,41.8,14.0,Antsirabe,-19.867,47.033,1507.0
2014-07-18,21.5,6.0,13.0,0.0,6.8,18.7,18.85,Antsirabe,-19.867,47.033,1507.0
2014-07-19,22.0,5.2,13.4,0.0,6.9,22.0,18.99,Antsirabe,-19.867,47.033,1507.0
2014-07-20,21.0,7.6,14.5,0.1,7.6,24.1,15.73,Antsirabe,-19.867,47.033,1507.0
2014-07-21,20.1,10.3,15.0,0.7,8.9,26.3,13.93,Antsirabe,-19.867,47.033,1507.0
2014-07-22,19.2,9.5,14.2,0.0,8.5,25.6,14.59,Antsirabe,-19.867,47.033,1507.0
2014-07-23,19.2,8.3,13.1,0.0,15.3,38.2,15.66,Antsirabe,-19.867,47.033,1507.0
2014-07-24,16.0,9.6,12.4,0.4,18.0,40.7,8.31,Antsirabe,-19.867,47.033,1507.0
2014-07-25,17.4,10.6,13.1,1.5,16.3,38.9,11.96,Antsirabe,-19.867,47.033,1507.0
2014-07-26,16.7,9.7,12.8,0.4,23.7,54.7,11.09,Antsirabe,-19.867,47.033,1507.0
2014-07-27,18.6,7.9,13.2,3.4,17.6,41.4,12.36,Antsirabe,-19.867,47.033,1507.0
2014-07-28,21.2,8.4,14.9,0.1,10.4,28.8,15.55,Antsirabe,-19.867,47.033,1507.0
2014-07-29,20.7,9.8,14.3,0.0,19.3,44.6,17.21,Antsirabe,-19.867,47.033,1507.0
2014-07-30,16.5,6.9,11.7,0.0,20.1,47.9,16.52,Antsirabe,-19.867,47.033,1507.0
2014-07-31,18.5,4.2,10.6,0.0,13.0,35.3,20.54,Antsirabe,-19.867,47.033,1507.0
2014-08-01,19.9,5.5,13.4,0.0,10.8,25.9,20.65,Antsirabe,-19.867,47.033,1507.0
2014-08-02,20.6,6.6,13.8,0.0,11.9,30.6,19.04,Antsirabe,-19.867,47.033,1507.0
2014-08-03,18.1,7.3,12.4,0.0,18.1,43.6,18.19,Antsirabe,-19.867,47.033,1507.0
2014-08-04,17.2,9.7,12.3,0.1,24.8,54.0,10.68,Antsirabe,-19.867,47.033,1507.0
2014-08-05,19.3,9.6,13.7,0.0,12.6,32.4,17.37,Antsirabe,-19.867,47.033,1507.0
2014-08-06,20.5,7.9,13.5,0.0,13.8,35.6,20.79,Antsirabe,-19.867,47.033,1507.0
2014-08-07,20.8,7.6,13.3,0.0,9.7,27.4,21.75,Antsirabe,-19.867,47.033,1507.0
2014-08-08,19.4,6.3,12.6,0.0,13.8,35.6,19.79,Antsirabe,-19.867,47.033,1507.0
2014-08-09,18.4,9.1,13.1,0.0,18.4,43.9,15.58,Antsirabe,-19.867,47.033,1507.0
2014-08-10,20.6,9.1,14.4,0.0,9.7,22.3,16.16,Antsirabe,-19.867,47.033,1507.0
2014-08-11,19.1,9.7,13.5,0.0,16.5,40.0,16.11,Antsirabe,-19.867,47.033,1507.0
2014-08-12,17.7,7.0,12.0,0.0,19.9,46.1,16.68,Antsirabe,-19.867,47.033,1507.0
2014-08-13,19.1,7.3,12.7,0.0,17.3,42.8,20.09,Antsirabe,-19.867,47.033,1507.0
2014-08-14,20.4,6.7,13.6,0.0,15.2,38.9,18.24,Antsirabe,-19.867,47.033,1507.0
2014-08-15,21.3,9.4,15.1,0.0,9.7,27.7,17.45,Antsirabe,-19.867,47.033,1507.0
2014-08-16,21.6,8.6,15.1,0.0,12.6,33.8,20.58,Antsirabe,-19.867,47.033,1507.0
2014-08-17,19.9,7.7,13.5,0.0,16.1,40.3,19.72,Antsirabe,-19.867,47.033,1507.0
2014-08-18,18.2,8.1,12.4,0.0,25.6,57.2,19.13,Antsirabe,-19.867,47.033,1507.0
2014-08-19,21.0,5.4,13.3,0.0,12.5,33.5,21.94,Antsirabe,-19.867,47.033,1507.0
2014-08-20,22.8,5.7,14.8,0.0,8.6,25.2,22.28,Antsirabe,-19.867,47.033,1507.0
2014-08-21,23.2,9.9,16.2,0.0,8.9,23.4,21.57,Antsirabe,-19.867,47.033,1507.0
2014-08-22,23.0,10.4,16.5,0.0,14.1,33.8,22.06,Antsirabe,-19.867,47.033,1507.0
2014-08-23,22.9,12.2,17.0,0.0,15.8,36.0,22.08,Antsirabe,-19.867,47.033,1507.0
2014-08-24,23.7,10.1,16.8,0.0,17.2,41.4,21.34,Antsirabe,-19.867,47.033,1507.0
2014-08-25,21.4,10.4,15.0,0.2,23.7,53.3,18.34,Antsirabe,-19.867,47.033,1507.0
2014-08-26,24.0,5.4,15.4,0.0,13.2,32.8,24.27,Antsirabe,-19.867,47.033,1507.0
2014-08-27,25.6,8.7,17.1,0.0,16.9,40.0,23.14,Antsirabe,-19.867,47.033,1507.0
2014-08-28,24.3,9.5,17.4,0.0,15.9,37.4,20.73,Antsirabe,-19.867,47.033,1507.0
2014-08-29,25.5,11.9,18.7,0.0,11.6,30.2,20.63,Antsirabe,-19.867,47.033,1507.0
2014-08-30,24.1,12.4,18.0,0.0,10.4,31.3,17.87,Antsirabe,-19.867,47.033,1507.0
2014-08-31,22.8,13.1,17.8,0.9,12.0,30.2,16.37,Antsirabe,-19.867,47.033,1507.0
2014-09-01,23.1,10.9,16.9,0.0,16.8,37.1,22.82,Antsirabe,-19.867,47.033,1507.0
2014-09-02,23.0,9.2,16.0,0.0,11.1,28.8,18.22,Antsirabe,-19.867,47.033,1507.0
2014-09-03,18.8,10.2,13.8,0.1,17.8,39.2,14.53,Antsirabe,-19.867,47.033,1507.0
2014-09-04,17.6,9.0,12.2,0.0,22.5,52.9,18.82,Antsirabe,-19.867,47.033,1507.0
2014-09-05,17.7,8.2,11.8,0.0,30.8,68.4,20.56,Antsirabe,-19.867,47.033,1507.0
2014-09-06,17.9,8.6,12.2,0.0,24.5,56.2,19.32,Antsirabe,-19.867,47.033,1507.0
2014-09-07,21.7,7.1,14.1,0.0,12.4,34.2,21.84,Antsirabe,-19.867,47.033,1507.0
2014-09-08,23.9,7.8,15.9,0.0,10.0,26.3,24.81,Antsirabe,-19.867,47.033,1507.0
2014-09-09,24.5,7.8,16.0,0.0,12.9,29.9,25.51,Antsirabe,-19.867,47.033,1507.0
2014-09-10,25.5,6.2,15.9,0.0,11.2,33.1,25.98,Antsirabe,-19.867,47.033,1507.0
2014-09-11,26.6,7.4,17.0,0.0,10.1,30.6,26.23,Antsirabe,-19.867,47.033,1507.0
2014-09-12,25.8,4.9,15.7,0.0,17.7,44.3,26.38,Antsirabe,-19.867,47.033,1507.0
2014-09-13,28.2,4.3,16.5,0.0,14.9,38.5,27.25,Antsirabe,-19.867,47.033,1507.0
2014-09-14,28.3,5.5,17.0,0.0,13.2,34.9,27.15,Antsirabe,-19.867,47.033,1507.0
2014-09-15,27.6,5.2,16.9,0.0,10.1,29.5,27.23,Antsirabe,-19.867,47.033,1507.0
2014-09-16,26.4,6.2,16.9,0.0,13.0,34.9,26.68,Antsirabe,-19.867,47.033,1507.0
2014-09-17,25.7,6.8,16.5,0.0,6.8,22.3,26.89,Antsirabe,-19.867,47.033,1507.0
2014-09-18,25.1,8.9,16.7,0.0,9.4,25.9,25.2,Antsirabe,-19.867,47.033,1507.0
2014-09-19,26.2,9.1,17.8,0.0,9.2,29.2,26.4,Antsirabe,-19.867,47.033,1507.0
2014-09-20,26.3,11.2,18.3,0.0,10.4,29.9,25.31,Antsirabe,-19.867,47.033,1507.0
2014-09-21,25.1,10.4,17.7,0.0,11.2,29.9,25.24,Antsirabe,-19.867,47.033,1507.0
2014-09-22,24.3,11.5,17.6,1.0,10.8,32.0,21.55,Antsirabe,-19.867,47.033,1507.0
2014-09-23,25.1,11.5,17.6,0.0,11.6,32.4,25.49,Antsirabe,-19.867,47.033,1507.0
2014-09-24,24.8,10.2,17.2,0.0,9.7,27.0,22.19,Antsirabe,-19.867,47.033,1507.0
2014-09-25,22.7,11.1,16.7,0.8,10.7,31.0,18.89,Antsirabe,-19.867,47.033,1507.0
2014-09-26,23.8,11.1,17.4,0.1,10.0,27.4,21.0,Antsirabe,-19.867,47.033,1507.0
2014-09-27,23.3,11.7,16.6,8.9,9.2,26.6,19.22,Antsirabe,-19.867,47.033,1507.0
2014-09-28,25.0,11.2,18.3,0.0,7.2,20.5,23.17,Antsirabe,-19.867,47.033,1507.0
2014-09-29,26.4,13.1,19.4,0.0,7.3,24.5,24.29,Antsirabe,-19.867,47.033,1507.0
2014-09-30,26.9,13.5,19.3,0.0,13.7,36.4,26.2,Antsirabe,-19.867,47.033,1507.0
2014-10-01,28.0,11.0,20.0,0.0,5.5,23.8,25.83,Antsirabe,-19.867,47.033,1507.0
2014-10-02,27.9,15.8,20.2,5.2,14.1,36.0,23.71,Antsirabe,-19.867,47.033,1507.0
2014-10-03,25.6,14.1,19.4,1.1,14.8,38.5,23.06,Antsirabe,-19.867,47.033,1507.0
2014-10-04,25.9,13.5,19.7,1.8,18.5,44.3,25.5,Antsirabe,-19.867,47.033,1507.0
2014-10-05,24.2,14.2,17.9,5.3,20.5,43.9,18.24,Antsirabe,-19.867,47.033,1507.0
2014-10-06,24.1,14.4,18.7,1.1,21.8,56.2,22.96,Antsirabe,-19.867,47.033,1507.0
2014-10-07,25.6,14.6,19.4,0.0,21.2,51.8,24.32,Antsirabe,-19.867,47.033,1507.0
2014-10-08,27.0,11.1,19.8,0.0,18.9,46.1,28.94,Antsirabe,-19.867,47.033,1507.0
2014-10-09,29.3,13.5,21.6,0.0,9.5,25.2,27.68,Antsirabe,-19.867,47.033,1507.0
2014-10-10,26.9,14.1,20.9,0.3,7.7,22.0,23.34,Antsirabe,-19.867,47.033,1507.0
2014-10-11,26.6,12.8,19.5,0.0,20.7,49.3,29.23,Antsirabe,-19.867,47.033,1507.0
2014-10-12,25.7,10.0,17.4,0.0,16.0,41.4,29.49,Antsirabe,-19.867,47.033,1507.0
2014-10-13,28.5,9.0,19.2,0.0,12.7,33.8,29.82,Antsirabe,-19.867,47.033,1507.0
2014-10-14,28.1,13.3,20.2,0.5,13.2,36.7,25.17,Antsirabe,-19.867,47.033,1507.0
2014-10-15,27.2,13.5,20.1,0.0,19.4,42.1,28.07,Antsirabe,-19.867,47.033,1507.0
2014-10-16,27.5,13.3,20.5,0.0,18.6,43.2,27.85,Antsirabe,-19.867,47.033,1507.0
2014-10-17,29.0,13.6,22.3,0.0,18.2,41.8,25.01,Antsirabe,-19.867,47.033,1507.0
2014-10-18,27.9,14.7,21.4,0.0,19.7,47.2,28.5,Antsirabe,-19.867,47.033,1507.0
2014-10-19,27.0,14.3,20.6,0.0,18.9,43.2,23.0,Antsirabe,-19.867,47.033,1507.0
2014-10-20,25.6,15.2,19.7,1.7,20.0,49.3,22.74,Antsirabe,-19.867,47.033,1507.0
2014-10-21,27.2,11.8,20.2,0.6,19.6,46.4,27.32,Antsirabe,-19.867,47.033,1507.0
2014-10-22,27.8,12.8,20.8,1.1,18.9,44.6,28.6,Antsirabe,-19.867,47.033,1507.0
2014-10-23,27.4,13.8,20.7,0.7,23.2,52.9,26.07,Antsirabe,-19.867,47.033,1507.0
2014-10-24,25.9,13.8,19.9,0.1,22.7,52.6,24.71,Antsirabe,-19.867,47.033,1507.0
2014-10-25,26.0,14.0,19.9,0.0,19.7,47.5,27.22,Antsirabe,-19.867,47.033,1507.0
2014-10-26,27.1,14.7,20.7,0.0,19.2,45.0,29.02,Antsirabe,-19.867,47.033,1507.0
2014-10-27,26.9,13.3,18.8,0.6,15.5,39.2,26.16,Antsirabe,-19.867,47.033,1507.0
2014-10-28,22.0,12.8,16.4,1.5,18.7,42.1,21.78,Antsirabe,-19.867,47.033,1507.0
2014-10-29,24.5,11.4,16.5,9.0,12.1,28.1,24.08,Antsirabe,-19.867,47.033,1507.0
2014-10-30,24.9,12.8,17.8,6.2,10.0,30.6,25.32,Antsirabe,-19.867,47.033,1507.0
2014-10-31,25.1,13.7,19.1,0.1,8.7,28.1,25.5,Antsirabe,-19.867,47.033,1507.0
2014-11-01,25.7,14.0,19.5,2.4,9.7,25.9,24.67,Antsirabe,-19.867,47.033,1507.0
2014-11-02,25.3,14.0,19.7,2.6,8.7,25.9,22.94,Antsirabe,-19.867,47.033,1507.0
2014-11-03,26.3,13.9,20.6,0.4,15.0,34.6,22.51,Antsirabe,-19.867,47.033,1507.0
2014-11-04,24.8,15.4,19.1,5.0,14.9,38.9,23.63,Antsirabe,-19.867,47.033,1507.0
2014-11-05,26.1,14.1,19.9,2.8,11.2,31.0,25.65,Antsirabe,-19.867,47.033,1507.0
2014-11-06,25.2,16.0,19.0,27.9,13.8,35.3,18.76,Antsirabe,-19.867,47.033,1507.0
2014-11-07,24.8,15.4,19.7,3.2,14.9,34.6,22.14,Antsirabe,-19.867,47.033,1507.0
2014-11-08,24.3,13.7,18.5,10.9,13.6,36.4,23.05,Antsirabe,-19.867,47.033,1507.0
2014-11-09,24.6,13.4,17.6,8.4,17.4,45.4,24.12,Antsirabe,-19.867,47.033,1507.0
2014-11-10,25.6,10.6,19.2,0.0,13.0,32.8,26.75,Antsirabe,-19.867,47.033,1507.0
2014-11-11,26.3,15.9,21.2,0.0,14.6,32.0,23.87,Antsirabe,-19.867,47.033,1507.0
2014-11-12,23.4,15.7,18.9,12.6,14.5,34.9,20.76,Antsirabe,-19.867,47.033,1507.0
2014-11-13,24.1,14.9,19.0,12.4,10.8,29.9,20.96,Antsirabe,-19.867,47.033,1507.0
2014-11-14,26.0,15.1,20.1,0.3,16.5,40.7,26.65,Antsirabe,-19.867,47.033,1507.0
2014-11-15,26.1,12.5,19.2,0.0,14.5,37.4,31.11,Antsirabe,-19.867,47.033,1507.0
2014-11-16,26.2,14.1,20.3,0.1,12.0,33.1,22.92,Antsirabe,-19.867,47.033,1507.0
2014-11-17,27.1,15.3,21.2,0.0,8.8,26.3,28.33,Antsirabe,-19.867,47.033,1507.0
2014-11-18,24.6,16.7,19.6,14.3,13.0,32.8,21.43,Antsirabe,-19.867,47.033,1507.0
2014-11-19,23.3,15.9,18.7,11.4,13.5,34.6,21.19,Antsirabe,-19.867,47.033,1507.0
2014-11-20,21.8,14.0,18.0,12.1,15.8,38.9,21.07,Antsirabe,-19.867,47.033,1507.0
2014-11-21,25.0,15.2,19.5,0.0,13.1,31.3,28.3,Antsirabe,-19.867,47.033,1507.0
2014-11-22,25.0,15.8,19.9,0.2,13.0,31.7,24.99,Antsirabe,-19.867,47.033,1507.0
2014-11-23,24.2,15.3,19.2,1.8,14.0,35.6,23.31,Antsirabe,-19.867,47.033,1507.0
2014-11-24,24.6,14.4,19.0,2.0,16.0,40.7,25.86,Antsirabe,-19.867,47.033,1507.0
2014-11-25,24.8,14.9,18.9,29.8,10.5,24.8,23.14,Antsirabe,-19.867,47.033,1507.0
2014-11-26,24.6,13.9,18.8,8.3,15.7,36.4,25.56,Antsirabe,-19.867,47.033,1507.0
2014-11-27,24.7,12.1,18.8,0.0,16.6,41.4,31.63,Antsirabe,-19.867,47.033,1507.0
2014-11-28,26.1,14.8,20.2,0.0,12.6,33.5,32.65,Antsirabe,-19.867,47.033,1507.0
2014-11-29,23.0,15.0,19.5,3.3,7.6,22.3,19.79,Antsirabe,-19.867,47.033,1507.0
2014-11-30,26.1,15.3,21.2,0.0,17.7,41.4,23.68,Antsirabe,-19.867,47.033,1507.0
2014-12-01,23.6,17.4,20.3,3.0,18.9,46.1,21.61,Antsirabe,-19.867,47.033,1507.0
2014-12-02,23.1,14.9,18.0,16.0,15.6,46.4,20.95,Antsirabe,-19.867,47.033,1507.0
2014-12-03,23.7,14.8,18.7,0.1,23.1,52.2,23.73,Antsirabe,-19.867,47.033,1507.0
2014-12-04,26.3,11.3,19.8,0.0,15.8,39.2,31.78,Antsirabe,-19.867,47.033,1507.0
2014-12-05,27.5,13.3,21.5,0.0,14.3,36.0,30.99,Antsirabe,-19.867,47.033,1507.0
2014-12-06,26.8,15.0,20.6,2.2,14.0,33.8,26.1,Antsirabe,-19.867,47.033,1507.0
2014-12-07,23.8,13.7,18.1,35.0,5.2,25.6,20.58,Antsirabe,-19.867,47.033,1507.0
2014-12-08,24.7,14.0,18.5,15.3,8.8,26.3,25.8,Antsirabe,-19.867,47.033,1507.0
2014-12-09,24.1,14.1,19.1,2.8,8.4,25.2,24.19,Antsirabe,-19.867,47.033,1507.0
2014-12-10,25.4,15.3,19.8,0.4,8.1,24.8,24.86,Antsirabe,-19.867,47.033,1507.0
2014-12-11,25.4,14.8,19.8,5.5,7.4,22.0,27.12,Antsirabe,-19.867,47.033,1507.0
2014-12-12,26.4,16.2,20.4,8.2,8.0,23.8,25.67,Antsirabe,-19.867,47.033,1507.0
2014-12-13,26.6,15.1,19.7,18.8,8.3,27.7,23.88,Antsirabe,-19.867,47.033,1507.0
2014-12-14,25.6,16.0,19.6,15.9,9.5,25.9,24.76,Antsirabe,-19.867,47.033,1507.0
2014-12-15,23.4,16.4,19.0,28.3,14.0,35.3,19.74,Antsirabe,-19.867,47.033,1507.0
2014-12-16,24.2,14.4,18.9,7.9,12.5,30.2,21.59,Antsirabe,-19.867,47.033,1507.0
2014-12-17,25.4,15.2,19.5,13.5,17.7,37.8,23.19,Antsirabe,-19.867,47.033,1507.0
2014-12-18,24.5,16.9,19.5,14.6,13.3,36.7,21.96,Antsirabe,-19.867,47.033,1507.0
2014-12-19,23.6,15.4,19.1,5.2,13.9,37.4,21.27,Antsirabe,-19.867,47.033,1507.0
2014-12-20,24.3,15.7,19.5,22.4,10.8,32.4,20.34,Antsirabe,-19.867,47.033,1507.0
2014-12-21,25.8,17.2,20.4,23.8,9.2,24.8,20.68,Antsirabe,-19.867,47.033,1507.0
2014-12-22,24.7,17.4,20.1,19.5,8.9,27.0,18.06,Antsirabe,-19.867,47.033,1507.0
2014-12-23,24.2,17.4,19.9,20.4,7.5,27.0,15.03,Antsirabe,-19.867,47.033,1507.0
2014-12-24,23.5,17.4,19.8,28.7,7.0,26.3,16.89,Antsirabe,-19.867,47.033,1507.0
2014-12-25,24.2,15.3,19.7,65.4,10.7,40.0,19.49,Antsirabe,-19.867,47.033,1507.0
2014-12-26,24.2,16.4,19.2,11.6,12.7,32.4,21.08,Antsirabe,-19.867,47.033,1507.0
2014-12-27,25.5,12.8,19.2,0.1,12.7,28.4,31.36,Antsirabe,-19.867,47.033,1507.0
2014-12-28,25.9,13.2,19.1,0.7,7.3,21.6,31.43,Antsirabe,-19.867,47.033,1507.0
2014-12-29,25.0,13.3,19.0,17.5,8.7,27.0,27.79,Antsirabe,-19.867,47.033,1507.0
2014-12-30,24.6,15.2,19.1,16.6,12.8,35.3,21.66,Antsirabe,-19.867,47.033,1507.0
2014-12-31,22.4,16.3,18.9,24.1,13.4,31.0,16.11,Antsirabe,-19.867,47.033,1507.0
2015-01-01,23.1,14.8,19.1,13.4,11.2,30.6,18.46,Antsirabe,-19.867,47.033,1507.0
2015-01-02,22.7,16.3,19.4,18.6,11.9,36.4,15.48,Antsirabe,-19.867,47.033,1507.0
2015-01-03,22.7,17.1,18.8,14.6,20.2,48.2,11.49,Antsirabe,-19.867,47.033,1507.0
2015-01-04,21.3,16.6,18.2,17.7,19.6,43.9,8.66,Antsirabe,-19.867,47.033,1507.0
2015-01-05,20.7,17.2,18.3,68.3,22.8,48.6,7.81,Antsirabe,-19.867,47.033,1507.0
2015-01-06,23.1,17.3,19.3,11.8,11.7,35.6,15.61,Antsirabe,-19.867,47.033,1507.0
2015-01-07,24.1,17.5,19.8,33.2,10.6,25.6,12.65,Antsirabe,-19.867,47.033,1507.0
2015-01-08,23.5,17.8,19.7,44.3,12.6,31.3,13.96,Antsirabe,-19.867,47.033,1507.0
2015-01-09,23.4,17.6,19.6,28.2,9.7,26.6,13.2,Antsirabe,-19.867,47.033,1507.0
2015-01-10,24.3,17.6,20.2,3.0,21.3,47.9,21.48,Antsirabe,-19.867,47.033,1507.0
2015-01-11,24.2,16.5,19.8,2.5,28.4,59.8,23.99,Antsirabe,-19.867,47.033,1507.0
2015-01-12,24.1,16.2,18.8,26.1,13.3,31.7,16.07,Antsirabe,-19.867,47.033,1507.0
2015-01-13,23.0,16.2,18.8,28.2,7.5,18.4,15.2,Antsirabe,-19.867,47.033,1507.0
2015-01-14,21.6,16.9,18.6,29.3,6.9,23.0,11.87,Antsirabe,-19.867,47.033,1507.0
2015-01-15,20.7,17.2,18.4,37.5,13.5,29.9,6.87,Antsirabe,-19.867,47.033,1507.0
2015-01-16,20.4,16.8,18.1,61.8,29.2,82.1,7.37,Antsirabe,-19.867,47.033,1507.0
2015-01-17,20.4,16.3,18.0,34.6,43.7,116.3,13.73,Antsirabe,-19.867,47.033,1507.0
2015-01-18,22.8,16.7,19.1,6.4,19.0,39.2,17.27,Antsirabe,-19.867,47.033,1507.0
2015-01-19,24.6,16.4,20.0,1.3,16.2,35.3,26.65,Antsirabe,-19.867,47.033,1507.0
2015-01-20,23.6,15.7,19.3,6.7,8.3,27.0,23.44,Antsirabe,-19.867,47.033,1507.0
2015-01-21,23.4,16.8,19.3,25.3,7.2,25.2,15.08,Antsirabe,-19.867,47.033,1507.0
2015-01-22,22.4,16.8,18.7,31.2,8.4,23.0,12.04,Antsirabe,-19.867,47.033,1507.0
2015-01-23,19.3,15.4,17.2,10.1,18.4,40.3,6.4,Antsirabe,-19.867,47.033,1507.0
2015-01-24,20.1,14.7,17.1,3.8,13.5,32.4,11.82,Antsirabe,-19.867,47.033,1507.0
2015-01-25,24.3,14.3,18.8,0.6,12.8,32.8,22.18,Antsirabe,-19.867,47.033,1507.0
2015-01-26,23.4,16.1,19.0,1.8,25.0,54.7,21.06,Antsirabe,-19.867,47.033,1507.0
2015-01-27,24.5,14.7,19.1,0.1,26.0,58.0,27.06,Antsirabe,-19.867,47.033,1507.0
2015-01-28,24.8,14.3,19.3,0.5,10.5,23.0,26.28,Antsirabe,-19.867,47.033,1507.0
2015-01-29,25.1,15.3,20.3,0.0,11.5,28.4,26.24,Antsirabe,-19.867,47.033,1507.0
2015-01-30,25.5,14.7,20.4,0.2,7.9,23.0,25.21,Antsirabe,-19.867,47.033,1507.0
2015-01-31,22.6,15.9,18.9,5.8,7.6,24.8,15.42,Antsirabe,-19.867,47.033,1507.0
2015-02-01,22.6,16.0,18.6,45.4,9.7,28.1,16.26,Antsirabe,-19.867,47.033,1507.0
2015-02-02,21.3,16.5,18.4,18.0,17.8,40.0,10.52,Antsirabe,-19.867,47.033,1507.0
2015-02-03,20.2,16.3,17.5,22.4,15.5,40.0,6.6,Antsirabe,-19.867,47.033,1507.0
2015-02-04,16.7,15.3,16.0,38.3,14.9,35.6,3.7,Antsirabe,-19.867,47.033,1507.0
2015-02-05,16.4,14.2,15.2,38.5,13.0,33.1,4.78,Antsirabe,-19.867,47.033,1507.0
2015-02-06,18.4,14.0,16.1,5.9,19.3,45.7,6.55,Antsirabe,-19.867,47.033,1507.0
2015-02-07,20.3,15.8,17.5,3.3,21.6,48.2,9.75,Antsirabe,-19.867,47.033,1507.0
2015-02-08,18.6,14.7,16.8,15.9,10.2,24.8,7.38,Antsirabe,-19.867,47.033,1507.0
2015-02-09,22.9,14.8,18.5,24.4,8.4,24.8,17.28,Antsirabe,-19.867,47.033,1507.0
2015-02-10,23.6,13.8,18.3,4.2,17.9,40.7,21.78,Antsirabe,-19.867,47.033,1507.0
2015-02-11,23.5,17.0,19.2,5.0,21.9,49.7,18.26,Antsirabe,-19.867,47.033,1507.0
2015-02-12,23.8,16.9,19.2,16.6,14.6,36.4,19.24,Antsirabe,-19.867,47.033,1507.0
2015-02-13,22.7,15.0,18.4,13.5,9.4,25.2,20.52,Antsirabe,-19.867,47.033,1507.0
2015-02-14,22.2,15.2,18.5,21.9,7.9,20.2,15.92,Antsirabe,-19.867,47.033,1507.0
2015-02-15,23.1,17.0,19.0,16.1,10.4,30.6,15.3,Antsirabe,-19.867,47.033,1507.0
2015-02-16,23.1,16.5,19.2,10.9,10.4,27.4,17.61,Antsirabe,-19.867,47.033,1507.0
2015-02-17,23.5,16.7,19.4,5.0,9.0,30.2,17.46,Antsirabe,-19.867,47.033,1507.0
2015-02-18,23.1,16.8,19.2,12.1,7.9,25.9,14.42,Antsirabe,-19.867,47.033,1507.0
2015-02-19,22.0,16.7,18.5,14.3,9.1,28.4,14.14,Antsirabe,-19.867,47.033,1507.0
2015-02-20,22.3,15.1,18.6,6.9,9.7,27.7,16.21,Antsirabe,-19.867,47.033,1507.0
2015-02-21,20.6,16.1,18.3,19.0,6.8,19.4,8.97,Antsirabe,-19.867,47.033,1507.0
2015-02-22,23.0,16.9,19.0,16.4,12.3,30.6,15.46,Antsirabe,-19.867,47.033,1507.0
2015-02-23,23.5,16.0,18.8,21.5,10.8,26.6,16.61,Antsirabe,-19.867,47.033,1507.0
2015-02-24,21.7,16.4,18.6,13.3,10.6,29.2,12.91,Antsirabe,-19.867,47.033,1507.0
2015-02-25,22.4,15.6,18.4,19.3,6.3,27.4,14.79,Antsirabe,-19.867,47.033,1507.0
2015-02-26,22.9,17.3,18.9,35.4,7.4,27.0,12.95,Antsirabe,-19.867,47.033,1507.0
2015-02-27,19.2,17.0,17.9,49.9,10.2,25.2,5.49,Antsirabe,-19.867,47.033,1507.0
2015-02-28,22.4,15.7,18.6,9.3,12.4,31.0,14.68,Antsirabe,-19.867,47.033,1507.0
2015-03-01,23.6,15.0,19.1,0.4,9.7,22.7,18.84,Antsirabe,-19.867,47.033,1507.0
2015-03-02,24.6,15.7,19.5,28.9,9.4,31.0,19.04,Antsirabe,-19.867,47.033,1507.0
2015-03-03,22.8,14.8,18.6,24.1,21.9,45.7,13.58,Antsirabe,-19.867,47.033,1507.0
2015-03-04,17.8,13.7,15.3,19.2,22.9,55.1,10.04,Antsirabe,-19.867,47.033,1507.0
2015-03-05,19.9,14.8,17.3,24.4,21.1,47.5,11.09,Antsirabe,-19.867,47.033,1507.0
2015-03-06,21.8,16.5,18.8,9.6,15.3,39.2,15.28,Antsirabe,-19.867,47.033,1507.0
2015-03-07,20.2,16.9,18.4,43.8,8.0,27.0,6.13,Antsirabe,-19.867,47.033,1507.0
2015-03-08,19.4,16.9,17.8,64.7,15.0,35.3,4.8,Antsirabe,-19.867,47.033,1507.0
2015-03-09,20.1,16.6,17.8,63.3,17.3,41.4,6.93,Antsirabe,-19.867,47.033,1507.0
2015-03-10,21.9,15.5,17.8,42.9,13.9,37.8,14.45,Antsirabe,-19.867,47.033,1507.0
2015-03-11,22.9,16.1,18.4,0.7,15.8,38.2,20.4,Antsirabe,-19.867,47.033,1507.0
2015-03-12,22.6,14.8,18.3,1.8,9.7,26.3,20.29,Antsirabe,-19.867,47.033,1507.0
2015-03-13,22.3,14.5,18.4,1.5,10.1,22.3,20.08,Antsirabe,-19.867,47.033,1507.0
2015-03-14,22.6,15.1,18.1,11.3,14.4,34.9,19.54,Antsirabe,-19.867,47.033,1507.0
2015-03-15,22.5,13.7,17.7,0.1,12.4,32.8,22.9,Antsirabe,-19.867,47.033,1507.0
2015-03-16,22.7,11.1,16.9,2.6,9.0,22.3,23.3,Antsirabe,-19.867,47.033,1507.0
2015-03-17,22.8,10.7,17.5,2.0,9.0,22.0,23.98,Antsirabe,-19.867,47.033,1507.0
2015-03-18,24.6,12.8,18.9,0.0,6.0,17.6,23.5,Antsirabe,-19.867,47.033,1507.0
2015-03-19,24.3,13.8,18.9,3.5,7.3,20.5,22.82,Antsirabe,-19.867,47.033,1507.0
2015-03-20,25.1,13.9,19.5,4.5,7.2,22.7,24.08,Antsirabe,-19.867,47.033,1507.0
2015-03-21,24.1,14.2,19.1,0.6,7.3,19.8,22.55,Antsirabe,-19.867,47.033,1507.0
2015-03-22,24.7,13.3,18.7,0.0,6.9,23.8,23.24,Antsirabe,-19.867,47.033,1507.0
2015-03-23,25.7,11.6,18.7,0.0,9.7,27.0,27.35,Antsirabe,-19.867,47.033,1507.0
2015-03-24,25.9,11.5,19.1,0.2,7.8,23.4,25.17,Antsirabe,-19.867,47.033,1507.0
2015-03-25,25.0,14.1,19.5,0.0,8.0,24.5,22.94,Antsirabe,-19.867,47.033,1507.0
2015-03-26,23.3,14.6,19.0,0.6,8.0,20.5,19.56,Antsirabe,-19.867,47.033,1507.0
2015-03-27,23.4,13.7,18.6,4.6,9.5,25.6,20.6,Antsirabe,-19.867,47.033,1507.0
2015-03-28,24.4,14.8,19.3,0.1,7.3,21.2,22.02,Antsirabe,-19.867,47.033,1507.0
2015-03-29,25.7,15.6,19.6,0.8,6.4,18.0,23.1,Antsirabe,-19.867,47.033,1507.0
2015-03-30,23.6,13.3,18.6,0.4,8.4,23.8,19.3,Antsirabe,-19.867,47.033,1507.0
2015-03-31,25.8,13.5,19.5,5.7,10.3,27.4,24.78,Antsirabe,-19.867,47.033,1507.0
2015-04-01,23.1,13.6,18.0,3.6,16.5,36.4,19.74,Antsirabe,-19.867,47.033,1507.0
2015-04-02,22.9,15.6,18.5,0.0,14.8,38.5,23.32,Antsirabe,-19.867,47.033,1507.0
2015-04-03,24.1,13.0,18.7,0.0,11.1,29.2,24.57,Antsirabe,-19.867,47.033,1507.0
2015-04-04,24.7,16.0,19.5,0.0,13.3,31.3,21.68,Antsirabe,-19.867,47.033,1507.0
2015-04-05,24.7,17.5,20.4,0.0,10.0,26.3,21.53,Antsirabe,-19.867,47.033,1507.0
2015-04-06,24.6,14.8,19.2,0.0,10.1,26.6,22.47,Antsirabe,-19.867,47.033,1507.0
2015-04-07,24.7,11.9,17.9,0.0,13.3,33.1,25.8,Antsirabe,-19.867,47.033,1507.0
2015-04-08,24.7,11.2,17.3,0.0,7.8,20.9,25.56,Antsirabe,-19.867,47.033,1507.0
2015-04-09,24.8,9.8,17.6,0.0,9.8,26.6,24.66,Antsirabe,-19.867,47.033,1507.0
2015-04-10,24.3,11.6,18.0,0.0,9.0,26.3,22.49,Antsirabe,-19.867,47.033,1507.0
2015-04-11,24.3,15.6,19.2,0.0,10.2,27.4,18.47,Antsirabe,-19.867,47.033,1507.0
2015-04-12,24.0,15.1,19.0,0.5,8.4,22.7,20.4,Antsirabe,-19.867,47.033,1507.0
2015-04-13,24.9,14.1,19.1,0.0,10.0,26.3,22.52,Antsirabe,-19.867,47.033,1507.0
2015-04-14,23.9,13.3,18.6,0.5,10.0,25.2,21.36,Antsirabe,-19.867,47.033,1507.0
2015-04-15,22.0,15.2,18.2,1.4,12.8,31.7,15.65,Antsirabe,-19.867,47.033,1507.0
2015-04-16,25.1,16.0,19.7,0.0,9.7,23.8,20.89,Antsirabe,-19.867,47.033,1507.0
2015-04-17,25.1,15.9,19.7,0.0,13.0,33.8,18.98,Antsirabe,-19.867,47.033,1507.0
2015-04-18,24.7,16.1,19.4,0.0,12.2,31.7,21.04,Antsirabe,-19.867,47.033,1507.0
2015-04-19,25.5,12.3,18.8,0.0,7.9,24.1,21.45,Antsirabe,-19.867,47.033,1507.0
2015-04-20,24.5,13.0,19.0,1.4,10.2,28.1,19.53,Antsirabe,-19.867,47.033,1507.0
2015-04-21,24.4,13.8,19.5,0.1,10.4,28.1,17.86,Antsirabe,-19.867,47.033,1507.0
2015-04-22,22.5,15.9,18.5,1.8,18.1,40.7,16.49,Antsirabe,-19.867,47.033,1507.0
2015-04-23,25.1,14.3,19.1,0.0,10.5,29.5,20.51,Antsirabe,-19.867,47.033,1507.0
2015-04-24,25.0,14.4,19.2,0.0,11.5,31.3,19.91,Antsirabe,-19.867,47.033,1507.0
2015-04-25,23.6,14.8,18.6,1.0,17.8,41.8,17.13,Antsirabe,-19.867,47.033,1507.0
2015-04-26,23.7,15.2,18.8,0.1,7.9,24.1,18.42,Antsirabe,-19.867,47.033,1507.0
2015-04-27,24.4,13.3,18.3,0.3,12.7,28.1,20.51,Antsirabe,-19.867,47.033,1507.0
2015-04-28,23.0,11.9,17.6,0.1,13.1,33.5,19.3,Antsirabe,-19.867,47.033,1507.0
2015-04-29,23.6,12.3,18.1,0.0,14.2,37.8,20.93,Antsirabe,-19.867,47.033,1507.0
2015-04-30,23.9,10.7,17.7,0.0,15.5,38.9,22.24,Antsirabe,-19.867,47.033,1507.0
2015-05-01,25.1,11.7,18.2,0.0,14.3,35.3,20.78,Antsirabe,-19.867,47.033,1507.0
2015-05-02,23.9,12.4,18.5,3.5,11.0,28.8,17.55,Antsirabe,-19.867,47.033,1507.0
2015-05-03,24.2,13.4,17.6,8.6,6.0,22.3,17.35,Antsirabe,-19.867,47.033,1507.0
2015-05-04,23.8,13.7,17.4,10.8,8.7,24.5,18.06,Antsirabe,-19.867,47.033,1507.0
2015-05-05,22.6,11.2,17.1,0.9,7.2,21.6,18.19,Antsirabe,-19.867,47.033,1507.0
2015-05-06,23.9,11.5,17.5,0.2,5.9,19.4,19.34,Antsirabe,-19.867,47.033,1507.0
2015-05-07,22.7,13.5,17.9,0.1,8.0,20.5,16.56,Antsirabe,-19.867,47.033,1507.0
2015-05-08,22.2,10.7,16.0,0.0,16.8,40.3,19.34,Antsirabe,-19.867,47.033,1507.0
2015-05-09,21.1,13.8,16.8,0.1,19.3,43.2,14.66,Antsirabe,-19.867,47.033,1507.0
2015-05-10,22.9,13.3,17.6,0.2,9.7,27.0,17.62,Antsirabe,-19.867,47.033,1507.0
2015-05-11,23.3,11.5,17.4,0.0,7.2,19.8,18.06,Antsirabe,-19.867,47.033,1507.0
2015-05-12,23.5,11.6,17.5,0.2,11.4,26.6,17.9,Antsirabe,-19.867,47.033,1507.0
2015-05-13,23.5,12.9,17.6,0.0,13.8,32.8,17.9,Antsirabe,-19.867,47.033,1507.0
2015-05-14,21.9,11.9,16.9,0.0,14.0,35.6,19.73,Antsirabe,-19.867,47.033,1507.0
2015-05-15,21.6,9.1,15.6,1.1,10.5,28.8,13.72,Antsirabe,-19.867,47.033,1507.0
2015-05-16,22.3,11.8,16.7,0.0,9.4,25.2,18.84,Antsirabe,-19.867,47.033,1507.0
2015-05-17,22.1,12.4,16.3,0.0,10.4,23.8,18.61,Antsirabe,-19.867,47.033,1507.0
2015-05-18,21.1,10.8,14.9,0.0,10.6,28.8,19.55,Antsirabe,-19.867,47.033,1507.0
2015-05-19,21.7,8.5,14.8,0.0,13.7,34.9,19.95,Antsirabe,-19.867,47.033,1507.0
2015-05-20,21.9,12.5,16.1,0.0,15.7,38.9,15.34,Antsirabe,-19.867,47.033,1507.0
2015-05-21,21.1,12.3,15.6,0.0,19.4,44.3,14.12,Antsirabe,-19.867,47.033,1507.0
2015-05-22,21.1,10.9,15.4,0.0,11.7,32.0,18.27,Antsirabe,-19.867,47.033,1507.0
2015-05-23,21.8,10.4,16.1,0.0,7.6,18.4,17.23,Antsirabe,-19.867,47.033,1507.0
2015-05-24,22.1,11.3,16.5,0.0,5.4,19.8,18.65,Antsirabe,-19.867,47.033,1507.0
2015-05-25,21.9,12.2,16.4,0.0,5.1,16.2,16.29,Antsirabe,-19.867,47.033,1507.0
2015-05-26,21.8,12.2,16.6,0.0,5.2,16.2,17.07,Antsirabe,-19.867,47.033,1507.0
2015-05-27,21.6,11.7,16.1,0.0,8.1,24.8,17.57,Antsirabe,-19.867,47.033,1507.0
2015-05-28,21.5,10.6,15.5,0.0,7.2,20.5,18.18,Antsirabe,-19.867,47.033,1507.0
2015-05-29,21.7,9.0,14.9,0.0,7.6,24.1,18.59,Antsirabe,-19.867,47.033,1507.0
2015-05-30,19.7,7.8,13.6,0.0,17.2,41.0,16.83,Antsirabe,-19.867,47.033,1507.0
2015-05-31,17.2,11.1,13.2,0.0,25.7,57.6,14.43,Antsirabe,-19.867,47.033,1507.0
2015-06-01,19.0,11.0,14.3,0.0,29.4,64.1,15.11,Antsirabe,-19.867,47.033,1507.0
2015-06-02,21.2,12.6,15.8,0.0,11.9,31.0,14.84,Antsirabe,-19.867,47.033,1507.0
2015-06-03,19.3,12.1,15.3,0.7,15.1,36.7,12.71,Antsirabe,-19.867,47.033,1507.0
2015-06-04,21.4,11.1,16.1,0.5,7.6,23.4,13.61,Antsirabe,-19.867,47.033,1507.0
2015-06-05,21.5,12.1,16.2,0.0,17.1,40.3,14.77,Antsirabe,-19.867,47.033,1507.0
2015-06-06,21.7,11.6,16.4,0.0,10.2,26.3,15.02,Antsirabe,-19.867,47.033,1507.0
2015-06-07,20.0,12.0,15.1,1.0,12.7,31.0,12.65,Antsirabe,-19.867,47.033,1507.0
2015-06-08,18.5,11.2,14.4,2.8,11.6,29.5,11.08,Antsirabe,-19.867,47.033,1507.0
2015-06-09,20.1,11.5,15.6,0.2,12.3,31.0,13.93,Antsirabe,-19.867,47.033,1507.0
2015-06-10,20.6,10.8,15.3,0.0,7.7,21.6,15.39,Antsirabe,-19.867,47.033,1507.0
2015-06-11,20.1,11.2,15.1,0.1,8.7,22.0,14.45,Antsirabe,-19.867,47.033,1507.0
2015-06-12,20.4,9.0,14.3,0.0,10.9,25.9,16.89,Antsirabe,-19.867,47.033,1507.0
2015-06-13,18.7,9.2,13.4,0.0,12.0,32.4,18.02,Antsirabe,-19.867,47.033,1507.0
2015-06-14,19.5,8.0,12.8,0.0,8.1,21.2,17.83,Antsirabe,-19.867,47.033,1507.0
2015-06-15,20.0,4.1,11.6,0.0,8.7,24.5,18.84,Antsirabe,-19.867,47.033,1507.0
2015-06-16,20.5,2.8,11.1,0.0,10.8,29.5,18.69,Antsirabe,-19.867,47.033,1507.0
2015-06-17,20.7,5.5,12.7,0.0,11.0,31.0,18.3,Antsirabe,-19.867,47.033,1507.0
2015-06-18,20.0,8.7,14.1,0.0,7.2,22.3,16.65,Antsirabe,-19.867,47.033,1507.0
2015-06-19,20.3,7.8,13.5,0.0,13.9,35.3,18.15,Antsirabe,-19.867,47.033,1507.0
2015-06-20,19.0,9.4,13.3,0.0,19.2,44.6,12.96,Antsirabe,-19.867,47.033,1507.0
2015-06-21,17.8,9.9,13.0,0.0,20.3,46.1,14.94,Antsirabe,-19.867,47.033,1507.0
2015-06-22,18.0,11.3,13.8,0.0,17.7,42.8,12.78,Antsirabe,-19.867,47.033,1507.0
2015-06-23,19.4,11.6,15.0,0.3,11.9,30.2,10.53,Antsirabe,-19.867,47.033,1507.0
2015-06-24,20.9,12.9,16.1,0.0,8.0,23.0,12.52,Antsirabe,-19.867,47.033,1507.0
2015-06-25,20.7,9.9,15.1,0.0,14.4,36.7,16.73,Antsirabe,-19.867,47.033,1507.0
2015-06-26,21.2,10.2,15.4,0.0,10.2,25.2,16.83,Antsirabe,-19.867,47.033,1507.0
2015-06-27,18.3,9.3,13.3,0.0,19.1,43.9,14.42,Antsirabe,-19.867,47.033,1507.0
2015-06-28,18.8,8.6,13.2,0.0,11.5,31.3,15.62,Antsirabe,-19.867,47.033,1507.0
2015-06-29,19.1,7.8,13.8,0.0,9.1,24.1,13.67,Antsirabe,-19.867,47.033,1507.0
2015-06-30,19.3,9.6,14.3,0.0,7.3,22.0,15.72,Antsirabe,-19.867,47.033,1507.0
2015-07-01,18.2,8.6,12.8,0.0,13.4,34.2,13.46,Antsirabe,-19.867,47.033,1507.0
2015-07-02,19.1,8.9,14.1,0.5,11.6,29.2,12.77,Antsirabe,-19.867,47.033,1507.0
2015-07-03,21.0,10.5,14.9,0.0,13.4,33.1,14.35,Antsirabe,-19.867,47.033,1507.0
2015-07-04,20.8,10.9,15.4,0.0,9.7,27.7,13.22,Antsirabe,-19.867,47.033,1507.0
2015-07-05,21.8,9.0,15.8,0.0,7.1,17.3,16.73,Antsirabe,-19.867,47.033,1507.0
2015-07-06,21.6,9.0,15.2,0.0,9.5,22.0,17.15,Antsirabe,-19.867,47.033,1507.0
2015-07-07,20.1,10.5,14.7,0.0,10.2,25.6,18.17,Antsirabe,-19.867,47.033,1507.0
2015-07-08,20.3,10.0,14.5,0.0,13.0,31.0,16.3,Antsirabe,-19.867,47.033,1507.0
2015-07-09,20.4,9.1,14.4,0.0,6.6,20.5,16.65,Antsirabe,-19.867,47.033,1507.0
2015-07-10,20.5,9.3,14.1,0.0,7.6,21.2,17.83,Antsirabe,-19.867,47.033,1507.0
2015-07-11,17.9,8.2,12.2,0.0,14.3,36.7,17.73,Antsirabe,-19.867,47.033,1507.0
2015-07-12,18.8,6.0,11.4,0.0,12.2,33.5,19.02,Antsirabe,-19.867,47.033,1507.0
2015-07-13,20.0,6.3,12.0,0.0,12.6,31.3,18.67,Antsirabe,-19.867,47.033,1507.0
2015-07-14,20.5,3.9,11.8,0.0,8.6,18.7,19.17,Antsirabe,-19.867,47.033,1507.0
2015-07-15,20.1,5.1,12.0,0.0,13.8,36.4,18.94,Antsirabe,-19.867,47.033,1507.0
2015-07-16,18.7,7.4,11.9,0.0,16.7,41.0,17.45,Antsirabe,-19.867,47.033,1507.0
2015-07-17,20.8,5.8,13.1,0.0,18.3,43.6,15.93,Antsirabe,-19.867,47.033,1507.0
2015-07-18,19.3,9.2,13.3,0.0,20.2,47.2,18.42,Antsirabe,-19.867,47.033,1507.0
2015-07-19,18.4,7.0,12.0,0.0,25.7,56.9,15.26,Antsirabe,-19.867,47.033,1507.0
2015-07-20,18.0,8.6,12.1,0.0,18.8,44.6,17.27,Antsirabe,-19.867,47.033,1507.0
2015-07-21,17.9,7.0,11.9,0.0,16.6,40.3,14.63,Antsirabe,-19.867,47.033,1507.0
2015-07-22,19.7,6.3,12.8,0.0,9.7,27.4,19.62,Antsirabe,-19.867,47.033,1507.0
2015-07-23,19.2,6.2,12.4,0.0,10.1,28.4,19.59,Antsirabe,-19.867,47.033,1507.0
2015-07-24,18.2,6.6,12.0,0.0,12.9,33.8,16.02,Antsirabe,-19.867,47.033,1507.0
2015-07-25,20.8,6.4,13.7,0.0,7.3,22.0,19.77,Antsirabe,-19.867,47.033,1507.0
2015-07-26,21.5,7.0,14.4,0.0,9.3,22.0,19.6,Antsirabe,-19.867,47.033,1507.0
2015-07-27,21.8,11.4,15.8,0.0,13.0,32.8,19.71,Antsirabe,-19.867,47.033,1507.0
2015-07-28,22.1,6.5,14.5,0.0,9.2,24.8,16.68,Antsirabe,-19.867,47.033,1507.0
2015-07-29,21.3,10.6,15.8,0.0,8.0,21.6,14.85,Antsirabe,-19.867,47.033,1507.0
2015-07-30,22.9,10.2,16.4,0.0,10.2,26.3,17.69,Antsirabe,-19.867,47.033,1507.0
2015-07-31,22.6,9.0,15.6,0.0,12.8,33.5,20.05,Antsirabe,-19.867,47.033,1507.0
2015-08-01,20.9,8.4,14.7,0.0,20.5,49.7,20.3,Antsirabe,-19.867,47.033,1507.0
2015-08-02,15.3,8.4,11.7,9.7,15.7,38.9,12.96,Antsirabe,-19.867,47.033,1507.0
2015-08-03,15.4,7.9,10.7,0.7,17.3,41.0,13.8,Antsirabe,-19.867,47.033,1507.0
2015-08-04,17.1,5.9,10.9,0.0,16.6,41.4,19.61,Antsirabe,-19.867,47.033,1507.0
2015-08-05,19.2,5.4,11.5,0.0,10.1,28.4,21.29,Antsirabe,-19.867,47.033,1507.0
2015-08-06,19.4,5.7,12.5,0.0,10.7,27.0,21.12,Antsirabe,-19.867,47.033,1507.0
2015-08-07,19.7,4.8,12.5,0.0,7.6,22.0,20.34,Antsirabe,-19.867,47.033,1507.0
2015-08-08,20.6,7.0,13.5,0.0,9.1,26.3,20.71,Antsirabe,-19.867,47.033,1507.0
2015-08-09,21.3,6.9,14.1,0.0,7.2,21.2,20.57,Antsirabe,-19.867,47.033,1507.0
2015-08-10,21.2,7.5,14.3,0.0,13.0,31.7,21.34,Antsirabe,-19.867,47.033,1507.0
2015-08-11,22.5,7.6,14.8,0.0,10.9,29.9,20.42,Antsirabe,-19.867,47.033,1507.0
2015-08-12,22.2,8.0,15.3,0.0,11.5,32.0,17.31,Antsirabe,-19.867,47.033,1507.0
2015-08-13,23.3,8.2,16.0,0.0,9.2,27.0,21.15,Antsirabe,-19.867,47.033,1507.0
2015-08-14,23.4,8.4,15.5,0.0,13.4,36.0,21.95,Antsirabe,-19.867,47.033,1507.0
2015-08-15,19.5,9.6,14.2,0.0,23.7,53.6,19.52,Antsirabe,-19.867,47.033,1507.0
2015-08-16,19.3,8.5,13.2,0.0,24.6,57.2,18.3,Antsirabe,-19.867,47.033,1507.0
2015-08-17,22.0,9.8,15.2,0.0,9.5,26.6,20.93,Antsirabe,-19.867,47.033,1507.0
2015-08-18,22.6,7.6,15.4,0.0,8.5,24.1,22.01,Antsirabe,-19.867,47.033,1507.0
2015-08-19,23.3,8.5,15.3,0.0,10.7,30.2,22.66,Antsirabe,-19.867,47.033,1507.0
2015-08-20,23.7,6.3,15.0,0.0,7.6,24.1,22.51,Antsirabe,-19.867,47.033,1507.0
2015-08-21,22.8,6.0,14.6,0.0,13.8,36.0,22.84,Antsirabe,-19.867,47.033,1507.0
2015-08-22,23.0,6.7,14.9,0.0,9.1,25.9,23.15,Antsirabe,-19.867,47.033,1507.0
2015-08-23,24.3,7.7,16.6,0.0,9.9,27.0,21.79,Antsirabe,-19.867,47.033,1507.0
2015-08-24,23.9,11.1,17.4,0.0,12.7,30.6,18.3,Antsirabe,-19.867,47.033,1507.0
2015-08-25,21.2,11.1,16.0,0.5,10.5,25.9,15.87,Antsirabe,-19.867,47.033,1507.0
2015-08-26,21.1,9.9,14.7,0.0,17.5,38.2,20.71,Antsirabe,-19.867,47.033,1507.0
2015-08-27,20.5,7.5,13.8,0.0,17.1,39.6,20.88,Antsirabe,-19.867,47.033,1507.0
2015-08-28,20.4,9.3,13.9,0.0,15.0,33.5,22.28,Antsirabe,-19.867,47.033,1507.0
2015-08-29,22.1,8.5,14.9,0.0,9.7,26.6,20.73,Antsirabe,-19.867,47.033,1507.0
2015-08-30,20.6,10.3,14.9,0.0,13.9,35.3,16.71,Antsirabe,-19.867,47.033,1507.0
2015-08-31,21.8,8.1,14.7,0.0,12.6,34.2,24.04,Antsirabe,-19.867,47.033,1507.0
2015-09-01,22.0,8.9,15.4,0.0,14.2,36.7,20.74,Antsirabe,-19.867,47.033,1507.0
2015-09-02,23.4,10.3,16.2,0.0,14.2,37.1,22.85,Antsirabe,-19.867,47.033,1507.0
2015-09-03,25.3,8.1,17.1,0.0,7.8,23.0,24.84,Antsirabe,-19.867,47.033,1507.0
2015-09-04,24.7,8.4,16.4,0.0,14.7,37.1,24.81,Antsirabe,-19.867,47.033,1507.0
2015-09-05,23.6,8.0,15.6,0.0,10.5,27.7,23.7,Antsirabe,-19.867,47.033,1507.0
2015-09-06,22.3,11.6,16.0,0.0,13.4,33.5,19.83,Antsirabe,-19.867,47.033,1507.0
2015-09-07,21.3,9.6,14.9,0.0,19.8,46.8,18.86,Antsirabe,-19.867,47.033,1507.0
2015-09-08,22.2,9.9,15.7,0.0,11.6,27.7,19.78,Antsirabe,-19.867,47.033,1507.0
2015-09-09,23.6,9.8,16.1,0.0,9.2,27.0,21.57,Antsirabe,-19.867,47.033,1507.0
2015-09-10,24.0,9.6,16.6,0.0,8.6,25.2,24.44,Antsirabe,-19.867,47.033,1507.0
2015-09-11,25.8,8.8,17.7,0.0,9.6,25.9,25.71,Antsirabe,-19.867,47.033,1507.0
2015-09-12,24.9,10.1,17.4,0.0,21.8,50.8,24.67,Antsirabe,-19.867,47.033,1507.0
2015-09-13,22.1,12.0,16.3,0.0,18.3,41.8,21.42,Antsirabe,-19.867,47.033,1507.0
2015-09-14,21.9,9.9,14.9,0.0,11.4,27.0,18.82,Antsirabe,-19.867,47.033,1507.0
2015-09-15,22.7,9.7,15.4,0.0,10.7,29.2,22.95,Antsirabe,-19.867,47.033,1507.0
2015-09-16,23.9,9.7,16.7,0.0,14.0,32.8,21.51,Antsirabe,-19.867,47.033,1507.0
2015-09-17,24.4,9.9,17.8,0.0,17.3,39.2,21.88,Antsirabe,-19.867,47.033,1507.0
2015-09-18,25.9,10.0,18.6,0.0,13.4,36.7,25.29,Antsirabe,-19.867,47.033,1507.0
2015-09-19,27.3,9.9,18.7,0.0,14.8,34.2,25.78,Antsirabe,-19.867,47.033,1507.0
2015-09-20,25.8,10.7,17.8,0.0,16.5,40.7,26.16,Antsirabe,-19.867,47.033,1507.0
2015-09-21,21.2,11.6,15.6,0.0,18.0,44.3,19.83,Antsirabe,-19.867,47.033,1507.0
2015-09-22,20.2,12.1,15.3,0.0,14.2,35.3,14.62,Antsirabe,-19.867,47.033,1507.0
2015-09-23,23.0,10.6,16.2,0.0,12.0,33.1,24.9,Antsirabe,-19.867,47.033,1507.0
2015-09-24,23.2,10.2,15.8,0.0,12.6,32.4,25.79,Antsirabe,-19.867,47.033,1507.0
2015-09-25,23.0,9.5,15.5,0.0,15.6,37.1,22.95,Antsirabe,-19.867,47.033,1507.0
2015-09-26,21.8,10.7,15.2,0.0,18.8,43.6,20.66,Antsirabe,-19.867,47.033,1507.0
2015-09-27,22.6,8.1,15.1,0.0,19.4,47.5,25.61,Antsirabe,-19.867,47.033,1507.0
2015-09-28,25.3,8.2,17.0,0.0,11.3,29.2,26.79,Antsirabe,-19.867,47.033,1507.0
2015-09-29,24.9,12.2,17.9,0.0,13.0,33.1,22.2,Antsirabe,-19.867,47.033,1507.0
2015-09-30,24.0,10.5,16.9,0.0,14.8,33.8,24.49,Antsirabe,-19.867,47.033,1507.0
2015-10-01,24.6,11.4,17.5,0.0,12.3,32.8,23.23,Antsirabe,-19.867,47.033,1507.0
2015-10-02,25.7,11.8,18.5,0.0,10.4,29.2,22.02,Antsirabe,-19.867,47.033,1507.0
2015-10-03,26.6,10.7,18.7,0.0,11.0,30.6,23.33,Antsirabe,-19.867,47.033,1507.0
2015-10-04,26.7,10.4,18.7,0.0,16.2,41.0,28.36,Antsirabe,-19.867,47.033,1507.0
2015-10-05,26.2,10.9,18.3,0.0,12.6,34.2,28.71,Antsirabe,-19.867,47.033,1507.0
2015-10-06,28.3,11.1,19.7,0.0,9.3,24.8,28.46,Antsirabe,-19.867,47.033,1507.0
2015-10-07,29.6,11.8,20.6,0.0,16.0,37.4,28.95,Antsirabe,-19.867,47.033,1507.0
2015-10-08,29.9,9.8,20.4,0.0,10.4,30.2,28.89,Antsirabe,-19.867,47.033,1507.0
2015-10-09,28.3,14.3,21.7,0.0,10.3,29.2,24.22,Antsirabe,-19.867,47.033,1507.0
2015-10-10,29.4,14.6,22.1,0.0,9.3,28.1,26.13,Antsirabe,-19.867,47.033,1507.0
2015-10-11,27.5,12.4,20.5,0.8,10.1,28.1,25.51,Antsirabe,-19.867,47.033,1507.0
2015-10-12,28.2,16.3,21.2,0.0,11.2,29.2,22.83,Antsirabe,-19.867,47.033,1507.0
2015-10-13,27.8,13.4,20.0,0.0,10.8,29.2,27.51,Antsirabe,-19.867,47.033,1507.0
2015-10-14,26.9,13.8,19.6,0.0,14.8,34.6,25.6,Antsirabe,-19.867,47.033,1507.0
2015-10-15,27.0,12.0,19.1,0.0,15.3,29.9,28.31,Antsirabe,-19.867,47.033,1507.0
2015-10-16,26.6,11.9,19.1,0.0,10.4,28.1,26.59,Antsirabe,-19.867,47.033,1507.0
2015-10-17,27.7,11.5,19.8,0.0,10.5,27.7,28.0,Antsirabe,-19.867,47.033,1507.0
2015-10-18,27.6,12.7,19.8,0.2,9.4,29.2,25.17,Antsirabe,-19.867,47.033,1507.0
2015-10-19,23.2,13.6,17.7,7.8,14.2,35.3,19.92,Antsirabe,-19.867,47.033,1507.0
2015-10-20,22.2,11.8,16.4,12.8,9.9,28.4,21.11,Antsirabe,-19.867,47.033,1507.0
2015-10-21,21.6,12.4,16.7,1.0,19.8,46.1,22.8,Antsirabe,-19.867,47.033,1507.0
2015-10-22,24.9,11.9,18.0,0.0,10.9,24.8,24.49,Antsirabe,-19.867,47.033,1507.0
2015-10-23,25.5,12.1,19.1,0.0,10.9,25.6,23.51,Antsirabe,-19.867,47.033,1507.0
2015-10-24,25.2,12.4,18.4,6.9,7.2,23.8,22.27,Antsirabe,-19.867,47.033,1507.0
2015-10-25,25.7,11.5,18.6,5.9,9.0,28.1,24.4,Antsirabe,-19.867,47.033,1507.0
2015-10-26,25.7,12.8,19.3,0.1,11.0,27.7,26.37,Antsirabe,-19.867,47.033,1507.0
2015-10-27,24.3,14.5,17.9,46.2,11.4,30.2,21.09,Antsirabe,-19.867,47.033,1507.0
2015-10-28,21.5,13.9,16.9,15.2,12.9,37.1,16.05,Antsirabe,-19.867,47.033,1507.0
2015-10-29,22.7,13.9,17.3,2.3,21.9,54.0,22.13,Antsirabe,-19.867,47.033,1507.0
2015-10-30,23.5,12.2,17.3,3.2,20.7,47.9,22.85,Antsirabe,-19.867,47.033,1507.0
2015-10-31,22.6,14.8,17.9,24.6,10.2,27.4,18.66,Antsirabe,-19.867,47.033,1507.0
2015-11-01,21.9,14.2,17.4,30.4,13.5,37.8,17.81,Antsirabe,-19.867,47.033,1507.0
2015-11-02,23.0,11.8,17.5,4.0,16.6,42.5,23.96,Antsirabe,-19.867,47.033,1507.0
2015-11-03,23.5,13.1,18.5,1.5,18.4,43.9,23.44,Antsirabe,-19.867,47.033,1507.0
2015-11-04,22.0,14.4,17.8,4.7,18.7,45.0,22.77,Antsirabe,-19.867,47.033,1507.0
2015-11-05,16.6,9.6,13.9,19.8,14.0,33.1,7.8,Antsirabe,-19.867,47.033,1507.0
2015-11-06,19.7,7.0,12.8,0.0,14.3,33.5,30.81,Antsirabe,-19.867,47.033,1507.0
2015-11-07,20.7,8.7,14.3,0.0,12.2,30.2,29.69,Antsirabe,-19.867,47.033,1507.0
2015-11-08,22.3,9.7,15.4,0.0,10.7,30.2,31.31,Antsirabe,-19.867,47.033,1507.0
2015-11-09,23.2,7.8,15.8,0.0,12.6,33.5,31.23,Antsirabe,-19.867,47.033,1507.0
2015-11-10,25.2,10.1,18.4,0.0,9.8,24.8,29.93,Antsirabe,-19.867,47.033,1507.0
2015-11-11,26.9,11.9,19.3,0.0,9.7,28.1,31.37,Antsirabe,-19.867,47.033,1507.0
2015-11-12,28.3,10.0,19.7,0.0,13.0,33.8,31.71,Antsirabe,-19.867,47.033,1507.0
2015-11-13,28.8,11.1,20.4,0.0,16.0,40.0,31.89,Antsirabe,-19.867,47.033,1507.0
2015-11-14,28.8,10.7,20.5,0.0,17.2,42.1,31.37,Antsirabe,-19.867,47.033,1507.0
2015-11-15,29.6,11.8,21.4,0.0,12.5,32.8,30.73,Antsirabe,-19.867,47.033,1507.0
2015-11-16,29.0,11.9,21.2,0.0,13.5,33.5,30.11,Antsirabe,-19.867,47.033,1507.0
2015-11-17,27.3,15.5,20.7,0.0,15.3,37.8,27.48,Antsirabe,-19.867,47.033,1507.0
2015-11-18,28.4,12.0,21.2,0.0,8.7,22.0,30.9,Antsirabe,-19.867,47.033,1507.0
2015-11-19,29.1,14.0,21.7,0.2,11.6,28.8,30.4,Antsirabe,-19.867,47.033,1507.0
2015-11-20,28.4,15.2,21.9,0.3,11.9,32.4,26.54,Antsirabe,-19.867,47.033,1507.0
2015-11-21,26.6,16.3,20.5,11.8,14.4,38.2,23.18,Antsirabe,-19.867,47.033,1507.0
2015-11-22,26.2,14.8,19.7,17.7,9.4,25.6,22.2,Antsirabe,-19.867,47.033,1507.0
2015-11-23,24.0,16.4,19.1,3.2,16.7,37.4,14.4,Antsirabe,-19.867,47.033,1507.0
2015-11-24,22.7,15.5,18.6,19.4,9.6,25.2,18.45,Antsirabe,-19.867,47.033,1507.0
2015-11-25,22.2,14.6,18.0,2.1,15.2,37.8,17.05,Antsirabe,-19.867,47.033,1507.0
2015-11-26,24.5,15.9,19.4,2.9,17.6,41.8,23.89,Antsirabe,-19.867,47.033,1507.0
2015-11-27,24.6,14.7,19.3,5.6,14.8,36.7,22.38,Antsirabe,-19.867,47.033,1507.0
2015-11-28,25.0,13.8,20.0,3.8,11.8,31.0,24.14,Antsirabe,-19.867,47.033,1507.0
2015-11-29,25.7,16.4,20.4,0.5,12.6,32.4,25.62,Antsirabe,-19.867,47.033,1507.0
2015-11-30,24.3,16.2,20.1,1.6,10.6,27.4,24.51,Antsirabe,-19.867,47.033,1507.0
2015-12-01,24.5,13.6,18.7,15.5,13.2,33.1,22.5,Antsirabe,-19.867,47.033,1507.0
2015-12-02,24.3,15.3,19.4,11.7,10.1,25.9,23.16,Antsirabe,-19.867,47.033,1507.0
2015-12-03,25.8,15.5,20.5,0.1,9.3,26.6,25.03,Antsirabe,-19.867,47.033,1507.0
2015-12-04,26.4,15.2,20.9,0.7,8.4,25.6,27.05,Antsirabe,-19.867,47.033,1507.0
2015-12-05,23.9,16.1,19.2,12.5,11.4,31.7,21.56,Antsirabe,-19.867,47.033,1507.0
2015-12-06,23.9,13.7,18.9,2.0,18.5,41.4,25.16,Antsirabe,-19.867,47.033,1507.0
2015-12-07,25.3,13.4,19.9,0.0,15.0,38.2,30.41,Antsirabe,-19.867,47.033,1507.0
2015-12-08,25.6,14.6,20.5,0.0,15.3,36.0,26.13,Antsirabe,-19.867,47.033,1507.0
2015-12-09,24.4,17.3,20.0,16.7,9.6,30.2,20.16,Antsirabe,-19.867,47.033,1507.0
2015-12-10,25.0,15.5,19.9,16.2,11.6,29.9,22.04,Antsirabe,-19.867,47.033,1507.0
2015-12-11,26.2,14.9,20.1,25.8,10.4,23.8,23.37,Antsirabe,-19.867,47.033,1507.0
2015-12-12,25.5,16.8,20.9,0.7,7.9,20.2,24.13,Antsirabe,-19.867,47.033,1507.0
2015-12-13,26.3,15.4,21.0,0.0,6.6,19.8,25.79,Antsirabe,-19.867,47.033,1507.0
2015-12-14,26.7,15.4,21.0,1.4,8.2,22.3,24.18,Antsirabe,-19.867,47.033,1507.0
2015-12-15,25.9,16.7,20.8,4.8,8.7,28.1,24.23,Antsirabe,-19.867,47.033,1507.0
2015-12-16,25.8,17.7,20.5,9.7,8.2,23.4,20.03,Antsirabe,-19.867,47.033,1507.0
2015-12-17,25.8,17.5,20.6,10.5,7.5,26.3,22.63,Antsirabe,-19.867,47.033,1507.0
2015-12-18,24.3,16.6,19.4,3.8,9.8,27.0,21.7,Antsirabe,-19.867,47.033,1507.0
2015-12-19,24.2,15.9,19.8,0.8,9.7,27.0,23.22,Antsirabe,-19.867,47.033,1507.0
2015-12-20,23.7,16.8,19.4,28.3,11.2,31.3,19.11,Antsirabe,-19.867,47.033,1507.0
2015-12-21,22.3,16.7,18.7,23.6,12.7,40.7,17.68,Antsirabe,-19.867,47.033,1507.0
2015-12-22,23.7,14.8,19.2,3.8,16.0,39.6,23.37,Antsirabe,-19.867,47.033,1507.0
2015-12-23,24.3,15.1,19.3,11.0,13.2,38.5,22.23,Antsirabe,-19.867,47.033,1507.0
2015-12-24,25.5,15.5,20.0,10.5,12.1,32.4,23.28,Antsirabe,-19.867,47.033,1507.0
2015-12-25,24.4,16.1,19.5,27.2,8.1,28.1,16.11,Antsirabe,-19.867,47.033,1507.0
2015-12-26,23.6,16.9,19.4,36.8,8.6,25.6,18.33,Antsirabe,-19.867,47.033,1507.0
2015-12-27,23.5,16.2,19.2,20.0,13.6,34.6,18.12,Antsirabe,-19.867,47.033,1507.0
2015-12-28,23.8,16.1,19.3,25.0,8.9,26.3,16.37,Antsirabe,-19.867,47.033,1507.0
2015-12-29,21.4,16.0,17.9,21.3,16.6,46.1,11.2,Antsirabe,-19.867,47.033,1507.0
2015-12-30,21.7,15.5,18.1,15.0,15.5,35.3,15.03,Antsirabe,-19.867,47.033,1507.0
2015-12-31,22.7,14.6,18.3,11.6,11.9,30.2,20.52,Antsirabe,-19.867,47.033,1507.0
2016-01-01,23.6,15.3,18.6,5.6,14.2,33.1,21.04,Antsirabe,-19.867,47.033,1507.0
2016-01-02,23.5,13.6,18.5,2.4,18.8,40.0,23.28,Antsirabe,-19.867,47.033,1507.0
2016-01-03,24.8,14.2,19.7,0.0,13.8,31.0,27.19,Antsirabe,-19.867,47.033,1507.0
2016-01-04,24.4,16.1,19.7,8.0,9.6,28.1,26.07,Antsirabe,-19.867,47.033,1507.0
2016-01-05,23.4,16.3,19.1,17.5,9.8,25.2,17.37,Antsirabe,-19.867,47.033,1507.0
2016-01-06,22.7,15.7,18.7,2.5,10.2,25.6,15.93,Antsirabe,-19.867,47.033,1507.0
2016-01-07,24.9,14.4,19.6,1.1,7.2,20.5,23.27,Antsirabe,-19.867,47.033,1507.0
2016-01-08,23.3,16.8,19.3,24.4,8.8,25.9,16.75,Antsirabe,-19.867,47.033,1507.0
2016-01-09,22.4,16.8,19.2,22.3,6.5,22.3,17.15,Antsirabe,-19.867,47.033,1507.0
2016-01-10,24.1,14.1,18.9,28.1,11.5,33.8,23.62,Antsirabe,-19.867,47.033,1507.0
2016-01-11,23.8,14.5,19.0,9.8,10.6,36.7,20.94,Antsirabe,-19.867,47.033,1507.0
2016-01-12,23.9,16.4,19.3,20.7,12.3,29.5,18.96,Antsirabe,-19.867,47.033,1507.0
2016-01-13,24.3,17.2,19.5,40.0,9.2,25.9,19.27,Antsirabe,-19.867,47.033,1507.0
2016-01-14,23.7,16.7,19.5,24.2,8.4,24.8,17.53,Antsirabe,-19.867,47.033,1507.0
2016-01-15,25.0,17.2,20.0,30.4,11.0,31.3,22.69,Antsirabe,-19.867,47.033,1507.0
2016-01-16,25.3,16.5,19.9,17.8,11.0,30.6,23.21,Antsirabe,-19.867,47.033,1507.0
2016-01-17,24.7,16.4,19.7,30.5,12.7,29.9,19.52,Antsirabe,-19.867,47.033,1507.0
2016-01-18,23.1,17.2,19.2,33.9,9.4,25.2,16.54,Antsirabe,-19.867,47.033,1507.0
2016-01-19,23.4,15.8,18.5,22.0,9.1,25.9,19.33,Antsirabe,-19.867,47.033,1507.0
2016-01-20,23.1,14.5,18.2,13.0,10.9,26.3,20.28,Antsirabe,-19.867,47.033,1507.0
2016-01-21,23.1,14.9,18.3,15.8,9.8,23.8,20.93,Antsirabe,-19.867,47.033,1507.0
2016-01-22,22.8,15.6,18.6,12.6,10.4,28.8,20.41,Antsirabe,-19.867,47.033,1507.0
2016-01-23,24.5,14.0,19.0,6.8,9.7,24.5,26.07,Antsirabe,-19.867,47.033,1507.0
2016-01-24,23.8,15.5,19.6,2.4,8.7,22.0,26.07,Antsirabe,-19.867,47.033,1507.0
2016-01-25,24.6,14.9,19.5,6.0,10.2,30.6,25.2,Antsirabe,-19.867,47.033,1507.0
2016-01-26,26.7,14.9,20.7,0.0,6.6,24.1,26.93,Antsirabe,-19.867,47.033,1507.0
2016-01-27,26.3,13.5,19.9,0.0,13.7,35.6,30.1,Antsirabe,-19.867,47.033,1507.0
2016-01-28,26.5,14.3,20.1,0.0,12.3,31.3,30.78,Antsirabe,-19.867,47.033,1507.0
2016-01-29,25.7,15.6,20.2,0.7,12.3,30.6,24.0,Antsirabe,-19.867,47.033,1507.0
2016-01-30,24.1,16.7,19.5,0.2,20.1,49.7,25.55,Antsirabe,-19.867,47.033,1507.0
2016-01-31,23.6,14.7,18.5,0.0,17.7,42.8,24.08,Antsirabe,-19.867,47.033,1507.0
2016-02-01,25.2,12.8,19.0,2.8,12.3,32.4,27.23,Antsirabe,-19.867,47.033,1507.0
2016-02-02,23.5,14.9,18.9,0.5,14.8,37.4,21.39,Antsirabe,-19.867,47.033,1507.0
2016-02-03,22.5,15.4,18.1,45.7,15.1,36.0,17.39,Antsirabe,-19.867,47.033,1507.0
2016-02-04,22.9,15.4,18.3,12.3,14.3,33.5,15.63,Antsirabe,-19.867,47.033,1507.0
2016-02-05,25.0,14.7,19.3,3.9,17.7,42.1,21.92,Antsirabe,-19.867,47.033,1507.0
2016-02-06,24.6,15.4,19.6,20.5,12.3,32.8,19.46,Antsirabe,-19.867,47.033,1507.0
2016-02-07,22.8,17.7,19.7,17.3,13.9,35.6,12.28,Antsirabe,-19.867,47.033,1507.0
2016-02-08,25.4,16.8,20.4,14.1,10.4,22.7,21.26,Antsirabe,-19.867,47.033,1507.0
2016-02-09,23.0,17.7,19.6,9.0,15.1,37.1,14.01,Antsirabe,-19.867,47.033,1507.0
2016-02-10,22.4,17.0,19.1,2.0,25.1,54.7,21.7,Antsirabe,-19.867,47.033,1507.0
2016-02-11,21.6,14.9,18.0,0.8,19.3,46.1,21.3,Antsirabe,-19.867,47.033,1507.0
2016-02-12,22.3,14.2,18.1,0.7,15.2,36.0,20.8,Antsirabe,-19.867,47.033,1507.0
2016-02-13,23.1,14.5,19.0,1.5,11.7,34.2,21.28,Antsirabe,-19.867,47.033,1507.0
2016-02-14,21.1,18.0,19.0,10.4,6.8,18.4,8.29,Antsirabe,-19.867,47.033,1507.0
2016-02-15,23.5,16.2,19.1,3.5,11.5,29.9,17.35,Antsirabe,-19.867,47.033,1507.0
2016-02-16,25.4,15.9,19.8,7.0,12.0,29.9,21.56,Antsirabe,-19.867,47.033,1507.0
2016-02-17,25.4,15.8,20.2,0.3,10.0,25.2,26.1,Antsirabe,-19.867,47.033,1507.0
2016-02-18,25.3,14.8,20.0,0.0,9.0,24.5,25.18,Antsirabe,-19.867,47.033,1507.0
2016-02-19,24.7,15.9,20.0,5.8,6.8,20.2,22.39,Antsirabe,-19.867,47.033,1507.0
2016-02-20,24.5,16.5,19.9,13.8,9.4,27.7,20.71,Antsirabe,-19.867,47.033,1507.0
2016-02-21,26.3,16.1,20.1,16.7,10.4,28.4,22.73,Antsirabe,-19.867,47.033,1507.0
2016-02-22,26.5,15.8,20.0,25.5,9.4,28.8,21.91,Antsirabe,-19.867,47.033,1507.0
2016-02-23,25.2,16.9,19.8,25.6,8.9,23.8,17.04,Antsirabe,-19.867,47.033,1507.0
2016-02-24,23.8,17.0,19.3,23.0,9.4,29.2,18.58,Antsirabe,-19.867,47.033,1507.0
2016-02-25,23.3,14.5,18.4,15.9,10.0,31.0,19.86,Antsirabe,-19.867,47.033,1507.0
2016-02-26,22.8,14.9,18.3,24.6,10.4,29.5,19.4,Antsirabe,-19.867,47.033,1507.0
2016-02-27,22.8,14.1,17.9,4.2,15.3,37.8,19.98,Antsirabe,-19.867,47.033,1507.0
2016-02-28,23.4,13.5,18.3,5.3,11.9,28.8,21.66,Antsirabe,-19.867,47.033,1507.0
2016-02-29,24.4,15.1,18.8,40.0,9.8,20.9,18.29,Antsirabe,-19.867,47.033,1507.0
2016-03-01,24.9,15.3,19.0,26.6,9.8,27.4,22.75,Antsirabe,-19.867,47.033,1507.0
2016-03-02,24.3,14.6,18.9,17.1,11.6,31.7,19.98,Antsirabe,-19.867,47.033,1507.0
2016-03-03,24.9,16.1,19.5,10.9,18.7,42.8,17.87,Antsirabe,-19.867,47.033,1507.0
2016-03-04,25.4,17.0,20.8,0.0,9.7,27.4,22.29,Antsirabe,-19.867,47.033,1507.0
2016-03-05,26.1,15.6,20.9,0.2,6.2,20.5,25.65,Antsirabe,-19.867,47.033,1507.0
2016-03-06,26.1,15.8,21.0,1.1,8.0,19.4,23.98,Antsirabe,-19.867,47.033,1507.0
2016-03-07,25.1,15.8,19.9,11.9,7.9,24.1,21.26,Antsirabe,-19.867,47.033,1507.0
2016-03-08,24.5,16.9,19.7,10.4,9.8,24.5,17.82,Antsirabe,-19.867,47.033,1507.0
2016-03-09,24.4,15.8,19.1,13.7,13.1,29.9,20.34,Antsirabe,-19.867,47.033,1507.0
2016-03-10,24.0,16.1,19.5,3.7,14.3,33.1,19.48,Antsirabe,-19.867,47.033,1507.0
2016-03-11,24.6,16.2,20.0,1.8,8.7,22.7,21.55,Antsirabe,-19.867,47.033,1507.0
2016-03-12,24.7,17.1,20.5,2.6,8.2,23.0,21.88,Antsirabe,-19.867,47.033,1507.0
2016-03-13,25.7,17.1,20.7,0.1,10.0,23.4,23.13,Antsirabe,-19.867,47.033,1507.0
2016-03-14,24.7,16.9,20.5,2.6,8.6,22.0,20.19,Antsirabe,-19.867,47.033,1507.0
2016-03-15,23.0,17.1,19.2,9.5,10.5,30.6,17.14,Antsirabe,-19.867,47.033,1507.0
2016-03-16,23.2,16.8,19.0,10.3,15.5,36.0,17.2,Antsirabe,-19.867,47.033,1507.0
2016-03-17,23.9,15.3,19.5,9.6,9.3,26.6,21.15,Antsirabe,-19.867,47.033,1507.0
2016-03-18,23.8,17.3,19.6,16.1,10.1,36.4,19.3,Antsirabe,-19.867,47.033,1507.0
2016-03-19,23.3,17.2,19.5,7.5,11.9,34.2,18.42,Antsirabe,-19.867,47.033,1507.0
2016-03-20,24.2,17.3,20.2,1.1,12.4,30.2,18.32,Antsirabe,-19.867,47.033,1507.0
2016-03-21,23.5,16.2,20.0,5.7,6.0,19.8,20.35,Antsirabe,-19.867,47.033,1507.0
2016-03-22,23.8,17.3,20.0,8.4,10.4,29.9,17.26,Antsirabe,-19.867,47.033,1507.0
2016-03-23,23.2,17.9,19.6,13.6,13.0,35.6,13.17,Antsirabe,-19.867,47.033,1507.0
2016-03-24,24.0,18.3,19.9,28.0,6.8,27.4,12.5,Antsirabe,-19.867,47.033,1507.0
2016-03-25,23.0,18.2,19.7,9.0,11.0,29.9,10.8,Antsirabe,-19.867,47.033,1507.0
2016-03-26,23.8,16.4,19.4,6.7,13.7,32.8,12.7,Antsirabe,-19.867,47.033,1507.0
2016-03-27,23.3,17.2,19.8,4.2,9.5,21.6,13.56,Antsirabe,-19.867,47.033,1507.0
2016-03-28,24.1,16.4,19.7,2.1,7.6,23.8,15.07,Antsirabe,-19.867,47.033,1507.0
2016-03-29,21.4,16.5,18.5,26.5,9.4,25.6,6.89,Antsirabe,-19.867,47.033,1507.0
2016-03-30,19.7,15.4,17.1,18.6,10.8,24.5,7.48,Antsirabe,-19.867,47.033,1507.0
2016-03-31,24.4,13.9,18.8,1.6,10.1,26.3,21.37,Antsirabe,-19.867,47.033,1507.0
2016-04-01,22.3,15.6,18.4,0.9,17.4,38.2,14.49,Antsirabe,-19.867,47.033,1507.0
2016-04-02,25.2,13.1,18.5,0.0,10.1,28.1,25.87,Antsirabe,-19.867,47.033,1507.0
2016-04-03,24.6,12.1,18.4,0.0,9.5,26.6,24.54,Antsirabe,-19.867,47.033,1507.0
2016-04-04,23.8,13.8,18.0,0.0,15.6,38.2,25.86,Antsirabe,-19.867,47.033,1507.0
2016-04-05,24.3,12.9,18.1,0.0,14.6,34.2,23.21,Antsirabe,-19.867,47.033,1507.0
2016-04-06,24.5,13.2,19.0,0.9,13.0,31.3,21.1,Antsirabe,-19.867,47.033,1507.0
2016-04-07,24.5,14.8,19.1,0.0,12.8,28.4,22.64,Antsirabe,-19.867,47.033,1507.0
2016-04-08,22.5,15.3,18.4,1.0,12.8,32.0,15.62,Antsirabe,-19.867,47.033,1507.0
2016-04-09,20.7,15.4,17.7,4.4,8.3,24.1,10.76,Antsirabe,-19.867,47.033,1507.0
2016-04-10,23.4,15.4,18.9,1.2,9.4,24.5,17.13,Antsirabe,-19.867,47.033,1507.0
2016-04-11,22.9,15.6,18.9,0.1,14.5,33.5,17.65,Antsirabe,-19.867,47.033,1507.0
2016-04-12,22.6,14.8,17.7,0.0,14.9,36.7,21.2,Antsirabe,-19.867,47.033,1507.0
2016-04-13,22.6,12.5,16.7,0.0,12.0,31.7,22.55,Antsirabe,-19.867,47.033,1507.0
2016-04-14,22.5,12.6,17.2,0.0,19.8,46.1,19.75,Antsirabe,-19.867,47.033,1507.0
2016-04-15,21.9,14.1,18.0,0.0,22.2,49.3,17.37,Antsirabe,-19.867,47.033,1507.0
2016-04-16,21.7,13.0,16.8,0.0,21.5,49.7,20.6,Antsirabe,-19.867,47.033,1507.0
2016-04-17,22.9,15.5,18.4,1.1,25.8,55.1,16.48,Antsirabe,-19.867,47.033,1507.0
2016-04-18,24.2,14.9,18.8,0.0,11.5,31.3,19.43,Antsirabe,-19.867,47.033,1507.0
2016-04-19,24.2,14.9,18.8,0.0,10.5,23.8,20.08,Antsirabe,-19.867,47.033,1507.0
2016-04-20,24.4,12.8,18.3,0.0,13.1,31.3,20.16,Antsirabe,-19.867,47.033,1507.0
2016-04-21,24.6,12.3,18.8,0.4,8.1,23.0,20.06,Antsirabe,-19.867,47.033,1507.0
2016-04-22,22.9,15.1,18.3,3.1,9.7,25.9,14.09,Antsirabe,-19.867,47.033,1507.0
2016-04-23,23.5,13.7,18.1,0.0,11.5,30.2,17.79,Antsirabe,-19.867,47.033,1507.0
2016-04-24,23.8,13.6,18.2,0.2,8.0,23.4,17.4,Antsirabe,-19.867,47.033,1507.0
2016-04-25,23.0,14.1,18.3,1.0,7.0,22.0,16.16,Antsirabe,-19.867,47.033,1507.0
2016-04-26,23.3,14.7,18.6,1.0,8.7,19.8,17.18,Antsirabe,-19.867,47.033,1507.0
2016-04-27,23.8,13.8,18.4,0.0,9.8,23.8,20.73,Antsirabe,-19.867,47.033,1507.0
2016-04-28,23.4,12.7,17.9,0.0,11.0,26.6,21.53,Antsirabe,-19.867,47.033,1507.0
2016-04-29,23.2,13.3,17.7,0.0,8.2,22.7,20.25,Antsirabe,-19.867,47.033,1507.0
2016-04-30,23.3,12.4,17.5,0.0,9.2,23.0,20.74,Antsirabe,-19.867,47.033,1507.0
2016-05-01,23.1,14.4,18.3,0.0,11.4,26.6,20.04,Antsirabe,-19.867,47.033,1507.0
2016-05-02,22.5,12.8,17.5,0.0,12.5,29.2,18.0,Antsirabe,-19.867,47.033,1507.0
2016-05-03,23.2,11.2,17.4,0.0,12.2,29.5,18.13,Antsirabe,-19.867,47.033,1507.0
2016-05-04,21.3,10.8,16.1,0.0,19.8,47.5,17.63,Antsirabe,-19.867,47.033,1507.0
2016-05-05,21.7,11.4,16.0,0.0,11.1,23.8,21.19,Antsirabe,-19.867,47.033,1507.0
2016-05-06,21.8,12.2,16.4,0.0,10.8,26.3,16.28,Antsirabe,-19.867,47.033,1507.0
2016-05-07,20.1,12.1,16.1,2.9,10.0,24.5,13.69,Antsirabe,-19.867,47.033,1507.0
2016-05-08,20.0,13.2,15.9,5.6,15.6,33.5,13.14,Antsirabe,-19.867,47.033,1507.0
2016-05-09,17.7,9.5,13.3,0.0,23.1,52.2,17.23,Antsirabe,-19.867,47.033,1507.0
2016-05-10,16.8,9.8,12.8,0.0,25.9,56.5,13.82,Antsirabe,-19.867,47.033,1507.0
2016-05-11,18.3,8.8,13.1,0.0,20.6,46.4,14.26,Antsirabe,-19.867,47.033,1507.0
2016-05-12,18.7,10.7,13.9,0.0,23.1,51.1,16.65,Antsirabe,-19.867,47.033,1507.0
2016-05-13,18.8,10.9,14.3,0.0,22.0,49.3,15.02,Antsirabe,-19.867,47.033,1507.0
2016-05-14,18.8,11.6,14.8,0.9,18.0,41.0,12.2,Antsirabe,-19.867,47.033,1507.0
2016-05-15,20.7,12.1,15.5,0.0,13.7,34.6,18.21,Antsirabe,-19.867,47.033,1507.0
2016-05-16,21.3,11.7,15.8,0.3,10.5,25.6,16.1,Antsirabe,-19.867,47.033,1507.0
2016-05-17,20.8,11.5,15.9,0.0,13.8,29.9,15.88,Antsirabe,-19.867,47.033,1507.0
2016-05-18,20.9,9.8,15.3,0.0,15.5,33.1,17.32,Antsirabe,-19.867,47.033,1507.0
2016-05-19,12.6,5.8,10.0,0.0,26.2,59.4,14.48,Antsirabe,-19.867,47.033,1507.0
2016-05-20,14.9,5.9,9.8,0.0,23.1,52.9,17.25,Antsirabe,-19.867,47.033,1507.0
2016-05-21,16.0,6.6,10.7,0.0,16.3,39.2,16.66,Antsirabe,-19.867,47.033,1507.0
2016-05-22,16.0,7.4,10.9,0.0,17.2,41.4,15.97,Antsirabe,-19.867,47.033,1507.0
2016-05-23,16.6,8.2,11.5,0.0,20.9,49.0,18.78,Antsirabe,-19.867,47.033,1507.0
2016-05-24,16.7,8.7,11.8,0.0,23.7,56.2,17.17,Antsirabe,-19.867,47.033,1507.0
2016-05-25,17.4,8.2,11.9,0.0,16.9,41.0,17.23,Antsirabe,-19.867,47.033,1507.0
2016-05-26,18.3,8.9,12.9,0.0,15.6,37.4,14.55,Antsirabe,-19.867,47.033,1507.0
2016-05-27,18.7,8.0,13.0,0.0,14.9,34.9,14.6,Antsirabe,-19.867,47.033,1507.0
2016-05-28,15.2,9.3,12.4,3.2,7.7,21.2,2.8,Antsirabe,-19.867,47.033,1507.0
2016-05-29,17.1,11.9,14.0,10.1,9.3,30.2,10.02,Antsirabe,-19.867,47.033,1507.0
2016-05-30,15.4,10.9,12.8,3.8,13.2,32.0,8.04,Antsirabe,-19.867,47.033,1507.0
2016-05-31,14.2,11.1,12.6,8.5,13.3,29.9,2.2,Antsirabe,-19.867,47.033,1507.0
2016-06-01,18.8,11.1,14.0,0.0,20.9,48.2,15.29,Antsirabe,-19.867,47.033,1507.0
2016-06-02,18.0,12.5,14.4,0.4,23.1,53.3,10.66,Antsirabe,-19.867,47.033,1507.0
2016-06-03,18.8,10.4,14.3,0.0,16.3,40.7,14.63,Antsirabe,-19.867,47.033,1507.0
2016-06-04,19.8,7.2,13.6,0.0,7.7,23.4,15.64,Antsirabe,-19.867,47.033,1507.0
2016-06-05,20.8,8.7,14.8,0.0,9.2,20.9,17.26,Antsirabe,-19.867,47.033,1507.0
2016-06-06,20.3,8.3,14.3,0.0,9.0,20.5,16.54,Antsirabe,-19.867,47.033,1507.0
2016-06-07,16.9,9.6,12.9,0.0,12.6,31.0,15.79,Antsirabe,-19.867,47.033,1507.0
2016-06-08,15.7,7.0,10.7,0.0,13.1,32.4,16.98,Antsirabe,-19.867,47.033,1507.0
2016-06-09,16.1,5.7,10.3,0.0,17.1,40.0,17.63,Antsirabe,-19.867,47.033,1507.0
2016-06-10,17.7,6.7,11.4,0.0,11.2,29.5,17.82,Antsirabe,-19.867,47.033,1507.0
2016-06-11,19.5,6.2,12.8,0.0,8.8,21.2,18.51,Antsirabe,-19.867,47.033,1507.0
2016-06-12,19.7,7.0,12.9,0.0,12.9,28.4,18.02,Antsirabe,-19.867,47.033,1507.0
2016-06-13,14.0,7.7,10.4,0.0,22.0,50.4,11.56,Antsirabe,-19.867,47.033,1507.0
2016-06-14,12.1,6.8,9.3,7.5,15.2,36.0,8.06,Antsirabe,-19.867,47.033,1507.0
2016-06-15,16.2,9.2,12.0,5.9,11.3,27.0,7.31,Antsirabe,-19.867,47.033,1507.0
2016-06-16,19.2,9.2,13.8,0.1,11.7,29.5,12.07,Antsirabe,-19.867,47.033,1507.0
2016-06-17,20.2,11.1,15.0,0.5,8.3,24.5,13.46,Antsirabe,-19.867,47.033,1507.0
2016-06-18,18.8,11.3,14.4,0.0,12.4,31.7,13.31,Antsirabe,-19.867,47.033,1507.0
2016-06-19,19.0,9.6,13.6,0.0,10.3,28.4,16.15,Antsirabe,-19.867,47.033,1507.0
2016-06-20,18.9,8.3,13.0,0.0,12.6,32.8,18.19,Antsirabe,-19.867,47.033,1507.0
2016-06-21,18.3,8.2,12.6,0.0,12.9,33.1,15.45,Antsirabe,-19.867,47.033,1507.0
2016-06-22,19.3,8.1,12.9,0.0,9.4,23.4,18.08,Antsirabe,-19.867,47.033,1507.0
2016-06-23,18.6,8.4,13.0,0.0,11.4,28.8,15.09,Antsirabe,-19.867,47.033,1507.0
2016-06-24,17.0,7.5,12.0,0.0,16.6,40.0,16.4,Antsirabe,-19.867,47.033,1507.0
2016-06-25,16.1,9.4,12.2,0.0,24.6,53.3,11.39,Antsirabe,-19.867,47.033,1507.0
2016-06-26,17.0,9.1,12.3,0.0,22.1,51.5,12.73,Antsirabe,-19.867,47.033,1507.0
2016-06-27,16.5,8.0,11.5,0.0,14.8,37.4,16.41,Antsirabe,-19.867,47.033,1507.0
2016-06-28,19.3,6.2,11.9,0.0,8.6,23.0,18.41,Antsirabe,-19.867,47.033,1507.0
2016-06-29,20.0,5.1,12.4,0.0,7.9,23.4,18.18,Antsirabe,-19.867,47.033,1507.0
2016-06-30,18.5,5.3,11.3,0.0,11.3,30.2,18.43,Antsirabe,-19.867,47.033,1507.0
2016-07-01,18.4,5.2,11.4,0.0,12.3,32.4,18.55,Antsirabe,-19.867,47.033,1507.0
2016-07-02,18.8,6.7,11.6,0.0,11.5,29.5,17.34,Antsirabe,-19.867,47.033,1507.0
2016-07-03,19.0,6.4,11.9,0.0,8.9,22.7,18.55,Antsirabe,-19.867,47.033,1507.0
2016-07-04,18.0,5.2,11.4,0.0,9.7,22.7,17.09,Antsirabe,-19.867,47.033,1507.0
2016-07-05,15.7,6.8,10.8,0.0,22.0,50.0,14.58,Antsirabe,-19.867,47.033,1507.0
2016-07-06,16.3,8.6,11.5,0.0,26.7,60.8,15.67,Antsirabe,-19.867,47.033,1507.0
2016-07-07,16.8,7.2,11.2,0.0,14.6,36.0,16.09,Antsirabe,-19.867,47.033,1507.0
2016-07-08,18.0,3.6,10.5,0.0,6.1,20.9,18.61,Antsirabe,-19.867,47.033,1507.0
2016-07-09,17.2,3.2,9.9,0.0,8.7,22.7,18.8,Antsirabe,-19.867,47.033,1507.0
2016-07-10,16.3,4.4,10.3,0.0,20.0,46.8,15.19,Antsirabe,-19.867,47.033,1507.0
2016-07-11,16.0,7.9,11.5,0.0,19.6,46.4,15.25,Antsirabe,-19.867,47.033,1507.0
2016-07-12,15.9,7.2,11.0,0.0,15.3,38.5,17.0,Antsirabe,-19.867,47.033,1507.0
2016-07-13,15.6,5.7,10.5,0.0,21.1,47.5,11.69,Antsirabe,-19.867,47.033,1507.0
2016-07-14,16.8,9.2,12.1,0.0,16.9,40.7,14.98,Antsirabe,-19.867,47.033,1507.0
2016-07-15,16.5,7.8,12.0,0.1,16.2,38.5,13.01,Antsirabe,-19.867,47.033,1507.0
2016-07-16,16.0,9.2,12.0,0.0,17.5,42.1,13.18,Antsirabe,-19.867,47.033,1507.0
2016-07-17,15.9,7.5,11.2,0.0,19.9,45.7,12.17,Antsirabe,-19.867,47.033,1507.0
2016-07-18,18.9,6.6,12.4,0.0,10.1,28.4,16.04,Antsirabe,-19.867,47.033,1507.0
2016-07-19,20.1,8.6,14.1,0.0,8.0,20.5,16.38,Antsirabe,-19.867,47.033,1507.0
2016-07-20,20.3,7.7,14.0,0.2,10.4,28.4,16.09,Antsirabe,-19.867,47.033,1507.0
2016-07-21,20.1,11.4,15.3,0.0,19.5,44.3,10.37,Antsirabe,-19.867,47.033,1507.0
2016-07-22,20.5,12.8,15.6,0.3,18.2,42.8,11.71,Antsirabe,-19.867,47.033,1507.0
2016-07-23,22.2,9.9,15.2,0.0,12.6,33.5,18.25,Antsirabe,-19.867,47.033,1507.0
2016-07-24,20.3,8.6,14.0,0.0,17.5,41.4,16.04,Antsirabe,-19.867,47.033,1507.0
2016-07-25,19.0,8.4,13.1,0.0,19.5,46.8,17.41,Antsirabe,-19.867,47.033,1507.0
2016-07-26,17.1,7.0,11.9,0.0,22.3,51.1,14.18,Antsirabe,-19.867,47.033,1507.0
2016-07-27,18.1,9.4,12.6,0.0,16.7,41.0,17.46,Antsirabe,-19.867,47.033,1507.0
2016-07-28,18.4,6.8,12.0,0.0,13.7,35.3,18.93,Antsirabe,-19.867,47.033,1507.0
2016-07-29,20.2,6.2,13.1,0.0,8.7,21.2,19.48,Antsirabe,-19.867,47.033,1507.0
2016-07-30,20.7,8.3,14.0,0.0,10.9,26.6,19.89,Antsirabe,-19.867,47.033,1507.0
2016-07-31,20.3,9.9,14.5,0.0,11.6,29.2,20.11,Antsirabe,-19.867,47.033,1507.0
2016-08-01,21.4,7.5,14.1,0.0,11.4,28.8,19.68,Antsirabe,-19.867,47.033,1507.0
2016-08-02,20.1,10.5,14.8,0.1,10.1,28.1,14.9,Antsirabe,-19.867,47.033,1507.0
2016-08-03,19.1,8.3,13.7,0.7,6.0,20.2,16.16,Antsirabe,-19.867,47.033,1507.0
2016-08-04,20.1,8.4,14.4,0.0,7.6,17.6,13.06,Antsirabe,-19.867,47.033,1507.0
2016-08-05,21.4,10.4,15.4,0.0,10.5,28.8,16.04,Antsirabe,-19.867,47.033,1507.0
2016-08-06,22.5,7.8,15.0,0.0,10.2,29.2,18.62,Antsirabe,-19.867,47.033,1507.0
2016-08-07,23.0,8.7,15.5,0.0,7.7,24.5,18.08,Antsirabe,-19.867,47.033,1507.0
2016-08-08,22.7,8.6,15.3,0.0,10.2,26.3,19.95,Antsirabe,-19.867,47.033,1507.0
2016-08-09,21.7,8.8,15.5,0.0,9.7,23.0,19.74,Antsirabe,-19.867,47.033,1507.0
2016-08-10,20.1,9.8,14.8,0.0,15.6,37.4,15.42,Antsirabe,-19.867,47.033,1507.0
2016-08-11,20.9,11.4,15.6,0.0,12.3,31.7,17.51,Antsirabe,-19.867,47.033,1507.0
2016-08-12,22.0,10.2,15.5,0.0,9.5,27.4,18.89,Antsirabe,-19.867,47.033,1507.0
2016-08-13,20.9,10.0,15.3,0.0,12.1,32.0,16.45,Antsirabe,-19.867,47.033,1507.0
2016-08-14,20.4,8.8,14.5,0.0,22.4,51.8,17.52,Antsirabe,-19.867,47.033,1507.0
2016-08-15,20.1,11.0,14.6,0.0,19.6,47.9,17.62,Antsirabe,-19.867,47.033,1507.0
2016-08-16,21.9,9.0,14.6,0.0,11.5,27.4,21.15,Antsirabe,-19.867,47.033,1507.0
2016-08-17,20.1,10.9,14.6,0.0,18.0,42.5,17.6,Antsirabe,-19.867,47.033,1507.0
2016-08-18,21.4,10.4,15.2,0.0,10.4,24.8,17.51,Antsirabe,-19.867,47.033,1507.0
2016-08-19,20.3,11.0,14.9,0.0,15.9,38.9,18.9,Antsirabe,-19.867,47.033,1507.0
2016-08-20,22.4,8.8,15.7,0.0,11.1,24.1,20.56,Antsirabe,-19.867,47.033,1507.0
2016-08-21,23.0,9.8,16.3,0.0,9.5,27.0,20.26,Antsirabe,-19.867,47.033,1507.0
2016-08-22,23.0,9.5,16.1,0.0,7.5,24.5,19.23,Antsirabe,-19.867,47.033,1507.0
2016-08-23,23.1,8.5,16.0,0.0,13.4,33.5,22.64,Antsirabe,-19.867,47.033,1507.0
2016-08-24,22.5,8.3,15.2,0.0,14.2,36.7,23.14,Antsirabe,-19.867,47.033,1507.0
2016-08-25,22.4,8.7,15.3,0.0,10.0,29.2,23.19,Antsirabe,-19.867,47.033,1507.0
2016-08-26,22.8,9.5,15.8,0.0,11.6,32.0,22.53,Antsirabe,-19.867,47.033,1507.0
2016-08-27,19.3,8.7,13.2,0.0,21.2,50.4,22.28,Antsirabe,-19.867,47.033,1507.0
2016-08-28,16.1,7.2,11.1,0.0,31.4,70.6,21.67,Antsirabe,-19.867,47.033,1507.0
2016-08-29,17.3,6.9,10.8,0.0,23.7,56.5,23.2,Antsirabe,-19.867,47.033,1507.0
2016-08-30,17.7,4.1,10.4,0.0,21.0,53.3,22.39,Antsirabe,-19.867,47.033,1507.0
2016-08-31,16.5,5.1,10.2,0.0,31.4,73.1,22.85,Antsirabe,-19.867,47.033,1507.0
2016-09-01,17.3,7.5,11.5,0.0,32.0,72.0,21.09,Antsirabe,-19.867,47.033,1507.0
2016-09-02,18.4,7.9,12.7,0.0,25.1,56.2,19.65,Antsirabe,-19.867,47.033,1507.0
2016-09-03,22.4,5.2,13.8,0.0,11.5,27.4,25.21,Antsirabe,-19.867,47.033,1507.0
2016-09-04,22.9,6.1,14.4,0.0,9.4,28.8,25.18,Antsirabe,-19.867,47.033,1507.0
2016-09-05,22.2,7.8,14.2,0.0,9.0,28.4,24.94,Antsirabe,-19.867,47.033,1507.0
2016-09-06,23.2,6.4,14.9,0.0,9.4,23.8,25.52,Antsirabe,-19.867,47.033,1507.0
2016-09-07,24.4,8.8,16.2,0.0,10.8,27.4,24.9,Antsirabe,-19.867,47.033,1507.0
2016-09-08,25.2,8.6,16.9,0.0,9.8,28.4,24.67,Antsirabe,-19.867,47.033,1507.0
2016-09-09,25.7,9.9,17.5,0.0,8.4,23.8,24.95,Antsirabe,-19.867,47.033,1507.0
2016-09-10,25.3,11.6,17.3,0.0,11.2,29.9,25.2,Antsirabe,-19.867,47.033,1507.0
2016-09-11,23.6,7.4,15.4,0.0,15.1,39.2,26.08,Antsirabe,-19.867,47.033,1507.0
2016-09-12,23.8,9.8,15.6,0.0,14.0,37.4,24.71,Antsirabe,-19.867,47.033,1507.0
2016-09-13,24.2,9.7,16.1,0.0,14.5,34.9,25.86,Antsirabe,-19.867,47.033,1507.0
2016-09-14,24.0,9.4,16.1,0.0,12.1,33.1,25.67,Antsirabe,-19.867,47.033,1507.0
2016-09-15,25.2,7.6,16.7,0.0,12.1,30.2,26.37,Antsirabe,-19.867,47.033,1507.0
2016-09-16,25.8,8.8,17.4,0.0,11.0,31.3,26.33,Antsirabe,-19.867,47.033,1507.0
2016-09-17,22.3,11.4,15.8,0.0,15.1,39.2,24.65,Antsirabe,-19.867,47.033,1507.0
2016-09-18,20.6,8.5,13.4,0.0,17.8,43.9,25.48,Antsirabe,-19.867,47.033,1507.0
2016-09-19,20.8,5.4,13.0,0.0,17.6,44.3,26.05,Antsirabe,-19.867,47.033,1507.0
2016-09-20,24.2,6.9,15.5,0.0,8.7,25.2,26.82,Antsirabe,-19.867,47.033,1507.0
2016-09-21,25.3,9.0,17.6,0.0,6.8,22.7,26.05,Antsirabe,-19.867,47.033,1507.0
2016-09-22,25.7,11.2,18.4,0.0,7.6,21.6,24.9,Antsirabe,-19.867,47.033,1507.0
2016-09-23,25.0,11.5,18.1,0.0,10.9,31.3,25.59,Antsirabe,-19.867,47.033,1507.0
2016-09-24,25.2,9.7,17.6,0.0,13.3,34.6,26.73,Antsirabe,-19.867,47.033,1507.0
2016-09-25,25.9,11.5,18.4,0.0,15.5,36.4,27.5,Antsirabe,-19.867,47.033,1507.0
2016-09-26,25.4,9.5,17.6,0.0,17.5,40.3,27.04,Antsirabe,-19.867,47.033,1507.0
2016-09-27,24.2,11.0,17.0,0.0,16.3,41.0,25.09,Antsirabe,-19.867,47.033,1507.0
2016-09-28,24.7,8.6,16.8,0.0,12.3,34.6,27.97,Antsirabe,-19.867,47.033,1507.0
2016-09-29,25.8,8.9,17.8,0.0,14.0,37.1,26.96,Antsirabe,-19.867,47.033,1507.0
2016-09-30,24.8,11.5,18.0,0.0,10.5,31.0,23.59,Antsirabe,-19.867,47.033,1507.0
2016-10-01,24.7,10.4,17.2,6.1,11.6,30.6,23.12,Antsirabe,-19.867,47.033,1507.0
2016-10-02,23.6,13.3,17.6,1.4,15.3,33.1,19.73,Antsirabe,-19.867,47.033,1507.0
2016-10-03,22.6,13.2,17.7,0.1,18.4,41.4,21.15,Antsirabe,-19.867,47.033,1507.0
2016-10-04,21.8,11.9,16.8,0.7,20.7,49.3,22.95,Antsirabe,-19.867,47.033,1507.0
2016-10-05,21.0,9.3,15.0,0.0,19.6,50.0,21.86,Antsirabe,-19.867,47.033,1507.0
2016-10-06,21.0,7.1,14.2,0.0,21.9,54.4,29.17,Antsirabe,-19.867,47.033,1507.0
2016-10-07,26.1,6.6,16.9,0.0,10.9,28.8,29.5,Antsirabe,-19.867,47.033,1507.0
2016-10-08,27.4,9.2,18.5,0.0,8.8,24.8,27.56,Antsirabe,-19.867,47.033,1507.0
2016-10-09,27.3,12.6,20.1,0.0,10.2,30.6,26.05,Antsirabe,-19.867,47.033,1507.0
2016-10-10,27.7,13.4,20.4,0.0,15.9,33.1,22.44,Antsirabe,-19.867,47.033,1507.0
2016-10-11,27.3,12.1,19.7,0.0,11.8,33.1,28.71,Antsirabe,-19.867,47.033,1507.0
2016-10-12,28.4,10.1,19.4,0.0,7.7,25.9,29.06,Antsirabe,-19.867,47.033,1507.0
2016-10-13,28.4,11.0,20.0,0.0,10.1,30.6,28.96,Antsirabe,-19.867,47.033,1507.0
2016-10-14,26.8,13.3,19.2,4.8,13.7,29.2,22.77,Antsirabe,-19.867,47.033,1507.0
2016-10-15,25.0,12.6,17.8,17.5,13.7,32.0,21.22,Antsirabe,-19.867,47.033,1507.0
2016-10-16,24.4,11.7,18.1,1.2,7.0,24.5,22.09,Antsirabe,-19.867,47.033,1507.0
2016-10-17,26.5,14.3,20.5,0.2,7.3,23.4,26.52,Antsirabe,-19.867,47.033,1507.0
2016-10-18,27.4,14.7,20.3,0.0,13.5,35.3,27.87,Antsirabe,-19.867,47.033,1507.0
2016-10-19,25.6,12.8,19.1,0.0,15.0,38.9,28.13,Antsirabe,-19.867,47.033,1507.0
2016-10-20,27.1,11.5,19.5,0.0,9.0,27.4,28.72,Antsirabe,-19.867,47.033,1507.0
2016-10-21,26.6,11.3,19.4,0.0,6.6,24.8,24.81,Antsirabe,-19.867,47.033,1507.0
2016-10-22,25.8,12.5,18.9,0.7,9.7,28.4,26.47,Antsirabe,-19.867,47.033,1507.0
2016-10-23,26.1,11.4,19.1,0.0,8.8,25.2,26.56,Antsirabe,-19.867,47.033,1507.0
2016-10-24,26.0,11.3,19.0,0.0,10.1,28.1,25.94,Antsirabe,-19.867,47.033,1507.0
2016-10-25,25.4,13.0,19.3,0.1,9.8,29.2,24.9,Antsirabe,-19.867,47.033,1507.0
2016-10-26,25.3,13.4,19.3,1.1,15.1,37.4,22.7,Antsirabe,-19.867,47.033,1507.0
2016-10-27,23.6,13.7,18.4,16.7,13.9,27.7,20.07,Antsirabe,-19.867,47.033,1507.0
2016-10-28,24.9,14.5,19.5,0.2,19.1,46.4,25.03,Antsirabe,-19.867,47.033,1507.0
2016-10-29,25.9,14.2,20.1,0.0,16.9,40.7,29.4,Antsirabe,-19.867,47.033,1507.0
2016-10-30,27.1,12.9,20.7,0.0,14.8,35.3,29.27,Antsirabe,-19.867,47.033,1507.0
2016-10-31,26.1,16.2,21.3,1.8,7.4,23.8,21.87,Antsirabe,-19.867,47.033,1507.0
2016-11-01,27.9,15.3,21.4,0.0,11.7,32.0,26.75,Antsirabe,-19.867,47.033,1507.0
2016-11-02,26.5,13.5,18.7,13.0,11.5,27.7,23.76,Antsirabe,-19.867,47.033,1507.0
2016-11-03,24.4,14.0,17.6,21.2,8.3,24.8,21.82,Antsirabe,-19.867,47.033,1507.0
2016-11-04,23.0,14.2,17.6,2.1,14.8,37.4,23.23,Antsirabe,-19.867,47.033,1507.0
2016-11-05,22.5,12.2,16.9,3.2,22.0,50.4,23.53,Antsirabe,-19.867,47.033,1507.0
2016-11-06,23.1,12.7,18.0,3.1,16.2,39.6,23.97,Antsirabe,-19.867,47.033,1507.0
2016-11-07,26.3,12.9,19.4,0.0,9.2,27.4,28.64,Antsirabe,-19.867,47.033,1507.0
2016-11-08,27.3,11.4,19.8,0.0,8.4,24.1,31.0,Antsirabe,-19.867,47.033,1507.0
2016-11-09,27.4,15.5,20.9,0.0,11.6,29.2,30.21,Antsirabe,-19.867,47.033,1507.0
2016-11-10,27.1,14.0,20.3,1.5,14.6,32.8,25.81,Antsirabe,-19.867,47.033,1507.0
2016-11-11,25.3,14.6,19.5,4.6,9.4,27.4,21.39,Antsirabe,-19.867,47.033,1507.0
2016-11-12,26.9,15.0,20.6,0.6,8.1,27.4,26.08,Antsirabe,-19.867,47.033,1507.0
2016-11-13,27.7,14.1,20.3,0.6,11.5,27.4,29.15,Antsirabe,-19.867,47.033,1507.0
2016-11-14,28.3,15.0,21.1,0.0,10.0,29.2,30.24,Antsirabe,-19.867,47.033,1507.0
2016-11-15,28.2,14.6,20.8,3.4,11.9,31.7,28.92,Antsirabe,-19.867,47.033,1507.0
2016-11-16,25.6,15.5,19.5,7.6,9.6,28.4,20.82,Antsirabe,-19.867,47.033,1507.0
2016-11-17,24.6,15.7,18.8,24.7,11.2,29.5,19.39,Antsirabe,-19.867,47.033,1507.0
2016-11-18,24.0,13.7,18.4,11.8,12.3,36.4,20.72,Antsirabe,-19.867,47.033,1507.0
2016-11-19,25.0,15.0,19.3,7.3,12.2,34.2,24.17,Antsirabe,-19.867,47.033,1507.0
2016-11-20,24.7,14.5,19.3,11.6,9.4,27.0,22.17,Antsirabe,-19.867,47.033,1507.0
2016-11-21,24.7,14.5,19.1,13.5,8.2,24.5,22.98,Antsirabe,-19.867,47.033,1507.0
2016-11-22,25.5,14.6,20.2,1.1,8.2,23.8,23.5,Antsirabe,-19.867,47.033,1507.0
2016-11-23,25.9,15.2,19.7,6.8,7.9,28.8,22.91,Antsirabe,-19.867,47.033,1507.0
2016-11-24,24.5,14.4,18.3,12.0,10.5,26.3,24.53,Antsirabe,-19.867,47.033,1507.0
2016-11-25,23.4,13.8,17.9,20.0,11.5,33.1,23.77,Antsirabe,-19.867,47.033,1507.0
2016-11-26,24.1,12.5,18.2,9.4,10.7,30.2,23.98,Antsirabe,-19.867,47.033,1507.0
2016-11-27,24.1,15.8,19.1,5.5,12.3,32.8,23.05,Antsirabe,-19.867,47.033,1507.0
2016-11-28,23.3,13.6,18.3,79.7,11.5,28.4,22.23,Antsirabe,-19.867,47.033,1507.0
2016-11-29,22.6,14.8,17.6,24.3,11.5,36.0,18.28,Antsirabe,-19.867,47.033,1507.0
2016-11-30,22.6,14.0,18.2,4.6,13.8,36.7,21.85,Antsirabe,-19.867,47.033,1507.0
2016-12-01,23.8,15.4,18.5,11.3,18.7,38.5,23.2,Antsirabe,-19.867,47.033,1507.0
2016-12-02,23.4,12.7,17.4,6.7,17.9,42.8,23.76,Antsirabe,-19.867,47.033,1507.0
2016-12-03,22.2,14.3,17.9,1.2,17.7,42.1,25.66,Antsirabe,-19.867,47.033,1507.0
2016-12-04,23.5,14.5,18.9,0.9,11.9,25.6,22.91,Antsirabe,-19.867,47.033,1507.0
2016-12-05,24.9,15.4,20.0,0.3,10.0,25.2,23.54,Antsirabe,-19.867,47.033,1507.0
2016-12-06,25.0,14.9,19.8,0.6,10.5,24.1,25.74,Antsirabe,-19.867,47.033,1507.0
2016-12-07,24.0,15.8,19.2,3.6,11.4,32.4,23.44,Antsirabe,-19.867,47.033,1507.0
2016-12-08,24.3,14.1,18.8,0.0,11.5,28.1,28.68,Antsirabe,-19.867,47.033,1507.0
2016-12-09,26.0,12.5,19.3,0.0,9.0,24.8,30.43,Antsirabe,-19.867,47.033,1507.0
2016-12-10,26.1,13.9,20.1,0.0,6.3,21.2,27.86,Antsirabe,-19.867,47.033,1507.0
2016-12-11,26.2,13.7,20.4,0.3,9.8,27.4,28.11,Antsirabe,-19.867,47.033,1507.0
2016-12-12,27.1,16.1,21.5,0.2,9.4,25.9,27.71,Antsirabe,-19.867,47.033,1507.0
2016-12-13,25.8,16.5,20.9,0.2,6.2,19.4,23.18,Antsirabe,-19.867,47.033,1507.0
2016-12-14,25.3,16.7,20.9,0.3,10.5,28.4,23.68,Antsirabe,-19.867,47.033,1507.0
2016-12-15,27.2,13.8,20.7,0.0,7.5,23.8,27.55,Antsirabe,-19.867,47.033,1507.0
2016-12-16,24.2,16.4,19.4,24.6,9.2,29.2,21.39,Antsirabe,-19.867,47.033,1507.0
2016-12-17,23.4,15.4,18.7,40.1,11.6,32.8,19.61,Antsirabe,-19.867,47.033,1507.0
2016-12-18,22.9,16.1,18.9,47.4,9.7,25.6,17.68,Antsirabe,-19.867,47.033,1507.0
2016-12-19,22.3,16.6,19.1,7.2,11.3,29.5,15.8,Antsirabe,-19.867,47.033,1507.0
2016-12-20,24.9,15.5,20.4,0.3,11.0,29.9,26.36,Antsirabe,-19.867,47.033,1507.0
2016-12-21,24.7,17.1,19.9,16.5,7.2,19.4,19.77,Antsirabe,-19.867,47.033,1507.0
2016-12-22,24.0,15.4,19.4,11.9,9.4,23.4,21.03,Antsirabe,-19.867,47.033,1507.0
2016-12-23,26.6,15.0,20.5,0.4,9.7,24.8,29.02,Antsirabe,-19.867,47.033,1507.0
2016-12-24,26.4,15.1,20.6,1.3,10.5,26.3,29.64,Antsirabe,-19.867,47.033,1507.0
2016-12-25,25.3,15.3,20.8,0.6,12.4,27.0,24.46,Antsirabe,-19.867,47.033,1507.0
2016-12-26,26.1,15.1,20.2,0.0,14.5,37.4,28.56,Antsirabe,-19.867,47.033,1507.0
2016-12-27,25.8,15.2,20.1,0.0,11.5,31.0,26.59,Antsirabe,-19.867,47.033,1507.0
2016-12-28,26.0,13.8,19.8,0.0,11.6,27.4,29.65,Antsirabe,-19.867,47.033,1507.0
2016-12-29,26.4,12.7,20.0,0.0,8.3,22.0,28.48,Antsirabe,-19.867,47.033,1507.0
2016-12-30,26.8,14.0,20.5,1.0,11.0,26.6,27.53,Antsirabe,-19.867,47.033,1507.0
2016-12-31,25.3,14.9,20.1,7.9,11.4,30.2,25.42,Antsirabe,-19.867,47.033,1507.0
2017-01-01,24.7,15.6,19.1,14.0,10.9,30.6,23.53,Antsirabe,-19.867,47.033,1507.0
2017-01-02,24.4,14.3,18.1,18.7,15.0,33.8,16.89,Antsirabe,-19.867,47.033,1507.0
2017-01-03,25.8,14.4,18.9,6.6,17.1,38.2,23.94,Antsirabe,-19.867,47.033,1507.0
2017-01-04,22.7,16.3,18.2,14.9,14.0,33.8,15.55,Antsirabe,-19.867,47.033,1507.0
2017-01-05,23.4,14.0,18.3,2.9,18.5,40.3,18.18,Antsirabe,-19.867,47.033,1507.0
2017-01-06,24.3,14.6,18.3,5.6,19.8,42.5,22.02,Antsirabe,-19.867,47.033,1507.0
2017-01-07,24.3,14.8,18.7,1.3,15.3,34.6,24.22,Antsirabe,-19.867,47.033,1507.0
2017-01-08,23.9,15.1,18.7,6.4,14.1,30.6,24.68,Antsirabe,-19.867,47.033,1507.0
2017-01-09,24.1,14.8,18.9,9.9,13.2,28.4,23.01,Antsirabe,-19.867,47.033,1507.0
2017-01-10,26.3,15.0,19.4,0.2,15.7,34.6,29.62,Antsirabe,-19.867,47.033,1507.0
2017-01-11,25.3,13.7,19.0,0.0,17.3,40.3,29.66,Antsirabe,-19.867,47.033,1507.0
2017-01-12,23.9,13.1,18.6,2.7,17.9,40.0,22.07,Antsirabe,-19.867,47.033,1507.0
2017-01-13,25.3,15.5,19.8,0.1,13.5,29.5,22.9,Antsirabe,-19.867,47.033,1507.0
2017-01-14,25.6,15.0,19.6,0.8,12.5,29.9,27.36,Antsirabe,-19.867,47.033,1507.0
2017-01-15,25.0,15.7,19.5,0.7,20.1,44.3,28.36,Antsirabe,-19.867,47.033,1507.0
2017-01-16,24.4,13.8,18.8,0.7,19.8,43.6,26.13,Antsirabe,-19.867,47.033,1507.0
2017-01-17,25.0,15.5,19.5,4.8,21.4,45.4,24.74,Antsirabe,-19.867,47.033,1507.0
2017-01-18,25.5,14.8,19.3,0.8,16.3,37.4,25.23,Antsirabe,-19.867,47.033,1507.0
2017-01-19,25.7,14.9,19.6,0.0,17.4,39.6,26.01,Antsirabe,-19.867,47.033,1507.0
2017-01-20,25.9,13.2,19.0,0.4,22.0,43.6,28.89,Antsirabe,-19.867,47.033,1507.0
2017-01-21,27.1,13.3,19.3,2.3,16.3,36.4,26.03,Antsirabe,-19.867,47.033,1507.0
2017-01-22,26.9,14.7,19.9,0.0,16.7,38.5,30.45,Antsirabe,-19.867,47.033,1507.0
2017-01-23,25.6,13.0,19.4,0.3,13.4,32.8,26.68,Antsirabe,-19.867,47.033,1507.0
2017-01-24,25.9,12.7,19.4,0.2,15.7,32.4,24.56,Antsirabe,-19.867,47.033,1507.0
2017-01-25,27.2,13.8,19.7,0.0,14.1,28.1,26.59,Antsirabe,-19.867,47.033,1507.0
2017-01-26,25.6,14.6,19.3,1.8,14.5,34.9,24.45,Antsirabe,-19.867,47.033,1507.0
2017-01-27,25.2,15.0,19.3,9.3,14.0,33.1,24.0,Antsirabe,-19.867,47.033,1507.0
2017-01-28,25.9,14.3,19.2,14.5,9.7,27.4,23.0,Antsirabe,-19.867,47.033,1507.0
2017-01-29,26.4,14.1,19.5,6.2,11.0,32.4,24.4,Antsirabe,-19.867,47.033,1507.0
2017-01-30,27.3,15.4,20.4,0.6,14.2,28.4,27.91,Antsirabe,-19.867,47.033,1507.0
2017-01-31,28.8,13.9,20.2,1.5,15.5,34.6,28.58,Antsirabe,-19.867,47.033,1507.0
2017-02-01,25.4,16.6,19.8,16.5,11.2,30.2,23.14,Antsirabe,-19.867,47.033,1507.0
2017-02-02,26.5,17.1,20.1,9.4,11.0,24.1,23.31,Antsirabe,-19.867,47.033,1507.0
2017-02-03,25.8,16.3,20.2,3.4,12.7,29.5,23.19,Antsirabe,-19.867,47.033,1507.0
2017-02-04,27.3,16.3,20.5,2.6,12.7,31.7,26.53,Antsirabe,-19.867,47.033,1507.0
2017-02-05,23.4,16.8,19.1,15.5,13.8,36.4,16.67,Antsirabe,-19.867,47.033,1507.0
2017-02-06,24.6,15.6,19.2,2.2,12.2,29.5,21.32,Antsirabe,-19.867,47.033,1507.0
2017-02-07,26.2,15.6,19.9,0.0,13.7,29.9,30.47,Antsirabe,-19.867,47.033,1507.0
2017-02-08,24.7,14.1,19.3,1.2,14.1,33.8,25.44,Antsirabe,-19.867,47.033,1507.0
2017-02-09,24.6,15.2,19.2,7.7,13.7,33.1,23.01,Antsirabe,-19.867,47.033,1507.0
2017-02-10,24.4,16.1,19.1,38.6,10.9,29.2,16.73,Antsirabe,-19.867,47.033,1507.0
2017-02-11,23.6,15.9,18.7,19.9,17.5,36.4,15.92,Antsirabe,-19.867,47.033,1507.0
2017-02-12,23.9,15.3,18.6,13.5,12.7,33.8,18.56,Antsirabe,-19.867,47.033,1507.0
2017-02-13,22.9,16.0,18.5,22.7,13.1,31.7,18.59,Antsirabe,-19.867,47.033,1507.0
2017-02-14,26.2,15.5,19.4,7.1,12.3,33.5,22.78,Antsirabe,-19.867,47.033,1507.0
2017-02-15,24.9,16.2,19.5,1.0,17.1,36.7,22.16,Antsirabe,-19.867,47.033,1507.0
2017-02-16,26.0,14.8,19.7,0.0,15.6,34.6,27.07,Antsirabe,-19.867,47.033,1507.0
2017-02-17,25.9,14.1,19.5,0.7,12.4,29.9,28.27,Antsirabe,-19.867,47.033,1507.0
2017-02-18,22.5,14.2,17.5,10.1,12.6,30.6,18.12,Antsirabe,-19.867,47.033,1507.0
2017-02-19,23.0,13.5,17.4,0.8,21.1,46.4,23.32,Antsirabe,-19.867,47.033,1507.0
2017-02-20,22.9,12.8,17.7,1.2,18.6,40.0,26.02,Antsirabe,-19.867,47.033,1507.0
2017-02-21,22.9,12.4,16.9,11.5,10.2,29.2,19.3,Antsirabe,-19.867,47.033,1507.0
2017-02-22,23.3,14.3,18.2,11.5,16.3,35.6,18.03,Antsirabe,-19.867,47.033,1507.0
2017-02-23,25.7,14.8,18.8,2.6,16.1,36.7,20.81,Antsirabe,-19.867,47.033,1507.0
2017-02-24,25.1,15.3,19.7,1.0,14.0,31.7,25.01,Antsirabe,-19.867,47.033,1507.0
2017-02-25,26.2,14.7,20.0,0.1,10.5,27.0,28.16,Antsirabe,-19.867,47.033,1507.0
2017-02-26,25.8,14.3,19.6,0.9,14.8,31.0,27.4,Antsirabe,-19.867,47.033,1507.0
2017-02-27,25.0,13.6,19.3,0.5,13.9,31.7,23.58,Antsirabe,-19.867,47.033,1507.0
2017-02-28,26.4,16.0,19.9,0.0,18.2,37.1,27.71,Antsirabe,-19.867,47.033,1507.0
2017-03-01,26.6,13.0,19.5,0.6,12.9,24.5,28.94,Antsirabe,-19.867,47.033,1507.0
2017-03-02,26.7,14.5,19.3,0.0,11.9,26.6,27.84,Antsirabe,-19.867,47.033,1507.0
2017-03-03,26.2,12.3,19.2,0.0,11.2,24.5,28.08,Antsirabe,-19.867,47.033,1507.0
2017-03-04,26.5,13.9,19.6,0.0,14.8,31.3,25.6,Antsirabe,-19.867,47.033,1507.0
2017-03-05,24.9,15.2,19.5,1.0,14.8,33.8,22.51,Antsirabe,-19.867,47.033,1507.0
2017-03-06,25.9,15.9,20.2,0.7,17.7,39.6,25.18,Antsirabe,-19.867,47.033,1507.0
2017-03-07,24.5,16.3,19.5,4.8,24.3,49.7,19.1,Antsirabe,-19.867,47.033,1507.0
2017-03-08,20.6,17.0,18.1,66.4,37.9,83.2,7.32,Antsirabe,-19.867,47.033,1507.0
2017-03-09,19.6,16.9,18.0,38.1,38.5,90.0,6.97,Antsirabe,-19.867,47.033,1507.0
2017-03-10,21.4,16.2,18.1,0.1,27.2,53.6,20.27,Antsirabe,-19.867,47.033,1507.0
2017-03-11,23.8,15.3,19.1,6.2,11.4,27.0,20.93,Antsirabe,-19.867,47.033,1507.0
2017-03-12,25.2,15.6,19.7,17.2,9.3,20.9,17.79,Antsirabe,-19.867,47.033,1507.0
2017-03-13,23.0,16.7,19.6,4.5,12.9,30.6,17.85,Antsirabe,-19.867,47.033,1507.0
2017-03-14,23.8,16.1,19.3,1.7,16.3,35.3,18.46,Antsirabe,-19.867,47.033,1507.0
2017-03-15,24.9,15.6,19.1,1.3,9.4,22.0,23.86,Antsirabe,-19.867,47.033,1507.0
2017-03-16,23.9,14.6,18.4,8.9,15.3,30.6,18.61,Antsirabe,-19.867,47.033,1507.0
2017-03-17,24.0,14.7,18.7,0.7,18.4,38.5,20.71,Antsirabe,-19.867,47.033,1507.0
2017-03-18,20.7,16.5,18.0,25.4,23.5,50.0,9.2,Antsirabe,-19.867,47.033,1507.0
2017-03-19,23.9,16.2,19.0,0.2,19.9,42.5,19.93,Antsirabe,-19.867,47.033,1507.0
2017-03-20,23.7,15.3,18.7,0.3,19.9,41.8,21.06,Antsirabe,-19.867,47.033,1507.0
2017-03-21,23.3,14.8,18.0,2.0,15.0,33.1,18.29,Antsirabe,-19.867,47.033,1507.0
2017-03-22,22.5,15.0,17.9,4.3,14.8,31.7,18.14,Antsirabe,-19.867,47.033,1507.0
2017-03-23,22.9,14.1,17.6,1.1,15.6,33.8,20.69,Antsirabe,-19.867,47.033,1507.0
2017-03-24,23.7,12.3,18.2,0.1,8.7,22.3,21.71,Antsirabe,-19.867,47.033,1507.0
2017-03-25,23.9,14.8,18.2,2.1,12.6,29.5,21.05,Antsirabe,-19.867,47.033,1507.0
2017-03-26,23.8,13.1,17.5,11.8,13.5,32.4,20.46,Antsirabe,-19.867,47.033,1507.0
2017-03-27,23.7,13.9,18.1,11.7,12.7,34.2,20.46,Antsirabe,-19.867,47.033,1507.0
2017-03-28,23.4,15.8,18.9,0.8,9.5,20.2,15.74,Antsirabe,-19.867,47.033,1507.0
2017-03-29,23.1,14.6,18.1,2.6,13.2,31.3,14.22,Antsirabe,-19.867,47.033,1507.0
2017-03-30,23.7,15.4,18.2,2.9,15.9,32.0,15.71,Antsirabe,-19.867,47.033,1507.0
2017-03-31,23.0,14.2,18.1,5.8,13.8,34.9,17.44,Antsirabe,-19.867,47.033,1507.0
2017-04-01,21.4,15.6,18.0,31.1,13.2,29.2,12.69,Antsirabe,-19.867,47.033,1507.0
2017-04-02,23.9,15.1,18.8,2.5,17.3,38.5,18.02,Antsirabe,-19.867,47.033,1507.0
2017-04-03,24.7,13.6,18.3,0.0,16.3,37.1,24.7,Antsirabe,-19.867,47.033,1507.0
2017-04-04,24.5,14.4,18.8,0.0,20.1,42.5,17.38,Antsirabe,-19.867,47.033,1507.0
2017-04-05,23.4,14.9,18.6,2.0,17.6,38.5,14.55,Antsirabe,-19.867,47.033,1507.0
2017-04-06,22.7,12.5,17.4,0.0,13.5,30.6,16.24,Antsirabe,-19.867,47.033,1507.0
2017-04-07,23.5,13.9,17.8,0.3,17.7,38.5,19.65,Antsirabe,-19.867,47.033,1507.0
2017-04-08,22.8,15.2,18.1,0.1,15.9,35.6,19.22,Antsirabe,-19.867,47.033,1507.0
2017-04-09,23.1,13.5,17.4,0.0,12.8,29.9,22.77,Antsirabe,-19.867,47.033,1507.0
2017-04-10,22.7,13.5,17.3,0.3,17.6,38.5,18.44,Antsirabe,-19.867,47.033,1507.0
2017-04-11,22.7,14.3,17.3,2.7,14.4,32.8,18.67,Antsirabe,-19.867,47.033,1507.0
2017-04-12,22.6,13.0,17.1,0.5,19.3,40.7,18.26,Antsirabe,-19.867,47.033,1507.0
2017-04-13,22.7,14.8,17.8,2.4,17.9,37.4,13.83,Antsirabe,-19.867,47.033,1507.0
2017-04-14,22.7,13.8,17.7,1.8,17.2,36.7,17.83,Antsirabe,-19.867,47.033,1507.0
2017-04-15,23.2,14.5,17.6,0.6,13.7,31.7,19.49,Antsirabe,-19.867,47.033,1507.0
2017-04-16,23.8,9.8,16.7,0.0,8.2,19.4,23.18,Antsirabe,-19.867,47.033,1507.0
2017-04-17,22.8,14.3,17.7,2.6,15.3,33.5,18.51,Antsirabe,-19.867,47.033,1507.0
2017-04-18,21.8,14.0,17.1,3.5,13.3,28.1,13.2,Antsirabe,-19.867,47.033,1507.0
2017-04-19,21.8,15.0,17.4,5.0,14.5,33.5,14.38,Antsirabe,-19.867,47.033,1507.0
2017-04-20,22.3,14.3,17.6,0.3,16.2,35.3,17.37,Antsirabe,-19.867,47.033,1507.0
2017-04-21,22.9,13.3,17.2,0.7,19.2,40.7,17.99,Antsirabe,-19.867,47.033,1507.0
2017-04-22,19.9,11.4,15.4,0.0,19.1,41.4,20.57,Antsirabe,-19.867,47.033,1507.0
2017-04-23,22.8,7.9,14.8,0.0,13.3,31.0,21.82,Antsirabe,-19.867,47.033,1507.0
2017-04-24,22.4,11.5,15.8,0.0,18.5,39.6,17.78,Antsirabe,-19.867,47.033,1507.0
2017-04-25,21.0,13.5,16.9,0.5,14.1,32.4,19.15,Antsirabe,-19.867,47.033,1507.0
2017-04-26,21.6,12.9,16.4,10.4,15.3,31.7,13.49,Antsirabe,-19.867,47.033,1507.0
2017-04-27,20.9,13.2,15.7,5.3,11.3,31.3,16.61,Antsirabe,-19.867,47.033,1507.0
2017-04-28,19.9,11.8,15.3,2.2,18.9,39.6,16.46,Antsirabe,-19.867,47.033,1507.0
2017-04-29,18.8,12.4,15.4,0.5,22.3,45.4,12.8,Antsirabe,-19.867,47.033,1507.0
2017-04-30,19.4,11.5,14.7,0.0,19.1,38.5,13.11,Antsirabe,-19.867,47.033,1507.0
2017-05-01,20.2,12.0,14.9,0.0,16.4,34.9,16.03,Antsirabe,-19.867,47.033,1507.0
2017-05-02,21.1,11.0,14.6,0.1,16.2,34.9,17.52,Antsirabe,-19.867,47.033,1507.0
2017-05-03,21.3,10.3,15.2,0.1,15.7,34.9,17.32,Antsirabe,-19.867,47.033,1507.0
2017-05-04,22.7,13.6,17.2,0.3,14.4,32.0,17.89,Antsirabe,-19.867,47.033,1507.0
2017-05-05,21.8,14.0,16.9,0.0,14.7,32.4,15.79,Antsirabe,-19.867,47.033,1507.0
2017-05-06,21.5,12.2,16.1,0.2,10.1,22.7,18.32,Antsirabe,-19.867,47.033,1507.0
2017-05-07,22.5,11.5,15.8,0.0,11.8,25.2,20.07,Antsirabe,-19.867,47.033,1507.0
2017-05-08,22.0,10.8,15.4,0.0,13.5,25.9,20.82,Antsirabe,-19.867,47.033,1507.0
2017-05-09,21.2,12.1,16.4,0.0,14.9,34.2,14.0,Antsirabe,-19.867,47.033,1507.0
2017-05-10,22.0,12.5,16.6,0.4,13.6,29.9,15.84,Antsirabe,-19.867,47.033,1507.0
2017-05-11,22.0,12.5,16.4,0.0,11.8,27.7,19.58,Antsirabe,-19.867,47.033,1507.0
2017-05-12,22.0,10.6,16.0,0.5,12.3,32.0,16.51,Antsirabe,-19.867,47.033,1507.0
2017-05-13,22.3,13.6,16.9,0.0,13.1,26.3,13.62,Antsirabe,-19.867,47.033,1507.0
2017-05-14,22.9,12.3,16.6,0.1,12.8,29.9,18.36,Antsirabe,-19.867,47.033,1507.0
2017-05-15,22.2,12.9,16.2,0.0,13.0,27.4,18.0,Antsirabe,-19.867,47.033,1507.0
2017-05-16,21.0,12.6,16.4,0.1,15.8,34.2,10.79,Antsirabe,-19.867,47.033,1507.0
2017-05-17,22.4,12.8,16.4,0.0,15.1,35.3,17.09,Antsirabe,-19.867,47.033,1507.0
2017-05-18,22.1,12.1,15.9,0.1,14.2,31.7,15.9,Antsirabe,-19.867,47.033,1507.0
2017-05-19,21.9,12.0,16.0,0.0,14.1,31.3,17.94,Antsirabe,-19.867,47.033,1507.0
2017-05-20,22.3,12.1,16.8,0.3,13.1,30.2,15.46,Antsirabe,-19.867,47.033,1507.0
2017-05-21,21.3,12.8,16.2,0.0,13.0,28.4,16.5,Antsirabe,-19.867,47.033,1507.0
2017-05-22,21.5,11.6,15.5,0.0,12.8,25.6,18.37,Antsirabe,-19.867,47.033,1507.0
2017-05-23,20.8,11.7,15.3,0.0,12.8,25.9,18.77,Antsirabe,-19.867,47.033,1507.0
2017-05-24,21.6,10.6,14.8,0.0,13.5,32.4,15.71,Antsirabe,-19.867,47.033,1507.0
2017-05-25,21.7,9.6,15.0,0.0,13.4,27.4,17.73,Antsirabe,-19.867,47.033,1507.0
2017-05-26,21.1,7.9,13.8,0.0,13.3,31.0,19.47,Antsirabe,-19.867,47.033,1507.0
2017-05-27,22.0,8.0,14.3,0.0,10.4,26.3,18.58,Antsirabe,-19.867,47.033,1507.0
2017-05-28,19.9,7.2,13.6,0.0,14.2,30.6,10.67,Antsirabe,-19.867,47.033,1507.0
2017-05-29,22.4,9.0,14.7,0.0,11.9,27.0,18.21,Antsirabe,-19.867,47.033,1507.0
2017-05-30,22.9,9.5,15.5,0.0,15.1,30.6,16.62,Antsirabe,-19.867,47.033,1507.0
2017-05-31,22.9,12.7,16.6,0.2,13.1,29.9,14.36,Antsirabe,-19.867,47.033,1507.0
2017-06-01,22.9,10.9,15.9,0.0,11.2,23.4,16.92,Antsirabe,-19.867,47.033,1507.0
2017-06-02,22.2,8.8,15.7,0.1,10.5,21.6,16.12,Antsirabe,-19.867,47.033,1507.0
2017-06-03,19.6,12.5,15.5,0.3,11.8,27.7,8.98,Antsirabe,-19.867,47.033,1507.0
2017-06-04,21.0,12.0,15.5,0.0,15.3,33.1,16.2,Antsirabe,-19.867,47.033,1507.0
2017-06-05,20.8,11.7,14.9,0.0,11.2,27.4,16.2,Antsirabe,-19.867,47.033,1507.0
2017-06-06,20.4,6.8,13.0,0.0,14.0,28.1,18.14,Antsirabe,-19.867,47.033,1507.0
2017-06-07,18.3,6.2,12.2,0.1,23.1,49.0,12.53,Antsirabe,-19.867,47.033,1507.0
2017-06-08,20.4,11.6,15.3,0.7,20.3,43.9,11.96,Antsirabe,-19.867,47.033,1507.0
2017-06-09,21.1,14.8,16.7,8.2,19.4,41.0,9.74,Antsirabe,-19.867,47.033,1507.0
2017-06-10,18.8,14.5,16.0,7.6,23.2,47.9,5.68,Antsirabe,-19.867,47.033,1507.0
2017-06-11,18.4,12.1,14.7,0.1,21.6,46.1,17.23,Antsirabe,-19.867,47.033,1507.0
2017-06-12,18.8,10.3,13.5,0.2,20.1,41.8,9.49,Antsirabe,-19.867,47.033,1507.0
2017-06-13,20.1,8.9,13.5,0.0,14.3,29.5,17.5,Antsirabe,-19.867,47.033,1507.0
2017-06-14,20.5,9.4,14.0,0.0,13.3,25.6,18.07,Antsirabe,-19.867,47.033,1507.0
2017-06-15,20.5,8.0,13.6,0.0,10.0,20.5,17.37,Antsirabe,-19.867,47.033,1507.0
2017-06-16,20.8,6.4,12.9,0.0,9.4,21.6,16.79,Antsirabe,-19.867,47.033,1507.0
2017-06-17,20.5,6.2,13.2,0.0,11.7,23.0,15.96,Antsirabe,-19.867,47.033,1507.0
2017-06-18,19.6,10.4,14.0,0.1,11.8,24.5,15.04,Antsirabe,-19.867,47.033,1507.0
2017-06-19,18.7,11.2,13.8,2.8,15.5,34.9,12.13,Antsirabe,-19.867,47.033,1507.0
2017-06-20,18.7,11.2,14.2,0.2,13.8,26.3,12.85,Antsirabe,-19.867,47.033,1507.0
2017-06-21,19.9,8.9,13.9,0.0,12.0,23.8,16.42,Antsirabe,-19.867,47.033,1507.0
2017-06-22,19.7,9.9,14.5,0.1,14.2,32.8,13.69,Antsirabe,-19.867,47.033,1507.0
2017-06-23,20.2,12.7,15.4,0.1,15.8,34.2,12.33,Antsirabe,-19.867,47.033,1507.0
2017-06-24,21.1,10.3,14.7,0.3,13.6,31.0,14.23,Antsirabe,-19.867,47.033,1507.0
2017-06-25,20.0,9.0,13.5,0.0,11.1,25.9,14.46,Antsirabe,-19.867,47.033,1507.0
2017-06-26,19.8,11.5,14.4,0.0,14.5,29.5,15.11,Antsirabe,-19.867,47.033,1507.0
2017-06-27,15.5,9.7,12.3,0.1,18.2,39.6,10.62,Antsirabe,-19.867,47.033,1507.0
2017-06-28,17.5,6.0,11.5,0.0,17.1,38.2,13.53,Antsirabe,-19.867,47.033,1507.0
2017-06-29,18.6,7.3,11.7,0.0,12.0,24.5,17.88,Antsirabe,-19.867,47.033,1507.0
2017-06-30,18.5,6.3,11.5,0.0,12.8,25.9,17.82,Antsirabe,-19.867,47.033,1507.0
2017-07-01,18.1,8.6,12.5,0.0,15.7,36.0,17.45,Antsirabe,-19.867,47.033,1507.0
2017-07-02,16.1,8.5,12.2,0.8,16.3,36.4,9.42,Antsirabe,-19.867,47.033,1507.0
2017-07-03,18.6,8.4,12.7,0.1,10.6,25.9,12.4,Antsirabe,-19.867,47.033,1507.0
2017-07-04,19.9,8.8,13.3,0.0,14.6,29.9,15.57,Antsirabe,-19.867,47.033,1507.0
2017-07-05,19.2,9.5,13.3,0.9,17.3,37.8,11.39,Antsirabe,-19.867,47.033,1507.0
2017-07-06,19.9,8.5,13.5,0.0,16.4,36.4,13.49,Antsirabe,-19.867,47.033,1507.0
2017-07-07,18.2,9.2,12.8,0.0,15.3,34.9,15.88,Antsirabe,-19.867,47.033,1507.0
2017-07-08,16.8,7.4,11.3,0.0,18.0,40.3,17.95,Antsirabe,-19.867,47.033,1507.0
2017-07-09,17.6,8.1,11.9,0.0,16.4,37.4,14.47,Antsirabe,-19.867,47.033,1507.0
2017-07-10,18.8,7.1,11.8,0.0,12.5,27.7,17.65,Antsirabe,-19.867,47.033,1507.0
2017-07-11,19.3,5.3,11.3,0.0,9.6,17.3,18.31,Antsirabe,-19.867,47.033,1507.0
2017-07-12,18.7,6.3,11.1,0.0,11.7,25.9,18.35,Antsirabe,-19.867,47.033,1507.0
2017-07-13,19.6,6.2,12.0,0.0,14.8,31.7,15.8,Antsirabe,-19.867,47.033,1507.0
2017-07-14,20.0,7.7,12.7,0.0,13.6,31.3,18.72,Antsirabe,-19.867,47.033,1507.0
2017-07-15,20.5,4.5,12.2,0.0,13.8,29.5,19.13,Antsirabe,-19.867,47.033,1507.0
2017-07-16,22.3,7.1,13.5,0.0,14.6,28.1,19.09,Antsirabe,-19.867,47.033,1507.0
2017-07-17,22.4,7.8,14.1,0.0,12.1,27.0,19.29,Antsirabe,-19.867,47.033,1507.0
2017-07-18,19.8,6.4,12.3,0.0,16.4,34.6,19.2,Antsirabe,-19.867,47.033,1507.0
2017-07-19,20.6,5.0,12.0,0.0,12.5,29.2,18.34,Antsirabe,-19.867,47.033,1507.0
2017-07-20,19.5,5.6,11.9,0.0,14.4,29.9,19.27,Antsirabe,-19.867,47.033,1507.0
2017-07-21,20.0,5.8,12.5,0.0,11.0,21.6,19.34,Antsirabe,-19.867,47.033,1507.0
2017-07-22,21.6,8.4,14.2,0.0,17.8,34.2,19.29,Antsirabe,-19.867,47.033,1507.0
2017-07-23,19.5,9.7,14.3,0.0,15.0,28.4,12.12,Antsirabe,-19.867,47.033,1507.0
2017-07-24,20.0,12.0,15.0,0.6,12.7,27.4,10.42,Antsirabe,-19.867,47.033,1507.0
2017-07-25,19.7,8.8,14.2,0.4,13.0,27.7,13.64,Antsirabe,-19.867,47.033,1507.0
2017-07-26,19.2,11.0,14.4,0.0,14.6,32.4,14.67,Antsirabe,-19.867,47.033,1507.0
2017-07-27,20.4,9.9,14.2,0.0,16.3,34.2,15.15,Antsirabe,-19.867,47.033,1507.0
2017-07-28,19.6,9.6,14.2,0.0,16.2,36.7,13.65,Antsirabe,-19.867,47.033,1507.0
2017-07-29,17.9,11.4,13.6,10.1,18.8,41.0,13.35,Antsirabe,-19.867,47.033,1507.0
2017-07-30,18.4,11.7,14.3,4.7,19.7,42.1,10.03,Antsirabe,-19.867,47.033,1507.0
2017-07-31,21.1,8.0,14.7,0.0,13.6,30.2,17.69,Antsirabe,-19.867,47.033,1507.0
2017-08-01,16.6,8.6,12.3,0.2,18.4,41.4,14.8,Antsirabe,-19.867,47.033,1507.0
2017-08-02,18.1,6.7,11.3,0.0,14.2,32.8,20.6,Antsirabe,-19.867,47.033,1507.0
2017-08-03,18.7,6.1,11.1,0.0,14.0,28.4,20.65,Antsirabe,-19.867,47.033,1507.0
2017-08-04,17.5,7.6,11.4,0.0,15.6,36.4,18.6,Antsirabe,-19.867,47.033,1507.0
2017-08-05,18.7,7.4,12.3,0.0,15.5,33.5,19.19,Antsirabe,-19.867,47.033,1507.0
2017-08-06,20.4,8.3,13.3,0.0,14.0,30.6,19.93,Antsirabe,-19.867,47.033,1507.0
2017-08-07,20.7,5.8,12.6,0.0,16.5,32.4,19.84,Antsirabe,-19.867,47.033,1507.0
2017-08-08,20.3,7.6,12.8,0.0,17.4,37.4,18.78,Antsirabe,-19.867,47.033,1507.0
2017-08-09,17.6,10.2,12.7,2.0,21.7,46.1,9.6,Antsirabe,-19.867,47.033,1507.0
2017-08-10,16.0,10.0,12.7,0.0,19.2,42.1,7.96,Antsirabe,-19.867,47.033,1507.0
2017-08-11,19.2,6.4,12.1,0.0,19.6,43.2,19.84,Antsirabe,-19.867,47.033,1507.0
2017-08-12,19.1,8.0,12.4,0.0,16.8,37.1,20.63,Antsirabe,-19.867,47.033,1507.0
2017-08-13,17.9,8.3,12.5,0.1,21.1,45.0,14.44,Antsirabe,-19.867,47.033,1507.0
2017-08-14,19.1,7.5,12.6,0.5,15.3,33.8,14.8,Antsirabe,-19.867,47.033,1507.0
2017-08-15,20.5,10.3,14.1,0.2,11.3,27.7,16.35,Antsirabe,-19.867,47.033,1507.0
2017-08-16,20.5,10.2,14.0,0.1,18.9,41.0,15.88,Antsirabe,-19.867,47.033,1507.0
2017-08-17,20.8,12.0,15.3,0.8,22.2,45.4,14.66,Antsirabe,-19.867,47.033,1507.0
2017-08-18,20.5,11.9,15.7,0.1,17.4,37.4,12.4,Antsirabe,-19.867,47.033,1507.0
2017-08-19,22.6,11.2,16.1,0.2,11.5,24.1,16.97,Antsirabe,-19.867,47.033,1507.0
2017-08-20,23.8,9.9,16.3,0.0,18.3,36.4,17.36,Antsirabe,-19.867,47.033,1507.0
2017-08-21,23.4,10.3,16.3,0.7,13.4,29.5,18.12,Antsirabe,-19.867,47.033,1507.0
2017-08-22,21.5,12.6,16.0,0.6,13.7,29.2,15.11,Antsirabe,-19.867,47.033,1507.0
2017-08-23,22.7,10.7,15.8,0.0,19.9,42.8,16.48,Antsirabe,-19.867,47.033,1507.0
2017-08-24,24.8,9.0,16.4,0.0,17.2,35.3,20.0,Antsirabe,-19.867,47.033,1507.0
2017-08-25,24.8,10.1,16.7,0.0,20.6,43.9,19.88,Antsirabe,-19.867,47.033,1507.0
2017-08-26,24.5,8.8,15.8,0.0,19.6,38.9,21.61,Antsirabe,-19.867,47.033,1507.0
2017-08-27,23.0,10.7,16.0,0.0,17.5,36.0,18.01,Antsirabe,-19.867,47.033,1507.0
2017-08-28,21.8,12.6,15.7,0.2,19.3,38.5,15.0,Antsirabe,-19.867,47.033,1507.0
2017-08-29,20.8,11.0,14.8,2.4,15.9,36.0,14.75,Antsirabe,-19.867,47.033,1507.0
2017-08-30,23.9,8.1,15.7,0.0,15.3,30.6,22.59,Antsirabe,-19.867,47.033,1507.0
2017-08-31,23.9,9.7,16.2,0.0,14.3,31.7,23.53,Antsirabe,-19.867,47.033,1507.0
2017-09-01,24.5,11.7,16.5,0.0,15.3,31.3,23.67,Antsirabe,-19.867,47.033,1507.0
2017-09-02,23.8,9.8,16.2,0.0,18.0,47.2,20.94,Antsirabe,-19.867,47.033,1507.0
2017-09-03,22.9,11.2,16.5,0.0,18.3,37.4,17.6,Antsirabe,-19.867,47.033,1507.0
2017-09-04,24.0,7.4,15.4,0.0,19.3,39.2,23.55,Antsirabe,-19.867,47.033,1507.0
2017-09-05,22.1,9.1,14.2,0.0,17.7,38.5,22.58,Antsirabe,-19.867,47.033,1507.0
2017-09-06,23.7,6.4,13.6,0.0,16.3,33.1,25.2,Antsirabe,-19.867,47.033,1507.0
2017-09-07,24.3,7.2,14.3,0.0,17.9,35.6,25.02,Antsirabe,-19.867,47.033,1507.0
2017-09-08,23.1,9.5,14.8,0.0,17.2,40.3,25.0,Antsirabe,-19.867,47.033,1507.0
2017-09-09,22.4,9.2,14.6,0.0,18.2,39.2,23.89,Antsirabe,-19.867,47.033,1507.0
2017-09-10,24.2,8.4,15.3,0.0,15.6,33.8,25.18,Antsirabe,-19.867,47.033,1507.0
2017-09-11,26.9,8.9,16.4,0.0,15.3,30.6,25.52,Antsirabe,-19.867,47.033,1507.0
2017-09-12,26.2,9.4,15.8,0.0,14.8,33.1,25.39,Antsirabe,-19.867,47.033,1507.0
2017-09-13,24.5,7.5,15.2,0.0,15.0,37.1,25.85,Antsirabe,-19.867,47.033,1507.0
2017-09-14,28.6,5.6,16.8,0.0,12.2,29.2,26.87,Antsirabe,-19.867,47.033,1507.0
2017-09-15,28.1,8.8,19.0,0.0,11.8,31.0,26.19,Antsirabe,-19.867,47.033,1507.0
2017-09-16,27.4,10.6,18.7,0.0,17.5,41.4,26.13,Antsirabe,-19.867,47.033,1507.0
2017-09-17,29.1,10.1,19.3,0.0,16.9,37.1,24.82,Antsirabe,-19.867,47.033,1507.0
2017-09-18,27.9,13.9,19.6,0.0,17.3,40.7,20.21,Antsirabe,-19.867,47.033,1507.0
2017-09-19,26.3,12.3,18.5,0.0,13.8,31.3,20.56,Antsirabe,-19.867,47.033,1507.0
2017-09-20,26.7,11.0,18.7,0.0,15.9,37.4,21.29,Antsirabe,-19.867,47.033,1507.0
2017-09-21,25.4,10.3,17.9,0.1,19.2,37.4,16.64,Antsirabe,-19.867,47.033,1507.0
2017-09-22,23.8,12.7,16.9,0.4,18.9,40.0,17.72,Antsirabe,-19.867,47.033,1507.0
2017-09-23,23.9,12.7,17.4,0.0,16.8,36.4,16.26,Antsirabe,-19.867,47.033,1507.0
2017-09-24,25.8,12.1,17.9,0.9,16.9,38.5,21.76,Antsirabe,-19.867,47.033,1507.0
2017-09-25,25.8,13.1,18.5,0.0,15.5,35.6,17.86,Antsirabe,-19.867,47.033,1507.0
2017-09-26,24.7,13.8,18.7,0.4,10.0,22.7,15.94,Antsirabe,-19.867,47.033,1507.0
2017-09-27,26.3,12.6,19.0,0.0,14.8,30.6,19.78,Antsirabe,-19.867,47.033,1507.0
2017-09-28,26.4,11.0,18.2,0.0,17.7,39.6,25.19,Antsirabe,-19.867,47.033,1507.0
2017-09-29,25.3,11.6,17.0,0.3,17.1,46.8,26.41,Antsirabe,-19.867,47.033,1507.0
2017-09-30,25.0,12.5,17.8,0.0,17.5,38.9,24.85,Antsirabe,-19.867,47.033,1507.0
2017-10-01,25.5,12.4,17.7,0.0,20.0,40.3,25.91,Antsirabe,-19.867,47.033,1507.0
2017-10-02,25.7,11.4,17.9,0.0,17.1,35.3,22.8,Antsirabe,-19.867,47.033,1507.0
2017-10-03,24.9,13.9,18.7,0.3,15.7,29.9,20.09,Antsirabe,-19.867,47.033,1507.0
2017-10-04,24.2,12.7,16.9,0.2,23.8,49.7,25.49,Antsirabe,-19.867,47.033,1507.0
2017-10-05,23.0,13.2,16.7,0.6,18.8,42.8,18.27,Antsirabe,-19.867,47.033,1507.0
2017-10-06,22.9,11.2,15.6,1.7,17.0,36.4,15.5,Antsirabe,-19.867,47.033,1507.0
2017-10-07,24.9,8.7,15.7,0.0,16.6,33.1,28.37,Antsirabe,-19.867,47.033,1507.0
2017-10-08,25.7,9.0,16.3,0.0,16.6,33.8,28.14,Antsirabe,-19.867,47.033,1507.0
2017-10-09,28.3,10.5,18.8,0.0,18.8,37.4,25.98,Antsirabe,-19.867,47.033,1507.0
2017-10-10,25.9,13.7,19.6,0.3,12.5,28.4,20.12,Antsirabe,-19.867,47.033,1507.0
2017-10-11,26.3,15.2,20.0,0.8,14.1,33.8,19.62,Antsirabe,-19.867,47.033,1507.0
2017-10-12,26.1,14.8,20.3,0.1,19.4,40.7,21.35,Antsirabe,-19.867,47.033,1507.0
2017-10-13,26.6,13.6,19.5,1.1,21.2,44.6,21.31,Antsirabe,-19.867,47.033,1507.0
2017-10-14,26.3,14.6,19.5,0.1,19.5,43.2,25.87,Antsirabe,-19.867,47.033,1507.0
2017-10-15,27.1,13.9,19.7,0.6,22.3,48.6,21.84,Antsirabe,-19.867,47.033,1507.0
2017-10-16,28.6,14.2,20.8,0.0,17.7,41.4,23.48,Antsirabe,-19.867,47.033,1507.0
2017-10-17,26.7,13.8,20.5,0.5,15.1,34.2,20.67,Antsirabe,-19.867,47.033,1507.0
2017-10-18,27.8,16.8,21.7,0.5,15.6,38.2,23.16,Antsirabe,-19.867,47.033,1507.0
2017-10-19,29.8,13.5,21.0,0.7,19.4,41.8,24.1,Antsirabe,-19.867,47.033,1507.0
2017-10-20,28.0,15.0,21.1,0.1,12.2,29.2,22.8,Antsirabe,-19.867,47.033,1507.0
2017-10-21,27.6,12.6,19.2,0.0,17.7,40.7,29.61,Antsirabe,-19.867,47.033,1507.0
2017-10-22,26.8,11.1,18.2,0.0,20.4,46.8,29.73,Antsirabe,-19.867,47.033,1507.0
2017-10-23,28.0,11.3,18.8,0.0,15.9,37.4,29.61,Antsirabe,-19.867,47.033,1507.0
2017-10-24,30.1,10.2,19.8,0.0,17.8,36.4,29.58,Antsirabe,-19.867,47.033,1507.0
2017-10-25,30.1,13.4,21.2,0.0,16.0,33.1,27.79,Antsirabe,-19.867,47.033,1507.0
2017-10-26,29.5,14.4,21.4,0.0,16.7,38.9,27.89,Antsirabe,-19.867,47.033,1507.0
2017-10-27,29.5,14.6,21.0,0.3,18.3,42.5,26.96,Antsirabe,-19.867,47.033,1507.0
2017-10-28,28.5,15.0,20.3,0.0,18.9,43.9,22.15,Antsirabe,-19.867,47.033,1507.0
2017-10-29,23.9,14.2,17.3,1.3,17.5,37.8,18.44,Antsirabe,-19.867,47.033,1507.0
2017-10-30,20.4,13.6,16.2,0.4,18.6,40.7,14.21,Antsirabe,-19.867,47.033,1507.0
2017-10-31,25.6,12.5,17.3,0.8,15.6,36.4,26.79,Antsirabe,-19.867,47.033,1507.0
2017-11-01,23.0,11.0,16.1,0.0,21.6,49.0,27.8,Antsirabe,-19.867,47.033,1507.0
2017-11-02,22.1,12.8,16.7,4.2,15.1,34.9,18.67,Antsirabe,-19.867,47.033,1507.0
2017-11-03,26.5,11.5,17.9,0.0,18.0,36.4,29.97,Antsirabe,-19.867,47.033,1507.0
2017-11-04,27.4,10.9,17.9,0.0,16.8,42.5,28.3,Antsirabe,-19.867,47.033,1507.0
2017-11-05,25.9,12.8,18.1,0.4,19.8,38.2,22.32,Antsirabe,-19.867,47.033,1507.0
2017-11-06,24.0,12.1,18.5,1.0,19.9,41.8,22.21,Antsirabe,-19.867,47.033,1507.0
2017-11-07,25.2,13.2,18.9,1.4,18.4,41.4,23.63,Antsirabe,-19.867,47.033,1507.0
2017-11-08,26.8,13.4,19.7,0.0,21.5,49.0,26.79,Antsirabe,-19.867,47.033,1507.0
2017-11-09,27.3,11.8,19.8,0.0,16.4,39.2,26.98,Antsirabe,-19.867,47.033,1507.0
2017-11-10,28.9,12.7,21.1,0.2,18.5,42.5,29.47,Antsirabe,-19.867,47.033,1507.0
2017-11-11,29.0,13.4,21.2,1.3,23.5,50.8,27.59,Antsirabe,-19.867,47.033,1507.0
2017-11-12,29.3,13.0,21.2,0.0,23.8,52.6,27.86,Antsirabe,-19.867,47.033,1507.0
2017-11-13,27.0,15.5,20.2,0.9,27.2,54.4,22.55,Antsirabe,-19.867,47.033,1507.0
2017-11-14,25.0,15.4,19.1,2.9,18.3,37.4,13.74,Antsirabe,-19.867,47.033,1507.0
2017-11-15,23.4,15.2,17.9,9.6,12.0,31.0,11.73,Antsirabe,-19.867,47.033,1507.0
2017-11-16,26.2,14.4,18.3,16.1,15.9,43.9,20.4,Antsirabe,-19.867,47.033,1507.0
2017-11-17,24.9,14.8,18.4,21.5,7.1,24.5,18.93,Antsirabe,-19.867,47.033,1507.0
2017-11-18,24.8,16.1,19.2,0.1,14.8,35.3,23.71,Antsirabe,-19.867,47.033,1507.0
2017-11-19,26.1,14.7,19.2,1.2,13.1,31.3,25.69,Antsirabe,-19.867,47.033,1507.0
2017-11-20,23.8,15.5,18.2,11.0,15.2,36.4,18.13,Antsirabe,-19.867,47.033,1507.0
2017-11-21,21.8,15.1,17.4,11.0,15.5,35.3,16.41,Antsirabe,-19.867,47.033,1507.0
2017-11-22,21.2,14.1,17.0,12.9,13.8,31.0,16.44,Antsirabe,-19.867,47.033,1507.0
2017-11-23,23.1,14.0,17.2,24.4,13.6,30.2,20.25,Antsirabe,-19.867,47.033,1507.0
2017-11-24,22.6,13.4,17.5,1.5,16.1,35.3,22.06,Antsirabe,-19.867,47.033,1507.0
2017-11-25,21.5,15.1,17.7,10.3,12.3,27.7,16.85,Antsirabe,-19.867,47.033,1507.0
2017-11-26,23.1,14.6,17.5,13.6,17.2,39.2,18.17,Antsirabe,-19.867,47.033,1507.0
2017-11-27,24.6,12.4,18.2,0.0,16.5,33.8,29.4,Antsirabe,-19.867,47.033,1507.0
2017-11-28,23.9,12.7,18.0,12.3,12.9,30.6,21.26,Antsirabe,-19.867,47.033,1507.0
2017-11-29,23.4,15.4,18.1,34.0,12.3,27.0,15.28,Antsirabe,-19.867,47.033,1507.0
2017-11-30,22.7,15.1,17.9,25.1,13.1,31.7,17.32,Antsirabe,-19.867,47.033,1507.0
2017-12-01,23.8,13.5,18.0,8.3,17.1,42.1,23.87,Antsirabe,-19.867,47.033,1507.0
2017-12-02,22.9,13.4,17.4,7.9,13.5,32.0,22.48,Antsirabe,-19.867,47.033,1507.0
2017-12-03,24.5,16.2,18.8,9.8,18.4,39.6,22.29,Antsirabe,-19.867,47.033,1507.0
2017-12-04,23.7,14.0,18.3,0.7,16.2,34.2,19.98,Antsirabe,-19.867,47.033,1507.0
2017-12-05,24.9,13.8,18.6,0.0,18.2,39.6,30.1,Antsirabe,-19.867,47.033,1507.0
2017-12-06,26.0,13.3,19.0,0.9,18.9,41.4,29.76,Antsirabe,-19.867,47.033,1507.0
2017-12-07,25.0,14.8,18.7,3.8,12.8,25.6,21.82,Antsirabe,-19.867,47.033,1507.0
2017-12-08,23.9,15.5,18.3,7.4,15.5,34.9,20.03,Antsirabe,-19.867,47.033,1507.0
2017-12-09,22.8,15.8,17.8,39.9,15.9,34.6,15.23,Antsirabe,-19.867,47.033,1507.0
2017-12-10,21.6,15.6,17.8,29.8,21.0,45.4,19.42,Antsirabe,-19.867,47.033,1507.0
2017-12-11,23.7,14.5,18.8,0.2,15.6,35.3,23.64,Antsirabe,-19.867,47.033,1507.0
2017-12-12,24.7,13.9,18.6,1.0,11.9,30.2,20.28,Antsirabe,-19.867,47.033,1507.0
2017-12-13,23.6,15.2,18.7,16.7,9.5,28.4,19.74,Antsirabe,-19.867,47.033,1507.0
2017-12-14,24.9,16.5,19.4,3.0,13.8,32.0,20.98,Antsirabe,-19.867,47.033,1507.0
2017-12-15,24.3,16.1,19.3,7.9,13.3,35.6,21.5,Antsirabe,-19.867,47.033,1507.0
2017-12-16,20.2,15.5,17.3,2.1,26.4,54.4,14.35,Antsirabe,-19.867,47.033,1507.0
2017-12-17,23.9,14.6,18.4,0.9,18.6,40.3,17.6,Antsirabe,-19.867,47.033,1507.0
2017-12-18,25.4,15.9,19.6,3.2,16.1,36.0,25.85,Antsirabe,-19.867,47.033,1507.0
2017-12-19,26.6,14.7,19.7,0.9,15.5,29.5,29.64,Antsirabe,-19.867,47.033,1507.0
2017-12-20,23.9,13.8,18.5,5.4,13.3,32.0,21.34,Antsirabe,-19.867,47.033,1507.0
2017-12-21,24.1,15.5,18.7,14.6,11.1,31.3,24.78,Antsirabe,-19.867,47.033,1507.0
2017-12-22,23.0,15.5,18.8,4.1,14.6,33.5,23.42,Antsirabe,-19.867,47.033,1507.0
2017-12-23,23.7,14.9,18.6,4.4,16.6,37.1,20.82,Antsirabe,-19.867,47.033,1507.0
2017-12-24,22.6,14.5,18.4,0.8,15.5,35.3,21.8,Antsirabe,-19.867,47.033,1507.0
2017-12-25,24.1,13.5,18.3,10.9,10.4,26.6,23.67,Antsirabe,-19.867,47.033,1507.0
2017-12-26,24.4,14.3,18.3,17.5,9.1,28.4,20.66,Antsirabe,-19.867,47.033,1507.0
2017-12-27,24.1,16.1,18.6,7.2,14.7,35.3,16.53,Antsirabe,-19.867,47.033,1507.0
2017-12-28,22.7,15.9,17.9,36.2,17.7,40.0,16.62,Antsirabe,-19.867,47.033,1507.0
2017-12-29,20.9,16.0,17.9,13.2,15.1,36.4,15.32,Antsirabe,-19.867,47.033,1507.0
2017-12-30,24.8,14.9,19.3,5.6,10.0,29.2,24.86,Antsirabe,-19.867,47.033,1507.0
2017-12-31,25.2,15.6,19.1,23.2,12.0,32.0,24.12,Antsirabe,-19.867,47.033,1507.0
2018-01-01,23.2,15.6,18.8,25.9,14.7,32.4,19.83,Antsirabe,-19.867,47.033,1507.0
2018-01-02,26.1,15.2,19.7,1.3,13.3,34.6,25.85,Antsirabe,-19.867,47.033,1507.0
2018-01-03,24.4,15.7,19.6,0.7,16.3,35.6,25.27,Antsirabe,-19.867,47.033,1507.0
2018-01-04,22.2,15.8,18.5,8.2,26.0,55.1,13.29,Antsirabe,-19.867,47.033,1507.0
2018-01-05,22.1,17.0,18.7,14.8,29.2,58.7,11.95,Antsirabe,-19.867,47.033,1507.0
2018-01-06,20.0,17.0,18.1,102.5,37.9,76.3,3.87,Antsirabe,-19.867,47.033,1507.0
2018-01-07,20.1,16.8,17.9,51.7,40.3,80.3,9.76,Antsirabe,-19.867,47.033,1507.0
2018-01-08,21.3,16.7,18.3,1.7,33.8,69.1,18.67,Antsirabe,-19.867,47.033,1507.0
2018-01-09,23.8,14.2,18.8,0.0,20.9,45.4,27.09,Antsirabe,-19.867,47.033,1507.0
2018-01-10,25.3,12.6,18.7,6.8,11.5,25.6,25.69,Antsirabe,-19.867,47.033,1507.0
2018-01-11,22.3,14.3,17.5,12.5,17.3,34.9,16.57,Antsirabe,-19.867,47.033,1507.0
2018-01-12,23.4,13.7,17.7,0.1,12.6,24.8,20.28,Antsirabe,-19.867,47.033,1507.0
2018-01-13,24.1,12.8,18.3,2.3,12.0,29.5,25.19,Antsirabe,-19.867,47.033,1507.0
2018-01-14,22.5,14.8,18.3,7.1,20.5,42.8,16.79,Antsirabe,-19.867,47.033,1507.0
2018-01-15,23.5,14.8,18.3,4.4,20.8,43.9,19.14,Antsirabe,-19.867,47.033,1507.0
2018-01-16,23.4,14.2,17.8,0.0,16.3,36.4,30.29,Antsirabe,-19.867,47.033,1507.0
2018-01-17,23.7,11.9,17.3,0.2,13.6,33.1,29.61,Antsirabe,-19.867,47.033,1507.0
2018-01-18,24.0,11.5,17.6,0.0,11.9,23.0,32.82,Antsirabe,-19.867,47.033,1507.0
2018-01-19,23.8,12.2,17.8,0.0,21.0,44.3,31.24,Antsirabe,-19.867,47.033,1507.0
2018-01-20,23.6,14.5,18.3,18.2,19.1,41.8,19.6,Antsirabe,-19.867,47.033,1507.0
2018-01-21,20.5,16.7,17.9,49.7,20.6,41.0,7.35,Antsirabe,-19.867,47.033,1507.0
2018-01-22,22.4,15.6,18.0,9.0,12.2,27.4,14.87,Antsirabe,-19.867,47.033,1507.0
2018-01-23,22.4,13.6,17.6,15.0,10.5,29.2,19.55,Antsirabe,-19.867,47.033,1507.0
2018-01-24,23.6,16.1,18.7,6.5,10.2,25.2,17.93,Antsirabe,-19.867,47.033,1507.0
2018-01-25,26.1,14.5,19.4,0.6,9.8,24.8,27.34,Antsirabe,-19.867,47.033,1507.0
2018-01-26,23.7,15.5,19.0,3.3,13.5,32.0,21.09,Antsirabe,-19.867,47.033,1507.0
2018-01-27,24.1,15.6,18.3,5.2,13.4,28.4,18.3,Antsirabe,-19.867,47.033,1507.0
2018-01-28,22.7,14.9,18.4,6.4,13.8,28.8,16.07,Antsirabe,-19.867,47.033,1507.0
2018-01-29,24.8,15.4,18.9,10.8,17.5,35.6,22.76,Antsirabe,-19.867,47.033,1507.0
2018-01-30,23.6,14.1,18.2,10.0,13.7,33.8,22.22,Antsirabe,-19.867,47.033,1507.0
2018-01-31,22.9,14.0,18.3,11.9,11.2,29.9,22.23,Antsirabe,-19.867,47.033,1507.0
2018-02-01,24.7,14.1,18.7,13.4,9.5,33.5,20.71,Antsirabe,-19.867,47.033,1507.0
2018-02-02,26.5,15.8,20.1,0.1,16.6,33.1,28.85,Antsirabe,-19.867,47.033,1507.0
2018-02-03,25.9,15.7,19.4,7.1,13.8,33.1,25.06,Antsirabe,-19.867,47.033,1507.0
2018-02-04,24.1,15.5,18.7,15.0,14.5,35.3,22.08,Antsirabe,-19.867,47.033,1507.0
2018-02-05,21.3,15.1,17.9,14.4,13.1,35.6,16.41,Antsirabe,-19.867,47.033,1507.0
2018-02-06,22.7,14.0,17.8,3.5,14.1,30.2,22.2,Antsirabe,-19.867,47.033,1507.0
2018-02-07,23.0,13.6,17.6,4.6,16.4,35.6,22.73,Antsirabe,-19.867,47.033,1507.0
2018-02-08,24.3,13.1,17.3,16.6,9.2,24.1,20.75,Antsirabe,-19.867,47.033,1507.0
2018-02-09,23.3,15.3,17.6,15.4,12.8,29.2,16.29,Antsirabe,-19.867,47.033,1507.0
2018-02-10,23.0,15.2,17.8,7.8,13.1,30.2,17.83,Antsirabe,-19.867,47.033,1507.0
2018-02-11,23.4,15.1,18.1,3.6,12.4,28.8,20.58,Antsirabe,-19.867,47.033,1507.0
2018-02-12,24.0,15.2,18.7,4.7,17.5,41.4,24.12,Antsirabe,-19.867,47.033,1507.0
2018-02-13,21.9,14.7,17.9,1.7,20.9,43.6,22.18,Antsirabe,-19.867,47.033,1507.0
2018-02-14,23.3,13.7,17.9,0.4,12.0,29.2,25.45,Antsirabe,-19.867,47.033,1507.0
2018-02-15,22.3,14.0,17.7,10.1,12.9,29.9,21.4,Antsirabe,-19.867,47.033,1507.0
2018-02-16,24.3,13.6,17.7,6.5,13.1,32.4,24.12,Antsirabe,-19.867,47.033,1507.0
2018-02-17,24.7,14.2,18.4,29.0,7.4,21.6,21.65,Antsirabe,-19.867,47.033,1507.0
2018-02-18,24.2,14.5,18.2,9.5,10.5,28.4,21.91,Antsirabe,-19.867,47.033,1507.0
2018-02-19,22.9,15.7,18.4,11.0,13.2,31.7,16.36,Antsirabe,-19.867,47.033,1507.0
2018-02-20,24.9,14.3,18.7,0.5,12.2,27.7,26.4,Antsirabe,-19.867,47.033,1507.0
2018-02-21,22.8,14.4,18.0,0.9,12.8,26.3,23.93,Antsirabe,-19.867,47.033,1507.0
2018-02-22,22.5,13.7,17.7,1.7,11.3,27.4,22.04,Antsirabe,-19.867,47.033,1507.0
2018-02-23,24.0,14.7,18.9,0.7,10.7,23.8,23.48,Antsirabe,-19.867,47.033,1507.0
2018-02-24,25.3,15.2,19.1,6.7,16.2,36.7,24.96,Antsirabe,-19.867,47.033,1507.0
2018-02-25,26.0,16.5,19.9,5.2,13.2,28.4,25.56,Antsirabe,-19.867,47.033,1507.0
2018-02-26,25.3,15.7,19.8,3.1,11.2,27.4,22.71,Antsirabe,-19.867,47.033,1507.0
2018-02-27,26.0,15.2,19.6,3.4,12.8,24.5,25.66,Antsirabe,-19.867,47.033,1507.0
2018-02-28,25.4,14.8,19.3,1.2,12.5,27.4,24.2,Antsirabe,-19.867,47.033,1507.0
2018-03-01,25.2,15.7,19.3,3.4,11.0,27.0,23.87,Antsirabe,-19.867,47.033,1507.0
2018-03-02,23.9,15.5,18.3,9.0,16.8,36.7,20.72,Antsirabe,-19.867,47.033,1507.0
2018-03-03,23.7,15.3,18.6,0.4,20.4,41.4,20.02,Antsirabe,-19.867,47.033,1507.0
2018-03-04,20.8,16.4,17.8,7.3,21.2,43.6,7.88,Antsirabe,-19.867,47.033,1507.0
2018-03-05,23.0,16.0,18.3,5.6,15.5,40.0,15.38,Antsirabe,-19.867,47.033,1507.0
2018-03-06,23.7,15.0,18.7,9.0,13.3,31.0,20.18,Antsirabe,-19.867,47.033,1507.0
2018-03-07,23.8,13.8,18.0,0.1,14.9,32.8,21.35,Antsirabe,-19.867,47.033,1507.0
2018-03-08,24.4,14.3,18.7,0.0,15.9,36.0,25.17,Antsirabe,-19.867,47.033,1507.0
2018-03-09,24.1,15.2,19.0,0.3,14.8,33.1,23.97,Antsirabe,-19.867,47.033,1507.0
2018-03-10,25.3,14.2,19.0,0.0,12.6,27.4,25.61,Antsirabe,-19.867,47.033,1507.0
2018-03-11,23.8,12.9,17.7,0.0,14.7,32.8,27.57,Antsirabe,-19.867,47.033,1507.0
2018-03-12,25.0,14.3,19.1,0.5,14.0,32.4,22.41,Antsirabe,-19.867,47.033,1507.0
2018-03-13,25.5,15.2,19.0,0.0,16.1,37.4,26.23,Antsirabe,-19.867,47.033,1507.0
2018-03-14,24.7,13.2,18.5,0.0,14.6,34.2,27.78,Antsirabe,-19.867,47.033,1507.0
2018-03-15,23.3,12.1,17.8,0.5,21.6,44.3,17.73,Antsirabe,-19.867,47.033,1507.0
2018-03-16,20.4,16.8,18.3,4.7,28.7,60.1,10.61,Antsirabe,-19.867,47.033,1507.0
2018-03-17,19.9,16.0,17.3,10.8,31.2,63.7,9.45,Antsirabe,-19.867,47.033,1507.0
2018-03-18,17.3,15.7,16.4,58.5,24.2,61.2,3.8,Antsirabe,-19.867,47.033,1507.0
2018-03-19,22.3,15.2,18.2,0.9,22.3,45.4,20.22,Antsirabe,-19.867,47.033,1507.0
2018-03-20,23.3,15.6,18.8,0.9,17.6,41.0,21.22,Antsirabe,-19.867,47.033,1507.0
2018-03-21,24.8,12.3,18.3,0.1,17.8,39.2,19.34,Antsirabe,-19.867,47.033,1507.0
2018-03-22,24.9,15.7,19.4,0.3,11.5,24.8,21.27,Antsirabe,-19.867,47.033,1507.0
2018-03-23,25.5,15.8,19.3,0.1,11.8,26.3,19.37,Antsirabe,-19.867,47.033,1507.0
2018-03-24,24.3,15.0,19.0,0.0,12.1,28.8,26.31,Antsirabe,-19.867,47.033,1507.0
2018-03-25,25.7,14.1,18.8,0.0,10.5,24.8,25.16,Antsirabe,-19.867,47.033,1507.0
2018-03-26,24.8,12.3,17.9,0.0,13.1,28.8,25.95,Antsirabe,-19.867,47.033,1507.0
2018-03-27,25.0,11.2,17.5,0.0,12.1,25.6,26.16,Antsirabe,-19.867,47.033,1507.0
2018-03-28,24.9,13.8,18.5,0.0,12.9,26.3,24.88,Antsirabe,-19.867,47.033,1507.0
2018-03-29,24.1,14.6,18.2,0.0,13.7,29.9,22.86,Antsirabe,-19.867,47.033,1507.0
2018-03-30,23.5,13.5,17.4,0.0,9.9,25.2,24.57,Antsirabe,-19.867,47.033,1507.0
2018-03-31,23.8,12.7,17.1,1.6,12.3,38.9,21.63,Antsirabe,-19.867,47.033,1507.0
2018-04-01,23.2,13.8,17.5,3.5,14.7,33.5,18.04,Antsirabe,-19.867,47.033,1507.0
2018-04-02,23.2,15.1,17.9,0.9,14.2,38.2,17.99,Antsirabe,-19.867,47.033,1507.0
2018-04-03,24.3,14.9,17.7,13.5,18.2,38.5,18.93,Antsirabe,-19.867,47.033,1507.0
2018-04-04,23.2,14.2,17.8,3.1,13.2,29.2,18.31,Antsirabe,-19.867,47.033,1507.0
2018-04-05,22.8,14.5,18.1,2.9,15.7,33.1,15.32,Antsirabe,-19.867,47.033,1507.0
2018-04-06,23.3,15.4,17.9,1.9,14.4,34.6,14.08,Antsirabe,-19.867,47.033,1507.0
2018-04-07,22.4,15.6,18.0,0.6,18.0,38.9,15.89,Antsirabe,-19.867,47.033,1507.0
2018-04-08,22.3,15.3,18.0,0.8,19.9,42.8,17.5,Antsirabe,-19.867,47.033,1507.0
2018-04-09,22.0,11.8,16.5,0.1,17.2,36.0,15.22,Antsirabe,-19.867,47.033,1507.0
2018-04-10,21.9,10.9,16.7,0.5,11.4,25.9,18.02,Antsirabe,-19.867,47.033,1507.0
2018-04-11,23.4,12.4,17.2,0.2,14.4,31.0,18.9,Antsirabe,-19.867,47.033,1507.0
2018-04-12,23.9,11.5,17.1,0.2,10.5,25.9,20.76,Antsirabe,-19.867,47.033,1507.0
2018-04-13,17.0,13.8,15.4,2.5,16.6,35.6,6.02,Antsirabe,-19.867,47.033,1507.0
2018-04-14,20.1,13.8,16.4,1.5,21.4,44.3,12.47,Antsirabe,-19.867,47.033,1507.0
2018-04-15,22.3,13.2,16.9,7.0,14.7,32.4,18.11,Antsirabe,-19.867,47.033,1507.0
2018-04-16,22.3,12.2,16.9,0.7,11.7,27.0,18.34,Antsirabe,-19.867,47.033,1507.0
2018-04-17,22.0,13.8,16.9,1.6,14.3,34.2,16.53,Antsirabe,-19.867,47.033,1507.0
2018-04-18,22.6,14.4,17.4,0.7,13.8,30.6,17.46,Antsirabe,-19.867,47.033,1507.0
2018-04-19,22.4,11.5,16.7,0.2,11.6,27.4,16.34,Antsirabe,-19.867,47.033,1507.0
2018-04-20,23.5,13.8,17.7,1.8,10.0,24.5,20.37,Antsirabe,-19.867,47.033,1507.0
2018-04-21,23.1,13.0,16.9,0.3,8.9,20.2,17.39,Antsirabe,-19.867,47.033,1507.0
2018-04-22,22.8,12.2,16.5,1.4,10.8,27.4,18.5,Antsirabe,-19.867,47.033,1507.0
2018-04-23,23.0,11.9,16.5,2.4,12.3,25.2,18.67,Antsirabe,-19.867,47.033,1507.0
2018-04-24,21.4,12.9,15.9,1.1,9.4,20.2,16.9,Antsirabe,-19.867,47.033,1507.0
2018-04-25,21.7,11.9,15.6,0.0,17.9,36.0,20.29,Antsirabe,-19.867,47.033,1507.0
2018-04-26,23.3,9.9,15.5,0.0,17.4,38.2,19.53,Antsirabe,-19.867,47.033,1507.0
2018-04-27,22.0,7.1,13.8,0.0,12.6,28.8,22.9,Antsirabe,-19.867,47.033,1507.0
2018-04-28,22.7,7.1,14.1,0.0,13.5,31.7,22.34,Antsirabe,-19.867,47.033,1507.0
2018-04-29,23.4,10.6,15.2,0.0,14.1,32.8,22.15,Antsirabe,-19.867,47.033,1507.0
2018-04-30,22.1,8.6,14.3,0.0,13.4,31.3,21.84,Antsirabe,-19.867,47.033,1507.0
2018-05-01,20.9,12.9,16.0,0.0,21.8,46.4,19.15,Antsirabe,-19.867,47.033,1507.0
2018-05-02,20.3,9.7,14.9,0.3,22.3,46.4,12.38,Antsirabe,-19.867,47.033,1507.0
2018-05-03,22.6,11.9,16.5,0.0,14.8,33.8,18.67,Antsirabe,-19.867,47.033,1507.0
2018-05-04,23.3,13.3,17.4,0.4,9.2,19.4,15.62,Antsirabe,-19.867,47.033,1507.0
2018-05-05,23.4,13.3,17.3,0.0,13.6,28.1,17.95,Antsirabe,-19.867,47.033,1507.0
2018-05-06,22.2,12.7,17.1,0.0,10.6,24.1,15.47,Antsirabe,-19.867,47.033,1507.0
2018-05-07,22.1,13.1,17.2,0.3,11.8,28.4,14.31,Antsirabe,-19.867,47.033,1507.0
2018-05-08,21.9,12.1,16.5,2.1,15.0,33.5,13.1,Antsirabe,-19.867,47.033,1507.0
2018-05-09,22.7,12.6,17.1,0.3,9.9,28.8,17.3,Antsirabe,-19.867,47.033,1507.0
2018-05-10,23.0,12.7,17.1,0.4,10.7,28.8,17.96,Antsirabe,-19.867,47.033,1507.0
2018-05-11,23.6,10.5,16.6,0.6,13.0,27.7,18.13,Antsirabe,-19.867,47.033,1507.0
2018-05-12,23.3,12.8,16.8,0.0,15.5,32.4,17.43,Antsirabe,-19.867,47.033,1507.0
2018-05-13,22.9,12.0,16.7,0.4,13.4,32.4,18.27,Antsirabe,-19.867,47.033,1507.0
2018-05-14,22.0,10.2,15.2,0.1,19.1,41.4,16.42,Antsirabe,-19.867,47.033,1507.0
2018-05-15,21.9,10.1,15.0,0.0,9.9,26.6,19.26,Antsirabe,-19.867,47.033,1507.0
2018-05-16,22.4,11.5,16.2,0.0,12.1,28.4,18.8,Antsirabe,-19.867,47.033,1507.0
2018-05-17,22.2,12.6,16.2,0.1,16.4,32.0,18.11,Antsirabe,-19.867,47.033,1507.0
2018-05-18,22.1,9.6,15.8,0.0,12.3,24.5,18.64,Antsirabe,-19.867,47.033,1507.0
2018-05-19,20.1,12.1,15.2,2.5,11.8,27.7,14.36,Antsirabe,-19.867,47.033,1507.0
2018-05-20,18.7,10.9,13.9,0.3,16.6,37.4,14.35,Antsirabe,-19.867,47.033,1507.0
2018-05-21,18.4,7.9,13.3,0.0,23.1,47.5,13.71,Antsirabe,-19.867,47.033,1507.0
2018-05-22,18.2,6.6,12.7,0.3,19.5,39.6,7.64,Antsirabe,-19.867,47.033,1507.0
2018-05-23,19.7,11.5,14.9,0.6,18.1,38.2,9.75,Antsirabe,-19.867,47.033,1507.0
2018-05-24,19.5,5.4,13.8,0.4,20.0,43.2,13.74,Antsirabe,-19.867,47.033,1507.0
2018-05-25,20.7,11.2,15.4,0.0,14.3,33.8,17.53,Antsirabe,-19.867,47.033,1507.0
2018-05-26,22.0,6.2,14.3,0.0,16.4,35.3,17.19,Antsirabe,-19.867,47.033,1507.0
2018-05-27,22.3,9.6,15.3,0.0,11.7,23.0,18.94,Antsirabe,-19.867,47.033,1507.0
2018-05-28,22.4,9.9,15.2,0.0,12.6,29.2,18.79,Antsirabe,-19.867,47.033,1507.0
2018-05-29,22.2,10.3,14.7,0.0,11.9,27.0,18.02,Antsirabe,-19.867,47.033,1507.0
2018-05-30,21.6,10.4,14.7,0.0,10.6,25.2,18.24,Antsirabe,-19.867,47.033,1507.0
2018-05-31,22.0,8.1,14.4,0.0,9.3,24.5,18.56,Antsirabe,-19.867,47.033,1507.0
2018-06-01,21.6,10.9,15.4,0.0,16.4,34.9,16.89,Antsirabe,-19.867,47.033,1507.0
2018-06-02,19.0,12.2,15.2,0.8,12.8,26.6,9.52,Antsirabe,-19.867,47.033,1507.0
2018-06-03,18.9,9.6,13.5,0.0,17.1,36.4,13.67,Antsirabe,-19.867,47.033,1507.0
2018-06-04,20.8,5.2,12.8,0.0,13.6,29.2,18.17,Antsirabe,-19.867,47.033,1507.0
2018-06-05,18.9,8.9,13.3,0.0,19.2,41.4,17.26,Antsirabe,-19.867,47.033,1507.0
2018-06-06,17.5,7.1,11.8,0.2,17.5,39.2,18.08,Antsirabe,-19.867,47.033,1507.0
2018-06-07,19.0,4.1,11.4,0.0,15.2,33.5,18.69,Antsirabe,-19.867,47.033,1507.0
2018-06-08,20.5,3.7,11.3,0.0,10.8,27.4,18.68,Antsirabe,-19.867,47.033,1507.0
2018-06-09,20.8,6.1,12.8,0.0,15.0,33.1,18.01,Antsirabe,-19.867,47.033,1507.0
2018-06-10,21.0,9.2,14.6,0.0,12.5,29.5,16.24,Antsirabe,-19.867,47.033,1507.0
2018-06-11,20.9,10.0,14.8,0.0,11.5,22.7,15.82,Antsirabe,-19.867,47.033,1507.0
2018-06-12,18.9,10.4,14.1,0.2,13.2,30.2,11.38,Antsirabe,-19.867,47.033,1507.0
2018-06-13,19.7,9.4,13.3,0.1,15.2,35.6,13.92,Antsirabe,-19.867,47.033,1507.0
2018-06-14,18.4,10.2,13.8,0.2,20.1,42.5,11.95,Antsirabe,-19.867,47.033,1507.0
2018-06-15,18.3,10.6,13.8,1.1,15.9,35.3,11.33,Antsirabe,-19.867,47.033,1507.0
2018-06-16,20.7,12.1,15.5,0.4,13.0,29.2,12.91,Antsirabe,-19.867,47.033,1507.0
2018-06-17,21.3,11.3,15.7,0.0,12.4,26.3,14.39,Antsirabe,-19.867,47.033,1507.0
2018-06-18,20.6,7.8,13.6,0.0,12.9,31.0,17.96,Antsirabe,-19.867,47.033,1507.0
2018-06-19,21.6,5.3,12.7,0.0,9.8,21.6,18.38,Antsirabe,-19.867,47.033,1507.0
2018-06-20,23.5,5.9,13.5,0.0,11.6,24.1,18.34,Antsirabe,-19.867,47.033,1507.0
2018-06-21,22.4,6.9,13.2,0.0,10.7,22.3,18.36,Antsirabe,-19.867,47.033,1507.0
2018-06-22,20.4,5.5,12.2,0.0,13.2,29.9,18.36,Antsirabe,-19.867,47.033,1507.0
2018-06-23,19.6,7.2,12.4,0.0,12.8,26.6,17.73,Antsirabe,-19.867,47.033,1507.0
2018-06-24,20.5,7.5,13.4,0.0,11.6,27.7,17.28,Antsirabe,-19.867,47.033,1507.0
2018-06-25,19.6,9.7,13.8,0.5,15.9,34.6,10.02,Antsirabe,-19.867,47.033,1507.0
2018-06-26,19.2,7.8,12.9,0.0,18.8,42.5,17.72,Antsirabe,-19.867,47.033,1507.0
2018-06-27,19.0,7.3,12.4,0.0,15.6,36.4,18.1,Antsirabe,-19.867,47.033,1507.0
2018-06-28,20.6,8.2,12.7,0.0,12.2,25.9,17.73,Antsirabe,-19.867,47.033,1507.0
2018-06-29,20.3,6.8,13.2,0.2,11.2,27.7,14.45,Antsirabe,-19.867,47.033,1507.0
2018-06-30,19.5,7.8,13.1,0.0,10.7,23.8,15.82,Antsirabe,-19.867,47.033,1507.0
2018-07-01,20.5,10.0,14.2,0.0,12.4,25.2,16.03,Antsirabe,-19.867,47.033,1507.0
2018-07-02,20.8,9.5,13.7,0.0,15.8,32.0,16.52,Antsirabe,-19.867,47.033,1507.0
2018-07-03,19.4,8.5,13.0,0.0,16.3,37.4,15.49,Antsirabe,-19.867,47.033,1507.0
2018-07-04,17.8,7.9,12.4,0.0,20.7,43.2,11.16,Antsirabe,-19.867,47.033,1507.0
2018-07-05,18.2,6.6,12.2,1.0,18.9,38.5,8.7,Antsirabe,-19.867,47.033,1507.0
2018-07-06,17.5,8.5,12.4,0.1,21.6,45.7,10.91,Antsirabe,-19.867,47.033,1507.0
2018-07-07,18.5,8.5,12.6,0.0,20.6,43.6,17.87,Antsirabe,-19.867,47.033,1507.0
2018-07-08,18.5,6.7,11.9,0.1,17.2,36.7,14.75,Antsirabe,-19.867,47.033,1507.0
2018-07-09,17.9,7.8,12.0,0.0,20.9,44.6,15.43,Antsirabe,-19.867,47.033,1507.0
2018-07-10,17.1,7.7,11.5,0.0,18.8,40.0,13.54,Antsirabe,-19.867,47.033,1507.0
2018-07-11,18.3,5.0,11.5,0.0,13.2,28.1,17.33,Antsirabe,-19.867,47.033,1507.0
2018-07-12,18.2,7.4,11.8,0.0,16.6,36.7,12.55,Antsirabe,-19.867,47.033,1507.0
2018-07-13,17.2,5.9,11.7,0.6,20.2,42.8,10.22,Antsirabe,-19.867,47.033,1507.0
2018-07-14,18.6,9.2,12.8,0.5,14.8,34.2,14.71,Antsirabe,-19.867,47.033,1507.0
2018-07-15,18.4,6.9,11.7,0.0,16.3,38.2,18.59,Antsirabe,-19.867,47.033,1507.0
2018-07-16,17.5,5.1,11.1,0.0,19.6,43.2,14.95,Antsirabe,-19.867,47.033,1507.0
2018-07-17,13.0,7.8,9.5,1.3,19.3,41.4,8.21,Antsirabe,-19.867,47.033,1507.0
2018-07-18,17.5,5.7,10.0,0.0,17.3,36.7,16.55,Antsirabe,-19.867,47.033,1507.0
2018-07-19,15.6,7.1,10.4,0.2,20.6,45.4,14.24,Antsirabe,-19.867,47.033,1507.0
2018-07-20,15.9,7.6,11.9,0.5,18.8,40.0,8.67,Antsirabe,-19.867,47.033,1507.0
2018-07-21,17.2,9.2,12.1,0.9,17.9,37.8,12.88,Antsirabe,-19.867,47.033,1507.0
2018-07-22,18.6,7.9,11.7,0.2,16.5,35.6,14.27,Antsirabe,-19.867,47.033,1507.0
2018-07-23,15.8,7.2,10.9,0.0,25.1,52.6,12.66,Antsirabe,-19.867,47.033,1507.0
2018-07-24,15.1,6.0,10.7,0.4,25.3,51.1,10.19,Antsirabe,-19.867,47.033,1507.0
2018-07-25,17.2,9.0,12.5,0.4,21.3,44.3,10.86,Antsirabe,-19.867,47.033,1507.0
2018-07-26,20.8,8.6,13.3,0.0,13.5,31.0,18.76,Antsirabe,-19.867,47.033,1507.0
2018-07-27,22.1,7.1,13.6,0.0,15.0,34.2,19.16,Antsirabe,-19.867,47.033,1507.0
2018-07-28,21.4,10.5,14.5,0.0,12.4,27.4,18.41,Antsirabe,-19.867,47.033,1507.0
2018-07-29,21.0,9.5,13.9,0.3,12.7,29.9,16.07,Antsirabe,-19.867,47.033,1507.0
2018-07-30,21.0,6.3,13.6,0.0,12.6,30.2,16.08,Antsirabe,-19.867,47.033,1507.0
2018-07-31,21.1,9.8,14.4,0.1,17.5,38.5,16.05,Antsirabe,-19.867,47.033,1507.0
2018-08-01,21.1,8.5,14.0,1.5,16.2,33.1,15.35,Antsirabe,-19.867,47.033,1507.0
2018-08-02,21.2,8.0,14.1,0.0,18.4,40.7,16.12,Antsirabe,-19.867,47.033,1507.0
2018-08-03,22.5,7.9,14.8,0.0,10.2,26.3,20.71,Antsirabe,-19.867,47.033,1507.0
2018-08-04,22.7,6.8,14.2,0.0,14.3,32.8,20.94,Antsirabe,-19.867,47.033,1507.0
2018-08-05,22.4,10.4,15.2,0.0,13.0,27.4,20.54,Antsirabe,-19.867,47.033,1507.0
2018-08-06,24.1,7.9,15.0,0.0,8.1,21.2,21.05,Antsirabe,-19.867,47.033,1507.0
2018-08-07,25.3,7.7,15.5,0.0,10.3,26.3,21.24,Antsirabe,-19.867,47.033,1507.0
2018-08-08,25.8,4.7,14.6,0.0,11.5,25.6,21.78,Antsirabe,-19.867,47.033,1507.0
2018-08-09,25.1,3.2,13.8,0.0,19.5,42.8,21.86,Antsirabe,-19.867,47.033,1507.0
2018-08-10,23.8,6.8,14.4,0.0,22.3,48.2,21.75,Antsirabe,-19.867,47.033,1507.0
2018-08-11,22.4,8.6,14.2,0.0,25.1,54.4,21.44,Antsirabe,-19.867,47.033,1507.0
2018-08-12,22.0,5.5,13.3,0.0,23.7,51.8,21.6,Antsirabe,-19.867,47.033,1507.0
2018-08-13,21.8,7.2,13.2,0.0,21.4,47.5,21.91,Antsirabe,-19.867,47.033,1507.0
2018-08-14,22.2,5.8,12.6,0.0,17.5,40.7,22.34,Antsirabe,-19.867,47.033,1507.0
2018-08-15,20.8,5.7,12.5,0.0,20.3,45.4,22.04,Antsirabe,-19.867,47.033,1507.0
2018-08-16,21.1,8.4,13.5,0.0,19.5,42.1,18.73,Antsirabe,-19.867,47.033,1507.0
2018-08-17,22.3,6.3,13.2,0.0,17.8,38.5,22.15,Antsirabe,-19.867,47.033,1507.0
2018-08-18,21.5,9.2,13.9,0.0,18.3,37.1,21.89,Antsirabe,-19.867,47.033,1507.0
2018-08-19,19.8,8.9,13.6,0.0,18.4,41.8,17.3,Antsirabe,-19.867,47.033,1507.0
2018-08-20,22.3,7.1,13.6,0.0,14.8,32.4,22.61,Antsirabe,-19.867,47.033,1507.0
2018-08-21,21.4,6.0,13.0,0.0,15.9,37.8,22.55,Antsirabe,-19.867,47.033,1507.0
2018-08-22,23.0,7.1,14.8,0.0,14.8,29.5,22.47,Antsirabe,-19.867,47.033,1507.0
2018-08-23,23.1,9.7,15.2,0.0,16.5,33.5,22.58,Antsirabe,-19.867,47.033,1507.0
2018-08-24,23.0,8.2,14.4,0.0,15.8,34.2,22.76,Antsirabe,-19.867,47.033,1507.0
2018-08-25,21.8,10.3,14.7,0.0,18.5,40.0,23.45,Antsirabe,-19.867,47.033,1507.0
2018-08-26,22.1,8.3,14.5,0.0,17.6,40.0,22.71,Antsirabe,-19.867,47.033,1507.0
2018-08-27,22.6,9.5,15.0,0.0,16.8,35.6,22.16,Antsirabe,-19.867,47.033,1507.0
2018-08-28,21.6,10.3,15.7,0.5,13.8,28.4,15.27,Antsirabe,-19.867,47.033,1507.0
2018-08-29,22.6,8.0,14.9,0.0,20.0,43.9,20.83,Antsirabe,-19.867,47.033,1507.0
2018-08-30,20.6,9.9,14.8,0.0,15.9,34.9,15.7,Antsirabe,-19.867,47.033,1507.0
2018-08-31,21.8,9.4,14.3,0.3,18.3,38.9,16.62,Antsirabe,-19.867,47.033,1507.0
2018-09-01,21.0,6.0,12.6,0.0,20.8,42.8,23.76,Antsirabe,-19.867,47.033,1507.0
2018-09-02,20.0,7.5,13.0,0.0,21.2,45.4,17.89,Antsirabe,-19.867,47.033,1507.0
2018-09-03,22.6,9.7,15.0,0.0,18.5,38.5,22.06,Antsirabe,-19.867,47.033,1507.0
2018-09-04,23.7,10.4,15.6,0.0,16.8,34.9,23.95,Antsirabe,-19.867,47.033,1507.0
2018-09-05,23.7,8.5,15.5,0.0,19.4,42.8,23.58,Antsirabe,-19.867,47.033,1507.0
2018-09-06,21.7,7.2,14.2,0.0,19.4,42.8,23.68,Antsirabe,-19.867,47.033,1507.0
2018-09-07,20.8,6.7,14.0,0.0,23.2,49.3,18.08,Antsirabe,-19.867,47.033,1507.0
2018-09-08,22.5,11.2,15.9,0.1,23.0,47.5,15.95,Antsirabe,-19.867,47.033,1507.0
2018-09-09,22.4,11.5,15.9,0.0,21.4,45.0,18.99,Antsirabe,-19.867,47.033,1507.0
2018-09-10,21.9,9.2,15.4,0.8,16.4,35.6,19.46,Antsirabe,-19.867,47.033,1507.0
2018-09-11,22.4,8.9,14.9,0.8,19.8,45.0,20.98,Antsirabe,-19.867,47.033,1507.0
2018-09-12,23.5,8.7,16.0,0.0,17.5,40.0,23.39,Antsirabe,-19.867,47.033,1507.0
2018-09-13,24.5,12.5,18.0,0.0,18.6,42.5,19.42,Antsirabe,-19.867,47.033,1507.0
2018-09-14,24.4,13.0,17.7,0.4,17.9,34.9,19.86,Antsirabe,-19.867,47.033,1507.0
2018-09-15,26.4,11.0,18.1,0.0,15.5,34.9,23.38,Antsirabe,-19.867,47.033,1507.0
2018-09-16,26.3,9.7,17.5,0.0,14.3,28.8,25.7,Antsirabe,-19.867,47.033,1507.0
2018-09-17,25.9,8.4,16.6,0.0,13.7,32.8,26.4,Antsirabe,-19.867,47.033,1507.0
2018-09-18,26.5,5.3,15.6,0.0,19.2,43.6,27.14,Antsirabe,-19.867,47.033,1507.0
2018-09-19,26.1,7.0,15.9,0.0,19.0,43.2,27.27,Antsirabe,-19.867,47.033,1507.0
2018-09-20,26.3,8.0,16.3,0.0,20.5,46.4,27.36,Antsirabe,-19.867,47.033,1507.0
2018-09-21,27.0,4.3,15.5,0.0,14.5,33.8,27.39,Antsirabe,-19.867,47.033,1507.0
2018-09-22,27.6,4.9,16.3,0.0,16.3,36.4,27.46,Antsirabe,-19.867,47.033,1507.0
2018-09-23,28.1,9.4,17.8,0.0,16.4,33.5,27.15,Antsirabe,-19.867,47.033,1507.0
2018-09-24,28.2,10.2,18.1,0.0,16.9,40.7,26.0,Antsirabe,-19.867,47.033,1507.0
2018-09-25,28.0,10.9,18.3,0.0,20.1,39.6,27.35,Antsirabe,-19.867,47.033,1507.0
2018-09-26,26.5,10.3,17.5,0.0,18.8,39.2,26.83,Antsirabe,-19.867,47.033,1507.0
2018-09-27,27.2,12.0,18.3,0.0,14.5,34.9,25.83,Antsirabe,-19.867,47.033,1507.0
2018-09-28,25.6,11.3,17.0,0.0,20.2,39.2,23.82,Antsirabe,-19.867,47.033,1507.0
2018-09-29,24.6,11.4,17.0,0.0,15.9,34.6,24.95,Antsirabe,-19.867,47.033,1507.0
2018-09-30,23.9,9.6,15.8,0.0,17.9,41.4,27.26,Antsirabe,-19.867,47.033,1507.0
2018-10-01,22.1,8.7,14.7,0.0,21.0,47.5,27.46,Antsirabe,-19.867,47.033,1507.0
2018-10-02,25.0,11.0,16.8,0.0,18.1,36.7,27.03,Antsirabe,-19.867,47.033,1507.0
2018-10-03,26.0,8.7,17.3,0.0,20.3,48.6,26.77,Antsirabe,-19.867,47.033,1507.0
2018-10-04,26.0,9.7,18.0,0.0,18.8,41.4,26.5,Antsirabe,-19.867,47.033,1507.0
2018-10-05,27.5,10.2,18.2,0.0,18.2,41.8,23.43,Antsirabe,-19.867,47.033,1507.0
2018-10-06,26.0,11.4,18.8,0.0,19.9,46.1,26.64,Antsirabe,-19.867,47.033,1507.0
2018-10-07,26.1,10.9,18.4,0.1,21.5,47.9,23.48,Antsirabe,-19.867,47.033,1507.0
2018-10-08,23.4,12.3,16.9,13.9,14.2,34.6,18.86,Antsirabe,-19.867,47.033,1507.0
2018-10-09,20.7,13.0,15.8,2.4,20.2,45.7,17.31,Antsirabe,-19.867,47.033,1507.0
2018-10-10,22.2,11.9,16.2,0.0,23.8,50.4,21.95,Antsirabe,-19.867,47.033,1507.0
2018-10-11,22.1,12.6,16.1,2.7,22.6,47.5,18.65,Antsirabe,-19.867,47.033,1507.0
2018-10-12,22.3,12.6,16.6,5.8,18.4,39.2,20.03,Antsirabe,-19.867,47.033,1507.0
2018-10-13,22.7,12.7,17.1,0.4,15.5,34.9,22.37,Antsirabe,-19.867,47.033,1507.0
2018-10-14,24.0,13.3,17.8,0.1,20.5,44.3,23.36,Antsirabe,-19.867,47.033,1507.0
2018-10-15,25.3,12.6,18.1,0.0,18.4,42.1,25.97,Antsirabe,-19.867,47.033,1507.0
2018-10-16,25.0,11.2,17.2,2.6,21.1,46.1,25.42,Antsirabe,-19.867,47.033,1507.0
2018-10-17,25.1,9.3,17.6,0.0,17.3,40.3,26.73,Antsirabe,-19.867,47.033,1507.0
2018-10-18,25.7,10.1,18.2,0.2,20.6,46.4,26.1,Antsirabe,-19.867,47.033,1507.0
2018-10-19,24.8,11.5,17.8,0.0,23.9,52.2,24.84,Antsirabe,-19.867,47.033,1507.0
2018-10-20,23.3,10.1,17.2,2.0,20.9,47.5,22.78,Antsirabe,-19.867,47.033,1507.0
2018-10-21,24.3,11.6,17.6,0.0,25.8,55.8,28.8,Antsirabe,-19.867,47.033,1507.0
2018-10-22,21.2,8.1,14.6,0.0,20.8,47.5,30.23,Antsirabe,-19.867,47.033,1507.0
2018-10-23,24.1,7.6,14.6,0.0,16.6,36.4,29.8,Antsirabe,-19.867,47.033,1507.0
2018-10-24,23.2,8.1,14.7,0.0,16.5,38.5,29.35,Antsirabe,-19.867,47.033,1507.0
2018-10-25,25.4,8.7,16.2,0.0,18.3,36.0,28.68,Antsirabe,-19.867,47.033,1507.0
2018-10-26,26.5,10.2,17.5,0.0,18.4,37.1,28.5,Antsirabe,-19.867,47.033,1507.0
2018-10-27,23.4,12.1,17.3,1.4,16.1,38.5,21.27,Antsirabe,-19.867,47.033,1507.0
2018-10-28,22.4,11.0,16.3,0.5,24.6,55.1,23.9,Antsirabe,-19.867,47.033,1507.0
2018-10-29,21.8,7.4,15.4,0.0,20.0,46.4,30.15,Antsirabe,-19.867,47.033,1507.0
2018-10-30,24.4,10.6,17.1,0.0,22.0,46.4,28.56,Antsirabe,-19.867,47.033,1507.0
2018-10-31,25.9,9.4,17.9,0.0,18.8,42.1,30.47,Antsirabe,-19.867,47.033,1507.0
2018-11-01,28.3,13.9,19.9,0.0,22.9,49.0,27.31,Antsirabe,-19.867,47.033,1507.0
2018-11-02,26.2,14.2,20.0,0.1,13.7,32.0,22.43,Antsirabe,-19.867,47.033,1507.0
2018-11-03,25.3,13.5,19.4,0.7,21.1,47.5,23.63,Antsirabe,-19.867,47.033,1507.0
2018-11-04,26.3,10.2,18.9,0.0,20.8,47.5,27.78,Antsirabe,-19.867,47.033,1507.0
2018-11-05,27.1,13.7,19.7,0.1,18.0,42.8,26.72,Antsirabe,-19.867,47.033,1507.0
2018-11-06,26.8,15.0,20.3,0.0,15.8,38.2,21.55,Antsirabe,-19.867,47.033,1507.0
2018-11-07,26.6,14.9,20.5,0.3,14.8,28.8,20.04,Antsirabe,-19.867,47.033,1507.0
2018-11-08,26.3,14.2,19.6,6.3,18.4,44.3,20.06,Antsirabe,-19.867,47.033,1507.0
2018-11-09,26.9,13.6,19.6,1.0,19.4,43.6,24.01,Antsirabe,-19.867,47.033,1507.0
2018-11-10,23.6,14.6,17.6,32.6,18.4,39.2,19.31,Antsirabe,-19.867,47.033,1507.0
2018-11-11,23.6,13.5,17.7,18.2,19.3,39.2,22.9,Antsirabe,-19.867,47.033,1507.0
2018-11-12,23.6,14.3,17.8,28.0,14.0,30.6,22.43,Antsirabe,-19.867,47.033,1507.0
2018-11-13,22.5,14.0,16.9,15.7,16.4,36.7,19.93,Antsirabe,-19.867,47.033,1507.0
2018-11-14,22.6,13.3,16.6,11.4,14.7,32.8,18.86,Antsirabe,-19.867,47.033,1507.0
2018-11-15,21.4,14.0,17.4,1.9,15.2,38.2,21.19,Antsirabe,-19.867,47.033,1507.0
2018-11-16,24.0,13.9,17.8,1.9,13.8,31.3,23.62,Antsirabe,-19.867,47.033,1507.0
2018-11-17,24.6,13.9,18.4,0.4,12.1,28.1,23.7,Antsirabe,-19.867,47.033,1507.0
2018-11-18,22.7,13.9,17.8,0.7,14.5,31.7,20.7,Antsirabe,-19.867,47.033,1507.0
2018-11-19,23.7,13.8,17.2,12.1,11.8,29.2,22.56,Antsirabe,-19.867,47.033,1507.0
2018-11-20,23.4,13.5,17.0,3.1,11.0,29.5,21.38,Antsirabe,-19.867,47.033,1507.0
2018-11-21,23.1,13.7,17.2,5.5,16.4,32.4,20.69,Antsirabe,-19.867,47.033,1507.0
2018-11-22,22.8,14.1,17.5,6.1,13.1,27.4,20.21,Antsirabe,-19.867,47.033,1507.0
2018-11-23,23.6,13.7,17.6,12.8,12.7,29.5,20.1,Antsirabe,-19.867,47.033,1507.0
2018-11-24,24.7,14.1,17.9,12.7,14.9,32.8,21.31,Antsirabe,-19.867,47.033,1507.0
2018-11-25,25.1,14.9,18.5,1.5,11.5,25.6,23.5,Antsirabe,-19.867,47.033,1507.0
2018-11-26,23.9,14.5,17.8,3.4,14.0,31.0,21.26,Antsirabe,-19.867,47.033,1507.0
2018-11-27,24.6,14.0,18.5,0.0,11.3,21.6,26.15,Antsirabe,-19.867,47.033,1507.0
2018-11-28,22.9,14.0,17.6,8.1,12.0,32.4,21.2,Antsirabe,-19.867,47.033,1507.0
2018-11-29,23.7,13.3,17.4,2.0,10.7,27.4,20.31,Antsirabe,-19.867,47.033,1507.0
2018-11-30,23.9,12.3,17.8,3.8,13.1,30.6,24.38,Antsirabe,-19.867,47.033,1507.0
2018-12-01,23.7,14.2,17.8,1.4,15.0,32.0,21.64,Antsirabe,-19.867,47.033,1507.0
2018-12-02,21.7,12.6,17.0,14.3,12.8,32.4,20.58,Antsirabe,-19.867,47.033,1507.0
2018-12-03,22.0,13.9,17.4,4.9,16.8,40.7,22.78,Antsirabe,-19.867,47.033,1507.0
2018-12-04,22.0,13.1,17.5,4.1,17.4,41.0,23.52,Antsirabe,-19.867,47.033,1507.0
2018-12-05,23.8,13.8,18.0,5.6,11.7,29.9,23.16,Antsirabe,-19.867,47.033,1507.0
2018-12-06,24.2,15.4,19.0,0.5,12.4,26.6,24.55,Antsirabe,-19.867,47.033,1507.0
2018-12-07,24.5,13.7,18.4,0.5,14.6,29.5,25.37,Antsirabe,-19.867,47.033,1507.0
2018-12-08,24.3,15.2,18.6,3.1,11.9,27.0,23.82,Antsirabe,-19.867,47.033,1507.0
2018-12-09,25.4,14.7,19.1,0.4,11.8,27.4,28.2,Antsirabe,-19.867,47.033,1507.0
2018-12-10,25.4,12.1,18.9,0.2,12.8,28.1,27.18,Antsirabe,-19.867,47.033,1507.0
2018-12-11,24.0,15.7,18.6,4.2,11.5,29.5,19.45,Antsirabe,-19.867,47.033,1507.0
2018-12-12,25.2,14.7,18.8,6.0,12.8,32.0,21.57,Antsirabe,-19.867,47.033,1507.0
2018-12-13,25.2,15.7,19.2,11.9,15.3,33.5,20.83,Antsirabe,-19.867,47.033,1507.0
2018-12-14,26.0,16.1,19.8,6.4,15.2,34.9,27.62,Antsirabe,-19.867,47.033,1507.0
2018-12-15,24.1,14.4,18.7,2.4,18.3,39.6,22.78,Antsirabe,-19.867,47.033,1507.0
2018-12-16,23.0,15.0,18.2,8.5,15.2,33.5,18.77,Antsirabe,-19.867,47.033,1507.0
2018-12-17,24.5,14.9,18.5,0.5,17.7,37.4,24.14,Antsirabe,-19.867,47.033,1507.0
2018-12-18,23.9,13.2,17.9,0.0,17.4,35.6,30.43,Antsirabe,-19.867,47.033,1507.0
2018-12-19,25.2,12.7,18.2,0.3,13.0,29.2,28.32,Antsirabe,-19.867,47.033,1507.0
2018-12-20,23.8,14.4,18.6,1.1,11.7,29.2,25.13,Antsirabe,-19.867,47.033,1507.0
2018-12-21,22.8,14.8,18.2,2.5,12.3,30.2,19.66,Antsirabe,-19.867,47.033,1507.0
2018-12-22,23.6,13.5,18.2,10.4,11.9,31.3,23.28,Antsirabe,-19.867,47.033,1507.0
2018-12-23,23.4,15.5,18.7,5.4,22.0,47.2,25.05,Antsirabe,-19.867,47.033,1507.0
2018-12-24,22.7,12.5,17.8,0.5,19.4,42.8,29.01,Antsirabe,-19.867,47.033,1507.0
2018-12-25,22.9,8.8,16.8,0.0,19.9,44.3,31.84,Antsirabe,-19.867,47.033,1507.0
2018-12-26,23.1,13.1,18.2,0.0,17.6,39.6,29.12,Antsirabe,-19.867,47.033,1507.0
2018-12-27,25.1,10.7,18.5,2.1,10.6,24.8,26.1,Antsirabe,-19.867,47.033,1507.0
2018-12-28,23.6,15.1,18.7,4.8,12.3,30.6,23.01,Antsirabe,-19.867,47.033,1507.0
2018-12-29,24.8,14.9,18.8,4.9,10.5,26.3,22.46,Antsirabe,-19.867,47.033,1507.0
2018-12-30,26.2,15.0,19.6,0.1,15.4,34.2,26.58,Antsirabe,-19.867,47.033,1507.0
2018-12-31,25.7,16.1,19.6,2.6,12.3,28.8,25.11,Antsirabe,-19.867,47.033,1507.0
2019-01-01,26.8,15.2,19.9,0.2,14.9,33.1,28.56,Antsirabe,-19.867,47.033,1507.0
2019-01-02,25.2,14.6,19.4,0.8,10.7,25.9,25.24,Antsirabe,-19.867,47.033,1507.0
2019-01-03,24.5,16.3,19.0,8.1,10.2,31.7,20.1,Antsirabe,-19.867,47.033,1507.0
2019-01-04,23.9,15.7,18.9,13.9,13.0,31.3,17.84,Antsirabe,-19.867,47.033,1507.0
2019-01-05,24.4,15.9,19.1,19.9,12.7,32.4,23.52,Antsirabe,-19.867,47.033,1507.0
2019-01-06,24.7,14.4,19.1,14.5,11.7,30.2,23.28,Antsirabe,-19.867,47.033,1507.0
2019-01-07,24.8,16.0,19.4,6.2,10.6,25.6,20.17,Antsirabe,-19.867,47.033,1507.0
2019-01-08,23.6,16.0,19.1,7.4,17.3,39.6,17.96,Antsirabe,-19.867,47.033,1507.0
2019-01-09,24.3,15.9,19.5,10.2,15.8,36.4,23.95,Antsirabe,-19.867,47.033,1507.0
2019-01-10,22.1,17.0,18.9,30.2,12.2,29.5,13.96,Antsirabe,-19.867,47.033,1507.0
2019-01-11,22.9,16.6,18.8,24.8,8.3,26.6,13.94,Antsirabe,-19.867,47.033,1507.0
2019-01-12,23.4,16.2,18.9,20.8,13.0,30.2,17.82,Antsirabe,-19.867,47.033,1507.0
2019-01-13,25.1,16.2,19.5,11.1,15.4,34.9,24.44,Antsirabe,-19.867,47.033,1507.0
2019-01-14,24.9,16.3,19.5,2.7,15.8,36.0,22.87,Antsirabe,-19.867,47.033,1507.0
2019-01-15,24.8,16.4,19.9,0.3,14.7,32.8,22.06,Antsirabe,-19.867,47.033,1507.0
2019-01-16,25.0,15.7,19.2,6.9,13.2,30.2,23.41,Antsirabe,-19.867,47.033,1507.0
2019-01-17,23.9,15.8,19.3,4.8,10.7,23.4,23.63,Antsirabe,-19.867,47.033,1507.0
2019-01-18,23.7,15.9,19.2,5.4,11.2,29.9,23.57,Antsirabe,-19.867,47.033,1507.0
2019-01-19,25.3,15.3,19.2,24.9,11.3,28.4,22.51,Antsirabe,-19.867,47.033,1507.0
2019-01-20,24.6,16.2,20.0,11.9,14.4,28.4,19.61,Antsirabe,-19.867,47.033,1507.0
2019-01-21,23.8,17.2,20.1,2.7,29.5,58.3,22.6,Antsirabe,-19.867,47.033,1507.0
2019-01-22,23.3,17.5,19.4,13.4,26.8,58.7,13.05,Antsirabe,-19.867,47.033,1507.0
2019-01-23,23.3,15.3,19.3,4.3,16.6,38.5,15.8,Antsirabe,-19.867,47.033,1507.0
2019-01-24,23.9,15.2,19.6,2.9,22.2,51.5,25.84,Antsirabe,-19.867,47.033,1507.0
2019-01-25,23.1,17.6,19.3,7.3,29.0,59.4,23.16,Antsirabe,-19.867,47.033,1507.0
2019-01-26,22.9,17.0,18.8,9.5,15.5,36.0,14.43,Antsirabe,-19.867,47.033,1507.0
2019-01-27,23.0,15.9,18.3,21.1,9.0,24.8,13.65,Antsirabe,-19.867,47.033,1507.0
2019-01-28,22.1,15.7,18.2,6.2,16.2,34.2,17.63,Antsirabe,-19.867,47.033,1507.0
2019-01-29,22.1,14.7,18.0,0.4,16.6,34.9,16.5,Antsirabe,-19.867,47.033,1507.0
2019-01-30,22.8,13.5,18.0,2.8,13.4,31.0,18.24,Antsirabe,-19.867,47.033,1507.0
2019-01-31,23.9,15.5,18.8,1.5,13.9,29.9,18.23,Antsirabe,-19.867,47.033,1507.0
2019-02-01,24.8,14.4,19.3,1.7,10.8,23.8,27.14,Antsirabe,-19.867,47.033,1507.0
2019-02-02,24.3,13.0,18.8,2.1,10.9,27.0,26.08,Antsirabe,-19.867,47.033,1507.0
2019-02-03,25.5,15.1,19.5,1.0,10.5,28.4,26.36,Antsirabe,-19.867,47.033,1507.0
2019-02-04,24.2,15.8,18.8,8.9,11.2,25.6,21.6,Antsirabe,-19.867,47.033,1507.0
2019-02-05,25.9,16.1,19.6,7.6,8.9,22.3,23.91,Antsirabe,-19.867,47.033,1507.0
2019-02-06,25.9,16.0,19.3,2.6,13.5,33.5,23.78,Antsirabe,-19.867,47.033,1507.0
2019-02-07,26.0,15.6,19.9,0.8,14.9,35.3,25.68,Antsirabe,-19.867,47.033,1507.0
2019-02-08,24.1,14.8,19.0,10.5,13.1,29.2,22.96,Antsirabe,-19.867,47.033,1507.0
2019-02-09,23.3,14.5,18.3,11.8,14.5,33.5,23.23,Antsirabe,-19.867,47.033,1507.0
2019-02-10,23.2,14.9,18.2,6.2,15.8,35.3,21.32,Antsirabe,-19.867,47.033,1507.0
2019-02-11,23.9,15.7,19.0,14.6,13.0,28.8,21.3,Antsirabe,-19.867,47.033,1507.0
2019-02-12,24.6,14.9,19.0,3.1,10.7,27.0,20.88,Antsirabe,-19.867,47.033,1507.0
2019-02-13,26.6,13.8,19.2,0.0,9.6,25.2,29.06,Antsirabe,-19.867,47.033,1507.0
2019-02-14,25.8,13.5,18.7,3.8,14.7,32.8,27.72,Antsirabe,-19.867,47.033,1507.0
2019-02-15,24.2,14.8,19.0,0.3,11.3,25.9,23.86,Antsirabe,-19.867,47.033,1507.0
2019-02-16,24.3,13.9,18.0,5.3,11.6,24.5,21.06,Antsirabe,-19.867,47.033,1507.0
2019-02-17,24.9,15.2,18.8,0.4,17.8,39.2,27.19,Antsirabe,-19.867,47.033,1507.0
2019-02-18,24.8,14.3,18.8,7.7,13.2,36.4,24.29,Antsirabe,-19.867,47.033,1507.0
2019-02-19,24.3,14.5,19.1,6.6,17.5,43.9,22.93,Antsirabe,-19.867,47.033,1507.0
2019-02-20,22.1,15.8,18.7,7.5,25.8,55.4,20.81,Antsirabe,-19.867,47.033,1507.0
2019-02-21,23.5,15.2,18.9,4.6,16.9,38.2,22.73,Antsirabe,-19.867,47.033,1507.0
2019-02-22,23.6,15.3,18.4,50.0,14.9,38.9,19.71,Antsirabe,-19.867,47.033,1507.0
2019-02-23,22.4,15.7,18.3,12.5,14.5,28.1,13.75,Antsirabe,-19.867,47.033,1507.0
2019-02-24,23.5,16.0,18.8,12.7,13.7,36.4,20.45,Antsirabe,-19.867,47.033,1507.0
2019-02-25,25.0,15.8,19.0,7.8,13.3,31.0,19.67,Antsirabe,-19.867,47.033,1507.0
2019-02-26,25.3,16.8,19.7,3.2,15.4,34.2,20.8,Antsirabe,-19.867,47.033,1507.0
2019-02-27,25.6,16.7,19.6,12.1,20.2,42.1,19.45,Antsirabe,-19.867,47.033,1507.0
2019-02-28,23.6,16.9,19.3,1.1,22.4,45.0,12.38,Antsirabe,-19.867,47.033,1507.0
2019-03-01,26.1,15.7,19.6,0.1,16.9,36.7,25.94,Antsirabe,-19.867,47.033,1507.0
2019-03-02,26.0,16.2,19.6,2.0,17.4,38.9,25.8,Antsirabe,-19.867,47.033,1507.0
2019-03-03,25.0,16.4,19.5,5.5,18.9,39.6,19.86,Antsirabe,-19.867,47.033,1507.0
2019-03-04,22.0,16.3,18.4,17.5,7.6,22.0,11.38,Antsirabe,-19.867,47.033,1507.0
2019-03-05,23.9,15.4,18.4,16.9,13.4,29.5,18.2,Antsirabe,-19.867,47.033,1507.0
2019-03-06,23.3,14.2,18.4,4.1,14.4,31.7,19.64,Antsirabe,-19.867,47.033,1507.0
2019-03-07,22.8,14.4,17.9,3.1,12.1,29.9,20.92,Antsirabe,-19.867,47.033,1507.0
2019-03-08,23.1,14.0,17.7,4.4,16.9,36.7,22.71,Antsirabe,-19.867,47.033,1507.0
2019-03-09,24.3,14.9,18.5,1.3,15.8,34.6,21.62,Antsirabe,-19.867,47.033,1507.0
2019-03-10,24.0,14.2,18.8,1.9,14.3,32.4,18.66,Antsirabe,-19.867,47.033,1507.0
2019-03-11,21.6,16.5,18.2,7.0,20.2,42.1,12.39,Antsirabe,-19.867,47.033,1507.0
2019-03-12,24.1,16.1,18.7,11.7,18.7,38.2,14.4,Antsirabe,-19.867,47.033,1507.0
2019-03-13,24.4,14.4,18.9,1.9,10.9,23.4,22.91,Antsirabe,-19.867,47.033,1507.0
2019-03-14,23.6,15.9,18.5,17.9,12.2,27.0,17.04,Antsirabe,-19.867,47.033,1507.0
2019-03-15,24.3,14.8,18.8,0.0,14.3,31.0,27.68,Antsirabe,-19.867,47.033,1507.0
2019-03-16,24.5,13.8,18.3,0.0,13.3,27.7,25.53,Antsirabe,-19.867,47.033,1507.0
2019-03-17,23.9,14.3,18.6,1.1,11.9,27.0,22.31,Antsirabe,-19.867,47.033,1507.0
2019-03-18,23.4,14.7,18.0,26.0,8.9,23.4,17.85,Antsirabe,-19.867,47.033,1507.0
2019-03-19,25.7,15.2,19.4,0.4,11.9,26.6,26.25,Antsirabe,-19.867,47.033,1507.0
2019-03-20,24.9,16.0,19.0,15.4,12.7,28.4,20.83,Antsirabe,-19.867,47.033,1507.0
2019-03-21,24.6,16.5,19.0,5.7,14.2,31.3,17.42,Antsirabe,-19.867,47.033,1507.0
2019-03-22,24.4,15.1,18.7,48.4,13.8,32.0,20.59,Antsirabe,-19.867,47.033,1507.0
2019-03-23,23.8,15.9,18.9,25.4,11.7,27.4,19.09,Antsirabe,-19.867,47.033,1507.0
2019-03-24,24.0,15.6,18.9,13.5,13.2,28.4,18.33,Antsirabe,-19.867,47.033,1507.0
2019-03-25,23.9,16.0,19.1,4.7,8.7,23.0,20.03,Antsirabe,-19.867,47.033,1507.0
2019-03-26,24.4,15.2,18.7,3.7,14.8,33.5,19.98,Antsirabe,-19.867,47.033,1507.0
2019-03-27,24.8,14.5,18.1,5.9,13.0,29.2,19.74,Antsirabe,-19.867,47.033,1507.0
2019-03-28,24.4,15.3,18.9,2.3,15.2,32.0,20.12,Antsirabe,-19.867,47.033,1507.0
2019-03-29,24.2,13.6,18.1,1.7,8.7,24.1,19.6,Antsirabe,-19.867,47.033,1507.0
2019-03-30,23.3,14.6,18.0,2.7,13.0,33.8,20.49,Antsirabe,-19.867,47.033,1507.0
2019-03-31,24.0,14.6,18.6,0.2,16.6,36.7,22.28,Antsirabe,-19.867,47.033,1507.0
2019-04-01,24.3,14.2,18.4,0.5,16.3,35.6,23.94,Antsirabe,-19.867,47.033,1507.0
2019-04-02,24.6,14.1,18.8,0.3,10.3,24.1,22.4,Antsirabe,-19.867,47.033,1507.0
2019-04-03,23.8,14.4,18.3,19.0,13.3,29.9,18.21,Antsirabe,-19.867,47.033,1507.0
2019-04-04,22.4,15.5,18.0,18.3,15.3,32.8,14.19,Antsirabe,-19.867,47.033,1507.0
2019-04-05,23.9,14.6,18.2,10.1,12.9,25.6,16.4,Antsirabe,-19.867,47.033,1507.0
2019-04-06,24.2,15.3,18.6,5.5,17.3,35.3,18.67,Antsirabe,-19.867,47.033,1507.0
2019-04-07,24.5,15.4,18.6,0.4,15.3,35.6,22.42,Antsirabe,-19.867,47.033,1507.0
2019-04-08,24.4,12.1,18.2,0.6,11.0,27.7,23.31,Antsirabe,-19.867,47.033,1507.0
2019-04-09,24.4,13.5,18.5,0.1,11.0,23.4,23.33,Antsirabe,-19.867,47.033,1507.0
2019-04-10,25.0,14.1,18.5,0.0,9.4,20.2,23.49,Antsirabe,-19.867,47.033,1507.0
2019-04-11,25.1,13.9,18.5,0.0,9.2,22.3,23.81,Antsirabe,-19.867,47.033,1507.0
2019-04-12,24.8,13.3,18.2,0.1,13.3,29.5,21.6,Antsirabe,-19.867,47.033,1507.0
2019-04-13,24.9,13.6,18.3,0.4,10.1,25.6,19.8,Antsirabe,-19.867,47.033,1507.0
2019-04-14,25.2,14.4,18.7,0.6,8.3,22.7,19.97,Antsirabe,-19.867,47.033,1507.0
2019-04-15,24.5,14.2,18.0,1.2,12.0,29.5,18.76,Antsirabe,-19.867,47.033,1507.0
2019-04-16,25.6,14.9,19.0,0.5,16.1,33.1,20.39,Antsirabe,-19.867,47.033,1507.0
2019-04-17,25.1,13.7,18.6,2.0,6.4,22.3,19.1,Antsirabe,-19.867,47.033,1507.0
2019-04-18,24.7,14.7,18.8,0.8,12.9,28.4,19.14,Antsirabe,-19.867,47.033,1507.0
2019-04-19,24.6,14.7,18.6,1.2,13.7,31.0,18.66,Antsirabe,-19.867,47.033,1507.0
2019-04-20,24.1,14.9,18.8,2.3,15.0,33.5,19.69,Antsirabe,-19.867,47.033,1507.0
2019-04-21,24.7,15.4,18.9,0.7,12.2,28.1,20.1,Antsirabe,-19.867,47.033,1507.0
2019-04-22,24.6,14.2,18.2,0.0,10.4,23.0,21.96,Antsirabe,-19.867,47.033,1507.0
2019-04-23,25.1,12.8,18.9,0.2,11.4,27.0,21.08,Antsirabe,-19.867,47.033,1507.0
2019-04-24,24.2,15.7,19.1,2.2,17.6,36.4,15.36,Antsirabe,-19.867,47.033,1507.0
2019-04-25,23.5,15.9,18.8,4.2,11.5,25.9,15.18,Antsirabe,-19.867,47.033,1507.0
2019-04-26,23.0,14.0,18.0,5.9,15.1,33.5,16.66,Antsirabe,-19.867,47.033,1507.0
2019-04-27,21.6,14.2,17.7,1.4,9.7,25.6,12.39,Antsirabe,-19.867,47.033,1507.0
2019-04-28,22.7,13.8,17.4,1.6,12.4,26.3,17.38,Antsirabe,-19.867,47.033,1507.0
2019-04-29,21.2,13.6,16.5,0.2,17.2,37.8,17.2,Antsirabe,-19.867,47.033,1507.0
2019-04-30,20.1,10.1,14.8,0.0,19.8,41.4,20.77,Antsirabe,-19.867,47.033,1507.0
2019-05-01,20.9,11.9,15.3,0.0,14.7,33.8,20.97,Antsirabe,-19.867,47.033,1507.0
2019-05-02,21.0,10.5,15.1,0.0,15.6,35.6,21.46,Antsirabe,-19.867,47.033,1507.0
2019-05-03,19.8,9.8,14.8,0.8,17.1,37.8,12.52,Antsirabe,-19.867,47.033,1507.0
2019-05-04,21.2,11.6,15.9,0.0,18.4,38.2,13.08,Antsirabe,-19.867,47.033,1507.0
2019-05-05,21.7,13.7,17.0,0.0,13.7,30.6,14.67,Antsirabe,-19.867,47.033,1507.0
2019-05-06,22.3,10.9,16.3,0.0,13.4,31.3,20.46,Antsirabe,-19.867,47.033,1507.0
2019-05-07,22.3,11.9,15.8,0.0,14.3,29.2,19.96,Antsirabe,-19.867,47.033,1507.0
2019-05-08,19.9,11.1,15.2,0.2,21.6,45.0,12.92,Antsirabe,-19.867,47.033,1507.0
2019-05-09,20.9,14.0,16.7,1.6,19.5,42.5,14.26,Antsirabe,-19.867,47.033,1507.0
2019-05-10,22.3,12.4,16.6,1.8,16.8,37.1,17.82,Antsirabe,-19.867,47.033,1507.0
2019-05-11,22.4,10.9,16.0,0.0,13.3,32.0,17.51,Antsirabe,-19.867,47.033,1507.0
2019-05-12,21.0,7.8,13.8,0.0,16.7,36.7,19.85,Antsirabe,-19.867,47.033,1507.0
2019-05-13,21.4,5.7,12.5,0.0,16.9,37.8,19.79,Antsirabe,-19.867,47.033,1507.0
2019-05-14,21.5,8.6,14.6,0.0,15.7,34.6,18.85,Antsirabe,-19.867,47.033,1507.0
2019-05-15,21.5,12.5,16.6,0.5,11.9,23.0,16.75,Antsirabe,-19.867,47.033,1507.0
2019-05-16,20.3,11.6,15.7,4.3,9.2,20.2,10.93,Antsirabe,-19.867,47.033,1507.0
2019-05-17,21.7,11.4,15.6,0.2,10.8,22.7,16.34,Antsirabe,-19.867,47.033,1507.0
2019-05-18,21.6,9.5,15.1,0.3,13.3,25.2,18.17,Antsirabe,-19.867,47.033,1507.0
2019-05-19,21.6,10.8,15.7,0.8,13.1,26.6,17.51,Antsirabe,-19.867,47.033,1507.0
2019-05-20,20.7,11.5,15.5,0.5,10.1,31.3,13.64,Antsirabe,-19.867,47.033,1507.0
2019-05-21,22.1,12.0,15.7,3.8,13.7,31.7,14.07,Antsirabe,-19.867,47.033,1507.0
2019-05-22,21.4,9.9,14.6,0.7,13.5,30.2,15.37,Antsirabe,-19.867,47.033,1507.0
2019-05-23,22.0,10.3,14.9,0.0,15.5,35.3,17.31,Antsirabe,-19.867,47.033,1507.0
2019-05-24,21.7,11.1,15.9,0.0,12.6,25.6,17.59,Antsirabe,-19.867,47.033,1507.0
2019-05-25,21.2,11.0,15.3,0.0,12.5,27.0,18.11,Antsirabe,-19.867,47.033,1507.0
2019-05-26,20.6,11.0,15.0,0.0,11.1,26.6,17.78,Antsirabe,-19.867,47.033,1507.0
2019-05-27,20.3,11.1,15.1,0.1,12.8,28.1,14.7,Antsirabe,-19.867,47.033,1507.0
2019-05-28,18.4,10.1,14.3,0.4,18.0,37.8,11.1,Antsirabe,-19.867,47.033,1507.0
2019-05-29,20.2,10.0,14.3,0.6,16.1,34.9,13.42,Antsirabe,-19.867,47.033,1507.0
2019-05-30,19.3,11.2,14.4,1.6,14.7,31.0,14.12,Antsirabe,-19.867,47.033,1507.0
2019-05-31,17.9,8.1,13.4,0.4,20.2,43.9,15.37,Antsirabe,-19.867,47.033,1507.0
2019-06-01,19.6,5.2,12.0,0.0,10.0,27.0,18.35,Antsirabe,-19.867,47.033,1507.0
2019-06-02,19.0,9.0,13.4,0.3,16.1,36.0,12.9,Antsirabe,-19.867,47.033,1507.0
2019-06-03,19.0,10.4,14.6,0.4,18.2,38.5,11.6,Antsirabe,-19.867,47.033,1507.0
2019-06-04,18.5,11.7,14.7,1.0,23.8,48.6,11.44,Antsirabe,-19.867,47.033,1507.0
2019-06-05,18.5,10.4,13.6,0.1,18.8,40.3,10.54,Antsirabe,-19.867,47.033,1507.0
2019-06-06,19.3,10.9,13.9,0.0,18.4,38.5,15.97,Antsirabe,-19.867,47.033,1507.0
2019-06-07,20.6,11.3,15.2,0.0,15.6,35.6,15.19,Antsirabe,-19.867,47.033,1507.0
2019-06-08,20.6,8.7,14.5,0.1,12.8,30.2,17.1,Antsirabe,-19.867,47.033,1507.0
2019-06-09,19.7,9.9,13.7,0.0,16.6,35.6,17.75,Antsirabe,-19.867,47.033,1507.0
2019-06-10,19.3,10.7,14.2,0.0,26.1,54.7,12.91,Antsirabe,-19.867,47.033,1507.0
2019-06-11,18.1,10.0,13.5,0.0,17.4,38.5,13.26,Antsirabe,-19.867,47.033,1507.0
2019-06-12,18.0,8.1,12.2,0.0,14.9,34.9,18.43,Antsirabe,-19.867,47.033,1507.0
2019-06-13,18.9,7.9,12.2,0.0,15.8,35.3,17.69,Antsirabe,-19.867,47.033,1507.0
2019-06-14,20.1,4.7,11.9,0.0,11.8,24.8,18.23,Antsirabe,-19.867,47.033,1507.0
2019-06-15,19.4,9.6,13.9,0.0,16.9,37.4,14.28,Antsirabe,-19.867,47.033,1507.0
2019-06-16,19.1,9.8,13.5,0.0,15.5,34.9,16.81,Antsirabe,-19.867,47.033,1507.0
2019-06-17,20.0,9.9,14.3,0.0,17.7,38.2,16.47,Antsirabe,-19.867,47.033,1507.0
2019-06-18,19.6,10.2,14.6,0.0,13.4,31.0,16.97,Antsirabe,-19.867,47.033,1507.0
2019-06-19,20.2,8.5,13.5,0.0,14.3,31.7,14.79,Antsirabe,-19.867,47.033,1507.0
2019-06-20,14.1,9.9,11.3,7.3,20.0,47.2,5.74,Antsirabe,-19.867,47.033,1507.0
2019-06-21,16.2,9.4,12.1,1.1,26.0,53.3,9.01,Antsirabe,-19.867,47.033,1507.0
2019-06-22,16.2,9.3,11.8,3.6,17.3,37.8,9.34,Antsirabe,-19.867,47.033,1507.0
2019-06-23,17.6,9.3,12.5,3.7,13.3,31.3,11.52,Antsirabe,-19.867,47.033,1507.0
2019-06-24,19.1,9.6,13.6,0.4,10.7,28.8,14.72,Antsirabe,-19.867,47.033,1507.0
2019-06-25,17.7,8.5,12.4,1.4,9.6,24.8,14.31,Antsirabe,-19.867,47.033,1507.0
2019-06-26,19.3,7.9,13.3,0.0,14.2,31.7,13.47,Antsirabe,-19.867,47.033,1507.0
2019-06-27,19.4,9.1,13.7,0.1,16.6,35.6,11.67,Antsirabe,-19.867,47.033,1507.0
2019-06-28,19.7,12.8,15.7,8.8,20.1,42.8,9.32,Antsirabe,-19.867,47.033,1507.0
2019-06-29,20.4,14.0,16.0,2.8,19.9,42.5,10.63,Antsirabe,-19.867,47.033,1507.0
2019-06-30,20.2,10.7,15.1,0.0,17.2,36.0,15.63,Antsirabe,-19.867,47.033,1507.0
2019-07-01,20.0,8.6,13.0,0.0,13.0,30.6,17.73,Antsirabe,-19.867,47.033,1507.0
2019-07-02,19.1,7.4,12.0,0.0,12.0,28.4,17.7,Antsirabe,-19.867,47.033,1507.0
2019-07-03,19.7,5.7,12.4,0.0,14.1,32.8,18.4,Antsirabe,-19.867,47.033,1507.0
2019-07-04,19.1,4.6,11.6,0.0,15.8,36.0,18.46,Antsirabe,-19.867,47.033,1507.0
2019-07-05,20.5,9.6,14.3,0.0,14.4,33.8,16.25,Antsirabe,-19.867,47.033,1507.0
2019-07-06,20.6,8.7,14.1,0.0,13.8,29.2,17.23,Antsirabe,-19.867,47.033,1507.0
2019-07-07,21.3,10.0,14.6,0.0,14.8,34.6,16.98,Antsirabe,-19.867,47.033,1507.0
2019-07-08,22.7,8.5,14.7,0.0,15.7,34.2,17.99,Antsirabe,-19.867,47.033,1507.0
2019-07-09,22.4,9.0,15.1,0.0,15.1,34.6,17.69,Antsirabe,-19.867,47.033,1507.0
2019-07-10,21.3,6.5,12.6,0.0,12.6,28.4,18.21,Antsirabe,-19.867,47.033,1507.0
2019-07-11,20.9,9.5,14.3,0.0,11.8,26.6,18.0,Antsirabe,-19.867,47.033,1507.0
2019-07-12,19.3,8.7,13.0,0.0,13.1,31.3,18.71,Antsirabe,-19.867,47.033,1507.0
2019-07-13,20.7,7.0,12.4,0.0,12.1,24.5,18.9,Antsirabe,-19.867,47.033,1507.0
2019-07-14,20.0,6.1,11.2,0.0,12.4,27.7,19.09,Antsirabe,-19.867,47.033,1507.0
2019-07-15,17.4,5.2,10.5,0.0,17.9,40.3,19.16,Antsirabe,-19.867,47.033,1507.0
2019-07-16,16.2,9.8,12.6,0.6,22.5,46.4,10.92,Antsirabe,-19.867,47.033,1507.0
2019-07-17,16.1,6.8,11.0,0.0,23.9,49.7,15.26,Antsirabe,-19.867,47.033,1507.0
2019-07-18,17.8,7.5,11.7,0.0,16.1,37.1,18.04,Antsirabe,-19.867,47.033,1507.0
2019-07-19,17.9,9.0,12.7,0.0,18.0,39.2,15.26,Antsirabe,-19.867,47.033,1507.0
2019-07-20,20.8,6.5,12.8,0.0,16.9,36.0,19.2,Antsirabe,-19.867,47.033,1507.0
2019-07-21,18.2,7.3,12.7,0.0,21.3,46.4,19.4,Antsirabe,-19.867,47.033,1507.0
2019-07-22,15.5,3.7,9.5,0.0,14.3,35.3,19.66,Antsirabe,-19.867,47.033,1507.0
2019-07-23,17.7,2.4,9.4,0.0,17.0,39.2,20.03,Antsirabe,-19.867,47.033,1507.0
2019-07-24,18.5,5.8,11.6,0.0,19.5,39.2,17.19,Antsirabe,-19.867,47.033,1507.0
2019-07-25,19.3,5.8,12.3,0.0,14.2,34.6,19.82,Antsirabe,-19.867,47.033,1507.0
2019-07-26,19.7,6.9,11.8,0.0,17.5,36.4,18.89,Antsirabe,-19.867,47.033,1507.0
2019-07-27,18.9,8.3,12.3,0.0,16.6,36.0,18.55,Antsirabe,-19.867,47.033,1507.0
2019-07-28,21.9,6.9,13.0,0.0,20.3,40.0,19.6,Antsirabe,-19.867,47.033,1507.0
2019-07-29,20.0,11.6,15.1,0.1,16.2,35.3,13.46,Antsirabe,-19.867,47.033,1507.0
2019-07-30,21.2,12.9,16.1,0.0,19.9,43.9,14.76,Antsirabe,-19.867,47.033,1507.0
2019-07-31,23.1,13.8,17.0,0.1,17.6,38.5,16.82,Antsirabe,-19.867,47.033,1507.0
2019-08-01,24.4,11.7,16.5,0.0,11.8,27.4,18.98,Antsirabe,-19.867,47.033,1507.0
2019-08-02,22.7,10.0,15.0,0.0,16.6,37.4,20.34,Antsirabe,-19.867,47.033,1507.0
2019-08-03,20.5,9.1,13.6,0.0,17.4,39.6,20.55,Antsirabe,-19.867,47.033,1507.0
2019-08-04,21.3,7.2,13.2,0.0,13.7,29.5,20.83,Antsirabe,-19.867,47.033,1507.0
2019-08-05,22.1,5.5,13.1,0.0,15.8,36.4,21.15,Antsirabe,-19.867,47.033,1507.0
2019-08-06,21.5,5.3,12.7,0.0,14.6,34.9,21.25,Antsirabe,-19.867,47.033,1507.0
2019-08-07,21.1,4.5,11.9,0.0,24.0,51.5,21.91,Antsirabe,-19.867,47.033,1507.0
2019-08-08,22.2,6.0,13.3,0.0,20.6,45.0,21.7,Antsirabe,-19.867,47.033,1507.0
2019-08-09,23.8,2.9,12.6,0.0,12.9,27.4,21.92,Antsirabe,-19.867,47.033,1507.0
2019-08-10,20.9,5.6,12.6,0.0,19.4,43.9,21.97,Antsirabe,-19.867,47.033,1507.0
2019-08-11,20.7,7.9,13.8,0.0,17.4,40.3,20.91,Antsirabe,-19.867,47.033,1507.0
2019-08-12,19.7,11.0,14.4,1.2,16.5,35.6,12.68,Antsirabe,-19.867,47.033,1507.0
2019-08-13,21.1,8.0,14.4,0.0,16.8,34.2,21.6,Antsirabe,-19.867,47.033,1507.0
2019-08-14,20.7,9.6,13.9,0.0,18.3,37.8,21.09,Antsirabe,-19.867,47.033,1507.0
2019-08-15,23.2,5.2,13.5,0.0,20.1,42.5,22.45,Antsirabe,-19.867,47.033,1507.0
2019-08-16,21.7,8.6,13.9,0.0,15.5,34.2,21.16,Antsirabe,-19.867,47.033,1507.0
2019-08-17,22.6,6.0,14.1,0.0,12.8,31.7,22.38,Antsirabe,-19.867,47.033,1507.0
2019-08-18,21.1,6.2,13.4,0.0,12.4,28.4,21.09,Antsirabe,-19.867,47.033,1507.0
2019-08-19,20.5,6.2,13.6,0.0,15.8,37.4,22.82,Antsirabe,-19.867,47.033,1507.0
2019-08-20,20.7,10.0,15.0,0.3,16.6,36.4,15.47,Antsirabe,-19.867,47.033,1507.0
2019-08-21,24.0,11.2,16.5,1.1,16.3,34.2,16.46,Antsirabe,-19.867,47.033,1507.0
2019-08-22,21.9,12.1,15.6,1.0,17.4,36.7,15.48,Antsirabe,-19.867,47.033,1507.0
2019-08-23,22.8,10.1,15.9,0.0,14.9,32.0,16.65,Antsirabe,-19.867,47.033,1507.0
2019-08-24,24.4,10.0,16.0,0.0,15.3,32.8,22.85,Antsirabe,-19.867,47.033,1507.0
2019-08-25,21.3,7.6,13.7,0.0,16.1,33.8,23.26,Antsirabe,-19.867,47.033,1507.0
2019-08-26,23.2,8.4,14.6,0.0,14.6,32.8,23.81,Antsirabe,-19.867,47.033,1507.0
2019-08-27,23.2,10.0,15.2,0.0,14.8,35.3,23.46,Antsirabe,-19.867,47.033,1507.0
2019-08-28,23.9,8.7,15.2,0.0,12.4,23.4,23.59,Antsirabe,-19.867,47.033,1507.0
2019-08-29,24.4,8.0,14.9,0.0,15.9,30.2,23.61,Antsirabe,-19.867,47.033,1507.0
2019-08-30,23.4,9.4,15.2,0.0,16.3,34.2,23.63,Antsirabe,-19.867,47.033,1507.0
2019-08-31,23.3,9.4,15.5,0.0,18.5,41.0,23.84,Antsirabe,-19.867,47.033,1507.0
2019-09-01,22.5,8.6,15.9,0.0,17.4,35.3,18.84,Antsirabe,-19.867,47.033,1507.0
2019-09-02,24.3,9.5,16.9,0.0,15.4,33.1,23.5,Antsirabe,-19.867,47.033,1507.0
2019-09-03,23.0,7.4,15.3,0.0,16.9,36.4,24.52,Antsirabe,-19.867,47.033,1507.0
2019-09-04,23.2,9.0,15.4,0.0,17.7,37.1,19.01,Antsirabe,-19.867,47.033,1507.0
2019-09-05,23.9,8.5,15.7,0.0,16.1,32.0,21.2,Antsirabe,-19.867,47.033,1507.0
2019-09-06,23.8,9.3,16.3,0.0,13.1,31.0,20.22,Antsirabe,-19.867,47.033,1507.0
2019-09-07,17.2,10.2,13.0,0.3,21.7,46.8,15.07,Antsirabe,-19.867,47.033,1507.0
2019-09-08,16.7,9.9,12.6,0.1,26.2,54.7,10.71,Antsirabe,-19.867,47.033,1507.0
2019-09-09,20.8,11.1,14.9,0.0,23.4,49.7,18.4,Antsirabe,-19.867,47.033,1507.0
2019-09-10,22.5,11.2,15.3,1.5,15.8,34.6,19.43,Antsirabe,-19.867,47.033,1507.0
2019-09-11,22.1,9.8,15.8,1.0,14.8,32.4,18.96,Antsirabe,-19.867,47.033,1507.0
2019-09-12,21.4,11.1,15.3,0.8,15.8,36.0,15.43,Antsirabe,-19.867,47.033,1507.0
2019-09-13,24.2,12.0,16.6,0.1,15.3,29.5,20.41,Antsirabe,-19.867,47.033,1507.0
2019-09-14,22.9,12.1,17.1,0.0,13.5,28.1,15.56,Antsirabe,-19.867,47.033,1507.0
2019-09-15,25.1,10.6,17.4,0.0,13.0,33.1,23.09,Antsirabe,-19.867,47.033,1507.0
2019-09-16,26.1,8.8,17.4,0.0,14.3,34.6,26.1,Antsirabe,-19.867,47.033,1507.0
2019-09-17,25.9,12.0,17.8,0.0,22.0,44.6,24.56,Antsirabe,-19.867,47.033,1507.0
2019-09-18,25.5,13.0,18.0,0.0,15.0,28.8,24.22,Antsirabe,-19.867,47.033,1507.0
2019-09-19,26.5,11.8,18.0,0.0,16.6,34.2,26.21,Antsirabe,-19.867,47.033,1507.0
2019-09-20,25.4,11.1,16.9,0.0,19.5,37.8,26.08,Antsirabe,-19.867,47.033,1507.0
2019-09-21,23.4,10.5,15.6,0.0,19.3,39.6,25.79,Antsirabe,-19.867,47.033,1507.0
2019-09-22,22.3,10.5,15.1,0.0,19.9,40.7,21.66,Antsirabe,-19.867,47.033,1507.0
2019-09-23,23.2,9.6,15.2,0.0,18.9,38.5,26.78,Antsirabe,-19.867,47.033,1507.0
2019-09-24,25.3,10.2,17.2,0.0,19.1,37.8,26.57,Antsirabe,-19.867,47.033,1507.0
2019-09-25,24.4,11.6,18.1,0.1,18.8,43.2,20.17,Antsirabe,-19.867,47.033,1507.0
2019-09-26,21.7,12.6,16.8,2.4,17.1,38.9,18.04,Antsirabe,-19.867,47.033,1507.0
2019-09-27,22.9,11.6,16.6,0.0,22.6,46.8,16.83,Antsirabe,-19.867,47.033,1507.0
2019-09-28,22.9,12.5,16.6,34.7,20.4,42.5,13.84,Antsirabe,-19.867,47.033,1507.0
2019-09-29,22.6,13.4,17.3,5.3,17.6,43.9,21.03,Antsirabe,-19.867,47.033,1507.0
2019-09-30,23.8,11.7,17.5,0.7,16.4,38.9,23.14,Antsirabe,-19.867,47.033,1507.0
2019-10-01,24.4,13.8,17.7,1.8,11.4,29.9,20.29,Antsirabe,-19.867,47.033,1507.0
2019-10-02,24.8,12.4,17.5,11.3,14.8,35.6,18.89,Antsirabe,-19.867,47.033,1507.0
2019-10-03,24.9,13.8,18.5,0.2,13.6,32.4,23.81,Antsirabe,-19.867,47.033,1507.0
2019-10-04,23.6,14.4,18.2,2.0,14.6,33.1,21.1,Antsirabe,-19.867,47.033,1507.0
2019-10-05,22.1,13.8,17.0,13.8,15.1,33.1,18.17,Antsirabe,-19.867,47.033,1507.0
2019-10-06,22.8,13.3,16.9,0.8,18.7,40.3,23.9,Antsirabe,-19.867,47.033,1507.0
2019-10-07,22.4,11.9,16.3,0.0,18.9,40.3,24.6,Antsirabe,-19.867,47.033,1507.0
2019-10-08,23.5,11.6,16.4,0.0,19.2,39.2,24.6,Antsirabe,-19.867,47.033,1507.0
2019-10-09,24.8,11.0,16.6,0.5,18.2,39.2,25.44,Antsirabe,-19.867,47.033,1507.0
2019-10-10,24.7,12.7,17.3,0.2,16.1,34.6,24.51,Antsirabe,-19.867,47.033,1507.0
2019-10-11,23.4,12.6,17.2,5.7,12.0,23.4,21.59,Antsirabe,-19.867,47.033,1507.0
2019-10-12,22.7,14.0,17.4,1.9,13.6,29.2,21.16,Antsirabe,-19.867,47.033,1507.0
2019-10-13,23.6,14.1,18.1,0.8,11.2,25.6,20.62,Antsirabe,-19.867,47.033,1507.0
2019-10-14,22.9,13.9,17.0,9.7,11.2,32.4,17.9,Antsirabe,-19.867,47.033,1507.0
2019-10-15,22.6,12.9,17.1,2.6,17.3,41.8,22.2,Antsirabe,-19.867,47.033,1507.0
2019-10-16,22.4,12.8,16.6,0.8,16.4,35.3,21.11,Antsirabe,-19.867,47.033,1507.0
2019-10-17,22.0,12.0,16.2,1.5,18.8,39.2,18.03,Antsirabe,-19.867,47.033,1507.0
2019-10-18,24.0,11.7,16.4,0.0,14.8,32.8,26.38,Antsirabe,-19.867,47.033,1507.0
2019-10-19,24.0,9.9,15.9,0.0,14.7,30.6,29.52,Antsirabe,-19.867,47.033,1507.0
2019-10-20,25.1,11.4,17.0,0.0,15.6,34.9,28.72,Antsirabe,-19.867,47.033,1507.0
2019-10-21,25.4,11.8,18.3,0.0,14.2,30.2,25.35,Antsirabe,-19.867,47.033,1507.0
2019-10-22,25.7,14.0,19.5,0.0,13.6,27.0,23.71,Antsirabe,-19.867,47.033,1507.0
2019-10-23,25.6,13.2,19.3,0.0,16.3,37.4,24.21,Antsirabe,-19.867,47.033,1507.0
2019-10-24,28.8,12.6,20.2,0.0,13.2,29.5,29.91,Antsirabe,-19.867,47.033,1507.0
2019-10-25,29.7,10.6,20.5,0.0,16.7,38.9,30.14,Antsirabe,-19.867,47.033,1507.0
2019-10-26,31.0,11.5,21.3,0.0,22.2,45.0,28.86,Antsirabe,-19.867,47.033,1507.0
2019-10-27,29.9,14.9,21.8,0.0,18.1,37.4,26.12,Antsirabe,-19.867,47.033,1507.0
2019-10-28,28.4,13.7,21.2,0.2,17.6,44.6,24.0,Antsirabe,-19.867,47.033,1507.0
2019-10-29,30.2,12.8,21.9,0.4,17.7,42.5,25.89,Antsirabe,-19.867,47.033,1507.0
2019-10-30,29.9,12.3,21.5,0.0,18.1,38.5,27.38,Antsirabe,-19.867,47.033,1507.0
2019-10-31,28.4,13.0,21.4,0.9,12.3,28.1,19.28,Antsirabe,-19.867,47.033,1507.0
2019-11-01,25.2,14.3,18.5,11.2,13.2,32.8,17.64,Antsirabe,-19.867,47.033,1507.0
2019-11-02,24.6,13.3,17.3,0.2,17.3,34.6,24.21,Antsirabe,-19.867,47.033,1507.0
2019-11-03,24.9,12.8,17.7,0.0,18.8,40.0,25.78,Antsirabe,-19.867,47.033,1507.0
2019-11-04,25.3,13.0,18.7,0.0,15.3,36.7,23.81,Antsirabe,-19.867,47.033,1507.0
2019-11-05,28.7,12.0,19.8,0.0,18.8,40.0,30.52,Antsirabe,-19.867,47.033,1507.0
2019-11-06,28.4,12.4,19.7,0.0,19.0,39.6,30.66,Antsirabe,-19.867,47.033,1507.0
2019-11-07,27.8,12.9,19.1,0.0,16.1,35.3,24.99,Antsirabe,-19.867,47.033,1507.0
2019-11-08,29.5,11.4,19.7,0.0,17.3,38.5,29.82,Antsirabe,-19.867,47.033,1507.0
2019-11-09,29.8,13.3,21.1,0.1,16.0,37.8,27.03,Antsirabe,-19.867,47.033,1507.0
2019-11-10,29.8,12.6,20.8,0.1,15.5,34.9,27.51,Antsirabe,-19.867,47.033,1507.0
2019-11-11,28.9,14.6,20.7,0.9,17.1,36.0,24.36,Antsirabe,-19.867,47.033,1507.0
2019-11-12,27.5,12.8,20.1,5.9,13.1,33.1,24.33,Antsirabe,-19.867,47.033,1507.0
2019-11-13,26.7,15.0,19.9,5.8,16.6,39.6,23.42,Antsirabe,-19.867,47.033,1507.0
2019-11-14,27.0,14.2,20.1,1.4,19.1,43.6,25.96,Antsirabe,-19.867,47.033,1507.0
2019-11-15,26.8,13.0,19.9,1.2,17.3,40.7,26.68,Antsirabe,-19.867,47.033,1507.0
2019-11-16,26.0,14.9,20.3,3.8,22.7,50.8,23.79,Antsirabe,-19.867,47.033,1507.0
2019-11-17,23.2,16.5,19.2,20.7,26.3,56.5,18.15,Antsirabe,-19.867,47.033,1507.0
2019-11-18,25.4,14.9,19.5,6.5,18.2,42.1,24.46,Antsirabe,-19.867,47.033,1507.0
2019-11-19,27.3,13.0,19.8,1.8,13.8,33.1,24.55,Antsirabe,-19.867,47.033,1507.0
2019-11-20,26.8,15.5,19.5,13.5,12.4,36.4,20.81,Antsirabe,-19.867,47.033,1507.0
2019-11-21,25.5,15.1,19.5,13.8,11.8,33.1,22.5,Antsirabe,-19.867,47.033,1507.0
2019-11-22,25.0,15.3,19.9,1.1,21.0,45.0,25.74,Antsirabe,-19.867,47.033,1507.0
2019-11-23,24.2,15.1,18.8,21.9,15.2,36.0,18.79,Antsirabe,-19.867,47.033,1507.0
2019-11-24,23.2,16.0,18.2,17.6,14.6,31.3,15.62,Antsirabe,-19.867,47.033,1507.0
2019-11-25,24.4,14.3,18.2,11.4,12.7,30.6,19.74,Antsirabe,-19.867,47.033,1507.0
2019-11-26,24.4,14.5,18.5,3.5,10.9,27.7,20.45,Antsirabe,-19.867,47.033,1507.0
2019-11-27,25.1,14.4,19.3,0.0,13.1,30.6,24.82,Antsirabe,-19.867,47.033,1507.0
2019-11-28,26.4,14.7,19.7,0.0,14.5,29.5,31.21,Antsirabe,-19.867,47.033,1507.0
2019-11-29,26.3,14.1,19.8,0.0,15.7,36.0,28.68,Antsirabe,-19.867,47.033,1507.0
2019-11-30,25.9,15.4,20.1,0.0,12.6,31.3,27.76,Antsirabe,-19.867,47.033,1507.0
2019-12-01,25.2,13.9,19.1,0.0,13.3,29.2,26.21,Antsirabe,-19.867,47.033,1507.0
2019-12-02,25.9,14.0,19.2,0.0,13.8,29.5,28.13,Antsirabe,-19.867,47.033,1507.0
2019-12-03,27.9,13.3,19.5,0.0,14.3,32.4,30.47,Antsirabe,-19.867,47.033,1507.0
2019-12-04,28.0,13.6,20.5,0.0,11.8,26.3,30.66,Antsirabe,-19.867,47.033,1507.0
2019-12-05,28.6,14.9,21.2,0.0,16.0,33.1,29.61,Antsirabe,-19.867,47.033,1507.0
2019-12-06,26.0,15.7,19.7,10.0,9.7,24.8,23.55,Antsirabe,-19.867,47.033,1507.0
2019-12-07,25.3,13.8,19.9,2.1,18.4,43.9,26.18,Antsirabe,-19.867,47.033,1507.0
2019-12-08,25.5,15.1,20.5,1.9,13.5,33.8,25.41,Antsirabe,-19.867,47.033,1507.0
2019-12-09,28.1,15.0,20.0,13.1,14.5,38.9,23.65,Antsirabe,-19.867,47.033,1507.0
2019-12-10,27.7,16.5,20.6,1.6,12.7,30.2,21.11,Antsirabe,-19.867,47.033,1507.0
2019-12-11,24.3,16.0,19.9,15.2,13.9,44.3,19.03,Antsirabe,-19.867,47.033,1507.0
2019-12-12,26.2,15.7,20.0,2.5,16.8,37.1,25.29,Antsirabe,-19.867,47.033,1507.0
2019-12-13,25.5,16.9,20.0,7.0,18.4,45.7,24.37,Antsirabe,-19.867,47.033,1507.0
2019-12-14,25.4,15.9,20.1,2.9,14.0,34.6,24.55,Antsirabe,-19.867,47.033,1507.0
2019-12-15,25.4,16.9,20.3,1.5,17.7,38.5,25.46,Antsirabe,-19.867,47.033,1507.0
2019-12-16,23.0,16.3,19.5,2.1,17.0,37.4,18.31,Antsirabe,-19.867,47.033,1507.0
2019-12-17,24.0,15.8,19.3,11.0,14.2,32.4,16.91,Antsirabe,-19.867,47.033,1507.0
2019-12-18,25.1,15.7,19.5,2.0,11.7,27.0,20.25,Antsirabe,-19.867,47.033,1507.0
2019-12-19,24.1,12.0,18.8,2.5,14.5,33.5,22.79,Antsirabe,-19.867,47.033,1507.0
2019-12-20,26.3,13.7,19.3,0.0,14.7,32.4,29.51,Antsirabe,-19.867,47.033,1507.0
2019-12-21,24.2,12.8,18.4,1.9,18.9,42.1,22.06,Antsirabe,-19.867,47.033,1507.0
2019-12-22,24.3,14.4,18.7,1.0,20.0,41.8,18.87,Antsirabe,-19.867,47.033,1507.0
2019-12-23,25.5,13.9,19.0,0.0,17.5,40.7,27.42,Antsirabe,-19.867,47.033,1507.0
2019-12-24,23.7,12.1,17.8,5.1,22.5,52.2,21.73,Antsirabe,-19.867,47.033,1507.0
2019-12-25,24.3,15.2,19.2,0.1,28.1,58.0,26.66,Antsirabe,-19.867,47.033,1507.0
2019-12-26,25.7,14.6,19.7,0.0,23.2,49.7,26.59,Antsirabe,-19.867,47.033,1507.0
2019-12-27,26.8,16.0,20.5,0.2,15.5,35.6,26.45,Antsirabe,-19.867,47.033,1507.0
2019-12-28,26.9,13.6,19.7,0.5,12.1,27.4,26.28,Antsirabe,-19.867,47.033,1507.0
2019-12-29,27.1,16.6,21.1,1.1,14.4,31.0,28.95,Antsirabe,-19.867,47.033,1507.0
2019-12-30,27.7,16.3,21.0,0.2,15.2,38.9,26.75,Antsirabe,-19.867,47.033,1507.0
2019-12-31,26.3,16.1,20.2,4.6,14.8,37.8,23.44,Antsirabe,-19.867,47.033,1507.0
2020-01-01,24.1,16.7,19.4,22.5,14.1,36.0,15.83,Antsirabe,-19.867,47.033,1507.0
2020-01-02,25.4,16.5,19.5,20.4,12.1,30.2,23.44,Antsirabe,-19.867,47.033,1507.0
2020-01-03,23.3,16.7,19.3,46.1,19.0,45.0,20.62,Antsirabe,-19.867,47.033,1507.0
2020-01-04,24.4,15.9,19.1,20.1,9.3,31.0,19.71,Antsirabe,-19.867,47.033,1507.0
2020-01-05,24.5,13.8,18.6,8.7,12.8,28.4,25.2,Antsirabe,-19.867,47.033,1507.0
2020-01-06,24.4,15.5,19.2,6.3,10.8,27.0,24.49,Antsirabe,-19.867,47.033,1507.0
2020-01-07,24.3,15.2,18.9,20.7,13.0,29.5,20.45,Antsirabe,-19.867,47.033,1507.0
2020-01-08,24.6,14.4,18.4,8.9,16.6,37.4,20.51,Antsirabe,-19.867,47.033,1507.0
2020-01-09,23.4,15.4,18.7,2.4,11.9,25.2,19.73,Antsirabe,-19.867,47.033,1507.0
2020-01-10,25.7,15.0,19.6,0.0,13.1,31.7,27.81,Antsirabe,-19.867,47.033,1507.0
2020-01-11,26.4,12.4,19.0,0.0,15.6,33.1,32.26,Antsirabe,-19.867,47.033,1507.0
2020-01-12,26.0,14.7,19.5,0.2,9.5,23.0,27.05,Antsirabe,-19.867,47.033,1507.0
2020-01-13,22.8,15.7,18.7,11.4,8.9,25.2,18.26,Antsirabe,-19.867,47.033,1507.0
2020-01-14,24.6,15.8,19.0,4.4,15.4,34.2,22.36,Antsirabe,-19.867,47.033,1507.0
2020-01-15,24.9,15.3,19.1,7.0,12.0,29.5,22.44,Antsirabe,-19.867,47.033,1507.0
2020-01-16,25.4,16.2,19.6,26.5,22.1,45.0,21.29,Antsirabe,-19.867,47.033,1507.0
2020-01-17,23.5,17.2,19.3,17.8,10.1,29.5,10.72,Antsirabe,-19.867,47.033,1507.0
2020-01-18,24.2,16.3,19.6,9.5,17.3,38.2,21.47,Antsirabe,-19.867,47.033,1507.0
2020-01-19,24.4,16.1,19.7,24.3,15.8,37.8,20.75,Antsirabe,-19.867,47.033,1507.0
2020-01-20,22.1,16.5,19.0,9.7,17.6,40.3,9.92,Antsirabe,-19.867,47.033,1507.0
2020-01-21,20.2,16.5,17.9,46.5,13.9,29.5,7.55,Antsirabe,-19.867,47.033,1507.0
2020-01-22,18.3,15.1,16.6,75.5,17.8,37.4,6.17,Antsirabe,-19.867,47.033,1507.0
2020-01-23,22.1,15.3,18.0,10.5,18.4,37.1,11.06,Antsirabe,-19.867,47.033,1507.0
2020-01-24,23.9,15.0,18.9,6.3,17.7,39.2,21.23,Antsirabe,-19.867,47.033,1507.0
2020-01-25,21.6,15.7,18.0,7.4,12.1,27.0,13.5,Antsirabe,-19.867,47.033,1507.0
2020-01-26,22.9,15.1,18.1,14.2,13.4,27.7,13.35,Antsirabe,-19.867,47.033,1507.0
2020-01-27,19.6,15.2,17.3,19.3,10.7,25.9,8.2,Antsirabe,-19.867,47.033,1507.0
2020-01-28,25.3,14.7,19.0,3.1,14.0,30.6,24.9,Antsirabe,-19.867,47.033,1507.0
2020-01-29,25.5,15.5,20.0,0.9,12.7,29.9,24.79,Antsirabe,-19.867,47.033,1507.0
2020-01-30,25.1,16.8,19.9,31.3,11.9,29.9,21.66,Antsirabe,-19.867,47.033,1507.0
2020-01-31,24.9,15.7,19.4,1.3,13.8,32.0,26.8,Antsirabe,-19.867,47.033,1507.0
2020-02-01,25.2,12.8,18.6,0.0,17.4,38.9,28.49,Antsirabe,-19.867,47.033,1507.0
2020-02-02,23.4,12.4,18.2,1.3,16.6,34.2,20.66,Antsirabe,-19.867,47.033,1507.0
2020-02-03,24.5,11.7,17.8,0.5,22.1,45.7,23.44,Antsirabe,-19.867,47.033,1507.0
2020-02-04,24.2,14.5,19.1,2.3,20.8,43.6,23.2,Antsirabe,-19.867,47.033,1507.0
2020-02-05,25.2,14.0,18.8,0.0,14.1,31.0,29.74,Antsirabe,-19.867,47.033,1507.0
2020-02-06,25.7,13.1,19.1,0.4,13.3,30.2,29.09,Antsirabe,-19.867,47.033,1507.0
2020-02-07,24.9,14.0,19.0,0.0,12.3,30.2,27.48,Antsirabe,-19.867,47.033,1507.0
2020-02-08,25.7,12.3,18.8,0.0,10.9,23.4,26.57,Antsirabe,-19.867,47.033,1507.0
2020-02-09,25.4,13.9,19.3,0.2,10.7,22.7,26.14,Antsirabe,-19.867,47.033,1507.0
2020-02-10,26.0,15.0,19.7,0.0,10.9,25.6,29.93,Antsirabe,-19.867,47.033,1507.0
2020-02-11,27.5,13.1,19.1,0.0,12.6,27.7,30.36,Antsirabe,-19.867,47.033,1507.0
2020-02-12,26.0,10.7,18.6,0.0,16.8,37.8,30.26,Antsirabe,-19.867,47.033,1507.0
2020-02-13,25.0,15.7,19.6,9.2,14.8,33.8,19.7,Antsirabe,-19.867,47.033,1507.0
2020-02-14,23.0,15.5,18.6,3.2,14.7,33.1,14.02,Antsirabe,-19.867,47.033,1507.0
2020-02-15,22.4,16.5,18.4,25.7,13.9,45.7,14.36,Antsirabe,-19.867,47.033,1507.0
2020-02-16,20.2,16.5,17.6,46.0,18.8,41.4,8.15,Antsirabe,-19.867,47.033,1507.0
2020-02-17,23.6,15.9,18.5,19.8,19.8,41.8,14.67,Antsirabe,-19.867,47.033,1507.0
2020-02-18,24.0,16.8,19.4,50.4,17.8,36.0,16.8,Antsirabe,-19.867,47.033,1507.0
2020-02-19,24.3,16.5,19.2,26.3,13.2,26.6,17.37,Antsirabe,-19.867,47.033,1507.0
2020-02-20,21.6,16.8,18.8,29.7,15.6,36.7,13.61,Antsirabe,-19.867,47.033,1507.0
2020-02-21,21.8,16.0,18.4,27.0,12.3,27.0,11.74,Antsirabe,-19.867,47.033,1507.0
2020-02-22,21.3,16.6,18.2,32.7,13.3,28.1,9.78,Antsirabe,-19.867,47.033,1507.0
2020-02-23,23.7,16.0,19.1,19.7,14.8,34.9,21.01,Antsirabe,-19.867,47.033,1507.0
2020-02-24,24.8,16.9,19.9,8.0,16.8,35.6,23.14,Antsirabe,-19.867,47.033,1507.0
2020-02-25,24.3,15.7,19.3,1.8,10.7,28.8,18.92,Antsirabe,-19.867,47.033,1507.0
2020-02-26,23.4,15.9,18.9,0.6,11.0,23.4,15.93,Antsirabe,-19.867,47.033,1507.0
2020-02-27,24.9,15.7,19.0,1.3,13.8,30.6,19.26,Antsirabe,-19.867,47.033,1507.0
2020-02-28,26.3,15.3,20.0,0.0,12.0,28.8,29.61,Antsirabe,-19.867,47.033,1507.0
2020-02-29,25.0,13.1,18.9,0.3,13.5,29.5,25.66,Antsirabe,-19.867,47.033,1507.0
2020-03-01,23.7,16.0,19.4,1.8,13.7,31.7,22.63,Antsirabe,-19.867,47.033,1507.0
2020-03-02,23.0,15.9,18.7,2.8,10.1,23.8,18.17,Antsirabe,-19.867,47.033,1507.0
2020-03-03,23.6,15.5,18.9,7.0,13.4,30.6,19.38,Antsirabe,-19.867,47.033,1507.0
2020-03-04,23.6,15.5,19.2,4.5,13.7,31.0,17.06,Antsirabe,-19.867,47.033,1507.0
2020-03-05,24.1,13.4,18.0,0.0,16.0,33.5,22.47,Antsirabe,-19.867,47.033,1507.0
2020-03-06,24.3,10.6,18.2,0.0,12.5,30.6,23.63,Antsirabe,-19.867,47.033,1507.0
2020-03-07,22.7,16.8,19.3,6.5,21.5,46.4,13.3,Antsirabe,-19.867,47.033,1507.0
2020-03-08,23.3,17.2,19.2,0.9,18.5,38.9,15.73,Antsirabe,-19.867,47.033,1507.0
2020-03-09,23.9,15.9,19.1,1.4,22.6,46.4,22.77,Antsirabe,-19.867,47.033,1507.0
2020-03-10,23.5,15.5,18.8,2.8,19.6,43.2,21.92,Antsirabe,-19.867,47.033,1507.0
2020-03-11,24.2,14.6,18.8,2.5,15.0,32.0,20.25,Antsirabe,-19.867,47.033,1507.0
2020-03-12,25.7,15.4,19.3,0.1,15.9,34.6,23.12,Antsirabe,-19.867,47.033,1507.0
2020-03-13,24.9,11.5,17.9,0.0,15.7,34.6,27.4,Antsirabe,-19.867,47.033,1507.0
2020-03-14,25.4,10.4,17.5,1.8,18.4,38.5,23.09,Antsirabe,-19.867,47.033,1507.0
2020-03-15,24.4,15.2,18.8,1.6,10.6,24.1,20.24,Antsirabe,-19.867,47.033,1507.0
2020-03-16,24.2,12.2,18.2,0.2,7.4,21.2,25.02,Antsirabe,-19.867,47.033,1507.0
2020-03-17,23.9,14.9,18.3,6.1,12.7,31.3,17.96,Antsirabe,-19.867,47.033,1507.0
2020-03-18,23.6,15.0,18.3,6.1,13.0,30.2,19.58,Antsirabe,-19.867,47.033,1507.0
2020-03-19,23.3,15.0,17.8,27.1,9.7,24.1,15.07,Antsirabe,-19.867,47.033,1507.0
2020-03-20,23.2,15.8,18.2,76.6,15.5,32.0,16.01,Antsirabe,-19.867,47.033,1507.0
2020-03-21,22.4,15.1,18.3,37.0,15.1,33.5,15.41,Antsirabe,-19.867,47.033,1507.0
2020-03-22,23.4,15.9,18.8,0.2,18.4,37.8,17.7,Antsirabe,-19.867,47.033,1507.0
2020-03-23,24.0,12.5,17.7,0.0,14.3,30.6,24.95,Antsirabe,-19.867,47.033,1507.0
2020-03-24,24.7,14.1,18.5,0.0,11.0,23.0,25.31,Antsirabe,-19.867,47.033,1507.0
2020-03-25,24.7,12.6,18.1,1.1,14.5,32.0,20.53,Antsirabe,-19.867,47.033,1507.0
2020-03-26,24.1,15.2,18.5,25.9,15.6,31.7,19.13,Antsirabe,-19.867,47.033,1507.0
2020-03-27,24.2,15.5,18.7,7.1,8.4,22.3,20.2,Antsirabe,-19.867,47.033,1507.0
2020-03-28,24.3,15.6,18.8,6.0,16.8,36.0,18.83,Antsirabe,-19.867,47.033,1507.0
2020-03-29,23.8,14.1,18.2,0.0,17.0,37.8,23.56,Antsirabe,-19.867,47.033,1507.0
2020-03-30,24.5,13.4,17.9,0.0,12.2,31.3,24.97,Antsirabe,-19.867,47.033,1507.0
2020-03-31,24.8,14.7,19.0,0.0,17.7,37.8,22.94,Antsirabe,-19.867,47.033,1507.0
2020-04-01,24.1,15.1,18.9,0.0,17.8,38.2,22.64,Antsirabe,-19.867,47.033,1507.0
2020-04-02,24.0,13.2,18.0,0.1,13.0,32.4,21.79,Antsirabe,-19.867,47.033,1507.0
2020-04-03,20.8,13.6,17.1,1.4,16.1,34.9,17.22,Antsirabe,-19.867,47.033,1507.0
2020-04-04,22.3,9.7,15.7,0.0,11.4,24.5,24.62,Antsirabe,-19.867,47.033,1507.0
2020-04-05,22.6,12.0,16.7,5.7,11.5,25.6,20.99,Antsirabe,-19.867,47.033,1507.0
2020-04-06,20.6,14.8,16.9,7.0,13.5,29.2,10.32,Antsirabe,-19.867,47.033,1507.0
2020-04-07,22.7,14.7,17.9,2.2,13.3,31.3,20.67,Antsirabe,-19.867,47.033,1507.0
2020-04-08,22.3,14.3,18.0,2.2,8.4,23.0,18.44,Antsirabe,-19.867,47.033,1507.0
2020-04-09,23.2,14.7,18.1,0.6,15.2,34.2,20.74,Antsirabe,-19.867,47.033,1507.0
2020-04-10,22.1,12.8,17.1,0.5,18.1,38.9,17.73,Antsirabe,-19.867,47.033,1507.0
2020-04-11,23.1,12.6,17.1,0.0,15.4,34.9,23.09,Antsirabe,-19.867,47.033,1507.0
2020-04-12,23.4,14.0,17.6,0.0,14.5,32.4,19.67,Antsirabe,-19.867,47.033,1507.0
2020-04-13,23.6,14.5,17.8,0.3,16.5,35.6,20.36,Antsirabe,-19.867,47.033,1507.0
2020-04-14,22.7,14.5,17.9,0.2,19.7,41.0,17.51,Antsirabe,-19.867,47.033,1507.0
2020-04-15,22.0,12.2,17.0,0.0,21.8,45.4,19.46,Antsirabe,-19.867,47.033,1507.0
2020-04-16,22.0,14.1,17.3,0.1,25.0,50.8,19.05,Antsirabe,-19.867,47.033,1507.0
2020-04-17,23.5,12.2,16.6,0.0,14.5,28.4,23.44,Antsirabe,-19.867,47.033,1507.0
2020-04-18,22.4,12.6,16.7,0.0,19.0,40.7,20.69,Antsirabe,-19.867,47.033,1507.0
2020-04-19,23.0,13.9,17.2,6.6,17.3,38.2,19.77,Antsirabe,-19.867,47.033,1507.0
2020-04-20,21.4,11.1,16.0,0.0,19.9,41.0,18.9,Antsirabe,-19.867,47.033,1507.0
2020-04-21,20.4,12.6,16.1,5.2,17.4,36.4,12.24,Antsirabe,-19.867,47.033,1507.0
2020-04-22,20.0,13.7,16.0,4.7,15.8,33.1,8.18,Antsirabe,-19.867,47.033,1507.0
2020-04-23,21.3,14.3,16.4,37.7,13.0,29.2,11.33,Antsirabe,-19.867,47.033,1507.0
2020-04-24,20.8,13.7,16.5,2.3,11.8,27.7,16.34,Antsirabe,-19.867,47.033,1507.0
2020-04-25,22.4,13.5,16.9,1.0,13.7,29.5,18.96,Antsirabe,-19.867,47.033,1507.0
2020-04-26,22.1,12.9,16.8,0.2,14.8,32.8,18.59,Antsirabe,-19.867,47.033,1507.0
2020-04-27,23.0,11.3,16.8,0.0,14.9,29.9,18.57,Antsirabe,-19.867,47.033,1507.0
2020-04-28,22.8,13.3,17.0,0.0,16.3,34.9,18.8,Antsirabe,-19.867,47.033,1507.0
2020-04-29,23.1,14.1,17.3,0.5,12.0,26.3,17.7,Antsirabe,-19.867,47.033,1507.0
2020-04-30,23.0,13.6,17.2,0.0,12.7,26.3,19.89,Antsirabe,-19.867,47.033,1507.0
2020-05-01,23.5,12.0,16.8,0.0,13.6,26.6,20.05,Antsirabe,-19.867,47.033,1507.0
2020-05-02,22.8,12.2,16.8,0.2,9.8,23.0,18.13,Antsirabe,-19.867,47.033,1507.0
2020-05-03,22.7,12.7,16.3,0.0,14.4,30.2,20.55,Antsirabe,-19.867,47.033,1507.0
2020-05-04,22.5,11.8,16.5,0.0,11.3,27.0,16.82,Antsirabe,-19.867,47.033,1507.0
2020-05-05,22.6,13.7,17.5,0.0,11.8,26.6,16.83,Antsirabe,-19.867,47.033,1507.0
2020-05-06,22.1,12.5,16.8,0.2,11.5,25.9,18.69,Antsirabe,-19.867,47.033,1507.0
2020-05-07,22.4,12.2,15.9,0.0,10.2,24.8,18.63,Antsirabe,-19.867,47.033,1507.0
2020-05-08,22.7,9.4,16.1,0.0,11.6,32.0,17.77,Antsirabe,-19.867,47.033,1507.0
2020-05-09,21.2,12.3,16.1,0.0,12.1,25.9,18.8,Antsirabe,-19.867,47.033,1507.0
2020-05-10,21.8,11.3,15.6,0.0,15.1,33.8,17.36,Antsirabe,-19.867,47.033,1507.0
2020-05-11,20.3,11.5,15.6,0.0,15.5,34.2,13.23,Antsirabe,-19.867,47.033,1507.0
2020-05-12,22.2,11.7,16.0,0.0,16.2,35.3,17.28,Antsirabe,-19.867,47.033,1507.0
2020-05-13,21.6,13.8,16.6,0.0,16.2,36.0,15.1,Antsirabe,-19.867,47.033,1507.0
2020-05-14,21.8,10.1,15.4,0.0,14.4,33.5,19.71,Antsirabe,-19.867,47.033,1507.0
2020-05-15,20.9,8.6,14.3,0.0,14.4,33.5,19.45,Antsirabe,-19.867,47.033,1507.0
2020-05-16,21.5,7.3,14.0,0.0,15.6,35.3,19.0,Antsirabe,-19.867,47.033,1507.0
2020-05-17,22.1,7.2,14.4,0.0,11.6,23.4,19.8,Antsirabe,-19.867,47.033,1507.0
2020-05-18,20.9,10.5,14.5,0.0,11.4,27.7,19.63,Antsirabe,-19.867,47.033,1507.0
2020-05-19,20.0,10.4,14.0,0.0,12.0,27.4,19.45,Antsirabe,-19.867,47.033,1507.0
2020-05-20,17.8,9.8,13.3,0.1,18.1,40.7,18.15,Antsirabe,-19.867,47.033,1507.0
2020-05-21,17.5,10.2,13.3,0.0,22.7,47.2,12.15,Antsirabe,-19.867,47.033,1507.0
2020-05-22,19.1,8.5,12.8,0.0,22.9,48.2,15.8,Antsirabe,-19.867,47.033,1507.0
2020-05-23,20.9,6.5,13.5,0.0,14.8,34.2,19.02,Antsirabe,-19.867,47.033,1507.0
2020-05-24,21.0,10.1,15.0,0.0,13.0,27.7,18.24,Antsirabe,-19.867,47.033,1507.0
2020-05-25,21.4,12.1,15.4,0.0,15.1,33.1,17.25,Antsirabe,-19.867,47.033,1507.0
2020-05-26,22.3,10.3,15.1,0.0,14.4,34.2,17.88,Antsirabe,-19.867,47.033,1507.0
2020-05-27,23.2,7.4,14.9,0.0,13.3,33.5,19.05,Antsirabe,-19.867,47.033,1507.0
2020-05-28,22.3,8.6,15.2,0.0,10.2,20.2,17.78,Antsirabe,-19.867,47.033,1507.0
2020-05-29,22.0,9.0,15.0,0.0,12.9,28.4,18.45,Antsirabe,-19.867,47.033,1507.0
2020-05-30,22.9,8.2,15.2,0.0,9.5,19.1,18.56,Antsirabe,-19.867,47.033,1507.0
2020-05-31,22.2,9.5,15.7,0.1,14.3,27.7,16.86,Antsirabe,-19.867,47.033,1507.0
2020-06-01,19.5,12.2,15.3,1.1,14.8,33.1,12.04,Antsirabe,-19.867,47.033,1507.0
2020-06-02,20.4,10.6,14.4,0.0,12.5,27.4,17.9,Antsirabe,-19.867,47.033,1507.0
2020-06-03,18.2,9.8,13.0,0.0,17.3,39.6,17.96,Antsirabe,-19.867,47.033,1507.0
2020-06-04,20.5,7.7,13.5,0.0,17.0,37.4,18.0,Antsirabe,-19.867,47.033,1507.0
2020-06-05,19.8,10.2,14.4,2.5,13.2,29.5,13.57,Antsirabe,-19.867,47.033,1507.0
2020-06-06,17.7,11.3,13.8,6.8,12.9,29.9,10.85,Antsirabe,-19.867,47.033,1507.0
2020-06-07,17.7,10.5,13.3,0.0,21.1,44.6,12.75,Antsirabe,-19.867,47.033,1507.0
2020-06-08,16.1,7.7,12.1,0.2,19.7,42.1,14.83,Antsirabe,-19.867,47.033,1507.0
2020-06-09,17.9,7.4,11.8,0.3,17.9,38.2,14.26,Antsirabe,-19.867,47.033,1507.0
2020-06-10,17.1,5.5,11.0,0.0,20.4,42.8,16.61,Antsirabe,-19.867,47.033,1507.0
2020-06-11,16.6,8.4,12.3,0.0,22.7,48.6,16.02,Antsirabe,-19.867,47.033,1507.0
2020-06-12,18.3,7.7,12.2,0.0,12.8,29.2,15.24,Antsirabe,-19.867,47.033,1507.0
2020-06-13,18.5,6.2,11.5,0.0,10.0,23.4,18.19,Antsirabe,-19.867,47.033,1507.0
2020-06-14,18.5,3.4,10.5,0.0,11.6,27.7,18.62,Antsirabe,-19.867,47.033,1507.0
2020-06-15,19.4,7.6,12.9,0.0,14.2,31.0,15.84,Antsirabe,-19.867,47.033,1507.0
2020-06-16,19.8,8.7,13.4,0.0,10.6,26.6,16.3,Antsirabe,-19.867,47.033,1507.0
2020-06-17,17.6,8.1,12.7,0.0,19.4,42.1,11.78,Antsirabe,-19.867,47.033,1507.0
2020-06-18,16.4,6.9,10.7,0.0,19.8,41.8,13.91,Antsirabe,-19.867,47.033,1507.0
2020-06-19,16.3,8.9,12.2,0.0,18.7,38.9,11.22,Antsirabe,-19.867,47.033,1507.0
2020-06-20,14.2,10.9,12.5,10.7,17.2,36.0,4.62,Antsirabe,-19.867,47.033,1507.0
2020-06-21,19.6,11.6,14.2,4.1,19.1,40.0,11.82,Antsirabe,-19.867,47.033,1507.0
2020-06-22,22.0,10.9,15.4,0.2,11.7,23.0,15.66,Antsirabe,-19.867,47.033,1507.0
2020-06-23,22.5,12.1,16.0,0.2,12.3,25.9,15.4,Antsirabe,-19.867,47.033,1507.0
2020-06-24,21.3,11.8,15.8,1.5,11.9,26.6,13.59,Antsirabe,-19.867,47.033,1507.0
2020-06-25,19.2,11.9,14.7,1.0,15.5,36.0,13.0,Antsirabe,-19.867,47.033,1507.0
2020-06-26,18.5,11.4,13.9,0.6,20.3,41.4,12.7,Antsirabe,-19.867,47.033,1507.0
2020-06-27,21.0,8.9,14.1,0.0,15.3,31.0,17.24,Antsirabe,-19.867,47.033,1507.0
2020-06-28,22.1,6.8,13.5,0.0,12.0,27.7,17.79,Antsirabe,-19.867,47.033,1507.0
2020-06-29,21.0,8.1,14.1,0.0,10.7,20.9,17.34,Antsirabe,-19.867,47.033,1507.0
2020-06-30,20.1,7.1,13.4,0.0,9.1,22.7,17.74,Antsirabe,-19.867,47.033,1507.0
2020-07-01,18.4,7.7,12.4,0.1,13.2,29.2,12.46,Antsirabe,-19.867,47.033,1507.0
2020-07-02,17.6,6.8,11.8,0.0,12.8,29.5,16.98,Antsirabe,-19.867,47.033,1507.0
2020-07-03,19.0,5.7,11.6,0.0,8.4,20.9,17.86,Antsirabe,-19.867,47.033,1507.0
2020-07-04,19.5,5.1,12.2,0.0,14.2,27.7,16.78,Antsirabe,-19.867,47.033,1507.0
2020-07-05,20.0,8.0,13.4,0.0,11.3,24.8,16.28,Antsirabe,-19.867,47.033,1507.0
2020-07-06,22.1,6.5,13.0,0.0,11.6,24.5,18.48,Antsirabe,-19.867,47.033,1507.0
2020-07-07,22.0,9.7,14.2,0.0,14.3,31.3,18.71,Antsirabe,-19.867,47.033,1507.0
2020-07-08,23.0,9.5,14.6,0.0,16.5,33.5,17.96,Antsirabe,-19.867,47.033,1507.0
2020-07-09,17.6,8.5,12.1,0.0,16.9,38.2,18.6,Antsirabe,-19.867,47.033,1507.0
2020-07-10,16.8,6.5,11.2,0.0,22.0,45.4,11.32,Antsirabe,-19.867,47.033,1507.0
2020-07-11,18.2,9.9,13.3,0.1,25.4,51.5,14.5,Antsirabe,-19.867,47.033,1507.0
2020-07-12,20.1,8.9,13.3,0.0,18.9,39.6,16.39,Antsirabe,-19.867,47.033,1507.0
2020-07-13,19.8,7.7,13.4,0.0,13.0,29.5,16.8,Antsirabe,-19.867,47.033,1507.0
2020-07-14,20.0,6.8,13.1,0.0,12.5,28.8,16.91,Antsirabe,-19.867,47.033,1507.0
2020-07-15,20.2,6.8,12.9,0.0,13.3,25.6,19.09,Antsirabe,-19.867,47.033,1507.0
2020-07-16,17.0,6.2,10.7,0.0,22.0,46.1,11.73,Antsirabe,-19.867,47.033,1507.0
2020-07-17,15.2,6.5,10.1,0.1,16.9,38.2,17.72,Antsirabe,-19.867,47.033,1507.0
2020-07-18,16.7,6.2,11.2,0.0,21.5,46.8,18.73,Antsirabe,-19.867,47.033,1507.0
2020-07-19,16.7,7.5,11.3,0.0,21.8,47.2,18.46,Antsirabe,-19.867,47.033,1507.0
2020-07-20,16.0,5.8,10.1,0.0,19.7,43.2,17.64,Antsirabe,-19.867,47.033,1507.0
2020-07-21,17.9,7.8,11.4,0.0,14.7,31.7,19.38,Antsirabe,-19.867,47.033,1507.0
2020-07-22,16.3,6.8,10.8,0.0,15.7,34.9,18.99,Antsirabe,-19.867,47.033,1507.0
2020-07-23,14.1,6.2,10.2,0.1,24.3,50.0,9.89,Antsirabe,-19.867,47.033,1507.0
2020-07-24,14.9,8.6,11.2,0.0,25.3,53.3,14.63,Antsirabe,-19.867,47.033,1507.0
2020-07-25,14.0,7.0,9.8,0.0,27.1,55.1,12.64,Antsirabe,-19.867,47.033,1507.0
2020-07-26,15.3,5.6,9.6,0.0,25.2,52.2,16.6,Antsirabe,-19.867,47.033,1507.0
2020-07-27,19.2,4.0,11.5,0.0,10.9,24.5,13.74,Antsirabe,-19.867,47.033,1507.0
2020-07-28,15.0,9.3,12.4,5.6,15.7,33.1,5.05,Antsirabe,-19.867,47.033,1507.0
2020-07-29,18.1,11.5,14.0,16.6,18.1,38.5,8.41,Antsirabe,-19.867,47.033,1507.0
2020-07-30,20.4,11.9,15.1,1.4,16.6,36.7,14.81,Antsirabe,-19.867,47.033,1507.0
2020-07-31,20.0,10.4,14.5,0.8,15.0,32.8,13.5,Antsirabe,-19.867,47.033,1507.0
2020-08-01,19.9,9.7,13.6,0.0,13.9,29.2,15.47,Antsirabe,-19.867,47.033,1507.0
2020-08-02,17.7,7.2,11.7,0.0,18.7,41.8,19.53,Antsirabe,-19.867,47.033,1507.0
2020-08-03,16.8,7.1,11.1,0.0,20.2,43.9,19.98,Antsirabe,-19.867,47.033,1507.0
2020-08-04,19.9,6.4,11.6,0.0,15.5,34.2,20.71,Antsirabe,-19.867,47.033,1507.0
2020-08-05,23.0,6.3,13.2,0.0,13.0,27.7,20.49,Antsirabe,-19.867,47.033,1507.0
2020-08-06,24.4,5.3,14.2,0.0,10.3,19.8,21.02,Antsirabe,-19.867,47.033,1507.0
2020-08-07,22.8,8.6,15.2,0.0,13.5,31.7,19.83,Antsirabe,-19.867,47.033,1507.0
2020-08-08,17.0,9.0,12.3,0.1,20.5,44.6,13.61,Antsirabe,-19.867,47.033,1507.0
2020-08-09,17.8,5.9,11.4,0.0,15.6,33.5,21.08,Antsirabe,-19.867,47.033,1507.0
2020-08-10,19.5,4.0,11.4,0.0,11.3,24.5,21.5,Antsirabe,-19.867,47.033,1507.0
2020-08-11,20.1,5.7,12.5,0.0,11.9,25.2,21.16,Antsirabe,-19.867,47.033,1507.0
2020-08-12,18.9,2.7,10.8,0.0,13.8,27.7,22.21,Antsirabe,-19.867,47.033,1507.0
2020-08-13,19.9,6.1,12.0,0.0,16.7,35.6,21.68,Antsirabe,-19.867,47.033,1507.0
2020-08-14,21.3,6.9,13.4,0.0,12.6,25.2,22.26,Antsirabe,-19.867,47.033,1507.0
2020-08-15,20.6,6.3,12.5,0.0,13.4,28.4,22.81,Antsirabe,-19.867,47.033,1507.0
2020-08-16,21.8,4.9,12.5,0.0,16.8,31.7,22.78,Antsirabe,-19.867,47.033,1507.0
2020-08-17,22.4,4.6,13.3,0.0,11.5,25.6,22.5,Antsirabe,-19.867,47.033,1507.0
2020-08-18,21.0,8.3,13.8,0.0,15.0,31.7,22.54,Antsirabe,-19.867,47.033,1507.0
2020-08-19,22.3,8.9,14.4,0.0,17.0,34.2,22.02,Antsirabe,-19.867,47.033,1507.0
2020-08-20,22.3,7.1,14.2,0.0,12.6,27.7,22.56,Antsirabe,-19.867,47.033,1507.0
2020-08-21,21.9,7.9,14.2,0.0,13.7,30.2,22.72,Antsirabe,-19.867,47.033,1507.0
2020-08-22,20.5,9.2,13.7,0.0,15.6,37.1,22.97,Antsirabe,-19.867,47.033,1507.0
2020-08-23,19.9,6.8,12.6,0.0,19.4,42.1,22.77,Antsirabe,-19.867,47.033,1507.0
2020-08-24,21.7,7.0,14.1,0.0,16.2,31.7,22.97,Antsirabe,-19.867,47.033,1507.0
2020-08-25,23.2,9.7,15.9,0.0,15.0,31.3,22.54,Antsirabe,-19.867,47.033,1507.0
2020-08-26,23.5,10.2,16.4,0.3,15.6,31.3,20.86,Antsirabe,-19.867,47.033,1507.0
2020-08-27,23.2,10.4,16.6,0.0,15.3,29.9,17.36,Antsirabe,-19.867,47.033,1507.0
2020-08-28,23.5,11.9,16.7,0.0,14.9,34.6,21.77,Antsirabe,-19.867,47.033,1507.0
2020-08-29,23.1,9.8,15.7,0.0,14.8,33.1,22.98,Antsirabe,-19.867,47.033,1507.0
2020-08-30,22.0,10.3,14.9,0.0,16.1,36.0,23.97,Antsirabe,-19.867,47.033,1507.0
2020-08-31,22.6,9.8,14.8,0.0,18.2,38.9,21.57,Antsirabe,-19.867,47.033,1507.0
2020-09-01,21.8,7.7,14.6,0.0,14.3,33.1,24.34,Antsirabe,-19.867,47.033,1507.0
2020-09-02,22.9,10.0,15.1,0.0,11.9,27.7,24.57,Antsirabe,-19.867,47.033,1507.0
2020-09-03,22.4,10.0,15.1,0.0,11.9,26.6,22.98,Antsirabe,-19.867,47.033,1507.0
2020-09-04,20.5,7.0,12.8,0.0,17.6,35.3,25.08,Antsirabe,-19.867,47.033,1507.0
2020-09-05,19.5,7.9,12.5,0.0,18.7,38.5,24.04,Antsirabe,-19.867,47.033,1507.0
2020-09-06,18.5,8.8,12.5,0.1,14.6,32.4,17.61,Antsirabe,-19.867,47.033,1507.0
2020-09-07,20.5,5.6,13.1,0.0,13.2,25.9,18.61,Antsirabe,-19.867,47.033,1507.0
2020-09-08,22.0,7.8,14.5,0.1,21.7,43.2,22.67,Antsirabe,-19.867,47.033,1507.0
2020-09-09,21.4,12.2,15.6,0.3,22.0,47.5,19.4,Antsirabe,-19.867,47.033,1507.0
2020-09-10,22.4,11.2,15.8,0.0,18.2,40.7,18.36,Antsirabe,-19.867,47.033,1507.0
2020-09-11,23.3,9.7,16.0,0.0,13.7,31.3,22.18,Antsirabe,-19.867,47.033,1507.0
2020-09-12,25.1,9.6,16.3,0.0,16.0,33.8,23.98,Antsirabe,-19.867,47.033,1507.0
2020-09-13,23.9,11.1,16.3,0.0,18.4,39.2,22.9,Antsirabe,-19.867,47.033,1507.0
2020-09-14,22.9,9.9,15.3,0.0,19.7,38.9,25.54,Antsirabe,-19.867,47.033,1507.0
2020-09-15,24.9,8.7,16.0,0.0,14.6,31.0,25.36,Antsirabe,-19.867,47.033,1507.0
2020-09-16,24.7,8.9,16.1,0.0,14.9,31.3,20.92,Antsirabe,-19.867,47.033,1507.0
2020-09-17,24.9,11.8,17.1,0.0,19.6,41.0,19.47,Antsirabe,-19.867,47.033,1507.0
2020-09-18,24.3,7.1,15.3,0.0,16.8,34.9,27.03,Antsirabe,-19.867,47.033,1507.0
2020-09-19,23.9,7.9,14.8,0.0,15.6,36.0,27.01,Antsirabe,-19.867,47.033,1507.0
2020-09-20,23.5,5.5,14.2,0.0,15.9,37.1,27.52,Antsirabe,-19.867,47.033,1507.0
2020-09-21,24.2,9.0,15.9,0.0,15.6,33.5,27.25,Antsirabe,-19.867,47.033,1507.0
2020-09-22,25.5,10.6,17.2,0.0,19.1,38.2,26.49,Antsirabe,-19.867,47.033,1507.0
2020-09-23,23.5,8.5,15.8,0.0,16.8,38.9,26.04,Antsirabe,-19.867,47.033,1507.0
2020-09-24,24.0,11.0,16.4,0.0,16.0,33.1,26.48,Antsirabe,-19.867,47.033,1507.0
2020-09-25,24.0,9.6,16.0,0.0,19.4,39.2,27.14,Antsirabe,-19.867,47.033,1507.0
2020-09-26,22.8,10.9,16.4,0.0,13.7,33.5,19.4,Antsirabe,-19.867,47.033,1507.0
2020-09-27,25.5,10.2,17.7,0.0,14.0,28.4,23.75,Antsirabe,-19.867,47.033,1507.0
2020-09-28,27.0,11.7,18.8,0.0,16.3,33.8,24.33,Antsirabe,-19.867,47.033,1507.0
2020-09-29,27.7,11.1,18.4,0.0,13.5,27.7,27.51,Antsirabe,-19.867,47.033,1507.0
2020-09-30,28.2,10.1,19.0,0.0,12.6,28.8,26.9,Antsirabe,-19.867,47.033,1507.0
2020-10-01,27.3,12.0,19.2,0.0,15.5,29.5,22.85,Antsirabe,-19.867,47.033,1507.0
2020-10-02,28.8,12.7,20.6,0.2,16.5,37.8,26.58,Antsirabe,-19.867,47.033,1507.0
2020-10-03,27.9,15.3,20.5,0.6,18.8,43.6,22.03,Antsirabe,-19.867,47.033,1507.0
2020-10-04,27.7,14.1,19.6,0.3,22.1,48.6,24.69,Antsirabe,-19.867,47.033,1507.0
2020-10-05,21.6,12.1,16.1,8.4,21.1,53.6,16.35,Antsirabe,-19.867,47.033,1507.0
2020-10-06,23.2,12.0,16.8,1.3,22.0,47.9,20.15,Antsirabe,-19.867,47.033,1507.0
2020-10-07,25.2,12.8,17.7,0.1,20.9,46.4,21.74,Antsirabe,-19.867,47.033,1507.0
2020-10-08,24.8,12.6,18.5,0.0,19.1,44.3,24.94,Antsirabe,-19.867,47.033,1507.0
2020-10-09,26.7,12.6,19.4,0.0,18.0,40.0,23.83,Antsirabe,-19.867,47.033,1507.0
2020-10-10,26.9,13.8,19.9,0.2,13.6,32.8,23.34,Antsirabe,-19.867,47.033,1507.0
2020-10-11,25.5,13.9,18.3,8.6,8.4,34.2,19.38,Antsirabe,-19.867,47.033,1507.0
2020-10-12,25.1,14.5,19.3,0.8,11.2,27.4,20.24,Antsirabe,-19.867,47.033,1507.0
2020-10-13,26.7,15.0,20.0,0.5,14.7,28.8,24.44,Antsirabe,-19.867,47.033,1507.0
2020-10-14,26.2,13.2,19.6,0.5,12.0,26.6,23.8,Antsirabe,-19.867,47.033,1507.0
2020-10-15,24.2,15.0,18.7,0.0,15.9,37.8,21.25,Antsirabe,-19.867,47.033,1507.0
2020-10-16,26.0,13.1,19.0,0.3,15.8,36.0,25.16,Antsirabe,-19.867,47.033,1507.0
2020-10-17,24.1,13.6,18.5,3.7,12.3,28.1,21.03,Antsirabe,-19.867,47.033,1507.0
2020-10-18,22.3,13.6,17.3,2.5,13.9,31.0,19.77,Antsirabe,-19.867,47.033,1507.0
2020-10-19,26.0,13.4,18.2,0.0,15.6,34.6,24.59,Antsirabe,-19.867,47.033,1507.0
2020-10-20,25.8,11.8,17.8,0.0,14.7,30.6,29.91,Antsirabe,-19.867,47.033,1507.0
2020-10-21,26.8,11.2,18.1,0.0,13.0,29.9,29.94,Antsirabe,-19.867,47.033,1507.0
2020-10-22,25.3,11.2,17.1,0.0,19.0,40.7,30.22,Antsirabe,-19.867,47.033,1507.0
2020-10-23,25.0,11.0,17.3,0.0,19.8,45.4,29.4,Antsirabe,-19.867,47.033,1507.0
2020-10-24,25.6,12.3,17.8,0.0,18.9,42.1,28.16,Antsirabe,-19.867,47.033,1507.0
2020-10-25,25.4,13.0,17.1,0.3,16.9,32.0,24.39,Antsirabe,-19.867,47.033,1507.0
2020-10-26,23.6,12.3,17.5,0.2,13.3,30.6,21.11,Antsirabe,-19.867,47.033,1507.0
2020-10-27,24.8,10.3,17.4,1.1,12.9,29.9,22.83,Antsirabe,-19.867,47.033,1507.0
2020-10-28,25.6,9.9,17.7,0.1,17.3,37.8,27.48,Antsirabe,-19.867,47.033,1507.0
2020-10-29,25.3,11.8,17.7,0.0,21.0,43.9,28.7,Antsirabe,-19.867,47.033,1507.0
2020-10-30,22.7,10.2,16.5,0.0,22.0,46.1,24.57,Antsirabe,-19.867,47.033,1507.0
2020-10-31,25.8,7.7,15.8,0.0,15.3,33.5,31.14,Antsirabe,-19.867,47.033,1507.0
2020-11-01,27.7,8.8,18.3,0.0,16.1,36.7,29.9,Antsirabe,-19.867,47.033,1507.0
2020-11-02,28.3,10.5,19.2,0.0,16.5,36.4,29.1,Antsirabe,-19.867,47.033,1507.0
2020-11-03,29.2,11.4,19.9,0.0,16.5,35.3,28.67,Antsirabe,-19.867,47.033,1507.0
2020-11-04,30.6,12.0,20.4,0.0,21.5,51.5,28.72,Antsirabe,-19.867,47.033,1507.0
2020-11-05,30.1,14.5,21.2,3.1,17.2,42.1,25.89,Antsirabe,-19.867,47.033,1507.0
2020-11-06,30.7,13.6,21.4,0.3,13.0,31.7,28.3,Antsirabe,-19.867,47.033,1507.0
2020-11-07,30.1,15.1,20.2,2.0,11.5,34.2,24.78,Antsirabe,-19.867,47.033,1507.0
2020-11-08,30.5,14.1,20.9,0.0,17.5,40.3,28.27,Antsirabe,-19.867,47.033,1507.0
2020-11-09,25.6,13.5,18.6,0.0,17.4,41.0,30.49,Antsirabe,-19.867,47.033,1507.0
2020-11-10,27.9,12.6,19.3,0.0,16.5,32.4,28.64,Antsirabe,-19.867,47.033,1507.0
2020-11-11,28.2,12.6,20.3,0.0,19.1,41.4,25.87,Antsirabe,-19.867,47.033,1507.0
2020-11-12,25.5,15.8,19.1,6.2,22.4,46.8,22.55,Antsirabe,-19.867,47.033,1507.0
2020-11-13,26.3,14.6,19.4,0.1,17.4,41.0,28.27,Antsirabe,-19.867,47.033,1507.0
2020-11-14,25.3,13.7,18.4,1.0,15.1,32.8,23.64,Antsirabe,-19.867,47.033,1507.0
2020-11-15,24.9,14.4,18.4,0.8,15.8,36.4,22.45,Antsirabe,-19.867,47.033,1507.0
2020-11-16,25.2,14.3,18.6,1.2,12.6,36.7,23.78,Antsirabe,-19.867,47.033,1507.0
2020-11-17,26.4,13.5,19.0,0.3,11.3,28.8,25.62,Antsirabe,-19.867,47.033,1507.0
2020-11-18,28.0,11.8,19.5,0.0,11.9,27.4,30.11,Antsirabe,-19.867,47.033,1507.0
2020-11-19,29.3,13.4,20.6,0.1,19.4,39.6,28.09,Antsirabe,-19.867,47.033,1507.0
2020-11-20,26.5,15.0,20.2,2.0,15.7,36.4,23.05,Antsirabe,-19.867,47.033,1507.0
2020-11-21,27.9,14.3,20.9,0.1,15.6,34.2,25.11,Antsirabe,-19.867,47.033,1507.0
2020-11-22,28.5,16.1,21.1,0.8,21.3,48.2,24.58,Antsirabe,-19.867,47.033,1507.0
2020-11-23,26.8,16.0,20.9,2.6,12.7,27.0,23.78,Antsirabe,-19.867,47.033,1507.0
2020-11-24,29.1,15.8,21.5,0.3,15.9,34.6,25.98,Antsirabe,-19.867,47.033,1507.0
2020-11-25,29.9,14.7,21.2,0.0,15.5,35.3,31.31,Antsirabe,-19.867,47.033,1507.0
2020-11-26,28.9,14.1,20.6,0.0,16.6,33.8,30.19,Antsirabe,-19.867,47.033,1507.0
2020-11-27,28.8,15.5,21.6,0.0,16.0,39.6,28.56,Antsirabe,-19.867,47.033,1507.0
2020-11-28,30.3,15.0,21.6,0.0,17.6,37.8,30.31,Antsirabe,-19.867,47.033,1507.0
2020-11-29,28.8,15.7,21.5,0.9,22.4,45.7,28.05,Antsirabe,-19.867,47.033,1507.0
2020-11-30,27.2,16.1,20.2,21.2,12.6,36.7,20.46,Antsirabe,-19.867,47.033,1507.0
2020-12-01,26.0,15.9,19.1,18.1,8.7,31.0,17.8,Antsirabe,-19.867,47.033,1507.0
2020-12-02,24.8,14.8,19.0,16.8,10.3,25.2,20.53,Antsirabe,-19.867,47.033,1507.0
2020-12-03,24.9,16.1,19.5,10.2,13.3,31.0,17.11,Antsirabe,-19.867,47.033,1507.0
2020-12-04,25.4,16.4,19.7,12.2,12.7,34.6,20.21,Antsirabe,-19.867,47.033,1507.0
2020-12-05,24.0,15.7,19.2,6.8,12.2,27.7,15.45,Antsirabe,-19.867,47.033,1507.0
2020-12-06,24.8,15.4,18.7,13.9,14.1,29.5,16.73,Antsirabe,-19.867,47.033,1507.0
2020-12-07,24.4,16.5,19.4,9.8,12.5,29.5,20.86,Antsirabe,-19.867,47.033,1507.0
2020-12-08,24.0,14.6,18.4,10.1,20.9,43.9,22.11,Antsirabe,-19.867,47.033,1507.0
2020-12-09,21.0,13.6,16.9,2.5,17.9,38.9,18.04,Antsirabe,-19.867,47.033,1507.0
2020-12-10,21.9,15.3,17.6,5.1,16.9,38.2,18.2,Antsirabe,-19.867,47.033,1507.0
2020-12-11,19.5,15.1,16.9,6.9,13.7,32.0,12.1,Antsirabe,-19.867,47.033,1507.0
2020-12-12,22.5,14.0,17.3,8.9,14.2,28.1,18.15,Antsirabe,-19.867,47.033,1507.0
2020-12-13,24.6,14.1,18.0,0.5,15.6,32.0,20.11,Antsirabe,-19.867,47.033,1507.0
2020-12-14,23.3,14.8,18.2,0.0,11.1,25.6,25.62,Antsirabe,-19.867,47.033,1507.0
2020-12-15,25.6,13.3,18.6,0.0,12.0,26.6,31.86,Antsirabe,-19.867,47.033,1507.0
2020-12-16,26.4,14.0,19.7,0.4,12.0,25.6,31.62,Antsirabe,-19.867,47.033,1507.0
2020-12-17,25.1,15.1,19.9,0.1,11.7,23.8,26.19,Antsirabe,-19.867,47.033,1507.0
2020-12-18,25.5,15.6,20.0,1.8,14.3,31.7,25.89,Antsirabe,-19.867,47.033,1507.0
2020-12-19,24.6,15.5,19.1,4.9,14.3,28.4,23.25,Antsirabe,-19.867,47.033,1507.0
2020-12-20,26.4,16.2,19.6,4.4,14.1,35.3,26.09,Antsirabe,-19.867,47.033,1507.0
2020-12-21,24.9,14.7,18.6,8.7,13.3,31.0,25.63,Antsirabe,-19.867,47.033,1507.0
2020-12-22,24.4,14.3,18.6,0.9,13.2,25.9,24.92,Antsirabe,-19.867,47.033,1507.0
2020-12-23,25.4,13.7,19.1,0.0,12.1,23.4,28.59,Antsirabe,-19.867,47.033,1507.0
2020-12-24,25.8,14.2,19.4,0.0,10.6,27.4,30.51,Antsirabe,-19.867,47.033,1507.0
2020-12-25,26.8,14.3,19.9,0.0,12.9,25.6,32.47,Antsirabe,-19.867,47.033,1507.0
2020-12-26,25.5,11.4,18.6,8.7,13.0,33.8,25.7,Antsirabe,-19.867,47.033,1507.0
2020-12-27,19.6,16.4,17.8,29.3,29.9,65.5,4.6,Antsirabe,-19.867,47.033,1507.0
2020-12-28,22.3,16.8,18.4,14.0,20.2,44.3,10.93,Antsirabe,-19.867,47.033,1507.0
2020-12-29,22.9,16.3,18.9,0.6,19.7,40.3,14.61,Antsirabe,-19.867,47.033,1507.0
2020-12-30,24.7,13.9,18.9,0.2,18.4,41.0,24.43,Antsirabe,-19.867,47.033,1507.0
2020-12-31,23.8,12.4,17.6,0.0,16.2,36.7,32.14,Antsirabe,-19.867,47.033,1507.0
2021-01-01,23.4,13.5,17.9,2.9,17.4,37.8,25.23,Antsirabe,-19.867,47.033,1507.0
2021-01-02,26.3,14.6,19.3,0.1,14.8,29.9,29.08,Antsirabe,-19.867,47.033,1507.0
2021-01-03,25.6,15.5,19.4,0.1,15.9,34.9,24.76,Antsirabe,-19.867,47.033,1507.0
2021-01-04,25.8,14.4,19.3,0.3,13.0,32.0,30.18,Antsirabe,-19.867,47.033,1507.0
2021-01-05,25.8,14.1,18.5,8.5,12.3,31.0,25.8,Antsirabe,-19.867,47.033,1507.0
2021-01-06,25.7,15.4,20.0,1.8,13.6,27.7,26.61,Antsirabe,-19.867,47.033,1507.0
2021-01-07,27.1,15.6,20.3,0.8,9.7,23.8,28.83,Antsirabe,-19.867,47.033,1507.0
2021-01-08,26.7,15.2,20.3,9.4,11.3,25.9,29.58,Antsirabe,-19.867,47.033,1507.0
2021-01-09,24.5,16.9,19.1,27.4,12.8,30.2,16.85,Antsirabe,-19.867,47.033,1507.0
2021-01-10,24.9,16.0,19.8,1.3,10.3,25.6,24.86,Antsirabe,-19.867,47.033,1507.0
2021-01-11,27.5,15.7,20.3,0.4,9.8,22.7,29.81,Antsirabe,-19.867,47.033,1507.0
2021-01-12,26.7,14.3,19.9,0.2,16.6,34.9,30.39,Antsirabe,-19.867,47.033,1507.0
2021-01-13,26.5,15.4,20.3,1.4,13.9,33.8,28.47,Antsirabe,-19.867,47.033,1507.0
2021-01-14,26.8,14.2,20.0,1.1,13.4,28.8,27.78,Antsirabe,-19.867,47.033,1507.0
2021-01-15,25.2,16.3,19.5,7.7,11.2,29.9,19.35,Antsirabe,-19.867,47.033,1507.0
2021-01-16,25.7,17.1,20.1,5.2,9.3,23.8,25.75,Antsirabe,-19.867,47.033,1507.0
2021-01-17,28.3,16.2,20.6,2.9,16.4,35.3,29.43,Antsirabe,-19.867,47.033,1507.0
2021-01-18,27.3,16.1,21.0,0.3,13.1,29.5,27.97,Antsirabe,-19.867,47.033,1507.0
2021-01-19,27.7,16.2,21.3,0.0,12.2,29.9,31.84,Antsirabe,-19.867,47.033,1507.0
2021-01-20,25.0,17.3,20.8,0.7,27.4,58.0,23.16,Antsirabe,-19.867,47.033,1507.0
2021-01-21,26.2,17.4,20.6,4.4,33.8,67.0,22.31,Antsirabe,-19.867,47.033,1507.0
2021-01-22,26.3,16.5,20.2,8.5,11.9,29.5,25.56,Antsirabe,-19.867,47.033,1507.0
2021-01-23,26.7,15.1,19.8,3.0,11.2,27.4,24.88,Antsirabe,-19.867,47.033,1507.0
2021-01-24,25.4,15.7,19.4,1.7,11.6,26.6,25.5,Antsirabe,-19.867,47.033,1507.0
2021-01-25,24.4,14.1,18.2,5.8,12.6,28.4,20.76,Antsirabe,-19.867,47.033,1507.0
2021-01-26,24.5,15.2,18.9,5.5,8.9,25.2,22.9,Antsirabe,-19.867,47.033,1507.0
2021-01-27,24.6,14.7,19.5,5.1,8.9,24.8,25.92,Antsirabe,-19.867,47.033,1507.0
2021-01-28,24.6,15.9,19.7,1.9,10.9,26.6,25.45,Antsirabe,-19.867,47.033,1507.0
2021-01-29,24.5,13.1,18.7,1.1,14.5,28.4,22.4,Antsirabe,-19.867,47.033,1507.0
2021-01-30,24.5,14.7,18.7,1.9,13.6,36.4,25.88,Antsirabe,-19.867,47.033,1507.0
2021-01-31,25.6,15.4,19.5,2.9,15.6,35.6,26.01,Antsirabe,-19.867,47.033,1507.0
2021-02-01,27.2,15.8,20.7,0.2,13.2,31.7,28.52,Antsirabe,-19.867,47.033,1507.0
2021-02-02,27.2,15.6,20.8,0.0,15.5,33.5,28.21,Antsirabe,-19.867,47.033,1507.0
2021-02-03,27.2,12.7,19.7,1.6,15.8,36.7,30.05,Antsirabe,-19.867,47.033,1507.0
2021-02-04,25.9,15.7,19.7,9.4,8.6,25.9,21.95,Antsirabe,-19.867,47.033,1507.0
2021-02-05,25.0,15.5,19.5,10.8,13.6,28.1,25.09,Antsirabe,-19.867,47.033,1507.0
2021-02-06,24.2,16.1,19.3,2.5,15.5,32.0,23.18,Antsirabe,-19.867,47.033,1507.0
2021-02-07,23.8,15.6,18.7,17.0,11.4,31.0,22.29,Antsirabe,-19.867,47.033,1507.0
2021-02-08,24.3,14.1,18.3,10.2,8.0,34.6,20.55,Antsirabe,-19.867,47.033,1507.0
2021-02-09,23.7,15.8,18.5,25.0,14.6,29.2,15.0,Antsirabe,-19.867,47.033,1507.0
2021-02-10,22.8,16.1,18.1,48.2,19.1,41.0,11.65,Antsirabe,-19.867,47.033,1507.0
2021-02-11,22.1,15.5,17.5,36.6,18.1,39.2,11.04,Antsirabe,-19.867,47.033,1507.0
2021-02-12,21.9,14.8,17.5,6.1,19.9,39.6,11.79,Antsirabe,-19.867,47.033,1507.0
2021-02-13,21.2,15.8,17.4,5.5,16.4,36.0,11.87,Antsirabe,-19.867,47.033,1507.0
2021-02-14,18.1,15.3,16.5,31.3,14.8,29.2,4.99,Antsirabe,-19.867,47.033,1507.0
2021-02-15,20.3,14.4,16.8,15.7,14.1,31.3,8.95,Antsirabe,-19.867,47.033,1507.0
2021-02-16,22.7,15.4,18.1,9.2,15.0,37.4,14.5,Antsirabe,-19.867,47.033,1507.0
2021-02-17,23.8,14.9,19.2,0.3,17.6,40.3,23.69,Antsirabe,-19.867,47.033,1507.0
2021-02-18,27.2,13.9,20.2,0.0,13.0,29.9,28.08,Antsirabe,-19.867,47.033,1507.0
2021-02-19,26.5,15.1,19.7,2.3,12.2,30.2,24.64,Antsirabe,-19.867,47.033,1507.0
2021-02-20,26.2,15.4,20.1,1.0,10.2,25.2,27.04,Antsirabe,-19.867,47.033,1507.0
2021-02-21,26.0,16.0,19.7,1.0,17.5,38.9,25.53,Antsirabe,-19.867,47.033,1507.0
2021-02-22,25.2,13.9,19.4,3.9,15.6,34.2,23.89,Antsirabe,-19.867,47.033,1507.0
2021-02-23,23.8,15.0,18.8,1.3,19.8,42.5,24.27,Antsirabe,-19.867,47.033,1507.0
2021-02-24,23.6,14.9,18.4,3.9,20.1,41.8,21.42,Antsirabe,-19.867,47.033,1507.0
2021-02-25,23.5,15.4,18.7,4.4,12.8,30.2,20.13,Antsirabe,-19.867,47.033,1507.0
2021-02-26,25.2,14.3,19.2,8.5,13.0,31.3,23.4,Antsirabe,-19.867,47.033,1507.0
2021-02-27,24.8,16.2,19.3,4.9,18.1,36.7,19.02,Antsirabe,-19.867,47.033,1507.0
2021-02-28,25.5,16.1,19.6,4.2,14.4,31.7,25.57,Antsirabe,-19.867,47.033,1507.0
2021-03-01,25.0,16.6,19.7,1.9,17.3,38.5,22.4,Antsirabe,-19.867,47.033,1507.0
2021-03-02,24.7,15.9,19.1,0.0,17.6,37.4,25.9,Antsirabe,-19.867,47.033,1507.0
2021-03-03,24.3,13.6,18.6,1.5,12.9,29.2,23.52,Antsirabe,-19.867,47.033,1507.0
2021-03-04,22.4,15.9,17.9,21.0,14.7,35.6,12.72,Antsirabe,-19.867,47.033,1507.0
2021-03-05,23.1,15.1,18.2,26.1,18.7,37.1,16.17,Antsirabe,-19.867,47.033,1507.0
2021-03-06,21.9,16.1,18.1,21.0,22.1,45.4,20.16,Antsirabe,-19.867,47.033,1507.0
2021-03-07,22.2,15.2,18.0,6.2,15.5,36.7,20.24,Antsirabe,-19.867,47.033,1507.0
2021-03-08,23.4,15.1,18.5,4.0,14.8,33.8,20.58,Antsirabe,-19.867,47.033,1507.0
2021-03-09,23.4,13.0,17.9,1.1,11.2,27.4,23.17,Antsirabe,-19.867,47.033,1507.0
2021-03-10,23.0,14.8,18.6,1.7,9.2,24.1,19.8,Antsirabe,-19.867,47.033,1507.0
2021-03-11,23.3,15.5,18.3,2.5,14.2,31.3,20.17,Antsirabe,-19.867,47.033,1507.0
2021-03-12,24.3,14.6,18.2,0.6,12.9,28.4,24.1,Antsirabe,-19.867,47.033,1507.0
2021-03-13,23.3,10.4,16.7,0.1,13.5,31.0,26.11,Antsirabe,-19.867,47.033,1507.0
2021-03-14,22.2,10.3,16.7,2.9,16.2,36.0,21.46,Antsirabe,-19.867,47.033,1507.0
2021-03-15,22.4,14.5,17.9,2.6,14.5,33.8,19.65,Antsirabe,-19.867,47.033,1507.0
2021-03-16,23.1,13.7,17.7,23.1,12.1,30.2,18.21,Antsirabe,-19.867,47.033,1507.0
2021-03-17,23.3,14.8,17.9,24.5,13.9,29.2,16.78,Antsirabe,-19.867,47.033,1507.0
2021-03-18,23.2,16.0,18.6,16.7,13.6,29.9,17.5,Antsirabe,-19.867,47.033,1507.0
2021-03-19,24.1,15.3,18.7,8.3,12.8,28.4,19.43,Antsirabe,-19.867,47.033,1507.0
2021-03-20,22.8,14.4,18.0,7.8,14.2,31.7,16.17,Antsirabe,-19.867,47.033,1507.0
2021-03-21,23.3,14.1,18.1,3.9,15.9,34.9,19.54,Antsirabe,-19.867,47.033,1507.0
2021-03-22,23.9,15.3,18.4,2.8,16.4,36.0,18.32,Antsirabe,-19.867,47.033,1507.0
2021-03-23,23.3,15.1,18.2,21.3,13.1,32.8,16.57,Antsirabe,-19.867,47.033,1507.0
2021-03-24,23.0,15.1,18.0,3.7,18.1,40.0,21.12,Antsirabe,-19.867,47.033,1507.0
2021-03-25,23.5,14.2,18.1,1.6,13.3,30.6,19.15,Antsirabe,-19.867,47.033,1507.0
2021-03-26,23.7,14.4,18.6,1.0,17.4,38.2,21.87,Antsirabe,-19.867,47.033,1507.0
2021-03-27,23.0,13.9,18.1,0.0,18.1,39.6,23.32,Antsirabe,-19.867,47.033,1507.0
2021-03-28,23.0,10.9,16.8,0.1,17.3,38.5,23.27,Antsirabe,-19.867,47.033,1507.0
2021-03-29,23.3,13.0,17.5,0.0,16.6,37.4,24.77,Antsirabe,-19.867,47.033,1507.0
2021-03-30,23.6,12.8,17.6,0.5,15.5,34.9,23.0,Antsirabe,-19.867,47.033,1507.0
2021-03-31,24.9,14.0,18.4,0.1,16.3,33.1,22.72,Antsirabe,-19.867,47.033,1507.0
2021-04-01,24.4,15.4,18.7,0.7,18.1,38.5,22.31,Antsirabe,-19.867,47.033,1507.0
2021-04-02,23.0,14.5,18.0,0.0,18.5,38.9,19.9,Antsirabe,-19.867,47.033,1507.0
2021-04-03,24.9,11.7,17.7,0.2,10.0,19.1,25.01,Antsirabe,-19.867,47.033,1507.0
2021-04-04,23.5,12.7,17.6,4.3,12.4,31.7,20.97,Antsirabe,-19.867,47.033,1507.0
2021-04-05,22.9,13.7,17.6,0.1,18.7,40.7,19.5,Antsirabe,-19.867,47.033,1507.0
2021-04-06,24.5,12.4,17.5,0.2,14.5,33.1,23.88,Antsirabe,-19.867,47.033,1507.0
2021-04-07,22.3,15.3,18.0,7.3,18.2,38.2,16.08,Antsirabe,-19.867,47.033,1507.0
2021-04-08,23.3,14.9,17.9,1.5,17.1,37.1,19.85,Antsirabe,-19.867,47.033,1507.0
2021-04-09,23.0,13.2,17.1,0.4,10.8,27.4,20.09,Antsirabe,-19.867,47.033,1507.0
2021-04-10,22.9,13.2,17.1,2.5,7.9,21.6,19.03,Antsirabe,-19.867,47.033,1507.0
2021-04-11,23.2,12.0,17.2,0.0,10.6,26.6,20.7,Antsirabe,-19.867,47.033,1507.0
2021-04-12,23.6,11.0,17.4,0.0,14.3,32.8,21.01,Antsirabe,-19.867,47.033,1507.0
2021-04-13,22.5,14.1,17.4,1.0,16.5,36.4,16.61,Antsirabe,-19.867,47.033,1507.0
2021-04-14,22.3,13.3,17.0,13.0,10.2,24.1,15.66,Antsirabe,-19.867,47.033,1507.0
2021-04-15,22.8,13.3,17.0,1.2,11.4,24.8,18.48,Antsirabe,-19.867,47.033,1507.0
2021-04-16,22.2,13.8,17.1,2.9,17.2,36.0,19.15,Antsirabe,-19.867,47.033,1507.0
2021-04-17,22.7,13.7,17.1,0.9,15.2,30.2,19.52,Antsirabe,-19.867,47.033,1507.0
2021-04-18,20.0,12.8,15.6,1.0,14.8,32.0,14.27,Antsirabe,-19.867,47.033,1507.0
2021-04-19,21.9,12.6,15.9,0.8,12.9,29.2,17.06,Antsirabe,-19.867,47.033,1507.0
2021-04-20,22.3,12.9,16.1,1.8,11.8,28.8,16.06,Antsirabe,-19.867,47.033,1507.0
2021-04-21,22.4,13.6,16.7,0.3,17.8,36.7,16.83,Antsirabe,-19.867,47.033,1507.0
2021-04-22,23.0,13.4,16.8,2.4,11.8,28.1,17.83,Antsirabe,-19.867,47.033,1507.0
2021-04-23,21.7,14.2,16.7,1.4,15.3,32.8,17.04,Antsirabe,-19.867,47.033,1507.0
2021-04-24,22.1,12.6,16.4,1.1,16.9,36.4,17.38,Antsirabe,-19.867,47.033,1507.0
2021-04-25,21.6,14.2,16.8,0.6,18.5,38.9,12.15,Antsirabe,-19.867,47.033,1507.0
2021-04-26,21.4,13.3,16.7,9.1,13.0,33.8,13.21,Antsirabe,-19.867,47.033,1507.0
2021-04-27,22.0,13.8,17.0,0.5,15.6,34.6,16.15,Antsirabe,-19.867,47.033,1507.0
2021-04-28,21.8,13.3,17.0,1.9,15.5,35.3,18.02,Antsirabe,-19.867,47.033,1507.0
2021-04-29,23.0,12.8,17.1,0.6,18.9,40.7,17.25,Antsirabe,-19.867,47.033,1507.0
2021-04-30,22.9,14.5,17.3,0.2,16.5,34.2,16.93,Antsirabe,-19.867,47.033,1507.0
2021-05-01,22.5,12.5,17.0,0.5,14.5,32.8,17.76,Antsirabe,-19.867,47.033,1507.0
2021-05-02,22.5,11.6,16.8,0.7,15.1,32.4,15.9,Antsirabe,-19.867,47.033,1507.0
2021-05-03,20.9,12.7,16.4,0.4,17.9,39.6,19.3,Antsirabe,-19.867,47.033,1507.0
2021-05-04,20.8,9.7,14.7,0.0,16.7,37.1,19.35,Antsirabe,-19.867,47.033,1507.0
2021-05-05,22.7,9.3,14.3,0.1,17.7,38.2,20.26,Antsirabe,-19.867,47.033,1507.0
2021-05-06,22.2,8.6,14.0,0.0,15.9,35.3,20.82,Antsirabe,-19.867,47.033,1507.0
2021-05-07,21.6,11.6,16.0,0.0,13.8,31.3,20.26,Antsirabe,-19.867,47.033,1507.0
2021-05-08,20.8,13.9,16.6,0.9,9.8,23.0,14.05,Antsirabe,-19.867,47.033,1507.0
2021-05-09,20.7,13.9,16.2,3.3,10.6,28.1,14.1,Antsirabe,-19.867,47.033,1507.0
2021-05-10,18.9,11.7,15.0,7.1,23.2,48.6,15.41,Antsirabe,-19.867,47.033,1507.0
2021-05-11,21.3,9.5,14.7,0.8,8.1,24.1,17.38,Antsirabe,-19.867,47.033,1507.0
2021-05-12,21.1,11.1,15.6,1.0,10.9,25.2,17.09,Antsirabe,-19.867,47.033,1507.0
2021-05-13,21.6,12.1,15.7,0.0,10.1,24.1,18.37,Antsirabe,-19.867,47.033,1507.0
2021-05-14,22.1,11.1,15.8,0.0,17.8,37.8,18.46,Antsirabe,-19.867,47.033,1507.0
2021-05-15,21.0,12.2,15.9,0.0,20.6,43.6,15.58,Antsirabe,-19.867,47.033,1507.0
2021-05-16,21.1,9.6,14.9,0.0,13.3,31.3,19.26,Antsirabe,-19.867,47.033,1507.0
2021-05-17,21.5,10.6,15.3,0.0,10.5,19.8,17.8,Antsirabe,-19.867,47.033,1507.0
2021-05-18,21.7,8.8,14.6,0.0,13.6,28.1,18.91,Antsirabe,-19.867,47.033,1507.0
2021-05-19,18.8,10.5,14.5,0.2,17.3,37.8,13.42,Antsirabe,-19.867,47.033,1507.0
2021-05-20,17.9,10.7,13.7,0.0,17.9,39.2,18.19,Antsirabe,-19.867,47.033,1507.0
2021-05-21,17.9,4.9,11.4,0.0,14.4,33.5,17.88,Antsirabe,-19.867,47.033,1507.0
2021-05-22,18.3,6.6,11.9,0.0,15.0,32.8,17.77,Antsirabe,-19.867,47.033,1507.0
2021-05-23,19.3,9.5,13.9,0.5,10.0,23.0,16.78,Antsirabe,-19.867,47.033,1507.0
2021-05-24,16.6,11.1,13.3,3.3,10.2,19.4,10.88,Antsirabe,-19.867,47.033,1507.0
2021-05-25,18.6,9.8,13.7,0.1,13.4,29.9,14.62,Antsirabe,-19.867,47.033,1507.0
2021-05-26,18.6,8.5,13.0,0.0,10.4,27.4,18.12,Antsirabe,-19.867,47.033,1507.0
2021-05-27,19.8,6.2,13.0,0.0,10.4,24.1,18.15,Antsirabe,-19.867,47.033,1507.0
2021-05-28,20.8,8.9,14.1,0.0,14.6,36.0,17.14,Antsirabe,-19.867,47.033,1507.0
2021-05-29,20.7,4.6,12.3,0.0,16.2,35.6,19.08,Antsirabe,-19.867,47.033,1507.0
2021-05-30,22.2,6.0,13.9,0.0,12.0,28.8,16.24,Antsirabe,-19.867,47.033,1507.0
2021-05-31,21.3,8.8,14.7,0.1,7.2,19.8,16.95,Antsirabe,-19.867,47.033,1507.0
2021-06-01,20.3,10.4,14.9,0.0,11.2,25.2,12.97,Antsirabe,-19.867,47.033,1507.0
2021-06-02,20.3,11.2,14.9,0.0,15.3,34.9,16.18,Antsirabe,-19.867,47.033,1507.0
2021-06-03,21.5,8.8,14.2,0.3,16.8,36.0,16.3,Antsirabe,-19.867,47.033,1507.0
2021-06-04,20.4,9.9,14.3,0.0,12.7,28.1,15.85,Antsirabe,-19.867,47.033,1507.0
2021-06-05,19.6,9.0,13.5,0.0,15.5,33.8,16.73,Antsirabe,-19.867,47.033,1507.0
2021-06-06,17.6,7.7,12.3,0.1,15.6,34.9,11.79,Antsirabe,-19.867,47.033,1507.0
2021-06-07,15.5,9.5,11.8,0.0,17.3,36.7,8.49,Antsirabe,-19.867,47.033,1507.0
2021-06-08,17.0,6.1,11.1,0.0,14.3,33.8,18.26,Antsirabe,-19.867,47.033,1507.0
2021-06-09,17.1,4.8,11.3,0.0,18.4,40.7,16.99,Antsirabe,-19.867,47.033,1507.0
2021-06-10,17.8,6.9,11.7,0.0,14.0,33.1,18.04,Antsirabe,-19.867,47.033,1507.0
2021-06-11,18.6,8.5,12.4,0.0,14.0,32.8,15.33,Antsirabe,-19.867,47.033,1507.0
2021-06-12,20.2,8.3,13.5,1.1,17.9,37.8,12.91,Antsirabe,-19.867,47.033,1507.0
2021-06-13,17.6,12.7,14.2,14.1,15.6,35.3,6.91,Antsirabe,-19.867,47.033,1507.0
2021-06-14,16.1,10.5,13.2,6.6,8.3,24.8,6.44,Antsirabe,-19.867,47.033,1507.0
2021-06-15,19.4,6.7,12.4,0.0,11.3,22.7,17.06,Antsirabe,-19.867,47.033,1507.0
2021-06-16,18.9,10.0,13.2,0.0,11.9,28.1,16.79,Antsirabe,-19.867,47.033,1507.0
2021-06-17,17.8,8.2,11.9,0.0,10.2,22.7,17.93,Antsirabe,-19.867,47.033,1507.0
2021-06-18,18.8,6.7,11.5,0.0,10.7,19.1,17.87,Antsirabe,-19.867,47.033,1507.0
2021-06-19,18.7,5.5,11.1,0.0,13.8,28.1,18.32,Antsirabe,-19.867,47.033,1507.0
2021-06-20,16.9,8.0,12.3,0.3,18.9,39.2,10.9,Antsirabe,-19.867,47.033,1507.0
2021-06-21,15.8,8.5,11.7,0.1,19.9,40.7,12.02,Antsirabe,-19.867,47.033,1507.0
2021-06-22,16.6,7.2,10.9,0.0,15.9,34.6,16.91,Antsirabe,-19.867,47.033,1507.0
2021-06-23,15.9,6.7,10.1,0.0,15.2,33.8,15.73,Antsirabe,-19.867,47.033,1507.0
2021-06-24,17.7,5.6,10.6,0.0,12.5,30.2,18.19,Antsirabe,-19.867,47.033,1507.0
2021-06-25,18.3,6.2,11.2,0.3,11.4,27.7,16.99,Antsirabe,-19.867,47.033,1507.0
2021-06-26,17.4,6.9,11.6,0.1,13.4,31.3,15.51,Antsirabe,-19.867,47.033,1507.0
2021-06-27,18.4,5.8,11.7,0.0,10.2,23.0,17.55,Antsirabe,-19.867,47.033,1507.0
2021-06-28,18.6,7.4,11.9,0.0,10.7,27.0,18.55,Antsirabe,-19.867,47.033,1507.0
2021-06-29,18.8,6.2,11.8,0.0,10.7,20.2,17.67,Antsirabe,-19.867,47.033,1507.0
2021-06-30,19.1,9.1,12.8,0.0,15.4,29.9,17.99,Antsirabe,-19.867,47.033,1507.0
2021-07-01,19.1,6.2,11.8,0.0,12.0,29.2,18.6,Antsirabe,-19.867,47.033,1507.0
2021-07-02,20.5,7.1,12.1,0.0,13.0,24.8,18.19,Antsirabe,-19.867,47.033,1507.0
2021-07-03,18.8,6.4,11.6,0.0,15.0,32.8,16.06,Antsirabe,-19.867,47.033,1507.0
2021-07-04,19.9,7.2,12.3,0.0,11.2,27.7,18.5,Antsirabe,-19.867,47.033,1507.0
2021-07-05,19.3,4.9,11.6,0.0,10.5,27.0,18.15,Antsirabe,-19.867,47.033,1507.0
2021-07-06,20.3,8.4,13.2,0.0,12.1,24.8,18.67,Antsirabe,-19.867,47.033,1507.0
2021-07-07,17.5,11.1,13.5,0.5,15.6,32.4,8.14,Antsirabe,-19.867,47.033,1507.0
2021-07-08,18.4,9.5,12.9,0.0,18.3,40.0,16.08,Antsirabe,-19.867,47.033,1507.0
2021-07-09,17.7,9.2,13.1,0.3,23.0,47.5,10.83,Antsirabe,-19.867,47.033,1507.0
2021-07-10,19.3,10.5,14.1,0.0,17.3,37.4,14.41,Antsirabe,-19.867,47.033,1507.0
2021-07-11,19.1,8.4,12.5,0.0,16.0,36.4,18.35,Antsirabe,-19.867,47.033,1507.0
2021-07-12,19.5,9.0,13.1,0.0,17.1,37.8,14.31,Antsirabe,-19.867,47.033,1507.0
2021-07-13,18.3,7.9,12.5,0.0,17.1,37.4,17.42,Antsirabe,-19.867,47.033,1507.0
2021-07-14,18.7,7.0,12.5,0.0,12.2,25.9,18.91,Antsirabe,-19.867,47.033,1507.0
2021-07-15,17.6,8.3,12.3,0.0,18.7,38.9,11.26,Antsirabe,-19.867,47.033,1507.0
2021-07-16,18.1,6.7,11.9,0.0,14.8,30.6,16.62,Antsirabe,-19.867,47.033,1507.0
2021-07-17,18.5,9.1,12.5,0.0,17.0,35.6,16.39,Antsirabe,-19.867,47.033,1507.0
2021-07-18,19.1,9.9,13.4,0.0,10.4,24.5,14.16,Antsirabe,-19.867,47.033,1507.0
2021-07-19,18.9,10.8,13.5,1.2,19.2,41.4,14.05,Antsirabe,-19.867,47.033,1507.0
2021-07-20,18.0,10.5,13.5,0.9,20.9,45.4,11.92,Antsirabe,-19.867,47.033,1507.0
2021-07-21,20.2,10.1,13.9,0.0,17.5,38.2,17.4,Antsirabe,-19.867,47.033,1507.0
2021-07-22,19.2,5.3,12.0,0.0,11.2,26.6,19.54,Antsirabe,-19.867,47.033,1507.0
2021-07-23,19.6,6.5,11.9,0.0,10.0,22.0,19.59,Antsirabe,-19.867,47.033,1507.0
2021-07-24,17.9,4.4,11.0,0.3,17.1,37.8,15.2,Antsirabe,-19.867,47.033,1507.0
2021-07-25,14.1,9.3,11.1,0.1,19.2,40.0,8.43,Antsirabe,-19.867,47.033,1507.0
2021-07-26,14.9,8.7,10.8,0.0,16.3,34.6,7.82,Antsirabe,-19.867,47.033,1507.0
2021-07-27,17.4,6.4,11.1,0.0,15.9,33.1,17.1,Antsirabe,-19.867,47.033,1507.0
2021-07-28,17.6,3.9,10.5,0.0,14.4,31.7,19.94,Antsirabe,-19.867,47.033,1507.0
2021-07-29,17.8,8.1,13.0,0.0,25.9,54.0,15.14,Antsirabe,-19.867,47.033,1507.0
2021-07-30,17.6,10.3,13.0,2.3,16.6,35.6,9.3,Antsirabe,-19.867,47.033,1507.0
2021-07-31,18.8,8.1,12.3,0.0,14.1,33.1,19.22,Antsirabe,-19.867,47.033,1507.0
2021-08-01,16.6,5.5,11.0,0.3,17.0,38.2,15.21,Antsirabe,-19.867,47.033,1507.0
2021-08-02,18.1,8.0,12.3,0.0,16.2,34.9,14.88,Antsirabe,-19.867,47.033,1507.0
2021-08-03,19.7,6.0,12.7,0.0,13.3,30.2,19.75,Antsirabe,-19.867,47.033,1507.0
2021-08-04,17.4,10.2,13.2,0.0,15.9,34.6,11.55,Antsirabe,-19.867,47.033,1507.0
2021-08-05,18.7,9.2,12.7,0.0,15.5,34.9,17.41,Antsirabe,-19.867,47.033,1507.0
2021-08-06,19.1,8.0,12.6,0.0,12.7,26.3,21.11,Antsirabe,-19.867,47.033,1507.0
2021-08-07,19.0,7.9,12.3,0.0,11.1,26.6,20.77,Antsirabe,-19.867,47.033,1507.0
2021-08-08,18.9,5.5,11.6,0.0,11.6,27.0,21.03,Antsirabe,-19.867,47.033,1507.0
2021-08-09,19.5,8.1,12.9,0.0,12.2,24.5,20.61,Antsirabe,-19.867,47.033,1507.0
2021-08-10,19.9,7.4,12.9,0.0,11.4,24.1,20.93,Antsirabe,-19.867,47.033,1507.0
2021-08-11,18.9,6.1,12.4,0.0,15.6,34.9,19.18,Antsirabe,-19.867,47.033,1507.0
2021-08-12,20.9,8.1,13.5,0.0,13.5,32.0,19.89,Antsirabe,-19.867,47.033,1507.0
2021-08-13,21.7,7.3,13.6,0.0,11.2,25.6,21.54,Antsirabe,-19.867,47.033,1507.0
2021-08-14,20.4,8.2,13.6,0.0,18.1,39.2,18.96,Antsirabe,-19.867,47.033,1507.0
2021-08-15,19.9,8.6,12.8,0.0,13.8,30.2,21.59,Antsirabe,-19.867,47.033,1507.0
2021-08-16,19.9,7.7,12.3,0.0,14.0,30.6,22.49,Antsirabe,-19.867,47.033,1507.0
2021-08-17,17.8,8.0,11.7,0.0,18.0,40.7,21.29,Antsirabe,-19.867,47.033,1507.0
2021-08-18,19.6,8.0,12.4,0.0,18.4,36.7,21.49,Antsirabe,-19.867,47.033,1507.0
2021-08-19,22.3,7.4,14.2,0.0,14.3,30.2,21.96,Antsirabe,-19.867,47.033,1507.0
2021-08-20,24.1,8.8,16.2,0.0,12.4,27.7,20.67,Antsirabe,-19.867,47.033,1507.0
2021-08-21,23.9,11.0,16.6,0.0,14.3,31.0,20.29,Antsirabe,-19.867,47.033,1507.0
2021-08-22,23.1,10.4,15.7,0.0,15.0,29.5,22.1,Antsirabe,-19.867,47.033,1507.0
2021-08-23,23.3,6.6,14.8,0.0,14.5,31.0,22.21,Antsirabe,-19.867,47.033,1507.0
2021-08-24,22.0,8.7,14.4,0.0,13.4,31.3,20.58,Antsirabe,-19.867,47.033,1507.0
2021-08-25,23.0,7.9,14.9,0.0,15.5,36.4,21.44,Antsirabe,-19.867,47.033,1507.0
2021-08-26,22.5,8.0,14.8,0.0,12.2,28.4,22.42,Antsirabe,-19.867,47.033,1507.0
2021-08-27,20.3,9.4,13.8,0.0,17.7,38.9,19.1,Antsirabe,-19.867,47.033,1507.0
2021-08-28,19.3,6.6,12.9,0.0,21.0,46.1,16.83,Antsirabe,-19.867,47.033,1507.0
2021-08-29,21.2,10.2,15.3,1.0,20.0,42.1,16.16,Antsirabe,-19.867,47.033,1507.0
2021-08-30,22.6,12.0,16.2,0.1,17.7,37.8,12.96,Antsirabe,-19.867,47.033,1507.0
2021-08-31,22.7,11.2,17.0,1.0,12.4,30.2,19.2,Antsirabe,-19.867,47.033,1507.0
2021-09-01,24.7,11.1,17.0,0.0,13.4,28.8,22.57,Antsirabe,-19.867,47.033,1507.0
2021-09-02,22.7,7.7,14.6,0.0,16.5,38.2,24.81,Antsirabe,-19.867,47.033,1507.0
2021-09-03,22.3,6.4,13.7,0.0,15.1,35.3,24.92,Antsirabe,-19.867,47.033,1507.0
2021-09-04,19.8,7.5,13.1,0.0,21.7,47.9,24.0,Antsirabe,-19.867,47.033,1507.0
2021-09-05,19.4,9.2,13.2,0.2,17.2,38.9,21.56,Antsirabe,-19.867,47.033,1507.0
2021-09-06,20.6,8.4,13.5,0.0,16.9,36.7,23.21,Antsirabe,-19.867,47.033,1507.0
2021-09-07,22.4,8.2,14.4,0.0,17.1,34.6,23.62,Antsirabe,-19.867,47.033,1507.0
2021-09-08,22.8,8.4,15.0,0.0,14.2,34.2,24.52,Antsirabe,-19.867,47.033,1507.0
2021-09-09,24.1,8.6,15.8,0.0,15.9,31.7,24.96,Antsirabe,-19.867,47.033,1507.0
2021-09-10,22.5,10.9,15.3,0.1,18.5,41.0,23.83,Antsirabe,-19.867,47.033,1507.0
2021-09-11,17.3,11.2,13.4,0.0,21.1,45.0,15.18,Antsirabe,-19.867,47.033,1507.0
2021-09-12,18.8,9.9,13.8,0.0,25.3,53.3,17.95,Antsirabe,-19.867,47.033,1507.0
2021-09-13,20.6,10.1,14.4,0.0,19.6,42.5,18.79,Antsirabe,-19.867,47.033,1507.0
2021-09-14,23.5,9.6,15.7,0.0,15.7,32.0,24.62,Antsirabe,-19.867,47.033,1507.0
2021-09-15,24.0,9.6,15.8,0.0,15.6,30.2,25.66,Antsirabe,-19.867,47.033,1507.0
2021-09-16,24.3,10.8,16.6,0.0,18.4,36.0,26.07,Antsirabe,-19.867,47.033,1507.0
2021-09-17,25.4,9.2,16.9,0.0,16.4,37.1,24.85,Antsirabe,-19.867,47.033,1507.0
2021-09-18,24.4,10.5,17.3,0.0,18.2,41.0,25.46,Antsirabe,-19.867,47.033,1507.0
2021-09-19,19.6,11.5,14.6,1.2,17.9,36.7,14.24,Antsirabe,-19.867,47.033,1507.0
2021-09-20,20.4,11.0,14.2,0.4,16.1,33.5,14.66,Antsirabe,-19.867,47.033,1507.0
2021-09-21,22.6,10.5,15.9,0.1,15.6,31.7,18.4,Antsirabe,-19.867,47.033,1507.0
2021-09-22,24.2,10.1,16.2,0.3,14.9,33.8,21.31,Antsirabe,-19.867,47.033,1507.0
2021-09-23,23.3,9.6,16.0,0.3,12.2,29.9,22.33,Antsirabe,-19.867,47.033,1507.0
2021-09-24,22.4,10.9,15.6,0.1,14.9,36.0,23.12,Antsirabe,-19.867,47.033,1507.0
2021-09-25,23.2,11.1,16.2,0.1,15.0,32.4,24.31,Antsirabe,-19.867,47.033,1507.0
2021-09-26,22.1,11.0,15.8,0.0,18.4,38.9,24.93,Antsirabe,-19.867,47.033,1507.0
2021-09-27,22.7,8.6,15.1,0.0,17.4,37.4,27.85,Antsirabe,-19.867,47.033,1507.0
2021-09-28,22.5,9.3,15.2,0.5,20.5,45.0,23.09,Antsirabe,-19.867,47.033,1507.0
2021-09-29,24.8,10.5,16.8,0.0,16.6,32.4,23.02,Antsirabe,-19.867,47.033,1507.0
2021-09-30,25.9,10.3,16.9,0.0,14.4,31.0,20.73,Antsirabe,-19.867,47.033,1507.0
2021-10-01,24.5,10.6,16.5,0.0,19.3,37.1,27.31,Antsirabe,-19.867,47.033,1507.0
2021-10-02,24.4,11.3,16.8,0.0,17.1,37.8,27.77,Antsirabe,-19.867,47.033,1507.0
2021-10-03,24.6,10.2,16.7,0.0,21.4,41.4,28.11,Antsirabe,-19.867,47.033,1507.0
2021-10-04,25.5,11.7,17.9,0.0,16.2,37.4,22.92,Antsirabe,-19.867,47.033,1507.0
2021-10-05,25.8,11.9,17.9,0.0,14.8,29.9,22.5,Antsirabe,-19.867,47.033,1507.0
2021-10-06,25.1,12.1,17.8,0.0,16.5,36.4,21.24,Antsirabe,-19.867,47.033,1507.0
2021-10-07,23.9,12.4,17.0,0.0,21.2,47.5,24.36,Antsirabe,-19.867,47.033,1507.0
2021-10-08,23.7,11.3,15.6,0.1,21.2,42.5,25.3,Antsirabe,-19.867,47.033,1507.0
2021-10-09,22.9,11.3,15.8,0.1,19.2,39.6,17.9,Antsirabe,-19.867,47.033,1507.0
2021-10-10,24.7,11.7,17.1,0.0,17.4,37.1,22.31,Antsirabe,-19.867,47.033,1507.0
2021-10-11,24.9,10.1,17.2,0.0,16.6,35.3,22.72,Antsirabe,-19.867,47.033,1507.0
2021-10-12,24.4,11.9,17.7,0.4,16.8,36.7,21.74,Antsirabe,-19.867,47.033,1507.0
2021-10-13,24.8,12.2,18.3,1.0,11.3,22.7,22.86,Antsirabe,-19.867,47.033,1507.0
2021-10-14,27.9,11.1,18.8,0.0,13.7,30.6,29.65,Antsirabe,-19.867,47.033,1507.0
2021-10-15,25.7,10.5,17.3,0.0,18.6,36.7,28.52,Antsirabe,-19.867,47.033,1507.0
2021-10-16,24.6,9.2,16.6,0.0,19.6,42.8,29.64,Antsirabe,-19.867,47.033,1507.0
2021-10-17,26.0,10.5,17.6,0.0,17.6,36.4,29.52,Antsirabe,-19.867,47.033,1507.0
2021-10-18,27.5,9.5,18.0,0.0,18.2,33.5,28.67,Antsirabe,-19.867,47.033,1507.0
2021-10-19,27.5,10.8,18.7,0.5,15.0,29.5,23.66,Antsirabe,-19.867,47.033,1507.0
2021-10-20,25.0,13.0,18.1,1.4,13.3,28.4,22.99,Antsirabe,-19.867,47.033,1507.0
2021-10-21,23.7,13.3,18.0,7.1,23.5,49.7,25.44,Antsirabe,-19.867,47.033,1507.0
2021-10-22,26.2,9.2,18.1,0.0,21.7,46.4,29.22,Antsirabe,-19.867,47.033,1507.0
2021-10-23,27.5,14.2,20.1,0.0,20.3,43.2,28.26,Antsirabe,-19.867,47.033,1507.0
2021-10-24,28.3,11.3,19.7,0.3,18.1,40.3,27.18,Antsirabe,-19.867,47.033,1507.0
2021-10-25,26.3,14.3,19.7,0.0,18.1,35.6,23.94,Antsirabe,-19.867,47.033,1507.0
2021-10-26,28.3,12.8,19.6,0.0,18.7,36.7,29.06,Antsirabe,-19.867,47.033,1507.0
2021-10-27,27.8,11.6,19.9,0.0,16.1,36.7,28.12,Antsirabe,-19.867,47.033,1507.0
2021-10-28,27.1,14.4,19.6,0.4,21.8,45.4,29.04,Antsirabe,-19.867,47.033,1507.0
2021-10-29,24.3,12.5,16.2,3.4,22.4,46.4,18.0,Antsirabe,-19.867,47.033,1507.0
2021-10-30,24.5,12.3,17.8,2.4,15.8,32.0,19.31,Antsirabe,-19.867,47.033,1507.0
2021-10-31,26.0,12.1,18.9,0.0,21.3,43.2,24.08,Antsirabe,-19.867,47.033,1507.0
2021-11-01,26.3,12.3,19.1,0.0,21.0,44.6,27.48,Antsirabe,-19.867,47.033,1507.0
2021-11-02,26.4,13.9,19.7,0.0,18.0,40.7,28.52,Antsirabe,-19.867,47.033,1507.0
2021-11-03,27.7,12.5,20.2,0.0,17.9,38.9,23.17,Antsirabe,-19.867,47.033,1507.0
2021-11-04,29.7,12.3,21.4,0.0,19.9,39.6,29.34,Antsirabe,-19.867,47.033,1507.0
2021-11-05,29.9,13.9,21.7,0.0,17.0,38.5,30.74,Antsirabe,-19.867,47.033,1507.0
2021-11-06,28.8,15.9,20.8,0.1,21.9,42.5,27.71,Antsirabe,-19.867,47.033,1507.0
2021-11-07,27.8,15.2,20.7,0.0,16.4,32.4,23.75,Antsirabe,-19.867,47.033,1507.0
2021-11-08,29.8,14.8,21.1,0.0,16.9,33.8,28.94,Antsirabe,-19.867,47.033,1507.0
2021-11-09,30.7,14.8,22.0,0.0,15.9,30.6,28.49,Antsirabe,-19.867,47.033,1507.0
2021-11-10,30.9,15.8,22.7,0.0,16.0,32.4,28.0,Antsirabe,-19.867,47.033,1507.0
2021-11-11,30.6,13.9,22.6,0.0,13.9,33.5,28.23,Antsirabe,-19.867,47.033,1507.0
2021-11-12,29.0,14.4,21.3,0.0,14.4,30.6,27.27,Antsirabe,-19.867,47.033,1507.0
2021-11-13,28.4,15.1,20.5,3.8,23.3,46.4,24.74,Antsirabe,-19.867,47.033,1507.0
2021-11-14,29.8,13.7,20.7,0.4,18.4,40.0,27.64,Antsirabe,-19.867,47.033,1507.0
2021-11-15,26.7,13.9,19.1,12.8,14.8,43.2,20.7,Antsirabe,-19.867,47.033,1507.0
2021-11-16,27.6,11.6,19.6,0.1,11.3,27.7,27.87,Antsirabe,-19.867,47.033,1507.0
2021-11-17,28.2,13.5,20.6,0.0,11.7,27.0,25.67,Antsirabe,-19.867,47.033,1507.0
2021-11-18,27.5,11.1,19.5,0.0,16.6,34.9,31.68,Antsirabe,-19.867,47.033,1507.0
2021-11-19,27.6,11.2,19.3,0.0,17.7,36.7,30.05,Antsirabe,-19.867,47.033,1507.0
2021-11-20,28.2,14.0,20.6,0.0,14.2,31.3,28.31,Antsirabe,-19.867,47.033,1507.0
2021-11-21,28.3,13.9,20.7,0.2,14.0,30.2,27.34,Antsirabe,-19.867,47.033,1507.0
2021-11-22,28.5,15.5,21.3,0.4,13.3,27.7,23.74,Antsirabe,-19.867,47.033,1507.0
2021-11-23,26.9,15.6,19.9,10.5,17.1,43.9,24.0,Antsirabe,-19.867,47.033,1507.0
2021-11-24,26.3,16.4,20.4,0.6,18.2,40.3,26.96,Antsirabe,-19.867,47.033,1507.0
2021-11-25,26.7,15.8,19.7,4.3,16.4,32.8,25.77,Antsirabe,-19.867,47.033,1507.0
2021-11-26,24.9,15.8,18.6,10.0,17.6,33.5,22.48,Antsirabe,-19.867,47.033,1507.0
2021-11-27,24.3,14.7,18.5,3.3,15.0,34.6,25.08,Antsirabe,-19.867,47.033,1507.0
2021-11-28,23.7,14.8,18.3,2.6,13.0,31.0,21.64,Antsirabe,-19.867,47.033,1507.0
2021-11-29,23.6,14.2,17.9,3.8,13.6,32.4,20.68,Antsirabe,-19.867,47.033,1507.0
2021-11-30,24.9,13.2,17.8,13.1,11.9,29.2,22.95,Antsirabe,-19.867,47.033,1507.0
2021-12-01,25.8,13.8,17.9,13.5,16.5,34.2,21.83,Antsirabe,-19.867,47.033,1507.0
2021-12-02,23.6,13.6,18.1,2.0,20.1,41.8,24.42,Antsirabe,-19.867,47.033,1507.0
2021-12-03,24.8,12.0,17.8,0.0,15.8,34.2,30.98,Antsirabe,-19.867,47.033,1507.0
2021-12-04,27.0,12.8,19.0,0.0,16.1,33.5,28.83,Antsirabe,-19.867,47.033,1507.0
2021-12-05,27.2,13.7,19.8,0.0,14.5,28.8,31.46,Antsirabe,-19.867,47.033,1507.0
2021-12-06,26.3,14.2,19.4,0.0,15.1,30.2,31.49,Antsirabe,-19.867,47.033,1507.0
2021-12-07,27.2,13.7,19.4,0.0,12.7,26.6,31.63,Antsirabe,-19.867,47.033,1507.0
2021-12-08,27.1,12.1,18.8,0.0,15.5,32.0,31.39,Antsirabe,-19.867,47.033,1507.0
2021-12-09,27.1,12.6,19.4,0.0,14.8,31.0,27.52,Antsirabe,-19.867,47.033,1507.0
2021-12-10,28.4,13.5,19.8,0.0,18.5,42.5,29.82,Antsirabe,-19.867,47.033,1507.0
2021-12-11,26.3,14.4,19.5,0.0,16.3,33.1,28.91,Antsirabe,-19.867,47.033,1507.0
2021-12-12,26.9,13.1,19.6,0.0,18.0,36.4,28.65,Antsirabe,-19.867,47.033,1507.0
2021-12-13,26.2,12.5,18.7,0.5,15.8,36.0,26.06,Antsirabe,-19.867,47.033,1507.0
2021-12-14,25.3,13.8,18.5,10.0,15.6,36.4,27.28,Antsirabe,-19.867,47.033,1507.0
2021-12-15,25.9,13.3,19.3,0.0,15.3,35.6,32.09,Antsirabe,-19.867,47.033,1507.0
2021-12-16,25.7,14.3,18.9,6.1,15.3,45.7,26.34,Antsirabe,-19.867,47.033,1507.0
2021-12-17,26.6,12.6,19.7,2.2,13.3,31.3,28.41,Antsirabe,-19.867,47.033,1507.0
2021-12-18,26.0,14.8,19.9,1.6,17.6,40.0,27.87,Antsirabe,-19.867,47.033,1507.0
2021-12-19,26.6,16.2,20.5,1.7,20.2,43.2,29.58,Antsirabe,-19.867,47.033,1507.0
2021-12-20,26.4,14.9,19.9,12.1,23.7,47.2,26.61,Antsirabe,-19.867,47.033,1507.0
2021-12-21,25.8,15.8,19.3,7.3,14.0,32.8,21.01,Antsirabe,-19.867,47.033,1507.0
2021-12-22,25.5,14.0,19.6,5.9,22.7,45.7,27.85,Antsirabe,-19.867,47.033,1507.0
2021-12-23,25.2,15.4,20.0,1.5,23.8,49.0,26.39,Antsirabe,-19.867,47.033,1507.0
2021-12-24,26.3,15.0,20.3,1.6,18.0,38.9,26.74,Antsirabe,-19.867,47.033,1507.0
2021-12-25,25.9,14.2,20.1,1.1,18.7,37.8,25.3,Antsirabe,-19.867,47.033,1507.0
2021-12-26,26.5,14.9,19.5,10.1,12.9,31.0,24.94,Antsirabe,-19.867,47.033,1507.0
2021-12-27,25.9,15.1,19.4,8.8,12.1,25.2,20.76,Antsirabe,-19.867,47.033,1507.0
2021-12-28,25.1,16.7,19.9,5.6,12.6,31.0,23.34,Antsirabe,-19.867,47.033,1507.0
2021-12-29,26.8,15.3,19.2,13.4,9.8,27.0,22.11,Antsirabe,-19.867,47.033,1507.0
2021-12-30,25.4,15.2,19.0,7.6,16.5,37.8,22.67,Antsirabe,-19.867,47.033,1507.0
2021-12-31,24.4,14.5,18.5,14.1,12.3,29.5,22.51,Antsirabe,-19.867,47.033,1507.0
2022-01-01,24.6,14.9,18.6,5.8,14.9,38.2,21.35,Antsirabe,-19.867,47.033,1507.0
2022-01-02,25.4,14.2,19.3,1.3,13.4,31.3,26.02,Antsirabe,-19.867,47.033,1507.0
2022-01-03,24.7,14.2,18.9,3.4,13.7,36.0,22.85,Antsirabe,-19.867,47.033,1507.0
2022-01-04,25.0,15.2,18.5,20.1,18.9,38.5,18.23,Antsirabe,-19.867,47.033,1507.0
2022-01-05,24.1,15.4,18.6,22.3,14.0,32.8,20.01,Antsirabe,-19.867,47.033,1507.0
2022-01-06,23.8,15.1,18.0,12.7,16.7,37.1,20.25,Antsirabe,-19.867,47.033,1507.0
2022-01-07,25.0,14.8,18.8,12.4,12.6,31.0,22.02,Antsirabe,-19.867,47.033,1507.0
2022-01-08,25.5,15.3,19.2,4.7,14.1,29.2,21.99,Antsirabe,-19.867,47.033,1507.0
2022-01-09,23.3,15.9,18.2,18.7,11.9,25.2,16.28,Antsirabe,-19.867,47.033,1507.0
2022-01-10,23.3,14.4,18.1,7.5,11.7,29.9,18.71,Antsirabe,-19.867,47.033,1507.0
2022-01-11,24.6,12.4,18.3,0.9,15.9,34.6,24.46,Antsirabe,-19.867,47.033,1507.0
2022-01-12,23.3,15.0,18.3,10.3,13.4,32.4,19.22,Antsirabe,-19.867,47.033,1507.0
2022-01-13,23.3,15.9,18.6,10.4,18.0,42.8,23.81,Antsirabe,-19.867,47.033,1507.0
2022-01-14,22.1,14.1,17.9,10.8,13.2,30.2,19.89,Antsirabe,-19.867,47.033,1507.0
2022-01-15,23.4,16.1,18.4,11.6,14.2,32.0,16.41,Antsirabe,-19.867,47.033,1507.0
2022-01-16,23.5,15.0,18.5,11.2,19.0,40.7,24.29,Antsirabe,-19.867,47.033,1507.0
2022-01-17,24.4,14.8,18.3,12.8,18.5,40.3,24.7,Antsirabe,-19.867,47.033,1507.0
2022-01-18,22.2,15.4,17.7,9.2,17.1,36.0,15.83,Antsirabe,-19.867,47.033,1507.0
2022-01-19,23.0,15.8,18.2,23.0,16.8,36.4,18.14,Antsirabe,-19.867,47.033,1507.0
2022-01-20,19.4,15.0,16.8,20.0,12.1,24.5,6.21,Antsirabe,-19.867,47.033,1507.0
2022-01-21,23.2,13.6,17.3,0.0,11.7,25.9,16.06,Antsirabe,-19.867,47.033,1507.0
2022-01-22,22.5,15.4,18.4,2.7,23.9,48.6,14.67,Antsirabe,-19.867,47.033,1507.0
2022-01-23,22.5,17.7,19.5,2.7,40.7,79.6,18.57,Antsirabe,-19.867,47.033,1507.0
2022-01-24,23.8,16.9,19.4,1.7,33.4,66.6,24.96,Antsirabe,-19.867,47.033,1507.0
2022-01-25,18.9,15.7,17.2,17.6,14.9,30.6,7.97,Antsirabe,-19.867,47.033,1507.0
2022-01-26,25.0,14.4,18.2,0.0,15.1,31.3,28.22,Antsirabe,-19.867,47.033,1507.0
2022-01-27,24.8,13.4,18.2,0.0,11.0,23.4,28.78,Antsirabe,-19.867,47.033,1507.0
2022-01-28,25.4,13.0,18.5,0.1,15.0,28.1,29.99,Antsirabe,-19.867,47.033,1507.0
2022-01-29,25.9,13.6,18.7,0.0,12.4,27.0,30.63,Antsirabe,-19.867,47.033,1507.0
2022-01-30,26.1,14.1,18.8,0.0,11.4,23.4,30.2,Antsirabe,-19.867,47.033,1507.0
2022-01-31,26.7,12.1,18.3,0.0,13.8,28.8,32.07,Antsirabe,-19.867,47.033,1507.0
2022-02-01,24.0,14.5,18.9,0.0,14.8,31.0,24.18,Antsirabe,-19.867,47.033,1507.0
2022-02-02,24.9,11.1,17.8,0.0,12.9,25.2,31.47,Antsirabe,-19.867,47.033,1507.0
2022-02-03,26.0,14.0,19.3,0.5,13.6,28.8,28.48,Antsirabe,-19.867,47.033,1507.0
2022-02-04,23.1,15.9,18.8,7.2,19.7,43.2,20.76,Antsirabe,-19.867,47.033,1507.0
2022-02-05,19.8,16.5,17.5,41.7,43.1,83.2,8.62,Antsirabe,-19.867,47.033,1507.0
2022-02-06,21.7,16.3,18.3,44.3,52.5,105.5,10.34,Antsirabe,-19.867,47.033,1507.0
2022-02-07,24.4,13.9,19.1,1.4,17.1,36.4,29.12,Antsirabe,-19.867,47.033,1507.0
2022-02-08,25.0,12.9,18.9,0.6,13.3,30.2,28.04,Antsirabe,-19.867,47.033,1507.0
2022-02-09,25.1,15.6,18.9,26.5,8.5,23.4,19.8,Antsirabe,-19.867,47.033,1507.0
2022-02-10,26.0,16.2,20.2,2.0,11.0,24.5,26.78,Antsirabe,-19.867,47.033,1507.0
2022-02-11,26.9,15.7,20.3,1.2,15.1,32.4,28.03,Antsirabe,-19.867,47.033,1507.0
2022-02-12,25.5,14.5,19.3,0.4,11.9,24.8,30.22,Antsirabe,-19.867,47.033,1507.0
2022-02-13,24.1,12.3,17.9,9.0,14.1,31.3,21.42,Antsirabe,-19.867,47.033,1507.0
2022-02-14,24.5,14.9,19.0,4.0,20.2,41.8,24.24,Antsirabe,-19.867,47.033,1507.0
2022-02-15,24.9,13.3,18.9,4.0,21.3,48.6,26.22,Antsirabe,-19.867,47.033,1507.0
2022-02-16,23.2,16.8,19.4,0.9,26.4,54.4,21.1,Antsirabe,-19.867,47.033,1507.0
2022-02-17,24.7,13.9,19.1,1.8,17.3,36.4,24.54,Antsirabe,-19.867,47.033,1507.0
2022-02-18,25.4,12.5,18.2,0.0,13.0,28.4,27.83,Antsirabe,-19.867,47.033,1507.0
2022-02-19,26.5,10.4,17.8,0.0,15.0,29.9,26.98,Antsirabe,-19.867,47.033,1507.0
2022-02-20,25.6,13.1,18.3,0.0,12.7,23.8,30.72,Antsirabe,-19.867,47.033,1507.0
2022-02-21,24.1,10.7,17.1,1.9,22.4,46.8,18.9,Antsirabe,-19.867,47.033,1507.0
2022-02-22,19.4,16.0,17.4,37.0,39.5,77.4,8.98,Antsirabe,-19.867,47.033,1507.0
2022-02-23,22.8,16.6,19.0,6.5,36.2,69.5,20.43,Antsirabe,-19.867,47.033,1507.0
2022-02-24,25.1,15.2,19.4,4.3,14.1,30.2,25.51,Antsirabe,-19.867,47.033,1507.0
2022-02-25,22.3,15.8,18.4,10.0,12.7,29.9,14.73,Antsirabe,-19.867,47.033,1507.0
2022-02-26,23.1,15.9,18.6,13.8,5.6,20.2,12.29,Antsirabe,-19.867,47.033,1507.0
2022-02-27,23.8,16.3,19.0,15.7,16.9,36.4,20.05,Antsirabe,-19.867,47.033,1507.0
2022-02-28,24.9,15.1,18.4,8.9,12.5,26.6,22.5,Antsirabe,-19.867,47.033,1507.0
2022-03-01,23.7,15.1,18.4,17.4,12.0,30.6,20.02,Antsirabe,-19.867,47.033,1507.0
2022-03-02,23.9,15.4,18.7,13.8,10.8,28.1,21.86,Antsirabe,-19.867,47.033,1507.0
2022-03-03,24.6,15.2,18.7,18.0,13.0,36.0,19.85,Antsirabe,-19.867,47.033,1507.0
2022-03-04,24.9,15.9,19.4,0.9,12.3,26.6,23.02,Antsirabe,-19.867,47.033,1507.0
2022-03-05,24.5,12.2,18.8,0.8,13.3,30.6,26.28,Antsirabe,-19.867,47.033,1507.0
2022-03-06,24.1,15.2,19.0,2.0,18.0,37.1,21.88,Antsirabe,-19.867,47.033,1507.0
2022-03-07,24.9,12.8,18.6,2.3,16.1,34.9,26.1,Antsirabe,-19.867,47.033,1507.0
2022-03-08,24.2,13.3,18.7,1.8,19.1,38.9,20.01,Antsirabe,-19.867,47.033,1507.0
2022-03-09,25.5,17.7,20.3,1.3,18.1,36.7,19.93,Antsirabe,-19.867,47.033,1507.0
2022-03-10,24.9,16.9,19.7,2.9,14.9,31.7,20.05,Antsirabe,-19.867,47.033,1507.0
2022-03-11,23.9,16.2,19.4,1.9,15.9,32.8,18.11,Antsirabe,-19.867,47.033,1507.0
2022-03-12,23.1,15.0,18.4,0.8,14.9,29.9,17.45,Antsirabe,-19.867,47.033,1507.0
2022-03-13,23.6,13.4,18.1,0.2,18.0,36.4,20.45,Antsirabe,-19.867,47.033,1507.0
2022-03-14,23.5,16.0,18.5,3.5,20.3,40.3,15.96,Antsirabe,-19.867,47.033,1507.0
2022-03-15,24.7,14.2,18.1,13.3,14.6,32.0,20.42,Antsirabe,-19.867,47.033,1507.0
2022-03-16,24.3,15.8,18.9,11.5,17.6,34.6,21.03,Antsirabe,-19.867,47.033,1507.0
2022-03-17,25.6,16.0,19.1,17.5,14.8,32.0,16.81,Antsirabe,-19.867,47.033,1507.0
2022-03-18,23.9,16.7,18.8,20.5,13.4,32.8,15.67,Antsirabe,-19.867,47.033,1507.0
2022-03-19,23.6,15.8,18.3,20.4,14.6,29.9,16.44,Antsirabe,-19.867,47.033,1507.0
2022-03-20,22.6,15.3,17.6,4.2,14.4,29.5,13.64,Antsirabe,-19.867,47.033,1507.0
2022-03-21,21.9,14.9,17.4,1.3,16.0,33.1,15.22,Antsirabe,-19.867,47.033,1507.0
2022-03-22,22.5,13.8,17.3,14.2,15.3,31.3,15.01,Antsirabe,-19.867,47.033,1507.0
2022-03-23,24.1,14.4,17.8,17.7,15.9,33.1,17.39,Antsirabe,-19.867,47.033,1507.0
2022-03-24,23.8,14.5,18.3,17.7,11.7,26.6,17.36,Antsirabe,-19.867,47.033,1507.0
2022-03-25,24.5,13.9,18.5,0.2,17.3,36.7,23.27,Antsirabe,-19.867,47.033,1507.0
2022-03-26,25.3,12.6,18.6,0.6,12.3,27.7,23.32,Antsirabe,-19.867,47.033,1507.0
2022-03-27,24.9,14.5,19.0,2.6,14.1,31.0,19.95,Antsirabe,-19.867,47.033,1507.0
2022-03-28,24.0,15.4,18.6,10.5,12.7,30.6,19.08,Antsirabe,-19.867,47.033,1507.0
2022-03-29,21.6,15.0,17.6,4.9,16.0,32.8,14.9,Antsirabe,-19.867,47.033,1507.0
2022-03-30,23.0,13.6,17.4,0.5,20.5,41.0,20.19,Antsirabe,-19.867,47.033,1507.0
2022-03-31,21.0,11.6,16.7,0.5,22.4,45.0,16.68,Antsirabe,-19.867,47.033,1507.0
2022-04-01,22.5,10.7,16.1,0.0,18.6,38.2,23.72,Antsirabe,-19.867,47.033,1507.0
2022-04-02,23.2,9.4,16.0,0.0,9.7,22.0,24.02,Antsirabe,-19.867,47.033,1507.0
2022-04-03,23.7,9.3,16.1,0.0,15.0,29.9,24.09,Antsirabe,-19.867,47.033,1507.0
2022-04-04,22.9,10.3,16.2,0.0,9.4,19.8,21.82,Antsirabe,-19.867,47.033,1507.0
2022-04-05,22.7,12.9,17.1,2.1,9.2,19.4,19.11,Antsirabe,-19.867,47.033,1507.0
2022-04-06,24.1,12.2,17.3,9.4,13.2,28.8,20.94,Antsirabe,-19.867,47.033,1507.0
2022-04-07,24.1,14.2,17.4,5.4,12.3,27.7,20.13,Antsirabe,-19.867,47.033,1507.0
2022-04-08,24.4,14.3,17.8,0.8,11.6,26.6,20.34,Antsirabe,-19.867,47.033,1507.0
2022-04-09,24.0,14.6,18.3,0.6,12.4,27.7,22.27,Antsirabe,-19.867,47.033,1507.0
2022-04-10,23.6,11.9,17.2,0.3,17.9,36.7,19.07,Antsirabe,-19.867,47.033,1507.0
2022-04-11,21.4,10.7,15.9,0.5,21.6,43.6,15.53,Antsirabe,-19.867,47.033,1507.0
2022-04-12,21.7,11.1,16.5,0.0,19.7,41.0,20.27,Antsirabe,-19.867,47.033,1507.0
2022-04-13,22.1,12.1,16.4,2.3,17.5,36.0,14.26,Antsirabe,-19.867,47.033,1507.0
2022-04-14,22.8,15.4,18.2,0.0,24.1,47.5,15.98,Antsirabe,-19.867,47.033,1507.0
2022-04-15,23.9,15.1,18.7,0.1,20.0,39.6,18.02,Antsirabe,-19.867,47.033,1507.0
2022-04-16,25.2,16.0,19.1,0.7,15.6,31.7,18.0,Antsirabe,-19.867,47.033,1507.0
2022-04-17,23.5,13.0,17.7,0.2,12.4,26.6,21.97,Antsirabe,-19.867,47.033,1507.0
2022-04-18,25.1,12.2,18.1,0.2,10.4,21.6,22.37,Antsirabe,-19.867,47.033,1507.0
2022-04-19,24.9,13.8,18.1,0.0,10.6,24.1,22.1,Antsirabe,-19.867,47.033,1507.0
2022-04-20,24.9,12.1,17.8,0.2,11.3,26.3,20.37,Antsirabe,-19.867,47.033,1507.0
2022-04-21,23.3,16.0,19.0,2.6,17.7,36.4,17.01,Antsirabe,-19.867,47.033,1507.0
2022-04-22,23.3,15.7,18.3,0.6,17.6,35.3,13.6,Antsirabe,-19.867,47.033,1507.0
2022-04-23,23.2,15.0,17.7,4.7,17.6,38.5,14.47,Antsirabe,-19.867,47.033,1507.0
2022-04-24,21.5,14.5,17.3,1.6,20.8,41.0,12.77,Antsirabe,-19.867,47.033,1507.0
2022-04-25,22.4,13.0,16.7,0.0,21.6,43.2,17.77,Antsirabe,-19.867,47.033,1507.0
2022-04-26,23.7,12.4,17.3,1.2,15.5,33.1,19.47,Antsirabe,-19.867,47.033,1507.0
2022-04-27,22.4,13.1,17.3,0.4,22.3,45.7,16.89,Antsirabe,-19.867,47.033,1507.0
2022-04-28,22.5,11.6,15.9,0.1,15.0,34.2,18.9,Antsirabe,-19.867,47.033,1507.0
2022-04-29,22.7,8.2,14.9,0.0,11.9,32.8,19.5,Antsirabe,-19.867,47.033,1507.0
2022-04-30,22.0,11.9,16.1,1.1,14.6,30.6,16.95,Antsirabe,-19.867,47.033,1507.0
2022-05-01,21.3,11.6,15.7,0.3,16.6,34.9,16.96,Antsirabe,-19.867,47.033,1507.0
2022-05-02,22.1,9.9,16.6,0.7,14.5,30.2,15.83,Antsirabe,-19.867,47.033,1507.0
2022-05-03,22.0,13.9,17.0,1.7,14.4,28.8,16.71,Antsirabe,-19.867,47.033,1507.0
2022-05-04,21.6,13.8,16.4,0.0,14.3,30.2,15.84,Antsirabe,-19.867,47.033,1507.0
2022-05-05,21.5,10.1,15.7,0.0,22.5,45.4,19.17,Antsirabe,-19.867,47.033,1507.0
2022-05-06,21.5,14.3,17.2,1.2,20.5,44.3,14.14,Antsirabe,-19.867,47.033,1507.0
2022-05-07,22.3,15.1,17.8,1.8,18.6,37.8,15.19,Antsirabe,-19.867,47.033,1507.0
2022-05-08,22.5,12.4,16.8,0.2,13.7,30.6,18.09,Antsirabe,-19.867,47.033,1507.0
2022-05-09,22.8,10.6,15.7,0.0,16.3,34.2,19.2,Antsirabe,-19.867,47.033,1507.0
2022-05-10,19.3,8.7,14.2,0.0,17.8,37.4,20.03,Antsirabe,-19.867,47.033,1507.0
2022-05-11,21.1,7.7,13.7,0.0,9.3,17.3,19.85,Antsirabe,-19.867,47.033,1507.0
2022-05-12,21.5,11.1,15.3,0.0,11.3,23.8,19.83,Antsirabe,-19.867,47.033,1507.0
2022-05-13,21.5,10.3,15.3,0.0,11.0,24.1,18.33,Antsirabe,-19.867,47.033,1507.0
2022-05-14,21.2,12.0,15.7,0.1,10.2,23.0,17.51,Antsirabe,-19.867,47.033,1507.0
2022-05-15,20.9,11.0,14.9,0.0,10.8,23.8,18.81,Antsirabe,-19.867,47.033,1507.0
2022-05-16,20.5,6.9,14.0,0.0,12.6,29.5,18.49,Antsirabe,-19.867,47.033,1507.0
2022-05-17,17.9,11.8,14.7,0.8,20.0,41.4,10.56,Antsirabe,-19.867,47.033,1507.0
2022-05-18,20.0,10.1,13.9,0.0,12.9,28.8,19.72,Antsirabe,-19.867,47.033,1507.0
2022-05-19,19.7,11.1,14.8,0.3,14.8,31.3,14.08,Antsirabe,-19.867,47.033,1507.0
2022-05-20,21.8,7.8,14.5,0.0,14.1,31.7,18.1,Antsirabe,-19.867,47.033,1507.0
2022-05-21,21.3,10.5,14.7,0.0,14.6,32.4,19.02,Antsirabe,-19.867,47.033,1507.0
2022-05-22,21.9,8.2,14.7,0.0,13.2,28.8,18.54,Antsirabe,-19.867,47.033,1507.0
2022-05-23,21.5,11.8,15.5,0.2,12.7,27.7,15.53,Antsirabe,-19.867,47.033,1507.0
2022-05-24,21.9,9.0,15.4,0.0,12.6,24.5,16.7,Antsirabe,-19.867,47.033,1507.0
2022-05-25,22.7,9.7,15.7,0.3,13.0,24.5,16.73,Antsirabe,-19.867,47.033,1507.0
2022-05-26,22.1,11.4,15.8,0.0,12.9,28.4,17.71,Antsirabe,-19.867,47.033,1507.0
2022-05-27,21.6,9.2,15.3,0.0,9.9,18.4,18.53,Antsirabe,-19.867,47.033,1507.0
2022-05-28,20.4,12.1,15.0,0.0,14.9,27.7,15.51,Antsirabe,-19.867,47.033,1507.0
2022-05-29,19.8,10.7,13.9,0.0,15.2,31.0,16.23,Antsirabe,-19.867,47.033,1507.0
2022-05-30,20.4,9.4,13.3,0.0,12.8,27.4,17.64,Antsirabe,-19.867,47.033,1507.0
2022-05-31,18.4,7.7,12.1,0.0,12.8,28.1,18.58,Antsirabe,-19.867,47.033,1507.0
2022-06-01,18.0,8.2,12.1,0.0,10.7,25.2,18.3,Antsirabe,-19.867,47.033,1507.0
2022-06-02,19.3,3.6,11.9,0.0,13.0,24.8,18.76,Antsirabe,-19.867,47.033,1507.0
2022-06-03,19.1,9.1,13.1,0.0,17.6,36.0,16.61,Antsirabe,-19.867,47.033,1507.0
2022-06-04,18.8,9.8,13.8,0.0,20.5,41.8,12.56,Antsirabe,-19.867,47.033,1507.0
2022-06-05,20.2,10.1,14.2,0.1,15.1,33.1,15.26,Antsirabe,-19.867,47.033,1507.0
2022-06-06,19.1,10.2,14.3,0.4,15.9,33.8,12.79,Antsirabe,-19.867,47.033,1507.0
2022-06-07,19.7,11.4,14.7,0.1,18.4,36.7,14.14,Antsirabe,-19.867,47.033,1507.0
2022-06-08,19.8,9.2,13.7,0.3,11.1,25.2,16.59,Antsirabe,-19.867,47.033,1507.0
2022-06-09,19.2,10.4,14.0,0.3,15.7,33.8,11.1,Antsirabe,-19.867,47.033,1507.0
2022-06-10,19.1,11.4,14.1,0.2,11.8,23.0,10.96,Antsirabe,-19.867,47.033,1507.0
2022-06-11,19.8,10.3,13.9,0.1,13.0,28.4,15.43,Antsirabe,-19.867,47.033,1507.0
2022-06-12,18.0,7.8,12.8,0.2,18.2,38.2,11.64,Antsirabe,-19.867,47.033,1507.0
2022-06-13,17.8,5.5,12.2,1.3,21.8,43.6,12.6,Antsirabe,-19.867,47.033,1507.0
2022-06-14,19.2,9.2,13.5,1.0,17.1,33.1,13.72,Antsirabe,-19.867,47.033,1507.0
2022-06-15,19.5,11.0,14.0,1.0,12.6,28.8,15.22,Antsirabe,-19.867,47.033,1507.0
2022-06-16,18.7,10.6,13.3,1.1,15.2,32.8,12.69,Antsirabe,-19.867,47.033,1507.0
2022-06-17,19.3,6.7,13.0,0.2,12.5,24.1,12.44,Antsirabe,-19.867,47.033,1507.0
2022-06-18,19.8,11.3,14.3,0.1,14.3,31.0,15.01,Antsirabe,-19.867,47.033,1507.0
2022-06-19,19.8,10.5,14.1,0.0,11.5,24.8,16.4,Antsirabe,-19.867,47.033,1507.0
2022-06-20,18.9,9.1,13.3,0.0,11.8,24.5,15.7,Antsirabe,-19.867,47.033,1507.0
2022-06-21,18.3,7.2,11.6,0.0,9.0,23.8,17.18,Antsirabe,-19.867,47.033,1507.0
2022-06-22,17.7,6.7,11.0,0.0,10.2,24.8,18.1,Antsirabe,-19.867,47.033,1507.0
2022-06-23,16.1,5.5,11.7,0.2,25.6,49.0,9.23,Antsirabe,-19.867,47.033,1507.0
2022-06-24,16.1,7.0,11.4,0.4,19.1,39.2,13.38,Antsirabe,-19.867,47.033,1507.0
2022-06-25,17.4,3.5,10.2,0.0,19.1,39.2,14.09,Antsirabe,-19.867,47.033,1507.0
2022-06-26,18.3,5.9,11.1,0.0,13.3,28.1,17.64,Antsirabe,-19.867,47.033,1507.0
2022-06-27,17.9,9.3,12.6,0.1,19.2,39.6,14.86,Antsirabe,-19.867,47.033,1507.0
2022-06-28,15.0,7.2,10.2,0.0,26.8,52.2,13.65,Antsirabe,-19.867,47.033,1507.0
2022-06-29,16.2,7.0,11.1,0.0,23.1,46.1,14.62,Antsirabe,-19.867,47.033,1507.0
2022-06-30,17.3,8.5,12.2,0.0,18.4,37.4,15.95,Antsirabe,-19.867,47.033,1507.0
2022-07-01,16.7,7.6,11.5,0.0,19.5,39.2,16.35,Antsirabe,-19.867,47.033,1507.0
2022-07-02,17.0,8.6,11.8,0.1,20.2,41.0,15.15,Antsirabe,-19.867,47.033,1507.0
2022-07-03,16.1,6.6,10.7,0.0,19.6,40.3,15.52,Antsirabe,-19.867,47.033,1507.0
2022-07-04,18.0,4.1,11.1,0.0,17.8,38.5,16.33,Antsirabe,-19.867,47.033,1507.0
2022-07-05,18.9,8.4,13.3,0.3,17.8,37.8,15.83,Antsirabe,-19.867,47.033,1507.0
2022-07-06,21.5,5.9,12.2,0.0,10.2,20.9,18.74,Antsirabe,-19.867,47.033,1507.0
2022-07-07,20.0,5.0,11.3,0.0,14.7,31.7,18.71,Antsirabe,-19.867,47.033,1507.0
2022-07-08,18.0,7.5,12.2,0.0,18.5,39.2,17.13,Antsirabe,-19.867,47.033,1507.0
2022-07-09,17.4,8.6,12.2,0.0,23.8,48.2,14.04,Antsirabe,-19.867,47.033,1507.0
2022-07-10,16.5,7.7,11.7,0.2,28.9,58.0,13.73,Antsirabe,-19.867,47.033,1507.0
2022-07-11,17.4,9.8,12.4,0.1,27.1,54.4,14.61,Antsirabe,-19.867,47.033,1507.0
2022-07-12,18.6,7.6,12.4,0.3,19.8,40.3,15.85,Antsirabe,-19.867,47.033,1507.0
2022-07-13,19.0,8.0,12.5,0.0,16.1,34.6,17.07,Antsirabe,-19.867,47.033,1507.0
2022-07-14,19.7,9.1,13.3,0.0,13.7,26.6,18.68,Antsirabe,-19.867,47.033,1507.0
2022-07-15,19.2,8.8,12.7,0.0,14.0,28.1,18.77,Antsirabe,-19.867,47.033,1507.0
2022-07-16,18.4,8.3,12.6,0.0,17.8,36.0,15.53,Antsirabe,-19.867,47.033,1507.0
2022-07-17,16.3,7.7,12.0,0.0,25.6,51.1,13.73,Antsirabe,-19.867,47.033,1507.0
2022-07-18,16.3,7.6,12.0,0.0,25.2,51.1,10.73,Antsirabe,-19.867,47.033,1507.0
2022-07-19,16.9,9.0,12.3,0.2,24.1,48.2,11.97,Antsirabe,-19.867,47.033,1507.0
2022-07-20,16.1,8.6,11.7,0.1,24.9,50.0,12.42,Antsirabe,-19.867,47.033,1507.0
2022-07-21,17.2,8.7,11.9,0.0,20.5,42.5,15.65,Antsirabe,-19.867,47.033,1507.0
2022-07-22,17.7,6.7,11.6,0.0,15.5,34.6,16.15,Antsirabe,-19.867,47.033,1507.0
2022-07-23,18.0,7.5,11.9,0.1,17.7,36.4,11.11,Antsirabe,-19.867,47.033,1507.0
2022-07-24,19.8,8.2,12.8,0.0,12.7,24.8,17.53,Antsirabe,-19.867,47.033,1507.0
2022-07-25,19.3,8.2,12.8,0.0,12.6,29.9,19.29,Antsirabe,-19.867,47.033,1507.0
2022-07-26,20.4,8.7,13.2,0.0,10.4,22.0,19.23,Antsirabe,-19.867,47.033,1507.0
2022-07-27,20.2,7.8,12.6,0.0,12.9,24.8,19.66,Antsirabe,-19.867,47.033,1507.0
2022-07-28,20.4,6.2,13.0,0.0,14.2,27.4,18.52,Antsirabe,-19.867,47.033,1507.0
2022-07-29,19.5,10.8,14.2,0.2,15.7,31.3,13.77,Antsirabe,-19.867,47.033,1507.0
2022-07-30,19.9,10.1,13.9,0.0,18.2,37.1,16.29,Antsirabe,-19.867,47.033,1507.0
2022-07-31,20.9,9.5,13.9,0.0,14.0,27.0,19.07,Antsirabe,-19.867,47.033,1507.0
2022-08-01,22.0,8.9,13.9,0.0,13.2,27.7,20.03,Antsirabe,-19.867,47.033,1507.0
2022-08-02,20.2,8.6,13.2,0.0,15.6,35.6,20.02,Antsirabe,-19.867,47.033,1507.0
2022-08-03,19.4,7.5,13.0,0.1,13.1,24.5,13.31,Antsirabe,-19.867,47.033,1507.0
2022-08-04,18.6,10.0,13.8,0.2,15.7,29.5,13.53,Antsirabe,-19.867,47.033,1507.0
2022-08-05,20.1,8.9,13.8,0.0,10.7,27.4,20.01,Antsirabe,-19.867,47.033,1507.0
2022-08-06,20.3,6.9,12.9,0.0,13.3,31.7,19.37,Antsirabe,-19.867,47.033,1507.0
2022-08-07,21.0,4.7,12.4,0.0,11.8,22.3,21.05,Antsirabe,-19.867,47.033,1507.0
2022-08-08,19.7,4.4,11.4,0.0,15.8,32.4,21.4,Antsirabe,-19.867,47.033,1507.0
2022-08-09,18.5,5.1,11.6,0.0,18.3,38.2,20.8,Antsirabe,-19.867,47.033,1507.0
2022-08-10,18.2,5.4,11.7,0.2,21.9,45.4,13.35,Antsirabe,-19.867,47.033,1507.0
2022-08-11,17.7,7.7,11.6,0.0,21.3,45.0,20.43,Antsirabe,-19.867,47.033,1507.0
2022-08-12,18.8,8.7,12.8,0.3,21.2,43.6,15.91,Antsirabe,-19.867,47.033,1507.0
2022-08-13,19.5,6.3,12.6,0.0,19.7,41.8,20.61,Antsirabe,-19.867,47.033,1507.0
2022-08-14,22.2,7.0,13.5,0.0,20.6,38.9,21.65,Antsirabe,-19.867,47.033,1507.0
2022-08-15,23.2,8.8,14.7,0.0,15.1,32.8,20.59,Antsirabe,-19.867,47.033,1507.0
2022-08-16,23.2,8.2,15.0,0.0,12.5,27.4,21.73,Antsirabe,-19.867,47.033,1507.0
2022-08-17,23.0,9.6,15.9,0.1,19.0,35.3,20.15,Antsirabe,-19.867,47.033,1507.0
2022-08-18,23.1,9.7,15.6,0.0,14.8,28.4,21.48,Antsirabe,-19.867,47.033,1507.0
2022-08-19,24.2,9.1,15.5,0.0,14.8,32.8,22.79,Antsirabe,-19.867,47.033,1507.0
2022-08-20,23.5,6.5,14.8,0.0,14.6,27.4,22.76,Antsirabe,-19.867,47.033,1507.0
2022-08-21,23.7,10.4,16.2,0.0,16.7,36.4,22.29,Antsirabe,-19.867,47.033,1507.0
2022-08-22,20.2,9.7,14.4,0.1,20.7,42.8,18.22,Antsirabe,-19.867,47.033,1507.0
2022-08-23,21.2,5.8,13.2,0.0,16.2,32.4,23.43,Antsirabe,-19.867,47.033,1507.0
2022-08-24,18.9,7.9,13.2,0.0,21.1,43.6,17.2,Antsirabe,-19.867,47.033,1507.0
2022-08-25,18.4,8.6,12.4,0.0,17.8,37.4,18.67,Antsirabe,-19.867,47.033,1507.0
2022-08-26,20.2,7.2,12.9,0.0,16.5,37.1,20.42,Antsirabe,-19.867,47.033,1507.0
2022-08-27,19.4,6.4,12.8,0.0,17.5,39.6,23.21,Antsirabe,-19.867,47.033,1507.0
2022-08-28,20.7,9.7,14.1,0.0,15.3,32.0,23.66,Antsirabe,-19.867,47.033,1507.0
2022-08-29,23.5,8.3,15.3,0.0,16.3,35.3,23.12,Antsirabe,-19.867,47.033,1507.0
2022-08-30,24.2,9.8,16.5,0.0,14.4,30.6,22.34,Antsirabe,-19.867,47.033,1507.0
2022-08-31,22.4,9.4,15.3,0.0,19.2,39.2,24.33,Antsirabe,-19.867,47.033,1507.0
2022-09-01,23.1,4.3,13.8,0.0,18.1,35.6,24.51,Antsirabe,-19.867,47.033,1507.0
2022-09-02,22.3,7.6,13.6,0.0,18.4,37.8,21.23,Antsirabe,-19.867,47.033,1507.0
2022-09-03,22.3,9.6,14.6,0.0,13.7,28.8,23.68,Antsirabe,-19.867,47.033,1507.0
2022-09-04,21.3,6.7,12.8,0.0,14.7,32.8,24.84,Antsirabe,-19.867,47.033,1507.0
2022-09-05,19.1,7.4,13.2,0.2,19.6,43.2,13.23,Antsirabe,-19.867,47.033,1507.0
2022-09-06,20.9,8.8,13.8,0.0,16.3,36.0,20.37,Antsirabe,-19.867,47.033,1507.0
2022-09-07,23.3,8.0,14.8,0.0,14.0,27.7,25.02,Antsirabe,-19.867,47.033,1507.0
2022-09-08,22.4,9.3,14.8,0.0,17.6,33.5,25.53,Antsirabe,-19.867,47.033,1507.0
2022-09-09,22.8,8.6,14.3,0.0,16.1,30.6,23.99,Antsirabe,-19.867,47.033,1507.0
2022-09-10,23.1,7.1,14.5,0.0,15.1,31.3,25.32,Antsirabe,-19.867,47.033,1507.0
2022-09-11,24.2,8.7,15.2,0.0,17.4,36.7,25.57,Antsirabe,-19.867,47.033,1507.0
2022-09-12,23.2,9.1,14.7,0.0,15.8,34.6,25.98,Antsirabe,-19.867,47.033,1507.0
2022-09-13,25.0,7.3,15.8,0.0,15.5,30.6,26.19,Antsirabe,-19.867,47.033,1507.0
2022-09-14,22.1,6.5,13.7,0.0,18.4,36.7,24.66,Antsirabe,-19.867,47.033,1507.0
2022-09-15,20.4,4.7,12.3,0.0,19.4,43.2,25.46,Antsirabe,-19.867,47.033,1507.0
2022-09-16,21.7,7.3,14.2,0.0,18.7,35.6,26.13,Antsirabe,-19.867,47.033,1507.0
2022-09-17,22.1,7.2,14.4,0.0,18.3,40.7,23.58,Antsirabe,-19.867,47.033,1507.0
2022-09-18,21.6,8.8,15.0,0.0,17.8,38.5,17.7,Antsirabe,-19.867,47.033,1507.0
2022-09-19,21.8,10.4,15.5,0.0,17.2,33.8,19.94,Antsirabe,-19.867,47.033,1507.0
2022-09-20,23.4,9.2,15.6,0.0,16.9,36.0,24.61,Antsirabe,-19.867,47.033,1507.0
2022-09-21,21.1,8.2,14.3,0.0,21.7,47.5,25.52,Antsirabe,-19.867,47.033,1507.0
2022-09-22,20.7,8.5,14.7,0.2,19.9,41.8,15.3,Antsirabe,-19.867,47.033,1507.0
2022-09-23,24.4,8.5,15.6,0.0,19.1,38.5,26.01,Antsirabe,-19.867,47.033,1507.0
2022-09-24,24.6,8.9,16.1,0.0,23.1,43.6,24.0,Antsirabe,-19.867,47.033,1507.0
2022-09-25,24.9,11.3,16.7,0.0,22.5,45.0,21.97,Antsirabe,-19.867,47.033,1507.0
2022-09-26,24.4,10.2,16.3,0.0,19.7,40.0,25.9,Antsirabe,-19.867,47.033,1507.0
2022-09-27,26.5,8.6,16.2,0.0,14.6,28.4,27.97,Antsirabe,-19.867,47.033,1507.0
2022-09-28,24.4,4.6,14.3,0.0,15.7,34.2,28.16,Antsirabe,-19.867,47.033,1507.0
2022-09-29,24.6,8.7,15.3,0.0,12.9,29.2,27.94,Antsirabe,-19.867,47.033,1507.0
2022-09-30,27.6,8.4,16.6,0.0,14.4,31.0,27.48,Antsirabe,-19.867,47.033,1507.0
2022-10-01,28.3,9.4,18.0,0.0,16.7,36.4,28.12,Antsirabe,-19.867,47.033,1507.0
2022-10-02,28.7,9.0,18.1,0.0,16.0,33.8,28.15,Antsirabe,-19.867,47.033,1507.0
2022-10-03,28.4,11.2,19.4,0.0,16.3,32.8,27.3,Antsirabe,-19.867,47.033,1507.0
2022-10-04,29.0,9.0,19.0,0.0,16.1,33.5,28.73,Antsirabe,-19.867,47.033,1507.0
2022-10-05,29.6,10.4,19.3,0.0,14.3,31.7,29.11,Antsirabe,-19.867,47.033,1507.0
2022-10-06,29.0,7.5,18.0,0.0,17.0,38.2,29.16,Antsirabe,-19.867,47.033,1507.0
2022-10-07,27.9,9.1,17.9,0.0,21.3,46.4,29.43,Antsirabe,-19.867,47.033,1507.0
2022-10-08,27.9,7.5,17.3,0.0,18.0,40.7,29.19,Antsirabe,-19.867,47.033,1507.0
2022-10-09,25.6,7.9,16.0,0.0,16.9,38.5,29.19,Antsirabe,-19.867,47.033,1507.0
2022-10-10,28.2,7.9,17.3,0.0,18.0,39.6,29.36,Antsirabe,-19.867,47.033,1507.0
2022-10-11,27.3,6.7,17.2,0.0,17.7,36.7,29.91,Antsirabe,-19.867,47.033,1507.0
2022-10-12,26.2,8.6,17.1,0.0,21.0,44.6,29.43,Antsirabe,-19.867,47.033,1507.0
2022-10-13,26.9,9.8,17.3,0.0,16.4,38.5,27.26,Antsirabe,-19.867,47.033,1507.0
2022-10-14,23.5,9.6,15.8,0.0,20.0,42.1,28.03,Antsirabe,-19.867,47.033,1507.0
2022-10-15,24.9,9.1,16.1,0.0,18.6,36.4,28.73,Antsirabe,-19.867,47.033,1507.0
2022-10-16,26.6,8.8,17.2,0.1,13.0,29.5,27.15,Antsirabe,-19.867,47.033,1507.0
2022-10-17,26.9,9.5,17.8,0.0,17.6,35.3,29.05,Antsirabe,-19.867,47.033,1507.0
2022-10-18,27.5,9.8,17.4,0.0,17.1,35.3,29.13,Antsirabe,-19.867,47.033,1507.0
2022-10-19,27.9,10.0,17.4,0.6,15.3,31.0,27.73,Antsirabe,-19.867,47.033,1507.0
2022-10-20,26.2,11.5,18.0,0.3,14.5,29.2,25.38,Antsirabe,-19.867,47.033,1507.0
2022-10-21,25.7,13.4,17.4,7.2,11.6,32.0,22.47,Antsirabe,-19.867,47.033,1507.0
2022-10-22,24.8,11.2,16.4,3.4,12.8,31.0,22.16,Antsirabe,-19.867,47.033,1507.0
2022-10-23,24.2,9.8,16.7,0.7,14.8,33.1,26.61,Antsirabe,-19.867,47.033,1507.0
2022-10-24,24.6,10.2,17.5,0.0,16.2,35.6,26.43,Antsirabe,-19.867,47.033,1507.0
2022-10-25,25.6,10.3,17.5,3.5,13.3,32.4,24.2,Antsirabe,-19.867,47.033,1507.0
2022-10-26,25.1,12.6,17.0,14.3,17.3,33.5,21.3,Antsirabe,-19.867,47.033,1507.0
2022-10-27,25.1,11.8,17.5,2.6,13.0,28.8,23.68,Antsirabe,-19.867,47.033,1507.0
2022-10-28,24.8,12.9,17.8,3.1,9.5,31.7,23.4,Antsirabe,-19.867,47.033,1507.0
2022-10-29,25.4,11.8,17.2,5.4,16.6,35.6,23.8,Antsirabe,-19.867,47.033,1507.0
2022-10-30,24.0,13.0,17.1,5.0,18.4,37.4,23.13,Antsirabe,-19.867,47.033,1507.0
2022-10-31,23.6,12.6,17.8,0.4,14.3,29.2,25.85,Antsirabe,-19.867,47.033,1507.0
2022-11-01,25.0,10.5,17.6,0.0,11.5,22.0,25.63,Antsirabe,-19.867,47.033,1507.0
2022-11-02,26.2,13.5,18.5,0.0,11.5,25.9,26.12,Antsirabe,-19.867,47.033,1507.0
2022-11-03,24.4,12.2,17.0,8.9,14.1,37.1,19.85,Antsirabe,-19.867,47.033,1507.0
2022-11-04,24.2,13.0,17.0,7.0,14.8,36.7,21.43,Antsirabe,-19.867,47.033,1507.0
2022-11-05,24.1,13.9,17.8,8.4,11.2,27.7,22.7,Antsirabe,-19.867,47.033,1507.0
2022-11-06,24.1,12.9,17.4,0.3,16.2,37.4,22.46,Antsirabe,-19.867,47.033,1507.0
2022-11-07,24.6,11.8,17.3,8.8,12.3,33.8,22.5,Antsirabe,-19.867,47.033,1507.0
2022-11-08,22.5,13.6,16.8,7.3,12.2,36.7,17.38,Antsirabe,-19.867,47.033,1507.0
2022-11-09,23.4,12.4,16.5,6.8,15.8,35.6,23.07,Antsirabe,-19.867,47.033,1507.0
2022-11-10,23.9,12.8,17.0,2.7,8.1,18.4,21.41,Antsirabe,-19.867,47.033,1507.0
2022-11-11,25.0,11.7,17.5,2.1,9.5,23.4,26.29,Antsirabe,-19.867,47.033,1507.0
2022-11-12,24.9,11.4,17.5,0.2,17.5,32.8,25.88,Antsirabe,-19.867,47.033,1507.0
2022-11-13,25.2,14.0,18.0,6.3,17.3,37.8,28.24,Antsirabe,-19.867,47.033,1507.0
2022-11-14,24.5,13.4,18.5,0.3,9.7,22.7,28.15,Antsirabe,-19.867,47.033,1507.0
2022-11-15,24.6,14.6,18.8,2.2,12.8,28.8,28.31,Antsirabe,-19.867,47.033,1507.0
2022-11-16,23.2,14.5,17.6,11.3,18.0,40.7,21.57,Antsirabe,-19.867,47.033,1507.0
2022-11-17,23.3,13.3,17.1,8.9,15.9,38.9,21.49,Antsirabe,-19.867,47.033,1507.0
2022-11-18,23.1,13.8,17.6,1.9,11.9,32.4,24.11,Antsirabe,-19.867,47.033,1507.0
2022-11-19,23.7,12.5,17.4,4.7,10.5,29.2,24.26,Antsirabe,-19.867,47.033,1507.0
2022-11-20,23.8,13.5,18.3,3.5,19.1,43.2,25.58,Antsirabe,-19.867,47.033,1507.0
2022-11-21,22.6,13.3,17.5,5.0,22.8,48.2,26.67,Antsirabe,-19.867,47.033,1507.0
2022-11-22,23.8,13.2,17.4,7.4,16.6,39.2,23.73,Antsirabe,-19.867,47.033,1507.0
2022-11-23,23.0,12.8,16.3,16.8,16.4,39.2,20.39,Antsirabe,-19.867,47.033,1507.0
2022-11-24,23.0,13.1,16.7,7.7,18.4,40.3,25.33,Antsirabe,-19.867,47.033,1507.0
2022-11-25,24.0,11.7,16.4,0.7,14.8,33.8,24.98,Antsirabe,-19.867,47.033,1507.0
2022-11-26,24.6,12.5,18.0,0.0,13.2,30.2,28.43,Antsirabe,-19.867,47.033,1507.0
2022-11-27,25.3,12.2,18.1,0.0,10.2,20.9,30.06,Antsirabe,-19.867,47.033,1507.0
2022-11-28,25.9,12.6,17.7,1.0,15.6,34.9,26.41,Antsirabe,-19.867,47.033,1507.0
2022-11-29,25.4,12.3,17.6,4.0,15.8,36.0,25.47,Antsirabe,-19.867,47.033,1507.0
2022-11-30,24.5,13.4,17.7,2.4,16.6,39.6,24.39,Antsirabe,-19.867,47.033,1507.0
2022-12-01,24.2,12.1,18.2,0.2,15.1,32.8,27.59,Antsirabe,-19.867,47.033,1507.0
2022-12-02,24.1,11.9,17.3,6.0,16.9,37.1,25.1,Antsirabe,-19.867,47.033,1507.0
2022-12-03,24.6,12.2,17.5,5.4,10.0,24.5,23.84,Antsirabe,-19.867,47.033,1507.0
2022-12-04,23.9,13.6,17.3,11.8,13.0,36.7,19.12,Antsirabe,-19.867,47.033,1507.0
2022-12-05,24.8,14.5,18.2,6.1,12.1,29.2,22.86,Antsirabe,-19.867,47.033,1507.0
2022-12-06,24.7,14.1,18.3,1.1,11.7,27.4,25.45,Antsirabe,-19.867,47.033,1507.0
2022-12-07,24.7,13.2,18.3,0.0,15.5,32.0,29.42,Antsirabe,-19.867,47.033,1507.0
2022-12-08,25.0,12.6,18.0,0.3,14.8,28.8,24.08,Antsirabe,-19.867,47.033,1507.0
2022-12-09,24.2,10.2,17.4,2.6,16.8,36.4,24.71,Antsirabe,-19.867,47.033,1507.0
2022-12-10,25.7,14.8,19.2,0.0,14.1,30.2,26.98,Antsirabe,-19.867,47.033,1507.0
2022-12-11,25.4,13.3,19.0,0.1,12.8,23.0,27.28,Antsirabe,-19.867,47.033,1507.0
2022-12-12,24.6,15.7,18.3,10.7,18.5,38.9,21.17,Antsirabe,-19.867,47.033,1507.0
2022-12-13,22.5,14.8,17.4,14.4,16.2,33.5,16.35,Antsirabe,-19.867,47.033,1507.0
2022-12-14,21.6,12.6,16.4,2.6,11.8,26.6,17.75,Antsirabe,-19.867,47.033,1507.0
2022-12-15,22.7,13.2,17.2,14.2,11.1,32.0,20.51,Antsirabe,-19.867,47.033,1507.0
2022-12-16,23.1,13.4,17.2,8.6,15.2,38.5,22.78,Antsirabe,-19.867,47.033,1507.0
2022-12-17,23.4,13.7,17.6,12.5,15.9,37.1,25.71,Antsirabe,-19.867,47.033,1507.0
2022-12-18,24.0,14.0,17.7,9.0,13.7,32.0,23.34,Antsirabe,-19.867,47.033,1507.0
2022-12-19,24.8,12.6,17.7,5.0,14.6,33.8,24.14,Antsirabe,-19.867,47.033,1507.0
2022-12-20,23.8,14.0,18.1,9.2,11.5,30.6,22.1,Antsirabe,-19.867,47.033,1507.0
2022-12-21,24.3,15.0,18.3,2.5,17.4,36.7,23.36,Antsirabe,-19.867,47.033,1507.0
2022-12-22,21.2,14.5,17.6,5.8,22.3,46.8,20.77,Antsirabe,-19.867,47.033,1507.0
2022-12-23,23.3,12.3,17.9,0.3,17.3,37.1,27.84,Antsirabe,-19.867,47.033,1507.0
2022-12-24,24.1,13.4,18.3,2.5,14.8,33.8,24.45,Antsirabe,-19.867,47.033,1507.0
2022-12-25,23.2,14.1,18.0,18.8,14.8,34.2,21.16,Antsirabe,-19.867,47.033,1507.0
2022-12-26,24.3,15.0,18.3,5.1,13.0,30.6,21.42,Antsirabe,-19.867,47.033,1507.0
2022-12-27,24.3,14.7,18.3,0.9,13.6,28.1,25.47,Antsirabe,-19.867,47.033,1507.0
2022-12-28,24.4,14.5,17.9,18.5,11.9,25.2,19.61,Antsirabe,-19.867,47.033,1507.0
2022-12-29,25.5,14.6,18.9,0.0,12.8,29.5,31.28,Antsirabe,-19.867,47.033,1507.0
2022-12-30,24.6,13.7,18.6,0.9,12.7,27.0,27.63,Antsirabe,-19.867,47.033,1507.0
2022-12-31,24.8,13.5,18.8,1.6,12.0,27.0,28.13,Antsirabe,-19.867,47.033,1507.0
2023-01-01,23.7,14.5,17.8,6.5,14.6,29.9,22.11,Antsirabe,-19.867,47.033,1507.0
2023-01-02,23.4,13.6,17.5,10.8,9.7,24.5,16.22,Antsirabe,-19.867,47.033,1507.0
2023-01-03,24.4,15.4,18.3,4.8,14.1,29.2,22.55,Antsirabe,-19.867,47.033,1507.0
2023-01-04,22.2,15.1,17.6,11.3,16.3,33.1,15.27,Antsirabe,-19.867,47.033,1507.0
2023-01-05,23.2,14.5,18.3,2.8,15.6,31.7,19.25,Antsirabe,-19.867,47.033,1507.0
2023-01-06,24.8,13.3,18.6,0.3,13.6,31.3,27.14,Antsirabe,-19.867,47.033,1507.0
2023-01-07,24.8,14.7,19.1,0.6,11.8,24.8,26.82,Antsirabe,-19.867,47.033,1507.0
2023-01-08,25.4,15.1,19.4,2.2,10.5,27.4,27.58,Antsirabe,-19.867,47.033,1507.0
2023-01-09,24.6,15.0,18.6,23.9,12.7,28.4,20.19,Antsirabe,-19.867,47.033,1507.0
2023-01-10,22.9,15.0,18.0,1.8,14.8,28.1,16.82,Antsirabe,-19.867,47.033,1507.0
2023-01-11,22.7,15.0,18.0,21.6,14.6,32.8,16.97,Antsirabe,-19.867,47.033,1507.0
2023-01-12,22.9,16.0,18.2,3.9,18.3,42.8,19.47,Antsirabe,-19.867,47.033,1507.0
2023-01-13,21.5,16.1,17.9,13.2,15.9,34.9,13.34,Antsirabe,-19.867,47.033,1507.0
2023-01-14,21.6,16.2,17.9,16.6,15.8,32.8,11.7,Antsirabe,-19.867,47.033,1507.0
2023-01-15,23.7,15.3,18.3,14.6,18.0,39.2,21.65,Antsirabe,-19.867,47.033,1507.0
2023-01-16,24.3,13.0,17.7,2.0,18.8,41.4,25.2,Antsirabe,-19.867,47.033,1507.0
2023-01-17,23.2,13.7,17.8,5.3,20.7,42.5,20.02,Antsirabe,-19.867,47.033,1507.0
2023-01-18,23.2,13.3,17.3,0.0,20.8,41.8,23.6,Antsirabe,-19.867,47.033,1507.0
2023-01-19,21.7,13.1,17.5,4.8,29.2,59.0,17.9,Antsirabe,-19.867,47.033,1507.0
2023-01-20,21.3,16.5,18.0,23.6,27.4,61.2,10.55,Antsirabe,-19.867,47.033,1507.0
2023-01-21,23.2,16.3,17.9,46.8,23.4,44.3,10.95,Antsirabe,-19.867,47.033,1507.0
2023-01-22,19.9,15.7,16.9,39.8,21.3,45.4,7.1,Antsirabe,-19.867,47.033,1507.0
2023-01-23,20.6,15.8,17.3,62.5,14.3,36.7,4.91,Antsirabe,-19.867,47.033,1507.0
2023-01-24,23.8,15.6,18.8,22.8,16.9,40.7,22.14,Antsirabe,-19.867,47.033,1507.0
2023-01-25,24.7,15.4,18.7,2.2,15.7,35.6,17.64,Antsirabe,-19.867,47.033,1507.0
2023-01-26,18.8,15.9,17.3,41.7,19.5,46.4,4.42,Antsirabe,-19.867,47.033,1507.0
2023-01-27,24.1,16.8,19.4,19.5,23.5,51.5,21.94,Antsirabe,-19.867,47.033,1507.0
2023-01-28,23.7,15.9,19.4,0.4,22.2,45.7,25.75,Antsirabe,-19.867,47.033,1507.0
2023-01-29,24.0,14.9,19.0,0.1,23.5,48.2,26.16,Antsirabe,-19.867,47.033,1507.0
2023-01-30,24.6,14.7,18.5,5.5,12.9,29.5,22.34,Antsirabe,-19.867,47.033,1507.0
2023-01-31,25.0,16.0,19.4,16.6,15.2,31.3,20.73,Antsirabe,-19.867,47.033,1507.0
2023-02-01,22.6,16.4,18.5,18.7,12.8,28.8,14.52,Antsirabe,-19.867,47.033,1507.0
2023-02-02,24.4,14.6,18.7,1.2,12.4,27.7,20.51,Antsirabe,-19.867,47.033,1507.0
2023-02-03,24.1,12.4,18.2,9.8,11.9,32.4,25.59,Antsirabe,-19.867,47.033,1507.0
2023-02-04,24.5,15.7,18.5,14.5,11.4,24.5,19.63,Antsirabe,-19.867,47.033,1507.0
2023-02-05,23.3,15.1,17.6,16.6,20.0,39.6,17.48,Antsirabe,-19.867,47.033,1507.0
2023-02-06,22.5,14.5,17.4,5.4,15.3,31.7,15.79,Antsirabe,-19.867,47.033,1507.0
2023-02-07,21.7,15.9,18.1,1.0,24.2,49.0,13.83,Antsirabe,-19.867,47.033,1507.0
2023-02-08,23.7,15.5,18.7,2.1,20.9,41.4,19.94,Antsirabe,-19.867,47.033,1507.0
2023-02-09,24.5,15.6,18.8,1.7,18.4,40.7,21.97,Antsirabe,-19.867,47.033,1507.0
2023-02-10,23.9,14.7,18.5,0.0,14.7,32.8,23.71,Antsirabe,-19.867,47.033,1507.0
2023-02-11,25.6,14.8,19.4,2.8,12.5,29.9,27.86,Antsirabe,-19.867,47.033,1507.0
2023-02-12,25.2,14.3,19.0,0.1,10.6,26.6,29.75,Antsirabe,-19.867,47.033,1507.0
2023-02-13,26.2,12.2,18.3,0.1,11.5,32.0,27.0,Antsirabe,-19.867,47.033,1507.0
2023-02-14,23.5,11.4,17.2,3.5,14.1,31.3,23.69,Antsirabe,-19.867,47.033,1507.0
2023-02-15,24.7,12.2,18.1,0.8,9.5,22.3,27.02,Antsirabe,-19.867,47.033,1507.0
2023-02-16,23.0,15.4,17.6,8.5,12.0,28.4,15.88,Antsirabe,-19.867,47.033,1507.0
2023-02-17,23.7,14.6,17.8,14.6,12.6,33.8,19.99,Antsirabe,-19.867,47.033,1507.0
2023-02-18,25.2,14.6,18.8,9.0,14.4,32.0,22.61,Antsirabe,-19.867,47.033,1507.0
2023-02-19,26.8,14.5,19.7,0.4,11.1,24.8,25.02,Antsirabe,-19.867,47.033,1507.0
2023-02-20,26.8,14.7,19.7,0.0,11.5,26.6,29.04,Antsirabe,-19.867,47.033,1507.0
2023-02-21,24.2,12.3,17.5,25.6,33.8,64.1,18.99,Antsirabe,-19.867,47.033,1507.0
2023-02-22,24.9,16.9,19.4,39.6,36.2,74.2,17.85,Antsirabe,-19.867,47.033,1507.0
2023-02-23,24.7,14.6,18.7,3.9,20.9,42.5,20.15,Antsirabe,-19.867,47.033,1507.0
2023-02-24,24.9,15.4,19.1,0.3,16.0,32.0,22.31,Antsirabe,-19.867,47.033,1507.0
2023-02-25,24.9,12.0,18.4,0.0,12.0,28.4,28.5,Antsirabe,-19.867,47.033,1507.0
2023-02-26,24.5,13.6,18.6,0.0,10.7,23.8,26.89,Antsirabe,-19.867,47.033,1507.0
2023-02-27,25.1,14.9,19.0,1.1,11.9,23.4,29.28,Antsirabe,-19.867,47.033,1507.0
2023-02-28,24.6,13.8,18.1,1.4,11.2,26.3,25.55,Antsirabe,-19.867,47.033,1507.0
2023-03-01,23.5,13.8,17.8,3.4,14.4,36.0,23.59,Antsirabe,-19.867,47.033,1507.0
2023-03-02,23.5,13.8,17.6,9.5,16.0,36.0,23.14,Antsirabe,-19.867,47.033,1507.0
2023-03-03,23.9,13.3,17.6,24.8,12.5,28.1,18.64,Antsirabe,-19.867,47.033,1507.0
2023-03-04,23.4,14.8,18.1,32.3,17.9,40.7,18.89,Antsirabe,-19.867,47.033,1507.0
2023-03-05,22.7,16.3,18.9,13.0,26.9,55.4,20.25,Antsirabe,-19.867,47.033,1507.0
2023-03-06,22.7,16.1,18.7,1.5,23.8,48.6,23.94,Antsirabe,-19.867,47.033,1507.0
2023-03-07,23.8,15.1,18.8,2.7,19.2,40.0,23.98,Antsirabe,-19.867,47.033,1507.0
2023-03-08,23.6,13.8,18.2,1.4,10.6,29.2,23.88,Antsirabe,-19.867,47.033,1507.0
2023-03-09,24.1,14.0,17.8,10.5,13.4,31.7,19.45,Antsirabe,-19.867,47.033,1507.0
2023-03-10,22.9,15.1,17.8,12.5,11.0,26.3,13.27,Antsirabe,-19.867,47.033,1507.0
2023-03-11,22.3,15.3,17.7,6.2,13.3,28.4,16.65,Antsirabe,-19.867,47.033,1507.0
2023-03-12,23.6,14.1,17.4,14.4,12.5,27.4,18.78,Antsirabe,-19.867,47.033,1507.0
2023-03-13,23.1,13.8,17.5,2.4,16.5,34.9,22.76,Antsirabe,-19.867,47.033,1507.0
2023-03-14,23.4,13.2,17.6,1.0,17.0,33.8,24.84,Antsirabe,-19.867,47.033,1507.0
2023-03-15,22.7,14.7,17.2,2.7,13.0,28.8,15.26,Antsirabe,-19.867,47.033,1507.0
2023-03-16,23.2,13.2,17.7,2.6,14.4,32.4,24.62,Antsirabe,-19.867,47.033,1507.0
2023-03-17,23.4,13.7,17.9,0.9,16.6,35.3,22.81,Antsirabe,-19.867,47.033,1507.0
2023-03-18,24.3,13.9,18.3,1.0,14.3,32.0,22.49,Antsirabe,-19.867,47.033,1507.0
2023-03-19,23.8,14.4,17.7,14.5,10.1,33.8,19.17,Antsirabe,-19.867,47.033,1507.0
2023-03-20,24.0,14.8,18.1,7.6,13.0,30.6,18.71,Antsirabe,-19.867,47.033,1507.0
2023-03-21,23.9,14.7,17.9,13.2,12.3,26.3,19.66,Antsirabe,-19.867,47.033,1507.0
2023-03-22,22.9,14.7,17.5,14.6,11.4,26.6,18.22,Antsirabe,-19.867,47.033,1507.0
2023-03-23,24.7,14.7,18.4,0.4,19.5,39.6,21.88,Antsirabe,-19.867,47.033,1507.0
2023-03-24,23.9,15.1,18.3,17.9,14.4,29.2,20.02,Antsirabe,-19.867,47.033,1507.0
2023-03-25,24.8,13.5,18.4,0.2,12.0,28.4,25.06,Antsirabe,-19.867,47.033,1507.0
2023-03-26,24.6,15.4,19.0,1.0,15.4,32.4,20.43,Antsirabe,-19.867,47.033,1507.0
2023-03-27,23.4,13.3,18.1,1.5,15.9,34.2,20.44,Antsirabe,-19.867,47.033,1507.0
2023-03-28,23.9,15.3,18.3,9.4,12.7,27.4,18.85,Antsirabe,-19.867,47.033,1507.0
2023-03-29,23.3,15.8,18.1,22.8,16.6,34.2,16.21,Antsirabe,-19.867,47.033,1507.0
2023-03-30,23.5,13.2,17.5,8.7,15.3,33.1,14.38,Antsirabe,-19.867,47.033,1507.0
2023-03-31,24.1,13.0,17.8,8.7,13.5,28.4,16.68,Antsirabe,-19.867,47.033,1507.0
2023-04-01,24.7,12.3,18.4,1.0,12.5,28.8,22.09,Antsirabe,-19.867,47.033,1507.0
2023-04-02,23.7,15.0,17.7,10.8,11.8,33.5,19.55,Antsirabe,-19.867,47.033,1507.0
2023-04-03,23.4,14.9,18.3,3.6,15.6,33.5,19.57,Antsirabe,-19.867,47.033,1507.0
2023-04-04,23.5,14.4,17.4,2.0,12.8,28.4,18.5,Antsirabe,-19.867,47.033,1507.0
2023-04-05,23.5,12.8,17.2,2.1,11.8,27.0,17.75,Antsirabe,-19.867,47.033,1507.0
2023-04-06,19.6,15.2,17.0,4.5,14.3,30.2,10.59,Antsirabe,-19.867,47.033,1507.0
2023-04-07,23.0,14.9,17.2,5.8,13.7,28.4,13.42,Antsirabe,-19.867,47.033,1507.0
2023-04-08,22.8,13.8,17.0,5.0,14.1,30.2,15.08,Antsirabe,-19.867,47.033,1507.0
2023-04-09,22.4,12.5,16.4,3.2,12.7,28.8,18.64,Antsirabe,-19.867,47.033,1507.0
2023-04-10,22.6,11.9,16.5,0.6,14.0,27.4,20.92,Antsirabe,-19.867,47.033,1507.0
2023-04-11,22.6,10.6,16.0,0.0,13.0,27.7,21.73,Antsirabe,-19.867,47.033,1507.0
2023-04-12,24.1,10.8,16.6,0.1,13.2,25.6,21.27,Antsirabe,-19.867,47.033,1507.0
2023-04-13,22.3,12.4,16.5,0.3,9.4,25.9,16.54,Antsirabe,-19.867,47.033,1507.0
2023-04-14,22.3,12.3,17.1,1.3,12.0,26.3,18.16,Antsirabe,-19.867,47.033,1507.0
2023-04-15,22.5,13.6,16.7,2.9,13.3,30.2,17.18,Antsirabe,-19.867,47.033,1507.0
2023-04-16,22.6,12.3,15.9,2.3,9.8,24.5,19.32,Antsirabe,-19.867,47.033,1507.0
2023-04-17,22.2,13.1,16.3,1.6,11.8,24.8,17.44,Antsirabe,-19.867,47.033,1507.0
2023-04-18,22.7,14.1,17.2,1.0,17.4,36.4,19.48,Antsirabe,-19.867,47.033,1507.0
2023-04-19,21.6,14.3,17.1,9.9,15.0,31.7,17.04,Antsirabe,-19.867,47.033,1507.0
2023-04-20,22.9,14.2,17.3,4.2,15.3,31.7,15.44,Antsirabe,-19.867,47.033,1507.0
2023-04-21,23.6,12.9,17.3,0.6,13.1,33.1,20.33,Antsirabe,-19.867,47.033,1507.0
2023-04-22,24.3,10.5,17.0,0.0,13.1,30.6,20.79,Antsirabe,-19.867,47.033,1507.0
2023-04-23,23.4,11.3,16.7,0.5,14.1,29.9,20.3,Antsirabe,-19.867,47.033,1507.0
2023-04-24,21.9,10.7,15.8,0.0,20.3,41.8,20.75,Antsirabe,-19.867,47.033,1507.0
2023-04-25,23.0,10.0,15.8,0.0,12.0,23.4,22.34,Antsirabe,-19.867,47.033,1507.0
2023-04-26,23.0,12.6,17.3,0.0,13.7,30.6,21.33,Antsirabe,-19.867,47.033,1507.0
2023-04-27,23.3,13.3,17.3,0.0,14.3,30.6,18.2,Antsirabe,-19.867,47.033,1507.0
2023-04-28,22.8,12.7,16.7,0.1,13.1,28.1,20.89,Antsirabe,-19.867,47.033,1507.0
2023-04-29,22.2,10.6,15.5,0.0,9.7,19.1,21.57,Antsirabe,-19.867,47.033,1507.0
2023-04-30,21.8,9.1,14.7,0.0,9.3,19.4,20.8,Antsirabe,-19.867,47.033,1507.0
2023-05-01,21.9,9.5,14.4,0.0,9.1,18.7,20.7,Antsirabe,-19.867,47.033,1507.0
2023-05-02,22.4,11.2,16.4,0.4,10.9,25.2,16.26,Antsirabe,-19.867,47.033,1507.0
2023-05-03,22.2,13.6,16.9,2.1,11.0,24.8,14.84,Antsirabe,-19.867,47.033,1507.0
2023-05-04,20.4,14.4,16.5,4.3,14.5,30.6,13.56,Antsirabe,-19.867,47.033,1507.0
2023-05-05,21.3,13.2,16.2,1.4,12.0,25.2,16.75,Antsirabe,-19.867,47.033,1507.0
2023-05-06,22.0,11.5,15.7,0.4,12.0,27.4,18.17,Antsirabe,-19.867,47.033,1507.0
2023-05-07,21.6,12.0,15.5,0.0,15.4,32.8,17.26,Antsirabe,-19.867,47.033,1507.0
2023-05-08,21.4,11.1,15.4,0.1,12.8,29.5,18.33,Antsirabe,-19.867,47.033,1507.0
2023-05-09,21.0,11.5,15.4,0.6,17.1,36.0,15.72,Antsirabe,-19.867,47.033,1507.0
2023-05-10,21.0,12.1,16.0,0.4,18.4,37.4,16.45,Antsirabe,-19.867,47.033,1507.0
2023-05-11,21.4,11.2,15.9,0.2,18.5,38.5,16.18,Antsirabe,-19.867,47.033,1507.0
2023-05-12,22.2,13.1,16.6,0.4,12.7,28.1,17.5,Antsirabe,-19.867,47.033,1507.0
2023-05-13,21.5,12.7,16.0,1.1,11.1,24.1,16.44,Antsirabe,-19.867,47.033,1507.0
2023-05-14,21.7,12.9,16.6,1.1,13.5,28.4,15.35,Antsirabe,-19.867,47.033,1507.0
2023-05-15,22.0,11.8,16.3,1.8,14.0,29.5,16.38,Antsirabe,-19.867,47.033,1507.0
2023-05-16,21.2,10.1,15.8,0.5,20.4,42.1,18.58,Antsirabe,-19.867,47.033,1507.0
2023-05-17,21.1,6.3,13.8,0.0,15.4,31.7,19.33,Antsirabe,-19.867,47.033,1507.0
2023-05-18,21.8,9.5,14.6,0.0,15.1,32.0,19.12,Antsirabe,-19.867,47.033,1507.0
2023-05-19,22.0,7.2,14.3,0.0,16.0,34.6,19.62,Antsirabe,-19.867,47.033,1507.0
2023-05-20,22.2,10.4,15.6,0.0,15.5,33.1,18.76,Antsirabe,-19.867,47.033,1507.0
2023-05-21,22.3,10.4,15.5,0.0,14.5,31.0,19.41,Antsirabe,-19.867,47.033,1507.0
2023-05-22,21.6,8.4,14.9,0.0,16.9,35.3,19.84,Antsirabe,-19.867,47.033,1507.0
2023-05-23,20.1,6.9,13.1,0.0,12.6,28.4,19.47,Antsirabe,-19.867,47.033,1507.0
2023-05-24,19.5,5.8,11.8,0.0,16.2,32.4,17.05,Antsirabe,-19.867,47.033,1507.0
2023-05-25,18.8,8.9,12.2,3.6,14.8,33.5,13.28,Antsirabe,-19.867,47.033,1507.0
2023-05-26,19.6,8.6,13.6,0.0,14.8,31.3,17.62,Antsirabe,-19.867,47.033,1507.0
2023-05-27,19.4,8.7,13.7,0.0,16.3,34.6,13.3,Antsirabe,-19.867,47.033,1507.0
2023-05-28,20.7,10.6,14.3,0.0,13.9,28.4,16.46,Antsirabe,-19.867,47.033,1507.0
2023-05-29,21.5,9.3,14.4,0.0,9.9,18.7,17.24,Antsirabe,-19.867,47.033,1507.0
2023-05-30,21.3,9.9,14.5,0.0,11.5,23.4,16.92,Antsirabe,-19.867,47.033,1507.0
2023-05-31,20.9,9.4,14.4,0.0,12.7,24.8,18.0,Antsirabe,-19.867,47.033,1507.0
2023-06-01,20.7,8.6,13.4,0.0,11.5,23.4,17.61,Antsirabe,-19.867,47.033,1507.0
2023-06-02,19.3,10.3,13.6,0.0,14.2,29.5,17.83,Antsirabe,-19.867,47.033,1507.0
2023-06-03,19.1,10.0,14.0,0.1,18.6,37.8,12.41,Antsirabe,-19.867,47.033,1507.0
2023-06-04,20.4,9.5,15.0,0.0,16.5,34.6,14.45,Antsirabe,-19.867,47.033,1507.0
2023-06-05,20.4,8.8,13.7,0.1,18.6,38.2,14.51,Antsirabe,-19.867,47.033,1507.0
2023-06-06,22.2,8.5,14.8,0.0,14.0,27.7,15.96,Antsirabe,-19.867,47.033,1507.0
2023-06-07,22.0,11.0,15.5,0.0,11.5,26.6,16.42,Antsirabe,-19.867,47.033,1507.0
2023-06-08,21.6,12.0,15.7,0.0,13.0,26.3,16.25,Antsirabe,-19.867,47.033,1507.0
2023-06-09,22.0,12.6,16.2,0.0,10.9,22.0,15.72,Antsirabe,-19.867,47.033,1507.0
2023-06-10,20.3,9.8,14.7,0.0,10.4,20.5,15.24,Antsirabe,-19.867,47.033,1507.0
2023-06-11,19.8,9.6,14.3,0.0,6.6,14.8,13.85,Antsirabe,-19.867,47.033,1507.0
2023-06-12,18.5,8.7,13.7,0.3,10.7,24.1,13.93,Antsirabe,-19.867,47.033,1507.0
2023-06-13,19.7,6.2,12.2,0.0,17.6,37.8,14.54,Antsirabe,-19.867,47.033,1507.0
2023-06-14,20.0,7.6,13.1,0.0,9.7,18.0,18.53,Antsirabe,-19.867,47.033,1507.0
2023-06-15,20.4,8.2,13.3,0.0,9.8,19.1,17.55,Antsirabe,-19.867,47.033,1507.0
2023-06-16,21.1,6.1,13.3,0.0,11.8,23.4,18.58,Antsirabe,-19.867,47.033,1507.0
2023-06-17,21.3,5.2,12.8,0.0,9.2,19.4,18.69,Antsirabe,-19.867,47.033,1507.0
2023-06-18,20.6,7.4,12.4,0.0,14.9,31.7,16.44,Antsirabe,-19.867,47.033,1507.0
2023-06-19,20.1,7.6,12.2,0.0,12.2,22.7,17.7,Antsirabe,-19.867,47.033,1507.0
2023-06-20,19.5,7.0,11.6,0.0,11.6,23.0,17.4,Antsirabe,-19.867,47.033,1507.0
2023-06-21,19.1,5.3,11.2,0.0,12.3,24.5,18.04,Antsirabe,-19.867,47.033,1507.0
2023-06-22,19.2,8.0,12.4,0.0,13.3,23.8,16.98,Antsirabe,-19.867,47.033,1507.0
2023-06-23,18.6,7.3,11.8,0.0,8.4,19.1,17.56,Antsirabe,-19.867,47.033,1507.0
2023-06-24,18.0,9.0,12.7,0.0,12.6,27.4,15.85,Antsirabe,-19.867,47.033,1507.0
2023-06-25,18.6,7.7,12.2,0.0,10.4,22.3,17.31,Antsirabe,-19.867,47.033,1507.0
2023-06-26,18.2,6.7,11.3,0.0,9.4,19.8,17.95,Antsirabe,-19.867,47.033,1507.0
2023-06-27,18.6,3.8,9.8,0.0,10.3,25.2,18.15,Antsirabe,-19.867,47.033,1507.0
2023-06-28,18.5,2.2,10.0,0.0,9.3,22.7,18.67,Antsirabe,-19.867,47.033,1507.0
2023-06-29,19.0,3.3,10.8,0.0,12.3,25.2,18.12,Antsirabe,-19.867,47.033,1507.0
2023-06-30,19.0,9.9,13.6,0.0,11.6,23.8,17.4,Antsirabe,-19.867,47.033,1507.0
2023-07-01,19.5,6.6,11.9,0.0,13.2,28.1,17.7,Antsirabe,-19.867,47.033,1507.0
2023-07-02,19.1,4.7,11.8,0.0,19.6,40.0,15.62,Antsirabe,-19.867,47.033,1507.0
2023-07-03,18.6,6.0,12.3,0.2,18.4,38.5,14.69,Antsirabe,-19.867,47.033,1507.0
2023-07-04,17.2,6.0,11.7,0.0,19.7,41.4,14.07,Antsirabe,-19.867,47.033,1507.0
2023-07-05,19.4,7.0,12.7,0.0,12.5,28.1,14.12,Antsirabe,-19.867,47.033,1507.0
2023-07-06,20.1,5.1,12.4,0.0,10.7,21.2,16.86,Antsirabe,-19.867,47.033,1507.0
2023-07-07,17.6,10.0,13.3,0.8,21.7,43.9,10.3,Antsirabe,-19.867,47.033,1507.0
2023-07-08,17.4,10.2,13.2,0.6,21.5,43.2,9.3,Antsirabe,-19.867,47.033,1507.0
2023-07-09,19.7,9.8,13.7,0.0,18.5,38.2,16.36,Antsirabe,-19.867,47.033,1507.0
2023-07-10,21.0,7.3,13.7,0.0,13.2,31.7,15.65,Antsirabe,-19.867,47.033,1507.0
2023-07-11,20.3,9.3,13.7,0.0,14.7,32.0,16.08,Antsirabe,-19.867,47.033,1507.0
2023-07-12,19.5,6.5,13.0,0.4,14.4,29.9,16.73,Antsirabe,-19.867,47.033,1507.0
2023-07-13,19.7,10.0,13.4,0.1,11.3,24.5,14.56,Antsirabe,-19.867,47.033,1507.0
2023-07-14,18.4,8.2,12.9,0.0,15.1,31.0,12.96,Antsirabe,-19.867,47.033,1507.0
2023-07-15,17.1,8.3,11.9,0.0,15.1,33.5,17.22,Antsirabe,-19.867,47.033,1507.0
2023-07-16,19.2,5.8,12.6,1.3,18.1,38.5,15.17,Antsirabe,-19.867,47.033,1507.0
2023-07-17,20.1,9.9,13.8,0.4,12.1,27.4,12.72,Antsirabe,-19.867,47.033,1507.0
2023-07-18,19.0,11.3,14.4,0.0,15.8,32.0,11.79,Antsirabe,-19.867,47.033,1507.0
2023-07-19,19.7,5.3,12.9,0.0,18.6,38.5,15.02,Antsirabe,-19.867,47.033,1507.0
2023-07-20,20.9,8.7,14.6,0.0,15.5,34.2,16.28,Antsirabe,-19.867,47.033,1507.0
2023-07-21,21.1,8.6,14.2,0.4,14.1,31.3,15.19,Antsirabe,-19.867,47.033,1507.0
2023-07-22,20.3,12.2,15.0,0.3,17.0,32.4,12.34,Antsirabe,-19.867,47.033,1507.0
2023-07-23,20.9,11.4,14.7,0.0,14.7,28.4,13.65,Antsirabe,-19.867,47.033,1507.0
2023-07-24,20.8,9.2,14.3,0.0,11.2,20.5,18.14,Antsirabe,-19.867,47.033,1507.0
2023-07-25,21.1,7.8,13.6,0.0,11.9,26.6,18.77,Antsirabe,-19.867,47.033,1507.0
2023-07-26,19.5,9.8,13.6,0.0,11.5,27.0,18.55,Antsirabe,-19.867,47.033,1507.0
2023-07-27,19.1,7.4,12.5,0.0,10.9,23.4,19.97,Antsirabe,-19.867,47.033,1507.0
2023-07-28,19.5,6.5,11.8,0.0,9.9,19.8,19.75,Antsirabe,-19.867,47.033,1507.0
2023-07-29,20.5,8.3,12.9,0.0,11.8,22.3,20.16,Antsirabe,-19.867,47.033,1507.0
2023-07-30,20.7,8.4,13.6,0.0,11.6,23.0,19.68,Antsirabe,-19.867,47.033,1507.0
2023-07-31,21.2,8.7,13.8,0.0,10.2,22.3,19.62,Antsirabe,-19.867,47.033,1507.0
2023-08-01,21.9,10.2,14.7,0.0,13.9,28.4,18.47,Antsirabe,-19.867,47.033,1507.0
2023-08-02,19.7,9.4,13.7,0.0,16.1,33.8,19.62,Antsirabe,-19.867,47.033,1507.0
2023-08-03,17.2,7.9,12.6,1.3,23.4,47.5,11.52,Antsirabe,-19.867,47.033,1507.0
2023-08-04,17.4,10.2,13.3,0.0,19.8,39.6,12.26,Antsirabe,-19.867,47.033,1507.0
2023-08-05,18.9,7.3,12.9,0.2,18.0,37.1,12.4,Antsirabe,-19.867,47.033,1507.0
2023-08-06,19.7,10.8,13.8,0.0,15.4,32.8,16.35,Antsirabe,-19.867,47.033,1507.0
2023-08-07,19.4,7.2,12.8,0.0,16.8,32.8,16.92,Antsirabe,-19.867,47.033,1507.0
2023-08-08,17.7,8.3,12.4,2.4,15.1,32.8,12.87,Antsirabe,-19.867,47.033,1507.0
2023-08-09,19.3,7.0,13.0,1.2,13.4,32.4,18.69,Antsirabe,-19.867,47.033,1507.0
2023-08-10,21.3,9.1,14.4,0.0,9.5,19.8,18.72,Antsirabe,-19.867,47.033,1507.0
2023-08-11,21.3,10.9,14.7,0.0,12.3,25.6,17.22,Antsirabe,-19.867,47.033,1507.0
2023-08-12,20.1,10.3,14.4,0.8,12.2,25.6,15.98,Antsirabe,-19.867,47.033,1507.0
2023-08-13,22.4,8.5,14.7,0.0,14.1,28.1,18.56,Antsirabe,-19.867,47.033,1507.0
2023-08-14,21.7,11.1,15.4,5.9,13.3,23.8,17.67,Antsirabe,-19.867,47.033,1507.0
2023-08-15,20.5,10.1,14.1,12.8,6.6,28.4,13.96,Antsirabe,-19.867,47.033,1507.0
2023-08-16,21.0,10.3,15.0,0.2,16.5,36.7,19.38,Antsirabe,-19.867,47.033,1507.0
2023-08-17,19.7,11.8,15.0,0.3,15.5,28.8,17.51,Antsirabe,-19.867,47.033,1507.0
2023-08-18,21.9,10.9,15.5,0.7,13.8,25.6,17.52,Antsirabe,-19.867,47.033,1507.0
2023-08-19,22.1,11.6,16.0,0.1,13.6,28.1,16.68,Antsirabe,-19.867,47.033,1507.0
2023-08-20,23.1,12.6,16.9,0.0,8.5,18.7,17.48,Antsirabe,-19.867,47.033,1507.0
2023-08-21,23.0,10.2,15.8,0.0,16.0,30.6,19.43,Antsirabe,-19.867,47.033,1507.0
2023-08-22,22.7,11.5,16.1,0.0,13.9,26.3,19.6,Antsirabe,-19.867,47.033,1507.0
2023-08-23,21.2,10.0,14.8,0.0,17.2,37.1,18.19,Antsirabe,-19.867,47.033,1507.0
2023-08-24,22.0,8.7,14.6,0.0,16.2,31.3,19.31,Antsirabe,-19.867,47.033,1507.0
2023-08-25,22.5,10.6,15.5,0.0,19.1,41.4,21.22,Antsirabe,-19.867,47.033,1507.0
2023-08-26,22.6,11.8,16.2,0.0,24.0,44.3,21.47,Antsirabe,-19.867,47.033,1507.0
2023-08-27,23.2,10.3,16.0,0.0,12.6,28.8,19.59,Antsirabe,-19.867,47.033,1507.0
2023-08-28,21.8,8.8,14.5,1.2,17.4,35.3,18.69,Antsirabe,-19.867,47.033,1507.0
2023-08-29,15.8,11.3,13.1,0.7,22.1,45.4,10.08,Antsirabe,-19.867,47.033,1507.0
2023-08-30,21.0,9.2,13.9,0.0,15.6,33.8,21.69,Antsirabe,-19.867,47.033,1507.0
2023-08-31,22.0,8.9,14.1,0.0,13.5,28.4,24.21,Antsirabe,-19.867,47.033,1507.0
2023-09-01,22.0,9.5,15.1,0.0,18.2,36.4,19.96,Antsirabe,-19.867,47.033,1507.0
2023-09-02,22.8,10.2,14.9,0.0,18.6,37.1,20.38,Antsirabe,-19.867,47.033,1507.0
2023-09-03,20.9,9.3,14.4,0.0,19.4,39.6,19.82,Antsirabe,-19.867,47.033,1507.0
2023-09-04,20.8,9.8,14.7,0.1,13.9,31.3,13.91,Antsirabe,-19.867,47.033,1507.0
2023-09-05,22.6,10.1,15.6,0.0,13.8,27.7,23.66,Antsirabe,-19.867,47.033,1507.0
2023-09-06,24.6,9.0,16.3,0.0,13.0,31.3,23.33,Antsirabe,-19.867,47.033,1507.0
2023-09-07,24.6,8.0,16.5,0.0,15.8,29.5,24.3,Antsirabe,-19.867,47.033,1507.0
2023-09-08,25.2,11.1,17.0,0.0,12.8,24.5,25.44,Antsirabe,-19.867,47.033,1507.0
2023-09-09,24.3,8.3,15.8,0.0,14.2,27.0,25.46,Antsirabe,-19.867,47.033,1507.0
2023-09-10,24.5,9.7,16.0,0.0,15.6,31.7,25.1,Antsirabe,-19.867,47.033,1507.0
2023-09-11,24.4,9.7,16.0,0.0,18.9,35.3,25.8,Antsirabe,-19.867,47.033,1507.0
2023-09-12,25.9,9.2,16.4,0.0,16.7,33.1,25.07,Antsirabe,-19.867,47.033,1507.0
2023-09-13,24.4,7.7,15.6,0.0,15.3,35.3,26.09,Antsirabe,-19.867,47.033,1507.0
2023-09-14,24.3,9.6,15.9,0.0,15.1,30.6,25.87,Antsirabe,-19.867,47.033,1507.0
2023-09-15,23.3,9.6,15.8,0.0,15.7,31.3,26.11,Antsirabe,-19.867,47.033,1507.0
2023-09-16,23.6,10.7,16.5,0.0,19.6,37.4,25.41,Antsirabe,-19.867,47.033,1507.0
2023-09-17,24.8,10.5,16.6,0.0,14.6,30.6,23.88,Antsirabe,-19.867,47.033,1507.0
2023-09-18,24.3,9.2,16.0,0.0,15.4,29.9,26.25,Antsirabe,-19.867,47.033,1507.0
2023-09-19,23.1,8.4,15.7,0.0,21.6,40.0,24.09,Antsirabe,-19.867,47.033,1507.0
2023-09-20,24.8,10.8,17.1,0.0,17.6,36.0,22.84,Antsirabe,-19.867,47.033,1507.0
2023-09-21,24.4,11.4,17.2,0.0,13.8,30.2,21.77,Antsirabe,-19.867,47.033,1507.0
2023-09-22,25.1,8.8,16.6,0.0,16.7,34.2,27.1,Antsirabe,-19.867,47.033,1507.0
2023-09-23,23.4,12.1,16.8,0.9,17.2,35.6,18.97,Antsirabe,-19.867,47.033,1507.0
2023-09-24,23.6,11.4,16.9,0.0,16.9,34.6,24.87,Antsirabe,-19.867,47.033,1507.0
2023-09-25,25.8,8.4,16.0,0.0,19.5,38.2,27.19,Antsirabe,-19.867,47.033,1507.0
2023-09-26,22.6,7.2,15.0,0.0,20.6,38.9,27.19,Antsirabe,-19.867,47.033,1507.0
2023-09-27,22.7,8.6,15.0,0.0,18.7,38.2,26.56,Antsirabe,-19.867,47.033,1507.0
2023-09-28,22.6,11.1,15.8,0.0,20.0,43.2,26.73,Antsirabe,-19.867,47.033,1507.0
2023-09-29,25.9,8.7,16.5,0.0,17.6,33.1,27.17,Antsirabe,-19.867,47.033,1507.0
2023-09-30,26.5,10.7,17.9,0.0,16.7,34.6,26.39,Antsirabe,-19.867,47.033,1507.0
2023-10-01,27.4,10.7,18.9,0.0,16.0,36.7,24.22,Antsirabe,-19.867,47.033,1507.0
2023-10-02,26.3,14.0,19.9,0.0,16.1,38.5,20.96,Antsirabe,-19.867,47.033,1507.0
2023-10-03,22.7,12.7,16.6,0.0,19.6,38.9,17.76,Antsirabe,-19.867,47.033,1507.0
2023-10-04,26.7,11.5,17.4,0.0,21.3,41.4,26.38,Antsirabe,-19.867,47.033,1507.0
2023-10-05,27.4,10.4,17.3,0.0,16.6,32.8,27.69,Antsirabe,-19.867,47.033,1507.0
2023-10-06,28.4,10.3,17.7,0.0,12.7,29.5,28.19,Antsirabe,-19.867,47.033,1507.0
2023-10-07,29.2,9.2,18.0,0.0,16.4,36.4,29.0,Antsirabe,-19.867,47.033,1507.0
2023-10-08,29.1,10.0,19.2,0.0,18.5,36.0,28.23,Antsirabe,-19.867,47.033,1507.0
2023-10-09,28.4,12.0,19.8,0.0,14.2,33.1,29.2,Antsirabe,-19.867,47.033,1507.0
2023-10-10,29.3,9.2,18.8,0.0,16.4,34.2,29.4,Antsirabe,-19.867,47.033,1507.0
2023-10-11,31.1,10.2,20.3,0.0,15.4,33.5,28.49,Antsirabe,-19.867,47.033,1507.0
2023-10-12,30.0,11.2,21.0,0.0,16.2,33.5,26.2,Antsirabe,-19.867,47.033,1507.0
2023-10-13,29.2,13.6,20.3,3.0,16.2,36.0,23.44,Antsirabe,-19.867,47.033,1507.0
2023-10-14,28.5,14.4,21.4,0.3,19.0,41.0,25.51,Antsirabe,-19.867,47.033,1507.0
2023-10-15,26.9,14.8,20.2,0.1,22.8,48.6,26.41,Antsirabe,-19.867,47.033,1507.0
2023-10-16,26.8,13.2,20.0,1.8,17.8,38.5,26.82,Antsirabe,-19.867,47.033,1507.0
2023-10-17,29.5,13.8,20.9,0.5,18.7,40.0,26.45,Antsirabe,-19.867,47.033,1507.0
2023-10-18,27.6,15.3,18.8,31.7,12.8,37.4,16.74,Antsirabe,-19.867,47.033,1507.0
2023-10-19,25.2,14.4,19.0,1.7,16.8,36.0,24.64,Antsirabe,-19.867,47.033,1507.0
2023-10-20,24.9,12.1,18.7,0.3,15.2,34.6,25.93,Antsirabe,-19.867,47.033,1507.0
2023-10-21,26.2,15.5,19.7,0.2,17.4,36.4,24.13,Antsirabe,-19.867,47.033,1507.0
2023-10-22,25.4,14.1,18.4,13.1,15.0,35.6,22.06,Antsirabe,-19.867,47.033,1507.0
2023-10-23,25.2,12.2,17.9,8.5,16.8,44.3,23.21,Antsirabe,-19.867,47.033,1507.0
2023-10-24,25.1,14.2,19.0,1.9,16.4,34.2,26.55,Antsirabe,-19.867,47.033,1507.0
2023-10-25,26.2,14.4,19.5,1.4,18.8,37.4,26.01,Antsirabe,-19.867,47.033,1507.0
2023-10-26,26.5,14.8,19.8,0.0,17.5,37.1,26.25,Antsirabe,-19.867,47.033,1507.0
2023-10-27,26.8,12.4,19.0,0.0,17.6,33.5,25.83,Antsirabe,-19.867,47.033,1507.0
2023-10-28,26.0,15.1,19.7,0.1,15.3,33.1,25.79,Antsirabe,-19.867,47.033,1507.0
2023-10-29,26.1,14.4,19.5,0.5,12.3,23.8,23.09,Antsirabe,-19.867,47.033,1507.0
2023-10-30,25.6,14.3,18.9,0.6,14.8,31.7,23.17,Antsirabe,-19.867,47.033,1507.0
2023-10-31,25.6,13.6,18.0,4.4,14.1,35.6,22.16,Antsirabe,-19.867,47.033,1507.0
2023-11-01,25.6,14.8,18.6,3.9,11.7,28.1,23.01,Antsirabe,-19.867,47.033,1507.0
2023-11-02,25.4,13.7,18.8,1.4,21.2,43.9,26.96,Antsirabe,-19.867,47.033,1507.0
2023-11-03,25.7,12.8,18.4,1.8,17.8,37.8,26.0,Antsirabe,-19.867,47.033,1507.0
2023-11-04,23.5,14.6,17.9,10.2,14.8,31.7,22.37,Antsirabe,-19.867,47.033,1507.0
2023-11-05,24.1,14.7,17.7,6.0,16.5,33.5,19.53,Antsirabe,-19.867,47.033,1507.0
2023-11-06,23.6,14.0,17.5,18.8,17.3,34.9,21.29,Antsirabe,-19.867,47.033,1507.0
2023-11-07,23.9,14.4,17.4,7.6,14.8,32.8,20.59,Antsirabe,-19.867,47.033,1507.0
2023-11-08,24.6,13.1,17.8,0.9,11.5,24.8,23.28,Antsirabe,-19.867,47.033,1507.0
2023-11-09,23.4,12.1,17.5,0.5,18.4,37.4,23.03,Antsirabe,-19.867,47.033,1507.0
2023-11-10,22.8,13.6,17.8,2.9,21.5,43.9,25.28,Antsirabe,-19.867,47.033,1507.0
2023-11-11,25.3,10.8,18.1,0.0,16.3,34.9,28.8,Antsirabe,-19.867,47.033,1507.0
2023-11-12,25.5,13.7,18.7,0.1,16.2,34.6,26.97,Antsirabe,-19.867,47.033,1507.0
2023-11-13,26.6,12.8,19.1,0.0,15.5,33.5,29.63,Antsirabe,-19.867,47.033,1507.0
2023-11-14,24.8,13.1,18.7,0.1,15.7,34.6,27.35,Antsirabe,-19.867,47.033,1507.0
2023-11-15,23.3,13.2,17.3,3.9,18.9,39.2,22.28,Antsirabe,-19.867,47.033,1507.0
2023-11-16,23.7,14.2,17.4,3.9,15.5,32.0,23.29,Antsirabe,-19.867,47.033,1507.0
2023-11-17,23.4,14.0,17.8,4.9,12.6,27.0,22.63,Antsirabe,-19.867,47.033,1507.0
2023-11-18,24.5,13.5,18.0,3.8,13.7,35.3,23.27,Antsirabe,-19.867,47.033,1507.0
2023-11-19,26.1,12.2,17.9,3.7,10.8,31.7,24.75,Antsirabe,-19.867,47.033,1507.0
2023-11-20,26.1,13.4,19.3,0.0,13.7,27.7,27.35,Antsirabe,-19.867,47.033,1507.0
2023-11-21,26.2,10.8,18.3,0.0,16.3,31.7,31.76,Antsirabe,-19.867,47.033,1507.0
2023-11-22,26.3,11.0,18.4,0.0,16.9,31.7,31.62,Antsirabe,-19.867,47.033,1507.0
2023-11-23,25.6,14.5,18.9,0.2,16.6,36.4,25.21,Antsirabe,-19.867,47.033,1507.0
2023-11-24,26.5,13.9,19.1,0.0,15.9,33.8,30.46,Antsirabe,-19.867,47.033,1507.0
2023-11-25,24.5,11.5,18.1,3.6,18.0,38.9,25.33,Antsirabe,-19.867,47.033,1507.0
2023-11-26,26.7,14.3,19.6,0.1,11.7,24.5,26.08,Antsirabe,-19.867,47.033,1507.0
2023-11-27,27.5,12.9,20.0,0.1,12.9,25.2,30.06,Antsirabe,-19.867,47.033,1507.0
2023-11-28,29.4,13.1,21.2,0.0,16.0,32.8,30.51,Antsirabe,-19.867,47.033,1507.0
2023-11-29,28.1,15.7,21.6,0.1,11.3,26.3,28.69,Antsirabe,-19.867,47.033,1507.0
2023-11-30,26.7,15.0,19.5,5.7,12.9,29.9,23.7,Antsirabe,-19.867,47.033,1507.0
2023-12-01,23.7,15.2,17.7,7.2,10.5,30.6,16.71,Antsirabe,-19.867,47.033,1507.0
2023-12-02,21.9,15.0,17.4,6.5,10.6,27.7,17.94,Antsirabe,-19.867,47.033,1507.0
2023-12-03,24.3,14.6,18.9,0.4,16.5,38.2,22.72,Antsirabe,-19.867,47.033,1507.0
2023-12-04,25.5,15.2,19.5,0.1,13.6,31.7,22.64,Antsirabe,-19.867,47.033,1507.0
2023-12-05,27.1,12.3,19.4,0.0,12.7,27.4,28.36,Antsirabe,-19.867,47.033,1507.0
2023-12-06,27.4,14.1,20.4,0.5,16.2,35.6,28.83,Antsirabe,-19.867,47.033,1507.0
2023-12-07,26.4,14.5,19.7,0.0,14.5,28.1,29.61,Antsirabe,-19.867,47.033,1507.0
2023-12-08,26.6,14.9,19.2,7.4,19.0,37.4,23.11,Antsirabe,-19.867,47.033,1507.0
2023-12-09,25.8,15.6,19.1,7.3,14.5,36.4,24.13,Antsirabe,-19.867,47.033,1507.0
2023-12-10,25.1,15.0,19.3,2.2,13.0,31.3,24.42,Antsirabe,-19.867,47.033,1507.0
2023-12-11,27.3,15.0,20.5,0.9,13.9,29.9,28.52,Antsirabe,-19.867,47.033,1507.0
2023-12-12,27.9,14.5,20.8,0.1,10.3,23.8,28.58,Antsirabe,-19.867,47.033,1507.0
2023-12-13,27.9,15.4,21.0,0.2,13.4,29.2,29.71,Antsirabe,-19.867,47.033,1507.0
2023-12-14,27.7,14.6,20.9,0.0,14.1,27.4,30.69,Antsirabe,-19.867,47.033,1507.0
2023-12-15,27.7,16.6,21.2,0.2,13.1,25.9,28.66,Antsirabe,-19.867,47.033,1507.0
2023-12-16,28.7,15.2,21.1,1.8,16.3,30.2,30.82,Antsirabe,-19.867,47.033,1507.0
2023-12-17,26.5,15.2,20.5,0.4,17.9,39.6,26.25,Antsirabe,-19.867,47.033,1507.0
2023-12-18,27.3,16.7,20.8,2.4,18.7,38.9,26.94,Antsirabe,-19.867,47.033,1507.0
2023-12-19,26.7,17.5,20.8,4.9,16.8,34.9,24.49,Antsirabe,-19.867,47.033,1507.0
2023-12-20,24.7,17.0,20.3,7.0,12.9,31.3,22.4,Antsirabe,-19.867,47.033,1507.0
2023-12-21,25.3,15.6,19.2,19.1,14.8,33.5,19.66,Antsirabe,-19.867,47.033,1507.0
2023-12-22,26.2,15.3,19.6,3.2,11.8,28.1,24.09,Antsirabe,-19.867,47.033,1507.0
2023-12-23,25.1,15.3,18.9,11.9,18.1,41.4,22.02,Antsirabe,-19.867,47.033,1507.0
2023-12-24,24.8,14.8,18.4,4.4,15.6,35.3,24.74,Antsirabe,-19.867,47.033,1507.0
2023-12-25,24.0,14.7,18.5,3.3,13.2,30.6,25.73,Antsirabe,-19.867,47.033,1507.0
2023-12-26,25.5,12.4,18.6,9.5,14.5,33.1,27.92,Antsirabe,-19.867,47.033,1507.0
2023-12-27,25.2,14.8,18.6,18.6,9.1,22.7,20.08,Antsirabe,-19.867,47.033,1507.0
2023-12-28,24.1,15.6,19.1,4.1,21.7,45.4,21.03,Antsirabe,-19.867,47.033,1507.0
2023-12-29,24.2,15.3,19.1,16.4,18.8,41.0,24.12,Antsirabe,-19.867,47.033,1507.0
2023-12-30,25.1,16.4,19.3,6.8,12.1,34.2,24.15,Antsirabe,-19.867,47.033,1507.0
2023-12-31,25.1,15.5,19.0,13.1,10.2,24.5,17.56,Antsirabe,-19.867,47.033,1507.0
2024-01-01,25.1,15.9,20.0,3.5,18.8,40.0,25.56,Antsirabe,-19.867,47.033,1507.0
2024-01-02,22.1,17.3,19.3,6.3,32.1,60.5,16.85,Antsirabe,-19.867,47.033,1507.0
2024-01-03,23.6,16.4,19.6,1.8,23.3,48.2,25.6,Antsirabe,-19.867,47.033,1507.0
2024-01-04,26.0,16.7,20.6,3.6,15.3,32.8,27.85,Antsirabe,-19.867,47.033,1507.0
2024-01-05,24.4,16.7,19.5,14.6,12.5,26.6,15.01,Antsirabe,-19.867,47.033,1507.0
2024-01-06,24.3,17.2,19.6,29.6,12.6,29.5,15.85,Antsirabe,-19.867,47.033,1507.0
2024-01-07,26.5,16.8,19.7,12.8,11.0,26.6,18.64,Antsirabe,-19.867,47.033,1507.0
2024-01-08,25.9,16.0,19.4,10.5,16.0,33.5,21.26,Antsirabe,-19.867,47.033,1507.0
2024-01-09,24.9,14.4,18.8,12.2,9.7,25.2,21.95,Antsirabe,-19.867,47.033,1507.0
2024-01-10,26.2,16.1,20.4,1.4,14.9,31.0,27.93,Antsirabe,-19.867,47.033,1507.0
2024-01-11,26.2,16.1,20.6,0.6,12.8,27.7,28.59,Antsirabe,-19.867,47.033,1507.0
2024-01-12,26.5,13.6,19.5,0.0,12.2,26.6,29.13,Antsirabe,-19.867,47.033,1507.0
2024-01-13,26.7,13.6,19.3,0.0,11.5,26.3,32.01,Antsirabe,-19.867,47.033,1507.0
2024-01-14,27.2,13.2,20.0,0.0,13.7,29.5,30.08,Antsirabe,-19.867,47.033,1507.0
2024-01-15,25.4,16.0,20.2,20.0,17.2,40.0,24.53,Antsirabe,-19.867,47.033,1507.0
2024-01-16,24.9,17.1,19.9,19.3,15.2,33.5,21.14,Antsirabe,-19.867,47.033,1507.0
2024-01-17,23.0,16.0,18.9,12.2,15.3,36.4,11.02,Antsirabe,-19.867,47.033,1507.0
2024-01-18,20.7,16.7,18.5,34.6,15.6,34.9,8.12,Antsirabe,-19.867,47.033,1507.0
2024-01-19,24.9,15.6,19.3,0.1,12.5,25.9,22.38,Antsirabe,-19.867,47.033,1507.0
2024-01-20,25.7,14.5,19.1,7.6,14.8,31.3,22.54,Antsirabe,-19.867,47.033,1507.0
2024-01-21,23.5,16.5,19.5,14.7,13.7,29.9,15.04,Antsirabe,-19.867,47.033,1507.0
2024-01-22,26.5,16.7,19.7,22.7,13.2,27.7,19.81,Antsirabe,-19.867,47.033,1507.0
2024-01-23,26.2,16.7,20.8,0.2,15.1,33.5,28.27,Antsirabe,-19.867,47.033,1507.0
2024-01-24,24.3,16.2,19.6,4.6,10.4,23.8,21.78,Antsirabe,-19.867,47.033,1507.0
2024-01-25,22.5,15.9,18.4,9.6,10.5,25.9,22.63,Antsirabe,-19.867,47.033,1507.0
2024-01-26,21.7,15.1,17.3,15.4,11.2,30.6,19.27,Antsirabe,-19.867,47.033,1507.0
2024-01-27,22.7,14.2,17.3,20.8,11.5,29.2,19.97,Antsirabe,-19.867,47.033,1507.0
2024-01-28,23.7,13.7,18.1,1.4,9.7,23.8,24.29,Antsirabe,-19.867,47.033,1507.0
2024-01-29,23.5,16.3,19.0,13.8,11.0,24.5,20.48,Antsirabe,-19.867,47.033,1507.0
2024-01-30,23.9,13.7,18.6,1.0,11.7,25.6,26.99,Antsirabe,-19.867,47.033,1507.0
2024-01-31,24.5,13.1,18.4,0.1,12.7,26.3,28.26,Antsirabe,-19.867,47.033,1507.0
2024-02-01,22.8,16.8,19.0,22.3,12.4,24.5,14.88,Antsirabe,-19.867,47.033,1507.0
2024-02-02,23.6,16.5,19.0,6.8,17.7,36.0,18.99,Antsirabe,-19.867,47.033,1507.0
2024-02-03,22.8,15.8,18.8,2.4,14.2,29.9,16.11,Antsirabe,-19.867,47.033,1507.0
2024-02-04,23.6,16.0,18.6,13.5,13.9,28.8,17.73,Antsirabe,-19.867,47.033,1507.0
2024-02-05,24.3,15.9,18.8,27.0,15.1,33.1,20.26,Antsirabe,-19.867,47.033,1507.0
2024-02-06,23.9,15.8,19.1,11.0,16.6,34.6,24.58,Antsirabe,-19.867,47.033,1507.0
2024-02-07,24.8,14.5,19.0,3.2,17.7,38.9,25.05,Antsirabe,-19.867,47.033,1507.0
2024-02-08,24.4,15.6,18.7,52.8,10.6,24.1,19.46,Antsirabe,-19.867,47.033,1507.0
2024-02-09,24.3,15.9,19.3,2.7,10.0,24.5,17.66,Antsirabe,-19.867,47.033,1507.0
2024-02-10,24.6,16.6,19.6,4.4,17.4,35.6,16.62,Antsirabe,-19.867,47.033,1507.0
2024-02-11,25.8,17.0,20.6,1.5,13.9,28.8,20.34,Antsirabe,-19.867,47.033,1507.0
2024-02-12,25.3,16.6,20.0,3.2,21.7,44.6,23.57,Antsirabe,-19.867,47.033,1507.0
2024-02-13,23.5,16.9,19.3,0.9,20.3,40.0,12.88,Antsirabe,-19.867,47.033,1507.0
2024-02-14,22.5,17.7,18.8,20.3,20.7,45.7,8.37,Antsirabe,-19.867,47.033,1507.0
2024-02-15,22.0,17.1,19.0,28.0,21.4,42.8,11.12,Antsirabe,-19.867,47.033,1507.0
2024-02-16,24.5,16.2,19.4,31.9,10.3,29.5,20.5,Antsirabe,-19.867,47.033,1507.0
2024-02-17,24.5,16.7,19.5,25.9,8.4,24.8,16.65,Antsirabe,-19.867,47.033,1507.0
2024-02-18,23.0,16.2,18.6,27.9,18.6,38.5,13.67,Antsirabe,-19.867,47.033,1507.0
2024-02-19,21.5,15.9,18.4,4.8,19.1,38.9,16.01,Antsirabe,-19.867,47.033,1507.0
2024-02-20,22.9,15.3,18.1,23.0,13.0,27.4,15.74,Antsirabe,-19.867,47.033,1507.0
2024-02-21,21.3,14.8,17.5,23.3,11.5,26.6,14.46,Antsirabe,-19.867,47.033,1507.0
2024-02-22,23.4,15.1,18.7,15.4,12.1,28.1,18.6,Antsirabe,-19.867,47.033,1507.0
2024-02-23,25.0,16.1,19.8,2.3,8.3,20.5,22.27,Antsirabe,-19.867,47.033,1507.0
2024-02-24,26.2,15.4,19.9,0.0,14.8,30.2,27.55,Antsirabe,-19.867,47.033,1507.0
2024-02-25,25.9,11.9,18.8,0.0,12.0,22.7,30.64,Antsirabe,-19.867,47.033,1507.0
2024-02-26,24.2,14.2,17.9,15.6,15.0,31.0,15.94,Antsirabe,-19.867,47.033,1507.0
2024-02-27,24.5,17.0,19.4,12.3,11.6,28.4,15.62,Antsirabe,-19.867,47.033,1507.0
2024-02-28,23.6,14.6,18.7,14.0,14.1,30.2,16.7,Antsirabe,-19.867,47.033,1507.0
2024-02-29,22.7,15.5,17.9,22.9,12.7,31.7,12.74,Antsirabe,-19.867,47.033,1507.0
2024-03-01,22.5,15.3,18.0,7.1,16.6,34.2,14.62,Antsirabe,-19.867,47.033,1507.0
2024-03-02,22.9,15.4,18.5,0.6,19.3,39.6,17.91,Antsirabe,-19.867,47.033,1507.0
2024-03-03,24.1,13.2,17.8,0.0,16.4,36.4,27.8,Antsirabe,-19.867,47.033,1507.0
2024-03-04,23.8,16.1,19.3,25.8,25.1,48.6,15.14,Antsirabe,-19.867,47.033,1507.0
2024-03-05,25.9,17.6,20.1,16.5,20.1,44.3,18.56,Antsirabe,-19.867,47.033,1507.0
2024-03-06,25.5,16.7,19.4,20.4,12.0,27.0,18.13,Antsirabe,-19.867,47.033,1507.0
2024-03-07,26.0,16.6,19.4,24.0,13.1,28.4,17.6,Antsirabe,-19.867,47.033,1507.0
2024-03-08,24.0,16.6,19.1,33.5,14.8,30.6,16.96,Antsirabe,-19.867,47.033,1507.0
2024-03-09,23.9,16.7,19.2,12.9,12.9,29.5,18.59,Antsirabe,-19.867,47.033,1507.0
2024-03-10,24.9,14.2,19.1,2.1,18.5,37.4,24.99,Antsirabe,-19.867,47.033,1507.0
2024-03-11,24.4,11.1,18.6,0.2,15.8,33.8,23.33,Antsirabe,-19.867,47.033,1507.0
2024-03-12,24.9,15.3,19.5,0.0,16.1,33.8,22.85,Antsirabe,-19.867,47.033,1507.0
2024-03-13,24.5,16.5,19.6,1.7,18.8,38.5,22.71,Antsirabe,-19.867,47.033,1507.0
2024-03-14,26.5,14.6,19.3,0.0,12.5,28.4,26.16,Antsirabe,-19.867,47.033,1507.0
2024-03-15,26.4,16.2,20.0,1.1,11.3,26.3,25.01,Antsirabe,-19.867,47.033,1507.0
2024-03-16,26.1,16.3,20.0,0.0,16.8,32.0,25.0,Antsirabe,-19.867,47.033,1507.0
2024-03-17,24.8,14.9,19.4,1.7,8.7,20.5,22.84,Antsirabe,-19.867,47.033,1507.0
2024-03-18,25.1,14.8,19.4,0.4,10.1,25.2,25.95,Antsirabe,-19.867,47.033,1507.0
2024-03-19,25.8,14.6,18.9,4.6,12.6,27.7,22.17,Antsirabe,-19.867,47.033,1507.0
2024-03-20,25.7,15.1,18.8,2.7,13.4,30.6,21.13,Antsirabe,-19.867,47.033,1507.0
2024-03-21,24.9,15.2,18.9,1.5,13.6,29.9,21.52,Antsirabe,-19.867,47.033,1507.0
2024-03-22,24.3,15.6,18.8,1.1,17.8,36.0,20.66,Antsirabe,-19.867,47.033,1507.0
2024-03-23,23.5,15.3,18.2,1.6,19.8,40.3,20.6,Antsirabe,-19.867,47.033,1507.0
2024-03-24,22.5,15.3,18.3,1.5,22.8,45.7,16.98,Antsirabe,-19.867,47.033,1507.0
2024-03-25,21.2,15.2,17.8,1.4,27.8,54.4,18.1,Antsirabe,-19.867,47.033,1507.0
2024-03-26,21.3,13.8,16.7,0.2,20.2,39.6,16.56,Antsirabe,-19.867,47.033,1507.0
2024-03-27,23.1,12.0,16.6,0.1,19.8,39.2,17.86,Antsirabe,-19.867,47.033,1507.0
2024-03-28,24.2,14.8,18.1,8.3,17.5,36.0,22.08,Antsirabe,-19.867,47.033,1507.0
2024-03-29,24.8,14.3,18.5,0.8,12.5,24.1,21.2,Antsirabe,-19.867,47.033,1507.0
2024-03-30,25.0,12.9,18.1,0.0,14.0,30.2,23.61,Antsirabe,-19.867,47.033,1507.0
2024-03-31,25.0,12.5,18.4,0.5,11.3,25.2,22.96,Antsirabe,-19.867,47.033,1507.0
2024-04-01,24.2,15.6,18.7,1.5,15.6,31.3,17.56,Antsirabe,-19.867,47.033,1507.0
2024-04-02,23.1,15.9,18.6,0.9,17.7,36.0,17.75,Antsirabe,-19.867,47.033,1507.0
2024-04-03,23.1,15.6,18.3,1.5,16.9,37.8,17.86,Antsirabe,-19.867,47.033,1507.0
2024-04-04,23.7,14.7,18.4,1.6,14.5,30.6,18.69,Antsirabe,-19.867,47.033,1507.0
2024-04-05,24.8,13.5,18.4,0.1,12.7,26.6,22.51,Antsirabe,-19.867,47.033,1507.0
2024-04-06,25.7,14.5,18.9,0.0,10.7,20.9,23.75,Antsirabe,-19.867,47.033,1507.0
2024-04-07,25.7,13.5,19.1,0.0,11.6,27.0,23.39,Antsirabe,-19.867,47.033,1507.0
2024-04-08,25.5,14.8,18.9,0.2,10.9,21.6,21.36,Antsirabe,-19.867,47.033,1507.0
2024-04-09,25.2,14.4,18.7,0.5,11.6,24.8,21.26,Antsirabe,-19.867,47.033,1507.0
2024-04-10,26.0,13.5,19.5,0.1,18.4,39.2,22.07,Antsirabe,-19.867,47.033,1507.0
2024-04-11,25.3,15.1,19.5,0.0,19.1,40.3,23.2,Antsirabe,-19.867,47.033,1507.0
2024-04-12,26.1,13.6,19.1,0.1,10.5,23.0,21.19,Antsirabe,-19.867,47.033,1507.0
2024-04-13,24.8,16.9,19.4,13.8,14.5,32.0,16.24,Antsirabe,-19.867,47.033,1507.0
2024-04-14,24.2,16.4,18.8,9.3,12.9,26.3,15.42,Antsirabe,-19.867,47.033,1507.0
2024-04-15,21.1,16.4,18.2,0.7,18.1,36.7,9.91,Antsirabe,-19.867,47.033,1507.0
2024-04-16,21.6,16.0,18.0,0.3,17.1,34.2,11.12,Antsirabe,-19.867,47.033,1507.0
2024-04-17,22.3,14.8,17.7,0.0,18.8,38.2,16.5,Antsirabe,-19.867,47.033,1507.0
2024-04-18,21.9,12.8,16.3,0.0,18.8,38.2,20.51,Antsirabe,-19.867,47.033,1507.0
2024-04-19,22.6,9.5,16.1,0.0,15.9,34.2,22.5,Antsirabe,-19.867,47.033,1507.0
2024-04-20,24.0,12.8,17.1,0.0,15.8,32.8,20.0,Antsirabe,-19.867,47.033,1507.0
2024-04-21,24.1,11.2,17.3,0.0,12.6,26.6,21.39,Antsirabe,-19.867,47.033,1507.0
2024-04-22,24.6,14.0,18.2,0.0,10.7,24.5,20.35,Antsirabe,-19.867,47.033,1507.0
2024-04-23,25.7,14.8,19.3,0.0,16.4,30.6,19.58,Antsirabe,-19.867,47.033,1507.0
2024-04-24,25.1,14.8,18.7,0.0,13.1,29.2,21.0,Antsirabe,-19.867,47.033,1507.0
2024-04-25,23.5,13.4,18.3,1.0,14.0,31.7,19.03,Antsirabe,-19.867,47.033,1507.0
2024-04-26,23.9,14.5,18.5,0.2,11.4,26.6,19.07,Antsirabe,-19.867,47.033,1507.0
2024-04-27,24.9,14.0,18.1,0.0,10.5,23.0,20.06,Antsirabe,-19.867,47.033,1507.0
2024-04-28,24.2,11.5,17.2,0.2,15.3,32.0,17.96,Antsirabe,-19.867,47.033,1507.0
2024-04-29,21.1,15.0,17.2,0.9,19.5,40.3,13.14,Antsirabe,-19.867,47.033,1507.0
2024-04-30,21.2,15.0,17.5,0.9,19.3,39.6,11.06,Antsirabe,-19.867,47.033,1507.0
2024-05-01,23.1,13.8,17.2,4.9,16.0,32.4,14.52,Antsirabe,-19.867,47.033,1507.0
2024-05-02,23.7,13.6,18.2,0.2,9.4,23.4,18.8,Antsirabe,-19.867,47.033,1507.0
2024-05-03,24.2,11.6,17.2,0.4,10.9,23.8,18.59,Antsirabe,-19.867,47.033,1507.0
2024-05-04,22.0,14.1,17.1,0.0,16.4,35.6,17.73,Antsirabe,-19.867,47.033,1507.0
2024-05-05,21.8,11.6,15.7,0.0,12.2,26.3,19.94,Antsirabe,-19.867,47.033,1507.0
2024-05-06,21.9,11.3,15.4,0.0,12.2,24.1,20.84,Antsirabe,-19.867,47.033,1507.0
2024-05-07,20.7,9.7,15.3,0.0,19.7,41.8,19.78,Antsirabe,-19.867,47.033,1507.0
2024-05-08,20.7,11.9,15.7,0.0,23.4,47.2,15.83,Antsirabe,-19.867,47.033,1507.0
2024-05-09,21.7,11.5,15.7,0.0,21.3,44.3,18.3,Antsirabe,-19.867,47.033,1507.0
2024-05-10,20.9,11.1,15.6,0.2,17.7,37.1,19.38,Antsirabe,-19.867,47.033,1507.0
2024-05-11,22.3,12.5,16.1,0.0,17.2,35.3,17.33,Antsirabe,-19.867,47.033,1507.0
2024-05-12,22.6,11.8,16.2,0.0,12.5,28.1,17.13,Antsirabe,-19.867,47.033,1507.0
2024-05-13,23.5,12.5,16.8,0.0,13.3,27.0,17.68,Antsirabe,-19.867,47.033,1507.0
2024-05-14,21.0,13.3,16.4,0.5,10.1,22.7,14.9,Antsirabe,-19.867,47.033,1507.0
2024-05-15,21.0,11.9,16.2,0.5,18.5,38.9,15.7,Antsirabe,-19.867,47.033,1507.0
2024-05-16,20.9,13.0,16.1,0.1,21.3,43.2,15.05,Antsirabe,-19.867,47.033,1507.0
2024-05-17,22.5,13.3,16.4,0.1,19.2,38.9,16.74,Antsirabe,-19.867,47.033,1507.0
2024-05-18,22.6,11.8,16.7,0.0,9.8,22.0,16.15,Antsirabe,-19.867,47.033,1507.0
2024-05-19,23.9,12.0,16.7,0.1,11.2,22.0,17.35,Antsirabe,-19.867,47.033,1507.0
2024-05-20,20.7,14.0,16.4,1.0,16.6,34.6,12.6,Antsirabe,-19.867,47.033,1507.0
2024-05-21,16.4,9.5,13.4,0.6,21.0,42.8,13.5,Antsirabe,-19.867,47.033,1507.0
2024-05-22,17.1,9.4,12.5,0.3,29.7,58.7,13.51,Antsirabe,-19.867,47.033,1507.0
2024-05-23,17.7,9.9,13.1,0.0,31.4,63.4,13.92,Antsirabe,-19.867,47.033,1507.0
2024-05-24,19.4,10.7,14.1,0.2,22.7,46.1,15.3,Antsirabe,-19.867,47.033,1507.0
2024-05-25,20.2,10.4,14.1,0.0,13.8,28.8,17.58,Antsirabe,-19.867,47.033,1507.0
2024-05-26,20.6,8.9,13.7,0.0,10.5,20.5,19.02,Antsirabe,-19.867,47.033,1507.0
2024-05-27,20.0,6.1,12.1,0.0,12.2,24.5,18.55,Antsirabe,-19.867,47.033,1507.0
2024-05-28,19.2,5.2,11.8,0.2,15.7,33.5,12.27,Antsirabe,-19.867,47.033,1507.0
2024-05-29,20.5,6.0,12.5,0.0,13.7,28.8,17.73,Antsirabe,-19.867,47.033,1507.0
2024-05-30,20.4,10.3,13.8,0.0,15.0,30.2,18.59,Antsirabe,-19.867,47.033,1507.0
2024-05-31,20.8,9.4,14.4,0.0,15.7,33.8,15.03,Antsirabe,-19.867,47.033,1507.0
2024-06-01,22.4,11.4,15.6,0.1,11.2,29.9,16.13,Antsirabe,-19.867,47.033,1507.0
2024-06-02,22.6,11.5,16.1,0.0,8.9,20.9,16.47,Antsirabe,-19.867,47.033,1507.0
2024-06-03,22.4,9.0,15.5,0.0,15.8,29.5,16.92,Antsirabe,-19.867,47.033,1507.0
2024-06-04,21.5,9.1,14.4,0.0,12.2,24.5,16.19,Antsirabe,-19.867,47.033,1507.0
2024-06-05,21.5,10.9,14.8,0.0,11.2,22.0,18.35,Antsirabe,-19.867,47.033,1507.0
2024-06-06,21.2,9.2,14.5,0.0,14.9,32.8,14.78,Antsirabe,-19.867,47.033,1507.0
2024-06-07,21.5,9.6,14.9,0.0,9.7,24.8,17.73,Antsirabe,-19.867,47.033,1507.0
2024-06-08,20.0,9.6,13.9,0.0,12.1,28.4,16.71,Antsirabe,-19.867,47.033,1507.0
2024-06-09,16.2,7.5,11.8,1.1,16.6,34.9,8.22,Antsirabe,-19.867,47.033,1507.0
2024-06-10,15.1,10.0,11.9,0.2,14.1,29.5,6.33,Antsirabe,-19.867,47.033,1507.0
2024-06-11,18.7,10.8,13.5,2.5,12.6,27.4,10.87,Antsirabe,-19.867,47.033,1507.0
2024-06-12,18.7,10.6,13.4,4.1,9.1,23.4,10.43,Antsirabe,-19.867,47.033,1507.0
2024-06-13,20.3,10.0,14.2,0.0,14.8,30.6,16.01,Antsirabe,-19.867,47.033,1507.0
2024-06-14,20.4,8.7,14.3,0.0,16.8,34.6,15.61,Antsirabe,-19.867,47.033,1507.0
2024-06-15,20.4,10.9,14.8,0.0,13.8,29.5,14.37,Antsirabe,-19.867,47.033,1507.0
2024-06-16,20.1,10.7,14.5,0.0,9.8,24.1,14.85,Antsirabe,-19.867,47.033,1507.0
2024-06-17,21.6,11.8,15.2,0.0,12.7,27.0,15.56,Antsirabe,-19.867,47.033,1507.0
2024-06-18,20.0,12.2,15.3,0.0,11.8,21.6,13.67,Antsirabe,-19.867,47.033,1507.0
2024-06-19,20.2,11.2,14.7,0.0,11.3,23.0,16.67,Antsirabe,-19.867,47.033,1507.0
2024-06-20,20.3,10.3,14.7,0.0,10.7,22.0,17.61,Antsirabe,-19.867,47.033,1507.0
2024-06-21,19.2,10.2,13.1,0.0,12.1,24.5,17.45,Antsirabe,-19.867,47.033,1507.0
2024-06-22,17.8,7.3,11.9,0.1,19.8,40.7,11.72,Antsirabe,-19.867,47.033,1507.0
2024-06-23,17.3,7.4,12.1,0.1,19.5,40.0,11.02,Antsirabe,-19.867,47.033,1507.0
2024-06-24,16.5,9.5,12.3,0.4,22.1,43.2,11.25,Antsirabe,-19.867,47.033,1507.0
2024-06-25,17.4,8.6,13.0,0.1,23.9,47.5,13.54,Antsirabe,-19.867,47.033,1507.0
2024-06-26,17.8,9.9,13.0,0.1,16.3,34.2,15.49,Antsirabe,-19.867,47.033,1507.0
2024-06-27,17.7,10.4,13.5,0.0,16.8,34.9,10.13,Antsirabe,-19.867,47.033,1507.0
2024-06-28,17.5,6.7,11.1,0.0,15.4,33.5,18.4,Antsirabe,-19.867,47.033,1507.0
2024-06-29,17.2,4.9,10.6,0.0,15.5,34.2,18.6,Antsirabe,-19.867,47.033,1507.0
2024-06-30,18.0,6.4,11.2,0.0,13.0,26.6,18.25,Antsirabe,-19.867,47.033,1507.0
2024-07-01,19.0,5.7,10.8,0.0,11.3,25.9,18.28,Antsirabe,-19.867,47.033,1507.0
2024-07-02,16.8,3.3,9.6,0.0,15.3,34.2,18.57,Antsirabe,-19.867,47.033,1507.0
2024-07-03,19.1,6.7,11.7,0.0,18.9,36.4,15.84,Antsirabe,-19.867,47.033,1507.0
2024-07-04,18.8,8.5,12.8,0.0,13.8,28.4,15.77,Antsirabe,-19.867,47.033,1507.0
2024-07-05,19.0,6.7,11.9,0.0,7.9,20.9,17.57,Antsirabe,-19.867,47.033,1507.0
2024-07-06,19.7,8.3,12.7,0.0,10.4,23.8,17.7,Antsirabe,-19.867,47.033,1507.0
2024-07-07,19.7,5.0,12.2,0.0,13.3,30.2,19.23,Antsirabe,-19.867,47.033,1507.0
2024-07-08,21.3,2.8,11.0,0.0,11.4,25.2,18.97,Antsirabe,-19.867,47.033,1507.0
2024-07-09,22.8,5.4,12.9,0.0,13.0,26.3,19.25,Antsirabe,-19.867,47.033,1507.0
2024-07-10,21.0,6.6,12.1,0.0,13.4,29.9,18.66,Antsirabe,-19.867,47.033,1507.0
2024-07-11,20.1,4.1,10.3,0.0,14.3,32.8,19.0,Antsirabe,-19.867,47.033,1507.0
2024-07-12,19.3,4.1,10.4,0.0,20.1,41.8,18.4,Antsirabe,-19.867,47.033,1507.0
2024-07-13,19.8,5.9,12.8,0.0,23.9,48.6,16.12,Antsirabe,-19.867,47.033,1507.0
2024-07-14,20.3,6.6,12.0,0.0,17.9,36.4,18.27,Antsirabe,-19.867,47.033,1507.0
2024-07-15,20.7,5.0,11.2,0.0,11.6,28.4,18.8,Antsirabe,-19.867,47.033,1507.0
2024-07-16,20.8,6.5,12.4,0.0,8.4,21.2,18.81,Antsirabe,-19.867,47.033,1507.0
2024-07-17,21.4,4.5,12.0,0.0,9.7,20.9,19.36,Antsirabe,-19.867,47.033,1507.0
2024-07-18,21.4,5.1,12.4,0.0,8.4,18.0,19.2,Antsirabe,-19.867,47.033,1507.0
2024-07-19,21.6,5.7,12.2,0.0,8.3,18.0,19.03,Antsirabe,-19.867,47.033,1507.0
2024-07-20,21.6,5.5,12.5,0.0,10.1,19.8,19.86,Antsirabe,-19.867,47.033,1507.0
2024-07-21,21.0,5.6,12.4,0.0,9.7,22.7,19.08,Antsirabe,-19.867,47.033,1507.0
2024-07-22,21.5,5.5,13.1,0.0,12.7,24.5,19.74,Antsirabe,-19.867,47.033,1507.0
2024-07-23,20.2,10.0,14.2,0.0,12.6,25.6,18.68,Antsirabe,-19.867,47.033,1507.0
2024-07-24,20.0,10.4,14.7,0.0,13.5,27.4,16.27,Antsirabe,-19.867,47.033,1507.0
2024-07-25,19.7,8.8,13.8,0.0,12.8,31.0,17.01,Antsirabe,-19.867,47.033,1507.0
2024-07-26,20.8,6.3,13.4,0.0,8.8,23.8,19.86,Antsirabe,-19.867,47.033,1507.0
2024-07-27,20.9,6.8,13.2,0.0,13.5,26.3,19.67,Antsirabe,-19.867,47.033,1507.0
2024-07-28,20.9,5.6,12.8,0.0,12.1,29.2,19.79,Antsirabe,-19.867,47.033,1507.0
2024-07-29,20.4,7.2,12.9,0.0,12.3,29.9,19.21,Antsirabe,-19.867,47.033,1507.0
2024-07-30,21.6,7.5,13.3,0.0,11.3,22.7,19.72,Antsirabe,-19.867,47.033,1507.0
2024-07-31,21.9,5.6,12.9,0.0,11.2,20.9,20.31,Antsirabe,-19.867,47.033,1507.0
2024-08-01,23.0,4.5,13.0,0.0,12.2,22.7,20.92,Antsirabe,-19.867,47.033,1507.0
2024-08-02,20.8,9.5,14.0,0.0,12.7,25.2,20.24,Antsirabe,-19.867,47.033,1507.0
2024-08-03,22.9,9.0,14.1,0.0,13.8,31.3,20.24,Antsirabe,-19.867,47.033,1507.0
2024-08-04,23.4,5.9,13.8,0.0,13.9,28.1,20.95,Antsirabe,-19.867,47.033,1507.0
2024-08-05,23.3,5.8,13.4,0.0,10.9,24.5,21.39,Antsirabe,-19.867,47.033,1507.0
2024-08-06,23.8,6.9,14.2,0.0,11.4,23.4,21.5,Antsirabe,-19.867,47.033,1507.0
2024-08-07,23.4,4.6,13.3,0.0,11.6,28.8,21.32,Antsirabe,-19.867,47.033,1507.0
2024-08-08,23.3,9.7,14.8,0.0,12.6,25.6,20.62,Antsirabe,-19.867,47.033,1507.0
2024-08-09,22.6,8.7,14.3,0.0,14.3,33.1,20.54,Antsirabe,-19.867,47.033,1507.0
2024-08-10,22.3,8.5,14.6,0.0,12.3,28.8,21.45,Antsirabe,-19.867,47.033,1507.0
2024-08-11,21.6,10.4,14.8,0.0,19.9,38.2,21.15,Antsirabe,-19.867,47.033,1507.0
2024-08-12,21.8,8.6,14.9,0.0,13.5,25.6,20.15,Antsirabe,-19.867,47.033,1507.0
2024-08-13,22.1,6.9,14.3,0.0,15.4,34.6,21.95,Antsirabe,-19.867,47.033,1507.0
2024-08-14,22.2,9.3,15.3,0.0,14.3,30.6,20.97,Antsirabe,-19.867,47.033,1507.0
2024-08-15,22.0,9.3,14.9,0.0,15.3,34.9,21.68,Antsirabe,-19.867,47.033,1507.0
2024-08-16,20.8,8.7,14.6,0.0,19.4,39.6,20.76,Antsirabe,-19.867,47.033,1507.0
2024-08-17,17.2,9.3,13.4,0.3,19.4,41.0,12.95,Antsirabe,-19.867,47.033,1507.0
2024-08-18,18.7,11.9,14.3,0.2,27.1,54.0,12.73,Antsirabe,-19.867,47.033,1507.0
2024-08-19,18.9,8.8,13.9,0.3,24.5,49.3,17.08,Antsirabe,-19.867,47.033,1507.0
2024-08-20,18.6,5.6,11.8,0.0,19.4,40.3,21.63,Antsirabe,-19.867,47.033,1507.0
2024-08-21,17.6,8.0,12.2,0.1,25.9,52.2,19.21,Antsirabe,-19.867,47.033,1507.0
2024-08-22,19.7,9.2,13.7,0.3,17.5,35.6,13.89,Antsirabe,-19.867,47.033,1507.0
2024-08-23,21.3,7.2,13.6,0.0,12.4,28.8,22.5,Antsirabe,-19.867,47.033,1507.0
2024-08-24,20.7,8.0,13.8,0.0,15.3,32.4,20.86,Antsirabe,-19.867,47.033,1507.0
2024-08-25,20.4,7.5,12.5,0.0,15.0,32.8,23.23,Antsirabe,-19.867,47.033,1507.0
2024-08-26,21.0,5.7,12.5,0.0,17.7,38.2,22.1,Antsirabe,-19.867,47.033,1507.0
2024-08-27,23.9,8.5,14.5,0.0,17.2,33.1,21.81,Antsirabe,-19.867,47.033,1507.0
2024-08-28,21.5,8.0,13.4,0.0,19.4,40.3,22.87,Antsirabe,-19.867,47.033,1507.0
2024-08-29,21.8,9.6,14.2,0.0,20.9,41.8,23.38,Antsirabe,-19.867,47.033,1507.0
2024-08-30,22.6,8.1,14.8,0.0,20.2,42.1,21.03,Antsirabe,-19.867,47.033,1507.0
2024-08-31,22.2,9.9,15.4,0.0,16.5,32.0,20.18,Antsirabe,-19.867,47.033,1507.0
2024-09-01,20.5,10.0,14.4,2.9,13.4,27.0,17.96,Antsirabe,-19.867,47.033,1507.0
2024-09-02,20.9,10.5,14.4,0.6,13.6,29.9,16.95,Antsirabe,-19.867,47.033,1507.0
2024-09-03,21.3,9.9,14.6,3.1,13.1,30.2,19.47,Antsirabe,-19.867,47.033,1507.0
2024-09-04,15.3,11.5,12.8,32.7,15.3,28.4,8.11,Antsirabe,-19.867,47.033,1507.0
2024-09-05,18.3,10.8,13.6,7.2,18.4,38.2,9.96,Antsirabe,-19.867,47.033,1507.0
2024-09-06,22.6,10.8,15.4,0.8,14.6,32.4,21.88,Antsirabe,-19.867,47.033,1507.0
2024-09-07,25.3,7.1,15.5,0.0,14.9,32.0,24.45,Antsirabe,-19.867,47.033,1507.0
2024-09-08,25.4,7.9,15.8,0.0,14.9,32.8,23.43,Antsirabe,-19.867,47.033,1507.0
2024-09-09,28.1,8.3,17.1,0.0,10.8,22.3,25.48,Antsirabe,-19.867,47.033,1507.0
2024-09-10,26.7,6.5,16.3,0.0,14.0,31.7,25.81,Antsirabe,-19.867,47.033,1507.0
2024-09-11,26.4,8.4,17.0,0.0,12.5,26.6,23.25,Antsirabe,-19.867,47.033,1507.0
2024-09-12,25.8,11.7,18.4,0.0,16.4,36.7,25.41,Antsirabe,-19.867,47.033,1507.0
2024-09-13,24.0,11.6,16.7,0.0,16.4,36.7,25.06,Antsirabe,-19.867,47.033,1507.0
2024-09-14,24.4,10.1,15.9,0.0,17.5,38.2,26.0,Antsirabe,-19.867,47.033,1507.0
2024-09-15,25.8,8.9,16.4,0.0,14.6,33.5,25.65,Antsirabe,-19.867,47.033,1507.0
2024-09-16,27.2,8.7,17.0,0.0,18.8,40.3,26.0,Antsirabe,-19.867,47.033,1507.0
2024-09-17,26.7,7.9,16.9,0.0,18.4,39.6,26.45,Antsirabe,-19.867,47.033,1507.0
2024-09-18,28.2,7.3,17.6,0.0,14.3,29.2,26.41,Antsirabe,-19.867,47.033,1507.0
2024-09-19,27.8,10.1,18.1,0.0,16.8,36.7,26.14,Antsirabe,-19.867,47.033,1507.0
2024-09-20,28.3,9.0,18.1,0.0,17.9,36.4,26.42,Antsirabe,-19.867,47.033,1507.0
2024-09-21,26.4,10.3,17.3,0.0,15.8,33.1,26.57,Antsirabe,-19.867,47.033,1507.0
2024-09-22,26.4,9.8,17.9,0.0,13.8,28.8,23.43,Antsirabe,-19.867,47.033,1507.0
2024-09-23,24.2,10.7,17.1,0.8,18.4,36.4,22.44,Antsirabe,-19.867,47.033,1507.0
2024-09-24,23.2,13.8,17.4,0.7,12.3,28.1,18.51,Antsirabe,-19.867,47.033,1507.0
2024-09-25,24.6,12.6,17.8,0.0,18.4,36.7,21.47,Antsirabe,-19.867,47.033,1507.0
2024-09-26,24.7,10.1,17.1,0.0,14.9,33.1,22.83,Antsirabe,-19.867,47.033,1507.0
2024-09-27,26.9,10.7,17.6,0.0,17.6,38.2,23.88,Antsirabe,-19.867,47.033,1507.0
2024-09-28,27.5,11.8,19.2,0.0,14.9,32.0,24.16,Antsirabe,-19.867,47.033,1507.0
2024-09-29,28.5,11.5,19.6,0.0,15.5,29.5,27.35,Antsirabe,-19.867,47.033,1507.0
2024-09-30,27.5,9.0,18.4,0.0,14.9,32.0,28.35,Antsirabe,-19.867,47.033,1507.0
2024-10-01,27.7,12.0,19.1,0.3,16.2,33.8,25.3,Antsirabe,-19.867,47.033,1507.0
2024-10-02,25.0,14.2,18.6,0.0,16.3,37.1,24.57,Antsirabe,-19.867,47.033,1507.0
2024-10-03,20.4,11.4,15.7,0.5,19.0,41.4,16.1,Antsirabe,-19.867,47.033,1507.0
2024-10-04,18.6,10.5,13.3,0.2,17.5,39.6,16.39,Antsirabe,-19.867,47.033,1507.0
2024-10-05,21.6,7.1,13.7,0.0,17.4,34.9,27.9,Antsirabe,-19.867,47.033,1507.0
2024-10-06,23.3,8.2,15.1,0.1,14.9,34.6,26.43,Antsirabe,-19.867,47.033,1507.0
2024-10-07,22.6,9.5,15.7,0.7,21.5,46.4,23.75,Antsirabe,-19.867,47.033,1507.0
2024-10-08,24.5,8.4,17.0,0.1,14.9,32.4,21.68,Antsirabe,-19.867,47.033,1507.0
2024-10-09,24.3,11.2,17.1,0.0,18.7,40.0,21.88,Antsirabe,-19.867,47.033,1507.0
2024-10-10,24.4,10.8,16.9,0.0,18.4,36.4,25.01,Antsirabe,-19.867,47.033,1507.0
2024-10-11,23.3,9.2,15.9,0.0,20.8,41.8,27.55,Antsirabe,-19.867,47.033,1507.0
2024-10-12,26.2,10.8,17.2,0.0,21.6,45.0,27.07,Antsirabe,-19.867,47.033,1507.0
2024-10-13,23.4,10.9,16.2,0.0,18.7,37.4,28.74,Antsirabe,-19.867,47.033,1507.0
2024-10-14,25.5,9.3,16.8,0.1,18.2,35.6,25.46,Antsirabe,-19.867,47.033,1507.0
2024-10-15,23.5,9.8,17.0,1.8,25.6,52.6,24.27,Antsirabe,-19.867,47.033,1507.0
2024-10-16,24.8,11.9,18.2,0.0,19.2,42.8,27.89,Antsirabe,-19.867,47.033,1507.0
2024-10-17,27.0,14.4,19.1,0.1,18.8,40.7,21.61,Antsirabe,-19.867,47.033,1507.0
2024-10-18,26.7,13.6,18.2,1.5,19.9,40.7,20.44,Antsirabe,-19.867,47.033,1507.0
2024-10-19,24.9,13.6,17.4,12.1,15.1,36.0,20.46,Antsirabe,-19.867,47.033,1507.0
2024-10-20,24.6,13.3,17.6,6.3,14.8,33.8,21.68,Antsirabe,-19.867,47.033,1507.0
2024-10-21,25.2,14.3,18.6,0.0,17.6,38.2,25.67,Antsirabe,-19.867,47.033,1507.0
2024-10-22,23.9,12.9,17.4,0.0,20.5,43.9,23.07,Antsirabe,-19.867,47.033,1507.0
2024-10-23,23.9,12.1,17.1,0.0,19.5,37.8,29.33,Antsirabe,-19.867,47.033,1507.0
2024-10-24,25.3,12.4,17.9,0.0,19.8,39.6,28.07,Antsirabe,-19.867,47.033,1507.0
2024-10-25,25.6,11.4,17.7,0.0,15.0,41.0,26.23,Antsirabe,-19.867,47.033,1507.0
2024-10-26,26.9,10.7,19.0,0.0,19.8,41.8,26.75,Antsirabe,-19.867,47.033,1507.0
2024-10-27,27.7,12.5,20.3,0.0,13.3,26.6,23.98,Antsirabe,-19.867,47.033,1507.0
2024-10-28,27.1,14.1,20.1,1.3,12.3,29.5,23.73,Antsirabe,-19.867,47.033,1507.0
2024-10-29,28.4,14.0,20.7,0.0,16.3,35.6,29.57,Antsirabe,-19.867,47.033,1507.0
2024-10-30,27.8,12.0,19.8,0.0,15.0,35.3,30.51,Antsirabe,-19.867,47.033,1507.0
2024-10-31,29.6,12.9,20.4,0.0,15.6,31.0,28.04,Antsirabe,-19.867,47.033,1507.0
2024-11-01,28.6,13.3,20.3,0.0,23.4,45.4,24.9,Antsirabe,-19.867,47.033,1507.0
2024-11-02,28.0,14.9,19.3,5.8,19.3,42.1,23.28,Antsirabe,-19.867,47.033,1507.0
2024-11-03,27.0,13.0,19.3,2.0,7.6,25.2,24.44,Antsirabe,-19.867,47.033,1507.0
2024-11-04,26.2,12.2,18.7,0.6,12.5,31.0,26.67,Antsirabe,-19.867,47.033,1507.0
2024-11-05,26.1,13.9,19.0,1.8,12.1,30.2,24.25,Antsirabe,-19.867,47.033,1507.0
2024-11-06,26.6,14.9,20.0,0.0,13.9,28.8,27.59,Antsirabe,-19.867,47.033,1507.0
2024-11-07,26.3,13.7,19.3,0.0,19.5,40.0,29.54,Antsirabe,-19.867,47.033,1507.0
2024-11-08,27.0,13.9,19.2,0.0,17.5,32.8,29.51,Antsirabe,-19.867,47.033,1507.0
2024-11-09,28.3,12.9,19.5,0.0,20.6,42.1,28.05,Antsirabe,-19.867,47.033,1507.0
2024-11-10,29.6,15.0,21.0,0.0,13.4,28.1,28.23,Antsirabe,-19.867,47.033,1507.0
2024-11-11,28.3,14.4,21.3,0.0,12.2,31.0,28.35,Antsirabe,-19.867,47.033,1507.0
2024-11-12,30.4,15.1,21.5,0.0,15.9,34.9,29.1,Antsirabe,-19.867,47.033,1507.0
2024-11-13,30.4,12.1,21.2,0.0,16.7,32.8,30.3,Antsirabe,-19.867,47.033,1507.0
2024-11-14,30.0,13.2,21.4,0.1,13.9,27.0,27.37,Antsirabe,-19.867,47.033,1507.0
2024-11-15,29.0,13.0,20.5,0.0,17.7,33.8,30.74,Antsirabe,-19.867,47.033,1507.0
2024-11-16,30.2,13.5,20.7,0.0,15.6,36.7,29.7,Antsirabe,-19.867,47.033,1507.0
2024-11-17,29.8,13.9,20.7,0.4,14.5,30.2,28.11,Antsirabe,-19.867,47.033,1507.0
2024-11-18,28.4,15.0,20.5,0.6,19.4,39.6,26.52,Antsirabe,-19.867,47.033,1507.0
2024-11-19,29.5,14.7,20.7,0.0,15.8,32.4,27.5,Antsirabe,-19.867,47.033,1507.0
2024-11-20,28.1,12.4,19.5,0.0,17.5,41.4,28.99,Antsirabe,-19.867,47.033,1507.0
2024-11-21,27.9,11.8,19.9,0.2,19.7,37.1,30.47,Antsirabe,-19.867,47.033,1507.0
2024-11-22,27.7,14.7,20.3,0.1,23.2,49.0,24.72,Antsirabe,-19.867,47.033,1507.0
2024-11-23,27.8,14.0,18.8,14.1,18.6,40.3,22.5,Antsirabe,-19.867,47.033,1507.0
2024-11-24,28.1,14.3,19.3,7.1,15.9,34.2,23.51,Antsirabe,-19.867,47.033,1507.0
2024-11-25,26.4,14.4,19.8,2.2,11.3,22.7,24.2,Antsirabe,-19.867,47.033,1507.0
2024-11-26,27.2,14.0,20.1,0.0,16.5,31.7,27.63,Antsirabe,-19.867,47.033,1507.0
2024-11-27,26.9,14.7,20.3,0.3,12.7,24.8,26.6,Antsirabe,-19.867,47.033,1507.0
2024-11-28,27.0,15.9,19.3,14.5,21.6,42.1,22.3,Antsirabe,-19.867,47.033,1507.0
2024-11-29,23.3,16.3,18.8,16.1,15.9,34.6,17.47,Antsirabe,-19.867,47.033,1507.0
2024-11-30,24.0,15.5,18.3,19.4,11.1,25.2,15.89,Antsirabe,-19.867,47.033,1507.0
2024-12-01,22.8,15.2,17.4,16.0,10.7,29.2,16.67,Antsirabe,-19.867,47.033,1507.0
2024-12-02,23.0,14.7,17.7,20.9,14.5,35.3,17.85,Antsirabe,-19.867,47.033,1507.0
2024-12-03,23.6,15.2,18.3,17.8,15.4,33.8,20.98,Antsirabe,-19.867,47.033,1507.0
2024-12-04,25.6,14.1,18.2,16.3,8.7,25.2,19.72,Antsirabe,-19.867,47.033,1507.0
2024-12-05,26.2,15.5,19.3,0.4,12.9,27.0,23.63,Antsirabe,-19.867,47.033,1507.0
2024-12-06,27.0,15.3,20.1,1.2,10.5,20.2,27.55,Antsirabe,-19.867,47.033,1507.0
2024-12-07,27.7,14.3,20.1,0.0,14.3,29.9,30.84,Antsirabe,-19.867,47.033,1507.0
2024-12-08,27.9,12.6,20.0,0.0,13.8,30.6,31.76,Antsirabe,-19.867,47.033,1507.0
2024-12-09,28.2,12.9,20.0,0.8,14.2,29.2,29.35,Antsirabe,-19.867,47.033,1507.0
2024-12-10,27.4,15.1,20.5,0.9,14.2,29.9,26.37,Antsirabe,-19.867,47.033,1507.0
2024-12-11,27.9,15.1,20.6,0.1,12.8,26.3,28.68,Antsirabe,-19.867,47.033,1507.0
2024-12-12,27.4,15.3,20.3,0.1,13.0,27.7,31.4,Antsirabe,-19.867,47.033,1507.0
2024-12-13,27.4,15.8,20.8,0.3,15.3,29.2,31.06,Antsirabe,-19.867,47.033,1507.0
2024-12-14,29.3,15.1,21.4,0.3,12.1,25.9,30.0,Antsirabe,-19.867,47.033,1507.0
2024-12-15,27.5,15.0,20.4,0.0,18.4,37.8,31.84,Antsirabe,-19.867,47.033,1507.0
2024-12-16,28.1,13.3,20.1,0.0,15.6,30.2,32.38,Antsirabe,-19.867,47.033,1507.0
2024-12-17,28.9,11.3,19.9,0.0,19.9,37.4,32.29,Antsirabe,-19.867,47.033,1507.0
2024-12-18,29.6,13.9,20.6,0.0,16.2,33.5,31.57,Antsirabe,-19.867,47.033,1507.0
2024-12-19,29.6,14.0,21.0,0.0,14.0,27.7,31.64,Antsirabe,-19.867,47.033,1507.0
2024-12-20,30.3,14.8,21.9,0.1,20.2,36.7,29.51,Antsirabe,-19.867,47.033,1507.0
2024-12-21,29.1,15.0,21.4,0.0,16.8,36.4,27.46,Antsirabe,-19.867,47.033,1507.0
2024-12-22,29.1,15.5,21.4,0.0,15.6,29.5,30.37,Antsirabe,-19.867,47.033,1507.0
2024-12-23,29.5,15.0,21.2,1.2,13.0,27.7,29.02,Antsirabe,-19.867,47.033,1507.0
2024-12-24,29.6,14.0,20.2,0.8,18.9,41.0,26.06,Antsirabe,-19.867,47.033,1507.0
2024-12-25,27.9,15.5,21.0,1.6,15.9,33.1,28.3,Antsirabe,-19.867,47.033,1507.0
2024-12-26,27.2,15.2,20.5,1.6,10.6,24.1,27.85,Antsirabe,-19.867,47.033,1507.0
2024-12-27,26.2,16.4,19.4,10.7,13.8,30.2,21.55,Antsirabe,-19.867,47.033,1507.0
2024-12-28,24.1,15.4,18.3,19.1,12.8,29.2,17.31,Antsirabe,-19.867,47.033,1507.0
2024-12-29,24.7,14.0,17.5,9.7,16.6,34.2,19.93,Antsirabe,-19.867,47.033,1507.0
2024-12-30,23.3,15.0,18.0,13.2,12.6,28.8,19.53,Antsirabe,-19.867,47.033,1507.0
2024-12-31,25.0,14.8,18.5,11.8,16.1,33.5,21.24,Antsirabe,-19.867,47.033,1507.0
2025-01-01,24.6,15.4,19.7,1.0,14.4,31.3,24.9,Antsirabe,-19.867,47.033,1507.0
2025-01-02,27.1,15.3,20.2,0.0,15.2,29.2,30.37,Antsirabe,-19.867,47.033,1507.0
2025-01-03,26.1,15.6,20.0,0.7,12.2,25.9,28.65,Antsirabe,-19.867,47.033,1507.0
2025-01-04,25.1,14.9,19.3,0.9,13.6,27.7,27.53,Antsirabe,-19.867,47.033,1507.0
2025-01-05,25.9,13.2,19.2,0.0,13.6,24.8,29.83,Antsirabe,-19.867,47.033,1507.0
2025-01-06,26.4,15.0,19.6,0.0,12.2,24.1,29.08,Antsirabe,-19.867,47.033,1507.0
2025-01-07,25.9,12.7,18.5,2.5,16.7,36.7,28.07,Antsirabe,-19.867,47.033,1507.0
2025-01-08,27.1,15.9,20.6,0.0,16.1,35.6,29.21,Antsirabe,-19.867,47.033,1507.0
2025-01-09,27.1,14.5,20.4,0.0,14.9,32.4,28.76,Antsirabe,-19.867,47.033,1507.0
2025-01-10,27.3,16.0,20.9,0.0,17.9,39.2,28.75,Antsirabe,-19.867,47.033,1507.0
2025-01-11,25.8,12.6,19.4,3.2,25.5,50.8,24.45,Antsirabe,-19.867,47.033,1507.0
2025-01-12,24.1,16.4,19.4,3.0,24.7,51.1,17.83,Antsirabe,-19.867,47.033,1507.0
2025-01-13,24.1,14.9,18.9,16.1,21.6,42.8,13.56,Antsirabe,-19.867,47.033,1507.0
2025-01-14,22.0,16.7,18.9,24.0,6.2,27.7,13.14,Antsirabe,-19.867,47.033,1507.0
2025-01-15,26.2,14.6,19.8,2.0,13.2,28.8,26.57,Antsirabe,-19.867,47.033,1507.0
2025-01-16,24.5,13.8,18.6,7.3,17.3,37.1,24.16,Antsirabe,-19.867,47.033,1507.0
2025-01-17,27.0,14.4,19.1,3.1,13.9,35.6,23.65,Antsirabe,-19.867,47.033,1507.0
2025-01-18,27.3,15.2,20.1,0.3,22.6,42.5,28.22,Antsirabe,-19.867,47.033,1507.0
2025-01-19,25.4,16.1,19.5,11.9,12.6,26.3,25.28,Antsirabe,-19.867,47.033,1507.0
2025-01-20,24.5,15.6,19.1,2.1,14.3,32.8,20.17,Antsirabe,-19.867,47.033,1507.0
2025-01-21,24.1,15.4,18.7,3.5,10.9,23.8,17.5,Antsirabe,-19.867,47.033,1507.0
2025-01-22,24.7,15.3,18.7,11.1,13.6,30.2,21.01,Antsirabe,-19.867,47.033,1507.0
2025-01-23,22.8,16.0,18.1,31.5,14.5,28.4,13.35,Antsirabe,-19.867,47.033,1507.0
2025-01-24,24.2,15.4,18.4,20.1,13.0,28.8,18.5,Antsirabe,-19.867,47.033,1507.0
2025-01-25,22.8,15.7,18.4,29.7,10.8,25.6,17.47,Antsirabe,-19.867,47.033,1507.0
2025-01-26,25.1,15.9,19.1,16.1,15.1,33.8,21.87,Antsirabe,-19.867,47.033,1507.0
2025-01-27,26.4,15.5,20.0,1.1,18.8,34.6,26.42,Antsirabe,-19.867,47.033,1507.0
2025-01-28,25.9,15.6,20.1,3.0,18.8,36.0,26.06,Antsirabe,-19.867,47.033,1507.0
2025-01-29,26.5,15.1,20.2,1.5,16.9,34.2,26.35,Antsirabe,-19.867,47.033,1507.0
2025-01-30,25.9,15.3,20.0,1.2,16.7,35.3,28.29,Antsirabe,-19.867,47.033,1507.0
2025-01-31,25.5,16.4,20.1,10.5,15.3,32.4,24.98,Antsirabe,-19.867,47.033,1507.0
2025-02-01,26.9,15.7,19.4,5.8,17.2,40.0,22.49,Antsirabe,-19.867,47.033,1507.0
2025-02-02,27.2,16.5,20.3,15.8,12.1,26.3,24.23,Antsirabe,-19.867,47.033,1507.0
2025-02-03,25.9,16.6,20.2,16.5,15.8,36.4,21.99,Antsirabe,-19.867,47.033,1507.0
2025-02-04,21.4,13.0,17.2,14.1,13.7,31.0,13.2,Antsirabe,-19.867,47.033,1507.0
2025-02-05,26.2,17.4,19.8,9.8,18.5,37.8,21.25,Antsirabe,-19.867,47.033,1507.0
2025-02-06,23.4,16.7,19.5,0.8,12.1,24.5,11.49,Antsirabe,-19.867,47.033,1507.0
2025-02-07,25.8,15.1,18.9,9.7,14.0,32.8,19.89,Antsirabe,-19.867,47.033,1507.0
2025-02-08,26.2,15.4,19.7,4.0,11.7,25.2,19.79,Antsirabe,-19.867,47.033,1507.0
2025-02-09,25.3,15.2,19.2,4.9,14.5,28.1,24.14,Antsirabe,-19.867,47.033,1507.0
2025-02-10,25.5,15.5,18.8,5.6,17.8,37.8,23.25,Antsirabe,-19.867,47.033,1507.0
2025-02-11,24.9,15.9,19.2,4.5,14.7,32.4,20.88,Antsirabe,-19.867,47.033,1507.0
2025-02-12,24.5,16.5,19.4,12.6,13.3,33.1,18.14,Antsirabe,-19.867,47.033,1507.0
2025-02-13,23.2,16.4,18.4,19.7,11.8,28.1,12.54,Antsirabe,-19.867,47.033,1507.0
2025-02-14,23.5,15.4,18.8,11.6,9.7,24.8,17.74,Antsirabe,-19.867,47.033,1507.0
2025-02-15,23.4,15.7,18.5,16.5,14.5,37.1,18.44,Antsirabe,-19.867,47.033,1507.0
2025-02-16,22.6,15.3,17.9,27.4,12.9,28.1,11.17,Antsirabe,-19.867,47.033,1507.0
2025-02-17,22.4,16.6,18.6,47.2,18.3,39.2,16.71,Antsirabe,-19.867,47.033,1507.0
2025-02-18,23.1,16.6,18.6,22.7,12.3,29.2,13.47,Antsirabe,-19.867,47.033,1507.0
2025-02-19,23.9,16.9,18.8,52.2,10.4,21.6,17.1,Antsirabe,-19.867,47.033,1507.0
2025-02-20,25.2,16.3,19.3,12.0,14.3,31.3,19.29,Antsirabe,-19.867,47.033,1507.0
2025-02-21,23.6,16.3,18.9,15.7,20.2,41.8,19.63,Antsirabe,-19.867,47.033,1507.0
2025-02-22,23.5,15.8,18.5,20.4,12.0,26.3,16.5,Antsirabe,-19.867,47.033,1507.0
2025-02-23,24.0,15.4,18.3,17.6,13.3,34.9,16.72,Antsirabe,-19.867,47.033,1507.0
2025-02-24,24.4,15.4,18.8,2.4,16.1,34.2,19.15,Antsirabe,-19.867,47.033,1507.0
2025-02-25,22.5,15.8,18.6,0.5,18.6,37.1,18.28,Antsirabe,-19.867,47.033,1507.0
2025-02-26,24.0,13.8,18.5,0.4,17.1,36.0,23.12,Antsirabe,-19.867,47.033,1507.0
2025-02-27,23.7,14.3,18.8,1.9,26.8,52.9,23.88,Antsirabe,-19.867,47.033,1507.0
2025-02-28,19.9,16.4,18.1,6.4,27.7,51.8,9.24,Antsirabe,-19.867,47.033,1507.0
2025-03-01,23.3,14.1,18.5,0.9,28.1,54.4,23.58,Antsirabe,-19.867,47.033,1507.0
2025-03-02,23.3,13.8,18.0,0.0,18.6,39.2,28.46,Antsirabe,-19.867,47.033,1507.0
2025-03-03,24.1,13.9,18.7,1.4,14.9,32.0,24.42,Antsirabe,-19.867,47.033,1507.0
2025-03-04,24.3,14.3,18.8,1.5,12.1,28.1,23.25,Antsirabe,-19.867,47.033,1507.0
2025-03-05,26.3,13.9,18.9,5.5,10.0,26.6,23.85,Antsirabe,-19.867,47.033,1507.0
2025-03-06,26.7,15.9,20.0,0.2,12.8,27.0,26.91,Antsirabe,-19.867,47.033,1507.0
2025-03-07,25.4,11.8,18.7,1.6,16.8,35.6,26.1,Antsirabe,-19.867,47.033,1507.0
2025-03-08,23.6,14.3,19.0,1.7,32.0,63.0,19.73,Antsirabe,-19.867,47.033,1507.0
2025-03-09,22.5,17.0,18.9,1.2,23.6,48.6,9.64,Antsirabe,-19.867,47.033,1507.0
2025-03-10,24.4,15.8,19.1,1.3,23.8,45.7,21.43,Antsirabe,-19.867,47.033,1507.0
2025-03-11,25.7,13.5,18.6,4.1,10.7,25.9,25.1,Antsirabe,-19.867,47.033,1507.0
2025-03-12,23.5,14.7,17.8,9.1,17.8,35.3,16.06,Antsirabe,-19.867,47.033,1507.0
2025-03-13,24.1,14.9,18.2,23.4,14.8,31.7,19.19,Antsirabe,-19.867,47.033,1507.0
2025-03-14,24.1,15.0,19.0,2.6,20.1,46.4,21.38,Antsirabe,-19.867,47.033,1507.0
2025-03-15,22.2,15.3,18.5,2.0,28.4,56.2,18.68,Antsirabe,-19.867,47.033,1507.0
2025-03-16,24.7,15.3,19.0,2.4,17.6,33.5,21.79,Antsirabe,-19.867,47.033,1507.0
2025-03-17,22.6,14.6,17.7,2.5,13.4,29.2,17.8,Antsirabe,-19.867,47.033,1507.0
2025-03-18,23.1,14.0,17.3,0.0,17.0,34.9,20.84,Antsirabe,-19.867,47.033,1507.0
2025-03-19,23.6,14.1,17.5,0.0,15.9,32.8,24.52,Antsirabe,-19.867,47.033,1507.0
2025-03-20,23.4,13.6,17.8,15.9,12.1,27.7,21.08,Antsirabe,-19.867,47.033,1507.0
2025-03-21,23.8,14.0,18.1,1.6,9.8,31.0,17.09,Antsirabe,-19.867,47.033,1507.0
2025-03-22,24.1,14.1,17.6,3.8,17.7,36.0,21.51,Antsirabe,-19.867,47.033,1507.0
2025-03-23,24.1,13.5,17.7,8.5,12.4,28.8,17.4,Antsirabe,-19.867,47.033,1507.0
2025-03-24,24.8,13.1,17.7,1.1,11.5,27.0,21.01,Antsirabe,-19.867,47.033,1507.0
2025-03-25,24.1,13.8,18.6,1.2,9.5,20.9,20.74,Antsirabe,-19.867,47.033,1507.0
2025-03-26,24.8,15.0,19.5,2.2,12.7,28.4,22.63,Antsirabe,-19.867,47.033,1507.0
2025-03-27,25.3,14.3,19.4,0.0,11.3,26.6,25.55,Antsirabe,-19.867,47.033,1507.0
2025-03-28,24.6,13.5,18.6,0.0,12.6,28.8,24.92,Antsirabe,-19.867,47.033,1507.0
2025-03-29,23.8,10.9,17.6,0.0,13.6,29.5,23.93,Antsirabe,-19.867,47.033,1507.0
2025-03-30,23.6,14.2,18.3,0.0,15.4,33.5,21.3,Antsirabe,-19.867,47.033,1507.0
2025-03-31,24.2,15.8,19.0,0.4,15.2,31.7,19.84,Antsirabe,-19.867,47.033,1507.0
2025-04-01,24.8,13.4,18.7,0.7,16.3,32.4,22.82,Antsirabe,-19.867,47.033,1507.0
2025-04-02,25.1,13.1,17.7,3.3,6.9,36.0,21.92,Antsirabe,-19.867,47.033,1507.0
2025-04-03,25.4,14.3,18.6,0.0,10.4,25.6,22.77,Antsirabe,-19.867,47.033,1507.0
2025-04-04,24.1,11.3,17.3,0.5,10.6,20.5,22.77,Antsirabe,-19.867,47.033,1507.0
2025-04-05,23.5,13.3,17.3,2.7,8.9,19.8,19.43,Antsirabe,-19.867,47.033,1507.0
2025-04-06,24.7,14.6,18.4,0.9,13.6,28.4,19.68,Antsirabe,-19.867,47.033,1507.0
2025-04-07,24.9,12.9,17.4,4.1,11.1,25.2,20.13,Antsirabe,-19.867,47.033,1507.0
2025-04-08,23.6,13.8,17.3,3.8,13.7,30.2,19.53,Antsirabe,-19.867,47.033,1507.0
2025-04-09,23.5,12.6,17.1,1.4,20.0,42.1,19.99,Antsirabe,-19.867,47.033,1507.0
2025-04-10,23.9,14.1,18.2,0.3,17.2,36.7,21.55,Antsirabe,-19.867,47.033,1507.0
2025-04-11,25.2,12.7,17.2,2.7,9.4,23.4,18.19,Antsirabe,-19.867,47.033,1507.0
2025-04-12,25.2,14.1,18.4,2.0,20.1,39.6,18.27,Antsirabe,-19.867,47.033,1507.0
2025-04-13,24.4,14.1,18.1,5.8,16.3,34.9,19.88,Antsirabe,-19.867,47.033,1507.0
2025-04-14,24.7,14.5,18.6,1.8,16.0,33.5,19.17,Antsirabe,-19.867,47.033,1507.0
2025-04-15,25.0,14.1,17.8,14.5,13.9,28.8,16.22,Antsirabe,-19.867,47.033,1507.0
2025-04-16,24.3,14.7,18.7,2.7,14.8,32.4,21.71,Antsirabe,-19.867,47.033,1507.0
2025-04-17,24.5,13.8,18.1,0.2,13.7,27.7,20.96,Antsirabe,-19.867,47.033,1507.0
2025-04-18,24.3,14.1,18.3,0.1,9.0,20.9,20.09,Antsirabe,-19.867,47.033,1507.0
2025-04-19,24.5,14.9,18.4,0.3,13.3,27.4,18.44,Antsirabe,-19.867,47.033,1507.0
2025-04-20,24.4,14.7,17.9,9.7,11.3,26.6,17.5,Antsirabe,-19.867,47.033,1507.0
2025-04-21,24.2,13.3,17.3,13.3,16.4,34.9,18.02,Antsirabe,-19.867,47.033,1507.0
2025-04-22,24.3,13.5,17.8,1.7,13.2,28.1,18.11,Antsirabe,-19.867,47.033,1507.0
2025-04-23,25.1,13.4,18.2,0.9,11.5,23.4,18.57,Antsirabe,-19.867,47.033,1507.0
2025-04-24,25.0,15.3,19.0,0.1,12.0,27.7,19.63,Antsirabe,-19.867,47.033,1507.0
2025-04-25,24.8,15.4,19.0,0.0,10.7,25.2,20.82,Antsirabe,-19.867,47.033,1507.0
2025-04-26,24.5,13.5,18.3,0.2,11.5,22.0,19.46,Antsirabe,-19.867,47.033,1507.0
2025-04-27,24.2,13.3,18.1,0.0,12.9,29.2,20.17,Antsirabe,-19.867,47.033,1507.0
2025-04-28,23.5,14.1,17.7,1.3,15.4,33.5,19.06,Antsirabe,-19.867,47.033,1507.0
2025-04-29,22.1,13.7,17.2,1.6,16.1,32.4,13.43,Antsirabe,-19.867,47.033,1507.0
2025-04-30,20.2,14.0,16.9,1.6,19.5,39.2,10.12,Antsirabe,-19.867,47.033,1507.0
2025-05-01,22.2,15.2,17.6,3.2,22.0,43.2,12.4,Antsirabe,-19.867,47.033,1507.0
2025-05-02,23.8,14.1,18.2,0.7,15.0,30.6,16.16,Antsirabe,-19.867,47.033,1507.0
2025-05-03,23.8,14.7,18.0,0.5,13.9,30.2,18.04,Antsirabe,-19.867,47.033,1507.0
2025-05-04,23.6,12.7,17.5,0.3,11.9,24.8,18.23,Antsirabe,-19.867,47.033,1507.0
2025-05-05,22.4,13.6,16.6,2.8,15.1,28.8,14.18,Antsirabe,-19.867,47.033,1507.0
2025-05-06,17.3,13.0,14.4,7.6,18.6,36.4,6.27,Antsirabe,-19.867,47.033,1507.0
2025-05-07,20.3,13.0,15.5,0.0,17.1,34.2,13.76,Antsirabe,-19.867,47.033,1507.0
2025-05-08,21.9,12.3,16.2,0.0,16.8,34.6,14.63,Antsirabe,-19.867,47.033,1507.0
2025-05-09,23.4,12.6,16.7,4.2,13.8,30.6,14.83,Antsirabe,-19.867,47.033,1507.0
2025-05-10,22.8,14.3,17.6,0.7,18.1,36.7,13.51,Antsirabe,-19.867,47.033,1507.0
2025-05-11,23.2,11.8,17.0,0.5,16.1,33.5,15.21,Antsirabe,-19.867,47.033,1507.0
2025-05-12,23.5,13.8,17.0,5.2,11.5,34.9,15.01,Antsirabe,-19.867,47.033,1507.0
2025-05-13,22.1,11.8,16.2,0.1,15.1,32.8,18.58,Antsirabe,-19.867,47.033,1507.0
2025-05-14,21.0,13.9,16.5,0.6,20.0,40.3,15.69,Antsirabe,-19.867,47.033,1507.0
2025-05-15,18.6,13.4,15.8,1.3,19.9,38.9,7.77,Antsirabe,-19.867,47.033,1507.0
2025-05-16,21.2,11.2,15.8,0.0,21.1,42.5,16.31,Antsirabe,-19.867,47.033,1507.0
2025-05-17,21.7,14.1,17.2,0.4,16.5,34.9,14.22,Antsirabe,-19.867,47.033,1507.0
2025-05-18,22.9,10.6,16.2,0.0,8.8,22.0,18.71,Antsirabe,-19.867,47.033,1507.0
2025-05-19,23.8,10.9,16.4,0.0,7.6,19.4,17.23,Antsirabe,-19.867,47.033,1507.0
2025-05-20,23.1,9.4,16.1,0.0,13.2,23.8,17.29,Antsirabe,-19.867,47.033,1507.0
2025-05-21,22.8,13.7,17.4,0.0,11.1,24.1,17.63,Antsirabe,-19.867,47.033,1507.0
2025-05-22,23.0,11.2,15.7,0.0,13.7,27.7,16.58,Antsirabe,-19.867,47.033,1507.0
2025-05-23,16.7,10.5,13.7,0.2,18.3,36.4,6.95,Antsirabe,-19.867,47.033,1507.0
2025-05-24,21.0,10.3,14.1,0.0,12.2,25.9,18.01,Antsirabe,-19.867,47.033,1507.0
2025-05-25,18.9,8.5,12.6,0.0,16.0,32.0,18.01,Antsirabe,-19.867,47.033,1507.0
2025-05-26,18.4,8.8,13.1,0.2,19.2,38.2,11.43,Antsirabe,-19.867,47.033,1507.0
2025-05-27,20.0,6.4,13.1,0.0,12.1,25.6,19.03,Antsirabe,-19.867,47.033,1507.0
2025-05-28,20.4,9.1,13.7,0.0,10.9,24.8,18.16,Antsirabe,-19.867,47.033,1507.0
2025-05-29,21.2,9.8,14.3,0.0,13.9,28.8,16.84,Antsirabe,-19.867,47.033,1507.0
2025-05-30,20.4,10.8,14.9,0.2,16.1,34.6,17.57,Antsirabe,-19.867,47.033,1507.0
2025-05-31,21.6,9.9,14.3,0.0,10.4,22.3,18.08,Antsirabe,-19.867,47.033,1507.0
2025-06-01,20.2,6.8,12.6,0.0,16.0,31.0,19.2,Antsirabe,-19.867,47.033,1507.0
2025-06-02,23.0,7.1,14.0,0.7,15.9,31.0,17.28,Antsirabe,-19.867,47.033,1507.0
2025-06-03,22.1,10.1,14.8,0.0,11.2,23.0,14.5,Antsirabe,-19.867,47.033,1507.0
2025-06-04,21.5,9.0,14.4,0.0,9.2,21.6,17.24,Antsirabe,-19.867,47.033,1507.0
2025-06-05,20.8,7.1,13.4,0.0,14.2,30.6,18.16,Antsirabe,-19.867,47.033,1507.0
2025-06-06,19.9,11.9,15.0,0.2,22.5,44.6,12.55,Antsirabe,-19.867,47.033,1507.0
2025-06-07,21.8,9.5,14.7,0.0,16.1,31.3,17.84,Antsirabe,-19.867,47.033,1507.0
2025-06-08,21.0,11.4,15.3,0.0,20.4,41.0,15.92,Antsirabe,-19.867,47.033,1507.0
2025-06-09,20.0,8.1,12.9,0.0,17.1,36.4,17.86,Antsirabe,-19.867,47.033,1507.0
2025-06-10,20.3,7.3,12.7,0.0,17.4,37.4,18.39,Antsirabe,-19.867,47.033,1507.0
2025-06-11,20.9,7.3,12.9,0.0,6.9,17.6,18.14,Antsirabe,-19.867,47.033,1507.0
2025-06-12,21.0,7.0,13.1,0.0,10.7,21.6,17.96,Antsirabe,-19.867,47.033,1507.0
2025-06-13,20.0,11.2,14.5,0.1,16.1,32.8,16.36,Antsirabe,-19.867,47.033,1507.0
2025-06-14,17.3,9.3,12.7,0.5,17.6,36.4,12.68,Antsirabe,-19.867,47.033,1507.0
2025-06-15,16.9,7.9,11.3,0.0,24.7,49.7,16.18,Antsirabe,-19.867,47.033,1507.0
2025-06-16,18.7,9.0,12.9,0.0,20.7,43.2,15.06,Antsirabe,-19.867,47.033,1507.0
2025-06-17,19.9,7.1,12.2,0.0,19.8,39.2,16.11,Antsirabe,-19.867,47.033,1507.0
2025-06-18,19.5,6.3,11.7,0.0,12.8,29.5,18.12,Antsirabe,-19.867,47.033,1507.0
2025-06-19,19.6,4.9,11.4,0.0,9.4,16.9,18.1,Antsirabe,-19.867,47.033,1507.0
2025-06-20,20.7,8.8,13.2,0.0,16.1,34.2,17.04,Antsirabe,-19.867,47.033,1507.0
2025-06-21,20.0,6.5,12.0,0.0,17.5,37.1,17.29,Antsirabe,-19.867,47.033,1507.0
2025-06-22,21.1,4.8,12.3,0.0,15.5,29.2,16.67,Antsirabe,-19.867,47.033,1507.0
2025-06-23,20.6,9.8,14.1,0.4,12.6,27.7,15.25,Antsirabe,-19.867,47.033,1507.0
2025-06-24,19.8,10.3,14.5,0.0,10.8,19.8,11.38,Antsirabe,-19.867,47.033,1507.0
2025-06-25,19.2,8.3,13.0,0.0,12.7,25.9,14.4,Antsirabe,-19.867,47.033,1507.0
2025-06-26,19.5,5.6,12.2,0.0,18.2,38.2,13.12,Antsirabe,-19.867,47.033,1507.0
2025-06-27,22.3,8.3,14.4,0.1,17.7,37.8,15.05,Antsirabe,-19.867,47.033,1507.0
2025-06-28,22.7,11.5,15.8,0.5,12.1,26.3,14.65,Antsirabe,-19.867,47.033,1507.0
2025-06-29,21.7,10.1,15.6,1.0,15.5,34.2,16.92,Antsirabe,-19.867,47.033,1507.0
2025-06-30,21.6,6.4,13.8,0.0,16.6,31.7,18.5,Antsirabe,-19.867,47.033,1507.0
2025-07-01,20.2,10.0,14.0,0.0,18.8,40.3,15.66,Antsirabe,-19.867,47.033,1507.0
2025-07-02,17.3,8.6,12.7,0.3,22.0,43.6,13.89,Antsirabe,-19.867,47.033,1507.0
2025-07-03,17.2,8.5,11.9,0.0,19.5,41.8,16.78,Antsirabe,-19.867,47.033,1507.0
2025-07-04,18.2,8.9,12.2,0.0,14.5,32.8,17.06,Antsirabe,-19.867,47.033,1507.0
2025-07-05,18.0,5.6,12.0,0.0,18.1,38.9,16.79,Antsirabe,-19.867,47.033,1507.0
2025-07-06,19.5,7.1,12.7,0.0,17.0,37.8,15.93,Antsirabe,-19.867,47.033,1507.0
2025-07-07,20.6,10.1,14.5,0.4,11.9,27.7,15.09,Antsirabe,-19.867,47.033,1507.0
2025-07-08,18.8,11.0,14.0,1.8,14.8,30.2,10.07,Antsirabe,-19.867,47.033,1507.0
2025-07-09,18.2,11.0,13.6,0.3,16.7,34.6,10.78,Antsirabe,-19.867,47.033,1507.0
2025-07-10,18.4,8.9,13.4,1.0,24.9,50.0,13.5,Antsirabe,-19.867,47.033,1507.0
2025-07-11,18.4,9.3,13.0,0.0,20.9,42.5,12.01,Antsirabe,-19.867,47.033,1507.0
2025-07-12,19.5,8.7,12.9,0.0,17.1,36.0,18.17,Antsirabe,-19.867,47.033,1507.0
2025-07-13,20.9,7.7,13.4,0.0,10.4,20.2,18.53,Antsirabe,-19.867,47.033,1507.0
2025-07-14,21.3,10.3,14.5,0.0,10.6,24.8,17.96,Antsirabe,-19.867,47.033,1507.0
2025-07-15,22.3,9.5,14.4,0.0,10.6,23.8,18.01,Antsirabe,-19.867,47.033,1507.0
2025-07-16,21.0,9.6,14.3,0.0,13.8,25.9,18.24,Antsirabe,-19.867,47.033,1507.0
2025-07-17,20.4,9.4,13.9,0.0,11.4,25.2,17.95,Antsirabe,-19.867,47.033,1507.0
2025-07-18,19.4,9.2,13.4,0.0,12.0,24.8,17.86,Antsirabe,-19.867,47.033,1507.0
2025-07-19,18.7,7.7,12.1,0.0,11.7,26.3,17.29,Antsirabe,-19.867,47.033,1507.0
2025-07-20,18.6,7.8,12.4,0.1,11.4,25.6,15.44,Antsirabe,-19.867,47.033,1507.0
2025-07-21,18.9,7.0,12.2,0.0,12.9,24.5,19.5,Antsirabe,-19.867,47.033,1507.0
2025-07-22,19.0,6.6,12.2,0.0,13.7,32.0,17.64,Antsirabe,-19.867,47.033,1507.0
2025-07-23,18.9,8.5,12.5,0.1,12.2,28.4,13.91,Antsirabe,-19.867,47.033,1507.0
2025-07-24,19.5,6.4,12.5,0.0,14.5,32.4,19.86,Antsirabe,-19.867,47.033,1507.0
2025-07-25,20.5,4.6,12.4,0.0,13.4,31.7,18.05,Antsirabe,-19.867,47.033,1507.0
2025-07-26,21.3,7.4,13.6,0.0,13.8,25.2,19.35,Antsirabe,-19.867,47.033,1507.0
2025-07-27,20.9,7.7,13.1,0.0,10.5,24.1,18.21,Antsirabe,-19.867,47.033,1507.0
2025-07-28,16.0,7.7,11.5,0.8,20.2,41.8,10.54,Antsirabe,-19.867,47.033,1507.0
2025-07-29,15.1,9.4,11.7,0.1,17.7,36.4,7.65,Antsirabe,-19.867,47.033,1507.0
2025-07-30,17.2,10.1,12.7,0.2,17.5,34.9,10.83,Antsirabe,-19.867,47.033,1507.0
2025-07-31,19.3,9.4,12.6,1.1,14.6,31.3,15.99,Antsirabe,-19.867,47.033,1507.0
2025-08-01,19.5,5.9,12.1,0.0,13.4,25.9,15.9,Antsirabe,-19.867,47.033,1507.0
2025-08-02,18.7,5.8,11.3,0.0,13.0,31.7,20.31,Antsirabe,-19.867,47.033,1507.0
2025-08-03,19.9,3.7,11.6,0.0,14.2,27.7,20.56,Antsirabe,-19.867,47.033,1507.0
2025-08-04,18.8,5.4,11.7,0.1,13.3,26.6,19.85,Antsirabe,-19.867,47.033,1507.0
2025-08-05,17.2,3.2,9.8,0.0,18.5,37.8,19.53,Antsirabe,-19.867,47.033,1507.0
2025-08-06,16.9,7.0,10.8,0.1,22.1,45.7,15.83,Antsirabe,-19.867,47.033,1507.0
2025-08-07,19.4,7.4,12.5,0.0,16.4,32.4,17.23,Antsirabe,-19.867,47.033,1507.0
2025-08-08,20.1,6.7,12.7,0.0,12.6,27.7,20.55,Antsirabe,-19.867,47.033,1507.0
2025-08-09,20.5,9.0,13.5,0.1,14.4,32.0,19.63,Antsirabe,-19.867,47.033,1507.0
2025-08-10,21.6,6.9,13.4,0.0,15.9,30.6,19.36,Antsirabe,-19.867,47.033,1507.0
2025-08-11,19.4,6.6,12.3,0.0,12.9,30.6,20.06,Antsirabe,-19.867,47.033,1507.0
2025-08-12,21.1,4.9,12.6,0.3,12.5,27.4,14.43,Antsirabe,-19.867,47.033,1507.0
2025-08-13,21.0,10.4,15.3,1.0,16.7,36.7,14.08,Antsirabe,-19.867,47.033,1507.0
2025-08-14,22.3,11.4,15.4,1.2,18.5,37.1,14.48,Antsirabe,-19.867,47.033,1507.0
2025-08-15,21.6,11.0,15.3,1.1,13.2,31.3,16.91,Antsirabe,-19.867,47.033,1507.0
2025-08-16,20.9,12.1,15.5,1.1,12.9,29.2,15.63,Antsirabe,-19.867,47.033,1507.0
2025-08-17,18.0,10.9,13.3,2.6,20.7,40.0,9.99,Antsirabe,-19.867,47.033,1507.0
2025-08-18,15.2,8.5,11.1,0.6,18.1,37.1,10.59,Antsirabe,-19.867,47.033,1507.0
2025-08-19,18.6,6.7,11.0,0.0,14.6,29.5,13.72,Antsirabe,-19.867,47.033,1507.0
2025-08-20,19.9,7.5,12.9,0.0,18.2,35.6,16.45,Antsirabe,-19.867,47.033,1507.0
2025-08-21,21.1,8.3,14.0,0.0,14.3,30.6,19.12,Antsirabe,-19.867,47.033,1507.0
2025-08-22,23.5,7.3,14.3,0.0,14.3,32.4,22.58,Antsirabe,-19.867,47.033,1507.0
2025-08-23,24.5,6.9,14.5,0.0,13.1,23.4,23.49,Antsirabe,-19.867,47.033,1507.0
2025-08-24,25.6,5.5,14.8,0.0,13.3,23.4,24.0,Antsirabe,-19.867,47.033,1507.0
2025-08-25,26.4,5.3,14.7,0.0,10.5,20.2,24.44,Antsirabe,-19.867,47.033,1507.0
2025-08-26,27.0,5.2,14.7,0.0,11.5,23.8,24.45,Antsirabe,-19.867,47.033,1507.0
2025-08-27,26.6,4.1,14.3,0.0,14.1,32.4,24.7,Antsirabe,-19.867,47.033,1507.0
2025-08-28,26.9,5.3,15.0,0.0,17.0,36.0,24.12,Antsirabe,-19.867,47.033,1507.0
2025-08-29,25.7,5.6,15.1,0.0,14.4,33.8,24.39,Antsirabe,-19.867,47.033,1507.0
2025-08-30,24.7,5.8,14.6,0.0,11.1,20.9,24.1,Antsirabe,-19.867,47.033,1507.0
2025-08-31,25.0,8.4,14.8,0.0,14.7,27.7,24.1,Antsirabe,-19.867,47.033,1507.0
2025-09-01,23.8,7.6,14.0,0.0,14.1,32.4,23.52,Antsirabe,-19.867,47.033,1507.0
2025-09-02,22.5,5.6,13.4,0.0,21.0,45.4,24.75,Antsirabe,-19.867,47.033,1507.0
2025-09-03,24.0,7.3,15.0,0.0,12.4,31.3,24.36,Antsirabe,-19.867,47.033,1507.0
2025-09-04,24.6,7.3,15.5,0.0,13.6,32.0,24.94,Antsirabe,-19.867,47.033,1507.0
2025-09-05,25.9,8.8,16.5,0.0,14.4,29.5,25.01,Antsirabe,-19.867,47.033,1507.0
2025-09-06,25.8,7.2,15.8,0.0,16.5,34.9,25.18,Antsirabe,-19.867,47.033,1507.0
2025-09-07,25.0,7.3,15.5,0.0,19.3,36.4,24.62,Antsirabe,-19.867,47.033,1507.0
2025-09-08,25.0,9.0,15.7,0.0,19.0,36.7,24.76,Antsirabe,-19.867,47.033,1507.0
2025-09-09,24.7,7.3,15.0,0.0,17.5,38.9,25.42,Antsirabe,-19.867,47.033,1507.0
2025-09-10,22.3,6.4,14.0,0.0,21.6,46.8,25.24,Antsirabe,-19.867,47.033,1507.0
2025-09-11,23.4,9.2,15.1,0.0,16.5,37.1,24.85,Antsirabe,-19.867,47.033,1507.0
2025-09-12,24.2,8.4,15.5,0.0,16.8,34.2,25.14,Antsirabe,-19.867,47.033,1507.0
2025-09-13,24.6,9.3,15.5,0.0,16.2,32.4,25.91,Antsirabe,-19.867,47.033,1507.0
2025-09-14,24.9,8.1,15.8,0.0,17.6,35.3,24.08,Antsirabe,-19.867,47.033,1507.0
2025-09-15,25.5,9.0,16.1,0.4,14.6,30.2,19.63,Antsirabe,-19.867,47.033,1507.0
2025-09-16,24.0,11.0,17.7,0.0,9.8,21.6,17.81,Antsirabe,-19.867,47.033,1507.0
2025-09-17,27.4,10.9,18.3,0.4,17.3,32.0,21.76,Antsirabe,-19.867,47.033,1507.0
2025-09-18,28.0,12.1,19.1,0.0,15.7,32.8,23.95,Antsirabe,-19.867,47.033,1507.0
2025-09-19,28.4,10.8,19.1,0.0,15.5,29.5,25.56,Antsirabe,-19.867,47.033,1507.0
2025-09-20,27.0,9.9,18.2,0.0,18.0,37.8,26.29,Antsirabe,-19.867,47.033,1507.0
2025-09-21,23.7,11.3,16.9,0.0,18.9,37.1,19.03,Antsirabe,-19.867,47.033,1507.0
2025-09-22,25.2,12.5,17.1,0.0,17.2,34.9,24.59,Antsirabe,-19.867,47.033,1507.0
2025-09-23,27.1,10.0,16.8,0.0,12.6,31.7,27.15,Antsirabe,-19.867,47.033,1507.0
2025-09-24,28.6,5.5,16.4,0.0,13.7,24.8,28.43,Antsirabe,-19.867,47.033,1507.0
2025-09-25,27.5,10.3,18.5,0.0,14.5,33.1,27.58,Antsirabe,-19.867,47.033,1507.0
2025-09-26,26.4,9.6,17.4,1.1,19.6,43.9,21.65,Antsirabe,-19.867,47.033,1507.0
2025-09-27,25.3,12.5,17.3,0.1,17.4,35.6,21.55,Antsirabe,-19.867,47.033,1507.0
2025-09-28,24.5,13.1,17.4,0.8,15.8,34.9,18.94,Antsirabe,-19.867,47.033,1507.0
2025-09-29,25.8,12.0,17.9,0.2,17.0,35.6,22.54,Antsirabe,-19.867,47.033,1507.0
2025-09-30,27.0,12.6,18.3,0.3,15.0,32.8,19.62,Antsirabe,-19.867,47.033,1507.0
2025-10-01,23.5,13.9,18.3,0.7,17.5,38.2,19.79,Antsirabe,-19.867,47.033,1507.0
2025-10-02,22.8,11.9,16.6,6.4,23.8,47.2,21.78,Antsirabe,-19.867,47.033,1507.0
2025-10-03,21.1,9.0,14.1,13.1,13.1,31.3,16.61,Antsirabe,-19.867,47.033,1507.0
2025-10-04,26.0,10.7,16.9,0.4,13.8,33.1,22.08,Antsirabe,-19.867,47.033,1507.0
2025-10-05,20.6,11.1,15.4,0.1,18.3,38.2,15.19,Antsirabe,-19.867,47.033,1507.0
2025-10-06,24.1,9.7,15.3,1.2,14.9,32.0,20.33,Antsirabe,-19.867,47.033,1507.0
2025-10-07,25.6,10.6,17.3,0.0,17.8,38.9,25.07,Antsirabe,-19.867,47.033,1507.0
2025-10-08,25.9,8.8,16.8,0.0,17.0,34.6,27.94,Antsirabe,-19.867,47.033,1507.0
2025-10-09,27.2,9.8,17.4,0.0,20.5,41.4,27.85,Antsirabe,-19.867,47.033,1507.0
2025-10-10,26.9,11.9,17.9,0.2,16.2,34.9,21.93,Antsirabe,-19.867,47.033,1507.0
2025-10-11,23.7,13.9,17.2,7.7,13.9,29.2,18.89,Antsirabe,-19.867,47.033,1507.0
2025-10-12,26.8,13.5,18.8,0.0,14.9,32.4,24.64,Antsirabe,-19.867,47.033,1507.0
2025-10-13,27.2,11.5,18.1,0.0,14.4,27.4,26.38,Antsirabe,-19.867,47.033,1507.0
2025-10-14,26.1,8.0,16.8,0.0,16.7,36.4,29.85,Antsirabe,-19.867,47.033,1507.0
2025-10-15,26.9,8.9,17.1,0.0,20.3,38.9,29.36,Antsirabe,-19.867,47.033,1507.0
2025-10-16,26.8,8.7,17.9,0.0,13.2,28.8,25.64,Antsirabe,-19.867,47.033,1507.0
2025-10-17,25.5,12.5,18.4,0.6,15.2,34.6,24.98,Antsirabe,-19.867,47.033,1507.0
2025-10-18,25.5,13.8,18.7,0.4,17.1,37.8,24.05,Antsirabe,-19.867,47.033,1507.0
2025-10-19,25.0,13.8,18.2,0.4,17.8,36.7,23.21,Antsirabe,-19.867,47.033,1507.0
2025-10-20,23.5,11.5,17.5,1.1,13.6,28.4,20.3,Antsirabe,-19.867,47.033,1507.0
2025-10-21,26.6,12.7,19.0,0.0,16.6,35.3,26.02,Antsirabe,-19.867,47.033,1507.0
2025-10-22,26.6,11.0,18.3,0.3,18.6,36.4,26.35,Antsirabe,-19.867,47.033,1507.0
2025-10-23,24.8,13.7,18.2,0.5,17.3,37.4,22.04,Antsirabe,-19.867,47.033,1507.0
2025-10-24,26.4,14.1,18.9,0.0,15.1,34.9,25.41,Antsirabe,-19.867,47.033,1507.0
2025-10-25,27.4,13.1,19.1,0.0,18.4,36.7,27.75,Antsirabe,-19.867,47.033,1507.0
2025-10-26,28.6,13.4,19.5,0.0,14.2,32.0,28.7,Antsirabe,-19.867,47.033,1507.0
2025-10-27,27.1,12.5,18.6,0.0,15.8,33.1,29.65,Antsirabe,-19.867,47.033,1507.0
2025-10-28,28.8,11.6,19.2,0.0,17.9,34.6,29.04,Antsirabe,-19.867,47.033,1507.0
2025-10-29,27.6,11.0,18.9,0.0,15.9,31.0,29.2,Antsirabe,-19.867,47.033,1507.0
2025-10-30,28.9,11.9,20.1,0.0,16.5,33.8,26.33,Antsirabe,-19.867,47.033,1507.0
2025-10-31,27.4,13.4,19.1,0.0,18.5,38.5,26.85,Antsirabe,-19.867,47.033,1507.0
2025-11-01,26.4,13.1,18.8,0.0,17.5,36.7,28.09,Antsirabe,-19.867,47.033,1507.0
2025-11-02,27.7,13.4,18.5,2.2,15.4,36.7,25.05,Antsirabe,-19.867,47.033,1507.0
2025-11-03,27.9,13.6,20.0,0.2,18.9,38.2,26.42,Antsirabe,-19.867,47.033,1507.0
2025-11-04,27.9,12.7,19.6,0.1,15.7,31.0,25.34,Antsirabe,-19.867,47.033,1507.0
2025-11-05,25.2,14.0,18.0,18.0,16.3,36.0,21.64,Antsirabe,-19.867,47.033,1507.0
2025-11-06,25.6,13.0,17.6,10.6,17.5,40.3,24.12,Antsirabe,-19.867,47.033,1507.0
2025-11-07,26.1,12.4,18.1,0.4,16.5,37.1,26.23,Antsirabe,-19.867,47.033,1507.0
2025-11-08,24.4,11.2,16.4,5.5,11.6,34.9,22.18,Antsirabe,-19.867,47.033,1507.0
2025-11-09,24.2,11.7,16.7,2.4,17.2,36.0,21.88,Antsirabe,-19.867,47.033,1507.0
2025-11-10,24.5,13.1,17.1,4.0,13.0,28.4,24.31,Antsirabe,-19.867,47.033,1507.0
2025-11-11,24.2,13.3,17.0,1.9,22.9,47.9,22.67,Antsirabe,-19.867,47.033,1507.0
2025-11-12,25.3,12.2,17.4,4.7,16.1,35.3,23.57,Antsirabe,-19.867,47.033,1507.0
2025-11-13,24.2,11.4,17.6,2.2,17.8,37.1,25.28,Antsirabe,-19.867,47.033,1507.0
2025-11-14,25.6,13.6,19.1,0.1,20.3,43.2,27.07,Antsirabe,-19.867,47.033,1507.0
2025-11-15,26.3,14.4,19.6,1.0,16.9,36.4,26.39,Antsirabe,-19.867,47.033,1507.0
2025-11-16,25.1,15.4,19.1,4.2,17.5,38.2,22.27,Antsirabe,-19.867,47.033,1507.0
2025-11-17,25.3,14.4,18.0,14.6,15.3,40.0,18.22,Antsirabe,-19.867,47.033,1507.0
2025-11-18,25.0,14.1,19.0,1.2,18.5,39.2,25.84,Antsirabe,-19.867,47.033,1507.0
2025-11-19,25.0,12.4,18.0,0.3,23.2,50.4,28.76,Antsirabe,-19.867,47.033,1507.0
2025-11-20,22.6,14.5,17.6,5.6,21.3,43.9,22.36,Antsirabe,-19.867,47.033,1507.0
2025-11-21,22.5,15.0,17.6,28.8,20.3,40.7,17.18,Antsirabe,-19.867,47.033,1507.0
2025-11-22,23.9,14.0,18.2,0.4,20.2,43.9,28.83,Antsirabe,-19.867,47.033,1507.0
2025-11-23,25.8,12.3,18.3,5.5,20.1,43.2,25.33,Antsirabe,-19.867,47.033,1507.0
2025-11-24,25.1,13.9,18.2,16.4,19.2,41.0,25.15,Antsirabe,-19.867,47.033,1507.0
2025-11-25,26.3,13.1,18.6,3.8,13.4,34.9,21.35,Antsirabe,-19.867,47.033,1507.0
2025-11-26,25.9,13.1,18.4,8.0,15.8,39.6,23.64,Antsirabe,-19.867,47.033,1507.0
2025-11-27,25.9,13.7,19.2,4.0,17.4,34.6,23.67,Antsirabe,-19.867,47.033,1507.0
2025-11-28,25.8,14.1,19.6,0.0,19.7,40.7,27.35,Antsirabe,-19.867,47.033,1507.0
2025-11-29,25.6,14.0,19.0,1.7,13.0,32.0,24.77,Antsirabe,-19.867,47.033,1507.0
2025-11-30,24.6,14.5,18.4,14.6,20.5,41.0,22.44,Antsirabe,-19.867,47.033,1507.0
2025-12-01,25.5,14.2,18.3,8.5,18.0,39.2,20.42,Antsirabe,-19.867,47.033,1507.0
2025-12-02,23.9,15.4,18.4,20.4,18.2,36.7,20.16,Antsirabe,-19.867,47.033,1507.0
2025-12-03,24.2,15.2,18.1,15.1,9.3,32.0,19.76,Antsirabe,-19.867,47.033,1507.0
2025-12-04,24.8,15.4,18.7,18.7,18.9,38.5,23.7,Antsirabe,-19.867,47.033,1507.0
2025-12-05,24.8,14.1,18.3,2.1,15.0,32.4,26.85,Antsirabe,-19.867,47.033,1507.0
2025-12-06,25.2,13.7,18.6,0.5,15.0,33.1,23.57,Antsirabe,-19.867,47.033,1507.0
2025-12-07,24.5,13.1,17.4,15.5,15.5,38.5,22.4,Antsirabe,-19.867,47.033,1507.0
2025-12-08,24.3,13.9,17.4,2.6,17.8,36.4,19.26,Antsirabe,-19.867,47.033,1507.0
2025-12-09,23.2,13.8,17.4,9.9,15.7,34.6,19.73,Antsirabe,-19.867,47.033,1507.0
2025-12-10,23.7,13.0,18.2,1.1,16.7,36.4,25.34,Antsirabe,-19.867,47.033,1507.0
2025-12-11,24.8,11.5,18.2,1.3,13.6,31.7,26.84,Antsirabe,-19.867,47.033,1507.0
2025-12-12,22.9,14.4,17.4,14.4,15.0,33.5,19.02,Antsirabe,-19.867,47.033,1507.0
2025-12-13,21.9,14.7,17.5,4.1,18.3,38.2,18.61,Antsirabe,-19.867,47.033,1507.0
2025-12-14,22.5,14.0,17.6,8.0,20.3,41.4,21.66,Antsirabe,-19.867,47.033,1507.0
2025-12-15,24.2,15.4,18.7,3.3,22.2,45.0,27.17,Antsirabe,-19.867,47.033,1507.0
2025-12-16,22.8,14.0,17.9,5.4,23.0,47.5,19.65,Antsirabe,-19.867,47.033,1507.0
2025-12-17,22.1,16.0,17.8,1.1,20.3,41.0,13.42,Antsirabe,-19.867,47.033,1507.0
2025-12-18,23.1,15.2,17.9,7.4,13.2,29.5,12.95,Antsirabe,-19.867,47.033,1507.0
2025-12-19,24.4,13.8,18.4,1.7,18.8,38.9,25.71,Antsirabe,-19.867,47.033,1507.0
2025-12-20,20.9,12.7,16.6,10.0,13.6,28.8,13.2,Antsirabe,-19.867,47.033,1507.0
2025-12-21,22.5,13.3,17.1,23.2,13.9,33.1,21.74,Antsirabe,-19.867,47.033,1507.0
2025-12-22,25.0,14.0,18.1,16.6,13.7,35.6,21.54,Antsirabe,-19.867,47.033,1507.0
2025-12-23,23.1,15.5,18.0,24.8,17.4,37.4,16.79,Antsirabe,-19.867,47.033,1507.0
2025-12-24,22.0,15.8,17.5,33.4,9.7,20.2,12.82,Antsirabe,-19.867,47.033,1507.0
2025-12-25,22.8,14.7,17.5,38.7,9.3,23.0,14.34,Antsirabe,-19.867,47.033,1507.0
2025-12-26,22.3,16.3,17.7,14.8,14.7,32.8,9.81,Antsirabe,-19.867,47.033,1507.0
2025-12-27,21.6,15.8,18.1,9.6,26.9,51.1,13.35,Antsirabe,-19.867,47.033,1507.0
2025-12-28,23.1,16.4,19.2,2.1,22.1,46.1,23.18,Antsirabe,-19.867,47.033,1507.0
2025-12-29,24.5,16.0,18.7,23.6,15.9,51.1,19.23,Antsirabe,-19.867,47.033,1507.0
2025-12-30,25.1,14.6,19.1,0.4,16.0,33.8,30.14,Antsirabe,-19.867,47.033,1507.0
2025-12-31,25.2,14.0,18.8,0.8,18.5,38.9,29.03,Antsirabe,-19.867,47.033,1507.0
2026-01-01,23.6,14.1,17.9,3.8,23.5,48.2,24.71,Antsirabe,-19.867,47.033,1507.0
2026-01-02,23.5,13.9,18.0,11.3,16.9,36.0,24.97,Antsirabe,-19.867,47.033,1507.0
2026-01-03,24.5,15.2,18.2,15.3,11.4,27.4,18.25,Antsirabe,-19.867,47.033,1507.0
2026-01-04,22.3,15.5,18.0,27.7,12.7,28.4,14.61,Antsirabe,-19.867,47.033,1507.0
2026-01-05,23.0,15.6,18.7,23.6,16.5,37.4,21.59,Antsirabe,-19.867,47.033,1507.0
2026-01-06,26.1,15.6,19.0,9.4,9.9,34.6,19.63,Antsirabe,-19.867,47.033,1507.0
2026-01-07,26.4,16.2,19.5,5.9,12.9,37.1,20.87,Antsirabe,-19.867,47.033,1507.0
2026-01-08,26.2,16.0,20.3,1.3,13.6,30.6,25.5,Antsirabe,-19.867,47.033,1507.0
2026-01-09,26.0,16.0,20.5,1.0,13.3,27.4,26.36,Antsirabe,-19.867,47.033,1507.0
2026-01-10,26.2,14.5,19.8,0.2,15.9,32.4,28.01,Antsirabe,-19.867,47.033,1507.0
2026-01-11,25.1,12.9,19.1,0.1,23.0,46.1,25.16,Antsirabe,-19.867,47.033,1507.0
2026-01-12,25.0,12.7,18.3,12.8,14.4,32.4,24.58,Antsirabe,-19.867,47.033,1507.0
2026-01-13,24.1,15.0,18.3,8.1,15.6,32.0,20.88,Antsirabe,-19.867,47.033,1507.0
2026-01-14,24.1,13.1,17.2,7.4,12.6,29.9,21.59,Antsirabe,-19.867,47.033,1507.0
2026-01-15,23.8,15.0,17.6,14.1,16.1,32.0,18.0,Antsirabe,-19.867,47.033,1507.0
2026-01-16,23.9,15.6,18.3,15.8,11.9,30.2,19.79,Antsirabe,-19.867,47.033,1507.0
2026-01-17,23.4,16.4,18.1,32.4,8.7,21.6,15.1,Antsirabe,-19.867,47.033,1507.0
2026-01-18,22.9,15.9,18.3,38.9,14.5,29.2,16.3,Antsirabe,-19.867,47.033,1507.0
2026-01-19,24.5,15.9,19.5,2.4,14.3,28.4,26.16,Antsirabe,-19.867,47.033,1507.0
2026-01-20,26.0,14.3,19.5,0.2,16.0,32.0,30.7,Antsirabe,-19.867,47.033,1507.0
2026-01-21,22.8,16.6,18.6,10.8,18.2,38.2,16.59,Antsirabe,-19.867,47.033,1507.0
2026-01-22,24.8,16.2,19.2,16.5,11.0,30.2,21.61,Antsirabe,-19.867,47.033,1507.0
2026-01-23,24.1,16.2,18.7,10.4,14.7,37.4,20.46,Antsirabe,-19.867,47.033,1507.0
2026-01-24,25.2,16.3,19.2,31.9,14.6,27.7,19.91,Antsirabe,-19.867,47.033,1507.0
2026-01-25,25.4,16.7,19.6,9.6,11.2,24.8,21.67,Antsirabe,-19.867,47.033,1507.0
2026-01-26,25.1,16.5,19.2,10.0,12.7,26.3,16.61,Antsirabe,-19.867,47.033,1507.0
2026-01-27,24.6,15.7,19.3,3.3,20.9,40.3,22.54,Antsirabe,-19.867,47.033,1507.0
2026-01-28,25.3,15.6,19.4,0.1,12.7,30.6,25.23,Antsirabe,-19.867,47.033,1507.0
2026-01-29,26.1,14.9,19.1,3.1,15.5,32.0,26.47,Antsirabe,-19.867,47.033,1507.0
2026-01-30,24.9,15.3,18.3,21.9,8.5,32.8,19.03,Antsirabe,-19.867,47.033,1507.0
2026-01-31,18.4,15.3,16.9,31.6,16.5,33.1,6.76,Antsirabe,-19.867,47.033,1507.0
2026-02-01,20.8,15.2,17.0,35.2,19.3,41.0,11.88,Antsirabe,-19.867,47.033,1507.0
2026-02-02,23.3,14.4,17.6,9.6,19.5,42.1,21.49,Antsirabe,-19.867,47.033,1507.0
2026-02-03,24.0,15.1,18.1,23.1,18.9,39.6,22.05,Antsirabe,-19.867,47.033,1507.0
2026-02-04,25.9,15.2,18.8,9.1,12.2,27.0,21.79,Antsirabe,-19.867,47.033,1507.0
2026-02-05,25.8,16.6,20.2,0.6,14.7,32.4,27.73,Antsirabe,-19.867,47.033,1507.0
2026-02-06,26.5,15.0,19.9,1.1,11.5,25.9,27.17,Antsirabe,-19.867,47.033,1507.0
2026-02-07,25.4,14.8,19.9,0.0,12.2,25.9,23.86,Antsirabe,-19.867,47.033,1507.0
2026-02-08,26.1,15.4,19.8,0.0,14.5,30.6,26.52,Antsirabe,-19.867,47.033,1507.0
2026-02-09,26.5,12.1,18.4,0.0,16.7,32.4,31.87,Antsirabe,-19.867,47.033,1507.0
2026-02-10,24.4,9.6,17.0,5.1,15.2,34.6,19.78,Antsirabe,-19.867,47.033,1507.0
2026-02-11,20.3,15.4,17.6,12.8,31.6,63.7,9.51,Antsirabe,-19.867,47.033,1507.0
2026-02-12,25.2,12.6,18.7,0.4,15.6,33.8,28.14,Antsirabe,-19.867,47.033,1507.0
2026-02-13,25.4,15.7,19.5,1.0,20.4,41.0,26.99,Antsirabe,-19.867,47.033,1507.0
2026-02-14,25.3,13.9,19.1,0.0,12.4,23.8,27.65,Antsirabe,-19.867,47.033,1507.0
2026-02-15,25.3,13.7,19.0,0.3,14.1,25.2,28.63,Antsirabe,-19.867,47.033,1507.0
2026-02-16,23.7,14.1,18.0,6.9,12.4,29.5,24.75,Antsirabe,-19.867,47.033,1507.0
2026-02-17,24.6,14.1,18.7,2.9,11.0,26.3,22.5,Antsirabe,-19.867,47.033,1507.0
2026-02-18,26.5,15.8,19.8,4.0,15.1,32.4,22.55,Antsirabe,-19.867,47.033,1507.0
2026-02-19,26.3,15.6,19.9,2.4,10.0,22.7,27.06,Antsirabe,-19.867,47.033,1507.0
2026-02-20,26.4,14.1,19.1,3.0,10.8,27.4,27.19,Antsirabe,-19.867,47.033,1507.0
2026-02-21,24.9,14.2,18.2,0.3,16.1,35.6,23.98,Antsirabe,-19.867,47.033,1507.0
2026-02-22,24.7,14.8,18.4,4.3,14.4,31.7,23.52,Antsirabe,-19.867,47.033,1507.0
2026-02-23,23.6,14.0,17.8,4.7,14.5,36.0,22.55,Antsirabe,-19.867,47.033,1507.0
2026-02-24,25.1,13.1,18.0,9.2,15.5,33.8,20.75,Antsirabe,-19.867,47.033,1507.0
2026-02-25,25.2,15.0,18.8,13.4,12.2,28.4,19.29,Antsirabe,-19.867,47.033,1507.0
2026-02-26,25.2,15.1,18.7,28.3,9.7,23.0,17.72,Antsirabe,-19.867,47.033,1507.0
2026-02-27,23.8,15.8,18.1,16.2,15.9,32.8,13.08,Antsirabe,-19.867,47.033,1507.0
2026-02-28,25.5,14.8,18.8,19.5,12.7,25.9,19.21,Antsirabe,-19.867,47.033,1507.0
2026-03-01,25.3,15.8,19.4,2.4,14.2,28.4,22.96,Antsirabe,-19.867,47.033,1507.0
2026-03-02,26.1,13.9,19.2,0.0,14.2,31.3,28.45,Antsirabe,-19.867,47.033,1507.0
2026-03-03,25.7,15.9,19.5,0.6,18.4,36.4,25.85,Antsirabe,-19.867,47.033,1507.0
2026-03-04,25.4,13.8,19.0,0.0,17.1,36.4,26.78,Antsirabe,-19.867,47.033,1507.0
2026-03-05,25.2,14.5,18.9,0.0,12.4,24.1,26.16,Antsirabe,-19.867,47.033,1507.0
2026-03-06,23.8,13.7,18.3,0.0,16.3,33.1,21.83,Antsirabe,-19.867,47.033,1507.0
2026-03-07,23.0,11.1,17.0,6.7,12.5,29.9,21.54,Antsirabe,-19.867,47.033,1507.0
2026-03-08,24.1,12.2,17.8,4.0,13.5,32.0,17.13,Antsirabe,-19.867,47.033,1507.0
2026-03-09,23.0,14.7,18.3,1.2,23.3,46.1,18.84,Antsirabe,-19.867,47.033,1507.0
2026-03-10,23.5,14.6,18.0,0.1,24.1,46.8,20.52,Antsirabe,-19.867,47.033,1507.0
2026-03-11,23.9,13.5,17.8,3.0,21.6,41.8,20.05,Antsirabe,-19.867,47.033,1507.0
2026-03-12,23.4,11.9,17.5,1.6,18.6,38.9,21.81,Antsirabe,-19.867,47.033,1507.0
2026-03-13,23.5,11.6,17.6,0.9,17.5,36.0,22.95,Antsirabe,-19.867,47.033,1507.0
2026-03-14,24.5,11.7,18.1,0.0,10.7,21.6,26.58,Antsirabe,-19.867,47.033,1507.0
2026-03-15,25.5,12.9,18.7,0.0,12.9,25.6,24.19,Antsirabe,-19.867,47.033,1507.0
2026-03-16,25.7,13.7,18.8,0.5,11.0,19.4,26.16,Antsirabe,-19.867,47.033,1507.0
2026-03-17,25.4,13.2,19.1,1.4,9.8,23.0,25.35,Antsirabe,-19.867,47.033,1507.0
2026-03-18,25.1,14.0,19.0,2.4,11.6,24.8,22.54,Antsirabe,-19.867,47.033,1507.0
2026-03-19,25.1,13.5,19.1,2.1,12.9,27.7,22.68,Antsirabe,-19.867,47.033,1507.0
2026-03-20,25.2,14.8,19.3,0.1,11.6,27.0,24.36,Antsirabe,-19.867,47.033,1507.0
2026-03-21,25.5,15.0,19.2,0.5,15.4,36.4,24.03,Antsirabe,-19.867,47.033,1507.0
2026-03-22,24.2,15.7,18.6,2.6,18.4,39.6,20.12,Antsirabe,-19.867,47.033,1507.0
2026-03-23,25.2,15.2,19.1,0.2,16.8,34.9,24.38,Antsirabe,-19.867,47.033,1507.0
2026-03-24,25.3,12.8,18.6,0.0,12.4,30.2,24.64,Antsirabe,-19.867,47.033,1507.0
2026-03-25,25.5,14.8,19.2,0.6,14.7,33.8,24.1,Antsirabe,-19.867,47.033,1507.0
2026-03-26,25.7,13.7,19.1,0.6,11.8,26.3,22.76,Antsirabe,-19.867,47.033,1507.0
2026-03-27,25.6,14.5,18.7,2.1,14.8,34.6,22.41,Antsirabe,-19.867,47.033,1507.0
2026-03-28,25.2,15.1,19.1,2.1,11.1,24.8,21.87,Antsirabe,-19.867,47.033,1507.0
2026-03-29,24.3,15.1,18.7,0.9,13.5,29.2,21.91,Antsirabe,-19.867,47.033,1507.0
2026-03-30,25.2,14.1,18.1,6.8,11.6,30.2,19.98,Antsirabe,-19.867,47.033,1507.0
2026-03-31,24.1,13.9,17.6,5.5,12.9,29.5,17.85,Antsirabe,-19.867,47.033,1507.0
2026-04-01,23.4,12.9,16.5,8.4,13.9,32.8,17.65,Antsirabe,-19.867,47.033,1507.0
2026-04-02,23.9,13.3,17.7,1.0,12.6,28.8,20.53,Antsirabe,-19.867,47.033,1507.0
2026-04-03,22.9,14.3,17.6,1.5,14.5,28.4,17.37,Antsirabe,-19.867,47.033,1507.0
2026-04-04,22.2,13.7,17.5,1.9,13.6,28.8,18.68,Antsirabe,-19.867,47.033,1507.0
2026-04-05,23.7,12.4,17.3,0.7,15.6,33.5,20.36,Antsirabe,-19.867,47.033,1507.0
2026-04-06,24.8,14.6,18.5,0.2,12.9,25.9,19.58,Antsirabe,-19.867,47.033,1507.0
2026-04-07,25.3,14.8,19.1,0.0,13.0,26.3,21.38,Antsirabe,-19.867,47.033,1507.0
2026-04-08,23.8,11.9,17.3,0.0,16.7,33.8,22.8,Antsirabe,-19.867,47.033,1507.0
2026-04-09,23.0,11.5,16.5,0.0,17.7,37.8,20.79,Antsirabe,-19.867,47.033,1507.0
2026-04-10,22.6,11.5,17.2,0.5,20.5,41.8,15.92,Antsirabe,-19.867,47.033,1507.0
2026-04-11,22.9,13.9,17.9,1.7,14.7,31.7,15.35,Antsirabe,-19.867,47.033,1507.0
2026-04-12,25.5,13.5,18.7,0.5,11.6,23.4,22.56,Antsirabe,-19.867,47.033,1507.0
2026-04-13,26.1,11.9,18.3,0.0,18.0,32.0,21.93,Antsirabe,-19.867,47.033,1507.0
2026-04-14,26.0,13.4,19.0,0.0,11.3,24.1,22.27,Antsirabe,-19.867,47.033,1507.0
2026-04-15,25.1,12.4,18.4,0.1,13.7,28.1,21.4,Antsirabe,-19.867,47.033,1507.0
2026-04-16,24.3,13.2,17.8,0.8,13.3,33.1,20.1,Antsirabe,-19.867,47.033,1507.0
2026-04-17,25.2,11.9,17.8,0.0,12.8,32.0,21.39,Antsirabe,-19.867,47.033,1507.0
2026-04-18,25.2,13.6,18.4,1.7,10.2,25.9,19.85,Antsirabe,-19.867,47.033,1507.0
2026-04-19,25.7,14.3,18.8,0.0,14.3,32.4,21.96,Antsirabe,-19.867,47.033,1507.0
2026-04-20,25.3,13.2,18.1,0.0,13.4,29.2,20.91,Antsirabe,-19.867,47.033,1507.0
2026-04-21,23.9,12.0,17.0,0.0,15.1,34.9,22.91,Antsirabe,-19.867,47.033,1507.0
2026-04-22,24.2,11.4,17.5,0.8,20.6,40.7,15.33,Antsirabe,-19.867,47.033,1507.0
2026-04-23,25.6,13.4,18.1,0.0,13.7,31.3,21.09,Antsirabe,-19.867,47.033,1507.0
2026-04-24,23.9,10.4,17.2,1.4,15.5,33.8,17.34,Antsirabe,-19.867,47.033,1507.0
2026-04-25,25.8,13.8,18.2,0.0,13.0,26.6,19.63,Antsirabe,-19.867,47.033,1507.0
2026-04-26,25.4,10.9,18.0,0.0,13.8,27.0,21.31,Antsirabe,-19.867,47.033,1507.0
2026-04-27,25.5,11.9,18.1,0.0,11.4,26.3,21.83,Antsirabe,-19.867,47.033,1507.0
2026-04-28,25.7,11.5,18.0,0.0,7.9,19.1,21.4,Antsirabe,-19.867,47.033,1507.0
2026-04-29,25.7,11.4,18.0,0.0,11.2,24.1,21.97,Antsirabe,-19.867,47.033,1507.0
2026-04-30,23.7,13.7,18.1,0.0,15.8,34.2,12.88,Antsirabe,-19.867,47.033,1507.0
2026-05-01,24.7,15.7,19.4,0.0,16.2,35.3,18.48,Antsirabe,-19.867,47.033,1507.0
2026-05-02,25.7,13.4,18.7,0.0,9.5,23.8,20.99,Antsirabe,-19.867,47.033,1507.0
2026-05-03,26.3,11.1,17.6,0.0,10.6,23.4,21.29,Antsirabe,-19.867,47.033,1507.0
2026-05-04,25.3,8.8,16.7,0.0,13.3,25.2,21.33,Antsirabe,-19.867,47.033,1507.0
2026-05-05,23.8,12.4,17.4,0.0,10.7,25.9,19.34,Antsirabe,-19.867,47.033,1507.0
2026-05-06,25.1,12.5,17.5,0.0,9.4,20.2,20.41,Antsirabe,-19.867,47.033,1507.0
2026-05-07,23.2,9.4,15.7,0.0,16.5,37.1,21.14,Antsirabe,-19.867,47.033,1507.0
2026-05-08,24.6,10.7,16.5,0.0,13.3,31.0,20.28,Antsirabe,-19.867,47.033,1507.0
2026-05-09,24.3,11.6,16.7,0.0,13.1,27.4,20.28,Antsirabe,-19.867,47.033,1507.0
2026-05-10,23.2,9.2,15.5,0.0,14.5,32.0,20.73,Antsirabe,-19.867,47.033,1507.0
2026-05-11,24.8,11.5,17.4,0.0,13.2,30.6,17.64,Antsirabe,-19.867,47.033,1507.0
2026-05-12,24.8,13.2,17.6,0.0,11.3,26.6,19.48,Antsirabe,-19.867,47.033,1507.0
2026-05-13,23.1,11.3,15.9,0.0,13.6,30.2,20.04,Antsirabe,-19.867,47.033,1507.0
2026-05-14,23.5,10.5,15.8,0.0,13.8,30.2,18.51,Antsirabe,-19.867,47.033,1507.0
2026-05-15,22.1,7.8,14.1,0.0,12.2,27.7,19.01,Antsirabe,-19.867,47.033,1507.0
2026-05-16,22.3,7.6,14.8,0.0,9.2,24.1,19.58,Antsirabe,-19.867,47.033,1507.0
2026-05-17,21.6,11.0,15.7,1.0,10.7,23.8,15.79,Antsirabe,-19.867,47.033,1507.0
2026-05-18,22.7,11.7,16.1,0.3,11.2,24.5,16.89,Antsirabe,-19.867,47.033,1507.0
2026-05-19,22.3,10.5,15.8,0.0,11.9,27.4,16.97,Antsirabe,-19.867,47.033,1507.0
2026-05-20,22.0,10.8,15.3,0.0,9.6,21.2,17.34,Antsirabe,-19.867,47.033,1507.0
2026-05-21,21.6,11.8,15.6,0.0,11.1,20.2,18.21,Antsirabe,-19.867,47.033,1507.0
2026-05-22,21.0,11.1,15.4,0.0,13.6,25.9,17.66,Antsirabe,-19.867,47.033,1507.0
2026-05-23,21.8,8.9,14.4,0.0,10.7,22.3,18.63,Antsirabe,-19.867,47.033,1507.0
2026-05-24,22.4,10.0,15.6,0.0,8.7,19.1,17.29,Antsirabe,-19.867,47.033,1507.0
2026-05-25,22.6,11.7,16.6,0.0,8.2,22.0,16.83,Antsirabe,-19.867,47.033,1507.0
2026-05-26,21.5,11.6,16.0,0.0,8.0,19.1,15.16,Antsirabe,-19.867,47.033,1507.0
2026-05-27,21.0,11.8,15.6,0.4,12.1,24.5,14.61,Antsirabe,-19.867,47.033,1507.0
2026-05-28,22.0,12.5,16.2,1.2,9.0,17.3,15.69,Antsirabe,-19.867,47.033,1507.0
2026-05-29,22.3,11.0,16.1,0.0,11.6,20.5,15.49,Antsirabe,-19.867,47.033,1507.0
2026-05-30,22.4,12.1,16.2,0.1,14.0,31.0,15.29,Antsirabe,-19.867,47.033,1507.0
2026-05-31,22.3,12.7,16.4,0.0,11.4,22.0,15.61,Antsirabe,-19.867,47.033,1507.0
2026-06-01,21.6,12.9,16.0,1.9,11.0,24.1,15.94,Antsirabe,-19.867,47.033,1507.0
2026-06-02,21.2,11.4,15.1,0.6,13.2,30.2,16.21,Antsirabe,-19.867,47.033,1507.0
2026-06-03,21.1,9.0,14.5,0.0,17.1,36.7,16.44,Antsirabe,-19.867,47.033,1507.0
2026-06-04,22.0,7.5,14.3,0.0,15.1,32.0,15.67,Antsirabe,-19.867,47.033,1507.0
2026-06-05,21.1,11.0,15.6,0.2,10.9,26.3,14.73,Antsirabe,-19.867,47.033,1507.0
2026-06-06,21.3,12.7,16.1,0.6,11.0,24.5,14.8,Antsirabe,-19.867,47.033,1507.0
2026-06-07,20.5,12.4,15.4,1.9,13.4,28.8,14.26,Antsirabe,-19.867,47.033,1507.0
2026-06-08,18.4,10.2,13.1,15.6,22.4,45.0,13.85,Antsirabe,-19.867,47.033,1507.0
2026-06-09,15.9,8.2,11.9,0.0,22.9,47.2,13.57,Antsirabe,-19.867,47.033,1507.0
2026-06-10,20.9,5.7,12.3,0.0,11.8,27.0,18.19,Antsirabe,-19.867,47.033,1507.0
2026-06-11,20.2,6.5,12.2,0.0,16.8,36.0,18.31,Antsirabe,-19.867,47.033,1507.0
2026-06-12,20.4,4.5,11.6,0.0,14.6,32.0,18.59,Antsirabe,-19.867,47.033,1507.0
2026-06-13,20.8,6.6,12.8,0.0,9.4,17.6,17.42,Antsirabe,-19.867,47.033,1507.0
2026-06-14,21.6,10.3,14.6,0.0,11.1,23.8,16.82,Antsirabe,-19.867,47.033,1507.0
2026-06-15,22.3,11.2,15.5,0.0,13.4,29.9,14.65,Antsirabe,-19.867,47.033,1507.0
2026-06-16,21.8,8.3,14.7,0.0,11.2,25.2,17.72,Antsirabe,-19.867,47.033,1507.0
2026-06-17,21.9,6.8,13.3,0.0,10.8,20.9,17.91,Antsirabe,-19.867,47.033,1507.0
2026-06-18,21.4,6.4,12.5,0.0,9.7,20.2,18.19,Antsirabe,-19.867,47.033,1507.0
2026-06-19,21.0,6.4,12.0,0.0,13.8,30.2,18.01,Antsirabe,-19.867,47.033,1507.0
2026-06-20,19.6,5.6,12.2,0.0,11.8,28.4,18.31,Antsirabe,-19.867,47.033,1507.0
2026-06-21,17.0,6.8,10.6,0.0,14.3,31.3,16.16,Antsirabe,-19.867,47.033,1507.0
2026-06-22,18.1,4.5,10.8,0.0,13.9,31.0,17.42,Antsirabe,-19.867,47.033,1507.0
2026-06-23,18.8,6.5,12.1,0.0,14.3,31.7,16.83,Antsirabe,-19.867,47.033,1507.0
2026-06-24,19.9,7.8,13.0,0.0,10.6,20.9,17.02,Antsirabe,-19.867,47.033,1507.0
2026-06-25,20.3,6.0,12.7,0.0,12.0,27.7,17.43,Antsirabe,-19.867,47.033,1507.0
2026-06-26,19.2,9.0,13.2,0.3,11.6,25.6,9.02,Antsirabe,-19.867,47.033,1507.0
2026-06-27,20.6,11.0,14.5,0.1,12.0,27.0,16.82,Antsirabe,-19.867,47.033,1507.0
2026-06-28,20.5,8.0,13.5,0.0,16.6,33.1,17.63,Antsirabe,-19.867,47.033,1507.0
2026-06-29,18.9,7.7,12.9,0.0,10.1,24.5,14.46,Antsirabe,-19.867,47.033,1507.0
2026-06-30,20.0,6.9,12.9,0.0,13.9,31.7,14.68,Antsirabe,-19.867,47.033,1507.0
2026-07-01,20.5,8.4,13.6,0.0,9.4,22.3,17.01,Antsirabe,-19.867,47.033,1507.0
2026-07-02,20.4,5.7,12.0,0.0,7.4,17.3,18.65,Antsirabe,-19.867,47.033,1507.0
2026-07-03,20.8,5.3,12.1,0.0,7.8,21.6,18.94,Antsirabe,-19.867,47.033,1507.0
2026-07-04,23.0,5.4,13.1,0.0,14.3,31.3,18.11,Antsirabe,-19.867,47.033,1507.0
2026-07-05,21.1,9.9,15.0,1.8,10.8,22.7,13.9,Antsirabe,-19.867,47.033,1507.0
2026-07-06,21.2,10.8,14.7,0.5,16.4,32.4,14.99,Antsirabe,-19.867,47.033,1507.0
2026-07-07,19.2,7.3,13.3,0.1,16.6,34.9,15.82,Antsirabe,-19.867,47.033,1507.0
2026-07-08,19.2,7.4,12.7,0.8,14.5,32.4,13.22,Antsirabe,-19.867,47.033,1507.0
2026-07-09,19.0,5.5,12.1,0.0,12.2,24.1,18.16,Antsirabe,-19.867,47.033,1507.0
2026-07-10,19.2,6.2,12.4,0.0,13.1,24.1,16.21,Antsirabe,-19.867,47.033,1507.0
2026-07-11,19.8,9.0,14.0,0.1,10.7,28.1,14.43,Antsirabe,-19.867,47.033,1507.0
2026-07-12,21.3,8.6,14.0,0.0,9.5,23.0,16.56,Antsirabe,-19.867,47.033,1507.0
2026-07-13,20.3,6.8,13.0,0.0,10.4,22.0,17.0,Antsirabe,-19.867,47.033,1507.0
2026-07-14,20.5,8.1,13.8,0.0,11.6,29.2,16.47,Antsirabe,-19.867,47.033,1507.0
2026-07-15,20.3,6.6,13.3,0.0,14.2,33.1,17.44,Antsirabe,-19.867,47.033,1507.0
2026-07-16,19.5,7.4,12.8,0.0,16.1,35.6,18.94,Antsirabe,-19.867,47.033,1507.0
2026-07-17,20.6,6.0,12.6,0.0,11.2,27.0,17.54,Antsirabe,-19.867,47.033,1507.0
2026-07-18,20.8,9.6,13.8,0.0,10.2,23.4,16.62,Antsirabe,-19.867,47.033,1507.0
2026-07-19,22.1,7.7,13.6,0.0,12.7,27.0,18.71,Antsirabe,-19.867,47.033,1507.0
2026-07-20,22.5,7.2,13.9,0.0,14.3,27.0,19.32,Antsirabe,-19.867,47.033,1507.0
2026-07-21,22.3,7.2,14.1,0.0,17.6,37.1,19.44,Antsirabe,-19.867,47.033,1507.0
2026-07-22,22.6,7.0,14.1,0.0,10.9,24.5,17.63,Antsirabe,-19.867,47.033,1507.0
2026-07-23,21.8,10.7,14.8,0.0,13.5,27.4,18.87,Antsirabe,-19.867,47.033,1507.0
2026-07-24,21.9,10.0,14.2,0.0,14.2,32.8,18.9,Antsirabe,-19.867,47.033,1507.0
2026-07-25,21.5,7.0,13.2,0.0,15.6,35.3,20.33,Antsirabe,-19.867,47.033,1507.0
2026-07-26,20.8,5.1,12.6,0.0,9.3,20.9,20.13,Antsirabe,-19.867,47.033,1507.0
2026-07-27,20.9,10.9,14.8,0.0,16.3,31.0,18.2,Antsirabe,-19.867,47.033,1507.0
2026-07-28,20.3,9.6,14.3,0.0,11.5,22.0,16.63,Antsirabe,-19.867,47.033,1507.0
2026-07-29,20.5,10.2,14.7,0.2,11.2,25.2,14.22,Antsirabe,-19.867,47.033,1507.0
2026-07-30,20.8,10.6,15.5,0.0,13.6,32.8,14.07,Antsirabe,-19.867,47.033,1507.0
2026-07-31,20.1,9.8,14.5,0.0,15.8,34.9,17.13,Antsirabe,-19.867,47.033,1507.0
2026-08-01,20.2,7.1,13.2,0.0,17.2,37.4,17.75,Antsirabe,-19.867,47.033,1507.0
2026-08-02,21.6,6.6,14.3,0.0,13.1,31.0,18.6,Antsirabe,-19.867,47.033,1507.0
2026-08-03,22.1,10.1,15.5,0.0,15.8,35.6,18.32,Antsirabe,-19.867,47.033,1507.0
2026-08-04,22.0,9.9,15.6,0.0,16.7,32.0,16.53,Antsirabe,-19.867,47.033,1507.0
2026-08-05,21.6,9.5,15.0,0.0,18.4,38.2,15.9,Antsirabe,-19.867,47.033,1507.0
2026-08-06,21.6,11.8,16.3,0.0,14.8,34.2,15.75,Antsirabe,-19.867,47.033,1507.0
2026-08-07,22.3,11.6,16.5,0.1,15.4,32.0,15.56,Antsirabe,-19.867,47.033,1507.0
2026-08-08,22.6,9.4,15.2,0.0,16.0,33.5,19.61,Antsirabe,-19.867,47.033,1507.0
2026-08-09,22.5,10.7,15.5,0.0,22.0,41.8,19.55,Antsirabe,-19.867,47.033,1507.0
2026-08-10,22.2,9.9,15.5,0.0,16.8,37.4,20.14,Antsirabe,-19.867,47.033,1507.0
2026-08-11,22.8,9.2,15.5,0.0,15.4,30.2,20.91,Antsirabe,-19.867,47.033,1507.0
2026-08-12,23.1,10.7,16.1,0.1,12.9,26.3,17.27,Antsirabe,-19.867,47.033,1507.0
2026-08-13,21.8,10.4,15.7,0.2,12.0,28.4,16.25,Antsirabe,-19.867,47.033,1507.0
2026-08-14,22.7,10.1,16.2,0.0,16.9,37.4,17.93,Antsirabe,-19.867,47.033,1507.0
2026-08-15,22.8,9.7,15.9,0.8,15.1,33.8,14.7,Antsirabe,-19.867,47.033,1507.0
2026-08-16,21.1,10.3,13.8,11.9,8.2,22.3,15.61,Antsirabe,-19.867,47.033,1507.0
2026-08-17,16.2,11.5,13.1,17.7,6.8,18.0,7.23,Antsirabe,-19.867,47.033,1507.0
2026-08-18,18.4,11.7,13.8,10.4,12.8,26.6,8.37,Antsirabe,-19.867,47.033,1507.0
2026-08-19,21.2,11.1,14.5,2.5,16.8,37.8,14.48,Antsirabe,-19.867,47.033,1507.0
2026-08-20,23.2,9.2,15.4,0.1,15.3,34.6,21.09,Antsirabe,-19.867,47.033,1507.0
2026-08-21,25.1,9.7,16.3,0.0,11.8,25.9,22.35,Antsirabe,-19.867,47.033,1507.0
2026-08-22,24.7,9.2,15.8,0.0,10.3,23.8,22.85,Antsirabe,-19.867,47.033,1507.0
2026-08-23,24.8,7.5,15.6,0.0,11.7,24.8,23.26,Antsirabe,-19.867,47.033,1507.0
2026-08-24,24.2,9.2,16.1,0.0,12.6,27.7,23.26,Antsirabe,-19.867,47.033,1507.0
2026-08-25,23.5,7.6,15.3,0.0,15.6,32.8,23.46,Antsirabe,-19.867,47.033,1507.0
2026-08-26,24.5,8.4,15.6,0.0,14.0,28.8,22.33,Antsirabe,-19.867,47.033,1507.0
2026-08-27,23.8,7.9,15.5,0.0,17.7,34.6,23.4,Antsirabe,-19.867,47.033,1507.0
2026-08-28,17.1,10.7,13.7,0.6,21.1,43.6,12.28,Antsirabe,-19.867,47.033,1507.0
2026-08-29,17.5,8.8,12.2,0.2,23.8,49.0,17.92,Antsirabe,-19.867,47.033,1507.0
2026-08-30,19.8,8.9,13.4,0.1,21.6,44.3,19.72,Antsirabe,-19.867,47.033,1507.0
2026-08-31,21.9,9.3,14.7,0.0,17.9,36.4,23.17,Antsirabe,-19.867,47.033,1507.0
2026-09-01,23.5,9.7,15.2,0.0,17.9,35.6,23.39,Antsirabe,-19.867,47.033,1507.0
2026-09-02,22.2,7.6,14.4,0.0,16.6,37.1,22.56,Antsirabe,-19.867,47.033,1507.0
2026-09-03,21.0,8.6,14.6,0.0,18.7,37.8,17.32,Antsirabe,-19.867,47.033,1507.0
2026-09-04,21.8,9.1,15.1,0.1,15.4,32.8,15.49,Antsirabe,-19.867,47.033,1507.0
2026-09-05,24.0,10.2,16.0,0.0,16.4,33.8,23.43,Antsirabe,-19.867,47.033,1507.0
2026-09-06,24.6,9.4,16.2,0.0,13.7,30.6,22.3,Antsirabe,-19.867,47.033,1507.0
2026-09-07,24.5,10.0,16.5,0.2,16.9,35.6,21.85,Antsirabe,-19.867,47.033,1507.0
2026-09-08,17.8,12.6,14.6,0.3,20.8,42.8,10.92,Antsirabe,-19.867,47.033,1507.0
2026-09-09,17.6,11.2,14.1,0.0,22.4,44.3,12.12,Antsirabe,-19.867,47.033,1507.0
2026-09-10,19.0,11.4,14.5,0.8,20.4,40.3,13.85,Antsirabe,-19.867,47.033,1507.0
2026-09-11,21.2,10.3,14.9,1.8,14.5,31.7,20.22,Antsirabe,-19.867,47.033,1507.0
2026-09-12,23.3,11.3,15.1,0.8,16.2,33.1,21.23,Antsirabe,-19.867,47.033,1507.0
2026-09-13,25.6,9.4,16.0,0.0,13.5,29.5,24.52,Antsirabe,-19.867,47.033,1507.0
2026-09-14,23.3,9.6,15.3,0.0,18.0,36.0,25.28,Antsirabe,-19.867,47.033,1507.0
2026-09-15,20.3,7.7,13.7,0.0,26.6,53.6,13.83,Antsirabe,-19.867,47.033,1507.0
2026-09-16,19.9,11.0,14.4,0.0,22.3,45.4,22.0,Antsirabe,-19.867,47.033,1507.0
2026-09-17,22.6,8.6,14.3,0.0,18.0,36.4,26.43,Antsirabe,-19.867,47.033,1507.0
2026-09-18,24.1,7.8,14.9,0.0,17.2,34.9,25.99,Antsirabe,-19.867,47.033,1507.0
2026-09-19,25.6,9.5,16.6,0.0,15.5,37.1,25.06,Antsirabe,-19.867,47.033,1507.0
2026-09-20,24.3,12.9,17.0,0.1,16.0,34.6,20.81,Antsirabe,-19.867,47.033,1507.0
2026-09-21,24.8,10.5,16.0,6.0,13.6,42.1,18.47,Antsirabe,-19.867,47.033,1507.0
