date,tmax,tmin,tmoy,pluie,vent,raf,ray,ville,lat,lon,alt
2012-01-01,24.7,18.5,20.5,33.4,9.9,31.3,18.04,Fianarantsoa,-21.454,47.086,1127.0
2012-01-02,25.0,18.4,20.3,38.0,10.1,23.8,13.67,Fianarantsoa,-21.454,47.086,1127.0
2012-01-03,19.8,16.2,18.3,15.3,18.0,42.1,6.94,Fianarantsoa,-21.454,47.086,1127.0
2012-01-04,19.0,15.3,17.2,0.0,19.6,46.8,10.09,Fianarantsoa,-21.454,47.086,1127.0
2012-01-05,21.8,16.9,18.6,1.9,19.6,42.5,14.95,Fianarantsoa,-21.454,47.086,1127.0
2012-01-06,23.2,16.2,19.0,6.5,18.9,42.5,18.04,Fianarantsoa,-21.454,47.086,1127.0
2012-01-07,21.2,17.5,18.7,14.2,13.6,33.5,9.76,Fianarantsoa,-21.454,47.086,1127.0
2012-01-08,19.8,17.0,18.0,24.7,22.5,50.0,5.86,Fianarantsoa,-21.454,47.086,1127.0
2012-01-09,23.9,16.8,19.7,41.9,19.1,47.5,18.4,Fianarantsoa,-21.454,47.086,1127.0
2012-01-10,22.9,17.8,19.8,13.4,28.0,65.9,13.4,Fianarantsoa,-21.454,47.086,1127.0
2012-01-11,23.1,16.7,19.6,24.2,18.2,39.6,14.96,Fianarantsoa,-21.454,47.086,1127.0
2012-01-12,23.5,16.4,19.6,3.8,13.0,30.2,14.49,Fianarantsoa,-21.454,47.086,1127.0
2012-01-13,24.8,17.5,20.8,0.6,19.4,45.0,23.11,Fianarantsoa,-21.454,47.086,1127.0
2012-01-14,24.6,18.3,20.7,7.8,20.3,36.7,20.71,Fianarantsoa,-21.454,47.086,1127.0
2012-01-15,23.2,18.3,20.1,4.1,18.4,42.1,19.99,Fianarantsoa,-21.454,47.086,1127.0
2012-01-16,21.1,16.3,18.6,0.8,18.5,43.9,13.23,Fianarantsoa,-21.454,47.086,1127.0
2012-01-17,21.2,14.9,17.6,1.2,17.5,41.0,17.97,Fianarantsoa,-21.454,47.086,1127.0
2012-01-18,19.2,14.5,16.9,0.2,17.0,43.2,11.2,Fianarantsoa,-21.454,47.086,1127.0
2012-01-19,20.8,15.7,17.6,0.2,20.3,45.7,16.56,Fianarantsoa,-21.454,47.086,1127.0
2012-01-20,20.8,15.7,17.9,0.4,21.6,47.5,16.32,Fianarantsoa,-21.454,47.086,1127.0
2012-01-21,21.4,16.4,18.1,11.3,17.0,37.4,10.43,Fianarantsoa,-21.454,47.086,1127.0
2012-01-22,21.5,17.1,18.6,22.4,13.2,31.3,8.41,Fianarantsoa,-21.454,47.086,1127.0
2012-01-23,24.5,17.0,19.7,35.0,7.9,29.5,14.43,Fianarantsoa,-21.454,47.086,1127.0
2012-01-24,25.4,18.6,20.7,27.3,10.3,29.5,16.99,Fianarantsoa,-21.454,47.086,1127.0
2012-01-25,25.3,18.5,21.2,6.7,11.9,29.9,19.64,Fianarantsoa,-21.454,47.086,1127.0
2012-01-26,26.9,18.9,21.8,6.4,11.1,29.9,22.04,Fianarantsoa,-21.454,47.086,1127.0
2012-01-27,26.0,17.5,21.4,12.3,11.5,28.1,21.73,Fianarantsoa,-21.454,47.086,1127.0
2012-01-28,25.7,18.4,21.5,7.7,11.8,30.6,18.87,Fianarantsoa,-21.454,47.086,1127.0
2012-01-29,26.6,18.3,21.9,5.6,15.1,36.0,23.59,Fianarantsoa,-21.454,47.086,1127.0
2012-01-30,26.1,19.3,21.8,7.2,20.0,46.1,23.33,Fianarantsoa,-21.454,47.086,1127.0
2012-01-31,26.8,18.2,22.2,1.6,10.3,26.6,22.11,Fianarantsoa,-21.454,47.086,1127.0
2012-02-01,26.7,18.3,21.1,20.6,7.9,24.1,19.6,Fianarantsoa,-21.454,47.086,1127.0
2012-02-02,26.0,17.9,21.6,1.0,13.0,31.3,24.72,Fianarantsoa,-21.454,47.086,1127.0
2012-02-03,25.9,17.9,21.6,0.0,12.3,31.0,30.12,Fianarantsoa,-21.454,47.086,1127.0
2012-02-04,27.9,16.3,21.6,0.1,12.6,30.6,28.41,Fianarantsoa,-21.454,47.086,1127.0
2012-02-05,25.7,16.8,20.8,0.0,11.7,28.4,28.27,Fianarantsoa,-21.454,47.086,1127.0
2012-02-06,25.3,16.6,20.9,0.0,11.0,24.8,26.04,Fianarantsoa,-21.454,47.086,1127.0
2012-02-07,25.5,17.4,20.8,1.6,13.0,28.4,26.1,Fianarantsoa,-21.454,47.086,1127.0
2012-02-08,23.6,17.0,19.1,17.4,11.6,33.8,18.88,Fianarantsoa,-21.454,47.086,1127.0
2012-02-09,24.5,16.5,19.9,2.2,8.7,25.6,22.66,Fianarantsoa,-21.454,47.086,1127.0
2012-02-10,25.9,16.8,20.7,2.4,5.6,21.2,24.84,Fianarantsoa,-21.454,47.086,1127.0
2012-02-11,26.5,18.0,21.7,0.6,11.1,29.2,26.64,Fianarantsoa,-21.454,47.086,1127.0
2012-02-12,27.3,18.7,22.2,0.0,9.5,25.2,26.95,Fianarantsoa,-21.454,47.086,1127.0
2012-02-13,25.2,17.8,20.9,0.7,18.4,44.6,24.75,Fianarantsoa,-21.454,47.086,1127.0
2012-02-14,20.8,18.2,19.8,43.5,36.9,95.4,8.34,Fianarantsoa,-21.454,47.086,1127.0
2012-02-15,26.1,18.8,21.3,16.1,17.1,43.9,20.78,Fianarantsoa,-21.454,47.086,1127.0
2012-02-16,27.2,18.1,21.6,11.3,9.0,33.1,23.13,Fianarantsoa,-21.454,47.086,1127.0
2012-02-17,27.1,18.0,21.9,4.8,11.5,32.0,23.21,Fianarantsoa,-21.454,47.086,1127.0
2012-02-18,25.9,18.6,22.1,0.0,19.1,42.8,20.3,Fianarantsoa,-21.454,47.086,1127.0
2012-02-19,26.6,19.1,22.4,0.6,16.2,37.1,27.07,Fianarantsoa,-21.454,47.086,1127.0
2012-02-20,22.1,17.5,19.3,0.7,15.6,37.1,15.37,Fianarantsoa,-21.454,47.086,1127.0
2012-02-21,24.0,16.0,19.5,0.0,13.4,31.0,22.28,Fianarantsoa,-21.454,47.086,1127.0
2012-02-22,25.8,15.5,20.1,0.0,13.3,28.4,26.83,Fianarantsoa,-21.454,47.086,1127.0
2012-02-23,25.9,18.0,21.8,2.5,7.9,22.7,22.25,Fianarantsoa,-21.454,47.086,1127.0
2012-02-24,25.6,18.7,21.1,12.6,13.4,30.6,18.97,Fianarantsoa,-21.454,47.086,1127.0
2012-02-25,24.3,17.3,20.0,0.0,17.5,40.3,21.21,Fianarantsoa,-21.454,47.086,1127.0
2012-02-26,21.5,14.9,18.3,0.3,24.1,55.1,19.16,Fianarantsoa,-21.454,47.086,1127.0
2012-02-27,21.4,17.9,19.3,6.4,27.0,66.2,16.79,Fianarantsoa,-21.454,47.086,1127.0
2012-02-28,21.0,17.7,18.7,29.1,31.3,74.2,12.64,Fianarantsoa,-21.454,47.086,1127.0
2012-02-29,18.8,16.9,17.9,23.5,34.8,79.6,6.35,Fianarantsoa,-21.454,47.086,1127.0
2012-03-01,21.0,18.0,19.2,29.9,33.7,84.6,10.72,Fianarantsoa,-21.454,47.086,1127.0
2012-03-02,24.7,19.0,20.1,44.2,24.5,59.0,13.1,Fianarantsoa,-21.454,47.086,1127.0
2012-03-03,20.5,17.5,19.1,42.2,14.8,32.8,6.7,Fianarantsoa,-21.454,47.086,1127.0
2012-03-04,22.3,16.4,18.8,11.3,24.3,53.6,20.42,Fianarantsoa,-21.454,47.086,1127.0
2012-03-05,22.6,15.7,18.4,0.0,20.8,46.8,22.73,Fianarantsoa,-21.454,47.086,1127.0
2012-03-06,24.5,12.9,18.6,0.0,9.2,25.9,28.03,Fianarantsoa,-21.454,47.086,1127.0
2012-03-07,24.5,15.2,19.3,0.0,10.2,22.3,21.79,Fianarantsoa,-21.454,47.086,1127.0
2012-03-08,26.0,14.9,20.1,0.0,9.3,21.6,28.02,Fianarantsoa,-21.454,47.086,1127.0
2012-03-09,26.3,16.3,20.6,0.0,9.2,22.7,27.8,Fianarantsoa,-21.454,47.086,1127.0
2012-03-10,25.6,15.6,20.3,0.0,15.0,35.3,22.19,Fianarantsoa,-21.454,47.086,1127.0
2012-03-11,25.4,18.3,21.1,0.1,15.4,36.4,21.34,Fianarantsoa,-21.454,47.086,1127.0
2012-03-12,25.1,17.4,20.7,0.3,14.2,34.9,22.31,Fianarantsoa,-21.454,47.086,1127.0
2012-03-13,25.7,16.7,20.6,3.8,9.1,25.2,24.81,Fianarantsoa,-21.454,47.086,1127.0
2012-03-14,25.7,16.8,20.1,15.1,10.4,24.5,20.94,Fianarantsoa,-21.454,47.086,1127.0
2012-03-15,23.8,16.9,19.4,1.4,16.0,38.5,20.21,Fianarantsoa,-21.454,47.086,1127.0
2012-03-16,23.4,15.6,19.0,0.2,15.5,36.7,22.46,Fianarantsoa,-21.454,47.086,1127.0
2012-03-17,25.1,17.2,20.0,8.2,11.0,32.0,21.6,Fianarantsoa,-21.454,47.086,1127.0
2012-03-18,25.3,16.1,20.1,14.7,6.6,25.2,19.57,Fianarantsoa,-21.454,47.086,1127.0
2012-03-19,25.2,17.3,20.3,7.5,13.0,31.7,19.43,Fianarantsoa,-21.454,47.086,1127.0
2012-03-20,25.5,17.2,20.1,9.5,12.5,28.4,20.29,Fianarantsoa,-21.454,47.086,1127.0
2012-03-21,22.4,17.7,19.2,10.0,15.9,36.4,15.99,Fianarantsoa,-21.454,47.086,1127.0
2012-03-22,21.2,16.6,18.3,3.3,15.6,41.0,11.88,Fianarantsoa,-21.454,47.086,1127.0
2012-03-23,22.3,15.9,18.0,5.8,14.7,37.4,14.54,Fianarantsoa,-21.454,47.086,1127.0
2012-03-24,22.9,16.7,18.4,15.1,13.6,32.4,13.35,Fianarantsoa,-21.454,47.086,1127.0
2012-03-25,21.7,17.0,18.7,4.6,16.6,34.9,15.88,Fianarantsoa,-21.454,47.086,1127.0
2012-03-26,23.2,17.3,19.2,10.4,11.9,28.1,14.97,Fianarantsoa,-21.454,47.086,1127.0
2012-03-27,24.1,16.5,19.6,1.6,5.9,21.6,18.58,Fianarantsoa,-21.454,47.086,1127.0
2012-03-28,23.8,17.5,19.9,3.9,7.3,26.6,19.13,Fianarantsoa,-21.454,47.086,1127.0
2012-03-29,25.0,16.0,20.0,5.2,13.0,30.2,18.8,Fianarantsoa,-21.454,47.086,1127.0
2012-03-30,25.0,16.7,19.8,5.2,10.8,23.0,16.8,Fianarantsoa,-21.454,47.086,1127.0
2012-03-31,23.8,17.4,19.6,8.2,14.5,33.1,17.56,Fianarantsoa,-21.454,47.086,1127.0
2012-04-01,24.0,16.9,20.0,1.6,15.1,35.6,18.64,Fianarantsoa,-21.454,47.086,1127.0
2012-04-02,25.2,17.0,19.9,7.2,7.9,20.9,19.94,Fianarantsoa,-21.454,47.086,1127.0
2012-04-03,24.6,16.9,20.0,1.3,12.3,25.6,19.51,Fianarantsoa,-21.454,47.086,1127.0
2012-04-04,23.5,16.2,18.8,7.7,11.6,25.6,16.19,Fianarantsoa,-21.454,47.086,1127.0
2012-04-05,21.2,17.1,18.5,13.8,11.9,24.1,8.57,Fianarantsoa,-21.454,47.086,1127.0
2012-04-06,19.3,16.7,17.9,5.8,20.3,42.8,8.69,Fianarantsoa,-21.454,47.086,1127.0
2012-04-07,22.4,16.8,18.7,9.8,10.2,27.4,13.72,Fianarantsoa,-21.454,47.086,1127.0
2012-04-08,23.9,17.0,19.3,5.4,9.8,22.7,17.06,Fianarantsoa,-21.454,47.086,1127.0
2012-04-09,23.9,17.2,19.4,0.8,9.1,22.7,18.91,Fianarantsoa,-21.454,47.086,1127.0
2012-04-10,26.2,16.7,20.5,0.9,6.6,21.2,20.74,Fianarantsoa,-21.454,47.086,1127.0
2012-04-11,24.6,16.5,20.0,3.0,12.1,34.6,18.46,Fianarantsoa,-21.454,47.086,1127.0
2012-04-12,23.2,17.7,19.5,2.4,13.4,31.0,16.55,Fianarantsoa,-21.454,47.086,1127.0
2012-04-13,21.1,17.6,18.7,4.7,14.2,32.4,10.3,Fianarantsoa,-21.454,47.086,1127.0
2012-04-14,22.7,17.6,18.9,1.4,15.5,37.8,9.27,Fianarantsoa,-21.454,47.086,1127.0
2012-04-15,23.0,17.0,19.4,0.0,16.3,37.4,14.73,Fianarantsoa,-21.454,47.086,1127.0
2012-04-16,23.0,15.7,18.8,0.0,16.8,37.8,17.16,Fianarantsoa,-21.454,47.086,1127.0
2012-04-17,21.4,15.8,18.3,1.0,19.0,42.5,12.34,Fianarantsoa,-21.454,47.086,1127.0
2012-04-18,23.6,17.1,19.7,2.7,12.9,31.7,16.39,Fianarantsoa,-21.454,47.086,1127.0
2012-04-19,24.9,16.7,19.7,5.2,12.1,32.0,17.26,Fianarantsoa,-21.454,47.086,1127.0
2012-04-20,20.6,16.2,18.0,2.0,19.3,39.2,15.2,Fianarantsoa,-21.454,47.086,1127.0
2012-04-21,18.9,15.0,16.5,3.5,17.7,41.0,6.76,Fianarantsoa,-21.454,47.086,1127.0
2012-04-22,19.8,14.6,16.9,0.0,20.2,43.6,11.74,Fianarantsoa,-21.454,47.086,1127.0
2012-04-23,22.1,16.1,18.5,0.0,15.1,33.8,11.85,Fianarantsoa,-21.454,47.086,1127.0
2012-04-24,23.3,16.3,19.0,0.5,13.9,31.3,16.42,Fianarantsoa,-21.454,47.086,1127.0
2012-04-25,18.9,14.2,16.7,0.0,18.1,41.0,11.55,Fianarantsoa,-21.454,47.086,1127.0
2012-04-26,17.0,12.9,14.5,0.0,17.1,40.0,11.7,Fianarantsoa,-21.454,47.086,1127.0
2012-04-27,18.2,11.6,14.5,0.0,18.0,41.8,17.37,Fianarantsoa,-21.454,47.086,1127.0
2012-04-28,19.3,11.2,14.8,0.0,15.1,36.4,20.74,Fianarantsoa,-21.454,47.086,1127.0
2012-04-29,19.2,13.0,15.3,0.0,15.7,38.2,20.7,Fianarantsoa,-21.454,47.086,1127.0
2012-04-30,20.9,11.8,15.8,0.0,13.7,33.5,20.6,Fianarantsoa,-21.454,47.086,1127.0
2012-05-01,21.4,13.8,16.7,0.0,13.0,32.0,18.04,Fianarantsoa,-21.454,47.086,1127.0
2012-05-02,21.1,12.9,16.5,0.0,15.0,35.6,18.93,Fianarantsoa,-21.454,47.086,1127.0
2012-05-03,19.6,15.1,16.9,1.0,15.7,33.1,11.61,Fianarantsoa,-21.454,47.086,1127.0
2012-05-04,20.4,15.4,16.9,0.0,20.2,45.0,16.0,Fianarantsoa,-21.454,47.086,1127.0
2012-05-05,19.4,14.0,16.1,0.7,19.1,42.5,12.59,Fianarantsoa,-21.454,47.086,1127.0
2012-05-06,20.1,13.4,16.1,0.0,18.8,42.8,17.76,Fianarantsoa,-21.454,47.086,1127.0
2012-05-07,20.3,13.0,16.0,0.0,15.0,35.6,14.9,Fianarantsoa,-21.454,47.086,1127.0
2012-05-08,19.8,14.1,16.1,0.0,15.6,34.6,15.57,Fianarantsoa,-21.454,47.086,1127.0
2012-05-09,19.5,13.8,15.8,0.5,18.0,40.0,14.11,Fianarantsoa,-21.454,47.086,1127.0
2012-05-10,20.1,14.1,16.2,0.0,17.4,41.0,16.39,Fianarantsoa,-21.454,47.086,1127.0
2012-05-11,20.8,14.1,16.7,0.0,13.3,32.0,16.35,Fianarantsoa,-21.454,47.086,1127.0
2012-05-12,22.6,12.4,17.2,0.0,7.7,22.7,18.62,Fianarantsoa,-21.454,47.086,1127.0
2012-05-13,23.0,13.0,17.4,0.0,9.7,24.1,17.22,Fianarantsoa,-21.454,47.086,1127.0
2012-05-14,22.7,13.9,17.8,0.0,11.8,27.4,14.45,Fianarantsoa,-21.454,47.086,1127.0
2012-05-15,23.0,13.2,17.5,0.0,11.8,25.6,17.0,Fianarantsoa,-21.454,47.086,1127.0
2012-05-16,20.3,15.0,16.6,1.5,10.7,27.0,11.78,Fianarantsoa,-21.454,47.086,1127.0
2012-05-17,20.9,14.2,16.4,0.8,13.0,26.3,13.32,Fianarantsoa,-21.454,47.086,1127.0
2012-05-18,20.5,12.6,16.0,0.2,14.6,34.9,14.41,Fianarantsoa,-21.454,47.086,1127.0
2012-05-19,23.4,13.9,18.1,0.0,12.9,26.3,13.81,Fianarantsoa,-21.454,47.086,1127.0
2012-05-20,24.5,14.5,18.7,0.0,7.8,23.4,16.55,Fianarantsoa,-21.454,47.086,1127.0
2012-05-21,24.0,14.4,18.5,0.2,11.4,25.6,14.67,Fianarantsoa,-21.454,47.086,1127.0
2012-05-22,18.4,13.8,16.0,2.0,17.3,33.8,10.86,Fianarantsoa,-21.454,47.086,1127.0
2012-05-23,18.2,14.3,15.6,21.5,13.0,32.8,10.47,Fianarantsoa,-21.454,47.086,1127.0
2012-05-24,20.5,14.0,16.3,2.2,10.6,26.3,13.04,Fianarantsoa,-21.454,47.086,1127.0
2012-05-25,21.1,13.2,16.4,0.0,12.4,27.0,14.09,Fianarantsoa,-21.454,47.086,1127.0
2012-05-26,19.1,14.5,16.1,0.0,16.9,39.2,12.46,Fianarantsoa,-21.454,47.086,1127.0
2012-05-27,18.5,14.2,15.4,1.6,19.8,45.0,11.55,Fianarantsoa,-21.454,47.086,1127.0
2012-05-28,18.2,12.9,15.1,0.3,19.8,46.4,15.02,Fianarantsoa,-21.454,47.086,1127.0
2012-05-29,18.2,11.5,14.1,0.2,20.6,47.2,11.46,Fianarantsoa,-21.454,47.086,1127.0
2012-05-30,19.6,12.6,15.2,0.0,16.0,37.8,15.34,Fianarantsoa,-21.454,47.086,1127.0
2012-05-31,20.7,11.3,15.4,0.0,11.2,22.3,16.6,Fianarantsoa,-21.454,47.086,1127.0
2012-06-01,19.6,13.1,15.5,0.0,12.1,29.9,14.17,Fianarantsoa,-21.454,47.086,1127.0
2012-06-02,20.8,12.5,16.1,0.2,7.8,22.3,14.71,Fianarantsoa,-21.454,47.086,1127.0
2012-06-03,20.7,12.3,16.1,0.1,16.8,38.9,15.08,Fianarantsoa,-21.454,47.086,1127.0
2012-06-04,17.3,9.8,13.0,0.0,13.4,32.4,16.21,Fianarantsoa,-21.454,47.086,1127.0
2012-06-05,15.8,9.3,11.8,0.0,24.4,54.0,13.55,Fianarantsoa,-21.454,47.086,1127.0
2012-06-06,16.4,11.2,13.1,0.0,21.5,47.9,11.03,Fianarantsoa,-21.454,47.086,1127.0
2012-06-07,19.8,10.2,14.4,0.0,9.4,23.4,16.81,Fianarantsoa,-21.454,47.086,1127.0
2012-06-08,19.6,10.9,14.8,2.5,13.0,32.8,12.15,Fianarantsoa,-21.454,47.086,1127.0
2012-06-09,21.4,14.5,16.7,1.0,12.3,29.9,8.33,Fianarantsoa,-21.454,47.086,1127.0
2012-06-10,22.3,15.2,18.4,1.5,10.2,34.6,12.46,Fianarantsoa,-21.454,47.086,1127.0
2012-06-11,21.4,14.9,17.7,2.6,16.6,34.2,11.92,Fianarantsoa,-21.454,47.086,1127.0
2012-06-12,16.5,13.6,14.7,0.7,19.5,42.8,6.1,Fianarantsoa,-21.454,47.086,1127.0
2012-06-13,19.7,13.5,16.0,0.1,10.2,25.2,12.79,Fianarantsoa,-21.454,47.086,1127.0
2012-06-14,18.0,13.6,15.1,1.7,14.8,32.0,10.65,Fianarantsoa,-21.454,47.086,1127.0
2012-06-15,14.9,12.8,13.7,0.6,22.1,48.6,7.19,Fianarantsoa,-21.454,47.086,1127.0
2012-06-16,16.4,13.2,14.3,1.2,20.4,45.0,8.88,Fianarantsoa,-21.454,47.086,1127.0
2012-06-17,17.4,13.1,14.5,0.0,20.0,44.3,10.58,Fianarantsoa,-21.454,47.086,1127.0
2012-06-18,17.6,12.6,14.6,0.1,19.1,43.6,12.63,Fianarantsoa,-21.454,47.086,1127.0
2012-06-19,17.3,11.9,14.3,0.3,20.6,46.8,10.39,Fianarantsoa,-21.454,47.086,1127.0
2012-06-20,18.1,10.6,14.0,0.0,17.6,40.7,15.53,Fianarantsoa,-21.454,47.086,1127.0
2012-06-21,20.4,10.6,15.6,0.0,10.5,28.1,14.31,Fianarantsoa,-21.454,47.086,1127.0
2012-06-22,20.6,13.1,16.1,0.0,13.3,31.0,13.04,Fianarantsoa,-21.454,47.086,1127.0
2012-06-23,20.8,10.8,15.5,0.0,9.0,23.4,16.47,Fianarantsoa,-21.454,47.086,1127.0
2012-06-24,22.6,10.7,16.2,0.0,5.9,14.0,16.16,Fianarantsoa,-21.454,47.086,1127.0
2012-06-25,21.7,11.7,15.7,0.0,12.2,30.6,15.94,Fianarantsoa,-21.454,47.086,1127.0
2012-06-26,21.7,11.4,15.8,0.0,8.2,19.1,16.86,Fianarantsoa,-21.454,47.086,1127.0
2012-06-27,19.5,10.0,13.9,0.0,12.8,32.4,16.29,Fianarantsoa,-21.454,47.086,1127.0
2012-06-28,20.7,9.1,14.3,0.0,7.2,19.4,16.54,Fianarantsoa,-21.454,47.086,1127.0
2012-06-29,19.2,11.1,14.6,0.0,11.7,28.1,16.35,Fianarantsoa,-21.454,47.086,1127.0
2012-06-30,19.1,10.9,14.5,0.0,12.7,30.2,16.92,Fianarantsoa,-21.454,47.086,1127.0
2012-07-01,18.6,10.3,13.9,0.0,12.5,31.3,16.91,Fianarantsoa,-21.454,47.086,1127.0
2012-07-02,17.9,10.2,13.9,0.0,14.6,34.9,14.36,Fianarantsoa,-21.454,47.086,1127.0
2012-07-03,16.6,12.0,13.8,0.2,14.6,33.8,9.96,Fianarantsoa,-21.454,47.086,1127.0
2012-07-04,16.2,9.5,12.2,0.0,19.3,43.9,15.97,Fianarantsoa,-21.454,47.086,1127.0
2012-07-05,19.8,7.4,13.3,0.0,8.2,22.7,17.33,Fianarantsoa,-21.454,47.086,1127.0
2012-07-06,18.3,9.0,13.5,0.0,13.4,33.5,17.17,Fianarantsoa,-21.454,47.086,1127.0
2012-07-07,18.5,9.4,13.5,0.0,11.8,30.6,16.47,Fianarantsoa,-21.454,47.086,1127.0
2012-07-08,19.2,9.4,13.7,0.0,9.5,24.5,17.5,Fianarantsoa,-21.454,47.086,1127.0
2012-07-09,18.8,8.5,13.0,0.0,12.0,27.0,17.46,Fianarantsoa,-21.454,47.086,1127.0
2012-07-10,17.7,8.5,12.8,0.0,15.4,36.4,14.65,Fianarantsoa,-21.454,47.086,1127.0
2012-07-11,18.9,8.6,13.4,0.0,13.3,32.8,16.64,Fianarantsoa,-21.454,47.086,1127.0
2012-07-12,18.0,11.7,14.0,0.0,15.7,36.7,13.29,Fianarantsoa,-21.454,47.086,1127.0
2012-07-13,19.0,11.3,14.4,0.0,13.0,32.8,13.44,Fianarantsoa,-21.454,47.086,1127.0
2012-07-14,19.3,11.8,15.0,0.0,14.5,34.9,13.66,Fianarantsoa,-21.454,47.086,1127.0
2012-07-15,21.2,11.9,15.9,0.0,10.6,25.6,16.0,Fianarantsoa,-21.454,47.086,1127.0
2012-07-16,21.7,11.0,15.6,0.0,12.2,29.9,17.03,Fianarantsoa,-21.454,47.086,1127.0
2012-07-17,19.7,11.1,14.5,0.4,10.5,22.7,14.74,Fianarantsoa,-21.454,47.086,1127.0
2012-07-18,19.0,11.8,14.2,1.6,11.2,25.9,12.27,Fianarantsoa,-21.454,47.086,1127.0
2012-07-19,19.6,12.1,15.1,2.5,8.9,31.0,12.64,Fianarantsoa,-21.454,47.086,1127.0
2012-07-20,21.4,9.7,15.2,0.0,9.7,22.0,15.84,Fianarantsoa,-21.454,47.086,1127.0
2012-07-21,20.0,12.2,15.4,0.9,12.9,32.0,13.44,Fianarantsoa,-21.454,47.086,1127.0
2012-07-22,20.3,13.4,16.0,0.0,17.0,40.0,15.3,Fianarantsoa,-21.454,47.086,1127.0
2012-07-23,20.3,12.5,15.9,0.0,13.5,33.8,14.98,Fianarantsoa,-21.454,47.086,1127.0
2012-07-24,19.6,11.3,14.9,0.0,15.6,36.4,16.44,Fianarantsoa,-21.454,47.086,1127.0
2012-07-25,18.5,9.6,13.7,0.0,14.5,36.0,17.86,Fianarantsoa,-21.454,47.086,1127.0
2012-07-26,19.2,9.6,13.7,0.0,13.8,33.8,15.82,Fianarantsoa,-21.454,47.086,1127.0
2012-07-27,18.3,11.4,14.0,0.0,16.6,39.2,15.81,Fianarantsoa,-21.454,47.086,1127.0
2012-07-28,19.4,10.1,14.1,0.0,13.3,31.0,15.61,Fianarantsoa,-21.454,47.086,1127.0
2012-07-29,21.1,10.0,15.3,0.0,9.4,20.9,18.01,Fianarantsoa,-21.454,47.086,1127.0
2012-07-30,22.6,11.8,16.4,0.0,9.0,22.7,17.91,Fianarantsoa,-21.454,47.086,1127.0
2012-07-31,22.6,11.2,16.5,0.0,10.5,27.4,16.6,Fianarantsoa,-21.454,47.086,1127.0
2012-08-01,21.3,13.3,16.9,0.5,9.0,18.4,13.87,Fianarantsoa,-21.454,47.086,1127.0
2012-08-02,21.9,11.2,16.5,0.0,20.2,44.6,18.64,Fianarantsoa,-21.454,47.086,1127.0
2012-08-03,22.7,9.1,15.8,0.0,12.5,29.9,19.86,Fianarantsoa,-21.454,47.086,1127.0
2012-08-04,21.7,12.4,15.9,0.0,8.2,22.7,14.98,Fianarantsoa,-21.454,47.086,1127.0
2012-08-05,23.1,13.8,17.2,0.1,9.5,24.1,17.59,Fianarantsoa,-21.454,47.086,1127.0
2012-08-06,22.8,14.2,17.4,0.0,10.5,24.8,14.5,Fianarantsoa,-21.454,47.086,1127.0
2012-08-07,21.2,13.8,16.8,0.1,14.9,33.5,12.41,Fianarantsoa,-21.454,47.086,1127.0
2012-08-08,20.5,12.8,16.1,0.0,20.6,47.5,17.55,Fianarantsoa,-21.454,47.086,1127.0
2012-08-09,20.5,12.9,15.9,0.0,19.7,46.4,18.24,Fianarantsoa,-21.454,47.086,1127.0
2012-08-10,19.8,10.9,15.2,0.0,15.8,38.2,17.63,Fianarantsoa,-21.454,47.086,1127.0
2012-08-11,20.0,8.4,13.9,0.0,13.7,33.8,19.93,Fianarantsoa,-21.454,47.086,1127.0
2012-08-12,21.8,10.4,15.7,0.0,14.0,33.1,19.69,Fianarantsoa,-21.454,47.086,1127.0
2012-08-13,22.1,10.6,16.1,0.0,12.1,27.0,19.43,Fianarantsoa,-21.454,47.086,1127.0
2012-08-14,19.9,10.0,14.7,0.0,18.4,43.2,18.5,Fianarantsoa,-21.454,47.086,1127.0
2012-08-15,17.4,11.5,13.9,0.1,23.4,52.6,14.07,Fianarantsoa,-21.454,47.086,1127.0
2012-08-16,17.9,11.2,13.7,0.4,22.1,51.1,14.67,Fianarantsoa,-21.454,47.086,1127.0
2012-08-17,18.1,11.2,14.2,0.3,20.2,45.0,12.3,Fianarantsoa,-21.454,47.086,1127.0
2012-08-18,17.4,11.6,13.7,0.0,20.2,46.8,16.21,Fianarantsoa,-21.454,47.086,1127.0
2012-08-19,17.0,11.5,13.5,0.2,21.9,47.2,12.77,Fianarantsoa,-21.454,47.086,1127.0
2012-08-20,17.7,11.3,13.9,0.0,18.0,42.5,15.67,Fianarantsoa,-21.454,47.086,1127.0
2012-08-21,17.0,11.0,13.3,0.0,18.0,43.2,19.7,Fianarantsoa,-21.454,47.086,1127.0
2012-08-22,19.2,8.9,13.4,0.0,17.4,42.5,21.88,Fianarantsoa,-21.454,47.086,1127.0
2012-08-23,19.6,6.9,13.5,0.0,14.5,36.0,21.66,Fianarantsoa,-21.454,47.086,1127.0
2012-08-24,19.9,9.5,14.0,0.0,14.2,36.4,21.84,Fianarantsoa,-21.454,47.086,1127.0
2012-08-25,19.1,10.4,14.1,0.0,16.6,39.2,20.28,Fianarantsoa,-21.454,47.086,1127.0
2012-08-26,21.2,10.0,14.7,0.0,15.6,34.6,22.58,Fianarantsoa,-21.454,47.086,1127.0
2012-08-27,22.3,8.2,14.7,0.0,12.0,28.1,22.57,Fianarantsoa,-21.454,47.086,1127.0
2012-08-28,20.9,9.9,14.3,0.0,17.4,39.6,22.36,Fianarantsoa,-21.454,47.086,1127.0
2012-08-29,20.3,10.1,14.7,0.0,16.3,39.2,22.6,Fianarantsoa,-21.454,47.086,1127.0
2012-08-30,20.3,10.2,14.7,0.0,16.3,37.1,22.92,Fianarantsoa,-21.454,47.086,1127.0
2012-08-31,19.5,11.0,14.3,0.0,18.7,44.6,22.23,Fianarantsoa,-21.454,47.086,1127.0
2012-09-01,21.7,9.6,15.5,0.0,14.6,33.5,22.21,Fianarantsoa,-21.454,47.086,1127.0
2012-09-02,22.7,12.0,16.5,0.0,14.6,36.4,19.62,Fianarantsoa,-21.454,47.086,1127.0
2012-09-03,22.8,9.7,16.0,0.0,14.4,36.4,23.63,Fianarantsoa,-21.454,47.086,1127.0
2012-09-04,25.6,10.6,18.0,0.0,14.6,33.8,22.97,Fianarantsoa,-21.454,47.086,1127.0
2012-09-05,18.5,12.9,14.9,0.6,20.7,42.1,15.29,Fianarantsoa,-21.454,47.086,1127.0
2012-09-06,15.4,11.5,13.0,0.2,24.7,54.0,13.71,Fianarantsoa,-21.454,47.086,1127.0
2012-09-07,15.8,10.1,12.7,1.3,23.8,54.0,13.51,Fianarantsoa,-21.454,47.086,1127.0
2012-09-08,16.9,9.2,12.4,0.3,26.5,60.8,17.05,Fianarantsoa,-21.454,47.086,1127.0
2012-09-09,18.6,11.0,13.9,0.0,18.8,44.3,19.66,Fianarantsoa,-21.454,47.086,1127.0
2012-09-10,21.2,9.8,15.0,0.0,14.1,36.4,23.05,Fianarantsoa,-21.454,47.086,1127.0
2012-09-11,22.8,11.2,16.3,0.0,15.2,36.4,23.88,Fianarantsoa,-21.454,47.086,1127.0
2012-09-12,21.4,9.1,15.2,0.0,17.0,40.3,23.88,Fianarantsoa,-21.454,47.086,1127.0
2012-09-13,20.5,10.8,15.2,0.0,18.2,41.4,22.14,Fianarantsoa,-21.454,47.086,1127.0
2012-09-14,22.4,11.2,16.2,0.0,15.9,36.7,22.6,Fianarantsoa,-21.454,47.086,1127.0
2012-09-15,22.2,11.4,16.2,0.0,17.9,42.1,24.87,Fianarantsoa,-21.454,47.086,1127.0
2012-09-16,19.6,12.5,15.1,0.2,23.9,55.1,21.36,Fianarantsoa,-21.454,47.086,1127.0
2012-09-17,19.0,12.0,14.8,0.3,24.5,55.4,18.61,Fianarantsoa,-21.454,47.086,1127.0
2012-09-18,20.8,12.1,15.5,0.0,18.6,43.6,20.35,Fianarantsoa,-21.454,47.086,1127.0
2012-09-19,23.2,11.5,17.0,0.0,13.2,30.2,19.4,Fianarantsoa,-21.454,47.086,1127.0
2012-09-20,22.6,14.1,17.4,0.0,16.8,38.9,21.51,Fianarantsoa,-21.454,47.086,1127.0
2012-09-21,21.5,12.0,16.3,0.0,20.9,48.2,22.19,Fianarantsoa,-21.454,47.086,1127.0
2012-09-22,20.3,11.3,15.5,0.0,20.5,48.2,23.7,Fianarantsoa,-21.454,47.086,1127.0
2012-09-23,22.5,11.8,16.3,0.0,17.0,38.9,25.83,Fianarantsoa,-21.454,47.086,1127.0
2012-09-24,26.1,11.3,18.0,0.0,10.2,29.2,24.47,Fianarantsoa,-21.454,47.086,1127.0
2012-09-25,24.8,13.5,19.5,0.2,13.8,31.0,21.54,Fianarantsoa,-21.454,47.086,1127.0
2012-09-26,21.2,13.9,17.0,0.5,17.2,41.0,17.79,Fianarantsoa,-21.454,47.086,1127.0
2012-09-27,23.5,12.6,17.7,0.0,18.2,43.9,25.34,Fianarantsoa,-21.454,47.086,1127.0
2012-09-28,24.9,13.3,18.8,0.0,16.3,36.7,26.06,Fianarantsoa,-21.454,47.086,1127.0
2012-09-29,25.9,12.7,18.7,0.0,17.0,37.4,26.81,Fianarantsoa,-21.454,47.086,1127.0
2012-09-30,26.2,13.5,19.1,0.0,16.3,36.7,26.12,Fianarantsoa,-21.454,47.086,1127.0
2012-10-01,24.4,13.4,18.2,0.0,17.1,39.2,24.7,Fianarantsoa,-21.454,47.086,1127.0
2012-10-02,23.6,12.9,17.5,0.0,17.7,41.8,26.04,Fianarantsoa,-21.454,47.086,1127.0
2012-10-03,21.7,12.4,16.4,0.0,22.6,51.8,23.96,Fianarantsoa,-21.454,47.086,1127.0
2012-10-04,21.8,11.9,16.0,0.0,19.2,45.0,25.64,Fianarantsoa,-21.454,47.086,1127.0
2012-10-05,24.2,9.9,16.8,0.0,17.0,38.2,27.65,Fianarantsoa,-21.454,47.086,1127.0
2012-10-06,23.0,11.9,17.0,0.0,17.1,41.8,26.34,Fianarantsoa,-21.454,47.086,1127.0
2012-10-07,23.8,13.3,17.6,0.0,18.7,45.0,27.27,Fianarantsoa,-21.454,47.086,1127.0
2012-10-08,27.8,12.5,19.4,0.0,12.9,27.7,28.18,Fianarantsoa,-21.454,47.086,1127.0
2012-10-09,24.7,13.5,19.0,0.0,15.5,38.5,26.02,Fianarantsoa,-21.454,47.086,1127.0
2012-10-10,25.0,14.4,18.7,0.0,15.3,34.2,24.44,Fianarantsoa,-21.454,47.086,1127.0
2012-10-11,27.1,14.3,20.6,0.1,9.3,24.8,22.76,Fianarantsoa,-21.454,47.086,1127.0
2012-10-12,27.1,14.5,20.4,0.4,16.6,37.4,26.38,Fianarantsoa,-21.454,47.086,1127.0
2012-10-13,26.5,14.5,19.6,0.0,16.8,38.2,27.73,Fianarantsoa,-21.454,47.086,1127.0
2012-10-14,26.6,13.9,19.8,0.0,14.1,36.4,23.26,Fianarantsoa,-21.454,47.086,1127.0
2012-10-15,26.3,13.6,19.0,0.0,17.9,41.8,28.35,Fianarantsoa,-21.454,47.086,1127.0
2012-10-16,26.9,11.5,18.7,0.0,15.7,38.5,29.06,Fianarantsoa,-21.454,47.086,1127.0
2012-10-17,28.5,13.1,20.3,0.0,16.3,36.0,29.02,Fianarantsoa,-21.454,47.086,1127.0
2012-10-18,27.9,14.0,20.5,0.0,18.2,40.7,28.75,Fianarantsoa,-21.454,47.086,1127.0
2012-10-19,26.5,13.5,19.7,0.9,20.0,43.9,24.16,Fianarantsoa,-21.454,47.086,1127.0
2012-10-20,24.8,17.5,20.1,1.9,21.2,51.5,22.14,Fianarantsoa,-21.454,47.086,1127.0
2012-10-21,28.8,15.2,21.6,0.0,16.2,37.4,27.69,Fianarantsoa,-21.454,47.086,1127.0
2012-10-22,28.9,16.4,21.7,0.0,16.0,39.2,28.28,Fianarantsoa,-21.454,47.086,1127.0
2012-10-23,27.5,17.3,21.7,6.5,9.1,25.9,20.18,Fianarantsoa,-21.454,47.086,1127.0
2012-10-24,22.4,17.0,19.5,6.5,14.6,34.6,13.44,Fianarantsoa,-21.454,47.086,1127.0
2012-10-25,19.6,13.6,16.2,6.7,18.8,42.5,16.54,Fianarantsoa,-21.454,47.086,1127.0
2012-10-26,22.0,12.7,17.2,0.0,16.1,39.2,19.74,Fianarantsoa,-21.454,47.086,1127.0
2012-10-27,25.2,15.0,19.5,3.1,15.9,41.0,22.56,Fianarantsoa,-21.454,47.086,1127.0
2012-10-28,24.2,15.3,19.1,1.4,13.7,32.4,20.76,Fianarantsoa,-21.454,47.086,1127.0
2012-10-29,21.1,15.8,18.3,4.3,14.8,37.8,18.81,Fianarantsoa,-21.454,47.086,1127.0
2012-10-30,22.8,15.1,18.2,3.8,12.9,31.3,20.11,Fianarantsoa,-21.454,47.086,1127.0
2012-10-31,25.5,15.9,20.2,7.6,11.6,32.4,21.0,Fianarantsoa,-21.454,47.086,1127.0
2012-11-01,25.1,16.2,19.4,8.6,20.2,47.5,20.13,Fianarantsoa,-21.454,47.086,1127.0
2012-11-02,23.1,14.6,17.9,1.7,18.7,39.6,19.66,Fianarantsoa,-21.454,47.086,1127.0
2012-11-03,16.3,12.0,13.8,0.1,17.0,38.5,13.63,Fianarantsoa,-21.454,47.086,1127.0
2012-11-04,19.6,11.9,15.3,0.8,18.5,41.8,19.01,Fianarantsoa,-21.454,47.086,1127.0
2012-11-05,24.7,14.3,18.9,1.2,12.4,27.4,23.83,Fianarantsoa,-21.454,47.086,1127.0
2012-11-06,25.8,14.6,20.1,3.2,19.5,47.2,24.82,Fianarantsoa,-21.454,47.086,1127.0
2012-11-07,26.6,15.4,19.9,0.0,11.6,30.2,25.31,Fianarantsoa,-21.454,47.086,1127.0
2012-11-08,25.4,15.9,20.4,0.6,11.2,28.1,23.04,Fianarantsoa,-21.454,47.086,1127.0
2012-11-09,25.8,16.0,20.1,5.1,13.8,35.6,25.08,Fianarantsoa,-21.454,47.086,1127.0
2012-11-10,22.2,14.1,17.6,1.0,17.6,38.2,20.61,Fianarantsoa,-21.454,47.086,1127.0
2012-11-11,23.6,15.5,18.4,2.0,19.3,43.2,21.37,Fianarantsoa,-21.454,47.086,1127.0
2012-11-12,21.0,14.8,17.7,1.9,19.8,45.0,18.27,Fianarantsoa,-21.454,47.086,1127.0
2012-11-13,25.0,15.2,19.7,0.8,15.7,39.2,26.25,Fianarantsoa,-21.454,47.086,1127.0
2012-11-14,25.7,17.4,20.8,1.6,11.1,29.2,23.16,Fianarantsoa,-21.454,47.086,1127.0
2012-11-15,26.1,17.4,20.8,0.1,15.5,35.3,28.15,Fianarantsoa,-21.454,47.086,1127.0
2012-11-16,25.7,16.1,20.1,0.3,16.2,37.8,26.93,Fianarantsoa,-21.454,47.086,1127.0
2012-11-17,27.2,15.8,20.7,3.7,10.0,28.1,26.34,Fianarantsoa,-21.454,47.086,1127.0
2012-11-18,26.7,17.5,21.0,5.5,6.8,24.1,23.53,Fianarantsoa,-21.454,47.086,1127.0
2012-11-19,26.6,16.7,20.4,16.1,12.0,33.5,24.13,Fianarantsoa,-21.454,47.086,1127.0
2012-11-20,25.6,15.8,20.0,2.2,14.8,39.6,24.69,Fianarantsoa,-21.454,47.086,1127.0
2012-11-21,25.3,16.9,19.9,0.1,12.4,30.2,20.53,Fianarantsoa,-21.454,47.086,1127.0
2012-11-22,25.1,17.6,19.8,5.8,10.0,28.8,21.04,Fianarantsoa,-21.454,47.086,1127.0
2012-11-23,25.2,17.2,19.8,9.9,14.2,33.1,20.97,Fianarantsoa,-21.454,47.086,1127.0
2012-11-24,24.1,17.8,19.6,3.7,15.5,34.9,20.58,Fianarantsoa,-21.454,47.086,1127.0
2012-11-25,25.3,17.0,20.4,0.0,15.3,34.6,24.09,Fianarantsoa,-21.454,47.086,1127.0
2012-11-26,24.8,17.3,20.6,0.0,12.3,31.3,23.13,Fianarantsoa,-21.454,47.086,1127.0
2012-11-27,25.9,17.3,20.3,3.3,15.5,33.5,20.98,Fianarantsoa,-21.454,47.086,1127.0
2012-11-28,19.0,13.9,16.3,0.3,18.1,41.8,15.21,Fianarantsoa,-21.454,47.086,1127.0
2012-11-29,22.0,14.7,17.6,7.1,14.7,33.8,18.17,Fianarantsoa,-21.454,47.086,1127.0
2012-11-30,24.2,15.7,18.6,4.0,10.7,26.3,21.4,Fianarantsoa,-21.454,47.086,1127.0
2012-12-01,24.0,14.8,19.0,0.9,15.3,36.0,25.38,Fianarantsoa,-21.454,47.086,1127.0
2012-12-02,21.9,15.5,18.2,1.5,21.6,48.6,23.44,Fianarantsoa,-21.454,47.086,1127.0
2012-12-03,22.5,14.3,17.7,0.0,22.1,49.3,26.5,Fianarantsoa,-21.454,47.086,1127.0
2012-12-04,23.3,14.1,18.5,1.2,18.0,43.6,26.68,Fianarantsoa,-21.454,47.086,1127.0
2012-12-05,25.2,16.5,20.2,3.2,14.4,36.0,26.29,Fianarantsoa,-21.454,47.086,1127.0
2012-12-06,25.2,17.2,20.3,1.8,14.2,38.5,25.57,Fianarantsoa,-21.454,47.086,1127.0
2012-12-07,26.2,15.7,20.6,0.0,18.0,42.5,29.33,Fianarantsoa,-21.454,47.086,1127.0
2012-12-08,27.3,16.5,21.0,0.4,16.9,38.2,29.46,Fianarantsoa,-21.454,47.086,1127.0
2012-12-09,26.1,16.8,20.3,8.0,10.9,27.7,24.94,Fianarantsoa,-21.454,47.086,1127.0
2012-12-10,25.8,17.5,20.5,23.5,13.3,38.9,22.87,Fianarantsoa,-21.454,47.086,1127.0
2012-12-11,25.7,17.5,21.0,6.0,15.9,41.8,22.68,Fianarantsoa,-21.454,47.086,1127.0
2012-12-12,24.9,16.5,20.7,1.1,18.4,41.4,22.05,Fianarantsoa,-21.454,47.086,1127.0
2012-12-13,20.6,14.4,17.1,0.3,20.7,49.0,19.95,Fianarantsoa,-21.454,47.086,1127.0
2012-12-14,22.6,14.1,18.1,0.0,16.5,40.3,23.28,Fianarantsoa,-21.454,47.086,1127.0
2012-12-15,23.8,15.5,19.1,0.0,16.8,38.9,25.94,Fianarantsoa,-21.454,47.086,1127.0
2012-12-16,23.5,15.7,19.5,11.9,12.2,28.4,17.36,Fianarantsoa,-21.454,47.086,1127.0
2012-12-17,26.8,17.3,21.0,5.6,17.0,42.8,24.68,Fianarantsoa,-21.454,47.086,1127.0
2012-12-18,25.4,17.7,20.7,3.3,23.2,51.5,21.58,Fianarantsoa,-21.454,47.086,1127.0
2012-12-19,25.1,18.1,20.8,5.5,19.1,47.9,22.08,Fianarantsoa,-21.454,47.086,1127.0
2012-12-20,22.4,17.5,19.0,5.3,11.5,32.0,19.29,Fianarantsoa,-21.454,47.086,1127.0
2012-12-21,22.0,16.4,18.2,1.8,15.9,35.6,17.57,Fianarantsoa,-21.454,47.086,1127.0
2012-12-22,22.7,16.0,18.6,2.4,14.6,34.6,19.58,Fianarantsoa,-21.454,47.086,1127.0
2012-12-23,23.2,16.8,19.3,2.3,14.7,34.2,19.35,Fianarantsoa,-21.454,47.086,1127.0
2012-12-24,25.3,16.5,20.2,1.2,12.0,28.1,23.75,Fianarantsoa,-21.454,47.086,1127.0
2012-12-25,25.0,17.2,20.2,0.1,15.9,33.8,24.24,Fianarantsoa,-21.454,47.086,1127.0
2012-12-26,25.0,15.8,19.8,0.3,14.0,35.6,22.84,Fianarantsoa,-21.454,47.086,1127.0
2012-12-27,26.4,17.0,20.7,2.9,13.7,35.3,25.76,Fianarantsoa,-21.454,47.086,1127.0
2012-12-28,24.5,18.4,20.1,10.2,17.5,39.2,19.15,Fianarantsoa,-21.454,47.086,1127.0
2012-12-29,23.6,16.6,19.7,4.1,16.6,39.2,19.75,Fianarantsoa,-21.454,47.086,1127.0
2012-12-30,24.5,14.9,19.5,0.0,18.5,43.2,29.96,Fianarantsoa,-21.454,47.086,1127.0
2012-12-31,23.9,15.9,19.6,0.4,18.5,42.5,25.15,Fianarantsoa,-21.454,47.086,1127.0
2013-01-01,24.4,16.6,19.8,1.9,16.9,40.0,24.31,Fianarantsoa,-21.454,47.086,1127.0
2013-01-02,27.3,15.8,20.9,0.0,12.7,29.2,32.9,Fianarantsoa,-21.454,47.086,1127.0
2013-01-03,27.4,15.2,20.9,0.0,11.2,29.2,32.93,Fianarantsoa,-21.454,47.086,1127.0
2013-01-04,27.1,17.4,22.2,1.3,21.7,54.7,24.03,Fianarantsoa,-21.454,47.086,1127.0
2013-01-05,27.9,19.0,22.7,1.6,11.2,30.2,23.19,Fianarantsoa,-21.454,47.086,1127.0
2013-01-06,21.6,17.7,19.4,3.9,18.0,41.8,14.92,Fianarantsoa,-21.454,47.086,1127.0
2013-01-07,26.0,18.7,20.9,5.7,13.7,35.3,16.06,Fianarantsoa,-21.454,47.086,1127.0
2013-01-08,25.9,18.8,20.8,7.0,14.5,33.8,18.97,Fianarantsoa,-21.454,47.086,1127.0
2013-01-09,25.1,18.2,21.0,0.0,15.8,36.0,21.1,Fianarantsoa,-21.454,47.086,1127.0
2013-01-10,26.1,17.0,20.9,0.0,18.2,41.4,28.96,Fianarantsoa,-21.454,47.086,1127.0
2013-01-11,25.9,16.3,20.7,0.0,18.1,43.9,30.87,Fianarantsoa,-21.454,47.086,1127.0
2013-01-12,24.4,16.1,20.0,0.6,18.8,44.3,25.72,Fianarantsoa,-21.454,47.086,1127.0
2013-01-13,24.7,15.9,20.0,1.2,16.3,37.8,26.32,Fianarantsoa,-21.454,47.086,1127.0
2013-01-14,24.9,17.1,20.4,0.3,18.3,43.6,25.36,Fianarantsoa,-21.454,47.086,1127.0
2013-01-15,26.5,16.4,20.9,0.0,17.3,38.9,30.04,Fianarantsoa,-21.454,47.086,1127.0
2013-01-16,26.0,15.3,20.1,0.0,20.2,44.6,31.04,Fianarantsoa,-21.454,47.086,1127.0
2013-01-17,24.0,16.1,19.3,9.5,16.0,39.6,23.9,Fianarantsoa,-21.454,47.086,1127.0
2013-01-18,21.8,16.2,18.4,14.5,14.8,38.5,16.16,Fianarantsoa,-21.454,47.086,1127.0
2013-01-19,23.9,16.5,19.3,8.9,12.5,34.2,23.01,Fianarantsoa,-21.454,47.086,1127.0
2013-01-20,25.8,16.5,20.4,7.6,8.2,24.5,22.87,Fianarantsoa,-21.454,47.086,1127.0
2013-01-21,27.6,17.8,21.7,11.2,12.4,33.1,24.25,Fianarantsoa,-21.454,47.086,1127.0
2013-01-22,26.7,19.0,22.2,7.3,18.1,42.1,23.26,Fianarantsoa,-21.454,47.086,1127.0
2013-01-23,26.8,19.4,22.5,1.5,21.3,49.0,22.25,Fianarantsoa,-21.454,47.086,1127.0
2013-01-24,26.5,20.0,22.3,17.0,19.5,44.3,16.32,Fianarantsoa,-21.454,47.086,1127.0
2013-01-25,26.5,20.2,22.0,28.3,9.1,32.4,13.55,Fianarantsoa,-21.454,47.086,1127.0
2013-01-26,22.8,19.8,21.0,20.4,9.2,27.0,10.25,Fianarantsoa,-21.454,47.086,1127.0
2013-01-27,23.9,19.6,21.1,3.7,14.0,35.6,15.26,Fianarantsoa,-21.454,47.086,1127.0
2013-01-28,22.8,19.1,20.5,1.9,14.1,32.0,13.0,Fianarantsoa,-21.454,47.086,1127.0
2013-01-29,23.5,19.0,20.5,1.0,22.5,49.3,21.52,Fianarantsoa,-21.454,47.086,1127.0
2013-01-30,23.2,18.5,20.2,2.4,23.3,52.6,21.35,Fianarantsoa,-21.454,47.086,1127.0
2013-01-31,22.1,18.4,19.7,8.9,24.8,56.2,15.06,Fianarantsoa,-21.454,47.086,1127.0
2013-02-01,25.1,18.2,20.5,10.5,17.2,42.5,19.32,Fianarantsoa,-21.454,47.086,1127.0
2013-02-02,24.8,18.7,21.0,6.6,20.9,47.5,20.15,Fianarantsoa,-21.454,47.086,1127.0
2013-02-03,23.5,18.5,20.5,28.9,28.3,55.1,13.36,Fianarantsoa,-21.454,47.086,1127.0
2013-02-04,25.2,18.2,21.1,1.3,23.1,51.8,22.17,Fianarantsoa,-21.454,47.086,1127.0
2013-02-05,25.6,18.7,21.5,9.1,14.8,38.5,21.5,Fianarantsoa,-21.454,47.086,1127.0
2013-02-06,26.1,18.7,21.1,34.1,11.7,31.0,18.41,Fianarantsoa,-21.454,47.086,1127.0
2013-02-07,24.6,18.7,20.6,27.6,8.6,22.7,18.0,Fianarantsoa,-21.454,47.086,1127.0
2013-02-08,26.5,18.4,21.1,44.7,8.4,27.7,22.19,Fianarantsoa,-21.454,47.086,1127.0
2013-02-09,24.3,18.8,20.4,67.7,6.3,30.6,13.29,Fianarantsoa,-21.454,47.086,1127.0
2013-02-10,22.7,18.4,19.8,20.0,12.4,28.8,14.48,Fianarantsoa,-21.454,47.086,1127.0
2013-02-11,21.6,18.0,19.1,13.3,16.0,38.2,8.87,Fianarantsoa,-21.454,47.086,1127.0
2013-02-12,20.5,17.6,18.8,2.5,24.9,55.1,13.2,Fianarantsoa,-21.454,47.086,1127.0
2013-02-13,20.7,17.5,18.6,5.4,22.5,49.3,12.47,Fianarantsoa,-21.454,47.086,1127.0
2013-02-14,22.3,17.9,19.3,1.5,19.5,42.8,14.89,Fianarantsoa,-21.454,47.086,1127.0
2013-02-15,20.8,17.8,18.9,16.8,17.9,39.2,7.92,Fianarantsoa,-21.454,47.086,1127.0
2013-02-16,19.6,17.4,18.3,22.2,20.5,46.8,8.42,Fianarantsoa,-21.454,47.086,1127.0
2013-02-17,19.4,17.0,17.8,10.1,21.4,47.2,6.83,Fianarantsoa,-21.454,47.086,1127.0
2013-02-18,21.5,17.3,18.9,0.2,25.6,55.4,14.45,Fianarantsoa,-21.454,47.086,1127.0
2013-02-19,23.7,18.3,20.3,17.1,15.6,35.6,15.06,Fianarantsoa,-21.454,47.086,1127.0
2013-02-20,25.7,18.5,21.2,24.8,13.8,38.5,17.63,Fianarantsoa,-21.454,47.086,1127.0
2013-02-21,27.3,17.6,22.2,0.2,15.3,47.9,24.48,Fianarantsoa,-21.454,47.086,1127.0
2013-02-22,25.3,18.6,21.5,4.0,27.2,60.1,17.95,Fianarantsoa,-21.454,47.086,1127.0
2013-02-23,23.0,18.7,20.3,4.6,38.7,81.0,17.06,Fianarantsoa,-21.454,47.086,1127.0
2013-02-24,24.1,18.4,20.8,2.7,22.7,49.7,22.29,Fianarantsoa,-21.454,47.086,1127.0
2013-02-25,22.2,17.7,19.3,4.4,13.0,31.0,16.63,Fianarantsoa,-21.454,47.086,1127.0
2013-02-26,21.1,16.0,18.1,0.7,14.9,36.0,14.54,Fianarantsoa,-21.454,47.086,1127.0
2013-02-27,21.7,15.2,17.9,1.4,14.6,32.8,17.55,Fianarantsoa,-21.454,47.086,1127.0
2013-02-28,22.9,15.0,17.9,0.0,14.4,31.3,22.08,Fianarantsoa,-21.454,47.086,1127.0
2013-03-01,26.1,13.4,19.4,0.0,10.2,25.9,25.67,Fianarantsoa,-21.454,47.086,1127.0
2013-03-02,25.8,17.4,21.0,0.0,13.4,31.7,26.73,Fianarantsoa,-21.454,47.086,1127.0
2013-03-03,26.4,17.5,21.3,0.0,11.9,29.2,27.04,Fianarantsoa,-21.454,47.086,1127.0
2013-03-04,26.2,18.3,21.3,0.1,12.6,31.0,22.91,Fianarantsoa,-21.454,47.086,1127.0
2013-03-05,22.9,18.0,20.2,1.5,17.3,40.0,18.95,Fianarantsoa,-21.454,47.086,1127.0
2013-03-06,24.1,16.9,19.5,0.0,20.0,45.4,24.34,Fianarantsoa,-21.454,47.086,1127.0
2013-03-07,23.9,16.3,19.1,0.0,19.4,45.4,23.36,Fianarantsoa,-21.454,47.086,1127.0
2013-03-08,22.9,16.0,19.0,0.8,17.1,40.0,21.38,Fianarantsoa,-21.454,47.086,1127.0
2013-03-09,23.0,16.2,19.0,1.5,19.4,44.3,20.65,Fianarantsoa,-21.454,47.086,1127.0
2013-03-10,23.5,16.4,19.2,1.9,14.7,35.3,21.34,Fianarantsoa,-21.454,47.086,1127.0
2013-03-11,23.6,16.9,19.6,0.7,12.9,32.4,21.99,Fianarantsoa,-21.454,47.086,1127.0
2013-03-12,24.9,15.7,19.8,2.2,12.0,32.0,22.14,Fianarantsoa,-21.454,47.086,1127.0
2013-03-13,25.5,17.1,20.2,5.1,9.5,27.4,18.99,Fianarantsoa,-21.454,47.086,1127.0
2013-03-14,25.3,16.6,20.4,1.4,8.4,19.8,20.99,Fianarantsoa,-21.454,47.086,1127.0
2013-03-15,24.5,17.8,20.3,2.4,11.8,29.2,19.82,Fianarantsoa,-21.454,47.086,1127.0
2013-03-16,24.7,17.8,20.2,25.0,11.0,27.7,18.3,Fianarantsoa,-21.454,47.086,1127.0
2013-03-17,25.7,17.6,20.6,5.9,13.0,29.5,20.75,Fianarantsoa,-21.454,47.086,1127.0
2013-03-18,26.4,17.6,20.6,5.5,8.7,23.0,18.77,Fianarantsoa,-21.454,47.086,1127.0
2013-03-19,26.0,17.4,20.5,11.9,8.3,25.2,17.48,Fianarantsoa,-21.454,47.086,1127.0
2013-03-20,24.1,17.8,20.1,7.8,8.5,32.4,15.2,Fianarantsoa,-21.454,47.086,1127.0
2013-03-21,23.7,15.5,19.2,2.4,11.5,26.3,18.6,Fianarantsoa,-21.454,47.086,1127.0
2013-03-22,22.3,17.3,19.0,1.6,15.6,33.5,15.96,Fianarantsoa,-21.454,47.086,1127.0
2013-03-23,23.4,16.9,19.2,0.0,13.1,29.5,16.47,Fianarantsoa,-21.454,47.086,1127.0
2013-03-24,24.6,16.8,19.6,0.0,11.5,28.1,22.51,Fianarantsoa,-21.454,47.086,1127.0
2013-03-25,24.6,16.1,19.3,0.0,12.2,24.1,23.56,Fianarantsoa,-21.454,47.086,1127.0
2013-03-26,22.6,15.7,18.6,0.0,15.1,32.8,20.44,Fianarantsoa,-21.454,47.086,1127.0
2013-03-27,21.5,12.3,17.0,0.3,17.0,39.6,20.91,Fianarantsoa,-21.454,47.086,1127.0
2013-03-28,21.9,15.6,18.1,0.0,14.8,36.4,19.9,Fianarantsoa,-21.454,47.086,1127.0
2013-03-29,20.4,15.7,17.4,1.5,18.8,43.9,17.46,Fianarantsoa,-21.454,47.086,1127.0
2013-03-30,20.4,15.1,17.3,0.2,20.2,45.4,15.26,Fianarantsoa,-21.454,47.086,1127.0
2013-03-31,21.0,16.2,17.7,1.0,21.6,47.2,15.88,Fianarantsoa,-21.454,47.086,1127.0
2013-04-01,21.6,14.8,17.5,0.1,17.1,39.2,19.98,Fianarantsoa,-21.454,47.086,1127.0
2013-04-02,20.9,13.3,16.5,0.0,14.3,36.0,22.15,Fianarantsoa,-21.454,47.086,1127.0
2013-04-03,22.2,14.4,17.4,0.0,13.4,31.7,20.0,Fianarantsoa,-21.454,47.086,1127.0
2013-04-04,22.9,13.3,18.0,0.0,12.8,32.4,24.42,Fianarantsoa,-21.454,47.086,1127.0
2013-04-05,23.9,14.1,18.8,0.0,13.0,30.6,23.54,Fianarantsoa,-21.454,47.086,1127.0
2013-04-06,22.8,15.7,18.6,0.1,17.0,39.6,17.85,Fianarantsoa,-21.454,47.086,1127.0
2013-04-07,23.5,15.3,19.0,0.0,14.4,35.6,20.16,Fianarantsoa,-21.454,47.086,1127.0
2013-04-08,21.5,16.0,18.8,1.2,16.8,40.3,13.27,Fianarantsoa,-21.454,47.086,1127.0
2013-04-09,23.1,18.1,20.0,0.6,19.5,44.6,15.74,Fianarantsoa,-21.454,47.086,1127.0
2013-04-10,22.9,16.6,19.3,0.1,19.8,44.3,17.85,Fianarantsoa,-21.454,47.086,1127.0
2013-04-11,24.6,14.8,19.3,0.0,10.5,28.1,21.32,Fianarantsoa,-21.454,47.086,1127.0
2013-04-12,25.7,15.6,20.3,0.0,9.7,21.6,22.56,Fianarantsoa,-21.454,47.086,1127.0
2013-04-13,19.7,15.3,17.8,0.8,14.9,32.4,12.68,Fianarantsoa,-21.454,47.086,1127.0
2013-04-14,21.6,14.1,17.1,0.0,15.0,36.0,17.97,Fianarantsoa,-21.454,47.086,1127.0
2013-04-15,20.0,15.2,16.9,0.4,16.3,37.8,16.2,Fianarantsoa,-21.454,47.086,1127.0
2013-04-16,22.1,15.0,17.6,0.0,15.2,35.3,17.02,Fianarantsoa,-21.454,47.086,1127.0
2013-04-17,20.5,15.1,17.2,0.1,16.9,39.2,14.53,Fianarantsoa,-21.454,47.086,1127.0
2013-04-18,21.9,12.4,17.3,0.0,14.8,35.6,21.23,Fianarantsoa,-21.454,47.086,1127.0
2013-04-19,23.9,14.3,18.3,0.0,14.7,34.2,20.93,Fianarantsoa,-21.454,47.086,1127.0
2013-04-20,24.3,14.4,18.9,0.0,13.6,34.9,22.15,Fianarantsoa,-21.454,47.086,1127.0
2013-04-21,24.0,15.4,19.3,0.0,15.0,36.4,21.0,Fianarantsoa,-21.454,47.086,1127.0
2013-04-22,25.4,16.1,19.9,0.0,9.4,23.8,22.02,Fianarantsoa,-21.454,47.086,1127.0
2013-04-23,26.6,14.5,20.4,0.0,7.3,21.6,19.52,Fianarantsoa,-21.454,47.086,1127.0
2013-04-24,23.3,17.2,19.1,2.7,11.2,26.6,15.84,Fianarantsoa,-21.454,47.086,1127.0
2013-04-25,18.1,13.2,15.8,0.1,20.4,45.4,9.36,Fianarantsoa,-21.454,47.086,1127.0
2013-04-26,17.5,13.0,14.8,0.5,16.9,38.2,9.8,Fianarantsoa,-21.454,47.086,1127.0
2013-04-27,19.7,13.0,15.5,0.0,17.7,42.1,16.95,Fianarantsoa,-21.454,47.086,1127.0
2013-04-28,18.9,13.8,15.6,1.4,18.4,39.6,14.17,Fianarantsoa,-21.454,47.086,1127.0
2013-04-29,20.7,14.2,16.7,0.0,13.5,33.5,16.27,Fianarantsoa,-21.454,47.086,1127.0
2013-04-30,23.6,12.0,17.3,0.0,12.4,28.8,19.71,Fianarantsoa,-21.454,47.086,1127.0
2013-05-01,18.3,13.2,15.3,0.8,17.2,38.2,15.09,Fianarantsoa,-21.454,47.086,1127.0
2013-05-02,19.1,13.5,15.5,0.4,20.3,48.2,15.83,Fianarantsoa,-21.454,47.086,1127.0
2013-05-03,19.7,13.8,15.9,1.8,16.2,38.2,13.04,Fianarantsoa,-21.454,47.086,1127.0
2013-05-04,21.1,13.8,16.9,1.5,14.1,34.2,16.96,Fianarantsoa,-21.454,47.086,1127.0
2013-05-05,22.7,15.3,18.2,1.0,11.8,30.6,15.75,Fianarantsoa,-21.454,47.086,1127.0
2013-05-06,24.0,14.9,19.0,0.3,18.8,44.6,17.24,Fianarantsoa,-21.454,47.086,1127.0
2013-05-07,21.1,13.6,16.5,0.0,13.8,29.9,18.69,Fianarantsoa,-21.454,47.086,1127.0
2013-05-08,20.5,11.8,15.0,0.0,13.9,30.2,18.01,Fianarantsoa,-21.454,47.086,1127.0
2013-05-09,23.8,12.7,17.0,0.0,12.2,28.1,16.65,Fianarantsoa,-21.454,47.086,1127.0
2013-05-10,25.0,14.2,19.2,0.0,13.6,28.4,17.3,Fianarantsoa,-21.454,47.086,1127.0
2013-05-11,20.6,14.8,17.0,0.8,18.9,36.0,12.7,Fianarantsoa,-21.454,47.086,1127.0
2013-05-12,16.7,14.3,15.1,0.2,19.7,42.8,7.69,Fianarantsoa,-21.454,47.086,1127.0
2013-05-13,16.7,14.3,15.4,0.0,17.1,37.8,6.35,Fianarantsoa,-21.454,47.086,1127.0
2013-05-14,19.1,14.9,16.2,2.2,17.6,42.8,9.62,Fianarantsoa,-21.454,47.086,1127.0
2013-05-15,19.3,13.7,15.7,0.0,19.8,45.4,15.94,Fianarantsoa,-21.454,47.086,1127.0
2013-05-16,19.5,13.5,15.9,0.0,18.8,43.6,15.13,Fianarantsoa,-21.454,47.086,1127.0
2013-05-17,20.0,13.5,15.9,0.0,15.2,37.1,16.96,Fianarantsoa,-21.454,47.086,1127.0
2013-05-18,20.6,12.8,16.0,0.0,12.6,28.1,18.09,Fianarantsoa,-21.454,47.086,1127.0
2013-05-19,19.3,12.5,15.3,0.0,19.5,45.4,15.39,Fianarantsoa,-21.454,47.086,1127.0
2013-05-20,21.2,12.6,16.0,0.0,13.9,31.7,16.69,Fianarantsoa,-21.454,47.086,1127.0
2013-05-21,21.3,12.8,16.4,0.0,14.2,31.3,15.27,Fianarantsoa,-21.454,47.086,1127.0
2013-05-22,22.1,12.9,16.8,0.0,8.8,24.8,15.79,Fianarantsoa,-21.454,47.086,1127.0
2013-05-23,23.9,12.9,17.9,0.0,8.5,22.3,17.16,Fianarantsoa,-21.454,47.086,1127.0
2013-05-24,19.5,14.9,16.5,0.5,12.2,31.3,12.71,Fianarantsoa,-21.454,47.086,1127.0
2013-05-25,21.6,14.5,17.0,0.0,11.5,26.3,15.47,Fianarantsoa,-21.454,47.086,1127.0
2013-05-26,20.7,14.3,16.1,1.4,13.9,34.6,14.42,Fianarantsoa,-21.454,47.086,1127.0
2013-05-27,21.7,13.0,16.6,2.4,10.0,31.7,14.87,Fianarantsoa,-21.454,47.086,1127.0
2013-05-28,22.2,11.7,16.3,0.0,10.5,27.7,17.87,Fianarantsoa,-21.454,47.086,1127.0
2013-05-29,22.6,11.0,16.5,0.0,9.8,22.3,17.63,Fianarantsoa,-21.454,47.086,1127.0
2013-05-30,22.2,13.8,16.9,0.0,9.7,21.2,16.21,Fianarantsoa,-21.454,47.086,1127.0
2013-05-31,22.9,13.4,17.4,0.0,14.4,32.0,17.2,Fianarantsoa,-21.454,47.086,1127.0
2013-06-01,20.1,13.1,15.7,0.3,15.2,34.9,16.09,Fianarantsoa,-21.454,47.086,1127.0
2013-06-02,16.0,12.4,13.6,0.9,22.3,49.7,11.61,Fianarantsoa,-21.454,47.086,1127.0
2013-06-03,14.9,9.8,12.0,0.3,24.4,54.7,13.79,Fianarantsoa,-21.454,47.086,1127.0
2013-06-04,17.2,8.8,12.1,0.0,16.1,40.3,17.47,Fianarantsoa,-21.454,47.086,1127.0
2013-06-05,21.6,5.9,13.7,0.0,6.4,19.1,17.79,Fianarantsoa,-21.454,47.086,1127.0
2013-06-06,20.4,11.0,14.9,0.0,8.8,22.0,17.75,Fianarantsoa,-21.454,47.086,1127.0
2013-06-07,17.0,10.9,13.4,0.0,17.3,39.6,10.2,Fianarantsoa,-21.454,47.086,1127.0
2013-06-08,20.0,11.2,14.5,0.0,7.9,20.5,15.72,Fianarantsoa,-21.454,47.086,1127.0
2013-06-09,21.5,10.3,15.0,0.0,8.4,23.0,17.49,Fianarantsoa,-21.454,47.086,1127.0
2013-06-10,20.0,10.0,14.3,0.0,12.8,29.9,16.78,Fianarantsoa,-21.454,47.086,1127.0
2013-06-11,17.4,10.7,13.4,0.0,22.0,49.3,13.63,Fianarantsoa,-21.454,47.086,1127.0
2013-06-12,18.1,11.1,13.7,0.0,19.0,44.6,15.99,Fianarantsoa,-21.454,47.086,1127.0
2013-06-13,19.0,8.3,13.6,0.0,13.6,32.8,17.13,Fianarantsoa,-21.454,47.086,1127.0
2013-06-14,19.6,8.9,13.9,0.0,11.8,31.0,17.12,Fianarantsoa,-21.454,47.086,1127.0
2013-06-15,20.6,10.2,14.8,0.0,8.3,23.8,16.39,Fianarantsoa,-21.454,47.086,1127.0
2013-06-16,20.6,11.5,15.1,0.0,13.0,29.5,15.43,Fianarantsoa,-21.454,47.086,1127.0
2013-06-17,16.0,8.6,12.3,0.1,14.5,34.2,13.86,Fianarantsoa,-21.454,47.086,1127.0
2013-06-18,15.0,7.9,10.9,0.0,19.3,45.4,15.51,Fianarantsoa,-21.454,47.086,1127.0
2013-06-19,15.3,10.5,12.4,0.2,19.4,44.3,7.83,Fianarantsoa,-21.454,47.086,1127.0
2013-06-20,15.3,8.8,12.1,0.0,17.2,42.8,10.87,Fianarantsoa,-21.454,47.086,1127.0
2013-06-21,16.4,9.8,12.9,0.1,21.3,48.6,10.18,Fianarantsoa,-21.454,47.086,1127.0
2013-06-22,16.4,11.5,13.2,0.0,18.9,43.2,15.26,Fianarantsoa,-21.454,47.086,1127.0
2013-06-23,16.8,9.3,12.7,0.0,20.9,48.6,16.53,Fianarantsoa,-21.454,47.086,1127.0
2013-06-24,16.9,10.5,13.1,0.0,19.5,45.4,10.25,Fianarantsoa,-21.454,47.086,1127.0
2013-06-25,16.6,11.3,13.1,0.0,18.7,45.4,10.58,Fianarantsoa,-21.454,47.086,1127.0
2013-06-26,21.0,8.1,14.6,0.0,11.2,26.6,17.14,Fianarantsoa,-21.454,47.086,1127.0
2013-06-27,22.7,9.5,15.9,0.0,11.2,27.4,17.02,Fianarantsoa,-21.454,47.086,1127.0
2013-06-28,21.4,9.7,15.4,0.0,11.9,24.1,16.21,Fianarantsoa,-21.454,47.086,1127.0
2013-06-29,19.0,12.7,14.8,0.0,14.4,32.8,13.15,Fianarantsoa,-21.454,47.086,1127.0
2013-06-30,22.1,12.1,16.4,0.0,12.6,25.6,15.31,Fianarantsoa,-21.454,47.086,1127.0
2013-07-01,21.7,12.1,16.2,0.0,7.2,17.6,16.56,Fianarantsoa,-21.454,47.086,1127.0
2013-07-02,18.9,13.2,15.2,0.0,13.0,32.4,13.16,Fianarantsoa,-21.454,47.086,1127.0
2013-07-03,20.2,11.7,14.9,0.0,12.0,27.4,15.59,Fianarantsoa,-21.454,47.086,1127.0
2013-07-04,19.8,8.5,14.0,0.0,12.6,32.4,17.43,Fianarantsoa,-21.454,47.086,1127.0
2013-07-05,21.5,10.5,15.0,0.0,7.9,22.3,17.61,Fianarantsoa,-21.454,47.086,1127.0
2013-07-06,20.2,10.5,14.2,0.0,10.9,25.6,15.25,Fianarantsoa,-21.454,47.086,1127.0
2013-07-07,16.8,9.8,12.7,0.0,12.2,29.9,14.48,Fianarantsoa,-21.454,47.086,1127.0
2013-07-08,16.2,9.5,12.0,0.0,15.6,37.1,13.82,Fianarantsoa,-21.454,47.086,1127.0
2013-07-09,16.5,7.8,11.7,0.0,13.0,33.5,15.64,Fianarantsoa,-21.454,47.086,1127.0
2013-07-10,17.0,9.0,12.0,0.0,12.8,29.9,16.3,Fianarantsoa,-21.454,47.086,1127.0
2013-07-11,16.0,7.1,11.3,0.0,15.9,34.9,13.42,Fianarantsoa,-21.454,47.086,1127.0
2013-07-12,14.1,9.7,11.5,0.2,18.9,43.9,8.5,Fianarantsoa,-21.454,47.086,1127.0
2013-07-13,17.0,7.9,12.1,0.0,17.1,40.3,15.21,Fianarantsoa,-21.454,47.086,1127.0
2013-07-14,18.6,9.0,13.5,0.0,13.4,34.2,14.24,Fianarantsoa,-21.454,47.086,1127.0
2013-07-15,18.6,11.5,14.3,0.0,14.3,34.6,15.19,Fianarantsoa,-21.454,47.086,1127.0
2013-07-16,18.1,10.9,13.9,0.0,14.3,36.7,15.74,Fianarantsoa,-21.454,47.086,1127.0
2013-07-17,21.7,9.3,14.8,0.0,9.4,24.1,17.51,Fianarantsoa,-21.454,47.086,1127.0
2013-07-18,19.5,10.6,14.1,0.0,18.9,42.5,16.18,Fianarantsoa,-21.454,47.086,1127.0
2013-07-19,12.7,8.3,10.1,0.0,18.8,41.0,12.13,Fianarantsoa,-21.454,47.086,1127.0
2013-07-20,17.0,7.7,11.3,0.0,15.3,34.9,16.28,Fianarantsoa,-21.454,47.086,1127.0
2013-07-21,18.8,7.3,12.4,0.0,10.8,27.4,18.03,Fianarantsoa,-21.454,47.086,1127.0
2013-07-22,16.0,6.3,11.4,0.0,20.5,46.8,13.82,Fianarantsoa,-21.454,47.086,1127.0
2013-07-23,16.4,11.0,13.3,1.0,18.9,43.9,11.24,Fianarantsoa,-21.454,47.086,1127.0
2013-07-24,16.7,8.7,12.6,0.0,16.2,39.6,11.96,Fianarantsoa,-21.454,47.086,1127.0
2013-07-25,17.6,10.4,13.5,0.0,16.8,41.0,15.92,Fianarantsoa,-21.454,47.086,1127.0
2013-07-26,17.4,11.1,13.5,0.0,19.9,46.4,15.17,Fianarantsoa,-21.454,47.086,1127.0
2013-07-27,18.8,11.2,14.0,0.0,15.0,36.4,16.36,Fianarantsoa,-21.454,47.086,1127.0
2013-07-28,20.6,9.1,14.8,0.0,12.9,32.4,17.71,Fianarantsoa,-21.454,47.086,1127.0
2013-07-29,22.5,11.6,16.3,0.0,8.9,20.2,17.28,Fianarantsoa,-21.454,47.086,1127.0
2013-07-30,18.5,11.9,15.0,0.2,15.2,34.2,12.41,Fianarantsoa,-21.454,47.086,1127.0
2013-07-31,14.9,9.8,12.1,0.1,19.3,45.4,14.39,Fianarantsoa,-21.454,47.086,1127.0
2013-08-01,15.1,9.7,11.7,0.1,20.0,46.1,14.69,Fianarantsoa,-21.454,47.086,1127.0
2013-08-02,14.8,8.4,11.0,0.1,22.7,52.9,14.37,Fianarantsoa,-21.454,47.086,1127.0
2013-08-03,15.4,9.0,11.5,0.7,24.2,55.4,13.64,Fianarantsoa,-21.454,47.086,1127.0
2013-08-04,15.5,10.4,12.0,0.5,25.6,58.3,15.58,Fianarantsoa,-21.454,47.086,1127.0
2013-08-05,14.5,10.5,11.9,1.5,24.2,52.6,12.54,Fianarantsoa,-21.454,47.086,1127.0
2013-08-06,15.0,10.3,12.1,2.2,20.1,48.6,12.29,Fianarantsoa,-21.454,47.086,1127.0
2013-08-07,15.5,10.8,12.5,0.5,21.0,49.3,14.32,Fianarantsoa,-21.454,47.086,1127.0
2013-08-08,18.5,10.4,13.5,0.0,17.4,41.4,17.06,Fianarantsoa,-21.454,47.086,1127.0
2013-08-09,18.4,10.5,13.4,0.0,17.5,41.8,16.36,Fianarantsoa,-21.454,47.086,1127.0
2013-08-10,18.9,10.8,13.7,0.0,14.2,36.4,16.03,Fianarantsoa,-21.454,47.086,1127.0
2013-08-11,20.9,9.9,14.6,0.0,13.0,32.4,18.95,Fianarantsoa,-21.454,47.086,1127.0
2013-08-12,21.0,9.9,14.7,0.0,13.4,33.5,20.66,Fianarantsoa,-21.454,47.086,1127.0
2013-08-13,22.6,8.5,14.8,0.0,9.7,24.1,20.78,Fianarantsoa,-21.454,47.086,1127.0
2013-08-14,22.7,9.8,15.4,0.0,12.7,32.8,20.96,Fianarantsoa,-21.454,47.086,1127.0
2013-08-15,21.1,10.2,15.1,0.0,14.5,34.6,21.32,Fianarantsoa,-21.454,47.086,1127.0
2013-08-16,22.1,9.8,14.8,0.0,9.9,27.4,21.58,Fianarantsoa,-21.454,47.086,1127.0
2013-08-17,22.4,9.7,15.3,0.0,14.7,34.2,21.39,Fianarantsoa,-21.454,47.086,1127.0
2013-08-18,22.2,7.8,14.8,0.0,12.6,33.1,21.9,Fianarantsoa,-21.454,47.086,1127.0
2013-08-19,23.4,9.2,16.1,0.0,13.7,32.8,21.54,Fianarantsoa,-21.454,47.086,1127.0
2013-08-20,15.7,10.0,12.8,0.2,20.5,47.2,12.83,Fianarantsoa,-21.454,47.086,1127.0
2013-08-21,16.0,9.1,11.6,0.0,18.8,44.6,18.34,Fianarantsoa,-21.454,47.086,1127.0
2013-08-22,22.0,9.1,14.1,0.0,12.2,29.2,21.42,Fianarantsoa,-21.454,47.086,1127.0
2013-08-23,22.3,9.5,15.4,0.0,13.0,31.0,21.06,Fianarantsoa,-21.454,47.086,1127.0
2013-08-24,20.7,10.6,14.6,0.0,14.1,36.4,21.87,Fianarantsoa,-21.454,47.086,1127.0
2013-08-25,24.0,10.0,15.9,0.1,20.9,42.8,21.64,Fianarantsoa,-21.454,47.086,1127.0
2013-08-26,15.3,11.4,12.7,1.7,25.9,58.0,11.59,Fianarantsoa,-21.454,47.086,1127.0
2013-08-27,14.6,9.3,11.6,0.0,23.9,54.4,17.86,Fianarantsoa,-21.454,47.086,1127.0
2013-08-28,17.1,8.9,12.3,0.0,22.3,50.8,20.35,Fianarantsoa,-21.454,47.086,1127.0
2013-08-29,17.9,9.7,13.2,0.0,20.8,48.2,18.76,Fianarantsoa,-21.454,47.086,1127.0
2013-08-30,20.5,10.2,14.7,0.0,17.3,38.9,22.78,Fianarantsoa,-21.454,47.086,1127.0
2013-08-31,22.3,10.8,15.8,0.0,14.1,36.7,20.44,Fianarantsoa,-21.454,47.086,1127.0
2013-09-01,24.3,12.9,17.8,0.0,10.9,28.4,21.88,Fianarantsoa,-21.454,47.086,1127.0
2013-09-02,22.9,13.6,17.4,0.0,14.4,36.4,21.19,Fianarantsoa,-21.454,47.086,1127.0
2013-09-03,19.8,12.3,15.2,0.0,18.8,44.3,18.33,Fianarantsoa,-21.454,47.086,1127.0
2013-09-04,22.1,12.7,16.2,0.0,14.5,30.6,17.59,Fianarantsoa,-21.454,47.086,1127.0
2013-09-05,21.0,12.8,15.8,0.2,18.1,41.8,17.24,Fianarantsoa,-21.454,47.086,1127.0
2013-09-06,20.5,11.1,15.4,0.7,16.1,40.3,19.02,Fianarantsoa,-21.454,47.086,1127.0
2013-09-07,20.5,12.3,15.5,0.0,16.7,39.2,22.49,Fianarantsoa,-21.454,47.086,1127.0
2013-09-08,21.8,10.7,15.1,0.0,13.6,32.8,23.33,Fianarantsoa,-21.454,47.086,1127.0
2013-09-09,25.3,10.2,17.0,0.0,10.1,23.8,24.41,Fianarantsoa,-21.454,47.086,1127.0
2013-09-10,23.5,11.0,16.7,0.0,15.5,38.5,24.31,Fianarantsoa,-21.454,47.086,1127.0
2013-09-11,23.9,8.1,15.8,0.0,14.7,37.4,25.46,Fianarantsoa,-21.454,47.086,1127.0
2013-09-12,25.5,10.9,17.2,0.0,17.4,40.0,25.01,Fianarantsoa,-21.454,47.086,1127.0
2013-09-13,21.7,11.8,15.8,0.0,17.0,41.8,24.57,Fianarantsoa,-21.454,47.086,1127.0
2013-09-14,22.9,9.3,16.1,0.0,16.9,39.6,25.22,Fianarantsoa,-21.454,47.086,1127.0
2013-09-15,21.9,12.6,16.5,0.0,18.4,43.9,22.3,Fianarantsoa,-21.454,47.086,1127.0
2013-09-16,22.2,10.6,16.1,0.0,18.3,43.6,25.37,Fianarantsoa,-21.454,47.086,1127.0
2013-09-17,22.4,9.5,15.9,0.0,17.9,44.3,24.61,Fianarantsoa,-21.454,47.086,1127.0
2013-09-18,21.1,11.8,15.8,0.0,20.8,49.0,23.82,Fianarantsoa,-21.454,47.086,1127.0
2013-09-19,21.1,11.3,15.7,0.0,19.7,44.6,23.38,Fianarantsoa,-21.454,47.086,1127.0
2013-09-20,20.9,11.3,15.5,0.1,21.9,50.4,20.71,Fianarantsoa,-21.454,47.086,1127.0
2013-09-21,22.4,11.8,16.2,0.0,19.1,45.4,25.52,Fianarantsoa,-21.454,47.086,1127.0
2013-09-22,22.2,11.1,16.1,0.0,18.1,44.3,26.43,Fianarantsoa,-21.454,47.086,1127.0
2013-09-23,21.4,10.4,15.6,0.0,18.8,45.0,24.35,Fianarantsoa,-21.454,47.086,1127.0
2013-09-24,25.2,10.2,17.3,0.0,14.2,31.7,26.28,Fianarantsoa,-21.454,47.086,1127.0
2013-09-25,28.4,12.0,20.1,0.0,10.9,32.4,25.89,Fianarantsoa,-21.454,47.086,1127.0
2013-09-26,28.5,13.8,20.4,0.0,10.9,31.7,24.31,Fianarantsoa,-21.454,47.086,1127.0
2013-09-27,26.7,16.1,20.2,0.0,18.7,41.0,22.41,Fianarantsoa,-21.454,47.086,1127.0
2013-09-28,28.8,15.7,20.9,0.0,15.3,38.5,26.31,Fianarantsoa,-21.454,47.086,1127.0
2013-09-29,28.7,14.4,20.9,0.0,15.0,36.7,24.2,Fianarantsoa,-21.454,47.086,1127.0
2013-09-30,22.0,12.7,17.0,0.3,21.9,52.6,18.95,Fianarantsoa,-21.454,47.086,1127.0
2013-10-01,15.2,10.4,12.4,0.4,25.5,58.3,12.57,Fianarantsoa,-21.454,47.086,1127.0
2013-10-02,14.1,10.2,12.0,6.8,21.0,46.8,5.26,Fianarantsoa,-21.454,47.086,1127.0
2013-10-03,15.8,11.7,13.4,2.8,22.0,52.6,9.79,Fianarantsoa,-21.454,47.086,1127.0
2013-10-04,18.8,12.2,14.7,0.0,25.2,57.6,20.96,Fianarantsoa,-21.454,47.086,1127.0
2013-10-05,19.5,10.7,14.5,0.0,22.0,51.8,20.76,Fianarantsoa,-21.454,47.086,1127.0
2013-10-06,20.0,12.1,15.4,0.0,21.5,50.0,23.58,Fianarantsoa,-21.454,47.086,1127.0
2013-10-07,22.9,12.2,16.8,0.0,13.5,35.3,26.54,Fianarantsoa,-21.454,47.086,1127.0
2013-10-08,26.4,12.2,18.9,0.0,8.7,27.0,23.58,Fianarantsoa,-21.454,47.086,1127.0
2013-10-09,21.4,14.4,17.1,7.7,14.9,38.2,19.13,Fianarantsoa,-21.454,47.086,1127.0
2013-10-10,25.3,13.6,18.2,2.4,9.4,30.2,23.55,Fianarantsoa,-21.454,47.086,1127.0
2013-10-11,24.0,15.1,17.9,3.6,13.0,33.8,19.72,Fianarantsoa,-21.454,47.086,1127.0
2013-10-12,26.7,13.8,19.1,3.9,11.4,29.2,23.94,Fianarantsoa,-21.454,47.086,1127.0
2013-10-13,27.7,14.0,20.8,0.0,18.8,43.2,24.74,Fianarantsoa,-21.454,47.086,1127.0
2013-10-14,29.2,14.1,21.7,0.0,10.1,29.2,27.87,Fianarantsoa,-21.454,47.086,1127.0
2013-10-15,23.4,15.2,18.4,5.3,15.9,36.0,21.84,Fianarantsoa,-21.454,47.086,1127.0
2013-10-16,15.8,12.8,14.2,0.0,19.6,42.8,14.1,Fianarantsoa,-21.454,47.086,1127.0
2013-10-17,19.1,12.3,15.0,0.0,18.0,43.2,21.4,Fianarantsoa,-21.454,47.086,1127.0
2013-10-18,24.3,13.4,17.3,0.0,14.8,38.5,22.02,Fianarantsoa,-21.454,47.086,1127.0
2013-10-19,25.4,14.1,19.8,0.3,7.2,25.6,20.93,Fianarantsoa,-21.454,47.086,1127.0
2013-10-20,26.4,14.5,20.0,0.0,19.1,43.6,24.82,Fianarantsoa,-21.454,47.086,1127.0
2013-10-21,24.9,16.3,19.8,0.0,16.3,40.3,22.16,Fianarantsoa,-21.454,47.086,1127.0
2013-10-22,27.9,17.0,22.0,0.1,9.0,23.8,24.01,Fianarantsoa,-21.454,47.086,1127.0
2013-10-23,24.9,17.1,20.6,11.1,12.6,33.1,20.35,Fianarantsoa,-21.454,47.086,1127.0
2013-10-24,21.7,15.1,17.8,0.2,20.3,45.0,18.58,Fianarantsoa,-21.454,47.086,1127.0
2013-10-25,21.9,14.8,17.3,0.4,18.4,41.4,18.1,Fianarantsoa,-21.454,47.086,1127.0
2013-10-26,24.5,16.3,18.8,16.3,14.6,32.8,20.12,Fianarantsoa,-21.454,47.086,1127.0
2013-10-27,23.7,15.7,18.5,15.4,14.6,41.0,20.73,Fianarantsoa,-21.454,47.086,1127.0
2013-10-28,20.9,14.9,16.8,11.2,19.5,45.7,18.37,Fianarantsoa,-21.454,47.086,1127.0
2013-10-29,21.0,14.7,16.6,12.3,21.1,45.4,20.51,Fianarantsoa,-21.454,47.086,1127.0
2013-10-30,23.3,13.8,17.8,1.0,16.1,36.0,23.41,Fianarantsoa,-21.454,47.086,1127.0
2013-10-31,23.8,15.7,19.1,0.9,19.0,42.1,20.49,Fianarantsoa,-21.454,47.086,1127.0
2013-11-01,26.4,17.0,20.6,9.9,7.8,27.0,23.82,Fianarantsoa,-21.454,47.086,1127.0
2013-11-02,27.4,16.7,21.6,7.0,7.9,26.6,23.95,Fianarantsoa,-21.454,47.086,1127.0
2013-11-03,26.2,17.1,20.9,11.0,8.5,24.1,23.54,Fianarantsoa,-21.454,47.086,1127.0
2013-11-04,24.0,17.4,19.5,4.8,12.7,30.2,19.67,Fianarantsoa,-21.454,47.086,1127.0
2013-11-05,23.0,16.5,18.9,0.0,13.4,33.1,18.74,Fianarantsoa,-21.454,47.086,1127.0
2013-11-06,26.0,16.9,20.8,0.1,10.7,25.9,25.97,Fianarantsoa,-21.454,47.086,1127.0
2013-11-07,25.5,17.0,20.5,0.0,14.8,34.6,29.94,Fianarantsoa,-21.454,47.086,1127.0
2013-11-08,27.4,15.6,20.9,0.0,10.4,26.3,30.02,Fianarantsoa,-21.454,47.086,1127.0
2013-11-09,25.4,17.1,20.8,0.4,10.5,27.0,23.49,Fianarantsoa,-21.454,47.086,1127.0
2013-11-10,26.1,17.1,21.0,0.3,7.9,24.1,25.26,Fianarantsoa,-21.454,47.086,1127.0
2013-11-11,25.4,16.9,19.9,6.0,13.0,27.4,25.19,Fianarantsoa,-21.454,47.086,1127.0
2013-11-12,21.2,16.1,18.0,7.4,13.0,31.7,18.78,Fianarantsoa,-21.454,47.086,1127.0
2013-11-13,27.0,16.3,20.7,0.5,15.9,36.7,25.38,Fianarantsoa,-21.454,47.086,1127.0
2013-11-14,23.4,17.6,19.1,2.6,16.9,36.4,19.06,Fianarantsoa,-21.454,47.086,1127.0
2013-11-15,24.6,16.1,19.9,0.0,20.1,46.8,26.0,Fianarantsoa,-21.454,47.086,1127.0
2013-11-16,28.9,16.3,22.1,0.0,12.2,30.6,28.87,Fianarantsoa,-21.454,47.086,1127.0
2013-11-17,28.0,18.1,22.3,0.0,15.5,38.2,27.46,Fianarantsoa,-21.454,47.086,1127.0
2013-11-18,30.7,18.2,23.4,0.0,15.7,34.6,27.34,Fianarantsoa,-21.454,47.086,1127.0
2013-11-19,29.8,17.4,23.3,0.0,15.3,37.4,27.98,Fianarantsoa,-21.454,47.086,1127.0
2013-11-20,28.7,18.9,22.8,0.7,10.5,31.3,25.8,Fianarantsoa,-21.454,47.086,1127.0
2013-11-21,29.1,19.4,22.9,0.3,12.8,32.4,24.83,Fianarantsoa,-21.454,47.086,1127.0
2013-11-22,26.0,18.4,21.3,1.5,16.2,37.8,24.35,Fianarantsoa,-21.454,47.086,1127.0
2013-11-23,24.6,17.0,19.6,31.6,15.0,34.6,19.89,Fianarantsoa,-21.454,47.086,1127.0
2013-11-24,24.4,17.6,20.1,26.0,13.7,40.7,19.82,Fianarantsoa,-21.454,47.086,1127.0
2013-11-25,22.2,16.0,18.4,6.3,15.5,37.1,19.44,Fianarantsoa,-21.454,47.086,1127.0
2013-11-26,23.2,15.8,18.2,10.6,15.2,35.6,19.52,Fianarantsoa,-21.454,47.086,1127.0
2013-11-27,23.3,16.5,19.5,8.7,9.4,28.4,19.14,Fianarantsoa,-21.454,47.086,1127.0
2013-11-28,25.4,15.3,20.4,3.2,11.2,28.4,22.81,Fianarantsoa,-21.454,47.086,1127.0
2013-11-29,24.3,15.7,19.3,16.7,13.9,32.8,21.68,Fianarantsoa,-21.454,47.086,1127.0
2013-11-30,25.1,17.1,19.8,23.1,12.2,32.4,22.18,Fianarantsoa,-21.454,47.086,1127.0
2013-12-01,26.6,15.9,21.3,0.2,16.7,34.6,25.7,Fianarantsoa,-21.454,47.086,1127.0
2013-12-02,27.4,17.9,21.7,0.0,13.5,30.6,26.28,Fianarantsoa,-21.454,47.086,1127.0
2013-12-03,19.7,15.7,17.4,0.7,19.8,43.2,15.31,Fianarantsoa,-21.454,47.086,1127.0
2013-12-04,22.6,14.6,17.9,0.2,16.2,37.4,23.72,Fianarantsoa,-21.454,47.086,1127.0
2013-12-05,24.5,15.0,19.0,12.4,9.7,28.8,21.07,Fianarantsoa,-21.454,47.086,1127.0
2013-12-06,25.6,16.8,20.5,18.2,9.0,29.2,23.85,Fianarantsoa,-21.454,47.086,1127.0
2013-12-07,24.3,17.6,19.8,28.6,13.9,29.2,17.81,Fianarantsoa,-21.454,47.086,1127.0
2013-12-08,22.5,16.0,18.4,5.5,14.7,37.1,17.06,Fianarantsoa,-21.454,47.086,1127.0
2013-12-09,24.9,16.8,19.6,13.7,10.7,27.4,19.85,Fianarantsoa,-21.454,47.086,1127.0
2013-12-10,25.6,17.9,20.8,13.7,12.3,29.9,19.95,Fianarantsoa,-21.454,47.086,1127.0
2013-12-11,26.0,16.9,20.8,9.9,5.4,25.6,21.99,Fianarantsoa,-21.454,47.086,1127.0
2013-12-12,26.6,18.0,21.5,9.4,11.8,27.4,20.75,Fianarantsoa,-21.454,47.086,1127.0
2013-12-13,27.1,17.9,22.1,4.8,8.3,29.2,26.55,Fianarantsoa,-21.454,47.086,1127.0
2013-12-14,27.5,18.1,22.7,0.5,8.0,31.0,25.58,Fianarantsoa,-21.454,47.086,1127.0
2013-12-15,27.1,17.4,22.5,0.4,8.6,22.7,26.38,Fianarantsoa,-21.454,47.086,1127.0
2013-12-16,27.6,20.0,22.6,4.8,7.8,24.8,25.46,Fianarantsoa,-21.454,47.086,1127.0
2013-12-17,28.9,19.7,23.2,12.0,6.6,23.4,26.91,Fianarantsoa,-21.454,47.086,1127.0
2013-12-18,26.6,19.1,21.7,18.9,10.0,31.7,18.89,Fianarantsoa,-21.454,47.086,1127.0
2013-12-19,22.4,15.9,19.0,20.1,16.3,37.8,14.15,Fianarantsoa,-21.454,47.086,1127.0
2013-12-20,21.2,15.0,17.4,0.5,16.7,38.9,17.35,Fianarantsoa,-21.454,47.086,1127.0
2013-12-21,20.8,15.4,17.4,0.4,16.8,35.3,11.38,Fianarantsoa,-21.454,47.086,1127.0
2013-12-22,19.7,15.3,17.2,1.2,18.9,42.8,16.12,Fianarantsoa,-21.454,47.086,1127.0
2013-12-23,21.0,13.4,16.8,0.0,17.7,41.8,27.22,Fianarantsoa,-21.454,47.086,1127.0
2013-12-24,23.4,13.2,17.9,0.0,15.1,34.9,30.04,Fianarantsoa,-21.454,47.086,1127.0
2013-12-25,24.7,16.1,19.6,0.0,14.0,32.4,26.65,Fianarantsoa,-21.454,47.086,1127.0
2013-12-26,24.0,16.6,20.0,0.9,13.3,27.0,23.84,Fianarantsoa,-21.454,47.086,1127.0
2013-12-27,25.0,15.9,20.0,0.0,14.3,33.1,29.78,Fianarantsoa,-21.454,47.086,1127.0
2013-12-28,25.5,15.8,20.1,0.5,14.0,31.7,26.31,Fianarantsoa,-21.454,47.086,1127.0
2013-12-29,24.5,17.1,19.7,4.1,15.4,36.0,20.76,Fianarantsoa,-21.454,47.086,1127.0
2013-12-30,23.3,15.5,18.9,4.9,13.4,32.4,23.42,Fianarantsoa,-21.454,47.086,1127.0
2013-12-31,25.5,16.1,19.8,5.2,14.3,36.0,25.62,Fianarantsoa,-21.454,47.086,1127.0
2014-01-01,25.3,15.7,20.4,1.0,12.6,34.6,25.89,Fianarantsoa,-21.454,47.086,1127.0
2014-01-02,26.1,17.2,21.3,9.9,4.6,20.9,22.39,Fianarantsoa,-21.454,47.086,1127.0
2014-01-03,24.9,17.8,20.5,23.2,7.3,26.3,22.09,Fianarantsoa,-21.454,47.086,1127.0
2014-01-04,24.9,17.8,20.3,37.1,7.1,24.5,20.52,Fianarantsoa,-21.454,47.086,1127.0
2014-01-05,22.3,17.5,19.8,13.4,16.1,35.3,11.65,Fianarantsoa,-21.454,47.086,1127.0
2014-01-06,26.2,18.3,20.8,14.7,19.3,43.6,19.9,Fianarantsoa,-21.454,47.086,1127.0
2014-01-07,22.0,18.1,19.7,18.1,14.9,33.5,8.96,Fianarantsoa,-21.454,47.086,1127.0
2014-01-08,25.9,18.5,21.7,1.7,21.5,53.3,23.03,Fianarantsoa,-21.454,47.086,1127.0
2014-01-09,26.5,18.4,21.9,0.7,22.2,46.4,19.31,Fianarantsoa,-21.454,47.086,1127.0
2014-01-10,25.6,18.6,20.8,23.4,16.5,45.4,16.42,Fianarantsoa,-21.454,47.086,1127.0
2014-01-11,26.0,17.7,20.7,20.7,13.1,30.2,18.51,Fianarantsoa,-21.454,47.086,1127.0
2014-01-12,25.8,17.9,21.0,1.8,16.5,40.7,25.62,Fianarantsoa,-21.454,47.086,1127.0
2014-01-13,25.7,18.2,21.3,4.0,15.6,37.4,24.23,Fianarantsoa,-21.454,47.086,1127.0
2014-01-14,26.5,18.5,21.1,34.3,11.5,28.8,21.15,Fianarantsoa,-21.454,47.086,1127.0
2014-01-15,21.7,18.4,19.5,18.6,21.9,49.0,12.18,Fianarantsoa,-21.454,47.086,1127.0
2014-01-16,21.5,18.0,19.1,23.1,23.6,50.4,8.13,Fianarantsoa,-21.454,47.086,1127.0
2014-01-17,23.8,18.5,20.4,63.6,15.4,44.3,15.85,Fianarantsoa,-21.454,47.086,1127.0
2014-01-18,26.2,18.2,21.3,42.3,11.4,32.8,20.48,Fianarantsoa,-21.454,47.086,1127.0
2014-01-19,26.2,18.7,21.3,23.2,10.8,27.4,21.41,Fianarantsoa,-21.454,47.086,1127.0
2014-01-20,25.4,17.9,21.0,1.9,18.8,43.6,22.78,Fianarantsoa,-21.454,47.086,1127.0
2014-01-21,26.5,18.8,21.6,8.0,17.1,41.0,23.96,Fianarantsoa,-21.454,47.086,1127.0
2014-01-22,27.1,18.5,21.6,17.7,16.4,38.5,23.5,Fianarantsoa,-21.454,47.086,1127.0
2014-01-23,25.5,18.2,20.5,10.0,18.6,41.4,18.96,Fianarantsoa,-21.454,47.086,1127.0
2014-01-24,23.2,18.0,19.9,4.2,14.9,37.4,14.06,Fianarantsoa,-21.454,47.086,1127.0
2014-01-25,23.8,18.1,20.0,6.7,14.7,36.7,17.78,Fianarantsoa,-21.454,47.086,1127.0
2014-01-26,25.7,17.6,20.5,6.4,15.5,36.4,22.78,Fianarantsoa,-21.454,47.086,1127.0
2014-01-27,25.8,17.4,20.4,2.5,19.0,40.7,23.16,Fianarantsoa,-21.454,47.086,1127.0
2014-01-28,23.6,18.0,20.2,5.9,15.1,36.7,18.42,Fianarantsoa,-21.454,47.086,1127.0
2014-01-29,25.8,17.7,20.8,4.0,12.6,33.8,23.38,Fianarantsoa,-21.454,47.086,1127.0
2014-01-30,23.9,17.8,19.9,31.4,6.9,27.0,13.61,Fianarantsoa,-21.454,47.086,1127.0
2014-01-31,23.2,18.7,20.2,35.4,5.9,24.8,12.56,Fianarantsoa,-21.454,47.086,1127.0
2014-02-01,26.1,19.0,21.3,19.9,8.9,27.7,18.81,Fianarantsoa,-21.454,47.086,1127.0
2014-02-02,26.7,18.9,21.8,21.9,12.8,34.2,20.33,Fianarantsoa,-21.454,47.086,1127.0
2014-02-03,27.1,18.7,21.8,2.3,13.2,36.0,24.79,Fianarantsoa,-21.454,47.086,1127.0
2014-02-04,26.2,19.0,21.7,2.9,13.8,38.2,21.88,Fianarantsoa,-21.454,47.086,1127.0
2014-02-05,24.1,18.9,20.7,7.8,15.2,36.7,17.07,Fianarantsoa,-21.454,47.086,1127.0
2014-02-06,24.9,18.1,20.7,4.4,9.7,25.9,21.01,Fianarantsoa,-21.454,47.086,1127.0
2014-02-07,25.6,16.6,20.9,0.4,7.4,23.0,24.18,Fianarantsoa,-21.454,47.086,1127.0
2014-02-08,24.8,18.2,20.5,37.3,10.7,31.7,18.93,Fianarantsoa,-21.454,47.086,1127.0
2014-02-09,24.7,18.6,20.5,12.2,11.9,29.2,17.57,Fianarantsoa,-21.454,47.086,1127.0
2014-02-10,23.9,18.6,20.4,6.6,16.4,36.7,17.42,Fianarantsoa,-21.454,47.086,1127.0
2014-02-11,21.4,17.3,19.5,2.3,17.8,41.8,12.91,Fianarantsoa,-21.454,47.086,1127.0
2014-02-12,23.5,16.7,19.3,0.0,19.6,46.1,24.01,Fianarantsoa,-21.454,47.086,1127.0
2014-02-13,22.9,15.3,18.4,0.1,17.1,40.7,23.37,Fianarantsoa,-21.454,47.086,1127.0
2014-02-14,23.9,15.3,18.8,0.0,15.0,34.9,24.06,Fianarantsoa,-21.454,47.086,1127.0
2014-02-15,24.0,15.7,19.2,0.0,15.3,33.1,24.79,Fianarantsoa,-21.454,47.086,1127.0
2014-02-16,24.6,16.2,19.6,0.0,14.0,31.3,24.98,Fianarantsoa,-21.454,47.086,1127.0
2014-02-17,23.0,16.8,19.1,0.3,17.7,37.8,20.74,Fianarantsoa,-21.454,47.086,1127.0
2014-02-18,20.7,15.6,17.8,2.8,17.6,41.0,12.31,Fianarantsoa,-21.454,47.086,1127.0
2014-02-19,24.8,16.0,20.0,3.5,20.0,45.7,24.46,Fianarantsoa,-21.454,47.086,1127.0
2014-02-20,24.6,17.0,20.2,4.8,15.5,36.4,20.83,Fianarantsoa,-21.454,47.086,1127.0
2014-02-21,23.5,18.6,20.2,0.5,19.8,43.6,17.56,Fianarantsoa,-21.454,47.086,1127.0
2014-02-22,24.7,18.3,20.7,0.1,20.4,49.3,24.49,Fianarantsoa,-21.454,47.086,1127.0
2014-02-23,24.9,17.4,20.5,0.0,19.9,45.7,27.54,Fianarantsoa,-21.454,47.086,1127.0
2014-02-24,23.1,14.8,19.4,0.7,19.0,43.2,22.78,Fianarantsoa,-21.454,47.086,1127.0
2014-02-25,22.8,16.3,19.0,2.3,19.2,43.6,18.85,Fianarantsoa,-21.454,47.086,1127.0
2014-02-26,23.0,17.2,19.2,6.7,13.8,33.1,12.77,Fianarantsoa,-21.454,47.086,1127.0
2014-02-27,24.1,18.4,20.3,23.0,7.7,22.7,14.82,Fianarantsoa,-21.454,47.086,1127.0
2014-02-28,25.7,18.1,20.6,10.8,7.2,24.1,18.6,Fianarantsoa,-21.454,47.086,1127.0
2014-03-01,25.1,17.6,20.3,13.8,10.6,27.7,16.9,Fianarantsoa,-21.454,47.086,1127.0
2014-03-02,24.1,17.3,20.4,0.4,18.4,42.8,23.5,Fianarantsoa,-21.454,47.086,1127.0
2014-03-03,23.4,18.0,19.8,1.3,18.4,43.9,20.65,Fianarantsoa,-21.454,47.086,1127.0
2014-03-04,23.1,16.9,19.4,1.6,15.9,37.1,20.25,Fianarantsoa,-21.454,47.086,1127.0
2014-03-05,23.1,16.1,19.3,0.1,21.0,48.2,20.74,Fianarantsoa,-21.454,47.086,1127.0
2014-03-06,24.0,17.3,20.2,0.5,18.0,41.0,19.8,Fianarantsoa,-21.454,47.086,1127.0
2014-03-07,24.3,17.0,20.4,0.1,18.1,41.0,22.18,Fianarantsoa,-21.454,47.086,1127.0
2014-03-08,24.6,16.3,20.1,0.0,14.8,35.6,26.2,Fianarantsoa,-21.454,47.086,1127.0
2014-03-09,24.5,15.6,19.9,0.0,15.8,37.8,24.18,Fianarantsoa,-21.454,47.086,1127.0
2014-03-10,25.5,17.4,20.7,0.0,12.2,30.6,22.06,Fianarantsoa,-21.454,47.086,1127.0
2014-03-11,25.2,16.9,20.7,0.0,14.3,33.5,23.44,Fianarantsoa,-21.454,47.086,1127.0
2014-03-12,26.5,16.4,21.2,0.0,11.8,31.0,23.55,Fianarantsoa,-21.454,47.086,1127.0
2014-03-13,25.4,18.2,21.5,1.0,15.7,29.9,21.9,Fianarantsoa,-21.454,47.086,1127.0
2014-03-14,24.7,17.6,20.8,0.0,18.3,42.8,21.9,Fianarantsoa,-21.454,47.086,1127.0
2014-03-15,26.2,16.8,21.0,0.0,11.7,29.5,24.24,Fianarantsoa,-21.454,47.086,1127.0
2014-03-16,26.8,18.4,22.0,0.1,7.6,22.7,23.42,Fianarantsoa,-21.454,47.086,1127.0
2014-03-17,26.5,18.8,22.0,1.6,4.8,22.7,21.59,Fianarantsoa,-21.454,47.086,1127.0
2014-03-18,26.1,19.1,21.5,9.0,8.1,25.6,18.13,Fianarantsoa,-21.454,47.086,1127.0
2014-03-19,24.1,17.1,20.2,8.3,11.4,29.2,17.69,Fianarantsoa,-21.454,47.086,1127.0
2014-03-20,25.7,18.5,21.5,0.9,6.2,23.8,19.57,Fianarantsoa,-21.454,47.086,1127.0
2014-03-21,24.6,17.0,19.9,2.0,16.2,39.6,19.97,Fianarantsoa,-21.454,47.086,1127.0
2014-03-22,22.0,17.1,19.1,0.7,25.2,55.4,19.33,Fianarantsoa,-21.454,47.086,1127.0
2014-03-23,22.8,16.3,18.8,0.2,27.9,61.2,21.33,Fianarantsoa,-21.454,47.086,1127.0
2014-03-24,21.9,15.5,17.9,0.3,26.0,57.6,22.3,Fianarantsoa,-21.454,47.086,1127.0
2014-03-25,20.9,14.7,17.2,0.0,23.0,52.9,23.01,Fianarantsoa,-21.454,47.086,1127.0
2014-03-26,21.8,14.5,17.4,0.0,16.6,37.1,23.21,Fianarantsoa,-21.454,47.086,1127.0
2014-03-27,24.0,14.7,18.5,0.0,12.1,27.0,24.91,Fianarantsoa,-21.454,47.086,1127.0
2014-03-28,22.0,14.6,17.6,0.0,14.4,30.6,23.79,Fianarantsoa,-21.454,47.086,1127.0
2014-03-29,22.4,12.8,17.3,0.0,16.0,36.7,22.15,Fianarantsoa,-21.454,47.086,1127.0
2014-03-30,22.6,15.2,18.0,0.0,15.9,36.0,19.42,Fianarantsoa,-21.454,47.086,1127.0
2014-03-31,21.3,13.4,17.2,0.0,20.0,48.2,23.41,Fianarantsoa,-21.454,47.086,1127.0
2014-04-01,21.2,13.6,17.4,0.3,19.8,45.4,15.65,Fianarantsoa,-21.454,47.086,1127.0
2014-04-02,23.4,16.2,19.0,0.0,15.6,37.1,18.45,Fianarantsoa,-21.454,47.086,1127.0
2014-04-03,23.1,16.3,19.1,0.0,15.7,38.2,22.11,Fianarantsoa,-21.454,47.086,1127.0
2014-04-04,21.8,16.4,18.4,1.2,18.4,42.8,15.56,Fianarantsoa,-21.454,47.086,1127.0
2014-04-05,24.2,14.9,19.2,0.0,11.4,30.2,21.24,Fianarantsoa,-21.454,47.086,1127.0
2014-04-06,23.6,17.1,19.9,1.6,21.6,49.3,17.86,Fianarantsoa,-21.454,47.086,1127.0
2014-04-07,23.4,15.3,19.0,0.1,16.5,39.6,20.07,Fianarantsoa,-21.454,47.086,1127.0
2014-04-08,19.7,13.0,16.2,0.1,18.7,40.7,16.12,Fianarantsoa,-21.454,47.086,1127.0
2014-04-09,18.1,12.5,14.4,1.0,22.9,51.5,16.58,Fianarantsoa,-21.454,47.086,1127.0
2014-04-10,17.4,11.7,13.8,0.6,24.1,52.2,15.54,Fianarantsoa,-21.454,47.086,1127.0
2014-04-11,17.3,12.0,14.3,0.8,23.5,51.8,15.6,Fianarantsoa,-21.454,47.086,1127.0
2014-04-12,18.5,13.1,15.0,1.5,21.3,46.1,13.59,Fianarantsoa,-21.454,47.086,1127.0
2014-04-13,18.6,13.3,15.1,2.3,21.1,46.8,15.67,Fianarantsoa,-21.454,47.086,1127.0
2014-04-14,18.7,13.9,15.7,1.4,23.5,51.8,16.46,Fianarantsoa,-21.454,47.086,1127.0
2014-04-15,22.1,14.2,17.5,0.0,13.9,32.8,16.82,Fianarantsoa,-21.454,47.086,1127.0
2014-04-16,24.3,14.9,19.1,0.2,10.3,24.1,19.84,Fianarantsoa,-21.454,47.086,1127.0
2014-04-17,23.5,16.4,19.5,0.3,12.9,33.1,17.48,Fianarantsoa,-21.454,47.086,1127.0
2014-04-18,23.5,16.3,19.4,4.7,14.7,37.4,17.86,Fianarantsoa,-21.454,47.086,1127.0
2014-04-19,24.2,16.9,19.8,1.5,14.3,33.1,16.97,Fianarantsoa,-21.454,47.086,1127.0
2014-04-20,24.2,14.8,19.1,2.2,12.8,27.7,19.77,Fianarantsoa,-21.454,47.086,1127.0
2014-04-21,24.2,16.3,19.7,0.8,10.0,23.4,19.01,Fianarantsoa,-21.454,47.086,1127.0
2014-04-22,23.9,16.4,19.5,0.4,8.6,25.6,16.3,Fianarantsoa,-21.454,47.086,1127.0
2014-04-23,24.7,15.4,20.0,0.6,8.3,23.8,17.95,Fianarantsoa,-21.454,47.086,1127.0
2014-04-24,25.7,17.7,20.6,0.0,13.7,31.7,20.56,Fianarantsoa,-21.454,47.086,1127.0
2014-04-25,24.1,15.5,19.4,0.0,15.9,38.2,20.61,Fianarantsoa,-21.454,47.086,1127.0
2014-04-26,24.6,15.1,19.2,0.0,7.8,20.9,19.24,Fianarantsoa,-21.454,47.086,1127.0
2014-04-27,24.6,14.0,18.9,0.0,9.7,25.9,20.31,Fianarantsoa,-21.454,47.086,1127.0
2014-04-28,24.7,15.5,19.5,3.0,17.5,41.4,15.84,Fianarantsoa,-21.454,47.086,1127.0
2014-04-29,22.2,13.9,18.1,0.0,18.9,44.3,20.09,Fianarantsoa,-21.454,47.086,1127.0
2014-04-30,22.4,11.9,16.6,0.0,13.7,31.0,21.02,Fianarantsoa,-21.454,47.086,1127.0
2014-05-01,21.5,13.4,16.9,0.0,18.2,41.8,17.21,Fianarantsoa,-21.454,47.086,1127.0
2014-05-02,21.4,15.2,17.6,0.0,16.5,38.9,15.53,Fianarantsoa,-21.454,47.086,1127.0
2014-05-03,20.8,15.5,17.4,0.9,18.4,44.3,14.42,Fianarantsoa,-21.454,47.086,1127.0
2014-05-04,21.1,15.5,17.3,0.0,25.6,56.5,17.38,Fianarantsoa,-21.454,47.086,1127.0
2014-05-05,21.6,14.9,17.5,0.0,20.7,47.9,16.88,Fianarantsoa,-21.454,47.086,1127.0
2014-05-06,21.2,15.2,17.3,0.8,16.4,37.8,14.98,Fianarantsoa,-21.454,47.086,1127.0
2014-05-07,21.8,14.6,17.5,0.2,13.4,33.8,15.88,Fianarantsoa,-21.454,47.086,1127.0
2014-05-08,22.7,14.7,18.2,0.2,11.3,27.7,16.64,Fianarantsoa,-21.454,47.086,1127.0
2014-05-09,21.9,14.0,17.7,0.7,11.9,30.2,15.91,Fianarantsoa,-21.454,47.086,1127.0
2014-05-10,21.6,14.3,17.7,0.4,12.6,32.8,15.99,Fianarantsoa,-21.454,47.086,1127.0
2014-05-11,23.1,15.4,18.4,0.6,12.2,28.8,14.62,Fianarantsoa,-21.454,47.086,1127.0
2014-05-12,23.8,14.2,18.7,0.0,23.0,51.1,18.74,Fianarantsoa,-21.454,47.086,1127.0
2014-05-13,21.7,13.2,16.7,0.4,35.2,76.0,17.04,Fianarantsoa,-21.454,47.086,1127.0
2014-05-14,18.1,11.0,14.1,0.4,23.5,59.0,19.3,Fianarantsoa,-21.454,47.086,1127.0
2014-05-15,21.8,10.3,15.0,0.0,18.8,41.4,18.12,Fianarantsoa,-21.454,47.086,1127.0
2014-05-16,21.9,8.6,14.8,0.0,8.5,22.7,19.58,Fianarantsoa,-21.454,47.086,1127.0
2014-05-17,23.8,9.8,16.2,0.0,10.4,24.5,18.94,Fianarantsoa,-21.454,47.086,1127.0
2014-05-18,23.4,9.5,16.0,0.0,13.1,32.0,19.32,Fianarantsoa,-21.454,47.086,1127.0
2014-05-19,17.8,12.6,14.5,0.0,16.5,36.0,14.41,Fianarantsoa,-21.454,47.086,1127.0
2014-05-20,17.5,11.4,13.9,0.0,17.1,40.0,13.11,Fianarantsoa,-21.454,47.086,1127.0
2014-05-21,22.1,12.7,16.4,0.0,11.5,27.0,14.41,Fianarantsoa,-21.454,47.086,1127.0
2014-05-22,22.6,12.4,16.8,0.0,17.1,32.8,17.6,Fianarantsoa,-21.454,47.086,1127.0
2014-05-23,16.8,11.9,14.3,2.7,27.4,58.0,9.34,Fianarantsoa,-21.454,47.086,1127.0
2014-05-24,16.0,11.2,13.0,0.0,24.3,55.1,14.01,Fianarantsoa,-21.454,47.086,1127.0
2014-05-25,17.2,10.5,13.2,0.0,16.6,40.7,15.18,Fianarantsoa,-21.454,47.086,1127.0
2014-05-26,22.8,8.3,15.3,0.0,11.6,30.2,18.21,Fianarantsoa,-21.454,47.086,1127.0
2014-05-27,22.2,9.2,15.6,0.0,16.7,39.6,18.4,Fianarantsoa,-21.454,47.086,1127.0
2014-05-28,20.5,9.4,14.6,0.0,14.4,31.3,17.87,Fianarantsoa,-21.454,47.086,1127.0
2014-05-29,19.1,13.8,15.7,0.3,16.2,37.1,10.08,Fianarantsoa,-21.454,47.086,1127.0
2014-05-30,20.6,10.2,15.2,0.0,14.3,35.3,17.03,Fianarantsoa,-21.454,47.086,1127.0
2014-05-31,22.2,11.6,16.2,0.0,11.5,27.7,17.68,Fianarantsoa,-21.454,47.086,1127.0
2014-06-01,19.8,12.3,15.4,0.0,18.4,43.2,17.07,Fianarantsoa,-21.454,47.086,1127.0
2014-06-02,23.4,11.0,16.9,0.0,8.6,21.6,17.29,Fianarantsoa,-21.454,47.086,1127.0
2014-06-03,22.4,13.8,17.6,0.0,11.3,27.7,16.55,Fianarantsoa,-21.454,47.086,1127.0
2014-06-04,22.3,13.4,17.1,0.0,15.7,35.6,16.71,Fianarantsoa,-21.454,47.086,1127.0
2014-06-05,21.9,11.6,16.5,0.0,16.5,39.2,17.1,Fianarantsoa,-21.454,47.086,1127.0
2014-06-06,22.5,10.9,16.4,0.0,10.5,26.3,16.86,Fianarantsoa,-21.454,47.086,1127.0
2014-06-07,23.4,11.3,17.3,0.2,10.1,25.2,14.69,Fianarantsoa,-21.454,47.086,1127.0
2014-06-08,14.9,11.7,13.5,0.1,23.9,48.6,6.77,Fianarantsoa,-21.454,47.086,1127.0
2014-06-09,16.0,10.9,12.6,0.0,18.8,42.5,12.3,Fianarantsoa,-21.454,47.086,1127.0
2014-06-10,17.3,8.8,12.5,0.0,14.8,36.0,16.32,Fianarantsoa,-21.454,47.086,1127.0
2014-06-11,18.2,8.1,12.0,0.0,10.7,28.8,17.04,Fianarantsoa,-21.454,47.086,1127.0
2014-06-12,16.8,8.6,12.1,0.0,15.8,38.2,15.96,Fianarantsoa,-21.454,47.086,1127.0
2014-06-13,18.9,10.9,13.9,0.0,14.5,35.3,15.13,Fianarantsoa,-21.454,47.086,1127.0
2014-06-14,17.8,10.0,13.2,0.0,17.2,41.0,16.63,Fianarantsoa,-21.454,47.086,1127.0
2014-06-15,21.3,8.1,14.3,0.0,10.0,25.2,17.06,Fianarantsoa,-21.454,47.086,1127.0
2014-06-16,19.8,11.5,15.9,0.0,5.8,11.9,6.42,Fianarantsoa,-21.454,47.086,1127.0
2014-06-17,20.2,14.8,16.6,0.4,18.4,43.6,10.6,Fianarantsoa,-21.454,47.086,1127.0
2014-06-18,21.0,14.7,16.8,0.3,16.4,37.4,9.46,Fianarantsoa,-21.454,47.086,1127.0
2014-06-19,24.2,13.9,18.3,0.0,11.2,27.4,14.91,Fianarantsoa,-21.454,47.086,1127.0
2014-06-20,23.1,12.9,17.0,0.2,15.8,33.8,15.35,Fianarantsoa,-21.454,47.086,1127.0
2014-06-21,15.0,10.6,12.6,0.0,17.1,38.5,10.77,Fianarantsoa,-21.454,47.086,1127.0
2014-06-22,17.7,7.9,12.6,0.0,18.4,43.2,16.41,Fianarantsoa,-21.454,47.086,1127.0
2014-06-23,17.3,11.6,13.9,0.1,18.9,43.2,10.02,Fianarantsoa,-21.454,47.086,1127.0
2014-06-24,17.4,12.0,13.9,0.0,16.1,38.5,9.79,Fianarantsoa,-21.454,47.086,1127.0
2014-06-25,17.6,10.1,13.2,0.0,14.1,32.4,15.83,Fianarantsoa,-21.454,47.086,1127.0
2014-06-26,19.6,7.0,13.0,0.0,12.1,32.0,17.18,Fianarantsoa,-21.454,47.086,1127.0
2014-06-27,22.0,9.2,14.8,0.0,7.3,17.3,17.48,Fianarantsoa,-21.454,47.086,1127.0
2014-06-28,17.8,11.1,13.6,0.0,15.7,36.4,15.31,Fianarantsoa,-21.454,47.086,1127.0
2014-06-29,17.4,10.1,13.1,0.0,18.1,42.5,16.67,Fianarantsoa,-21.454,47.086,1127.0
2014-06-30,18.5,9.9,13.8,0.0,14.3,36.0,13.4,Fianarantsoa,-21.454,47.086,1127.0
2014-07-01,18.0,12.5,14.7,0.2,17.6,41.0,10.85,Fianarantsoa,-21.454,47.086,1127.0
2014-07-02,17.0,12.2,14.3,0.8,24.5,54.4,11.96,Fianarantsoa,-21.454,47.086,1127.0
2014-07-03,17.8,13.1,14.4,1.2,22.0,49.3,11.53,Fianarantsoa,-21.454,47.086,1127.0
2014-07-04,16.9,11.6,13.8,0.0,24.9,54.4,12.24,Fianarantsoa,-21.454,47.086,1127.0
2014-07-05,16.1,12.4,13.8,1.7,23.2,50.8,10.67,Fianarantsoa,-21.454,47.086,1127.0
2014-07-06,19.4,11.2,14.3,0.0,13.7,33.1,14.7,Fianarantsoa,-21.454,47.086,1127.0
2014-07-07,20.8,10.0,14.8,0.0,7.4,22.0,16.73,Fianarantsoa,-21.454,47.086,1127.0
2014-07-08,21.9,9.2,15.3,0.0,14.5,34.9,17.08,Fianarantsoa,-21.454,47.086,1127.0
2014-07-09,18.3,10.7,14.1,0.2,19.2,47.2,12.5,Fianarantsoa,-21.454,47.086,1127.0
2014-07-10,14.1,6.6,10.4,0.0,14.9,36.7,10.9,Fianarantsoa,-21.454,47.086,1127.0
2014-07-11,14.7,8.6,10.8,0.4,18.2,40.7,9.59,Fianarantsoa,-21.454,47.086,1127.0
2014-07-12,15.8,8.7,11.6,0.0,19.1,45.4,16.21,Fianarantsoa,-21.454,47.086,1127.0
2014-07-13,17.3,9.0,12.2,0.0,17.3,41.4,16.42,Fianarantsoa,-21.454,47.086,1127.0
2014-07-14,21.7,8.8,14.8,0.0,11.0,24.8,16.76,Fianarantsoa,-21.454,47.086,1127.0
2014-07-15,15.5,12.2,13.4,4.1,17.1,39.2,4.22,Fianarantsoa,-21.454,47.086,1127.0
2014-07-16,13.3,12.2,12.6,4.9,18.6,41.0,2.8,Fianarantsoa,-21.454,47.086,1127.0
2014-07-17,17.0,12.0,13.6,0.0,16.1,37.8,12.82,Fianarantsoa,-21.454,47.086,1127.0
2014-07-18,20.2,10.2,13.9,0.0,10.2,27.4,16.74,Fianarantsoa,-21.454,47.086,1127.0
2014-07-19,21.3,9.1,14.4,0.0,12.4,28.8,17.82,Fianarantsoa,-21.454,47.086,1127.0
2014-07-20,20.9,11.5,15.7,0.0,15.4,34.2,17.05,Fianarantsoa,-21.454,47.086,1127.0
2014-07-21,19.6,10.4,14.7,0.0,15.2,37.8,16.08,Fianarantsoa,-21.454,47.086,1127.0
2014-07-22,17.3,11.6,13.8,0.5,15.6,37.1,13.58,Fianarantsoa,-21.454,47.086,1127.0
2014-07-23,17.0,11.2,13.5,0.3,17.0,38.9,13.26,Fianarantsoa,-21.454,47.086,1127.0
2014-07-24,17.0,12.3,13.9,0.0,17.5,41.4,11.69,Fianarantsoa,-21.454,47.086,1127.0
2014-07-25,16.9,12.6,13.8,4.2,19.7,43.6,9.79,Fianarantsoa,-21.454,47.086,1127.0
2014-07-26,18.9,12.5,14.9,0.3,19.6,45.4,13.99,Fianarantsoa,-21.454,47.086,1127.0
2014-07-27,19.3,11.5,15.0,3.3,19.4,43.9,13.14,Fianarantsoa,-21.454,47.086,1127.0
2014-07-28,20.9,11.5,15.9,0.0,12.3,31.0,14.78,Fianarantsoa,-21.454,47.086,1127.0
2014-07-29,16.2,11.7,14.3,0.4,20.5,46.4,9.51,Fianarantsoa,-21.454,47.086,1127.0
2014-07-30,14.6,8.9,11.2,0.0,22.8,50.0,15.44,Fianarantsoa,-21.454,47.086,1127.0
2014-07-31,16.0,7.5,11.1,0.0,18.2,43.6,17.72,Fianarantsoa,-21.454,47.086,1127.0
2014-08-01,21.7,7.7,14.4,0.0,13.1,31.3,19.3,Fianarantsoa,-21.454,47.086,1127.0
2014-08-02,19.9,10.5,14.7,0.0,15.9,36.7,16.29,Fianarantsoa,-21.454,47.086,1127.0
2014-08-03,16.3,11.1,13.2,0.9,18.4,42.1,11.84,Fianarantsoa,-21.454,47.086,1127.0
2014-08-04,15.4,11.7,13.0,1.2,21.7,47.2,10.38,Fianarantsoa,-21.454,47.086,1127.0
2014-08-05,18.7,11.7,14.1,0.0,16.6,34.9,13.96,Fianarantsoa,-21.454,47.086,1127.0
2014-08-06,19.4,10.5,14.3,0.0,14.8,35.6,18.58,Fianarantsoa,-21.454,47.086,1127.0
2014-08-07,17.1,9.5,12.8,0.0,16.7,40.0,17.71,Fianarantsoa,-21.454,47.086,1127.0
2014-08-08,17.8,7.6,12.8,0.0,18.9,45.4,17.17,Fianarantsoa,-21.454,47.086,1127.0
2014-08-09,16.7,11.7,13.5,0.4,18.4,40.7,10.22,Fianarantsoa,-21.454,47.086,1127.0
2014-08-10,19.1,10.7,14.1,0.0,14.1,31.7,16.65,Fianarantsoa,-21.454,47.086,1127.0
2014-08-11,17.3,11.5,13.6,0.1,19.2,43.2,14.61,Fianarantsoa,-21.454,47.086,1127.0
2014-08-12,16.4,10.9,12.9,0.5,20.5,45.7,14.0,Fianarantsoa,-21.454,47.086,1127.0
2014-08-13,18.3,10.2,13.6,0.0,18.7,44.6,18.36,Fianarantsoa,-21.454,47.086,1127.0
2014-08-14,18.6,11.4,14.5,0.0,18.2,40.7,16.7,Fianarantsoa,-21.454,47.086,1127.0
2014-08-15,20.1,12.8,15.3,0.0,15.0,32.8,15.94,Fianarantsoa,-21.454,47.086,1127.0
2014-08-16,21.1,11.8,15.4,0.0,15.7,34.2,18.71,Fianarantsoa,-21.454,47.086,1127.0
2014-08-17,17.8,10.2,13.8,0.0,17.1,40.7,16.0,Fianarantsoa,-21.454,47.086,1127.0
2014-08-18,17.6,11.1,13.6,0.2,24.9,55.4,17.07,Fianarantsoa,-21.454,47.086,1127.0
2014-08-19,19.6,8.6,13.7,0.0,16.3,39.6,21.3,Fianarantsoa,-21.454,47.086,1127.0
2014-08-20,22.0,8.8,15.0,0.0,12.7,29.2,21.18,Fianarantsoa,-21.454,47.086,1127.0
2014-08-21,22.4,11.1,16.2,0.0,11.9,28.1,21.59,Fianarantsoa,-21.454,47.086,1127.0
2014-08-22,24.5,11.9,17.4,0.0,9.8,28.1,20.98,Fianarantsoa,-21.454,47.086,1127.0
2014-08-23,24.7,11.0,17.8,0.0,18.4,41.4,21.32,Fianarantsoa,-21.454,47.086,1127.0
2014-08-24,24.5,11.5,18.1,0.2,20.9,46.8,17.83,Fianarantsoa,-21.454,47.086,1127.0
2014-08-25,21.8,14.0,17.1,0.2,24.4,53.6,16.46,Fianarantsoa,-21.454,47.086,1127.0
2014-08-26,22.5,8.2,15.0,0.0,13.4,34.6,23.19,Fianarantsoa,-21.454,47.086,1127.0
2014-08-27,21.5,7.2,14.1,0.0,14.6,34.2,22.41,Fianarantsoa,-21.454,47.086,1127.0
2014-08-28,23.4,12.1,16.9,0.0,11.8,27.0,19.78,Fianarantsoa,-21.454,47.086,1127.0
2014-08-29,25.4,13.5,18.2,0.0,15.1,33.1,20.3,Fianarantsoa,-21.454,47.086,1127.0
2014-08-30,24.0,14.4,18.2,0.0,12.4,27.4,17.29,Fianarantsoa,-21.454,47.086,1127.0
2014-08-31,24.1,13.7,17.8,0.2,7.6,26.3,18.82,Fianarantsoa,-21.454,47.086,1127.0
2014-09-01,24.3,12.8,17.4,0.1,10.2,31.0,21.76,Fianarantsoa,-21.454,47.086,1127.0
2014-09-02,17.5,11.8,14.5,1.6,16.6,36.0,12.78,Fianarantsoa,-21.454,47.086,1127.0
2014-09-03,17.2,10.7,13.2,0.1,20.6,48.6,17.61,Fianarantsoa,-21.454,47.086,1127.0
2014-09-04,16.3,9.6,12.3,0.1,25.6,57.6,19.24,Fianarantsoa,-21.454,47.086,1127.0
2014-09-05,15.7,10.5,12.5,1.6,30.6,68.0,16.94,Fianarantsoa,-21.454,47.086,1127.0
2014-09-06,17.1,10.4,12.8,0.3,27.8,60.5,17.21,Fianarantsoa,-21.454,47.086,1127.0
2014-09-07,19.9,10.7,14.5,0.0,16.3,39.6,20.57,Fianarantsoa,-21.454,47.086,1127.0
2014-09-08,21.3,10.2,15.4,0.0,14.2,32.4,23.28,Fianarantsoa,-21.454,47.086,1127.0
2014-09-09,20.7,8.6,14.5,0.0,18.4,43.9,24.08,Fianarantsoa,-21.454,47.086,1127.0
2014-09-10,22.0,9.2,14.8,0.0,14.9,38.2,24.7,Fianarantsoa,-21.454,47.086,1127.0
2014-09-11,25.3,9.6,16.7,0.0,13.4,32.8,25.46,Fianarantsoa,-21.454,47.086,1127.0
2014-09-12,24.1,9.1,16.5,0.0,17.4,42.1,25.42,Fianarantsoa,-21.454,47.086,1127.0
2014-09-13,26.3,10.8,17.7,0.0,16.9,38.5,25.86,Fianarantsoa,-21.454,47.086,1127.0
2014-09-14,25.5,11.1,17.3,0.0,15.5,35.6,26.05,Fianarantsoa,-21.454,47.086,1127.0
2014-09-15,25.0,8.2,16.2,0.0,16.2,38.5,25.88,Fianarantsoa,-21.454,47.086,1127.0
2014-09-16,24.8,10.8,17.2,0.0,15.2,37.1,25.19,Fianarantsoa,-21.454,47.086,1127.0
2014-09-17,21.6,11.3,15.7,0.0,15.2,38.5,24.84,Fianarantsoa,-21.454,47.086,1127.0
2014-09-18,20.5,11.7,15.2,0.0,20.3,45.7,23.65,Fianarantsoa,-21.454,47.086,1127.0
2014-09-19,22.6,10.5,16.0,0.0,16.7,40.7,25.44,Fianarantsoa,-21.454,47.086,1127.0
2014-09-20,24.2,12.4,17.4,0.0,17.3,40.0,25.55,Fianarantsoa,-21.454,47.086,1127.0
2014-09-21,22.7,12.2,16.8,0.0,18.6,43.9,22.17,Fianarantsoa,-21.454,47.086,1127.0
2014-09-22,22.4,13.0,17.1,0.8,17.7,37.8,21.7,Fianarantsoa,-21.454,47.086,1127.0
2014-09-23,22.6,13.0,16.9,0.0,20.5,42.1,21.81,Fianarantsoa,-21.454,47.086,1127.0
2014-09-24,21.9,12.9,16.4,0.0,17.7,38.9,19.26,Fianarantsoa,-21.454,47.086,1127.0
2014-09-25,21.2,14.0,16.1,3.0,16.9,40.3,17.95,Fianarantsoa,-21.454,47.086,1127.0
2014-09-26,20.5,13.2,16.1,7.4,15.2,39.6,18.11,Fianarantsoa,-21.454,47.086,1127.0
2014-09-27,22.5,13.1,17.3,2.0,14.6,36.4,20.18,Fianarantsoa,-21.454,47.086,1127.0
2014-09-28,23.6,14.8,18.9,0.2,11.0,24.5,20.89,Fianarantsoa,-21.454,47.086,1127.0
2014-09-29,24.4,14.6,19.1,0.0,15.9,36.7,23.43,Fianarantsoa,-21.454,47.086,1127.0
2014-09-30,23.4,14.8,18.3,0.0,18.4,44.6,25.24,Fianarantsoa,-21.454,47.086,1127.0
2014-10-01,26.3,13.8,19.4,0.0,10.5,26.6,24.66,Fianarantsoa,-21.454,47.086,1127.0
2014-10-02,27.9,15.3,21.7,0.3,13.7,39.6,22.89,Fianarantsoa,-21.454,47.086,1127.0
2014-10-03,28.6,15.3,21.7,0.0,16.8,42.5,25.35,Fianarantsoa,-21.454,47.086,1127.0
2014-10-04,22.9,14.1,18.1,2.0,17.0,39.2,22.46,Fianarantsoa,-21.454,47.086,1127.0
2014-10-05,16.1,12.8,14.1,1.0,18.9,44.3,11.01,Fianarantsoa,-21.454,47.086,1127.0
2014-10-06,18.4,13.5,15.8,5.3,12.9,32.4,10.42,Fianarantsoa,-21.454,47.086,1127.0
2014-10-07,26.8,14.9,19.5,1.7,16.7,45.0,20.03,Fianarantsoa,-21.454,47.086,1127.0
2014-10-08,28.7,13.5,21.3,0.0,19.4,46.1,28.01,Fianarantsoa,-21.454,47.086,1127.0
2014-10-09,29.8,15.5,22.0,0.0,13.6,27.4,26.86,Fianarantsoa,-21.454,47.086,1127.0
2014-10-10,27.1,18.1,21.7,0.0,13.1,30.6,22.96,Fianarantsoa,-21.454,47.086,1127.0
2014-10-11,25.6,16.2,20.1,0.0,19.2,46.1,27.19,Fianarantsoa,-21.454,47.086,1127.0
2014-10-12,23.9,13.8,17.9,0.0,19.1,46.4,27.86,Fianarantsoa,-21.454,47.086,1127.0
2014-10-13,26.8,12.6,19.3,0.0,13.1,31.7,28.67,Fianarantsoa,-21.454,47.086,1127.0
2014-10-14,28.4,13.8,21.6,0.1,15.6,38.9,23.01,Fianarantsoa,-21.454,47.086,1127.0
2014-10-15,28.5,17.3,22.3,0.0,22.8,51.1,27.24,Fianarantsoa,-21.454,47.086,1127.0
2014-10-16,29.9,15.0,22.1,0.0,18.1,43.9,27.99,Fianarantsoa,-21.454,47.086,1127.0
2014-10-17,28.3,17.0,21.8,1.1,11.0,30.2,22.33,Fianarantsoa,-21.454,47.086,1127.0
2014-10-18,29.9,18.7,23.6,0.0,18.8,43.9,24.02,Fianarantsoa,-21.454,47.086,1127.0
2014-10-19,27.3,16.2,22.3,0.1,11.8,33.8,21.09,Fianarantsoa,-21.454,47.086,1127.0
2014-10-20,26.8,16.2,21.4,0.1,21.2,47.5,21.28,Fianarantsoa,-21.454,47.086,1127.0
2014-10-21,28.9,15.5,21.4,0.8,12.9,38.9,26.15,Fianarantsoa,-21.454,47.086,1127.0
2014-10-22,28.3,16.2,21.8,0.0,12.2,37.1,25.54,Fianarantsoa,-21.454,47.086,1127.0
2014-10-23,26.0,17.0,21.0,2.2,10.9,37.8,20.17,Fianarantsoa,-21.454,47.086,1127.0
2014-10-24,27.3,17.2,22.1,0.5,20.4,42.5,25.03,Fianarantsoa,-21.454,47.086,1127.0
2014-10-25,27.8,15.8,21.7,0.0,18.8,45.7,26.6,Fianarantsoa,-21.454,47.086,1127.0
2014-10-26,25.5,16.1,19.5,3.9,12.0,35.3,20.88,Fianarantsoa,-21.454,47.086,1127.0
2014-10-27,19.3,13.6,15.8,0.7,17.7,41.8,14.8,Fianarantsoa,-21.454,47.086,1127.0
2014-10-28,16.9,12.0,14.2,0.2,22.6,49.3,13.33,Fianarantsoa,-21.454,47.086,1127.0
2014-10-29,19.8,11.9,15.0,0.0,18.8,42.8,21.86,Fianarantsoa,-21.454,47.086,1127.0
2014-10-30,22.7,12.9,17.1,0.2,16.0,35.3,23.63,Fianarantsoa,-21.454,47.086,1127.0
2014-10-31,23.2,13.7,17.7,0.2,16.9,37.4,24.12,Fianarantsoa,-21.454,47.086,1127.0
2014-11-01,25.0,12.9,18.5,0.0,15.1,33.1,26.05,Fianarantsoa,-21.454,47.086,1127.0
2014-11-02,26.6,15.0,21.2,0.1,8.7,21.2,24.41,Fianarantsoa,-21.454,47.086,1127.0
2014-11-03,30.1,16.7,21.8,3.4,18.2,42.8,25.89,Fianarantsoa,-21.454,47.086,1127.0
2014-11-04,19.9,15.2,16.7,0.0,22.3,48.6,15.92,Fianarantsoa,-21.454,47.086,1127.0
2014-11-05,25.1,15.6,19.4,0.2,16.3,37.8,25.22,Fianarantsoa,-21.454,47.086,1127.0
2014-11-06,26.6,16.7,20.6,12.4,15.5,35.3,21.77,Fianarantsoa,-21.454,47.086,1127.0
2014-11-07,27.8,17.0,21.8,0.2,17.1,38.9,26.78,Fianarantsoa,-21.454,47.086,1127.0
2014-11-08,22.7,17.2,19.5,13.6,11.0,34.2,19.09,Fianarantsoa,-21.454,47.086,1127.0
2014-11-09,27.2,16.2,21.7,0.3,21.5,50.0,25.24,Fianarantsoa,-21.454,47.086,1127.0
2014-11-10,29.2,15.3,22.3,0.0,15.2,37.8,28.73,Fianarantsoa,-21.454,47.086,1127.0
2014-11-11,29.8,17.6,22.1,0.2,17.7,40.7,27.98,Fianarantsoa,-21.454,47.086,1127.0
2014-11-12,21.7,15.9,18.2,1.0,17.7,41.8,18.87,Fianarantsoa,-21.454,47.086,1127.0
2014-11-13,24.8,15.5,19.8,0.5,14.5,36.0,22.09,Fianarantsoa,-21.454,47.086,1127.0
2014-11-14,25.6,17.3,21.0,0.8,15.9,38.5,23.82,Fianarantsoa,-21.454,47.086,1127.0
2014-11-15,25.0,16.4,20.2,0.0,17.1,40.0,27.7,Fianarantsoa,-21.454,47.086,1127.0
2014-11-16,28.3,15.3,21.0,0.0,14.6,33.8,27.59,Fianarantsoa,-21.454,47.086,1127.0
2014-11-17,26.0,16.7,20.8,0.0,17.2,40.3,29.3,Fianarantsoa,-21.454,47.086,1127.0
2014-11-18,23.6,16.2,18.9,1.6,18.0,41.4,21.67,Fianarantsoa,-21.454,47.086,1127.0
2014-11-19,23.3,15.7,18.3,21.4,12.5,36.4,16.32,Fianarantsoa,-21.454,47.086,1127.0
2014-11-20,24.9,17.3,20.2,9.4,14.0,42.1,21.16,Fianarantsoa,-21.454,47.086,1127.0
2014-11-21,26.9,15.6,20.2,0.1,12.8,31.3,29.0,Fianarantsoa,-21.454,47.086,1127.0
2014-11-22,23.0,16.7,18.9,2.4,14.8,34.9,22.57,Fianarantsoa,-21.454,47.086,1127.0
2014-11-23,23.2,16.2,19.1,1.6,15.5,37.1,22.91,Fianarantsoa,-21.454,47.086,1127.0
2014-11-24,25.1,16.3,20.1,0.0,17.2,41.8,27.01,Fianarantsoa,-21.454,47.086,1127.0
2014-11-25,27.1,17.0,20.6,15.7,10.3,25.9,23.34,Fianarantsoa,-21.454,47.086,1127.0
2014-11-26,28.0,16.7,21.8,0.6,15.2,36.7,26.2,Fianarantsoa,-21.454,47.086,1127.0
2014-11-27,28.3,15.8,21.8,0.0,17.9,44.6,30.59,Fianarantsoa,-21.454,47.086,1127.0
2014-11-28,28.1,16.6,21.0,0.2,14.8,32.0,29.21,Fianarantsoa,-21.454,47.086,1127.0
2014-11-29,27.5,17.3,21.0,0.0,14.1,33.8,25.07,Fianarantsoa,-21.454,47.086,1127.0
2014-11-30,22.9,16.9,19.6,0.9,13.6,38.5,18.18,Fianarantsoa,-21.454,47.086,1127.0
2014-12-01,23.0,15.5,18.1,15.4,13.6,37.4,18.42,Fianarantsoa,-21.454,47.086,1127.0
2014-12-02,23.3,16.2,19.0,20.5,9.7,36.4,18.41,Fianarantsoa,-21.454,47.086,1127.0
2014-12-03,26.3,16.1,20.9,0.6,18.9,46.1,26.45,Fianarantsoa,-21.454,47.086,1127.0
2014-12-04,28.7,14.3,21.7,0.0,13.3,34.2,31.35,Fianarantsoa,-21.454,47.086,1127.0
2014-12-05,25.8,17.6,20.6,3.3,12.6,32.0,22.71,Fianarantsoa,-21.454,47.086,1127.0
2014-12-06,24.7,17.7,20.0,5.0,14.7,37.1,21.16,Fianarantsoa,-21.454,47.086,1127.0
2014-12-07,23.8,17.0,19.6,9.6,15.0,30.6,20.25,Fianarantsoa,-21.454,47.086,1127.0
2014-12-08,25.6,17.3,20.2,9.5,10.4,28.1,23.64,Fianarantsoa,-21.454,47.086,1127.0
2014-12-09,25.4,16.8,20.2,12.1,15.7,37.1,23.9,Fianarantsoa,-21.454,47.086,1127.0
2014-12-10,25.4,17.8,20.9,2.3,13.0,32.8,23.59,Fianarantsoa,-21.454,47.086,1127.0
2014-12-11,26.3,18.0,21.4,1.0,10.1,28.4,23.98,Fianarantsoa,-21.454,47.086,1127.0
2014-12-12,27.1,18.1,21.7,1.3,10.9,28.8,27.35,Fianarantsoa,-21.454,47.086,1127.0
2014-12-13,26.5,18.2,21.1,9.3,12.8,30.6,23.8,Fianarantsoa,-21.454,47.086,1127.0
2014-12-14,26.5,17.3,20.5,10.9,14.4,36.0,26.11,Fianarantsoa,-21.454,47.086,1127.0
2014-12-15,25.7,17.5,20.3,18.6,11.2,31.3,20.43,Fianarantsoa,-21.454,47.086,1127.0
2014-12-16,27.5,17.0,21.6,4.6,15.9,39.6,25.12,Fianarantsoa,-21.454,47.086,1127.0
2014-12-17,27.5,18.3,21.8,8.0,14.0,41.0,24.91,Fianarantsoa,-21.454,47.086,1127.0
2014-12-18,26.1,18.4,21.7,1.3,12.7,40.0,20.98,Fianarantsoa,-21.454,47.086,1127.0
2014-12-19,26.0,17.5,21.1,14.1,16.2,42.8,19.12,Fianarantsoa,-21.454,47.086,1127.0
2014-12-20,25.3,18.5,20.8,6.9,9.7,27.7,21.65,Fianarantsoa,-21.454,47.086,1127.0
2014-12-21,25.4,19.0,21.3,11.3,10.1,27.0,19.83,Fianarantsoa,-21.454,47.086,1127.0
2014-12-22,26.6,19.4,22.1,15.2,7.1,25.9,19.79,Fianarantsoa,-21.454,47.086,1127.0
2014-12-23,23.8,19.4,20.9,4.3,15.0,36.0,17.53,Fianarantsoa,-21.454,47.086,1127.0
2014-12-24,25.3,19.6,21.5,8.0,13.8,28.4,18.42,Fianarantsoa,-21.454,47.086,1127.0
2014-12-25,24.5,19.3,21.2,2.6,14.4,36.7,21.23,Fianarantsoa,-21.454,47.086,1127.0
2014-12-26,25.8,17.8,21.3,0.7,16.6,39.2,27.02,Fianarantsoa,-21.454,47.086,1127.0
2014-12-27,24.7,15.8,19.7,0.0,17.7,38.9,30.1,Fianarantsoa,-21.454,47.086,1127.0
2014-12-28,24.8,15.0,19.5,0.0,15.5,36.0,30.35,Fianarantsoa,-21.454,47.086,1127.0
2014-12-29,27.6,14.6,20.8,0.1,10.7,24.5,30.77,Fianarantsoa,-21.454,47.086,1127.0
2014-12-30,27.8,17.6,21.9,8.3,9.4,29.9,27.34,Fianarantsoa,-21.454,47.086,1127.0
2014-12-31,27.3,19.2,21.7,17.3,13.4,39.6,19.94,Fianarantsoa,-21.454,47.086,1127.0
2015-01-01,25.5,19.4,21.4,33.1,6.9,27.4,16.69,Fianarantsoa,-21.454,47.086,1127.0
2015-01-02,24.7,19.3,20.9,40.6,6.6,31.7,11.44,Fianarantsoa,-21.454,47.086,1127.0
2015-01-03,25.0,18.9,20.9,78.7,10.2,32.0,10.43,Fianarantsoa,-21.454,47.086,1127.0
2015-01-04,24.6,19.2,21.1,17.7,17.6,41.4,12.15,Fianarantsoa,-21.454,47.086,1127.0
2015-01-05,22.8,19.6,20.9,14.7,6.3,25.6,9.77,Fianarantsoa,-21.454,47.086,1127.0
2015-01-06,24.9,19.2,21.6,1.2,11.0,31.3,13.66,Fianarantsoa,-21.454,47.086,1127.0
2015-01-07,23.8,18.3,20.8,15.5,15.7,33.8,15.24,Fianarantsoa,-21.454,47.086,1127.0
2015-01-08,22.8,18.1,20.1,2.3,17.6,38.2,12.88,Fianarantsoa,-21.454,47.086,1127.0
2015-01-09,24.3,17.9,20.2,3.5,15.7,35.6,17.65,Fianarantsoa,-21.454,47.086,1127.0
2015-01-10,23.4,18.9,20.8,2.6,20.4,48.2,22.36,Fianarantsoa,-21.454,47.086,1127.0
2015-01-11,25.0,18.4,20.7,0.8,24.9,54.7,24.55,Fianarantsoa,-21.454,47.086,1127.0
2015-01-12,24.2,18.6,20.4,2.9,19.1,41.8,19.84,Fianarantsoa,-21.454,47.086,1127.0
2015-01-13,23.6,17.6,19.9,2.2,14.9,34.2,18.5,Fianarantsoa,-21.454,47.086,1127.0
2015-01-14,21.8,18.3,19.4,9.6,16.2,36.4,10.64,Fianarantsoa,-21.454,47.086,1127.0
2015-01-15,21.0,18.4,19.1,16.7,20.4,43.2,9.6,Fianarantsoa,-21.454,47.086,1127.0
2015-01-16,20.5,18.1,19.0,62.8,26.2,54.0,3.86,Fianarantsoa,-21.454,47.086,1127.0
2015-01-17,19.2,17.5,18.4,80.0,29.9,70.2,3.8,Fianarantsoa,-21.454,47.086,1127.0
2015-01-18,25.3,16.8,20.6,0.3,11.2,29.9,24.13,Fianarantsoa,-21.454,47.086,1127.0
2015-01-19,24.5,16.2,20.4,4.7,14.6,32.8,21.31,Fianarantsoa,-21.454,47.086,1127.0
2015-01-20,25.5,18.3,20.9,9.8,9.6,29.9,20.19,Fianarantsoa,-21.454,47.086,1127.0
2015-01-21,22.8,17.8,19.8,3.0,10.9,30.2,17.02,Fianarantsoa,-21.454,47.086,1127.0
2015-01-22,23.6,17.7,19.6,6.4,15.0,31.3,20.75,Fianarantsoa,-21.454,47.086,1127.0
2015-01-23,19.8,16.5,17.9,1.1,18.1,40.3,12.7,Fianarantsoa,-21.454,47.086,1127.0
2015-01-24,21.7,15.9,18.3,2.8,18.9,39.2,15.52,Fianarantsoa,-21.454,47.086,1127.0
2015-01-25,24.1,15.6,19.4,0.8,18.0,42.8,29.1,Fianarantsoa,-21.454,47.086,1127.0
2015-01-26,22.5,17.5,19.5,3.4,20.8,46.8,16.67,Fianarantsoa,-21.454,47.086,1127.0
2015-01-27,23.6,17.1,19.5,0.5,25.2,55.1,23.58,Fianarantsoa,-21.454,47.086,1127.0
2015-01-28,24.7,15.0,19.8,0.0,14.1,33.1,25.6,Fianarantsoa,-21.454,47.086,1127.0
2015-01-29,26.1,16.9,21.1,0.0,8.8,21.2,24.64,Fianarantsoa,-21.454,47.086,1127.0
2015-01-30,25.2,18.0,21.0,0.4,14.7,33.1,23.54,Fianarantsoa,-21.454,47.086,1127.0
2015-01-31,25.2,15.6,19.8,1.1,16.1,36.4,25.14,Fianarantsoa,-21.454,47.086,1127.0
2015-02-01,23.0,17.4,19.1,21.2,15.0,33.1,15.99,Fianarantsoa,-21.454,47.086,1127.0
2015-02-02,20.1,17.4,18.5,1.0,16.0,36.7,7.14,Fianarantsoa,-21.454,47.086,1127.0
2015-02-03,20.2,16.6,18.2,12.4,15.9,37.1,9.18,Fianarantsoa,-21.454,47.086,1127.0
2015-02-04,20.5,17.1,18.8,39.3,10.1,24.8,6.29,Fianarantsoa,-21.454,47.086,1127.0
2015-02-05,21.5,17.4,18.9,38.7,15.2,40.0,9.49,Fianarantsoa,-21.454,47.086,1127.0
2015-02-06,20.6,17.1,18.6,5.2,14.5,31.3,6.9,Fianarantsoa,-21.454,47.086,1127.0
2015-02-07,22.4,17.9,19.7,22.8,16.6,46.1,8.76,Fianarantsoa,-21.454,47.086,1127.0
2015-02-08,22.9,17.9,19.8,25.8,11.5,35.6,12.05,Fianarantsoa,-21.454,47.086,1127.0
2015-02-09,24.2,16.9,19.9,8.1,16.6,40.3,18.32,Fianarantsoa,-21.454,47.086,1127.0
2015-02-10,23.2,17.5,19.7,2.0,21.5,44.6,21.15,Fianarantsoa,-21.454,47.086,1127.0
2015-02-11,23.4,18.5,20.1,4.3,19.1,42.5,15.83,Fianarantsoa,-21.454,47.086,1127.0
2015-02-12,23.2,17.4,19.7,0.3,18.8,40.7,21.2,Fianarantsoa,-21.454,47.086,1127.0
2015-02-13,22.4,16.6,18.9,1.3,17.0,39.2,22.22,Fianarantsoa,-21.454,47.086,1127.0
2015-02-14,24.2,15.6,19.4,0.0,13.0,31.3,24.96,Fianarantsoa,-21.454,47.086,1127.0
2015-02-15,25.0,17.7,20.1,16.0,10.4,26.3,18.69,Fianarantsoa,-21.454,47.086,1127.0
2015-02-16,25.1,18.7,20.4,18.4,7.6,24.5,14.57,Fianarantsoa,-21.454,47.086,1127.0
2015-02-17,25.3,18.7,21.1,10.9,8.8,31.7,15.93,Fianarantsoa,-21.454,47.086,1127.0
2015-02-18,26.1,19.2,21.2,12.6,7.6,26.6,15.33,Fianarantsoa,-21.454,47.086,1127.0
2015-02-19,22.4,18.6,20.1,6.0,15.2,37.8,9.1,Fianarantsoa,-21.454,47.086,1127.0
2015-02-20,24.0,18.7,20.2,20.6,9.7,28.1,14.2,Fianarantsoa,-21.454,47.086,1127.0
2015-02-21,23.8,18.6,20.2,8.6,13.8,37.1,16.98,Fianarantsoa,-21.454,47.086,1127.0
2015-02-22,23.8,18.3,20.1,2.8,14.5,40.3,19.7,Fianarantsoa,-21.454,47.086,1127.0
2015-02-23,24.0,17.2,19.7,1.9,14.0,36.4,20.56,Fianarantsoa,-21.454,47.086,1127.0
2015-02-24,23.6,18.1,19.7,14.5,14.2,34.2,15.81,Fianarantsoa,-21.454,47.086,1127.0
2015-02-25,22.9,18.0,19.7,12.1,13.7,32.0,14.25,Fianarantsoa,-21.454,47.086,1127.0
2015-02-26,21.3,18.6,19.5,7.1,16.9,38.5,10.31,Fianarantsoa,-21.454,47.086,1127.0
2015-02-27,23.4,18.1,20.2,5.2,17.3,40.3,17.22,Fianarantsoa,-21.454,47.086,1127.0
2015-02-28,23.9,17.2,19.9,0.5,16.7,40.0,18.68,Fianarantsoa,-21.454,47.086,1127.0
2015-03-01,24.9,16.4,20.1,0.0,14.7,34.9,23.56,Fianarantsoa,-21.454,47.086,1127.0
2015-03-02,26.2,17.2,21.5,0.2,8.1,24.8,20.22,Fianarantsoa,-21.454,47.086,1127.0
2015-03-03,21.1,14.4,18.5,5.3,21.6,50.8,14.88,Fianarantsoa,-21.454,47.086,1127.0
2015-03-04,16.8,13.7,15.3,10.3,23.0,49.0,6.97,Fianarantsoa,-21.454,47.086,1127.0
2015-03-05,19.6,15.5,17.6,15.8,20.8,51.5,8.05,Fianarantsoa,-21.454,47.086,1127.0
2015-03-06,20.9,18.0,19.1,9.5,18.3,42.8,8.85,Fianarantsoa,-21.454,47.086,1127.0
2015-03-07,20.6,18.3,19.1,48.3,14.0,41.4,4.77,Fianarantsoa,-21.454,47.086,1127.0
2015-03-08,23.2,18.1,19.3,15.2,11.1,27.4,10.75,Fianarantsoa,-21.454,47.086,1127.0
2015-03-09,19.8,15.9,18.0,33.8,21.2,42.8,5.21,Fianarantsoa,-21.454,47.086,1127.0
2015-03-10,23.4,15.2,18.7,19.6,14.5,34.9,14.72,Fianarantsoa,-21.454,47.086,1127.0
2015-03-11,24.2,17.2,20.0,5.0,15.5,34.2,16.71,Fianarantsoa,-21.454,47.086,1127.0
2015-03-12,22.3,16.2,18.9,2.5,16.1,32.4,16.41,Fianarantsoa,-21.454,47.086,1127.0
2015-03-13,21.7,15.0,17.9,0.8,16.6,35.6,19.07,Fianarantsoa,-21.454,47.086,1127.0
2015-03-14,21.6,16.0,18.0,0.9,18.6,41.0,15.88,Fianarantsoa,-21.454,47.086,1127.0
2015-03-15,21.0,14.5,17.2,0.0,18.8,40.7,18.89,Fianarantsoa,-21.454,47.086,1127.0
2015-03-16,22.0,12.8,17.1,0.0,15.5,37.8,23.89,Fianarantsoa,-21.454,47.086,1127.0
2015-03-17,24.2,14.5,18.9,0.2,8.9,19.8,23.72,Fianarantsoa,-21.454,47.086,1127.0
2015-03-18,24.5,15.7,19.8,1.1,8.6,23.4,21.83,Fianarantsoa,-21.454,47.086,1127.0
2015-03-19,25.3,16.7,20.2,1.0,6.8,22.3,22.21,Fianarantsoa,-21.454,47.086,1127.0
2015-03-20,25.8,17.1,20.8,2.3,8.9,25.9,22.93,Fianarantsoa,-21.454,47.086,1127.0
2015-03-21,25.3,18.1,20.8,1.7,9.5,27.4,22.07,Fianarantsoa,-21.454,47.086,1127.0
2015-03-22,24.5,17.4,20.4,0.0,13.4,33.1,22.25,Fianarantsoa,-21.454,47.086,1127.0
2015-03-23,25.1,15.6,20.0,0.0,13.3,33.1,26.13,Fianarantsoa,-21.454,47.086,1127.0
2015-03-24,25.4,14.5,19.9,0.0,14.0,32.4,24.19,Fianarantsoa,-21.454,47.086,1127.0
2015-03-25,25.3,17.7,20.3,0.2,12.4,29.9,21.48,Fianarantsoa,-21.454,47.086,1127.0
2015-03-26,24.0,17.2,19.9,0.0,14.0,32.0,19.71,Fianarantsoa,-21.454,47.086,1127.0
2015-03-27,25.1,16.0,20.1,0.4,9.8,23.4,21.19,Fianarantsoa,-21.454,47.086,1127.0
2015-03-28,25.5,17.5,20.7,0.0,9.5,22.3,21.19,Fianarantsoa,-21.454,47.086,1127.0
2015-03-29,25.3,17.3,20.5,0.0,9.8,27.0,22.73,Fianarantsoa,-21.454,47.086,1127.0
2015-03-30,26.9,17.4,21.5,0.0,9.3,22.7,21.81,Fianarantsoa,-21.454,47.086,1127.0
2015-03-31,25.5,17.4,20.6,0.0,11.2,24.1,21.13,Fianarantsoa,-21.454,47.086,1127.0
2015-04-01,24.9,16.8,20.1,17.0,11.2,29.2,17.44,Fianarantsoa,-21.454,47.086,1127.0
2015-04-02,24.4,17.2,19.9,0.2,13.9,36.0,19.54,Fianarantsoa,-21.454,47.086,1127.0
2015-04-03,24.5,15.9,19.3,0.0,11.2,25.2,20.42,Fianarantsoa,-21.454,47.086,1127.0
2015-04-04,25.7,15.9,20.1,0.0,10.5,24.8,19.65,Fianarantsoa,-21.454,47.086,1127.0
2015-04-05,26.7,17.6,21.2,0.0,9.5,25.6,21.39,Fianarantsoa,-21.454,47.086,1127.0
2015-04-06,25.3,18.0,20.9,0.0,9.9,22.3,19.46,Fianarantsoa,-21.454,47.086,1127.0
2015-04-07,25.5,15.3,20.0,0.0,8.9,24.8,23.88,Fianarantsoa,-21.454,47.086,1127.0
2015-04-08,24.4,15.6,19.2,0.0,12.3,28.1,24.14,Fianarantsoa,-21.454,47.086,1127.0
2015-04-09,24.8,14.0,19.1,0.0,11.6,26.3,23.39,Fianarantsoa,-21.454,47.086,1127.0
2015-04-10,21.2,16.8,18.4,1.0,16.2,37.1,14.66,Fianarantsoa,-21.454,47.086,1127.0
2015-04-11,22.0,16.6,18.5,1.7,15.5,36.7,15.57,Fianarantsoa,-21.454,47.086,1127.0
2015-04-12,23.1,15.7,18.4,0.0,13.1,31.3,17.31,Fianarantsoa,-21.454,47.086,1127.0
2015-04-13,24.2,13.7,18.6,0.0,11.5,27.4,20.78,Fianarantsoa,-21.454,47.086,1127.0
2015-04-14,23.1,17.2,19.3,0.4,11.2,26.6,17.17,Fianarantsoa,-21.454,47.086,1127.0
2015-04-15,24.5,16.6,20.1,1.4,9.7,26.3,16.69,Fianarantsoa,-21.454,47.086,1127.0
2015-04-16,25.4,17.9,21.1,0.4,7.9,20.2,18.6,Fianarantsoa,-21.454,47.086,1127.0
2015-04-17,23.9,17.9,20.2,0.0,16.0,37.8,15.07,Fianarantsoa,-21.454,47.086,1127.0
2015-04-18,23.1,16.9,19.5,0.1,15.9,37.1,15.6,Fianarantsoa,-21.454,47.086,1127.0
2015-04-19,23.0,17.0,19.1,0.2,14.8,34.9,15.21,Fianarantsoa,-21.454,47.086,1127.0
2015-04-20,26.6,14.7,20.6,0.1,11.3,27.0,20.19,Fianarantsoa,-21.454,47.086,1127.0
2015-04-21,24.2,16.5,19.8,1.4,12.2,29.2,16.15,Fianarantsoa,-21.454,47.086,1127.0
2015-04-22,18.9,15.8,17.6,0.0,19.4,41.4,9.42,Fianarantsoa,-21.454,47.086,1127.0
2015-04-23,23.3,15.8,18.9,0.0,15.0,35.6,18.66,Fianarantsoa,-21.454,47.086,1127.0
2015-04-24,23.2,16.6,18.9,0.8,14.8,33.5,16.67,Fianarantsoa,-21.454,47.086,1127.0
2015-04-25,21.6,17.1,18.8,0.8,16.9,38.9,14.63,Fianarantsoa,-21.454,47.086,1127.0
2015-04-26,23.6,17.0,18.9,3.7,12.6,29.5,15.32,Fianarantsoa,-21.454,47.086,1127.0
2015-04-27,24.4,16.7,19.3,9.7,9.1,24.8,16.16,Fianarantsoa,-21.454,47.086,1127.0
2015-04-28,25.1,15.3,19.8,0.0,12.6,31.7,19.02,Fianarantsoa,-21.454,47.086,1127.0
2015-04-29,24.5,15.5,19.7,0.0,14.0,36.0,18.0,Fianarantsoa,-21.454,47.086,1127.0
2015-04-30,24.8,14.7,19.3,0.0,12.6,34.6,20.36,Fianarantsoa,-21.454,47.086,1127.0
2015-05-01,25.7,16.0,20.4,0.2,14.8,32.4,18.72,Fianarantsoa,-21.454,47.086,1127.0
2015-05-02,24.1,16.2,19.5,0.3,10.4,27.7,18.69,Fianarantsoa,-21.454,47.086,1127.0
2015-05-03,23.5,17.0,18.9,2.6,11.6,29.2,15.78,Fianarantsoa,-21.454,47.086,1127.0
2015-05-04,23.6,16.9,19.1,3.8,12.6,30.6,16.26,Fianarantsoa,-21.454,47.086,1127.0
2015-05-05,23.0,16.4,18.8,0.1,12.4,31.0,16.22,Fianarantsoa,-21.454,47.086,1127.0
2015-05-06,23.8,14.5,18.6,0.0,8.9,25.2,18.22,Fianarantsoa,-21.454,47.086,1127.0
2015-05-07,24.8,14.6,19.1,0.0,11.9,24.8,17.81,Fianarantsoa,-21.454,47.086,1127.0
2015-05-08,20.5,15.8,17.3,0.4,18.6,42.1,16.02,Fianarantsoa,-21.454,47.086,1127.0
2015-05-09,20.2,15.7,17.2,1.1,18.8,40.3,13.77,Fianarantsoa,-21.454,47.086,1127.0
2015-05-10,22.2,15.3,18.0,0.9,14.3,33.8,14.74,Fianarantsoa,-21.454,47.086,1127.0
2015-05-11,22.9,15.4,18.3,0.0,12.7,28.8,16.7,Fianarantsoa,-21.454,47.086,1127.0
2015-05-12,22.4,15.4,18.0,4.1,12.7,31.7,14.5,Fianarantsoa,-21.454,47.086,1127.0
2015-05-13,23.3,16.3,18.9,0.3,10.7,27.0,14.14,Fianarantsoa,-21.454,47.086,1127.0
2015-05-14,22.9,13.0,17.9,0.0,14.8,35.6,19.38,Fianarantsoa,-21.454,47.086,1127.0
2015-05-15,21.1,14.1,17.0,0.0,13.3,32.4,15.89,Fianarantsoa,-21.454,47.086,1127.0
2015-05-16,20.6,14.5,16.8,0.0,14.4,33.8,16.05,Fianarantsoa,-21.454,47.086,1127.0
2015-05-17,20.4,14.2,16.6,0.0,14.1,33.1,16.3,Fianarantsoa,-21.454,47.086,1127.0
2015-05-18,18.9,11.7,14.7,0.0,19.5,45.0,17.02,Fianarantsoa,-21.454,47.086,1127.0
2015-05-19,19.7,12.7,15.9,0.1,18.4,41.8,15.93,Fianarantsoa,-21.454,47.086,1127.0
2015-05-20,21.2,15.0,17.1,0.0,16.0,37.8,12.85,Fianarantsoa,-21.454,47.086,1127.0
2015-05-21,18.8,14.5,16.2,1.0,18.8,42.1,13.65,Fianarantsoa,-21.454,47.086,1127.0
2015-05-22,19.9,13.0,15.9,0.0,14.8,36.0,17.51,Fianarantsoa,-21.454,47.086,1127.0
2015-05-23,22.2,14.0,17.3,0.0,8.4,23.4,17.27,Fianarantsoa,-21.454,47.086,1127.0
2015-05-24,22.7,14.4,17.5,0.0,8.7,16.9,16.53,Fianarantsoa,-21.454,47.086,1127.0
2015-05-25,22.5,14.0,17.5,0.0,9.4,18.7,16.95,Fianarantsoa,-21.454,47.086,1127.0
2015-05-26,22.3,13.6,17.3,0.0,9.4,20.2,16.86,Fianarantsoa,-21.454,47.086,1127.0
2015-05-27,21.1,14.2,16.9,0.0,11.0,28.1,16.48,Fianarantsoa,-21.454,47.086,1127.0
2015-05-28,20.3,11.3,15.3,0.0,10.4,27.7,17.99,Fianarantsoa,-21.454,47.086,1127.0
2015-05-29,19.2,10.2,13.6,0.0,13.4,31.3,17.74,Fianarantsoa,-21.454,47.086,1127.0
2015-05-30,18.4,8.6,13.3,0.5,19.1,44.3,14.57,Fianarantsoa,-21.454,47.086,1127.0
2015-05-31,17.0,13.2,14.5,1.6,22.0,49.0,12.9,Fianarantsoa,-21.454,47.086,1127.0
2015-06-01,17.4,13.8,15.0,1.6,23.6,52.6,10.06,Fianarantsoa,-21.454,47.086,1127.0
2015-06-02,19.5,14.9,16.2,1.9,17.3,38.5,11.12,Fianarantsoa,-21.454,47.086,1127.0
2015-06-03,19.5,15.0,16.5,0.1,17.7,40.0,11.46,Fianarantsoa,-21.454,47.086,1127.0
2015-06-04,22.7,15.2,18.0,0.0,11.7,27.0,13.56,Fianarantsoa,-21.454,47.086,1127.0
2015-06-05,22.8,14.5,17.8,0.3,19.9,46.8,11.87,Fianarantsoa,-21.454,47.086,1127.0
2015-06-06,21.2,13.7,16.6,0.0,15.1,36.0,14.45,Fianarantsoa,-21.454,47.086,1127.0
2015-06-07,15.3,11.5,13.1,0.0,18.6,41.4,9.92,Fianarantsoa,-21.454,47.086,1127.0
2015-06-08,15.8,11.7,13.3,0.3,18.9,41.4,6.82,Fianarantsoa,-21.454,47.086,1127.0
2015-06-09,19.3,12.6,15.2,1.6,12.3,28.4,8.27,Fianarantsoa,-21.454,47.086,1127.0
2015-06-10,21.2,12.7,16.1,0.0,9.2,24.8,13.3,Fianarantsoa,-21.454,47.086,1127.0
2015-06-11,19.0,11.1,14.5,0.0,11.1,25.9,15.56,Fianarantsoa,-21.454,47.086,1127.0
2015-06-12,21.6,10.2,15.6,0.0,9.6,20.9,17.06,Fianarantsoa,-21.454,47.086,1127.0
2015-06-13,20.1,10.0,15.0,0.0,15.9,38.9,17.18,Fianarantsoa,-21.454,47.086,1127.0
2015-06-14,19.4,10.1,14.0,0.0,7.6,20.5,16.02,Fianarantsoa,-21.454,47.086,1127.0
2015-06-15,18.1,8.9,12.3,0.0,11.0,27.0,17.54,Fianarantsoa,-21.454,47.086,1127.0
2015-06-16,18.7,7.4,12.4,0.0,13.9,34.9,16.91,Fianarantsoa,-21.454,47.086,1127.0
2015-06-17,19.4,9.9,13.8,0.0,13.5,31.0,16.75,Fianarantsoa,-21.454,47.086,1127.0
2015-06-18,21.8,10.6,15.8,0.0,7.1,22.7,16.46,Fianarantsoa,-21.454,47.086,1127.0
2015-06-19,19.5,12.1,15.2,0.1,13.5,32.0,15.0,Fianarantsoa,-21.454,47.086,1127.0
2015-06-20,16.7,12.3,14.3,0.6,20.8,46.1,9.39,Fianarantsoa,-21.454,47.086,1127.0
2015-06-21,15.5,11.3,13.1,0.5,20.4,45.7,9.2,Fianarantsoa,-21.454,47.086,1127.0
2015-06-22,17.2,11.8,13.9,0.0,18.4,40.7,11.21,Fianarantsoa,-21.454,47.086,1127.0
2015-06-23,19.4,14.0,15.7,0.1,13.4,30.6,10.85,Fianarantsoa,-21.454,47.086,1127.0
2015-06-24,19.8,13.6,15.7,0.5,14.5,31.3,12.34,Fianarantsoa,-21.454,47.086,1127.0
2015-06-25,20.1,11.9,15.4,0.0,14.5,35.6,15.57,Fianarantsoa,-21.454,47.086,1127.0
2015-06-26,21.6,11.8,15.8,0.0,13.8,30.2,14.98,Fianarantsoa,-21.454,47.086,1127.0
2015-06-27,18.0,10.6,13.9,0.0,20.0,45.7,14.37,Fianarantsoa,-21.454,47.086,1127.0
2015-06-28,16.7,11.9,13.6,0.4,16.6,37.4,11.34,Fianarantsoa,-21.454,47.086,1127.0
2015-06-29,21.0,10.4,15.3,0.0,10.0,28.4,14.25,Fianarantsoa,-21.454,47.086,1127.0
2015-06-30,20.9,9.9,15.2,0.0,8.1,15.5,16.64,Fianarantsoa,-21.454,47.086,1127.0
2015-07-01,17.2,12.3,14.2,0.2,13.5,31.7,9.5,Fianarantsoa,-21.454,47.086,1127.0
2015-07-02,17.5,11.9,14.0,0.0,15.2,32.8,11.38,Fianarantsoa,-21.454,47.086,1127.0
2015-07-03,18.2,12.4,14.4,0.0,14.4,32.4,11.03,Fianarantsoa,-21.454,47.086,1127.0
2015-07-04,19.9,12.8,15.3,0.0,15.3,34.9,12.47,Fianarantsoa,-21.454,47.086,1127.0
2015-07-05,22.6,12.8,17.1,0.0,8.4,20.5,15.08,Fianarantsoa,-21.454,47.086,1127.0
2015-07-06,23.0,11.8,16.9,0.0,10.2,24.5,16.66,Fianarantsoa,-21.454,47.086,1127.0
2015-07-07,20.5,10.5,14.9,0.0,11.3,30.6,16.73,Fianarantsoa,-21.454,47.086,1127.0
2015-07-08,17.8,9.9,12.9,0.0,10.9,25.2,14.63,Fianarantsoa,-21.454,47.086,1127.0
2015-07-09,19.9,9.9,14.0,0.0,8.7,19.8,12.87,Fianarantsoa,-21.454,47.086,1127.0
2015-07-10,19.4,11.9,14.7,0.0,11.9,28.1,15.67,Fianarantsoa,-21.454,47.086,1127.0
2015-07-11,16.3,10.6,12.8,0.0,21.3,49.0,14.5,Fianarantsoa,-21.454,47.086,1127.0
2015-07-12,16.3,9.7,12.5,0.0,19.2,45.4,15.7,Fianarantsoa,-21.454,47.086,1127.0
2015-07-13,17.6,10.4,13.1,0.0,17.7,42.5,16.62,Fianarantsoa,-21.454,47.086,1127.0
2015-07-14,18.5,8.6,13.4,0.0,13.1,32.8,17.3,Fianarantsoa,-21.454,47.086,1127.0
2015-07-15,17.3,8.0,12.4,0.0,19.6,45.7,15.28,Fianarantsoa,-21.454,47.086,1127.0
2015-07-16,16.8,11.2,13.4,0.0,17.8,42.5,15.19,Fianarantsoa,-21.454,47.086,1127.0
2015-07-17,20.8,8.3,14.3,0.0,17.6,40.7,15.73,Fianarantsoa,-21.454,47.086,1127.0
2015-07-18,19.5,12.7,15.3,0.0,18.5,42.8,16.14,Fianarantsoa,-21.454,47.086,1127.0
2015-07-19,16.7,10.4,13.3,0.5,22.0,50.0,9.61,Fianarantsoa,-21.454,47.086,1127.0
2015-07-20,16.8,11.0,13.3,0.2,22.0,48.2,12.05,Fianarantsoa,-21.454,47.086,1127.0
2015-07-21,17.6,7.3,12.6,0.0,19.7,45.4,14.77,Fianarantsoa,-21.454,47.086,1127.0
2015-07-22,18.4,8.8,13.2,0.0,12.9,32.4,17.82,Fianarantsoa,-21.454,47.086,1127.0
2015-07-23,17.0,8.9,12.4,0.0,18.6,43.9,16.7,Fianarantsoa,-21.454,47.086,1127.0
2015-07-24,17.1,7.8,12.2,0.2,18.1,41.8,12.71,Fianarantsoa,-21.454,47.086,1127.0
2015-07-25,18.3,8.8,12.9,0.0,12.1,32.0,16.48,Fianarantsoa,-21.454,47.086,1127.0
2015-07-26,22.2,9.2,15.1,0.0,7.7,20.5,18.04,Fianarantsoa,-21.454,47.086,1127.0
2015-07-27,23.2,9.8,16.4,0.0,13.0,31.0,18.77,Fianarantsoa,-21.454,47.086,1127.0
2015-07-28,19.9,10.6,14.9,0.0,15.3,34.2,14.33,Fianarantsoa,-21.454,47.086,1127.0
2015-07-29,20.9,13.5,15.9,0.0,15.0,33.1,13.69,Fianarantsoa,-21.454,47.086,1127.0
2015-07-30,23.2,13.1,17.1,0.0,11.9,26.3,15.26,Fianarantsoa,-21.454,47.086,1127.0
2015-07-31,24.0,11.2,17.2,0.0,13.1,31.7,18.73,Fianarantsoa,-21.454,47.086,1127.0
2015-08-01,21.6,10.0,15.2,0.0,25.3,57.2,14.34,Fianarantsoa,-21.454,47.086,1127.0
2015-08-02,14.9,9.9,11.8,0.0,19.4,43.6,13.55,Fianarantsoa,-21.454,47.086,1127.0
2015-08-03,14.4,9.4,11.2,0.4,21.2,46.8,10.49,Fianarantsoa,-21.454,47.086,1127.0
2015-08-04,16.3,8.8,11.9,0.0,18.0,42.8,15.62,Fianarantsoa,-21.454,47.086,1127.0
2015-08-05,17.5,8.3,12.2,0.0,14.5,36.7,19.89,Fianarantsoa,-21.454,47.086,1127.0
2015-08-06,20.9,7.8,13.6,0.0,11.4,28.4,19.78,Fianarantsoa,-21.454,47.086,1127.0
2015-08-07,18.9,9.1,13.2,0.0,12.4,27.4,17.86,Fianarantsoa,-21.454,47.086,1127.0
2015-08-08,19.8,10.2,14.2,0.0,12.0,29.9,17.16,Fianarantsoa,-21.454,47.086,1127.0
2015-08-09,21.2,11.1,15.3,0.0,10.5,21.2,18.33,Fianarantsoa,-21.454,47.086,1127.0
2015-08-10,22.8,9.9,16.1,0.0,8.7,23.4,19.73,Fianarantsoa,-21.454,47.086,1127.0
2015-08-11,21.3,11.7,15.7,0.0,18.1,42.8,16.42,Fianarantsoa,-21.454,47.086,1127.0
2015-08-12,22.1,11.8,16.0,0.9,14.2,36.0,16.22,Fianarantsoa,-21.454,47.086,1127.0
2015-08-13,21.9,12.5,16.5,0.0,16.5,39.6,18.85,Fianarantsoa,-21.454,47.086,1127.0
2015-08-14,21.8,10.7,16.0,0.0,16.3,39.6,20.42,Fianarantsoa,-21.454,47.086,1127.0
2015-08-15,18.6,12.1,15.1,0.0,23.1,52.2,16.64,Fianarantsoa,-21.454,47.086,1127.0
2015-08-16,18.9,11.5,14.5,0.0,21.6,50.8,13.8,Fianarantsoa,-21.454,47.086,1127.0
2015-08-17,19.9,12.1,15.0,0.0,13.6,33.8,18.94,Fianarantsoa,-21.454,47.086,1127.0
2015-08-18,22.6,11.6,16.1,0.0,8.5,19.4,20.29,Fianarantsoa,-21.454,47.086,1127.0
2015-08-19,22.5,11.0,16.2,0.0,14.1,34.2,21.07,Fianarantsoa,-21.454,47.086,1127.0
2015-08-20,22.4,10.5,15.7,0.0,11.9,30.6,21.17,Fianarantsoa,-21.454,47.086,1127.0
2015-08-21,21.7,9.9,15.3,0.0,16.2,36.4,21.29,Fianarantsoa,-21.454,47.086,1127.0
2015-08-22,20.9,9.6,15.2,0.0,14.5,36.0,19.61,Fianarantsoa,-21.454,47.086,1127.0
2015-08-23,24.4,12.2,17.3,0.0,9.8,25.9,20.02,Fianarantsoa,-21.454,47.086,1127.0
2015-08-24,21.9,11.9,16.4,0.6,14.2,39.6,18.33,Fianarantsoa,-21.454,47.086,1127.0
2015-08-25,19.8,12.9,15.7,0.0,17.8,41.4,15.89,Fianarantsoa,-21.454,47.086,1127.0
2015-08-26,19.3,10.9,14.4,0.0,19.4,44.6,17.77,Fianarantsoa,-21.454,47.086,1127.0
2015-08-27,19.3,10.0,14.1,0.0,20.3,47.2,18.93,Fianarantsoa,-21.454,47.086,1127.0
2015-08-28,18.6,11.2,14.1,0.0,19.0,43.2,19.71,Fianarantsoa,-21.454,47.086,1127.0
2015-08-29,20.3,11.4,14.8,0.0,16.6,38.9,17.83,Fianarantsoa,-21.454,47.086,1127.0
2015-08-30,19.0,12.5,14.8,0.9,17.7,41.0,17.22,Fianarantsoa,-21.454,47.086,1127.0
2015-08-31,20.5,11.4,15.0,0.0,17.1,41.4,22.62,Fianarantsoa,-21.454,47.086,1127.0
2015-09-01,21.1,11.0,15.6,0.0,17.6,42.1,19.46,Fianarantsoa,-21.454,47.086,1127.0
2015-09-02,20.7,12.8,16.2,0.0,17.4,41.8,19.54,Fianarantsoa,-21.454,47.086,1127.0
2015-09-03,22.9,12.8,16.7,0.0,12.8,29.5,22.47,Fianarantsoa,-21.454,47.086,1127.0
2015-09-04,23.4,11.1,16.8,0.0,16.5,36.4,23.29,Fianarantsoa,-21.454,47.086,1127.0
2015-09-05,19.4,11.4,14.9,0.9,19.6,45.0,16.42,Fianarantsoa,-21.454,47.086,1127.0
2015-09-06,19.9,13.3,15.5,0.1,17.5,41.8,16.48,Fianarantsoa,-21.454,47.086,1127.0
2015-09-07,19.2,13.0,15.1,1.3,18.9,42.8,15.13,Fianarantsoa,-21.454,47.086,1127.0
2015-09-08,20.3,12.5,15.3,0.0,16.1,37.1,19.66,Fianarantsoa,-21.454,47.086,1127.0
2015-09-09,20.9,9.9,15.0,0.0,15.9,39.2,23.75,Fianarantsoa,-21.454,47.086,1127.0
2015-09-10,22.3,11.9,16.1,0.0,15.2,34.9,23.51,Fianarantsoa,-21.454,47.086,1127.0
2015-09-11,25.3,11.5,17.8,0.0,8.5,25.2,24.54,Fianarantsoa,-21.454,47.086,1127.0
2015-09-12,25.5,12.5,18.1,0.5,21.4,49.7,21.62,Fianarantsoa,-21.454,47.086,1127.0
2015-09-13,14.6,10.0,11.7,0.1,15.7,31.7,10.48,Fianarantsoa,-21.454,47.086,1127.0
2015-09-14,18.6,8.9,12.7,0.0,17.3,38.2,24.49,Fianarantsoa,-21.454,47.086,1127.0
2015-09-15,18.7,8.6,12.9,0.0,17.6,43.2,20.81,Fianarantsoa,-21.454,47.086,1127.0
2015-09-16,21.6,11.1,15.6,0.1,13.7,32.8,18.9,Fianarantsoa,-21.454,47.086,1127.0
2015-09-17,24.0,12.0,17.4,0.0,8.2,25.6,19.75,Fianarantsoa,-21.454,47.086,1127.0
2015-09-18,26.7,12.4,19.1,0.0,8.3,25.6,22.65,Fianarantsoa,-21.454,47.086,1127.0
2015-09-19,26.2,14.1,19.2,0.0,18.5,42.8,23.26,Fianarantsoa,-21.454,47.086,1127.0
2015-09-20,20.5,13.1,16.0,0.1,20.7,46.1,19.4,Fianarantsoa,-21.454,47.086,1127.0
2015-09-21,15.7,11.8,13.4,0.1,23.4,52.2,15.42,Fianarantsoa,-21.454,47.086,1127.0
2015-09-22,19.0,11.4,14.5,0.0,19.9,45.4,19.36,Fianarantsoa,-21.454,47.086,1127.0
2015-09-23,20.6,12.3,15.5,0.0,17.5,40.0,22.72,Fianarantsoa,-21.454,47.086,1127.0
2015-09-24,20.3,9.8,14.6,0.0,18.0,43.9,26.16,Fianarantsoa,-21.454,47.086,1127.0
2015-09-25,19.8,12.2,15.1,0.1,19.7,45.4,19.27,Fianarantsoa,-21.454,47.086,1127.0
2015-09-26,19.3,12.5,14.9,0.9,21.5,50.0,20.17,Fianarantsoa,-21.454,47.086,1127.0
2015-09-27,21.0,10.8,15.4,0.0,21.1,50.0,23.36,Fianarantsoa,-21.454,47.086,1127.0
2015-09-28,22.4,11.4,16.5,0.0,18.8,41.0,24.48,Fianarantsoa,-21.454,47.086,1127.0
2015-09-29,23.0,12.7,16.9,0.4,17.2,38.2,23.44,Fianarantsoa,-21.454,47.086,1127.0
2015-09-30,20.9,11.2,15.8,0.0,18.8,45.4,23.57,Fianarantsoa,-21.454,47.086,1127.0
2015-10-01,22.1,12.8,16.4,0.0,18.9,43.9,22.08,Fianarantsoa,-21.454,47.086,1127.0
2015-10-02,23.6,12.0,17.4,0.2,15.1,34.9,22.87,Fianarantsoa,-21.454,47.086,1127.0
2015-10-03,24.6,13.1,18.4,0.0,15.5,35.6,22.55,Fianarantsoa,-21.454,47.086,1127.0
2015-10-04,25.2,13.3,18.7,0.0,16.8,41.4,27.3,Fianarantsoa,-21.454,47.086,1127.0
2015-10-05,23.4,13.7,17.9,0.0,18.4,44.3,24.75,Fianarantsoa,-21.454,47.086,1127.0
2015-10-06,27.0,13.2,19.0,0.0,13.1,31.3,28.3,Fianarantsoa,-21.454,47.086,1127.0
2015-10-07,29.9,12.7,20.8,0.0,15.1,34.2,27.95,Fianarantsoa,-21.454,47.086,1127.0
2015-10-08,26.8,13.9,19.8,0.0,16.5,37.8,27.33,Fianarantsoa,-21.454,47.086,1127.0
2015-10-09,30.2,15.4,21.7,0.0,10.2,29.2,26.11,Fianarantsoa,-21.454,47.086,1127.0
2015-10-10,27.5,16.2,21.2,0.0,14.4,34.2,24.47,Fianarantsoa,-21.454,47.086,1127.0
2015-10-11,28.0,15.5,20.4,0.0,12.7,32.4,27.76,Fianarantsoa,-21.454,47.086,1127.0
2015-10-12,26.8,15.0,20.3,0.0,15.2,36.0,26.2,Fianarantsoa,-21.454,47.086,1127.0
2015-10-13,25.5,15.4,19.3,0.0,16.9,41.8,26.82,Fianarantsoa,-21.454,47.086,1127.0
2015-10-14,24.8,14.8,18.7,0.0,19.0,42.8,27.46,Fianarantsoa,-21.454,47.086,1127.0
2015-10-15,24.1,13.8,18.3,0.0,19.6,45.0,26.78,Fianarantsoa,-21.454,47.086,1127.0
2015-10-16,25.3,13.3,18.5,0.0,17.5,38.2,26.95,Fianarantsoa,-21.454,47.086,1127.0
2015-10-17,27.5,13.3,19.8,0.0,16.2,38.5,29.53,Fianarantsoa,-21.454,47.086,1127.0
2015-10-18,24.9,15.1,19.0,0.6,19.3,44.3,24.96,Fianarantsoa,-21.454,47.086,1127.0
2015-10-19,22.5,14.9,17.2,6.6,17.6,41.8,20.12,Fianarantsoa,-21.454,47.086,1127.0
2015-10-20,21.9,13.3,16.7,4.2,16.9,40.7,22.6,Fianarantsoa,-21.454,47.086,1127.0
2015-10-21,21.7,14.0,17.0,0.0,20.9,48.2,22.92,Fianarantsoa,-21.454,47.086,1127.0
2015-10-22,24.6,13.5,18.4,0.0,13.9,34.2,23.09,Fianarantsoa,-21.454,47.086,1127.0
2015-10-23,24.8,14.8,19.9,0.1,10.2,28.4,22.98,Fianarantsoa,-21.454,47.086,1127.0
2015-10-24,25.5,15.9,20.0,4.2,8.7,25.9,22.14,Fianarantsoa,-21.454,47.086,1127.0
2015-10-25,25.0,15.8,19.5,3.1,14.8,38.2,24.23,Fianarantsoa,-21.454,47.086,1127.0
2015-10-26,23.4,14.5,18.4,0.9,18.3,43.2,23.18,Fianarantsoa,-21.454,47.086,1127.0
2015-10-27,23.7,15.3,18.2,10.4,17.7,42.1,21.32,Fianarantsoa,-21.454,47.086,1127.0
2015-10-28,21.6,14.9,17.3,9.9,20.1,46.4,18.89,Fianarantsoa,-21.454,47.086,1127.0
2015-10-29,21.4,15.7,17.7,0.5,22.9,50.8,16.81,Fianarantsoa,-21.454,47.086,1127.0
2015-10-30,22.3,14.8,18.1,1.0,22.4,49.7,19.57,Fianarantsoa,-21.454,47.086,1127.0
2015-10-31,23.0,16.7,18.6,15.6,17.1,36.7,17.41,Fianarantsoa,-21.454,47.086,1127.0
2015-11-01,24.4,16.2,19.3,20.5,15.2,42.8,21.73,Fianarantsoa,-21.454,47.086,1127.0
2015-11-02,25.7,14.4,20.4,0.4,10.2,32.0,23.67,Fianarantsoa,-21.454,47.086,1127.0
2015-11-03,26.0,16.6,21.1,2.4,17.7,45.7,22.91,Fianarantsoa,-21.454,47.086,1127.0
2015-11-04,19.1,12.0,16.2,33.9,13.0,42.5,8.44,Fianarantsoa,-21.454,47.086,1127.0
2015-11-05,19.3,10.6,13.9,3.6,18.1,40.0,22.53,Fianarantsoa,-21.454,47.086,1127.0
2015-11-06,16.9,8.7,12.5,0.0,22.3,51.5,25.95,Fianarantsoa,-21.454,47.086,1127.0
2015-11-07,19.1,9.7,13.9,0.0,18.1,43.6,29.76,Fianarantsoa,-21.454,47.086,1127.0
2015-11-08,20.0,11.3,15.0,0.0,18.2,42.8,28.23,Fianarantsoa,-21.454,47.086,1127.0
2015-11-09,22.0,10.7,16.2,0.0,17.2,41.0,29.97,Fianarantsoa,-21.454,47.086,1127.0
2015-11-10,26.1,13.1,19.3,0.0,10.4,23.4,31.09,Fianarantsoa,-21.454,47.086,1127.0
2015-11-11,27.5,14.8,20.8,0.0,9.0,23.4,31.0,Fianarantsoa,-21.454,47.086,1127.0
2015-11-12,28.6,15.0,21.6,0.0,12.1,27.7,30.31,Fianarantsoa,-21.454,47.086,1127.0
2015-11-13,30.2,17.1,23.2,0.0,13.4,31.7,31.29,Fianarantsoa,-21.454,47.086,1127.0
2015-11-14,29.9,16.4,22.9,0.0,14.6,35.6,31.19,Fianarantsoa,-21.454,47.086,1127.0
2015-11-15,31.1,16.6,23.7,0.0,9.4,27.0,28.12,Fianarantsoa,-21.454,47.086,1127.0
2015-11-16,30.6,17.1,23.8,1.8,12.0,31.7,26.71,Fianarantsoa,-21.454,47.086,1127.0
2015-11-17,26.3,15.8,20.5,0.0,18.9,41.8,27.72,Fianarantsoa,-21.454,47.086,1127.0
2015-11-18,29.3,16.0,22.0,0.0,11.5,31.0,28.61,Fianarantsoa,-21.454,47.086,1127.0
2015-11-19,28.7,17.2,22.2,0.0,14.2,33.5,29.52,Fianarantsoa,-21.454,47.086,1127.0
2015-11-20,28.0,17.2,21.7,6.2,13.2,33.8,25.51,Fianarantsoa,-21.454,47.086,1127.0
2015-11-21,27.3,18.7,21.4,11.1,11.2,27.7,23.13,Fianarantsoa,-21.454,47.086,1127.0
2015-11-22,27.9,17.7,21.8,8.1,8.7,25.6,23.47,Fianarantsoa,-21.454,47.086,1127.0
2015-11-23,27.3,18.1,21.9,3.5,16.0,37.4,22.97,Fianarantsoa,-21.454,47.086,1127.0
2015-11-24,20.0,14.7,17.5,1.7,15.5,36.0,16.16,Fianarantsoa,-21.454,47.086,1127.0
2015-11-25,21.9,13.9,17.6,2.2,16.1,39.2,19.87,Fianarantsoa,-21.454,47.086,1127.0
2015-11-26,25.7,16.2,20.0,15.0,11.3,37.8,21.02,Fianarantsoa,-21.454,47.086,1127.0
2015-11-27,26.8,16.8,20.9,9.3,10.7,40.3,23.88,Fianarantsoa,-21.454,47.086,1127.0
2015-11-28,27.0,15.5,21.1,0.0,9.8,28.4,27.41,Fianarantsoa,-21.454,47.086,1127.0
2015-11-29,25.5,18.1,20.8,0.6,14.9,35.3,24.57,Fianarantsoa,-21.454,47.086,1127.0
2015-11-30,24.9,17.8,20.1,3.0,13.6,34.6,22.73,Fianarantsoa,-21.454,47.086,1127.0
2015-12-01,20.9,16.3,18.0,1.4,16.5,36.7,17.49,Fianarantsoa,-21.454,47.086,1127.0
2015-12-02,23.4,16.6,19.6,1.1,17.4,38.9,23.53,Fianarantsoa,-21.454,47.086,1127.0
2015-12-03,26.4,17.5,21.4,0.0,10.8,26.3,26.28,Fianarantsoa,-21.454,47.086,1127.0
2015-12-04,26.5,18.6,21.8,0.2,12.9,30.2,26.82,Fianarantsoa,-21.454,47.086,1127.0
2015-12-05,26.2,17.3,20.8,5.2,11.1,28.1,24.17,Fianarantsoa,-21.454,47.086,1127.0
2015-12-06,26.5,16.6,21.1,5.2,16.5,41.4,25.54,Fianarantsoa,-21.454,47.086,1127.0
2015-12-07,27.8,16.4,21.9,0.0,13.8,36.0,28.46,Fianarantsoa,-21.454,47.086,1127.0
2015-12-08,24.3,18.1,19.9,7.3,12.7,27.7,18.1,Fianarantsoa,-21.454,47.086,1127.0
2015-12-09,25.8,18.2,20.6,18.8,14.0,33.5,21.02,Fianarantsoa,-21.454,47.086,1127.0
2015-12-10,26.8,18.3,21.8,6.2,8.4,25.2,22.71,Fianarantsoa,-21.454,47.086,1127.0
2015-12-11,27.7,18.4,22.0,5.1,10.3,29.9,25.05,Fianarantsoa,-21.454,47.086,1127.0
2015-12-12,27.2,18.0,22.1,2.4,8.7,23.4,24.84,Fianarantsoa,-21.454,47.086,1127.0
2015-12-13,28.3,18.8,22.7,2.2,9.1,25.9,25.55,Fianarantsoa,-21.454,47.086,1127.0
2015-12-14,26.7,19.2,22.8,1.3,13.5,33.8,24.16,Fianarantsoa,-21.454,47.086,1127.0
2015-12-15,27.7,19.3,23.1,0.0,12.4,32.4,30.03,Fianarantsoa,-21.454,47.086,1127.0
2015-12-16,26.6,20.0,22.6,9.9,8.6,23.4,18.42,Fianarantsoa,-21.454,47.086,1127.0
2015-12-17,26.6,19.2,21.5,10.0,12.3,35.3,19.76,Fianarantsoa,-21.454,47.086,1127.0
2015-12-18,24.2,17.7,20.4,1.0,16.8,37.8,24.95,Fianarantsoa,-21.454,47.086,1127.0
2015-12-19,24.1,17.1,20.0,5.7,14.2,34.9,22.15,Fianarantsoa,-21.454,47.086,1127.0
2015-12-20,25.5,17.5,20.4,17.9,6.6,23.4,18.8,Fianarantsoa,-21.454,47.086,1127.0
2015-12-21,22.8,18.0,19.8,24.5,5.9,20.5,10.81,Fianarantsoa,-21.454,47.086,1127.0
2015-12-22,26.0,17.1,20.6,16.3,14.5,37.8,20.8,Fianarantsoa,-21.454,47.086,1127.0
2015-12-23,25.4,18.6,21.1,22.3,6.0,27.4,19.97,Fianarantsoa,-21.454,47.086,1127.0
2015-12-24,25.4,18.6,21.0,14.8,12.7,31.0,19.11,Fianarantsoa,-21.454,47.086,1127.0
2015-12-25,24.6,18.8,20.7,22.2,10.6,27.0,15.91,Fianarantsoa,-21.454,47.086,1127.0
2015-12-26,23.7,18.4,20.0,16.7,15.5,35.6,15.9,Fianarantsoa,-21.454,47.086,1127.0
2015-12-27,25.3,18.1,20.6,19.3,12.4,29.9,21.71,Fianarantsoa,-21.454,47.086,1127.0
2015-12-28,25.5,18.4,20.2,17.0,16.0,37.1,17.91,Fianarantsoa,-21.454,47.086,1127.0
2015-12-29,21.6,16.4,19.0,7.0,20.5,50.0,18.63,Fianarantsoa,-21.454,47.086,1127.0
2015-12-30,23.3,16.0,19.1,0.6,20.6,47.2,22.98,Fianarantsoa,-21.454,47.086,1127.0
2015-12-31,22.9,16.9,19.4,0.6,20.5,46.8,23.46,Fianarantsoa,-21.454,47.086,1127.0
2016-01-01,24.8,17.1,20.1,5.5,10.9,24.5,21.45,Fianarantsoa,-21.454,47.086,1127.0
2016-01-02,25.4,16.6,20.9,2.4,12.2,34.2,23.8,Fianarantsoa,-21.454,47.086,1127.0
2016-01-03,24.2,18.0,20.5,3.0,12.8,28.1,23.89,Fianarantsoa,-21.454,47.086,1127.0
2016-01-04,23.7,16.5,19.6,0.8,13.9,34.2,23.57,Fianarantsoa,-21.454,47.086,1127.0
2016-01-05,23.8,17.1,19.7,3.7,14.8,34.2,23.21,Fianarantsoa,-21.454,47.086,1127.0
2016-01-06,23.9,16.3,19.5,0.0,15.9,37.1,27.53,Fianarantsoa,-21.454,47.086,1127.0
2016-01-07,25.6,15.6,20.0,0.0,11.0,28.8,25.22,Fianarantsoa,-21.454,47.086,1127.0
2016-01-08,25.7,17.6,21.0,0.1,10.5,25.2,23.43,Fianarantsoa,-21.454,47.086,1127.0
2016-01-09,25.5,17.6,20.9,0.0,13.7,31.7,29.3,Fianarantsoa,-21.454,47.086,1127.0
2016-01-10,26.2,16.5,20.5,5.0,11.0,27.4,25.46,Fianarantsoa,-21.454,47.086,1127.0
2016-01-11,25.9,17.6,20.8,20.5,10.5,29.9,22.29,Fianarantsoa,-21.454,47.086,1127.0
2016-01-12,25.1,17.7,20.2,10.7,16.7,36.4,18.66,Fianarantsoa,-21.454,47.086,1127.0
2016-01-13,24.2,16.7,19.9,2.1,15.8,34.2,21.74,Fianarantsoa,-21.454,47.086,1127.0
2016-01-14,25.7,17.4,21.0,0.3,11.7,29.2,23.07,Fianarantsoa,-21.454,47.086,1127.0
2016-01-15,26.7,18.2,21.2,5.7,10.0,25.6,23.25,Fianarantsoa,-21.454,47.086,1127.0
2016-01-16,27.5,18.7,21.9,15.5,8.5,31.0,22.71,Fianarantsoa,-21.454,47.086,1127.0
2016-01-17,23.3,17.6,20.0,20.2,17.2,37.4,19.59,Fianarantsoa,-21.454,47.086,1127.0
2016-01-18,23.0,16.0,18.9,1.3,16.1,33.8,21.29,Fianarantsoa,-21.454,47.086,1127.0
2016-01-19,20.7,15.1,17.4,0.1,18.2,37.8,16.68,Fianarantsoa,-21.454,47.086,1127.0
2016-01-20,21.3,15.1,17.5,0.3,16.4,37.4,18.35,Fianarantsoa,-21.454,47.086,1127.0
2016-01-21,23.5,14.6,18.5,0.0,15.3,36.4,24.24,Fianarantsoa,-21.454,47.086,1127.0
2016-01-22,25.8,14.6,19.6,0.0,15.3,34.2,30.52,Fianarantsoa,-21.454,47.086,1127.0
2016-01-23,24.8,15.7,19.8,0.4,12.8,30.6,25.75,Fianarantsoa,-21.454,47.086,1127.0
2016-01-24,24.3,17.1,20.1,1.5,13.3,28.4,24.26,Fianarantsoa,-21.454,47.086,1127.0
2016-01-25,27.2,16.3,21.8,0.0,9.6,22.7,25.66,Fianarantsoa,-21.454,47.086,1127.0
2016-01-26,27.6,18.0,22.4,0.2,12.9,30.6,28.62,Fianarantsoa,-21.454,47.086,1127.0
2016-01-27,24.7,15.0,20.0,0.0,18.4,43.6,29.55,Fianarantsoa,-21.454,47.086,1127.0
2016-01-28,25.8,15.4,20.5,0.0,16.6,39.2,28.37,Fianarantsoa,-21.454,47.086,1127.0
2016-01-29,25.1,18.4,20.9,2.9,16.2,35.3,22.77,Fianarantsoa,-21.454,47.086,1127.0
2016-01-30,22.6,16.9,19.5,1.2,22.1,50.0,22.46,Fianarantsoa,-21.454,47.086,1127.0
2016-01-31,22.9,15.7,18.7,0.0,20.7,47.5,27.06,Fianarantsoa,-21.454,47.086,1127.0
2016-02-01,22.6,15.2,18.5,0.7,16.3,38.5,22.02,Fianarantsoa,-21.454,47.086,1127.0
2016-02-02,23.4,15.2,18.7,0.8,18.0,41.8,25.13,Fianarantsoa,-21.454,47.086,1127.0
2016-02-03,22.3,16.7,18.7,5.6,17.8,39.6,17.4,Fianarantsoa,-21.454,47.086,1127.0
2016-02-04,22.9,16.8,19.2,5.1,16.2,37.8,18.36,Fianarantsoa,-21.454,47.086,1127.0
2016-02-05,25.5,16.3,20.4,2.1,16.8,43.9,24.38,Fianarantsoa,-21.454,47.086,1127.0
2016-02-06,26.0,18.4,21.5,3.6,17.0,38.2,21.18,Fianarantsoa,-21.454,47.086,1127.0
2016-02-07,21.2,18.7,19.8,40.1,16.2,37.4,6.74,Fianarantsoa,-21.454,47.086,1127.0
2016-02-08,27.0,19.8,21.8,11.5,11.7,31.7,20.13,Fianarantsoa,-21.454,47.086,1127.0
2016-02-09,24.6,19.9,21.4,15.1,11.8,30.6,12.3,Fianarantsoa,-21.454,47.086,1127.0
2016-02-10,23.5,18.7,21.1,6.9,26.4,59.8,17.9,Fianarantsoa,-21.454,47.086,1127.0
2016-02-11,23.9,17.7,20.4,0.0,24.1,54.4,22.05,Fianarantsoa,-21.454,47.086,1127.0
2016-02-12,24.7,16.4,20.5,0.8,18.5,42.1,21.52,Fianarantsoa,-21.454,47.086,1127.0
2016-02-13,25.3,17.7,21.4,2.6,9.8,33.8,20.99,Fianarantsoa,-21.454,47.086,1127.0
2016-02-14,20.0,18.7,19.5,67.0,14.4,32.4,1.77,Fianarantsoa,-21.454,47.086,1127.0
2016-02-15,24.1,17.8,20.3,2.2,14.8,33.8,18.91,Fianarantsoa,-21.454,47.086,1127.0
2016-02-16,25.5,17.5,20.8,0.0,14.4,34.9,25.64,Fianarantsoa,-21.454,47.086,1127.0
2016-02-17,25.4,17.1,20.9,0.0,14.1,32.0,22.47,Fianarantsoa,-21.454,47.086,1127.0
2016-02-18,25.4,17.1,20.9,0.0,12.8,32.8,26.63,Fianarantsoa,-21.454,47.086,1127.0
2016-02-19,26.4,18.5,21.5,5.1,12.2,30.2,22.83,Fianarantsoa,-21.454,47.086,1127.0
2016-02-20,27.3,18.7,22.2,4.7,10.8,29.9,22.61,Fianarantsoa,-21.454,47.086,1127.0
2016-02-21,28.6,19.1,22.9,2.2,9.5,29.5,26.4,Fianarantsoa,-21.454,47.086,1127.0
2016-02-22,29.3,19.0,22.8,14.9,7.8,26.3,25.88,Fianarantsoa,-21.454,47.086,1127.0
2016-02-23,24.6,18.9,21.1,5.3,13.2,31.7,18.94,Fianarantsoa,-21.454,47.086,1127.0
2016-02-24,23.6,18.4,20.1,3.4,15.0,42.5,17.82,Fianarantsoa,-21.454,47.086,1127.0
2016-02-25,21.6,17.7,19.0,5.4,12.1,32.8,13.26,Fianarantsoa,-21.454,47.086,1127.0
2016-02-26,22.2,17.0,18.7,16.6,15.2,33.8,16.65,Fianarantsoa,-21.454,47.086,1127.0
2016-02-27,25.3,16.6,20.8,2.0,8.8,28.1,22.49,Fianarantsoa,-21.454,47.086,1127.0
2016-02-28,26.5,17.4,21.5,4.9,11.5,30.2,21.64,Fianarantsoa,-21.454,47.086,1127.0
2016-02-29,25.3,17.5,20.7,6.2,12.4,31.0,20.8,Fianarantsoa,-21.454,47.086,1127.0
2016-03-01,24.1,18.3,20.2,1.7,17.2,41.4,22.85,Fianarantsoa,-21.454,47.086,1127.0
2016-03-02,24.0,16.7,19.8,2.8,16.3,38.5,21.0,Fianarantsoa,-21.454,47.086,1127.0
2016-03-03,25.4,18.1,20.5,11.1,17.8,43.9,17.64,Fianarantsoa,-21.454,47.086,1127.0
2016-03-04,25.8,18.9,21.5,3.5,13.1,32.4,22.15,Fianarantsoa,-21.454,47.086,1127.0
2016-03-05,27.9,18.7,22.7,4.6,7.3,20.2,23.44,Fianarantsoa,-21.454,47.086,1127.0
2016-03-06,27.5,19.1,22.0,6.6,9.3,25.9,21.74,Fianarantsoa,-21.454,47.086,1127.0
2016-03-07,24.7,18.3,20.9,5.0,12.7,34.2,20.2,Fianarantsoa,-21.454,47.086,1127.0
2016-03-08,24.6,18.3,20.5,5.3,14.3,32.4,19.67,Fianarantsoa,-21.454,47.086,1127.0
2016-03-09,23.3,18.0,19.9,6.3,16.0,35.6,16.07,Fianarantsoa,-21.454,47.086,1127.0
2016-03-10,23.7,18.5,20.4,2.5,16.3,39.2,19.57,Fianarantsoa,-21.454,47.086,1127.0
2016-03-11,25.2,17.5,21.1,0.2,13.1,31.7,19.76,Fianarantsoa,-21.454,47.086,1127.0
2016-03-12,26.7,18.4,21.8,0.7,11.9,27.7,22.56,Fianarantsoa,-21.454,47.086,1127.0
2016-03-13,26.2,17.2,21.1,0.3,14.8,32.0,26.49,Fianarantsoa,-21.454,47.086,1127.0
2016-03-14,26.6,16.9,21.4,0.0,9.7,25.9,22.3,Fianarantsoa,-21.454,47.086,1127.0
2016-03-15,26.1,19.0,21.4,24.6,6.6,20.9,16.49,Fianarantsoa,-21.454,47.086,1127.0
2016-03-16,24.0,18.7,20.7,9.1,13.3,34.2,13.73,Fianarantsoa,-21.454,47.086,1127.0
2016-03-17,23.8,17.4,20.1,1.7,11.3,24.8,17.19,Fianarantsoa,-21.454,47.086,1127.0
2016-03-18,24.7,18.7,20.5,5.2,8.8,23.4,16.56,Fianarantsoa,-21.454,47.086,1127.0
2016-03-19,25.1,18.0,20.3,16.0,13.8,30.2,15.88,Fianarantsoa,-21.454,47.086,1127.0
2016-03-20,23.7,18.0,20.0,0.9,17.2,38.5,17.82,Fianarantsoa,-21.454,47.086,1127.0
2016-03-21,25.3,17.5,21.0,0.2,10.5,25.9,19.57,Fianarantsoa,-21.454,47.086,1127.0
2016-03-22,25.8,18.8,21.7,15.7,10.1,24.1,16.43,Fianarantsoa,-21.454,47.086,1127.0
2016-03-23,25.0,18.5,20.6,32.1,12.7,32.4,11.52,Fianarantsoa,-21.454,47.086,1127.0
2016-03-24,22.6,17.9,19.4,6.7,14.6,31.0,6.47,Fianarantsoa,-21.454,47.086,1127.0
2016-03-25,21.7,17.2,19.1,0.4,20.5,43.6,10.81,Fianarantsoa,-21.454,47.086,1127.0
2016-03-26,22.5,16.8,19.1,0.1,17.0,38.2,14.34,Fianarantsoa,-21.454,47.086,1127.0
2016-03-27,23.2,16.8,19.5,0.0,14.3,33.5,16.14,Fianarantsoa,-21.454,47.086,1127.0
2016-03-28,23.0,17.4,19.5,0.0,14.5,36.4,12.57,Fianarantsoa,-21.454,47.086,1127.0
2016-03-29,20.3,16.7,18.2,6.5,12.0,28.8,7.57,Fianarantsoa,-21.454,47.086,1127.0
2016-03-30,22.4,17.0,19.0,2.6,15.8,39.6,15.88,Fianarantsoa,-21.454,47.086,1127.0
2016-03-31,22.0,14.8,18.2,2.3,18.2,41.0,17.04,Fianarantsoa,-21.454,47.086,1127.0
2016-04-01,22.3,15.9,18.7,0.0,17.0,38.9,20.21,Fianarantsoa,-21.454,47.086,1127.0
2016-04-02,23.6,14.2,18.5,0.0,14.8,35.6,24.2,Fianarantsoa,-21.454,47.086,1127.0
2016-04-03,24.5,16.6,19.8,0.0,11.9,29.9,21.88,Fianarantsoa,-21.454,47.086,1127.0
2016-04-04,23.0,16.4,19.0,0.0,16.9,39.6,22.24,Fianarantsoa,-21.454,47.086,1127.0
2016-04-05,23.1,14.8,18.2,0.0,13.0,32.8,23.55,Fianarantsoa,-21.454,47.086,1127.0
2016-04-06,26.7,14.0,20.0,0.0,12.6,31.3,22.37,Fianarantsoa,-21.454,47.086,1127.0
2016-04-07,23.3,15.6,18.9,0.1,16.5,35.6,17.0,Fianarantsoa,-21.454,47.086,1127.0
2016-04-08,18.3,14.4,16.0,0.1,14.6,34.2,11.02,Fianarantsoa,-21.454,47.086,1127.0
2016-04-09,19.7,14.0,16.5,0.0,15.1,34.2,12.08,Fianarantsoa,-21.454,47.086,1127.0
2016-04-10,20.9,15.8,17.7,0.0,14.5,32.8,11.49,Fianarantsoa,-21.454,47.086,1127.0
2016-04-11,21.1,15.9,17.9,0.5,15.5,36.4,10.66,Fianarantsoa,-21.454,47.086,1127.0
2016-04-12,21.1,15.7,17.9,0.0,20.2,46.1,14.5,Fianarantsoa,-21.454,47.086,1127.0
2016-04-13,20.5,15.2,17.2,0.0,19.1,43.9,15.22,Fianarantsoa,-21.454,47.086,1127.0
2016-04-14,22.1,16.0,18.3,0.8,20.9,47.9,15.33,Fianarantsoa,-21.454,47.086,1127.0
2016-04-15,20.8,15.3,17.8,0.1,20.7,45.7,13.99,Fianarantsoa,-21.454,47.086,1127.0
2016-04-16,21.3,15.2,18.0,0.0,23.4,52.6,17.57,Fianarantsoa,-21.454,47.086,1127.0
2016-04-17,21.9,16.7,18.6,0.6,19.8,43.9,12.18,Fianarantsoa,-21.454,47.086,1127.0
2016-04-18,24.1,16.3,19.5,0.1,14.4,36.7,16.79,Fianarantsoa,-21.454,47.086,1127.0
2016-04-19,24.6,17.0,19.9,0.1,7.0,19.8,19.04,Fianarantsoa,-21.454,47.086,1127.0
2016-04-20,25.6,16.0,20.2,0.0,10.2,21.2,19.06,Fianarantsoa,-21.454,47.086,1127.0
2016-04-21,25.0,15.8,19.7,0.2,11.7,27.0,18.9,Fianarantsoa,-21.454,47.086,1127.0
2016-04-22,23.7,17.0,19.4,0.0,13.7,33.5,17.53,Fianarantsoa,-21.454,47.086,1127.0
2016-04-23,24.0,16.7,19.3,0.0,14.4,34.6,18.0,Fianarantsoa,-21.454,47.086,1127.0
2016-04-24,24.5,15.7,19.6,0.0,10.6,28.4,18.4,Fianarantsoa,-21.454,47.086,1127.0
2016-04-25,23.7,16.9,19.3,0.0,13.0,32.0,18.45,Fianarantsoa,-21.454,47.086,1127.0
2016-04-26,24.6,16.8,19.8,0.0,10.9,27.7,19.22,Fianarantsoa,-21.454,47.086,1127.0
2016-04-27,24.5,16.7,19.7,0.0,9.8,22.7,19.5,Fianarantsoa,-21.454,47.086,1127.0
2016-04-28,24.7,15.9,19.7,0.0,9.7,24.8,18.99,Fianarantsoa,-21.454,47.086,1127.0
2016-04-29,23.3,15.5,18.8,0.0,9.7,25.6,19.41,Fianarantsoa,-21.454,47.086,1127.0
2016-04-30,25.0,14.6,19.2,0.0,7.3,16.2,21.11,Fianarantsoa,-21.454,47.086,1127.0
2016-05-01,25.2,13.4,19.3,0.0,13.4,27.7,19.77,Fianarantsoa,-21.454,47.086,1127.0
2016-05-02,24.8,14.4,19.2,0.0,11.3,29.5,18.69,Fianarantsoa,-21.454,47.086,1127.0
2016-05-03,23.6,14.9,18.5,0.0,10.2,27.0,15.93,Fianarantsoa,-21.454,47.086,1127.0
2016-05-04,23.1,16.0,18.9,0.0,22.8,52.2,16.57,Fianarantsoa,-21.454,47.086,1127.0
2016-05-05,22.2,12.9,17.2,0.0,9.7,22.7,19.49,Fianarantsoa,-21.454,47.086,1127.0
2016-05-06,17.3,12.5,14.9,0.2,15.5,36.0,11.02,Fianarantsoa,-21.454,47.086,1127.0
2016-05-07,21.1,13.4,16.6,0.4,14.6,32.0,13.53,Fianarantsoa,-21.454,47.086,1127.0
2016-05-08,19.4,12.9,15.9,1.2,17.9,39.2,13.4,Fianarantsoa,-21.454,47.086,1127.0
2016-05-09,16.4,12.4,13.7,0.2,23.5,53.6,14.28,Fianarantsoa,-21.454,47.086,1127.0
2016-05-10,16.5,11.8,13.4,0.7,25.1,55.8,13.43,Fianarantsoa,-21.454,47.086,1127.0
2016-05-11,17.1,12.5,14.2,1.2,20.2,46.1,12.48,Fianarantsoa,-21.454,47.086,1127.0
2016-05-12,17.4,12.5,14.4,0.7,20.9,46.8,13.45,Fianarantsoa,-21.454,47.086,1127.0
2016-05-13,18.1,13.2,15.0,0.5,21.3,47.2,13.23,Fianarantsoa,-21.454,47.086,1127.0
2016-05-14,18.8,13.9,15.9,1.0,20.1,44.6,12.23,Fianarantsoa,-21.454,47.086,1127.0
2016-05-15,19.8,13.5,16.0,0.0,18.5,44.3,16.9,Fianarantsoa,-21.454,47.086,1127.0
2016-05-16,21.3,14.9,17.2,0.0,15.3,34.2,14.54,Fianarantsoa,-21.454,47.086,1127.0
2016-05-17,23.1,13.4,17.7,0.0,15.0,32.0,14.75,Fianarantsoa,-21.454,47.086,1127.0
2016-05-18,19.9,12.4,15.6,0.0,21.4,44.3,15.54,Fianarantsoa,-21.454,47.086,1127.0
2016-05-19,13.6,9.1,11.1,0.0,29.7,65.9,13.88,Fianarantsoa,-21.454,47.086,1127.0
2016-05-20,15.2,9.0,11.6,0.0,24.8,56.5,13.24,Fianarantsoa,-21.454,47.086,1127.0
2016-05-21,16.2,10.7,12.6,0.1,18.1,40.0,13.51,Fianarantsoa,-21.454,47.086,1127.0
2016-05-22,16.3,9.7,12.4,0.0,17.7,40.7,15.96,Fianarantsoa,-21.454,47.086,1127.0
2016-05-23,17.1,10.5,13.2,0.0,23.4,52.6,16.18,Fianarantsoa,-21.454,47.086,1127.0
2016-05-24,16.5,11.6,13.4,0.2,20.7,47.5,12.43,Fianarantsoa,-21.454,47.086,1127.0
2016-05-25,17.4,11.6,13.7,0.1,19.3,43.6,16.3,Fianarantsoa,-21.454,47.086,1127.0
2016-05-26,18.5,11.9,14.3,0.0,15.5,36.0,14.23,Fianarantsoa,-21.454,47.086,1127.0
2016-05-27,18.4,11.0,14.1,0.0,15.7,37.4,14.67,Fianarantsoa,-21.454,47.086,1127.0
2016-05-28,15.6,12.5,13.9,9.3,10.1,23.4,3.74,Fianarantsoa,-21.454,47.086,1127.0
2016-05-29,14.5,13.2,13.8,18.2,24.8,51.1,2.3,Fianarantsoa,-21.454,47.086,1127.0
2016-05-30,14.4,12.7,13.3,12.3,23.1,50.8,4.21,Fianarantsoa,-21.454,47.086,1127.0
2016-05-31,15.4,12.6,14.0,8.8,15.9,35.6,3.1,Fianarantsoa,-21.454,47.086,1127.0
2016-06-01,18.1,14.2,15.4,4.7,20.1,45.4,9.96,Fianarantsoa,-21.454,47.086,1127.0
2016-06-02,17.5,13.6,15.0,2.6,22.3,49.3,9.22,Fianarantsoa,-21.454,47.086,1127.0
2016-06-03,18.2,12.4,14.7,0.0,19.1,43.2,15.83,Fianarantsoa,-21.454,47.086,1127.0
2016-06-04,20.3,12.2,15.7,0.0,12.7,31.7,15.09,Fianarantsoa,-21.454,47.086,1127.0
2016-06-05,22.0,13.1,16.9,0.0,6.1,16.2,16.68,Fianarantsoa,-21.454,47.086,1127.0
2016-06-06,20.1,13.5,15.9,0.0,10.0,21.6,14.24,Fianarantsoa,-21.454,47.086,1127.0
2016-06-07,15.2,10.3,12.4,0.0,16.7,39.6,14.11,Fianarantsoa,-21.454,47.086,1127.0
2016-06-08,14.6,9.7,11.5,0.0,19.6,43.9,14.34,Fianarantsoa,-21.454,47.086,1127.0
2016-06-09,15.3,9.0,11.5,0.0,22.6,50.4,14.89,Fianarantsoa,-21.454,47.086,1127.0
2016-06-10,16.9,9.9,12.6,0.0,15.9,37.8,15.24,Fianarantsoa,-21.454,47.086,1127.0
2016-06-11,19.2,9.1,14.0,0.0,11.0,27.4,17.25,Fianarantsoa,-21.454,47.086,1127.0
2016-06-12,20.4,7.9,14.0,0.0,11.2,27.0,17.34,Fianarantsoa,-21.454,47.086,1127.0
2016-06-13,12.6,8.6,10.5,0.0,22.3,51.1,8.84,Fianarantsoa,-21.454,47.086,1127.0
2016-06-14,12.4,8.5,10.6,4.3,20.6,48.6,5.11,Fianarantsoa,-21.454,47.086,1127.0
2016-06-15,15.2,11.4,13.0,3.1,16.1,37.8,6.71,Fianarantsoa,-21.454,47.086,1127.0
2016-06-16,19.8,12.0,15.2,0.0,15.3,34.6,12.19,Fianarantsoa,-21.454,47.086,1127.0
2016-06-17,18.0,14.4,15.5,8.4,12.9,30.6,8.64,Fianarantsoa,-21.454,47.086,1127.0
2016-06-18,18.3,13.9,15.3,1.4,16.1,37.1,11.23,Fianarantsoa,-21.454,47.086,1127.0
2016-06-19,18.1,12.0,14.6,0.0,15.2,34.6,13.59,Fianarantsoa,-21.454,47.086,1127.0
2016-06-20,18.0,10.2,13.7,0.0,16.6,38.5,15.51,Fianarantsoa,-21.454,47.086,1127.0
2016-06-21,18.4,10.3,14.1,0.0,13.8,33.8,14.41,Fianarantsoa,-21.454,47.086,1127.0
2016-06-22,17.6,10.5,13.5,0.0,15.0,34.9,16.72,Fianarantsoa,-21.454,47.086,1127.0
2016-06-23,17.3,10.1,13.2,0.2,15.3,35.3,11.91,Fianarantsoa,-21.454,47.086,1127.0
2016-06-24,16.6,10.4,13.0,0.0,19.5,44.3,14.22,Fianarantsoa,-21.454,47.086,1127.0
2016-06-25,16.3,11.8,13.4,1.3,21.3,48.2,10.64,Fianarantsoa,-21.454,47.086,1127.0
2016-06-26,16.0,11.8,13.3,0.5,19.2,42.5,9.09,Fianarantsoa,-21.454,47.086,1127.0
2016-06-27,15.7,10.4,12.6,0.0,19.5,45.0,14.92,Fianarantsoa,-21.454,47.086,1127.0
2016-06-28,18.5,10.2,13.5,0.0,11.3,28.1,16.58,Fianarantsoa,-21.454,47.086,1127.0
2016-06-29,18.4,9.5,13.5,0.0,13.9,29.9,16.61,Fianarantsoa,-21.454,47.086,1127.0
2016-06-30,16.7,9.5,12.9,0.0,15.5,37.8,12.94,Fianarantsoa,-21.454,47.086,1127.0
2016-07-01,16.2,11.6,13.5,0.3,18.8,41.8,9.98,Fianarantsoa,-21.454,47.086,1127.0
2016-07-02,16.6,11.0,13.0,0.0,15.3,36.7,14.73,Fianarantsoa,-21.454,47.086,1127.0
2016-07-03,16.8,10.2,12.7,0.0,14.0,34.6,15.65,Fianarantsoa,-21.454,47.086,1127.0
2016-07-04,16.6,10.9,12.9,0.0,13.5,33.5,12.45,Fianarantsoa,-21.454,47.086,1127.0
2016-07-05,15.3,10.9,12.6,0.6,19.7,44.6,10.0,Fianarantsoa,-21.454,47.086,1127.0
2016-07-06,15.6,10.9,12.7,0.3,23.1,50.4,11.68,Fianarantsoa,-21.454,47.086,1127.0
2016-07-07,15.9,9.2,12.4,0.1,15.8,36.7,13.58,Fianarantsoa,-21.454,47.086,1127.0
2016-07-08,17.4,6.6,11.7,0.0,10.6,27.7,16.96,Fianarantsoa,-21.454,47.086,1127.0
2016-07-09,16.9,8.7,12.0,0.0,12.0,29.9,17.46,Fianarantsoa,-21.454,47.086,1127.0
2016-07-10,13.6,9.2,11.4,0.0,16.4,36.0,6.48,Fianarantsoa,-21.454,47.086,1127.0
2016-07-11,14.3,6.9,10.9,0.3,19.5,42.5,7.3,Fianarantsoa,-21.454,47.086,1127.0
2016-07-12,16.0,8.9,11.8,0.0,19.9,45.4,15.31,Fianarantsoa,-21.454,47.086,1127.0
2016-07-13,15.6,10.9,12.7,0.2,18.8,42.8,10.18,Fianarantsoa,-21.454,47.086,1127.0
2016-07-14,16.0,10.4,12.6,0.1,16.9,39.6,12.74,Fianarantsoa,-21.454,47.086,1127.0
2016-07-15,16.3,10.7,12.8,0.6,15.1,36.4,11.61,Fianarantsoa,-21.454,47.086,1127.0
2016-07-16,16.2,11.3,13.0,0.4,18.9,42.8,12.04,Fianarantsoa,-21.454,47.086,1127.0
2016-07-17,15.5,10.4,12.5,0.0,17.7,40.3,11.16,Fianarantsoa,-21.454,47.086,1127.0
2016-07-18,17.8,10.3,13.1,0.0,15.6,37.1,14.66,Fianarantsoa,-21.454,47.086,1127.0
2016-07-19,19.3,10.4,14.2,0.0,11.9,28.1,15.59,Fianarantsoa,-21.454,47.086,1127.0
2016-07-20,18.9,10.5,14.4,1.4,14.1,34.2,17.51,Fianarantsoa,-21.454,47.086,1127.0
2016-07-21,20.1,12.3,15.4,0.9,14.7,33.8,13.43,Fianarantsoa,-21.454,47.086,1127.0
2016-07-22,19.3,14.0,16.2,0.0,17.0,40.0,11.26,Fianarantsoa,-21.454,47.086,1127.0
2016-07-23,20.2,12.5,15.8,0.0,17.1,40.3,17.0,Fianarantsoa,-21.454,47.086,1127.0
2016-07-24,19.2,11.6,15.3,0.0,17.4,40.0,14.44,Fianarantsoa,-21.454,47.086,1127.0
2016-07-25,19.0,12.1,15.0,0.0,20.3,46.1,16.35,Fianarantsoa,-21.454,47.086,1127.0
2016-07-26,17.5,10.8,13.8,0.0,19.8,48.2,16.44,Fianarantsoa,-21.454,47.086,1127.0
2016-07-27,17.5,11.2,13.6,0.0,17.7,42.8,16.31,Fianarantsoa,-21.454,47.086,1127.0
2016-07-28,17.8,10.7,13.4,0.0,17.7,41.0,14.57,Fianarantsoa,-21.454,47.086,1127.0
2016-07-29,19.1,10.7,14.1,0.0,14.2,31.7,15.83,Fianarantsoa,-21.454,47.086,1127.0
2016-07-30,22.4,9.6,15.7,0.0,12.8,29.2,18.89,Fianarantsoa,-21.454,47.086,1127.0
2016-07-31,20.9,10.1,15.8,0.0,16.9,40.0,18.24,Fianarantsoa,-21.454,47.086,1127.0
2016-08-01,20.2,10.4,14.6,0.0,13.5,34.6,17.15,Fianarantsoa,-21.454,47.086,1127.0
2016-08-02,19.3,12.8,15.1,1.3,13.3,32.4,14.32,Fianarantsoa,-21.454,47.086,1127.0
2016-08-03,19.1,11.4,14.5,0.9,12.5,32.4,16.93,Fianarantsoa,-21.454,47.086,1127.0
2016-08-04,21.5,11.3,15.7,0.0,9.1,25.9,16.9,Fianarantsoa,-21.454,47.086,1127.0
2016-08-05,20.5,11.4,15.4,1.5,10.3,24.5,15.27,Fianarantsoa,-21.454,47.086,1127.0
2016-08-06,19.6,11.8,15.0,0.0,14.9,34.9,17.76,Fianarantsoa,-21.454,47.086,1127.0
2016-08-07,20.2,10.1,14.5,0.0,13.8,32.4,19.48,Fianarantsoa,-21.454,47.086,1127.0
2016-08-08,19.9,10.5,14.4,0.0,15.3,36.0,19.67,Fianarantsoa,-21.454,47.086,1127.0
2016-08-09,19.4,11.6,14.6,0.0,14.6,36.0,17.43,Fianarantsoa,-21.454,47.086,1127.0
2016-08-10,21.8,11.7,16.2,0.0,13.6,30.6,16.54,Fianarantsoa,-21.454,47.086,1127.0
2016-08-11,21.9,10.8,15.9,0.0,12.7,31.3,15.9,Fianarantsoa,-21.454,47.086,1127.0
2016-08-12,20.4,12.7,15.7,0.0,13.1,32.0,15.33,Fianarantsoa,-21.454,47.086,1127.0
2016-08-13,20.3,12.3,15.6,0.0,15.9,38.2,16.57,Fianarantsoa,-21.454,47.086,1127.0
2016-08-14,20.0,12.1,15.4,0.0,20.9,47.9,17.22,Fianarantsoa,-21.454,47.086,1127.0
2016-08-15,19.4,12.8,15.3,0.1,17.7,40.7,15.5,Fianarantsoa,-21.454,47.086,1127.0
2016-08-16,18.7,10.9,14.3,0.0,18.1,43.6,18.47,Fianarantsoa,-21.454,47.086,1127.0
2016-08-17,17.7,12.8,14.6,0.7,20.2,46.1,11.93,Fianarantsoa,-21.454,47.086,1127.0
2016-08-18,19.7,12.5,15.4,0.0,14.9,36.4,15.04,Fianarantsoa,-21.454,47.086,1127.0
2016-08-19,18.4,12.8,14.7,0.1,18.7,43.9,14.57,Fianarantsoa,-21.454,47.086,1127.0
2016-08-20,21.9,11.3,15.7,0.0,12.9,25.9,20.53,Fianarantsoa,-21.454,47.086,1127.0
2016-08-21,22.4,11.4,16.3,0.0,11.7,31.7,18.0,Fianarantsoa,-21.454,47.086,1127.0
2016-08-22,21.6,11.8,16.2,0.0,14.8,37.4,19.77,Fianarantsoa,-21.454,47.086,1127.0
2016-08-23,22.9,11.0,16.3,0.0,10.1,25.2,20.36,Fianarantsoa,-21.454,47.086,1127.0
2016-08-24,20.2,10.3,15.0,0.0,16.0,37.4,18.79,Fianarantsoa,-21.454,47.086,1127.0
2016-08-25,19.5,12.5,15.0,0.0,15.9,37.4,18.12,Fianarantsoa,-21.454,47.086,1127.0
2016-08-26,22.7,13.1,16.6,0.0,13.0,29.5,20.74,Fianarantsoa,-21.454,47.086,1127.0
2016-08-27,17.9,11.2,13.9,0.1,25.5,56.5,17.19,Fianarantsoa,-21.454,47.086,1127.0
2016-08-28,15.4,9.6,11.8,0.0,29.7,67.0,19.65,Fianarantsoa,-21.454,47.086,1127.0
2016-08-29,15.1,8.9,11.3,0.0,25.3,58.7,20.24,Fianarantsoa,-21.454,47.086,1127.0
2016-08-30,16.0,8.0,11.5,0.0,21.5,50.4,20.41,Fianarantsoa,-21.454,47.086,1127.0
2016-08-31,16.5,9.5,12.2,0.0,28.1,63.0,18.77,Fianarantsoa,-21.454,47.086,1127.0
2016-09-01,16.6,9.8,12.7,0.1,26.8,59.4,14.4,Fianarantsoa,-21.454,47.086,1127.0
2016-09-02,16.9,10.8,13.3,0.3,23.5,52.6,14.84,Fianarantsoa,-21.454,47.086,1127.0
2016-09-03,19.8,6.7,13.4,0.0,14.4,36.0,23.6,Fianarantsoa,-21.454,47.086,1127.0
2016-09-04,19.3,10.2,14.0,0.0,16.8,41.0,23.08,Fianarantsoa,-21.454,47.086,1127.0
2016-09-05,19.0,9.1,13.2,0.0,16.8,40.3,23.39,Fianarantsoa,-21.454,47.086,1127.0
2016-09-06,19.7,7.8,13.7,0.0,14.1,36.4,22.68,Fianarantsoa,-21.454,47.086,1127.0
2016-09-07,21.1,10.8,15.2,0.0,12.3,31.7,23.57,Fianarantsoa,-21.454,47.086,1127.0
2016-09-08,22.8,11.6,16.2,0.0,13.4,32.0,23.22,Fianarantsoa,-21.454,47.086,1127.0
2016-09-09,22.8,10.6,16.5,0.0,15.1,33.8,23.21,Fianarantsoa,-21.454,47.086,1127.0
2016-09-10,21.2,12.5,16.1,0.0,14.0,35.3,22.08,Fianarantsoa,-21.454,47.086,1127.0
2016-09-11,20.8,10.6,15.3,0.0,18.8,45.4,24.04,Fianarantsoa,-21.454,47.086,1127.0
2016-09-12,20.3,12.9,15.8,0.0,16.0,38.5,21.41,Fianarantsoa,-21.454,47.086,1127.0
2016-09-13,20.1,11.3,15.3,0.0,16.7,41.0,21.81,Fianarantsoa,-21.454,47.086,1127.0
2016-09-14,20.7,12.5,15.7,0.0,16.4,37.8,20.97,Fianarantsoa,-21.454,47.086,1127.0
2016-09-15,22.4,11.0,15.6,0.0,14.1,33.5,23.92,Fianarantsoa,-21.454,47.086,1127.0
2016-09-16,22.2,12.0,16.1,0.0,17.4,36.7,22.93,Fianarantsoa,-21.454,47.086,1127.0
2016-09-17,19.1,11.9,15.0,0.0,21.5,50.8,20.16,Fianarantsoa,-21.454,47.086,1127.0
2016-09-18,17.3,9.8,13.3,0.0,22.2,51.8,23.3,Fianarantsoa,-21.454,47.086,1127.0
2016-09-19,18.0,8.4,12.7,0.0,20.9,49.0,23.24,Fianarantsoa,-21.454,47.086,1127.0
2016-09-20,21.9,10.6,15.0,0.0,12.8,32.4,25.36,Fianarantsoa,-21.454,47.086,1127.0
2016-09-21,23.5,10.8,16.6,0.0,15.2,34.6,25.56,Fianarantsoa,-21.454,47.086,1127.0
2016-09-22,23.6,12.8,17.3,0.0,15.2,35.3,24.86,Fianarantsoa,-21.454,47.086,1127.0
2016-09-23,23.7,13.5,17.5,0.0,15.9,35.3,24.83,Fianarantsoa,-21.454,47.086,1127.0
2016-09-24,24.3,11.9,17.6,0.0,14.6,33.5,26.15,Fianarantsoa,-21.454,47.086,1127.0
2016-09-25,26.7,12.7,19.2,0.0,9.8,26.3,26.43,Fianarantsoa,-21.454,47.086,1127.0
2016-09-26,23.4,12.4,17.2,0.0,18.7,42.5,24.07,Fianarantsoa,-21.454,47.086,1127.0
2016-09-27,22.8,12.5,16.8,0.0,21.6,49.7,22.28,Fianarantsoa,-21.454,47.086,1127.0
2016-09-28,23.1,11.0,16.7,0.0,18.0,41.0,26.9,Fianarantsoa,-21.454,47.086,1127.0
2016-09-29,24.8,10.0,17.3,0.0,18.0,41.4,26.99,Fianarantsoa,-21.454,47.086,1127.0
2016-09-30,23.2,12.5,17.4,0.0,18.1,43.2,23.24,Fianarantsoa,-21.454,47.086,1127.0
2016-10-01,23.8,11.0,17.1,0.0,14.4,36.7,26.03,Fianarantsoa,-21.454,47.086,1127.0
2016-10-02,25.0,14.3,19.4,0.9,6.9,22.3,21.69,Fianarantsoa,-21.454,47.086,1127.0
2016-10-03,26.0,14.5,20.1,0.0,21.3,50.4,24.73,Fianarantsoa,-21.454,47.086,1127.0
2016-10-04,24.3,15.0,19.2,0.4,25.6,59.4,22.82,Fianarantsoa,-21.454,47.086,1127.0
2016-10-05,22.2,12.0,16.9,0.0,21.5,51.5,26.23,Fianarantsoa,-21.454,47.086,1127.0
2016-10-06,22.0,11.0,16.4,0.0,23.2,54.7,26.53,Fianarantsoa,-21.454,47.086,1127.0
2016-10-07,23.2,11.1,16.7,0.0,15.2,34.2,24.97,Fianarantsoa,-21.454,47.086,1127.0
2016-10-08,25.5,10.8,18.1,0.0,15.5,34.9,28.4,Fianarantsoa,-21.454,47.086,1127.0
2016-10-09,24.4,14.1,18.6,0.0,18.9,41.8,24.81,Fianarantsoa,-21.454,47.086,1127.0
2016-10-10,26.4,14.8,19.8,0.0,13.7,34.6,24.85,Fianarantsoa,-21.454,47.086,1127.0
2016-10-11,26.0,14.2,19.5,0.0,16.6,39.2,27.1,Fianarantsoa,-21.454,47.086,1127.0
2016-10-12,26.4,11.7,18.9,0.0,15.9,37.1,29.22,Fianarantsoa,-21.454,47.086,1127.0
2016-10-13,28.0,13.9,20.0,0.0,14.6,33.1,28.34,Fianarantsoa,-21.454,47.086,1127.0
2016-10-14,26.6,14.9,20.5,0.0,9.1,22.0,22.9,Fianarantsoa,-21.454,47.086,1127.0
2016-10-15,24.5,15.9,18.9,7.8,12.5,30.6,19.95,Fianarantsoa,-21.454,47.086,1127.0
2016-10-16,25.9,16.5,20.2,0.3,12.1,28.1,23.91,Fianarantsoa,-21.454,47.086,1127.0
2016-10-17,27.5,15.2,21.4,0.0,7.6,21.6,25.64,Fianarantsoa,-21.454,47.086,1127.0
2016-10-18,24.9,16.6,19.8,2.6,14.2,34.9,21.33,Fianarantsoa,-21.454,47.086,1127.0
2016-10-19,23.4,14.9,18.6,0.0,19.9,46.1,23.93,Fianarantsoa,-21.454,47.086,1127.0
2016-10-20,25.2,12.1,18.4,0.0,19.7,44.6,28.35,Fianarantsoa,-21.454,47.086,1127.0
2016-10-21,25.4,14.8,19.1,0.0,16.2,38.2,25.74,Fianarantsoa,-21.454,47.086,1127.0
2016-10-22,25.3,14.1,19.1,0.1,16.4,40.3,26.64,Fianarantsoa,-21.454,47.086,1127.0
2016-10-23,25.2,14.4,19.1,0.6,17.9,43.2,24.91,Fianarantsoa,-21.454,47.086,1127.0
2016-10-24,24.4,13.9,18.5,0.0,18.8,42.8,25.76,Fianarantsoa,-21.454,47.086,1127.0
2016-10-25,26.0,15.3,19.6,1.8,11.3,28.8,22.59,Fianarantsoa,-21.454,47.086,1127.0
2016-10-26,25.6,16.5,19.5,19.4,9.9,29.2,21.53,Fianarantsoa,-21.454,47.086,1127.0
2016-10-27,26.5,15.5,20.1,6.6,13.0,32.4,22.53,Fianarantsoa,-21.454,47.086,1127.0
2016-10-28,27.3,15.4,21.1,1.0,18.2,45.0,27.61,Fianarantsoa,-21.454,47.086,1127.0
2016-10-29,27.9,16.2,21.4,0.0,11.9,31.3,27.01,Fianarantsoa,-21.454,47.086,1127.0
2016-10-30,29.2,16.0,22.6,0.0,10.0,26.6,27.93,Fianarantsoa,-21.454,47.086,1127.0
2016-10-31,30.4,15.4,22.7,0.0,10.6,24.8,28.8,Fianarantsoa,-21.454,47.086,1127.0
2016-11-01,29.2,17.1,21.7,11.1,10.0,28.4,25.56,Fianarantsoa,-21.454,47.086,1127.0
2016-11-02,25.0,16.5,19.3,17.1,12.6,33.1,20.95,Fianarantsoa,-21.454,47.086,1127.0
2016-11-03,22.4,16.2,18.0,3.0,14.8,40.7,19.05,Fianarantsoa,-21.454,47.086,1127.0
2016-11-04,21.2,16.0,17.8,1.3,18.7,43.9,19.61,Fianarantsoa,-21.454,47.086,1127.0
2016-11-05,21.2,15.7,17.7,1.3,20.8,49.0,21.11,Fianarantsoa,-21.454,47.086,1127.0
2016-11-06,23.3,15.5,18.6,0.0,16.6,39.6,25.8,Fianarantsoa,-21.454,47.086,1127.0
2016-11-07,24.4,15.0,19.3,0.0,14.4,32.4,28.86,Fianarantsoa,-21.454,47.086,1127.0
2016-11-08,24.8,11.4,18.3,0.0,14.8,37.1,31.29,Fianarantsoa,-21.454,47.086,1127.0
2016-11-09,26.7,12.9,19.7,0.0,16.5,37.8,29.88,Fianarantsoa,-21.454,47.086,1127.0
2016-11-10,27.0,15.3,21.4,0.0,8.7,25.6,23.22,Fianarantsoa,-21.454,47.086,1127.0
2016-11-11,26.7,17.5,20.7,19.3,8.7,31.0,22.14,Fianarantsoa,-21.454,47.086,1127.0
2016-11-12,25.3,17.6,20.6,0.5,14.9,37.8,25.76,Fianarantsoa,-21.454,47.086,1127.0
2016-11-13,27.5,16.2,21.4,0.3,13.0,30.6,28.54,Fianarantsoa,-21.454,47.086,1127.0
2016-11-14,27.6,17.3,21.7,0.6,12.1,32.0,29.84,Fianarantsoa,-21.454,47.086,1127.0
2016-11-15,25.4,17.3,20.3,0.2,20.0,43.9,26.23,Fianarantsoa,-21.454,47.086,1127.0
2016-11-16,25.0,16.3,19.9,1.3,15.7,38.5,23.0,Fianarantsoa,-21.454,47.086,1127.0
2016-11-17,25.2,17.2,20.1,14.9,10.8,27.7,18.63,Fianarantsoa,-21.454,47.086,1127.0
2016-11-18,27.0,16.1,20.6,7.4,13.6,33.5,22.94,Fianarantsoa,-21.454,47.086,1127.0
2016-11-19,25.5,17.5,20.2,11.1,6.8,28.4,21.65,Fianarantsoa,-21.454,47.086,1127.0
2016-11-20,25.0,17.3,20.0,2.4,10.2,29.5,22.47,Fianarantsoa,-21.454,47.086,1127.0
2016-11-21,25.4,17.7,20.3,6.4,11.3,29.9,24.35,Fianarantsoa,-21.454,47.086,1127.0
2016-11-22,26.6,17.5,21.2,0.3,9.8,23.8,25.08,Fianarantsoa,-21.454,47.086,1127.0
2016-11-23,25.1,17.0,20.8,1.4,14.1,35.3,24.16,Fianarantsoa,-21.454,47.086,1127.0
2016-11-24,23.6,16.6,19.6,0.8,16.2,39.6,25.31,Fianarantsoa,-21.454,47.086,1127.0
2016-11-25,25.2,16.4,20.0,3.2,10.7,28.8,25.01,Fianarantsoa,-21.454,47.086,1127.0
2016-11-26,25.7,16.2,20.4,9.5,12.3,31.7,24.62,Fianarantsoa,-21.454,47.086,1127.0
2016-11-27,26.8,17.9,21.3,4.7,7.1,29.9,23.43,Fianarantsoa,-21.454,47.086,1127.0
2016-11-28,22.9,17.3,19.2,7.8,13.6,33.8,19.16,Fianarantsoa,-21.454,47.086,1127.0
2016-11-29,21.4,16.1,18.1,11.8,13.1,30.6,12.22,Fianarantsoa,-21.454,47.086,1127.0
2016-11-30,25.1,15.2,19.4,6.9,8.6,28.8,22.71,Fianarantsoa,-21.454,47.086,1127.0
2016-12-01,26.3,16.5,20.6,10.5,12.1,40.7,25.5,Fianarantsoa,-21.454,47.086,1127.0
2016-12-02,25.7,16.5,20.3,4.8,20.9,56.5,24.95,Fianarantsoa,-21.454,47.086,1127.0
2016-12-03,24.8,16.2,20.0,0.0,18.0,42.8,24.0,Fianarantsoa,-21.454,47.086,1127.0
2016-12-04,23.9,15.4,18.3,0.0,14.9,33.5,23.51,Fianarantsoa,-21.454,47.086,1127.0
2016-12-05,25.7,15.2,19.8,0.0,11.2,29.9,24.87,Fianarantsoa,-21.454,47.086,1127.0
2016-12-06,25.3,17.5,20.1,0.3,13.0,31.0,23.94,Fianarantsoa,-21.454,47.086,1127.0
2016-12-07,23.9,16.5,19.6,2.0,12.1,34.2,23.74,Fianarantsoa,-21.454,47.086,1127.0
2016-12-08,24.5,16.5,19.8,0.0,16.7,37.4,28.75,Fianarantsoa,-21.454,47.086,1127.0
2016-12-09,25.8,15.0,19.9,0.0,17.1,38.2,31.21,Fianarantsoa,-21.454,47.086,1127.0
2016-12-10,27.2,15.7,21.0,0.0,15.9,36.4,31.32,Fianarantsoa,-21.454,47.086,1127.0
2016-12-11,28.0,16.3,21.6,0.1,13.0,30.6,30.74,Fianarantsoa,-21.454,47.086,1127.0
2016-12-12,27.4,17.7,21.9,0.4,15.5,37.8,28.81,Fianarantsoa,-21.454,47.086,1127.0
2016-12-13,26.5,17.8,21.5,0.2,13.0,33.8,25.66,Fianarantsoa,-21.454,47.086,1127.0
2016-12-14,26.3,18.1,21.4,9.6,15.1,29.5,23.96,Fianarantsoa,-21.454,47.086,1127.0
2016-12-15,25.9,17.0,20.9,0.0,16.3,38.5,29.11,Fianarantsoa,-21.454,47.086,1127.0
2016-12-16,27.0,16.6,20.9,14.0,12.0,24.8,26.42,Fianarantsoa,-21.454,47.086,1127.0
2016-12-17,25.2,17.7,20.2,34.1,10.6,25.2,18.78,Fianarantsoa,-21.454,47.086,1127.0
2016-12-18,23.7,17.1,19.3,25.9,12.2,31.3,16.35,Fianarantsoa,-21.454,47.086,1127.0
2016-12-19,22.8,17.4,19.5,16.0,18.6,41.8,17.64,Fianarantsoa,-21.454,47.086,1127.0
2016-12-20,25.5,16.9,20.4,1.2,14.5,36.4,24.56,Fianarantsoa,-21.454,47.086,1127.0
2016-12-21,26.1,18.0,21.2,9.3,12.3,30.2,23.13,Fianarantsoa,-21.454,47.086,1127.0
2016-12-22,26.7,18.3,21.6,10.6,5.8,22.7,19.35,Fianarantsoa,-21.454,47.086,1127.0
2016-12-23,26.9,17.8,21.7,2.3,12.3,29.2,26.57,Fianarantsoa,-21.454,47.086,1127.0
2016-12-24,27.2,17.3,21.9,0.0,11.8,31.0,30.65,Fianarantsoa,-21.454,47.086,1127.0
2016-12-25,27.9,18.3,22.6,0.0,14.5,29.9,27.63,Fianarantsoa,-21.454,47.086,1127.0
2016-12-26,25.2,17.2,20.6,0.0,19.3,45.4,28.77,Fianarantsoa,-21.454,47.086,1127.0
2016-12-27,25.0,16.2,20.2,0.0,19.1,40.7,27.36,Fianarantsoa,-21.454,47.086,1127.0
2016-12-28,25.1,15.6,20.1,0.0,16.4,38.2,29.38,Fianarantsoa,-21.454,47.086,1127.0
2016-12-29,27.9,14.8,21.4,0.0,11.2,29.2,30.1,Fianarantsoa,-21.454,47.086,1127.0
2016-12-30,28.2,17.5,22.2,2.4,8.6,21.6,25.57,Fianarantsoa,-21.454,47.086,1127.0
2016-12-31,27.4,17.7,22.4,1.4,6.9,21.2,26.19,Fianarantsoa,-21.454,47.086,1127.0
2017-01-01,26.1,17.3,20.8,8.1,10.4,28.4,22.17,Fianarantsoa,-21.454,47.086,1127.0
2017-01-02,25.8,17.2,20.7,1.1,18.1,40.7,23.48,Fianarantsoa,-21.454,47.086,1127.0
2017-01-03,26.2,16.2,20.4,6.1,15.0,40.0,24.97,Fianarantsoa,-21.454,47.086,1127.0
2017-01-04,24.8,17.4,19.2,19.4,16.4,41.4,14.69,Fianarantsoa,-21.454,47.086,1127.0
2017-01-05,23.2,15.8,19.0,12.7,17.8,39.6,19.66,Fianarantsoa,-21.454,47.086,1127.0
2017-01-06,23.7,15.4,19.3,3.2,19.6,41.8,21.46,Fianarantsoa,-21.454,47.086,1127.0
2017-01-07,25.7,16.1,19.9,1.5,16.2,43.6,27.54,Fianarantsoa,-21.454,47.086,1127.0
2017-01-08,25.4,16.8,20.8,1.3,9.8,27.4,24.27,Fianarantsoa,-21.454,47.086,1127.0
2017-01-09,25.6,17.5,20.9,1.4,16.6,34.2,25.12,Fianarantsoa,-21.454,47.086,1127.0
2017-01-10,25.4,16.4,20.2,1.2,19.1,43.2,28.11,Fianarantsoa,-21.454,47.086,1127.0
2017-01-11,25.2,15.3,19.7,0.7,21.2,46.1,27.96,Fianarantsoa,-21.454,47.086,1127.0
2017-01-12,24.7,16.5,19.9,3.6,17.4,40.7,22.24,Fianarantsoa,-21.454,47.086,1127.0
2017-01-13,24.3,17.4,20.1,0.1,15.5,35.3,20.29,Fianarantsoa,-21.454,47.086,1127.0
2017-01-14,25.3,16.0,20.3,0.3,16.6,39.2,25.54,Fianarantsoa,-21.454,47.086,1127.0
2017-01-15,25.0,15.7,20.1,0.0,20.1,43.9,25.91,Fianarantsoa,-21.454,47.086,1127.0
2017-01-16,25.3,14.7,20.0,2.6,21.2,47.9,26.41,Fianarantsoa,-21.454,47.086,1127.0
2017-01-17,26.3,17.6,20.9,5.8,18.7,41.4,24.67,Fianarantsoa,-21.454,47.086,1127.0
2017-01-18,25.3,16.5,20.6,1.8,18.4,41.8,25.66,Fianarantsoa,-21.454,47.086,1127.0
2017-01-19,25.9,17.0,20.6,0.2,17.0,39.6,26.93,Fianarantsoa,-21.454,47.086,1127.0
2017-01-20,26.8,14.8,20.6,0.0,16.3,37.4,30.67,Fianarantsoa,-21.454,47.086,1127.0
2017-01-21,26.7,15.1,20.7,0.0,20.0,43.2,29.15,Fianarantsoa,-21.454,47.086,1127.0
2017-01-22,25.8,16.9,20.8,0.0,20.6,47.2,27.39,Fianarantsoa,-21.454,47.086,1127.0
2017-01-23,24.6,13.8,19.3,0.2,20.2,46.4,25.78,Fianarantsoa,-21.454,47.086,1127.0
2017-01-24,26.0,14.3,19.8,0.0,17.8,41.8,28.32,Fianarantsoa,-21.454,47.086,1127.0
2017-01-25,25.8,14.3,20.2,0.1,17.9,38.5,26.26,Fianarantsoa,-21.454,47.086,1127.0
2017-01-26,27.1,16.2,21.1,2.4,12.7,35.6,24.46,Fianarantsoa,-21.454,47.086,1127.0
2017-01-27,28.5,16.7,21.2,15.8,10.5,28.8,24.48,Fianarantsoa,-21.454,47.086,1127.0
2017-01-28,26.9,16.4,20.7,13.3,9.0,31.3,21.87,Fianarantsoa,-21.454,47.086,1127.0
2017-01-29,27.1,16.4,21.5,1.0,14.4,34.6,25.47,Fianarantsoa,-21.454,47.086,1127.0
2017-01-30,28.6,17.2,22.1,2.9,11.8,28.4,28.92,Fianarantsoa,-21.454,47.086,1127.0
2017-01-31,28.5,17.3,21.9,4.4,12.0,26.6,24.08,Fianarantsoa,-21.454,47.086,1127.0
2017-02-01,26.4,18.2,21.2,3.4,10.9,32.4,20.56,Fianarantsoa,-21.454,47.086,1127.0
2017-02-02,25.9,17.9,20.8,3.4,17.1,40.3,20.98,Fianarantsoa,-21.454,47.086,1127.0
2017-02-03,24.0,17.7,20.2,3.5,20.6,42.1,18.78,Fianarantsoa,-21.454,47.086,1127.0
2017-02-04,26.1,16.5,20.5,1.9,15.2,36.7,22.24,Fianarantsoa,-21.454,47.086,1127.0
2017-02-05,26.8,16.5,21.0,0.7,15.0,35.3,25.27,Fianarantsoa,-21.454,47.086,1127.0
2017-02-06,24.4,16.0,19.6,1.9,18.7,41.8,21.1,Fianarantsoa,-21.454,47.086,1127.0
2017-02-07,25.1,16.9,20.1,1.0,18.1,41.0,25.0,Fianarantsoa,-21.454,47.086,1127.0
2017-02-08,28.5,15.4,21.0,0.0,13.1,31.0,27.55,Fianarantsoa,-21.454,47.086,1127.0
2017-02-09,26.5,18.1,21.8,3.4,15.9,37.8,23.92,Fianarantsoa,-21.454,47.086,1127.0
2017-02-10,26.1,18.6,20.9,16.7,11.9,26.3,16.51,Fianarantsoa,-21.454,47.086,1127.0
2017-02-11,24.1,18.2,20.4,10.1,19.5,41.0,19.9,Fianarantsoa,-21.454,47.086,1127.0
2017-02-12,23.5,18.0,19.9,1.8,14.6,34.9,12.01,Fianarantsoa,-21.454,47.086,1127.0
2017-02-13,22.9,17.7,19.8,13.1,9.5,28.1,9.89,Fianarantsoa,-21.454,47.086,1127.0
2017-02-14,26.2,16.4,20.7,1.0,13.8,35.3,22.56,Fianarantsoa,-21.454,47.086,1127.0
2017-02-15,25.7,18.8,21.1,1.2,17.8,39.2,19.29,Fianarantsoa,-21.454,47.086,1127.0
2017-02-16,25.8,18.3,21.2,0.1,14.4,35.6,26.81,Fianarantsoa,-21.454,47.086,1127.0
2017-02-17,25.3,17.5,20.2,31.7,16.2,37.8,22.72,Fianarantsoa,-21.454,47.086,1127.0
2017-02-18,21.8,16.5,18.3,6.2,18.4,38.5,14.5,Fianarantsoa,-21.454,47.086,1127.0
2017-02-19,23.8,15.6,18.7,3.4,12.3,32.8,22.0,Fianarantsoa,-21.454,47.086,1127.0
2017-02-20,24.7,15.4,19.1,3.0,21.4,46.8,22.43,Fianarantsoa,-21.454,47.086,1127.0
2017-02-21,24.1,14.4,18.5,13.5,12.2,31.3,18.9,Fianarantsoa,-21.454,47.086,1127.0
2017-02-22,24.8,16.5,20.1,8.7,12.4,39.2,18.58,Fianarantsoa,-21.454,47.086,1127.0
2017-02-23,25.9,17.7,20.6,4.2,11.8,30.6,20.5,Fianarantsoa,-21.454,47.086,1127.0
2017-02-24,26.6,18.4,21.7,0.5,12.1,31.0,23.45,Fianarantsoa,-21.454,47.086,1127.0
2017-02-25,27.9,19.0,22.2,1.6,11.2,27.4,24.95,Fianarantsoa,-21.454,47.086,1127.0
2017-02-26,28.2,17.5,22.0,1.7,8.2,19.4,26.94,Fianarantsoa,-21.454,47.086,1127.0
2017-02-27,26.9,16.9,20.6,8.2,10.2,25.6,21.25,Fianarantsoa,-21.454,47.086,1127.0
2017-02-28,26.0,18.6,20.9,2.4,17.0,36.0,21.46,Fianarantsoa,-21.454,47.086,1127.0
2017-03-01,26.0,15.3,20.6,0.7,13.7,31.0,28.72,Fianarantsoa,-21.454,47.086,1127.0
2017-03-02,25.6,16.8,20.5,0.0,13.8,35.3,27.92,Fianarantsoa,-21.454,47.086,1127.0
2017-03-03,25.5,15.5,20.3,0.2,13.4,33.1,26.68,Fianarantsoa,-21.454,47.086,1127.0
2017-03-04,25.5,16.5,20.4,0.4,16.9,36.7,23.01,Fianarantsoa,-21.454,47.086,1127.0
2017-03-05,24.1,17.6,20.2,1.1,16.6,41.0,18.5,Fianarantsoa,-21.454,47.086,1127.0
2017-03-06,24.2,17.7,20.3,2.3,20.6,46.8,19.22,Fianarantsoa,-21.454,47.086,1127.0
2017-03-07,23.5,18.0,19.8,3.1,23.6,51.5,20.32,Fianarantsoa,-21.454,47.086,1127.0
2017-03-08,19.3,17.2,18.1,55.2,32.0,74.2,3.79,Fianarantsoa,-21.454,47.086,1127.0
2017-03-09,21.0,18.6,19.5,80.9,45.1,111.2,4.45,Fianarantsoa,-21.454,47.086,1127.0
2017-03-10,23.2,17.8,19.6,3.7,32.1,73.1,14.96,Fianarantsoa,-21.454,47.086,1127.0
2017-03-11,24.5,15.3,19.6,6.2,11.5,27.4,17.96,Fianarantsoa,-21.454,47.086,1127.0
2017-03-12,24.5,18.6,20.6,2.3,13.7,33.8,18.45,Fianarantsoa,-21.454,47.086,1127.0
2017-03-13,24.0,17.7,20.2,0.2,15.8,34.9,15.9,Fianarantsoa,-21.454,47.086,1127.0
2017-03-14,25.8,15.8,20.0,0.1,13.8,33.8,22.86,Fianarantsoa,-21.454,47.086,1127.0
2017-03-15,26.7,16.1,20.3,0.4,15.6,32.4,25.77,Fianarantsoa,-21.454,47.086,1127.0
2017-03-16,23.8,17.3,20.2,1.5,14.8,33.8,20.43,Fianarantsoa,-21.454,47.086,1127.0
2017-03-17,23.1,17.4,19.7,2.1,20.5,45.4,18.7,Fianarantsoa,-21.454,47.086,1127.0
2017-03-18,21.6,17.6,18.6,8.7,24.2,48.2,8.05,Fianarantsoa,-21.454,47.086,1127.0
2017-03-19,23.5,17.5,19.6,2.4,20.2,43.6,18.95,Fianarantsoa,-21.454,47.086,1127.0
2017-03-20,22.9,17.0,19.1,2.1,22.2,49.0,17.25,Fianarantsoa,-21.454,47.086,1127.0
2017-03-21,22.4,17.4,19.0,4.5,17.4,39.6,17.92,Fianarantsoa,-21.454,47.086,1127.0
2017-03-22,22.6,16.5,18.6,3.0,17.3,41.8,17.13,Fianarantsoa,-21.454,47.086,1127.0
2017-03-23,22.0,16.1,18.4,0.3,16.3,36.7,15.34,Fianarantsoa,-21.454,47.086,1127.0
2017-03-24,25.1,16.4,19.6,0.9,15.0,34.2,20.58,Fianarantsoa,-21.454,47.086,1127.0
2017-03-25,25.5,15.7,20.2,2.8,9.0,24.8,21.41,Fianarantsoa,-21.454,47.086,1127.0
2017-03-26,25.8,15.0,19.9,1.6,12.6,31.7,20.01,Fianarantsoa,-21.454,47.086,1127.0
2017-03-27,24.6,16.0,19.2,1.2,13.3,31.3,18.43,Fianarantsoa,-21.454,47.086,1127.0
2017-03-28,23.8,17.5,20.0,2.6,13.0,29.5,16.51,Fianarantsoa,-21.454,47.086,1127.0
2017-03-29,23.7,18.1,20.1,2.2,15.9,37.1,17.37,Fianarantsoa,-21.454,47.086,1127.0
2017-03-30,23.5,17.3,19.2,2.7,17.8,38.2,13.58,Fianarantsoa,-21.454,47.086,1127.0
2017-03-31,22.8,16.2,19.0,0.9,17.6,37.8,15.27,Fianarantsoa,-21.454,47.086,1127.0
2017-04-01,22.5,17.0,19.0,24.3,14.4,34.6,12.69,Fianarantsoa,-21.454,47.086,1127.0
2017-04-02,23.4,17.6,19.5,29.1,22.4,41.4,13.4,Fianarantsoa,-21.454,47.086,1127.0
2017-04-03,24.5,17.3,20.0,1.3,18.4,41.8,20.08,Fianarantsoa,-21.454,47.086,1127.0
2017-04-04,22.2,17.8,19.3,6.4,24.6,51.1,15.87,Fianarantsoa,-21.454,47.086,1127.0
2017-04-05,22.2,17.0,19.1,2.9,18.1,38.5,14.53,Fianarantsoa,-21.454,47.086,1127.0
2017-04-06,22.5,16.1,18.7,2.1,15.8,35.3,14.14,Fianarantsoa,-21.454,47.086,1127.0
2017-04-07,23.9,13.6,18.3,0.5,18.7,42.5,20.98,Fianarantsoa,-21.454,47.086,1127.0
2017-04-08,23.1,16.5,18.9,1.2,15.9,36.0,16.17,Fianarantsoa,-21.454,47.086,1127.0
2017-04-09,22.5,16.1,18.4,0.6,16.6,38.2,19.25,Fianarantsoa,-21.454,47.086,1127.0
2017-04-10,21.5,14.9,17.7,1.0,17.7,40.0,16.25,Fianarantsoa,-21.454,47.086,1127.0
2017-04-11,22.2,16.0,18.2,0.3,15.5,33.5,13.64,Fianarantsoa,-21.454,47.086,1127.0
2017-04-12,22.0,15.8,18.2,0.4,19.9,42.1,15.01,Fianarantsoa,-21.454,47.086,1127.0
2017-04-13,22.4,16.1,18.6,0.5,18.8,42.5,15.15,Fianarantsoa,-21.454,47.086,1127.0
2017-04-14,22.2,16.8,18.8,0.8,15.2,35.3,13.83,Fianarantsoa,-21.454,47.086,1127.0
2017-04-15,22.1,16.2,18.4,1.0,16.7,38.5,14.61,Fianarantsoa,-21.454,47.086,1127.0
2017-04-16,24.0,15.3,18.5,0.1,17.3,36.0,20.17,Fianarantsoa,-21.454,47.086,1127.0
2017-04-17,24.2,15.9,19.1,1.2,14.8,34.9,16.74,Fianarantsoa,-21.454,47.086,1127.0
2017-04-18,24.2,15.8,19.3,10.8,14.5,36.0,14.19,Fianarantsoa,-21.454,47.086,1127.0
2017-04-19,23.7,16.5,19.1,3.5,12.7,33.1,16.03,Fianarantsoa,-21.454,47.086,1127.0
2017-04-20,24.0,15.9,19.4,1.2,14.5,32.8,16.95,Fianarantsoa,-21.454,47.086,1127.0
2017-04-21,24.1,15.1,18.9,0.9,19.1,47.2,18.82,Fianarantsoa,-21.454,47.086,1127.0
2017-04-22,22.0,13.8,17.1,0.0,25.3,55.1,19.89,Fianarantsoa,-21.454,47.086,1127.0
2017-04-23,22.8,11.0,16.7,0.2,11.9,27.0,17.45,Fianarantsoa,-21.454,47.086,1127.0
2017-04-24,23.6,14.5,18.3,0.2,16.0,36.4,17.57,Fianarantsoa,-21.454,47.086,1127.0
2017-04-25,22.8,14.0,17.1,0.2,16.0,33.1,14.2,Fianarantsoa,-21.454,47.086,1127.0
2017-04-26,19.6,14.3,16.1,0.6,15.1,33.1,8.6,Fianarantsoa,-21.454,47.086,1127.0
2017-04-27,19.9,15.1,16.6,1.6,15.9,35.6,12.96,Fianarantsoa,-21.454,47.086,1127.0
2017-04-28,17.9,13.8,15.5,27.7,24.2,49.3,8.05,Fianarantsoa,-21.454,47.086,1127.0
2017-04-29,18.4,12.7,14.9,5.5,25.8,55.8,11.74,Fianarantsoa,-21.454,47.086,1127.0
2017-04-30,17.9,12.9,14.6,3.6,21.7,45.4,8.89,Fianarantsoa,-21.454,47.086,1127.0
2017-05-01,18.7,12.9,14.9,4.0,18.6,40.0,12.23,Fianarantsoa,-21.454,47.086,1127.0
2017-05-02,18.5,13.0,15.2,1.3,19.5,42.5,11.57,Fianarantsoa,-21.454,47.086,1127.0
2017-05-03,20.6,13.4,16.5,0.8,14.1,31.7,13.69,Fianarantsoa,-21.454,47.086,1127.0
2017-05-04,22.8,15.0,17.7,1.7,15.3,31.7,15.07,Fianarantsoa,-21.454,47.086,1127.0
2017-05-05,20.2,14.8,16.9,0.3,17.4,38.5,14.06,Fianarantsoa,-21.454,47.086,1127.0
2017-05-06,20.9,14.4,16.6,0.0,16.2,34.9,14.65,Fianarantsoa,-21.454,47.086,1127.0
2017-05-07,21.7,14.6,16.9,0.0,13.7,31.3,16.44,Fianarantsoa,-21.454,47.086,1127.0
2017-05-08,21.6,12.8,16.4,0.1,14.8,33.1,18.81,Fianarantsoa,-21.454,47.086,1127.0
2017-05-09,20.6,13.7,16.6,0.6,15.3,34.6,12.64,Fianarantsoa,-21.454,47.086,1127.0
2017-05-10,21.3,15.1,17.2,2.0,15.6,31.3,13.99,Fianarantsoa,-21.454,47.086,1127.0
2017-05-11,21.6,15.0,17.2,1.2,16.6,35.6,18.17,Fianarantsoa,-21.454,47.086,1127.0
2017-05-12,22.9,14.0,17.4,0.1,14.8,33.8,16.92,Fianarantsoa,-21.454,47.086,1127.0
2017-05-13,22.4,15.0,18.0,0.2,13.3,29.9,15.15,Fianarantsoa,-21.454,47.086,1127.0
2017-05-14,22.7,15.8,17.9,0.3,15.9,34.2,13.91,Fianarantsoa,-21.454,47.086,1127.0
2017-05-15,21.4,14.0,17.3,0.1,15.5,33.8,15.55,Fianarantsoa,-21.454,47.086,1127.0
2017-05-16,20.9,14.8,16.9,3.2,17.3,36.4,8.86,Fianarantsoa,-21.454,47.086,1127.0
2017-05-17,22.9,11.9,16.7,0.3,14.8,33.1,16.56,Fianarantsoa,-21.454,47.086,1127.0
2017-05-18,23.5,14.1,17.9,1.7,9.3,26.3,15.83,Fianarantsoa,-21.454,47.086,1127.0
2017-05-19,23.2,13.5,17.7,0.8,12.3,25.2,17.95,Fianarantsoa,-21.454,47.086,1127.0
2017-05-20,20.4,14.7,16.7,1.4,13.9,32.0,12.47,Fianarantsoa,-21.454,47.086,1127.0
2017-05-21,21.3,11.8,16.2,0.8,12.6,28.8,16.72,Fianarantsoa,-21.454,47.086,1127.0
2017-05-22,21.2,11.4,16.0,0.1,15.1,33.5,16.25,Fianarantsoa,-21.454,47.086,1127.0
2017-05-23,19.9,14.0,16.1,0.4,13.0,30.6,16.65,Fianarantsoa,-21.454,47.086,1127.0
2017-05-24,21.7,12.9,16.1,0.1,14.9,32.0,17.25,Fianarantsoa,-21.454,47.086,1127.0
2017-05-25,22.7,12.5,16.5,0.0,13.2,28.1,16.33,Fianarantsoa,-21.454,47.086,1127.0
2017-05-26,21.4,11.2,15.5,0.0,14.2,31.3,17.99,Fianarantsoa,-21.454,47.086,1127.0
2017-05-27,23.2,11.2,16.5,0.0,10.8,23.8,17.63,Fianarantsoa,-21.454,47.086,1127.0
2017-05-28,23.2,12.1,16.3,0.0,14.2,31.0,14.14,Fianarantsoa,-21.454,47.086,1127.0
2017-05-29,22.6,9.4,15.5,0.1,15.1,38.5,17.19,Fianarantsoa,-21.454,47.086,1127.0
2017-05-30,22.6,12.7,16.4,0.1,16.2,36.4,15.75,Fianarantsoa,-21.454,47.086,1127.0
2017-05-31,22.2,14.5,17.4,0.2,16.4,36.4,12.84,Fianarantsoa,-21.454,47.086,1127.0
2017-06-01,24.3,13.7,17.8,0.0,13.6,27.0,16.24,Fianarantsoa,-21.454,47.086,1127.0
2017-06-02,22.9,12.7,17.1,0.1,15.9,33.8,15.82,Fianarantsoa,-21.454,47.086,1127.0
2017-06-03,18.6,14.3,16.0,2.2,15.1,36.4,11.34,Fianarantsoa,-21.454,47.086,1127.0
2017-06-04,20.7,13.4,15.9,0.1,14.8,33.8,15.54,Fianarantsoa,-21.454,47.086,1127.0
2017-06-05,20.6,12.1,15.8,0.0,13.6,32.4,16.06,Fianarantsoa,-21.454,47.086,1127.0
2017-06-06,21.0,11.3,14.9,0.0,12.6,29.5,16.55,Fianarantsoa,-21.454,47.086,1127.0
2017-06-07,17.7,12.1,14.4,2.3,23.5,51.5,11.46,Fianarantsoa,-21.454,47.086,1127.0
2017-06-08,19.1,13.0,15.6,2.6,18.9,42.5,8.64,Fianarantsoa,-21.454,47.086,1127.0
2017-06-09,17.9,15.8,16.7,48.1,14.8,41.8,2.31,Fianarantsoa,-21.454,47.086,1127.0
2017-06-10,17.1,15.2,16.3,11.7,25.8,49.7,2.74,Fianarantsoa,-21.454,47.086,1127.0
2017-06-11,17.6,13.1,14.8,0.2,22.7,51.1,13.35,Fianarantsoa,-21.454,47.086,1127.0
2017-06-12,19.3,11.5,15.0,0.3,17.4,38.9,10.59,Fianarantsoa,-21.454,47.086,1127.0
2017-06-13,20.9,8.7,14.4,0.0,12.8,27.0,16.86,Fianarantsoa,-21.454,47.086,1127.0
2017-06-14,21.6,10.4,14.7,0.0,11.2,24.8,16.29,Fianarantsoa,-21.454,47.086,1127.0
2017-06-15,21.8,11.8,15.4,0.0,11.5,25.6,16.14,Fianarantsoa,-21.454,47.086,1127.0
2017-06-16,22.2,12.2,15.6,0.3,13.0,27.4,15.08,Fianarantsoa,-21.454,47.086,1127.0
2017-06-17,20.2,11.8,15.0,0.0,12.1,27.0,15.72,Fianarantsoa,-21.454,47.086,1127.0
2017-06-18,19.3,13.2,15.1,0.4,14.4,28.8,13.56,Fianarantsoa,-21.454,47.086,1127.0
2017-06-19,13.4,11.4,12.7,3.3,18.9,37.1,1.43,Fianarantsoa,-21.454,47.086,1127.0
2017-06-20,17.7,11.6,13.7,0.0,12.2,28.8,11.75,Fianarantsoa,-21.454,47.086,1127.0
2017-06-21,19.3,10.5,14.5,0.2,10.4,22.0,13.2,Fianarantsoa,-21.454,47.086,1127.0
2017-06-22,19.7,11.5,14.8,0.7,14.0,29.9,13.13,Fianarantsoa,-21.454,47.086,1127.0
2017-06-23,19.8,13.8,16.1,1.0,11.9,27.0,9.62,Fianarantsoa,-21.454,47.086,1127.0
2017-06-24,19.2,13.4,15.6,0.6,15.5,36.4,11.39,Fianarantsoa,-21.454,47.086,1127.0
2017-06-25,18.8,13.1,14.9,0.1,14.3,31.7,11.61,Fianarantsoa,-21.454,47.086,1127.0
2017-06-26,18.2,12.8,14.7,1.1,13.3,30.6,10.79,Fianarantsoa,-21.454,47.086,1127.0
2017-06-27,14.3,10.0,12.4,2.5,20.1,43.9,7.23,Fianarantsoa,-21.454,47.086,1127.0
2017-06-28,14.2,8.2,11.3,1.4,15.8,36.0,6.24,Fianarantsoa,-21.454,47.086,1127.0
2017-06-29,18.9,8.2,12.9,0.0,11.2,27.0,16.52,Fianarantsoa,-21.454,47.086,1127.0
2017-06-30,17.6,8.5,12.2,0.0,12.8,31.0,17.01,Fianarantsoa,-21.454,47.086,1127.0
2017-07-01,17.2,10.4,13.2,0.1,16.9,37.8,12.06,Fianarantsoa,-21.454,47.086,1127.0
2017-07-02,16.1,12.0,13.4,1.0,15.6,34.6,6.88,Fianarantsoa,-21.454,47.086,1127.0
2017-07-03,18.7,11.7,14.3,0.2,12.3,28.1,12.19,Fianarantsoa,-21.454,47.086,1127.0
2017-07-04,17.9,11.4,14.2,1.5,14.6,33.1,10.5,Fianarantsoa,-21.454,47.086,1127.0
2017-07-05,17.2,12.1,14.0,1.1,17.6,38.5,10.03,Fianarantsoa,-21.454,47.086,1127.0
2017-07-06,17.6,12.2,14.3,2.3,19.6,39.6,10.26,Fianarantsoa,-21.454,47.086,1127.0
2017-07-07,16.3,11.1,13.4,1.4,20.7,45.0,12.87,Fianarantsoa,-21.454,47.086,1127.0
2017-07-08,14.7,9.1,11.5,0.0,21.2,47.9,13.3,Fianarantsoa,-21.454,47.086,1127.0
2017-07-09,15.7,10.8,12.5,0.3,17.8,40.0,11.91,Fianarantsoa,-21.454,47.086,1127.0
2017-07-10,19.8,8.8,13.1,0.1,8.4,21.2,16.8,Fianarantsoa,-21.454,47.086,1127.0
2017-07-11,18.9,7.6,12.5,0.0,11.3,23.4,16.85,Fianarantsoa,-21.454,47.086,1127.0
2017-07-12,18.0,7.5,12.3,0.0,13.0,32.4,16.01,Fianarantsoa,-21.454,47.086,1127.0
2017-07-13,16.5,11.6,13.3,4.9,15.4,34.2,11.2,Fianarantsoa,-21.454,47.086,1127.0
2017-07-14,21.4,9.7,14.5,0.0,13.1,32.0,17.42,Fianarantsoa,-21.454,47.086,1127.0
2017-07-15,19.8,10.8,14.1,0.0,13.2,32.0,16.99,Fianarantsoa,-21.454,47.086,1127.0
2017-07-16,22.9,9.9,15.0,0.0,9.0,20.2,17.65,Fianarantsoa,-21.454,47.086,1127.0
2017-07-17,22.5,8.7,14.5,0.0,11.5,28.4,18.42,Fianarantsoa,-21.454,47.086,1127.0
2017-07-18,18.1,8.0,12.8,0.3,18.4,41.8,12.99,Fianarantsoa,-21.454,47.086,1127.0
2017-07-19,19.5,8.9,13.5,0.0,14.2,30.6,17.08,Fianarantsoa,-21.454,47.086,1127.0
2017-07-20,19.7,9.9,13.7,0.0,14.8,34.2,18.13,Fianarantsoa,-21.454,47.086,1127.0
2017-07-21,20.4,8.7,13.9,0.0,15.7,32.8,17.33,Fianarantsoa,-21.454,47.086,1127.0
2017-07-22,21.2,10.4,14.7,0.1,15.4,33.8,18.41,Fianarantsoa,-21.454,47.086,1127.0
2017-07-23,20.5,12.1,15.3,0.0,13.6,33.1,12.97,Fianarantsoa,-21.454,47.086,1127.0
2017-07-24,21.1,12.4,15.5,1.2,12.2,24.8,12.75,Fianarantsoa,-21.454,47.086,1127.0
2017-07-25,19.0,10.9,14.2,2.4,15.4,36.4,12.37,Fianarantsoa,-21.454,47.086,1127.0
2017-07-26,19.9,11.3,14.6,0.1,15.8,34.9,15.21,Fianarantsoa,-21.454,47.086,1127.0
2017-07-27,20.1,12.3,14.9,0.3,17.3,39.2,15.56,Fianarantsoa,-21.454,47.086,1127.0
2017-07-28,18.6,11.9,14.7,0.4,17.5,38.5,12.0,Fianarantsoa,-21.454,47.086,1127.0
2017-07-29,16.8,13.2,14.2,6.1,20.3,43.6,10.16,Fianarantsoa,-21.454,47.086,1127.0
2017-07-30,18.8,12.6,14.8,0.7,20.2,40.0,7.88,Fianarantsoa,-21.454,47.086,1127.0
2017-07-31,20.6,12.3,15.1,0.7,16.4,36.0,14.43,Fianarantsoa,-21.454,47.086,1127.0
2017-08-01,12.7,8.2,11.0,0.0,24.2,51.5,9.53,Fianarantsoa,-21.454,47.086,1127.0
2017-08-02,14.9,5.9,10.5,0.2,18.2,41.0,12.74,Fianarantsoa,-21.454,47.086,1127.0
2017-08-03,16.7,8.6,12.0,0.1,16.7,37.8,19.65,Fianarantsoa,-21.454,47.086,1127.0
2017-08-04,15.8,9.5,12.0,0.1,19.6,45.4,13.02,Fianarantsoa,-21.454,47.086,1127.0
2017-08-05,17.8,10.3,13.2,0.1,14.5,32.0,14.43,Fianarantsoa,-21.454,47.086,1127.0
2017-08-06,21.4,8.6,14.1,0.0,11.7,24.8,17.41,Fianarantsoa,-21.454,47.086,1127.0
2017-08-07,20.1,9.7,14.0,0.0,15.6,34.2,17.49,Fianarantsoa,-21.454,47.086,1127.0
2017-08-08,17.2,11.3,13.6,1.7,16.5,37.4,11.56,Fianarantsoa,-21.454,47.086,1127.0
2017-08-09,14.0,11.3,12.2,5.9,23.7,49.7,4.55,Fianarantsoa,-21.454,47.086,1127.0
2017-08-10,15.6,11.1,12.4,3.9,24.5,48.2,8.42,Fianarantsoa,-21.454,47.086,1127.0
2017-08-11,16.2,11.3,13.1,1.7,21.6,47.5,13.45,Fianarantsoa,-21.454,47.086,1127.0
2017-08-12,17.5,9.8,13.1,1.6,21.8,48.6,16.56,Fianarantsoa,-21.454,47.086,1127.0
2017-08-13,16.5,11.4,13.1,1.2,20.6,47.2,13.77,Fianarantsoa,-21.454,47.086,1127.0
2017-08-14,17.7,10.6,13.2,0.8,17.3,37.8,11.9,Fianarantsoa,-21.454,47.086,1127.0
2017-08-15,19.2,7.0,13.0,0.0,15.0,33.5,20.33,Fianarantsoa,-21.454,47.086,1127.0
2017-08-16,20.6,11.6,14.7,2.5,18.0,41.8,17.43,Fianarantsoa,-21.454,47.086,1127.0
2017-08-17,20.7,13.0,15.8,1.5,17.5,37.8,15.09,Fianarantsoa,-21.454,47.086,1127.0
2017-08-18,21.1,13.2,16.3,0.7,15.9,35.3,14.44,Fianarantsoa,-21.454,47.086,1127.0
2017-08-19,22.0,12.1,16.6,0.4,14.0,30.6,18.68,Fianarantsoa,-21.454,47.086,1127.0
2017-08-20,22.4,14.0,16.8,0.3,13.1,29.2,17.8,Fianarantsoa,-21.454,47.086,1127.0
2017-08-21,20.2,12.5,15.4,1.6,17.2,35.3,13.41,Fianarantsoa,-21.454,47.086,1127.0
2017-08-22,17.7,12.3,14.2,2.6,16.6,34.9,9.28,Fianarantsoa,-21.454,47.086,1127.0
2017-08-23,22.8,13.6,17.5,0.5,17.0,37.4,15.79,Fianarantsoa,-21.454,47.086,1127.0
2017-08-24,23.7,10.9,16.9,0.0,16.9,40.0,18.84,Fianarantsoa,-21.454,47.086,1127.0
2017-08-25,23.0,11.5,16.6,0.0,16.2,38.9,21.06,Fianarantsoa,-21.454,47.086,1127.0
2017-08-26,22.2,13.1,16.7,0.3,16.6,38.5,19.67,Fianarantsoa,-21.454,47.086,1127.0
2017-08-27,20.4,12.4,15.3,0.7,17.6,38.2,14.67,Fianarantsoa,-21.454,47.086,1127.0
2017-08-28,16.9,11.8,13.5,2.1,16.8,35.3,8.62,Fianarantsoa,-21.454,47.086,1127.0
2017-08-29,17.3,10.6,13.2,1.9,15.6,34.6,11.97,Fianarantsoa,-21.454,47.086,1127.0
2017-08-30,22.9,10.3,15.1,0.0,17.5,36.7,21.94,Fianarantsoa,-21.454,47.086,1127.0
2017-08-31,24.3,11.3,16.3,0.0,17.1,39.2,22.3,Fianarantsoa,-21.454,47.086,1127.0
2017-09-01,21.0,13.0,16.0,1.2,17.7,37.8,21.92,Fianarantsoa,-21.454,47.086,1127.0
2017-09-02,21.7,9.3,15.0,0.0,15.6,35.3,23.15,Fianarantsoa,-21.454,47.086,1127.0
2017-09-03,24.4,10.9,16.8,0.0,18.8,42.5,23.18,Fianarantsoa,-21.454,47.086,1127.0
2017-09-04,19.0,11.0,14.4,1.2,19.6,41.4,12.46,Fianarantsoa,-21.454,47.086,1127.0
2017-09-05,16.0,10.2,12.3,1.0,20.1,43.6,20.09,Fianarantsoa,-21.454,47.086,1127.0
2017-09-06,18.0,8.5,12.2,0.0,17.7,39.2,20.66,Fianarantsoa,-21.454,47.086,1127.0
2017-09-07,19.3,9.4,13.5,0.0,17.6,39.6,24.25,Fianarantsoa,-21.454,47.086,1127.0
2017-09-08,18.9,9.3,14.3,0.2,19.1,44.6,20.4,Fianarantsoa,-21.454,47.086,1127.0
2017-09-09,19.7,10.6,14.5,0.1,18.2,42.1,20.02,Fianarantsoa,-21.454,47.086,1127.0
2017-09-10,21.3,9.8,15.3,0.0,15.4,37.4,24.42,Fianarantsoa,-21.454,47.086,1127.0
2017-09-11,21.5,11.8,15.5,0.0,13.7,34.2,24.63,Fianarantsoa,-21.454,47.086,1127.0
2017-09-12,20.9,9.9,14.7,0.1,16.7,40.3,24.82,Fianarantsoa,-21.454,47.086,1127.0
2017-09-13,21.6,10.0,14.8,0.0,18.5,43.9,25.22,Fianarantsoa,-21.454,47.086,1127.0
2017-09-14,28.2,8.7,16.8,0.0,10.1,21.6,25.71,Fianarantsoa,-21.454,47.086,1127.0
2017-09-15,28.7,10.4,18.8,0.0,16.6,42.1,25.44,Fianarantsoa,-21.454,47.086,1127.0
2017-09-16,23.4,13.7,17.3,0.0,14.8,33.1,23.85,Fianarantsoa,-21.454,47.086,1127.0
2017-09-17,30.4,11.9,19.1,0.3,19.5,47.5,24.98,Fianarantsoa,-21.454,47.086,1127.0
2017-09-18,22.5,14.2,17.3,0.9,18.1,41.4,20.93,Fianarantsoa,-21.454,47.086,1127.0
2017-09-19,23.0,13.7,16.7,0.1,16.3,36.7,21.68,Fianarantsoa,-21.454,47.086,1127.0
2017-09-20,26.0,13.7,18.1,0.2,19.1,42.8,21.36,Fianarantsoa,-21.454,47.086,1127.0
2017-09-21,23.9,12.9,17.6,1.5,19.1,41.8,21.0,Fianarantsoa,-21.454,47.086,1127.0
2017-09-22,21.0,13.4,15.9,3.9,24.2,53.3,15.66,Fianarantsoa,-21.454,47.086,1127.0
2017-09-23,23.7,13.4,17.0,1.0,16.6,38.5,20.13,Fianarantsoa,-21.454,47.086,1127.0
2017-09-24,26.1,12.5,18.1,1.8,16.0,38.9,20.94,Fianarantsoa,-21.454,47.086,1127.0
2017-09-25,22.9,14.8,18.4,1.1,16.9,37.4,18.58,Fianarantsoa,-21.454,47.086,1127.0
2017-09-26,23.5,16.2,18.9,0.4,15.9,33.8,17.68,Fianarantsoa,-21.454,47.086,1127.0
2017-09-27,26.1,13.8,19.7,0.0,15.5,34.9,22.98,Fianarantsoa,-21.454,47.086,1127.0
2017-09-28,24.7,15.6,19.2,0.1,16.6,36.7,21.47,Fianarantsoa,-21.454,47.086,1127.0
2017-09-29,17.9,13.7,15.3,0.3,23.0,49.7,11.22,Fianarantsoa,-21.454,47.086,1127.0
2017-09-30,20.8,13.6,16.4,1.8,18.9,43.6,18.5,Fianarantsoa,-21.454,47.086,1127.0
2017-10-01,23.6,14.2,17.6,0.9,18.4,43.2,23.42,Fianarantsoa,-21.454,47.086,1127.0
2017-10-02,25.2,12.1,18.3,0.2,11.9,26.3,23.46,Fianarantsoa,-21.454,47.086,1127.0
2017-10-03,24.5,15.6,18.9,1.1,18.0,40.0,23.33,Fianarantsoa,-21.454,47.086,1127.0
2017-10-04,21.4,14.4,16.6,2.1,24.0,53.6,19.13,Fianarantsoa,-21.454,47.086,1127.0
2017-10-05,18.9,13.5,14.8,3.0,23.8,52.9,8.68,Fianarantsoa,-21.454,47.086,1127.0
2017-10-06,16.7,12.3,14.0,0.7,19.6,43.9,11.18,Fianarantsoa,-21.454,47.086,1127.0
2017-10-07,20.4,11.4,14.7,0.0,16.6,40.7,26.04,Fianarantsoa,-21.454,47.086,1127.0
2017-10-08,22.3,10.9,16.0,0.1,15.9,36.7,27.74,Fianarantsoa,-21.454,47.086,1127.0
2017-10-09,27.6,13.4,18.8,0.1,21.0,47.5,26.37,Fianarantsoa,-21.454,47.086,1127.0
2017-10-10,26.5,14.9,19.6,0.0,17.6,39.6,23.23,Fianarantsoa,-21.454,47.086,1127.0
2017-10-11,27.7,15.5,20.8,0.2,11.5,32.0,20.69,Fianarantsoa,-21.454,47.086,1127.0
2017-10-12,27.8,14.3,21.1,0.0,18.8,45.0,22.37,Fianarantsoa,-21.454,47.086,1127.0
2017-10-13,27.7,14.5,18.8,2.4,19.3,43.9,23.91,Fianarantsoa,-21.454,47.086,1127.0
2017-10-14,21.2,14.0,16.4,3.2,17.3,40.3,17.59,Fianarantsoa,-21.454,47.086,1127.0
2017-10-15,27.6,14.7,19.1,2.0,19.6,43.6,25.68,Fianarantsoa,-21.454,47.086,1127.0
2017-10-16,29.8,16.7,21.2,0.4,18.8,42.5,26.79,Fianarantsoa,-21.454,47.086,1127.0
2017-10-17,28.6,15.4,21.3,1.3,18.8,42.8,22.87,Fianarantsoa,-21.454,47.086,1127.0
2017-10-18,27.9,16.3,21.5,1.5,14.6,37.8,21.82,Fianarantsoa,-21.454,47.086,1127.0
2017-10-19,25.7,16.5,20.1,0.9,18.0,38.2,20.83,Fianarantsoa,-21.454,47.086,1127.0
2017-10-20,28.0,18.2,21.7,0.0,17.7,43.9,23.97,Fianarantsoa,-21.454,47.086,1127.0
2017-10-21,26.3,16.4,20.4,0.1,19.9,46.1,28.61,Fianarantsoa,-21.454,47.086,1127.0
2017-10-22,24.3,12.3,18.4,0.3,20.7,48.2,29.09,Fianarantsoa,-21.454,47.086,1127.0
2017-10-23,24.6,14.1,18.7,0.1,17.8,42.8,28.71,Fianarantsoa,-21.454,47.086,1127.0
2017-10-24,26.7,14.3,19.6,0.1,18.0,39.6,28.21,Fianarantsoa,-21.454,47.086,1127.0
2017-10-25,27.2,16.0,20.4,0.0,18.0,38.5,26.34,Fianarantsoa,-21.454,47.086,1127.0
2017-10-26,26.9,14.1,20.1,0.0,16.6,38.2,27.21,Fianarantsoa,-21.454,47.086,1127.0
2017-10-27,27.4,15.0,20.3,0.0,17.5,38.5,27.25,Fianarantsoa,-21.454,47.086,1127.0
2017-10-28,24.6,14.8,19.1,0.1,20.3,44.3,23.52,Fianarantsoa,-21.454,47.086,1127.0
2017-10-29,17.4,13.2,15.1,0.0,22.0,49.0,10.22,Fianarantsoa,-21.454,47.086,1127.0
2017-10-30,17.9,12.7,14.6,0.5,23.5,48.2,11.86,Fianarantsoa,-21.454,47.086,1127.0
2017-10-31,19.1,12.5,15.0,0.8,21.5,46.8,15.63,Fianarantsoa,-21.454,47.086,1127.0
2017-11-01,20.9,12.7,15.8,1.6,24.6,55.4,23.39,Fianarantsoa,-21.454,47.086,1127.0
2017-11-02,20.6,13.7,16.2,2.8,20.3,44.6,18.57,Fianarantsoa,-21.454,47.086,1127.0
2017-11-03,23.8,13.4,17.7,0.2,17.0,37.1,29.64,Fianarantsoa,-21.454,47.086,1127.0
2017-11-04,24.3,12.8,17.3,0.4,18.0,41.0,27.59,Fianarantsoa,-21.454,47.086,1127.0
2017-11-05,23.3,13.3,17.0,0.6,19.9,47.5,27.04,Fianarantsoa,-21.454,47.086,1127.0
2017-11-06,29.5,13.6,19.3,0.0,21.0,50.0,27.28,Fianarantsoa,-21.454,47.086,1127.0
2017-11-07,29.4,15.6,22.0,0.0,20.2,43.6,28.29,Fianarantsoa,-21.454,47.086,1127.0
2017-11-08,29.4,16.5,22.3,0.0,23.6,50.8,28.25,Fianarantsoa,-21.454,47.086,1127.0
2017-11-09,28.4,15.3,21.7,0.0,21.6,46.8,25.95,Fianarantsoa,-21.454,47.086,1127.0
2017-11-10,29.0,14.7,21.9,0.1,23.4,50.8,26.19,Fianarantsoa,-21.454,47.086,1127.0
2017-11-11,29.9,17.4,21.0,11.6,20.2,45.7,19.68,Fianarantsoa,-21.454,47.086,1127.0
2017-11-12,27.3,16.4,19.3,8.0,15.5,41.0,16.84,Fianarantsoa,-21.454,47.086,1127.0
2017-11-13,21.2,15.7,16.9,8.7,15.9,42.1,10.08,Fianarantsoa,-21.454,47.086,1127.0
2017-11-14,20.4,15.4,17.7,22.9,10.8,31.7,9.24,Fianarantsoa,-21.454,47.086,1127.0
2017-11-15,22.5,16.5,18.7,23.8,13.4,32.4,15.54,Fianarantsoa,-21.454,47.086,1127.0
2017-11-16,23.8,16.1,19.4,2.5,14.7,37.8,20.94,Fianarantsoa,-21.454,47.086,1127.0
2017-11-17,25.5,17.3,20.1,5.5,11.6,34.6,18.64,Fianarantsoa,-21.454,47.086,1127.0
2017-11-18,24.1,16.4,19.3,0.8,16.3,37.1,16.98,Fianarantsoa,-21.454,47.086,1127.0
2017-11-19,23.9,14.1,18.6,1.6,18.4,41.4,25.17,Fianarantsoa,-21.454,47.086,1127.0
2017-11-20,21.8,16.5,18.1,13.2,18.4,38.2,15.53,Fianarantsoa,-21.454,47.086,1127.0
2017-11-21,21.0,15.8,17.7,7.9,19.1,45.4,17.0,Fianarantsoa,-21.454,47.086,1127.0
2017-11-22,19.8,15.3,16.8,4.3,20.0,43.2,14.44,Fianarantsoa,-21.454,47.086,1127.0
2017-11-23,19.3,14.9,16.5,15.3,21.3,54.7,13.21,Fianarantsoa,-21.454,47.086,1127.0
2017-11-24,21.0,15.0,17.3,5.1,17.3,40.0,20.59,Fianarantsoa,-21.454,47.086,1127.0
2017-11-25,23.7,15.7,18.7,10.9,14.3,28.4,19.86,Fianarantsoa,-21.454,47.086,1127.0
2017-11-26,23.7,17.1,19.4,17.7,18.1,43.9,18.41,Fianarantsoa,-21.454,47.086,1127.0
2017-11-27,25.9,14.5,20.2,0.0,14.5,32.8,29.43,Fianarantsoa,-21.454,47.086,1127.0
2017-11-28,20.8,15.6,17.9,1.4,20.1,42.5,13.15,Fianarantsoa,-21.454,47.086,1127.0
2017-11-29,21.1,15.0,17.2,3.3,17.2,36.4,10.37,Fianarantsoa,-21.454,47.086,1127.0
2017-11-30,24.7,16.7,19.3,12.3,11.3,29.9,18.5,Fianarantsoa,-21.454,47.086,1127.0
2017-12-01,22.1,16.7,18.9,32.6,11.6,30.6,20.1,Fianarantsoa,-21.454,47.086,1127.0
2017-12-02,25.5,16.2,19.2,14.3,11.2,33.1,21.76,Fianarantsoa,-21.454,47.086,1127.0
2017-12-03,24.4,17.1,19.9,4.1,18.4,40.3,21.28,Fianarantsoa,-21.454,47.086,1127.0
2017-12-04,24.4,16.3,19.9,2.1,18.9,41.0,23.81,Fianarantsoa,-21.454,47.086,1127.0
2017-12-05,25.5,15.3,19.6,0.2,20.0,44.3,28.26,Fianarantsoa,-21.454,47.086,1127.0
2017-12-06,26.8,16.1,20.8,0.3,12.1,24.8,25.65,Fianarantsoa,-21.454,47.086,1127.0
2017-12-07,23.9,16.7,19.6,11.7,15.4,39.2,21.85,Fianarantsoa,-21.454,47.086,1127.0
2017-12-08,24.0,16.0,19.0,12.7,15.9,35.6,20.19,Fianarantsoa,-21.454,47.086,1127.0
2017-12-09,24.2,16.8,19.5,19.3,16.4,37.1,16.21,Fianarantsoa,-21.454,47.086,1127.0
2017-12-10,25.1,16.3,20.0,2.0,22.2,49.3,22.62,Fianarantsoa,-21.454,47.086,1127.0
2017-12-11,25.1,17.5,20.7,1.0,17.3,39.2,25.51,Fianarantsoa,-21.454,47.086,1127.0
2017-12-12,24.7,16.8,19.9,1.0,14.1,31.7,22.23,Fianarantsoa,-21.454,47.086,1127.0
2017-12-13,25.0,17.8,20.4,11.2,10.7,32.0,17.74,Fianarantsoa,-21.454,47.086,1127.0
2017-12-14,26.9,17.7,21.4,8.7,12.4,33.8,23.55,Fianarantsoa,-21.454,47.086,1127.0
2017-12-15,26.5,17.9,20.8,17.8,23.1,49.3,20.21,Fianarantsoa,-21.454,47.086,1127.0
2017-12-16,18.1,15.0,16.3,4.1,20.8,46.4,7.3,Fianarantsoa,-21.454,47.086,1127.0
2017-12-17,23.4,15.1,18.6,0.8,19.6,40.0,13.64,Fianarantsoa,-21.454,47.086,1127.0
2017-12-18,26.6,17.1,20.4,1.5,15.0,35.6,23.8,Fianarantsoa,-21.454,47.086,1127.0
2017-12-19,27.1,17.4,21.1,1.0,12.0,29.9,27.65,Fianarantsoa,-21.454,47.086,1127.0
2017-12-20,26.6,16.2,20.9,2.8,12.1,28.8,25.75,Fianarantsoa,-21.454,47.086,1127.0
2017-12-21,25.5,17.4,20.1,9.0,13.8,32.0,24.46,Fianarantsoa,-21.454,47.086,1127.0
2017-12-22,24.9,17.2,20.3,2.8,13.7,29.9,24.49,Fianarantsoa,-21.454,47.086,1127.0
2017-12-23,24.9,17.0,20.2,19.9,13.4,32.8,23.55,Fianarantsoa,-21.454,47.086,1127.0
2017-12-24,25.4,16.6,20.3,21.0,13.2,32.4,23.07,Fianarantsoa,-21.454,47.086,1127.0
2017-12-25,25.3,15.7,20.1,8.6,10.4,30.2,24.25,Fianarantsoa,-21.454,47.086,1127.0
2017-12-26,25.6,17.4,20.4,10.2,10.0,27.0,20.71,Fianarantsoa,-21.454,47.086,1127.0
2017-12-27,22.3,17.4,19.4,8.3,21.1,45.4,19.59,Fianarantsoa,-21.454,47.086,1127.0
2017-12-28,22.3,17.2,19.0,17.4,12.2,29.2,13.47,Fianarantsoa,-21.454,47.086,1127.0
2017-12-29,24.8,17.0,20.0,8.0,16.3,37.8,19.25,Fianarantsoa,-21.454,47.086,1127.0
2017-12-30,25.5,16.2,19.8,2.1,17.6,40.0,20.7,Fianarantsoa,-21.454,47.086,1127.0
2017-12-31,24.1,16.8,19.6,2.0,16.1,36.0,20.5,Fianarantsoa,-21.454,47.086,1127.0
2018-01-01,24.1,17.4,19.8,4.6,17.3,40.0,21.73,Fianarantsoa,-21.454,47.086,1127.0
2018-01-02,24.8,17.5,20.6,1.2,14.8,32.4,21.45,Fianarantsoa,-21.454,47.086,1127.0
2018-01-03,23.9,17.3,20.1,1.6,19.5,42.8,19.26,Fianarantsoa,-21.454,47.086,1127.0
2018-01-04,22.5,17.2,19.4,6.4,32.7,69.1,22.0,Fianarantsoa,-21.454,47.086,1127.0
2018-01-05,22.5,18.3,19.3,33.6,29.5,64.4,11.6,Fianarantsoa,-21.454,47.086,1127.0
2018-01-06,21.1,18.7,19.4,82.2,35.4,74.2,4.46,Fianarantsoa,-21.454,47.086,1127.0
2018-01-07,20.4,18.3,19.2,40.0,39.7,86.4,4.81,Fianarantsoa,-21.454,47.086,1127.0
2018-01-08,23.0,18.5,20.3,3.2,37.6,81.4,19.42,Fianarantsoa,-21.454,47.086,1127.0
2018-01-09,24.9,18.0,20.7,0.0,28.7,61.6,24.55,Fianarantsoa,-21.454,47.086,1127.0
2018-01-10,25.5,15.5,19.5,9.2,18.7,38.9,23.54,Fianarantsoa,-21.454,47.086,1127.0
2018-01-11,18.8,14.2,16.0,0.5,19.0,42.5,16.11,Fianarantsoa,-21.454,47.086,1127.0
2018-01-12,21.5,13.1,16.6,0.9,18.6,40.7,21.75,Fianarantsoa,-21.454,47.086,1127.0
2018-01-13,22.6,14.2,18.3,12.1,20.1,44.3,22.29,Fianarantsoa,-21.454,47.086,1127.0
2018-01-14,20.4,16.3,18.0,9.9,23.6,50.8,14.41,Fianarantsoa,-21.454,47.086,1127.0
2018-01-15,21.9,16.4,18.3,9.4,25.6,53.3,19.19,Fianarantsoa,-21.454,47.086,1127.0
2018-01-16,21.9,15.1,17.9,1.5,20.9,47.2,23.44,Fianarantsoa,-21.454,47.086,1127.0
2018-01-17,21.8,13.5,17.1,1.7,19.8,44.3,20.89,Fianarantsoa,-21.454,47.086,1127.0
2018-01-18,22.6,11.1,17.3,0.1,17.4,38.5,25.83,Fianarantsoa,-21.454,47.086,1127.0
2018-01-19,25.1,13.5,19.5,0.0,22.5,49.0,31.99,Fianarantsoa,-21.454,47.086,1127.0
2018-01-20,26.1,17.4,21.2,0.3,26.9,58.3,25.95,Fianarantsoa,-21.454,47.086,1127.0
2018-01-21,23.4,17.7,19.3,15.5,20.6,40.3,10.89,Fianarantsoa,-21.454,47.086,1127.0
2018-01-22,20.2,15.9,17.5,0.8,16.0,40.0,8.94,Fianarantsoa,-21.454,47.086,1127.0
2018-01-23,24.2,15.5,18.8,1.0,15.5,33.1,20.63,Fianarantsoa,-21.454,47.086,1127.0
2018-01-24,25.4,16.5,19.6,2.8,15.7,34.6,22.61,Fianarantsoa,-21.454,47.086,1127.0
2018-01-25,25.6,16.8,20.1,0.6,16.6,36.4,27.17,Fianarantsoa,-21.454,47.086,1127.0
2018-01-26,25.3,15.7,19.8,0.6,17.2,37.4,29.58,Fianarantsoa,-21.454,47.086,1127.0
2018-01-27,26.6,16.8,20.1,3.5,15.5,40.3,24.29,Fianarantsoa,-21.454,47.086,1127.0
2018-01-28,26.2,17.5,20.6,15.8,14.8,33.1,22.26,Fianarantsoa,-21.454,47.086,1127.0
2018-01-29,26.8,17.5,20.5,13.0,17.0,40.3,23.58,Fianarantsoa,-21.454,47.086,1127.0
2018-01-30,26.3,16.3,21.3,2.5,14.4,34.6,25.89,Fianarantsoa,-21.454,47.086,1127.0
2018-01-31,26.3,16.8,21.2,1.3,10.8,27.7,26.16,Fianarantsoa,-21.454,47.086,1127.0
2018-02-01,26.9,16.6,20.8,11.7,8.7,26.3,22.77,Fianarantsoa,-21.454,47.086,1127.0
2018-02-02,27.9,18.5,22.2,0.5,11.1,28.4,26.5,Fianarantsoa,-21.454,47.086,1127.0
2018-02-03,27.5,18.3,21.4,13.1,10.2,29.9,25.21,Fianarantsoa,-21.454,47.086,1127.0
2018-02-04,24.9,18.0,20.1,22.9,11.5,29.2,17.56,Fianarantsoa,-21.454,47.086,1127.0
2018-02-05,22.6,16.8,18.5,8.9,11.8,29.9,14.73,Fianarantsoa,-21.454,47.086,1127.0
2018-02-06,23.9,15.8,19.0,0.7,15.9,34.6,24.47,Fianarantsoa,-21.454,47.086,1127.0
2018-02-07,24.3,15.9,19.1,1.9,10.9,32.8,20.99,Fianarantsoa,-21.454,47.086,1127.0
2018-02-08,24.2,15.8,19.3,2.5,15.1,32.8,25.57,Fianarantsoa,-21.454,47.086,1127.0
2018-02-09,22.0,17.1,18.7,13.0,14.5,33.1,15.83,Fianarantsoa,-21.454,47.086,1127.0
2018-02-10,19.7,16.4,17.7,14.4,17.6,37.8,10.48,Fianarantsoa,-21.454,47.086,1127.0
2018-02-11,21.7,15.6,18.0,6.7,13.3,32.0,13.39,Fianarantsoa,-21.454,47.086,1127.0
2018-02-12,25.2,16.0,19.0,4.0,15.8,46.4,19.26,Fianarantsoa,-21.454,47.086,1127.0
2018-02-13,24.8,14.9,19.4,0.0,21.2,44.6,27.49,Fianarantsoa,-21.454,47.086,1127.0
2018-02-14,23.4,16.3,18.9,2.7,12.8,28.8,20.87,Fianarantsoa,-21.454,47.086,1127.0
2018-02-15,24.1,14.4,18.6,1.6,11.3,27.4,21.81,Fianarantsoa,-21.454,47.086,1127.0
2018-02-16,26.6,16.9,20.1,11.1,10.5,25.2,22.98,Fianarantsoa,-21.454,47.086,1127.0
2018-02-17,25.4,15.9,19.9,4.5,14.4,33.8,22.26,Fianarantsoa,-21.454,47.086,1127.0
2018-02-18,25.8,17.9,20.2,6.1,11.9,28.1,21.94,Fianarantsoa,-21.454,47.086,1127.0
2018-02-19,24.0,17.5,19.7,8.4,15.7,33.5,19.64,Fianarantsoa,-21.454,47.086,1127.0
2018-02-20,23.1,15.9,18.8,1.6,19.5,43.2,20.85,Fianarantsoa,-21.454,47.086,1127.0
2018-02-21,22.8,16.0,18.7,2.2,15.6,34.2,20.72,Fianarantsoa,-21.454,47.086,1127.0
2018-02-22,24.2,15.5,19.2,0.4,12.7,29.9,24.36,Fianarantsoa,-21.454,47.086,1127.0
2018-02-23,26.1,16.6,20.4,1.4,16.7,36.0,25.93,Fianarantsoa,-21.454,47.086,1127.0
2018-02-24,25.3,16.8,20.7,7.0,8.9,25.9,21.04,Fianarantsoa,-21.454,47.086,1127.0
2018-02-25,26.5,16.7,21.2,0.3,15.7,35.6,25.9,Fianarantsoa,-21.454,47.086,1127.0
2018-02-26,26.3,17.7,21.7,2.8,10.9,29.2,23.14,Fianarantsoa,-21.454,47.086,1127.0
2018-02-27,26.6,17.1,21.0,1.6,11.6,28.4,23.24,Fianarantsoa,-21.454,47.086,1127.0
2018-02-28,26.3,18.6,20.9,2.4,16.0,40.0,24.06,Fianarantsoa,-21.454,47.086,1127.0
2018-03-01,25.1,17.9,20.5,1.4,17.3,38.2,21.46,Fianarantsoa,-21.454,47.086,1127.0
2018-03-02,23.7,17.3,19.9,1.8,18.4,42.8,22.94,Fianarantsoa,-21.454,47.086,1127.0
2018-03-03,22.3,17.1,18.9,4.5,22.7,48.6,16.06,Fianarantsoa,-21.454,47.086,1127.0
2018-03-04,21.5,17.6,18.9,11.6,24.7,55.4,12.58,Fianarantsoa,-21.454,47.086,1127.0
2018-03-05,22.0,17.7,19.3,9.6,21.5,50.0,10.0,Fianarantsoa,-21.454,47.086,1127.0
2018-03-06,25.8,16.4,20.3,0.5,11.2,28.1,21.95,Fianarantsoa,-21.454,47.086,1127.0
2018-03-07,25.9,16.4,20.3,0.3,11.4,27.7,22.86,Fianarantsoa,-21.454,47.086,1127.0
2018-03-08,26.0,15.7,20.4,0.3,14.4,31.0,25.29,Fianarantsoa,-21.454,47.086,1127.0
2018-03-09,25.7,17.1,20.8,0.3,13.8,29.9,19.71,Fianarantsoa,-21.454,47.086,1127.0
2018-03-10,24.9,17.0,20.3,0.1,15.1,34.6,23.28,Fianarantsoa,-21.454,47.086,1127.0
2018-03-11,22.8,15.7,18.7,0.5,19.9,45.0,20.39,Fianarantsoa,-21.454,47.086,1127.0
2018-03-12,25.6,13.6,19.5,0.1,18.4,41.4,25.85,Fianarantsoa,-21.454,47.086,1127.0
2018-03-13,24.3,17.5,20.1,1.0,19.9,43.6,20.64,Fianarantsoa,-21.454,47.086,1127.0
2018-03-14,24.6,15.5,19.4,0.4,17.5,40.7,23.62,Fianarantsoa,-21.454,47.086,1127.0
2018-03-15,22.6,15.9,19.0,3.4,21.6,47.5,16.26,Fianarantsoa,-21.454,47.086,1127.0
2018-03-16,21.7,17.4,18.8,9.5,26.8,56.9,15.39,Fianarantsoa,-21.454,47.086,1127.0
2018-03-17,20.8,16.6,18.0,26.5,26.6,55.4,10.11,Fianarantsoa,-21.454,47.086,1127.0
2018-03-18,18.6,16.2,17.5,26.1,30.1,60.1,5.41,Fianarantsoa,-21.454,47.086,1127.0
2018-03-19,23.8,17.0,20.2,3.3,23.2,50.0,19.29,Fianarantsoa,-21.454,47.086,1127.0
2018-03-20,25.0,17.5,20.6,2.5,15.8,34.2,18.45,Fianarantsoa,-21.454,47.086,1127.0
2018-03-21,25.0,17.2,20.0,1.6,7.2,24.5,15.68,Fianarantsoa,-21.454,47.086,1127.0
2018-03-22,25.2,18.5,20.9,1.4,12.6,28.1,19.27,Fianarantsoa,-21.454,47.086,1127.0
2018-03-23,24.1,17.9,20.1,1.5,15.9,36.0,18.18,Fianarantsoa,-21.454,47.086,1127.0
2018-03-24,23.6,17.0,19.5,0.5,15.5,37.4,25.0,Fianarantsoa,-21.454,47.086,1127.0
2018-03-25,25.5,15.1,20.2,0.2,10.1,27.0,25.4,Fianarantsoa,-21.454,47.086,1127.0
2018-03-26,25.9,17.1,20.3,0.6,13.7,31.0,23.37,Fianarantsoa,-21.454,47.086,1127.0
2018-03-27,24.7,14.8,19.1,0.1,14.2,30.2,21.84,Fianarantsoa,-21.454,47.086,1127.0
2018-03-28,23.1,14.3,18.1,0.2,15.3,35.6,18.54,Fianarantsoa,-21.454,47.086,1127.0
2018-03-29,23.0,15.2,18.3,0.3,15.1,35.6,20.86,Fianarantsoa,-21.454,47.086,1127.0
2018-03-30,22.8,14.7,18.1,0.4,15.0,34.6,24.4,Fianarantsoa,-21.454,47.086,1127.0
2018-03-31,22.7,14.7,18.1,0.5,17.1,38.2,18.22,Fianarantsoa,-21.454,47.086,1127.0
2018-04-01,23.1,15.1,18.3,1.6,16.1,37.1,15.7,Fianarantsoa,-21.454,47.086,1127.0
2018-04-02,23.0,16.2,18.9,1.0,16.9,37.4,15.08,Fianarantsoa,-21.454,47.086,1127.0
2018-04-03,23.5,16.7,18.8,1.9,15.6,35.3,15.6,Fianarantsoa,-21.454,47.086,1127.0
2018-04-04,22.7,16.4,18.7,3.9,16.3,36.0,16.47,Fianarantsoa,-21.454,47.086,1127.0
2018-04-05,22.8,16.8,18.7,2.4,18.7,41.0,16.09,Fianarantsoa,-21.454,47.086,1127.0
2018-04-06,21.7,17.2,18.4,5.4,22.1,45.4,12.46,Fianarantsoa,-21.454,47.086,1127.0
2018-04-07,21.2,17.2,18.4,8.1,20.5,45.7,12.34,Fianarantsoa,-21.454,47.086,1127.0
2018-04-08,21.9,16.0,18.5,5.0,21.0,44.6,15.35,Fianarantsoa,-21.454,47.086,1127.0
2018-04-09,20.8,14.9,17.1,2.7,20.6,43.9,13.9,Fianarantsoa,-21.454,47.086,1127.0
2018-04-10,23.4,12.3,17.0,0.2,15.3,33.8,22.37,Fianarantsoa,-21.454,47.086,1127.0
2018-04-11,24.5,14.5,18.7,0.6,16.9,37.4,18.45,Fianarantsoa,-21.454,47.086,1127.0
2018-04-12,22.1,14.0,17.6,1.7,21.0,41.8,14.41,Fianarantsoa,-21.454,47.086,1127.0
2018-04-13,17.4,14.3,15.6,1.3,23.8,50.0,8.8,Fianarantsoa,-21.454,47.086,1127.0
2018-04-14,17.8,13.9,15.6,0.8,17.2,37.8,7.49,Fianarantsoa,-21.454,47.086,1127.0
2018-04-15,21.4,15.2,17.8,1.7,13.4,30.2,12.59,Fianarantsoa,-21.454,47.086,1127.0
2018-04-16,24.2,15.9,18.4,0.6,9.8,24.1,17.43,Fianarantsoa,-21.454,47.086,1127.0
2018-04-17,20.4,16.2,17.5,2.1,16.6,36.4,11.54,Fianarantsoa,-21.454,47.086,1127.0
2018-04-18,21.1,14.8,17.2,0.4,15.7,35.6,14.97,Fianarantsoa,-21.454,47.086,1127.0
2018-04-19,21.6,14.3,17.4,2.1,14.0,33.1,14.44,Fianarantsoa,-21.454,47.086,1127.0
2018-04-20,23.6,15.2,18.5,0.1,13.0,28.4,20.03,Fianarantsoa,-21.454,47.086,1127.0
2018-04-21,24.4,15.1,18.3,0.6,14.3,33.5,18.3,Fianarantsoa,-21.454,47.086,1127.0
2018-04-22,24.3,13.9,18.3,0.7,12.6,28.4,18.65,Fianarantsoa,-21.454,47.086,1127.0
2018-04-23,23.9,14.4,18.1,2.3,12.5,33.8,18.44,Fianarantsoa,-21.454,47.086,1127.0
2018-04-24,21.3,14.7,17.2,2.0,17.4,39.2,15.12,Fianarantsoa,-21.454,47.086,1127.0
2018-04-25,20.2,14.0,16.6,0.3,15.8,36.0,13.43,Fianarantsoa,-21.454,47.086,1127.0
2018-04-26,20.7,13.6,16.5,0.3,16.3,37.4,14.19,Fianarantsoa,-21.454,47.086,1127.0
2018-04-27,20.3,11.6,14.7,0.0,14.8,33.5,21.61,Fianarantsoa,-21.454,47.086,1127.0
2018-04-28,22.0,10.9,15.8,0.0,13.6,32.8,21.88,Fianarantsoa,-21.454,47.086,1127.0
2018-04-29,22.5,12.9,16.4,0.0,13.2,32.8,21.21,Fianarantsoa,-21.454,47.086,1127.0
2018-04-30,19.8,13.0,15.6,0.0,17.3,40.3,20.52,Fianarantsoa,-21.454,47.086,1127.0
2018-05-01,20.0,13.3,16.2,1.6,21.7,48.2,11.34,Fianarantsoa,-21.454,47.086,1127.0
2018-05-02,19.4,14.0,16.2,2.6,19.8,43.2,12.01,Fianarantsoa,-21.454,47.086,1127.0
2018-05-03,23.1,14.3,17.2,0.0,14.5,36.0,17.23,Fianarantsoa,-21.454,47.086,1127.0
2018-05-04,24.1,14.2,18.4,0.0,15.2,32.8,18.54,Fianarantsoa,-21.454,47.086,1127.0
2018-05-05,23.9,14.4,18.6,0.0,12.3,24.5,14.98,Fianarantsoa,-21.454,47.086,1127.0
2018-05-06,23.2,16.1,18.4,0.3,10.9,24.1,10.5,Fianarantsoa,-21.454,47.086,1127.0
2018-05-07,24.5,15.1,18.2,0.6,14.4,30.2,15.71,Fianarantsoa,-21.454,47.086,1127.0
2018-05-08,21.3,15.4,17.7,1.4,15.6,35.6,12.46,Fianarantsoa,-21.454,47.086,1127.0
2018-05-09,21.7,15.5,17.8,1.2,10.7,26.3,10.59,Fianarantsoa,-21.454,47.086,1127.0
2018-05-10,24.1,14.8,18.1,0.2,10.9,31.0,16.71,Fianarantsoa,-21.454,47.086,1127.0
2018-05-11,21.3,13.1,17.2,0.6,13.5,29.5,13.6,Fianarantsoa,-21.454,47.086,1127.0
2018-05-12,22.6,15.5,17.8,1.3,15.2,34.9,14.93,Fianarantsoa,-21.454,47.086,1127.0
2018-05-13,24.5,14.3,18.3,0.3,10.0,26.3,16.64,Fianarantsoa,-21.454,47.086,1127.0
2018-05-14,23.3,12.8,17.5,0.4,18.9,47.9,15.12,Fianarantsoa,-21.454,47.086,1127.0
2018-05-15,22.5,9.6,15.9,0.0,16.0,31.7,19.33,Fianarantsoa,-21.454,47.086,1127.0
2018-05-16,21.3,13.1,16.0,0.3,17.3,38.9,17.03,Fianarantsoa,-21.454,47.086,1127.0
2018-05-17,20.3,13.3,15.9,0.4,15.5,36.0,14.62,Fianarantsoa,-21.454,47.086,1127.0
2018-05-18,22.1,13.5,16.6,0.0,13.2,32.4,15.91,Fianarantsoa,-21.454,47.086,1127.0
2018-05-19,19.2,13.4,15.4,1.3,19.9,42.5,13.45,Fianarantsoa,-21.454,47.086,1127.0
2018-05-20,18.0,12.6,14.2,0.7,23.4,49.3,13.74,Fianarantsoa,-21.454,47.086,1127.0
2018-05-21,18.4,12.6,14.4,3.6,24.2,47.2,14.05,Fianarantsoa,-21.454,47.086,1127.0
2018-05-22,19.6,9.7,14.3,0.1,18.3,42.5,15.41,Fianarantsoa,-21.454,47.086,1127.0
2018-05-23,18.9,13.3,15.7,1.4,19.4,42.8,11.05,Fianarantsoa,-21.454,47.086,1127.0
2018-05-24,20.5,9.6,15.0,0.2,17.7,40.3,15.11,Fianarantsoa,-21.454,47.086,1127.0
2018-05-25,20.5,13.3,16.1,0.1,15.6,35.6,13.34,Fianarantsoa,-21.454,47.086,1127.0
2018-05-26,22.0,12.4,16.0,0.0,15.5,34.9,18.18,Fianarantsoa,-21.454,47.086,1127.0
2018-05-27,23.0,11.1,15.9,0.0,12.1,26.6,17.42,Fianarantsoa,-21.454,47.086,1127.0
2018-05-28,21.5,8.4,15.1,0.0,14.1,29.2,17.94,Fianarantsoa,-21.454,47.086,1127.0
2018-05-29,21.7,13.3,16.1,0.9,13.8,32.8,15.77,Fianarantsoa,-21.454,47.086,1127.0
2018-05-30,22.8,13.9,16.7,0.3,13.3,27.0,17.68,Fianarantsoa,-21.454,47.086,1127.0
2018-05-31,22.3,13.5,16.6,0.0,16.2,33.5,17.07,Fianarantsoa,-21.454,47.086,1127.0
2018-06-01,22.1,13.4,16.5,1.1,13.8,33.5,14.51,Fianarantsoa,-21.454,47.086,1127.0
2018-06-02,19.2,14.1,15.9,1.0,13.1,29.9,11.84,Fianarantsoa,-21.454,47.086,1127.0
2018-06-03,17.4,12.6,14.4,0.5,16.4,38.2,13.44,Fianarantsoa,-21.454,47.086,1127.0
2018-06-04,18.8,12.3,14.6,0.2,13.0,29.9,12.11,Fianarantsoa,-21.454,47.086,1127.0
2018-06-05,21.3,10.5,15.4,0.0,20.3,44.6,15.42,Fianarantsoa,-21.454,47.086,1127.0
2018-06-06,19.6,10.7,13.8,0.0,22.4,50.0,16.9,Fianarantsoa,-21.454,47.086,1127.0
2018-06-07,19.4,8.8,13.7,0.0,18.9,42.1,17.53,Fianarantsoa,-21.454,47.086,1127.0
2018-06-08,20.8,9.5,14.2,0.0,13.3,32.4,17.26,Fianarantsoa,-21.454,47.086,1127.0
2018-06-09,20.1,12.1,14.9,0.1,13.8,29.9,15.63,Fianarantsoa,-21.454,47.086,1127.0
2018-06-10,21.6,11.1,15.6,0.0,12.3,29.9,15.56,Fianarantsoa,-21.454,47.086,1127.0
2018-06-11,21.0,12.1,15.6,0.2,13.7,29.9,14.25,Fianarantsoa,-21.454,47.086,1127.0
2018-06-12,18.1,12.7,14.7,1.2,16.9,37.8,12.09,Fianarantsoa,-21.454,47.086,1127.0
2018-06-13,17.4,12.7,14.1,2.8,20.9,44.6,10.95,Fianarantsoa,-21.454,47.086,1127.0
2018-06-14,17.9,12.7,14.4,1.3,22.0,46.4,12.43,Fianarantsoa,-21.454,47.086,1127.0
2018-06-15,18.6,11.7,14.7,1.3,15.5,35.3,11.13,Fianarantsoa,-21.454,47.086,1127.0
2018-06-16,21.6,11.0,15.5,0.0,14.1,33.1,14.77,Fianarantsoa,-21.454,47.086,1127.0
2018-06-17,22.4,11.9,16.1,0.3,13.8,30.2,13.85,Fianarantsoa,-21.454,47.086,1127.0
2018-06-18,20.4,11.6,15.2,0.0,12.8,30.2,13.37,Fianarantsoa,-21.454,47.086,1127.0
2018-06-19,22.2,10.2,15.3,0.0,12.8,25.9,16.91,Fianarantsoa,-21.454,47.086,1127.0
2018-06-20,22.6,11.0,15.5,0.0,13.6,30.6,16.77,Fianarantsoa,-21.454,47.086,1127.0
2018-06-21,20.1,12.0,14.9,0.0,12.1,27.0,16.95,Fianarantsoa,-21.454,47.086,1127.0
2018-06-22,16.7,12.2,13.9,2.2,14.8,32.8,5.46,Fianarantsoa,-21.454,47.086,1127.0
2018-06-23,18.1,10.1,13.8,0.1,15.5,36.4,11.7,Fianarantsoa,-21.454,47.086,1127.0
2018-06-24,19.5,12.5,14.9,0.2,13.9,31.7,11.49,Fianarantsoa,-21.454,47.086,1127.0
2018-06-25,15.7,11.7,13.9,0.8,17.4,37.4,5.95,Fianarantsoa,-21.454,47.086,1127.0
2018-06-26,17.9,10.8,13.8,1.4,20.5,45.0,10.83,Fianarantsoa,-21.454,47.086,1127.0
2018-06-27,15.8,9.2,12.4,1.1,18.1,40.3,8.58,Fianarantsoa,-21.454,47.086,1127.0
2018-06-28,18.5,11.1,13.5,0.0,12.1,30.2,16.33,Fianarantsoa,-21.454,47.086,1127.0
2018-06-29,21.1,9.6,14.3,0.3,11.3,25.9,14.03,Fianarantsoa,-21.454,47.086,1127.0
2018-06-30,19.6,10.9,14.7,0.4,13.4,28.4,14.4,Fianarantsoa,-21.454,47.086,1127.0
2018-07-01,20.1,12.0,14.9,0.3,14.1,32.0,14.56,Fianarantsoa,-21.454,47.086,1127.0
2018-07-02,20.1,12.0,14.8,0.1,15.1,33.8,15.79,Fianarantsoa,-21.454,47.086,1127.0
2018-07-03,19.2,11.7,14.8,0.0,16.1,37.8,15.48,Fianarantsoa,-21.454,47.086,1127.0
2018-07-04,17.7,12.0,14.1,1.1,22.9,49.7,13.94,Fianarantsoa,-21.454,47.086,1127.0
2018-07-05,16.8,11.8,14.3,3.2,18.8,40.3,7.06,Fianarantsoa,-21.454,47.086,1127.0
2018-07-06,15.8,12.2,13.9,1.8,21.0,46.1,5.61,Fianarantsoa,-21.454,47.086,1127.0
2018-07-07,17.3,11.4,13.7,2.3,22.3,49.3,13.54,Fianarantsoa,-21.454,47.086,1127.0
2018-07-08,17.0,10.0,13.3,3.0,20.0,46.1,13.05,Fianarantsoa,-21.454,47.086,1127.0
2018-07-09,16.0,11.1,12.9,3.6,22.3,49.0,12.33,Fianarantsoa,-21.454,47.086,1127.0
2018-07-10,16.5,11.1,13.0,2.3,21.6,46.4,13.42,Fianarantsoa,-21.454,47.086,1127.0
2018-07-11,18.2,10.5,13.2,0.4,12.6,31.7,14.1,Fianarantsoa,-21.454,47.086,1127.0
2018-07-12,16.3,10.6,12.7,0.8,20.1,43.2,14.08,Fianarantsoa,-21.454,47.086,1127.0
2018-07-13,15.6,10.8,12.5,3.0,21.0,46.4,13.06,Fianarantsoa,-21.454,47.086,1127.0
2018-07-14,16.3,10.2,12.7,0.7,16.6,36.4,12.18,Fianarantsoa,-21.454,47.086,1127.0
2018-07-15,19.4,7.8,12.1,0.0,11.6,26.3,15.72,Fianarantsoa,-21.454,47.086,1127.0
2018-07-16,17.5,6.8,11.7,2.5,21.5,44.6,13.9,Fianarantsoa,-21.454,47.086,1127.0
2018-07-17,13.9,7.9,10.1,0.0,25.5,52.6,13.23,Fianarantsoa,-21.454,47.086,1127.0
2018-07-18,13.7,7.9,10.0,0.6,22.6,49.7,12.84,Fianarantsoa,-21.454,47.086,1127.0
2018-07-19,14.1,8.2,10.9,4.0,21.6,46.4,12.34,Fianarantsoa,-21.454,47.086,1127.0
2018-07-20,14.6,9.8,11.5,4.2,22.6,49.3,11.27,Fianarantsoa,-21.454,47.086,1127.0
2018-07-21,15.1,10.1,12.0,0.3,17.3,38.5,7.02,Fianarantsoa,-21.454,47.086,1127.0
2018-07-22,15.8,10.7,12.4,2.9,20.4,42.5,12.55,Fianarantsoa,-21.454,47.086,1127.0
2018-07-23,14.0,9.2,11.2,3.4,28.5,61.6,13.26,Fianarantsoa,-21.454,47.086,1127.0
2018-07-24,14.7,9.6,11.4,5.4,28.0,59.4,11.24,Fianarantsoa,-21.454,47.086,1127.0
2018-07-25,16.4,10.4,12.7,1.5,20.9,46.8,13.2,Fianarantsoa,-21.454,47.086,1127.0
2018-07-26,19.7,10.3,13.6,0.0,11.5,26.3,18.56,Fianarantsoa,-21.454,47.086,1127.0
2018-07-27,19.0,11.0,14.3,0.1,15.6,36.7,17.81,Fianarantsoa,-21.454,47.086,1127.0
2018-07-28,20.4,12.8,15.2,0.3,12.7,28.4,18.04,Fianarantsoa,-21.454,47.086,1127.0
2018-07-29,18.1,12.0,13.9,0.0,12.6,31.0,16.47,Fianarantsoa,-21.454,47.086,1127.0
2018-07-30,22.3,11.8,15.5,0.1,12.6,27.0,17.86,Fianarantsoa,-21.454,47.086,1127.0
2018-07-31,22.0,10.5,15.6,0.2,14.1,33.1,18.42,Fianarantsoa,-21.454,47.086,1127.0
2018-08-01,21.0,12.3,15.0,0.0,18.8,41.0,16.28,Fianarantsoa,-21.454,47.086,1127.0
2018-08-02,22.3,11.2,15.9,0.0,20.2,44.6,18.8,Fianarantsoa,-21.454,47.086,1127.0
2018-08-03,23.1,8.0,15.2,0.0,12.9,29.9,19.9,Fianarantsoa,-21.454,47.086,1127.0
2018-08-04,21.1,7.8,13.8,1.0,19.5,43.2,19.48,Fianarantsoa,-21.454,47.086,1127.0
2018-08-05,20.9,12.4,15.3,0.2,11.6,28.4,19.15,Fianarantsoa,-21.454,47.086,1127.0
2018-08-06,24.1,10.1,15.8,0.0,12.2,24.1,19.9,Fianarantsoa,-21.454,47.086,1127.0
2018-08-07,24.7,9.8,16.5,0.0,13.4,28.4,20.24,Fianarantsoa,-21.454,47.086,1127.0
2018-08-08,23.9,10.5,15.5,0.0,10.1,22.7,19.95,Fianarantsoa,-21.454,47.086,1127.0
2018-08-09,22.9,8.7,15.2,0.0,15.5,36.4,20.2,Fianarantsoa,-21.454,47.086,1127.0
2018-08-10,20.3,11.6,14.9,0.0,18.7,41.4,20.26,Fianarantsoa,-21.454,47.086,1127.0
2018-08-11,21.4,9.5,15.3,0.0,19.1,44.3,20.51,Fianarantsoa,-21.454,47.086,1127.0
2018-08-12,20.4,9.0,15.2,0.0,18.2,42.8,19.52,Fianarantsoa,-21.454,47.086,1127.0
2018-08-13,21.0,9.3,15.0,0.0,19.1,43.6,21.07,Fianarantsoa,-21.454,47.086,1127.0
2018-08-14,19.9,8.6,13.6,0.0,18.6,43.2,21.26,Fianarantsoa,-21.454,47.086,1127.0
2018-08-15,18.1,10.3,13.6,0.0,19.1,44.3,18.54,Fianarantsoa,-21.454,47.086,1127.0
2018-08-16,19.5,11.7,14.8,0.1,18.5,42.1,17.33,Fianarantsoa,-21.454,47.086,1127.0
2018-08-17,20.5,11.0,14.8,0.2,16.3,38.2,21.45,Fianarantsoa,-21.454,47.086,1127.0
2018-08-18,21.1,9.0,15.0,0.1,17.2,39.2,21.62,Fianarantsoa,-21.454,47.086,1127.0
2018-08-19,19.6,9.7,14.3,0.5,19.7,43.9,14.12,Fianarantsoa,-21.454,47.086,1127.0
2018-08-20,19.6,8.8,13.8,0.0,15.2,36.0,20.2,Fianarantsoa,-21.454,47.086,1127.0
2018-08-21,20.9,7.4,14.4,0.0,16.1,38.5,21.55,Fianarantsoa,-21.454,47.086,1127.0
2018-08-22,21.6,8.7,15.3,0.1,17.0,37.1,20.95,Fianarantsoa,-21.454,47.086,1127.0
2018-08-23,20.7,10.1,15.2,0.0,14.2,31.3,21.83,Fianarantsoa,-21.454,47.086,1127.0
2018-08-24,20.4,10.7,14.7,0.0,14.6,36.4,21.95,Fianarantsoa,-21.454,47.086,1127.0
2018-08-25,20.2,10.1,14.4,0.0,18.4,42.5,19.11,Fianarantsoa,-21.454,47.086,1127.0
2018-08-26,21.3,8.8,14.7,0.2,16.2,37.8,21.57,Fianarantsoa,-21.454,47.086,1127.0
2018-08-27,21.3,8.5,14.8,0.1,16.7,36.0,20.82,Fianarantsoa,-21.454,47.086,1127.0
2018-08-28,22.4,8.6,15.6,0.0,17.1,38.2,18.88,Fianarantsoa,-21.454,47.086,1127.0
2018-08-29,20.3,12.7,15.4,1.3,18.2,42.5,18.49,Fianarantsoa,-21.454,47.086,1127.0
2018-08-30,18.8,11.9,14.7,1.6,19.9,43.2,14.08,Fianarantsoa,-21.454,47.086,1127.0
2018-08-31,18.8,11.2,14.3,1.7,18.6,42.1,17.27,Fianarantsoa,-21.454,47.086,1127.0
2018-09-01,18.7,8.8,13.3,0.1,21.6,49.0,20.85,Fianarantsoa,-21.454,47.086,1127.0
2018-09-02,17.6,7.0,12.9,0.8,21.4,47.2,15.61,Fianarantsoa,-21.454,47.086,1127.0
2018-09-03,19.4,11.3,14.5,0.3,18.6,42.5,16.57,Fianarantsoa,-21.454,47.086,1127.0
2018-09-04,20.5,7.7,14.3,0.1,18.2,42.8,23.49,Fianarantsoa,-21.454,47.086,1127.0
2018-09-05,22.8,9.3,15.8,0.7,19.6,43.9,22.47,Fianarantsoa,-21.454,47.086,1127.0
2018-09-06,21.5,8.7,15.0,0.3,21.6,48.6,22.31,Fianarantsoa,-21.454,47.086,1127.0
2018-09-07,21.3,8.6,15.2,0.4,20.1,43.9,23.25,Fianarantsoa,-21.454,47.086,1127.0
2018-09-08,20.7,12.3,15.7,1.4,19.7,44.3,14.45,Fianarantsoa,-21.454,47.086,1127.0
2018-09-09,19.9,13.2,15.6,1.9,20.6,47.5,16.55,Fianarantsoa,-21.454,47.086,1127.0
2018-09-10,23.1,10.5,16.1,12.1,14.0,42.1,18.76,Fianarantsoa,-21.454,47.086,1127.0
2018-09-11,21.7,11.9,16.1,1.1,21.5,50.4,19.13,Fianarantsoa,-21.454,47.086,1127.0
2018-09-12,24.2,8.8,15.9,0.3,20.2,42.1,22.97,Fianarantsoa,-21.454,47.086,1127.0
2018-09-13,22.9,13.4,17.1,1.3,16.9,38.9,19.58,Fianarantsoa,-21.454,47.086,1127.0
2018-09-14,22.8,14.3,17.6,1.3,14.8,33.5,18.02,Fianarantsoa,-21.454,47.086,1127.0
2018-09-15,25.9,13.6,18.0,0.0,18.0,39.6,22.34,Fianarantsoa,-21.454,47.086,1127.0
2018-09-16,26.5,12.1,17.7,0.0,18.9,43.2,23.8,Fianarantsoa,-21.454,47.086,1127.0
2018-09-17,24.0,10.3,16.3,0.0,15.6,35.6,25.43,Fianarantsoa,-21.454,47.086,1127.0
2018-09-18,25.2,8.0,16.3,0.0,17.7,41.0,26.27,Fianarantsoa,-21.454,47.086,1127.0
2018-09-19,23.9,8.2,15.9,0.0,17.7,41.8,26.27,Fianarantsoa,-21.454,47.086,1127.0
2018-09-20,25.1,9.5,16.3,0.0,15.2,36.7,26.24,Fianarantsoa,-21.454,47.086,1127.0
2018-09-21,23.9,7.6,15.4,0.0,17.1,40.0,26.53,Fianarantsoa,-21.454,47.086,1127.0
2018-09-22,23.8,8.0,16.0,0.0,14.8,36.4,26.32,Fianarantsoa,-21.454,47.086,1127.0
2018-09-23,23.6,9.2,16.4,0.0,15.9,37.8,26.23,Fianarantsoa,-21.454,47.086,1127.0
2018-09-24,25.2,12.1,17.7,0.0,17.7,39.2,25.54,Fianarantsoa,-21.454,47.086,1127.0
2018-09-25,23.6,11.5,16.7,0.0,17.7,41.4,26.2,Fianarantsoa,-21.454,47.086,1127.0
2018-09-26,24.4,10.0,17.3,0.0,15.3,35.3,26.33,Fianarantsoa,-21.454,47.086,1127.0
2018-09-27,23.8,14.5,18.1,0.0,15.5,37.8,23.99,Fianarantsoa,-21.454,47.086,1127.0
2018-09-28,21.8,13.4,16.8,0.2,20.1,45.4,20.01,Fianarantsoa,-21.454,47.086,1127.0
2018-09-29,23.0,10.8,16.6,0.0,16.9,38.9,26.71,Fianarantsoa,-21.454,47.086,1127.0
2018-09-30,20.8,11.1,15.3,0.2,23.8,54.0,22.83,Fianarantsoa,-21.454,47.086,1127.0
2018-10-01,18.1,11.8,14.2,3.2,24.3,51.1,12.48,Fianarantsoa,-21.454,47.086,1127.0
2018-10-02,21.8,11.7,15.2,0.0,14.4,34.2,24.71,Fianarantsoa,-21.454,47.086,1127.0
2018-10-03,26.5,10.4,16.9,0.0,17.7,40.3,25.6,Fianarantsoa,-21.454,47.086,1127.0
2018-10-04,23.9,11.6,17.3,0.1,17.5,40.0,25.36,Fianarantsoa,-21.454,47.086,1127.0
2018-10-05,24.6,13.9,18.0,0.0,16.6,35.3,22.17,Fianarantsoa,-21.454,47.086,1127.0
2018-10-06,27.3,13.5,19.0,0.1,20.2,46.1,23.12,Fianarantsoa,-21.454,47.086,1127.0
2018-10-07,26.2,12.2,18.5,0.9,17.5,42.8,23.96,Fianarantsoa,-21.454,47.086,1127.0
2018-10-08,20.3,13.7,16.9,2.7,19.2,43.6,19.42,Fianarantsoa,-21.454,47.086,1127.0
2018-10-09,18.3,12.1,15.0,5.5,21.3,50.0,12.73,Fianarantsoa,-21.454,47.086,1127.0
2018-10-10,20.5,13.5,16.1,2.9,24.0,54.0,20.86,Fianarantsoa,-21.454,47.086,1127.0
2018-10-11,20.2,14.3,16.3,4.1,23.3,49.7,21.19,Fianarantsoa,-21.454,47.086,1127.0
2018-10-12,21.8,14.4,16.9,4.8,17.6,39.6,16.11,Fianarantsoa,-21.454,47.086,1127.0
2018-10-13,24.8,14.5,17.7,0.4,12.4,33.1,21.98,Fianarantsoa,-21.454,47.086,1127.0
2018-10-14,25.2,15.1,18.6,2.6,18.7,39.2,22.3,Fianarantsoa,-21.454,47.086,1127.0
2018-10-15,26.4,15.9,19.3,0.4,16.2,38.2,23.11,Fianarantsoa,-21.454,47.086,1127.0
2018-10-16,27.7,15.1,19.8,0.0,21.3,47.2,22.01,Fianarantsoa,-21.454,47.086,1127.0
2018-10-17,27.1,13.0,19.9,0.0,16.6,37.8,27.13,Fianarantsoa,-21.454,47.086,1127.0
2018-10-18,27.7,14.2,20.8,0.0,22.9,47.2,27.41,Fianarantsoa,-21.454,47.086,1127.0
2018-10-19,24.0,12.9,18.9,1.6,21.7,54.0,23.24,Fianarantsoa,-21.454,47.086,1127.0
2018-10-20,26.7,14.8,19.3,0.6,18.9,40.0,22.69,Fianarantsoa,-21.454,47.086,1127.0
2018-10-21,25.2,11.5,18.6,0.0,28.5,62.6,28.41,Fianarantsoa,-21.454,47.086,1127.0
2018-10-22,20.0,8.7,13.9,0.0,29.9,64.8,27.34,Fianarantsoa,-21.454,47.086,1127.0
2018-10-23,19.5,8.0,13.8,0.0,17.7,42.1,28.72,Fianarantsoa,-21.454,47.086,1127.0
2018-10-24,19.0,10.5,14.1,1.0,21.5,49.7,21.33,Fianarantsoa,-21.454,47.086,1127.0
2018-10-25,22.3,11.3,16.1,0.1,17.3,38.2,28.19,Fianarantsoa,-21.454,47.086,1127.0
2018-10-26,24.0,12.6,17.2,0.3,21.0,46.8,27.13,Fianarantsoa,-21.454,47.086,1127.0
2018-10-27,24.5,12.5,17.4,0.6,18.0,43.9,25.89,Fianarantsoa,-21.454,47.086,1127.0
2018-10-28,21.4,11.7,15.9,15.2,13.9,44.6,20.7,Fianarantsoa,-21.454,47.086,1127.0
2018-10-29,21.1,11.4,14.4,5.3,12.6,31.3,22.77,Fianarantsoa,-21.454,47.086,1127.0
2018-10-30,23.0,10.9,16.2,1.5,16.1,37.4,23.27,Fianarantsoa,-21.454,47.086,1127.0
2018-10-31,24.9,13.0,18.0,0.0,14.4,38.5,25.14,Fianarantsoa,-21.454,47.086,1127.0
2018-11-01,24.7,12.2,18.8,0.5,15.9,35.3,24.0,Fianarantsoa,-21.454,47.086,1127.0
2018-11-02,24.7,16.5,19.8,1.0,12.3,31.7,21.77,Fianarantsoa,-21.454,47.086,1127.0
2018-11-03,26.8,14.8,19.7,0.9,22.1,47.2,23.14,Fianarantsoa,-21.454,47.086,1127.0
2018-11-04,21.4,13.9,16.4,4.2,16.4,39.6,19.39,Fianarantsoa,-21.454,47.086,1127.0
2018-11-05,23.6,13.4,17.4,0.6,18.6,42.8,23.59,Fianarantsoa,-21.454,47.086,1127.0
2018-11-06,26.4,14.7,19.6,0.2,16.0,39.6,23.66,Fianarantsoa,-21.454,47.086,1127.0
2018-11-07,25.9,15.2,20.3,0.1,15.5,34.9,24.18,Fianarantsoa,-21.454,47.086,1127.0
2018-11-08,25.2,16.7,20.0,2.5,13.4,33.5,20.69,Fianarantsoa,-21.454,47.086,1127.0
2018-11-09,25.0,15.6,19.0,6.2,17.2,41.8,23.23,Fianarantsoa,-21.454,47.086,1127.0
2018-11-10,19.9,13.9,16.4,1.1,18.4,41.4,15.53,Fianarantsoa,-21.454,47.086,1127.0
2018-11-11,23.6,14.6,18.6,7.2,15.8,37.8,21.54,Fianarantsoa,-21.454,47.086,1127.0
2018-11-12,23.4,15.3,18.6,20.8,14.5,33.8,21.83,Fianarantsoa,-21.454,47.086,1127.0
2018-11-13,20.7,15.7,17.4,9.2,20.4,45.0,19.27,Fianarantsoa,-21.454,47.086,1127.0
2018-11-14,20.8,15.5,17.2,7.6,19.4,44.3,19.82,Fianarantsoa,-21.454,47.086,1127.0
2018-11-15,20.6,14.6,16.8,4.4,18.8,42.1,14.99,Fianarantsoa,-21.454,47.086,1127.0
2018-11-16,22.6,14.2,18.1,0.7,17.7,37.4,21.76,Fianarantsoa,-21.454,47.086,1127.0
2018-11-17,24.4,15.5,18.8,2.3,17.3,36.7,24.74,Fianarantsoa,-21.454,47.086,1127.0
2018-11-18,25.5,16.0,19.2,1.6,16.4,39.2,24.86,Fianarantsoa,-21.454,47.086,1127.0
2018-11-19,25.4,15.1,19.4,0.7,16.9,37.1,25.92,Fianarantsoa,-21.454,47.086,1127.0
2018-11-20,24.9,14.8,18.6,2.8,13.2,34.2,26.45,Fianarantsoa,-21.454,47.086,1127.0
2018-11-21,23.9,14.0,18.8,7.8,13.2,33.1,25.5,Fianarantsoa,-21.454,47.086,1127.0
2018-11-22,25.2,16.0,19.4,0.7,13.5,30.6,22.67,Fianarantsoa,-21.454,47.086,1127.0
2018-11-23,25.5,16.6,19.5,18.6,10.7,34.2,21.11,Fianarantsoa,-21.454,47.086,1127.0
2018-11-24,24.9,16.4,19.7,5.2,15.1,35.3,25.44,Fianarantsoa,-21.454,47.086,1127.0
2018-11-25,25.3,16.7,19.7,3.0,16.2,35.3,25.08,Fianarantsoa,-21.454,47.086,1127.0
2018-11-26,24.8,16.1,19.2,3.3,13.0,31.0,17.89,Fianarantsoa,-21.454,47.086,1127.0
2018-11-27,25.1,14.7,19.8,1.1,13.3,31.0,28.2,Fianarantsoa,-21.454,47.086,1127.0
2018-11-28,26.9,16.3,20.2,3.8,10.1,23.0,26.02,Fianarantsoa,-21.454,47.086,1127.0
2018-11-29,26.5,16.9,19.9,15.0,7.7,23.8,22.51,Fianarantsoa,-21.454,47.086,1127.0
2018-11-30,24.3,14.6,18.4,4.9,16.6,36.4,21.45,Fianarantsoa,-21.454,47.086,1127.0
2018-12-01,22.6,13.1,16.4,0.3,18.9,42.1,23.48,Fianarantsoa,-21.454,47.086,1127.0
2018-12-02,26.3,12.1,18.3,0.9,13.8,41.8,27.03,Fianarantsoa,-21.454,47.086,1127.0
2018-12-03,23.4,15.7,18.8,15.8,13.8,32.8,19.97,Fianarantsoa,-21.454,47.086,1127.0
2018-12-04,26.9,15.8,19.3,3.9,15.0,32.8,24.92,Fianarantsoa,-21.454,47.086,1127.0
2018-12-05,25.0,15.5,19.6,6.4,14.1,34.9,24.21,Fianarantsoa,-21.454,47.086,1127.0
2018-12-06,25.3,16.4,20.1,1.1,15.6,33.5,27.32,Fianarantsoa,-21.454,47.086,1127.0
2018-12-07,26.4,14.2,19.9,1.5,14.4,32.4,27.9,Fianarantsoa,-21.454,47.086,1127.0
2018-12-08,25.9,15.1,20.0,0.0,15.5,33.1,30.75,Fianarantsoa,-21.454,47.086,1127.0
2018-12-09,26.8,14.6,20.2,0.0,14.4,31.7,30.99,Fianarantsoa,-21.454,47.086,1127.0
2018-12-10,26.9,15.0,20.9,0.8,11.5,28.8,29.12,Fianarantsoa,-21.454,47.086,1127.0
2018-12-11,25.1,18.1,20.4,24.0,9.1,25.6,15.75,Fianarantsoa,-21.454,47.086,1127.0
2018-12-12,26.9,17.5,20.6,17.9,13.6,33.5,20.19,Fianarantsoa,-21.454,47.086,1127.0
2018-12-13,25.8,17.9,20.9,8.1,14.8,34.6,24.68,Fianarantsoa,-21.454,47.086,1127.0
2018-12-14,26.3,17.1,20.8,0.2,16.2,41.0,28.81,Fianarantsoa,-21.454,47.086,1127.0
2018-12-15,23.6,16.5,19.5,0.9,18.8,43.2,22.28,Fianarantsoa,-21.454,47.086,1127.0
2018-12-16,23.4,16.5,19.2,3.3,16.3,37.4,21.06,Fianarantsoa,-21.454,47.086,1127.0
2018-12-17,23.9,16.4,19.3,1.6,19.8,46.8,24.78,Fianarantsoa,-21.454,47.086,1127.0
2018-12-18,24.3,15.5,19.0,0.3,19.7,43.9,26.53,Fianarantsoa,-21.454,47.086,1127.0
2018-12-19,23.8,15.0,18.9,0.0,16.9,38.9,22.88,Fianarantsoa,-21.454,47.086,1127.0
2018-12-20,25.3,14.5,19.8,0.6,12.2,26.6,28.27,Fianarantsoa,-21.454,47.086,1127.0
2018-12-21,26.0,16.9,20.2,9.4,13.6,34.9,26.08,Fianarantsoa,-21.454,47.086,1127.0
2018-12-22,25.3,17.5,19.9,43.1,13.7,28.8,21.09,Fianarantsoa,-21.454,47.086,1127.0
2018-12-23,22.6,16.5,19.0,31.9,12.1,33.8,18.89,Fianarantsoa,-21.454,47.086,1127.0
2018-12-24,24.7,15.1,19.7,0.0,17.1,40.0,29.66,Fianarantsoa,-21.454,47.086,1127.0
2018-12-25,25.3,14.4,19.7,0.0,15.5,34.6,28.53,Fianarantsoa,-21.454,47.086,1127.0
2018-12-26,25.9,15.6,20.5,0.0,15.5,33.1,26.79,Fianarantsoa,-21.454,47.086,1127.0
2018-12-27,26.1,16.5,20.5,3.4,14.4,31.7,23.13,Fianarantsoa,-21.454,47.086,1127.0
2018-12-28,26.6,17.9,20.8,2.5,10.5,29.5,22.01,Fianarantsoa,-21.454,47.086,1127.0
2018-12-29,26.9,17.5,20.9,5.1,9.5,36.0,22.62,Fianarantsoa,-21.454,47.086,1127.0
2018-12-30,26.7,16.9,20.8,5.3,12.7,30.2,24.34,Fianarantsoa,-21.454,47.086,1127.0
2018-12-31,25.8,17.6,20.7,1.6,15.5,35.3,26.89,Fianarantsoa,-21.454,47.086,1127.0
2019-01-01,25.1,16.9,20.3,0.6,17.7,39.2,25.18,Fianarantsoa,-21.454,47.086,1127.0
2019-01-02,26.6,16.3,20.5,2.4,14.7,32.8,27.72,Fianarantsoa,-21.454,47.086,1127.0
2019-01-03,26.8,17.6,20.5,18.5,12.6,35.3,20.48,Fianarantsoa,-21.454,47.086,1127.0
2019-01-04,26.7,17.5,20.7,23.8,14.1,38.5,21.23,Fianarantsoa,-21.454,47.086,1127.0
2019-01-05,27.1,17.1,20.8,11.5,11.2,29.5,23.59,Fianarantsoa,-21.454,47.086,1127.0
2019-01-06,27.1,18.0,20.9,23.2,11.2,27.0,23.74,Fianarantsoa,-21.454,47.086,1127.0
2019-01-07,27.1,17.1,20.8,12.5,9.9,32.8,19.37,Fianarantsoa,-21.454,47.086,1127.0
2019-01-08,25.6,17.6,21.0,9.6,14.0,33.1,19.1,Fianarantsoa,-21.454,47.086,1127.0
2019-01-09,25.9,18.2,21.4,18.0,14.5,34.2,21.97,Fianarantsoa,-21.454,47.086,1127.0
2019-01-10,25.0,18.9,20.8,49.4,11.9,29.2,13.33,Fianarantsoa,-21.454,47.086,1127.0
2019-01-11,24.6,18.9,20.9,34.3,11.3,27.0,14.46,Fianarantsoa,-21.454,47.086,1127.0
2019-01-12,24.8,18.3,20.5,45.3,12.2,30.6,16.23,Fianarantsoa,-21.454,47.086,1127.0
2019-01-13,26.5,18.1,21.0,20.6,14.4,38.2,24.36,Fianarantsoa,-21.454,47.086,1127.0
2019-01-14,25.2,18.0,20.8,6.8,18.6,41.8,23.59,Fianarantsoa,-21.454,47.086,1127.0
2019-01-15,24.4,18.1,20.3,0.3,18.8,42.5,19.54,Fianarantsoa,-21.454,47.086,1127.0
2019-01-16,25.8,17.5,20.9,1.8,12.6,29.9,23.41,Fianarantsoa,-21.454,47.086,1127.0
2019-01-17,26.8,16.8,20.9,7.7,8.0,31.7,25.86,Fianarantsoa,-21.454,47.086,1127.0
2019-01-18,25.9,17.3,20.8,20.1,10.1,32.0,20.43,Fianarantsoa,-21.454,47.086,1127.0
2019-01-19,27.3,17.5,21.2,42.1,9.0,27.0,20.69,Fianarantsoa,-21.454,47.086,1127.0
2019-01-20,25.7,18.5,21.3,41.6,11.2,27.0,15.84,Fianarantsoa,-21.454,47.086,1127.0
2019-01-21,23.7,18.4,20.6,5.5,24.6,59.4,21.02,Fianarantsoa,-21.454,47.086,1127.0
2019-01-22,25.0,19.0,20.7,27.5,25.7,62.3,14.1,Fianarantsoa,-21.454,47.086,1127.0
2019-01-23,24.3,18.7,20.8,2.9,13.0,41.8,13.78,Fianarantsoa,-21.454,47.086,1127.0
2019-01-24,26.4,17.7,21.6,5.4,20.4,56.9,22.24,Fianarantsoa,-21.454,47.086,1127.0
2019-01-25,23.9,19.4,20.9,7.2,32.1,69.5,16.29,Fianarantsoa,-21.454,47.086,1127.0
2019-01-26,23.9,18.7,20.5,39.8,21.1,44.3,11.69,Fianarantsoa,-21.454,47.086,1127.0
2019-01-27,22.9,16.8,19.2,7.2,16.3,36.0,18.26,Fianarantsoa,-21.454,47.086,1127.0
2019-01-28,22.3,15.9,18.3,3.5,21.0,48.6,21.81,Fianarantsoa,-21.454,47.086,1127.0
2019-01-29,21.3,15.4,17.5,2.9,20.3,42.5,16.17,Fianarantsoa,-21.454,47.086,1127.0
2019-01-30,22.1,13.7,17.9,1.0,17.9,39.6,18.53,Fianarantsoa,-21.454,47.086,1127.0
2019-01-31,23.0,16.6,18.9,2.2,17.7,39.6,19.5,Fianarantsoa,-21.454,47.086,1127.0
2019-02-01,24.3,15.1,18.8,3.6,16.3,40.3,21.1,Fianarantsoa,-21.454,47.086,1127.0
2019-02-02,23.8,16.2,19.1,1.4,17.1,36.4,21.28,Fianarantsoa,-21.454,47.086,1127.0
2019-02-03,24.3,15.4,19.2,0.9,15.5,33.8,21.81,Fianarantsoa,-21.454,47.086,1127.0
2019-02-04,25.6,16.3,20.1,8.8,9.7,28.8,21.55,Fianarantsoa,-21.454,47.086,1127.0
2019-02-05,26.2,18.6,21.6,0.4,13.0,28.4,26.05,Fianarantsoa,-21.454,47.086,1127.0
2019-02-06,26.8,17.9,21.2,5.0,13.5,29.9,25.01,Fianarantsoa,-21.454,47.086,1127.0
2019-02-07,26.7,18.1,21.7,0.5,16.1,35.3,27.62,Fianarantsoa,-21.454,47.086,1127.0
2019-02-08,21.9,15.7,18.6,2.2,20.1,44.6,16.33,Fianarantsoa,-21.454,47.086,1127.0
2019-02-09,21.4,15.2,17.6,3.2,14.8,31.3,12.88,Fianarantsoa,-21.454,47.086,1127.0
2019-02-10,23.5,15.7,18.7,10.6,11.0,25.6,19.4,Fianarantsoa,-21.454,47.086,1127.0
2019-02-11,26.0,16.9,20.2,2.8,10.8,24.1,21.32,Fianarantsoa,-21.454,47.086,1127.0
2019-02-12,25.9,17.1,20.5,1.1,9.7,26.3,26.19,Fianarantsoa,-21.454,47.086,1127.0
2019-02-13,26.8,17.5,20.9,1.0,10.9,24.5,27.25,Fianarantsoa,-21.454,47.086,1127.0
2019-02-14,26.8,16.6,21.0,2.7,12.1,28.8,25.34,Fianarantsoa,-21.454,47.086,1127.0
2019-02-15,27.0,16.6,20.5,1.4,11.4,29.5,26.07,Fianarantsoa,-21.454,47.086,1127.0
2019-02-16,24.9,17.2,20.2,1.5,15.0,34.9,22.4,Fianarantsoa,-21.454,47.086,1127.0
2019-02-17,26.3,17.4,20.7,1.0,12.6,28.4,24.12,Fianarantsoa,-21.454,47.086,1127.0
2019-02-18,25.7,16.3,20.5,13.4,10.8,27.4,22.45,Fianarantsoa,-21.454,47.086,1127.0
2019-02-19,26.4,16.8,20.8,24.4,16.5,37.4,20.23,Fianarantsoa,-21.454,47.086,1127.0
2019-02-20,24.9,18.0,20.9,3.5,26.0,61.6,21.07,Fianarantsoa,-21.454,47.086,1127.0
2019-02-21,25.5,17.8,21.0,19.4,18.5,40.0,21.09,Fianarantsoa,-21.454,47.086,1127.0
2019-02-22,24.6,17.5,20.1,14.1,12.4,27.7,17.84,Fianarantsoa,-21.454,47.086,1127.0
2019-02-23,23.2,15.9,19.1,4.9,16.2,33.5,17.14,Fianarantsoa,-21.454,47.086,1127.0
2019-02-24,25.3,17.7,20.5,28.6,11.2,24.5,18.96,Fianarantsoa,-21.454,47.086,1127.0
2019-02-25,25.3,17.6,20.5,11.6,14.4,32.8,19.01,Fianarantsoa,-21.454,47.086,1127.0
2019-02-26,26.2,18.0,20.8,2.4,17.7,40.7,21.02,Fianarantsoa,-21.454,47.086,1127.0
2019-02-27,25.8,18.2,21.1,5.3,17.2,38.2,19.8,Fianarantsoa,-21.454,47.086,1127.0
2019-02-28,25.1,18.6,20.8,1.0,19.4,42.8,14.75,Fianarantsoa,-21.454,47.086,1127.0
2019-03-01,26.6,17.0,20.9,0.4,18.3,41.4,25.71,Fianarantsoa,-21.454,47.086,1127.0
2019-03-02,25.9,17.6,20.8,0.1,20.8,45.4,23.39,Fianarantsoa,-21.454,47.086,1127.0
2019-03-03,26.7,17.3,20.5,7.8,16.5,38.9,20.38,Fianarantsoa,-21.454,47.086,1127.0
2019-03-04,24.2,17.6,19.9,10.2,9.3,25.2,12.42,Fianarantsoa,-21.454,47.086,1127.0
2019-03-05,24.8,16.8,20.0,7.8,14.6,34.6,20.87,Fianarantsoa,-21.454,47.086,1127.0
2019-03-06,23.0,17.4,19.5,3.3,18.2,43.6,22.29,Fianarantsoa,-21.454,47.086,1127.0
2019-03-07,24.2,15.3,19.3,2.7,12.2,26.3,23.24,Fianarantsoa,-21.454,47.086,1127.0
2019-03-08,24.8,14.9,19.3,3.3,12.8,30.6,22.58,Fianarantsoa,-21.454,47.086,1127.0
2019-03-09,25.2,16.4,20.0,4.3,13.8,30.6,18.28,Fianarantsoa,-21.454,47.086,1127.0
2019-03-10,23.5,17.9,19.8,26.0,17.8,40.3,18.2,Fianarantsoa,-21.454,47.086,1127.0
2019-03-11,22.3,16.7,19.3,2.6,16.1,34.9,11.7,Fianarantsoa,-21.454,47.086,1127.0
2019-03-12,24.7,17.4,19.9,30.5,13.4,31.0,15.2,Fianarantsoa,-21.454,47.086,1127.0
2019-03-13,23.1,17.3,19.5,24.9,16.5,39.6,13.24,Fianarantsoa,-21.454,47.086,1127.0
2019-03-14,22.5,16.1,18.7,1.1,14.7,32.0,14.48,Fianarantsoa,-21.454,47.086,1127.0
2019-03-15,24.5,15.3,19.1,0.5,15.7,34.2,25.32,Fianarantsoa,-21.454,47.086,1127.0
2019-03-16,26.2,15.8,19.6,0.1,14.0,31.0,23.71,Fianarantsoa,-21.454,47.086,1127.0
2019-03-17,25.6,16.7,20.4,0.2,10.1,20.2,18.9,Fianarantsoa,-21.454,47.086,1127.0
2019-03-18,25.2,17.4,20.4,0.8,8.7,21.2,20.48,Fianarantsoa,-21.454,47.086,1127.0
2019-03-19,25.9,17.0,20.4,0.4,10.4,23.8,22.3,Fianarantsoa,-21.454,47.086,1127.0
2019-03-20,27.1,16.4,20.6,1.5,12.6,27.7,23.0,Fianarantsoa,-21.454,47.086,1127.0
2019-03-21,26.3,17.2,20.5,9.3,14.4,34.9,20.54,Fianarantsoa,-21.454,47.086,1127.0
2019-03-22,23.2,16.5,19.6,4.2,15.9,37.8,18.13,Fianarantsoa,-21.454,47.086,1127.0
2019-03-23,23.2,17.1,19.3,5.6,15.9,34.9,16.53,Fianarantsoa,-21.454,47.086,1127.0
2019-03-24,22.9,16.6,19.1,3.9,14.8,32.8,15.75,Fianarantsoa,-21.454,47.086,1127.0
2019-03-25,25.7,17.4,20.3,1.7,9.5,22.0,20.45,Fianarantsoa,-21.454,47.086,1127.0
2019-03-26,25.8,16.8,20.5,5.8,13.7,30.6,18.35,Fianarantsoa,-21.454,47.086,1127.0
2019-03-27,25.1,17.0,19.9,2.4,11.8,29.5,19.21,Fianarantsoa,-21.454,47.086,1127.0
2019-03-28,23.5,17.1,19.6,3.5,18.6,41.0,18.36,Fianarantsoa,-21.454,47.086,1127.0
2019-03-29,24.0,17.6,19.8,6.0,12.9,27.7,18.21,Fianarantsoa,-21.454,47.086,1127.0
2019-03-30,25.6,16.5,20.4,1.1,15.7,36.4,21.62,Fianarantsoa,-21.454,47.086,1127.0
2019-03-31,25.3,15.5,20.1,0.2,11.9,27.0,21.78,Fianarantsoa,-21.454,47.086,1127.0
2019-04-01,25.8,17.0,20.6,0.2,13.0,29.9,21.68,Fianarantsoa,-21.454,47.086,1127.0
2019-04-02,26.3,17.4,20.5,0.7,13.2,29.9,22.0,Fianarantsoa,-21.454,47.086,1127.0
2019-04-03,24.2,17.5,19.8,2.7,12.3,30.6,19.05,Fianarantsoa,-21.454,47.086,1127.0
2019-04-04,24.0,15.2,19.0,2.1,12.4,29.9,18.61,Fianarantsoa,-21.454,47.086,1127.0
2019-04-05,24.6,16.7,19.6,3.3,14.2,32.8,18.01,Fianarantsoa,-21.454,47.086,1127.0
2019-04-06,22.8,17.5,19.5,2.8,16.8,38.2,17.07,Fianarantsoa,-21.454,47.086,1127.0
2019-04-07,23.1,17.1,19.3,1.9,17.7,40.0,17.62,Fianarantsoa,-21.454,47.086,1127.0
2019-04-08,24.3,16.3,19.4,1.0,14.6,32.0,23.41,Fianarantsoa,-21.454,47.086,1127.0
2019-04-09,24.7,16.1,19.6,0.1,13.5,32.0,18.6,Fianarantsoa,-21.454,47.086,1127.0
2019-04-10,24.6,16.1,19.6,0.2,11.2,24.5,21.86,Fianarantsoa,-21.454,47.086,1127.0
2019-04-11,25.6,15.7,20.1,0.2,12.1,27.4,22.51,Fianarantsoa,-21.454,47.086,1127.0
2019-04-12,26.1,15.1,20.3,0.2,10.8,24.5,21.07,Fianarantsoa,-21.454,47.086,1127.0
2019-04-13,26.2,16.0,20.1,2.1,8.0,24.5,17.65,Fianarantsoa,-21.454,47.086,1127.0
2019-04-14,26.8,17.4,20.7,0.1,11.9,26.3,19.03,Fianarantsoa,-21.454,47.086,1127.0
2019-04-15,26.4,17.6,20.9,0.2,11.0,27.0,18.78,Fianarantsoa,-21.454,47.086,1127.0
2019-04-16,27.7,16.9,21.1,3.8,12.7,32.4,19.39,Fianarantsoa,-21.454,47.086,1127.0
2019-04-17,25.9,16.8,20.2,15.6,13.1,31.3,18.18,Fianarantsoa,-21.454,47.086,1127.0
2019-04-18,23.4,17.4,19.8,1.4,17.4,38.5,15.6,Fianarantsoa,-21.454,47.086,1127.0
2019-04-19,24.9,17.0,19.6,4.2,15.4,31.0,14.98,Fianarantsoa,-21.454,47.086,1127.0
2019-04-20,24.2,16.9,19.5,1.1,12.1,25.9,16.11,Fianarantsoa,-21.454,47.086,1127.0
2019-04-21,24.4,15.5,19.1,0.4,11.9,28.1,18.53,Fianarantsoa,-21.454,47.086,1127.0
2019-04-22,25.2,16.4,19.6,0.1,14.9,31.0,19.95,Fianarantsoa,-21.454,47.086,1127.0
2019-04-23,24.3,14.3,19.3,0.2,15.9,36.4,19.83,Fianarantsoa,-21.454,47.086,1127.0
2019-04-24,23.0,18.2,19.5,5.5,18.2,39.6,14.74,Fianarantsoa,-21.454,47.086,1127.0
2019-04-25,24.4,17.6,19.9,4.8,13.1,29.2,14.57,Fianarantsoa,-21.454,47.086,1127.0
2019-04-26,22.3,17.9,19.5,2.6,15.3,35.3,12.92,Fianarantsoa,-21.454,47.086,1127.0
2019-04-27,24.0,16.3,19.6,12.2,13.0,31.7,16.38,Fianarantsoa,-21.454,47.086,1127.0
2019-04-28,24.6,14.9,18.4,1.1,16.1,35.3,16.1,Fianarantsoa,-21.454,47.086,1127.0
2019-04-29,19.3,14.2,16.1,2.1,20.0,44.3,12.94,Fianarantsoa,-21.454,47.086,1127.0
2019-04-30,18.8,12.7,15.5,1.9,20.2,46.1,16.33,Fianarantsoa,-21.454,47.086,1127.0
2019-05-01,20.1,13.8,16.3,1.2,17.4,38.9,14.89,Fianarantsoa,-21.454,47.086,1127.0
2019-05-02,20.7,11.6,16.1,0.5,18.9,42.1,16.88,Fianarantsoa,-21.454,47.086,1127.0
2019-05-03,20.2,13.9,16.2,0.9,19.1,42.8,13.44,Fianarantsoa,-21.454,47.086,1127.0
2019-05-04,21.3,14.4,17.1,0.8,15.4,34.6,13.99,Fianarantsoa,-21.454,47.086,1127.0
2019-05-05,21.0,15.0,17.2,1.1,14.8,35.3,13.04,Fianarantsoa,-21.454,47.086,1127.0
2019-05-06,21.4,12.0,16.0,0.0,12.4,29.5,19.72,Fianarantsoa,-21.454,47.086,1127.0
2019-05-07,21.1,11.2,15.8,0.8,19.6,43.2,17.3,Fianarantsoa,-21.454,47.086,1127.0
2019-05-08,19.5,13.1,15.8,4.0,25.1,55.1,12.95,Fianarantsoa,-21.454,47.086,1127.0
2019-05-09,19.3,15.3,16.8,3.2,21.4,46.4,12.45,Fianarantsoa,-21.454,47.086,1127.0
2019-05-10,22.3,15.6,17.6,1.5,15.5,33.8,14.83,Fianarantsoa,-21.454,47.086,1127.0
2019-05-11,24.0,14.3,17.9,0.0,13.0,29.5,17.62,Fianarantsoa,-21.454,47.086,1127.0
2019-05-12,21.5,10.3,15.7,1.0,14.1,32.0,19.42,Fianarantsoa,-21.454,47.086,1127.0
2019-05-13,20.9,12.0,15.8,0.3,11.7,29.5,18.83,Fianarantsoa,-21.454,47.086,1127.0
2019-05-14,22.5,12.5,16.2,0.0,17.8,40.0,17.25,Fianarantsoa,-21.454,47.086,1127.0
2019-05-15,21.3,11.3,15.4,0.0,16.0,33.1,16.26,Fianarantsoa,-21.454,47.086,1127.0
2019-05-16,20.7,13.6,16.2,0.1,15.8,35.3,13.03,Fianarantsoa,-21.454,47.086,1127.0
2019-05-17,21.0,11.8,16.3,0.0,14.4,31.7,17.9,Fianarantsoa,-21.454,47.086,1127.0
2019-05-18,21.9,13.3,16.6,0.5,12.0,25.6,16.47,Fianarantsoa,-21.454,47.086,1127.0
2019-05-19,22.4,12.9,16.8,0.0,14.1,31.0,15.9,Fianarantsoa,-21.454,47.086,1127.0
2019-05-20,22.8,14.0,17.0,2.8,8.7,28.8,14.25,Fianarantsoa,-21.454,47.086,1127.0
2019-05-21,22.3,13.8,17.2,2.9,13.9,33.5,13.58,Fianarantsoa,-21.454,47.086,1127.0
2019-05-22,21.9,12.0,16.6,1.0,8.6,19.4,15.15,Fianarantsoa,-21.454,47.086,1127.0
2019-05-23,23.0,14.2,17.3,0.1,15.3,30.6,15.62,Fianarantsoa,-21.454,47.086,1127.0
2019-05-24,19.6,14.0,16.0,0.8,15.6,34.6,12.31,Fianarantsoa,-21.454,47.086,1127.0
2019-05-25,17.5,13.2,14.8,2.3,18.5,39.6,9.28,Fianarantsoa,-21.454,47.086,1127.0
2019-05-26,19.2,12.4,15.0,1.5,15.7,35.6,11.3,Fianarantsoa,-21.454,47.086,1127.0
2019-05-27,15.7,13.4,14.0,1.6,16.0,33.8,4.33,Fianarantsoa,-21.454,47.086,1127.0
2019-05-28,18.1,12.6,14.5,0.7,17.7,39.2,11.87,Fianarantsoa,-21.454,47.086,1127.0
2019-05-29,19.1,13.0,15.4,2.2,14.0,33.5,11.65,Fianarantsoa,-21.454,47.086,1127.0
2019-05-30,20.7,12.2,15.6,3.2,12.5,31.7,12.93,Fianarantsoa,-21.454,47.086,1127.0
2019-05-31,19.2,10.8,15.2,0.2,21.4,47.2,14.83,Fianarantsoa,-21.454,47.086,1127.0
2019-06-01,19.1,8.2,13.7,0.0,12.4,27.0,12.87,Fianarantsoa,-21.454,47.086,1127.0
2019-06-02,18.0,12.9,15.0,1.5,23.5,51.1,12.32,Fianarantsoa,-21.454,47.086,1127.0
2019-06-03,18.0,13.6,15.1,13.1,22.3,48.6,9.62,Fianarantsoa,-21.454,47.086,1127.0
2019-06-04,17.0,13.1,14.2,2.7,22.0,46.8,8.08,Fianarantsoa,-21.454,47.086,1127.0
2019-06-05,16.7,13.1,14.2,2.9,18.1,38.2,6.46,Fianarantsoa,-21.454,47.086,1127.0
2019-06-06,18.2,12.1,14.4,0.7,16.6,38.2,13.5,Fianarantsoa,-21.454,47.086,1127.0
2019-06-07,17.9,13.5,15.2,0.7,15.2,33.5,7.35,Fianarantsoa,-21.454,47.086,1127.0
2019-06-08,20.8,13.3,15.7,0.0,12.6,26.6,16.05,Fianarantsoa,-21.454,47.086,1127.0
2019-06-09,18.8,12.7,15.0,0.5,19.6,43.6,14.14,Fianarantsoa,-21.454,47.086,1127.0
2019-06-10,16.4,12.8,14.3,8.6,27.7,57.6,12.11,Fianarantsoa,-21.454,47.086,1127.0
2019-06-11,16.5,10.1,12.9,0.8,18.2,41.0,13.88,Fianarantsoa,-21.454,47.086,1127.0
2019-06-12,16.2,9.4,12.6,1.1,20.5,45.0,10.97,Fianarantsoa,-21.454,47.086,1127.0
2019-06-13,17.1,11.0,13.2,0.3,17.3,38.5,12.93,Fianarantsoa,-21.454,47.086,1127.0
2019-06-14,18.9,9.1,13.3,0.0,14.0,32.4,14.23,Fianarantsoa,-21.454,47.086,1127.0
2019-06-15,16.2,11.9,13.8,1.5,20.9,45.0,9.59,Fianarantsoa,-21.454,47.086,1127.0
2019-06-16,17.7,12.0,14.2,1.7,18.1,39.2,12.48,Fianarantsoa,-21.454,47.086,1127.0
2019-06-17,17.1,12.7,14.3,2.6,20.2,42.8,10.39,Fianarantsoa,-21.454,47.086,1127.0
2019-06-18,19.4,12.5,14.3,0.5,15.0,33.8,13.45,Fianarantsoa,-21.454,47.086,1127.0
2019-06-19,20.0,11.0,14.3,3.1,13.8,27.4,14.76,Fianarantsoa,-21.454,47.086,1127.0
2019-06-20,15.2,11.5,12.8,23.1,22.9,52.9,8.5,Fianarantsoa,-21.454,47.086,1127.0
2019-06-21,16.0,11.7,13.1,5.1,28.2,60.5,11.79,Fianarantsoa,-21.454,47.086,1127.0
2019-06-22,15.8,11.7,13.5,2.3,24.2,52.6,7.08,Fianarantsoa,-21.454,47.086,1127.0
2019-06-23,16.4,12.7,14.0,1.9,20.5,43.9,8.9,Fianarantsoa,-21.454,47.086,1127.0
2019-06-24,19.8,10.7,14.4,0.4,11.6,25.6,14.53,Fianarantsoa,-21.454,47.086,1127.0
2019-06-25,19.7,12.0,14.9,2.2,11.2,27.0,13.96,Fianarantsoa,-21.454,47.086,1127.0
2019-06-26,17.9,11.7,14.2,0.6,15.7,34.9,10.8,Fianarantsoa,-21.454,47.086,1127.0
2019-06-27,18.5,12.1,14.9,1.7,17.1,37.8,10.21,Fianarantsoa,-21.454,47.086,1127.0
2019-06-28,17.7,14.7,15.8,7.3,22.4,48.2,8.1,Fianarantsoa,-21.454,47.086,1127.0
2019-06-29,19.1,14.8,16.0,0.8,19.3,43.9,7.27,Fianarantsoa,-21.454,47.086,1127.0
2019-06-30,19.5,13.7,16.1,1.4,18.8,41.8,11.87,Fianarantsoa,-21.454,47.086,1127.0
2019-07-01,18.5,11.6,14.2,0.1,15.9,36.7,17.0,Fianarantsoa,-21.454,47.086,1127.0
2019-07-02,20.1,9.9,14.1,0.0,10.5,26.3,16.72,Fianarantsoa,-21.454,47.086,1127.0
2019-07-03,22.6,9.3,15.0,0.0,11.5,23.4,16.65,Fianarantsoa,-21.454,47.086,1127.0
2019-07-04,18.9,11.1,14.6,2.3,15.4,34.2,11.17,Fianarantsoa,-21.454,47.086,1127.0
2019-07-05,18.9,12.8,14.8,1.4,14.0,31.7,10.89,Fianarantsoa,-21.454,47.086,1127.0
2019-07-06,21.3,11.8,15.3,0.0,11.2,23.4,16.68,Fianarantsoa,-21.454,47.086,1127.0
2019-07-07,22.5,11.3,15.6,0.0,15.9,37.8,15.7,Fianarantsoa,-21.454,47.086,1127.0
2019-07-08,22.9,8.8,15.3,0.0,8.4,20.9,17.0,Fianarantsoa,-21.454,47.086,1127.0
2019-07-09,22.1,12.9,16.3,0.5,13.0,24.5,14.61,Fianarantsoa,-21.454,47.086,1127.0
2019-07-10,21.0,12.2,15.7,0.5,14.6,30.6,15.56,Fianarantsoa,-21.454,47.086,1127.0
2019-07-11,20.2,10.4,14.6,0.1,10.9,22.3,17.48,Fianarantsoa,-21.454,47.086,1127.0
2019-07-12,17.6,11.5,14.0,0.4,15.3,35.3,13.21,Fianarantsoa,-21.454,47.086,1127.0
2019-07-13,18.7,8.4,13.3,0.0,10.8,27.0,17.77,Fianarantsoa,-21.454,47.086,1127.0
2019-07-14,17.0,9.1,12.4,0.3,15.2,34.6,17.37,Fianarantsoa,-21.454,47.086,1127.0
2019-07-15,16.9,6.6,12.0,0.3,20.3,44.6,15.06,Fianarantsoa,-21.454,47.086,1127.0
2019-07-16,15.9,11.1,12.7,4.7,24.2,52.6,11.78,Fianarantsoa,-21.454,47.086,1127.0
2019-07-17,16.1,10.9,12.6,2.3,26.5,58.3,14.0,Fianarantsoa,-21.454,47.086,1127.0
2019-07-18,17.6,10.5,12.8,0.3,18.1,41.0,15.09,Fianarantsoa,-21.454,47.086,1127.0
2019-07-19,19.4,9.6,14.0,0.0,15.0,34.2,14.21,Fianarantsoa,-21.454,47.086,1127.0
2019-07-20,21.8,10.7,15.2,0.0,15.9,34.2,17.33,Fianarantsoa,-21.454,47.086,1127.0
2019-07-21,18.3,10.0,12.9,1.8,21.3,46.8,12.7,Fianarantsoa,-21.454,47.086,1127.0
2019-07-22,12.7,2.7,8.5,0.0,21.7,49.0,18.48,Fianarantsoa,-21.454,47.086,1127.0
2019-07-23,14.2,7.5,10.2,0.3,20.2,45.7,11.04,Fianarantsoa,-21.454,47.086,1127.0
2019-07-24,16.2,9.6,12.5,0.3,15.6,35.6,10.27,Fianarantsoa,-21.454,47.086,1127.0
2019-07-25,16.4,9.3,12.4,0.7,19.6,42.8,15.83,Fianarantsoa,-21.454,47.086,1127.0
2019-07-26,15.8,7.6,11.5,0.1,18.8,43.6,17.23,Fianarantsoa,-21.454,47.086,1127.0
2019-07-27,15.6,9.7,12.1,0.8,20.9,45.7,8.75,Fianarantsoa,-21.454,47.086,1127.0
2019-07-28,18.8,9.8,13.1,0.4,16.3,37.4,14.32,Fianarantsoa,-21.454,47.086,1127.0
2019-07-29,19.5,12.6,15.3,1.3,14.8,32.0,11.69,Fianarantsoa,-21.454,47.086,1127.0
2019-07-30,19.7,13.8,16.1,1.1,17.6,38.9,12.21,Fianarantsoa,-21.454,47.086,1127.0
2019-07-31,21.6,14.5,16.8,0.5,14.8,33.1,14.09,Fianarantsoa,-21.454,47.086,1127.0
2019-08-01,21.9,12.8,16.7,0.1,11.7,28.8,18.67,Fianarantsoa,-21.454,47.086,1127.0
2019-08-02,21.2,12.2,16.2,0.5,13.7,32.8,18.9,Fianarantsoa,-21.454,47.086,1127.0
2019-08-03,19.9,11.4,15.0,0.4,12.7,31.3,18.53,Fianarantsoa,-21.454,47.086,1127.0
2019-08-04,20.8,8.9,14.2,0.0,11.2,28.4,19.29,Fianarantsoa,-21.454,47.086,1127.0
2019-08-05,22.7,9.3,15.0,0.0,10.7,25.6,19.52,Fianarantsoa,-21.454,47.086,1127.0
2019-08-06,21.4,8.9,14.5,0.0,15.9,36.7,20.39,Fianarantsoa,-21.454,47.086,1127.0
2019-08-07,21.1,6.7,13.6,0.0,19.5,43.6,20.64,Fianarantsoa,-21.454,47.086,1127.0
2019-08-08,21.7,6.4,13.3,0.0,16.6,37.8,20.69,Fianarantsoa,-21.454,47.086,1127.0
2019-08-09,23.5,7.6,14.2,0.0,9.8,24.8,20.72,Fianarantsoa,-21.454,47.086,1127.0
2019-08-10,19.2,8.2,13.5,0.2,20.0,45.0,16.05,Fianarantsoa,-21.454,47.086,1127.0
2019-08-11,18.1,12.2,14.4,2.6,20.5,44.6,14.35,Fianarantsoa,-21.454,47.086,1127.0
2019-08-12,18.4,13.0,15.0,1.6,15.6,36.4,15.38,Fianarantsoa,-21.454,47.086,1127.0
2019-08-13,20.5,9.3,14.6,0.1,14.4,34.2,20.72,Fianarantsoa,-21.454,47.086,1127.0
2019-08-14,19.8,9.5,14.4,0.0,16.8,38.5,20.2,Fianarantsoa,-21.454,47.086,1127.0
2019-08-15,22.9,7.6,15.1,0.0,16.8,36.7,21.48,Fianarantsoa,-21.454,47.086,1127.0
2019-08-16,19.8,12.8,15.3,0.9,19.5,40.3,16.66,Fianarantsoa,-21.454,47.086,1127.0
2019-08-17,23.9,10.9,16.2,0.0,14.4,29.2,21.5,Fianarantsoa,-21.454,47.086,1127.0
2019-08-18,18.9,11.0,14.3,0.7,17.1,35.3,17.86,Fianarantsoa,-21.454,47.086,1127.0
2019-08-19,17.9,11.8,14.1,2.1,20.3,44.3,13.45,Fianarantsoa,-21.454,47.086,1127.0
2019-08-20,20.8,12.6,15.8,1.7,14.8,34.9,16.79,Fianarantsoa,-21.454,47.086,1127.0
2019-08-21,20.7,13.0,15.8,0.4,17.2,36.0,17.22,Fianarantsoa,-21.454,47.086,1127.0
2019-08-22,15.4,11.0,13.0,0.4,18.2,39.6,12.28,Fianarantsoa,-21.454,47.086,1127.0
2019-08-23,18.8,8.8,13.1,0.0,14.9,32.4,20.45,Fianarantsoa,-21.454,47.086,1127.0
2019-08-24,18.9,10.0,13.8,0.2,16.7,38.2,19.99,Fianarantsoa,-21.454,47.086,1127.0
2019-08-25,17.8,11.2,13.7,1.1,18.6,41.8,16.29,Fianarantsoa,-21.454,47.086,1127.0
2019-08-26,22.0,9.5,14.9,0.0,14.4,33.1,22.76,Fianarantsoa,-21.454,47.086,1127.0
2019-08-27,21.8,11.5,15.5,0.0,14.6,34.2,22.59,Fianarantsoa,-21.454,47.086,1127.0
2019-08-28,22.6,9.7,15.4,0.0,15.5,32.8,22.25,Fianarantsoa,-21.454,47.086,1127.0
2019-08-29,21.9,8.0,14.1,0.0,16.0,35.6,22.07,Fianarantsoa,-21.454,47.086,1127.0
2019-08-30,19.9,8.4,14.6,0.2,16.7,38.2,22.92,Fianarantsoa,-21.454,47.086,1127.0
2019-08-31,22.0,8.2,15.2,0.0,16.2,36.4,23.3,Fianarantsoa,-21.454,47.086,1127.0
2019-09-01,23.5,10.2,16.5,0.1,18.9,39.6,17.68,Fianarantsoa,-21.454,47.086,1127.0
2019-09-02,22.4,11.8,16.4,0.0,13.4,33.1,22.82,Fianarantsoa,-21.454,47.086,1127.0
2019-09-03,21.4,11.1,15.5,0.4,18.0,42.1,22.49,Fianarantsoa,-21.454,47.086,1127.0
2019-09-04,21.8,9.5,15.6,0.1,15.8,33.8,20.95,Fianarantsoa,-21.454,47.086,1127.0
2019-09-05,23.2,12.5,16.6,0.0,15.9,37.4,22.06,Fianarantsoa,-21.454,47.086,1127.0
2019-09-06,24.8,10.7,16.6,0.2,18.4,38.9,19.36,Fianarantsoa,-21.454,47.086,1127.0
2019-09-07,15.0,9.6,12.2,1.1,27.9,60.5,13.9,Fianarantsoa,-21.454,47.086,1127.0
2019-09-08,12.9,9.7,11.3,8.5,25.2,52.9,4.83,Fianarantsoa,-21.454,47.086,1127.0
2019-09-09,17.2,11.3,13.5,3.1,20.6,45.0,10.13,Fianarantsoa,-21.454,47.086,1127.0
2019-09-10,19.2,12.3,14.8,1.0,17.3,40.7,13.36,Fianarantsoa,-21.454,47.086,1127.0
2019-09-11,20.5,12.5,15.5,1.1,13.8,33.8,14.07,Fianarantsoa,-21.454,47.086,1127.0
2019-09-12,19.1,13.7,15.7,1.6,13.2,31.0,12.39,Fianarantsoa,-21.454,47.086,1127.0
2019-09-13,21.9,13.7,16.7,0.3,16.0,37.8,22.18,Fianarantsoa,-21.454,47.086,1127.0
2019-09-14,23.5,11.7,17.0,0.3,15.1,34.2,18.22,Fianarantsoa,-21.454,47.086,1127.0
2019-09-15,24.8,11.2,17.6,0.1,15.2,32.4,22.85,Fianarantsoa,-21.454,47.086,1127.0
2019-09-16,24.9,15.1,18.5,1.3,19.1,41.0,24.46,Fianarantsoa,-21.454,47.086,1127.0
2019-09-17,18.6,13.9,15.9,2.2,19.3,42.1,13.84,Fianarantsoa,-21.454,47.086,1127.0
2019-09-18,21.7,13.6,16.7,0.4,16.3,36.4,18.8,Fianarantsoa,-21.454,47.086,1127.0
2019-09-19,23.7,13.3,17.4,0.3,18.2,41.4,25.33,Fianarantsoa,-21.454,47.086,1127.0
2019-09-20,17.8,12.6,15.0,1.6,21.3,46.1,14.87,Fianarantsoa,-21.454,47.086,1127.0
2019-09-21,18.4,11.4,14.4,1.0,22.0,49.3,16.5,Fianarantsoa,-21.454,47.086,1127.0
2019-09-22,18.7,11.6,14.8,0.8,19.7,43.9,15.39,Fianarantsoa,-21.454,47.086,1127.0
2019-09-23,20.9,12.0,15.4,0.8,17.7,41.0,25.54,Fianarantsoa,-21.454,47.086,1127.0
2019-09-24,24.0,10.2,16.9,0.1,16.3,39.2,25.05,Fianarantsoa,-21.454,47.086,1127.0
2019-09-25,23.9,13.8,17.9,0.4,14.4,30.2,19.37,Fianarantsoa,-21.454,47.086,1127.0
2019-09-26,20.7,13.4,16.4,2.1,17.5,40.0,15.98,Fianarantsoa,-21.454,47.086,1127.0
2019-09-27,20.7,13.1,16.2,1.3,22.4,48.2,14.6,Fianarantsoa,-21.454,47.086,1127.0
2019-09-28,23.0,12.5,16.5,10.8,14.8,34.6,18.48,Fianarantsoa,-21.454,47.086,1127.0
2019-09-29,24.2,14.6,18.4,1.0,18.5,53.3,22.19,Fianarantsoa,-21.454,47.086,1127.0
2019-09-30,27.3,12.3,19.4,0.0,17.4,41.0,25.47,Fianarantsoa,-21.454,47.086,1127.0
2019-10-01,27.3,15.4,20.3,2.1,13.9,33.1,22.56,Fianarantsoa,-21.454,47.086,1127.0
2019-10-02,22.3,16.1,18.6,3.2,16.1,41.4,16.62,Fianarantsoa,-21.454,47.086,1127.0
2019-10-03,25.1,15.5,18.7,3.4,15.8,34.9,20.21,Fianarantsoa,-21.454,47.086,1127.0
2019-10-04,22.9,15.6,18.5,1.5,15.0,35.3,17.87,Fianarantsoa,-21.454,47.086,1127.0
2019-10-05,22.1,15.2,17.9,0.4,15.9,37.1,17.84,Fianarantsoa,-21.454,47.086,1127.0
2019-10-06,21.4,14.0,17.0,1.1,20.2,46.1,22.68,Fianarantsoa,-21.454,47.086,1127.0
2019-10-07,20.2,13.8,16.4,1.8,20.4,46.8,18.78,Fianarantsoa,-21.454,47.086,1127.0
2019-10-08,22.7,11.3,16.8,0.8,17.9,41.8,24.03,Fianarantsoa,-21.454,47.086,1127.0
2019-10-09,22.4,13.4,17.3,0.5,17.7,39.6,20.93,Fianarantsoa,-21.454,47.086,1127.0
2019-10-10,23.9,14.2,18.1,0.7,17.2,38.2,23.98,Fianarantsoa,-21.454,47.086,1127.0
2019-10-11,24.8,14.7,18.8,3.0,12.9,31.7,23.5,Fianarantsoa,-21.454,47.086,1127.0
2019-10-12,23.4,15.5,18.5,2.7,14.0,32.4,19.79,Fianarantsoa,-21.454,47.086,1127.0
2019-10-13,24.2,16.0,18.9,1.2,15.3,33.8,21.73,Fianarantsoa,-21.454,47.086,1127.0
2019-10-14,25.0,15.2,18.8,12.6,16.0,36.0,21.41,Fianarantsoa,-21.454,47.086,1127.0
2019-10-15,21.6,14.4,17.3,18.6,16.9,36.7,17.33,Fianarantsoa,-21.454,47.086,1127.0
2019-10-16,20.1,14.0,15.9,3.1,20.1,45.4,17.95,Fianarantsoa,-21.454,47.086,1127.0
2019-10-17,19.8,12.7,15.7,2.4,23.1,51.1,19.72,Fianarantsoa,-21.454,47.086,1127.0
2019-10-18,19.0,12.0,14.5,0.6,16.6,39.2,21.28,Fianarantsoa,-21.454,47.086,1127.0
2019-10-19,21.0,10.8,15.4,0.1,16.5,39.6,28.81,Fianarantsoa,-21.454,47.086,1127.0
2019-10-20,23.3,12.1,17.2,0.0,13.8,32.0,27.61,Fianarantsoa,-21.454,47.086,1127.0
2019-10-21,26.4,13.9,18.9,0.0,14.9,31.0,26.31,Fianarantsoa,-21.454,47.086,1127.0
2019-10-22,28.6,14.6,20.8,0.0,19.1,40.7,25.75,Fianarantsoa,-21.454,47.086,1127.0
2019-10-23,25.6,14.9,20.2,0.5,17.7,40.7,27.94,Fianarantsoa,-21.454,47.086,1127.0
2019-10-24,29.8,16.0,21.8,0.1,17.0,38.9,28.41,Fianarantsoa,-21.454,47.086,1127.0
2019-10-25,31.0,15.1,22.1,0.0,12.8,28.8,29.11,Fianarantsoa,-21.454,47.086,1127.0
2019-10-26,30.2,14.6,22.3,0.0,15.9,35.6,26.63,Fianarantsoa,-21.454,47.086,1127.0
2019-10-27,29.2,15.6,22.0,0.1,16.5,36.7,27.25,Fianarantsoa,-21.454,47.086,1127.0
2019-10-28,29.4,15.5,22.3,0.0,15.9,34.9,26.98,Fianarantsoa,-21.454,47.086,1127.0
2019-10-29,30.3,15.8,22.7,0.0,17.9,45.7,25.07,Fianarantsoa,-21.454,47.086,1127.0
2019-10-30,28.0,18.0,22.1,0.4,15.2,36.4,26.29,Fianarantsoa,-21.454,47.086,1127.0
2019-10-31,27.1,16.8,21.4,0.6,14.1,34.9,26.09,Fianarantsoa,-21.454,47.086,1127.0
2019-11-01,20.1,12.6,16.7,0.2,21.3,47.5,18.45,Fianarantsoa,-21.454,47.086,1127.0
2019-11-02,20.8,11.7,15.4,0.7,20.9,47.2,21.93,Fianarantsoa,-21.454,47.086,1127.0
2019-11-03,24.9,12.9,17.5,0.6,20.5,47.2,24.68,Fianarantsoa,-21.454,47.086,1127.0
2019-11-04,25.9,12.1,19.1,0.0,17.6,38.5,28.98,Fianarantsoa,-21.454,47.086,1127.0
2019-11-05,27.4,12.9,20.0,0.1,17.9,40.3,29.88,Fianarantsoa,-21.454,47.086,1127.0
2019-11-06,26.9,14.4,20.0,0.3,19.5,43.9,29.16,Fianarantsoa,-21.454,47.086,1127.0
2019-11-07,24.6,14.9,18.9,0.4,18.2,42.5,27.05,Fianarantsoa,-21.454,47.086,1127.0
2019-11-08,28.5,12.3,20.2,0.0,18.6,43.2,29.2,Fianarantsoa,-21.454,47.086,1127.0
2019-11-09,29.5,14.7,21.6,0.1,20.8,46.1,27.4,Fianarantsoa,-21.454,47.086,1127.0
2019-11-10,27.0,16.6,21.0,0.6,18.8,40.7,26.82,Fianarantsoa,-21.454,47.086,1127.0
2019-11-11,30.1,17.6,21.5,0.6,14.6,36.7,24.67,Fianarantsoa,-21.454,47.086,1127.0
2019-11-12,29.6,17.3,21.4,3.4,14.4,38.2,24.53,Fianarantsoa,-21.454,47.086,1127.0
2019-11-13,26.7,17.0,20.6,5.5,16.6,42.8,22.36,Fianarantsoa,-21.454,47.086,1127.0
2019-11-14,29.6,17.0,21.5,7.8,20.5,45.4,26.44,Fianarantsoa,-21.454,47.086,1127.0
2019-11-15,23.2,15.7,19.2,1.9,19.4,42.5,21.47,Fianarantsoa,-21.454,47.086,1127.0
2019-11-16,25.9,16.3,20.1,5.9,18.4,45.0,16.4,Fianarantsoa,-21.454,47.086,1127.0
2019-11-17,25.6,17.5,20.1,6.6,31.8,67.3,13.61,Fianarantsoa,-21.454,47.086,1127.0
2019-11-18,26.4,17.8,21.4,1.4,21.7,51.1,23.6,Fianarantsoa,-21.454,47.086,1127.0
2019-11-19,26.0,16.2,20.8,5.1,11.5,31.0,22.34,Fianarantsoa,-21.454,47.086,1127.0
2019-11-20,28.0,17.6,21.7,2.8,11.2,28.1,24.73,Fianarantsoa,-21.454,47.086,1127.0
2019-11-21,28.3,16.6,21.6,2.4,12.8,33.8,24.52,Fianarantsoa,-21.454,47.086,1127.0
2019-11-22,27.3,18.0,21.9,0.3,22.0,48.2,18.57,Fianarantsoa,-21.454,47.086,1127.0
2019-11-23,26.6,17.4,20.2,20.5,15.2,36.0,21.88,Fianarantsoa,-21.454,47.086,1127.0
2019-11-24,21.1,16.4,18.2,6.7,18.4,40.0,11.55,Fianarantsoa,-21.454,47.086,1127.0
2019-11-25,23.2,14.8,18.3,0.4,16.3,36.0,23.52,Fianarantsoa,-21.454,47.086,1127.0
2019-11-26,25.8,14.7,20.0,3.1,9.9,27.4,25.29,Fianarantsoa,-21.454,47.086,1127.0
2019-11-27,26.8,15.8,21.0,0.0,14.2,33.1,30.86,Fianarantsoa,-21.454,47.086,1127.0
2019-11-28,29.6,17.3,22.0,0.4,18.0,38.9,29.26,Fianarantsoa,-21.454,47.086,1127.0
2019-11-29,25.3,18.2,20.9,1.2,18.2,40.7,23.44,Fianarantsoa,-21.454,47.086,1127.0
2019-11-30,23.9,16.6,20.0,1.3,19.2,43.6,24.35,Fianarantsoa,-21.454,47.086,1127.0
2019-12-01,24.5,15.6,19.6,0.5,16.0,36.7,25.43,Fianarantsoa,-21.454,47.086,1127.0
2019-12-02,25.6,15.0,19.5,0.2,16.7,40.3,28.53,Fianarantsoa,-21.454,47.086,1127.0
2019-12-03,25.9,16.2,20.3,0.1,15.9,36.7,30.28,Fianarantsoa,-21.454,47.086,1127.0
2019-12-04,29.6,17.2,21.9,0.2,14.8,33.1,30.11,Fianarantsoa,-21.454,47.086,1127.0
2019-12-05,26.3,16.3,21.0,0.5,20.0,43.2,29.14,Fianarantsoa,-21.454,47.086,1127.0
2019-12-06,25.4,17.2,20.0,11.2,15.9,38.2,21.94,Fianarantsoa,-21.454,47.086,1127.0
2019-12-07,27.1,17.0,21.9,1.0,19.0,46.4,26.36,Fianarantsoa,-21.454,47.086,1127.0
2019-12-08,29.8,17.0,23.0,0.0,18.8,37.1,31.3,Fianarantsoa,-21.454,47.086,1127.0
2019-12-09,29.2,16.4,22.6,0.6,20.9,45.7,28.12,Fianarantsoa,-21.454,47.086,1127.0
2019-12-10,27.1,18.4,21.6,14.1,15.2,32.4,19.3,Fianarantsoa,-21.454,47.086,1127.0
2019-12-11,23.0,17.4,19.3,31.6,17.8,37.4,8.97,Fianarantsoa,-21.454,47.086,1127.0
2019-12-12,27.4,17.8,21.9,0.3,18.0,38.9,28.28,Fianarantsoa,-21.454,47.086,1127.0
2019-12-13,26.7,18.4,21.9,2.2,16.4,39.2,24.51,Fianarantsoa,-21.454,47.086,1127.0
2019-12-14,27.2,18.3,22.2,1.9,13.4,37.8,26.14,Fianarantsoa,-21.454,47.086,1127.0
2019-12-15,26.9,18.9,22.3,1.5,18.0,41.0,24.33,Fianarantsoa,-21.454,47.086,1127.0
2019-12-16,27.1,18.1,21.9,1.0,17.2,38.9,27.41,Fianarantsoa,-21.454,47.086,1127.0
2019-12-17,24.4,17.8,20.2,2.6,21.1,45.0,22.52,Fianarantsoa,-21.454,47.086,1127.0
2019-12-18,24.6,16.1,19.6,0.3,17.6,37.1,29.6,Fianarantsoa,-21.454,47.086,1127.0
2019-12-19,25.2,15.8,20.1,1.3,15.9,37.1,23.8,Fianarantsoa,-21.454,47.086,1127.0
2019-12-20,25.2,16.6,20.6,1.0,14.9,36.7,29.95,Fianarantsoa,-21.454,47.086,1127.0
2019-12-21,23.2,15.9,19.4,1.8,23.4,51.8,23.39,Fianarantsoa,-21.454,47.086,1127.0
2019-12-22,24.4,16.4,19.3,1.5,18.2,41.0,19.23,Fianarantsoa,-21.454,47.086,1127.0
2019-12-23,24.1,16.1,19.2,0.2,20.1,45.7,25.91,Fianarantsoa,-21.454,47.086,1127.0
2019-12-24,24.2,15.4,19.4,5.4,20.4,48.6,21.06,Fianarantsoa,-21.454,47.086,1127.0
2019-12-25,24.2,17.6,19.7,1.9,25.9,57.2,19.54,Fianarantsoa,-21.454,47.086,1127.0
2019-12-26,23.7,16.8,20.0,2.8,20.3,46.1,21.96,Fianarantsoa,-21.454,47.086,1127.0
2019-12-27,25.4,14.3,20.1,0.5,17.4,38.9,24.85,Fianarantsoa,-21.454,47.086,1127.0
2019-12-28,26.9,15.4,21.3,0.1,15.5,36.4,30.05,Fianarantsoa,-21.454,47.086,1127.0
2019-12-29,26.7,18.5,21.6,1.3,15.7,37.1,27.74,Fianarantsoa,-21.454,47.086,1127.0
2019-12-30,27.4,17.2,21.5,0.8,17.7,41.0,25.91,Fianarantsoa,-21.454,47.086,1127.0
2019-12-31,30.0,15.6,21.4,0.3,21.0,47.9,30.32,Fianarantsoa,-21.454,47.086,1127.0
2020-01-01,30.0,15.8,22.0,1.9,23.6,49.3,29.36,Fianarantsoa,-21.454,47.086,1127.0
2020-01-02,26.5,17.8,20.7,9.3,15.1,37.8,25.46,Fianarantsoa,-21.454,47.086,1127.0
2020-01-03,27.0,17.1,20.8,11.7,12.7,31.0,24.89,Fianarantsoa,-21.454,47.086,1127.0
2020-01-04,26.4,17.5,20.3,6.0,15.3,34.9,22.82,Fianarantsoa,-21.454,47.086,1127.0
2020-01-05,25.0,17.3,19.9,4.0,15.6,40.0,24.2,Fianarantsoa,-21.454,47.086,1127.0
2020-01-06,26.0,16.9,20.3,2.1,16.4,36.4,25.81,Fianarantsoa,-21.454,47.086,1127.0
2020-01-07,26.2,17.3,20.4,18.2,14.3,35.3,22.07,Fianarantsoa,-21.454,47.086,1127.0
2020-01-08,23.6,17.6,20.0,11.7,13.8,34.2,22.5,Fianarantsoa,-21.454,47.086,1127.0
2020-01-09,25.7,16.7,19.9,0.2,17.4,39.6,29.93,Fianarantsoa,-21.454,47.086,1127.0
2020-01-10,26.2,16.9,20.6,2.9,16.6,37.4,29.96,Fianarantsoa,-21.454,47.086,1127.0
2020-01-11,25.6,14.9,20.0,0.3,16.2,36.0,31.85,Fianarantsoa,-21.454,47.086,1127.0
2020-01-12,26.2,16.6,20.3,0.0,16.9,37.8,27.43,Fianarantsoa,-21.454,47.086,1127.0
2020-01-13,22.4,17.5,19.4,10.9,16.9,38.9,17.29,Fianarantsoa,-21.454,47.086,1127.0
2020-01-14,25.4,16.5,20.1,5.9,15.9,37.8,26.21,Fianarantsoa,-21.454,47.086,1127.0
2020-01-15,26.5,15.9,20.6,3.9,17.2,38.9,27.7,Fianarantsoa,-21.454,47.086,1127.0
2020-01-16,25.7,18.0,20.8,7.3,18.6,41.8,21.88,Fianarantsoa,-21.454,47.086,1127.0
2020-01-17,27.6,18.4,21.3,7.7,15.8,39.2,23.53,Fianarantsoa,-21.454,47.086,1127.0
2020-01-18,25.4,18.6,21.5,4.0,15.0,36.0,23.09,Fianarantsoa,-21.454,47.086,1127.0
2020-01-19,26.1,18.7,21.7,17.4,18.1,40.7,22.46,Fianarantsoa,-21.454,47.086,1127.0
2020-01-20,23.2,19.0,20.6,41.3,13.6,32.4,8.5,Fianarantsoa,-21.454,47.086,1127.0
2020-01-21,20.1,15.9,17.6,17.4,22.0,46.8,9.48,Fianarantsoa,-21.454,47.086,1127.0
2020-01-22,19.9,15.1,17.2,3.7,18.9,42.5,10.34,Fianarantsoa,-21.454,47.086,1127.0
2020-01-23,21.9,15.6,17.9,4.6,16.6,36.4,12.36,Fianarantsoa,-21.454,47.086,1127.0
2020-01-24,23.6,16.2,19.1,2.1,18.5,40.7,23.04,Fianarantsoa,-21.454,47.086,1127.0
2020-01-25,20.4,16.0,17.5,5.1,18.6,38.9,11.12,Fianarantsoa,-21.454,47.086,1127.0
2020-01-26,22.3,15.4,18.0,0.7,15.5,35.6,20.73,Fianarantsoa,-21.454,47.086,1127.0
2020-01-27,25.4,15.4,19.4,4.6,12.6,27.4,22.75,Fianarantsoa,-21.454,47.086,1127.0
2020-01-28,25.3,16.8,20.8,3.5,5.9,23.0,22.83,Fianarantsoa,-21.454,47.086,1127.0
2020-01-29,27.1,17.5,21.2,2.5,7.5,24.1,23.01,Fianarantsoa,-21.454,47.086,1127.0
2020-01-30,26.1,18.8,21.1,5.1,16.3,33.1,22.54,Fianarantsoa,-21.454,47.086,1127.0
2020-01-31,25.3,16.3,20.3,0.6,19.2,43.6,28.0,Fianarantsoa,-21.454,47.086,1127.0
2020-02-01,24.2,15.7,19.6,1.1,19.6,44.3,23.84,Fianarantsoa,-21.454,47.086,1127.0
2020-02-02,24.2,15.2,18.9,1.9,20.7,45.4,24.06,Fianarantsoa,-21.454,47.086,1127.0
2020-02-03,23.2,15.0,18.5,2.4,23.1,50.0,20.98,Fianarantsoa,-21.454,47.086,1127.0
2020-02-04,23.0,15.9,19.2,2.8,21.7,48.2,20.69,Fianarantsoa,-21.454,47.086,1127.0
2020-02-05,24.7,17.0,19.9,0.9,16.2,38.2,25.66,Fianarantsoa,-21.454,47.086,1127.0
2020-02-06,25.8,15.7,19.9,0.7,16.0,36.7,27.28,Fianarantsoa,-21.454,47.086,1127.0
2020-02-07,27.1,15.0,20.4,0.3,15.4,35.3,27.51,Fianarantsoa,-21.454,47.086,1127.0
2020-02-08,26.9,15.6,20.5,0.6,18.0,41.4,28.9,Fianarantsoa,-21.454,47.086,1127.0
2020-02-09,26.5,16.8,20.8,0.8,17.0,37.1,26.36,Fianarantsoa,-21.454,47.086,1127.0
2020-02-10,27.8,15.9,20.8,0.2,18.3,39.2,31.23,Fianarantsoa,-21.454,47.086,1127.0
2020-02-11,26.0,14.3,19.5,0.0,13.1,30.6,31.51,Fianarantsoa,-21.454,47.086,1127.0
2020-02-12,25.1,15.0,19.6,0.2,21.7,49.3,27.27,Fianarantsoa,-21.454,47.086,1127.0
2020-02-13,24.0,17.6,20.4,2.1,20.6,48.6,21.52,Fianarantsoa,-21.454,47.086,1127.0
2020-02-14,21.5,17.3,19.4,35.0,17.3,37.8,7.45,Fianarantsoa,-21.454,47.086,1127.0
2020-02-15,22.6,18.3,19.4,77.3,23.3,51.1,8.42,Fianarantsoa,-21.454,47.086,1127.0
2020-02-16,21.9,17.1,18.7,19.8,21.6,56.9,12.96,Fianarantsoa,-21.454,47.086,1127.0
2020-02-17,20.5,17.4,18.7,25.9,22.3,47.9,9.0,Fianarantsoa,-21.454,47.086,1127.0
2020-02-18,23.8,16.6,19.7,1.0,16.9,38.2,17.27,Fianarantsoa,-21.454,47.086,1127.0
2020-02-19,25.0,17.9,20.3,7.9,15.5,33.8,21.25,Fianarantsoa,-21.454,47.086,1127.0
2020-02-20,22.3,16.7,19.1,15.4,17.7,39.2,13.12,Fianarantsoa,-21.454,47.086,1127.0
2020-02-21,24.0,16.6,19.6,15.9,15.3,35.6,17.61,Fianarantsoa,-21.454,47.086,1127.0
2020-02-22,22.9,17.1,18.8,19.7,15.0,36.0,15.11,Fianarantsoa,-21.454,47.086,1127.0
2020-02-23,25.5,16.5,20.3,12.4,9.0,28.1,21.53,Fianarantsoa,-21.454,47.086,1127.0
2020-02-24,26.4,18.7,21.8,1.0,17.3,40.0,25.37,Fianarantsoa,-21.454,47.086,1127.0
2020-02-25,21.4,16.8,19.3,2.2,19.1,41.8,15.56,Fianarantsoa,-21.454,47.086,1127.0
2020-02-26,20.9,15.8,17.8,0.6,15.1,33.1,15.65,Fianarantsoa,-21.454,47.086,1127.0
2020-02-27,25.6,15.1,18.7,0.6,15.1,32.8,22.07,Fianarantsoa,-21.454,47.086,1127.0
2020-02-28,27.4,15.5,20.1,0.0,14.9,29.9,28.62,Fianarantsoa,-21.454,47.086,1127.0
2020-02-29,27.6,16.1,20.5,1.8,15.7,36.7,26.25,Fianarantsoa,-21.454,47.086,1127.0
2020-03-01,24.5,15.8,19.2,1.1,16.5,36.4,21.63,Fianarantsoa,-21.454,47.086,1127.0
2020-03-02,23.9,13.9,18.3,0.2,17.1,39.2,23.61,Fianarantsoa,-21.454,47.086,1127.0
2020-03-03,23.2,15.9,18.8,2.0,16.0,32.8,15.35,Fianarantsoa,-21.454,47.086,1127.0
2020-03-04,23.4,15.7,18.7,0.8,19.0,43.2,18.75,Fianarantsoa,-21.454,47.086,1127.0
2020-03-05,22.1,14.5,18.3,2.0,23.5,49.7,17.49,Fianarantsoa,-21.454,47.086,1127.0
2020-03-06,24.4,13.7,18.7,0.6,18.9,41.4,16.45,Fianarantsoa,-21.454,47.086,1127.0
2020-03-07,22.7,18.3,19.9,18.7,28.2,60.1,14.99,Fianarantsoa,-21.454,47.086,1127.0
2020-03-08,20.2,17.4,18.4,51.4,23.5,57.2,9.62,Fianarantsoa,-21.454,47.086,1127.0
2020-03-09,22.3,17.2,18.8,9.6,26.2,56.5,20.23,Fianarantsoa,-21.454,47.086,1127.0
2020-03-10,22.2,17.3,19.0,7.1,24.9,52.6,20.41,Fianarantsoa,-21.454,47.086,1127.0
2020-03-11,23.0,16.9,19.3,3.3,20.6,44.6,19.97,Fianarantsoa,-21.454,47.086,1127.0
2020-03-12,23.5,16.7,19.6,1.0,18.8,41.8,20.35,Fianarantsoa,-21.454,47.086,1127.0
2020-03-13,23.6,16.0,19.1,0.5,18.7,40.0,23.36,Fianarantsoa,-21.454,47.086,1127.0
2020-03-14,23.7,16.3,19.2,1.9,20.3,44.6,18.54,Fianarantsoa,-21.454,47.086,1127.0
2020-03-15,24.1,17.0,19.7,1.7,14.5,34.2,20.96,Fianarantsoa,-21.454,47.086,1127.0
2020-03-16,24.8,15.3,19.4,0.9,12.1,25.6,24.3,Fianarantsoa,-21.454,47.086,1127.0
2020-03-17,25.8,16.3,20.9,1.0,8.9,24.5,21.34,Fianarantsoa,-21.454,47.086,1127.0
2020-03-18,24.8,17.8,19.9,4.5,13.7,34.6,16.58,Fianarantsoa,-21.454,47.086,1127.0
2020-03-19,23.5,16.9,19.2,2.6,12.6,28.8,15.38,Fianarantsoa,-21.454,47.086,1127.0
2020-03-20,24.0,17.2,19.1,15.5,14.2,33.1,17.37,Fianarantsoa,-21.454,47.086,1127.0
2020-03-21,22.5,17.2,18.9,3.9,15.8,34.6,13.91,Fianarantsoa,-21.454,47.086,1127.0
2020-03-22,22.5,15.8,18.6,2.0,18.4,40.7,16.37,Fianarantsoa,-21.454,47.086,1127.0
2020-03-23,22.6,15.4,18.5,0.8,15.8,36.7,19.17,Fianarantsoa,-21.454,47.086,1127.0
2020-03-24,23.8,15.3,18.6,0.1,16.6,37.4,23.86,Fianarantsoa,-21.454,47.086,1127.0
2020-03-25,24.1,14.3,18.9,3.9,16.4,37.8,20.02,Fianarantsoa,-21.454,47.086,1127.0
2020-03-26,25.5,16.3,20.0,8.2,12.2,30.2,19.26,Fianarantsoa,-21.454,47.086,1127.0
2020-03-27,25.6,15.9,19.9,10.6,11.9,29.2,19.5,Fianarantsoa,-21.454,47.086,1127.0
2020-03-28,24.6,17.6,20.1,6.2,14.4,32.8,18.18,Fianarantsoa,-21.454,47.086,1127.0
2020-03-29,25.0,16.5,20.2,14.4,15.4,36.0,21.17,Fianarantsoa,-21.454,47.086,1127.0
2020-03-30,24.9,15.7,19.6,0.0,12.6,27.0,23.11,Fianarantsoa,-21.454,47.086,1127.0
2020-03-31,26.0,15.2,20.0,0.5,13.4,37.1,20.35,Fianarantsoa,-21.454,47.086,1127.0
2020-04-01,25.9,16.9,20.3,0.2,14.4,34.9,20.06,Fianarantsoa,-21.454,47.086,1127.0
2020-04-02,25.0,16.9,19.6,4.1,16.7,40.0,18.94,Fianarantsoa,-21.454,47.086,1127.0
2020-04-03,19.3,13.6,16.3,0.2,22.5,47.9,13.43,Fianarantsoa,-21.454,47.086,1127.0
2020-04-04,21.0,12.8,16.4,0.1,17.5,40.0,18.63,Fianarantsoa,-21.454,47.086,1127.0
2020-04-05,21.9,14.7,17.3,0.7,13.7,31.7,20.91,Fianarantsoa,-21.454,47.086,1127.0
2020-04-06,23.2,14.5,17.2,20.0,12.8,32.4,13.37,Fianarantsoa,-21.454,47.086,1127.0
2020-04-07,24.3,14.2,18.2,3.2,7.9,28.4,19.08,Fianarantsoa,-21.454,47.086,1127.0
2020-04-08,23.5,16.2,18.7,2.3,7.1,24.5,17.09,Fianarantsoa,-21.454,47.086,1127.0
2020-04-09,23.1,15.6,18.8,1.9,17.4,39.2,19.69,Fianarantsoa,-21.454,47.086,1127.0
2020-04-10,20.8,15.9,17.9,6.1,21.4,46.4,16.01,Fianarantsoa,-21.454,47.086,1127.0
2020-04-11,21.6,13.6,17.3,0.9,19.5,43.2,18.04,Fianarantsoa,-21.454,47.086,1127.0
2020-04-12,22.4,15.5,18.1,0.1,17.0,40.0,16.24,Fianarantsoa,-21.454,47.086,1127.0
2020-04-13,23.7,15.3,18.7,0.6,16.3,35.6,19.53,Fianarantsoa,-21.454,47.086,1127.0
2020-04-14,23.1,16.3,18.9,0.4,17.5,39.6,17.03,Fianarantsoa,-21.454,47.086,1127.0
2020-04-15,22.6,15.3,18.3,0.5,20.3,45.0,17.33,Fianarantsoa,-21.454,47.086,1127.0
2020-04-16,20.8,16.0,17.9,2.6,22.4,47.9,16.39,Fianarantsoa,-21.454,47.086,1127.0
2020-04-17,22.2,14.2,17.5,0.4,17.3,37.4,21.03,Fianarantsoa,-21.454,47.086,1127.0
2020-04-18,22.4,14.4,17.8,0.8,16.7,38.2,19.46,Fianarantsoa,-21.454,47.086,1127.0
2020-04-19,21.2,15.0,17.3,1.7,19.1,43.2,15.86,Fianarantsoa,-21.454,47.086,1127.0
2020-04-20,19.7,14.9,16.2,4.2,23.0,49.3,11.04,Fianarantsoa,-21.454,47.086,1127.0
2020-04-21,20.3,14.6,16.8,0.8,20.7,45.4,15.38,Fianarantsoa,-21.454,47.086,1127.0
2020-04-22,18.2,14.9,16.3,12.6,12.0,25.6,4.9,Fianarantsoa,-21.454,47.086,1127.0
2020-04-23,19.7,13.7,16.0,9.9,15.4,35.6,11.26,Fianarantsoa,-21.454,47.086,1127.0
2020-04-24,21.4,14.9,17.2,3.1,13.2,31.0,15.15,Fianarantsoa,-21.454,47.086,1127.0
2020-04-25,23.2,13.0,17.8,0.7,9.4,25.6,17.91,Fianarantsoa,-21.454,47.086,1127.0
2020-04-26,24.0,14.8,18.5,0.0,16.9,38.2,18.04,Fianarantsoa,-21.454,47.086,1127.0
2020-04-27,19.1,14.3,16.3,0.7,23.3,49.3,11.93,Fianarantsoa,-21.454,47.086,1127.0
2020-04-28,21.0,14.3,16.8,0.6,15.1,33.8,12.59,Fianarantsoa,-21.454,47.086,1127.0
2020-04-29,21.0,15.4,17.3,0.8,15.8,34.6,11.62,Fianarantsoa,-21.454,47.086,1127.0
2020-04-30,20.7,15.7,17.5,1.1,13.6,32.8,15.0,Fianarantsoa,-21.454,47.086,1127.0
2020-05-01,22.5,14.4,17.7,0.0,10.8,27.4,19.3,Fianarantsoa,-21.454,47.086,1127.0
2020-05-02,24.6,12.9,18.1,0.2,13.3,29.2,18.1,Fianarantsoa,-21.454,47.086,1127.0
2020-05-03,24.5,14.1,18.3,0.4,14.9,29.2,19.49,Fianarantsoa,-21.454,47.086,1127.0
2020-05-04,23.8,15.8,18.5,1.0,13.6,31.0,17.54,Fianarantsoa,-21.454,47.086,1127.0
2020-05-05,23.0,14.2,18.0,0.5,13.8,30.2,16.3,Fianarantsoa,-21.454,47.086,1127.0
2020-05-06,23.0,15.2,18.3,0.6,12.3,28.8,16.1,Fianarantsoa,-21.454,47.086,1127.0
2020-05-07,24.3,14.2,18.4,0.4,10.8,26.3,18.91,Fianarantsoa,-21.454,47.086,1127.0
2020-05-08,21.5,14.6,16.9,0.7,15.1,32.8,15.69,Fianarantsoa,-21.454,47.086,1127.0
2020-05-09,20.2,13.0,15.8,0.3,16.9,34.9,14.86,Fianarantsoa,-21.454,47.086,1127.0
2020-05-10,17.3,12.7,14.8,0.7,18.2,39.2,9.0,Fianarantsoa,-21.454,47.086,1127.0
2020-05-11,18.7,14.0,15.5,2.1,15.4,35.3,11.69,Fianarantsoa,-21.454,47.086,1127.0
2020-05-12,22.0,13.5,16.8,2.2,10.5,31.0,15.14,Fianarantsoa,-21.454,47.086,1127.0
2020-05-13,22.0,14.4,17.4,4.5,12.6,27.4,12.41,Fianarantsoa,-21.454,47.086,1127.0
2020-05-14,22.5,11.7,16.8,0.3,10.7,23.0,17.7,Fianarantsoa,-21.454,47.086,1127.0
2020-05-15,21.8,13.0,16.6,0.3,12.6,29.2,15.83,Fianarantsoa,-21.454,47.086,1127.0
2020-05-16,22.4,12.9,16.3,0.4,9.0,20.9,17.83,Fianarantsoa,-21.454,47.086,1127.0
2020-05-17,20.5,12.1,15.4,0.3,16.5,39.6,17.22,Fianarantsoa,-21.454,47.086,1127.0
2020-05-18,18.2,11.6,14.0,0.3,13.4,30.6,13.69,Fianarantsoa,-21.454,47.086,1127.0
2020-05-19,17.6,12.0,14.0,0.2,16.0,37.4,15.35,Fianarantsoa,-21.454,47.086,1127.0
2020-05-20,17.0,11.7,13.9,2.0,23.0,50.8,13.9,Fianarantsoa,-21.454,47.086,1127.0
2020-05-21,16.2,11.9,13.6,2.5,26.1,55.4,12.16,Fianarantsoa,-21.454,47.086,1127.0
2020-05-22,17.4,12.9,14.6,2.2,26.6,56.5,14.07,Fianarantsoa,-21.454,47.086,1127.0
2020-05-23,19.3,13.3,15.3,0.9,15.6,35.3,10.84,Fianarantsoa,-21.454,47.086,1127.0
2020-05-24,20.0,13.6,15.9,0.7,14.1,32.0,13.51,Fianarantsoa,-21.454,47.086,1127.0
2020-05-25,21.5,10.1,15.5,0.2,14.8,33.8,14.64,Fianarantsoa,-21.454,47.086,1127.0
2020-05-26,23.8,12.9,17.1,0.3,10.8,26.6,14.93,Fianarantsoa,-21.454,47.086,1127.0
2020-05-27,24.6,12.4,16.6,0.0,8.6,19.8,16.26,Fianarantsoa,-21.454,47.086,1127.0
2020-05-28,22.9,11.9,16.8,0.1,12.2,24.8,16.89,Fianarantsoa,-21.454,47.086,1127.0
2020-05-29,22.3,12.0,16.8,0.3,12.2,26.3,16.12,Fianarantsoa,-21.454,47.086,1127.0
2020-05-30,25.1,10.6,16.9,0.0,15.2,34.2,17.45,Fianarantsoa,-21.454,47.086,1127.0
2020-05-31,21.7,14.6,16.9,1.9,14.9,32.0,13.68,Fianarantsoa,-21.454,47.086,1127.0
2020-06-01,18.2,13.9,15.4,2.2,17.8,39.2,11.57,Fianarantsoa,-21.454,47.086,1127.0
2020-06-02,18.7,12.3,14.6,1.1,17.0,38.9,15.42,Fianarantsoa,-21.454,47.086,1127.0
2020-06-03,15.5,10.1,12.8,1.2,18.8,41.0,8.35,Fianarantsoa,-21.454,47.086,1127.0
2020-06-04,19.0,11.5,14.5,0.1,17.5,37.8,13.14,Fianarantsoa,-21.454,47.086,1127.0
2020-06-05,16.7,13.1,14.4,0.1,11.6,25.9,5.24,Fianarantsoa,-21.454,47.086,1127.0
2020-06-06,17.1,13.1,14.6,3.0,17.3,37.8,8.65,Fianarantsoa,-21.454,47.086,1127.0
2020-06-07,16.6,12.6,13.8,7.5,23.3,49.3,11.21,Fianarantsoa,-21.454,47.086,1127.0
2020-06-08,15.1,11.3,12.7,3.1,19.9,43.9,11.32,Fianarantsoa,-21.454,47.086,1127.0
2020-06-09,16.7,10.4,12.9,2.8,17.4,38.9,10.67,Fianarantsoa,-21.454,47.086,1127.0
2020-06-10,15.9,10.7,12.8,1.5,21.6,46.8,11.71,Fianarantsoa,-21.454,47.086,1127.0
2020-06-11,16.8,11.3,13.3,1.5,23.4,50.4,12.7,Fianarantsoa,-21.454,47.086,1127.0
2020-06-12,20.1,7.6,13.5,0.0,11.9,23.8,17.02,Fianarantsoa,-21.454,47.086,1127.0
2020-06-13,19.8,9.4,13.6,0.0,15.5,32.8,16.59,Fianarantsoa,-21.454,47.086,1127.0
2020-06-14,14.7,10.7,12.5,2.0,17.4,38.9,4.99,Fianarantsoa,-21.454,47.086,1127.0
2020-06-15,16.0,10.4,12.4,0.3,16.6,36.7,7.82,Fianarantsoa,-21.454,47.086,1127.0
2020-06-16,18.1,11.6,14.0,1.0,15.9,36.4,11.73,Fianarantsoa,-21.454,47.086,1127.0
2020-06-17,14.7,10.5,12.7,6.4,25.4,53.6,8.81,Fianarantsoa,-21.454,47.086,1127.0
2020-06-18,15.3,10.0,12.2,1.9,23.8,50.8,13.28,Fianarantsoa,-21.454,47.086,1127.0
2020-06-19,15.5,11.4,12.8,3.1,22.0,48.2,9.35,Fianarantsoa,-21.454,47.086,1127.0
2020-06-20,13.4,11.7,12.6,15.5,16.5,34.9,3.74,Fianarantsoa,-21.454,47.086,1127.0
2020-06-21,17.7,12.8,14.4,10.4,15.0,32.8,6.42,Fianarantsoa,-21.454,47.086,1127.0
2020-06-22,22.2,12.9,16.7,0.1,12.0,25.6,14.68,Fianarantsoa,-21.454,47.086,1127.0
2020-06-23,19.5,14.3,16.1,1.5,14.7,33.1,8.38,Fianarantsoa,-21.454,47.086,1127.0
2020-06-24,17.2,13.6,14.9,1.4,14.8,33.1,7.21,Fianarantsoa,-21.454,47.086,1127.0
2020-06-25,18.0,12.6,14.6,0.8,17.1,37.4,9.14,Fianarantsoa,-21.454,47.086,1127.0
2020-06-26,17.6,13.1,14.5,6.7,19.9,43.2,12.09,Fianarantsoa,-21.454,47.086,1127.0
2020-06-27,21.4,10.2,15.2,0.0,11.9,25.6,16.8,Fianarantsoa,-21.454,47.086,1127.0
2020-06-28,23.2,10.8,15.5,0.0,10.2,24.8,16.74,Fianarantsoa,-21.454,47.086,1127.0
2020-06-29,23.1,10.4,15.5,0.0,15.0,29.9,16.16,Fianarantsoa,-21.454,47.086,1127.0
2020-06-30,22.1,11.7,15.4,0.0,13.9,30.6,16.08,Fianarantsoa,-21.454,47.086,1127.0
2020-07-01,18.5,11.9,14.2,1.5,16.1,33.8,13.62,Fianarantsoa,-21.454,47.086,1127.0
2020-07-02,15.9,10.8,12.6,1.3,18.8,40.7,13.28,Fianarantsoa,-21.454,47.086,1127.0
2020-07-03,19.3,9.6,13.6,0.0,11.5,25.6,17.41,Fianarantsoa,-21.454,47.086,1127.0
2020-07-04,18.4,9.3,13.3,0.1,15.5,34.9,16.97,Fianarantsoa,-21.454,47.086,1127.0
2020-07-05,18.1,7.7,12.6,0.0,13.0,29.2,14.29,Fianarantsoa,-21.454,47.086,1127.0
2020-07-06,18.9,8.3,13.0,0.0,13.4,30.6,17.08,Fianarantsoa,-21.454,47.086,1127.0
2020-07-07,17.2,10.2,12.9,0.2,16.2,37.4,15.67,Fianarantsoa,-21.454,47.086,1127.0
2020-07-08,18.2,10.9,13.5,0.7,20.0,44.6,16.29,Fianarantsoa,-21.454,47.086,1127.0
2020-07-09,15.8,10.6,12.5,1.3,21.9,49.0,13.23,Fianarantsoa,-21.454,47.086,1127.0
2020-07-10,16.4,6.8,12.3,1.0,21.7,47.2,11.65,Fianarantsoa,-21.454,47.086,1127.0
2020-07-11,17.0,12.0,14.0,1.6,20.9,45.4,10.08,Fianarantsoa,-21.454,47.086,1127.0
2020-07-12,21.0,8.6,14.6,0.0,15.8,32.8,17.3,Fianarantsoa,-21.454,47.086,1127.0
2020-07-13,21.3,11.7,15.1,0.0,9.0,18.4,15.5,Fianarantsoa,-21.454,47.086,1127.0
2020-07-14,20.9,9.2,14.4,0.0,13.4,33.1,16.54,Fianarantsoa,-21.454,47.086,1127.0
2020-07-15,21.0,9.9,14.3,0.0,13.7,28.1,17.19,Fianarantsoa,-21.454,47.086,1127.0
2020-07-16,15.6,10.0,12.6,1.0,18.5,40.3,11.15,Fianarantsoa,-21.454,47.086,1127.0
2020-07-17,14.1,8.3,10.8,0.0,24.0,52.2,10.75,Fianarantsoa,-21.454,47.086,1127.0
2020-07-18,15.1,9.8,11.9,1.7,26.9,57.6,10.79,Fianarantsoa,-21.454,47.086,1127.0
2020-07-19,14.6,8.8,11.4,0.2,20.7,46.1,10.39,Fianarantsoa,-21.454,47.086,1127.0
2020-07-20,14.2,8.3,11.0,0.2,18.4,42.8,13.99,Fianarantsoa,-21.454,47.086,1127.0
2020-07-21,15.8,9.5,12.0,0.1,14.8,34.9,12.16,Fianarantsoa,-21.454,47.086,1127.0
2020-07-22,14.4,10.0,11.7,3.5,20.1,43.9,9.01,Fianarantsoa,-21.454,47.086,1127.0
2020-07-23,14.1,7.5,11.0,3.8,25.9,55.4,10.08,Fianarantsoa,-21.454,47.086,1127.0
2020-07-24,13.1,8.4,10.6,3.4,25.4,54.7,10.45,Fianarantsoa,-21.454,47.086,1127.0
2020-07-25,13.3,9.1,10.5,5.7,29.4,63.0,9.67,Fianarantsoa,-21.454,47.086,1127.0
2020-07-26,14.0,8.6,10.5,2.3,23.6,52.6,10.87,Fianarantsoa,-21.454,47.086,1127.0
2020-07-27,20.4,4.8,12.3,0.0,9.5,23.0,18.45,Fianarantsoa,-21.454,47.086,1127.0
2020-07-28,14.2,8.1,11.6,1.2,15.5,34.6,6.42,Fianarantsoa,-21.454,47.086,1127.0
2020-07-29,15.6,11.0,13.1,26.5,10.4,29.9,6.08,Fianarantsoa,-21.454,47.086,1127.0
2020-07-30,20.3,12.3,15.4,2.0,13.1,40.3,13.26,Fianarantsoa,-21.454,47.086,1127.0
2020-07-31,17.0,10.2,13.4,0.2,16.9,36.7,11.53,Fianarantsoa,-21.454,47.086,1127.0
2020-08-01,17.0,8.9,12.9,0.8,17.7,40.3,17.81,Fianarantsoa,-21.454,47.086,1127.0
2020-08-02,16.7,10.2,13.1,1.7,21.4,47.2,14.58,Fianarantsoa,-21.454,47.086,1127.0
2020-08-03,14.1,9.1,11.2,1.0,25.2,55.4,9.79,Fianarantsoa,-21.454,47.086,1127.0
2020-08-04,16.7,7.7,11.9,0.0,16.5,38.2,18.0,Fianarantsoa,-21.454,47.086,1127.0
2020-08-05,22.9,9.0,13.8,0.0,14.1,28.1,19.48,Fianarantsoa,-21.454,47.086,1127.0
2020-08-06,20.4,10.7,14.2,0.0,12.3,29.2,18.17,Fianarantsoa,-21.454,47.086,1127.0
2020-08-07,22.5,10.8,16.1,0.2,13.4,28.1,19.78,Fianarantsoa,-21.454,47.086,1127.0
2020-08-08,14.5,9.7,12.5,0.5,21.9,46.4,9.63,Fianarantsoa,-21.454,47.086,1127.0
2020-08-09,15.6,8.2,11.0,0.5,17.6,40.3,19.52,Fianarantsoa,-21.454,47.086,1127.0
2020-08-10,21.6,8.5,13.5,0.0,11.2,27.0,20.44,Fianarantsoa,-21.454,47.086,1127.0
2020-08-11,21.4,8.7,13.5,0.0,16.0,36.0,19.43,Fianarantsoa,-21.454,47.086,1127.0
2020-08-12,18.5,8.5,12.7,0.0,12.3,31.0,20.64,Fianarantsoa,-21.454,47.086,1127.0
2020-08-13,20.6,6.7,13.0,0.0,10.6,26.3,21.46,Fianarantsoa,-21.454,47.086,1127.0
2020-08-14,20.0,8.2,13.4,0.0,13.5,33.1,21.42,Fianarantsoa,-21.454,47.086,1127.0
2020-08-15,19.5,9.1,13.3,0.0,13.9,33.5,21.75,Fianarantsoa,-21.454,47.086,1127.0
2020-08-16,21.6,8.1,13.5,0.0,13.8,31.0,21.0,Fianarantsoa,-21.454,47.086,1127.0
2020-08-17,22.1,9.7,15.1,0.0,14.4,36.0,21.24,Fianarantsoa,-21.454,47.086,1127.0
2020-08-18,19.8,11.5,14.8,0.1,15.2,36.0,21.66,Fianarantsoa,-21.454,47.086,1127.0
2020-08-19,24.0,9.5,15.9,0.0,13.7,31.3,21.15,Fianarantsoa,-21.454,47.086,1127.0
2020-08-20,22.0,10.3,15.6,0.0,14.5,33.1,20.58,Fianarantsoa,-21.454,47.086,1127.0
2020-08-21,20.7,9.1,15.0,0.0,13.1,33.1,22.21,Fianarantsoa,-21.454,47.086,1127.0
2020-08-22,19.2,10.2,14.5,0.6,18.9,42.8,20.68,Fianarantsoa,-21.454,47.086,1127.0
2020-08-23,19.5,7.8,13.9,0.0,18.5,43.2,21.87,Fianarantsoa,-21.454,47.086,1127.0
2020-08-24,21.9,9.3,15.2,0.0,15.9,36.0,22.37,Fianarantsoa,-21.454,47.086,1127.0
2020-08-25,22.4,11.7,16.4,0.0,14.4,30.6,22.17,Fianarantsoa,-21.454,47.086,1127.0
2020-08-26,23.0,13.0,16.6,0.0,16.6,37.8,20.69,Fianarantsoa,-21.454,47.086,1127.0
2020-08-27,23.5,11.8,16.9,0.2,16.3,35.3,19.69,Fianarantsoa,-21.454,47.086,1127.0
2020-08-28,21.7,13.1,16.2,0.0,19.1,41.0,20.77,Fianarantsoa,-21.454,47.086,1127.0
2020-08-29,21.6,13.3,16.3,0.2,17.2,40.3,21.56,Fianarantsoa,-21.454,47.086,1127.0
2020-08-30,20.7,12.3,15.6,0.3,19.9,46.1,19.99,Fianarantsoa,-21.454,47.086,1127.0
2020-08-31,21.3,10.4,15.4,0.1,17.1,38.5,17.81,Fianarantsoa,-21.454,47.086,1127.0
2020-09-01,21.5,8.4,15.2,0.0,16.3,39.2,23.86,Fianarantsoa,-21.454,47.086,1127.0
2020-09-02,21.4,11.4,15.7,0.3,17.6,37.1,22.68,Fianarantsoa,-21.454,47.086,1127.0
2020-09-03,16.2,9.1,12.2,0.0,18.4,39.6,17.16,Fianarantsoa,-21.454,47.086,1127.0
2020-09-04,15.7,7.1,11.1,0.1,19.5,44.6,13.2,Fianarantsoa,-21.454,47.086,1127.0
2020-09-05,15.3,9.6,12.0,1.9,23.2,51.8,15.3,Fianarantsoa,-21.454,47.086,1127.0
2020-09-06,15.6,9.8,12.1,2.2,20.7,43.9,15.58,Fianarantsoa,-21.454,47.086,1127.0
2020-09-07,19.4,8.2,13.4,0.1,15.8,33.5,22.49,Fianarantsoa,-21.454,47.086,1127.0
2020-09-08,19.6,11.9,15.1,1.7,18.4,41.8,19.43,Fianarantsoa,-21.454,47.086,1127.0
2020-09-09,20.6,12.2,15.6,1.9,20.5,47.2,17.33,Fianarantsoa,-21.454,47.086,1127.0
2020-09-10,19.4,13.6,15.8,2.4,19.7,44.3,16.43,Fianarantsoa,-21.454,47.086,1127.0
2020-09-11,20.6,10.8,15.4,0.2,18.4,42.5,23.33,Fianarantsoa,-21.454,47.086,1127.0
2020-09-12,22.3,12.9,16.6,0.0,15.1,34.6,23.95,Fianarantsoa,-21.454,47.086,1127.0
2020-09-13,20.8,13.0,16.0,0.8,20.9,47.2,19.68,Fianarantsoa,-21.454,47.086,1127.0
2020-09-14,20.5,11.7,15.2,0.3,19.4,43.9,23.53,Fianarantsoa,-21.454,47.086,1127.0
2020-09-15,22.9,10.8,16.3,0.0,17.0,37.1,23.77,Fianarantsoa,-21.454,47.086,1127.0
2020-09-16,22.2,13.2,16.7,0.2,14.8,34.9,22.88,Fianarantsoa,-21.454,47.086,1127.0
2020-09-17,23.4,10.4,16.1,0.0,16.9,37.1,24.74,Fianarantsoa,-21.454,47.086,1127.0
2020-09-18,22.2,9.4,15.1,0.0,17.0,40.3,26.02,Fianarantsoa,-21.454,47.086,1127.0
2020-09-19,21.6,7.9,14.9,0.0,18.6,43.6,26.19,Fianarantsoa,-21.454,47.086,1127.0
2020-09-20,21.8,8.8,15.0,0.0,18.9,44.3,26.46,Fianarantsoa,-21.454,47.086,1127.0
2020-09-21,22.6,9.4,15.9,0.0,15.5,37.1,26.39,Fianarantsoa,-21.454,47.086,1127.0
2020-09-22,26.2,11.3,17.5,0.4,20.5,46.1,23.81,Fianarantsoa,-21.454,47.086,1127.0
2020-09-23,19.6,12.7,15.5,1.4,22.3,48.2,16.57,Fianarantsoa,-21.454,47.086,1127.0
2020-09-24,21.3,12.1,15.7,0.7,16.8,39.2,22.36,Fianarantsoa,-21.454,47.086,1127.0
2020-09-25,21.9,12.4,16.1,0.5,16.4,37.8,24.27,Fianarantsoa,-21.454,47.086,1127.0
2020-09-26,25.4,12.0,17.2,0.1,20.9,45.4,24.04,Fianarantsoa,-21.454,47.086,1127.0
2020-09-27,25.9,12.4,18.2,0.3,17.0,41.0,23.18,Fianarantsoa,-21.454,47.086,1127.0
2020-09-28,24.9,13.5,18.2,0.0,18.4,40.0,25.08,Fianarantsoa,-21.454,47.086,1127.0
2020-09-29,24.5,12.4,17.7,0.0,14.1,32.0,25.91,Fianarantsoa,-21.454,47.086,1127.0
2020-09-30,28.0,11.4,18.7,0.1,14.4,33.8,24.65,Fianarantsoa,-21.454,47.086,1127.0
2020-10-01,25.2,15.0,19.0,0.9,18.6,40.3,21.42,Fianarantsoa,-21.454,47.086,1127.0
2020-10-02,29.7,13.6,20.3,0.3,21.8,46.8,26.21,Fianarantsoa,-21.454,47.086,1127.0
2020-10-03,24.7,15.8,19.1,4.2,17.1,37.4,20.42,Fianarantsoa,-21.454,47.086,1127.0
2020-10-04,25.0,13.2,17.7,20.0,16.6,39.6,20.61,Fianarantsoa,-21.454,47.086,1127.0
2020-10-05,16.2,11.5,13.6,20.9,18.1,41.0,14.97,Fianarantsoa,-21.454,47.086,1127.0
2020-10-06,16.7,11.3,13.5,6.2,19.0,41.4,12.71,Fianarantsoa,-21.454,47.086,1127.0
2020-10-07,20.7,12.7,16.0,5.3,13.1,39.6,16.91,Fianarantsoa,-21.454,47.086,1127.0
2020-10-08,24.7,14.6,18.0,0.9,18.7,40.7,23.48,Fianarantsoa,-21.454,47.086,1127.0
2020-10-09,27.0,15.3,19.1,1.9,18.8,41.0,23.51,Fianarantsoa,-21.454,47.086,1127.0
2020-10-10,26.4,16.8,20.4,0.7,15.8,36.0,21.24,Fianarantsoa,-21.454,47.086,1127.0
2020-10-11,25.8,16.2,20.1,3.4,11.4,29.5,21.87,Fianarantsoa,-21.454,47.086,1127.0
2020-10-12,25.7,16.8,20.2,0.9,10.9,31.3,21.29,Fianarantsoa,-21.454,47.086,1127.0
2020-10-13,25.2,16.1,20.1,1.0,15.9,36.0,22.39,Fianarantsoa,-21.454,47.086,1127.0
2020-10-14,25.2,16.2,19.8,4.9,16.0,36.4,24.27,Fianarantsoa,-21.454,47.086,1127.0
2020-10-15,20.0,14.6,16.8,1.6,21.1,44.6,14.95,Fianarantsoa,-21.454,47.086,1127.0
2020-10-16,26.5,14.5,19.2,0.4,19.6,42.8,25.02,Fianarantsoa,-21.454,47.086,1127.0
2020-10-17,21.5,15.9,18.0,11.9,18.3,40.0,19.89,Fianarantsoa,-21.454,47.086,1127.0
2020-10-18,20.5,14.4,16.6,1.5,21.8,46.1,18.61,Fianarantsoa,-21.454,47.086,1127.0
2020-10-19,23.9,14.9,18.5,0.7,14.8,32.8,23.94,Fianarantsoa,-21.454,47.086,1127.0
2020-10-20,23.3,14.0,18.1,0.3,16.3,39.2,28.91,Fianarantsoa,-21.454,47.086,1127.0
2020-10-21,23.3,13.9,17.8,0.0,16.2,38.9,28.41,Fianarantsoa,-21.454,47.086,1127.0
2020-10-22,22.0,12.5,16.8,0.4,21.4,49.0,28.5,Fianarantsoa,-21.454,47.086,1127.0
2020-10-23,22.3,13.7,17.1,0.6,20.9,46.4,25.88,Fianarantsoa,-21.454,47.086,1127.0
2020-10-24,23.1,13.3,17.7,0.3,18.1,42.5,28.33,Fianarantsoa,-21.454,47.086,1127.0
2020-10-25,22.8,13.9,17.5,0.2,15.1,36.4,27.41,Fianarantsoa,-21.454,47.086,1127.0
2020-10-26,23.3,14.1,17.7,0.1,15.5,35.6,25.25,Fianarantsoa,-21.454,47.086,1127.0
2020-10-27,25.4,13.6,18.7,0.4,16.6,37.4,25.79,Fianarantsoa,-21.454,47.086,1127.0
2020-10-28,24.2,14.7,18.4,0.4,18.8,39.6,27.14,Fianarantsoa,-21.454,47.086,1127.0
2020-10-29,22.9,13.7,17.0,1.7,21.3,49.3,24.03,Fianarantsoa,-21.454,47.086,1127.0
2020-10-30,18.7,12.0,15.4,4.1,22.7,48.6,18.04,Fianarantsoa,-21.454,47.086,1127.0
2020-10-31,19.8,10.7,14.8,0.0,17.8,42.5,27.88,Fianarantsoa,-21.454,47.086,1127.0
2020-11-01,23.2,12.1,16.9,0.0,16.9,38.9,24.56,Fianarantsoa,-21.454,47.086,1127.0
2020-11-02,23.0,12.2,16.9,0.0,17.0,38.2,28.75,Fianarantsoa,-21.454,47.086,1127.0
2020-11-03,24.1,12.0,17.4,0.0,16.2,38.9,29.26,Fianarantsoa,-21.454,47.086,1127.0
2020-11-04,25.7,14.2,18.7,0.0,14.1,31.7,28.65,Fianarantsoa,-21.454,47.086,1127.0
2020-11-05,26.7,14.3,19.8,0.7,14.8,33.5,24.18,Fianarantsoa,-21.454,47.086,1127.0
2020-11-06,26.4,16.6,20.4,0.1,17.8,40.0,27.28,Fianarantsoa,-21.454,47.086,1127.0
2020-11-07,27.6,17.4,21.2,0.0,14.8,34.6,25.75,Fianarantsoa,-21.454,47.086,1127.0
2020-11-08,26.8,15.8,20.8,0.3,18.8,43.6,29.76,Fianarantsoa,-21.454,47.086,1127.0
2020-11-09,23.8,14.4,18.4,0.5,20.2,47.5,28.18,Fianarantsoa,-21.454,47.086,1127.0
2020-11-10,26.0,13.6,19.2,0.2,17.7,42.8,29.79,Fianarantsoa,-21.454,47.086,1127.0
2020-11-11,26.3,14.7,20.4,0.2,16.6,38.9,27.39,Fianarantsoa,-21.454,47.086,1127.0
2020-11-12,25.2,16.7,20.2,7.6,11.0,29.9,20.19,Fianarantsoa,-21.454,47.086,1127.0
2020-11-13,26.8,14.3,19.5,2.4,21.0,44.6,27.6,Fianarantsoa,-21.454,47.086,1127.0
2020-11-14,21.8,14.4,17.1,1.0,20.0,43.6,20.11,Fianarantsoa,-21.454,47.086,1127.0
2020-11-15,21.4,14.3,16.7,2.6,18.3,39.6,19.21,Fianarantsoa,-21.454,47.086,1127.0
2020-11-16,27.4,13.8,18.7,1.0,18.1,44.3,25.77,Fianarantsoa,-21.454,47.086,1127.0
2020-11-17,25.5,15.2,19.2,0.5,16.9,42.8,25.12,Fianarantsoa,-21.454,47.086,1127.0
2020-11-18,26.7,14.7,19.8,0.0,15.9,35.6,29.72,Fianarantsoa,-21.454,47.086,1127.0
2020-11-19,27.3,13.4,20.2,0.0,14.4,32.4,28.12,Fianarantsoa,-21.454,47.086,1127.0
2020-11-20,28.7,16.9,23.2,0.1,19.1,39.6,25.55,Fianarantsoa,-21.454,47.086,1127.0
2020-11-21,25.7,16.9,19.9,1.8,20.3,44.3,22.02,Fianarantsoa,-21.454,47.086,1127.0
2020-11-22,25.9,16.0,20.0,1.1,19.8,42.5,21.76,Fianarantsoa,-21.454,47.086,1127.0
2020-11-23,26.2,17.7,20.6,1.8,15.5,36.4,20.79,Fianarantsoa,-21.454,47.086,1127.0
2020-11-24,27.8,17.1,21.4,1.0,16.9,37.4,26.0,Fianarantsoa,-21.454,47.086,1127.0
2020-11-25,26.9,17.6,21.0,0.2,17.7,38.9,30.23,Fianarantsoa,-21.454,47.086,1127.0
2020-11-26,26.6,13.9,20.6,0.1,16.7,38.5,31.57,Fianarantsoa,-21.454,47.086,1127.0
2020-11-27,27.5,15.6,21.5,0.1,13.3,29.5,29.46,Fianarantsoa,-21.454,47.086,1127.0
2020-11-28,28.1,17.0,21.8,0.3,17.3,38.9,31.0,Fianarantsoa,-21.454,47.086,1127.0
2020-11-29,29.1,16.7,22.0,0.3,18.1,39.2,28.77,Fianarantsoa,-21.454,47.086,1127.0
2020-11-30,28.0,18.1,22.0,16.3,13.0,35.6,22.1,Fianarantsoa,-21.454,47.086,1127.0
2020-12-01,26.4,18.2,21.4,9.9,13.7,34.2,21.87,Fianarantsoa,-21.454,47.086,1127.0
2020-12-02,27.5,17.7,21.6,16.9,11.6,29.2,23.69,Fianarantsoa,-21.454,47.086,1127.0
2020-12-03,25.5,18.2,20.7,32.4,13.4,35.6,16.49,Fianarantsoa,-21.454,47.086,1127.0
2020-12-04,26.6,18.1,21.3,21.2,11.2,31.0,22.41,Fianarantsoa,-21.454,47.086,1127.0
2020-12-05,22.4,15.8,19.2,0.6,21.5,47.5,19.11,Fianarantsoa,-21.454,47.086,1127.0
2020-12-06,23.5,15.3,18.8,1.3,16.5,37.8,19.94,Fianarantsoa,-21.454,47.086,1127.0
2020-12-07,27.3,17.0,20.4,29.5,12.3,30.6,21.67,Fianarantsoa,-21.454,47.086,1127.0
2020-12-08,20.0,13.7,17.2,5.4,28.5,60.8,15.79,Fianarantsoa,-21.454,47.086,1127.0
2020-12-09,20.1,13.5,16.4,4.5,16.9,36.7,16.47,Fianarantsoa,-21.454,47.086,1127.0
2020-12-10,22.5,15.7,18.2,7.3,17.0,39.2,18.48,Fianarantsoa,-21.454,47.086,1127.0
2020-12-11,23.1,15.9,18.3,7.9,18.6,40.7,19.81,Fianarantsoa,-21.454,47.086,1127.0
2020-12-12,22.9,15.0,18.4,1.3,19.5,42.8,20.6,Fianarantsoa,-21.454,47.086,1127.0
2020-12-13,21.5,14.1,17.5,0.8,17.0,38.2,21.09,Fianarantsoa,-21.454,47.086,1127.0
2020-12-14,23.7,14.7,18.1,1.2,14.1,31.0,26.37,Fianarantsoa,-21.454,47.086,1127.0
2020-12-15,24.2,13.6,18.6,0.2,16.6,36.0,31.96,Fianarantsoa,-21.454,47.086,1127.0
2020-12-16,26.9,11.2,19.5,0.0,17.0,37.8,31.88,Fianarantsoa,-21.454,47.086,1127.0
2020-12-17,27.2,15.4,21.0,0.0,16.3,37.1,30.19,Fianarantsoa,-21.454,47.086,1127.0
2020-12-18,26.9,17.3,21.4,1.8,10.1,26.3,26.33,Fianarantsoa,-21.454,47.086,1127.0
2020-12-19,27.5,17.1,20.8,10.1,14.8,32.8,23.08,Fianarantsoa,-21.454,47.086,1127.0
2020-12-20,26.8,17.9,21.2,1.8,13.7,34.2,24.36,Fianarantsoa,-21.454,47.086,1127.0
2020-12-21,25.2,15.6,20.0,3.0,17.3,38.9,26.16,Fianarantsoa,-21.454,47.086,1127.0
2020-12-22,24.8,16.1,19.4,5.0,15.3,39.6,25.39,Fianarantsoa,-21.454,47.086,1127.0
2020-12-23,25.8,16.4,20.1,0.1,15.8,36.0,28.61,Fianarantsoa,-21.454,47.086,1127.0
2020-12-24,27.1,15.2,21.0,0.2,14.6,32.4,31.76,Fianarantsoa,-21.454,47.086,1127.0
2020-12-25,26.9,16.5,21.0,0.1,15.8,34.2,32.33,Fianarantsoa,-21.454,47.086,1127.0
2020-12-26,26.4,12.5,19.7,0.3,19.8,45.4,28.59,Fianarantsoa,-21.454,47.086,1127.0
2020-12-27,20.5,17.2,18.8,14.8,28.3,57.6,7.08,Fianarantsoa,-21.454,47.086,1127.0
2020-12-28,21.0,18.4,19.3,52.7,23.6,56.9,7.93,Fianarantsoa,-21.454,47.086,1127.0
2020-12-29,22.6,18.0,19.6,1.9,20.1,44.3,13.85,Fianarantsoa,-21.454,47.086,1127.0
2020-12-30,23.4,16.3,19.4,1.7,21.7,47.5,23.96,Fianarantsoa,-21.454,47.086,1127.0
2020-12-31,22.2,15.3,18.2,2.2,21.4,47.9,22.37,Fianarantsoa,-21.454,47.086,1127.0
2021-01-01,23.4,16.0,19.2,2.3,17.3,39.6,24.75,Fianarantsoa,-21.454,47.086,1127.0
2021-01-02,25.4,15.2,20.1,0.5,15.9,35.3,29.68,Fianarantsoa,-21.454,47.086,1127.0
2021-01-03,24.1,15.8,19.1,1.2,19.9,46.4,24.56,Fianarantsoa,-21.454,47.086,1127.0
2021-01-04,25.3,15.3,19.7,1.2,17.0,36.4,30.88,Fianarantsoa,-21.454,47.086,1127.0
2021-01-05,26.5,16.3,20.4,0.4,16.8,36.4,28.88,Fianarantsoa,-21.454,47.086,1127.0
2021-01-06,27.4,15.6,21.1,0.1,16.5,34.6,27.68,Fianarantsoa,-21.454,47.086,1127.0
2021-01-07,28.2,17.4,21.9,0.4,15.3,34.6,29.15,Fianarantsoa,-21.454,47.086,1127.0
2021-01-08,28.2,16.3,21.5,4.3,12.3,31.0,29.12,Fianarantsoa,-21.454,47.086,1127.0
2021-01-09,24.8,17.3,20.6,22.7,15.2,36.0,21.62,Fianarantsoa,-21.454,47.086,1127.0
2021-01-10,26.1,17.4,20.9,1.0,16.4,37.4,27.59,Fianarantsoa,-21.454,47.086,1127.0
2021-01-11,26.1,17.1,21.1,0.7,14.9,35.3,30.16,Fianarantsoa,-21.454,47.086,1127.0
2021-01-12,28.5,16.0,21.3,0.4,19.2,42.5,30.97,Fianarantsoa,-21.454,47.086,1127.0
2021-01-13,28.1,17.9,22.6,3.5,12.2,30.2,27.2,Fianarantsoa,-21.454,47.086,1127.0
2021-01-14,28.1,18.5,21.6,24.4,13.0,32.4,22.95,Fianarantsoa,-21.454,47.086,1127.0
2021-01-15,27.6,19.2,22.0,0.6,12.2,28.4,23.35,Fianarantsoa,-21.454,47.086,1127.0
2021-01-16,27.7,17.8,21.7,10.1,10.7,28.1,26.28,Fianarantsoa,-21.454,47.086,1127.0
2021-01-17,29.6,17.3,22.0,6.2,7.2,21.6,26.58,Fianarantsoa,-21.454,47.086,1127.0
2021-01-18,28.4,18.4,22.2,8.7,11.8,29.2,25.67,Fianarantsoa,-21.454,47.086,1127.0
2021-01-19,27.0,17.9,21.9,0.4,17.3,40.3,28.45,Fianarantsoa,-21.454,47.086,1127.0
2021-01-20,24.4,16.7,20.3,3.1,24.8,54.0,23.82,Fianarantsoa,-21.454,47.086,1127.0
2021-01-21,26.8,19.2,21.9,5.0,24.7,53.3,22.81,Fianarantsoa,-21.454,47.086,1127.0
2021-01-22,27.6,18.2,22.1,7.0,11.1,28.8,24.7,Fianarantsoa,-21.454,47.086,1127.0
2021-01-23,27.3,16.0,21.5,0.8,14.8,35.3,26.14,Fianarantsoa,-21.454,47.086,1127.0
2021-01-24,27.5,17.6,21.1,3.3,13.6,36.4,23.98,Fianarantsoa,-21.454,47.086,1127.0
2021-01-25,25.2,16.0,20.4,4.6,8.9,25.6,22.64,Fianarantsoa,-21.454,47.086,1127.0
2021-01-26,26.0,17.2,20.5,3.5,15.8,35.6,25.26,Fianarantsoa,-21.454,47.086,1127.0
2021-01-27,27.7,16.2,21.0,2.5,17.9,39.2,27.4,Fianarantsoa,-21.454,47.086,1127.0
2021-01-28,26.4,18.1,21.6,4.6,10.5,28.1,24.3,Fianarantsoa,-21.454,47.086,1127.0
2021-01-29,26.1,18.0,21.4,7.1,15.5,32.0,24.5,Fianarantsoa,-21.454,47.086,1127.0
2021-01-30,26.8,16.6,21.0,1.0,15.0,34.9,27.84,Fianarantsoa,-21.454,47.086,1127.0
2021-01-31,26.2,17.9,21.0,7.1,15.0,36.4,27.84,Fianarantsoa,-21.454,47.086,1127.0
2021-02-01,26.6,17.6,21.7,0.0,12.7,31.3,26.78,Fianarantsoa,-21.454,47.086,1127.0
2021-02-02,27.1,18.5,22.2,0.9,17.3,39.6,26.23,Fianarantsoa,-21.454,47.086,1127.0
2021-02-03,26.1,17.9,20.9,0.4,17.4,39.6,28.95,Fianarantsoa,-21.454,47.086,1127.0
2021-02-04,26.1,17.6,21.0,3.5,14.1,35.3,22.17,Fianarantsoa,-21.454,47.086,1127.0
2021-02-05,27.1,16.9,21.5,1.6,13.1,32.8,25.85,Fianarantsoa,-21.454,47.086,1127.0
2021-02-06,27.8,17.6,21.4,6.3,4.7,22.0,21.7,Fianarantsoa,-21.454,47.086,1127.0
2021-02-07,26.0,17.9,20.6,20.3,6.1,24.5,21.02,Fianarantsoa,-21.454,47.086,1127.0
2021-02-08,25.9,16.4,20.4,11.5,13.9,33.5,21.18,Fianarantsoa,-21.454,47.086,1127.0
2021-02-09,23.3,18.5,20.0,5.0,16.3,34.6,13.18,Fianarantsoa,-21.454,47.086,1127.0
2021-02-10,21.4,17.7,18.8,18.5,18.2,39.6,9.9,Fianarantsoa,-21.454,47.086,1127.0
2021-02-11,23.2,17.2,19.0,8.7,16.9,37.4,11.95,Fianarantsoa,-21.454,47.086,1127.0
2021-02-12,23.8,17.3,19.1,11.1,18.1,43.2,16.32,Fianarantsoa,-21.454,47.086,1127.0
2021-02-13,20.7,17.3,18.2,7.9,18.2,40.7,10.25,Fianarantsoa,-21.454,47.086,1127.0
2021-02-14,20.8,16.5,18.1,6.9,19.7,43.2,13.08,Fianarantsoa,-21.454,47.086,1127.0
2021-02-15,21.3,16.3,18.3,9.6,15.9,34.9,11.29,Fianarantsoa,-21.454,47.086,1127.0
2021-02-16,21.9,17.2,19.1,16.4,13.7,41.4,10.6,Fianarantsoa,-21.454,47.086,1127.0
2021-02-17,25.9,17.2,20.6,1.6,17.0,38.9,22.2,Fianarantsoa,-21.454,47.086,1127.0
2021-02-18,28.6,16.1,21.4,1.1,13.8,32.4,27.21,Fianarantsoa,-21.454,47.086,1127.0
2021-02-19,29.2,18.6,22.4,1.5,12.5,28.4,25.59,Fianarantsoa,-21.454,47.086,1127.0
2021-02-20,28.6,19.0,22.6,1.5,8.0,21.2,27.21,Fianarantsoa,-21.454,47.086,1127.0
2021-02-21,26.3,17.5,21.6,7.1,19.2,42.8,21.93,Fianarantsoa,-21.454,47.086,1127.0
2021-02-22,25.3,17.1,20.8,1.3,18.6,42.1,24.22,Fianarantsoa,-21.454,47.086,1127.0
2021-02-23,23.7,17.4,19.8,1.3,23.0,49.7,24.08,Fianarantsoa,-21.454,47.086,1127.0
2021-02-24,24.7,16.5,19.9,1.3,17.3,38.9,22.99,Fianarantsoa,-21.454,47.086,1127.0
2021-02-25,25.8,16.3,20.3,1.4,15.2,37.1,22.68,Fianarantsoa,-21.454,47.086,1127.0
2021-02-26,25.7,17.8,20.7,10.5,12.4,30.6,22.64,Fianarantsoa,-21.454,47.086,1127.0
2021-02-27,26.6,17.3,21.5,2.5,13.4,34.6,23.36,Fianarantsoa,-21.454,47.086,1127.0
2021-02-28,26.7,17.0,21.3,0.7,15.1,32.0,26.05,Fianarantsoa,-21.454,47.086,1127.0
2021-03-01,25.1,17.5,20.5,5.4,17.8,42.5,22.86,Fianarantsoa,-21.454,47.086,1127.0
2021-03-02,24.2,16.1,19.5,26.1,19.0,42.1,20.47,Fianarantsoa,-21.454,47.086,1127.0
2021-03-03,26.5,14.0,19.7,0.1,14.4,29.9,26.41,Fianarantsoa,-21.454,47.086,1127.0
2021-03-04,26.3,17.1,20.2,17.1,14.8,35.6,17.78,Fianarantsoa,-21.454,47.086,1127.0
2021-03-05,23.9,18.0,20.1,15.8,14.9,36.7,14.35,Fianarantsoa,-21.454,47.086,1127.0
2021-03-06,23.7,17.7,19.9,17.6,16.1,35.6,17.79,Fianarantsoa,-21.454,47.086,1127.0
2021-03-07,24.0,17.2,19.8,5.6,13.4,28.1,21.32,Fianarantsoa,-21.454,47.086,1127.0
2021-03-08,23.8,14.0,18.4,1.7,13.3,32.4,20.16,Fianarantsoa,-21.454,47.086,1127.0
2021-03-09,23.7,15.3,19.0,4.4,9.5,25.6,20.74,Fianarantsoa,-21.454,47.086,1127.0
2021-03-10,24.1,15.2,19.2,1.9,10.9,27.4,21.73,Fianarantsoa,-21.454,47.086,1127.0
2021-03-11,23.9,16.4,19.4,1.7,12.4,30.6,20.42,Fianarantsoa,-21.454,47.086,1127.0
2021-03-12,24.4,16.0,19.5,0.5,14.5,33.5,23.72,Fianarantsoa,-21.454,47.086,1127.0
2021-03-13,22.1,15.2,18.1,1.9,18.8,40.3,18.73,Fianarantsoa,-21.454,47.086,1127.0
2021-03-14,21.8,15.1,17.6,5.6,21.0,46.4,12.59,Fianarantsoa,-21.454,47.086,1127.0
2021-03-15,22.2,15.8,18.4,28.6,18.7,40.7,16.28,Fianarantsoa,-21.454,47.086,1127.0
2021-03-16,24.2,16.3,19.0,2.3,16.6,38.2,17.64,Fianarantsoa,-21.454,47.086,1127.0
2021-03-17,23.4,16.2,18.6,16.9,19.5,41.4,15.57,Fianarantsoa,-21.454,47.086,1127.0
2021-03-18,23.4,14.5,18.8,3.4,15.0,36.4,18.25,Fianarantsoa,-21.454,47.086,1127.0
2021-03-19,24.2,16.1,19.3,4.1,14.8,31.7,18.77,Fianarantsoa,-21.454,47.086,1127.0
2021-03-20,23.4,15.7,19.0,0.7,16.1,36.7,18.83,Fianarantsoa,-21.454,47.086,1127.0
2021-03-21,23.9,16.4,19.5,1.0,16.7,36.4,17.47,Fianarantsoa,-21.454,47.086,1127.0
2021-03-22,24.5,16.2,19.7,4.6,15.0,34.2,19.15,Fianarantsoa,-21.454,47.086,1127.0
2021-03-23,25.9,16.5,20.3,7.2,10.5,33.5,18.85,Fianarantsoa,-21.454,47.086,1127.0
2021-03-24,24.1,16.7,19.8,9.5,14.8,35.6,17.45,Fianarantsoa,-21.454,47.086,1127.0
2021-03-25,23.5,17.3,19.3,2.7,13.1,29.5,18.18,Fianarantsoa,-21.454,47.086,1127.0
2021-03-26,23.8,16.4,19.9,4.8,10.5,30.6,17.52,Fianarantsoa,-21.454,47.086,1127.0
2021-03-27,24.8,16.1,19.7,0.2,16.2,37.4,20.87,Fianarantsoa,-21.454,47.086,1127.0
2021-03-28,24.6,13.6,19.0,0.1,16.6,37.8,22.31,Fianarantsoa,-21.454,47.086,1127.0
2021-03-29,24.1,15.7,19.3,0.5,15.1,36.0,22.84,Fianarantsoa,-21.454,47.086,1127.0
2021-03-30,22.5,15.6,18.3,1.8,12.2,29.2,17.66,Fianarantsoa,-21.454,47.086,1127.0
2021-03-31,23.2,15.9,18.5,2.3,15.2,32.8,17.29,Fianarantsoa,-21.454,47.086,1127.0
2021-04-01,22.3,16.2,18.5,2.2,18.0,40.0,17.87,Fianarantsoa,-21.454,47.086,1127.0
2021-04-02,19.8,15.1,17.6,3.1,22.0,47.2,13.37,Fianarantsoa,-21.454,47.086,1127.0
2021-04-03,25.0,13.9,18.5,0.1,14.5,31.7,23.76,Fianarantsoa,-21.454,47.086,1127.0
2021-04-04,26.1,13.9,19.3,1.3,9.5,22.7,21.21,Fianarantsoa,-21.454,47.086,1127.0
2021-04-05,23.4,14.9,19.3,0.0,23.6,51.8,18.85,Fianarantsoa,-21.454,47.086,1127.0
2021-04-06,25.4,11.5,17.7,0.4,18.8,40.7,23.09,Fianarantsoa,-21.454,47.086,1127.0
2021-04-07,21.3,15.3,17.7,1.7,18.9,41.4,13.36,Fianarantsoa,-21.454,47.086,1127.0
2021-04-08,23.0,14.8,18.0,0.0,14.9,34.9,18.05,Fianarantsoa,-21.454,47.086,1127.0
2021-04-09,23.6,14.3,18.7,0.0,12.8,32.0,21.87,Fianarantsoa,-21.454,47.086,1127.0
2021-04-10,23.4,15.8,19.0,0.2,12.6,28.1,17.46,Fianarantsoa,-21.454,47.086,1127.0
2021-04-11,23.8,15.5,18.7,0.0,14.8,35.6,20.29,Fianarantsoa,-21.454,47.086,1127.0
2021-04-12,23.5,15.4,18.4,0.3,18.2,39.6,19.25,Fianarantsoa,-21.454,47.086,1127.0
2021-04-13,22.3,16.2,18.1,2.5,19.1,44.6,15.08,Fianarantsoa,-21.454,47.086,1127.0
2021-04-14,21.6,15.2,17.9,2.1,15.9,36.7,15.86,Fianarantsoa,-21.454,47.086,1127.0
2021-04-15,24.3,14.9,18.5,1.1,11.7,27.7,18.85,Fianarantsoa,-21.454,47.086,1127.0
2021-04-16,24.7,15.3,18.9,2.3,18.8,44.6,19.75,Fianarantsoa,-21.454,47.086,1127.0
2021-04-17,23.0,13.4,17.0,0.4,20.9,45.4,21.36,Fianarantsoa,-21.454,47.086,1127.0
2021-04-18,16.7,11.2,13.7,0.3,19.8,43.2,10.53,Fianarantsoa,-21.454,47.086,1127.0
2021-04-19,19.4,13.1,15.4,0.1,15.2,34.2,13.78,Fianarantsoa,-21.454,47.086,1127.0
2021-04-20,19.2,13.2,15.9,1.7,16.3,35.6,12.74,Fianarantsoa,-21.454,47.086,1127.0
2021-04-21,20.9,12.1,16.1,0.4,17.2,38.2,11.74,Fianarantsoa,-21.454,47.086,1127.0
2021-04-22,22.2,14.8,17.4,0.6,16.6,37.8,16.58,Fianarantsoa,-21.454,47.086,1127.0
2021-04-23,20.8,15.5,17.4,1.3,17.8,41.8,16.57,Fianarantsoa,-21.454,47.086,1127.0
2021-04-24,20.3,14.0,17.2,2.5,22.8,50.0,15.2,Fianarantsoa,-21.454,47.086,1127.0
2021-04-25,20.8,15.5,17.6,1.0,18.3,41.0,13.46,Fianarantsoa,-21.454,47.086,1127.0
2021-04-26,20.2,16.3,17.6,12.4,20.4,43.6,9.73,Fianarantsoa,-21.454,47.086,1127.0
2021-04-27,21.8,15.1,17.8,25.8,15.6,36.4,14.49,Fianarantsoa,-21.454,47.086,1127.0
2021-04-28,23.2,11.8,17.7,0.8,15.3,35.6,17.85,Fianarantsoa,-21.454,47.086,1127.0
2021-04-29,22.8,16.1,18.2,1.3,18.4,41.4,17.01,Fianarantsoa,-21.454,47.086,1127.0
2021-04-30,21.9,16.1,18.2,2.5,12.9,31.7,15.07,Fianarantsoa,-21.454,47.086,1127.0
2021-05-01,24.8,14.1,18.5,0.2,10.3,22.7,17.3,Fianarantsoa,-21.454,47.086,1127.0
2021-05-02,24.4,13.9,18.7,0.0,16.3,35.3,14.08,Fianarantsoa,-21.454,47.086,1127.0
2021-05-03,22.4,13.6,17.6,1.1,14.0,37.4,15.98,Fianarantsoa,-21.454,47.086,1127.0
2021-05-04,22.0,12.2,16.3,0.0,15.8,36.4,18.62,Fianarantsoa,-21.454,47.086,1127.0
2021-05-05,22.6,9.3,15.3,0.0,10.5,27.0,20.8,Fianarantsoa,-21.454,47.086,1127.0
2021-05-06,22.4,8.4,15.2,0.0,13.6,27.7,20.48,Fianarantsoa,-21.454,47.086,1127.0
2021-05-07,22.4,12.3,16.3,0.5,19.5,41.0,18.81,Fianarantsoa,-21.454,47.086,1127.0
2021-05-08,19.8,12.4,15.5,0.3,14.3,31.3,13.33,Fianarantsoa,-21.454,47.086,1127.0
2021-05-09,22.8,12.4,16.7,2.5,11.5,26.3,15.01,Fianarantsoa,-21.454,47.086,1127.0
2021-05-10,20.7,12.6,16.3,0.9,16.7,50.8,13.17,Fianarantsoa,-21.454,47.086,1127.0
2021-05-11,21.6,9.1,15.4,0.1,14.9,33.5,18.01,Fianarantsoa,-21.454,47.086,1127.0
2021-05-12,22.3,13.4,16.5,0.1,13.3,32.0,17.4,Fianarantsoa,-21.454,47.086,1127.0
2021-05-13,22.6,13.1,17.0,0.0,14.1,31.0,18.75,Fianarantsoa,-21.454,47.086,1127.0
2021-05-14,22.3,13.9,17.3,0.7,16.1,36.0,17.51,Fianarantsoa,-21.454,47.086,1127.0
2021-05-15,22.0,14.5,17.2,0.7,18.4,42.5,15.46,Fianarantsoa,-21.454,47.086,1127.0
2021-05-16,23.0,12.8,17.2,0.0,14.4,33.1,18.04,Fianarantsoa,-21.454,47.086,1127.0
2021-05-17,24.0,13.5,17.6,0.1,13.8,28.1,15.39,Fianarantsoa,-21.454,47.086,1127.0
2021-05-18,22.4,14.0,17.0,0.1,12.8,28.1,14.7,Fianarantsoa,-21.454,47.086,1127.0
2021-05-19,18.4,12.9,14.9,0.9,21.0,45.7,12.87,Fianarantsoa,-21.454,47.086,1127.0
2021-05-20,16.0,10.8,13.3,1.0,21.0,46.4,10.73,Fianarantsoa,-21.454,47.086,1127.0
2021-05-21,17.5,10.0,13.3,0.4,16.2,37.4,10.26,Fianarantsoa,-21.454,47.086,1127.0
2021-05-22,18.2,11.0,14.2,0.1,17.7,41.0,13.73,Fianarantsoa,-21.454,47.086,1127.0
2021-05-23,19.1,12.1,14.8,0.4,12.0,28.4,13.33,Fianarantsoa,-21.454,47.086,1127.0
2021-05-24,19.7,11.9,14.5,0.8,14.8,34.2,14.4,Fianarantsoa,-21.454,47.086,1127.0
2021-05-25,18.7,11.0,14.3,1.3,10.8,31.0,13.9,Fianarantsoa,-21.454,47.086,1127.0
2021-05-26,20.8,11.3,14.9,0.0,11.3,24.5,16.15,Fianarantsoa,-21.454,47.086,1127.0
2021-05-27,21.4,11.0,15.0,0.0,12.4,26.6,16.71,Fianarantsoa,-21.454,47.086,1127.0
2021-05-28,21.4,11.4,15.8,0.0,10.8,21.2,17.26,Fianarantsoa,-21.454,47.086,1127.0
2021-05-29,22.6,11.0,15.8,0.0,15.6,35.6,17.95,Fianarantsoa,-21.454,47.086,1127.0
2021-05-30,23.2,9.1,16.1,0.0,13.2,32.0,16.05,Fianarantsoa,-21.454,47.086,1127.0
2021-05-31,23.6,10.4,16.4,0.0,11.0,22.3,16.38,Fianarantsoa,-21.454,47.086,1127.0
2021-06-01,21.4,13.8,16.7,0.2,14.1,32.0,12.56,Fianarantsoa,-21.454,47.086,1127.0
2021-06-02,21.1,14.2,16.5,0.1,16.9,38.2,13.11,Fianarantsoa,-21.454,47.086,1127.0
2021-06-03,22.1,11.9,15.7,0.2,15.5,33.5,15.3,Fianarantsoa,-21.454,47.086,1127.0
2021-06-04,22.3,11.2,16.4,0.2,10.6,24.8,15.24,Fianarantsoa,-21.454,47.086,1127.0
2021-06-05,21.3,11.1,15.7,0.0,15.5,37.8,15.63,Fianarantsoa,-21.454,47.086,1127.0
2021-06-06,16.5,10.9,13.1,0.2,21.5,47.2,11.6,Fianarantsoa,-21.454,47.086,1127.0
2021-06-07,15.4,10.7,12.5,2.3,22.7,50.4,12.12,Fianarantsoa,-21.454,47.086,1127.0
2021-06-08,16.4,10.3,12.4,1.6,20.9,46.1,13.22,Fianarantsoa,-21.454,47.086,1127.0
2021-06-09,16.2,10.9,12.6,3.8,21.7,50.0,12.56,Fianarantsoa,-21.454,47.086,1127.0
2021-06-10,16.5,10.8,12.9,0.5,18.5,41.4,13.32,Fianarantsoa,-21.454,47.086,1127.0
2021-06-11,18.0,9.4,13.3,0.1,13.8,32.4,12.29,Fianarantsoa,-21.454,47.086,1127.0
2021-06-12,19.7,11.1,14.6,0.1,15.9,35.3,12.28,Fianarantsoa,-21.454,47.086,1127.0
2021-06-13,18.0,13.4,15.0,15.6,13.9,31.3,7.51,Fianarantsoa,-21.454,47.086,1127.0
2021-06-14,18.7,12.0,14.5,13.8,11.5,28.1,10.5,Fianarantsoa,-21.454,47.086,1127.0
2021-06-15,19.2,11.0,14.1,0.0,15.1,33.5,15.49,Fianarantsoa,-21.454,47.086,1127.0
2021-06-16,16.8,11.9,13.6,0.1,14.7,33.1,10.25,Fianarantsoa,-21.454,47.086,1127.0
2021-06-17,17.8,9.7,13.2,0.1,10.0,25.2,14.97,Fianarantsoa,-21.454,47.086,1127.0
2021-06-18,19.7,9.4,13.7,0.0,9.2,22.3,16.38,Fianarantsoa,-21.454,47.086,1127.0
2021-06-19,17.1,9.5,13.0,1.1,18.4,41.0,11.8,Fianarantsoa,-21.454,47.086,1127.0
2021-06-20,16.2,11.8,13.4,2.4,22.5,49.0,11.49,Fianarantsoa,-21.454,47.086,1127.0
2021-06-21,14.6,11.5,12.7,3.7,22.3,47.2,9.07,Fianarantsoa,-21.454,47.086,1127.0
2021-06-22,16.8,10.4,12.7,0.4,15.4,36.0,14.32,Fianarantsoa,-21.454,47.086,1127.0
2021-06-23,16.8,8.0,11.9,0.0,16.8,36.7,15.9,Fianarantsoa,-21.454,47.086,1127.0
2021-06-24,18.6,7.3,11.6,0.0,12.6,29.2,17.34,Fianarantsoa,-21.454,47.086,1127.0
2021-06-25,19.1,9.2,12.9,0.0,12.6,29.9,14.77,Fianarantsoa,-21.454,47.086,1127.0
2021-06-26,19.8,9.9,13.8,0.0,8.9,23.0,15.12,Fianarantsoa,-21.454,47.086,1127.0
2021-06-27,19.6,10.9,14.0,0.0,13.4,31.0,13.81,Fianarantsoa,-21.454,47.086,1127.0
2021-06-28,19.2,10.1,13.5,0.0,12.2,26.3,16.65,Fianarantsoa,-21.454,47.086,1127.0
2021-06-29,20.2,10.5,14.1,0.0,11.4,25.2,16.86,Fianarantsoa,-21.454,47.086,1127.0
2021-06-30,19.7,11.4,14.3,0.0,14.8,32.4,16.95,Fianarantsoa,-21.454,47.086,1127.0
2021-07-01,19.9,8.6,13.5,0.0,10.5,27.4,17.0,Fianarantsoa,-21.454,47.086,1127.0
2021-07-02,20.0,9.4,13.1,0.0,11.2,25.6,16.7,Fianarantsoa,-21.454,47.086,1127.0
2021-07-03,18.0,9.5,13.3,0.0,15.0,35.6,14.03,Fianarantsoa,-21.454,47.086,1127.0
2021-07-04,18.7,8.5,12.7,0.1,12.0,29.5,17.49,Fianarantsoa,-21.454,47.086,1127.0
2021-07-05,20.8,9.2,13.9,0.0,12.4,24.8,17.23,Fianarantsoa,-21.454,47.086,1127.0
2021-07-06,19.0,11.2,13.8,0.0,13.7,30.6,17.29,Fianarantsoa,-21.454,47.086,1127.0
2021-07-07,17.5,10.4,13.7,0.2,13.0,30.6,10.68,Fianarantsoa,-21.454,47.086,1127.0
2021-07-08,17.6,12.0,13.8,0.2,17.8,40.0,11.84,Fianarantsoa,-21.454,47.086,1127.0
2021-07-09,17.2,11.2,13.5,0.4,16.6,36.7,7.39,Fianarantsoa,-21.454,47.086,1127.0
2021-07-10,18.5,12.8,14.8,1.0,17.4,37.4,10.96,Fianarantsoa,-21.454,47.086,1127.0
2021-07-11,19.1,11.2,14.3,0.4,17.1,38.9,15.7,Fianarantsoa,-21.454,47.086,1127.0
2021-07-12,18.4,9.7,13.6,0.8,15.6,35.6,12.21,Fianarantsoa,-21.454,47.086,1127.0
2021-07-13,18.7,11.8,14.2,0.0,17.8,39.2,12.51,Fianarantsoa,-21.454,47.086,1127.0
2021-07-14,19.4,8.1,13.8,0.0,13.1,28.1,17.96,Fianarantsoa,-21.454,47.086,1127.0
2021-07-15,17.5,11.6,13.7,2.0,16.2,36.7,12.57,Fianarantsoa,-21.454,47.086,1127.0
2021-07-16,18.1,10.6,13.3,0.5,17.8,41.0,16.22,Fianarantsoa,-21.454,47.086,1127.0
2021-07-17,18.1,11.3,13.7,0.5,17.2,38.9,14.83,Fianarantsoa,-21.454,47.086,1127.0
2021-07-18,18.2,12.4,14.3,0.5,12.8,29.5,10.29,Fianarantsoa,-21.454,47.086,1127.0
2021-07-19,17.7,12.8,14.2,1.5,20.2,44.6,13.28,Fianarantsoa,-21.454,47.086,1127.0
2021-07-20,17.4,12.4,14.1,1.7,18.3,41.0,10.45,Fianarantsoa,-21.454,47.086,1127.0
2021-07-21,18.8,12.6,14.7,0.4,16.6,38.2,13.1,Fianarantsoa,-21.454,47.086,1127.0
2021-07-22,20.2,9.7,14.2,0.1,13.1,28.8,18.6,Fianarantsoa,-21.454,47.086,1127.0
2021-07-23,21.3,9.7,14.6,0.0,15.3,31.3,18.31,Fianarantsoa,-21.454,47.086,1127.0
2021-07-24,13.8,10.8,12.8,2.6,17.6,37.4,4.37,Fianarantsoa,-21.454,47.086,1127.0
2021-07-25,12.5,9.2,10.7,0.1,27.1,56.5,8.13,Fianarantsoa,-21.454,47.086,1127.0
2021-07-26,15.1,8.8,10.9,1.0,19.4,42.1,11.74,Fianarantsoa,-21.454,47.086,1127.0
2021-07-27,16.7,8.2,11.3,0.2,14.3,32.0,16.75,Fianarantsoa,-21.454,47.086,1127.0
2021-07-28,15.7,8.1,11.9,1.6,21.3,47.2,12.68,Fianarantsoa,-21.454,47.086,1127.0
2021-07-29,17.1,11.5,13.6,1.8,25.0,54.4,12.52,Fianarantsoa,-21.454,47.086,1127.0
2021-07-30,18.2,11.6,14.2,1.4,18.4,40.0,14.19,Fianarantsoa,-21.454,47.086,1127.0
2021-07-31,16.5,10.4,13.0,1.3,18.6,42.8,13.65,Fianarantsoa,-21.454,47.086,1127.0
2021-08-01,16.5,7.1,12.0,0.6,19.4,43.9,12.19,Fianarantsoa,-21.454,47.086,1127.0
2021-08-02,20.9,9.9,14.2,0.0,11.6,28.1,17.6,Fianarantsoa,-21.454,47.086,1127.0
2021-08-03,18.8,8.5,13.3,0.0,15.7,35.6,14.71,Fianarantsoa,-21.454,47.086,1127.0
2021-08-04,16.9,11.5,13.3,1.3,20.7,45.4,12.3,Fianarantsoa,-21.454,47.086,1127.0
2021-08-05,15.7,10.7,12.4,0.3,16.2,35.3,13.61,Fianarantsoa,-21.454,47.086,1127.0
2021-08-06,18.0,7.8,12.5,0.0,14.7,34.6,18.32,Fianarantsoa,-21.454,47.086,1127.0
2021-08-07,19.9,9.2,13.5,0.0,12.8,30.6,18.49,Fianarantsoa,-21.454,47.086,1127.0
2021-08-08,21.1,9.2,14.0,0.0,13.1,28.4,20.38,Fianarantsoa,-21.454,47.086,1127.0
2021-08-09,20.6,11.2,14.6,0.0,12.6,27.0,19.02,Fianarantsoa,-21.454,47.086,1127.0
2021-08-10,22.2,9.7,15.0,0.0,17.2,35.6,20.2,Fianarantsoa,-21.454,47.086,1127.0
2021-08-11,18.0,11.0,13.8,0.2,16.4,38.2,14.98,Fianarantsoa,-21.454,47.086,1127.0
2021-08-12,22.5,10.5,15.3,0.0,9.9,25.6,16.8,Fianarantsoa,-21.454,47.086,1127.0
2021-08-13,23.1,8.3,15.7,0.0,12.0,26.6,20.81,Fianarantsoa,-21.454,47.086,1127.0
2021-08-14,17.9,10.5,13.8,0.3,19.4,42.8,13.72,Fianarantsoa,-21.454,47.086,1127.0
2021-08-15,14.1,9.1,11.2,0.5,18.7,41.4,11.9,Fianarantsoa,-21.454,47.086,1127.0
2021-08-16,15.5,8.0,11.4,1.0,19.8,42.8,11.3,Fianarantsoa,-21.454,47.086,1127.0
2021-08-17,16.6,9.2,12.2,0.7,20.4,45.0,16.61,Fianarantsoa,-21.454,47.086,1127.0
2021-08-18,18.7,10.0,13.2,0.0,15.7,35.3,19.42,Fianarantsoa,-21.454,47.086,1127.0
2021-08-19,23.5,9.6,15.3,0.0,15.2,32.8,21.05,Fianarantsoa,-21.454,47.086,1127.0
2021-08-20,26.5,12.2,17.6,0.0,16.7,33.8,21.16,Fianarantsoa,-21.454,47.086,1127.0
2021-08-21,23.6,13.4,17.4,0.1,15.9,37.8,19.21,Fianarantsoa,-21.454,47.086,1127.0
2021-08-22,22.7,12.7,16.5,0.0,15.2,33.1,21.55,Fianarantsoa,-21.454,47.086,1127.0
2021-08-23,25.0,9.8,16.0,0.5,18.4,39.2,20.39,Fianarantsoa,-21.454,47.086,1127.0
2021-08-24,23.5,10.3,16.3,0.1,20.9,44.6,20.22,Fianarantsoa,-21.454,47.086,1127.0
2021-08-25,24.5,13.1,17.2,0.1,13.0,29.5,20.21,Fianarantsoa,-21.454,47.086,1127.0
2021-08-26,21.9,11.8,15.7,0.4,17.3,43.9,19.5,Fianarantsoa,-21.454,47.086,1127.0
2021-08-27,18.1,11.3,14.1,2.4,20.7,48.2,18.01,Fianarantsoa,-21.454,47.086,1127.0
2021-08-28,17.8,11.0,13.6,1.2,21.4,48.2,16.33,Fianarantsoa,-21.454,47.086,1127.0
2021-08-29,20.0,12.4,15.6,1.4,15.8,37.4,15.81,Fianarantsoa,-21.454,47.086,1127.0
2021-08-30,22.9,13.0,17.5,1.1,16.3,38.2,18.0,Fianarantsoa,-21.454,47.086,1127.0
2021-08-31,24.2,15.0,18.4,0.4,16.2,34.6,20.2,Fianarantsoa,-21.454,47.086,1127.0
2021-09-01,24.3,14.7,18.3,0.0,13.8,31.7,21.04,Fianarantsoa,-21.454,47.086,1127.0
2021-09-02,21.6,11.6,16.1,0.0,18.6,42.8,22.91,Fianarantsoa,-21.454,47.086,1127.0
2021-09-03,20.4,11.4,15.1,0.3,18.9,43.9,23.75,Fianarantsoa,-21.454,47.086,1127.0
2021-09-04,18.9,11.2,14.4,0.4,23.6,52.2,18.0,Fianarantsoa,-21.454,47.086,1127.0
2021-09-05,18.0,11.5,13.9,0.7,19.6,44.3,17.47,Fianarantsoa,-21.454,47.086,1127.0
2021-09-06,18.7,11.2,14.1,1.1,18.4,42.8,17.87,Fianarantsoa,-21.454,47.086,1127.0
2021-09-07,21.1,8.9,14.8,0.2,16.0,38.5,21.87,Fianarantsoa,-21.454,47.086,1127.0
2021-09-08,23.4,8.6,15.5,0.0,16.3,36.0,23.53,Fianarantsoa,-21.454,47.086,1127.0
2021-09-09,24.6,11.3,16.7,0.1,19.3,42.1,22.56,Fianarantsoa,-21.454,47.086,1127.0
2021-09-10,19.0,11.7,14.9,0.8,20.0,43.6,16.21,Fianarantsoa,-21.454,47.086,1127.0
2021-09-11,16.1,10.5,12.8,2.0,24.6,51.8,14.3,Fianarantsoa,-21.454,47.086,1127.0
2021-09-12,16.7,11.6,13.6,5.7,23.9,53.3,16.85,Fianarantsoa,-21.454,47.086,1127.0
2021-09-13,18.8,12.0,14.5,0.8,19.4,42.8,18.52,Fianarantsoa,-21.454,47.086,1127.0
2021-09-14,22.3,10.7,16.0,0.0,17.7,38.5,22.6,Fianarantsoa,-21.454,47.086,1127.0
2021-09-15,22.5,9.6,15.9,0.0,14.1,33.1,25.34,Fianarantsoa,-21.454,47.086,1127.0
2021-09-16,23.8,10.4,16.6,0.0,13.3,31.7,25.57,Fianarantsoa,-21.454,47.086,1127.0
2021-09-17,26.4,12.6,19.1,0.0,21.3,43.9,24.18,Fianarantsoa,-21.454,47.086,1127.0
2021-09-18,23.8,12.2,17.7,0.6,21.6,47.2,22.85,Fianarantsoa,-21.454,47.086,1127.0
2021-09-19,17.6,9.8,13.3,0.6,20.7,43.6,20.74,Fianarantsoa,-21.454,47.086,1127.0
2021-09-20,17.8,10.6,13.7,0.4,18.1,38.5,16.74,Fianarantsoa,-21.454,47.086,1127.0
2021-09-21,21.0,10.9,15.5,1.2,16.6,36.4,18.73,Fianarantsoa,-21.454,47.086,1127.0
2021-09-22,23.2,12.3,16.5,5.6,13.7,32.8,21.48,Fianarantsoa,-21.454,47.086,1127.0
2021-09-23,21.9,12.5,16.4,0.9,17.8,39.6,20.57,Fianarantsoa,-21.454,47.086,1127.0
2021-09-24,21.1,11.3,15.6,0.1,18.6,43.2,22.11,Fianarantsoa,-21.454,47.086,1127.0
2021-09-25,21.2,12.9,15.9,0.5,16.9,38.2,19.24,Fianarantsoa,-21.454,47.086,1127.0
2021-09-26,21.2,12.5,15.9,0.5,21.4,48.2,21.39,Fianarantsoa,-21.454,47.086,1127.0
2021-09-27,21.3,9.5,15.3,0.4,18.9,44.6,26.4,Fianarantsoa,-21.454,47.086,1127.0
2021-09-28,22.1,8.3,15.5,0.2,20.6,46.4,22.03,Fianarantsoa,-21.454,47.086,1127.0
2021-09-29,22.8,13.5,17.1,0.0,18.0,40.3,22.51,Fianarantsoa,-21.454,47.086,1127.0
2021-09-30,23.3,12.7,17.1,0.0,16.9,37.4,26.46,Fianarantsoa,-21.454,47.086,1127.0
2021-10-01,22.9,13.3,17.1,0.0,16.9,40.7,26.15,Fianarantsoa,-21.454,47.086,1127.0
2021-10-02,24.0,11.0,17.1,0.0,17.4,41.8,27.31,Fianarantsoa,-21.454,47.086,1127.0
2021-10-03,24.2,12.2,17.5,0.0,18.3,40.0,27.22,Fianarantsoa,-21.454,47.086,1127.0
2021-10-04,26.7,13.6,18.5,1.0,20.2,43.9,22.46,Fianarantsoa,-21.454,47.086,1127.0
2021-10-05,23.7,14.0,18.1,0.9,15.1,34.6,23.06,Fianarantsoa,-21.454,47.086,1127.0
2021-10-06,23.1,14.8,17.4,1.4,17.7,39.2,20.37,Fianarantsoa,-21.454,47.086,1127.0
2021-10-07,18.7,11.3,14.7,4.9,17.3,37.8,17.43,Fianarantsoa,-21.454,47.086,1127.0
2021-10-08,17.5,10.5,13.3,0.4,21.3,46.8,17.85,Fianarantsoa,-21.454,47.086,1127.0
2021-10-09,20.9,11.2,15.2,0.2,18.5,45.0,20.34,Fianarantsoa,-21.454,47.086,1127.0
2021-10-10,23.4,11.9,17.3,0.0,16.1,37.4,23.9,Fianarantsoa,-21.454,47.086,1127.0
2021-10-11,23.6,13.5,17.3,0.3,20.9,45.0,22.61,Fianarantsoa,-21.454,47.086,1127.0
2021-10-12,19.3,13.2,15.4,1.5,16.8,37.8,14.67,Fianarantsoa,-21.454,47.086,1127.0
2021-10-13,25.5,13.4,18.2,0.0,14.4,30.6,26.02,Fianarantsoa,-21.454,47.086,1127.0
2021-10-14,25.2,13.6,18.4,0.0,14.9,35.3,28.42,Fianarantsoa,-21.454,47.086,1127.0
2021-10-15,24.4,11.8,18.2,0.1,19.4,42.8,26.44,Fianarantsoa,-21.454,47.086,1127.0
2021-10-16,23.8,10.6,17.6,0.5,20.8,46.4,28.05,Fianarantsoa,-21.454,47.086,1127.0
2021-10-17,25.3,10.7,18.2,0.2,17.7,38.2,28.61,Fianarantsoa,-21.454,47.086,1127.0
2021-10-18,25.9,13.4,18.6,0.0,19.8,43.6,28.9,Fianarantsoa,-21.454,47.086,1127.0
2021-10-19,25.1,13.8,18.9,0.4,15.9,34.2,24.21,Fianarantsoa,-21.454,47.086,1127.0
2021-10-20,24.8,14.9,18.6,1.6,16.1,36.4,20.17,Fianarantsoa,-21.454,47.086,1127.0
2021-10-21,26.4,15.7,20.3,1.3,21.1,48.6,26.29,Fianarantsoa,-21.454,47.086,1127.0
2021-10-22,27.7,14.2,18.6,0.1,18.7,40.7,24.83,Fianarantsoa,-21.454,47.086,1127.0
2021-10-23,29.2,15.6,20.7,0.4,20.4,43.6,24.62,Fianarantsoa,-21.454,47.086,1127.0
2021-10-24,30.7,14.1,20.9,1.1,18.7,39.2,27.56,Fianarantsoa,-21.454,47.086,1127.0
2021-10-25,25.3,16.7,20.2,5.7,16.8,36.0,23.22,Fianarantsoa,-21.454,47.086,1127.0
2021-10-26,25.4,14.7,19.3,0.4,17.1,40.0,28.84,Fianarantsoa,-21.454,47.086,1127.0
2021-10-27,30.3,14.6,20.9,0.1,15.5,33.5,26.26,Fianarantsoa,-21.454,47.086,1127.0
2021-10-28,22.1,12.1,16.4,4.1,19.4,42.1,19.05,Fianarantsoa,-21.454,47.086,1127.0
2021-10-29,17.2,10.6,13.8,0.4,19.6,40.0,18.03,Fianarantsoa,-21.454,47.086,1127.0
2021-10-30,22.7,11.7,16.2,0.0,18.2,41.4,22.55,Fianarantsoa,-21.454,47.086,1127.0
2021-10-31,24.8,14.7,18.4,3.5,12.9,33.1,20.17,Fianarantsoa,-21.454,47.086,1127.0
2021-11-01,26.7,15.2,20.2,0.2,22.0,44.3,25.61,Fianarantsoa,-21.454,47.086,1127.0
2021-11-02,27.6,12.9,20.5,0.0,20.5,40.7,26.89,Fianarantsoa,-21.454,47.086,1127.0
2021-11-03,30.0,14.7,21.0,0.0,16.0,36.0,25.88,Fianarantsoa,-21.454,47.086,1127.0
2021-11-04,30.8,15.9,22.8,0.0,15.0,33.8,27.43,Fianarantsoa,-21.454,47.086,1127.0
2021-11-05,28.4,16.5,20.7,1.8,22.4,48.2,26.22,Fianarantsoa,-21.454,47.086,1127.0
2021-11-06,24.1,14.8,17.8,0.5,20.2,47.5,22.23,Fianarantsoa,-21.454,47.086,1127.0
2021-11-07,27.0,15.6,20.2,0.9,19.2,43.6,27.87,Fianarantsoa,-21.454,47.086,1127.0
2021-11-08,27.3,17.1,21.1,0.6,17.3,37.4,29.71,Fianarantsoa,-21.454,47.086,1127.0
2021-11-09,29.3,15.0,21.5,0.5,15.8,34.6,28.83,Fianarantsoa,-21.454,47.086,1127.0
2021-11-10,29.9,16.3,22.1,0.0,16.3,36.0,28.45,Fianarantsoa,-21.454,47.086,1127.0
2021-11-11,30.0,16.2,22.5,0.0,16.5,35.6,27.46,Fianarantsoa,-21.454,47.086,1127.0
2021-11-12,26.8,18.5,21.7,0.7,18.5,40.0,27.42,Fianarantsoa,-21.454,47.086,1127.0
2021-11-13,28.0,16.5,21.1,5.3,12.0,29.9,21.96,Fianarantsoa,-21.454,47.086,1127.0
2021-11-14,28.4,15.6,21.5,1.4,10.2,27.0,25.08,Fianarantsoa,-21.454,47.086,1127.0
2021-11-15,28.3,15.5,20.8,6.6,11.7,36.4,25.67,Fianarantsoa,-21.454,47.086,1127.0
2021-11-16,26.8,16.9,21.2,0.7,12.0,28.4,26.63,Fianarantsoa,-21.454,47.086,1127.0
2021-11-17,29.2,16.0,22.1,0.9,14.8,31.7,25.83,Fianarantsoa,-21.454,47.086,1127.0
2021-11-18,28.0,15.9,21.4,0.0,15.7,36.0,31.15,Fianarantsoa,-21.454,47.086,1127.0
2021-11-19,27.5,12.2,19.8,0.0,18.0,37.4,30.77,Fianarantsoa,-21.454,47.086,1127.0
2021-11-20,28.8,16.0,21.3,0.0,14.7,33.5,29.23,Fianarantsoa,-21.454,47.086,1127.0
2021-11-21,28.3,16.2,21.4,2.9,16.8,34.2,27.35,Fianarantsoa,-21.454,47.086,1127.0
2021-11-22,27.9,15.8,20.9,0.2,17.6,37.1,28.43,Fianarantsoa,-21.454,47.086,1127.0
2021-11-23,29.2,16.0,22.6,0.9,17.8,38.9,24.9,Fianarantsoa,-21.454,47.086,1127.0
2021-11-24,28.9,18.1,23.1,0.7,20.2,44.3,28.38,Fianarantsoa,-21.454,47.086,1127.0
2021-11-25,28.9,16.7,20.8,14.1,15.3,36.7,26.67,Fianarantsoa,-21.454,47.086,1127.0
2021-11-26,22.3,14.9,17.2,2.8,17.3,38.2,16.74,Fianarantsoa,-21.454,47.086,1127.0
2021-11-27,26.8,14.6,18.0,1.5,22.0,49.3,21.7,Fianarantsoa,-21.454,47.086,1127.0
2021-11-28,20.7,13.6,15.9,0.5,18.8,41.8,19.36,Fianarantsoa,-21.454,47.086,1127.0
2021-11-29,25.9,13.6,18.8,1.2,16.2,34.9,24.19,Fianarantsoa,-21.454,47.086,1127.0
2021-11-30,26.3,15.8,19.5,3.5,13.6,33.8,22.81,Fianarantsoa,-21.454,47.086,1127.0
2021-12-01,26.5,16.3,19.9,3.5,16.0,40.0,23.4,Fianarantsoa,-21.454,47.086,1127.0
2021-12-02,23.6,16.3,19.4,2.5,21.0,46.4,25.16,Fianarantsoa,-21.454,47.086,1127.0
2021-12-03,25.7,14.6,19.0,0.7,19.5,43.6,27.95,Fianarantsoa,-21.454,47.086,1127.0
2021-12-04,27.5,14.3,20.8,0.2,16.5,36.4,28.48,Fianarantsoa,-21.454,47.086,1127.0
2021-12-05,28.2,15.0,21.5,0.0,17.0,37.1,31.91,Fianarantsoa,-21.454,47.086,1127.0
2021-12-06,27.7,16.9,21.0,0.0,19.1,39.6,30.65,Fianarantsoa,-21.454,47.086,1127.0
2021-12-07,26.9,15.8,20.8,0.0,16.6,39.2,31.55,Fianarantsoa,-21.454,47.086,1127.0
2021-12-08,26.2,14.8,20.5,0.0,18.8,43.2,32.44,Fianarantsoa,-21.454,47.086,1127.0
2021-12-09,26.7,14.0,20.5,0.1,17.0,39.2,30.37,Fianarantsoa,-21.454,47.086,1127.0
2021-12-10,28.3,16.2,21.6,0.3,17.8,38.9,30.55,Fianarantsoa,-21.454,47.086,1127.0
2021-12-11,26.5,15.7,20.3,0.4,18.5,42.1,26.18,Fianarantsoa,-21.454,47.086,1127.0
2021-12-12,26.6,15.7,20.1,0.9,18.9,40.3,26.8,Fianarantsoa,-21.454,47.086,1127.0
2021-12-13,25.6,13.9,19.5,2.7,20.6,43.9,26.47,Fianarantsoa,-21.454,47.086,1127.0
2021-12-14,24.9,15.8,19.6,5.0,18.0,40.3,26.23,Fianarantsoa,-21.454,47.086,1127.0
2021-12-15,25.1,14.0,19.0,2.9,20.3,45.4,24.76,Fianarantsoa,-21.454,47.086,1127.0
2021-12-16,25.1,16.1,19.6,3.6,17.9,40.3,24.97,Fianarantsoa,-21.454,47.086,1127.0
2021-12-17,28.8,14.5,21.0,0.4,15.6,36.4,29.63,Fianarantsoa,-21.454,47.086,1127.0
2021-12-18,28.7,15.4,22.3,0.5,17.7,41.8,27.72,Fianarantsoa,-21.454,47.086,1127.0
2021-12-19,29.5,15.7,20.3,15.0,17.7,39.6,23.96,Fianarantsoa,-21.454,47.086,1127.0
2021-12-20,23.2,15.2,17.9,5.9,16.9,35.6,15.53,Fianarantsoa,-21.454,47.086,1127.0
2021-12-21,21.6,16.5,18.4,7.0,17.5,37.8,15.5,Fianarantsoa,-21.454,47.086,1127.0
2021-12-22,27.3,17.1,21.5,2.9,20.0,43.2,25.04,Fianarantsoa,-21.454,47.086,1127.0
2021-12-23,27.0,18.8,22.3,0.4,24.4,54.4,28.88,Fianarantsoa,-21.454,47.086,1127.0
2021-12-24,29.2,16.6,22.8,0.1,19.5,45.0,30.02,Fianarantsoa,-21.454,47.086,1127.0
2021-12-25,29.0,17.5,21.5,2.8,19.2,50.8,24.28,Fianarantsoa,-21.454,47.086,1127.0
2021-12-26,26.8,16.2,20.5,5.2,16.3,38.2,25.35,Fianarantsoa,-21.454,47.086,1127.0
2021-12-27,25.0,17.6,20.3,6.7,16.9,37.4,23.69,Fianarantsoa,-21.454,47.086,1127.0
2021-12-28,24.5,18.2,20.6,5.4,14.0,33.5,22.41,Fianarantsoa,-21.454,47.086,1127.0
2021-12-29,27.4,18.1,21.1,9.8,14.4,36.4,24.74,Fianarantsoa,-21.454,47.086,1127.0
2021-12-30,26.6,17.7,21.1,10.9,11.3,28.8,27.7,Fianarantsoa,-21.454,47.086,1127.0
2021-12-31,26.8,17.8,21.1,11.6,9.3,22.7,20.76,Fianarantsoa,-21.454,47.086,1127.0
2022-01-01,26.6,17.9,21.9,0.5,14.9,34.6,26.98,Fianarantsoa,-21.454,47.086,1127.0
2022-01-02,27.5,16.7,21.7,6.7,13.2,28.8,29.05,Fianarantsoa,-21.454,47.086,1127.0
2022-01-03,26.1,17.7,20.6,7.8,14.8,31.3,23.73,Fianarantsoa,-21.454,47.086,1127.0
2022-01-04,25.7,17.8,20.4,23.5,12.4,29.5,19.81,Fianarantsoa,-21.454,47.086,1127.0
2022-01-05,26.9,17.4,20.7,17.9,11.5,27.7,20.6,Fianarantsoa,-21.454,47.086,1127.0
2022-01-06,25.9,17.2,19.7,6.9,12.8,31.7,19.59,Fianarantsoa,-21.454,47.086,1127.0
2022-01-07,25.2,17.2,19.8,5.0,14.4,31.7,21.1,Fianarantsoa,-21.454,47.086,1127.0
2022-01-08,23.8,17.3,19.6,4.3,17.9,38.2,20.85,Fianarantsoa,-21.454,47.086,1127.0
2022-01-09,23.9,16.6,19.0,7.9,18.1,40.0,18.82,Fianarantsoa,-21.454,47.086,1127.0
2022-01-10,22.2,16.8,18.6,6.4,20.6,42.8,15.15,Fianarantsoa,-21.454,47.086,1127.0
2022-01-11,23.6,16.9,19.5,5.3,15.5,34.2,18.42,Fianarantsoa,-21.454,47.086,1127.0
2022-01-12,26.8,16.8,20.3,12.5,12.6,28.8,21.03,Fianarantsoa,-21.454,47.086,1127.0
2022-01-13,23.4,17.9,20.1,7.7,19.1,42.1,16.24,Fianarantsoa,-21.454,47.086,1127.0
2022-01-14,24.4,18.5,20.5,9.7,17.0,36.0,20.58,Fianarantsoa,-21.454,47.086,1127.0
2022-01-15,24.3,17.7,19.5,33.6,11.0,29.9,15.21,Fianarantsoa,-21.454,47.086,1127.0
2022-01-16,24.0,16.7,19.7,16.5,10.1,28.1,22.02,Fianarantsoa,-21.454,47.086,1127.0
2022-01-17,25.8,15.6,20.0,5.6,20.2,42.5,23.81,Fianarantsoa,-21.454,47.086,1127.0
2022-01-18,24.5,16.3,19.5,4.9,9.2,22.7,17.43,Fianarantsoa,-21.454,47.086,1127.0
2022-01-19,24.1,16.4,19.2,25.4,11.5,31.7,15.75,Fianarantsoa,-21.454,47.086,1127.0
2022-01-20,19.0,14.8,16.9,7.9,19.0,40.3,9.33,Fianarantsoa,-21.454,47.086,1127.0
2022-01-21,21.6,14.5,17.7,7.1,19.2,40.7,14.94,Fianarantsoa,-21.454,47.086,1127.0
2022-01-22,22.4,15.1,18.6,12.1,25.0,52.9,17.22,Fianarantsoa,-21.454,47.086,1127.0
2022-01-23,23.1,18.0,19.4,15.0,32.3,73.1,15.21,Fianarantsoa,-21.454,47.086,1127.0
2022-01-24,21.8,17.5,19.3,17.6,31.9,65.5,23.23,Fianarantsoa,-21.454,47.086,1127.0
2022-01-25,20.6,16.0,17.9,2.6,25.6,52.2,15.87,Fianarantsoa,-21.454,47.086,1127.0
2022-01-26,23.3,14.5,18.3,0.7,15.2,32.0,25.33,Fianarantsoa,-21.454,47.086,1127.0
2022-01-27,24.6,14.8,19.0,1.0,16.8,34.6,27.35,Fianarantsoa,-21.454,47.086,1127.0
2022-01-28,24.1,14.2,18.8,1.6,14.0,29.2,30.32,Fianarantsoa,-21.454,47.086,1127.0
2022-01-29,27.3,12.0,19.1,0.1,19.1,39.2,31.18,Fianarantsoa,-21.454,47.086,1127.0
2022-01-30,26.3,15.3,19.8,0.2,14.7,30.6,31.22,Fianarantsoa,-21.454,47.086,1127.0
2022-01-31,24.4,14.7,18.7,0.3,19.1,41.0,31.67,Fianarantsoa,-21.454,47.086,1127.0
2022-02-01,23.8,16.9,19.4,2.7,18.2,39.2,24.08,Fianarantsoa,-21.454,47.086,1127.0
2022-02-02,24.5,15.7,19.1,0.9,16.3,36.7,28.05,Fianarantsoa,-21.454,47.086,1127.0
2022-02-03,25.0,12.8,18.7,14.9,16.3,35.3,27.86,Fianarantsoa,-21.454,47.086,1127.0
2022-02-04,23.8,17.7,19.9,3.3,23.4,50.8,22.51,Fianarantsoa,-21.454,47.086,1127.0
2022-02-05,20.0,18.4,19.3,115.0,45.9,100.1,3.88,Fianarantsoa,-21.454,47.086,1127.0
2022-02-06,20.6,18.3,19.3,112.8,63.0,132.8,4.23,Fianarantsoa,-21.454,47.086,1127.0
2022-02-07,27.0,16.6,20.9,0.6,11.9,34.2,24.52,Fianarantsoa,-21.454,47.086,1127.0
2022-02-08,26.8,16.7,21.3,3.2,14.7,33.1,26.0,Fianarantsoa,-21.454,47.086,1127.0
2022-02-09,27.4,17.5,20.8,7.6,10.4,25.2,22.49,Fianarantsoa,-21.454,47.086,1127.0
2022-02-10,26.8,17.9,21.3,2.8,14.8,31.3,26.54,Fianarantsoa,-21.454,47.086,1127.0
2022-02-11,25.2,15.2,20.1,2.0,16.1,34.9,22.28,Fianarantsoa,-21.454,47.086,1127.0
2022-02-12,24.6,16.1,19.6,1.8,17.3,36.7,27.67,Fianarantsoa,-21.454,47.086,1127.0
2022-02-13,22.9,13.5,18.3,3.1,21.2,45.7,18.84,Fianarantsoa,-21.454,47.086,1127.0
2022-02-14,24.8,17.5,20.5,2.7,21.0,46.1,25.61,Fianarantsoa,-21.454,47.086,1127.0
2022-02-15,24.9,17.4,20.5,1.6,20.7,45.0,25.81,Fianarantsoa,-21.454,47.086,1127.0
2022-02-16,22.3,17.1,19.3,5.1,27.7,56.2,17.64,Fianarantsoa,-21.454,47.086,1127.0
2022-02-17,22.9,16.3,19.1,2.7,20.6,42.8,20.88,Fianarantsoa,-21.454,47.086,1127.0
2022-02-18,24.4,16.2,19.3,0.5,17.0,37.8,24.23,Fianarantsoa,-21.454,47.086,1127.0
2022-02-19,24.0,14.3,18.3,1.9,16.6,37.1,19.63,Fianarantsoa,-21.454,47.086,1127.0
2022-02-20,23.6,15.0,18.5,0.3,14.8,34.6,29.67,Fianarantsoa,-21.454,47.086,1127.0
2022-02-21,23.2,13.7,18.4,5.2,23.0,50.4,18.2,Fianarantsoa,-21.454,47.086,1127.0
2022-02-22,20.7,17.1,19.1,86.2,38.6,86.0,8.13,Fianarantsoa,-21.454,47.086,1127.0
2022-02-23,25.5,18.1,20.7,61.3,51.7,106.9,15.57,Fianarantsoa,-21.454,47.086,1127.0
2022-02-24,26.2,16.7,21.2,2.0,18.0,38.2,24.98,Fianarantsoa,-21.454,47.086,1127.0
2022-02-25,24.5,17.9,20.1,19.6,10.0,24.8,14.95,Fianarantsoa,-21.454,47.086,1127.0
2022-02-26,23.3,18.1,20.0,13.2,11.6,27.0,13.26,Fianarantsoa,-21.454,47.086,1127.0
2022-02-27,23.6,18.2,20.0,7.9,16.6,36.0,19.45,Fianarantsoa,-21.454,47.086,1127.0
2022-02-28,24.9,17.5,19.8,8.9,14.8,34.2,19.98,Fianarantsoa,-21.454,47.086,1127.0
2022-03-01,24.6,17.7,20.1,18.9,9.8,23.4,17.83,Fianarantsoa,-21.454,47.086,1127.0
2022-03-02,26.3,17.1,20.2,9.3,9.6,24.8,21.68,Fianarantsoa,-21.454,47.086,1127.0
2022-03-03,25.8,17.3,20.3,5.2,14.4,31.3,20.91,Fianarantsoa,-21.454,47.086,1127.0
2022-03-04,25.1,17.7,20.5,0.7,15.9,35.6,24.22,Fianarantsoa,-21.454,47.086,1127.0
2022-03-05,24.9,16.9,20.1,1.1,18.6,38.9,22.04,Fianarantsoa,-21.454,47.086,1127.0
2022-03-06,24.0,17.3,19.8,2.3,19.0,40.3,22.54,Fianarantsoa,-21.454,47.086,1127.0
2022-03-07,24.5,15.4,19.4,1.1,17.8,39.2,23.97,Fianarantsoa,-21.454,47.086,1127.0
2022-03-08,24.5,16.6,19.9,1.9,19.2,41.4,19.8,Fianarantsoa,-21.454,47.086,1127.0
2022-03-09,24.4,17.2,20.1,2.5,19.4,42.1,19.96,Fianarantsoa,-21.454,47.086,1127.0
2022-03-10,24.9,18.5,20.8,3.2,19.4,39.6,20.62,Fianarantsoa,-21.454,47.086,1127.0
2022-03-11,23.8,18.2,20.1,3.1,18.2,39.6,19.41,Fianarantsoa,-21.454,47.086,1127.0
2022-03-12,22.2,16.7,19.0,2.9,18.6,40.3,19.16,Fianarantsoa,-21.454,47.086,1127.0
2022-03-13,22.2,16.3,18.2,9.4,22.5,48.6,18.62,Fianarantsoa,-21.454,47.086,1127.0
2022-03-14,23.0,16.1,18.9,2.1,18.8,41.0,18.65,Fianarantsoa,-21.454,47.086,1127.0
2022-03-15,24.9,17.0,19.2,22.6,15.6,31.3,15.87,Fianarantsoa,-21.454,47.086,1127.0
2022-03-16,24.8,17.1,19.9,12.2,12.8,29.5,21.13,Fianarantsoa,-21.454,47.086,1127.0
2022-03-17,24.9,18.5,20.3,8.3,14.5,31.7,14.66,Fianarantsoa,-21.454,47.086,1127.0
2022-03-18,25.1,17.8,20.4,17.9,13.0,26.6,14.8,Fianarantsoa,-21.454,47.086,1127.0
2022-03-19,21.8,16.4,18.9,1.4,18.1,38.2,16.01,Fianarantsoa,-21.454,47.086,1127.0
2022-03-20,20.9,15.1,17.2,2.6,18.7,37.8,12.14,Fianarantsoa,-21.454,47.086,1127.0
2022-03-21,21.5,14.1,16.9,1.1,17.3,36.4,16.41,Fianarantsoa,-21.454,47.086,1127.0
2022-03-22,20.4,15.0,17.3,0.7,14.7,31.3,11.6,Fianarantsoa,-21.454,47.086,1127.0
2022-03-23,21.7,16.2,18.5,5.8,14.0,30.2,10.8,Fianarantsoa,-21.454,47.086,1127.0
2022-03-24,23.9,15.7,19.2,7.9,13.1,29.2,16.23,Fianarantsoa,-21.454,47.086,1127.0
2022-03-25,25.8,16.2,20.1,1.5,13.6,31.3,20.54,Fianarantsoa,-21.454,47.086,1127.0
2022-03-26,26.7,15.6,20.1,3.0,11.6,25.6,19.9,Fianarantsoa,-21.454,47.086,1127.0
2022-03-27,26.3,17.3,20.7,4.9,11.4,25.9,19.12,Fianarantsoa,-21.454,47.086,1127.0
2022-03-28,24.8,15.7,18.9,20.1,20.1,41.0,18.21,Fianarantsoa,-21.454,47.086,1127.0
2022-03-29,21.3,15.4,17.4,2.3,20.3,42.8,14.74,Fianarantsoa,-21.454,47.086,1127.0
2022-03-30,21.2,15.8,17.5,3.9,24.0,48.2,20.31,Fianarantsoa,-21.454,47.086,1127.0
2022-03-31,20.7,15.4,17.1,4.0,24.1,50.0,18.51,Fianarantsoa,-21.454,47.086,1127.0
2022-04-01,20.9,14.5,16.8,2.8,21.1,44.6,18.68,Fianarantsoa,-21.454,47.086,1127.0
2022-04-02,22.0,12.9,16.6,0.2,12.2,29.9,23.02,Fianarantsoa,-21.454,47.086,1127.0
2022-04-03,23.7,13.3,17.4,0.0,14.6,29.5,22.5,Fianarantsoa,-21.454,47.086,1127.0
2022-04-04,24.5,15.6,18.9,0.2,15.4,30.2,22.5,Fianarantsoa,-21.454,47.086,1127.0
2022-04-05,25.1,16.2,19.5,3.3,10.8,24.1,21.77,Fianarantsoa,-21.454,47.086,1127.0
2022-04-06,24.0,16.1,19.2,2.1,14.1,31.3,20.29,Fianarantsoa,-21.454,47.086,1127.0
2022-04-07,24.9,14.9,19.1,3.8,12.9,29.5,18.66,Fianarantsoa,-21.454,47.086,1127.0
2022-04-08,23.4,16.7,19.4,4.8,13.8,32.0,17.42,Fianarantsoa,-21.454,47.086,1127.0
2022-04-09,22.2,16.1,18.3,2.0,19.2,39.6,17.83,Fianarantsoa,-21.454,47.086,1127.0
2022-04-10,21.3,15.9,18.0,2.0,21.1,46.1,17.52,Fianarantsoa,-21.454,47.086,1127.0
2022-04-11,20.4,15.2,17.0,3.7,25.7,56.2,17.41,Fianarantsoa,-21.454,47.086,1127.0
2022-04-12,21.1,14.5,16.9,0.7,25.2,52.2,17.64,Fianarantsoa,-21.454,47.086,1127.0
2022-04-13,22.3,15.0,17.9,0.6,18.1,37.4,16.33,Fianarantsoa,-21.454,47.086,1127.0
2022-04-14,22.1,16.3,18.3,3.4,21.7,46.4,14.69,Fianarantsoa,-21.454,47.086,1127.0
2022-04-15,22.5,16.9,19.0,1.8,18.8,40.3,16.69,Fianarantsoa,-21.454,47.086,1127.0
2022-04-16,21.9,17.1,18.9,1.5,17.0,37.8,13.68,Fianarantsoa,-21.454,47.086,1127.0
2022-04-17,23.4,15.9,18.7,0.2,14.8,30.2,17.97,Fianarantsoa,-21.454,47.086,1127.0
2022-04-18,24.5,14.6,18.9,0.2,11.5,25.6,21.73,Fianarantsoa,-21.454,47.086,1127.0
2022-04-19,23.8,14.7,18.6,0.3,12.3,29.2,20.66,Fianarantsoa,-21.454,47.086,1127.0
2022-04-20,24.2,14.6,18.5,0.5,15.5,33.5,20.33,Fianarantsoa,-21.454,47.086,1127.0
2022-04-21,22.7,15.8,18.4,0.5,19.8,42.5,16.72,Fianarantsoa,-21.454,47.086,1127.0
2022-04-22,22.8,14.7,18.3,1.7,18.6,40.0,15.6,Fianarantsoa,-21.454,47.086,1127.0
2022-04-23,21.7,17.2,18.6,2.4,19.2,42.8,11.57,Fianarantsoa,-21.454,47.086,1127.0
2022-04-24,19.5,14.7,17.2,4.2,21.9,45.0,9.97,Fianarantsoa,-21.454,47.086,1127.0
2022-04-25,21.4,13.5,16.9,1.5,18.8,40.0,13.01,Fianarantsoa,-21.454,47.086,1127.0
2022-04-26,23.9,13.2,18.7,3.6,12.6,25.6,18.05,Fianarantsoa,-21.454,47.086,1127.0
2022-04-27,22.6,15.5,18.8,0.5,28.5,59.0,15.7,Fianarantsoa,-21.454,47.086,1127.0
2022-04-28,18.3,12.3,15.0,0.1,16.9,37.1,21.13,Fianarantsoa,-21.454,47.086,1127.0
2022-04-29,18.8,13.0,14.7,1.1,16.9,36.0,13.39,Fianarantsoa,-21.454,47.086,1127.0
2022-04-30,21.2,12.2,16.2,0.6,10.4,27.4,11.88,Fianarantsoa,-21.454,47.086,1127.0
2022-05-01,22.1,13.3,16.9,0.2,16.0,34.9,17.91,Fianarantsoa,-21.454,47.086,1127.0
2022-05-02,20.7,10.9,16.2,1.3,15.3,32.8,14.84,Fianarantsoa,-21.454,47.086,1127.0
2022-05-03,20.3,13.3,16.2,1.4,14.4,31.3,12.62,Fianarantsoa,-21.454,47.086,1127.0
2022-05-04,20.2,13.7,16.0,1.5,17.2,36.4,15.25,Fianarantsoa,-21.454,47.086,1127.0
2022-05-05,18.6,11.5,15.1,3.6,21.4,44.6,10.78,Fianarantsoa,-21.454,47.086,1127.0
2022-05-06,21.4,15.4,17.4,2.5,18.3,36.7,12.23,Fianarantsoa,-21.454,47.086,1127.0
2022-05-07,22.0,14.1,17.8,1.7,12.8,32.8,13.05,Fianarantsoa,-21.454,47.086,1127.0
2022-05-08,23.4,13.9,17.5,0.9,6.9,26.3,15.03,Fianarantsoa,-21.454,47.086,1127.0
2022-05-09,24.0,13.9,17.9,0.0,14.0,28.8,17.34,Fianarantsoa,-21.454,47.086,1127.0
2022-05-10,20.4,12.5,15.9,0.0,25.6,54.0,19.3,Fianarantsoa,-21.454,47.086,1127.0
2022-05-11,21.5,10.7,15.3,0.1,16.2,35.3,18.71,Fianarantsoa,-21.454,47.086,1127.0
2022-05-12,21.0,11.6,15.7,0.3,12.7,29.2,16.65,Fianarantsoa,-21.454,47.086,1127.0
2022-05-13,20.7,13.3,16.1,0.5,13.8,29.2,15.96,Fianarantsoa,-21.454,47.086,1127.0
2022-05-14,21.0,12.2,16.0,0.5,14.9,29.9,15.59,Fianarantsoa,-21.454,47.086,1127.0
2022-05-15,20.8,10.6,15.7,0.5,13.3,27.0,17.83,Fianarantsoa,-21.454,47.086,1127.0
2022-05-16,18.0,11.4,14.5,2.5,16.6,36.7,13.19,Fianarantsoa,-21.454,47.086,1127.0
2022-05-17,18.0,11.9,14.4,3.1,23.5,49.0,13.73,Fianarantsoa,-21.454,47.086,1127.0
2022-05-18,18.5,8.1,13.6,0.6,17.3,39.2,14.55,Fianarantsoa,-21.454,47.086,1127.0
2022-05-19,19.5,13.4,15.3,2.2,14.5,31.7,12.88,Fianarantsoa,-21.454,47.086,1127.0
2022-05-20,20.4,11.3,15.0,0.3,15.0,34.2,18.52,Fianarantsoa,-21.454,47.086,1127.0
2022-05-21,20.7,12.7,15.7,0.4,13.3,30.2,16.4,Fianarantsoa,-21.454,47.086,1127.0
2022-05-22,23.0,12.1,16.3,0.1,14.4,30.2,18.11,Fianarantsoa,-21.454,47.086,1127.0
2022-05-23,22.4,14.0,16.9,0.0,12.6,27.4,14.49,Fianarantsoa,-21.454,47.086,1127.0
2022-05-24,22.8,12.9,16.5,0.0,15.2,31.3,16.66,Fianarantsoa,-21.454,47.086,1127.0
2022-05-25,23.7,12.9,16.5,0.0,14.2,27.4,15.3,Fianarantsoa,-21.454,47.086,1127.0
2022-05-26,24.2,12.4,17.0,0.0,11.8,25.9,17.23,Fianarantsoa,-21.454,47.086,1127.0
2022-05-27,22.6,11.3,16.0,0.4,16.1,34.9,16.55,Fianarantsoa,-21.454,47.086,1127.0
2022-05-28,17.5,12.6,14.3,1.5,17.4,36.4,10.75,Fianarantsoa,-21.454,47.086,1127.0
2022-05-29,18.2,11.8,14.2,1.2,17.1,36.7,14.23,Fianarantsoa,-21.454,47.086,1127.0
2022-05-30,19.6,10.7,14.4,0.5,11.3,28.8,16.88,Fianarantsoa,-21.454,47.086,1127.0
2022-05-31,18.7,10.4,13.4,0.0,16.1,35.6,15.9,Fianarantsoa,-21.454,47.086,1127.0
2022-06-01,20.2,10.1,13.9,0.0,13.0,30.2,17.56,Fianarantsoa,-21.454,47.086,1127.0
2022-06-02,19.5,7.1,12.9,0.0,17.8,36.7,15.74,Fianarantsoa,-21.454,47.086,1127.0
2022-06-03,16.7,11.9,13.7,2.9,24.1,50.4,10.69,Fianarantsoa,-21.454,47.086,1127.0
2022-06-04,17.7,12.5,14.4,2.8,22.3,47.2,11.45,Fianarantsoa,-21.454,47.086,1127.0
2022-06-05,18.5,13.0,14.9,1.5,17.8,38.2,11.43,Fianarantsoa,-21.454,47.086,1127.0
2022-06-06,18.0,11.7,14.5,1.5,18.1,38.5,10.9,Fianarantsoa,-21.454,47.086,1127.0
2022-06-07,18.3,12.4,14.6,2.2,19.4,39.2,10.4,Fianarantsoa,-21.454,47.086,1127.0
2022-06-08,18.2,12.6,14.7,2.0,13.7,29.9,10.73,Fianarantsoa,-21.454,47.086,1127.0
2022-06-09,15.6,12.3,13.4,5.8,20.0,42.5,7.1,Fianarantsoa,-21.454,47.086,1127.0
2022-06-10,19.4,9.4,14.2,0.6,10.5,23.0,14.53,Fianarantsoa,-21.454,47.086,1127.0
2022-06-11,19.1,11.0,14.4,0.7,15.5,33.5,13.3,Fianarantsoa,-21.454,47.086,1127.0
2022-06-12,16.8,10.5,13.5,4.1,21.3,44.6,11.91,Fianarantsoa,-21.454,47.086,1127.0
2022-06-13,15.4,9.9,12.2,1.7,20.4,42.5,6.8,Fianarantsoa,-21.454,47.086,1127.0
2022-06-14,17.0,11.2,13.5,9.5,21.8,44.3,8.11,Fianarantsoa,-21.454,47.086,1127.0
2022-06-15,20.3,12.7,15.4,0.5,12.3,27.4,13.95,Fianarantsoa,-21.454,47.086,1127.0
2022-06-16,21.3,11.8,15.6,0.0,18.1,38.9,15.51,Fianarantsoa,-21.454,47.086,1127.0
2022-06-17,20.1,11.4,14.6,0.2,16.6,32.0,15.26,Fianarantsoa,-21.454,47.086,1127.0
2022-06-18,19.5,11.5,14.3,1.3,15.0,32.0,11.98,Fianarantsoa,-21.454,47.086,1127.0
2022-06-19,16.8,12.5,14.0,1.6,16.4,33.8,11.55,Fianarantsoa,-21.454,47.086,1127.0
2022-06-20,17.9,11.8,13.8,0.8,13.1,28.8,13.08,Fianarantsoa,-21.454,47.086,1127.0
2022-06-21,16.8,11.1,13.0,0.9,17.3,36.7,14.12,Fianarantsoa,-21.454,47.086,1127.0
2022-06-22,15.8,9.5,12.2,1.4,17.4,38.2,12.91,Fianarantsoa,-21.454,47.086,1127.0
2022-06-23,13.4,10.9,11.8,5.2,24.8,51.1,5.77,Fianarantsoa,-21.454,47.086,1127.0
2022-06-24,15.1,10.0,11.7,0.6,18.1,38.2,12.4,Fianarantsoa,-21.454,47.086,1127.0
2022-06-25,17.8,6.1,11.9,0.3,15.8,36.4,13.05,Fianarantsoa,-21.454,47.086,1127.0
2022-06-26,17.2,8.4,12.4,0.2,20.8,45.4,16.42,Fianarantsoa,-21.454,47.086,1127.0
2022-06-27,14.9,8.8,12.1,1.9,21.8,45.0,7.93,Fianarantsoa,-21.454,47.086,1127.0
2022-06-28,13.7,8.5,10.4,2.0,32.0,64.4,12.57,Fianarantsoa,-21.454,47.086,1127.0
2022-06-29,14.5,8.6,11.2,1.9,24.0,49.7,9.98,Fianarantsoa,-21.454,47.086,1127.0
2022-06-30,16.4,11.1,12.7,2.0,18.8,40.3,12.64,Fianarantsoa,-21.454,47.086,1127.0
2022-07-01,16.1,11.4,12.7,2.3,25.3,52.6,12.47,Fianarantsoa,-21.454,47.086,1127.0
2022-07-02,15.8,9.5,12.4,2.7,27.9,58.0,12.66,Fianarantsoa,-21.454,47.086,1127.0
2022-07-03,15.8,9.7,12.0,1.0,20.9,43.9,15.8,Fianarantsoa,-21.454,47.086,1127.0
2022-07-04,17.0,8.4,12.5,1.1,21.2,45.0,12.83,Fianarantsoa,-21.454,47.086,1127.0
2022-07-05,18.2,11.7,14.1,1.0,17.2,36.4,11.52,Fianarantsoa,-21.454,47.086,1127.0
2022-07-06,19.8,9.3,13.2,0.0,11.2,26.3,17.43,Fianarantsoa,-21.454,47.086,1127.0
2022-07-07,17.1,9.7,12.4,0.1,15.8,35.3,17.17,Fianarantsoa,-21.454,47.086,1127.0
2022-07-08,17.1,10.4,13.0,2.1,21.4,45.0,12.59,Fianarantsoa,-21.454,47.086,1127.0
2022-07-09,15.5,10.4,12.2,3.3,24.5,50.8,11.22,Fianarantsoa,-21.454,47.086,1127.0
2022-07-10,15.8,9.5,12.2,1.9,25.6,54.7,12.78,Fianarantsoa,-21.454,47.086,1127.0
2022-07-11,15.6,10.2,12.5,1.9,22.9,47.5,10.5,Fianarantsoa,-21.454,47.086,1127.0
2022-07-12,18.5,8.5,12.8,0.1,15.9,35.3,14.02,Fianarantsoa,-21.454,47.086,1127.0
2022-07-13,18.2,10.0,13.4,0.4,15.0,33.1,13.37,Fianarantsoa,-21.454,47.086,1127.0
2022-07-14,19.6,11.4,14.2,0.8,15.3,31.0,16.58,Fianarantsoa,-21.454,47.086,1127.0
2022-07-15,17.9,10.3,13.2,0.0,16.9,37.4,16.04,Fianarantsoa,-21.454,47.086,1127.0
2022-07-16,16.3,8.7,12.4,1.8,20.0,42.8,12.37,Fianarantsoa,-21.454,47.086,1127.0
2022-07-17,15.0,10.7,12.4,3.9,26.3,54.7,12.41,Fianarantsoa,-21.454,47.086,1127.0
2022-07-18,15.4,10.7,12.4,1.7,26.3,54.4,12.63,Fianarantsoa,-21.454,47.086,1127.0
2022-07-19,15.7,11.4,12.7,4.5,26.7,56.2,11.21,Fianarantsoa,-21.454,47.086,1127.0
2022-07-20,16.1,10.3,12.5,1.7,21.6,46.1,12.11,Fianarantsoa,-21.454,47.086,1127.0
2022-07-21,16.4,10.7,12.9,0.9,20.7,43.9,12.32,Fianarantsoa,-21.454,47.086,1127.0
2022-07-22,17.3,8.9,12.5,0.1,15.2,33.1,13.77,Fianarantsoa,-21.454,47.086,1127.0
2022-07-23,17.9,10.4,13.5,1.3,14.3,32.0,12.4,Fianarantsoa,-21.454,47.086,1127.0
2022-07-24,19.6,9.8,14.3,0.1,12.2,26.3,15.17,Fianarantsoa,-21.454,47.086,1127.0
2022-07-25,19.9,10.8,14.0,0.1,11.1,27.4,17.22,Fianarantsoa,-21.454,47.086,1127.0
2022-07-26,19.5,9.3,13.9,0.0,11.5,28.4,17.83,Fianarantsoa,-21.454,47.086,1127.0
2022-07-27,19.0,10.4,13.7,0.0,11.0,27.7,18.76,Fianarantsoa,-21.454,47.086,1127.0
2022-07-28,19.7,9.6,14.0,0.4,15.6,32.4,17.59,Fianarantsoa,-21.454,47.086,1127.0
2022-07-29,17.9,11.5,13.9,1.8,15.7,34.2,12.91,Fianarantsoa,-21.454,47.086,1127.0
2022-07-30,19.3,9.9,14.1,0.6,14.7,33.8,14.67,Fianarantsoa,-21.454,47.086,1127.0
2022-07-31,20.2,9.3,14.6,0.4,12.0,27.0,18.6,Fianarantsoa,-21.454,47.086,1127.0
2022-08-01,20.5,9.2,14.3,0.0,13.1,28.1,19.04,Fianarantsoa,-21.454,47.086,1127.0
2022-08-02,18.8,12.1,14.3,2.6,18.6,40.3,14.91,Fianarantsoa,-21.454,47.086,1127.0
2022-08-03,16.8,12.4,13.7,3.3,15.3,34.6,12.77,Fianarantsoa,-21.454,47.086,1127.0
2022-08-04,16.8,12.1,13.5,2.3,14.0,30.2,8.25,Fianarantsoa,-21.454,47.086,1127.0
2022-08-05,20.6,11.2,14.9,0.1,13.8,30.2,16.84,Fianarantsoa,-21.454,47.086,1127.0
2022-08-06,21.6,10.2,14.6,0.0,15.3,37.1,16.6,Fianarantsoa,-21.454,47.086,1127.0
2022-08-07,20.3,9.9,14.1,0.0,12.3,25.6,18.81,Fianarantsoa,-21.454,47.086,1127.0
2022-08-08,18.4,9.5,13.3,0.1,19.4,41.8,18.86,Fianarantsoa,-21.454,47.086,1127.0
2022-08-09,17.5,9.0,12.8,0.1,21.6,46.1,16.38,Fianarantsoa,-21.454,47.086,1127.0
2022-08-10,15.7,8.9,12.3,2.6,23.9,50.0,11.77,Fianarantsoa,-21.454,47.086,1127.0
2022-08-11,16.0,9.6,12.2,2.7,21.5,45.7,13.63,Fianarantsoa,-21.454,47.086,1127.0
2022-08-12,17.3,10.3,12.8,2.4,20.2,42.8,13.09,Fianarantsoa,-21.454,47.086,1127.0
2022-08-13,18.8,9.3,13.4,0.2,18.4,40.0,17.45,Fianarantsoa,-21.454,47.086,1127.0
2022-08-14,19.6,9.1,14.1,0.3,16.9,36.7,20.91,Fianarantsoa,-21.454,47.086,1127.0
2022-08-15,23.4,8.6,15.1,0.0,12.6,25.6,20.28,Fianarantsoa,-21.454,47.086,1127.0
2022-08-16,22.9,11.6,16.4,0.1,14.8,36.0,20.95,Fianarantsoa,-21.454,47.086,1127.0
2022-08-17,20.7,13.1,15.9,0.8,14.8,32.0,16.17,Fianarantsoa,-21.454,47.086,1127.0
2022-08-18,24.0,11.4,16.8,0.1,15.5,30.2,20.75,Fianarantsoa,-21.454,47.086,1127.0
2022-08-19,22.6,11.8,15.8,0.0,17.4,36.0,21.26,Fianarantsoa,-21.454,47.086,1127.0
2022-08-20,24.1,12.0,16.8,0.0,10.7,27.0,20.8,Fianarantsoa,-21.454,47.086,1127.0
2022-08-21,24.3,11.7,16.7,0.8,19.2,38.9,20.2,Fianarantsoa,-21.454,47.086,1127.0
2022-08-22,16.3,12.8,14.3,5.1,22.6,45.4,7.54,Fianarantsoa,-21.454,47.086,1127.0
2022-08-23,19.4,8.4,14.1,0.7,18.8,40.7,21.64,Fianarantsoa,-21.454,47.086,1127.0
2022-08-24,17.5,9.6,12.9,1.6,22.3,48.2,15.39,Fianarantsoa,-21.454,47.086,1127.0
2022-08-25,18.8,10.1,13.4,0.3,21.0,45.0,19.08,Fianarantsoa,-21.454,47.086,1127.0
2022-08-26,18.1,8.3,13.4,0.3,17.7,39.2,17.36,Fianarantsoa,-21.454,47.086,1127.0
2022-08-27,18.7,8.5,13.3,0.0,19.5,42.8,19.42,Fianarantsoa,-21.454,47.086,1127.0
2022-08-28,20.1,9.8,14.0,0.1,13.3,28.8,22.21,Fianarantsoa,-21.454,47.086,1127.0
2022-08-29,23.0,10.7,15.9,0.0,13.6,26.3,22.39,Fianarantsoa,-21.454,47.086,1127.0
2022-08-30,24.6,11.8,16.7,0.0,15.5,32.8,21.49,Fianarantsoa,-21.454,47.086,1127.0
2022-08-31,22.8,9.3,16.3,0.0,17.7,40.3,23.49,Fianarantsoa,-21.454,47.086,1127.0
2022-09-01,17.7,6.0,11.6,0.2,16.6,35.6,24.04,Fianarantsoa,-21.454,47.086,1127.0
2022-09-02,17.8,9.2,13.0,1.2,17.7,39.2,17.76,Fianarantsoa,-21.454,47.086,1127.0
2022-09-03,20.1,9.3,13.6,0.4,16.2,34.6,20.74,Fianarantsoa,-21.454,47.086,1127.0
2022-09-04,18.7,9.4,13.4,0.4,21.4,45.4,23.08,Fianarantsoa,-21.454,47.086,1127.0
2022-09-05,19.7,9.1,14.4,0.0,18.4,41.0,17.8,Fianarantsoa,-21.454,47.086,1127.0
2022-09-06,19.8,9.5,14.3,0.1,16.6,37.4,17.75,Fianarantsoa,-21.454,47.086,1127.0
2022-09-07,20.0,10.8,14.6,0.2,15.8,36.4,22.17,Fianarantsoa,-21.454,47.086,1127.0
2022-09-08,18.9,11.2,14.1,0.5,19.0,42.1,19.38,Fianarantsoa,-21.454,47.086,1127.0
2022-09-09,19.7,9.0,14.0,0.0,15.2,36.4,24.79,Fianarantsoa,-21.454,47.086,1127.0
2022-09-10,21.2,9.2,14.7,0.1,15.2,32.8,23.0,Fianarantsoa,-21.454,47.086,1127.0
2022-09-11,21.9,10.3,15.5,0.0,14.1,31.7,24.54,Fianarantsoa,-21.454,47.086,1127.0
2022-09-12,20.9,9.2,14.8,0.0,16.8,38.9,24.53,Fianarantsoa,-21.454,47.086,1127.0
2022-09-13,23.2,10.4,15.4,0.0,13.9,30.2,24.64,Fianarantsoa,-21.454,47.086,1127.0
2022-09-14,20.0,11.4,14.9,0.3,23.9,51.1,21.74,Fianarantsoa,-21.454,47.086,1127.0
2022-09-15,19.1,11.3,14.3,0.3,25.4,54.4,20.85,Fianarantsoa,-21.454,47.086,1127.0
2022-09-16,20.9,8.1,14.6,0.0,18.4,42.1,23.53,Fianarantsoa,-21.454,47.086,1127.0
2022-09-17,19.7,9.4,14.5,1.6,17.8,40.0,19.22,Fianarantsoa,-21.454,47.086,1127.0
2022-09-18,20.6,9.9,14.9,2.0,15.6,33.8,20.44,Fianarantsoa,-21.454,47.086,1127.0
2022-09-19,20.1,10.1,14.9,0.4,18.4,40.3,18.58,Fianarantsoa,-21.454,47.086,1127.0
2022-09-20,20.5,9.6,14.8,0.8,18.2,40.3,18.55,Fianarantsoa,-21.454,47.086,1127.0
2022-09-21,19.1,10.9,14.6,0.3,23.1,49.3,17.11,Fianarantsoa,-21.454,47.086,1127.0
2022-09-22,19.6,10.5,14.6,1.5,18.6,41.8,16.4,Fianarantsoa,-21.454,47.086,1127.0
2022-09-23,20.5,9.9,14.6,0.0,16.3,37.4,26.51,Fianarantsoa,-21.454,47.086,1127.0
2022-09-24,22.4,8.5,15.3,0.5,19.8,42.5,22.29,Fianarantsoa,-21.454,47.086,1127.0
2022-09-25,22.0,12.6,16.2,0.5,18.0,39.6,22.36,Fianarantsoa,-21.454,47.086,1127.0
2022-09-26,21.5,11.0,16.1,0.4,19.6,42.5,19.56,Fianarantsoa,-21.454,47.086,1127.0
2022-09-27,23.5,10.8,16.2,0.0,14.8,33.8,27.25,Fianarantsoa,-21.454,47.086,1127.0
2022-09-28,19.5,9.2,14.1,0.3,23.1,50.0,22.16,Fianarantsoa,-21.454,47.086,1127.0
2022-09-29,18.5,10.3,13.8,0.2,19.9,43.9,19.87,Fianarantsoa,-21.454,47.086,1127.0
2022-09-30,22.6,10.3,15.5,0.0,13.7,32.4,26.53,Fianarantsoa,-21.454,47.086,1127.0
2022-10-01,23.0,9.1,15.7,0.0,15.5,36.4,26.63,Fianarantsoa,-21.454,47.086,1127.0
2022-10-02,23.6,12.5,17.1,0.3,15.5,34.2,27.23,Fianarantsoa,-21.454,47.086,1127.0
2022-10-03,25.9,11.6,17.9,0.0,14.8,32.4,24.93,Fianarantsoa,-21.454,47.086,1127.0
2022-10-04,27.0,11.4,18.7,0.0,15.2,33.5,27.37,Fianarantsoa,-21.454,47.086,1127.0
2022-10-05,26.7,10.9,17.9,0.0,15.2,34.9,28.18,Fianarantsoa,-21.454,47.086,1127.0
2022-10-06,25.0,10.3,17.2,0.0,18.4,41.8,27.37,Fianarantsoa,-21.454,47.086,1127.0
2022-10-07,23.9,10.1,17.3,0.0,18.7,42.1,28.06,Fianarantsoa,-21.454,47.086,1127.0
2022-10-08,24.2,12.5,17.4,0.0,18.0,39.2,27.87,Fianarantsoa,-21.454,47.086,1127.0
2022-10-09,21.5,10.7,15.8,0.0,19.8,45.4,27.17,Fianarantsoa,-21.454,47.086,1127.0
2022-10-10,26.3,9.1,16.7,0.0,15.9,36.7,28.52,Fianarantsoa,-21.454,47.086,1127.0
2022-10-11,26.8,10.0,17.5,0.0,17.7,40.3,28.39,Fianarantsoa,-21.454,47.086,1127.0
2022-10-12,24.0,10.7,17.2,0.0,16.1,38.2,27.6,Fianarantsoa,-21.454,47.086,1127.0
2022-10-13,22.9,13.5,17.3,0.4,18.8,41.4,26.18,Fianarantsoa,-21.454,47.086,1127.0
2022-10-14,21.4,11.9,15.9,0.2,20.9,45.0,20.89,Fianarantsoa,-21.454,47.086,1127.0
2022-10-15,21.8,10.6,15.9,0.0,16.5,35.3,24.49,Fianarantsoa,-21.454,47.086,1127.0
2022-10-16,24.4,10.5,17.1,0.0,15.9,31.7,25.11,Fianarantsoa,-21.454,47.086,1127.0
2022-10-17,23.3,12.2,17.0,0.0,19.8,41.0,27.71,Fianarantsoa,-21.454,47.086,1127.0
2022-10-18,22.7,8.4,15.8,0.1,19.4,43.2,29.02,Fianarantsoa,-21.454,47.086,1127.0
2022-10-19,22.7,10.9,16.4,0.2,19.5,43.2,28.42,Fianarantsoa,-21.454,47.086,1127.0
2022-10-20,21.9,12.6,17.1,0.6,18.9,42.1,21.43,Fianarantsoa,-21.454,47.086,1127.0
2022-10-21,23.0,14.1,17.5,1.7,17.4,39.2,20.04,Fianarantsoa,-21.454,47.086,1127.0
2022-10-22,24.7,12.4,17.7,0.7,12.3,31.7,26.4,Fianarantsoa,-21.454,47.086,1127.0
2022-10-23,25.1,12.6,18.0,4.0,14.4,35.6,21.48,Fianarantsoa,-21.454,47.086,1127.0
2022-10-24,27.1,12.7,18.8,0.0,16.9,35.3,24.47,Fianarantsoa,-21.454,47.086,1127.0
2022-10-25,26.5,12.4,19.1,0.7,20.6,44.6,24.47,Fianarantsoa,-21.454,47.086,1127.0
2022-10-26,25.8,15.0,19.0,6.6,10.8,31.3,22.03,Fianarantsoa,-21.454,47.086,1127.0
2022-10-27,25.8,15.3,19.4,1.9,11.9,30.2,25.14,Fianarantsoa,-21.454,47.086,1127.0
2022-10-28,26.8,15.2,19.7,4.7,13.2,31.3,24.52,Fianarantsoa,-21.454,47.086,1127.0
2022-10-29,25.1,15.2,18.7,13.7,14.5,30.2,23.38,Fianarantsoa,-21.454,47.086,1127.0
2022-10-30,22.8,14.7,17.8,2.3,20.5,43.9,25.03,Fianarantsoa,-21.454,47.086,1127.0
2022-10-31,24.4,12.9,18.1,0.0,16.9,40.7,26.45,Fianarantsoa,-21.454,47.086,1127.0
2022-11-01,24.7,14.3,19.0,0.2,14.8,33.8,27.72,Fianarantsoa,-21.454,47.086,1127.0
2022-11-02,25.4,15.1,19.3,0.8,14.3,29.5,27.18,Fianarantsoa,-21.454,47.086,1127.0
2022-11-03,26.2,14.9,18.7,16.0,12.7,32.0,20.83,Fianarantsoa,-21.454,47.086,1127.0
2022-11-04,26.1,16.2,19.1,4.8,17.0,39.2,23.74,Fianarantsoa,-21.454,47.086,1127.0
2022-11-05,25.1,15.5,19.4,0.1,16.9,35.6,27.35,Fianarantsoa,-21.454,47.086,1127.0
2022-11-06,25.6,13.0,19.1,0.2,15.3,33.5,25.34,Fianarantsoa,-21.454,47.086,1127.0
2022-11-07,24.5,15.4,19.3,1.2,15.6,37.4,24.83,Fianarantsoa,-21.454,47.086,1127.0
2022-11-08,25.1,15.8,18.9,0.4,16.2,37.8,23.97,Fianarantsoa,-21.454,47.086,1127.0
2022-11-09,25.0,13.6,18.7,8.8,9.0,20.2,22.43,Fianarantsoa,-21.454,47.086,1127.0
2022-11-10,24.8,14.6,18.8,3.7,11.9,30.6,23.47,Fianarantsoa,-21.454,47.086,1127.0
2022-11-11,25.4,15.8,19.6,0.6,14.8,32.4,27.95,Fianarantsoa,-21.454,47.086,1127.0
2022-11-12,24.5,15.1,19.1,0.3,17.2,36.4,29.6,Fianarantsoa,-21.454,47.086,1127.0
2022-11-13,24.8,12.4,18.5,0.3,17.3,36.0,29.44,Fianarantsoa,-21.454,47.086,1127.0
2022-11-14,25.5,14.3,19.1,1.0,20.5,43.2,27.28,Fianarantsoa,-21.454,47.086,1127.0
2022-11-15,21.1,16.0,17.7,2.9,19.8,41.4,17.68,Fianarantsoa,-21.454,47.086,1127.0
2022-11-16,24.5,15.9,18.3,14.9,11.9,31.0,16.3,Fianarantsoa,-21.454,47.086,1127.0
2022-11-17,25.5,15.2,19.7,1.1,11.6,28.4,25.25,Fianarantsoa,-21.454,47.086,1127.0
2022-11-18,25.4,14.9,19.6,2.8,8.0,22.7,23.3,Fianarantsoa,-21.454,47.086,1127.0
2022-11-19,26.7,13.8,20.5,0.8,11.2,23.8,27.33,Fianarantsoa,-21.454,47.086,1127.0
2022-11-20,27.0,16.6,21.2,1.5,20.5,45.0,27.5,Fianarantsoa,-21.454,47.086,1127.0
2022-11-21,23.1,16.1,19.2,7.9,29.5,59.4,23.8,Fianarantsoa,-21.454,47.086,1127.0
2022-11-22,22.4,14.9,17.6,5.4,13.6,31.7,19.76,Fianarantsoa,-21.454,47.086,1127.0
2022-11-23,22.1,15.9,17.9,11.4,14.8,34.9,19.24,Fianarantsoa,-21.454,47.086,1127.0
2022-11-24,23.7,15.7,18.4,3.4,19.8,41.8,24.3,Fianarantsoa,-21.454,47.086,1127.0
2022-11-25,24.1,14.0,18.4,0.4,17.9,40.7,28.73,Fianarantsoa,-21.454,47.086,1127.0
2022-11-26,24.4,14.1,18.6,0.2,17.3,37.8,29.03,Fianarantsoa,-21.454,47.086,1127.0
2022-11-27,25.0,15.3,19.3,0.0,15.7,33.1,28.54,Fianarantsoa,-21.454,47.086,1127.0
2022-11-28,25.8,14.9,19.9,6.4,8.6,25.9,26.53,Fianarantsoa,-21.454,47.086,1127.0
2022-11-29,26.9,15.4,19.8,1.2,14.7,33.5,26.25,Fianarantsoa,-21.454,47.086,1127.0
2022-11-30,26.3,14.4,19.6,6.7,9.9,33.8,24.98,Fianarantsoa,-21.454,47.086,1127.0
2022-12-01,25.3,15.3,19.3,11.5,8.6,29.5,24.27,Fianarantsoa,-21.454,47.086,1127.0
2022-12-02,25.8,14.8,19.5,10.7,15.5,34.9,26.33,Fianarantsoa,-21.454,47.086,1127.0
2022-12-03,27.1,15.9,20.1,4.8,16.4,34.9,26.6,Fianarantsoa,-21.454,47.086,1127.0
2022-12-04,24.7,16.8,19.3,7.5,16.6,36.0,19.6,Fianarantsoa,-21.454,47.086,1127.0
2022-12-05,23.7,16.6,18.8,9.0,18.0,38.9,19.4,Fianarantsoa,-21.454,47.086,1127.0
2022-12-06,25.5,16.4,19.6,1.4,17.5,36.7,27.37,Fianarantsoa,-21.454,47.086,1127.0
2022-12-07,24.9,13.5,19.0,0.6,18.8,40.7,31.11,Fianarantsoa,-21.454,47.086,1127.0
2022-12-08,24.0,15.8,19.1,1.3,17.8,37.8,25.05,Fianarantsoa,-21.454,47.086,1127.0
2022-12-09,23.4,11.6,17.7,2.5,22.4,47.2,23.0,Fianarantsoa,-21.454,47.086,1127.0
2022-12-10,24.3,14.4,18.9,0.7,16.8,34.9,26.1,Fianarantsoa,-21.454,47.086,1127.0
2022-12-11,25.4,14.6,19.5,0.2,15.2,32.8,30.47,Fianarantsoa,-21.454,47.086,1127.0
2022-12-12,23.5,16.2,18.9,11.2,17.8,41.8,21.34,Fianarantsoa,-21.454,47.086,1127.0
2022-12-13,22.2,15.6,18.1,7.8,21.0,43.2,18.55,Fianarantsoa,-21.454,47.086,1127.0
2022-12-14,22.6,14.6,17.9,3.3,13.7,32.8,18.74,Fianarantsoa,-21.454,47.086,1127.0
2022-12-15,24.1,14.5,18.5,10.5,14.8,34.2,21.36,Fianarantsoa,-21.454,47.086,1127.0
2022-12-16,24.9,15.7,18.6,13.6,16.3,41.8,20.63,Fianarantsoa,-21.454,47.086,1127.0
2022-12-17,25.4,15.2,18.8,26.5,11.6,32.4,18.7,Fianarantsoa,-21.454,47.086,1127.0
2022-12-18,26.6,15.9,19.9,9.4,11.2,27.7,24.59,Fianarantsoa,-21.454,47.086,1127.0
2022-12-19,27.0,15.3,19.9,6.9,9.1,22.0,25.17,Fianarantsoa,-21.454,47.086,1127.0
2022-12-20,25.8,15.5,20.1,14.1,12.7,29.2,23.04,Fianarantsoa,-21.454,47.086,1127.0
2022-12-21,26.5,17.2,20.6,5.1,19.5,42.5,26.0,Fianarantsoa,-21.454,47.086,1127.0
2022-12-22,21.3,16.0,18.2,24.6,16.6,37.1,9.45,Fianarantsoa,-21.454,47.086,1127.0
2022-12-23,23.1,13.9,18.3,1.0,15.2,33.1,23.71,Fianarantsoa,-21.454,47.086,1127.0
2022-12-24,24.9,15.7,19.1,2.3,13.1,24.8,21.8,Fianarantsoa,-21.454,47.086,1127.0
2022-12-25,24.5,16.9,19.5,8.8,12.3,30.6,18.72,Fianarantsoa,-21.454,47.086,1127.0
2022-12-26,24.2,17.2,19.7,3.3,16.7,37.4,23.3,Fianarantsoa,-21.454,47.086,1127.0
2022-12-27,24.1,16.1,19.4,1.6,16.9,37.4,23.44,Fianarantsoa,-21.454,47.086,1127.0
2022-12-28,24.3,17.2,19.6,16.5,16.5,34.6,22.47,Fianarantsoa,-21.454,47.086,1127.0
2022-12-29,25.5,15.8,20.0,2.1,17.3,35.3,30.57,Fianarantsoa,-21.454,47.086,1127.0
2022-12-30,25.7,15.0,20.1,1.2,14.4,31.3,28.35,Fianarantsoa,-21.454,47.086,1127.0
2022-12-31,26.2,16.7,20.6,1.9,14.8,31.3,28.03,Fianarantsoa,-21.454,47.086,1127.0
2023-01-01,25.8,16.4,20.1,0.8,7.6,20.5,24.83,Fianarantsoa,-21.454,47.086,1127.0
2023-01-02,24.0,17.2,19.5,12.1,11.0,28.8,17.38,Fianarantsoa,-21.454,47.086,1127.0
2023-01-03,24.7,17.3,20.0,1.3,17.9,39.6,25.74,Fianarantsoa,-21.454,47.086,1127.0
2023-01-04,24.9,16.8,19.5,9.5,15.1,33.8,21.34,Fianarantsoa,-21.454,47.086,1127.0
2023-01-05,22.6,17.1,18.8,6.7,16.3,34.9,15.73,Fianarantsoa,-21.454,47.086,1127.0
2023-01-06,26.0,15.5,19.9,0.5,21.3,45.0,29.38,Fianarantsoa,-21.454,47.086,1127.0
2023-01-07,25.3,15.2,20.3,0.9,14.8,29.5,28.98,Fianarantsoa,-21.454,47.086,1127.0
2023-01-08,26.7,17.0,20.7,13.4,11.7,36.7,26.57,Fianarantsoa,-21.454,47.086,1127.0
2023-01-09,25.1,17.4,20.2,19.3,16.1,35.6,20.67,Fianarantsoa,-21.454,47.086,1127.0
2023-01-10,23.7,17.2,19.3,15.9,13.3,29.5,16.53,Fianarantsoa,-21.454,47.086,1127.0
2023-01-11,24.4,17.3,19.2,26.9,15.0,29.9,14.95,Fianarantsoa,-21.454,47.086,1127.0
2023-01-12,23.9,17.0,19.4,5.4,16.4,37.4,21.16,Fianarantsoa,-21.454,47.086,1127.0
2023-01-13,23.7,17.0,19.2,4.7,17.3,36.7,19.54,Fianarantsoa,-21.454,47.086,1127.0
2023-01-14,22.8,16.4,19.0,3.9,22.4,45.4,21.63,Fianarantsoa,-21.454,47.086,1127.0
2023-01-15,22.6,15.6,18.5,1.8,21.8,45.7,24.42,Fianarantsoa,-21.454,47.086,1127.0
2023-01-16,22.7,16.2,18.7,2.9,20.2,43.9,24.41,Fianarantsoa,-21.454,47.086,1127.0
2023-01-17,23.3,16.0,18.8,3.1,20.9,45.0,22.18,Fianarantsoa,-21.454,47.086,1127.0
2023-01-18,22.8,15.5,18.2,3.3,24.9,50.8,25.64,Fianarantsoa,-21.454,47.086,1127.0
2023-01-19,22.8,16.1,18.5,4.4,27.2,56.5,22.65,Fianarantsoa,-21.454,47.086,1127.0
2023-01-20,21.6,17.0,18.5,25.1,27.9,63.0,15.79,Fianarantsoa,-21.454,47.086,1127.0
2023-01-21,19.6,17.2,18.1,25.1,22.3,47.9,7.06,Fianarantsoa,-21.454,47.086,1127.0
2023-01-22,20.6,17.1,18.4,34.6,23.4,50.0,9.17,Fianarantsoa,-21.454,47.086,1127.0
2023-01-23,19.7,17.6,18.3,38.5,25.2,54.0,5.98,Fianarantsoa,-21.454,47.086,1127.0
2023-01-24,22.6,17.9,19.4,86.4,24.6,49.7,15.7,Fianarantsoa,-21.454,47.086,1127.0
2023-01-25,23.7,17.7,19.8,6.5,19.8,40.0,17.58,Fianarantsoa,-21.454,47.086,1127.0
2023-01-26,20.8,17.6,18.5,22.4,25.8,51.5,7.79,Fianarantsoa,-21.454,47.086,1127.0
2023-01-27,27.8,17.6,20.6,23.1,18.8,44.3,20.91,Fianarantsoa,-21.454,47.086,1127.0
2023-01-28,27.3,17.1,21.5,0.2,20.6,45.4,26.14,Fianarantsoa,-21.454,47.086,1127.0
2023-01-29,24.4,17.3,20.6,0.2,31.4,63.0,21.81,Fianarantsoa,-21.454,47.086,1127.0
2023-01-30,26.0,18.1,20.9,7.2,14.8,32.0,19.8,Fianarantsoa,-21.454,47.086,1127.0
2023-01-31,24.0,18.1,20.0,8.1,16.9,36.7,20.47,Fianarantsoa,-21.454,47.086,1127.0
2023-02-01,21.1,16.4,18.1,5.8,18.6,39.2,14.44,Fianarantsoa,-21.454,47.086,1127.0
2023-02-02,23.1,15.8,18.6,2.9,18.6,39.2,20.16,Fianarantsoa,-21.454,47.086,1127.0
2023-02-03,22.9,15.3,18.5,10.0,18.9,39.6,19.81,Fianarantsoa,-21.454,47.086,1127.0
2023-02-04,24.3,16.9,19.0,6.7,19.6,44.3,19.79,Fianarantsoa,-21.454,47.086,1127.0
2023-02-05,22.8,16.4,18.4,5.5,20.2,44.3,19.76,Fianarantsoa,-21.454,47.086,1127.0
2023-02-06,22.2,15.6,18.1,13.8,18.7,41.8,14.84,Fianarantsoa,-21.454,47.086,1127.0
2023-02-07,21.5,17.2,18.2,4.2,23.0,47.9,9.31,Fianarantsoa,-21.454,47.086,1127.0
2023-02-08,23.3,16.9,19.2,3.1,19.6,43.2,20.47,Fianarantsoa,-21.454,47.086,1127.0
2023-02-09,23.2,17.0,18.7,3.8,19.9,43.2,19.25,Fianarantsoa,-21.454,47.086,1127.0
2023-02-10,25.3,15.2,19.3,0.0,14.8,31.3,26.2,Fianarantsoa,-21.454,47.086,1127.0
2023-02-11,26.4,14.8,20.3,3.1,14.0,30.2,27.76,Fianarantsoa,-21.454,47.086,1127.0
2023-02-12,25.6,15.1,20.4,0.4,17.7,36.0,29.66,Fianarantsoa,-21.454,47.086,1127.0
2023-02-13,24.0,14.9,19.0,0.6,17.4,35.3,23.21,Fianarantsoa,-21.454,47.086,1127.0
2023-02-14,23.0,15.0,18.3,4.1,18.4,40.3,21.97,Fianarantsoa,-21.454,47.086,1127.0
2023-02-15,24.4,14.9,18.6,2.2,17.7,36.7,24.61,Fianarantsoa,-21.454,47.086,1127.0
2023-02-16,24.3,16.8,19.2,10.6,13.3,34.6,17.49,Fianarantsoa,-21.454,47.086,1127.0
2023-02-17,26.0,16.6,19.6,15.6,10.9,26.3,20.22,Fianarantsoa,-21.454,47.086,1127.0
2023-02-18,26.7,17.4,20.7,12.0,5.1,22.7,21.63,Fianarantsoa,-21.454,47.086,1127.0
2023-02-19,26.4,17.5,21.1,0.4,14.6,32.4,25.69,Fianarantsoa,-21.454,47.086,1127.0
2023-02-20,25.2,16.3,20.3,0.4,14.4,33.5,28.95,Fianarantsoa,-21.454,47.086,1127.0
2023-02-21,24.2,15.5,19.7,33.8,41.2,91.4,20.24,Fianarantsoa,-21.454,47.086,1127.0
2023-02-22,23.7,18.6,20.5,65.1,58.9,122.4,18.93,Fianarantsoa,-21.454,47.086,1127.0
2023-02-23,24.8,16.6,19.8,3.8,19.6,43.2,21.14,Fianarantsoa,-21.454,47.086,1127.0
2023-02-24,25.0,16.7,20.0,1.4,16.7,39.6,22.9,Fianarantsoa,-21.454,47.086,1127.0
2023-02-25,24.5,12.6,19.0,0.2,15.9,36.0,28.94,Fianarantsoa,-21.454,47.086,1127.0
2023-02-26,25.6,14.0,19.7,0.5,15.9,33.5,28.22,Fianarantsoa,-21.454,47.086,1127.0
2023-02-27,25.2,14.8,19.3,0.3,14.9,30.2,26.55,Fianarantsoa,-21.454,47.086,1127.0
2023-02-28,24.2,14.1,19.0,2.2,14.8,32.8,23.8,Fianarantsoa,-21.454,47.086,1127.0
2023-03-01,25.6,14.2,19.4,6.4,11.1,28.4,24.84,Fianarantsoa,-21.454,47.086,1127.0
2023-03-02,26.5,15.6,19.6,14.9,13.0,41.4,23.89,Fianarantsoa,-21.454,47.086,1127.0
2023-03-03,25.1,15.8,19.2,26.4,5.4,19.4,16.53,Fianarantsoa,-21.454,47.086,1127.0
2023-03-04,23.8,17.2,19.6,32.8,9.3,29.5,14.52,Fianarantsoa,-21.454,47.086,1127.0
2023-03-05,24.0,17.1,19.6,35.5,13.8,35.6,14.99,Fianarantsoa,-21.454,47.086,1127.0
2023-03-06,25.6,17.2,20.5,1.0,20.8,48.2,21.28,Fianarantsoa,-21.454,47.086,1127.0
2023-03-07,26.6,15.6,20.1,0.7,15.0,33.8,25.29,Fianarantsoa,-21.454,47.086,1127.0
2023-03-08,25.0,15.5,19.5,4.0,10.5,24.1,18.12,Fianarantsoa,-21.454,47.086,1127.0
2023-03-09,22.2,17.3,19.1,2.9,18.8,40.0,13.97,Fianarantsoa,-21.454,47.086,1127.0
2023-03-10,20.9,17.2,18.5,3.7,19.8,40.3,10.23,Fianarantsoa,-21.454,47.086,1127.0
2023-03-11,21.2,16.3,18.2,2.7,18.2,37.8,10.92,Fianarantsoa,-21.454,47.086,1127.0
2023-03-12,23.4,16.1,18.4,6.7,15.1,36.0,16.5,Fianarantsoa,-21.454,47.086,1127.0
2023-03-13,22.0,15.7,18.0,2.9,20.9,45.7,21.7,Fianarantsoa,-21.454,47.086,1127.0
2023-03-14,22.7,15.7,18.3,1.2,19.3,40.7,22.4,Fianarantsoa,-21.454,47.086,1127.0
2023-03-15,20.3,16.2,17.6,8.0,15.1,32.4,10.51,Fianarantsoa,-21.454,47.086,1127.0
2023-03-16,24.8,16.1,19.2,2.5,13.4,37.4,21.97,Fianarantsoa,-21.454,47.086,1127.0
2023-03-17,24.6,15.6,19.3,2.8,15.6,37.1,22.23,Fianarantsoa,-21.454,47.086,1127.0
2023-03-18,24.3,14.7,18.6,2.7,10.1,26.6,17.7,Fianarantsoa,-21.454,47.086,1127.0
2023-03-19,25.3,16.8,19.6,10.4,9.5,22.0,16.93,Fianarantsoa,-21.454,47.086,1127.0
2023-03-20,24.4,17.2,19.6,12.4,11.5,31.0,17.18,Fianarantsoa,-21.454,47.086,1127.0
2023-03-21,23.4,17.4,19.3,4.9,13.7,32.4,17.75,Fianarantsoa,-21.454,47.086,1127.0
2023-03-22,22.3,17.1,18.7,10.5,14.7,32.0,15.98,Fianarantsoa,-21.454,47.086,1127.0
2023-03-23,23.1,16.8,19.0,4.8,16.4,36.4,19.26,Fianarantsoa,-21.454,47.086,1127.0
2023-03-24,23.8,17.1,19.1,8.1,18.0,37.8,16.9,Fianarantsoa,-21.454,47.086,1127.0
2023-03-25,23.9,16.2,19.0,1.8,16.9,38.9,23.48,Fianarantsoa,-21.454,47.086,1127.0
2023-03-26,23.2,16.5,19.0,1.3,15.3,32.0,17.63,Fianarantsoa,-21.454,47.086,1127.0
2023-03-27,24.6,16.1,19.8,1.8,16.7,34.6,21.5,Fianarantsoa,-21.454,47.086,1127.0
2023-03-28,24.0,14.7,18.7,1.9,15.7,34.2,18.09,Fianarantsoa,-21.454,47.086,1127.0
2023-03-29,21.4,15.5,17.8,2.1,15.0,31.7,13.45,Fianarantsoa,-21.454,47.086,1127.0
2023-03-30,23.6,16.7,19.3,10.9,12.6,29.2,14.05,Fianarantsoa,-21.454,47.086,1127.0
2023-03-31,24.6,17.6,19.8,5.3,13.1,31.0,17.72,Fianarantsoa,-21.454,47.086,1127.0
2023-04-01,25.0,17.1,19.9,1.3,15.5,32.8,21.09,Fianarantsoa,-21.454,47.086,1127.0
2023-04-02,24.0,16.5,19.0,6.9,15.2,30.6,15.07,Fianarantsoa,-21.454,47.086,1127.0
2023-04-03,23.7,16.6,19.1,2.5,11.5,23.8,16.02,Fianarantsoa,-21.454,47.086,1127.0
2023-04-04,24.4,15.7,19.7,1.0,13.0,26.6,18.27,Fianarantsoa,-21.454,47.086,1127.0
2023-04-05,24.1,16.5,19.3,8.0,12.0,27.0,16.3,Fianarantsoa,-21.454,47.086,1127.0
2023-04-06,23.0,16.7,18.8,3.0,15.1,34.2,16.59,Fianarantsoa,-21.454,47.086,1127.0
2023-04-07,22.2,16.5,18.4,4.7,14.8,34.6,14.94,Fianarantsoa,-21.454,47.086,1127.0
2023-04-08,23.0,15.2,18.3,0.5,14.5,31.3,15.78,Fianarantsoa,-21.454,47.086,1127.0
2023-04-09,22.7,15.4,18.1,4.6,14.4,32.0,16.52,Fianarantsoa,-21.454,47.086,1127.0
2023-04-10,23.8,14.3,18.0,0.1,11.1,25.9,19.03,Fianarantsoa,-21.454,47.086,1127.0
2023-04-11,24.5,13.7,18.6,0.1,14.8,30.2,21.34,Fianarantsoa,-21.454,47.086,1127.0
2023-04-12,24.5,13.9,18.4,0.5,7.5,18.4,20.53,Fianarantsoa,-21.454,47.086,1127.0
2023-04-13,24.1,15.4,18.6,1.1,14.1,29.9,18.69,Fianarantsoa,-21.454,47.086,1127.0
2023-04-14,23.9,15.2,19.0,0.3,14.4,28.1,19.98,Fianarantsoa,-21.454,47.086,1127.0
2023-04-15,25.7,15.8,19.3,0.3,15.6,32.4,20.38,Fianarantsoa,-21.454,47.086,1127.0
2023-04-16,21.7,15.5,17.9,5.2,13.8,32.4,15.81,Fianarantsoa,-21.454,47.086,1127.0
2023-04-17,21.5,16.0,17.7,3.4,16.2,35.6,15.92,Fianarantsoa,-21.454,47.086,1127.0
2023-04-18,21.3,15.5,17.6,2.9,20.3,41.0,17.72,Fianarantsoa,-21.454,47.086,1127.0
2023-04-19,21.9,15.8,18.0,2.7,16.4,35.3,14.15,Fianarantsoa,-21.454,47.086,1127.0
2023-04-20,22.8,15.9,18.4,13.2,15.2,32.0,14.89,Fianarantsoa,-21.454,47.086,1127.0
2023-04-21,24.5,13.9,18.4,1.6,13.2,30.6,19.24,Fianarantsoa,-21.454,47.086,1127.0
2023-04-22,25.9,12.5,18.4,0.0,12.5,25.9,18.19,Fianarantsoa,-21.454,47.086,1127.0
2023-04-23,24.6,14.7,18.8,0.4,10.8,23.8,18.86,Fianarantsoa,-21.454,47.086,1127.0
2023-04-24,23.6,14.5,18.3,0.0,23.0,48.2,20.3,Fianarantsoa,-21.454,47.086,1127.0
2023-04-25,24.7,10.5,17.3,0.9,13.9,29.9,21.62,Fianarantsoa,-21.454,47.086,1127.0
2023-04-26,24.9,15.0,18.5,1.2,16.2,32.8,19.25,Fianarantsoa,-21.454,47.086,1127.0
2023-04-27,22.0,15.0,17.2,1.3,15.5,33.8,16.71,Fianarantsoa,-21.454,47.086,1127.0
2023-04-28,21.0,14.2,16.7,1.0,16.6,35.6,18.52,Fianarantsoa,-21.454,47.086,1127.0
2023-04-29,21.7,13.5,16.7,0.5,13.8,32.0,20.34,Fianarantsoa,-21.454,47.086,1127.0
2023-04-30,24.0,14.0,18.2,0.2,12.6,26.6,20.81,Fianarantsoa,-21.454,47.086,1127.0
2023-05-01,23.7,12.3,17.6,0.1,10.9,24.8,20.26,Fianarantsoa,-21.454,47.086,1127.0
2023-05-02,23.4,16.0,17.7,1.6,13.7,31.0,15.28,Fianarantsoa,-21.454,47.086,1127.0
2023-05-03,22.0,15.4,17.5,1.7,17.4,34.9,14.26,Fianarantsoa,-21.454,47.086,1127.0
2023-05-04,20.1,14.9,16.7,2.3,13.8,29.9,12.34,Fianarantsoa,-21.454,47.086,1127.0
2023-05-05,21.6,14.7,17.0,3.7,10.9,23.0,9.71,Fianarantsoa,-21.454,47.086,1127.0
2023-05-06,22.2,14.6,17.3,9.5,13.4,27.7,16.25,Fianarantsoa,-21.454,47.086,1127.0
2023-05-07,20.7,13.3,15.9,3.2,18.3,37.1,14.51,Fianarantsoa,-21.454,47.086,1127.0
2023-05-08,21.2,12.5,16.0,0.6,15.6,33.5,15.21,Fianarantsoa,-21.454,47.086,1127.0
2023-05-09,21.3,13.3,16.8,0.5,16.2,35.6,15.9,Fianarantsoa,-21.454,47.086,1127.0
2023-05-10,21.5,14.8,17.3,1.3,18.2,37.4,15.34,Fianarantsoa,-21.454,47.086,1127.0
2023-05-11,21.5,13.3,17.3,0.9,15.3,33.5,16.01,Fianarantsoa,-21.454,47.086,1127.0
2023-05-12,22.9,14.0,17.7,0.5,10.1,27.7,15.96,Fianarantsoa,-21.454,47.086,1127.0
2023-05-13,21.7,14.1,16.9,1.2,6.8,16.2,9.64,Fianarantsoa,-21.454,47.086,1127.0
2023-05-14,23.0,14.7,17.8,0.3,13.4,28.4,15.2,Fianarantsoa,-21.454,47.086,1127.0
2023-05-15,22.7,14.7,17.9,0.6,14.2,35.3,13.89,Fianarantsoa,-21.454,47.086,1127.0
2023-05-16,21.0,12.3,16.3,0.0,21.1,45.4,19.14,Fianarantsoa,-21.454,47.086,1127.0
2023-05-17,23.2,10.6,16.2,0.0,9.1,22.0,17.6,Fianarantsoa,-21.454,47.086,1127.0
2023-05-18,23.5,13.4,17.1,0.0,8.6,20.2,18.18,Fianarantsoa,-21.454,47.086,1127.0
2023-05-19,24.1,13.3,17.4,0.0,12.2,27.4,18.08,Fianarantsoa,-21.454,47.086,1127.0
2023-05-20,24.3,12.4,17.4,0.0,16.9,36.4,18.47,Fianarantsoa,-21.454,47.086,1127.0
2023-05-21,23.1,11.2,16.3,0.0,16.3,35.3,18.25,Fianarantsoa,-21.454,47.086,1127.0
2023-05-22,22.5,9.0,14.9,0.0,19.2,40.3,18.75,Fianarantsoa,-21.454,47.086,1127.0
2023-05-23,21.2,9.2,14.9,0.1,12.6,26.6,17.2,Fianarantsoa,-21.454,47.086,1127.0
2023-05-24,17.8,12.6,14.6,2.6,13.8,29.9,12.79,Fianarantsoa,-21.454,47.086,1127.0
2023-05-25,15.1,12.2,13.4,3.4,15.8,37.4,8.09,Fianarantsoa,-21.454,47.086,1127.0
2023-05-26,19.7,11.2,14.6,1.6,15.5,31.7,14.07,Fianarantsoa,-21.454,47.086,1127.0
2023-05-27,19.3,12.5,15.4,0.6,15.5,34.2,10.43,Fianarantsoa,-21.454,47.086,1127.0
2023-05-28,20.1,13.4,15.7,0.6,14.6,32.4,11.85,Fianarantsoa,-21.454,47.086,1127.0
2023-05-29,22.5,11.9,16.0,0.1,15.7,30.2,17.69,Fianarantsoa,-21.454,47.086,1127.0
2023-05-30,20.1,12.2,15.4,0.3,14.1,31.0,17.52,Fianarantsoa,-21.454,47.086,1127.0
2023-05-31,20.6,12.0,15.2,0.1,12.8,28.1,17.9,Fianarantsoa,-21.454,47.086,1127.0
2023-06-01,19.7,11.9,15.3,0.4,14.3,32.4,16.59,Fianarantsoa,-21.454,47.086,1127.0
2023-06-02,19.8,12.7,15.3,0.9,17.1,37.1,14.41,Fianarantsoa,-21.454,47.086,1127.0
2023-06-03,20.3,10.0,15.6,0.3,16.7,37.1,14.81,Fianarantsoa,-21.454,47.086,1127.0
2023-06-04,19.0,14.2,15.9,1.3,13.6,29.5,9.36,Fianarantsoa,-21.454,47.086,1127.0
2023-06-05,21.5,10.8,15.9,0.1,17.1,37.1,14.65,Fianarantsoa,-21.454,47.086,1127.0
2023-06-06,21.4,13.0,16.0,0.2,13.8,29.2,16.4,Fianarantsoa,-21.454,47.086,1127.0
2023-06-07,21.4,12.2,16.1,0.5,14.4,32.8,12.91,Fianarantsoa,-21.454,47.086,1127.0
2023-06-08,23.0,14.7,17.5,0.5,13.0,29.5,15.12,Fianarantsoa,-21.454,47.086,1127.0
2023-06-09,22.9,13.5,17.2,0.0,9.0,19.1,15.18,Fianarantsoa,-21.454,47.086,1127.0
2023-06-10,22.8,13.7,17.0,0.0,8.9,18.4,15.52,Fianarantsoa,-21.454,47.086,1127.0
2023-06-11,21.9,11.7,16.0,0.0,11.9,23.8,14.12,Fianarantsoa,-21.454,47.086,1127.0
2023-06-12,21.8,11.8,16.0,0.0,10.6,22.0,15.26,Fianarantsoa,-21.454,47.086,1127.0
2023-06-13,21.6,9.7,15.2,0.0,19.8,42.8,16.73,Fianarantsoa,-21.454,47.086,1127.0
2023-06-14,21.4,6.7,13.7,0.0,8.0,18.0,17.55,Fianarantsoa,-21.454,47.086,1127.0
2023-06-15,23.0,9.2,14.9,0.0,9.2,19.8,17.49,Fianarantsoa,-21.454,47.086,1127.0
2023-06-16,22.4,7.2,13.9,0.0,13.6,31.0,17.6,Fianarantsoa,-21.454,47.086,1127.0
2023-06-17,20.8,6.9,13.6,0.1,13.0,28.8,17.4,Fianarantsoa,-21.454,47.086,1127.0
2023-06-18,19.3,12.9,15.0,0.2,15.4,34.9,13.28,Fianarantsoa,-21.454,47.086,1127.0
2023-06-19,18.4,10.6,13.9,0.1,13.4,29.5,16.38,Fianarantsoa,-21.454,47.086,1127.0
2023-06-20,20.4,11.0,14.1,0.0,13.4,26.6,16.99,Fianarantsoa,-21.454,47.086,1127.0
2023-06-21,18.4,8.6,12.6,0.0,14.1,31.0,16.37,Fianarantsoa,-21.454,47.086,1127.0
2023-06-22,21.0,10.3,14.7,0.0,10.4,25.6,17.4,Fianarantsoa,-21.454,47.086,1127.0
2023-06-23,20.9,11.6,14.7,0.0,16.0,30.6,15.87,Fianarantsoa,-21.454,47.086,1127.0
2023-06-24,15.6,10.5,12.5,0.8,15.8,34.6,11.54,Fianarantsoa,-21.454,47.086,1127.0
2023-06-25,17.5,9.2,12.2,0.9,11.8,26.3,16.14,Fianarantsoa,-21.454,47.086,1127.0
2023-06-26,18.4,6.9,11.8,0.1,10.0,24.1,16.75,Fianarantsoa,-21.454,47.086,1127.0
2023-06-27,19.2,6.8,11.6,0.0,10.5,24.1,16.95,Fianarantsoa,-21.454,47.086,1127.0
2023-06-28,19.2,7.3,12.0,0.0,10.4,23.4,15.99,Fianarantsoa,-21.454,47.086,1127.0
2023-06-29,18.5,9.8,13.2,0.2,14.0,32.4,15.79,Fianarantsoa,-21.454,47.086,1127.0
2023-06-30,21.1,12.1,15.2,0.2,13.0,25.2,16.14,Fianarantsoa,-21.454,47.086,1127.0
2023-07-01,20.6,10.7,14.1,0.0,14.5,33.8,16.26,Fianarantsoa,-21.454,47.086,1127.0
2023-07-02,18.4,10.2,14.0,1.7,17.7,38.9,12.04,Fianarantsoa,-21.454,47.086,1127.0
2023-07-03,17.5,11.4,13.7,2.4,18.4,39.6,11.38,Fianarantsoa,-21.454,47.086,1127.0
2023-07-04,18.2,10.2,13.3,0.0,15.6,34.2,15.31,Fianarantsoa,-21.454,47.086,1127.0
2023-07-05,20.7,9.9,14.3,0.1,9.8,23.8,14.17,Fianarantsoa,-21.454,47.086,1127.0
2023-07-06,20.1,9.1,13.6,0.1,14.2,27.4,14.99,Fianarantsoa,-21.454,47.086,1127.0
2023-07-07,17.1,11.9,13.6,3.1,20.3,40.7,9.62,Fianarantsoa,-21.454,47.086,1127.0
2023-07-08,18.2,11.5,14.4,0.7,18.4,38.5,9.74,Fianarantsoa,-21.454,47.086,1127.0
2023-07-09,20.4,10.8,14.8,0.0,13.0,29.5,13.44,Fianarantsoa,-21.454,47.086,1127.0
2023-07-10,22.1,11.9,15.7,0.0,8.4,22.3,14.88,Fianarantsoa,-21.454,47.086,1127.0
2023-07-11,22.1,11.5,15.9,0.0,13.0,30.2,16.78,Fianarantsoa,-21.454,47.086,1127.0
2023-07-12,17.3,9.5,13.1,0.5,19.0,41.8,11.17,Fianarantsoa,-21.454,47.086,1127.0
2023-07-13,16.4,10.3,12.4,0.0,17.9,36.4,13.92,Fianarantsoa,-21.454,47.086,1127.0
2023-07-14,15.7,10.6,12.8,2.3,18.9,40.0,8.63,Fianarantsoa,-21.454,47.086,1127.0
2023-07-15,16.1,10.6,12.4,2.8,19.5,42.1,11.49,Fianarantsoa,-21.454,47.086,1127.0
2023-07-16,18.5,8.6,12.6,0.1,11.9,30.2,15.79,Fianarantsoa,-21.454,47.086,1127.0
2023-07-17,20.8,10.1,14.9,0.3,11.8,25.6,16.15,Fianarantsoa,-21.454,47.086,1127.0
2023-07-18,18.5,13.2,15.0,1.3,13.6,31.7,12.24,Fianarantsoa,-21.454,47.086,1127.0
2023-07-19,20.2,8.8,14.2,0.2,15.9,35.3,16.17,Fianarantsoa,-21.454,47.086,1127.0
2023-07-20,22.8,10.5,15.3,0.0,17.3,33.5,15.75,Fianarantsoa,-21.454,47.086,1127.0
2023-07-21,18.8,12.3,14.8,1.6,19.2,41.4,11.91,Fianarantsoa,-21.454,47.086,1127.0
2023-07-22,17.9,12.7,14.3,1.8,18.9,39.2,9.84,Fianarantsoa,-21.454,47.086,1127.0
2023-07-23,20.3,10.1,15.0,1.4,12.3,27.0,16.97,Fianarantsoa,-21.454,47.086,1127.0
2023-07-24,22.3,11.6,15.9,0.0,13.1,26.3,17.94,Fianarantsoa,-21.454,47.086,1127.0
2023-07-25,22.5,10.7,15.8,0.1,17.1,34.6,18.4,Fianarantsoa,-21.454,47.086,1127.0
2023-07-26,16.0,9.8,12.6,1.2,18.5,41.4,10.13,Fianarantsoa,-21.454,47.086,1127.0
2023-07-27,17.2,7.8,11.7,0.0,14.3,33.8,19.36,Fianarantsoa,-21.454,47.086,1127.0
2023-07-28,19.5,9.6,13.5,0.2,11.2,23.4,19.16,Fianarantsoa,-21.454,47.086,1127.0
2023-07-29,19.2,10.4,13.9,0.1,12.6,29.9,19.38,Fianarantsoa,-21.454,47.086,1127.0
2023-07-30,21.1,10.8,14.4,0.0,14.4,30.2,19.29,Fianarantsoa,-21.454,47.086,1127.0
2023-07-31,22.4,10.7,15.3,0.0,11.6,28.1,18.25,Fianarantsoa,-21.454,47.086,1127.0
2023-08-01,23.3,12.8,16.2,0.2,16.4,42.1,18.17,Fianarantsoa,-21.454,47.086,1127.0
2023-08-02,15.9,12.1,13.5,2.1,19.4,41.4,7.58,Fianarantsoa,-21.454,47.086,1127.0
2023-08-03,14.1,11.4,12.7,3.4,26.8,54.7,6.27,Fianarantsoa,-21.454,47.086,1127.0
2023-08-04,15.5,10.1,12.2,2.7,22.5,47.5,8.33,Fianarantsoa,-21.454,47.086,1127.0
2023-08-05,17.4,9.1,13.0,1.8,19.1,41.4,12.81,Fianarantsoa,-21.454,47.086,1127.0
2023-08-06,17.1,10.8,13.1,1.0,18.1,40.0,13.32,Fianarantsoa,-21.454,47.086,1127.0
2023-08-07,17.3,10.5,13.2,1.7,15.6,36.0,12.53,Fianarantsoa,-21.454,47.086,1127.0
2023-08-08,20.7,12.5,14.6,3.6,14.7,35.3,16.48,Fianarantsoa,-21.454,47.086,1127.0
2023-08-09,18.9,12.0,14.3,4.8,15.2,33.8,14.06,Fianarantsoa,-21.454,47.086,1127.0
2023-08-10,21.5,11.3,15.7,0.8,16.3,32.4,18.17,Fianarantsoa,-21.454,47.086,1127.0
2023-08-11,18.7,11.8,14.1,2.2,15.2,31.7,13.39,Fianarantsoa,-21.454,47.086,1127.0
2023-08-12,21.7,12.7,15.9,0.6,10.9,26.3,17.7,Fianarantsoa,-21.454,47.086,1127.0
2023-08-13,21.0,12.4,15.9,0.0,17.0,35.3,15.93,Fianarantsoa,-21.454,47.086,1127.0
2023-08-14,22.9,13.9,16.7,9.3,14.1,33.1,17.29,Fianarantsoa,-21.454,47.086,1127.0
2023-08-15,22.1,13.3,16.4,0.4,15.6,31.3,15.97,Fianarantsoa,-21.454,47.086,1127.0
2023-08-16,22.8,11.5,16.4,0.4,17.2,37.8,20.91,Fianarantsoa,-21.454,47.086,1127.0
2023-08-17,18.2,12.6,14.5,2.6,17.9,37.4,11.92,Fianarantsoa,-21.454,47.086,1127.0
2023-08-18,22.6,12.5,16.1,0.6,16.3,34.2,17.87,Fianarantsoa,-21.454,47.086,1127.0
2023-08-19,23.9,11.9,17.4,0.1,13.6,28.4,18.42,Fianarantsoa,-21.454,47.086,1127.0
2023-08-20,25.5,11.3,17.5,0.0,16.9,33.5,19.82,Fianarantsoa,-21.454,47.086,1127.0
2023-08-21,24.0,11.9,17.0,1.1,18.8,38.5,20.72,Fianarantsoa,-21.454,47.086,1127.0
2023-08-22,22.1,14.1,17.1,0.3,14.8,31.7,18.48,Fianarantsoa,-21.454,47.086,1127.0
2023-08-23,20.9,11.1,16.1,0.4,17.8,38.5,20.34,Fianarantsoa,-21.454,47.086,1127.0
2023-08-24,21.6,9.8,15.4,0.1,13.9,28.4,19.42,Fianarantsoa,-21.454,47.086,1127.0
2023-08-25,20.5,12.4,15.8,1.1,17.8,38.5,16.11,Fianarantsoa,-21.454,47.086,1127.0
2023-08-26,22.2,13.8,16.6,1.9,17.7,37.8,18.08,Fianarantsoa,-21.454,47.086,1127.0
2023-08-27,22.4,13.4,17.1,0.0,11.6,25.9,20.45,Fianarantsoa,-21.454,47.086,1127.0
2023-08-28,16.8,12.4,14.5,1.2,23.6,49.0,9.3,Fianarantsoa,-21.454,47.086,1127.0
2023-08-29,14.8,11.0,12.5,0.5,27.2,56.2,10.63,Fianarantsoa,-21.454,47.086,1127.0
2023-08-30,17.7,9.4,13.0,0.8,19.2,43.2,18.62,Fianarantsoa,-21.454,47.086,1127.0
2023-08-31,19.1,9.9,13.7,0.6,16.7,35.3,18.99,Fianarantsoa,-21.454,47.086,1127.0
2023-09-01,22.4,9.0,15.4,0.2,17.3,35.6,22.42,Fianarantsoa,-21.454,47.086,1127.0
2023-09-02,21.6,13.2,16.2,0.1,15.9,33.5,21.68,Fianarantsoa,-21.454,47.086,1127.0
2023-09-03,20.6,9.9,15.4,0.4,19.5,42.8,18.38,Fianarantsoa,-21.454,47.086,1127.0
2023-09-04,20.5,11.9,15.7,0.4,15.0,35.3,18.02,Fianarantsoa,-21.454,47.086,1127.0
2023-09-05,21.4,13.0,16.1,0.0,13.4,33.1,22.91,Fianarantsoa,-21.454,47.086,1127.0
2023-09-06,25.0,10.9,16.9,0.0,14.1,33.8,23.26,Fianarantsoa,-21.454,47.086,1127.0
2023-09-07,25.2,12.4,17.5,0.1,15.9,32.8,22.28,Fianarantsoa,-21.454,47.086,1127.0
2023-09-08,22.8,12.5,17.0,0.0,15.6,35.3,24.08,Fianarantsoa,-21.454,47.086,1127.0
2023-09-09,23.5,12.0,16.8,0.0,16.2,35.3,24.28,Fianarantsoa,-21.454,47.086,1127.0
2023-09-10,22.6,10.9,16.3,0.0,17.1,35.3,24.7,Fianarantsoa,-21.454,47.086,1127.0
2023-09-11,22.7,11.0,16.3,0.0,16.6,35.6,24.85,Fianarantsoa,-21.454,47.086,1127.0
2023-09-12,24.8,11.5,16.9,0.0,14.4,32.4,23.83,Fianarantsoa,-21.454,47.086,1127.0
2023-09-13,23.0,10.4,16.2,0.3,17.8,40.3,24.26,Fianarantsoa,-21.454,47.086,1127.0
2023-09-14,21.7,11.8,15.8,0.5,17.3,40.3,22.83,Fianarantsoa,-21.454,47.086,1127.0
2023-09-15,22.2,10.5,15.9,0.4,17.2,38.5,24.41,Fianarantsoa,-21.454,47.086,1127.0
2023-09-16,23.9,10.2,16.7,0.2,18.8,44.6,24.12,Fianarantsoa,-21.454,47.086,1127.0
2023-09-17,25.5,11.2,17.1,0.1,18.1,43.6,21.4,Fianarantsoa,-21.454,47.086,1127.0
2023-09-18,22.8,11.6,16.5,0.0,16.7,38.5,25.15,Fianarantsoa,-21.454,47.086,1127.0
2023-09-19,22.4,10.4,16.1,0.4,18.6,42.1,21.02,Fianarantsoa,-21.454,47.086,1127.0
2023-09-20,24.4,11.0,17.5,0.0,17.8,39.6,22.5,Fianarantsoa,-21.454,47.086,1127.0
2023-09-21,23.8,13.1,17.7,0.1,15.9,34.6,20.93,Fianarantsoa,-21.454,47.086,1127.0
2023-09-22,24.1,11.5,17.4,0.4,20.2,45.4,25.76,Fianarantsoa,-21.454,47.086,1127.0
2023-09-23,22.3,12.2,16.7,1.0,19.2,40.7,15.83,Fianarantsoa,-21.454,47.086,1127.0
2023-09-24,22.9,13.1,17.4,0.9,17.2,38.5,23.7,Fianarantsoa,-21.454,47.086,1127.0
2023-09-25,24.9,10.4,16.8,0.0,19.1,40.7,26.4,Fianarantsoa,-21.454,47.086,1127.0
2023-09-26,22.8,7.8,15.9,0.3,20.5,45.4,24.86,Fianarantsoa,-21.454,47.086,1127.0
2023-09-27,21.9,10.0,15.8,0.2,21.1,45.0,23.41,Fianarantsoa,-21.454,47.086,1127.0
2023-09-28,22.1,12.9,16.5,1.6,19.5,43.2,20.85,Fianarantsoa,-21.454,47.086,1127.0
2023-09-29,24.7,9.9,17.3,0.0,16.9,39.2,26.01,Fianarantsoa,-21.454,47.086,1127.0
2023-09-30,27.6,13.3,18.8,0.0,19.3,43.9,22.89,Fianarantsoa,-21.454,47.086,1127.0
2023-10-01,28.8,14.0,19.6,1.4,17.7,39.2,23.24,Fianarantsoa,-21.454,47.086,1127.0
2023-10-02,28.7,14.2,20.1,0.2,22.1,47.5,24.99,Fianarantsoa,-21.454,47.086,1127.0
2023-10-03,17.4,12.3,14.2,0.9,21.4,45.4,14.34,Fianarantsoa,-21.454,47.086,1127.0
2023-10-04,25.4,12.5,17.4,0.0,15.1,32.8,26.0,Fianarantsoa,-21.454,47.086,1127.0
2023-10-05,24.0,13.0,17.6,0.1,17.3,38.5,27.73,Fianarantsoa,-21.454,47.086,1127.0
2023-10-06,25.1,13.3,17.8,0.2,15.1,34.9,27.62,Fianarantsoa,-21.454,47.086,1127.0
2023-10-07,24.6,10.4,16.7,0.0,17.3,37.4,28.01,Fianarantsoa,-21.454,47.086,1127.0
2023-10-08,30.0,10.9,18.8,0.0,20.5,45.0,27.68,Fianarantsoa,-21.454,47.086,1127.0
2023-10-09,27.9,12.1,20.0,0.0,16.3,35.6,28.15,Fianarantsoa,-21.454,47.086,1127.0
2023-10-10,28.7,13.5,20.0,0.0,15.5,31.7,27.91,Fianarantsoa,-21.454,47.086,1127.0
2023-10-11,30.3,13.6,20.5,0.2,19.4,42.5,25.12,Fianarantsoa,-21.454,47.086,1127.0
2023-10-12,31.7,16.0,21.6,0.2,18.9,45.4,24.79,Fianarantsoa,-21.454,47.086,1127.0
2023-10-13,32.4,18.1,22.6,0.6,17.1,36.7,24.15,Fianarantsoa,-21.454,47.086,1127.0
2023-10-14,30.9,16.1,24.0,0.0,22.3,45.7,26.36,Fianarantsoa,-21.454,47.086,1127.0
2023-10-15,29.3,17.7,23.7,0.0,24.9,53.3,27.08,Fianarantsoa,-21.454,47.086,1127.0
2023-10-16,28.7,17.0,21.9,0.8,17.5,39.6,25.25,Fianarantsoa,-21.454,47.086,1127.0
2023-10-17,30.7,16.4,21.5,6.9,17.0,36.4,24.52,Fianarantsoa,-21.454,47.086,1127.0
2023-10-18,28.9,15.6,20.3,15.6,21.6,43.6,21.01,Fianarantsoa,-21.454,47.086,1127.0
2023-10-19,26.6,16.0,20.3,1.0,21.8,49.0,24.66,Fianarantsoa,-21.454,47.086,1127.0
2023-10-20,26.5,15.0,20.0,0.5,18.3,45.0,28.65,Fianarantsoa,-21.454,47.086,1127.0
2023-10-21,25.5,15.1,18.7,1.2,18.1,42.1,22.74,Fianarantsoa,-21.454,47.086,1127.0
2023-10-22,27.9,16.2,20.7,1.8,12.2,28.4,24.54,Fianarantsoa,-21.454,47.086,1127.0
2023-10-23,26.9,15.7,21.3,0.8,16.9,40.0,23.16,Fianarantsoa,-21.454,47.086,1127.0
2023-10-24,27.9,15.2,22.0,0.1,15.7,35.6,27.27,Fianarantsoa,-21.454,47.086,1127.0
2023-10-25,29.0,16.1,22.2,0.1,17.6,39.2,26.42,Fianarantsoa,-21.454,47.086,1127.0
2023-10-26,28.5,15.1,21.3,0.2,18.8,38.5,26.85,Fianarantsoa,-21.454,47.086,1127.0
2023-10-27,24.1,16.2,18.8,1.5,17.3,38.2,21.98,Fianarantsoa,-21.454,47.086,1127.0
2023-10-28,25.2,15.9,19.4,4.0,15.6,33.8,21.9,Fianarantsoa,-21.454,47.086,1127.0
2023-10-29,27.1,16.3,20.5,5.1,15.8,36.4,25.06,Fianarantsoa,-21.454,47.086,1127.0
2023-10-30,27.1,16.0,19.9,3.2,14.6,34.6,23.82,Fianarantsoa,-21.454,47.086,1127.0
2023-10-31,27.0,16.1,20.0,15.2,21.7,44.6,21.84,Fianarantsoa,-21.454,47.086,1127.0
2023-11-01,26.0,16.1,19.9,4.6,15.1,35.6,21.84,Fianarantsoa,-21.454,47.086,1127.0
2023-11-02,25.8,16.3,20.1,0.5,24.5,51.8,26.14,Fianarantsoa,-21.454,47.086,1127.0
2023-11-03,19.0,13.8,15.9,2.3,17.9,37.8,12.75,Fianarantsoa,-21.454,47.086,1127.0
2023-11-04,19.1,13.6,15.7,1.5,17.2,37.8,12.18,Fianarantsoa,-21.454,47.086,1127.0
2023-11-05,21.7,14.4,17.4,1.3,17.9,37.4,17.06,Fianarantsoa,-21.454,47.086,1127.0
2023-11-06,23.1,15.3,17.9,2.2,18.9,39.6,18.97,Fianarantsoa,-21.454,47.086,1127.0
2023-11-07,22.2,15.3,17.8,1.6,17.0,36.0,17.54,Fianarantsoa,-21.454,47.086,1127.0
2023-11-08,25.9,15.6,19.1,10.3,10.8,32.8,21.75,Fianarantsoa,-21.454,47.086,1127.0
2023-11-09,26.1,16.6,20.2,2.3,18.5,38.2,24.03,Fianarantsoa,-21.454,47.086,1127.0
2023-11-10,25.6,15.4,20.1,2.6,21.3,47.5,25.38,Fianarantsoa,-21.454,47.086,1127.0
2023-11-11,22.9,12.5,17.2,0.5,17.8,37.1,27.53,Fianarantsoa,-21.454,47.086,1127.0
2023-11-12,28.3,14.5,18.6,0.7,18.0,41.4,27.5,Fianarantsoa,-21.454,47.086,1127.0
2023-11-13,28.2,13.6,20.9,0.0,16.6,34.2,30.41,Fianarantsoa,-21.454,47.086,1127.0
2023-11-14,28.0,15.2,20.7,0.8,20.9,41.8,29.58,Fianarantsoa,-21.454,47.086,1127.0
2023-11-15,21.7,14.3,17.0,3.1,20.9,42.8,17.56,Fianarantsoa,-21.454,47.086,1127.0
2023-11-16,19.1,13.8,15.7,1.0,19.0,41.0,13.35,Fianarantsoa,-21.454,47.086,1127.0
2023-11-17,23.2,14.6,18.4,3.3,15.9,36.4,22.76,Fianarantsoa,-21.454,47.086,1127.0
2023-11-18,26.0,15.2,19.9,1.8,14.3,32.0,25.66,Fianarantsoa,-21.454,47.086,1127.0
2023-11-19,27.1,16.3,20.2,2.5,14.8,31.3,24.62,Fianarantsoa,-21.454,47.086,1127.0
2023-11-20,26.8,17.2,21.1,0.0,15.3,34.6,27.87,Fianarantsoa,-21.454,47.086,1127.0
2023-11-21,25.9,15.2,19.9,0.2,18.4,40.0,31.13,Fianarantsoa,-21.454,47.086,1127.0
2023-11-22,26.1,14.6,19.7,0.3,19.1,42.1,31.32,Fianarantsoa,-21.454,47.086,1127.0
2023-11-23,25.8,16.4,20.4,0.9,20.0,43.6,27.03,Fianarantsoa,-21.454,47.086,1127.0
2023-11-24,24.3,16.4,19.5,0.9,20.7,43.9,27.8,Fianarantsoa,-21.454,47.086,1127.0
2023-11-25,24.1,16.1,19.3,2.5,17.7,40.0,20.58,Fianarantsoa,-21.454,47.086,1127.0
2023-11-26,27.1,17.1,21.5,0.2,13.4,32.4,28.3,Fianarantsoa,-21.454,47.086,1127.0
2023-11-27,28.8,16.6,22.0,0.4,13.7,31.7,26.62,Fianarantsoa,-21.454,47.086,1127.0
2023-11-28,31.9,17.5,22.9,0.2,22.9,46.1,28.22,Fianarantsoa,-21.454,47.086,1127.0
2023-11-29,32.0,16.1,23.8,0.1,14.9,32.4,30.23,Fianarantsoa,-21.454,47.086,1127.0
2023-11-30,29.1,18.2,21.9,17.6,17.3,49.0,23.17,Fianarantsoa,-21.454,47.086,1127.0
2023-12-01,24.8,15.4,19.1,17.0,18.5,41.0,15.65,Fianarantsoa,-21.454,47.086,1127.0
2023-12-02,20.0,13.9,16.6,0.6,17.7,38.5,15.98,Fianarantsoa,-21.454,47.086,1127.0
2023-12-03,25.9,13.2,17.0,0.6,18.7,44.6,21.37,Fianarantsoa,-21.454,47.086,1127.0
2023-12-04,28.1,13.1,18.8,0.1,18.6,42.5,29.79,Fianarantsoa,-21.454,47.086,1127.0
2023-12-05,29.1,15.2,20.6,0.0,20.2,41.8,29.47,Fianarantsoa,-21.454,47.086,1127.0
2023-12-06,28.1,16.2,21.1,1.2,16.3,32.8,27.69,Fianarantsoa,-21.454,47.086,1127.0
2023-12-07,23.0,16.8,19.0,2.2,19.8,42.1,19.15,Fianarantsoa,-21.454,47.086,1127.0
2023-12-08,27.3,15.5,20.3,0.0,18.2,39.6,28.09,Fianarantsoa,-21.454,47.086,1127.0
2023-12-09,28.3,17.3,21.0,6.7,12.6,30.6,23.53,Fianarantsoa,-21.454,47.086,1127.0
2023-12-10,28.4,18.1,21.3,6.4,14.8,37.1,25.84,Fianarantsoa,-21.454,47.086,1127.0
2023-12-11,27.8,17.4,21.9,0.9,14.8,33.5,27.57,Fianarantsoa,-21.454,47.086,1127.0
2023-12-12,28.2,18.7,22.4,0.0,15.9,33.1,28.7,Fianarantsoa,-21.454,47.086,1127.0
2023-12-13,28.9,18.0,22.8,0.3,16.3,35.3,28.6,Fianarantsoa,-21.454,47.086,1127.0
2023-12-14,27.2,17.5,21.9,0.6,15.5,35.6,30.33,Fianarantsoa,-21.454,47.086,1127.0
2023-12-15,28.5,16.1,22.1,0.3,14.8,32.8,29.57,Fianarantsoa,-21.454,47.086,1127.0
2023-12-16,29.5,17.5,22.9,0.0,16.4,36.4,31.04,Fianarantsoa,-21.454,47.086,1127.0
2023-12-17,28.2,18.5,22.1,14.0,22.4,50.8,21.5,Fianarantsoa,-21.454,47.086,1127.0
2023-12-18,28.0,18.3,21.8,4.1,12.8,29.2,24.43,Fianarantsoa,-21.454,47.086,1127.0
2023-12-19,29.0,17.6,21.7,2.9,14.4,30.6,26.09,Fianarantsoa,-21.454,47.086,1127.0
2023-12-20,27.6,18.2,21.5,1.4,14.8,31.3,23.21,Fianarantsoa,-21.454,47.086,1127.0
2023-12-21,28.2,18.2,22.0,17.4,16.2,35.6,24.22,Fianarantsoa,-21.454,47.086,1127.0
2023-12-22,28.2,17.3,22.1,0.3,16.4,32.4,27.9,Fianarantsoa,-21.454,47.086,1127.0
2023-12-23,27.4,17.5,21.1,17.3,14.6,34.2,25.03,Fianarantsoa,-21.454,47.086,1127.0
2023-12-24,24.8,16.2,19.2,4.8,16.2,34.9,23.15,Fianarantsoa,-21.454,47.086,1127.0
2023-12-25,26.4,14.7,20.2,0.9,14.7,33.8,26.88,Fianarantsoa,-21.454,47.086,1127.0
2023-12-26,28.0,16.6,21.5,3.9,11.9,30.2,27.98,Fianarantsoa,-21.454,47.086,1127.0
2023-12-27,27.1,17.6,21.2,22.5,13.4,35.6,22.87,Fianarantsoa,-21.454,47.086,1127.0
2023-12-28,27.1,18.2,21.9,0.8,18.2,36.7,24.94,Fianarantsoa,-21.454,47.086,1127.0
2023-12-29,25.7,17.6,20.8,11.1,18.2,38.9,21.08,Fianarantsoa,-21.454,47.086,1127.0
2023-12-30,23.8,17.4,19.9,6.4,18.6,38.5,16.3,Fianarantsoa,-21.454,47.086,1127.0
2023-12-31,24.2,18.2,20.1,6.8,15.5,33.8,16.89,Fianarantsoa,-21.454,47.086,1127.0
2024-01-01,27.0,18.4,21.0,16.1,11.7,26.6,17.11,Fianarantsoa,-21.454,47.086,1127.0
2024-01-02,20.5,18.4,19.5,62.5,37.2,83.2,3.75,Fianarantsoa,-21.454,47.086,1127.0
2024-01-03,25.6,17.9,20.7,24.1,20.5,43.9,21.64,Fianarantsoa,-21.454,47.086,1127.0
2024-01-04,27.1,17.6,21.3,3.2,15.1,34.6,25.65,Fianarantsoa,-21.454,47.086,1127.0
2024-01-05,26.4,18.2,20.7,11.4,13.9,30.2,18.94,Fianarantsoa,-21.454,47.086,1127.0
2024-01-06,24.4,17.7,19.9,19.3,13.8,32.8,13.45,Fianarantsoa,-21.454,47.086,1127.0
2024-01-07,25.3,18.4,21.0,22.9,14.8,32.4,17.52,Fianarantsoa,-21.454,47.086,1127.0
2024-01-08,25.7,18.6,21.3,8.2,10.1,31.0,17.83,Fianarantsoa,-21.454,47.086,1127.0
2024-01-09,25.4,18.3,20.4,5.0,16.3,34.9,18.93,Fianarantsoa,-21.454,47.086,1127.0
2024-01-10,25.8,16.9,20.7,2.8,14.2,32.0,23.15,Fianarantsoa,-21.454,47.086,1127.0
2024-01-11,27.0,16.5,21.4,0.7,15.9,33.5,25.31,Fianarantsoa,-21.454,47.086,1127.0
2024-01-12,26.8,15.6,20.9,0.2,16.3,35.6,29.87,Fianarantsoa,-21.454,47.086,1127.0
2024-01-13,27.2,16.9,21.3,0.9,17.0,36.7,27.96,Fianarantsoa,-21.454,47.086,1127.0
2024-01-14,28.0,17.8,22.0,0.7,11.3,22.3,28.05,Fianarantsoa,-21.454,47.086,1127.0
2024-01-15,26.9,17.8,21.2,21.9,15.3,35.3,21.41,Fianarantsoa,-21.454,47.086,1127.0
2024-01-16,26.4,18.5,21.5,11.5,12.2,31.7,20.72,Fianarantsoa,-21.454,47.086,1127.0
2024-01-17,25.9,18.5,21.1,4.9,16.1,35.3,18.36,Fianarantsoa,-21.454,47.086,1127.0
2024-01-18,24.7,18.4,20.5,4.5,20.2,43.9,20.41,Fianarantsoa,-21.454,47.086,1127.0
2024-01-19,25.3,16.5,20.2,0.6,16.2,35.3,28.29,Fianarantsoa,-21.454,47.086,1127.0
2024-01-20,24.7,17.6,20.2,4.0,20.6,44.3,25.03,Fianarantsoa,-21.454,47.086,1127.0
2024-01-21,24.9,17.8,20.7,3.1,19.1,40.0,23.15,Fianarantsoa,-21.454,47.086,1127.0
2024-01-22,26.8,17.7,21.4,1.3,10.9,24.8,18.54,Fianarantsoa,-21.454,47.086,1127.0
2024-01-23,24.8,17.8,21.1,0.9,17.6,38.2,16.29,Fianarantsoa,-21.454,47.086,1127.0
2024-01-24,22.7,16.0,18.9,0.1,17.2,36.7,17.25,Fianarantsoa,-21.454,47.086,1127.0
2024-01-25,23.2,13.2,17.9,0.5,19.3,41.8,26.36,Fianarantsoa,-21.454,47.086,1127.0
2024-01-26,22.3,15.0,17.7,1.6,17.2,37.1,18.31,Fianarantsoa,-21.454,47.086,1127.0
2024-01-27,23.6,14.5,18.6,6.9,12.6,27.7,24.09,Fianarantsoa,-21.454,47.086,1127.0
2024-01-28,25.4,15.7,19.4,4.1,15.0,33.1,26.72,Fianarantsoa,-21.454,47.086,1127.0
2024-01-29,23.1,17.2,19.4,5.7,17.4,38.2,21.76,Fianarantsoa,-21.454,47.086,1127.0
2024-01-30,24.6,16.4,19.3,1.0,16.1,35.3,27.32,Fianarantsoa,-21.454,47.086,1127.0
2024-01-31,24.5,15.4,19.3,2.4,21.7,45.4,25.34,Fianarantsoa,-21.454,47.086,1127.0
2024-02-01,23.4,17.7,19.3,7.4,20.0,43.6,15.23,Fianarantsoa,-21.454,47.086,1127.0
2024-02-02,22.6,17.4,19.1,10.2,23.0,49.3,19.81,Fianarantsoa,-21.454,47.086,1127.0
2024-02-03,23.0,16.6,18.6,3.2,20.7,42.8,16.67,Fianarantsoa,-21.454,47.086,1127.0
2024-02-04,23.7,16.5,19.4,8.1,13.5,29.2,16.22,Fianarantsoa,-21.454,47.086,1127.0
2024-02-05,24.6,16.4,19.4,11.0,16.5,39.2,18.39,Fianarantsoa,-21.454,47.086,1127.0
2024-02-06,24.6,17.1,19.7,33.8,16.1,36.7,20.56,Fianarantsoa,-21.454,47.086,1127.0
2024-02-07,26.5,16.6,20.3,5.6,14.1,32.0,23.33,Fianarantsoa,-21.454,47.086,1127.0
2024-02-08,25.5,16.6,19.8,19.7,14.5,37.8,20.94,Fianarantsoa,-21.454,47.086,1127.0
2024-02-09,23.4,18.1,20.0,3.0,22.7,47.9,16.84,Fianarantsoa,-21.454,47.086,1127.0
2024-02-10,24.8,18.6,20.5,3.6,20.3,43.6,20.88,Fianarantsoa,-21.454,47.086,1127.0
2024-02-11,26.6,18.5,21.3,4.7,16.7,30.2,21.98,Fianarantsoa,-21.454,47.086,1127.0
2024-02-12,24.9,18.0,20.4,2.1,19.5,42.5,19.35,Fianarantsoa,-21.454,47.086,1127.0
2024-02-13,23.8,17.2,19.7,2.1,19.8,43.6,17.2,Fianarantsoa,-21.454,47.086,1127.0
2024-02-14,21.8,18.2,19.3,7.2,21.7,42.8,9.49,Fianarantsoa,-21.454,47.086,1127.0
2024-02-15,21.4,17.9,19.0,14.4,19.6,40.7,8.01,Fianarantsoa,-21.454,47.086,1127.0
2024-02-16,23.7,17.7,19.9,9.1,16.3,34.9,14.92,Fianarantsoa,-21.454,47.086,1127.0
2024-02-17,25.1,17.7,20.3,4.8,16.4,35.6,18.12,Fianarantsoa,-21.454,47.086,1127.0
2024-02-18,19.4,16.4,18.0,8.6,24.4,49.7,6.36,Fianarantsoa,-21.454,47.086,1127.0
2024-02-19,20.8,16.5,17.7,11.4,18.8,39.2,11.06,Fianarantsoa,-21.454,47.086,1127.0
2024-02-20,23.1,16.0,18.5,1.1,18.0,38.5,18.0,Fianarantsoa,-21.454,47.086,1127.0
2024-02-21,23.7,14.0,18.6,5.4,13.0,30.2,20.32,Fianarantsoa,-21.454,47.086,1127.0
2024-02-22,25.0,16.8,20.3,3.5,15.2,35.6,26.09,Fianarantsoa,-21.454,47.086,1127.0
2024-02-23,25.5,17.4,21.0,3.0,16.6,36.7,24.03,Fianarantsoa,-21.454,47.086,1127.0
2024-02-24,25.3,16.8,20.3,1.0,17.4,36.7,23.2,Fianarantsoa,-21.454,47.086,1127.0
2024-02-25,24.7,15.8,19.8,0.1,15.0,33.5,29.04,Fianarantsoa,-21.454,47.086,1127.0
2024-02-26,24.4,18.6,20.4,7.9,19.9,43.2,15.4,Fianarantsoa,-21.454,47.086,1127.0
2024-02-27,24.6,18.7,20.5,5.8,18.8,41.4,20.0,Fianarantsoa,-21.454,47.086,1127.0
2024-02-28,24.9,17.4,20.2,9.3,14.8,33.5,16.87,Fianarantsoa,-21.454,47.086,1127.0
2024-02-29,20.1,16.3,18.1,18.3,20.8,44.3,5.41,Fianarantsoa,-21.454,47.086,1127.0
2024-03-01,20.8,13.7,17.6,1.6,19.1,40.0,15.53,Fianarantsoa,-21.454,47.086,1127.0
2024-03-02,22.4,14.5,17.6,0.3,20.8,45.0,16.56,Fianarantsoa,-21.454,47.086,1127.0
2024-03-03,22.9,12.6,17.6,0.5,21.7,46.8,22.82,Fianarantsoa,-21.454,47.086,1127.0
2024-03-04,22.0,16.0,18.9,6.6,20.4,42.5,9.44,Fianarantsoa,-21.454,47.086,1127.0
2024-03-05,25.3,18.8,20.6,30.9,20.2,41.0,10.86,Fianarantsoa,-21.454,47.086,1127.0
2024-03-06,26.1,19.0,21.0,29.3,13.8,31.0,13.91,Fianarantsoa,-21.454,47.086,1127.0
2024-03-07,24.9,18.5,20.6,43.9,13.6,33.1,14.56,Fianarantsoa,-21.454,47.086,1127.0
2024-03-08,24.3,17.9,19.9,22.5,13.5,30.2,12.95,Fianarantsoa,-21.454,47.086,1127.0
2024-03-09,25.6,18.2,20.1,7.1,15.4,31.7,16.75,Fianarantsoa,-21.454,47.086,1127.0
2024-03-10,24.3,15.6,19.5,0.8,20.2,42.8,20.68,Fianarantsoa,-21.454,47.086,1127.0
2024-03-11,24.7,12.7,19.4,0.3,16.9,37.4,21.19,Fianarantsoa,-21.454,47.086,1127.0
2024-03-12,24.2,17.4,20.4,2.6,19.9,43.6,20.26,Fianarantsoa,-21.454,47.086,1127.0
2024-03-13,24.5,17.9,20.5,1.7,20.5,44.3,20.6,Fianarantsoa,-21.454,47.086,1127.0
2024-03-14,26.2,15.3,20.5,0.2,14.1,32.0,26.61,Fianarantsoa,-21.454,47.086,1127.0
2024-03-15,26.6,17.5,20.9,7.2,15.6,35.3,21.73,Fianarantsoa,-21.454,47.086,1127.0
2024-03-16,25.3,18.4,20.8,4.3,15.9,36.4,21.18,Fianarantsoa,-21.454,47.086,1127.0
2024-03-17,25.7,16.4,20.8,1.2,12.9,28.4,24.28,Fianarantsoa,-21.454,47.086,1127.0
2024-03-18,25.7,18.0,21.0,0.0,14.8,30.2,25.55,Fianarantsoa,-21.454,47.086,1127.0
2024-03-19,26.7,17.7,21.2,0.0,16.2,32.4,22.46,Fianarantsoa,-21.454,47.086,1127.0
2024-03-20,26.7,17.6,20.7,3.4,12.1,32.8,20.84,Fianarantsoa,-21.454,47.086,1127.0
2024-03-21,26.8,17.5,20.7,3.0,13.7,31.3,21.56,Fianarantsoa,-21.454,47.086,1127.0
2024-03-22,23.0,17.6,19.4,3.3,18.4,40.7,19.03,Fianarantsoa,-21.454,47.086,1127.0
2024-03-23,22.7,16.7,18.7,3.2,23.5,50.0,20.96,Fianarantsoa,-21.454,47.086,1127.0
2024-03-24,20.8,16.5,17.9,11.3,26.8,55.1,14.5,Fianarantsoa,-21.454,47.086,1127.0
2024-03-25,20.2,14.7,16.8,9.3,27.8,56.9,11.98,Fianarantsoa,-21.454,47.086,1127.0
2024-03-26,20.2,14.1,16.3,3.1,22.7,47.2,13.2,Fianarantsoa,-21.454,47.086,1127.0
2024-03-27,20.5,14.5,16.7,1.6,18.4,38.5,14.08,Fianarantsoa,-21.454,47.086,1127.0
2024-03-28,23.0,14.7,18.4,0.9,15.5,33.8,16.56,Fianarantsoa,-21.454,47.086,1127.0
2024-03-29,24.4,17.1,19.8,2.9,13.3,28.8,19.57,Fianarantsoa,-21.454,47.086,1127.0
2024-03-30,26.0,16.2,20.1,0.1,11.3,24.1,22.18,Fianarantsoa,-21.454,47.086,1127.0
2024-03-31,24.8,16.4,19.6,0.7,17.9,38.5,21.57,Fianarantsoa,-21.454,47.086,1127.0
2024-04-01,22.3,16.8,18.5,4.3,20.4,44.6,17.21,Fianarantsoa,-21.454,47.086,1127.0
2024-04-02,21.5,16.0,18.1,5.1,23.9,50.4,17.46,Fianarantsoa,-21.454,47.086,1127.0
2024-04-03,21.0,15.8,17.8,5.9,24.5,48.6,15.95,Fianarantsoa,-21.454,47.086,1127.0
2024-04-04,21.7,15.9,18.2,1.8,17.1,37.4,14.32,Fianarantsoa,-21.454,47.086,1127.0
2024-04-05,24.7,14.7,18.8,0.3,15.0,32.8,22.2,Fianarantsoa,-21.454,47.086,1127.0
2024-04-06,27.9,15.7,20.5,0.8,13.5,31.3,21.18,Fianarantsoa,-21.454,47.086,1127.0
2024-04-07,26.7,15.9,20.3,0.0,14.8,31.7,22.46,Fianarantsoa,-21.454,47.086,1127.0
2024-04-08,24.8,17.6,20.3,1.2,14.0,30.2,20.03,Fianarantsoa,-21.454,47.086,1127.0
2024-04-09,26.2,16.9,20.6,1.0,8.0,16.9,17.94,Fianarantsoa,-21.454,47.086,1127.0
2024-04-10,28.1,16.7,21.8,0.0,18.6,40.3,21.19,Fianarantsoa,-21.454,47.086,1127.0
2024-04-11,26.6,17.3,21.5,0.0,19.9,42.5,22.53,Fianarantsoa,-21.454,47.086,1127.0
2024-04-12,24.6,16.7,19.2,19.1,13.5,28.8,13.05,Fianarantsoa,-21.454,47.086,1127.0
2024-04-13,20.3,16.0,17.5,1.5,15.9,33.1,9.73,Fianarantsoa,-21.454,47.086,1127.0
2024-04-14,21.6,16.2,18.1,5.0,15.2,35.3,12.18,Fianarantsoa,-21.454,47.086,1127.0
2024-04-15,19.7,16.1,17.2,1.4,21.6,44.3,9.18,Fianarantsoa,-21.454,47.086,1127.0
2024-04-16,19.3,16.1,17.0,2.1,19.9,40.7,8.36,Fianarantsoa,-21.454,47.086,1127.0
2024-04-17,18.6,15.1,16.5,2.7,22.6,43.6,9.15,Fianarantsoa,-21.454,47.086,1127.0
2024-04-18,19.9,14.1,16.2,1.6,18.4,39.6,15.01,Fianarantsoa,-21.454,47.086,1127.0
2024-04-19,22.4,13.7,17.0,0.2,13.8,31.7,18.56,Fianarantsoa,-21.454,47.086,1127.0
2024-04-20,25.3,14.9,19.4,0.4,15.2,33.1,20.57,Fianarantsoa,-21.454,47.086,1127.0
2024-04-21,25.5,12.9,19.0,0.3,15.0,31.7,21.79,Fianarantsoa,-21.454,47.086,1127.0
2024-04-22,26.7,17.3,20.6,0.2,16.6,31.0,21.28,Fianarantsoa,-21.454,47.086,1127.0
2024-04-23,27.2,17.5,21.0,1.1,14.4,33.5,18.94,Fianarantsoa,-21.454,47.086,1127.0
2024-04-24,26.3,17.1,20.2,0.1,15.9,32.4,20.72,Fianarantsoa,-21.454,47.086,1127.0
2024-04-25,23.5,14.5,18.6,2.1,13.1,27.7,16.3,Fianarantsoa,-21.454,47.086,1127.0
2024-04-26,24.0,15.3,19.2,0.5,12.1,26.3,16.38,Fianarantsoa,-21.454,47.086,1127.0
2024-04-27,26.1,15.5,19.6,0.1,11.0,21.2,19.03,Fianarantsoa,-21.454,47.086,1127.0
2024-04-28,21.1,15.1,17.4,1.1,20.1,42.1,14.55,Fianarantsoa,-21.454,47.086,1127.0
2024-04-29,18.9,14.5,16.2,2.0,17.8,37.4,7.49,Fianarantsoa,-21.454,47.086,1127.0
2024-04-30,21.0,15.8,17.8,2.2,15.7,34.6,10.75,Fianarantsoa,-21.454,47.086,1127.0
2024-05-01,24.8,14.7,18.4,0.6,12.7,31.7,15.94,Fianarantsoa,-21.454,47.086,1127.0
2024-05-02,26.0,14.7,19.1,0.0,15.1,33.8,18.23,Fianarantsoa,-21.454,47.086,1127.0
2024-05-03,23.8,15.6,18.6,0.9,17.1,36.0,17.71,Fianarantsoa,-21.454,47.086,1127.0
2024-05-04,19.2,14.3,15.7,3.0,21.7,45.4,8.32,Fianarantsoa,-21.454,47.086,1127.0
2024-05-05,20.4,12.8,15.9,1.4,16.5,36.7,16.24,Fianarantsoa,-21.454,47.086,1127.0
2024-05-06,21.6,13.7,16.3,1.5,18.5,38.5,18.97,Fianarantsoa,-21.454,47.086,1127.0
2024-05-07,20.4,13.4,16.1,1.6,20.6,44.3,12.62,Fianarantsoa,-21.454,47.086,1127.0
2024-05-08,19.9,15.0,16.5,3.6,22.7,47.5,13.94,Fianarantsoa,-21.454,47.086,1127.0
2024-05-09,19.3,14.4,16.1,4.6,21.1,44.3,11.15,Fianarantsoa,-21.454,47.086,1127.0
2024-05-10,20.4,14.6,16.7,1.5,17.6,38.5,16.08,Fianarantsoa,-21.454,47.086,1127.0
2024-05-11,21.2,14.5,16.9,0.7,16.0,34.6,13.96,Fianarantsoa,-21.454,47.086,1127.0
2024-05-12,22.0,14.4,17.2,0.7,15.9,33.5,14.76,Fianarantsoa,-21.454,47.086,1127.0
2024-05-13,22.5,15.7,17.8,0.5,13.9,29.5,17.64,Fianarantsoa,-21.454,47.086,1127.0
2024-05-14,21.7,14.4,17.1,1.3,14.8,30.6,13.71,Fianarantsoa,-21.454,47.086,1127.0
2024-05-15,19.7,14.8,16.4,3.2,19.6,43.2,14.06,Fianarantsoa,-21.454,47.086,1127.0
2024-05-16,20.2,14.7,16.5,2.3,20.0,42.8,13.43,Fianarantsoa,-21.454,47.086,1127.0
2024-05-17,21.2,14.6,17.0,1.6,16.5,34.9,12.02,Fianarantsoa,-21.454,47.086,1127.0
2024-05-18,24.8,13.5,17.8,0.1,11.8,25.9,17.3,Fianarantsoa,-21.454,47.086,1127.0
2024-05-19,21.6,12.5,16.3,0.6,17.3,36.0,13.34,Fianarantsoa,-21.454,47.086,1127.0
2024-05-20,17.7,13.6,14.9,3.3,23.0,49.0,7.29,Fianarantsoa,-21.454,47.086,1127.0
2024-05-21,16.1,11.4,13.2,2.8,27.1,55.8,12.13,Fianarantsoa,-21.454,47.086,1127.0
2024-05-22,15.9,11.1,13.0,4.9,33.3,67.0,11.07,Fianarantsoa,-21.454,47.086,1127.0
2024-05-23,16.6,11.6,13.4,4.5,26.4,54.4,10.86,Fianarantsoa,-21.454,47.086,1127.0
2024-05-24,17.8,12.3,14.4,1.7,19.6,40.0,10.56,Fianarantsoa,-21.454,47.086,1127.0
2024-05-25,20.2,13.3,15.6,0.9,13.5,30.6,14.51,Fianarantsoa,-21.454,47.086,1127.0
2024-05-26,21.8,11.0,15.4,0.0,15.5,29.2,17.83,Fianarantsoa,-21.454,47.086,1127.0
2024-05-27,20.6,11.8,14.9,0.0,13.4,29.2,16.77,Fianarantsoa,-21.454,47.086,1127.0
2024-05-28,18.6,12.0,14.5,1.6,17.7,38.2,12.3,Fianarantsoa,-21.454,47.086,1127.0
2024-05-29,18.6,12.1,14.6,1.2,19.1,41.4,13.14,Fianarantsoa,-21.454,47.086,1127.0
2024-05-30,18.3,11.2,13.9,0.7,15.5,34.2,17.56,Fianarantsoa,-21.454,47.086,1127.0
2024-05-31,20.8,12.5,15.4,0.3,13.3,29.9,16.84,Fianarantsoa,-21.454,47.086,1127.0
2024-06-01,21.1,12.2,16.1,0.0,12.3,27.7,16.93,Fianarantsoa,-21.454,47.086,1127.0
2024-06-02,21.8,13.2,16.2,0.0,11.9,27.7,16.44,Fianarantsoa,-21.454,47.086,1127.0
2024-06-03,21.0,10.7,15.0,0.0,13.3,28.1,16.66,Fianarantsoa,-21.454,47.086,1127.0
2024-06-04,20.5,11.6,15.3,0.0,14.4,29.9,17.06,Fianarantsoa,-21.454,47.086,1127.0
2024-06-05,21.4,13.3,16.1,0.1,12.6,27.7,17.09,Fianarantsoa,-21.454,47.086,1127.0
2024-06-06,21.7,12.7,16.1,0.1,16.8,37.1,13.98,Fianarantsoa,-21.454,47.086,1127.0
2024-06-07,22.2,11.0,16.1,0.1,12.6,27.4,15.84,Fianarantsoa,-21.454,47.086,1127.0
2024-06-08,22.9,12.3,16.4,0.0,11.5,27.4,17.0,Fianarantsoa,-21.454,47.086,1127.0
2024-06-09,15.0,10.9,13.0,0.7,22.2,47.5,7.05,Fianarantsoa,-21.454,47.086,1127.0
2024-06-10,14.1,10.8,11.8,4.0,19.5,40.7,6.45,Fianarantsoa,-21.454,47.086,1127.0
2024-06-11,16.6,10.9,13.2,5.2,19.1,38.9,8.43,Fianarantsoa,-21.454,47.086,1127.0
2024-06-12,17.0,10.6,13.6,0.3,20.2,44.3,9.36,Fianarantsoa,-21.454,47.086,1127.0
2024-06-13,21.2,10.9,14.8,0.1,8.9,20.2,14.29,Fianarantsoa,-21.454,47.086,1127.0
2024-06-14,22.1,10.4,15.5,0.0,12.8,30.2,17.0,Fianarantsoa,-21.454,47.086,1127.0
2024-06-15,22.0,12.7,16.3,0.1,14.1,28.4,15.12,Fianarantsoa,-21.454,47.086,1127.0
2024-06-16,22.4,14.0,16.6,0.5,13.5,27.7,14.73,Fianarantsoa,-21.454,47.086,1127.0
2024-06-17,21.0,13.8,16.4,0.7,13.6,27.7,13.52,Fianarantsoa,-21.454,47.086,1127.0
2024-06-18,19.9,13.8,15.9,1.9,14.4,28.4,12.56,Fianarantsoa,-21.454,47.086,1127.0
2024-06-19,19.6,13.5,15.5,1.0,13.1,28.4,12.32,Fianarantsoa,-21.454,47.086,1127.0
2024-06-20,19.9,11.6,15.1,0.4,13.3,25.9,15.52,Fianarantsoa,-21.454,47.086,1127.0
2024-06-21,18.1,10.0,13.4,0.9,17.4,36.7,15.45,Fianarantsoa,-21.454,47.086,1127.0
2024-06-22,17.9,11.7,13.8,1.1,20.4,42.5,12.36,Fianarantsoa,-21.454,47.086,1127.0
2024-06-23,17.2,11.9,13.7,1.4,20.3,42.8,11.82,Fianarantsoa,-21.454,47.086,1127.0
2024-06-24,16.4,10.7,13.1,2.8,23.4,48.2,11.94,Fianarantsoa,-21.454,47.086,1127.0
2024-06-25,16.8,9.7,12.8,2.6,22.5,46.8,10.24,Fianarantsoa,-21.454,47.086,1127.0
2024-06-26,16.6,11.8,13.3,3.2,18.4,40.0,11.33,Fianarantsoa,-21.454,47.086,1127.0
2024-06-27,17.3,11.6,13.6,1.0,16.5,36.4,12.23,Fianarantsoa,-21.454,47.086,1127.0
2024-06-28,15.8,9.3,11.8,1.3,20.2,42.8,11.83,Fianarantsoa,-21.454,47.086,1127.0
2024-06-29,16.5,9.2,11.9,0.2,15.9,34.6,14.44,Fianarantsoa,-21.454,47.086,1127.0
2024-06-30,18.8,8.0,12.2,0.0,12.7,27.4,16.47,Fianarantsoa,-21.454,47.086,1127.0
2024-07-01,19.8,7.1,12.6,0.0,13.2,27.7,17.17,Fianarantsoa,-21.454,47.086,1127.0
2024-07-02,16.3,5.3,10.9,0.9,24.1,50.4,12.41,Fianarantsoa,-21.454,47.086,1127.0
2024-07-03,17.1,10.0,13.0,1.3,17.6,37.8,10.99,Fianarantsoa,-21.454,47.086,1127.0
2024-07-04,20.5,10.7,14.8,0.2,9.4,20.9,14.27,Fianarantsoa,-21.454,47.086,1127.0
2024-07-05,20.3,8.1,14.0,0.0,9.0,23.4,17.31,Fianarantsoa,-21.454,47.086,1127.0
2024-07-06,20.9,5.7,13.1,0.0,8.2,17.6,17.62,Fianarantsoa,-21.454,47.086,1127.0
2024-07-07,19.7,7.7,12.6,0.0,18.1,40.0,18.23,Fianarantsoa,-21.454,47.086,1127.0
2024-07-08,20.4,6.8,12.5,0.0,13.7,28.8,17.94,Fianarantsoa,-21.454,47.086,1127.0
2024-07-09,22.7,9.6,14.2,0.0,10.3,23.4,16.35,Fianarantsoa,-21.454,47.086,1127.0
2024-07-10,19.5,12.0,14.7,0.0,15.8,33.8,15.77,Fianarantsoa,-21.454,47.086,1127.0
2024-07-11,17.8,8.8,12.8,0.0,17.3,37.8,17.39,Fianarantsoa,-21.454,47.086,1127.0
2024-07-12,18.4,7.9,12.6,0.0,16.8,37.8,18.28,Fianarantsoa,-21.454,47.086,1127.0
2024-07-13,18.9,9.3,13.8,0.9,18.5,40.7,10.95,Fianarantsoa,-21.454,47.086,1127.0
2024-07-14,19.4,9.2,13.6,0.1,16.1,37.1,17.88,Fianarantsoa,-21.454,47.086,1127.0
2024-07-15,21.4,9.6,14.1,0.0,12.1,25.9,17.63,Fianarantsoa,-21.454,47.086,1127.0
2024-07-16,21.3,9.4,14.2,0.0,10.2,22.0,17.56,Fianarantsoa,-21.454,47.086,1127.0
2024-07-17,21.6,8.9,13.8,0.0,10.4,22.3,16.98,Fianarantsoa,-21.454,47.086,1127.0
2024-07-18,20.7,9.8,13.5,0.0,11.5,25.9,16.88,Fianarantsoa,-21.454,47.086,1127.0
2024-07-19,21.5,9.4,14.3,0.0,6.8,15.5,17.55,Fianarantsoa,-21.454,47.086,1127.0
2024-07-20,21.9,8.6,14.1,0.0,12.0,29.2,18.51,Fianarantsoa,-21.454,47.086,1127.0
2024-07-21,21.7,8.4,13.7,0.0,11.9,22.0,17.46,Fianarantsoa,-21.454,47.086,1127.0
2024-07-22,22.2,9.1,14.4,0.0,16.2,31.3,17.37,Fianarantsoa,-21.454,47.086,1127.0
2024-07-23,21.0,11.5,15.0,0.7,18.1,37.8,16.21,Fianarantsoa,-21.454,47.086,1127.0
2024-07-24,21.1,12.6,15.4,0.8,19.1,38.9,14.67,Fianarantsoa,-21.454,47.086,1127.0
2024-07-25,21.6,10.4,15.5,0.0,16.4,36.0,18.12,Fianarantsoa,-21.454,47.086,1127.0
2024-07-26,22.0,7.8,14.2,0.0,8.7,22.0,19.09,Fianarantsoa,-21.454,47.086,1127.0
2024-07-27,22.2,7.9,13.7,0.0,17.6,34.2,17.55,Fianarantsoa,-21.454,47.086,1127.0
2024-07-28,22.9,11.7,15.9,0.0,9.7,22.7,19.04,Fianarantsoa,-21.454,47.086,1127.0
2024-07-29,22.4,9.4,15.2,0.0,13.6,31.7,19.31,Fianarantsoa,-21.454,47.086,1127.0
2024-07-30,22.1,7.7,14.1,0.0,14.2,31.7,19.04,Fianarantsoa,-21.454,47.086,1127.0
2024-07-31,22.9,9.7,14.9,0.0,15.1,29.9,18.89,Fianarantsoa,-21.454,47.086,1127.0
2024-08-01,20.7,8.6,13.8,0.0,14.4,29.2,18.56,Fianarantsoa,-21.454,47.086,1127.0
2024-08-02,19.9,10.7,14.4,0.1,13.3,30.6,19.72,Fianarantsoa,-21.454,47.086,1127.0
2024-08-03,23.7,10.9,15.8,0.0,12.2,24.8,19.95,Fianarantsoa,-21.454,47.086,1127.0
2024-08-04,22.9,11.2,15.1,0.0,13.9,31.0,18.67,Fianarantsoa,-21.454,47.086,1127.0
2024-08-05,24.1,10.1,15.8,0.0,11.0,21.2,19.44,Fianarantsoa,-21.454,47.086,1127.0
2024-08-06,23.3,9.9,15.5,0.0,12.2,25.9,19.78,Fianarantsoa,-21.454,47.086,1127.0
2024-08-07,20.4,12.5,15.6,0.0,16.3,37.1,18.8,Fianarantsoa,-21.454,47.086,1127.0
2024-08-08,21.6,12.2,16.0,0.1,13.8,32.8,19.97,Fianarantsoa,-21.454,47.086,1127.0
2024-08-09,21.8,13.0,16.3,0.0,12.8,30.6,17.16,Fianarantsoa,-21.454,47.086,1127.0
2024-08-10,21.2,11.8,15.8,0.0,15.1,33.8,19.77,Fianarantsoa,-21.454,47.086,1127.0
2024-08-11,21.0,11.6,15.4,0.0,18.3,38.9,16.3,Fianarantsoa,-21.454,47.086,1127.0
2024-08-12,23.9,10.6,16.4,0.0,14.1,27.0,18.22,Fianarantsoa,-21.454,47.086,1127.0
2024-08-13,21.9,12.0,15.8,0.1,18.0,40.3,19.97,Fianarantsoa,-21.454,47.086,1127.0
2024-08-14,23.5,9.2,15.2,0.0,18.6,38.5,20.02,Fianarantsoa,-21.454,47.086,1127.0
2024-08-15,23.1,10.5,15.9,0.2,18.6,38.9,20.06,Fianarantsoa,-21.454,47.086,1127.0
2024-08-16,16.1,12.2,13.5,2.2,19.8,41.0,6.82,Fianarantsoa,-21.454,47.086,1127.0
2024-08-17,16.7,11.5,13.5,2.0,19.1,39.6,11.18,Fianarantsoa,-21.454,47.086,1127.0
2024-08-18,16.7,11.0,13.3,4.2,24.1,49.7,9.32,Fianarantsoa,-21.454,47.086,1127.0
2024-08-19,17.7,12.1,14.0,5.0,23.8,49.3,12.39,Fianarantsoa,-21.454,47.086,1127.0
2024-08-20,17.2,9.8,12.7,2.9,23.8,50.0,14.83,Fianarantsoa,-21.454,47.086,1127.0
2024-08-21,16.7,10.4,12.6,3.0,27.7,57.2,15.85,Fianarantsoa,-21.454,47.086,1127.0
2024-08-22,20.3,10.1,13.7,0.6,17.3,36.7,19.06,Fianarantsoa,-21.454,47.086,1127.0
2024-08-23,22.5,9.2,14.8,0.1,16.6,33.1,21.77,Fianarantsoa,-21.454,47.086,1127.0
2024-08-24,16.9,9.9,12.5,0.0,19.7,40.7,12.64,Fianarantsoa,-21.454,47.086,1127.0
2024-08-25,15.7,7.0,11.2,0.4,19.8,43.6,16.73,Fianarantsoa,-21.454,47.086,1127.0
2024-08-26,19.2,5.9,12.5,0.2,16.3,36.0,22.41,Fianarantsoa,-21.454,47.086,1127.0
2024-08-27,20.5,8.5,14.8,0.4,17.4,37.8,21.64,Fianarantsoa,-21.454,47.086,1127.0
2024-08-28,20.0,8.8,14.6,0.2,19.0,42.5,22.41,Fianarantsoa,-21.454,47.086,1127.0
2024-08-29,20.9,9.0,14.9,0.1,16.9,36.0,22.71,Fianarantsoa,-21.454,47.086,1127.0
2024-08-30,21.0,9.6,15.6,0.8,17.8,39.6,17.09,Fianarantsoa,-21.454,47.086,1127.0
2024-08-31,20.3,11.5,15.5,1.7,19.1,38.9,16.71,Fianarantsoa,-21.454,47.086,1127.0
2024-09-01,17.7,12.1,14.0,2.2,16.3,35.3,13.35,Fianarantsoa,-21.454,47.086,1127.0
2024-09-02,20.0,11.7,14.6,1.7,14.4,32.8,17.84,Fianarantsoa,-21.454,47.086,1127.0
2024-09-03,21.1,11.4,14.6,13.3,16.0,36.4,19.02,Fianarantsoa,-21.454,47.086,1127.0
2024-09-04,15.3,12.0,13.2,12.6,18.3,37.8,6.44,Fianarantsoa,-21.454,47.086,1127.0
2024-09-05,19.7,12.6,15.1,2.8,18.6,38.2,14.69,Fianarantsoa,-21.454,47.086,1127.0
2024-09-06,21.4,11.5,16.3,0.1,15.3,34.6,19.11,Fianarantsoa,-21.454,47.086,1127.0
2024-09-07,23.9,13.3,17.3,0.0,14.8,31.0,23.12,Fianarantsoa,-21.454,47.086,1127.0
2024-09-08,23.3,13.1,17.1,0.0,15.2,35.3,23.22,Fianarantsoa,-21.454,47.086,1127.0
2024-09-09,27.6,12.8,18.3,0.0,14.1,28.8,23.84,Fianarantsoa,-21.454,47.086,1127.0
2024-09-10,26.0,11.5,17.9,0.1,14.4,30.2,24.12,Fianarantsoa,-21.454,47.086,1127.0
2024-09-11,27.7,14.4,18.8,0.0,19.7,43.6,22.84,Fianarantsoa,-21.454,47.086,1127.0
2024-09-12,25.0,14.3,18.1,1.7,19.4,42.1,22.44,Fianarantsoa,-21.454,47.086,1127.0
2024-09-13,20.6,12.9,16.4,1.9,18.4,39.6,17.07,Fianarantsoa,-21.454,47.086,1127.0
2024-09-14,20.5,12.1,15.5,0.4,16.9,38.9,23.74,Fianarantsoa,-21.454,47.086,1127.0
2024-09-15,22.7,10.8,16.7,0.0,15.5,31.3,24.69,Fianarantsoa,-21.454,47.086,1127.0
2024-09-16,24.7,11.8,17.2,0.0,14.0,32.4,24.83,Fianarantsoa,-21.454,47.086,1127.0
2024-09-17,25.8,11.5,17.3,0.0,14.4,32.4,24.92,Fianarantsoa,-21.454,47.086,1127.0
2024-09-18,25.6,11.6,17.5,0.0,15.9,35.3,24.79,Fianarantsoa,-21.454,47.086,1127.0
2024-09-19,27.6,12.8,18.5,0.0,16.2,35.6,24.08,Fianarantsoa,-21.454,47.086,1127.0
2024-09-20,25.8,13.1,18.1,0.0,14.4,32.4,24.74,Fianarantsoa,-21.454,47.086,1127.0
2024-09-21,24.6,13.9,18.4,0.0,16.5,38.2,25.68,Fianarantsoa,-21.454,47.086,1127.0
2024-09-22,27.0,12.9,18.8,0.0,14.1,30.6,22.66,Fianarantsoa,-21.454,47.086,1127.0
2024-09-23,18.7,12.5,15.3,0.2,22.9,49.3,13.47,Fianarantsoa,-21.454,47.086,1127.0
2024-09-24,19.0,12.1,15.3,0.8,20.4,42.8,10.37,Fianarantsoa,-21.454,47.086,1127.0
2024-09-25,23.9,14.8,18.4,1.5,16.2,36.0,21.95,Fianarantsoa,-21.454,47.086,1127.0
2024-09-26,24.9,13.8,18.0,0.2,18.4,46.8,22.61,Fianarantsoa,-21.454,47.086,1127.0
2024-09-27,26.2,12.0,18.5,0.0,16.2,39.2,23.86,Fianarantsoa,-21.454,47.086,1127.0
2024-09-28,28.9,14.5,19.9,0.0,18.1,44.3,24.16,Fianarantsoa,-21.454,47.086,1127.0
2024-09-29,27.2,13.7,19.5,0.0,16.4,34.9,25.71,Fianarantsoa,-21.454,47.086,1127.0
2024-09-30,26.0,13.8,19.2,0.1,17.8,40.7,26.82,Fianarantsoa,-21.454,47.086,1127.0
2024-10-01,28.4,13.9,19.7,0.0,18.2,46.1,23.96,Fianarantsoa,-21.454,47.086,1127.0
2024-10-02,24.6,15.0,18.8,1.2,21.5,47.2,22.43,Fianarantsoa,-21.454,47.086,1127.0
2024-10-03,17.8,11.1,14.8,1.0,22.0,47.5,13.47,Fianarantsoa,-21.454,47.086,1127.0
2024-10-04,16.8,10.0,12.2,1.3,25.1,51.5,15.92,Fianarantsoa,-21.454,47.086,1127.0
2024-10-05,17.4,9.2,12.4,2.4,21.7,45.0,18.49,Fianarantsoa,-21.454,47.086,1127.0
2024-10-06,22.5,8.8,14.6,0.4,18.0,46.1,25.5,Fianarantsoa,-21.454,47.086,1127.0
2024-10-07,24.3,12.7,17.4,0.2,19.2,40.0,22.36,Fianarantsoa,-21.454,47.086,1127.0
2024-10-08,24.2,11.7,17.7,0.0,16.2,34.6,23.84,Fianarantsoa,-21.454,47.086,1127.0
2024-10-09,21.8,12.9,16.7,3.7,19.7,42.1,21.16,Fianarantsoa,-21.454,47.086,1127.0
2024-10-10,22.0,12.8,16.4,1.0,20.7,44.6,22.56,Fianarantsoa,-21.454,47.086,1127.0
2024-10-11,20.4,11.8,15.9,1.3,22.4,48.2,20.08,Fianarantsoa,-21.454,47.086,1127.0
2024-10-12,21.5,13.1,16.3,1.3,18.8,42.5,22.18,Fianarantsoa,-21.454,47.086,1127.0
2024-10-13,20.5,12.5,15.6,1.3,22.1,47.5,20.14,Fianarantsoa,-21.454,47.086,1127.0
2024-10-14,23.7,9.5,16.4,0.0,20.7,44.3,24.18,Fianarantsoa,-21.454,47.086,1127.0
2024-10-15,25.1,13.0,19.2,0.4,21.1,46.4,25.29,Fianarantsoa,-21.454,47.086,1127.0
2024-10-16,26.3,12.7,19.1,0.4,20.9,42.1,28.58,Fianarantsoa,-21.454,47.086,1127.0
2024-10-17,20.4,12.9,15.7,0.3,18.4,38.5,19.36,Fianarantsoa,-21.454,47.086,1127.0
2024-10-18,22.0,13.1,16.7,1.8,14.9,35.3,16.28,Fianarantsoa,-21.454,47.086,1127.0
2024-10-19,24.7,14.7,18.3,13.0,9.4,24.1,20.79,Fianarantsoa,-21.454,47.086,1127.0
2024-10-20,25.9,14.5,18.9,2.2,16.5,40.7,24.73,Fianarantsoa,-21.454,47.086,1127.0
2024-10-21,24.4,15.4,19.0,1.4,19.1,41.8,23.04,Fianarantsoa,-21.454,47.086,1127.0
2024-10-22,21.7,14.5,17.3,2.6,22.7,49.3,21.0,Fianarantsoa,-21.454,47.086,1127.0
2024-10-23,21.3,13.1,16.8,1.6,22.5,49.0,23.64,Fianarantsoa,-21.454,47.086,1127.0
2024-10-24,22.7,13.8,17.7,1.1,18.0,40.7,23.74,Fianarantsoa,-21.454,47.086,1127.0
2024-10-25,25.3,13.8,18.0,5.8,12.3,31.3,22.37,Fianarantsoa,-21.454,47.086,1127.0
2024-10-26,27.0,12.6,19.3,0.0,18.5,36.7,26.19,Fianarantsoa,-21.454,47.086,1127.0
2024-10-27,28.3,14.2,20.4,0.2,15.2,32.4,23.39,Fianarantsoa,-21.454,47.086,1127.0
2024-10-28,27.2,15.5,20.3,0.3,15.5,34.6,25.52,Fianarantsoa,-21.454,47.086,1127.0
2024-10-29,28.2,16.5,21.5,0.4,18.2,36.7,29.11,Fianarantsoa,-21.454,47.086,1127.0
2024-10-30,27.1,16.0,20.9,0.6,17.1,37.1,29.73,Fianarantsoa,-21.454,47.086,1127.0
2024-10-31,26.4,15.2,20.4,0.5,14.0,33.1,27.48,Fianarantsoa,-21.454,47.086,1127.0
2024-11-01,25.9,15.4,20.4,0.4,15.3,33.1,22.96,Fianarantsoa,-21.454,47.086,1127.0
2024-11-02,27.3,17.2,20.7,7.0,15.5,36.4,23.28,Fianarantsoa,-21.454,47.086,1127.0
2024-11-03,25.8,16.7,20.3,2.2,14.7,33.1,24.24,Fianarantsoa,-21.454,47.086,1127.0
2024-11-04,28.0,16.6,20.8,1.0,15.9,32.4,26.11,Fianarantsoa,-21.454,47.086,1127.0
2024-11-05,26.3,17.5,20.7,4.9,15.0,38.2,24.28,Fianarantsoa,-21.454,47.086,1127.0
2024-11-06,26.3,16.7,20.3,0.6,18.1,38.5,26.49,Fianarantsoa,-21.454,47.086,1127.0
2024-11-07,25.5,14.7,19.6,0.1,15.9,36.7,28.91,Fianarantsoa,-21.454,47.086,1127.0
2024-11-08,26.1,15.3,20.0,0.0,19.3,40.0,28.45,Fianarantsoa,-21.454,47.086,1127.0
2024-11-09,27.9,13.9,20.4,1.2,15.3,34.9,26.01,Fianarantsoa,-21.454,47.086,1127.0
2024-11-10,28.0,15.9,21.3,0.8,14.9,30.6,27.16,Fianarantsoa,-21.454,47.086,1127.0
2024-11-11,29.4,16.6,22.5,0.4,18.0,37.4,28.63,Fianarantsoa,-21.454,47.086,1127.0
2024-11-12,29.2,18.2,22.8,0.1,15.5,32.8,28.55,Fianarantsoa,-21.454,47.086,1127.0
2024-11-13,29.3,17.3,22.5,0.0,15.4,32.8,29.39,Fianarantsoa,-21.454,47.086,1127.0
2024-11-14,29.4,16.8,22.0,0.2,17.1,39.6,27.83,Fianarantsoa,-21.454,47.086,1127.0
2024-11-15,26.6,15.7,20.5,0.3,19.1,40.7,28.56,Fianarantsoa,-21.454,47.086,1127.0
2024-11-16,27.5,15.6,20.8,0.0,18.4,40.3,28.74,Fianarantsoa,-21.454,47.086,1127.0
2024-11-17,28.2,16.2,21.3,0.1,16.7,37.4,28.56,Fianarantsoa,-21.454,47.086,1127.0
2024-11-18,27.3,17.3,21.4,0.5,18.1,41.4,28.45,Fianarantsoa,-21.454,47.086,1127.0
2024-11-19,26.2,16.4,20.5,0.6,17.9,41.4,27.79,Fianarantsoa,-21.454,47.086,1127.0
2024-11-20,24.8,15.1,19.2,0.9,18.7,41.4,23.61,Fianarantsoa,-21.454,47.086,1127.0
2024-11-21,26.8,13.6,19.5,1.6,17.8,38.5,25.71,Fianarantsoa,-21.454,47.086,1127.0
2024-11-22,27.8,17.2,21.0,3.9,14.8,34.6,25.09,Fianarantsoa,-21.454,47.086,1127.0
2024-11-23,29.8,17.5,21.5,9.7,15.6,37.8,24.3,Fianarantsoa,-21.454,47.086,1127.0
2024-11-24,31.0,15.7,22.3,1.0,18.5,39.6,28.19,Fianarantsoa,-21.454,47.086,1127.0
2024-11-25,27.2,18.2,21.9,1.1,14.8,34.6,25.67,Fianarantsoa,-21.454,47.086,1127.0
2024-11-26,27.5,18.2,21.8,0.8,18.1,40.0,24.71,Fianarantsoa,-21.454,47.086,1127.0
2024-11-27,28.2,17.2,21.7,0.2,16.8,37.4,28.43,Fianarantsoa,-21.454,47.086,1127.0
2024-11-28,28.6,17.4,22.2,1.5,13.4,33.5,26.35,Fianarantsoa,-21.454,47.086,1127.0
2024-11-29,28.0,17.4,21.3,31.0,13.8,34.9,21.78,Fianarantsoa,-21.454,47.086,1127.0
2024-11-30,21.1,15.5,18.2,3.3,19.0,41.8,14.71,Fianarantsoa,-21.454,47.086,1127.0
2024-12-01,20.7,15.1,17.5,1.0,20.1,42.5,14.72,Fianarantsoa,-21.454,47.086,1127.0
2024-12-02,25.1,16.1,19.1,7.5,14.9,35.3,20.16,Fianarantsoa,-21.454,47.086,1127.0
2024-12-03,25.5,16.8,19.8,33.0,16.2,35.3,19.28,Fianarantsoa,-21.454,47.086,1127.0
2024-12-04,26.4,17.7,20.4,9.9,15.6,35.6,18.13,Fianarantsoa,-21.454,47.086,1127.0
2024-12-05,25.3,17.6,20.8,0.1,14.4,33.8,22.05,Fianarantsoa,-21.454,47.086,1127.0
2024-12-06,27.9,17.4,21.7,0.0,15.0,31.0,28.33,Fianarantsoa,-21.454,47.086,1127.0
2024-12-07,28.3,16.8,21.6,0.0,14.1,32.4,30.76,Fianarantsoa,-21.454,47.086,1127.0
2024-12-08,30.4,16.3,21.8,0.3,18.8,45.0,29.97,Fianarantsoa,-21.454,47.086,1127.0
2024-12-09,27.7,15.6,20.5,0.6,18.2,40.3,27.61,Fianarantsoa,-21.454,47.086,1127.0
2024-12-10,28.0,16.7,21.1,0.7,17.9,40.3,25.49,Fianarantsoa,-21.454,47.086,1127.0
2024-12-11,26.9,16.7,21.1,0.8,18.3,38.9,21.9,Fianarantsoa,-21.454,47.086,1127.0
2024-12-12,28.7,17.5,22.1,0.7,15.8,37.1,31.73,Fianarantsoa,-21.454,47.086,1127.0
2024-12-13,29.6,17.0,22.7,0.1,19.3,41.4,29.35,Fianarantsoa,-21.454,47.086,1127.0
2024-12-14,29.4,17.0,22.5,0.0,17.3,39.6,30.17,Fianarantsoa,-21.454,47.086,1127.0
2024-12-15,27.3,16.1,21.0,0.7,19.2,44.6,27.22,Fianarantsoa,-21.454,47.086,1127.0
2024-12-16,28.4,16.1,21.2,0.7,15.4,37.8,31.6,Fianarantsoa,-21.454,47.086,1127.0
2024-12-17,30.6,13.2,21.8,0.0,16.7,38.9,32.46,Fianarantsoa,-21.454,47.086,1127.0
2024-12-18,29.1,16.4,21.9,0.0,17.5,39.2,32.29,Fianarantsoa,-21.454,47.086,1127.0
2024-12-19,29.8,16.5,22.2,0.0,15.7,34.9,32.3,Fianarantsoa,-21.454,47.086,1127.0
2024-12-20,33.0,16.4,23.4,0.6,15.9,38.9,28.49,Fianarantsoa,-21.454,47.086,1127.0
2024-12-21,29.3,17.4,22.5,0.6,17.6,38.9,30.15,Fianarantsoa,-21.454,47.086,1127.0
2024-12-22,28.3,16.9,21.8,0.3,17.6,41.4,29.77,Fianarantsoa,-21.454,47.086,1127.0
2024-12-23,29.3,16.8,22.3,0.0,17.6,38.9,30.78,Fianarantsoa,-21.454,47.086,1127.0
2024-12-24,32.6,17.2,22.6,8.8,14.3,33.1,26.6,Fianarantsoa,-21.454,47.086,1127.0
2024-12-25,30.2,17.8,22.2,6.9,15.2,34.2,25.75,Fianarantsoa,-21.454,47.086,1127.0
2024-12-26,28.1,17.2,21.3,3.7,18.8,40.3,26.7,Fianarantsoa,-21.454,47.086,1127.0
2024-12-27,27.3,16.4,20.4,2.9,19.0,42.1,26.48,Fianarantsoa,-21.454,47.086,1127.0
2024-12-28,27.2,17.0,20.4,3.4,18.6,40.3,24.98,Fianarantsoa,-21.454,47.086,1127.0
2024-12-29,28.0,16.7,20.5,2.8,17.1,38.5,25.76,Fianarantsoa,-21.454,47.086,1127.0
2024-12-30,26.8,17.0,20.3,6.9,15.9,38.5,21.2,Fianarantsoa,-21.454,47.086,1127.0
2024-12-31,25.9,16.9,20.5,3.7,17.5,40.3,22.8,Fianarantsoa,-21.454,47.086,1127.0
2025-01-01,27.0,15.8,21.3,0.9,14.3,31.3,25.93,Fianarantsoa,-21.454,47.086,1127.0
2025-01-02,29.4,17.2,22.5,0.2,16.1,37.4,27.83,Fianarantsoa,-21.454,47.086,1127.0
2025-01-03,29.0,17.4,22.1,0.9,17.0,36.0,28.25,Fianarantsoa,-21.454,47.086,1127.0
2025-01-04,27.4,16.3,21.1,0.2,20.5,43.6,26.02,Fianarantsoa,-21.454,47.086,1127.0
2025-01-05,29.1,15.3,21.2,0.0,18.2,39.6,30.48,Fianarantsoa,-21.454,47.086,1127.0
2025-01-06,29.8,14.4,21.5,0.0,16.9,36.7,29.98,Fianarantsoa,-21.454,47.086,1127.0
2025-01-07,27.9,14.3,20.1,1.5,19.3,42.8,27.3,Fianarantsoa,-21.454,47.086,1127.0
2025-01-08,30.1,16.7,23.0,0.5,14.4,36.0,29.74,Fianarantsoa,-21.454,47.086,1127.0
2025-01-09,30.0,18.0,23.2,0.1,16.7,37.1,29.07,Fianarantsoa,-21.454,47.086,1127.0
2025-01-10,28.5,19.1,23.2,0.5,17.2,41.4,28.26,Fianarantsoa,-21.454,47.086,1127.0
2025-01-11,28.3,17.2,22.0,0.3,26.2,56.5,28.47,Fianarantsoa,-21.454,47.086,1127.0
2025-01-12,27.2,18.4,21.8,1.2,23.6,52.9,26.7,Fianarantsoa,-21.454,47.086,1127.0
2025-01-13,29.5,16.1,21.8,8.1,19.3,43.2,20.14,Fianarantsoa,-21.454,47.086,1127.0
2025-01-14,26.0,18.6,20.8,35.9,10.8,29.2,13.12,Fianarantsoa,-21.454,47.086,1127.0
2025-01-15,29.1,18.7,22.2,2.3,16.4,38.9,22.81,Fianarantsoa,-21.454,47.086,1127.0
2025-01-16,28.2,17.5,22.4,2.9,15.1,34.2,25.65,Fianarantsoa,-21.454,47.086,1127.0
2025-01-17,29.1,16.8,21.5,4.9,15.0,35.3,24.89,Fianarantsoa,-21.454,47.086,1127.0
2025-01-18,28.0,16.8,21.4,4.5,12.0,31.0,24.67,Fianarantsoa,-21.454,47.086,1127.0
2025-01-19,26.8,17.0,21.1,1.4,17.8,43.2,23.48,Fianarantsoa,-21.454,47.086,1127.0
2025-01-20,25.8,16.9,20.7,1.4,15.1,36.7,19.4,Fianarantsoa,-21.454,47.086,1127.0
2025-01-21,24.2,18.2,20.6,1.0,12.7,29.9,12.36,Fianarantsoa,-21.454,47.086,1127.0
2025-01-22,27.9,17.3,20.5,23.4,13.8,36.0,21.41,Fianarantsoa,-21.454,47.086,1127.0
2025-01-23,25.0,17.3,19.6,13.5,10.7,25.2,12.59,Fianarantsoa,-21.454,47.086,1127.0
2025-01-24,26.7,17.3,20.3,34.3,12.9,28.8,20.67,Fianarantsoa,-21.454,47.086,1127.0
2025-01-25,25.0,18.0,20.4,7.0,13.5,28.1,15.2,Fianarantsoa,-21.454,47.086,1127.0
2025-01-26,26.7,17.7,20.8,15.8,13.8,33.5,18.99,Fianarantsoa,-21.454,47.086,1127.0
2025-01-27,28.1,17.3,21.8,1.8,14.7,35.6,24.88,Fianarantsoa,-21.454,47.086,1127.0
2025-01-28,28.7,16.9,21.8,2.7,13.0,35.3,23.81,Fianarantsoa,-21.454,47.086,1127.0
2025-01-29,28.0,17.9,21.5,3.9,16.2,39.6,21.6,Fianarantsoa,-21.454,47.086,1127.0
2025-01-30,28.5,17.6,22.8,0.1,20.4,43.9,26.81,Fianarantsoa,-21.454,47.086,1127.0
2025-01-31,28.2,19.4,22.9,1.8,14.5,36.4,24.8,Fianarantsoa,-21.454,47.086,1127.0
2025-02-01,28.0,18.6,21.9,6.3,10.2,30.2,21.88,Fianarantsoa,-21.454,47.086,1127.0
2025-02-02,28.2,18.5,21.6,7.2,17.3,35.3,18.59,Fianarantsoa,-21.454,47.086,1127.0
2025-02-03,26.9,15.2,20.9,3.8,16.9,36.4,20.95,Fianarantsoa,-21.454,47.086,1127.0
2025-02-04,24.6,13.2,19.0,0.1,19.9,43.9,21.88,Fianarantsoa,-21.454,47.086,1127.0
2025-02-05,24.2,18.5,20.4,13.3,17.6,40.7,13.64,Fianarantsoa,-21.454,47.086,1127.0
2025-02-06,23.4,17.8,20.0,27.1,6.0,20.5,11.36,Fianarantsoa,-21.454,47.086,1127.0
2025-02-07,27.5,17.5,20.5,26.9,12.6,28.8,18.89,Fianarantsoa,-21.454,47.086,1127.0
2025-02-08,26.9,18.3,21.1,5.4,16.2,34.9,19.53,Fianarantsoa,-21.454,47.086,1127.0
2025-02-09,27.7,17.9,21.1,18.5,11.8,33.8,25.0,Fianarantsoa,-21.454,47.086,1127.0
2025-02-10,27.4,18.5,21.2,17.6,6.7,20.2,19.29,Fianarantsoa,-21.454,47.086,1127.0
2025-02-11,26.9,17.8,21.1,8.1,12.1,29.5,19.86,Fianarantsoa,-21.454,47.086,1127.0
2025-02-12,26.9,17.4,20.6,21.8,13.6,27.7,18.19,Fianarantsoa,-21.454,47.086,1127.0
2025-02-13,24.6,18.4,20.5,23.7,14.8,37.1,17.75,Fianarantsoa,-21.454,47.086,1127.0
2025-02-14,25.7,18.4,20.7,18.2,10.9,27.4,16.21,Fianarantsoa,-21.454,47.086,1127.0
2025-02-15,26.2,16.9,20.6,10.6,13.8,29.2,17.95,Fianarantsoa,-21.454,47.086,1127.0
2025-02-16,23.0,18.3,19.6,19.8,14.8,33.1,11.76,Fianarantsoa,-21.454,47.086,1127.0
2025-02-17,22.0,18.0,19.6,13.6,14.5,33.5,10.34,Fianarantsoa,-21.454,47.086,1127.0
2025-02-18,23.5,18.3,19.9,11.7,17.7,38.9,12.54,Fianarantsoa,-21.454,47.086,1127.0
2025-02-19,24.5,18.5,20.3,12.6,19.9,42.5,16.26,Fianarantsoa,-21.454,47.086,1127.0
2025-02-20,25.3,18.8,20.6,20.2,18.3,40.7,20.47,Fianarantsoa,-21.454,47.086,1127.0
2025-02-21,25.7,17.5,20.2,6.2,16.9,37.8,17.96,Fianarantsoa,-21.454,47.086,1127.0
2025-02-22,25.1,17.5,19.9,6.2,16.6,40.0,15.06,Fianarantsoa,-21.454,47.086,1127.0
2025-02-23,25.9,18.4,20.5,11.9,17.3,37.1,16.95,Fianarantsoa,-21.454,47.086,1127.0
2025-02-24,25.8,17.8,19.9,15.0,11.5,27.0,13.59,Fianarantsoa,-21.454,47.086,1127.0
2025-02-25,28.0,18.2,20.1,18.4,7.9,17.3,15.22,Fianarantsoa,-21.454,47.086,1127.0
2025-02-26,27.7,16.6,21.2,2.8,16.4,35.6,25.71,Fianarantsoa,-21.454,47.086,1127.0
2025-02-27,26.9,16.6,21.3,5.7,28.8,63.4,22.83,Fianarantsoa,-21.454,47.086,1127.0
2025-02-28,25.5,18.4,21.4,0.5,36.0,73.1,20.49,Fianarantsoa,-21.454,47.086,1127.0
2025-03-01,26.4,17.2,20.8,0.0,36.7,75.2,25.81,Fianarantsoa,-21.454,47.086,1127.0
2025-03-02,25.7,17.7,21.1,0.2,29.0,62.6,22.18,Fianarantsoa,-21.454,47.086,1127.0
2025-03-03,24.7,18.1,21.1,0.2,17.5,37.4,14.82,Fianarantsoa,-21.454,47.086,1127.0
2025-03-04,27.2,19.1,22.3,0.3,11.2,25.9,22.82,Fianarantsoa,-21.454,47.086,1127.0
2025-03-05,27.7,17.0,21.2,5.3,16.1,33.5,21.69,Fianarantsoa,-21.454,47.086,1127.0
2025-03-06,26.6,18.9,21.9,0.5,18.8,40.3,26.51,Fianarantsoa,-21.454,47.086,1127.0
2025-03-07,25.6,15.4,20.5,0.4,20.7,45.4,25.5,Fianarantsoa,-21.454,47.086,1127.0
2025-03-08,23.4,17.2,19.4,7.2,26.8,55.4,15.84,Fianarantsoa,-21.454,47.086,1127.0
2025-03-09,23.5,18.1,19.8,4.5,25.3,52.6,17.35,Fianarantsoa,-21.454,47.086,1127.0
2025-03-10,24.7,17.9,20.2,1.8,20.8,45.7,21.24,Fianarantsoa,-21.454,47.086,1127.0
2025-03-11,25.2,17.3,20.1,5.2,14.2,36.0,21.51,Fianarantsoa,-21.454,47.086,1127.0
2025-03-12,25.2,17.5,19.8,15.8,9.9,25.6,16.03,Fianarantsoa,-21.454,47.086,1127.0
2025-03-13,26.5,16.7,19.8,15.2,12.5,29.5,16.57,Fianarantsoa,-21.454,47.086,1127.0
2025-03-14,27.4,17.3,21.2,2.9,17.2,47.9,21.29,Fianarantsoa,-21.454,47.086,1127.0
2025-03-15,25.1,17.9,20.8,2.5,38.4,78.8,22.14,Fianarantsoa,-21.454,47.086,1127.0
2025-03-16,25.6,16.4,19.7,2.7,20.0,41.4,19.42,Fianarantsoa,-21.454,47.086,1127.0
2025-03-17,21.6,15.1,17.5,3.9,25.0,52.6,17.58,Fianarantsoa,-21.454,47.086,1127.0
2025-03-18,19.2,14.1,16.4,2.4,20.1,43.6,12.8,Fianarantsoa,-21.454,47.086,1127.0
2025-03-19,19.8,14.6,16.7,3.4,19.6,41.8,12.35,Fianarantsoa,-21.454,47.086,1127.0
2025-03-20,24.1,14.0,18.5,1.0,17.4,38.5,22.34,Fianarantsoa,-21.454,47.086,1127.0
2025-03-21,24.1,16.7,19.5,3.5,15.9,34.9,18.6,Fianarantsoa,-21.454,47.086,1127.0
2025-03-22,27.2,16.0,19.8,5.0,13.3,28.8,23.8,Fianarantsoa,-21.454,47.086,1127.0
2025-03-23,27.3,17.2,20.1,2.0,18.0,38.9,21.32,Fianarantsoa,-21.454,47.086,1127.0
2025-03-24,27.2,17.7,20.9,2.2,12.8,27.7,21.2,Fianarantsoa,-21.454,47.086,1127.0
2025-03-25,25.0,18.2,20.5,3.2,13.8,32.0,20.46,Fianarantsoa,-21.454,47.086,1127.0
2025-03-26,26.1,17.5,20.8,5.0,15.7,33.1,23.95,Fianarantsoa,-21.454,47.086,1127.0
2025-03-27,25.9,16.4,20.4,0.3,11.2,27.7,24.42,Fianarantsoa,-21.454,47.086,1127.0
2025-03-28,24.9,16.9,20.1,0.2,16.3,37.8,24.15,Fianarantsoa,-21.454,47.086,1127.0
2025-03-29,23.9,15.3,18.9,1.0,15.2,34.2,17.2,Fianarantsoa,-21.454,47.086,1127.0
2025-03-30,24.5,14.1,18.8,0.6,16.8,39.2,22.69,Fianarantsoa,-21.454,47.086,1127.0
2025-03-31,23.8,16.6,19.3,2.0,18.2,38.5,17.64,Fianarantsoa,-21.454,47.086,1127.0
2025-04-01,24.6,14.0,18.4,0.0,16.4,36.7,24.39,Fianarantsoa,-21.454,47.086,1127.0
2025-04-02,25.3,16.3,20.0,0.8,12.5,27.4,19.8,Fianarantsoa,-21.454,47.086,1127.0
2025-04-03,28.2,17.7,21.1,0.4,13.4,30.2,23.62,Fianarantsoa,-21.454,47.086,1127.0
2025-04-04,23.8,16.7,19.1,1.8,18.4,39.2,17.07,Fianarantsoa,-21.454,47.086,1127.0
2025-04-05,24.8,16.8,19.4,3.9,14.8,32.4,18.13,Fianarantsoa,-21.454,47.086,1127.0
2025-04-06,25.1,16.8,19.7,1.7,14.8,32.4,18.12,Fianarantsoa,-21.454,47.086,1127.0
2025-04-07,23.9,16.4,19.3,0.3,16.0,35.3,17.29,Fianarantsoa,-21.454,47.086,1127.0
2025-04-08,26.5,15.9,19.9,2.4,12.1,26.6,21.68,Fianarantsoa,-21.454,47.086,1127.0
2025-04-09,25.8,16.8,20.6,0.1,15.8,37.4,21.74,Fianarantsoa,-21.454,47.086,1127.0
2025-04-10,26.8,14.1,19.8,0.0,13.4,30.2,22.46,Fianarantsoa,-21.454,47.086,1127.0
2025-04-11,26.3,14.9,19.5,5.6,13.4,30.2,20.48,Fianarantsoa,-21.454,47.086,1127.0
2025-04-12,25.7,17.1,19.8,2.0,16.3,36.4,14.19,Fianarantsoa,-21.454,47.086,1127.0
2025-04-13,26.1,15.6,19.6,0.2,16.8,38.5,20.39,Fianarantsoa,-21.454,47.086,1127.0
2025-04-14,25.8,16.4,20.3,4.2,13.4,30.6,16.52,Fianarantsoa,-21.454,47.086,1127.0
2025-04-15,26.4,17.8,20.4,5.2,11.8,29.5,19.2,Fianarantsoa,-21.454,47.086,1127.0
2025-04-16,25.6,15.9,20.0,0.6,15.5,36.4,20.73,Fianarantsoa,-21.454,47.086,1127.0
2025-04-17,25.5,14.7,19.3,0.1,9.4,23.0,19.75,Fianarantsoa,-21.454,47.086,1127.0
2025-04-18,26.6,16.4,20.1,0.1,12.6,28.1,20.46,Fianarantsoa,-21.454,47.086,1127.0
2025-04-19,25.2,16.9,20.1,0.2,11.8,23.0,15.43,Fianarantsoa,-21.454,47.086,1127.0
2025-04-20,26.4,17.0,19.8,22.5,7.2,25.6,16.12,Fianarantsoa,-21.454,47.086,1127.0
2025-04-21,26.1,15.5,19.6,2.4,10.6,23.0,18.68,Fianarantsoa,-21.454,47.086,1127.0
2025-04-22,25.8,17.0,19.9,3.7,10.0,24.8,16.6,Fianarantsoa,-21.454,47.086,1127.0
2025-04-23,26.2,17.5,20.7,0.4,13.0,28.8,18.52,Fianarantsoa,-21.454,47.086,1127.0
2025-04-24,26.3,17.3,21.0,0.5,11.9,28.1,18.62,Fianarantsoa,-21.454,47.086,1127.0
2025-04-25,25.4,17.5,20.6,0.5,12.3,29.2,18.42,Fianarantsoa,-21.454,47.086,1127.0
2025-04-26,25.2,16.8,19.9,0.8,16.2,35.6,16.58,Fianarantsoa,-21.454,47.086,1127.0
2025-04-27,23.6,17.0,19.4,0.2,14.1,32.0,12.5,Fianarantsoa,-21.454,47.086,1127.0
2025-04-28,22.2,16.5,18.4,3.8,18.5,41.0,15.32,Fianarantsoa,-21.454,47.086,1127.0
2025-04-29,21.0,16.1,17.6,5.7,21.4,45.4,14.26,Fianarantsoa,-21.454,47.086,1127.0
2025-04-30,20.8,14.7,16.8,1.7,20.9,45.0,10.45,Fianarantsoa,-21.454,47.086,1127.0
2025-05-01,21.6,15.8,18.1,1.7,17.3,38.2,11.02,Fianarantsoa,-21.454,47.086,1127.0
2025-05-02,23.7,16.6,19.2,1.3,14.0,31.3,14.09,Fianarantsoa,-21.454,47.086,1127.0
2025-05-03,25.9,16.2,20.1,0.6,22.4,45.0,18.17,Fianarantsoa,-21.454,47.086,1127.0
2025-05-04,24.6,14.0,17.9,11.3,13.9,28.1,16.86,Fianarantsoa,-21.454,47.086,1127.0
2025-05-05,17.0,13.6,15.1,5.4,20.1,41.0,5.57,Fianarantsoa,-21.454,47.086,1127.0
2025-05-06,17.5,12.6,14.3,2.8,22.1,45.4,6.84,Fianarantsoa,-21.454,47.086,1127.0
2025-05-07,18.4,13.2,15.2,1.9,20.2,42.5,10.35,Fianarantsoa,-21.454,47.086,1127.0
2025-05-08,22.6,13.3,16.9,0.2,13.2,30.6,14.57,Fianarantsoa,-21.454,47.086,1127.0
2025-05-09,22.8,15.6,18.5,0.0,12.9,30.6,12.27,Fianarantsoa,-21.454,47.086,1127.0
2025-05-10,22.0,17.0,18.6,1.8,17.8,38.2,11.41,Fianarantsoa,-21.454,47.086,1127.0
2025-05-11,24.2,16.7,19.3,0.1,15.7,34.9,13.23,Fianarantsoa,-21.454,47.086,1127.0
2025-05-12,24.6,15.9,19.0,0.1,13.7,29.2,13.51,Fianarantsoa,-21.454,47.086,1127.0
2025-05-13,21.6,16.0,17.9,1.1,17.4,38.5,15.93,Fianarantsoa,-21.454,47.086,1127.0
2025-05-14,19.4,14.2,16.1,5.0,23.0,47.2,8.92,Fianarantsoa,-21.454,47.086,1127.0
2025-05-15,18.0,12.2,15.3,2.3,20.3,42.5,7.16,Fianarantsoa,-21.454,47.086,1127.0
2025-05-16,20.9,13.8,16.5,0.5,19.1,42.5,15.2,Fianarantsoa,-21.454,47.086,1127.0
2025-05-17,21.4,14.0,16.9,0.9,16.2,35.3,11.26,Fianarantsoa,-21.454,47.086,1127.0
2025-05-18,24.1,13.6,17.7,0.2,6.2,16.6,16.07,Fianarantsoa,-21.454,47.086,1127.0
2025-05-19,25.5,14.0,18.8,0.0,11.0,22.3,17.72,Fianarantsoa,-21.454,47.086,1127.0
2025-05-20,24.7,15.9,18.8,0.8,14.2,30.2,17.09,Fianarantsoa,-21.454,47.086,1127.0
2025-05-21,24.5,15.0,18.4,0.0,14.3,30.2,15.9,Fianarantsoa,-21.454,47.086,1127.0
2025-05-22,24.2,14.1,18.2,0.0,10.0,25.6,18.19,Fianarantsoa,-21.454,47.086,1127.0
2025-05-23,19.7,11.5,15.7,1.9,23.7,50.4,13.21,Fianarantsoa,-21.454,47.086,1127.0
2025-05-24,17.5,10.3,13.4,0.9,19.2,40.7,14.89,Fianarantsoa,-21.454,47.086,1127.0
2025-05-25,18.3,10.3,13.7,0.5,20.0,42.1,17.26,Fianarantsoa,-21.454,47.086,1127.0
2025-05-26,18.4,12.0,14.4,1.1,19.0,41.0,12.68,Fianarantsoa,-21.454,47.086,1127.0
2025-05-27,21.8,10.4,14.8,0.0,17.1,37.4,16.81,Fianarantsoa,-21.454,47.086,1127.0
2025-05-28,21.2,11.6,15.2,0.2,11.9,26.3,17.18,Fianarantsoa,-21.454,47.086,1127.0
2025-05-29,20.2,13.3,15.7,1.2,16.4,35.6,12.85,Fianarantsoa,-21.454,47.086,1127.0
2025-05-30,19.5,13.6,15.8,0.7,16.1,36.7,11.93,Fianarantsoa,-21.454,47.086,1127.0
2025-05-31,22.2,11.7,15.4,0.0,13.5,27.4,16.57,Fianarantsoa,-21.454,47.086,1127.0
2025-06-01,19.6,10.2,14.2,0.0,14.2,32.4,17.55,Fianarantsoa,-21.454,47.086,1127.0
2025-06-02,21.7,9.8,14.3,0.0,14.0,30.6,16.32,Fianarantsoa,-21.454,47.086,1127.0
2025-06-03,24.6,12.1,16.8,0.0,9.4,21.2,16.31,Fianarantsoa,-21.454,47.086,1127.0
2025-06-04,24.4,12.6,17.0,0.0,12.6,26.6,16.81,Fianarantsoa,-21.454,47.086,1127.0
2025-06-05,19.1,12.8,15.4,7.4,16.6,36.7,9.68,Fianarantsoa,-21.454,47.086,1127.0
2025-06-06,18.3,13.7,15.2,3.4,20.2,42.8,9.5,Fianarantsoa,-21.454,47.086,1127.0
2025-06-07,21.2,12.3,16.2,0.8,14.4,33.5,12.26,Fianarantsoa,-21.454,47.086,1127.0
2025-06-08,20.0,13.5,16.2,1.6,17.0,37.8,11.45,Fianarantsoa,-21.454,47.086,1127.0
2025-06-09,19.7,10.6,14.3,0.0,14.7,33.8,16.47,Fianarantsoa,-21.454,47.086,1127.0
2025-06-10,21.2,9.5,14.7,0.0,14.3,33.8,17.23,Fianarantsoa,-21.454,47.086,1127.0
2025-06-11,22.7,11.5,15.5,0.0,10.7,22.0,16.41,Fianarantsoa,-21.454,47.086,1127.0
2025-06-12,21.4,10.0,14.9,0.0,9.3,24.8,17.51,Fianarantsoa,-21.454,47.086,1127.0
2025-06-13,18.2,11.9,13.7,0.5,17.5,38.5,10.05,Fianarantsoa,-21.454,47.086,1127.0
2025-06-14,17.1,10.2,12.8,1.6,23.3,48.6,13.53,Fianarantsoa,-21.454,47.086,1127.0
2025-06-15,16.2,9.4,12.0,2.2,30.0,63.0,11.1,Fianarantsoa,-21.454,47.086,1127.0
2025-06-16,15.5,9.2,12.4,1.6,19.5,41.0,6.63,Fianarantsoa,-21.454,47.086,1127.0
2025-06-17,19.3,10.4,14.1,0.1,16.3,36.7,15.06,Fianarantsoa,-21.454,47.086,1127.0
2025-06-18,21.3,10.4,14.3,0.0,13.1,25.6,16.6,Fianarantsoa,-21.454,47.086,1127.0
2025-06-19,21.0,10.5,14.6,0.0,14.3,26.6,16.29,Fianarantsoa,-21.454,47.086,1127.0
2025-06-20,21.6,11.1,15.0,0.0,7.9,19.1,16.6,Fianarantsoa,-21.454,47.086,1127.0
2025-06-21,21.5,9.2,14.3,0.0,15.5,34.9,17.24,Fianarantsoa,-21.454,47.086,1127.0
2025-06-22,19.4,7.8,12.5,0.0,15.5,32.4,17.34,Fianarantsoa,-21.454,47.086,1127.0
2025-06-23,20.7,10.0,13.7,0.0,17.1,36.0,12.81,Fianarantsoa,-21.454,47.086,1127.0
2025-06-24,22.4,12.5,15.5,0.1,17.7,37.4,14.84,Fianarantsoa,-21.454,47.086,1127.0
2025-06-25,18.9,12.0,14.6,0.3,15.1,35.3,15.42,Fianarantsoa,-21.454,47.086,1127.0
2025-06-26,18.2,10.0,13.7,0.5,15.1,34.9,8.43,Fianarantsoa,-21.454,47.086,1127.0
2025-06-27,22.2,12.1,15.8,0.1,14.9,31.3,14.71,Fianarantsoa,-21.454,47.086,1127.0
2025-06-28,22.3,14.1,16.9,2.0,13.5,28.8,14.0,Fianarantsoa,-21.454,47.086,1127.0
2025-06-29,21.1,14.0,16.7,0.7,15.9,36.4,13.1,Fianarantsoa,-21.454,47.086,1127.0
2025-06-30,20.1,10.0,14.3,0.0,18.9,39.6,16.97,Fianarantsoa,-21.454,47.086,1127.0
2025-07-01,18.8,11.1,14.3,8.1,20.2,44.6,13.95,Fianarantsoa,-21.454,47.086,1127.0
2025-07-02,15.9,10.7,12.7,5.9,22.7,47.5,10.86,Fianarantsoa,-21.454,47.086,1127.0
2025-07-03,15.8,10.7,12.4,3.2,20.7,44.3,10.73,Fianarantsoa,-21.454,47.086,1127.0
2025-07-04,16.5,10.1,12.2,1.4,17.0,37.1,9.37,Fianarantsoa,-21.454,47.086,1127.0
2025-07-05,19.5,8.2,13.0,0.1,16.9,37.4,16.1,Fianarantsoa,-21.454,47.086,1127.0
2025-07-06,20.5,8.7,14.1,0.3,14.8,34.2,16.53,Fianarantsoa,-21.454,47.086,1127.0
2025-07-07,20.8,12.2,15.6,0.2,12.2,27.0,13.27,Fianarantsoa,-21.454,47.086,1127.0
2025-07-08,18.7,12.3,14.5,1.0,16.6,37.8,12.59,Fianarantsoa,-21.454,47.086,1127.0
2025-07-09,17.5,11.8,13.7,2.9,20.1,43.2,12.07,Fianarantsoa,-21.454,47.086,1127.0
2025-07-10,15.7,11.3,13.3,6.9,28.7,56.9,10.91,Fianarantsoa,-21.454,47.086,1127.0
2025-07-11,16.6,11.0,12.8,3.7,22.4,48.6,9.39,Fianarantsoa,-21.454,47.086,1127.0
2025-07-12,18.7,9.6,13.2,0.0,17.3,40.0,17.6,Fianarantsoa,-21.454,47.086,1127.0
2025-07-13,19.8,9.7,13.5,0.3,13.7,32.4,16.92,Fianarantsoa,-21.454,47.086,1127.0
2025-07-14,21.0,11.5,14.7,0.4,17.3,33.5,15.63,Fianarantsoa,-21.454,47.086,1127.0
2025-07-15,22.8,11.1,15.6,0.0,15.5,29.5,17.77,Fianarantsoa,-21.454,47.086,1127.0
2025-07-16,20.9,10.6,14.6,0.5,15.0,31.7,17.03,Fianarantsoa,-21.454,47.086,1127.0
2025-07-17,18.9,11.5,14.0,1.0,16.0,34.9,12.9,Fianarantsoa,-21.454,47.086,1127.0
2025-07-18,17.6,10.0,13.1,0.8,14.4,33.5,14.07,Fianarantsoa,-21.454,47.086,1127.0
2025-07-19,17.3,8.7,12.6,1.2,16.6,37.1,13.08,Fianarantsoa,-21.454,47.086,1127.0
2025-07-20,16.2,7.5,12.0,1.5,16.6,35.3,12.57,Fianarantsoa,-21.454,47.086,1127.0
2025-07-21,17.5,7.5,12.5,0.7,17.1,38.9,11.6,Fianarantsoa,-21.454,47.086,1127.0
2025-07-22,18.3,11.3,13.7,1.2,14.6,34.2,11.19,Fianarantsoa,-21.454,47.086,1127.0
2025-07-23,17.4,11.6,13.8,0.8,15.2,33.8,9.94,Fianarantsoa,-21.454,47.086,1127.0
2025-07-24,19.7,9.5,13.5,0.0,15.0,34.9,18.41,Fianarantsoa,-21.454,47.086,1127.0
2025-07-25,22.3,9.4,14.7,0.0,8.7,20.2,17.21,Fianarantsoa,-21.454,47.086,1127.0
2025-07-26,21.1,11.4,15.2,0.0,14.1,31.7,14.55,Fianarantsoa,-21.454,47.086,1127.0
2025-07-27,22.3,11.5,15.3,0.0,13.9,31.0,17.31,Fianarantsoa,-21.454,47.086,1127.0
2025-07-28,14.0,9.8,11.9,0.9,24.1,49.0,7.28,Fianarantsoa,-21.454,47.086,1127.0
2025-07-29,14.8,9.5,11.1,0.9,21.6,46.1,7.89,Fianarantsoa,-21.454,47.086,1127.0
2025-07-30,14.9,10.5,11.8,3.0,19.8,42.5,8.3,Fianarantsoa,-21.454,47.086,1127.0
2025-07-31,16.0,9.9,12.1,2.6,18.6,41.0,10.95,Fianarantsoa,-21.454,47.086,1127.0
2025-08-01,19.0,8.9,12.4,0.2,14.1,30.6,16.62,Fianarantsoa,-21.454,47.086,1127.0
2025-08-02,21.0,8.3,13.1,0.0,14.9,29.2,18.84,Fianarantsoa,-21.454,47.086,1127.0
2025-08-03,17.1,8.1,12.1,1.3,17.9,36.4,13.27,Fianarantsoa,-21.454,47.086,1127.0
2025-08-04,14.6,8.0,10.6,0.4,18.4,41.0,15.27,Fianarantsoa,-21.454,47.086,1127.0
2025-08-05,15.6,6.2,10.5,0.7,23.0,50.0,14.84,Fianarantsoa,-21.454,47.086,1127.0
2025-08-06,15.9,8.2,11.5,2.0,22.2,47.5,12.82,Fianarantsoa,-21.454,47.086,1127.0
2025-08-07,19.1,7.7,12.7,0.3,16.2,35.3,16.07,Fianarantsoa,-21.454,47.086,1127.0
2025-08-08,22.0,9.8,14.3,0.0,16.7,33.8,18.86,Fianarantsoa,-21.454,47.086,1127.0
2025-08-09,21.3,10.4,14.3,0.3,19.3,40.7,18.71,Fianarantsoa,-21.454,47.086,1127.0
2025-08-10,19.6,10.7,14.0,0.3,15.1,36.4,16.01,Fianarantsoa,-21.454,47.086,1127.0
2025-08-11,19.4,10.9,14.0,0.5,17.9,40.7,15.86,Fianarantsoa,-21.454,47.086,1127.0
2025-08-12,21.7,10.7,15.3,0.1,17.0,38.2,18.24,Fianarantsoa,-21.454,47.086,1127.0
2025-08-13,19.8,13.6,16.0,3.2,20.3,42.5,14.04,Fianarantsoa,-21.454,47.086,1127.0
2025-08-14,18.7,14.2,15.7,1.1,15.4,33.5,6.01,Fianarantsoa,-21.454,47.086,1127.0
2025-08-15,21.5,13.6,16.8,0.3,8.6,20.9,12.01,Fianarantsoa,-21.454,47.086,1127.0
2025-08-16,23.1,12.5,15.6,3.0,14.3,36.7,17.2,Fianarantsoa,-21.454,47.086,1127.0
2025-08-17,16.8,10.0,12.8,6.0,29.5,63.0,12.41,Fianarantsoa,-21.454,47.086,1127.0
2025-08-18,15.2,8.9,11.0,2.4,24.8,52.6,14.02,Fianarantsoa,-21.454,47.086,1127.0
2025-08-19,16.3,8.8,11.4,1.6,21.1,46.8,14.53,Fianarantsoa,-21.454,47.086,1127.0
2025-08-20,20.1,8.7,13.5,0.6,16.0,36.7,17.04,Fianarantsoa,-21.454,47.086,1127.0
2025-08-21,23.5,10.4,15.8,0.0,15.3,28.8,21.28,Fianarantsoa,-21.454,47.086,1127.0
2025-08-22,24.0,10.8,16.0,0.0,14.6,31.0,21.09,Fianarantsoa,-21.454,47.086,1127.0
2025-08-23,23.9,9.8,15.6,0.0,12.5,28.4,21.78,Fianarantsoa,-21.454,47.086,1127.0
2025-08-24,25.8,8.7,15.4,0.0,13.5,27.0,22.17,Fianarantsoa,-21.454,47.086,1127.0
2025-08-25,24.8,8.9,14.9,0.0,13.3,29.9,22.51,Fianarantsoa,-21.454,47.086,1127.0
2025-08-26,27.0,9.2,15.8,0.0,15.1,34.6,22.81,Fianarantsoa,-21.454,47.086,1127.0
2025-08-27,25.4,8.0,15.3,0.0,13.4,30.2,23.32,Fianarantsoa,-21.454,47.086,1127.0
2025-08-28,24.9,10.3,15.7,0.0,10.9,28.1,21.66,Fianarantsoa,-21.454,47.086,1127.0
2025-08-29,21.9,11.9,15.5,0.0,15.7,35.6,22.83,Fianarantsoa,-21.454,47.086,1127.0
2025-08-30,21.7,11.1,15.2,0.0,15.8,38.2,23.1,Fianarantsoa,-21.454,47.086,1127.0
2025-08-31,21.9,10.2,15.2,0.0,17.7,40.7,23.31,Fianarantsoa,-21.454,47.086,1127.0
2025-09-01,22.1,11.6,15.7,0.0,16.1,37.8,22.04,Fianarantsoa,-21.454,47.086,1127.0
2025-09-02,21.3,11.5,15.4,0.2,16.7,40.0,22.42,Fianarantsoa,-21.454,47.086,1127.0
2025-09-03,21.5,10.7,15.3,0.0,15.4,37.4,22.64,Fianarantsoa,-21.454,47.086,1127.0
2025-09-04,26.3,10.8,17.4,0.0,15.2,32.0,23.35,Fianarantsoa,-21.454,47.086,1127.0
2025-09-05,27.9,9.7,17.4,0.0,16.3,38.5,23.68,Fianarantsoa,-21.454,47.086,1127.0
2025-09-06,25.8,12.3,17.2,0.0,18.5,40.0,23.04,Fianarantsoa,-21.454,47.086,1127.0
2025-09-07,22.9,9.0,15.5,0.0,19.6,44.6,24.73,Fianarantsoa,-21.454,47.086,1127.0
2025-09-08,22.9,11.4,16.1,0.0,17.7,41.8,24.25,Fianarantsoa,-21.454,47.086,1127.0
2025-09-09,22.3,10.9,15.9,0.0,19.1,43.9,24.29,Fianarantsoa,-21.454,47.086,1127.0
2025-09-10,20.4,10.3,14.9,0.3,22.0,49.7,21.41,Fianarantsoa,-21.454,47.086,1127.0
2025-09-11,21.1,12.5,15.6,0.4,17.6,40.3,20.85,Fianarantsoa,-21.454,47.086,1127.0
2025-09-12,21.7,11.6,15.8,0.1,18.5,40.3,24.17,Fianarantsoa,-21.454,47.086,1127.0
2025-09-13,21.0,11.1,15.2,0.0,17.0,40.7,24.99,Fianarantsoa,-21.454,47.086,1127.0
2025-09-14,23.1,11.4,15.9,0.0,16.6,35.6,24.6,Fianarantsoa,-21.454,47.086,1127.0
2025-09-15,24.0,12.0,17.0,0.0,16.2,38.9,21.86,Fianarantsoa,-21.454,47.086,1127.0
2025-09-16,25.6,14.2,18.1,5.5,17.0,39.2,20.43,Fianarantsoa,-21.454,47.086,1127.0
2025-09-17,26.2,14.0,19.2,1.2,16.9,36.0,21.63,Fianarantsoa,-21.454,47.086,1127.0
2025-09-18,25.7,15.0,19.2,0.0,16.2,36.0,23.64,Fianarantsoa,-21.454,47.086,1127.0
2025-09-19,28.2,13.5,19.2,0.0,17.5,38.5,24.88,Fianarantsoa,-21.454,47.086,1127.0
2025-09-20,24.6,12.1,17.5,0.4,18.9,42.8,23.16,Fianarantsoa,-21.454,47.086,1127.0
2025-09-21,18.2,12.7,15.3,0.9,21.7,44.6,11.09,Fianarantsoa,-21.454,47.086,1127.0
2025-09-22,18.8,12.0,14.5,0.5,19.0,41.4,15.81,Fianarantsoa,-21.454,47.086,1127.0
2025-09-23,24.2,9.5,16.0,0.0,14.6,32.4,25.87,Fianarantsoa,-21.454,47.086,1127.0
2025-09-24,25.7,9.6,15.6,0.0,13.7,30.2,26.74,Fianarantsoa,-21.454,47.086,1127.0
2025-09-25,28.5,10.6,18.5,0.0,17.2,36.7,26.73,Fianarantsoa,-21.454,47.086,1127.0
2025-09-26,22.0,13.9,16.6,5.0,17.0,35.3,16.74,Fianarantsoa,-21.454,47.086,1127.0
2025-09-27,20.7,14.0,16.4,2.8,19.6,43.9,20.66,Fianarantsoa,-21.454,47.086,1127.0
2025-09-28,24.0,14.0,17.7,6.3,14.3,33.8,21.53,Fianarantsoa,-21.454,47.086,1127.0
2025-09-29,26.6,13.7,18.9,2.5,14.8,33.5,21.04,Fianarantsoa,-21.454,47.086,1127.0
2025-09-30,24.9,15.8,18.4,6.4,10.4,28.4,14.13,Fianarantsoa,-21.454,47.086,1127.0
2025-10-01,25.8,15.2,18.6,1.6,13.8,29.2,16.12,Fianarantsoa,-21.454,47.086,1127.0
2025-10-02,20.4,13.8,16.5,6.5,18.1,40.3,14.91,Fianarantsoa,-21.454,47.086,1127.0
2025-10-03,22.3,13.1,16.1,0.9,16.9,39.2,16.35,Fianarantsoa,-21.454,47.086,1127.0
2025-10-04,21.9,12.4,16.2,1.8,19.1,42.5,18.41,Fianarantsoa,-21.454,47.086,1127.0
2025-10-05,15.6,10.7,12.5,0.6,23.1,46.4,12.74,Fianarantsoa,-21.454,47.086,1127.0
2025-10-06,20.4,10.6,14.5,0.0,15.1,36.7,24.25,Fianarantsoa,-21.454,47.086,1127.0
2025-10-07,25.3,12.5,17.1,0.0,18.5,41.8,24.66,Fianarantsoa,-21.454,47.086,1127.0
2025-10-08,24.9,12.4,17.3,0.0,17.9,40.3,26.65,Fianarantsoa,-21.454,47.086,1127.0
2025-10-09,25.2,12.3,17.4,0.2,18.4,42.5,28.01,Fianarantsoa,-21.454,47.086,1127.0
2025-10-10,24.4,12.8,17.8,0.2,18.2,40.3,25.95,Fianarantsoa,-21.454,47.086,1127.0
2025-10-11,25.5,15.5,19.4,2.2,13.5,42.5,19.25,Fianarantsoa,-21.454,47.086,1127.0
2025-10-12,25.3,15.9,19.1,26.1,15.4,35.3,18.91,Fianarantsoa,-21.454,47.086,1127.0
2025-10-13,26.8,15.3,19.5,4.3,15.2,34.9,27.02,Fianarantsoa,-21.454,47.086,1127.0
2025-10-14,24.7,12.9,17.9,0.2,17.4,41.4,28.67,Fianarantsoa,-21.454,47.086,1127.0
2025-10-15,25.4,13.1,17.9,0.0,16.3,36.7,28.04,Fianarantsoa,-21.454,47.086,1127.0
2025-10-16,28.9,11.9,19.2,0.0,18.6,41.8,24.78,Fianarantsoa,-21.454,47.086,1127.0
2025-10-17,27.1,14.1,19.8,1.2,19.1,40.0,24.07,Fianarantsoa,-21.454,47.086,1127.0
2025-10-18,22.5,15.1,17.6,1.2,20.4,43.9,19.5,Fianarantsoa,-21.454,47.086,1127.0
2025-10-19,26.7,15.6,19.7,1.0,14.5,30.2,25.28,Fianarantsoa,-21.454,47.086,1127.0
2025-10-20,28.0,13.5,19.4,0.3,17.3,37.8,24.62,Fianarantsoa,-21.454,47.086,1127.0
2025-10-21,29.1,13.7,19.7,0.2,18.8,38.9,26.89,Fianarantsoa,-21.454,47.086,1127.0
2025-10-22,24.1,15.2,18.2,7.4,17.3,38.5,21.69,Fianarantsoa,-21.454,47.086,1127.0
2025-10-23,22.2,14.4,17.4,1.5,19.6,43.9,15.17,Fianarantsoa,-21.454,47.086,1127.0
2025-10-24,25.0,13.3,18.7,0.4,18.4,42.5,23.45,Fianarantsoa,-21.454,47.086,1127.0
2025-10-25,26.1,15.3,19.7,0.7,19.4,41.4,27.19,Fianarantsoa,-21.454,47.086,1127.0
2025-10-26,24.9,15.7,19.4,0.8,17.4,41.0,28.92,Fianarantsoa,-21.454,47.086,1127.0
2025-10-27,25.3,15.1,19.4,0.3,17.5,41.8,28.54,Fianarantsoa,-21.454,47.086,1127.0
2025-10-28,26.4,14.2,19.4,0.1,14.0,33.1,29.28,Fianarantsoa,-21.454,47.086,1127.0
2025-10-29,26.6,15.2,19.5,0.2,17.8,40.7,29.53,Fianarantsoa,-21.454,47.086,1127.0
2025-10-30,28.4,14.5,20.3,0.3,20.2,42.1,25.38,Fianarantsoa,-21.454,47.086,1127.0
2025-10-31,23.9,14.1,18.3,1.3,21.5,49.0,22.2,Fianarantsoa,-21.454,47.086,1127.0
2025-11-01,23.7,13.5,17.8,0.5,18.2,41.0,20.77,Fianarantsoa,-21.454,47.086,1127.0
2025-11-02,26.5,15.2,19.6,0.3,13.3,32.0,27.34,Fianarantsoa,-21.454,47.086,1127.0
2025-11-03,27.5,15.1,19.9,2.1,18.5,38.9,25.52,Fianarantsoa,-21.454,47.086,1127.0
2025-11-04,25.0,13.8,19.2,0.7,17.0,38.5,25.85,Fianarantsoa,-21.454,47.086,1127.0
2025-11-05,26.4,15.5,19.5,10.9,13.7,35.6,23.58,Fianarantsoa,-21.454,47.086,1127.0
2025-11-06,25.7,15.6,18.7,8.7,19.4,43.2,18.93,Fianarantsoa,-21.454,47.086,1127.0
2025-11-07,27.3,14.6,19.2,7.7,13.6,36.7,24.68,Fianarantsoa,-21.454,47.086,1127.0
2025-11-08,23.9,15.7,18.1,16.0,14.9,39.6,17.84,Fianarantsoa,-21.454,47.086,1127.0
2025-11-09,25.1,15.3,18.5,1.6,16.2,36.4,24.15,Fianarantsoa,-21.454,47.086,1127.0
2025-11-10,25.5,15.3,18.9,2.1,17.0,40.7,25.97,Fianarantsoa,-21.454,47.086,1127.0
2025-11-11,24.6,15.4,18.5,6.8,15.6,40.3,22.99,Fianarantsoa,-21.454,47.086,1127.0
2025-11-12,26.3,13.8,19.0,5.3,12.5,39.2,25.96,Fianarantsoa,-21.454,47.086,1127.0
2025-11-13,27.4,14.9,20.9,0.0,16.9,42.5,26.83,Fianarantsoa,-21.454,47.086,1127.0
2025-11-14,28.0,15.2,21.0,0.7,28.1,58.0,27.72,Fianarantsoa,-21.454,47.086,1127.0
2025-11-15,21.8,12.6,16.3,0.2,19.1,41.4,21.93,Fianarantsoa,-21.454,47.086,1127.0
2025-11-16,27.9,15.1,21.7,1.5,15.3,37.8,27.62,Fianarantsoa,-21.454,47.086,1127.0
2025-11-17,30.5,15.1,22.0,0.0,17.5,38.5,30.86,Fianarantsoa,-21.454,47.086,1127.0
2025-11-18,29.1,14.1,20.6,2.9,22.1,45.0,29.17,Fianarantsoa,-21.454,47.086,1127.0
2025-11-19,26.2,15.7,18.8,32.8,16.5,38.5,16.3,Fianarantsoa,-21.454,47.086,1127.0
2025-11-20,25.9,15.4,17.9,18.8,13.2,32.4,18.51,Fianarantsoa,-21.454,47.086,1127.0
2025-11-21,25.4,14.3,18.3,20.8,9.1,27.7,16.3,Fianarantsoa,-21.454,47.086,1127.0
2025-11-22,26.6,15.4,20.0,0.0,19.3,43.9,29.69,Fianarantsoa,-21.454,47.086,1127.0
2025-11-23,25.4,14.6,19.0,4.2,14.7,32.4,22.14,Fianarantsoa,-21.454,47.086,1127.0
2025-11-24,28.4,16.8,21.9,5.6,20.1,43.9,26.43,Fianarantsoa,-21.454,47.086,1127.0
2025-11-25,29.8,15.4,21.2,0.4,21.8,45.4,29.76,Fianarantsoa,-21.454,47.086,1127.0
2025-11-26,28.3,16.6,20.4,20.3,12.2,30.2,21.47,Fianarantsoa,-21.454,47.086,1127.0
2025-11-27,29.0,16.6,22.4,0.5,20.0,42.1,28.07,Fianarantsoa,-21.454,47.086,1127.0
2025-11-28,28.5,16.5,21.6,6.4,16.5,34.6,27.22,Fianarantsoa,-21.454,47.086,1127.0
2025-11-29,25.3,16.4,19.3,5.4,16.2,38.9,18.46,Fianarantsoa,-21.454,47.086,1127.0
2025-11-30,28.0,17.4,20.6,12.1,14.9,36.7,21.76,Fianarantsoa,-21.454,47.086,1127.0
2025-12-01,28.8,15.9,21.6,2.1,11.9,31.0,26.86,Fianarantsoa,-21.454,47.086,1127.0
2025-12-02,28.1,17.4,21.0,18.0,12.7,38.5,22.69,Fianarantsoa,-21.454,47.086,1127.0
2025-12-03,28.9,16.7,20.1,17.1,13.7,37.8,21.68,Fianarantsoa,-21.454,47.086,1127.0
2025-12-04,24.6,17.0,19.4,24.2,11.7,29.5,16.9,Fianarantsoa,-21.454,47.086,1127.0
2025-12-05,25.7,16.5,18.8,29.2,15.7,36.4,17.67,Fianarantsoa,-21.454,47.086,1127.0
2025-12-06,25.7,16.3,19.2,13.1,10.2,31.0,18.62,Fianarantsoa,-21.454,47.086,1127.0
2025-12-07,27.0,15.2,19.7,10.9,14.1,34.9,23.68,Fianarantsoa,-21.454,47.086,1127.0
2025-12-08,27.3,16.0,19.3,28.4,12.8,28.8,21.74,Fianarantsoa,-21.454,47.086,1127.0
2025-12-09,26.5,16.6,19.5,24.4,17.6,35.6,21.77,Fianarantsoa,-21.454,47.086,1127.0
2025-12-10,27.3,14.8,20.1,2.4,16.7,38.5,25.83,Fianarantsoa,-21.454,47.086,1127.0
2025-12-11,26.0,14.6,19.1,26.7,17.5,37.8,24.44,Fianarantsoa,-21.454,47.086,1127.0
2025-12-12,23.6,15.7,18.6,3.1,22.1,47.9,22.99,Fianarantsoa,-21.454,47.086,1127.0
2025-12-13,23.6,15.9,18.6,1.3,21.0,45.4,21.69,Fianarantsoa,-21.454,47.086,1127.0
2025-12-14,23.3,14.9,18.5,2.6,21.3,49.3,23.6,Fianarantsoa,-21.454,47.086,1127.0
2025-12-15,23.7,15.3,18.7,3.2,22.2,48.2,24.59,Fianarantsoa,-21.454,47.086,1127.0
2025-12-16,24.1,14.8,18.6,1.3,21.9,48.6,20.94,Fianarantsoa,-21.454,47.086,1127.0
2025-12-17,21.1,16.4,18.3,7.1,17.8,34.9,10.65,Fianarantsoa,-21.454,47.086,1127.0
2025-12-18,23.8,14.9,18.6,2.9,14.0,33.5,15.15,Fianarantsoa,-21.454,47.086,1127.0
2025-12-19,24.1,16.2,19.4,1.9,19.6,41.8,24.57,Fianarantsoa,-21.454,47.086,1127.0
2025-12-20,22.2,15.4,17.7,28.4,15.9,33.5,13.67,Fianarantsoa,-21.454,47.086,1127.0
2025-12-21,24.8,13.2,18.2,7.8,11.5,28.8,22.63,Fianarantsoa,-21.454,47.086,1127.0
2025-12-22,25.2,15.8,19.0,7.5,16.0,32.4,18.97,Fianarantsoa,-21.454,47.086,1127.0
2025-12-23,22.4,16.9,18.5,12.7,17.6,40.3,14.57,Fianarantsoa,-21.454,47.086,1127.0
2025-12-24,21.6,16.9,18.6,7.2,16.2,39.2,15.69,Fianarantsoa,-21.454,47.086,1127.0
2025-12-25,26.1,16.2,19.5,26.5,17.4,36.7,20.88,Fianarantsoa,-21.454,47.086,1127.0
2025-12-26,25.7,17.6,19.1,25.7,14.6,31.3,10.67,Fianarantsoa,-21.454,47.086,1127.0
2025-12-27,22.8,17.3,18.9,38.0,16.3,33.5,7.59,Fianarantsoa,-21.454,47.086,1127.0
2025-12-28,26.7,17.9,21.1,13.2,16.8,37.1,23.32,Fianarantsoa,-21.454,47.086,1127.0
2025-12-29,27.5,17.4,21.3,3.5,17.5,40.0,25.53,Fianarantsoa,-21.454,47.086,1127.0
2025-12-30,25.6,15.9,20.4,0.5,20.0,41.0,25.74,Fianarantsoa,-21.454,47.086,1127.0
2025-12-31,26.8,14.8,18.5,2.2,19.9,40.7,21.13,Fianarantsoa,-21.454,47.086,1127.0
2026-01-01,26.5,16.1,20.1,2.2,15.7,36.0,25.57,Fianarantsoa,-21.454,47.086,1127.0
2026-01-02,26.2,16.5,20.2,14.9,15.3,37.1,25.21,Fianarantsoa,-21.454,47.086,1127.0
2026-01-03,25.2,16.8,19.8,15.1,13.4,41.8,22.29,Fianarantsoa,-21.454,47.086,1127.0
2026-01-04,26.4,17.6,20.1,31.6,8.8,32.8,17.67,Fianarantsoa,-21.454,47.086,1127.0
2026-01-05,27.4,17.5,20.6,12.2,11.9,29.9,18.5,Fianarantsoa,-21.454,47.086,1127.0
2026-01-06,28.5,16.6,20.7,26.9,8.3,27.0,20.66,Fianarantsoa,-21.454,47.086,1127.0
2026-01-07,25.8,17.1,20.6,13.0,16.2,34.9,17.19,Fianarantsoa,-21.454,47.086,1127.0
2026-01-08,27.4,18.3,21.5,8.8,17.3,38.2,23.07,Fianarantsoa,-21.454,47.086,1127.0
2026-01-09,26.8,18.0,21.3,1.5,16.0,37.4,25.96,Fianarantsoa,-21.454,47.086,1127.0
2026-01-10,26.2,16.7,20.4,1.0,17.3,37.4,24.93,Fianarantsoa,-21.454,47.086,1127.0
2026-01-11,24.8,16.1,19.7,2.9,21.2,45.4,22.44,Fianarantsoa,-21.454,47.086,1127.0
2026-01-12,23.8,16.6,19.5,3.2,18.8,41.4,21.43,Fianarantsoa,-21.454,47.086,1127.0
2026-01-13,24.9,16.3,19.2,2.7,18.6,43.9,25.0,Fianarantsoa,-21.454,47.086,1127.0
2026-01-14,23.6,16.1,18.5,5.0,18.7,39.6,21.24,Fianarantsoa,-21.454,47.086,1127.0
2026-01-15,25.7,15.9,19.3,6.6,13.6,30.2,22.29,Fianarantsoa,-21.454,47.086,1127.0
2026-01-16,26.6,16.8,19.8,19.1,18.1,39.2,18.18,Fianarantsoa,-21.454,47.086,1127.0
2026-01-17,22.2,17.7,19.0,22.1,13.7,36.0,12.47,Fianarantsoa,-21.454,47.086,1127.0
2026-01-18,25.3,16.9,19.3,11.2,12.6,37.1,14.81,Fianarantsoa,-21.454,47.086,1127.0
2026-01-19,26.2,17.5,21.0,2.3,14.0,32.4,23.89,Fianarantsoa,-21.454,47.086,1127.0
2026-01-20,28.4,17.2,21.8,0.9,22.7,46.8,31.13,Fianarantsoa,-21.454,47.086,1127.0
2026-01-21,27.3,18.5,21.8,1.3,19.4,44.3,24.7,Fianarantsoa,-21.454,47.086,1127.0
2026-01-22,25.7,18.2,20.8,20.2,9.3,27.0,20.53,Fianarantsoa,-21.454,47.086,1127.0
2026-01-23,27.2,17.7,21.0,16.9,15.1,33.1,20.4,Fianarantsoa,-21.454,47.086,1127.0
2026-01-24,26.6,18.1,21.1,19.3,14.1,31.3,22.43,Fianarantsoa,-21.454,47.086,1127.0
2026-01-25,26.8,18.1,20.8,17.1,13.8,33.5,18.58,Fianarantsoa,-21.454,47.086,1127.0
2026-01-26,26.4,18.3,20.6,5.8,15.5,38.5,18.1,Fianarantsoa,-21.454,47.086,1127.0
2026-01-27,27.5,17.4,21.2,3.2,15.3,32.4,26.1,Fianarantsoa,-21.454,47.086,1127.0
2026-01-28,26.6,17.0,20.8,2.6,15.5,36.0,28.37,Fianarantsoa,-21.454,47.086,1127.0
2026-01-29,27.4,16.1,20.3,2.1,10.0,28.1,26.09,Fianarantsoa,-21.454,47.086,1127.0
2026-01-30,25.8,17.2,20.0,21.0,11.4,31.7,21.57,Fianarantsoa,-21.454,47.086,1127.0
2026-01-31,24.2,17.1,19.3,24.0,16.2,36.7,17.19,Fianarantsoa,-21.454,47.086,1127.0
2026-02-01,23.6,16.0,19.1,28.2,15.1,29.9,16.83,Fianarantsoa,-21.454,47.086,1127.0
2026-02-02,23.1,16.9,19.9,13.5,16.0,34.9,17.91,Fianarantsoa,-21.454,47.086,1127.0
2026-02-03,26.7,16.9,20.2,23.7,9.0,24.8,21.44,Fianarantsoa,-21.454,47.086,1127.0
2026-02-04,26.5,17.3,20.5,2.9,14.8,28.8,23.81,Fianarantsoa,-21.454,47.086,1127.0
2026-02-05,28.3,16.1,20.6,0.5,16.8,40.3,27.99,Fianarantsoa,-21.454,47.086,1127.0
2026-02-06,25.7,16.9,20.1,1.2,16.4,34.9,23.84,Fianarantsoa,-21.454,47.086,1127.0
2026-02-07,25.5,16.6,20.2,1.7,16.8,37.1,21.91,Fianarantsoa,-21.454,47.086,1127.0
2026-02-08,28.7,16.5,20.9,0.2,20.7,45.4,28.56,Fianarantsoa,-21.454,47.086,1127.0
2026-02-09,24.8,15.1,19.0,0.6,15.1,36.4,29.76,Fianarantsoa,-21.454,47.086,1127.0
2026-02-10,23.4,14.2,18.6,1.1,18.8,41.8,16.73,Fianarantsoa,-21.454,47.086,1127.0
2026-02-11,23.7,17.6,19.8,3.9,30.0,65.5,21.48,Fianarantsoa,-21.454,47.086,1127.0
2026-02-12,25.9,15.9,19.9,1.3,18.8,42.1,25.98,Fianarantsoa,-21.454,47.086,1127.0
2026-02-13,25.8,17.5,20.6,2.1,17.7,40.0,24.45,Fianarantsoa,-21.454,47.086,1127.0
2026-02-14,27.4,15.0,20.7,0.8,16.3,34.9,27.3,Fianarantsoa,-21.454,47.086,1127.0
2026-02-15,26.7,15.9,20.8,1.7,12.5,28.8,27.94,Fianarantsoa,-21.454,47.086,1127.0
2026-02-16,26.5,16.7,20.6,7.7,11.9,27.7,20.91,Fianarantsoa,-21.454,47.086,1127.0
2026-02-17,26.3,17.2,20.5,22.5,10.5,26.6,20.6,Fianarantsoa,-21.454,47.086,1127.0
2026-02-18,27.9,17.3,21.3,1.3,11.9,30.2,24.93,Fianarantsoa,-21.454,47.086,1127.0
2026-02-19,27.0,17.2,21.3,1.2,13.7,28.4,26.63,Fianarantsoa,-21.454,47.086,1127.0
2026-02-20,27.4,17.4,21.3,0.5,13.3,32.0,27.17,Fianarantsoa,-21.454,47.086,1127.0
2026-02-21,26.7,17.5,20.3,8.6,11.3,29.5,23.25,Fianarantsoa,-21.454,47.086,1127.0
2026-02-22,26.3,16.5,19.6,19.5,11.9,33.8,23.5,Fianarantsoa,-21.454,47.086,1127.0
2026-02-23,26.4,16.9,19.8,7.9,11.9,28.1,23.16,Fianarantsoa,-21.454,47.086,1127.0
2026-02-24,26.2,17.1,20.2,13.8,10.8,27.7,20.92,Fianarantsoa,-21.454,47.086,1127.0
2026-02-25,26.3,17.7,20.5,11.1,13.5,30.2,20.22,Fianarantsoa,-21.454,47.086,1127.0
2026-02-26,25.7,18.4,20.5,4.0,14.1,33.8,19.13,Fianarantsoa,-21.454,47.086,1127.0
2026-02-27,26.3,17.9,20.6,5.2,13.7,31.7,19.89,Fianarantsoa,-21.454,47.086,1127.0
2026-02-28,27.1,17.6,21.3,1.3,15.5,32.0,26.06,Fianarantsoa,-21.454,47.086,1127.0
2026-03-01,26.0,16.5,20.7,0.4,14.3,33.1,26.29,Fianarantsoa,-21.454,47.086,1127.0
2026-03-02,26.3,16.9,20.7,0.5,15.7,37.4,26.75,Fianarantsoa,-21.454,47.086,1127.0
2026-03-03,26.6,17.2,21.0,0.6,15.6,36.7,24.94,Fianarantsoa,-21.454,47.086,1127.0
2026-03-04,26.5,17.1,21.0,0.3,16.9,36.7,26.74,Fianarantsoa,-21.454,47.086,1127.0
2026-03-05,26.3,16.1,20.3,0.6,16.6,37.1,25.35,Fianarantsoa,-21.454,47.086,1127.0
2026-03-06,25.2,16.0,19.9,1.0,16.3,38.2,22.9,Fianarantsoa,-21.454,47.086,1127.0
2026-03-07,24.9,15.9,19.8,0.8,16.9,38.2,24.09,Fianarantsoa,-21.454,47.086,1127.0
2026-03-08,24.3,15.8,18.8,6.2,17.7,40.3,19.19,Fianarantsoa,-21.454,47.086,1127.0
2026-03-09,23.9,16.2,19.3,2.4,21.0,47.2,21.32,Fianarantsoa,-21.454,47.086,1127.0
2026-03-10,23.8,16.6,19.2,1.8,20.9,46.1,22.93,Fianarantsoa,-21.454,47.086,1127.0
2026-03-11,23.0,15.2,18.7,2.7,20.6,45.4,20.25,Fianarantsoa,-21.454,47.086,1127.0
2026-03-12,23.9,16.3,18.7,2.8,23.1,49.7,22.62,Fianarantsoa,-21.454,47.086,1127.0
2026-03-13,23.1,16.4,18.7,3.6,20.3,45.4,22.51,Fianarantsoa,-21.454,47.086,1127.0
2026-03-14,23.2,15.4,18.6,2.4,18.3,41.0,20.22,Fianarantsoa,-21.454,47.086,1127.0
2026-03-15,24.6,13.5,18.6,0.2,13.2,32.8,25.56,Fianarantsoa,-21.454,47.086,1127.0
2026-03-16,26.1,15.0,19.4,0.3,15.6,32.8,25.78,Fianarantsoa,-21.454,47.086,1127.0
2026-03-17,24.9,15.5,19.8,0.5,15.6,35.3,24.58,Fianarantsoa,-21.454,47.086,1127.0
2026-03-18,24.5,16.8,19.8,2.2,15.9,37.8,20.37,Fianarantsoa,-21.454,47.086,1127.0
2026-03-19,26.1,16.5,20.5,1.4,15.1,31.0,22.46,Fianarantsoa,-21.454,47.086,1127.0
2026-03-20,25.9,17.1,20.7,0.3,13.8,31.3,23.07,Fianarantsoa,-21.454,47.086,1127.0
2026-03-21,26.4,15.9,19.9,3.0,16.0,42.8,22.55,Fianarantsoa,-21.454,47.086,1127.0
2026-03-22,25.6,16.2,20.1,0.6,18.6,42.5,21.93,Fianarantsoa,-21.454,47.086,1127.0
2026-03-23,24.9,16.4,19.9,0.1,16.6,36.7,23.98,Fianarantsoa,-21.454,47.086,1127.0
2026-03-24,26.0,15.5,20.0,0.1,12.6,31.3,24.0,Fianarantsoa,-21.454,47.086,1127.0
2026-03-25,25.9,16.7,20.5,0.3,14.7,34.2,22.42,Fianarantsoa,-21.454,47.086,1127.0
2026-03-26,26.7,16.9,20.8,1.4,14.2,30.6,22.67,Fianarantsoa,-21.454,47.086,1127.0
2026-03-27,27.0,17.2,20.4,1.6,14.3,34.6,21.02,Fianarantsoa,-21.454,47.086,1127.0
2026-03-28,24.3,16.5,19.4,1.8,14.7,32.8,19.75,Fianarantsoa,-21.454,47.086,1127.0
2026-03-29,25.3,15.9,20.1,0.5,12.4,23.8,21.29,Fianarantsoa,-21.454,47.086,1127.0
2026-03-30,26.2,17.6,20.5,0.7,13.9,29.9,21.44,Fianarantsoa,-21.454,47.086,1127.0
2026-03-31,26.1,17.3,20.2,1.7,10.6,30.2,22.03,Fianarantsoa,-21.454,47.086,1127.0
2026-04-01,26.2,15.7,18.8,8.3,11.5,27.0,19.3,Fianarantsoa,-21.454,47.086,1127.0
2026-04-02,24.5,15.7,18.6,2.8,14.3,28.1,18.54,Fianarantsoa,-21.454,47.086,1127.0
2026-04-03,20.5,14.5,16.8,1.1,16.3,33.5,11.88,Fianarantsoa,-21.454,47.086,1127.0
2026-04-04,22.9,11.6,17.0,0.3,18.7,38.5,20.74,Fianarantsoa,-21.454,47.086,1127.0
2026-04-05,25.2,13.9,18.1,0.0,17.5,34.9,22.3,Fianarantsoa,-21.454,47.086,1127.0
2026-04-06,25.4,16.1,19.6,0.3,14.7,29.2,18.56,Fianarantsoa,-21.454,47.086,1127.0
2026-04-07,25.9,16.4,19.8,0.5,13.3,29.5,17.75,Fianarantsoa,-21.454,47.086,1127.0
2026-04-08,23.4,16.5,18.9,0.7,17.7,39.6,18.57,Fianarantsoa,-21.454,47.086,1127.0
2026-04-09,23.1,15.7,18.3,1.3,20.2,44.3,17.12,Fianarantsoa,-21.454,47.086,1127.0
2026-04-10,21.6,16.3,17.7,3.5,20.6,43.9,15.16,Fianarantsoa,-21.454,47.086,1127.0
2026-04-11,22.4,15.7,18.3,1.8,14.0,33.1,16.82,Fianarantsoa,-21.454,47.086,1127.0
2026-04-12,26.7,14.3,18.6,1.0,19.0,38.9,21.07,Fianarantsoa,-21.454,47.086,1127.0
2026-04-13,27.0,14.3,19.4,0.0,17.6,37.4,21.63,Fianarantsoa,-21.454,47.086,1127.0
2026-04-14,26.7,15.6,19.9,0.0,14.8,36.0,21.27,Fianarantsoa,-21.454,47.086,1127.0
2026-04-15,24.5,16.1,19.4,1.5,13.1,32.0,19.02,Fianarantsoa,-21.454,47.086,1127.0
2026-04-16,24.8,15.3,19.4,1.3,9.8,24.5,19.59,Fianarantsoa,-21.454,47.086,1127.0
2026-04-17,26.1,15.5,19.7,0.3,16.0,34.9,20.94,Fianarantsoa,-21.454,47.086,1127.0
2026-04-18,26.4,15.0,19.5,0.5,13.4,28.4,18.82,Fianarantsoa,-21.454,47.086,1127.0
2026-04-19,25.2,16.3,19.9,0.2,16.0,36.4,21.47,Fianarantsoa,-21.454,47.086,1127.0
2026-04-20,25.5,14.8,19.5,0.2,14.1,31.3,20.93,Fianarantsoa,-21.454,47.086,1127.0
2026-04-21,23.3,14.7,18.3,0.1,17.5,40.0,21.72,Fianarantsoa,-21.454,47.086,1127.0
2026-04-22,24.3,13.9,18.3,0.3,15.7,35.6,13.99,Fianarantsoa,-21.454,47.086,1127.0
2026-04-23,24.7,16.3,19.3,0.0,15.6,34.2,17.72,Fianarantsoa,-21.454,47.086,1127.0
2026-04-24,23.1,15.3,18.6,2.2,18.8,41.0,16.58,Fianarantsoa,-21.454,47.086,1127.0
2026-04-25,23.8,15.1,18.5,0.1,14.6,33.5,20.46,Fianarantsoa,-21.454,47.086,1127.0
2026-04-26,25.4,13.6,18.5,0.1,12.3,27.0,20.62,Fianarantsoa,-21.454,47.086,1127.0
2026-04-27,26.6,14.7,19.6,0.0,11.1,23.0,20.17,Fianarantsoa,-21.454,47.086,1127.0
2026-04-28,26.5,15.9,19.6,0.2,15.5,31.0,19.27,Fianarantsoa,-21.454,47.086,1127.0
2026-04-29,27.0,15.4,19.8,0.1,14.9,36.7,19.46,Fianarantsoa,-21.454,47.086,1127.0
2026-04-30,20.2,15.8,17.4,2.6,19.2,40.3,8.02,Fianarantsoa,-21.454,47.086,1127.0
2026-05-01,23.8,16.0,18.6,0.8,14.5,33.8,14.0,Fianarantsoa,-21.454,47.086,1127.0
2026-05-02,27.3,15.4,20.0,0.0,8.8,16.2,20.18,Fianarantsoa,-21.454,47.086,1127.0
2026-05-03,24.9,15.9,19.3,0.0,11.1,25.2,18.95,Fianarantsoa,-21.454,47.086,1127.0
2026-05-04,24.2,16.7,19.1,0.1,14.6,31.7,16.41,Fianarantsoa,-21.454,47.086,1127.0
2026-05-05,24.8,15.7,19.1,0.2,12.1,27.7,15.85,Fianarantsoa,-21.454,47.086,1127.0
2026-05-06,25.4,15.1,19.0,0.0,10.5,22.0,18.96,Fianarantsoa,-21.454,47.086,1127.0
2026-05-07,23.0,13.3,17.3,0.0,16.9,38.5,19.79,Fianarantsoa,-21.454,47.086,1127.0
2026-05-08,25.4,13.9,18.1,0.0,17.0,37.4,17.79,Fianarantsoa,-21.454,47.086,1127.0
2026-05-09,22.9,13.0,17.0,0.0,13.6,32.4,19.45,Fianarantsoa,-21.454,47.086,1127.0
2026-05-10,23.5,12.3,17.2,0.1,14.1,31.3,19.25,Fianarantsoa,-21.454,47.086,1127.0
2026-05-11,25.6,14.0,18.8,0.0,13.8,32.0,16.92,Fianarantsoa,-21.454,47.086,1127.0
2026-05-12,24.3,15.5,18.9,0.0,12.6,30.6,18.43,Fianarantsoa,-21.454,47.086,1127.0
2026-05-13,23.3,12.7,17.4,0.0,13.7,32.4,19.32,Fianarantsoa,-21.454,47.086,1127.0
2026-05-14,23.4,12.2,16.9,0.0,15.9,36.0,18.36,Fianarantsoa,-21.454,47.086,1127.0
2026-05-15,21.8,13.1,16.5,0.0,15.7,36.0,16.64,Fianarantsoa,-21.454,47.086,1127.0
2026-05-16,22.8,13.3,17.1,0.0,13.7,32.4,16.02,Fianarantsoa,-21.454,47.086,1127.0
2026-05-17,22.8,14.2,17.4,0.2,15.1,32.8,15.74,Fianarantsoa,-21.454,47.086,1127.0
2026-05-18,21.1,14.1,16.7,2.1,12.8,29.2,14.79,Fianarantsoa,-21.454,47.086,1127.0
2026-05-19,22.1,12.6,16.4,0.2,11.9,27.4,14.73,Fianarantsoa,-21.454,47.086,1127.0
2026-05-20,23.0,13.5,17.0,0.3,15.3,34.9,15.61,Fianarantsoa,-21.454,47.086,1127.0
2026-05-21,21.7,13.9,16.5,0.8,16.6,36.7,15.22,Fianarantsoa,-21.454,47.086,1127.0
2026-05-22,21.1,9.5,15.0,0.2,15.7,32.8,15.11,Fianarantsoa,-21.454,47.086,1127.0
2026-05-23,20.7,12.2,15.7,0.4,14.1,31.7,13.59,Fianarantsoa,-21.454,47.086,1127.0
2026-05-24,20.7,13.0,16.0,0.0,13.8,31.7,9.38,Fianarantsoa,-21.454,47.086,1127.0
2026-05-25,24.1,13.4,17.5,0.0,13.9,27.7,15.84,Fianarantsoa,-21.454,47.086,1127.0
2026-05-26,23.6,13.8,17.1,0.6,17.5,35.3,15.59,Fianarantsoa,-21.454,47.086,1127.0
2026-05-27,22.0,14.4,17.0,1.0,9.9,28.4,13.66,Fianarantsoa,-21.454,47.086,1127.0
2026-05-28,23.6,14.2,17.3,0.4,16.0,33.1,15.33,Fianarantsoa,-21.454,47.086,1127.0
2026-05-29,23.0,14.2,17.3,0.0,14.8,31.3,15.56,Fianarantsoa,-21.454,47.086,1127.0
2026-05-30,24.0,12.5,17.3,0.0,14.1,29.9,15.79,Fianarantsoa,-21.454,47.086,1127.0
2026-05-31,23.9,13.7,17.5,0.5,13.3,33.1,15.75,Fianarantsoa,-21.454,47.086,1127.0
2026-06-01,21.9,14.4,17.0,0.7,12.3,28.1,15.08,Fianarantsoa,-21.454,47.086,1127.0
2026-06-02,22.4,13.0,16.9,0.4,5.9,18.7,14.63,Fianarantsoa,-21.454,47.086,1127.0
2026-06-03,23.2,12.0,16.6,0.0,12.7,29.9,16.17,Fianarantsoa,-21.454,47.086,1127.0
2026-06-04,23.0,10.1,15.9,0.0,15.2,31.0,15.5,Fianarantsoa,-21.454,47.086,1127.0
2026-06-05,21.8,14.5,16.9,1.1,15.5,32.0,14.46,Fianarantsoa,-21.454,47.086,1127.0
2026-06-06,21.5,13.7,16.6,1.0,14.8,31.3,14.79,Fianarantsoa,-21.454,47.086,1127.0
2026-06-07,20.2,14.0,15.9,6.2,14.2,29.9,11.31,Fianarantsoa,-21.454,47.086,1127.0
2026-06-08,19.5,11.7,14.4,17.5,10.9,23.0,12.33,Fianarantsoa,-21.454,47.086,1127.0
2026-06-09,18.0,10.7,13.9,0.1,22.4,47.5,11.7,Fianarantsoa,-21.454,47.086,1127.0
2026-06-10,20.9,10.1,14.6,0.0,13.6,30.2,16.92,Fianarantsoa,-21.454,47.086,1127.0
2026-06-11,20.5,7.8,13.2,0.0,15.2,34.9,17.16,Fianarantsoa,-21.454,47.086,1127.0
2026-06-12,21.1,6.3,13.3,0.0,7.4,19.1,16.98,Fianarantsoa,-21.454,47.086,1127.0
2026-06-13,22.2,12.2,15.9,0.0,11.9,21.6,15.84,Fianarantsoa,-21.454,47.086,1127.0
2026-06-14,22.0,12.8,15.9,0.3,14.9,31.3,14.97,Fianarantsoa,-21.454,47.086,1127.0
2026-06-15,21.3,13.9,16.3,0.5,13.9,28.8,12.04,Fianarantsoa,-21.454,47.086,1127.0
2026-06-16,21.0,12.2,15.5,0.0,12.6,29.5,16.19,Fianarantsoa,-21.454,47.086,1127.0
2026-06-17,21.0,11.0,15.2,0.1,9.7,25.2,16.48,Fianarantsoa,-21.454,47.086,1127.0
2026-06-18,21.1,10.4,14.4,0.0,14.0,26.6,15.94,Fianarantsoa,-21.454,47.086,1127.0
2026-06-19,21.1,10.0,14.5,0.0,11.8,29.2,17.22,Fianarantsoa,-21.454,47.086,1127.0
2026-06-20,21.4,7.7,13.5,0.3,16.8,36.0,15.54,Fianarantsoa,-21.454,47.086,1127.0
2026-06-21,14.7,7.7,10.5,0.4,21.9,47.5,11.56,Fianarantsoa,-21.454,47.086,1127.0
2026-06-22,16.7,8.5,12.2,0.5,16.8,37.1,10.97,Fianarantsoa,-21.454,47.086,1127.0
2026-06-23,19.3,10.3,13.8,0.1,15.6,36.0,14.55,Fianarantsoa,-21.454,47.086,1127.0
2026-06-24,19.7,11.4,14.4,0.1,12.7,26.6,12.38,Fianarantsoa,-21.454,47.086,1127.0
2026-06-25,18.3,11.2,14.1,1.8,13.7,33.1,13.62,Fianarantsoa,-21.454,47.086,1127.0
2026-06-26,18.6,11.5,14.4,1.5,16.5,36.0,10.18,Fianarantsoa,-21.454,47.086,1127.0
2026-06-27,19.4,12.1,14.6,0.8,16.3,36.4,13.6,Fianarantsoa,-21.454,47.086,1127.0
2026-06-28,18.9,12.0,14.3,0.1,14.5,33.5,13.87,Fianarantsoa,-21.454,47.086,1127.0
2026-06-29,18.3,11.0,13.8,1.8,13.6,32.4,13.41,Fianarantsoa,-21.454,47.086,1127.0
2026-06-30,19.2,11.2,14.3,0.1,12.0,29.5,13.25,Fianarantsoa,-21.454,47.086,1127.0
2026-07-01,20.1,11.0,14.2,0.0,12.3,29.5,15.3,Fianarantsoa,-21.454,47.086,1127.0
2026-07-02,19.9,8.5,13.0,0.0,10.7,25.9,17.18,Fianarantsoa,-21.454,47.086,1127.0
2026-07-03,20.9,7.3,12.2,0.0,11.7,24.5,16.25,Fianarantsoa,-21.454,47.086,1127.0
2026-07-04,22.0,7.1,13.3,0.0,12.6,23.4,16.69,Fianarantsoa,-21.454,47.086,1127.0
2026-07-05,21.9,9.0,14.4,0.1,15.4,32.8,15.38,Fianarantsoa,-21.454,47.086,1127.0
2026-07-06,16.5,11.5,13.9,1.8,17.2,37.1,7.48,Fianarantsoa,-21.454,47.086,1127.0
2026-07-07,16.6,10.0,12.5,1.8,21.3,46.1,10.02,Fianarantsoa,-21.454,47.086,1127.0
2026-07-08,16.8,11.1,13.3,3.8,18.7,41.0,11.6,Fianarantsoa,-21.454,47.086,1127.0
2026-07-09,21.4,9.5,14.2,0.0,11.1,26.6,16.21,Fianarantsoa,-21.454,47.086,1127.0
2026-07-10,21.1,10.3,14.6,0.0,13.9,29.9,14.94,Fianarantsoa,-21.454,47.086,1127.0
2026-07-11,22.0,11.1,15.2,0.0,12.0,29.9,14.39,Fianarantsoa,-21.454,47.086,1127.0
2026-07-12,21.8,11.8,15.4,0.1,14.3,30.2,15.98,Fianarantsoa,-21.454,47.086,1127.0
2026-07-13,21.1,11.6,14.9,0.1,16.1,33.5,15.77,Fianarantsoa,-21.454,47.086,1127.0
2026-07-14,21.8,11.6,15.3,0.1,14.4,30.2,15.67,Fianarantsoa,-21.454,47.086,1127.0
2026-07-15,22.6,11.9,15.7,0.0,11.9,30.2,15.44,Fianarantsoa,-21.454,47.086,1127.0
2026-07-16,20.9,9.0,13.9,0.0,15.5,36.0,17.83,Fianarantsoa,-21.454,47.086,1127.0
2026-07-17,21.3,8.0,13.6,0.0,12.5,23.0,18.09,Fianarantsoa,-21.454,47.086,1127.0
2026-07-18,22.0,11.4,15.3,0.0,12.3,24.8,17.04,Fianarantsoa,-21.454,47.086,1127.0
2026-07-19,22.6,10.7,15.3,0.0,9.5,20.9,17.85,Fianarantsoa,-21.454,47.086,1127.0
2026-07-20,23.2,8.0,15.0,0.0,8.2,17.6,18.34,Fianarantsoa,-21.454,47.086,1127.0
2026-07-21,22.9,9.1,15.3,0.0,11.9,29.5,17.92,Fianarantsoa,-21.454,47.086,1127.0
2026-07-22,20.7,12.1,15.2,1.1,14.8,33.1,14.68,Fianarantsoa,-21.454,47.086,1127.0
2026-07-23,19.9,12.0,14.9,0.7,14.9,30.6,16.46,Fianarantsoa,-21.454,47.086,1127.0
2026-07-24,22.8,11.8,16.0,0.3,13.1,28.4,18.44,Fianarantsoa,-21.454,47.086,1127.0
2026-07-25,20.4,9.9,14.6,0.0,22.8,49.3,18.64,Fianarantsoa,-21.454,47.086,1127.0
2026-07-26,20.2,6.4,12.8,0.0,14.5,29.2,18.93,Fianarantsoa,-21.454,47.086,1127.0
2026-07-27,20.1,9.9,14.4,0.2,14.9,32.4,16.93,Fianarantsoa,-21.454,47.086,1127.0
2026-07-28,21.7,11.4,15.5,0.0,16.4,36.7,17.04,Fianarantsoa,-21.454,47.086,1127.0
2026-07-29,21.2,11.7,15.4,0.0,13.9,32.8,15.33,Fianarantsoa,-21.454,47.086,1127.0
2026-07-30,21.8,12.4,15.8,0.0,14.3,29.2,15.71,Fianarantsoa,-21.454,47.086,1127.0
2026-07-31,22.2,11.1,16.0,0.0,12.7,29.9,15.83,Fianarantsoa,-21.454,47.086,1127.0
2026-08-01,21.4,9.5,14.7,0.0,15.7,36.7,19.45,Fianarantsoa,-21.454,47.086,1127.0
2026-08-02,21.8,8.0,14.7,0.6,14.1,30.2,17.11,Fianarantsoa,-21.454,47.086,1127.0
2026-08-03,23.7,13.7,17.1,0.1,17.7,36.7,17.11,Fianarantsoa,-21.454,47.086,1127.0
2026-08-04,22.9,13.6,17.1,0.2,15.2,32.4,17.59,Fianarantsoa,-21.454,47.086,1127.0
2026-08-05,22.4,12.7,16.3,1.7,17.1,36.7,17.3,Fianarantsoa,-21.454,47.086,1127.0
2026-08-06,21.9,12.8,16.7,1.5,13.5,31.7,15.64,Fianarantsoa,-21.454,47.086,1127.0
2026-08-07,21.9,14.2,16.7,0.7,17.2,39.2,15.39,Fianarantsoa,-21.454,47.086,1127.0
2026-08-08,21.8,12.5,16.1,0.4,16.7,38.5,19.41,Fianarantsoa,-21.454,47.086,1127.0
2026-08-09,20.1,12.6,15.6,2.9,15.6,35.3,15.78,Fianarantsoa,-21.454,47.086,1127.0
2026-08-10,22.2,12.5,16.4,0.1,14.6,34.9,19.26,Fianarantsoa,-21.454,47.086,1127.0
2026-08-11,23.3,11.8,16.7,0.0,13.7,28.4,20.17,Fianarantsoa,-21.454,47.086,1127.0
2026-08-12,23.6,12.4,16.6,2.3,14.6,34.2,18.22,Fianarantsoa,-21.454,47.086,1127.0
2026-08-13,24.0,14.0,17.3,1.1,12.5,25.6,17.63,Fianarantsoa,-21.454,47.086,1127.0
2026-08-14,24.5,13.4,17.3,0.1,17.0,38.2,18.07,Fianarantsoa,-21.454,47.086,1127.0
2026-08-15,21.3,13.5,16.0,13.6,11.2,32.4,13.4,Fianarantsoa,-21.454,47.086,1127.0
2026-08-16,22.3,12.8,15.2,12.9,13.2,33.1,17.09,Fianarantsoa,-21.454,47.086,1127.0
2026-08-17,16.6,13.2,14.4,5.1,9.2,19.1,5.22,Fianarantsoa,-21.454,47.086,1127.0
2026-08-18,20.5,12.8,15.6,7.2,13.9,29.5,14.84,Fianarantsoa,-21.454,47.086,1127.0
2026-08-19,21.9,13.4,16.4,2.9,15.0,35.3,18.1,Fianarantsoa,-21.454,47.086,1127.0
2026-08-20,23.6,13.0,16.9,0.2,13.2,31.3,20.44,Fianarantsoa,-21.454,47.086,1127.0
2026-08-21,25.9,12.7,17.5,0.1,18.9,39.6,20.01,Fianarantsoa,-21.454,47.086,1127.0
2026-08-22,25.1,12.8,17.6,0.0,15.5,33.1,21.01,Fianarantsoa,-21.454,47.086,1127.0
2026-08-23,26.5,12.4,17.9,0.0,15.5,34.2,21.77,Fianarantsoa,-21.454,47.086,1127.0
2026-08-24,26.4,11.3,17.8,0.0,17.8,39.2,22.26,Fianarantsoa,-21.454,47.086,1127.0
2026-08-25,25.0,13.1,17.4,0.3,19.4,41.8,20.74,Fianarantsoa,-21.454,47.086,1127.0
2026-08-26,25.5,11.5,17.5,0.0,15.2,30.6,21.23,Fianarantsoa,-21.454,47.086,1127.0
2026-08-27,22.6,12.3,16.2,0.2,19.5,41.0,19.85,Fianarantsoa,-21.454,47.086,1127.0
2026-08-28,15.4,10.7,12.8,1.7,23.5,53.6,10.64,Fianarantsoa,-21.454,47.086,1127.0
2026-08-29,16.8,9.6,12.2,2.5,25.8,56.2,15.85,Fianarantsoa,-21.454,47.086,1127.0
2026-08-30,19.3,10.6,14.0,1.2,20.6,47.2,17.04,Fianarantsoa,-21.454,47.086,1127.0
2026-08-31,22.0,10.7,15.7,0.2,17.6,38.5,20.98,Fianarantsoa,-21.454,47.086,1127.0
2026-09-01,22.1,11.3,15.8,0.0,16.6,35.6,21.29,Fianarantsoa,-21.454,47.086,1127.0
2026-09-02,21.0,10.9,15.4,0.1,17.3,40.0,23.18,Fianarantsoa,-21.454,47.086,1127.0
2026-09-03,21.5,10.7,15.6,0.2,18.6,42.8,21.06,Fianarantsoa,-21.454,47.086,1127.0
2026-09-04,23.6,11.2,16.8,0.1,15.9,36.4,19.0,Fianarantsoa,-21.454,47.086,1127.0
2026-09-05,22.9,13.3,16.8,0.0,15.3,36.0,21.93,Fianarantsoa,-21.454,47.086,1127.0
2026-09-06,24.8,11.4,16.8,0.0,16.2,32.4,23.23,Fianarantsoa,-21.454,47.086,1127.0
2026-09-07,22.0,13.2,16.3,0.6,20.5,45.7,17.52,Fianarantsoa,-21.454,47.086,1127.0
2026-09-08,15.7,12.2,13.5,3.3,25.9,56.2,9.41,Fianarantsoa,-21.454,47.086,1127.0
2026-09-09,18.6,11.4,13.6,1.7,23.0,51.1,14.91,Fianarantsoa,-21.454,47.086,1127.0
2026-09-10,18.5,12.2,14.1,6.9,22.7,50.4,15.73,Fianarantsoa,-21.454,47.086,1127.0
2026-09-11,21.6,11.3,15.7,0.8,17.1,37.1,18.31,Fianarantsoa,-21.454,47.086,1127.0
2026-09-12,23.9,12.0,17.0,1.4,18.8,39.2,22.63,Fianarantsoa,-21.454,47.086,1127.0
2026-09-13,23.5,11.6,16.4,0.0,14.2,32.0,23.67,Fianarantsoa,-21.454,47.086,1127.0
2026-09-14,20.5,12.3,15.4,0.2,22.8,51.1,22.3,Fianarantsoa,-21.454,47.086,1127.0
2026-09-15,17.8,11.8,14.2,8.8,24.4,52.6,14.75,Fianarantsoa,-21.454,47.086,1127.0
2026-09-16,19.0,11.4,14.2,1.7,23.3,52.2,19.58,Fianarantsoa,-21.454,47.086,1127.0
2026-09-17,20.9,10.6,14.5,0.0,17.3,39.2,24.75,Fianarantsoa,-21.454,47.086,1127.0
2026-09-18,23.1,9.4,15.9,0.0,16.5,37.4,25.84,Fianarantsoa,-21.454,47.086,1127.0
2026-09-19,23.7,12.7,17.1,0.8,19.3,43.2,23.95,Fianarantsoa,-21.454,47.086,1127.0
2026-09-20,20.6,12.9,15.7,0.7,19.4,43.6,17.47,Fianarantsoa,-21.454,47.086,1127.0
2026-09-21,24.0,11.9,16.7,0.8,17.1,36.0,23.34,Fianarantsoa,-21.454,47.086,1127.0
