date,tmax,tmin,tmoy,pluie,vent,raf,ray,ville,lat,lon,alt
2012-01-01,30.1,24.6,27.0,13.2,15.0,29.9,16.83,Mahajanga,-15.717,46.317,13.0
2012-01-02,30.6,25.1,27.3,7.4,18.2,30.6,19.87,Mahajanga,-15.717,46.317,13.0
2012-01-03,29.7,24.6,26.9,16.3,15.4,32.0,17.8,Mahajanga,-15.717,46.317,13.0
2012-01-04,27.5,24.7,25.7,24.4,11.6,25.6,8.22,Mahajanga,-15.717,46.317,13.0
2012-01-05,26.9,24.4,25.2,49.7,12.7,23.4,5.55,Mahajanga,-15.717,46.317,13.0
2012-01-06,27.7,24.2,25.6,11.8,13.1,28.1,12.38,Mahajanga,-15.717,46.317,13.0
2012-01-07,29.0,23.8,25.8,18.4,15.2,39.2,14.56,Mahajanga,-15.717,46.317,13.0
2012-01-08,28.8,24.5,26.9,9.8,21.1,40.7,13.26,Mahajanga,-15.717,46.317,13.0
2012-01-09,25.3,24.4,24.8,123.1,24.1,46.4,2.01,Mahajanga,-15.717,46.317,13.0
2012-01-10,28.4,24.6,26.0,12.7,22.7,45.0,19.46,Mahajanga,-15.717,46.317,13.0
2012-01-11,27.6,24.3,25.6,18.4,14.8,33.5,17.72,Mahajanga,-15.717,46.317,13.0
2012-01-12,27.2,24.1,25.3,17.6,15.3,31.0,10.56,Mahajanga,-15.717,46.317,13.0
2012-01-13,28.9,24.1,25.4,13.4,19.0,37.8,14.94,Mahajanga,-15.717,46.317,13.0
2012-01-14,26.1,24.0,24.8,21.7,11.7,28.1,6.6,Mahajanga,-15.717,46.317,13.0
2012-01-15,30.0,23.2,26.1,13.3,12.7,26.3,22.48,Mahajanga,-15.717,46.317,13.0
2012-01-16,28.9,23.2,25.0,22.2,15.3,28.8,13.52,Mahajanga,-15.717,46.317,13.0
2012-01-17,30.3,23.8,26.7,1.9,14.5,31.0,23.77,Mahajanga,-15.717,46.317,13.0
2012-01-18,26.0,23.4,24.5,24.3,12.4,25.2,7.99,Mahajanga,-15.717,46.317,13.0
2012-01-19,25.4,23.6,24.3,20.0,14.1,25.6,5.91,Mahajanga,-15.717,46.317,13.0
2012-01-20,24.5,23.6,24.1,89.9,13.3,24.8,2.28,Mahajanga,-15.717,46.317,13.0
2012-01-21,27.6,23.4,25.2,9.2,15.8,41.8,14.96,Mahajanga,-15.717,46.317,13.0
2012-01-22,29.0,24.1,26.7,6.1,17.3,41.4,18.42,Mahajanga,-15.717,46.317,13.0
2012-01-23,29.5,25.9,27.4,2.7,25.2,49.0,21.58,Mahajanga,-15.717,46.317,13.0
2012-01-24,29.8,25.1,27.3,1.7,15.7,32.8,23.18,Mahajanga,-15.717,46.317,13.0
2012-01-25,30.2,24.6,27.3,0.2,13.5,28.8,23.86,Mahajanga,-15.717,46.317,13.0
2012-01-26,30.1,23.1,26.9,0.8,13.7,27.4,22.94,Mahajanga,-15.717,46.317,13.0
2012-01-27,31.1,25.3,27.4,11.4,11.3,29.9,21.78,Mahajanga,-15.717,46.317,13.0
2012-01-28,30.3,24.7,26.3,73.3,14.1,31.7,15.81,Mahajanga,-15.717,46.317,13.0
2012-01-29,28.2,24.3,25.6,27.8,20.5,40.7,11.4,Mahajanga,-15.717,46.317,13.0
2012-01-30,28.5,24.5,25.8,12.4,21.1,42.5,15.58,Mahajanga,-15.717,46.317,13.0
2012-01-31,29.4,24.1,26.3,0.6,13.8,24.8,21.15,Mahajanga,-15.717,46.317,13.0
2012-02-01,29.6,23.2,26.5,0.1,14.1,28.4,23.95,Mahajanga,-15.717,46.317,13.0
2012-02-02,30.5,24.8,27.1,12.9,15.0,30.2,22.29,Mahajanga,-15.717,46.317,13.0
2012-02-03,30.0,24.0,26.9,5.6,9.4,22.7,21.57,Mahajanga,-15.717,46.317,13.0
2012-02-04,30.7,24.2,27.0,1.5,11.2,25.6,23.86,Mahajanga,-15.717,46.317,13.0
2012-02-05,30.2,23.9,26.7,8.4,12.1,26.6,22.41,Mahajanga,-15.717,46.317,13.0
2012-02-06,30.0,24.2,26.5,2.3,12.6,26.6,23.56,Mahajanga,-15.717,46.317,13.0
2012-02-07,29.2,23.7,26.3,6.0,16.0,29.5,19.12,Mahajanga,-15.717,46.317,13.0
2012-02-08,28.7,24.2,26.0,3.6,16.5,30.2,20.12,Mahajanga,-15.717,46.317,13.0
2012-02-09,29.7,23.7,26.0,9.1,14.7,27.0,20.12,Mahajanga,-15.717,46.317,13.0
2012-02-10,30.0,23.8,26.7,0.5,13.9,26.6,24.84,Mahajanga,-15.717,46.317,13.0
2012-02-11,29.9,24.2,27.1,0.9,14.7,31.3,24.07,Mahajanga,-15.717,46.317,13.0
2012-02-12,30.3,25.0,27.3,1.5,15.6,31.3,22.75,Mahajanga,-15.717,46.317,13.0
2012-02-13,29.0,25.6,26.9,13.7,17.6,38.5,17.93,Mahajanga,-15.717,46.317,13.0
2012-02-14,26.7,24.7,25.7,12.4,20.4,39.2,6.71,Mahajanga,-15.717,46.317,13.0
2012-02-15,28.7,24.4,25.9,12.5,14.9,33.8,19.67,Mahajanga,-15.717,46.317,13.0
2012-02-16,30.3,24.1,26.7,3.9,13.4,26.6,24.19,Mahajanga,-15.717,46.317,13.0
2012-02-17,31.3,24.5,27.3,4.4,12.6,27.4,23.09,Mahajanga,-15.717,46.317,13.0
2012-02-18,30.7,24.8,27.3,3.5,11.8,25.2,22.68,Mahajanga,-15.717,46.317,13.0
2012-02-19,31.3,25.1,27.9,3.4,15.4,28.4,24.35,Mahajanga,-15.717,46.317,13.0
2012-02-20,31.0,25.5,27.7,7.4,13.3,31.0,20.13,Mahajanga,-15.717,46.317,13.0
2012-02-21,30.9,25.0,27.5,8.8,11.7,27.7,24.15,Mahajanga,-15.717,46.317,13.0
2012-02-22,29.9,24.8,26.9,1.9,12.7,27.0,21.13,Mahajanga,-15.717,46.317,13.0
2012-02-23,29.7,24.5,26.8,7.9,15.8,32.4,19.83,Mahajanga,-15.717,46.317,13.0
2012-02-24,30.3,24.8,27.1,7.0,15.5,28.1,21.91,Mahajanga,-15.717,46.317,13.0
2012-02-25,31.3,24.3,27.5,5.7,9.4,25.2,23.09,Mahajanga,-15.717,46.317,13.0
2012-02-26,27.6,25.1,26.4,14.3,15.1,46.8,6.83,Mahajanga,-15.717,46.317,13.0
2012-02-27,26.3,24.7,25.4,31.9,22.2,43.9,5.08,Mahajanga,-15.717,46.317,13.0
2012-02-28,26.9,24.8,25.4,45.3,27.8,52.6,6.6,Mahajanga,-15.717,46.317,13.0
2012-02-29,26.3,24.5,25.2,41.2,30.6,55.4,6.09,Mahajanga,-15.717,46.317,13.0
2012-03-01,25.6,24.3,24.9,55.0,29.3,51.5,3.71,Mahajanga,-15.717,46.317,13.0
2012-03-02,27.4,24.3,25.5,10.5,13.0,27.0,9.41,Mahajanga,-15.717,46.317,13.0
2012-03-03,29.6,23.9,26.5,2.7,8.4,22.0,19.74,Mahajanga,-15.717,46.317,13.0
2012-03-04,30.7,24.0,26.8,9.2,12.6,23.0,22.93,Mahajanga,-15.717,46.317,13.0
2012-03-05,31.5,23.5,27.0,5.4,14.8,35.3,22.75,Mahajanga,-15.717,46.317,13.0
2012-03-06,30.9,24.1,26.9,0.0,13.7,27.0,28.2,Mahajanga,-15.717,46.317,13.0
2012-03-07,30.3,24.1,26.9,0.9,12.1,23.0,25.4,Mahajanga,-15.717,46.317,13.0
2012-03-08,29.6,22.5,26.3,3.6,9.8,22.3,21.44,Mahajanga,-15.717,46.317,13.0
2012-03-09,30.2,24.4,27.1,1.8,10.7,23.8,21.88,Mahajanga,-15.717,46.317,13.0
2012-03-10,31.7,24.8,27.7,4.5,10.0,24.1,23.0,Mahajanga,-15.717,46.317,13.0
2012-03-11,31.5,24.5,27.3,13.9,12.1,30.6,24.21,Mahajanga,-15.717,46.317,13.0
2012-03-12,30.0,24.4,26.9,0.1,12.0,26.6,18.13,Mahajanga,-15.717,46.317,13.0
2012-03-13,29.0,24.0,26.2,4.4,12.0,25.6,17.4,Mahajanga,-15.717,46.317,13.0
2012-03-14,29.2,24.3,26.3,5.4,12.3,27.0,17.97,Mahajanga,-15.717,46.317,13.0
2012-03-15,30.6,23.9,26.6,11.3,9.6,26.3,21.99,Mahajanga,-15.717,46.317,13.0
2012-03-16,30.8,24.3,27.0,4.2,14.8,38.2,23.02,Mahajanga,-15.717,46.317,13.0
2012-03-17,31.6,24.4,27.5,0.9,9.9,28.8,24.57,Mahajanga,-15.717,46.317,13.0
2012-03-18,31.4,25.0,27.5,2.4,9.2,23.4,24.17,Mahajanga,-15.717,46.317,13.0
2012-03-19,30.8,24.7,27.2,7.3,9.6,26.3,21.84,Mahajanga,-15.717,46.317,13.0
2012-03-20,30.3,24.0,26.4,18.1,9.4,20.2,21.77,Mahajanga,-15.717,46.317,13.0
2012-03-21,28.3,23.2,25.6,17.4,11.4,24.8,17.11,Mahajanga,-15.717,46.317,13.0
2012-03-22,29.7,23.7,25.7,20.9,9.5,27.4,15.15,Mahajanga,-15.717,46.317,13.0
2012-03-23,30.6,24.0,26.9,8.8,13.1,31.3,22.54,Mahajanga,-15.717,46.317,13.0
2012-03-24,30.7,24.8,26.7,11.6,13.0,28.1,19.56,Mahajanga,-15.717,46.317,13.0
2012-03-25,30.2,23.9,26.4,7.4,8.4,20.9,21.65,Mahajanga,-15.717,46.317,13.0
2012-03-26,29.9,23.7,26.6,3.5,7.6,19.8,20.94,Mahajanga,-15.717,46.317,13.0
2012-03-27,30.0,24.1,27.0,7.4,11.5,24.1,20.92,Mahajanga,-15.717,46.317,13.0
2012-03-28,29.9,24.2,26.7,7.6,8.4,23.4,20.34,Mahajanga,-15.717,46.317,13.0
2012-03-29,29.4,24.2,26.4,3.6,7.2,19.4,18.74,Mahajanga,-15.717,46.317,13.0
2012-03-30,30.1,24.5,27.0,0.8,9.8,20.2,21.3,Mahajanga,-15.717,46.317,13.0
2012-03-31,31.3,24.1,27.7,0.6,13.2,29.2,21.78,Mahajanga,-15.717,46.317,13.0
2012-04-01,31.8,25.1,28.1,3.7,13.2,30.6,23.55,Mahajanga,-15.717,46.317,13.0
2012-04-02,30.8,24.8,27.3,5.3,9.8,25.2,21.36,Mahajanga,-15.717,46.317,13.0
2012-04-03,30.1,24.5,26.9,4.3,9.2,22.7,21.6,Mahajanga,-15.717,46.317,13.0
2012-04-04,29.8,24.5,26.7,2.6,16.1,29.5,19.64,Mahajanga,-15.717,46.317,13.0
2012-04-05,28.5,24.3,26.1,2.9,12.7,23.8,12.77,Mahajanga,-15.717,46.317,13.0
2012-04-06,30.3,24.5,26.8,3.2,9.7,23.8,19.6,Mahajanga,-15.717,46.317,13.0
2012-04-07,29.7,24.1,26.2,14.6,11.5,28.1,16.19,Mahajanga,-15.717,46.317,13.0
2012-04-08,28.9,23.8,26.2,3.6,8.3,18.4,13.9,Mahajanga,-15.717,46.317,13.0
2012-04-09,31.2,24.2,27.0,2.7,8.5,22.0,21.38,Mahajanga,-15.717,46.317,13.0
2012-04-10,31.3,24.8,27.8,0.0,11.2,25.9,21.76,Mahajanga,-15.717,46.317,13.0
2012-04-11,30.5,24.4,27.2,6.6,7.8,22.0,16.39,Mahajanga,-15.717,46.317,13.0
2012-04-12,29.5,24.0,26.3,24.5,10.0,24.8,14.23,Mahajanga,-15.717,46.317,13.0
2012-04-13,29.3,23.6,26.0,13.0,11.5,24.5,10.69,Mahajanga,-15.717,46.317,13.0
2012-04-14,31.0,24.5,27.4,2.2,15.5,35.3,20.8,Mahajanga,-15.717,46.317,13.0
2012-04-15,31.5,24.6,27.9,0.8,16.3,33.8,19.17,Mahajanga,-15.717,46.317,13.0
2012-04-16,31.7,25.1,28.2,0.0,15.2,32.4,20.92,Mahajanga,-15.717,46.317,13.0
2012-04-17,31.2,24.4,27.7,0.0,14.2,31.0,21.99,Mahajanga,-15.717,46.317,13.0
2012-04-18,31.5,24.7,27.8,0.0,12.3,20.9,22.5,Mahajanga,-15.717,46.317,13.0
2012-04-19,30.9,25.4,27.5,0.7,12.6,25.6,20.92,Mahajanga,-15.717,46.317,13.0
2012-04-20,30.2,24.8,27.3,1.3,12.3,22.3,18.64,Mahajanga,-15.717,46.317,13.0
2012-04-21,30.3,24.3,26.7,14.9,10.1,31.0,16.71,Mahajanga,-15.717,46.317,13.0
2012-04-22,29.9,24.6,26.5,12.5,10.0,24.1,16.22,Mahajanga,-15.717,46.317,13.0
2012-04-23,30.3,24.1,26.7,5.2,10.5,23.4,17.23,Mahajanga,-15.717,46.317,13.0
2012-04-24,31.3,24.5,27.6,3.1,12.0,27.0,20.6,Mahajanga,-15.717,46.317,13.0
2012-04-25,31.2,24.7,27.8,3.6,14.3,31.7,20.9,Mahajanga,-15.717,46.317,13.0
2012-04-26,30.8,25.0,27.7,0.0,14.8,30.6,21.02,Mahajanga,-15.717,46.317,13.0
2012-04-27,30.8,23.6,27.1,0.0,17.3,34.6,21.29,Mahajanga,-15.717,46.317,13.0
2012-04-28,30.2,23.0,26.3,0.0,17.3,34.6,21.99,Mahajanga,-15.717,46.317,13.0
2012-04-29,29.9,22.2,25.8,0.0,17.9,34.6,22.19,Mahajanga,-15.717,46.317,13.0
2012-04-30,30.6,21.5,26.1,0.0,18.5,39.2,18.28,Mahajanga,-15.717,46.317,13.0
2012-05-01,30.9,24.0,27.2,0.0,18.2,36.4,20.73,Mahajanga,-15.717,46.317,13.0
2012-05-02,31.1,23.3,27.0,0.0,19.0,39.2,20.38,Mahajanga,-15.717,46.317,13.0
2012-05-03,31.3,23.4,27.1,0.0,18.3,36.4,21.45,Mahajanga,-15.717,46.317,13.0
2012-05-04,31.1,24.6,27.2,0.0,18.7,37.4,20.76,Mahajanga,-15.717,46.317,13.0
2012-05-05,31.3,23.0,26.8,0.0,21.1,41.0,20.11,Mahajanga,-15.717,46.317,13.0
2012-05-06,30.7,22.9,26.5,0.0,18.1,37.1,21.17,Mahajanga,-15.717,46.317,13.0
2012-05-07,30.6,22.3,26.3,0.0,12.7,27.4,21.12,Mahajanga,-15.717,46.317,13.0
2012-05-08,31.2,23.4,26.9,0.6,15.4,36.0,19.9,Mahajanga,-15.717,46.317,13.0
2012-05-09,31.4,23.6,27.1,0.0,17.1,35.3,19.9,Mahajanga,-15.717,46.317,13.0
2012-05-10,31.6,23.6,27.1,0.0,18.7,38.2,20.18,Mahajanga,-15.717,46.317,13.0
2012-05-11,31.0,22.4,26.4,0.0,17.9,36.0,20.63,Mahajanga,-15.717,46.317,13.0
2012-05-12,30.8,22.3,26.2,0.0,14.5,30.6,20.59,Mahajanga,-15.717,46.317,13.0
2012-05-13,31.5,22.5,26.0,0.0,13.2,28.1,20.52,Mahajanga,-15.717,46.317,13.0
2012-05-14,30.9,21.4,26.0,0.0,9.8,19.4,20.43,Mahajanga,-15.717,46.317,13.0
2012-05-15,31.6,22.4,26.9,0.0,9.1,18.4,20.19,Mahajanga,-15.717,46.317,13.0
2012-05-16,31.3,21.8,26.6,0.0,12.9,20.5,20.25,Mahajanga,-15.717,46.317,13.0
2012-05-17,30.4,21.6,26.0,0.0,12.2,20.5,20.07,Mahajanga,-15.717,46.317,13.0
2012-05-18,31.4,21.4,26.2,0.0,11.3,25.9,19.72,Mahajanga,-15.717,46.317,13.0
2012-05-19,32.0,22.8,26.7,0.0,13.4,29.9,19.55,Mahajanga,-15.717,46.317,13.0
2012-05-20,31.4,24.1,27.0,1.3,11.0,26.6,17.52,Mahajanga,-15.717,46.317,13.0
2012-05-21,31.2,23.8,26.7,3.1,10.7,26.6,17.65,Mahajanga,-15.717,46.317,13.0
2012-05-22,29.2,23.2,25.7,7.1,9.7,23.4,14.64,Mahajanga,-15.717,46.317,13.0
2012-05-23,29.3,22.9,25.7,0.0,9.8,23.0,17.67,Mahajanga,-15.717,46.317,13.0
2012-05-24,30.0,23.6,26.6,0.1,9.5,22.0,18.09,Mahajanga,-15.717,46.317,13.0
2012-05-25,31.1,23.0,26.8,0.0,13.6,29.2,17.79,Mahajanga,-15.717,46.317,13.0
2012-05-26,30.8,23.0,26.7,0.0,14.8,31.3,19.42,Mahajanga,-15.717,46.317,13.0
2012-05-27,30.9,22.8,26.8,0.0,19.3,39.2,17.91,Mahajanga,-15.717,46.317,13.0
2012-05-28,30.7,24.0,27.0,0.0,24.2,46.4,16.16,Mahajanga,-15.717,46.317,13.0
2012-05-29,30.6,22.1,26.0,0.0,20.6,41.4,19.17,Mahajanga,-15.717,46.317,13.0
2012-05-30,30.7,21.7,25.8,0.0,20.0,41.4,18.8,Mahajanga,-15.717,46.317,13.0
2012-05-31,30.1,21.4,25.5,0.0,16.1,33.5,18.27,Mahajanga,-15.717,46.317,13.0
2012-06-01,29.9,22.4,25.8,0.0,14.1,30.6,17.94,Mahajanga,-15.717,46.317,13.0
2012-06-02,29.3,22.0,25.5,0.0,10.8,25.6,16.21,Mahajanga,-15.717,46.317,13.0
2012-06-03,28.7,22.4,25.4,0.1,10.7,22.7,15.69,Mahajanga,-15.717,46.317,13.0
2012-06-04,29.2,21.4,25.1,0.0,12.4,23.0,17.08,Mahajanga,-15.717,46.317,13.0
2012-06-05,29.6,22.2,25.6,0.0,21.3,41.8,18.31,Mahajanga,-15.717,46.317,13.0
2012-06-06,29.5,19.9,24.4,0.0,21.1,42.8,18.95,Mahajanga,-15.717,46.317,13.0
2012-06-07,30.0,20.4,24.9,0.0,14.9,31.7,18.73,Mahajanga,-15.717,46.317,13.0
2012-06-08,30.5,20.7,25.6,0.0,9.4,23.4,15.81,Mahajanga,-15.717,46.317,13.0
2012-06-09,30.2,23.0,26.2,0.0,13.0,28.4,16.48,Mahajanga,-15.717,46.317,13.0
2012-06-10,30.2,23.4,26.4,0.0,9.9,23.4,14.21,Mahajanga,-15.717,46.317,13.0
2012-06-11,29.9,23.2,26.1,0.2,11.8,25.2,15.95,Mahajanga,-15.717,46.317,13.0
2012-06-12,30.7,23.1,26.2,0.0,14.6,31.3,17.38,Mahajanga,-15.717,46.317,13.0
2012-06-13,29.6,21.1,25.0,0.0,16.8,34.6,18.71,Mahajanga,-15.717,46.317,13.0
2012-06-14,29.7,20.5,24.8,0.0,12.5,28.4,18.7,Mahajanga,-15.717,46.317,13.0
2012-06-15,28.9,21.6,24.9,0.0,18.9,38.2,16.55,Mahajanga,-15.717,46.317,13.0
2012-06-16,30.3,20.4,25.2,0.0,19.8,40.7,17.45,Mahajanga,-15.717,46.317,13.0
2012-06-17,30.6,22.7,26.1,0.0,19.1,40.0,17.0,Mahajanga,-15.717,46.317,13.0
2012-06-18,31.2,22.2,26.2,0.0,22.6,46.1,18.05,Mahajanga,-15.717,46.317,13.0
2012-06-19,30.3,20.8,25.6,0.0,25.4,47.9,14.64,Mahajanga,-15.717,46.317,13.0
2012-06-20,31.3,21.4,26.0,0.0,19.7,40.7,17.25,Mahajanga,-15.717,46.317,13.0
2012-06-21,30.3,23.5,26.5,0.0,18.7,37.8,14.43,Mahajanga,-15.717,46.317,13.0
2012-06-22,30.1,22.8,26.3,0.0,17.7,34.6,17.09,Mahajanga,-15.717,46.317,13.0
2012-06-23,29.7,21.3,25.4,0.0,19.1,38.2,18.24,Mahajanga,-15.717,46.317,13.0
2012-06-24,29.6,20.5,24.5,0.0,15.5,31.0,18.58,Mahajanga,-15.717,46.317,13.0
2012-06-25,30.1,21.0,24.9,0.0,15.3,30.6,18.5,Mahajanga,-15.717,46.317,13.0
2012-06-26,29.6,20.5,24.7,0.0,16.4,34.9,18.49,Mahajanga,-15.717,46.317,13.0
2012-06-27,29.7,20.4,24.9,0.0,13.9,30.2,18.57,Mahajanga,-15.717,46.317,13.0
2012-06-28,29.3,20.4,24.5,0.0,15.0,32.0,18.77,Mahajanga,-15.717,46.317,13.0
2012-06-29,29.3,19.2,24.2,0.0,14.2,30.2,18.45,Mahajanga,-15.717,46.317,13.0
2012-06-30,29.5,20.7,24.7,0.0,17.0,35.3,18.54,Mahajanga,-15.717,46.317,13.0
2012-07-01,29.3,20.1,24.2,0.0,14.6,31.3,18.67,Mahajanga,-15.717,46.317,13.0
2012-07-02,29.1,19.8,24.2,0.0,16.7,35.3,18.75,Mahajanga,-15.717,46.317,13.0
2012-07-03,29.4,20.6,25.0,0.0,19.6,38.5,17.32,Mahajanga,-15.717,46.317,13.0
2012-07-04,29.0,19.4,24.0,0.0,21.2,42.5,18.74,Mahajanga,-15.717,46.317,13.0
2012-07-05,28.6,19.4,23.6,0.0,17.7,34.6,18.89,Mahajanga,-15.717,46.317,13.0
2012-07-06,28.7,19.4,24.0,0.0,17.6,37.4,16.09,Mahajanga,-15.717,46.317,13.0
2012-07-07,28.9,20.1,24.0,0.0,19.2,38.5,18.87,Mahajanga,-15.717,46.317,13.0
2012-07-08,28.9,18.9,23.6,0.0,16.3,34.2,19.0,Mahajanga,-15.717,46.317,13.0
2012-07-09,28.4,18.6,23.7,0.0,15.4,31.3,15.82,Mahajanga,-15.717,46.317,13.0
2012-07-10,29.6,20.1,24.9,0.0,18.2,38.2,18.17,Mahajanga,-15.717,46.317,13.0
2012-07-11,29.3,20.1,24.5,0.0,18.9,38.2,18.28,Mahajanga,-15.717,46.317,13.0
2012-07-12,29.9,20.7,24.8,0.0,18.5,37.4,18.69,Mahajanga,-15.717,46.317,13.0
2012-07-13,30.4,20.2,24.9,0.0,17.1,35.3,18.9,Mahajanga,-15.717,46.317,13.0
2012-07-14,30.1,20.9,25.1,0.0,17.1,35.6,18.96,Mahajanga,-15.717,46.317,13.0
2012-07-15,29.6,20.7,24.9,0.0,16.3,34.6,18.95,Mahajanga,-15.717,46.317,13.0
2012-07-16,29.8,21.3,25.2,0.0,14.1,30.2,18.19,Mahajanga,-15.717,46.317,13.0
2012-07-17,30.1,20.5,25.0,0.0,10.9,22.0,16.55,Mahajanga,-15.717,46.317,13.0
2012-07-18,28.8,20.6,24.3,0.0,12.3,22.7,19.18,Mahajanga,-15.717,46.317,13.0
2012-07-19,28.8,18.0,23.6,0.0,10.4,19.1,18.85,Mahajanga,-15.717,46.317,13.0
2012-07-20,30.3,19.6,24.8,0.0,9.8,23.8,18.92,Mahajanga,-15.717,46.317,13.0
2012-07-21,25.4,21.9,23.9,0.0,11.3,19.8,2.49,Mahajanga,-15.717,46.317,13.0
2012-07-22,30.9,22.8,26.5,0.0,17.1,34.9,14.47,Mahajanga,-15.717,46.317,13.0
2012-07-23,31.1,21.7,26.1,0.0,17.0,36.7,19.12,Mahajanga,-15.717,46.317,13.0
2012-07-24,29.8,20.6,25.2,0.0,18.1,36.7,19.04,Mahajanga,-15.717,46.317,13.0
2012-07-25,30.6,21.1,25.6,0.0,18.2,36.7,19.62,Mahajanga,-15.717,46.317,13.0
2012-07-26,30.4,20.2,25.2,0.0,16.1,34.2,18.44,Mahajanga,-15.717,46.317,13.0
2012-07-27,29.8,21.6,25.3,0.0,14.3,31.7,18.91,Mahajanga,-15.717,46.317,13.0
2012-07-28,29.8,20.5,24.6,0.0,12.8,25.9,19.93,Mahajanga,-15.717,46.317,13.0
2012-07-29,30.5,20.8,25.3,0.0,12.0,28.1,19.95,Mahajanga,-15.717,46.317,13.0
2012-07-30,31.1,22.2,26.0,0.0,14.5,32.0,19.45,Mahajanga,-15.717,46.317,13.0
2012-07-31,31.2,21.7,25.7,0.0,20.3,40.7,20.34,Mahajanga,-15.717,46.317,13.0
2012-08-01,31.4,20.6,25.5,0.0,15.1,32.0,20.11,Mahajanga,-15.717,46.317,13.0
2012-08-02,31.8,23.4,26.8,0.0,11.6,27.7,18.41,Mahajanga,-15.717,46.317,13.0
2012-08-03,30.6,22.5,26.0,0.0,11.3,22.7,18.49,Mahajanga,-15.717,46.317,13.0
2012-08-04,31.1,21.3,26.0,0.1,12.0,21.6,18.83,Mahajanga,-15.717,46.317,13.0
2012-08-05,31.3,20.9,25.7,0.0,14.0,28.4,19.26,Mahajanga,-15.717,46.317,13.0
2012-08-06,31.8,22.0,25.8,0.0,16.3,33.8,20.92,Mahajanga,-15.717,46.317,13.0
2012-08-07,31.5,21.8,25.9,0.0,15.7,33.1,20.71,Mahajanga,-15.717,46.317,13.0
2012-08-08,32.6,22.9,27.3,0.0,20.4,39.2,20.54,Mahajanga,-15.717,46.317,13.0
2012-08-09,32.5,22.5,27.0,0.0,21.8,44.3,21.18,Mahajanga,-15.717,46.317,13.0
2012-08-10,31.1,20.9,25.8,0.0,20.1,41.8,21.45,Mahajanga,-15.717,46.317,13.0
2012-08-11,30.9,20.8,25.6,0.0,18.8,39.6,21.34,Mahajanga,-15.717,46.317,13.0
2012-08-12,30.9,21.0,25.7,0.0,18.1,38.2,17.78,Mahajanga,-15.717,46.317,13.0
2012-08-13,30.7,21.3,25.7,0.0,16.8,35.6,21.7,Mahajanga,-15.717,46.317,13.0
2012-08-14,30.3,20.4,25.3,0.0,16.6,35.6,21.37,Mahajanga,-15.717,46.317,13.0
2012-08-15,30.8,20.1,25.5,0.0,17.9,37.8,21.12,Mahajanga,-15.717,46.317,13.0
2012-08-16,30.0,20.8,25.5,0.0,24.2,48.2,16.13,Mahajanga,-15.717,46.317,13.0
2012-08-17,31.9,21.2,26.3,0.2,18.9,40.0,19.34,Mahajanga,-15.717,46.317,13.0
2012-08-18,33.5,23.6,27.9,0.0,23.9,44.6,20.01,Mahajanga,-15.717,46.317,13.0
2012-08-19,32.1,22.4,26.9,0.0,23.2,45.7,22.12,Mahajanga,-15.717,46.317,13.0
2012-08-20,31.4,20.7,26.0,0.0,20.3,42.1,22.52,Mahajanga,-15.717,46.317,13.0
2012-08-21,31.7,20.7,26.1,0.0,22.7,42.1,22.02,Mahajanga,-15.717,46.317,13.0
2012-08-22,31.1,20.8,25.7,0.0,20.9,42.5,22.87,Mahajanga,-15.717,46.317,13.0
2012-08-23,31.2,20.2,25.4,0.0,19.1,39.6,22.16,Mahajanga,-15.717,46.317,13.0
2012-08-24,30.4,20.8,25.4,0.0,15.6,33.1,22.65,Mahajanga,-15.717,46.317,13.0
2012-08-25,31.1,20.7,25.7,0.0,18.8,39.2,23.14,Mahajanga,-15.717,46.317,13.0
2012-08-26,30.9,20.5,25.6,0.0,17.8,37.8,23.34,Mahajanga,-15.717,46.317,13.0
2012-08-27,31.2,20.4,25.5,0.0,15.6,33.1,23.58,Mahajanga,-15.717,46.317,13.0
2012-08-28,31.4,20.1,25.1,0.0,15.8,33.5,23.77,Mahajanga,-15.717,46.317,13.0
2012-08-29,31.3,20.1,25.6,0.0,18.6,37.1,23.71,Mahajanga,-15.717,46.317,13.0
2012-08-30,31.7,20.6,25.8,0.0,18.9,39.2,23.63,Mahajanga,-15.717,46.317,13.0
2012-08-31,31.3,21.4,26.1,0.0,20.4,42.5,23.8,Mahajanga,-15.717,46.317,13.0
2012-09-01,31.6,20.7,25.8,0.0,19.9,41.8,22.37,Mahajanga,-15.717,46.317,13.0
2012-09-02,31.5,21.6,26.1,0.0,18.7,38.5,23.4,Mahajanga,-15.717,46.317,13.0
2012-09-03,31.9,20.0,25.7,0.0,16.1,35.6,23.51,Mahajanga,-15.717,46.317,13.0
2012-09-04,32.1,20.4,26.2,0.0,13.6,27.4,22.93,Mahajanga,-15.717,46.317,13.0
2012-09-05,33.0,21.1,27.0,0.0,13.8,27.0,22.35,Mahajanga,-15.717,46.317,13.0
2012-09-06,33.6,23.2,28.0,0.0,22.0,44.6,20.22,Mahajanga,-15.717,46.317,13.0
2012-09-07,33.2,23.1,27.5,0.0,25.1,50.0,24.06,Mahajanga,-15.717,46.317,13.0
2012-09-08,32.1,21.5,26.3,0.0,25.3,50.8,24.37,Mahajanga,-15.717,46.317,13.0
2012-09-09,32.3,21.7,26.5,0.0,23.5,49.0,18.38,Mahajanga,-15.717,46.317,13.0
2012-09-10,32.6,21.6,26.3,0.0,21.5,43.6,24.35,Mahajanga,-15.717,46.317,13.0
2012-09-11,32.2,21.7,26.5,0.0,16.8,35.3,24.67,Mahajanga,-15.717,46.317,13.0
2012-09-12,32.3,21.0,26.4,0.0,18.7,38.5,24.67,Mahajanga,-15.717,46.317,13.0
2012-09-13,32.3,21.7,26.9,0.0,19.2,38.2,24.94,Mahajanga,-15.717,46.317,13.0
2012-09-14,32.0,21.4,26.4,0.0,17.5,36.7,24.63,Mahajanga,-15.717,46.317,13.0
2012-09-15,32.6,21.4,26.5,0.0,15.9,33.8,25.27,Mahajanga,-15.717,46.317,13.0
2012-09-16,32.9,21.9,27.3,0.0,22.8,42.5,25.13,Mahajanga,-15.717,46.317,13.0
2012-09-17,33.9,21.9,27.2,0.0,23.3,45.0,22.92,Mahajanga,-15.717,46.317,13.0
2012-09-18,33.6,22.4,27.5,0.0,21.3,42.5,23.89,Mahajanga,-15.717,46.317,13.0
2012-09-19,32.4,22.0,26.7,0.0,18.2,37.8,25.46,Mahajanga,-15.717,46.317,13.0
2012-09-20,32.9,21.4,26.7,0.0,15.7,37.1,25.78,Mahajanga,-15.717,46.317,13.0
2012-09-21,33.6,21.9,27.0,0.0,18.1,39.6,22.74,Mahajanga,-15.717,46.317,13.0
2012-09-22,32.8,21.9,26.7,0.0,21.2,43.9,25.85,Mahajanga,-15.717,46.317,13.0
2012-09-23,32.6,21.2,26.2,0.0,19.9,41.4,25.76,Mahajanga,-15.717,46.317,13.0
2012-09-24,31.7,22.0,26.1,0.0,15.7,33.5,25.73,Mahajanga,-15.717,46.317,13.0
2012-09-25,32.4,21.4,26.4,0.0,18.7,36.4,25.34,Mahajanga,-15.717,46.317,13.0
2012-09-26,35.2,23.2,28.4,0.0,19.6,41.0,26.41,Mahajanga,-15.717,46.317,13.0
2012-09-27,35.2,23.8,28.6,0.0,21.6,45.4,24.9,Mahajanga,-15.717,46.317,13.0
2012-09-28,34.8,24.1,28.6,0.0,18.6,39.2,26.02,Mahajanga,-15.717,46.317,13.0
2012-09-29,34.1,23.6,27.9,0.0,17.2,37.4,26.7,Mahajanga,-15.717,46.317,13.0
2012-09-30,34.0,23.5,27.8,0.0,16.9,34.9,26.83,Mahajanga,-15.717,46.317,13.0
2012-10-01,33.3,22.7,27.2,0.0,19.5,39.6,27.04,Mahajanga,-15.717,46.317,13.0
2012-10-02,33.3,23.0,27.5,0.0,20.6,40.3,26.53,Mahajanga,-15.717,46.317,13.0
2012-10-03,33.9,21.5,27.2,0.0,22.1,46.1,26.5,Mahajanga,-15.717,46.317,13.0
2012-10-04,33.7,23.0,27.8,0.0,19.5,41.0,26.96,Mahajanga,-15.717,46.317,13.0
2012-10-05,33.2,22.1,27.1,0.0,16.9,35.6,27.5,Mahajanga,-15.717,46.317,13.0
2012-10-06,33.6,22.6,27.5,0.0,17.7,37.4,27.42,Mahajanga,-15.717,46.317,13.0
2012-10-07,34.8,23.1,28.3,0.0,19.0,41.0,27.53,Mahajanga,-15.717,46.317,13.0
2012-10-08,34.6,23.1,28.2,0.0,16.3,35.3,27.33,Mahajanga,-15.717,46.317,13.0
2012-10-09,33.5,23.5,27.5,0.0,20.1,40.3,25.7,Mahajanga,-15.717,46.317,13.0
2012-10-10,33.1,23.6,27.5,0.2,18.0,37.4,26.22,Mahajanga,-15.717,46.317,13.0
2012-10-11,33.2,23.1,27.1,0.0,17.6,37.1,24.72,Mahajanga,-15.717,46.317,13.0
2012-10-12,33.3,24.0,27.7,0.0,16.7,31.3,26.16,Mahajanga,-15.717,46.317,13.0
2012-10-13,34.2,23.5,27.9,0.2,19.6,41.4,28.42,Mahajanga,-15.717,46.317,13.0
2012-10-14,33.8,23.0,27.5,0.0,18.4,37.8,28.57,Mahajanga,-15.717,46.317,13.0
2012-10-15,33.8,22.3,27.4,0.0,21.0,43.2,28.08,Mahajanga,-15.717,46.317,13.0
2012-10-16,33.3,22.0,26.9,0.0,16.9,36.4,28.58,Mahajanga,-15.717,46.317,13.0
2012-10-17,33.4,21.8,27.1,0.0,15.3,32.4,28.58,Mahajanga,-15.717,46.317,13.0
2012-10-18,32.8,23.1,27.3,0.0,18.1,38.2,27.53,Mahajanga,-15.717,46.317,13.0
2012-10-19,31.8,23.6,27.5,0.0,15.3,33.8,23.28,Mahajanga,-15.717,46.317,13.0
2012-10-20,28.8,25.4,26.7,4.8,11.7,22.0,11.33,Mahajanga,-15.717,46.317,13.0
2012-10-21,34.6,24.5,28.6,0.1,15.1,31.3,26.44,Mahajanga,-15.717,46.317,13.0
2012-10-22,34.6,25.0,28.6,0.0,18.8,38.9,28.3,Mahajanga,-15.717,46.317,13.0
2012-10-23,33.6,23.9,27.9,0.0,19.6,39.2,28.09,Mahajanga,-15.717,46.317,13.0
2012-10-24,31.6,24.8,27.7,2.4,20.9,40.7,21.92,Mahajanga,-15.717,46.317,13.0
2012-10-25,31.7,21.9,26.6,8.3,18.9,38.5,23.59,Mahajanga,-15.717,46.317,13.0
2012-10-26,31.7,23.1,26.1,1.4,20.0,40.3,22.01,Mahajanga,-15.717,46.317,13.0
2012-10-27,30.2,23.4,26.2,2.1,12.6,27.0,17.88,Mahajanga,-15.717,46.317,13.0
2012-10-28,31.4,23.5,26.8,1.1,15.5,30.6,23.34,Mahajanga,-15.717,46.317,13.0
2012-10-29,33.5,23.7,27.9,0.7,15.0,31.0,26.76,Mahajanga,-15.717,46.317,13.0
2012-10-30,33.9,24.6,28.3,0.8,16.7,37.4,28.0,Mahajanga,-15.717,46.317,13.0
2012-10-31,33.7,24.5,28.1,0.0,17.7,37.8,28.78,Mahajanga,-15.717,46.317,13.0
2012-11-01,30.6,24.0,26.9,4.2,18.4,37.8,24.74,Mahajanga,-15.717,46.317,13.0
2012-11-02,30.5,23.8,27.0,0.8,20.4,39.2,22.78,Mahajanga,-15.717,46.317,13.0
2012-11-03,31.5,24.5,27.8,3.1,8.3,32.4,21.18,Mahajanga,-15.717,46.317,13.0
2012-11-04,32.8,25.3,28.7,0.8,17.8,38.9,18.73,Mahajanga,-15.717,46.317,13.0
2012-11-05,34.8,24.7,28.7,0.0,15.4,34.9,26.88,Mahajanga,-15.717,46.317,13.0
2012-11-06,34.3,24.7,28.5,0.0,17.6,37.4,28.46,Mahajanga,-15.717,46.317,13.0
2012-11-07,32.5,24.9,27.9,0.5,18.9,39.6,22.64,Mahajanga,-15.717,46.317,13.0
2012-11-08,32.5,24.2,27.7,5.3,13.5,26.3,23.68,Mahajanga,-15.717,46.317,13.0
2012-11-09,32.2,24.3,27.7,2.7,13.4,27.4,23.7,Mahajanga,-15.717,46.317,13.0
2012-11-10,34.2,25.2,28.8,0.0,13.8,29.2,27.08,Mahajanga,-15.717,46.317,13.0
2012-11-11,35.4,25.0,29.5,0.8,17.7,33.5,29.01,Mahajanga,-15.717,46.317,13.0
2012-11-12,35.5,24.9,30.4,0.2,15.9,37.1,23.99,Mahajanga,-15.717,46.317,13.0
2012-11-13,34.5,26.7,30.5,0.0,22.6,49.7,21.1,Mahajanga,-15.717,46.317,13.0
2012-11-14,35.5,25.9,30.1,0.0,15.7,32.4,25.51,Mahajanga,-15.717,46.317,13.0
2012-11-15,35.8,26.2,29.9,0.0,17.7,39.2,28.22,Mahajanga,-15.717,46.317,13.0
2012-11-16,35.9,26.5,29.9,0.4,18.7,39.2,28.57,Mahajanga,-15.717,46.317,13.0
2012-11-17,35.0,25.7,29.4,0.1,21.7,43.9,28.93,Mahajanga,-15.717,46.317,13.0
2012-11-18,32.0,25.2,28.1,4.0,18.6,34.9,23.45,Mahajanga,-15.717,46.317,13.0
2012-11-19,32.7,25.6,28.4,3.9,18.3,37.4,24.67,Mahajanga,-15.717,46.317,13.0
2012-11-20,31.2,24.5,27.6,2.8,15.6,27.4,21.56,Mahajanga,-15.717,46.317,13.0
2012-11-21,32.3,25.6,28.4,0.3,14.3,30.2,24.81,Mahajanga,-15.717,46.317,13.0
2012-11-22,32.0,24.3,28.1,0.1,16.9,33.1,24.65,Mahajanga,-15.717,46.317,13.0
2012-11-23,33.8,24.7,28.7,2.5,14.7,33.5,26.65,Mahajanga,-15.717,46.317,13.0
2012-11-24,34.1,25.1,28.7,1.3,11.2,31.7,24.05,Mahajanga,-15.717,46.317,13.0
2012-11-25,34.5,25.6,29.3,0.0,14.2,31.3,26.59,Mahajanga,-15.717,46.317,13.0
2012-11-26,33.7,26.2,29.2,1.1,15.8,29.5,25.62,Mahajanga,-15.717,46.317,13.0
2012-11-27,31.9,24.6,27.9,8.2,15.3,32.0,23.14,Mahajanga,-15.717,46.317,13.0
2012-11-28,28.8,24.1,26.3,16.4,15.3,30.6,12.99,Mahajanga,-15.717,46.317,13.0
2012-11-29,29.0,23.1,25.4,20.5,17.1,34.2,15.07,Mahajanga,-15.717,46.317,13.0
2012-11-30,28.5,23.5,25.9,18.7,13.4,28.1,19.76,Mahajanga,-15.717,46.317,13.0
2012-12-01,31.9,24.4,27.8,0.0,15.5,31.3,27.28,Mahajanga,-15.717,46.317,13.0
2012-12-02,33.2,25.3,28.6,1.3,13.0,26.6,28.57,Mahajanga,-15.717,46.317,13.0
2012-12-03,34.4,25.3,29.2,0.0,17.1,34.9,29.24,Mahajanga,-15.717,46.317,13.0
2012-12-04,34.6,25.5,29.1,2.5,17.4,38.9,27.59,Mahajanga,-15.717,46.317,13.0
2012-12-05,34.9,26.1,29.6,0.0,17.2,35.6,28.07,Mahajanga,-15.717,46.317,13.0
2012-12-06,34.2,26.6,29.5,4.5,14.2,33.1,27.27,Mahajanga,-15.717,46.317,13.0
2012-12-07,33.7,26.2,29.2,0.0,15.0,34.6,28.54,Mahajanga,-15.717,46.317,13.0
2012-12-08,33.4,26.3,28.9,0.3,17.1,33.5,27.04,Mahajanga,-15.717,46.317,13.0
2012-12-09,31.6,25.3,28.0,1.5,14.8,29.9,23.44,Mahajanga,-15.717,46.317,13.0
2012-12-10,28.8,24.7,26.8,16.1,17.3,32.4,18.4,Mahajanga,-15.717,46.317,13.0
2012-12-11,30.3,24.1,27.1,1.3,16.6,34.9,24.02,Mahajanga,-15.717,46.317,13.0
2012-12-12,30.8,25.4,27.9,3.1,17.6,35.3,24.74,Mahajanga,-15.717,46.317,13.0
2012-12-13,31.1,25.1,27.4,31.6,9.9,27.7,19.39,Mahajanga,-15.717,46.317,13.0
2012-12-14,32.4,25.1,28.3,0.1,13.0,24.8,23.9,Mahajanga,-15.717,46.317,13.0
2012-12-15,33.2,25.3,28.7,2.9,13.0,29.5,26.85,Mahajanga,-15.717,46.317,13.0
2012-12-16,33.7,26.1,29.2,3.6,14.3,33.5,27.56,Mahajanga,-15.717,46.317,13.0
2012-12-17,30.2,25.2,27.4,3.3,13.7,32.0,20.46,Mahajanga,-15.717,46.317,13.0
2012-12-18,28.7,24.9,26.8,8.8,11.0,28.8,15.88,Mahajanga,-15.717,46.317,13.0
2012-12-19,31.2,25.2,28.0,1.8,14.6,29.9,24.85,Mahajanga,-15.717,46.317,13.0
2012-12-20,31.5,25.5,27.7,8.1,12.8,32.8,20.93,Mahajanga,-15.717,46.317,13.0
2012-12-21,31.9,24.5,27.6,19.1,13.0,28.1,21.81,Mahajanga,-15.717,46.317,13.0
2012-12-22,30.8,24.4,27.1,7.1,7.8,28.1,20.75,Mahajanga,-15.717,46.317,13.0
2012-12-23,33.1,25.1,28.6,2.1,11.9,27.0,26.73,Mahajanga,-15.717,46.317,13.0
2012-12-24,33.2,25.8,29.0,0.0,13.2,27.7,27.8,Mahajanga,-15.717,46.317,13.0
2012-12-25,33.3,25.8,29.1,0.1,14.1,26.6,28.48,Mahajanga,-15.717,46.317,13.0
2012-12-26,31.6,26.0,28.5,4.4,10.9,25.6,23.3,Mahajanga,-15.717,46.317,13.0
2012-12-27,31.5,24.8,27.9,4.5,15.0,28.8,22.44,Mahajanga,-15.717,46.317,13.0
2012-12-28,31.4,25.4,27.7,11.3,11.5,24.5,21.12,Mahajanga,-15.717,46.317,13.0
2012-12-29,32.6,24.7,27.9,8.9,13.0,24.8,25.65,Mahajanga,-15.717,46.317,13.0
2012-12-30,32.9,25.9,28.7,4.7,15.0,36.7,26.28,Mahajanga,-15.717,46.317,13.0
2012-12-31,32.2,26.0,28.6,8.0,10.3,32.4,26.85,Mahajanga,-15.717,46.317,13.0
2013-01-01,32.6,25.6,28.7,3.7,12.0,28.4,28.14,Mahajanga,-15.717,46.317,13.0
2013-01-02,31.1,25.0,27.7,2.9,14.2,28.1,25.78,Mahajanga,-15.717,46.317,13.0
2013-01-03,29.0,24.4,26.6,12.7,17.4,35.6,15.99,Mahajanga,-15.717,46.317,13.0
2013-01-04,28.9,24.9,26.4,17.0,15.6,33.5,15.06,Mahajanga,-15.717,46.317,13.0
2013-01-05,28.9,24.7,26.2,18.4,13.0,31.7,12.03,Mahajanga,-15.717,46.317,13.0
2013-01-06,29.7,25.0,26.6,25.1,17.3,33.1,16.83,Mahajanga,-15.717,46.317,13.0
2013-01-07,31.1,24.7,27.4,3.5,17.8,27.4,24.15,Mahajanga,-15.717,46.317,13.0
2013-01-08,30.4,24.5,26.8,6.5,11.5,25.2,16.05,Mahajanga,-15.717,46.317,13.0
2013-01-09,32.9,25.0,28.6,0.2,14.8,35.3,27.84,Mahajanga,-15.717,46.317,13.0
2013-01-10,33.0,25.8,28.9,0.9,13.4,35.6,27.94,Mahajanga,-15.717,46.317,13.0
2013-01-11,32.4,24.5,28.4,0.0,15.1,33.5,27.66,Mahajanga,-15.717,46.317,13.0
2013-01-12,33.4,25.3,28.9,0.0,15.2,42.8,28.16,Mahajanga,-15.717,46.317,13.0
2013-01-13,33.7,25.3,29.2,0.5,12.3,27.0,28.54,Mahajanga,-15.717,46.317,13.0
2013-01-14,33.4,25.4,29.0,2.2,11.5,30.6,27.24,Mahajanga,-15.717,46.317,13.0
2013-01-15,34.0,25.8,29.5,0.0,12.4,31.3,28.53,Mahajanga,-15.717,46.317,13.0
2013-01-16,33.6,25.5,29.2,3.7,11.9,26.3,27.99,Mahajanga,-15.717,46.317,13.0
2013-01-17,31.1,24.8,27.3,11.2,13.4,28.1,20.72,Mahajanga,-15.717,46.317,13.0
2013-01-18,29.3,23.8,26.2,27.4,14.8,31.7,19.19,Mahajanga,-15.717,46.317,13.0
2013-01-19,30.4,23.9,26.0,7.6,13.5,29.9,21.42,Mahajanga,-15.717,46.317,13.0
2013-01-20,28.4,24.1,26.0,14.4,12.5,28.1,15.25,Mahajanga,-15.717,46.317,13.0
2013-01-21,30.4,24.3,27.0,0.4,15.0,32.8,24.06,Mahajanga,-15.717,46.317,13.0
2013-01-22,31.3,24.0,27.9,0.0,14.6,30.2,26.65,Mahajanga,-15.717,46.317,13.0
2013-01-23,30.5,25.2,27.9,1.4,15.8,31.7,21.26,Mahajanga,-15.717,46.317,13.0
2013-01-24,30.9,25.1,27.4,3.8,19.6,41.0,22.47,Mahajanga,-15.717,46.317,13.0
2013-01-25,28.9,25.0,26.8,7.9,16.6,32.4,16.46,Mahajanga,-15.717,46.317,13.0
2013-01-26,30.4,25.2,26.8,4.4,18.6,40.3,18.39,Mahajanga,-15.717,46.317,13.0
2013-01-27,30.5,24.7,27.5,5.4,15.9,30.2,22.4,Mahajanga,-15.717,46.317,13.0
2013-01-28,30.5,26.1,27.7,10.2,16.2,29.9,17.61,Mahajanga,-15.717,46.317,13.0
2013-01-29,27.5,25.1,25.9,20.6,6.0,17.6,6.32,Mahajanga,-15.717,46.317,13.0
2013-01-30,31.0,25.0,27.2,22.3,16.4,35.3,19.46,Mahajanga,-15.717,46.317,13.0
2013-01-31,28.7,25.1,26.5,30.1,18.3,37.1,13.28,Mahajanga,-15.717,46.317,13.0
2013-02-01,26.3,24.6,25.2,45.2,25.2,43.2,6.06,Mahajanga,-15.717,46.317,13.0
2013-02-02,27.5,24.6,25.5,16.8,20.0,46.4,8.87,Mahajanga,-15.717,46.317,13.0
2013-02-03,28.1,24.9,26.2,8.0,13.8,32.4,15.18,Mahajanga,-15.717,46.317,13.0
2013-02-04,29.8,24.5,26.7,9.3,13.0,27.7,18.94,Mahajanga,-15.717,46.317,13.0
2013-02-05,30.5,24.4,27.3,6.6,15.5,33.8,22.51,Mahajanga,-15.717,46.317,13.0
2013-02-06,30.2,25.0,27.0,9.7,14.3,26.6,20.03,Mahajanga,-15.717,46.317,13.0
2013-02-07,30.3,24.9,27.4,3.9,15.6,30.2,21.9,Mahajanga,-15.717,46.317,13.0
2013-02-08,30.6,24.6,27.5,5.5,15.3,28.1,24.03,Mahajanga,-15.717,46.317,13.0
2013-02-09,31.1,24.7,27.5,16.3,11.4,27.4,21.5,Mahajanga,-15.717,46.317,13.0
2013-02-10,29.9,23.9,26.7,11.9,9.0,26.6,15.34,Mahajanga,-15.717,46.317,13.0
2013-02-11,30.6,24.6,27.3,10.1,9.7,24.5,21.17,Mahajanga,-15.717,46.317,13.0
2013-02-12,30.0,24.3,26.7,14.9,11.4,22.7,19.42,Mahajanga,-15.717,46.317,13.0
2013-02-13,29.1,24.3,26.1,6.0,12.7,28.1,15.09,Mahajanga,-15.717,46.317,13.0
2013-02-14,30.1,24.5,26.7,6.5,14.8,30.2,21.71,Mahajanga,-15.717,46.317,13.0
2013-02-15,30.5,24.6,26.6,8.0,16.0,33.5,21.26,Mahajanga,-15.717,46.317,13.0
2013-02-16,29.6,24.6,26.3,16.5,15.0,31.3,16.65,Mahajanga,-15.717,46.317,13.0
2013-02-17,29.0,24.2,26.1,10.2,16.0,30.2,16.22,Mahajanga,-15.717,46.317,13.0
2013-02-18,28.0,23.9,25.7,10.2,13.2,29.2,13.1,Mahajanga,-15.717,46.317,13.0
2013-02-19,29.2,24.3,25.8,14.1,16.8,38.5,13.94,Mahajanga,-15.717,46.317,13.0
2013-02-20,29.7,24.7,26.7,6.5,15.7,38.5,16.43,Mahajanga,-15.717,46.317,13.0
2013-02-21,29.1,24.8,26.3,15.6,17.3,40.0,12.36,Mahajanga,-15.717,46.317,13.0
2013-02-22,27.6,24.7,25.7,19.2,20.2,41.8,11.99,Mahajanga,-15.717,46.317,13.0
2013-02-23,29.9,24.7,26.8,1.3,17.2,35.3,22.43,Mahajanga,-15.717,46.317,13.0
2013-02-24,29.8,22.8,26.3,0.0,12.5,27.4,26.79,Mahajanga,-15.717,46.317,13.0
2013-02-25,30.6,24.2,26.8,0.1,14.8,28.1,22.67,Mahajanga,-15.717,46.317,13.0
2013-02-26,30.7,24.2,27.1,0.0,14.0,25.9,23.23,Mahajanga,-15.717,46.317,13.0
2013-02-27,30.5,23.7,27.1,1.5,9.9,23.4,23.53,Mahajanga,-15.717,46.317,13.0
2013-02-28,30.1,24.4,27.2,6.5,7.5,17.6,20.25,Mahajanga,-15.717,46.317,13.0
2013-03-01,31.9,24.8,28.0,0.1,11.4,25.6,24.36,Mahajanga,-15.717,46.317,13.0
2013-03-02,32.2,24.9,28.4,0.3,12.6,27.4,24.81,Mahajanga,-15.717,46.317,13.0
2013-03-03,32.5,26.0,29.0,0.0,8.7,22.7,25.21,Mahajanga,-15.717,46.317,13.0
2013-03-04,32.8,26.6,29.4,0.0,11.6,25.6,25.52,Mahajanga,-15.717,46.317,13.0
2013-03-05,33.1,25.4,28.9,7.0,11.6,27.4,25.86,Mahajanga,-15.717,46.317,13.0
2013-03-06,32.6,25.4,28.8,0.3,16.5,34.9,25.0,Mahajanga,-15.717,46.317,13.0
2013-03-07,32.9,24.7,28.7,0.0,16.4,34.9,27.0,Mahajanga,-15.717,46.317,13.0
2013-03-08,32.6,24.8,28.7,0.0,17.6,36.0,25.78,Mahajanga,-15.717,46.317,13.0
2013-03-09,33.4,24.9,29.0,0.0,17.1,35.6,26.88,Mahajanga,-15.717,46.317,13.0
2013-03-10,33.3,25.4,29.0,2.1,14.9,31.7,26.29,Mahajanga,-15.717,46.317,13.0
2013-03-11,33.0,25.7,28.7,3.1,14.6,34.6,25.97,Mahajanga,-15.717,46.317,13.0
2013-03-12,32.8,24.9,28.0,5.5,11.7,28.4,25.45,Mahajanga,-15.717,46.317,13.0
2013-03-13,31.4,24.3,27.6,1.1,10.1,21.6,23.35,Mahajanga,-15.717,46.317,13.0
2013-03-14,31.8,25.3,28.3,2.5,11.6,22.7,23.61,Mahajanga,-15.717,46.317,13.0
2013-03-15,31.9,25.0,27.8,11.4,11.2,23.4,22.45,Mahajanga,-15.717,46.317,13.0
2013-03-16,30.9,24.7,27.7,1.0,11.2,27.7,18.59,Mahajanga,-15.717,46.317,13.0
2013-03-17,33.0,25.6,28.8,1.3,10.7,23.8,25.26,Mahajanga,-15.717,46.317,13.0
2013-03-18,32.1,24.6,28.1,11.3,10.2,20.2,24.95,Mahajanga,-15.717,46.317,13.0
2013-03-19,31.2,24.6,27.7,5.4,14.1,24.8,21.22,Mahajanga,-15.717,46.317,13.0
2013-03-20,28.0,23.5,25.9,18.0,9.4,22.3,9.5,Mahajanga,-15.717,46.317,13.0
2013-03-21,30.4,24.3,26.9,16.6,9.4,20.5,19.93,Mahajanga,-15.717,46.317,13.0
2013-03-22,31.0,24.7,27.2,3.4,8.8,21.6,20.3,Mahajanga,-15.717,46.317,13.0
2013-03-23,31.9,25.0,27.5,12.0,8.7,24.5,22.65,Mahajanga,-15.717,46.317,13.0
2013-03-24,30.3,24.8,27.1,12.7,10.1,23.0,18.58,Mahajanga,-15.717,46.317,13.0
2013-03-25,31.5,24.7,27.3,12.5,10.2,25.6,22.11,Mahajanga,-15.717,46.317,13.0
2013-03-26,31.2,25.3,27.8,0.6,13.0,26.3,21.29,Mahajanga,-15.717,46.317,13.0
2013-03-27,31.0,25.3,27.3,10.3,11.7,26.3,21.95,Mahajanga,-15.717,46.317,13.0
2013-03-28,31.3,25.0,27.6,0.0,11.5,26.3,22.01,Mahajanga,-15.717,46.317,13.0
2013-03-29,31.6,25.0,28.0,0.0,12.7,29.2,24.48,Mahajanga,-15.717,46.317,13.0
2013-03-30,32.3,25.0,28.2,1.8,17.6,36.0,23.99,Mahajanga,-15.717,46.317,13.0
2013-03-31,32.0,25.0,28.1,2.0,15.9,34.6,21.11,Mahajanga,-15.717,46.317,13.0
2013-04-01,32.7,25.3,28.7,0.0,18.8,38.5,22.34,Mahajanga,-15.717,46.317,13.0
2013-04-02,31.5,25.3,28.1,0.0,14.0,28.8,23.97,Mahajanga,-15.717,46.317,13.0
2013-04-03,31.5,24.1,27.5,0.0,11.4,26.3,24.76,Mahajanga,-15.717,46.317,13.0
2013-04-04,31.1,23.9,27.2,0.0,11.9,27.4,23.47,Mahajanga,-15.717,46.317,13.0
2013-04-05,31.6,24.4,27.6,0.1,11.5,25.6,24.72,Mahajanga,-15.717,46.317,13.0
2013-04-06,32.6,24.3,28.0,0.0,12.0,26.6,24.52,Mahajanga,-15.717,46.317,13.0
2013-04-07,32.9,24.7,28.6,0.0,10.9,25.9,23.71,Mahajanga,-15.717,46.317,13.0
2013-04-08,32.8,26.0,29.1,9.4,12.8,28.8,19.0,Mahajanga,-15.717,46.317,13.0
2013-04-09,34.0,25.6,29.1,1.2,16.9,34.9,22.49,Mahajanga,-15.717,46.317,13.0
2013-04-10,33.1,26.2,29.5,0.0,19.7,39.6,20.21,Mahajanga,-15.717,46.317,13.0
2013-04-11,32.8,24.6,28.6,0.0,14.9,29.9,24.3,Mahajanga,-15.717,46.317,13.0
2013-04-12,33.2,25.7,29.0,0.0,12.6,25.9,23.57,Mahajanga,-15.717,46.317,13.0
2013-04-13,30.9,24.8,28.0,3.7,10.8,24.1,19.95,Mahajanga,-15.717,46.317,13.0
2013-04-14,31.2,24.7,27.9,1.2,15.5,32.4,19.28,Mahajanga,-15.717,46.317,13.0
2013-04-15,31.4,24.0,27.5,1.9,14.6,32.0,21.02,Mahajanga,-15.717,46.317,13.0
2013-04-16,32.0,24.0,27.8,1.3,11.2,25.9,22.01,Mahajanga,-15.717,46.317,13.0
2013-04-17,32.4,24.3,28.2,0.2,13.5,29.5,23.25,Mahajanga,-15.717,46.317,13.0
2013-04-18,32.2,23.6,27.9,0.0,13.8,29.9,23.71,Mahajanga,-15.717,46.317,13.0
2013-04-19,33.2,23.6,28.1,0.0,13.3,29.5,22.94,Mahajanga,-15.717,46.317,13.0
2013-04-20,33.1,25.3,29.0,0.0,14.6,31.7,21.77,Mahajanga,-15.717,46.317,13.0
2013-04-21,33.4,25.9,29.0,1.2,14.4,36.4,20.15,Mahajanga,-15.717,46.317,13.0
2013-04-22,32.5,25.2,28.6,0.0,15.0,32.0,22.53,Mahajanga,-15.717,46.317,13.0
2013-04-23,32.2,24.6,28.4,0.0,12.4,28.1,21.02,Mahajanga,-15.717,46.317,13.0
2013-04-24,31.3,25.1,27.8,2.5,11.5,24.1,17.88,Mahajanga,-15.717,46.317,13.0
2013-04-25,30.4,24.1,27.0,8.4,10.3,25.2,17.45,Mahajanga,-15.717,46.317,13.0
2013-04-26,30.6,24.1,26.8,6.9,13.6,29.5,16.85,Mahajanga,-15.717,46.317,13.0
2013-04-27,31.0,23.6,26.7,1.0,14.5,30.6,19.75,Mahajanga,-15.717,46.317,13.0
2013-04-28,31.0,24.1,26.6,4.8,15.9,37.1,19.9,Mahajanga,-15.717,46.317,13.0
2013-04-29,31.5,23.7,27.1,0.3,15.3,32.8,21.36,Mahajanga,-15.717,46.317,13.0
2013-04-30,31.2,23.9,27.3,0.0,13.0,27.7,21.37,Mahajanga,-15.717,46.317,13.0
2013-05-01,31.8,23.8,27.4,0.0,16.3,33.1,21.37,Mahajanga,-15.717,46.317,13.0
2013-05-02,31.8,23.3,27.2,0.0,17.1,35.3,20.78,Mahajanga,-15.717,46.317,13.0
2013-05-03,32.2,23.9,28.0,0.0,18.0,38.5,20.37,Mahajanga,-15.717,46.317,13.0
2013-05-04,33.3,24.2,28.4,0.0,17.7,37.4,20.06,Mahajanga,-15.717,46.317,13.0
2013-05-05,33.5,25.0,29.0,0.0,16.9,36.0,19.01,Mahajanga,-15.717,46.317,13.0
2013-05-06,31.8,25.2,28.4,0.0,14.4,26.6,19.36,Mahajanga,-15.717,46.317,13.0
2013-05-07,32.1,24.0,27.7,0.0,15.5,26.3,19.75,Mahajanga,-15.717,46.317,13.0
2013-05-08,32.8,24.6,28.1,0.2,17.0,34.9,19.93,Mahajanga,-15.717,46.317,13.0
2013-05-09,32.7,23.6,27.6,0.1,15.9,34.2,19.87,Mahajanga,-15.717,46.317,13.0
2013-05-10,32.2,23.6,27.5,0.3,14.8,30.6,20.7,Mahajanga,-15.717,46.317,13.0
2013-05-11,32.1,23.6,27.5,0.0,13.0,23.0,20.42,Mahajanga,-15.717,46.317,13.0
2013-05-12,32.4,24.4,27.8,0.0,18.4,38.9,19.89,Mahajanga,-15.717,46.317,13.0
2013-05-13,31.8,23.1,27.2,0.0,14.5,32.0,20.03,Mahajanga,-15.717,46.317,13.0
2013-05-14,32.3,23.0,27.6,0.0,19.8,41.0,17.27,Mahajanga,-15.717,46.317,13.0
2013-05-15,32.2,23.4,27.9,0.0,24.7,47.9,15.89,Mahajanga,-15.717,46.317,13.0
2013-05-16,31.8,23.7,28.0,0.0,21.6,44.6,16.95,Mahajanga,-15.717,46.317,13.0
2013-05-17,32.4,24.3,27.9,0.0,19.2,40.0,20.07,Mahajanga,-15.717,46.317,13.0
2013-05-18,31.7,22.8,26.7,0.0,17.1,34.2,20.29,Mahajanga,-15.717,46.317,13.0
2013-05-19,31.4,22.2,26.5,0.0,16.9,35.3,20.15,Mahajanga,-15.717,46.317,13.0
2013-05-20,31.3,22.1,26.4,0.0,15.1,32.4,20.27,Mahajanga,-15.717,46.317,13.0
2013-05-21,31.4,20.9,26.3,0.0,13.5,30.2,20.09,Mahajanga,-15.717,46.317,13.0
2013-05-22,31.4,21.9,26.2,0.0,15.0,31.7,19.83,Mahajanga,-15.717,46.317,13.0
2013-05-23,31.9,21.3,26.5,0.0,10.2,23.8,19.67,Mahajanga,-15.717,46.317,13.0
2013-05-24,32.4,22.9,27.5,0.0,11.3,25.2,17.5,Mahajanga,-15.717,46.317,13.0
2013-05-25,32.4,24.4,27.9,0.0,11.7,27.4,18.03,Mahajanga,-15.717,46.317,13.0
2013-05-26,31.9,23.5,27.4,0.2,10.9,28.1,17.54,Mahajanga,-15.717,46.317,13.0
2013-05-27,31.6,23.8,27.1,0.0,10.6,25.6,18.5,Mahajanga,-15.717,46.317,13.0
2013-05-28,31.2,23.5,26.8,0.0,10.9,20.9,18.14,Mahajanga,-15.717,46.317,13.0
2013-05-29,31.8,20.9,26.2,0.0,11.6,20.5,19.41,Mahajanga,-15.717,46.317,13.0
2013-05-30,31.9,20.3,26.1,0.0,9.8,16.6,19.31,Mahajanga,-15.717,46.317,13.0
2013-05-31,31.1,20.6,25.8,0.0,9.9,21.2,18.83,Mahajanga,-15.717,46.317,13.0
2013-06-01,32.0,21.1,26.3,0.0,10.2,22.0,19.17,Mahajanga,-15.717,46.317,13.0
2013-06-02,31.7,23.2,26.9,0.0,20.3,41.4,17.62,Mahajanga,-15.717,46.317,13.0
2013-06-03,30.3,21.5,25.5,0.0,24.5,49.0,18.83,Mahajanga,-15.717,46.317,13.0
2013-06-04,29.2,19.7,24.1,0.0,22.5,44.6,19.39,Mahajanga,-15.717,46.317,13.0
2013-06-05,28.3,19.3,23.7,0.0,17.7,36.4,19.29,Mahajanga,-15.717,46.317,13.0
2013-06-06,29.4,19.1,23.7,0.0,15.0,32.4,19.46,Mahajanga,-15.717,46.317,13.0
2013-06-07,28.2,18.6,23.3,0.0,16.2,34.9,19.29,Mahajanga,-15.717,46.317,13.0
2013-06-08,29.7,19.8,25.0,0.0,15.4,33.1,17.09,Mahajanga,-15.717,46.317,13.0
2013-06-09,30.1,20.5,25.2,0.0,15.5,33.1,18.48,Mahajanga,-15.717,46.317,13.0
2013-06-10,29.8,21.0,25.0,0.0,12.4,28.1,18.81,Mahajanga,-15.717,46.317,13.0
2013-06-11,30.6,20.4,25.3,0.0,15.9,33.8,18.6,Mahajanga,-15.717,46.317,13.0
2013-06-12,31.1,22.5,26.1,0.0,15.2,32.4,18.28,Mahajanga,-15.717,46.317,13.0
2013-06-13,31.1,21.1,25.7,0.0,14.1,29.9,18.77,Mahajanga,-15.717,46.317,13.0
2013-06-14,30.4,21.6,25.5,0.0,14.2,31.0,18.63,Mahajanga,-15.717,46.317,13.0
2013-06-15,30.0,19.7,24.6,0.0,12.8,28.8,18.68,Mahajanga,-15.717,46.317,13.0
2013-06-16,29.8,20.3,25.2,0.0,8.4,24.5,16.03,Mahajanga,-15.717,46.317,13.0
2013-06-17,30.6,21.6,25.9,0.0,18.4,38.5,17.98,Mahajanga,-15.717,46.317,13.0
2013-06-18,29.7,21.0,25.1,0.0,19.7,35.3,18.63,Mahajanga,-15.717,46.317,13.0
2013-06-19,29.2,19.7,24.2,0.0,20.3,41.0,18.83,Mahajanga,-15.717,46.317,13.0
2013-06-20,31.3,21.1,25.9,0.0,26.2,51.5,15.47,Mahajanga,-15.717,46.317,13.0
2013-06-21,30.5,21.1,25.4,0.0,22.1,43.2,18.59,Mahajanga,-15.717,46.317,13.0
2013-06-22,31.2,20.4,25.3,0.0,26.1,51.1,18.51,Mahajanga,-15.717,46.317,13.0
2013-06-23,30.9,20.4,25.3,0.0,21.8,43.9,16.63,Mahajanga,-15.717,46.317,13.0
2013-06-24,29.8,21.2,25.4,0.0,23.9,48.2,15.18,Mahajanga,-15.717,46.317,13.0
2013-06-25,31.1,20.5,25.1,0.0,22.2,45.0,16.63,Mahajanga,-15.717,46.317,13.0
2013-06-26,30.5,20.2,24.8,0.0,16.6,34.6,18.33,Mahajanga,-15.717,46.317,13.0
2013-06-27,30.8,20.9,25.2,0.0,12.8,28.4,18.4,Mahajanga,-15.717,46.317,13.0
2013-06-28,30.7,19.8,25.1,0.0,11.9,27.0,18.11,Mahajanga,-15.717,46.317,13.0
2013-06-29,30.7,21.4,25.4,0.0,16.9,34.6,18.34,Mahajanga,-15.717,46.317,13.0
2013-06-30,30.9,20.4,25.3,0.0,15.3,32.8,18.27,Mahajanga,-15.717,46.317,13.0
2013-07-01,30.9,20.1,25.1,0.0,12.1,26.6,18.46,Mahajanga,-15.717,46.317,13.0
2013-07-02,30.6,21.3,25.3,0.0,15.5,32.4,17.58,Mahajanga,-15.717,46.317,13.0
2013-07-03,30.3,20.8,24.9,0.0,15.9,33.8,18.77,Mahajanga,-15.717,46.317,13.0
2013-07-04,30.0,19.6,24.4,0.0,15.0,32.0,18.72,Mahajanga,-15.717,46.317,13.0
2013-07-05,30.0,18.7,24.2,0.0,13.2,29.9,19.03,Mahajanga,-15.717,46.317,13.0
2013-07-06,30.1,20.0,24.3,0.0,12.7,26.6,19.18,Mahajanga,-15.717,46.317,13.0
2013-07-07,29.6,19.9,24.0,0.0,16.8,36.0,18.94,Mahajanga,-15.717,46.317,13.0
2013-07-08,29.2,20.4,24.3,0.0,15.9,32.8,16.81,Mahajanga,-15.717,46.317,13.0
2013-07-09,28.8,20.7,24.3,0.0,12.6,28.1,17.56,Mahajanga,-15.717,46.317,13.0
2013-07-10,28.9,20.3,24.0,0.0,13.8,30.2,18.11,Mahajanga,-15.717,46.317,13.0
2013-07-11,29.1,20.3,24.1,0.0,18.0,36.0,18.96,Mahajanga,-15.717,46.317,13.0
2013-07-12,29.2,19.6,24.3,0.0,18.1,37.4,17.11,Mahajanga,-15.717,46.317,13.0
2013-07-13,29.7,19.5,24.5,0.0,18.4,38.2,18.86,Mahajanga,-15.717,46.317,13.0
2013-07-14,29.8,19.7,24.5,0.0,14.6,29.9,18.99,Mahajanga,-15.717,46.317,13.0
2013-07-15,30.2,20.5,25.1,0.0,15.8,33.5,18.46,Mahajanga,-15.717,46.317,13.0
2013-07-16,29.6,20.4,24.6,0.0,17.2,36.0,19.23,Mahajanga,-15.717,46.317,13.0
2013-07-17,29.7,18.1,23.9,0.0,12.9,28.8,19.3,Mahajanga,-15.717,46.317,13.0
2013-07-18,30.2,19.4,24.7,0.0,12.2,20.9,18.92,Mahajanga,-15.717,46.317,13.0
2013-07-19,30.6,20.7,25.3,0.0,20.1,36.7,18.18,Mahajanga,-15.717,46.317,13.0
2013-07-20,29.6,19.5,24.2,0.0,18.8,36.7,19.53,Mahajanga,-15.717,46.317,13.0
2013-07-21,29.4,19.1,23.9,0.0,16.1,33.5,19.54,Mahajanga,-15.717,46.317,13.0
2013-07-22,30.5,19.2,24.7,0.0,15.5,33.5,18.83,Mahajanga,-15.717,46.317,13.0
2013-07-23,30.6,20.8,25.4,0.0,18.8,38.9,19.53,Mahajanga,-15.717,46.317,13.0
2013-07-24,32.0,20.7,26.0,0.0,20.9,42.1,19.01,Mahajanga,-15.717,46.317,13.0
2013-07-25,31.3,20.8,25.9,0.0,18.3,37.8,19.44,Mahajanga,-15.717,46.317,13.0
2013-07-26,30.4,20.9,25.3,0.0,19.4,39.6,19.91,Mahajanga,-15.717,46.317,13.0
2013-07-27,31.3,22.0,26.1,0.0,20.6,41.4,17.26,Mahajanga,-15.717,46.317,13.0
2013-07-28,31.9,21.7,25.9,0.0,20.6,41.8,19.72,Mahajanga,-15.717,46.317,13.0
2013-07-29,31.6,22.7,26.6,0.0,16.4,34.6,20.08,Mahajanga,-15.717,46.317,13.0
2013-07-30,32.0,21.2,26.0,0.0,13.7,32.0,20.15,Mahajanga,-15.717,46.317,13.0
2013-07-31,31.7,21.0,26.1,0.0,17.8,37.1,20.04,Mahajanga,-15.717,46.317,13.0
2013-08-01,30.8,21.2,25.8,0.0,21.7,40.7,20.32,Mahajanga,-15.717,46.317,13.0
2013-08-02,30.0,20.1,24.9,0.0,21.7,43.6,20.76,Mahajanga,-15.717,46.317,13.0
2013-08-03,30.0,19.6,24.6,0.0,22.0,43.2,20.77,Mahajanga,-15.717,46.317,13.0
2013-08-04,30.2,20.0,24.8,0.0,25.4,50.8,19.35,Mahajanga,-15.717,46.317,13.0
2013-08-05,31.1,19.7,24.7,0.0,23.0,46.8,20.06,Mahajanga,-15.717,46.317,13.0
2013-08-06,31.2,21.2,25.2,0.0,23.2,46.8,18.68,Mahajanga,-15.717,46.317,13.0
2013-08-07,30.9,20.7,25.3,0.0,21.7,43.9,20.2,Mahajanga,-15.717,46.317,13.0
2013-08-08,30.8,20.4,25.4,0.0,20.1,41.0,20.26,Mahajanga,-15.717,46.317,13.0
2013-08-09,31.0,20.6,25.7,0.0,19.2,39.6,19.35,Mahajanga,-15.717,46.317,13.0
2013-08-10,30.9,20.3,25.5,0.0,18.0,37.8,21.12,Mahajanga,-15.717,46.317,13.0
2013-08-11,30.9,20.0,25.3,0.0,13.4,30.2,21.06,Mahajanga,-15.717,46.317,13.0
2013-08-12,31.2,20.7,25.5,0.0,12.2,28.1,21.3,Mahajanga,-15.717,46.317,13.0
2013-08-13,30.7,19.6,24.9,0.0,14.2,31.0,21.78,Mahajanga,-15.717,46.317,13.0
2013-08-14,30.9,20.7,25.0,0.0,13.0,28.8,21.89,Mahajanga,-15.717,46.317,13.0
2013-08-15,31.0,21.1,25.5,0.0,19.9,40.0,21.39,Mahajanga,-15.717,46.317,13.0
2013-08-16,31.1,20.3,25.4,0.0,17.8,37.4,22.26,Mahajanga,-15.717,46.317,13.0
2013-08-17,32.4,20.8,26.1,0.0,15.1,33.1,21.96,Mahajanga,-15.717,46.317,13.0
2013-08-18,31.7,22.2,26.1,0.0,15.0,33.1,21.72,Mahajanga,-15.717,46.317,13.0
2013-08-19,31.8,21.5,26.0,0.0,16.2,32.8,22.26,Mahajanga,-15.717,46.317,13.0
2013-08-20,32.0,21.3,26.5,0.0,22.2,41.0,22.65,Mahajanga,-15.717,46.317,13.0
2013-08-21,31.9,21.4,26.2,0.0,23.9,47.5,22.46,Mahajanga,-15.717,46.317,13.0
2013-08-22,31.5,20.0,25.4,0.0,21.3,39.2,22.42,Mahajanga,-15.717,46.317,13.0
2013-08-23,31.7,20.9,26.0,0.0,17.1,35.6,22.73,Mahajanga,-15.717,46.317,13.0
2013-08-24,32.1,21.1,26.3,0.0,15.0,34.2,21.05,Mahajanga,-15.717,46.317,13.0
2013-08-25,31.9,21.3,26.1,0.0,14.6,28.1,22.83,Mahajanga,-15.717,46.317,13.0
2013-08-26,32.5,22.6,26.8,0.0,23.8,44.3,20.06,Mahajanga,-15.717,46.317,13.0
2013-08-27,31.7,21.1,26.0,0.0,27.4,54.7,19.11,Mahajanga,-15.717,46.317,13.0
2013-08-28,31.2,19.7,25.3,0.0,24.3,46.4,23.58,Mahajanga,-15.717,46.317,13.0
2013-08-29,32.4,20.1,26.1,0.0,21.6,44.3,23.89,Mahajanga,-15.717,46.317,13.0
2013-08-30,31.8,21.5,26.5,0.0,20.9,42.1,18.98,Mahajanga,-15.717,46.317,13.0
2013-08-31,32.4,22.8,26.7,0.0,19.3,39.6,22.12,Mahajanga,-15.717,46.317,13.0
2013-09-01,33.0,22.2,26.7,0.0,17.4,36.0,23.72,Mahajanga,-15.717,46.317,13.0
2013-09-02,32.7,21.1,26.4,0.0,15.9,33.8,23.71,Mahajanga,-15.717,46.317,13.0
2013-09-03,32.3,21.5,26.3,0.0,19.2,39.6,24.04,Mahajanga,-15.717,46.317,13.0
2013-09-04,32.5,20.3,26.0,0.0,14.9,32.4,24.18,Mahajanga,-15.717,46.317,13.0
2013-09-05,32.1,21.5,26.0,0.0,15.3,29.5,24.04,Mahajanga,-15.717,46.317,13.0
2013-09-06,32.0,22.6,26.4,0.0,20.9,41.0,22.43,Mahajanga,-15.717,46.317,13.0
2013-09-07,32.5,22.7,27.0,0.0,18.3,39.2,23.59,Mahajanga,-15.717,46.317,13.0
2013-09-08,31.7,21.2,26.0,0.0,19.0,38.9,24.56,Mahajanga,-15.717,46.317,13.0
2013-09-09,33.1,21.4,26.7,0.0,16.1,33.8,24.69,Mahajanga,-15.717,46.317,13.0
2013-09-10,33.1,21.8,26.5,0.0,15.9,33.5,24.69,Mahajanga,-15.717,46.317,13.0
2013-09-11,33.3,22.3,26.8,0.0,17.0,33.8,25.04,Mahajanga,-15.717,46.317,13.0
2013-09-12,32.2,21.5,26.2,0.0,14.3,32.0,25.13,Mahajanga,-15.717,46.317,13.0
2013-09-13,32.5,21.8,26.5,0.0,16.4,37.1,24.94,Mahajanga,-15.717,46.317,13.0
2013-09-14,33.2,21.9,26.9,0.0,17.9,37.8,24.37,Mahajanga,-15.717,46.317,13.0
2013-09-15,33.4,23.0,27.8,0.0,17.2,36.4,23.68,Mahajanga,-15.717,46.317,13.0
2013-09-16,32.9,22.1,27.2,0.0,19.3,40.0,25.44,Mahajanga,-15.717,46.317,13.0
2013-09-17,33.2,21.4,26.8,0.0,20.5,43.2,25.22,Mahajanga,-15.717,46.317,13.0
2013-09-18,33.8,22.3,27.7,0.0,22.4,45.0,25.16,Mahajanga,-15.717,46.317,13.0
2013-09-19,32.8,21.8,26.9,0.0,18.9,40.7,23.21,Mahajanga,-15.717,46.317,13.0
2013-09-20,34.1,22.4,27.7,0.0,20.5,41.8,24.24,Mahajanga,-15.717,46.317,13.0
2013-09-21,33.7,22.9,28.1,0.0,24.0,47.2,23.54,Mahajanga,-15.717,46.317,13.0
2013-09-22,33.7,22.2,27.5,0.0,21.7,43.2,26.11,Mahajanga,-15.717,46.317,13.0
2013-09-23,33.4,21.9,27.3,0.0,17.0,36.4,26.23,Mahajanga,-15.717,46.317,13.0
2013-09-24,33.0,22.2,27.1,0.0,16.6,36.0,25.97,Mahajanga,-15.717,46.317,13.0
2013-09-25,32.1,22.4,26.6,0.0,16.5,33.1,25.56,Mahajanga,-15.717,46.317,13.0
2013-09-26,31.1,22.2,26.4,0.1,18.1,36.4,24.94,Mahajanga,-15.717,46.317,13.0
2013-09-27,32.0,22.5,26.8,0.0,16.6,33.8,24.82,Mahajanga,-15.717,46.317,13.0
2013-09-28,34.3,23.4,27.4,0.0,19.3,40.7,27.35,Mahajanga,-15.717,46.317,13.0
2013-09-29,34.6,22.4,27.7,0.0,15.1,33.5,24.98,Mahajanga,-15.717,46.317,13.0
2013-09-30,33.3,23.5,28.0,0.7,15.3,30.6,24.72,Mahajanga,-15.717,46.317,13.0
2013-10-01,34.8,25.3,29.0,2.9,20.0,42.8,22.73,Mahajanga,-15.717,46.317,13.0
2013-10-02,34.2,24.1,28.0,0.0,23.5,47.5,24.25,Mahajanga,-15.717,46.317,13.0
2013-10-03,33.8,24.2,28.4,0.4,23.2,49.0,22.23,Mahajanga,-15.717,46.317,13.0
2013-10-04,34.8,24.4,29.1,0.0,25.1,48.2,24.37,Mahajanga,-15.717,46.317,13.0
2013-10-05,34.9,22.1,28.2,0.0,25.8,48.2,27.48,Mahajanga,-15.717,46.317,13.0
2013-10-06,34.3,22.5,28.0,0.0,24.4,49.7,27.31,Mahajanga,-15.717,46.317,13.0
2013-10-07,34.1,23.1,27.7,0.0,22.4,45.4,23.95,Mahajanga,-15.717,46.317,13.0
2013-10-08,32.6,22.9,27.1,0.0,17.3,32.4,24.5,Mahajanga,-15.717,46.317,13.0
2013-10-09,32.1,23.6,27.0,1.3,16.5,32.4,23.12,Mahajanga,-15.717,46.317,13.0
2013-10-10,33.0,23.7,27.7,0.1,13.3,27.4,24.07,Mahajanga,-15.717,46.317,13.0
2013-10-11,35.2,23.3,28.6,0.0,17.1,33.8,26.61,Mahajanga,-15.717,46.317,13.0
2013-10-12,35.3,25.3,29.2,0.0,17.4,37.4,26.5,Mahajanga,-15.717,46.317,13.0
2013-10-13,34.4,24.6,28.6,0.2,18.9,37.1,26.7,Mahajanga,-15.717,46.317,13.0
2013-10-14,32.4,24.8,28.2,0.1,19.0,37.1,23.08,Mahajanga,-15.717,46.317,13.0
2013-10-15,33.4,26.0,28.7,0.1,17.7,34.9,21.5,Mahajanga,-15.717,46.317,13.0
2013-10-16,34.2,25.1,28.5,1.0,20.1,39.6,27.48,Mahajanga,-15.717,46.317,13.0
2013-10-17,32.2,24.5,27.5,3.4,17.3,36.0,16.25,Mahajanga,-15.717,46.317,13.0
2013-10-18,33.6,23.5,27.3,0.2,17.8,36.4,22.34,Mahajanga,-15.717,46.317,13.0
2013-10-19,33.9,24.4,28.0,0.0,17.8,32.8,23.57,Mahajanga,-15.717,46.317,13.0
2013-10-20,32.5,24.5,27.7,0.0,19.3,38.2,24.69,Mahajanga,-15.717,46.317,13.0
2013-10-21,34.6,24.2,28.5,0.0,18.3,37.8,25.51,Mahajanga,-15.717,46.317,13.0
2013-10-22,33.2,24.8,28.0,1.1,21.3,41.4,24.28,Mahajanga,-15.717,46.317,13.0
2013-10-23,31.1,25.1,27.6,1.4,22.0,42.5,22.92,Mahajanga,-15.717,46.317,13.0
2013-10-24,35.2,24.5,28.7,1.2,16.7,35.3,28.11,Mahajanga,-15.717,46.317,13.0
2013-10-25,35.3,24.1,28.8,0.2,21.5,42.8,29.25,Mahajanga,-15.717,46.317,13.0
2013-10-26,34.7,23.4,28.2,0.0,19.9,40.0,29.1,Mahajanga,-15.717,46.317,13.0
2013-10-27,34.4,23.7,28.1,0.0,20.4,40.0,28.86,Mahajanga,-15.717,46.317,13.0
2013-10-28,35.0,24.4,28.7,0.9,20.6,42.8,28.29,Mahajanga,-15.717,46.317,13.0
2013-10-29,35.8,24.8,29.1,0.0,18.1,38.9,28.28,Mahajanga,-15.717,46.317,13.0
2013-10-30,35.5,24.2,29.3,0.1,14.2,31.0,28.35,Mahajanga,-15.717,46.317,13.0
2013-10-31,34.9,25.8,29.2,2.0,19.5,43.2,25.23,Mahajanga,-15.717,46.317,13.0
2013-11-01,35.6,25.1,29.2,0.3,18.5,37.4,27.44,Mahajanga,-15.717,46.317,13.0
2013-11-02,34.9,25.4,29.3,0.1,19.5,37.8,27.58,Mahajanga,-15.717,46.317,13.0
2013-11-03,33.3,26.3,28.6,1.5,22.4,42.5,24.57,Mahajanga,-15.717,46.317,13.0
2013-11-04,34.2,25.3,29.0,1.2,19.7,37.8,24.93,Mahajanga,-15.717,46.317,13.0
2013-11-05,34.4,25.2,28.7,3.2,19.6,38.9,28.71,Mahajanga,-15.717,46.317,13.0
2013-11-06,35.0,25.6,29.1,0.0,22.2,44.3,27.85,Mahajanga,-15.717,46.317,13.0
2013-11-07,35.0,25.9,29.4,0.2,20.9,40.0,27.49,Mahajanga,-15.717,46.317,13.0
2013-11-08,36.0,25.6,29.5,0.1,20.9,39.2,29.24,Mahajanga,-15.717,46.317,13.0
2013-11-09,33.8,24.8,28.8,0.1,18.7,39.2,26.03,Mahajanga,-15.717,46.317,13.0
2013-11-10,32.1,24.7,27.8,3.7,15.8,31.3,19.89,Mahajanga,-15.717,46.317,13.0
2013-11-11,30.7,24.2,27.0,16.7,11.2,31.0,20.21,Mahajanga,-15.717,46.317,13.0
2013-11-12,32.0,23.5,26.9,5.3,15.3,35.6,22.77,Mahajanga,-15.717,46.317,13.0
2013-11-13,31.7,24.7,27.8,1.3,12.3,27.0,24.92,Mahajanga,-15.717,46.317,13.0
2013-11-14,32.8,24.3,28.1,10.2,15.8,30.6,26.87,Mahajanga,-15.717,46.317,13.0
2013-11-15,34.5,25.2,29.0,2.4,18.3,51.1,26.15,Mahajanga,-15.717,46.317,13.0
2013-11-16,34.3,25.2,29.3,0.8,15.5,27.0,28.72,Mahajanga,-15.717,46.317,13.0
2013-11-17,32.6,26.2,28.9,0.3,15.6,29.9,25.11,Mahajanga,-15.717,46.317,13.0
2013-11-18,31.7,25.6,28.2,1.8,16.9,31.0,22.69,Mahajanga,-15.717,46.317,13.0
2013-11-19,31.1,24.7,27.7,8.5,15.0,28.1,20.03,Mahajanga,-15.717,46.317,13.0
2013-11-20,31.5,24.7,27.6,2.2,13.8,24.5,19.19,Mahajanga,-15.717,46.317,13.0
2013-11-21,31.3,24.6,27.6,9.6,13.8,27.4,22.83,Mahajanga,-15.717,46.317,13.0
2013-11-22,31.8,24.4,27.5,3.0,13.8,25.6,22.04,Mahajanga,-15.717,46.317,13.0
2013-11-23,30.4,23.8,26.7,14.0,12.7,26.3,18.53,Mahajanga,-15.717,46.317,13.0
2013-11-24,29.0,23.6,25.9,13.8,11.8,30.6,17.42,Mahajanga,-15.717,46.317,13.0
2013-11-25,28.5,23.7,26.0,6.0,11.2,28.1,17.74,Mahajanga,-15.717,46.317,13.0
2013-11-26,30.0,23.4,26.3,6.5,13.8,28.4,20.64,Mahajanga,-15.717,46.317,13.0
2013-11-27,30.8,23.5,27.1,4.9,13.4,28.4,22.43,Mahajanga,-15.717,46.317,13.0
2013-11-28,31.2,24.4,27.4,8.9,13.2,28.8,24.47,Mahajanga,-15.717,46.317,13.0
2013-11-29,31.2,23.6,26.9,23.5,11.8,25.2,22.2,Mahajanga,-15.717,46.317,13.0
2013-11-30,31.5,23.9,27.1,0.6,14.1,27.0,25.28,Mahajanga,-15.717,46.317,13.0
2013-12-01,31.7,24.9,27.9,8.5,11.0,23.4,23.2,Mahajanga,-15.717,46.317,13.0
2013-12-02,30.6,24.7,27.6,4.3,10.7,22.3,19.98,Mahajanga,-15.717,46.317,13.0
2013-12-03,31.1,23.9,27.3,7.1,12.0,23.0,18.48,Mahajanga,-15.717,46.317,13.0
2013-12-04,28.7,24.9,26.5,5.5,17.3,37.8,17.91,Mahajanga,-15.717,46.317,13.0
2013-12-05,31.6,24.6,27.4,5.2,14.4,30.6,26.32,Mahajanga,-15.717,46.317,13.0
2013-12-06,29.5,23.6,26.2,26.4,10.3,28.8,18.08,Mahajanga,-15.717,46.317,13.0
2013-12-07,30.2,24.3,26.7,9.6,9.5,22.3,20.49,Mahajanga,-15.717,46.317,13.0
2013-12-08,30.8,24.1,26.8,5.9,10.4,24.1,18.79,Mahajanga,-15.717,46.317,13.0
2013-12-09,31.2,24.5,27.3,7.2,14.3,28.1,24.56,Mahajanga,-15.717,46.317,13.0
2013-12-10,28.9,24.8,26.8,1.3,14.6,27.7,16.15,Mahajanga,-15.717,46.317,13.0
2013-12-11,30.7,24.7,27.3,4.5,13.3,27.7,22.56,Mahajanga,-15.717,46.317,13.0
2013-12-12,29.9,24.9,27.2,7.2,12.9,26.3,19.27,Mahajanga,-15.717,46.317,13.0
2013-12-13,29.9,24.0,26.6,11.9,10.9,22.7,18.83,Mahajanga,-15.717,46.317,13.0
2013-12-14,28.8,24.4,26.3,13.9,11.1,22.0,15.21,Mahajanga,-15.717,46.317,13.0
2013-12-15,30.9,24.9,27.3,5.5,14.5,28.1,20.78,Mahajanga,-15.717,46.317,13.0
2013-12-16,29.5,24.2,26.4,12.9,10.4,19.1,13.38,Mahajanga,-15.717,46.317,13.0
2013-12-17,29.5,24.8,27.1,2.5,13.2,25.6,20.04,Mahajanga,-15.717,46.317,13.0
2013-12-18,30.3,24.1,27.2,3.4,18.4,33.5,23.49,Mahajanga,-15.717,46.317,13.0
2013-12-19,31.0,24.7,27.3,13.4,13.2,31.7,22.0,Mahajanga,-15.717,46.317,13.0
2013-12-20,28.8,24.4,26.3,8.1,9.2,20.9,10.25,Mahajanga,-15.717,46.317,13.0
2013-12-21,29.2,24.8,26.9,11.3,8.7,19.8,12.94,Mahajanga,-15.717,46.317,13.0
2013-12-22,29.7,24.0,26.2,29.0,10.4,29.5,12.48,Mahajanga,-15.717,46.317,13.0
2013-12-23,31.7,24.6,27.3,1.3,17.2,34.2,23.97,Mahajanga,-15.717,46.317,13.0
2013-12-24,31.8,24.3,27.6,0.0,15.0,31.3,27.85,Mahajanga,-15.717,46.317,13.0
2013-12-25,32.1,24.7,28.0,0.0,14.1,26.6,26.85,Mahajanga,-15.717,46.317,13.0
2013-12-26,30.9,24.7,27.5,1.9,12.6,24.5,23.88,Mahajanga,-15.717,46.317,13.0
2013-12-27,30.6,24.3,27.2,2.5,12.2,23.8,22.22,Mahajanga,-15.717,46.317,13.0
2013-12-28,31.3,24.2,27.8,2.0,11.9,23.0,25.45,Mahajanga,-15.717,46.317,13.0
2013-12-29,31.0,24.7,27.6,10.8,9.8,23.8,22.47,Mahajanga,-15.717,46.317,13.0
2013-12-30,31.2,24.2,27.7,2.0,9.0,19.8,23.59,Mahajanga,-15.717,46.317,13.0
2013-12-31,32.4,25.3,28.3,6.5,8.4,20.9,27.11,Mahajanga,-15.717,46.317,13.0
2014-01-01,30.5,24.9,27.3,11.3,15.2,27.4,22.26,Mahajanga,-15.717,46.317,13.0
2014-01-02,30.1,25.0,27.3,6.3,15.6,34.2,20.64,Mahajanga,-15.717,46.317,13.0
2014-01-03,29.3,25.0,26.2,14.8,17.4,34.9,14.19,Mahajanga,-15.717,46.317,13.0
2014-01-04,28.5,24.4,26.2,8.8,10.5,29.2,9.96,Mahajanga,-15.717,46.317,13.0
2014-01-05,29.1,24.7,26.8,6.3,22.0,41.8,10.48,Mahajanga,-15.717,46.317,13.0
2014-01-06,28.5,24.6,25.8,16.1,16.9,33.1,8.5,Mahajanga,-15.717,46.317,13.0
2014-01-07,28.9,24.2,26.6,5.1,13.3,26.6,14.14,Mahajanga,-15.717,46.317,13.0
2014-01-08,30.5,24.8,27.5,0.1,15.5,32.8,25.51,Mahajanga,-15.717,46.317,13.0
2014-01-09,30.4,25.4,27.6,0.0,17.8,34.2,25.64,Mahajanga,-15.717,46.317,13.0
2014-01-10,30.9,24.2,27.6,0.3,13.4,28.8,23.99,Mahajanga,-15.717,46.317,13.0
2014-01-11,32.9,24.4,28.1,8.7,16.3,30.2,27.57,Mahajanga,-15.717,46.317,13.0
2014-01-12,32.2,24.7,27.5,17.5,12.2,34.6,22.54,Mahajanga,-15.717,46.317,13.0
2014-01-13,30.3,24.8,27.0,23.6,16.3,47.5,18.33,Mahajanga,-15.717,46.317,13.0
2014-01-14,25.7,24.2,24.7,55.1,20.1,36.4,5.3,Mahajanga,-15.717,46.317,13.0
2014-01-15,25.1,24.1,24.6,93.1,23.1,43.9,1.57,Mahajanga,-15.717,46.317,13.0
2014-01-16,27.3,24.1,25.1,49.3,22.4,47.2,12.41,Mahajanga,-15.717,46.317,13.0
2014-01-17,26.2,24.0,24.8,42.6,16.9,35.3,9.87,Mahajanga,-15.717,46.317,13.0
2014-01-18,29.2,23.0,25.7,7.3,9.3,20.5,17.43,Mahajanga,-15.717,46.317,13.0
2014-01-19,27.9,24.3,26.0,12.7,9.2,16.6,10.15,Mahajanga,-15.717,46.317,13.0
2014-01-20,29.6,24.4,26.5,25.5,13.4,26.6,14.99,Mahajanga,-15.717,46.317,13.0
2014-01-21,29.6,24.0,26.5,11.6,16.8,40.0,20.74,Mahajanga,-15.717,46.317,13.0
2014-01-22,29.1,24.1,26.3,8.2,14.3,29.5,18.36,Mahajanga,-15.717,46.317,13.0
2014-01-23,31.0,24.3,27.1,2.4,10.7,23.8,25.82,Mahajanga,-15.717,46.317,13.0
2014-01-24,31.5,23.9,27.1,8.1,10.6,25.6,26.6,Mahajanga,-15.717,46.317,13.0
2014-01-25,31.9,24.6,27.2,12.5,13.8,29.2,25.94,Mahajanga,-15.717,46.317,13.0
2014-01-26,31.5,24.5,27.2,9.0,14.6,33.8,27.0,Mahajanga,-15.717,46.317,13.0
2014-01-27,30.9,24.1,26.8,9.3,14.9,35.6,22.1,Mahajanga,-15.717,46.317,13.0
2014-01-28,29.0,24.2,25.5,36.6,13.4,32.4,15.12,Mahajanga,-15.717,46.317,13.0
2014-01-29,29.4,24.0,26.4,10.0,11.5,23.0,18.0,Mahajanga,-15.717,46.317,13.0
2014-01-30,30.1,24.0,26.8,3.3,10.6,22.0,20.46,Mahajanga,-15.717,46.317,13.0
2014-01-31,30.5,24.0,27.0,10.0,11.5,24.8,21.75,Mahajanga,-15.717,46.317,13.0
2014-02-01,30.2,24.0,27.0,5.6,13.4,23.0,20.65,Mahajanga,-15.717,46.317,13.0
2014-02-02,29.5,25.4,27.4,3.1,11.7,24.5,17.51,Mahajanga,-15.717,46.317,13.0
2014-02-03,30.8,24.4,27.2,13.8,15.3,31.0,20.6,Mahajanga,-15.717,46.317,13.0
2014-02-04,29.2,25.3,26.7,15.8,17.5,35.6,15.58,Mahajanga,-15.717,46.317,13.0
2014-02-05,28.9,24.3,26.0,14.2,19.0,36.4,15.45,Mahajanga,-15.717,46.317,13.0
2014-02-06,27.2,24.1,25.1,20.7,11.5,31.3,6.13,Mahajanga,-15.717,46.317,13.0
2014-02-07,29.4,24.5,26.5,5.3,13.2,21.6,17.07,Mahajanga,-15.717,46.317,13.0
2014-02-08,29.0,24.6,26.4,5.8,14.7,31.0,15.7,Mahajanga,-15.717,46.317,13.0
2014-02-09,29.9,24.1,26.7,1.0,17.5,33.8,23.82,Mahajanga,-15.717,46.317,13.0
2014-02-10,28.5,24.1,26.0,4.2,14.2,23.8,12.22,Mahajanga,-15.717,46.317,13.0
2014-02-11,28.4,24.5,25.8,18.5,13.7,19.4,8.79,Mahajanga,-15.717,46.317,13.0
2014-02-12,28.4,24.2,25.7,20.9,18.5,37.4,14.36,Mahajanga,-15.717,46.317,13.0
2014-02-13,28.4,24.2,25.5,48.1,18.0,35.6,9.36,Mahajanga,-15.717,46.317,13.0
2014-02-14,27.4,24.2,25.5,26.9,14.2,27.7,9.31,Mahajanga,-15.717,46.317,13.0
2014-02-15,26.4,24.0,25.0,33.1,10.6,25.2,5.76,Mahajanga,-15.717,46.317,13.0
2014-02-16,26.2,23.7,24.7,30.7,9.9,19.8,5.76,Mahajanga,-15.717,46.317,13.0
2014-02-17,28.9,24.0,26.0,10.1,11.7,23.0,9.26,Mahajanga,-15.717,46.317,13.0
2014-02-18,29.4,25.0,26.9,1.4,15.6,33.5,19.88,Mahajanga,-15.717,46.317,13.0
2014-02-19,30.2,24.4,27.0,2.1,13.3,25.6,23.08,Mahajanga,-15.717,46.317,13.0
2014-02-20,28.3,24.4,26.2,12.7,13.3,25.6,10.18,Mahajanga,-15.717,46.317,13.0
2014-02-21,29.5,24.6,26.4,13.0,11.3,25.2,16.84,Mahajanga,-15.717,46.317,13.0
2014-02-22,29.5,23.9,25.8,24.7,11.6,31.3,17.09,Mahajanga,-15.717,46.317,13.0
2014-02-23,30.9,23.5,26.4,11.0,19.7,45.4,23.79,Mahajanga,-15.717,46.317,13.0
2014-02-24,30.7,23.6,26.5,19.2,10.2,33.5,22.35,Mahajanga,-15.717,46.317,13.0
2014-02-25,30.1,23.9,26.5,5.7,13.8,26.6,22.84,Mahajanga,-15.717,46.317,13.0
2014-02-26,29.6,24.2,26.8,1.2,14.5,26.3,22.59,Mahajanga,-15.717,46.317,13.0
2014-02-27,30.3,24.3,27.2,0.2,11.3,24.8,23.4,Mahajanga,-15.717,46.317,13.0
2014-02-28,31.2,24.6,27.7,1.7,12.6,22.7,23.85,Mahajanga,-15.717,46.317,13.0
2014-03-01,29.7,23.8,26.5,10.4,12.1,21.6,13.77,Mahajanga,-15.717,46.317,13.0
2014-03-02,32.1,24.3,27.7,1.5,13.6,29.2,26.59,Mahajanga,-15.717,46.317,13.0
2014-03-03,31.9,25.2,28.3,0.4,14.5,32.0,24.46,Mahajanga,-15.717,46.317,13.0
2014-03-04,32.5,25.1,28.5,0.0,16.6,39.6,26.47,Mahajanga,-15.717,46.317,13.0
2014-03-05,33.1,25.1,28.7,1.1,19.8,40.7,25.67,Mahajanga,-15.717,46.317,13.0
2014-03-06,32.6,25.7,28.0,16.5,16.9,43.9,24.49,Mahajanga,-15.717,46.317,13.0
2014-03-07,31.9,25.1,28.0,0.7,17.8,37.8,23.4,Mahajanga,-15.717,46.317,13.0
2014-03-08,32.3,24.2,28.3,0.8,13.2,26.6,26.78,Mahajanga,-15.717,46.317,13.0
2014-03-09,31.9,24.9,28.1,3.4,12.6,31.0,25.95,Mahajanga,-15.717,46.317,13.0
2014-03-10,32.2,25.2,28.6,0.9,11.8,27.4,26.28,Mahajanga,-15.717,46.317,13.0
2014-03-11,32.5,25.5,28.4,2.4,13.4,31.7,26.32,Mahajanga,-15.717,46.317,13.0
2014-03-12,32.4,25.3,28.3,4.1,11.1,28.4,24.07,Mahajanga,-15.717,46.317,13.0
2014-03-13,32.8,25.2,27.8,8.7,10.5,27.7,24.19,Mahajanga,-15.717,46.317,13.0
2014-03-14,32.4,24.9,28.4,1.8,14.4,33.8,24.98,Mahajanga,-15.717,46.317,13.0
2014-03-15,31.2,24.8,27.9,3.5,10.5,21.6,22.86,Mahajanga,-15.717,46.317,13.0
2014-03-16,30.9,26.2,28.2,0.4,14.2,28.4,21.94,Mahajanga,-15.717,46.317,13.0
2014-03-17,31.2,25.4,28.0,6.6,13.0,25.6,20.16,Mahajanga,-15.717,46.317,13.0
2014-03-18,29.8,25.2,27.2,3.3,13.1,27.0,18.0,Mahajanga,-15.717,46.317,13.0
2014-03-19,29.5,25.1,26.9,11.8,10.7,22.7,15.26,Mahajanga,-15.717,46.317,13.0
2014-03-20,30.9,24.8,27.5,2.5,11.2,25.2,21.68,Mahajanga,-15.717,46.317,13.0
2014-03-21,31.9,24.5,27.7,11.4,8.7,20.5,24.2,Mahajanga,-15.717,46.317,13.0
2014-03-22,33.9,25.4,28.9,0.0,21.2,40.0,21.59,Mahajanga,-15.717,46.317,13.0
2014-03-23,30.3,26.2,27.9,2.2,15.9,52.2,12.16,Mahajanga,-15.717,46.317,13.0
2014-03-24,32.1,25.7,28.1,19.8,15.8,46.1,22.21,Mahajanga,-15.717,46.317,13.0
2014-03-25,32.3,25.0,28.1,0.0,17.2,36.7,22.67,Mahajanga,-15.717,46.317,13.0
2014-03-26,31.1,24.4,27.6,0.0,12.0,26.3,24.9,Mahajanga,-15.717,46.317,13.0
2014-03-27,30.5,24.2,27.1,0.8,12.0,26.6,23.7,Mahajanga,-15.717,46.317,13.0
2014-03-28,30.6,24.7,27.2,0.1,12.4,27.4,21.42,Mahajanga,-15.717,46.317,13.0
2014-03-29,27.1,23.8,25.4,4.8,12.8,25.9,10.46,Mahajanga,-15.717,46.317,13.0
2014-03-30,25.3,22.6,23.6,47.1,27.6,49.7,3.71,Mahajanga,-15.717,46.317,13.0
2014-03-31,25.2,22.8,23.9,31.4,31.4,61.6,3.01,Mahajanga,-15.717,46.317,13.0
2014-04-01,28.0,23.3,25.4,12.6,16.7,33.1,12.98,Mahajanga,-15.717,46.317,13.0
2014-04-02,30.5,23.3,26.7,0.0,10.6,28.1,20.58,Mahajanga,-15.717,46.317,13.0
2014-04-03,30.4,24.8,27.3,0.7,8.7,23.0,20.17,Mahajanga,-15.717,46.317,13.0
2014-04-04,31.6,24.2,27.7,2.4,12.6,27.4,23.54,Mahajanga,-15.717,46.317,13.0
2014-04-05,31.0,24.3,27.6,0.0,12.6,28.1,24.15,Mahajanga,-15.717,46.317,13.0
2014-04-06,30.5,23.5,27.0,0.0,10.3,22.7,23.02,Mahajanga,-15.717,46.317,13.0
2014-04-07,30.4,24.6,27.4,0.0,12.6,25.2,22.13,Mahajanga,-15.717,46.317,13.0
2014-04-08,30.8,23.4,26.8,0.0,11.3,18.7,24.43,Mahajanga,-15.717,46.317,13.0
2014-04-09,30.2,23.7,26.6,0.8,17.1,34.2,21.33,Mahajanga,-15.717,46.317,13.0
2014-04-10,30.9,23.0,26.5,0.0,19.7,38.9,24.13,Mahajanga,-15.717,46.317,13.0
2014-04-11,31.6,21.6,26.2,0.0,21.3,42.5,24.08,Mahajanga,-15.717,46.317,13.0
2014-04-12,30.8,21.6,26.2,0.0,16.7,32.8,23.46,Mahajanga,-15.717,46.317,13.0
2014-04-13,30.7,23.4,26.9,0.0,16.6,37.1,19.88,Mahajanga,-15.717,46.317,13.0
2014-04-14,31.5,24.1,27.4,0.0,16.1,34.2,21.89,Mahajanga,-15.717,46.317,13.0
2014-04-15,31.9,23.8,27.6,0.0,13.7,29.5,23.37,Mahajanga,-15.717,46.317,13.0
2014-04-16,32.3,24.4,27.7,0.0,11.6,25.9,23.23,Mahajanga,-15.717,46.317,13.0
2014-04-17,33.0,25.0,27.8,5.7,11.8,26.6,22.74,Mahajanga,-15.717,46.317,13.0
2014-04-18,32.2,24.0,27.5,4.1,14.8,39.2,20.67,Mahajanga,-15.717,46.317,13.0
2014-04-19,32.4,25.8,28.4,0.0,18.5,37.8,20.94,Mahajanga,-15.717,46.317,13.0
2014-04-20,32.3,24.3,28.3,0.2,13.8,29.5,22.14,Mahajanga,-15.717,46.317,13.0
2014-04-21,31.9,24.6,27.9,0.0,14.2,30.6,22.4,Mahajanga,-15.717,46.317,13.0
2014-04-22,32.5,24.5,27.9,0.0,13.0,28.8,22.55,Mahajanga,-15.717,46.317,13.0
2014-04-23,32.6,24.8,28.2,0.0,12.7,28.1,22.09,Mahajanga,-15.717,46.317,13.0
2014-04-24,32.8,24.7,28.2,0.0,15.0,32.0,22.26,Mahajanga,-15.717,46.317,13.0
2014-04-25,32.6,24.9,28.5,0.2,14.7,31.3,21.49,Mahajanga,-15.717,46.317,13.0
2014-04-26,32.7,25.0,28.3,0.0,12.8,28.1,22.21,Mahajanga,-15.717,46.317,13.0
2014-04-27,32.5,24.2,27.9,0.0,14.1,29.9,21.69,Mahajanga,-15.717,46.317,13.0
2014-04-28,32.3,24.3,27.7,0.0,12.9,28.1,21.66,Mahajanga,-15.717,46.317,13.0
2014-04-29,32.0,24.1,27.7,0.0,13.7,25.2,20.71,Mahajanga,-15.717,46.317,13.0
2014-04-30,31.7,23.5,27.1,0.0,11.0,22.3,22.0,Mahajanga,-15.717,46.317,13.0
2014-05-01,33.6,22.4,28.0,0.0,17.1,35.6,21.05,Mahajanga,-15.717,46.317,13.0
2014-05-02,34.2,24.9,29.3,0.0,20.2,44.3,20.58,Mahajanga,-15.717,46.317,13.0
2014-05-03,34.0,25.5,29.4,0.0,20.6,42.1,20.7,Mahajanga,-15.717,46.317,13.0
2014-05-04,33.3,24.7,28.9,0.0,25.4,48.6,16.66,Mahajanga,-15.717,46.317,13.0
2014-05-05,34.0,25.2,29.3,0.0,19.0,40.3,20.13,Mahajanga,-15.717,46.317,13.0
2014-05-06,33.4,24.7,28.7,0.0,18.6,38.2,20.93,Mahajanga,-15.717,46.317,13.0
2014-05-07,32.7,23.7,28.1,0.0,16.4,35.3,20.7,Mahajanga,-15.717,46.317,13.0
2014-05-08,32.7,23.0,27.8,0.0,14.0,30.2,21.05,Mahajanga,-15.717,46.317,13.0
2014-05-09,33.1,23.2,27.9,0.0,13.1,28.1,20.93,Mahajanga,-15.717,46.317,13.0
2014-05-10,33.1,25.2,28.4,0.0,15.7,33.5,20.26,Mahajanga,-15.717,46.317,13.0
2014-05-11,33.0,24.7,28.1,0.0,16.3,34.2,20.47,Mahajanga,-15.717,46.317,13.0
2014-05-12,32.5,23.6,27.6,0.0,13.6,22.7,20.14,Mahajanga,-15.717,46.317,13.0
2014-05-13,32.2,24.0,27.6,0.0,14.2,31.3,20.56,Mahajanga,-15.717,46.317,13.0
2014-05-14,31.4,22.4,26.7,0.0,14.8,32.4,20.75,Mahajanga,-15.717,46.317,13.0
2014-05-15,30.6,21.7,25.8,0.0,14.3,27.0,20.27,Mahajanga,-15.717,46.317,13.0
2014-05-16,30.1,20.8,25.2,0.0,12.0,24.8,20.53,Mahajanga,-15.717,46.317,13.0
2014-05-17,31.4,20.9,26.1,0.0,11.7,20.9,20.12,Mahajanga,-15.717,46.317,13.0
2014-05-18,31.8,22.2,26.7,0.0,14.0,23.4,19.77,Mahajanga,-15.717,46.317,13.0
2014-05-19,32.1,21.8,26.9,0.0,11.9,22.3,18.63,Mahajanga,-15.717,46.317,13.0
2014-05-20,32.2,24.0,27.3,0.0,17.4,36.0,19.58,Mahajanga,-15.717,46.317,13.0
2014-05-21,31.2,22.5,26.6,0.0,16.1,34.2,20.01,Mahajanga,-15.717,46.317,13.0
2014-05-22,30.9,22.0,26.1,0.0,10.5,25.6,19.71,Mahajanga,-15.717,46.317,13.0
2014-05-23,32.0,22.3,26.8,0.0,21.1,42.8,20.11,Mahajanga,-15.717,46.317,13.0
2014-05-24,32.0,23.1,27.1,0.0,29.0,54.7,14.08,Mahajanga,-15.717,46.317,13.0
2014-05-25,31.0,22.0,26.0,0.0,24.5,47.5,19.71,Mahajanga,-15.717,46.317,13.0
2014-05-26,30.7,21.1,25.5,0.0,19.3,38.9,19.69,Mahajanga,-15.717,46.317,13.0
2014-05-27,30.3,21.3,25.4,0.0,9.2,20.2,19.61,Mahajanga,-15.717,46.317,13.0
2014-05-28,30.9,20.7,25.7,0.0,11.9,27.4,19.49,Mahajanga,-15.717,46.317,13.0
2014-05-29,30.7,21.4,25.9,0.0,16.9,35.3,19.63,Mahajanga,-15.717,46.317,13.0
2014-05-30,31.1,21.4,26.2,0.0,16.1,35.3,19.12,Mahajanga,-15.717,46.317,13.0
2014-05-31,31.7,22.0,26.4,0.0,15.5,32.8,19.02,Mahajanga,-15.717,46.317,13.0
2014-06-01,31.6,21.8,26.2,0.0,17.6,36.4,19.38,Mahajanga,-15.717,46.317,13.0
2014-06-02,31.8,22.4,26.6,0.0,13.4,29.9,19.16,Mahajanga,-15.717,46.317,13.0
2014-06-03,31.5,21.8,26.4,0.0,15.0,32.4,18.6,Mahajanga,-15.717,46.317,13.0
2014-06-04,31.9,22.3,26.6,0.0,17.5,36.4,18.84,Mahajanga,-15.717,46.317,13.0
2014-06-05,32.3,23.7,27.2,0.0,21.7,42.1,17.37,Mahajanga,-15.717,46.317,13.0
2014-06-06,32.6,22.8,27.1,0.0,19.2,38.2,16.56,Mahajanga,-15.717,46.317,13.0
2014-06-07,31.6,23.2,27.1,0.0,10.9,27.0,16.95,Mahajanga,-15.717,46.317,13.0
2014-06-08,31.9,22.6,27.2,0.0,16.2,33.5,18.06,Mahajanga,-15.717,46.317,13.0
2014-06-09,32.4,23.8,27.4,0.0,19.5,40.7,17.84,Mahajanga,-15.717,46.317,13.0
2014-06-10,30.9,22.2,26.1,0.0,18.9,37.8,18.68,Mahajanga,-15.717,46.317,13.0
2014-06-11,29.9,20.6,24.9,0.0,17.7,36.4,18.93,Mahajanga,-15.717,46.317,13.0
2014-06-12,30.0,19.7,24.8,0.0,16.3,34.2,16.5,Mahajanga,-15.717,46.317,13.0
2014-06-13,30.1,21.3,25.6,0.0,18.6,37.8,17.34,Mahajanga,-15.717,46.317,13.0
2014-06-14,30.3,21.3,25.4,0.0,17.2,35.6,17.75,Mahajanga,-15.717,46.317,13.0
2014-06-15,30.5,21.9,25.8,0.0,16.7,34.2,17.41,Mahajanga,-15.717,46.317,13.0
2014-06-16,30.1,22.9,26.1,0.0,9.5,23.8,16.5,Mahajanga,-15.717,46.317,13.0
2014-06-17,30.1,22.2,26.1,0.0,10.5,25.2,13.5,Mahajanga,-15.717,46.317,13.0
2014-06-18,32.2,22.8,26.9,0.0,16.6,34.9,17.9,Mahajanga,-15.717,46.317,13.0
2014-06-19,31.2,22.8,26.9,0.2,14.3,32.0,13.8,Mahajanga,-15.717,46.317,13.0
2014-06-20,32.0,23.4,27.0,0.0,11.8,27.4,17.74,Mahajanga,-15.717,46.317,13.0
2014-06-21,32.3,22.2,26.8,0.0,21.6,43.2,17.07,Mahajanga,-15.717,46.317,13.0
2014-06-22,30.5,21.7,25.7,0.0,21.1,41.4,18.53,Mahajanga,-15.717,46.317,13.0
2014-06-23,30.2,20.6,25.1,0.0,25.1,49.7,18.8,Mahajanga,-15.717,46.317,13.0
2014-06-24,30.8,20.4,25.3,0.0,19.1,40.0,17.81,Mahajanga,-15.717,46.317,13.0
2014-06-25,30.7,21.1,25.5,0.0,16.8,34.6,18.55,Mahajanga,-15.717,46.317,13.0
2014-06-26,29.8,19.7,24.5,0.0,17.3,35.6,18.76,Mahajanga,-15.717,46.317,13.0
2014-06-27,30.3,20.2,25.1,0.0,16.1,34.2,18.13,Mahajanga,-15.717,46.317,13.0
2014-06-28,30.3,21.8,25.6,0.0,16.3,33.8,18.15,Mahajanga,-15.717,46.317,13.0
2014-06-29,29.6,20.7,25.0,0.0,18.0,37.1,18.51,Mahajanga,-15.717,46.317,13.0
2014-06-30,30.1,19.7,24.6,0.0,14.0,30.6,18.59,Mahajanga,-15.717,46.317,13.0
2014-07-01,30.6,20.9,25.1,0.0,17.3,36.0,18.55,Mahajanga,-15.717,46.317,13.0
2014-07-02,31.7,21.9,26.5,0.0,21.3,42.8,17.95,Mahajanga,-15.717,46.317,13.0
2014-07-03,31.2,22.7,26.4,0.0,22.5,45.0,18.24,Mahajanga,-15.717,46.317,13.0
2014-07-04,31.5,21.4,25.9,0.0,20.7,42.5,18.44,Mahajanga,-15.717,46.317,13.0
2014-07-05,31.5,21.7,26.1,0.0,21.1,42.5,17.72,Mahajanga,-15.717,46.317,13.0
2014-07-06,30.8,21.5,25.8,0.0,21.0,41.8,18.46,Mahajanga,-15.717,46.317,13.0
2014-07-07,29.6,20.0,24.6,0.0,15.7,33.1,18.91,Mahajanga,-15.717,46.317,13.0
2014-07-08,29.9,18.8,24.3,0.0,12.4,24.8,18.84,Mahajanga,-15.717,46.317,13.0
2014-07-09,31.0,20.2,25.2,0.0,12.7,29.5,18.95,Mahajanga,-15.717,46.317,13.0
2014-07-10,30.3,20.3,24.9,0.0,14.7,32.4,18.04,Mahajanga,-15.717,46.317,13.0
2014-07-11,29.8,22.4,25.7,0.0,20.2,39.6,14.82,Mahajanga,-15.717,46.317,13.0
2014-07-12,29.5,20.0,24.4,0.0,23.3,44.6,19.11,Mahajanga,-15.717,46.317,13.0
2014-07-13,29.3,18.6,23.7,0.0,19.4,39.6,19.07,Mahajanga,-15.717,46.317,13.0
2014-07-14,29.5,20.8,25.4,0.1,11.9,27.4,14.94,Mahajanga,-15.717,46.317,13.0
2014-07-15,30.3,23.4,25.6,4.3,15.2,34.2,13.22,Mahajanga,-15.717,46.317,13.0
2014-07-16,29.1,23.1,25.2,0.0,19.6,39.6,14.68,Mahajanga,-15.717,46.317,13.0
2014-07-17,31.1,22.8,26.2,0.0,19.5,39.6,17.94,Mahajanga,-15.717,46.317,13.0
2014-07-18,31.3,21.1,25.8,0.0,19.3,39.6,19.16,Mahajanga,-15.717,46.317,13.0
2014-07-19,31.5,21.3,26.3,0.0,17.9,37.4,17.09,Mahajanga,-15.717,46.317,13.0
2014-07-20,31.1,22.5,26.7,0.0,16.2,34.2,17.13,Mahajanga,-15.717,46.317,13.0
2014-07-21,31.2,22.8,26.6,0.0,12.3,28.4,18.01,Mahajanga,-15.717,46.317,13.0
2014-07-22,30.9,21.9,25.9,0.0,14.2,31.0,18.7,Mahajanga,-15.717,46.317,13.0
2014-07-23,31.0,21.2,25.9,0.0,15.8,33.8,19.08,Mahajanga,-15.717,46.317,13.0
2014-07-24,30.5,21.5,26.1,0.0,15.3,37.1,18.01,Mahajanga,-15.717,46.317,13.0
2014-07-25,31.3,22.6,26.1,1.4,19.5,45.4,16.01,Mahajanga,-15.717,46.317,13.0
2014-07-26,29.6,22.4,25.3,3.4,18.6,48.6,13.56,Mahajanga,-15.717,46.317,13.0
2014-07-27,32.2,22.2,26.2,0.6,20.1,41.4,18.21,Mahajanga,-15.717,46.317,13.0
2014-07-28,31.8,22.2,26.7,0.0,16.6,34.9,18.59,Mahajanga,-15.717,46.317,13.0
2014-07-29,31.9,23.6,27.1,0.0,15.0,31.7,19.6,Mahajanga,-15.717,46.317,13.0
2014-07-30,31.4,22.6,26.8,0.0,27.5,54.0,15.45,Mahajanga,-15.717,46.317,13.0
2014-07-31,30.5,20.7,25.3,0.0,20.1,40.0,20.39,Mahajanga,-15.717,46.317,13.0
2014-08-01,30.4,20.5,25.0,0.0,14.6,31.7,20.38,Mahajanga,-15.717,46.317,13.0
2014-08-02,30.9,21.0,25.3,0.0,12.7,23.8,20.21,Mahajanga,-15.717,46.317,13.0
2014-08-03,31.6,21.7,26.1,0.0,18.9,38.5,20.83,Mahajanga,-15.717,46.317,13.0
2014-08-04,31.3,21.3,26.2,0.0,19.5,40.0,18.87,Mahajanga,-15.717,46.317,13.0
2014-08-05,31.7,21.7,26.3,0.0,22.3,44.6,19.94,Mahajanga,-15.717,46.317,13.0
2014-08-06,31.0,21.1,25.6,0.0,18.0,37.8,20.94,Mahajanga,-15.717,46.317,13.0
2014-08-07,31.2,20.4,25.8,0.0,20.3,38.9,21.03,Mahajanga,-15.717,46.317,13.0
2014-08-08,31.0,20.7,25.7,0.0,20.3,42.8,17.49,Mahajanga,-15.717,46.317,13.0
2014-08-09,31.5,21.6,26.1,0.0,20.6,41.0,20.36,Mahajanga,-15.717,46.317,13.0
2014-08-10,31.1,20.6,25.5,0.0,16.8,36.0,20.88,Mahajanga,-15.717,46.317,13.0
2014-08-11,31.4,21.2,26.0,0.0,19.9,38.2,20.08,Mahajanga,-15.717,46.317,13.0
2014-08-12,31.3,20.4,25.5,0.0,21.5,43.6,21.14,Mahajanga,-15.717,46.317,13.0
2014-08-13,30.9,21.0,25.5,0.0,22.9,45.0,21.69,Mahajanga,-15.717,46.317,13.0
2014-08-14,32.2,20.4,26.0,0.0,19.4,41.0,20.93,Mahajanga,-15.717,46.317,13.0
2014-08-15,31.4,22.3,26.7,0.0,22.3,46.4,16.17,Mahajanga,-15.717,46.317,13.0
2014-08-16,31.6,21.1,25.9,0.0,16.5,34.9,21.99,Mahajanga,-15.717,46.317,13.0
2014-08-17,31.5,20.3,25.7,0.0,18.7,38.5,22.2,Mahajanga,-15.717,46.317,13.0
2014-08-18,31.0,20.4,25.4,0.0,21.9,43.6,22.15,Mahajanga,-15.717,46.317,13.0
2014-08-19,31.4,20.4,25.1,0.0,21.9,44.3,22.5,Mahajanga,-15.717,46.317,13.0
2014-08-20,32.4,21.1,26.3,0.0,18.6,39.2,20.17,Mahajanga,-15.717,46.317,13.0
2014-08-21,32.2,21.5,26.2,0.0,16.4,34.9,21.83,Mahajanga,-15.717,46.317,13.0
2014-08-22,31.2,22.2,25.9,0.0,17.0,35.6,20.51,Mahajanga,-15.717,46.317,13.0
2014-08-23,29.8,21.7,25.1,0.0,16.6,32.4,19.39,Mahajanga,-15.717,46.317,13.0
2014-08-24,30.9,22.6,25.9,0.0,14.5,29.5,21.68,Mahajanga,-15.717,46.317,13.0
2014-08-25,33.0,22.1,26.9,0.0,17.3,34.2,22.85,Mahajanga,-15.717,46.317,13.0
2014-08-26,33.4,23.0,27.6,0.0,15.0,29.5,22.97,Mahajanga,-15.717,46.317,13.0
2014-08-27,33.1,22.2,27.2,0.3,14.8,31.3,21.35,Mahajanga,-15.717,46.317,13.0
2014-08-28,33.1,23.8,27.5,0.0,19.4,39.6,22.24,Mahajanga,-15.717,46.317,13.0
2014-08-29,33.3,23.5,27.6,0.0,15.9,34.6,22.79,Mahajanga,-15.717,46.317,13.0
2014-08-30,33.1,22.9,27.4,0.2,16.5,34.2,21.46,Mahajanga,-15.717,46.317,13.0
2014-08-31,32.0,22.3,26.5,0.7,18.7,33.1,23.11,Mahajanga,-15.717,46.317,13.0
2014-09-01,30.5,22.5,26.1,0.0,15.7,31.3,22.49,Mahajanga,-15.717,46.317,13.0
2014-09-02,30.7,21.1,25.5,0.0,13.4,28.8,22.64,Mahajanga,-15.717,46.317,13.0
2014-09-03,31.3,22.8,26.2,0.0,16.2,34.6,17.63,Mahajanga,-15.717,46.317,13.0
2014-09-04,32.9,22.4,27.0,0.0,24.5,44.3,22.23,Mahajanga,-15.717,46.317,13.0
2014-09-05,32.4,22.1,26.7,0.0,26.8,53.6,19.23,Mahajanga,-15.717,46.317,13.0
2014-09-06,32.6,21.6,26.6,0.0,25.0,49.7,24.13,Mahajanga,-15.717,46.317,13.0
2014-09-07,33.3,21.3,26.8,0.0,22.1,45.7,23.52,Mahajanga,-15.717,46.317,13.0
2014-09-08,32.6,21.7,26.8,0.0,18.9,39.6,24.1,Mahajanga,-15.717,46.317,13.0
2014-09-09,32.7,21.2,26.8,0.0,18.4,38.5,24.45,Mahajanga,-15.717,46.317,13.0
2014-09-10,32.7,21.9,26.7,0.0,20.8,42.5,24.73,Mahajanga,-15.717,46.317,13.0
2014-09-11,32.4,20.6,25.8,0.0,19.1,40.7,21.07,Mahajanga,-15.717,46.317,13.0
2014-09-12,32.5,22.0,26.1,0.0,19.0,40.0,22.05,Mahajanga,-15.717,46.317,13.0
2014-09-13,33.2,21.2,26.6,0.0,17.1,36.4,24.96,Mahajanga,-15.717,46.317,13.0
2014-09-14,34.3,21.4,27.4,0.0,19.9,37.1,25.96,Mahajanga,-15.717,46.317,13.0
2014-09-15,33.4,20.9,26.3,0.0,19.4,40.7,25.8,Mahajanga,-15.717,46.317,13.0
2014-09-16,32.5,20.4,26.1,0.0,16.4,34.9,26.06,Mahajanga,-15.717,46.317,13.0
2014-09-17,32.6,20.7,26.0,0.0,20.2,41.0,25.9,Mahajanga,-15.717,46.317,13.0
2014-09-18,32.5,21.9,26.3,0.0,19.7,40.7,25.58,Mahajanga,-15.717,46.317,13.0
2014-09-19,33.1,22.3,26.8,0.0,20.7,42.8,25.47,Mahajanga,-15.717,46.317,13.0
2014-09-20,32.7,21.8,26.7,0.0,16.2,35.6,25.65,Mahajanga,-15.717,46.317,13.0
2014-09-21,33.3,21.6,26.9,0.0,19.4,39.6,24.02,Mahajanga,-15.717,46.317,13.0
2014-09-22,32.4,22.7,26.8,0.0,17.6,35.6,25.37,Mahajanga,-15.717,46.317,13.0
2014-09-23,33.2,23.5,27.3,0.0,19.5,39.6,25.39,Mahajanga,-15.717,46.317,13.0
2014-09-24,33.1,22.9,27.3,0.0,19.2,38.2,25.22,Mahajanga,-15.717,46.317,13.0
2014-09-25,33.4,22.5,27.4,0.0,19.1,39.6,25.8,Mahajanga,-15.717,46.317,13.0
2014-09-26,33.3,22.5,27.2,0.0,17.4,37.1,25.08,Mahajanga,-15.717,46.317,13.0
2014-09-27,32.3,23.9,27.3,0.0,18.6,38.2,21.64,Mahajanga,-15.717,46.317,13.0
2014-09-28,34.2,24.0,28.1,0.0,16.9,37.1,24.93,Mahajanga,-15.717,46.317,13.0
2014-09-29,34.3,24.4,28.6,0.0,18.3,39.2,22.65,Mahajanga,-15.717,46.317,13.0
2014-09-30,34.6,23.1,28.3,0.0,18.5,38.9,27.12,Mahajanga,-15.717,46.317,13.0
2014-10-01,34.3,24.0,27.9,0.0,19.8,41.0,25.8,Mahajanga,-15.717,46.317,13.0
2014-10-02,33.8,23.6,27.7,0.0,18.9,37.4,26.58,Mahajanga,-15.717,46.317,13.0
2014-10-03,31.8,23.8,27.4,0.1,17.1,35.3,21.15,Mahajanga,-15.717,46.317,13.0
2014-10-04,32.1,23.9,27.5,0.0,18.3,35.6,22.88,Mahajanga,-15.717,46.317,13.0
2014-10-05,33.2,23.6,27.9,0.1,17.4,33.5,22.19,Mahajanga,-15.717,46.317,13.0
2014-10-06,33.5,24.0,27.9,0.0,19.5,38.9,26.0,Mahajanga,-15.717,46.317,13.0
2014-10-07,32.8,23.7,27.3,0.0,19.3,39.6,24.5,Mahajanga,-15.717,46.317,13.0
2014-10-08,34.0,22.2,28.0,0.0,18.5,36.7,27.09,Mahajanga,-15.717,46.317,13.0
2014-10-09,34.6,22.8,28.4,0.0,19.7,40.3,26.46,Mahajanga,-15.717,46.317,13.0
2014-10-10,36.0,24.8,29.5,0.0,16.8,34.9,27.49,Mahajanga,-15.717,46.317,13.0
2014-10-11,35.6,24.6,29.1,0.0,19.1,39.6,27.01,Mahajanga,-15.717,46.317,13.0
2014-10-12,34.6,24.2,28.8,0.0,17.6,36.4,27.75,Mahajanga,-15.717,46.317,13.0
2014-10-13,34.2,23.5,28.1,0.0,16.3,34.9,28.2,Mahajanga,-15.717,46.317,13.0
2014-10-14,33.4,23.9,27.6,0.1,20.7,39.6,27.63,Mahajanga,-15.717,46.317,13.0
2014-10-15,31.6,24.8,27.5,0.0,20.5,40.7,22.79,Mahajanga,-15.717,46.317,13.0
2014-10-16,31.7,24.3,27.4,0.0,18.5,38.5,22.82,Mahajanga,-15.717,46.317,13.0
2014-10-17,31.6,24.4,27.3,0.0,18.9,41.8,24.61,Mahajanga,-15.717,46.317,13.0
2014-10-18,30.8,23.7,27.1,1.0,17.8,39.2,20.33,Mahajanga,-15.717,46.317,13.0
2014-10-19,33.1,23.7,27.8,0.2,18.5,36.4,25.15,Mahajanga,-15.717,46.317,13.0
2014-10-20,32.9,24.5,28.1,0.2,19.9,40.0,24.53,Mahajanga,-15.717,46.317,13.0
2014-10-21,32.9,23.5,27.9,0.0,19.3,37.8,27.27,Mahajanga,-15.717,46.317,13.0
2014-10-22,32.5,22.5,27.3,0.0,18.6,40.0,28.13,Mahajanga,-15.717,46.317,13.0
2014-10-23,31.4,22.6,26.8,0.1,20.3,42.8,25.46,Mahajanga,-15.717,46.317,13.0
2014-10-24,32.1,24.4,27.3,1.0,16.7,34.6,23.32,Mahajanga,-15.717,46.317,13.0
2014-10-25,32.9,23.8,27.6,0.0,18.9,40.3,26.41,Mahajanga,-15.717,46.317,13.0
2014-10-26,33.7,22.6,27.9,0.0,20.5,39.6,28.91,Mahajanga,-15.717,46.317,13.0
2014-10-27,33.4,22.7,27.6,0.0,19.4,38.9,28.89,Mahajanga,-15.717,46.317,13.0
2014-10-28,33.0,22.2,27.5,0.3,15.4,31.0,26.88,Mahajanga,-15.717,46.317,13.0
2014-10-29,35.6,24.2,29.0,3.2,17.0,38.2,27.14,Mahajanga,-15.717,46.317,13.0
2014-10-30,34.6,24.2,28.7,1.1,16.2,33.5,28.31,Mahajanga,-15.717,46.317,13.0
2014-10-31,34.9,23.9,28.9,0.0,18.1,36.0,28.22,Mahajanga,-15.717,46.317,13.0
2014-11-01,35.3,23.8,28.9,0.0,18.6,37.1,29.03,Mahajanga,-15.717,46.317,13.0
2014-11-02,34.6,23.8,28.6,0.0,18.1,35.6,28.81,Mahajanga,-15.717,46.317,13.0
2014-11-03,31.6,24.7,28.0,0.5,18.7,38.5,21.09,Mahajanga,-15.717,46.317,13.0
2014-11-04,32.6,25.5,27.9,3.9,11.8,30.6,21.17,Mahajanga,-15.717,46.317,13.0
2014-11-05,35.3,24.5,29.1,0.0,18.0,37.4,28.38,Mahajanga,-15.717,46.317,13.0
2014-11-06,35.2,25.1,29.2,0.0,18.4,38.5,28.21,Mahajanga,-15.717,46.317,13.0
2014-11-07,33.6,26.4,29.1,2.1,17.1,34.6,25.33,Mahajanga,-15.717,46.317,13.0
2014-11-08,31.9,23.5,27.8,8.7,13.9,30.2,23.74,Mahajanga,-15.717,46.317,13.0
2014-11-09,33.2,24.3,28.2,1.2,14.3,27.0,26.86,Mahajanga,-15.717,46.317,13.0
2014-11-10,32.6,24.6,28.2,4.0,13.3,26.3,25.84,Mahajanga,-15.717,46.317,13.0
2014-11-11,31.6,25.1,28.0,2.8,14.8,26.6,20.03,Mahajanga,-15.717,46.317,13.0
2014-11-12,31.1,24.2,27.3,4.6,14.8,29.9,18.73,Mahajanga,-15.717,46.317,13.0
2014-11-13,33.0,23.4,27.8,9.6,14.1,30.6,26.25,Mahajanga,-15.717,46.317,13.0
2014-11-14,34.7,25.1,29.2,0.0,16.8,34.6,29.34,Mahajanga,-15.717,46.317,13.0
2014-11-15,34.2,24.1,28.7,0.0,19.0,40.3,28.52,Mahajanga,-15.717,46.317,13.0
2014-11-16,33.3,25.4,29.0,0.0,13.5,30.2,25.07,Mahajanga,-15.717,46.317,13.0
2014-11-17,31.9,25.8,28.6,2.0,13.6,28.8,22.89,Mahajanga,-15.717,46.317,13.0
2014-11-18,33.3,24.6,28.1,1.6,19.5,42.5,24.22,Mahajanga,-15.717,46.317,13.0
2014-11-19,31.2,24.1,27.2,2.8,19.2,36.4,22.05,Mahajanga,-15.717,46.317,13.0
2014-11-20,29.8,24.6,26.8,12.8,13.8,31.7,19.46,Mahajanga,-15.717,46.317,13.0
2014-11-21,31.9,24.8,28.0,1.2,14.6,25.6,24.3,Mahajanga,-15.717,46.317,13.0
2014-11-22,32.5,24.4,28.2,11.6,10.6,27.4,23.07,Mahajanga,-15.717,46.317,13.0
2014-11-23,33.8,24.3,28.7,0.5,13.3,35.6,26.83,Mahajanga,-15.717,46.317,13.0
2014-11-24,35.5,26.1,29.8,2.5,16.0,37.4,27.23,Mahajanga,-15.717,46.317,13.0
2014-11-25,34.8,25.2,29.5,27.3,16.3,38.2,26.2,Mahajanga,-15.717,46.317,13.0
2014-11-26,29.5,24.5,26.5,13.7,14.3,27.0,15.56,Mahajanga,-15.717,46.317,13.0
2014-11-27,30.3,24.2,27.0,0.9,15.3,29.9,22.95,Mahajanga,-15.717,46.317,13.0
2014-11-28,32.0,23.8,27.6,0.0,16.3,31.0,29.35,Mahajanga,-15.717,46.317,13.0
2014-11-29,31.9,23.7,27.5,0.0,16.4,32.0,27.98,Mahajanga,-15.717,46.317,13.0
2014-11-30,31.4,24.6,27.7,0.0,15.5,31.3,26.79,Mahajanga,-15.717,46.317,13.0
2014-12-01,30.6,25.6,27.7,0.2,15.0,33.8,22.91,Mahajanga,-15.717,46.317,13.0
2014-12-02,31.4,24.3,27.5,0.5,15.9,33.8,25.29,Mahajanga,-15.717,46.317,13.0
2014-12-03,33.2,24.1,28.3,0.0,17.8,33.1,29.9,Mahajanga,-15.717,46.317,13.0
2014-12-04,33.7,23.9,28.6,0.0,17.1,36.4,29.58,Mahajanga,-15.717,46.317,13.0
2014-12-05,33.2,23.1,28.0,0.0,17.1,33.8,30.44,Mahajanga,-15.717,46.317,13.0
2014-12-06,33.7,23.9,28.3,0.0,20.5,38.2,29.66,Mahajanga,-15.717,46.317,13.0
2014-12-07,32.7,24.2,28.1,0.3,17.6,35.3,28.53,Mahajanga,-15.717,46.317,13.0
2014-12-08,33.5,24.3,28.5,0.7,15.7,33.1,26.54,Mahajanga,-15.717,46.317,13.0
2014-12-09,33.7,25.3,29.1,0.8,12.3,26.3,25.59,Mahajanga,-15.717,46.317,13.0
2014-12-10,35.2,26.3,30.0,0.0,14.6,33.1,25.91,Mahajanga,-15.717,46.317,13.0
2014-12-11,34.6,25.2,29.3,0.7,17.4,34.9,27.94,Mahajanga,-15.717,46.317,13.0
2014-12-12,34.6,26.3,29.6,0.5,19.1,39.2,29.06,Mahajanga,-15.717,46.317,13.0
2014-12-13,33.2,25.1,28.5,14.1,14.2,30.2,22.83,Mahajanga,-15.717,46.317,13.0
2014-12-14,31.6,24.0,27.2,8.7,14.7,29.9,23.53,Mahajanga,-15.717,46.317,13.0
2014-12-15,31.7,24.9,27.8,9.5,13.8,31.0,22.45,Mahajanga,-15.717,46.317,13.0
2014-12-16,32.0,25.5,28.3,0.5,13.0,25.9,25.34,Mahajanga,-15.717,46.317,13.0
2014-12-17,30.9,26.4,28.2,1.8,15.3,35.3,19.06,Mahajanga,-15.717,46.317,13.0
2014-12-18,29.5,25.5,27.7,2.4,13.5,27.7,13.35,Mahajanga,-15.717,46.317,13.0
2014-12-19,30.4,25.3,27.7,5.8,17.3,34.2,19.81,Mahajanga,-15.717,46.317,13.0
2014-12-20,31.3,25.2,28.0,5.2,12.7,26.3,18.57,Mahajanga,-15.717,46.317,13.0
2014-12-21,28.6,24.8,26.4,13.0,10.6,23.8,12.14,Mahajanga,-15.717,46.317,13.0
2014-12-22,29.7,25.2,27.1,6.1,14.4,26.6,16.39,Mahajanga,-15.717,46.317,13.0
2014-12-23,31.0,25.1,27.6,9.2,15.6,31.7,20.12,Mahajanga,-15.717,46.317,13.0
2014-12-24,31.2,25.6,27.7,9.5,13.5,26.6,19.36,Mahajanga,-15.717,46.317,13.0
2014-12-25,31.1,25.1,27.3,17.6,15.6,31.7,19.11,Mahajanga,-15.717,46.317,13.0
2014-12-26,29.6,24.7,26.4,27.7,10.1,25.9,13.13,Mahajanga,-15.717,46.317,13.0
2014-12-27,28.9,23.8,25.9,32.2,9.5,28.1,18.3,Mahajanga,-15.717,46.317,13.0
2014-12-28,30.2,24.0,26.7,3.4,13.0,29.2,20.03,Mahajanga,-15.717,46.317,13.0
2014-12-29,29.2,24.0,26.4,12.4,12.7,23.0,18.21,Mahajanga,-15.717,46.317,13.0
2014-12-30,29.7,24.3,27.0,1.8,18.6,34.6,21.5,Mahajanga,-15.717,46.317,13.0
2014-12-31,29.0,25.0,26.9,11.0,14.3,31.0,18.93,Mahajanga,-15.717,46.317,13.0
2015-01-01,28.8,24.7,26.7,9.2,15.9,30.2,14.58,Mahajanga,-15.717,46.317,13.0
2015-01-02,29.8,25.1,26.3,19.2,16.7,29.5,12.14,Mahajanga,-15.717,46.317,13.0
2015-01-03,28.0,24.8,25.6,24.5,13.6,31.3,7.77,Mahajanga,-15.717,46.317,13.0
2015-01-04,26.9,24.5,25.4,40.4,13.0,34.9,7.16,Mahajanga,-15.717,46.317,13.0
2015-01-05,28.5,24.4,25.5,18.7,16.0,34.9,10.48,Mahajanga,-15.717,46.317,13.0
2015-01-06,28.0,24.2,25.5,15.7,13.7,26.6,10.44,Mahajanga,-15.717,46.317,13.0
2015-01-07,26.9,24.0,25.0,32.7,10.5,31.0,5.52,Mahajanga,-15.717,46.317,13.0
2015-01-08,27.3,24.3,25.5,27.3,16.8,34.6,9.24,Mahajanga,-15.717,46.317,13.0
2015-01-09,26.5,24.3,25.0,24.9,13.2,28.4,5.55,Mahajanga,-15.717,46.317,13.0
2015-01-10,27.6,24.5,25.5,18.9,16.3,31.0,7.55,Mahajanga,-15.717,46.317,13.0
2015-01-11,27.4,24.6,25.4,38.6,14.4,33.5,5.99,Mahajanga,-15.717,46.317,13.0
2015-01-12,27.9,24.6,25.7,9.7,13.6,33.1,10.79,Mahajanga,-15.717,46.317,13.0
2015-01-13,29.6,23.9,26.6,4.0,16.0,31.7,20.62,Mahajanga,-15.717,46.317,13.0
2015-01-14,29.6,25.0,27.2,3.8,22.7,47.5,23.28,Mahajanga,-15.717,46.317,13.0
2015-01-15,29.7,25.0,26.8,18.3,27.8,56.9,20.26,Mahajanga,-15.717,46.317,13.0
2015-01-16,25.9,24.8,25.3,41.8,33.1,67.7,2.93,Mahajanga,-15.717,46.317,13.0
2015-01-17,26.8,24.7,25.5,26.7,25.7,52.2,8.43,Mahajanga,-15.717,46.317,13.0
2015-01-18,27.9,24.4,25.9,17.8,21.5,43.6,15.68,Mahajanga,-15.717,46.317,13.0
2015-01-19,26.9,24.4,25.4,21.5,14.2,29.5,7.32,Mahajanga,-15.717,46.317,13.0
2015-01-20,28.3,24.0,26.0,2.0,12.7,23.0,12.35,Mahajanga,-15.717,46.317,13.0
2015-01-21,29.3,23.9,26.0,8.0,12.0,23.8,15.53,Mahajanga,-15.717,46.317,13.0
2015-01-22,27.3,24.3,25.4,15.7,14.5,24.5,10.57,Mahajanga,-15.717,46.317,13.0
2015-01-23,26.3,23.9,24.9,46.3,14.3,32.0,5.45,Mahajanga,-15.717,46.317,13.0
2015-01-24,28.0,24.0,25.8,1.6,10.6,25.6,14.22,Mahajanga,-15.717,46.317,13.0
2015-01-25,29.9,23.1,26.1,14.8,10.1,22.0,19.19,Mahajanga,-15.717,46.317,13.0
2015-01-26,27.8,24.8,25.8,40.8,13.7,37.1,9.13,Mahajanga,-15.717,46.317,13.0
2015-01-27,31.1,25.1,27.3,10.0,21.7,55.4,24.79,Mahajanga,-15.717,46.317,13.0
2015-01-28,30.2,24.7,27.0,3.4,16.6,36.7,24.08,Mahajanga,-15.717,46.317,13.0
2015-01-29,28.8,23.1,25.8,6.1,10.2,21.6,16.66,Mahajanga,-15.717,46.317,13.0
2015-01-30,29.4,24.4,26.1,20.6,15.9,32.0,18.51,Mahajanga,-15.717,46.317,13.0
2015-01-31,27.0,23.6,24.7,16.2,8.6,23.4,7.2,Mahajanga,-15.717,46.317,13.0
2015-02-01,28.2,23.8,25.7,8.9,14.8,31.3,15.23,Mahajanga,-15.717,46.317,13.0
2015-02-02,27.4,24.1,25.7,7.3,14.4,24.8,9.38,Mahajanga,-15.717,46.317,13.0
2015-02-03,27.9,24.2,25.9,8.3,15.6,27.7,8.82,Mahajanga,-15.717,46.317,13.0
2015-02-04,28.8,24.9,26.7,1.3,13.8,33.1,16.76,Mahajanga,-15.717,46.317,13.0
2015-02-05,27.6,24.8,25.8,5.0,11.1,26.3,8.58,Mahajanga,-15.717,46.317,13.0
2015-02-06,28.4,24.5,26.4,2.3,15.9,38.2,12.74,Mahajanga,-15.717,46.317,13.0
2015-02-07,29.5,25.6,27.3,0.6,19.3,35.6,20.18,Mahajanga,-15.717,46.317,13.0
2015-02-08,29.2,24.6,26.7,0.4,12.2,22.0,19.25,Mahajanga,-15.717,46.317,13.0
2015-02-09,30.3,23.6,27.0,0.1,13.0,30.6,24.26,Mahajanga,-15.717,46.317,13.0
2015-02-10,31.7,24.9,27.9,3.3,11.6,28.8,21.95,Mahajanga,-15.717,46.317,13.0
2015-02-11,31.7,25.3,27.5,9.0,10.1,34.2,21.14,Mahajanga,-15.717,46.317,13.0
2015-02-12,32.4,25.0,27.8,8.0,14.9,40.3,26.51,Mahajanga,-15.717,46.317,13.0
2015-02-13,30.1,24.0,26.5,12.2,10.9,24.1,18.7,Mahajanga,-15.717,46.317,13.0
2015-02-14,30.2,24.4,26.8,10.6,9.7,22.3,21.03,Mahajanga,-15.717,46.317,13.0
2015-02-15,27.3,24.2,25.3,28.2,13.9,27.0,7.51,Mahajanga,-15.717,46.317,13.0
2015-02-16,29.8,23.9,26.3,14.7,15.5,32.4,18.93,Mahajanga,-15.717,46.317,13.0
2015-02-17,29.5,24.7,26.9,3.3,11.6,27.4,21.28,Mahajanga,-15.717,46.317,13.0
2015-02-18,29.9,24.5,26.8,9.9,12.1,26.6,20.72,Mahajanga,-15.717,46.317,13.0
2015-02-19,29.5,24.3,26.6,5.0,10.3,23.8,16.92,Mahajanga,-15.717,46.317,13.0
2015-02-20,30.1,25.2,27.0,14.7,11.9,30.2,16.74,Mahajanga,-15.717,46.317,13.0
2015-02-21,28.5,24.6,26.0,16.8,9.8,20.5,9.57,Mahajanga,-15.717,46.317,13.0
2015-02-22,28.8,24.5,26.0,23.3,8.9,21.6,11.93,Mahajanga,-15.717,46.317,13.0
2015-02-23,28.7,23.8,26.0,31.2,8.8,23.0,13.33,Mahajanga,-15.717,46.317,13.0
2015-02-24,30.3,24.2,26.2,19.2,15.5,36.4,17.86,Mahajanga,-15.717,46.317,13.0
2015-02-25,29.1,24.1,26.0,18.1,12.7,28.8,15.54,Mahajanga,-15.717,46.317,13.0
2015-02-26,29.4,24.1,26.2,6.4,17.3,34.6,18.85,Mahajanga,-15.717,46.317,13.0
2015-02-27,30.0,24.2,26.5,6.5,10.9,25.9,17.58,Mahajanga,-15.717,46.317,13.0
2015-02-28,29.5,24.3,26.4,8.3,9.5,24.1,17.34,Mahajanga,-15.717,46.317,13.0
2015-03-01,28.9,24.3,25.6,20.0,16.6,36.7,12.09,Mahajanga,-15.717,46.317,13.0
2015-03-02,27.5,24.5,25.5,22.8,12.1,27.7,11.99,Mahajanga,-15.717,46.317,13.0
2015-03-03,28.7,24.0,25.6,24.2,14.8,30.2,13.68,Mahajanga,-15.717,46.317,13.0
2015-03-04,26.8,24.2,25.0,41.3,11.4,22.3,7.81,Mahajanga,-15.717,46.317,13.0
2015-03-05,28.3,24.3,25.8,25.9,15.1,31.7,12.41,Mahajanga,-15.717,46.317,13.0
2015-03-06,29.0,24.1,26.4,2.8,16.6,34.6,20.05,Mahajanga,-15.717,46.317,13.0
2015-03-07,28.3,24.3,26.3,4.7,18.3,33.5,12.09,Mahajanga,-15.717,46.317,13.0
2015-03-08,28.1,24.6,25.8,16.6,23.7,46.8,13.51,Mahajanga,-15.717,46.317,13.0
2015-03-09,26.7,24.5,25.2,20.6,25.0,46.4,6.0,Mahajanga,-15.717,46.317,13.0
2015-03-10,28.3,24.4,25.8,12.1,19.9,40.0,16.28,Mahajanga,-15.717,46.317,13.0
2015-03-11,28.2,24.2,25.7,3.8,18.4,35.3,19.0,Mahajanga,-15.717,46.317,13.0
2015-03-12,29.7,24.2,26.6,4.9,13.8,28.4,21.23,Mahajanga,-15.717,46.317,13.0
2015-03-13,30.0,24.2,26.8,2.5,8.7,22.0,21.64,Mahajanga,-15.717,46.317,13.0
2015-03-14,31.3,24.4,27.7,0.6,18.5,36.7,22.9,Mahajanga,-15.717,46.317,13.0
2015-03-15,31.6,24.4,27.9,0.0,15.2,31.0,26.5,Mahajanga,-15.717,46.317,13.0
2015-03-16,31.8,23.0,27.1,0.0,17.1,34.9,25.99,Mahajanga,-15.717,46.317,13.0
2015-03-17,31.5,23.6,27.2,0.0,13.7,30.6,26.87,Mahajanga,-15.717,46.317,13.0
2015-03-18,32.2,24.4,27.8,0.0,11.5,25.6,26.39,Mahajanga,-15.717,46.317,13.0
2015-03-19,32.7,24.7,28.5,0.0,11.3,26.3,24.95,Mahajanga,-15.717,46.317,13.0
2015-03-20,32.6,25.9,28.7,4.0,14.7,30.6,24.34,Mahajanga,-15.717,46.317,13.0
2015-03-21,32.7,24.6,28.1,5.0,13.7,32.4,24.97,Mahajanga,-15.717,46.317,13.0
2015-03-22,32.5,25.3,28.4,0.0,12.5,28.1,25.77,Mahajanga,-15.717,46.317,13.0
2015-03-23,32.5,24.9,28.2,0.0,11.9,26.6,24.8,Mahajanga,-15.717,46.317,13.0
2015-03-24,32.8,25.4,28.4,1.9,15.9,34.6,24.22,Mahajanga,-15.717,46.317,13.0
2015-03-25,32.9,25.0,28.7,0.0,12.5,28.1,25.13,Mahajanga,-15.717,46.317,13.0
2015-03-26,32.7,25.5,28.7,0.0,13.5,28.8,25.1,Mahajanga,-15.717,46.317,13.0
2015-03-27,32.6,25.1,28.4,0.0,14.4,30.6,25.28,Mahajanga,-15.717,46.317,13.0
2015-03-28,32.1,25.6,28.4,0.0,10.2,23.8,23.07,Mahajanga,-15.717,46.317,13.0
2015-03-29,32.0,25.2,28.4,0.2,11.6,25.9,23.28,Mahajanga,-15.717,46.317,13.0
2015-03-30,32.7,25.3,28.6,0.1,9.4,22.3,24.7,Mahajanga,-15.717,46.317,13.0
2015-03-31,32.9,24.8,28.8,0.0,12.4,21.2,23.61,Mahajanga,-15.717,46.317,13.0
2015-04-01,31.6,25.7,28.3,1.3,11.6,24.5,17.01,Mahajanga,-15.717,46.317,13.0
2015-04-02,30.2,24.3,27.1,1.2,11.5,25.2,18.43,Mahajanga,-15.717,46.317,13.0
2015-04-03,31.3,24.4,27.7,0.0,12.8,21.2,21.24,Mahajanga,-15.717,46.317,13.0
2015-04-04,31.7,24.7,28.1,0.1,12.8,28.4,20.6,Mahajanga,-15.717,46.317,13.0
2015-04-05,31.6,24.3,27.7,2.6,10.3,22.3,19.87,Mahajanga,-15.717,46.317,13.0
2015-04-06,31.6,24.9,27.8,2.9,10.1,23.0,19.1,Mahajanga,-15.717,46.317,13.0
2015-04-07,32.7,25.7,28.4,0.1,14.2,24.1,22.44,Mahajanga,-15.717,46.317,13.0
2015-04-08,32.5,24.8,28.4,0.0,13.4,22.7,22.32,Mahajanga,-15.717,46.317,13.0
2015-04-09,31.8,24.9,27.8,7.0,8.9,23.0,17.11,Mahajanga,-15.717,46.317,13.0
2015-04-10,31.5,24.0,27.4,4.7,11.1,27.4,19.06,Mahajanga,-15.717,46.317,13.0
2015-04-11,30.7,24.7,27.4,2.2,12.4,24.8,19.56,Mahajanga,-15.717,46.317,13.0
2015-04-12,31.5,25.0,27.8,0.8,10.1,23.4,21.09,Mahajanga,-15.717,46.317,13.0
2015-04-13,31.7,25.7,28.1,0.2,13.0,25.2,21.83,Mahajanga,-15.717,46.317,13.0
2015-04-14,31.9,25.4,28.1,0.0,14.2,29.9,21.72,Mahajanga,-15.717,46.317,13.0
2015-04-15,31.2,23.9,27.3,1.1,10.0,23.8,20.28,Mahajanga,-15.717,46.317,13.0
2015-04-16,32.1,25.0,28.1,1.3,10.9,22.0,20.99,Mahajanga,-15.717,46.317,13.0
2015-04-17,33.0,26.0,28.8,0.1,17.7,35.3,22.81,Mahajanga,-15.717,46.317,13.0
2015-04-18,33.0,24.7,28.5,0.0,13.2,28.8,22.94,Mahajanga,-15.717,46.317,13.0
2015-04-19,33.3,25.2,28.8,0.0,12.2,26.3,22.8,Mahajanga,-15.717,46.317,13.0
2015-04-20,33.5,25.2,28.9,0.0,12.0,27.7,22.21,Mahajanga,-15.717,46.317,13.0
2015-04-21,33.1,26.3,29.4,0.0,12.8,28.4,20.38,Mahajanga,-15.717,46.317,13.0
2015-04-22,34.4,26.1,29.5,0.0,15.6,33.8,21.72,Mahajanga,-15.717,46.317,13.0
2015-04-23,34.4,24.1,28.8,0.0,19.0,39.6,21.81,Mahajanga,-15.717,46.317,13.0
2015-04-24,34.8,24.3,29.6,0.0,16.4,34.9,22.02,Mahajanga,-15.717,46.317,13.0
2015-04-25,34.6,25.3,29.5,0.0,19.5,40.3,19.86,Mahajanga,-15.717,46.317,13.0
2015-04-26,34.0,25.0,29.1,0.0,14.5,32.0,22.36,Mahajanga,-15.717,46.317,13.0
2015-04-27,33.4,24.5,28.5,0.0,14.4,26.3,22.37,Mahajanga,-15.717,46.317,13.0
2015-04-28,33.1,24.6,28.5,0.0,13.1,25.9,21.23,Mahajanga,-15.717,46.317,13.0
2015-04-29,32.3,24.0,28.0,0.0,13.6,27.0,20.31,Mahajanga,-15.717,46.317,13.0
2015-04-30,32.6,23.8,27.7,0.0,15.0,29.9,18.36,Mahajanga,-15.717,46.317,13.0
2015-05-01,31.1,25.1,27.5,5.2,13.5,30.2,17.15,Mahajanga,-15.717,46.317,13.0
2015-05-02,33.2,25.1,28.4,1.3,11.2,26.3,20.38,Mahajanga,-15.717,46.317,13.0
2015-05-03,33.8,25.2,29.2,0.2,14.6,31.7,21.12,Mahajanga,-15.717,46.317,13.0
2015-05-04,33.4,25.7,29.3,0.0,15.2,32.4,19.0,Mahajanga,-15.717,46.317,13.0
2015-05-05,33.6,25.3,29.0,0.0,14.3,31.3,20.19,Mahajanga,-15.717,46.317,13.0
2015-05-06,33.6,24.5,28.6,0.0,14.8,31.7,21.38,Mahajanga,-15.717,46.317,13.0
2015-05-07,34.2,24.9,28.8,0.0,13.0,28.4,21.1,Mahajanga,-15.717,46.317,13.0
2015-05-08,34.4,25.6,29.5,0.1,16.8,34.6,20.24,Mahajanga,-15.717,46.317,13.0
2015-05-09,33.8,25.8,29.2,2.4,14.8,37.4,19.99,Mahajanga,-15.717,46.317,13.0
2015-05-10,33.7,25.9,29.4,0.0,14.7,34.9,19.51,Mahajanga,-15.717,46.317,13.0
2015-05-11,33.7,25.4,29.1,0.0,13.4,29.5,19.39,Mahajanga,-15.717,46.317,13.0
2015-05-12,33.5,25.5,29.0,0.0,13.5,30.2,19.63,Mahajanga,-15.717,46.317,13.0
2015-05-13,33.3,25.4,28.8,0.0,14.4,29.2,19.11,Mahajanga,-15.717,46.317,13.0
2015-05-14,32.0,24.5,28.3,0.0,11.1,23.4,17.33,Mahajanga,-15.717,46.317,13.0
2015-05-15,33.2,24.3,28.4,0.0,12.9,24.1,19.83,Mahajanga,-15.717,46.317,13.0
2015-05-16,34.0,25.3,29.0,0.0,17.7,36.7,18.8,Mahajanga,-15.717,46.317,13.0
2015-05-17,32.8,23.5,28.0,0.0,12.5,28.8,20.29,Mahajanga,-15.717,46.317,13.0
2015-05-18,32.9,23.7,28.0,0.0,15.2,32.4,20.22,Mahajanga,-15.717,46.317,13.0
2015-05-19,33.0,23.4,27.9,0.0,15.3,33.1,20.16,Mahajanga,-15.717,46.317,13.0
2015-05-20,33.2,24.4,28.4,0.0,16.8,36.4,19.84,Mahajanga,-15.717,46.317,13.0
2015-05-21,33.1,23.6,28.2,0.0,18.7,39.2,19.7,Mahajanga,-15.717,46.317,13.0
2015-05-22,32.3,23.6,27.7,0.0,16.9,36.0,19.85,Mahajanga,-15.717,46.317,13.0
2015-05-23,32.5,23.4,27.6,0.0,14.8,31.7,19.33,Mahajanga,-15.717,46.317,13.0
2015-05-24,32.4,22.8,27.2,0.0,15.0,32.4,19.53,Mahajanga,-15.717,46.317,13.0
2015-05-25,32.2,22.3,27.1,0.0,13.2,28.4,19.62,Mahajanga,-15.717,46.317,13.0
2015-05-26,32.1,23.1,27.0,0.0,15.0,31.7,19.55,Mahajanga,-15.717,46.317,13.0
2015-05-27,32.2,22.7,26.8,0.0,16.1,33.5,19.49,Mahajanga,-15.717,46.317,13.0
2015-05-28,31.4,22.0,26.1,0.0,17.9,36.7,19.23,Mahajanga,-15.717,46.317,13.0
2015-05-29,30.8,20.6,25.3,0.0,16.8,35.3,19.65,Mahajanga,-15.717,46.317,13.0
2015-05-30,31.1,20.9,25.8,0.0,17.1,33.8,19.66,Mahajanga,-15.717,46.317,13.0
2015-05-31,32.1,22.4,26.8,0.0,23.7,47.2,18.23,Mahajanga,-15.717,46.317,13.0
2015-06-01,32.0,21.8,26.7,0.0,19.3,39.6,18.04,Mahajanga,-15.717,46.317,13.0
2015-06-02,31.7,22.3,27.0,0.0,12.0,27.4,17.54,Mahajanga,-15.717,46.317,13.0
2015-06-03,32.4,22.2,27.5,0.0,11.3,29.9,17.99,Mahajanga,-15.717,46.317,13.0
2015-06-04,31.9,24.7,27.8,0.1,15.8,34.2,16.12,Mahajanga,-15.717,46.317,13.0
2015-06-05,31.9,23.4,27.0,0.0,11.6,25.9,17.32,Mahajanga,-15.717,46.317,13.0
2015-06-06,32.7,23.9,27.4,0.0,14.2,26.3,18.71,Mahajanga,-15.717,46.317,13.0
2015-06-07,30.9,22.9,26.6,0.4,15.4,33.1,15.72,Mahajanga,-15.717,46.317,13.0
2015-06-08,30.8,23.1,26.7,0.3,15.1,34.2,12.74,Mahajanga,-15.717,46.317,13.0
2015-06-09,31.4,23.7,27.1,0.0,14.2,31.3,16.09,Mahajanga,-15.717,46.317,13.0
2015-06-10,31.2,21.8,26.4,0.0,12.1,21.6,17.64,Mahajanga,-15.717,46.317,13.0
2015-06-11,31.1,22.1,26.5,0.0,11.3,24.8,17.34,Mahajanga,-15.717,46.317,13.0
2015-06-12,31.2,23.1,26.4,0.0,14.5,30.6,18.51,Mahajanga,-15.717,46.317,13.0
2015-06-13,30.8,21.7,26.1,0.0,13.0,24.5,17.99,Mahajanga,-15.717,46.317,13.0
2015-06-14,30.7,21.7,25.8,0.0,12.7,23.4,18.66,Mahajanga,-15.717,46.317,13.0
2015-06-15,30.8,22.0,25.8,0.0,16.3,33.1,18.68,Mahajanga,-15.717,46.317,13.0
2015-06-16,30.0,19.9,24.5,0.0,17.0,35.3,18.95,Mahajanga,-15.717,46.317,13.0
2015-06-17,30.7,21.2,25.6,0.0,16.0,36.7,17.19,Mahajanga,-15.717,46.317,13.0
2015-06-18,30.8,21.8,25.8,0.0,12.1,27.7,17.68,Mahajanga,-15.717,46.317,13.0
2015-06-19,31.4,20.4,25.9,0.0,11.6,27.0,18.51,Mahajanga,-15.717,46.317,13.0
2015-06-20,32.2,22.5,26.8,0.1,14.5,31.3,14.96,Mahajanga,-15.717,46.317,13.0
2015-06-21,31.5,24.2,27.7,0.0,28.0,54.0,12.63,Mahajanga,-15.717,46.317,13.0
2015-06-22,32.1,23.3,27.4,0.0,28.2,53.6,14.5,Mahajanga,-15.717,46.317,13.0
2015-06-23,31.3,22.5,26.7,0.0,17.6,36.7,18.26,Mahajanga,-15.717,46.317,13.0
2015-06-24,31.3,22.1,26.6,0.0,15.6,33.8,18.19,Mahajanga,-15.717,46.317,13.0
2015-06-25,31.7,21.9,26.6,0.0,18.4,39.2,17.94,Mahajanga,-15.717,46.317,13.0
2015-06-26,32.0,22.9,27.3,0.0,17.1,36.0,17.68,Mahajanga,-15.717,46.317,13.0
2015-06-27,31.5,23.6,27.3,0.0,19.9,36.0,18.01,Mahajanga,-15.717,46.317,13.0
2015-06-28,30.6,21.6,25.6,0.0,17.1,35.6,18.16,Mahajanga,-15.717,46.317,13.0
2015-06-29,30.5,21.0,25.5,0.0,14.1,28.8,18.3,Mahajanga,-15.717,46.317,13.0
2015-06-30,29.8,20.7,25.2,0.0,12.3,23.4,17.41,Mahajanga,-15.717,46.317,13.0
2015-07-01,30.7,22.5,26.0,0.0,14.2,31.0,17.65,Mahajanga,-15.717,46.317,13.0
2015-07-02,30.4,20.3,25.2,0.0,13.3,29.9,18.51,Mahajanga,-15.717,46.317,13.0
2015-07-03,31.3,20.8,25.8,0.0,15.6,35.3,15.67,Mahajanga,-15.717,46.317,13.0
2015-07-04,31.8,22.7,27.0,0.0,18.5,39.2,16.82,Mahajanga,-15.717,46.317,13.0
2015-07-05,32.0,22.8,26.9,0.0,16.3,34.6,18.31,Mahajanga,-15.717,46.317,13.0
2015-07-06,31.6,22.2,26.5,0.0,13.9,29.9,18.5,Mahajanga,-15.717,46.317,13.0
2015-07-07,30.8,21.3,25.7,0.0,12.3,22.0,18.27,Mahajanga,-15.717,46.317,13.0
2015-07-08,30.7,21.1,25.6,0.3,16.0,33.8,14.15,Mahajanga,-15.717,46.317,13.0
2015-07-09,30.8,21.8,25.8,1.0,18.8,38.2,17.11,Mahajanga,-15.717,46.317,13.0
2015-07-10,30.4,21.6,25.6,0.0,17.5,36.4,18.82,Mahajanga,-15.717,46.317,13.0
2015-07-11,29.5,20.1,24.5,0.0,20.4,40.0,19.15,Mahajanga,-15.717,46.317,13.0
2015-07-12,30.0,19.4,24.5,0.0,18.6,38.5,18.91,Mahajanga,-15.717,46.317,13.0
2015-07-13,31.1,21.4,25.9,0.0,19.2,39.2,18.82,Mahajanga,-15.717,46.317,13.0
2015-07-14,30.8,20.9,25.5,0.0,16.8,35.3,18.48,Mahajanga,-15.717,46.317,13.0
2015-07-15,30.7,20.4,25.4,0.0,17.7,36.7,19.12,Mahajanga,-15.717,46.317,13.0
2015-07-16,31.5,21.6,26.1,0.0,19.8,40.0,17.22,Mahajanga,-15.717,46.317,13.0
2015-07-17,32.1,21.6,26.7,0.0,18.8,38.9,18.47,Mahajanga,-15.717,46.317,13.0
2015-07-18,31.8,22.5,26.6,0.0,22.3,44.6,19.27,Mahajanga,-15.717,46.317,13.0
2015-07-19,33.2,21.4,26.8,0.0,24.0,49.0,17.65,Mahajanga,-15.717,46.317,13.0
2015-07-20,31.3,22.4,26.5,0.0,21.7,44.3,19.05,Mahajanga,-15.717,46.317,13.0
2015-07-21,31.4,21.5,26.1,0.0,23.7,47.5,18.71,Mahajanga,-15.717,46.317,13.0
2015-07-22,30.9,20.6,25.6,0.0,19.7,41.8,18.91,Mahajanga,-15.717,46.317,13.0
2015-07-23,30.5,20.9,25.5,0.0,16.4,34.9,19.52,Mahajanga,-15.717,46.317,13.0
2015-07-24,30.6,20.7,25.6,0.0,17.8,36.7,18.34,Mahajanga,-15.717,46.317,13.0
2015-07-25,31.2,22.7,26.1,0.0,19.0,39.6,18.52,Mahajanga,-15.717,46.317,13.0
2015-07-26,30.9,20.4,25.5,0.0,16.6,34.2,19.93,Mahajanga,-15.717,46.317,13.0
2015-07-27,32.0,22.7,26.5,0.0,13.8,29.9,19.67,Mahajanga,-15.717,46.317,13.0
2015-07-28,31.2,22.5,26.0,0.0,12.5,26.6,18.95,Mahajanga,-15.717,46.317,13.0
2015-07-29,31.8,22.6,26.4,0.0,16.9,34.9,19.53,Mahajanga,-15.717,46.317,13.0
2015-07-30,31.6,21.6,25.9,0.0,16.4,34.9,20.16,Mahajanga,-15.717,46.317,13.0
2015-07-31,31.7,21.9,25.9,0.0,14.3,31.0,20.03,Mahajanga,-15.717,46.317,13.0
2015-08-01,32.4,21.4,26.6,0.0,11.5,23.8,19.15,Mahajanga,-15.717,46.317,13.0
2015-08-02,31.6,23.8,26.4,4.4,15.5,36.4,17.02,Mahajanga,-15.717,46.317,13.0
2015-08-03,24.0,19.2,22.3,3.1,21.3,50.0,9.58,Mahajanga,-15.717,46.317,13.0
2015-08-04,28.7,18.5,23.1,0.2,18.7,38.2,19.57,Mahajanga,-15.717,46.317,13.0
2015-08-05,29.7,19.2,24.3,0.0,18.6,37.8,20.65,Mahajanga,-15.717,46.317,13.0
2015-08-06,29.5,19.8,24.4,0.0,12.5,28.4,20.8,Mahajanga,-15.717,46.317,13.0
2015-08-07,29.9,19.1,24.3,0.0,12.1,25.9,19.76,Mahajanga,-15.717,46.317,13.0
2015-08-08,30.0,19.8,24.6,0.0,19.2,38.2,21.24,Mahajanga,-15.717,46.317,13.0
2015-08-09,30.4,19.0,24.3,0.0,14.2,31.0,21.39,Mahajanga,-15.717,46.317,13.0
2015-08-10,31.0,19.8,25.1,0.0,13.2,29.9,21.32,Mahajanga,-15.717,46.317,13.0
2015-08-11,31.8,20.7,25.6,0.0,16.9,34.9,21.45,Mahajanga,-15.717,46.317,13.0
2015-08-12,32.4,21.0,26.2,0.0,17.5,37.4,21.33,Mahajanga,-15.717,46.317,13.0
2015-08-13,32.8,22.4,26.9,0.0,18.4,38.5,19.38,Mahajanga,-15.717,46.317,13.0
2015-08-14,33.2,22.8,27.5,0.0,19.3,40.0,18.99,Mahajanga,-15.717,46.317,13.0
2015-08-15,33.1,23.3,27.7,0.0,21.3,43.6,21.76,Mahajanga,-15.717,46.317,13.0
2015-08-16,32.5,21.9,26.9,0.0,24.0,48.6,21.95,Mahajanga,-15.717,46.317,13.0
2015-08-17,31.9,22.3,26.7,0.0,20.4,42.5,19.61,Mahajanga,-15.717,46.317,13.0
2015-08-18,30.9,20.7,25.5,0.0,14.5,32.8,22.24,Mahajanga,-15.717,46.317,13.0
2015-08-19,31.4,20.8,25.7,0.0,15.5,33.1,22.27,Mahajanga,-15.717,46.317,13.0
2015-08-20,31.9,21.2,25.7,0.0,18.6,38.9,22.65,Mahajanga,-15.717,46.317,13.0
2015-08-21,31.9,20.0,25.4,0.0,17.3,36.7,22.74,Mahajanga,-15.717,46.317,13.0
2015-08-22,31.3,20.4,25.3,0.0,18.5,38.9,22.63,Mahajanga,-15.717,46.317,13.0
2015-08-23,32.1,20.5,26.0,0.0,16.3,34.9,23.09,Mahajanga,-15.717,46.317,13.0
2015-08-24,32.3,20.5,25.8,0.0,15.6,33.5,22.9,Mahajanga,-15.717,46.317,13.0
2015-08-25,32.5,20.8,26.0,0.0,19.4,39.2,23.07,Mahajanga,-15.717,46.317,13.0
2015-08-26,32.7,21.0,26.6,0.0,21.3,38.9,23.3,Mahajanga,-15.717,46.317,13.0
2015-08-27,33.0,21.6,26.9,0.0,22.6,45.0,22.18,Mahajanga,-15.717,46.317,13.0
2015-08-28,32.2,22.0,26.7,0.0,22.0,43.2,22.56,Mahajanga,-15.717,46.317,13.0
2015-08-29,32.1,21.1,26.6,0.0,19.3,40.7,19.99,Mahajanga,-15.717,46.317,13.0
2015-08-30,32.1,21.7,26.5,0.0,18.3,38.2,23.51,Mahajanga,-15.717,46.317,13.0
2015-08-31,32.1,20.9,26.1,0.0,20.9,42.8,23.72,Mahajanga,-15.717,46.317,13.0
2015-09-01,32.7,21.7,26.8,0.0,23.1,47.5,17.76,Mahajanga,-15.717,46.317,13.0
2015-09-02,33.0,23.0,27.2,0.0,22.5,45.0,23.79,Mahajanga,-15.717,46.317,13.0
2015-09-03,32.7,22.4,27.0,0.0,19.4,41.0,23.53,Mahajanga,-15.717,46.317,13.0
2015-09-04,32.7,20.9,26.3,0.0,16.3,34.6,24.13,Mahajanga,-15.717,46.317,13.0
2015-09-05,32.7,21.6,26.4,0.0,18.9,38.5,24.66,Mahajanga,-15.717,46.317,13.0
2015-09-06,32.5,21.1,26.5,0.0,17.4,36.4,23.56,Mahajanga,-15.717,46.317,13.0
2015-09-07,32.7,22.2,27.0,0.0,18.9,40.0,24.12,Mahajanga,-15.717,46.317,13.0
2015-09-08,33.0,22.0,27.2,0.0,18.5,38.5,23.04,Mahajanga,-15.717,46.317,13.0
2015-09-09,33.0,22.4,27.3,0.0,17.0,35.3,24.38,Mahajanga,-15.717,46.317,13.0
2015-09-10,33.2,22.4,27.3,0.0,17.7,36.7,24.64,Mahajanga,-15.717,46.317,13.0
2015-09-11,33.9,22.7,27.7,0.0,17.2,36.4,24.44,Mahajanga,-15.717,46.317,13.0
2015-09-12,31.7,23.8,27.1,0.0,15.7,31.3,22.15,Mahajanga,-15.717,46.317,13.0
2015-09-13,32.0,23.0,26.7,0.0,18.8,37.1,24.47,Mahajanga,-15.717,46.317,13.0
2015-09-14,32.3,21.1,26.7,0.0,22.7,46.1,19.9,Mahajanga,-15.717,46.317,13.0
2015-09-15,32.8,22.3,26.7,0.0,21.0,40.7,20.6,Mahajanga,-15.717,46.317,13.0
2015-09-16,32.8,21.4,26.5,0.0,17.1,36.4,25.38,Mahajanga,-15.717,46.317,13.0
2015-09-17,33.3,21.7,26.6,0.0,16.8,33.8,25.37,Mahajanga,-15.717,46.317,13.0
2015-09-18,33.3,22.1,26.8,0.0,13.1,30.2,25.55,Mahajanga,-15.717,46.317,13.0
2015-09-19,33.1,21.4,26.8,0.0,18.3,34.9,25.62,Mahajanga,-15.717,46.317,13.0
2015-09-20,34.4,22.4,27.9,0.0,18.9,38.9,26.2,Mahajanga,-15.717,46.317,13.0
2015-09-21,34.9,22.6,28.0,0.0,20.0,41.8,23.08,Mahajanga,-15.717,46.317,13.0
2015-09-22,33.9,23.2,28.0,0.0,19.8,41.0,25.22,Mahajanga,-15.717,46.317,13.0
2015-09-23,33.3,22.4,27.2,0.0,18.4,39.2,23.84,Mahajanga,-15.717,46.317,13.0
2015-09-24,32.9,22.4,27.1,0.0,18.8,39.6,23.12,Mahajanga,-15.717,46.317,13.0
2015-09-25,33.6,22.4,27.8,0.0,17.2,36.7,24.83,Mahajanga,-15.717,46.317,13.0
2015-09-26,34.5,22.6,28.2,0.0,23.3,42.5,24.99,Mahajanga,-15.717,46.317,13.0
2015-09-27,34.7,22.6,28.3,0.0,23.4,47.2,26.13,Mahajanga,-15.717,46.317,13.0
2015-09-28,34.0,23.1,27.9,0.0,20.9,43.6,25.74,Mahajanga,-15.717,46.317,13.0
2015-09-29,33.5,22.9,27.8,0.0,16.9,36.0,26.33,Mahajanga,-15.717,46.317,13.0
2015-09-30,33.4,23.3,27.5,0.0,18.4,36.4,26.1,Mahajanga,-15.717,46.317,13.0
2015-10-01,33.7,22.7,27.6,0.0,18.2,38.5,26.49,Mahajanga,-15.717,46.317,13.0
2015-10-02,33.8,22.9,27.7,0.0,18.1,38.2,26.53,Mahajanga,-15.717,46.317,13.0
2015-10-03,34.4,23.1,27.9,0.0,15.6,32.8,26.88,Mahajanga,-15.717,46.317,13.0
2015-10-04,35.3,24.1,29.0,0.0,17.4,36.7,22.94,Mahajanga,-15.717,46.317,13.0
2015-10-05,35.7,24.6,29.7,0.0,17.9,38.2,26.42,Mahajanga,-15.717,46.317,13.0
2015-10-06,35.5,24.2,29.3,0.0,16.4,35.3,27.33,Mahajanga,-15.717,46.317,13.0
2015-10-07,34.4,24.3,28.4,0.0,17.7,34.9,24.71,Mahajanga,-15.717,46.317,13.0
2015-10-08,34.4,25.3,28.6,0.0,18.2,38.2,27.11,Mahajanga,-15.717,46.317,13.0
2015-10-09,34.8,23.2,28.1,0.0,18.9,39.6,27.99,Mahajanga,-15.717,46.317,13.0
2015-10-10,33.8,23.0,27.7,0.0,18.6,38.2,27.53,Mahajanga,-15.717,46.317,13.0
2015-10-11,35.6,24.4,29.3,0.0,15.4,34.2,26.83,Mahajanga,-15.717,46.317,13.0
2015-10-12,35.6,26.3,29.9,0.0,17.8,37.8,26.61,Mahajanga,-15.717,46.317,13.0
2015-10-13,34.4,24.5,28.5,0.0,19.1,40.7,27.66,Mahajanga,-15.717,46.317,13.0
2015-10-14,35.2,24.5,29.2,0.0,18.9,40.0,27.45,Mahajanga,-15.717,46.317,13.0
2015-10-15,35.0,24.2,28.8,0.0,21.2,43.9,25.93,Mahajanga,-15.717,46.317,13.0
2015-10-16,35.1,24.0,28.7,0.0,20.6,42.8,26.27,Mahajanga,-15.717,46.317,13.0
2015-10-17,34.8,24.3,28.8,0.0,18.4,34.9,27.87,Mahajanga,-15.717,46.317,13.0
2015-10-18,34.4,25.0,28.6,0.2,19.8,41.8,26.11,Mahajanga,-15.717,46.317,13.0
2015-10-19,34.7,24.6,28.5,1.0,18.5,37.4,25.51,Mahajanga,-15.717,46.317,13.0
2015-10-20,34.0,24.4,28.3,1.1,17.6,36.7,25.42,Mahajanga,-15.717,46.317,13.0
2015-10-21,34.0,23.6,28.2,2.3,15.8,35.6,24.13,Mahajanga,-15.717,46.317,13.0
2015-10-22,34.1,25.2,28.9,0.3,19.1,39.6,25.77,Mahajanga,-15.717,46.317,13.0
2015-10-23,34.1,25.4,28.9,1.3,15.4,32.8,25.88,Mahajanga,-15.717,46.317,13.0
2015-10-24,33.9,25.7,28.8,0.1,17.4,34.2,25.96,Mahajanga,-15.717,46.317,13.0
2015-10-25,34.3,25.6,29.1,0.0,17.9,34.6,26.8,Mahajanga,-15.717,46.317,13.0
2015-10-26,35.7,25.9,29.7,1.4,16.6,34.2,25.81,Mahajanga,-15.717,46.317,13.0
2015-10-27,34.2,25.9,29.0,2.3,18.4,46.4,19.62,Mahajanga,-15.717,46.317,13.0
2015-10-28,35.4,25.2,29.0,8.9,18.3,44.6,25.64,Mahajanga,-15.717,46.317,13.0
2015-10-29,35.3,25.4,29.5,1.1,21.7,46.8,24.04,Mahajanga,-15.717,46.317,13.0
2015-10-30,35.7,25.5,29.7,0.0,22.3,45.0,26.58,Mahajanga,-15.717,46.317,13.0
2015-10-31,34.6,26.0,29.3,2.7,19.4,41.8,24.76,Mahajanga,-15.717,46.317,13.0
2015-11-01,33.3,24.8,28.2,1.3,16.6,37.1,26.12,Mahajanga,-15.717,46.317,13.0
2015-11-02,31.6,24.8,27.9,0.6,17.6,32.8,21.35,Mahajanga,-15.717,46.317,13.0
2015-11-03,31.9,25.1,28.2,0.3,14.2,30.6,21.63,Mahajanga,-15.717,46.317,13.0
2015-11-04,34.7,24.9,29.2,0.7,22.3,41.0,26.47,Mahajanga,-15.717,46.317,13.0
2015-11-05,33.4,25.6,28.4,7.8,16.4,35.6,22.78,Mahajanga,-15.717,46.317,13.0
2015-11-06,30.8,23.1,26.6,1.8,19.2,39.2,23.71,Mahajanga,-15.717,46.317,13.0
2015-11-07,32.9,21.8,26.9,0.0,20.6,40.0,29.37,Mahajanga,-15.717,46.317,13.0
2015-11-08,33.8,21.9,27.5,0.0,21.0,42.8,29.65,Mahajanga,-15.717,46.317,13.0
2015-11-09,33.7,21.5,27.4,0.0,18.1,37.1,30.09,Mahajanga,-15.717,46.317,13.0
2015-11-10,34.4,23.2,28.1,0.0,15.4,34.6,29.4,Mahajanga,-15.717,46.317,13.0
2015-11-11,35.3,22.7,28.6,0.0,15.3,31.0,29.47,Mahajanga,-15.717,46.317,13.0
2015-11-12,35.1,24.0,29.1,0.0,14.9,32.8,30.0,Mahajanga,-15.717,46.317,13.0
2015-11-13,35.8,23.9,28.9,0.0,16.0,36.0,30.51,Mahajanga,-15.717,46.317,13.0
2015-11-14,34.8,23.0,28.4,0.0,19.5,40.3,29.83,Mahajanga,-15.717,46.317,13.0
2015-11-15,35.1,23.2,28.8,0.0,21.1,43.9,29.23,Mahajanga,-15.717,46.317,13.0
2015-11-16,35.9,25.3,29.8,0.0,19.5,37.1,29.18,Mahajanga,-15.717,46.317,13.0
2015-11-17,36.7,26.0,30.2,0.0,21.6,43.6,29.26,Mahajanga,-15.717,46.317,13.0
2015-11-18,35.6,25.8,29.6,0.0,19.3,39.6,28.14,Mahajanga,-15.717,46.317,13.0
2015-11-19,36.3,26.2,30.0,0.3,19.0,38.9,29.71,Mahajanga,-15.717,46.317,13.0
2015-11-20,35.8,25.3,29.8,1.4,14.7,34.2,24.15,Mahajanga,-15.717,46.317,13.0
2015-11-21,33.5,26.4,29.4,1.5,16.0,31.7,24.29,Mahajanga,-15.717,46.317,13.0
2015-11-22,34.0,25.6,29.1,2.6,18.2,38.2,25.9,Mahajanga,-15.717,46.317,13.0
2015-11-23,31.6,25.7,28.2,15.1,18.9,38.2,16.32,Mahajanga,-15.717,46.317,13.0
2015-11-24,32.4,25.6,28.3,20.2,14.8,29.9,20.85,Mahajanga,-15.717,46.317,13.0
2015-11-25,30.2,24.4,26.7,5.3,20.7,41.0,21.71,Mahajanga,-15.717,46.317,13.0
2015-11-26,29.0,24.7,26.6,5.0,14.2,30.6,16.37,Mahajanga,-15.717,46.317,13.0
2015-11-27,31.1,24.9,27.8,1.5,14.8,28.4,22.63,Mahajanga,-15.717,46.317,13.0
2015-11-28,30.6,25.5,27.3,20.7,12.9,26.6,15.33,Mahajanga,-15.717,46.317,13.0
2015-11-29,34.0,24.6,28.6,0.9,15.5,28.1,27.35,Mahajanga,-15.717,46.317,13.0
2015-11-30,33.9,26.0,29.1,0.2,13.9,30.6,28.54,Mahajanga,-15.717,46.317,13.0
2015-12-01,32.6,25.5,28.3,6.4,15.5,31.3,25.99,Mahajanga,-15.717,46.317,13.0
2015-12-02,31.8,24.7,27.6,4.9,10.8,28.1,24.44,Mahajanga,-15.717,46.317,13.0
2015-12-03,33.0,24.6,28.3,3.8,14.5,27.7,25.79,Mahajanga,-15.717,46.317,13.0
2015-12-04,33.5,25.8,29.2,0.0,15.1,31.7,26.5,Mahajanga,-15.717,46.317,13.0
2015-12-05,32.6,26.1,28.9,0.0,13.7,28.4,25.08,Mahajanga,-15.717,46.317,13.0
2015-12-06,31.7,25.4,28.1,3.9,18.1,32.0,23.0,Mahajanga,-15.717,46.317,13.0
2015-12-07,31.6,25.1,28.3,0.9,15.2,29.9,25.02,Mahajanga,-15.717,46.317,13.0
2015-12-08,33.7,25.2,29.2,0.2,16.9,35.3,26.83,Mahajanga,-15.717,46.317,13.0
2015-12-09,32.6,25.4,29.0,1.8,11.9,27.4,21.7,Mahajanga,-15.717,46.317,13.0
2015-12-10,34.8,26.0,29.4,9.2,15.6,31.7,23.97,Mahajanga,-15.717,46.317,13.0
2015-12-11,32.8,25.3,28.0,10.2,16.1,31.7,21.43,Mahajanga,-15.717,46.317,13.0
2015-12-12,30.7,24.9,27.3,8.9,10.9,23.4,15.85,Mahajanga,-15.717,46.317,13.0
2015-12-13,31.1,25.1,27.6,6.3,13.1,25.2,19.04,Mahajanga,-15.717,46.317,13.0
2015-12-14,31.1,25.2,28.0,2.9,13.7,27.0,21.47,Mahajanga,-15.717,46.317,13.0
2015-12-15,31.3,24.8,27.8,8.4,14.8,33.1,21.76,Mahajanga,-15.717,46.317,13.0
2015-12-16,28.2,24.7,26.5,30.1,11.2,22.3,9.55,Mahajanga,-15.717,46.317,13.0
2015-12-17,29.5,24.7,26.5,17.4,12.8,30.2,14.17,Mahajanga,-15.717,46.317,13.0
2015-12-18,30.4,24.4,26.7,13.5,12.8,29.2,19.55,Mahajanga,-15.717,46.317,13.0
2015-12-19,31.3,24.6,27.5,4.1,14.1,27.4,25.18,Mahajanga,-15.717,46.317,13.0
2015-12-20,31.4,24.3,27.2,8.4,12.3,33.5,24.62,Mahajanga,-15.717,46.317,13.0
2015-12-21,30.4,24.8,27.0,4.4,15.3,33.1,22.78,Mahajanga,-15.717,46.317,13.0
2015-12-22,31.2,25.2,27.4,2.6,14.4,33.5,22.88,Mahajanga,-15.717,46.317,13.0
2015-12-23,31.4,24.9,27.9,2.8,14.8,28.8,24.1,Mahajanga,-15.717,46.317,13.0
2015-12-24,32.3,25.9,28.5,9.0,11.3,26.6,24.07,Mahajanga,-15.717,46.317,13.0
2015-12-25,31.7,25.0,27.4,16.1,12.2,27.0,23.48,Mahajanga,-15.717,46.317,13.0
2015-12-26,31.9,24.9,27.5,11.8,12.3,31.3,23.33,Mahajanga,-15.717,46.317,13.0
2015-12-27,28.8,24.1,25.9,17.2,11.8,25.6,12.82,Mahajanga,-15.717,46.317,13.0
2015-12-28,28.7,24.6,26.2,15.5,8.6,21.6,12.25,Mahajanga,-15.717,46.317,13.0
2015-12-29,28.8,24.3,26.2,22.4,12.0,22.0,13.65,Mahajanga,-15.717,46.317,13.0
2015-12-30,30.7,24.5,26.9,5.9,14.0,28.4,21.95,Mahajanga,-15.717,46.317,13.0
2015-12-31,30.7,24.7,27.3,2.3,14.3,27.4,22.2,Mahajanga,-15.717,46.317,13.0
2016-01-01,30.4,24.8,27.5,3.1,14.8,32.4,20.38,Mahajanga,-15.717,46.317,13.0
2016-01-02,30.9,25.5,28.2,2.3,18.7,36.4,22.54,Mahajanga,-15.717,46.317,13.0
2016-01-03,29.6,25.9,27.5,13.6,14.1,29.2,18.95,Mahajanga,-15.717,46.317,13.0
2016-01-04,30.8,25.1,27.7,11.9,9.2,19.8,20.24,Mahajanga,-15.717,46.317,13.0
2016-01-05,31.7,24.6,27.7,11.9,10.6,23.4,21.06,Mahajanga,-15.717,46.317,13.0
2016-01-06,30.7,24.7,27.6,1.6,12.1,29.2,16.81,Mahajanga,-15.717,46.317,13.0
2016-01-07,32.8,25.6,29.0,0.0,11.6,25.9,26.86,Mahajanga,-15.717,46.317,13.0
2016-01-08,32.2,25.9,28.6,1.4,14.1,29.5,25.78,Mahajanga,-15.717,46.317,13.0
2016-01-09,30.2,25.2,27.2,20.5,9.4,23.0,18.82,Mahajanga,-15.717,46.317,13.0
2016-01-10,29.9,24.9,27.0,7.8,10.3,20.5,17.0,Mahajanga,-15.717,46.317,13.0
2016-01-11,30.8,24.6,27.4,11.6,13.9,29.9,23.25,Mahajanga,-15.717,46.317,13.0
2016-01-12,29.3,25.1,26.9,9.7,15.7,29.9,15.95,Mahajanga,-15.717,46.317,13.0
2016-01-13,29.9,25.1,27.2,7.9,13.1,26.6,18.9,Mahajanga,-15.717,46.317,13.0
2016-01-14,31.5,24.8,27.6,13.8,11.8,28.1,23.34,Mahajanga,-15.717,46.317,13.0
2016-01-15,30.7,25.2,27.2,12.5,11.6,31.3,19.21,Mahajanga,-15.717,46.317,13.0
2016-01-16,29.4,25.3,26.9,28.6,14.0,28.4,17.83,Mahajanga,-15.717,46.317,13.0
2016-01-17,29.1,25.3,26.7,17.1,14.5,30.6,15.89,Mahajanga,-15.717,46.317,13.0
2016-01-18,28.4,24.9,26.2,20.9,16.4,30.2,12.76,Mahajanga,-15.717,46.317,13.0
2016-01-19,29.3,25.2,26.5,13.7,12.9,25.9,14.12,Mahajanga,-15.717,46.317,13.0
2016-01-20,28.5,25.0,26.1,6.2,18.6,36.7,12.66,Mahajanga,-15.717,46.317,13.0
2016-01-21,27.9,24.9,26.1,2.5,16.7,32.8,13.81,Mahajanga,-15.717,46.317,13.0
2016-01-22,30.5,24.7,26.7,4.3,11.3,22.7,15.99,Mahajanga,-15.717,46.317,13.0
2016-01-23,30.2,24.3,26.8,10.4,11.6,25.9,20.93,Mahajanga,-15.717,46.317,13.0
2016-01-24,30.2,24.6,26.8,9.9,10.6,27.7,20.5,Mahajanga,-15.717,46.317,13.0
2016-01-25,30.8,24.6,27.0,1.4,11.0,25.6,22.22,Mahajanga,-15.717,46.317,13.0
2016-01-26,31.0,24.7,27.7,3.1,13.2,27.7,23.34,Mahajanga,-15.717,46.317,13.0
2016-01-27,32.2,25.2,28.0,32.8,10.0,24.5,25.55,Mahajanga,-15.717,46.317,13.0
2016-01-28,30.5,25.5,27.0,32.2,12.3,27.7,17.2,Mahajanga,-15.717,46.317,13.0
2016-01-29,29.9,24.5,26.7,17.2,9.1,33.5,14.05,Mahajanga,-15.717,46.317,13.0
2016-01-30,31.1,25.2,27.5,8.9,16.9,38.2,18.62,Mahajanga,-15.717,46.317,13.0
2016-01-31,29.2,24.9,26.6,11.6,15.9,37.8,14.76,Mahajanga,-15.717,46.317,13.0
2016-02-01,25.0,23.7,24.3,135.8,20.5,53.6,2.13,Mahajanga,-15.717,46.317,13.0
2016-02-02,28.3,25.0,26.0,51.0,35.5,68.8,12.75,Mahajanga,-15.717,46.317,13.0
2016-02-03,29.0,24.3,26.3,2.8,11.6,24.1,15.71,Mahajanga,-15.717,46.317,13.0
2016-02-04,27.4,24.3,25.6,8.2,8.8,19.4,9.97,Mahajanga,-15.717,46.317,13.0
2016-02-05,27.6,24.4,25.4,32.1,11.0,23.8,7.94,Mahajanga,-15.717,46.317,13.0
2016-02-06,26.5,24.4,25.2,14.3,9.3,16.9,6.68,Mahajanga,-15.717,46.317,13.0
2016-02-07,28.4,24.1,26.2,9.3,11.4,17.3,12.74,Mahajanga,-15.717,46.317,13.0
2016-02-08,30.3,25.0,26.6,19.5,17.0,31.3,15.61,Mahajanga,-15.717,46.317,13.0
2016-02-09,28.5,25.5,26.7,0.4,19.5,37.4,10.84,Mahajanga,-15.717,46.317,13.0
2016-02-10,30.0,24.7,27.1,0.7,20.3,40.7,23.51,Mahajanga,-15.717,46.317,13.0
2016-02-11,29.1,24.7,26.9,1.2,17.9,40.0,23.55,Mahajanga,-15.717,46.317,13.0
2016-02-12,29.4,24.7,27.1,1.7,15.5,31.7,20.96,Mahajanga,-15.717,46.317,13.0
2016-02-13,30.6,23.4,27.1,0.0,14.3,30.6,27.68,Mahajanga,-15.717,46.317,13.0
2016-02-14,31.3,24.1,27.5,0.0,12.0,20.2,26.59,Mahajanga,-15.717,46.317,13.0
2016-02-15,30.7,24.4,27.7,0.7,15.3,27.4,23.73,Mahajanga,-15.717,46.317,13.0
2016-02-16,31.6,25.1,27.8,16.6,9.9,27.4,23.56,Mahajanga,-15.717,46.317,13.0
2016-02-17,32.1,25.0,28.2,6.6,11.8,35.3,23.07,Mahajanga,-15.717,46.317,13.0
2016-02-18,32.5,25.5,28.5,2.6,10.7,22.0,24.87,Mahajanga,-15.717,46.317,13.0
2016-02-19,30.7,25.8,27.5,22.9,11.2,26.6,19.73,Mahajanga,-15.717,46.317,13.0
2016-02-20,28.0,25.2,26.4,8.6,8.0,19.1,9.42,Mahajanga,-15.717,46.317,13.0
2016-02-21,30.2,24.8,26.7,11.7,9.4,26.6,15.23,Mahajanga,-15.717,46.317,13.0
2016-02-22,28.4,24.9,26.8,18.1,8.7,24.1,12.74,Mahajanga,-15.717,46.317,13.0
2016-02-23,31.2,25.1,27.7,6.5,10.8,25.2,19.26,Mahajanga,-15.717,46.317,13.0
2016-02-24,30.6,25.7,27.5,0.5,9.8,23.4,19.03,Mahajanga,-15.717,46.317,13.0
2016-02-25,30.3,24.9,26.6,31.9,12.4,27.4,16.79,Mahajanga,-15.717,46.317,13.0
2016-02-26,27.0,24.3,25.2,13.0,6.6,26.6,8.3,Mahajanga,-15.717,46.317,13.0
2016-02-27,29.4,24.0,26.4,1.4,11.9,29.9,19.38,Mahajanga,-15.717,46.317,13.0
2016-02-28,29.9,24.5,26.9,4.6,13.3,27.4,18.87,Mahajanga,-15.717,46.317,13.0
2016-02-29,31.5,24.5,27.6,4.4,11.4,23.4,22.43,Mahajanga,-15.717,46.317,13.0
2016-03-01,31.9,24.8,27.8,4.4,12.3,29.9,25.08,Mahajanga,-15.717,46.317,13.0
2016-03-02,31.9,25.0,27.8,10.1,15.7,34.9,22.54,Mahajanga,-15.717,46.317,13.0
2016-03-03,32.6,25.3,28.2,9.8,14.8,37.8,22.88,Mahajanga,-15.717,46.317,13.0
2016-03-04,32.4,25.1,28.7,0.7,14.5,31.3,24.53,Mahajanga,-15.717,46.317,13.0
2016-03-05,33.7,25.6,29.7,0.2,12.1,26.3,25.38,Mahajanga,-15.717,46.317,13.0
2016-03-06,32.8,26.5,29.4,0.0,15.5,31.3,25.84,Mahajanga,-15.717,46.317,13.0
2016-03-07,32.5,26.4,29.2,1.1,14.5,31.0,23.21,Mahajanga,-15.717,46.317,13.0
2016-03-08,32.8,26.0,29.1,4.3,16.7,34.2,25.32,Mahajanga,-15.717,46.317,13.0
2016-03-09,32.6,25.9,28.8,11.7,9.6,24.1,23.32,Mahajanga,-15.717,46.317,13.0
2016-03-10,32.0,25.6,27.8,11.6,11.0,24.5,21.3,Mahajanga,-15.717,46.317,13.0
2016-03-11,30.8,25.2,27.7,10.7,10.6,24.8,18.47,Mahajanga,-15.717,46.317,13.0
2016-03-12,30.3,25.4,27.6,3.1,12.0,27.7,18.2,Mahajanga,-15.717,46.317,13.0
2016-03-13,30.6,25.1,27.6,1.6,12.1,28.1,20.6,Mahajanga,-15.717,46.317,13.0
2016-03-14,30.9,25.3,27.9,1.6,12.0,24.8,22.22,Mahajanga,-15.717,46.317,13.0
2016-03-15,31.0,25.3,27.8,2.3,11.8,25.2,20.39,Mahajanga,-15.717,46.317,13.0
2016-03-16,31.2,25.3,28.0,1.8,12.9,23.0,21.0,Mahajanga,-15.717,46.317,13.0
2016-03-17,31.2,25.5,28.0,2.5,14.6,26.3,19.88,Mahajanga,-15.717,46.317,13.0
2016-03-18,31.0,25.3,27.8,5.8,10.8,24.5,20.87,Mahajanga,-15.717,46.317,13.0
2016-03-19,30.5,24.9,27.4,7.1,12.9,23.0,17.41,Mahajanga,-15.717,46.317,13.0
2016-03-20,30.1,25.5,27.4,11.0,9.2,25.6,16.29,Mahajanga,-15.717,46.317,13.0
2016-03-21,31.6,24.9,27.8,10.5,9.4,24.8,21.46,Mahajanga,-15.717,46.317,13.0
2016-03-22,30.8,25.6,27.9,3.5,12.9,27.0,22.12,Mahajanga,-15.717,46.317,13.0
2016-03-23,29.6,25.3,27.0,16.8,12.3,28.1,15.42,Mahajanga,-15.717,46.317,13.0
2016-03-24,30.0,25.5,27.1,12.3,10.7,28.8,13.53,Mahajanga,-15.717,46.317,13.0
2016-03-25,30.6,25.4,27.3,11.9,11.6,25.6,15.65,Mahajanga,-15.717,46.317,13.0
2016-03-26,29.4,25.5,26.8,18.3,9.6,17.3,10.93,Mahajanga,-15.717,46.317,13.0
2016-03-27,27.2,25.0,26.1,27.0,12.6,25.2,5.48,Mahajanga,-15.717,46.317,13.0
2016-03-28,31.4,25.5,27.8,1.4,13.0,31.7,19.22,Mahajanga,-15.717,46.317,13.0
2016-03-29,31.5,25.0,27.9,3.4,12.4,27.0,21.88,Mahajanga,-15.717,46.317,13.0
2016-03-30,31.6,25.8,28.3,0.5,13.7,29.2,22.4,Mahajanga,-15.717,46.317,13.0
2016-03-31,27.6,25.2,26.4,7.4,11.0,26.6,7.55,Mahajanga,-15.717,46.317,13.0
2016-04-01,31.6,24.8,28.0,2.7,12.0,25.9,20.93,Mahajanga,-15.717,46.317,13.0
2016-04-02,32.2,24.8,28.1,0.0,14.8,31.3,24.58,Mahajanga,-15.717,46.317,13.0
2016-04-03,32.6,25.0,28.3,1.9,16.6,34.6,21.47,Mahajanga,-15.717,46.317,13.0
2016-04-04,31.8,25.1,28.2,0.2,13.3,32.4,19.62,Mahajanga,-15.717,46.317,13.0
2016-04-05,31.2,25.3,27.8,0.0,16.1,32.4,22.37,Mahajanga,-15.717,46.317,13.0
2016-04-06,31.6,25.4,28.0,0.0,10.8,22.3,20.53,Mahajanga,-15.717,46.317,13.0
2016-04-07,32.1,25.5,28.4,0.6,11.3,22.3,21.09,Mahajanga,-15.717,46.317,13.0
2016-04-08,32.2,25.1,28.2,1.2,11.1,25.2,22.74,Mahajanga,-15.717,46.317,13.0
2016-04-09,31.4,25.3,28.0,0.0,10.0,28.8,18.28,Mahajanga,-15.717,46.317,13.0
2016-04-10,32.1,24.9,28.2,0.9,12.4,27.7,20.94,Mahajanga,-15.717,46.317,13.0
2016-04-11,32.4,25.0,28.4,0.0,14.5,30.2,23.73,Mahajanga,-15.717,46.317,13.0
2016-04-12,32.5,24.7,28.2,0.0,15.8,32.0,22.6,Mahajanga,-15.717,46.317,13.0
2016-04-13,33.3,25.9,29.1,0.0,19.5,39.2,20.37,Mahajanga,-15.717,46.317,13.0
2016-04-14,33.5,25.2,28.9,0.0,18.1,37.4,23.25,Mahajanga,-15.717,46.317,13.0
2016-04-15,33.9,26.4,29.8,0.0,20.9,41.4,21.29,Mahajanga,-15.717,46.317,13.0
2016-04-16,34.4,25.6,29.7,0.0,26.7,50.4,19.59,Mahajanga,-15.717,46.317,13.0
2016-04-17,34.7,26.0,29.9,0.0,21.6,42.5,21.43,Mahajanga,-15.717,46.317,13.0
2016-04-18,34.4,25.5,29.6,0.0,22.1,43.9,20.35,Mahajanga,-15.717,46.317,13.0
2016-04-19,32.8,25.0,28.4,0.0,14.3,30.2,22.8,Mahajanga,-15.717,46.317,13.0
2016-04-20,32.7,25.1,28.2,0.0,13.1,27.7,22.91,Mahajanga,-15.717,46.317,13.0
2016-04-21,31.7,24.3,27.9,0.0,12.9,25.6,20.76,Mahajanga,-15.717,46.317,13.0
2016-04-22,31.8,23.5,27.7,0.6,9.4,27.0,20.4,Mahajanga,-15.717,46.317,13.0
2016-04-23,33.1,24.6,28.4,0.4,12.4,28.1,22.55,Mahajanga,-15.717,46.317,13.0
2016-04-24,33.7,25.5,28.8,1.2,16.3,37.8,16.98,Mahajanga,-15.717,46.317,13.0
2016-04-25,33.8,25.3,29.3,0.0,15.6,33.1,21.66,Mahajanga,-15.717,46.317,13.0
2016-04-26,33.9,25.0,29.1,0.0,15.9,33.5,21.9,Mahajanga,-15.717,46.317,13.0
2016-04-27,33.8,25.2,29.0,0.0,14.0,29.9,21.99,Mahajanga,-15.717,46.317,13.0
2016-04-28,33.1,24.7,28.5,0.0,14.0,29.2,21.56,Mahajanga,-15.717,46.317,13.0
2016-04-29,32.8,25.7,28.7,0.0,14.8,30.6,20.25,Mahajanga,-15.717,46.317,13.0
2016-04-30,32.5,24.8,28.1,0.0,12.9,27.4,20.44,Mahajanga,-15.717,46.317,13.0
2016-05-01,31.3,24.7,27.9,0.1,12.1,21.2,18.11,Mahajanga,-15.717,46.317,13.0
2016-05-02,32.4,25.0,28.3,0.0,11.4,20.2,20.62,Mahajanga,-15.717,46.317,13.0
2016-05-03,31.6,23.8,27.7,0.0,9.3,22.7,18.44,Mahajanga,-15.717,46.317,13.0
2016-05-04,31.0,23.9,27.5,0.3,11.6,25.6,18.79,Mahajanga,-15.717,46.317,13.0
2016-05-05,32.4,24.4,28.0,0.0,12.2,25.2,20.78,Mahajanga,-15.717,46.317,13.0
2016-05-06,31.1,23.8,27.4,0.3,17.7,37.1,15.49,Mahajanga,-15.717,46.317,13.0
2016-05-07,31.5,25.3,27.9,0.0,14.5,31.7,12.03,Mahajanga,-15.717,46.317,13.0
2016-05-08,32.5,25.4,28.5,0.0,13.3,30.2,19.3,Mahajanga,-15.717,46.317,13.0
2016-05-09,32.8,25.4,28.7,0.0,22.3,42.5,20.53,Mahajanga,-15.717,46.317,13.0
2016-05-10,32.5,22.1,27.0,0.0,23.4,46.4,20.18,Mahajanga,-15.717,46.317,13.0
2016-05-11,31.7,21.9,26.5,0.0,20.3,39.2,21.05,Mahajanga,-15.717,46.317,13.0
2016-05-12,32.1,22.3,26.9,0.0,19.9,40.7,20.66,Mahajanga,-15.717,46.317,13.0
2016-05-13,32.8,22.8,27.4,0.0,18.5,39.2,19.95,Mahajanga,-15.717,46.317,13.0
2016-05-14,32.5,24.7,28.3,0.0,22.1,44.3,15.74,Mahajanga,-15.717,46.317,13.0
2016-05-15,33.2,24.2,28.4,0.0,18.4,37.8,20.28,Mahajanga,-15.717,46.317,13.0
2016-05-16,32.4,23.1,27.4,0.0,18.4,38.5,20.37,Mahajanga,-15.717,46.317,13.0
2016-05-17,31.3,22.2,26.5,0.0,14.6,27.7,19.45,Mahajanga,-15.717,46.317,13.0
2016-05-18,31.8,23.2,26.9,0.0,11.0,20.2,20.03,Mahajanga,-15.717,46.317,13.0
2016-05-19,31.5,23.1,26.5,0.0,24.9,44.3,16.53,Mahajanga,-15.717,46.317,13.0
2016-05-20,29.5,20.2,24.5,0.0,24.5,47.9,20.43,Mahajanga,-15.717,46.317,13.0
2016-05-21,29.2,19.9,24.6,0.0,17.6,36.7,20.3,Mahajanga,-15.717,46.317,13.0
2016-05-22,29.7,20.5,25.3,0.0,17.3,36.4,18.4,Mahajanga,-15.717,46.317,13.0
2016-05-23,30.1,21.0,25.4,0.0,21.3,43.9,18.22,Mahajanga,-15.717,46.317,13.0
2016-05-24,30.3,20.2,25.0,0.0,21.7,43.6,19.13,Mahajanga,-15.717,46.317,13.0
2016-05-25,30.3,20.2,24.9,0.0,18.8,38.5,19.89,Mahajanga,-15.717,46.317,13.0
2016-05-26,30.0,20.6,25.3,0.0,15.7,33.1,18.98,Mahajanga,-15.717,46.317,13.0
2016-05-27,30.2,21.4,25.6,0.0,14.5,31.7,19.57,Mahajanga,-15.717,46.317,13.0
2016-05-28,30.3,20.2,25.5,0.0,10.7,25.6,17.52,Mahajanga,-15.717,46.317,13.0
2016-05-29,30.1,22.3,25.7,0.0,12.0,28.1,17.4,Mahajanga,-15.717,46.317,13.0
2016-05-30,29.0,20.8,25.2,0.0,9.4,23.0,16.17,Mahajanga,-15.717,46.317,13.0
2016-05-31,30.6,22.1,26.3,0.5,9.4,23.8,16.38,Mahajanga,-15.717,46.317,13.0
2016-06-01,31.8,23.4,27.2,0.0,17.7,38.2,17.24,Mahajanga,-15.717,46.317,13.0
2016-06-02,31.9,23.2,27.3,0.0,20.3,42.1,17.62,Mahajanga,-15.717,46.317,13.0
2016-06-03,32.1,23.6,27.5,0.0,20.8,41.0,17.69,Mahajanga,-15.717,46.317,13.0
2016-06-04,31.4,22.4,26.6,0.0,15.5,33.5,18.66,Mahajanga,-15.717,46.317,13.0
2016-06-05,31.1,22.4,26.5,0.0,13.7,29.9,18.83,Mahajanga,-15.717,46.317,13.0
2016-06-06,31.2,22.6,26.3,0.0,13.8,28.4,18.73,Mahajanga,-15.717,46.317,13.0
2016-06-07,31.3,23.0,26.5,0.0,16.6,34.6,17.09,Mahajanga,-15.717,46.317,13.0
2016-06-08,30.1,21.5,25.5,0.0,18.1,36.0,18.87,Mahajanga,-15.717,46.317,13.0
2016-06-09,29.7,20.3,24.7,0.0,19.9,40.0,18.9,Mahajanga,-15.717,46.317,13.0
2016-06-10,30.0,20.5,25.0,0.0,21.2,42.5,18.69,Mahajanga,-15.717,46.317,13.0
2016-06-11,30.4,21.3,25.7,0.0,19.8,40.0,18.42,Mahajanga,-15.717,46.317,13.0
2016-06-12,30.8,21.9,26.0,0.0,14.5,27.7,16.27,Mahajanga,-15.717,46.317,13.0
2016-06-13,25.1,22.9,23.7,3.0,15.9,44.6,9.17,Mahajanga,-15.717,46.317,13.0
2016-06-14,29.4,21.6,25.3,0.0,21.1,42.5,14.27,Mahajanga,-15.717,46.317,13.0
2016-06-15,25.4,21.8,23.3,0.1,16.3,32.8,8.3,Mahajanga,-15.717,46.317,13.0
2016-06-16,30.1,20.8,25.0,0.0,14.3,30.6,17.01,Mahajanga,-15.717,46.317,13.0
2016-06-17,31.2,22.4,26.2,1.3,14.6,33.8,16.02,Mahajanga,-15.717,46.317,13.0
2016-06-18,30.7,22.0,25.9,0.0,17.1,35.6,18.09,Mahajanga,-15.717,46.317,13.0
2016-06-19,30.6,21.8,25.9,0.0,18.2,37.1,17.83,Mahajanga,-15.717,46.317,13.0
2016-06-20,30.2,20.7,25.4,0.0,18.1,38.2,18.34,Mahajanga,-15.717,46.317,13.0
2016-06-21,30.7,21.8,25.9,0.0,19.3,39.6,17.61,Mahajanga,-15.717,46.317,13.0
2016-06-22,30.7,20.9,25.6,0.0,17.4,36.4,17.44,Mahajanga,-15.717,46.317,13.0
2016-06-23,29.7,22.7,25.7,0.0,14.3,29.9,12.73,Mahajanga,-15.717,46.317,13.0
2016-06-24,31.0,20.8,25.7,0.0,20.3,36.4,17.68,Mahajanga,-15.717,46.317,13.0
2016-06-25,30.8,21.7,25.9,0.0,21.0,42.1,18.27,Mahajanga,-15.717,46.317,13.0
2016-06-26,30.7,20.9,25.5,0.0,21.1,43.2,18.5,Mahajanga,-15.717,46.317,13.0
2016-06-27,29.4,21.2,24.9,0.0,22.3,43.9,18.61,Mahajanga,-15.717,46.317,13.0
2016-06-28,29.9,20.5,24.8,0.0,19.9,40.7,18.55,Mahajanga,-15.717,46.317,13.0
2016-06-29,29.9,20.2,25.0,0.0,14.3,31.3,17.88,Mahajanga,-15.717,46.317,13.0
2016-06-30,30.0,21.1,25.3,0.0,17.0,34.9,18.48,Mahajanga,-15.717,46.317,13.0
2016-07-01,29.1,19.1,23.9,0.0,17.3,36.4,19.08,Mahajanga,-15.717,46.317,13.0
2016-07-02,30.4,20.1,24.9,0.0,19.7,40.3,18.49,Mahajanga,-15.717,46.317,13.0
2016-07-03,28.8,19.3,24.1,0.0,18.2,37.8,18.81,Mahajanga,-15.717,46.317,13.0
2016-07-04,28.6,19.9,24.3,0.0,15.7,33.5,18.23,Mahajanga,-15.717,46.317,13.0
2016-07-05,28.9,20.0,24.5,0.0,17.8,36.7,18.52,Mahajanga,-15.717,46.317,13.0
2016-07-06,29.9,19.5,24.6,0.0,18.7,40.0,18.54,Mahajanga,-15.717,46.317,13.0
2016-07-07,29.3,20.2,24.6,0.0,20.5,42.1,18.68,Mahajanga,-15.717,46.317,13.0
2016-07-08,28.9,18.8,23.6,0.0,19.1,33.5,19.12,Mahajanga,-15.717,46.317,13.0
2016-07-09,28.6,18.9,23.3,0.0,15.3,32.4,18.96,Mahajanga,-15.717,46.317,13.0
2016-07-10,28.3,18.5,23.2,0.0,16.6,34.9,19.08,Mahajanga,-15.717,46.317,13.0
2016-07-11,28.8,19.1,23.9,0.0,21.5,43.6,16.87,Mahajanga,-15.717,46.317,13.0
2016-07-12,29.5,18.9,24.1,0.0,23.8,46.4,17.53,Mahajanga,-15.717,46.317,13.0
2016-07-13,29.2,18.9,23.7,0.0,18.6,38.2,19.2,Mahajanga,-15.717,46.317,13.0
2016-07-14,29.6,20.1,24.3,0.0,19.1,38.9,19.02,Mahajanga,-15.717,46.317,13.0
2016-07-15,30.0,19.9,24.9,0.0,18.3,37.4,17.77,Mahajanga,-15.717,46.317,13.0
2016-07-16,30.0,20.7,25.1,0.0,19.2,39.2,18.63,Mahajanga,-15.717,46.317,13.0
2016-07-17,29.8,19.9,24.8,0.0,18.8,38.2,18.85,Mahajanga,-15.717,46.317,13.0
2016-07-18,29.5,20.1,24.7,0.0,17.8,37.1,15.96,Mahajanga,-15.717,46.317,13.0
2016-07-19,30.9,21.1,25.4,0.0,15.5,33.1,19.02,Mahajanga,-15.717,46.317,13.0
2016-07-20,31.4,18.9,25.3,0.0,19.2,35.3,16.85,Mahajanga,-15.717,46.317,13.0
2016-07-21,29.0,19.4,23.5,6.1,16.7,31.3,13.43,Mahajanga,-15.717,46.317,13.0
2016-07-22,31.3,22.4,26.2,0.0,22.0,45.0,14.85,Mahajanga,-15.717,46.317,13.0
2016-07-23,31.5,22.4,26.5,0.0,19.2,39.2,18.94,Mahajanga,-15.717,46.317,13.0
2016-07-24,31.5,21.1,26.0,0.0,23.3,47.5,16.34,Mahajanga,-15.717,46.317,13.0
2016-07-25,31.2,21.0,25.7,0.0,22.5,46.1,18.57,Mahajanga,-15.717,46.317,13.0
2016-07-26,30.7,21.0,25.7,0.0,22.9,47.5,16.64,Mahajanga,-15.717,46.317,13.0
2016-07-27,31.2,22.1,25.9,0.0,19.7,40.7,19.37,Mahajanga,-15.717,46.317,13.0
2016-07-28,29.7,20.0,24.5,0.0,17.7,37.1,19.93,Mahajanga,-15.717,46.317,13.0
2016-07-29,30.0,19.7,24.6,0.0,15.9,34.2,20.13,Mahajanga,-15.717,46.317,13.0
2016-07-30,30.2,19.9,24.7,0.0,13.0,28.8,20.35,Mahajanga,-15.717,46.317,13.0
2016-07-31,31.4,19.3,25.1,0.0,11.6,23.4,20.39,Mahajanga,-15.717,46.317,13.0
2016-08-01,30.9,20.1,25.0,0.0,12.1,27.7,20.48,Mahajanga,-15.717,46.317,13.0
2016-08-02,30.9,21.1,25.0,0.0,18.0,37.4,20.56,Mahajanga,-15.717,46.317,13.0
2016-08-03,31.0,20.5,25.2,0.0,12.6,28.4,20.71,Mahajanga,-15.717,46.317,13.0
2016-08-04,31.7,21.0,25.7,0.0,14.0,30.6,20.8,Mahajanga,-15.717,46.317,13.0
2016-08-05,31.7,20.7,25.9,0.0,12.2,28.8,17.34,Mahajanga,-15.717,46.317,13.0
2016-08-06,31.5,23.4,26.9,0.0,18.1,36.4,13.64,Mahajanga,-15.717,46.317,13.0
2016-08-07,32.4,23.4,27.4,0.0,15.7,33.8,17.24,Mahajanga,-15.717,46.317,13.0
2016-08-08,32.0,21.7,26.6,0.0,19.6,40.0,20.38,Mahajanga,-15.717,46.317,13.0
2016-08-09,31.5,21.9,26.3,0.0,16.9,36.0,19.85,Mahajanga,-15.717,46.317,13.0
2016-08-10,30.7,22.2,25.7,0.0,16.6,34.9,20.39,Mahajanga,-15.717,46.317,13.0
2016-08-11,29.7,20.6,24.8,0.0,13.8,25.2,19.9,Mahajanga,-15.717,46.317,13.0
2016-08-12,29.3,19.9,24.7,0.0,14.0,25.2,18.47,Mahajanga,-15.717,46.317,13.0
2016-08-13,31.3,21.3,25.8,0.0,16.8,35.6,19.08,Mahajanga,-15.717,46.317,13.0
2016-08-14,32.4,21.4,26.5,0.0,19.2,39.6,20.31,Mahajanga,-15.717,46.317,13.0
2016-08-15,33.1,23.8,27.6,0.0,22.7,45.7,21.6,Mahajanga,-15.717,46.317,13.0
2016-08-16,33.1,21.9,27.1,0.0,20.7,42.1,20.51,Mahajanga,-15.717,46.317,13.0
2016-08-17,32.2,22.1,26.9,0.0,21.2,38.2,20.98,Mahajanga,-15.717,46.317,13.0
2016-08-18,31.3,21.4,26.0,0.0,18.6,38.2,22.29,Mahajanga,-15.717,46.317,13.0
2016-08-19,31.2,20.7,25.7,0.0,17.1,36.7,22.3,Mahajanga,-15.717,46.317,13.0
2016-08-20,31.1,20.8,25.6,0.0,16.5,34.9,22.61,Mahajanga,-15.717,46.317,13.0
2016-08-21,31.2,20.8,25.4,0.0,13.7,31.3,22.17,Mahajanga,-15.717,46.317,13.0
2016-08-22,31.4,21.6,25.6,0.0,17.0,35.6,22.82,Mahajanga,-15.717,46.317,13.0
2016-08-23,31.9,20.5,25.6,0.0,17.1,36.0,23.04,Mahajanga,-15.717,46.317,13.0
2016-08-24,31.7,20.8,25.9,0.0,18.4,37.8,23.32,Mahajanga,-15.717,46.317,13.0
2016-08-25,31.2,20.2,25.4,0.0,17.9,37.1,22.94,Mahajanga,-15.717,46.317,13.0
2016-08-26,31.8,19.8,25.5,0.0,15.0,33.1,23.26,Mahajanga,-15.717,46.317,13.0
2016-08-27,32.4,21.0,26.3,0.0,23.2,40.7,22.85,Mahajanga,-15.717,46.317,13.0
2016-08-28,31.3,20.8,25.8,0.0,28.0,54.7,20.4,Mahajanga,-15.717,46.317,13.0
2016-08-29,30.9,20.0,24.9,0.0,26.3,52.6,23.6,Mahajanga,-15.717,46.317,13.0
2016-08-30,31.6,19.6,25.0,0.0,25.0,51.5,22.31,Mahajanga,-15.717,46.317,13.0
2016-08-31,31.8,20.0,25.4,0.0,26.6,53.3,22.74,Mahajanga,-15.717,46.317,13.0
2016-09-01,32.0,20.2,25.7,0.0,29.0,57.2,22.51,Mahajanga,-15.717,46.317,13.0
2016-09-02,31.6,20.3,25.9,0.0,26.1,52.2,19.32,Mahajanga,-15.717,46.317,13.0
2016-09-03,31.5,20.1,25.5,0.0,18.2,38.5,24.01,Mahajanga,-15.717,46.317,13.0
2016-09-04,31.2,19.8,25.0,0.0,20.7,42.5,24.4,Mahajanga,-15.717,46.317,13.0
2016-09-05,31.4,20.3,25.3,0.0,21.9,43.9,24.38,Mahajanga,-15.717,46.317,13.0
2016-09-06,31.5,20.0,25.2,0.0,19.9,41.0,24.54,Mahajanga,-15.717,46.317,13.0
2016-09-07,31.5,20.3,25.4,0.0,17.4,36.7,24.77,Mahajanga,-15.717,46.317,13.0
2016-09-08,31.9,20.2,25.2,0.0,16.3,35.6,24.56,Mahajanga,-15.717,46.317,13.0
2016-09-09,33.6,22.4,27.3,0.0,15.2,33.1,24.33,Mahajanga,-15.717,46.317,13.0
2016-09-10,33.4,22.1,26.8,0.0,16.3,36.7,23.76,Mahajanga,-15.717,46.317,13.0
2016-09-11,32.0,21.0,26.0,0.0,18.9,39.6,20.61,Mahajanga,-15.717,46.317,13.0
2016-09-12,32.6,21.1,26.4,0.0,19.8,41.0,24.56,Mahajanga,-15.717,46.317,13.0
2016-09-13,32.0,20.4,25.6,0.0,16.3,35.3,25.29,Mahajanga,-15.717,46.317,13.0
2016-09-14,32.7,21.7,26.3,0.0,16.0,34.6,24.65,Mahajanga,-15.717,46.317,13.0
2016-09-15,31.6,21.2,25.8,0.0,19.1,39.2,25.09,Mahajanga,-15.717,46.317,13.0
2016-09-16,31.9,21.0,25.8,0.0,20.9,42.1,25.52,Mahajanga,-15.717,46.317,13.0
2016-09-17,32.1,20.9,26.1,0.0,19.1,39.2,25.55,Mahajanga,-15.717,46.317,13.0
2016-09-18,32.9,21.3,26.8,0.0,25.0,45.4,25.74,Mahajanga,-15.717,46.317,13.0
2016-09-19,32.4,20.7,26.0,0.0,24.1,47.9,22.15,Mahajanga,-15.717,46.317,13.0
2016-09-20,31.7,21.0,26.2,0.0,20.2,36.4,21.73,Mahajanga,-15.717,46.317,13.0
2016-09-21,33.0,22.9,27.2,0.0,18.0,38.2,22.22,Mahajanga,-15.717,46.317,13.0
2016-09-22,33.7,23.1,27.6,0.0,18.1,37.8,24.15,Mahajanga,-15.717,46.317,13.0
2016-09-23,33.8,23.5,27.7,0.0,16.5,34.9,24.45,Mahajanga,-15.717,46.317,13.0
2016-09-24,32.8,21.8,26.5,0.0,17.9,37.8,26.49,Mahajanga,-15.717,46.317,13.0
2016-09-25,32.5,22.2,26.3,0.0,15.9,34.2,25.89,Mahajanga,-15.717,46.317,13.0
2016-09-26,33.0,22.0,26.8,0.0,15.6,32.0,26.4,Mahajanga,-15.717,46.317,13.0
2016-09-27,33.7,23.2,27.6,0.0,20.5,42.1,24.24,Mahajanga,-15.717,46.317,13.0
2016-09-28,34.1,22.7,27.4,0.0,21.8,44.6,25.52,Mahajanga,-15.717,46.317,13.0
2016-09-29,33.4,22.3,27.1,0.0,18.1,38.5,26.06,Mahajanga,-15.717,46.317,13.0
2016-09-30,33.4,23.1,27.4,0.0,18.2,38.5,26.63,Mahajanga,-15.717,46.317,13.0
2016-10-01,33.2,22.0,26.8,0.0,19.8,42.5,27.19,Mahajanga,-15.717,46.317,13.0
2016-10-02,32.5,22.6,26.5,0.0,21.1,41.8,25.52,Mahajanga,-15.717,46.317,13.0
2016-10-03,30.4,22.9,26.1,0.4,20.5,40.0,21.56,Mahajanga,-15.717,46.317,13.0
2016-10-04,32.3,23.6,27.1,0.0,20.5,40.7,23.56,Mahajanga,-15.717,46.317,13.0
2016-10-05,33.0,23.6,27.6,0.0,20.1,40.3,27.05,Mahajanga,-15.717,46.317,13.0
2016-10-06,32.4,22.5,26.5,0.0,22.6,45.4,27.82,Mahajanga,-15.717,46.317,13.0
2016-10-07,30.2,20.2,25.0,0.0,16.5,34.2,28.13,Mahajanga,-15.717,46.317,13.0
2016-10-08,32.3,19.5,25.2,0.0,20.1,42.5,23.93,Mahajanga,-15.717,46.317,13.0
2016-10-09,34.7,21.9,27.5,0.0,17.3,36.7,27.37,Mahajanga,-15.717,46.317,13.0
2016-10-10,35.0,23.2,28.3,0.0,17.1,37.1,27.45,Mahajanga,-15.717,46.317,13.0
2016-10-11,34.6,24.1,28.0,0.0,20.6,42.1,26.26,Mahajanga,-15.717,46.317,13.0
2016-10-12,34.0,22.4,27.4,0.0,18.8,38.9,28.59,Mahajanga,-15.717,46.317,13.0
2016-10-13,34.0,22.5,27.4,0.0,18.2,38.9,28.18,Mahajanga,-15.717,46.317,13.0
2016-10-14,33.0,24.0,27.5,0.0,20.4,42.5,26.68,Mahajanga,-15.717,46.317,13.0
2016-10-15,30.5,23.8,26.7,1.2,17.6,32.0,18.92,Mahajanga,-15.717,46.317,13.0
2016-10-16,29.7,23.4,25.8,1.1,15.3,30.6,16.89,Mahajanga,-15.717,46.317,13.0
2016-10-17,32.9,23.3,27.0,0.7,16.8,34.6,26.25,Mahajanga,-15.717,46.317,13.0
2016-10-18,34.0,23.1,27.6,0.2,19.9,38.5,28.81,Mahajanga,-15.717,46.317,13.0
2016-10-19,34.9,24.2,28.5,0.2,21.2,43.2,28.81,Mahajanga,-15.717,46.317,13.0
2016-10-20,34.3,22.5,27.9,0.0,19.2,39.2,28.99,Mahajanga,-15.717,46.317,13.0
2016-10-21,34.5,22.1,27.7,0.0,16.1,35.3,28.85,Mahajanga,-15.717,46.317,13.0
2016-10-22,34.6,23.2,28.1,0.0,19.6,41.0,28.93,Mahajanga,-15.717,46.317,13.0
2016-10-23,33.8,23.2,27.5,0.0,21.0,43.2,27.54,Mahajanga,-15.717,46.317,13.0
2016-10-24,34.9,23.7,28.3,0.0,16.7,36.7,28.76,Mahajanga,-15.717,46.317,13.0
2016-10-25,35.5,24.5,28.8,0.0,19.1,39.2,28.25,Mahajanga,-15.717,46.317,13.0
2016-10-26,33.5,23.8,28.2,0.2,17.3,35.3,26.46,Mahajanga,-15.717,46.317,13.0
2016-10-27,34.6,25.3,28.8,0.2,19.8,38.5,23.5,Mahajanga,-15.717,46.317,13.0
2016-10-28,34.3,25.2,29.0,1.0,17.2,35.6,26.59,Mahajanga,-15.717,46.317,13.0
2016-10-29,32.4,25.0,28.3,7.9,16.8,34.2,24.24,Mahajanga,-15.717,46.317,13.0
2016-10-30,31.9,25.7,28.0,1.7,17.6,37.8,22.5,Mahajanga,-15.717,46.317,13.0
2016-10-31,30.3,24.8,27.4,5.2,14.3,29.5,19.88,Mahajanga,-15.717,46.317,13.0
2016-11-01,28.5,24.2,25.9,4.1,13.3,23.4,12.95,Mahajanga,-15.717,46.317,13.0
2016-11-02,30.8,23.6,26.7,15.6,15.3,29.2,21.92,Mahajanga,-15.717,46.317,13.0
2016-11-03,29.9,23.0,26.3,5.8,13.4,24.5,21.15,Mahajanga,-15.717,46.317,13.0
2016-11-04,32.0,22.9,26.8,1.6,15.9,33.1,27.42,Mahajanga,-15.717,46.317,13.0
2016-11-05,32.8,24.3,28.1,0.3,20.4,41.4,26.27,Mahajanga,-15.717,46.317,13.0
2016-11-06,32.8,24.4,28.2,0.0,24.5,53.6,25.62,Mahajanga,-15.717,46.317,13.0
2016-11-07,33.6,24.2,28.4,0.0,19.2,37.4,27.01,Mahajanga,-15.717,46.317,13.0
2016-11-08,33.5,22.9,27.7,0.0,20.1,38.9,27.36,Mahajanga,-15.717,46.317,13.0
2016-11-09,33.4,23.1,27.8,0.0,17.4,36.0,29.43,Mahajanga,-15.717,46.317,13.0
2016-11-10,33.1,23.9,27.6,0.0,17.2,33.1,26.89,Mahajanga,-15.717,46.317,13.0
2016-11-11,30.6,25.1,27.0,2.1,17.2,37.4,19.14,Mahajanga,-15.717,46.317,13.0
2016-11-12,29.9,24.2,27.2,1.1,14.3,29.9,18.45,Mahajanga,-15.717,46.317,13.0
2016-11-13,30.5,24.3,26.8,3.3,15.3,32.0,20.54,Mahajanga,-15.717,46.317,13.0
2016-11-14,31.2,23.6,27.3,1.4,16.9,32.4,23.58,Mahajanga,-15.717,46.317,13.0
2016-11-15,33.5,23.6,27.9,7.0,15.5,31.3,25.27,Mahajanga,-15.717,46.317,13.0
2016-11-16,33.8,23.9,27.8,9.3,15.2,32.4,26.58,Mahajanga,-15.717,46.317,13.0
2016-11-17,28.1,24.0,26.1,11.2,13.9,27.0,11.6,Mahajanga,-15.717,46.317,13.0
2016-11-18,32.0,23.2,27.5,0.1,16.8,30.2,27.27,Mahajanga,-15.717,46.317,13.0
2016-11-19,31.2,25.7,27.7,4.0,18.0,33.8,22.58,Mahajanga,-15.717,46.317,13.0
2016-11-20,30.7,24.4,27.3,9.5,11.9,30.6,22.14,Mahajanga,-15.717,46.317,13.0
2016-11-21,32.3,24.2,27.5,3.2,19.5,34.6,27.39,Mahajanga,-15.717,46.317,13.0
2016-11-22,32.9,24.8,27.8,1.5,19.5,36.4,25.46,Mahajanga,-15.717,46.317,13.0
2016-11-23,32.8,24.7,27.8,1.6,18.2,34.6,26.84,Mahajanga,-15.717,46.317,13.0
2016-11-24,33.0,25.0,28.0,0.0,17.2,34.6,25.02,Mahajanga,-15.717,46.317,13.0
2016-11-25,33.9,25.3,28.5,0.1,17.6,34.2,28.37,Mahajanga,-15.717,46.317,13.0
2016-11-26,31.7,24.8,27.8,0.0,17.7,34.2,23.88,Mahajanga,-15.717,46.317,13.0
2016-11-27,31.7,24.4,27.7,1.4,19.3,38.2,22.71,Mahajanga,-15.717,46.317,13.0
2016-11-28,31.6,25.0,27.8,6.4,17.6,32.4,21.76,Mahajanga,-15.717,46.317,13.0
2016-11-29,30.2,24.4,26.9,10.0,13.4,28.4,17.04,Mahajanga,-15.717,46.317,13.0
2016-11-30,29.6,24.2,26.3,13.4,12.0,26.3,18.25,Mahajanga,-15.717,46.317,13.0
2016-12-01,27.1,24.1,25.3,18.4,14.3,31.0,10.94,Mahajanga,-15.717,46.317,13.0
2016-12-02,28.9,23.8,26.1,10.3,14.9,30.2,18.18,Mahajanga,-15.717,46.317,13.0
2016-12-03,30.6,24.0,26.9,3.1,13.8,27.0,21.06,Mahajanga,-15.717,46.317,13.0
2016-12-04,31.3,24.3,27.3,7.9,10.5,26.3,23.46,Mahajanga,-15.717,46.317,13.0
2016-12-05,31.6,24.5,27.6,0.1,9.7,30.2,21.72,Mahajanga,-15.717,46.317,13.0
2016-12-06,30.5,23.8,27.1,2.0,14.1,25.6,23.36,Mahajanga,-15.717,46.317,13.0
2016-12-07,33.0,24.6,28.5,0.5,13.8,29.5,27.58,Mahajanga,-15.717,46.317,13.0
2016-12-08,32.6,25.6,28.9,0.0,15.7,32.0,26.33,Mahajanga,-15.717,46.317,13.0
2016-12-09,33.6,25.3,29.3,0.0,15.4,33.1,27.54,Mahajanga,-15.717,46.317,13.0
2016-12-10,33.2,26.1,28.9,6.8,12.4,31.0,26.29,Mahajanga,-15.717,46.317,13.0
2016-12-11,32.6,24.5,27.9,8.8,11.2,28.1,23.84,Mahajanga,-15.717,46.317,13.0
2016-12-12,30.8,23.8,26.8,15.2,13.4,24.5,22.04,Mahajanga,-15.717,46.317,13.0
2016-12-13,28.0,24.3,26.0,10.6,8.5,24.5,13.71,Mahajanga,-15.717,46.317,13.0
2016-12-14,31.7,24.7,27.9,1.5,14.8,23.4,24.07,Mahajanga,-15.717,46.317,13.0
2016-12-15,32.2,24.3,28.0,2.7,16.2,33.5,26.19,Mahajanga,-15.717,46.317,13.0
2016-12-16,32.7,25.6,28.3,0.6,14.4,29.5,28.97,Mahajanga,-15.717,46.317,13.0
2016-12-17,31.1,24.3,27.6,1.3,13.2,22.7,24.09,Mahajanga,-15.717,46.317,13.0
2016-12-18,31.4,24.6,27.9,0.8,16.3,28.8,24.23,Mahajanga,-15.717,46.317,13.0
2016-12-19,31.8,24.7,28.0,2.2,11.9,25.6,21.36,Mahajanga,-15.717,46.317,13.0
2016-12-20,31.7,24.5,28.1,1.7,12.4,29.9,24.9,Mahajanga,-15.717,46.317,13.0
2016-12-21,31.8,24.8,28.3,3.0,11.8,23.4,22.51,Mahajanga,-15.717,46.317,13.0
2016-12-22,31.9,24.0,27.9,3.1,13.0,25.2,24.61,Mahajanga,-15.717,46.317,13.0
2016-12-23,30.5,24.5,27.4,3.7,11.1,30.6,21.07,Mahajanga,-15.717,46.317,13.0
2016-12-24,31.9,24.7,28.2,2.0,11.1,24.8,24.83,Mahajanga,-15.717,46.317,13.0
2016-12-25,33.1,25.4,28.7,3.3,14.4,27.4,24.87,Mahajanga,-15.717,46.317,13.0
2016-12-26,34.3,26.1,29.5,0.5,16.1,29.9,27.87,Mahajanga,-15.717,46.317,13.0
2016-12-27,35.4,25.8,29.9,0.0,15.2,33.5,28.4,Mahajanga,-15.717,46.317,13.0
2016-12-28,35.3,25.4,29.9,0.0,16.7,34.2,28.4,Mahajanga,-15.717,46.317,13.0
2016-12-29,35.4,25.7,30.1,0.1,16.0,34.9,29.94,Mahajanga,-15.717,46.317,13.0
2016-12-30,34.1,26.3,29.5,0.0,19.6,37.4,27.26,Mahajanga,-15.717,46.317,13.0
2016-12-31,30.3,25.0,27.4,11.1,19.3,37.8,18.59,Mahajanga,-15.717,46.317,13.0
2017-01-01,28.2,24.7,26.2,21.5,17.4,31.7,14.72,Mahajanga,-15.717,46.317,13.0
2017-01-02,28.0,24.2,26.0,17.0,15.2,31.3,16.4,Mahajanga,-15.717,46.317,13.0
2017-01-03,29.3,24.1,26.8,10.0,16.1,32.4,24.29,Mahajanga,-15.717,46.317,13.0
2017-01-04,29.0,23.9,26.3,22.3,16.9,33.8,19.47,Mahajanga,-15.717,46.317,13.0
2017-01-05,30.5,24.3,27.1,7.1,21.4,38.9,21.91,Mahajanga,-15.717,46.317,13.0
2017-01-06,32.3,25.2,27.8,4.1,15.1,40.0,24.08,Mahajanga,-15.717,46.317,13.0
2017-01-07,31.8,25.4,27.9,8.9,15.4,37.8,24.12,Mahajanga,-15.717,46.317,13.0
2017-01-08,31.7,24.5,27.3,2.2,18.1,41.8,28.35,Mahajanga,-15.717,46.317,13.0
2017-01-09,28.5,23.7,26.3,11.0,15.8,31.7,23.8,Mahajanga,-15.717,46.317,13.0
2017-01-10,29.2,23.5,26.1,2.1,12.8,24.8,22.41,Mahajanga,-15.717,46.317,13.0
2017-01-11,29.0,23.8,26.2,20.5,15.6,27.0,15.99,Mahajanga,-15.717,46.317,13.0
2017-01-12,30.7,23.9,27.5,4.9,11.6,26.6,26.23,Mahajanga,-15.717,46.317,13.0
2017-01-13,30.9,24.8,27.8,9.8,12.0,31.0,26.97,Mahajanga,-15.717,46.317,13.0
2017-01-14,30.8,24.2,27.1,9.8,18.4,36.0,25.98,Mahajanga,-15.717,46.317,13.0
2017-01-15,29.4,23.2,26.3,16.5,16.3,32.8,21.75,Mahajanga,-15.717,46.317,13.0
2017-01-16,32.2,24.9,27.6,0.7,20.5,40.0,27.13,Mahajanga,-15.717,46.317,13.0
2017-01-17,30.7,25.3,27.4,2.2,16.8,34.2,25.53,Mahajanga,-15.717,46.317,13.0
2017-01-18,32.2,25.1,28.2,1.1,17.6,33.8,27.63,Mahajanga,-15.717,46.317,13.0
2017-01-19,30.7,23.9,27.4,5.5,15.6,31.7,21.51,Mahajanga,-15.717,46.317,13.0
2017-01-20,30.8,24.6,27.0,10.6,13.3,33.1,23.27,Mahajanga,-15.717,46.317,13.0
2017-01-21,30.0,25.0,27.5,0.9,16.1,32.0,25.95,Mahajanga,-15.717,46.317,13.0
2017-01-22,32.0,24.7,27.4,8.1,18.6,40.3,25.39,Mahajanga,-15.717,46.317,13.0
2017-01-23,31.3,23.9,27.7,2.6,14.5,31.7,27.86,Mahajanga,-15.717,46.317,13.0
2017-01-24,32.2,24.7,28.1,0.8,17.9,32.0,27.06,Mahajanga,-15.717,46.317,13.0
2017-01-25,32.3,24.8,28.0,2.2,18.0,33.1,28.71,Mahajanga,-15.717,46.317,13.0
2017-01-26,31.6,25.1,28.0,1.0,16.2,31.7,27.95,Mahajanga,-15.717,46.317,13.0
2017-01-27,29.6,24.0,27.0,6.9,14.2,28.4,23.05,Mahajanga,-15.717,46.317,13.0
2017-01-28,29.6,25.1,27.3,10.3,13.2,29.2,21.54,Mahajanga,-15.717,46.317,13.0
2017-01-29,29.9,24.6,26.9,11.8,15.0,32.8,22.07,Mahajanga,-15.717,46.317,13.0
2017-01-30,28.4,24.4,26.4,7.4,15.3,31.0,19.26,Mahajanga,-15.717,46.317,13.0
2017-01-31,29.5,25.1,27.3,6.6,15.3,30.6,23.79,Mahajanga,-15.717,46.317,13.0
2017-02-01,29.5,25.0,27.1,7.4,15.1,30.6,18.76,Mahajanga,-15.717,46.317,13.0
2017-02-02,29.4,24.7,27.0,16.0,11.5,27.4,19.79,Mahajanga,-15.717,46.317,13.0
2017-02-03,30.6,25.0,27.4,6.4,12.3,32.0,23.01,Mahajanga,-15.717,46.317,13.0
2017-02-04,29.6,24.5,26.6,9.4,20.9,39.2,22.54,Mahajanga,-15.717,46.317,13.0
2017-02-05,28.5,23.9,26.1,16.0,17.2,34.6,17.36,Mahajanga,-15.717,46.317,13.0
2017-02-06,29.4,24.6,26.4,5.7,14.6,27.4,19.15,Mahajanga,-15.717,46.317,13.0
2017-02-07,31.2,24.6,27.3,0.8,15.7,33.8,26.0,Mahajanga,-15.717,46.317,13.0
2017-02-08,28.4,23.9,25.6,24.8,17.6,36.0,15.24,Mahajanga,-15.717,46.317,13.0
2017-02-09,28.4,24.3,25.8,39.9,18.7,39.6,16.79,Mahajanga,-15.717,46.317,13.0
2017-02-10,29.2,24.7,26.7,7.1,17.4,36.4,23.28,Mahajanga,-15.717,46.317,13.0
2017-02-11,29.8,24.7,27.2,1.4,14.8,31.0,23.13,Mahajanga,-15.717,46.317,13.0
2017-02-12,30.4,25.0,27.3,15.9,15.8,30.2,21.68,Mahajanga,-15.717,46.317,13.0
2017-02-13,29.6,24.2,26.6,3.5,14.8,31.3,23.82,Mahajanga,-15.717,46.317,13.0
2017-02-14,30.2,24.5,27.7,0.5,12.5,33.5,25.13,Mahajanga,-15.717,46.317,13.0
2017-02-15,31.7,24.5,27.7,3.1,12.0,25.2,26.57,Mahajanga,-15.717,46.317,13.0
2017-02-16,31.5,25.5,28.3,2.2,12.8,27.4,25.03,Mahajanga,-15.717,46.317,13.0
2017-02-17,32.5,24.5,28.1,4.9,13.7,32.8,27.62,Mahajanga,-15.717,46.317,13.0
2017-02-18,30.5,23.2,26.7,19.6,18.5,34.6,24.86,Mahajanga,-15.717,46.317,13.0
2017-02-19,27.9,24.1,25.7,10.5,19.0,37.1,20.22,Mahajanga,-15.717,46.317,13.0
2017-02-20,28.0,23.9,25.7,9.2,12.6,28.1,18.78,Mahajanga,-15.717,46.317,13.0
2017-02-21,26.9,24.3,25.4,11.5,12.4,25.6,7.0,Mahajanga,-15.717,46.317,13.0
2017-02-22,30.0,23.8,26.8,2.8,14.1,35.6,21.37,Mahajanga,-15.717,46.317,13.0
2017-02-23,30.1,25.0,27.4,9.1,16.8,31.7,23.15,Mahajanga,-15.717,46.317,13.0
2017-02-24,31.2,23.9,27.0,11.6,14.2,37.4,23.19,Mahajanga,-15.717,46.317,13.0
2017-02-25,30.7,25.1,27.4,15.5,13.6,29.5,23.39,Mahajanga,-15.717,46.317,13.0
2017-02-26,30.2,24.6,27.0,4.7,13.9,34.2,24.51,Mahajanga,-15.717,46.317,13.0
2017-02-27,29.4,23.7,26.7,6.6,12.9,24.5,22.53,Mahajanga,-15.717,46.317,13.0
2017-02-28,30.0,24.1,27.2,4.4,14.6,33.5,24.06,Mahajanga,-15.717,46.317,13.0
2017-03-01,32.1,24.3,27.9,7.6,15.5,34.2,26.7,Mahajanga,-15.717,46.317,13.0
2017-03-02,31.7,25.6,28.4,0.3,15.3,29.2,25.9,Mahajanga,-15.717,46.317,13.0
2017-03-03,31.2,25.8,28.2,0.3,13.8,25.9,25.07,Mahajanga,-15.717,46.317,13.0
2017-03-04,30.9,26.0,28.4,4.5,13.7,26.3,25.01,Mahajanga,-15.717,46.317,13.0
2017-03-05,31.8,25.2,28.2,2.4,12.7,25.9,25.88,Mahajanga,-15.717,46.317,13.0
2017-03-06,32.7,26.6,29.1,1.2,16.8,31.7,25.95,Mahajanga,-15.717,46.317,13.0
2017-03-07,31.7,26.1,28.6,4.5,19.7,42.5,14.36,Mahajanga,-15.717,46.317,13.0
2017-03-08,29.2,25.9,27.3,37.5,43.7,76.3,9.14,Mahajanga,-15.717,46.317,13.0
2017-03-09,29.0,26.0,27.0,11.3,28.4,54.4,13.74,Mahajanga,-15.717,46.317,13.0
2017-03-10,29.8,25.2,27.3,1.3,21.0,41.0,22.31,Mahajanga,-15.717,46.317,13.0
2017-03-11,30.5,25.2,27.6,0.4,15.7,30.6,25.31,Mahajanga,-15.717,46.317,13.0
2017-03-12,31.7,24.9,28.2,0.5,13.9,25.2,24.29,Mahajanga,-15.717,46.317,13.0
2017-03-13,30.4,25.6,27.3,17.7,14.5,27.0,18.75,Mahajanga,-15.717,46.317,13.0
2017-03-14,28.6,24.7,26.3,22.6,14.0,29.2,13.21,Mahajanga,-15.717,46.317,13.0
2017-03-15,29.6,25.2,27.3,4.7,11.7,28.1,22.38,Mahajanga,-15.717,46.317,13.0
2017-03-16,28.9,25.3,26.8,8.9,10.1,21.6,19.54,Mahajanga,-15.717,46.317,13.0
2017-03-17,30.6,25.0,27.2,18.9,11.2,39.6,22.36,Mahajanga,-15.717,46.317,13.0
2017-03-18,30.7,24.8,27.0,6.1,14.9,39.2,19.43,Mahajanga,-15.717,46.317,13.0
2017-03-19,32.1,25.1,27.6,2.3,15.1,42.5,23.35,Mahajanga,-15.717,46.317,13.0
2017-03-20,32.3,25.3,28.2,2.2,14.1,27.4,24.3,Mahajanga,-15.717,46.317,13.0
2017-03-21,31.6,26.0,28.4,2.5,9.7,25.9,22.86,Mahajanga,-15.717,46.317,13.0
2017-03-22,31.8,25.2,28.4,1.6,10.9,23.8,24.3,Mahajanga,-15.717,46.317,13.0
2017-03-23,31.3,25.2,28.0,0.3,9.4,30.6,23.73,Mahajanga,-15.717,46.317,13.0
2017-03-24,30.7,25.6,27.9,5.6,7.9,22.0,20.31,Mahajanga,-15.717,46.317,13.0
2017-03-25,30.7,25.9,27.9,5.9,10.2,22.3,22.2,Mahajanga,-15.717,46.317,13.0
2017-03-26,30.9,24.9,27.6,3.1,15.3,32.0,21.57,Mahajanga,-15.717,46.317,13.0
2017-03-27,31.0,25.2,27.8,12.9,11.3,25.6,22.29,Mahajanga,-15.717,46.317,13.0
2017-03-28,30.4,24.5,26.8,12.7,10.4,27.4,21.26,Mahajanga,-15.717,46.317,13.0
2017-03-29,30.1,25.0,26.8,20.5,10.5,28.8,19.48,Mahajanga,-15.717,46.317,13.0
2017-03-30,27.4,24.2,25.7,15.0,16.2,28.8,8.23,Mahajanga,-15.717,46.317,13.0
2017-03-31,29.4,24.2,25.9,11.3,20.2,36.7,10.49,Mahajanga,-15.717,46.317,13.0
2017-04-01,28.5,24.7,26.2,8.7,13.2,28.8,12.36,Mahajanga,-15.717,46.317,13.0
2017-04-02,32.2,24.4,27.7,1.3,13.1,27.4,24.16,Mahajanga,-15.717,46.317,13.0
2017-04-03,31.8,25.2,28.3,0.0,15.8,30.6,23.43,Mahajanga,-15.717,46.317,13.0
2017-04-04,32.0,24.8,28.2,0.0,20.2,37.4,22.18,Mahajanga,-15.717,46.317,13.0
2017-04-05,32.6,24.2,27.9,0.0,13.5,24.5,24.91,Mahajanga,-15.717,46.317,13.0
2017-04-06,32.0,23.6,27.8,0.4,12.6,25.6,24.16,Mahajanga,-15.717,46.317,13.0
2017-04-07,31.6,25.3,27.7,3.6,15.0,29.5,20.7,Mahajanga,-15.717,46.317,13.0
2017-04-08,31.5,24.5,27.7,0.2,11.2,32.0,22.89,Mahajanga,-15.717,46.317,13.0
2017-04-09,30.9,24.6,27.6,3.0,14.4,28.4,21.01,Mahajanga,-15.717,46.317,13.0
2017-04-10,31.1,24.5,27.4,0.0,14.5,31.7,20.78,Mahajanga,-15.717,46.317,13.0
2017-04-11,29.9,24.2,26.9,0.5,14.3,30.2,16.14,Mahajanga,-15.717,46.317,13.0
2017-04-12,30.9,24.4,27.3,3.5,16.9,32.4,18.49,Mahajanga,-15.717,46.317,13.0
2017-04-13,32.1,24.8,28.1,0.6,15.8,31.3,21.61,Mahajanga,-15.717,46.317,13.0
2017-04-14,32.5,24.5,28.3,0.1,13.8,27.7,22.62,Mahajanga,-15.717,46.317,13.0
2017-04-15,32.0,24.1,27.8,1.1,16.1,27.7,22.51,Mahajanga,-15.717,46.317,13.0
2017-04-16,31.3,24.6,27.4,0.1,10.2,22.7,22.59,Mahajanga,-15.717,46.317,13.0
2017-04-17,30.5,24.2,27.0,0.9,12.6,29.9,19.66,Mahajanga,-15.717,46.317,13.0
2017-04-18,29.4,23.8,26.8,0.9,14.3,29.5,21.35,Mahajanga,-15.717,46.317,13.0
2017-04-19,29.2,25.2,27.1,0.7,14.3,31.3,18.74,Mahajanga,-15.717,46.317,13.0
2017-04-20,29.8,24.6,27.3,0.4,14.8,29.2,19.95,Mahajanga,-15.717,46.317,13.0
2017-04-21,29.8,24.4,27.1,1.7,18.5,36.0,20.91,Mahajanga,-15.717,46.317,13.0
2017-04-22,29.4,24.8,27.2,0.4,12.8,27.4,19.04,Mahajanga,-15.717,46.317,13.0
2017-04-23,30.5,23.8,26.8,0.3,16.8,31.3,21.05,Mahajanga,-15.717,46.317,13.0
2017-04-24,29.9,23.6,26.7,0.0,15.5,31.0,20.52,Mahajanga,-15.717,46.317,13.0
2017-04-25,30.8,23.2,26.8,0.0,12.0,24.1,22.06,Mahajanga,-15.717,46.317,13.0
2017-04-26,30.7,23.9,27.2,0.6,13.6,28.1,19.21,Mahajanga,-15.717,46.317,13.0
2017-04-27,31.8,24.3,27.5,3.4,16.4,32.0,21.19,Mahajanga,-15.717,46.317,13.0
2017-04-28,31.8,23.8,27.4,0.0,14.3,29.2,21.41,Mahajanga,-15.717,46.317,13.0
2017-04-29,31.6,25.6,28.0,0.0,22.7,40.7,19.35,Mahajanga,-15.717,46.317,13.0
2017-04-30,30.5,25.1,27.4,0.1,25.2,46.4,16.75,Mahajanga,-15.717,46.317,13.0
2017-05-01,31.3,24.0,27.1,0.0,21.4,40.3,18.59,Mahajanga,-15.717,46.317,13.0
2017-05-02,32.1,24.1,27.5,0.0,19.9,37.4,19.86,Mahajanga,-15.717,46.317,13.0
2017-05-03,32.4,23.3,27.4,0.1,14.9,28.1,19.7,Mahajanga,-15.717,46.317,13.0
2017-05-04,32.8,24.5,28.2,0.6,14.8,29.9,20.24,Mahajanga,-15.717,46.317,13.0
2017-05-05,33.0,24.5,28.5,0.0,13.0,27.7,19.96,Mahajanga,-15.717,46.317,13.0
2017-05-06,32.1,24.6,27.9,0.0,13.8,25.9,20.44,Mahajanga,-15.717,46.317,13.0
2017-05-07,32.6,23.8,27.7,0.0,15.8,29.2,21.0,Mahajanga,-15.717,46.317,13.0
2017-05-08,32.0,23.3,27.2,0.0,17.1,31.3,21.0,Mahajanga,-15.717,46.317,13.0
2017-05-09,32.6,24.5,27.9,0.2,14.3,28.8,19.5,Mahajanga,-15.717,46.317,13.0
2017-05-10,32.6,24.0,28.2,0.0,17.2,29.2,18.97,Mahajanga,-15.717,46.317,13.0
2017-05-11,32.2,23.5,27.8,0.0,16.4,32.0,20.63,Mahajanga,-15.717,46.317,13.0
2017-05-12,32.0,22.6,27.6,0.0,16.3,31.7,20.32,Mahajanga,-15.717,46.317,13.0
2017-05-13,31.8,23.8,27.4,0.0,15.5,26.6,20.04,Mahajanga,-15.717,46.317,13.0
2017-05-14,31.8,23.7,27.2,0.0,14.1,26.6,20.09,Mahajanga,-15.717,46.317,13.0
2017-05-15,31.4,22.6,26.7,0.0,17.6,33.8,20.25,Mahajanga,-15.717,46.317,13.0
2017-05-16,32.5,22.9,27.6,0.0,13.7,25.2,18.36,Mahajanga,-15.717,46.317,13.0
2017-05-17,31.9,23.7,27.3,0.0,13.5,27.0,19.97,Mahajanga,-15.717,46.317,13.0
2017-05-18,31.7,23.4,27.4,0.0,15.0,28.4,19.24,Mahajanga,-15.717,46.317,13.0
2017-05-19,32.4,24.7,27.7,0.0,20.2,34.9,12.97,Mahajanga,-15.717,46.317,13.0
2017-05-20,33.3,25.2,28.5,0.2,18.4,34.9,19.25,Mahajanga,-15.717,46.317,13.0
2017-05-21,32.4,24.0,27.8,0.0,13.1,26.6,19.15,Mahajanga,-15.717,46.317,13.0
2017-05-22,32.4,23.6,27.5,0.0,19.4,35.6,19.58,Mahajanga,-15.717,46.317,13.0
2017-05-23,31.8,22.7,26.9,0.0,15.3,32.0,19.72,Mahajanga,-15.717,46.317,13.0
2017-05-24,31.8,22.6,27.2,0.0,16.3,33.5,15.69,Mahajanga,-15.717,46.317,13.0
2017-05-25,31.7,22.4,26.8,0.0,13.7,25.6,19.29,Mahajanga,-15.717,46.317,13.0
2017-05-26,32.0,22.3,26.8,0.0,18.7,34.9,19.25,Mahajanga,-15.717,46.317,13.0
2017-05-27,31.4,23.2,26.9,0.0,15.1,29.5,18.85,Mahajanga,-15.717,46.317,13.0
2017-05-28,31.8,23.7,27.1,0.0,14.3,25.6,18.74,Mahajanga,-15.717,46.317,13.0
2017-05-29,32.2,22.7,27.1,0.0,13.0,24.5,18.55,Mahajanga,-15.717,46.317,13.0
2017-05-30,31.9,23.6,27.3,0.0,16.6,27.7,18.75,Mahajanga,-15.717,46.317,13.0
2017-05-31,30.7,23.0,26.9,0.1,17.1,32.8,13.68,Mahajanga,-15.717,46.317,13.0
2017-06-01,31.7,24.2,27.3,0.7,13.8,25.2,17.78,Mahajanga,-15.717,46.317,13.0
2017-06-02,31.5,23.9,26.9,0.0,18.6,33.5,18.18,Mahajanga,-15.717,46.317,13.0
2017-06-03,32.0,23.6,27.0,0.0,13.9,28.4,17.49,Mahajanga,-15.717,46.317,13.0
2017-06-04,31.6,22.4,26.4,0.0,18.2,34.9,18.81,Mahajanga,-15.717,46.317,13.0
2017-06-05,30.9,22.1,26.4,0.0,17.6,32.4,18.66,Mahajanga,-15.717,46.317,13.0
2017-06-06,32.0,22.8,26.8,0.0,15.8,31.3,18.53,Mahajanga,-15.717,46.317,13.0
2017-06-07,31.6,21.8,26.3,0.0,16.8,32.4,18.62,Mahajanga,-15.717,46.317,13.0
2017-06-08,32.2,22.0,26.9,0.6,16.6,34.9,15.11,Mahajanga,-15.717,46.317,13.0
2017-06-09,31.0,24.5,26.9,0.0,17.6,34.6,13.47,Mahajanga,-15.717,46.317,13.0
2017-06-10,32.5,23.8,28.0,0.0,17.4,32.8,16.72,Mahajanga,-15.717,46.317,13.0
2017-06-11,31.6,23.8,27.4,0.0,23.7,44.3,18.38,Mahajanga,-15.717,46.317,13.0
2017-06-12,31.6,21.8,26.3,0.0,24.6,45.7,16.5,Mahajanga,-15.717,46.317,13.0
2017-06-13,32.1,22.7,27.1,0.0,19.4,37.1,17.7,Mahajanga,-15.717,46.317,13.0
2017-06-14,30.8,21.6,25.7,0.0,14.0,28.8,18.42,Mahajanga,-15.717,46.317,13.0
2017-06-15,30.6,20.4,25.4,0.0,18.0,30.2,18.32,Mahajanga,-15.717,46.317,13.0
2017-06-16,30.5,21.6,25.6,0.0,17.8,33.1,17.97,Mahajanga,-15.717,46.317,13.0
2017-06-17,30.9,22.0,25.8,0.0,15.3,28.4,18.09,Mahajanga,-15.717,46.317,13.0
2017-06-18,31.1,22.2,25.9,0.0,15.3,31.3,18.21,Mahajanga,-15.717,46.317,13.0
2017-06-19,30.0,21.8,25.2,0.0,15.1,27.7,18.21,Mahajanga,-15.717,46.317,13.0
2017-06-20,30.9,21.0,25.5,0.0,14.5,29.5,18.01,Mahajanga,-15.717,46.317,13.0
2017-06-21,31.1,21.5,26.0,0.0,15.4,31.0,17.02,Mahajanga,-15.717,46.317,13.0
2017-06-22,31.9,22.8,26.5,0.2,15.9,29.9,15.96,Mahajanga,-15.717,46.317,13.0
2017-06-23,32.1,23.3,27.3,0.0,12.7,29.2,15.75,Mahajanga,-15.717,46.317,13.0
2017-06-24,32.0,23.4,27.1,0.1,17.4,33.8,17.09,Mahajanga,-15.717,46.317,13.0
2017-06-25,31.0,22.3,26.0,0.0,18.7,35.3,17.8,Mahajanga,-15.717,46.317,13.0
2017-06-26,30.7,20.1,25.5,0.0,13.1,27.7,17.42,Mahajanga,-15.717,46.317,13.0
2017-06-27,30.5,22.1,26.3,0.0,23.0,42.5,15.45,Mahajanga,-15.717,46.317,13.0
2017-06-28,29.8,21.2,25.4,0.0,26.7,49.0,18.41,Mahajanga,-15.717,46.317,13.0
2017-06-29,30.6,21.3,25.4,0.0,18.9,36.7,18.13,Mahajanga,-15.717,46.317,13.0
2017-06-30,30.1,21.4,24.9,0.0,17.3,34.9,18.27,Mahajanga,-15.717,46.317,13.0
2017-07-01,29.8,19.9,24.6,0.0,18.1,35.6,18.57,Mahajanga,-15.717,46.317,13.0
2017-07-02,30.1,19.3,25.0,0.0,12.5,28.1,17.42,Mahajanga,-15.717,46.317,13.0
2017-07-03,30.7,21.3,25.4,0.0,17.1,33.5,17.1,Mahajanga,-15.717,46.317,13.0
2017-07-04,31.0,21.0,25.5,0.0,14.7,29.2,18.2,Mahajanga,-15.717,46.317,13.0
2017-07-05,31.1,20.6,25.9,0.0,17.1,34.6,18.16,Mahajanga,-15.717,46.317,13.0
2017-07-06,31.8,23.0,26.9,0.0,29.0,52.9,16.32,Mahajanga,-15.717,46.317,13.0
2017-07-07,31.0,20.0,25.8,0.0,24.4,46.4,18.59,Mahajanga,-15.717,46.317,13.0
2017-07-08,30.0,21.3,25.1,0.0,25.6,44.3,18.6,Mahajanga,-15.717,46.317,13.0
2017-07-09,29.2,21.4,24.6,0.0,22.6,40.0,18.45,Mahajanga,-15.717,46.317,13.0
2017-07-10,29.7,19.9,23.9,0.0,16.3,31.3,18.71,Mahajanga,-15.717,46.317,13.0
2017-07-11,29.5,18.5,23.8,0.0,16.4,29.5,19.04,Mahajanga,-15.717,46.317,13.0
2017-07-12,30.6,19.7,24.8,0.0,15.9,27.4,18.99,Mahajanga,-15.717,46.317,13.0
2017-07-13,30.8,20.2,24.8,0.0,14.3,28.1,19.16,Mahajanga,-15.717,46.317,13.0
2017-07-14,30.9,20.0,25.0,0.0,16.6,29.9,18.95,Mahajanga,-15.717,46.317,13.0
2017-07-15,32.5,21.4,25.8,0.0,19.0,36.4,19.4,Mahajanga,-15.717,46.317,13.0
2017-07-16,32.2,20.6,25.6,0.0,17.1,33.5,19.31,Mahajanga,-15.717,46.317,13.0
2017-07-17,32.4,21.4,26.1,0.0,19.6,32.8,19.18,Mahajanga,-15.717,46.317,13.0
2017-07-18,32.6,21.9,25.9,0.0,17.5,34.2,19.34,Mahajanga,-15.717,46.317,13.0
2017-07-19,30.0,20.3,24.5,0.0,17.3,34.2,19.64,Mahajanga,-15.717,46.317,13.0
2017-07-20,29.6,19.2,23.8,0.0,15.3,31.0,19.92,Mahajanga,-15.717,46.317,13.0
2017-07-21,31.0,19.3,24.7,0.0,12.7,28.4,19.58,Mahajanga,-15.717,46.317,13.0
2017-07-22,31.2,20.7,25.4,0.0,15.2,27.7,18.06,Mahajanga,-15.717,46.317,13.0
2017-07-23,31.5,22.5,26.5,0.0,15.1,31.3,17.95,Mahajanga,-15.717,46.317,13.0
2017-07-24,31.8,22.0,26.2,0.0,23.1,39.6,19.27,Mahajanga,-15.717,46.317,13.0
2017-07-25,29.5,23.6,25.8,0.0,18.9,32.8,17.7,Mahajanga,-15.717,46.317,13.0
2017-07-26,31.3,22.4,25.6,0.0,19.0,35.6,19.36,Mahajanga,-15.717,46.317,13.0
2017-07-27,32.1,21.5,25.9,0.0,15.4,26.3,19.75,Mahajanga,-15.717,46.317,13.0
2017-07-28,32.1,21.8,26.3,0.4,26.2,45.4,17.82,Mahajanga,-15.717,46.317,13.0
2017-07-29,27.7,24.1,25.3,0.2,21.1,38.9,5.8,Mahajanga,-15.717,46.317,13.0
2017-07-30,32.2,22.7,26.8,0.0,24.2,46.1,16.57,Mahajanga,-15.717,46.317,13.0
2017-07-31,31.5,21.5,26.0,0.0,22.8,38.9,19.92,Mahajanga,-15.717,46.317,13.0
2017-08-01,32.2,23.0,27.1,0.0,20.2,37.4,18.86,Mahajanga,-15.717,46.317,13.0
2017-08-02,30.8,20.8,25.3,0.0,27.5,49.3,20.54,Mahajanga,-15.717,46.317,13.0
2017-08-03,29.9,19.2,24.5,0.0,23.6,42.1,20.92,Mahajanga,-15.717,46.317,13.0
2017-08-04,30.3,19.7,25.0,0.0,22.9,41.0,20.4,Mahajanga,-15.717,46.317,13.0
2017-08-05,30.4,19.8,25.1,0.0,19.4,37.8,17.91,Mahajanga,-15.717,46.317,13.0
2017-08-06,30.4,20.8,25.1,0.0,21.5,36.0,21.03,Mahajanga,-15.717,46.317,13.0
2017-08-07,31.1,20.9,25.3,0.0,25.7,45.0,20.93,Mahajanga,-15.717,46.317,13.0
2017-08-08,31.6,21.2,26.0,0.0,17.9,35.3,20.16,Mahajanga,-15.717,46.317,13.0
2017-08-09,31.6,21.8,26.7,0.0,22.4,38.9,20.83,Mahajanga,-15.717,46.317,13.0
2017-08-10,32.3,21.6,26.9,0.0,27.0,51.5,18.7,Mahajanga,-15.717,46.317,13.0
2017-08-11,32.2,21.7,26.8,0.0,25.2,42.5,20.98,Mahajanga,-15.717,46.317,13.0
2017-08-12,32.0,23.2,27.0,0.0,26.1,48.2,19.45,Mahajanga,-15.717,46.317,13.0
2017-08-13,31.7,20.5,26.0,0.0,23.5,43.6,20.97,Mahajanga,-15.717,46.317,13.0
2017-08-14,30.9,20.6,26.0,0.1,18.4,36.4,20.98,Mahajanga,-15.717,46.317,13.0
2017-08-15,31.7,21.7,25.6,0.0,18.8,37.8,20.96,Mahajanga,-15.717,46.317,13.0
2017-08-16,31.7,20.6,25.1,0.0,21.3,39.2,21.72,Mahajanga,-15.717,46.317,13.0
2017-08-17,31.5,22.6,25.8,0.0,18.0,36.4,18.41,Mahajanga,-15.717,46.317,13.0
2017-08-18,32.6,22.4,27.1,0.0,18.3,37.1,17.06,Mahajanga,-15.717,46.317,13.0
2017-08-19,33.4,22.9,26.8,0.0,21.6,38.9,21.3,Mahajanga,-15.717,46.317,13.0
2017-08-20,33.1,22.5,26.8,0.0,22.0,37.4,22.01,Mahajanga,-15.717,46.317,13.0
2017-08-21,32.8,22.9,26.4,0.0,21.9,42.5,22.28,Mahajanga,-15.717,46.317,13.0
2017-08-22,32.4,23.4,26.7,0.0,20.0,40.0,20.55,Mahajanga,-15.717,46.317,13.0
2017-08-23,32.3,22.5,26.0,0.0,25.2,48.2,22.49,Mahajanga,-15.717,46.317,13.0
2017-08-24,30.1,22.2,25.3,1.1,20.4,40.3,19.15,Mahajanga,-15.717,46.317,13.0
2017-08-25,32.4,21.8,26.1,0.0,21.7,42.8,22.77,Mahajanga,-15.717,46.317,13.0
2017-08-26,32.7,22.2,26.5,0.0,21.5,36.4,22.23,Mahajanga,-15.717,46.317,13.0
2017-08-27,33.3,22.6,27.2,0.0,21.0,38.2,22.85,Mahajanga,-15.717,46.317,13.0
2017-08-28,32.7,23.2,26.8,0.0,21.7,38.9,18.55,Mahajanga,-15.717,46.317,13.0
2017-08-29,31.1,22.7,26.1,0.0,20.7,40.7,21.5,Mahajanga,-15.717,46.317,13.0
2017-08-30,31.9,22.8,26.1,0.0,22.2,43.2,20.52,Mahajanga,-15.717,46.317,13.0
2017-08-31,32.9,23.3,26.6,0.0,20.3,43.2,21.65,Mahajanga,-15.717,46.317,13.0
2017-09-01,32.4,23.3,26.4,0.0,23.5,43.6,23.39,Mahajanga,-15.717,46.317,13.0
2017-09-02,32.2,21.9,26.1,0.0,20.9,37.8,22.85,Mahajanga,-15.717,46.317,13.0
2017-09-03,31.5,23.2,26.3,0.0,22.1,42.8,21.9,Mahajanga,-15.717,46.317,13.0
2017-09-04,32.0,23.6,26.9,0.0,18.8,35.6,19.54,Mahajanga,-15.717,46.317,13.0
2017-09-05,34.5,23.4,28.0,0.0,21.1,40.3,23.54,Mahajanga,-15.717,46.317,13.0
2017-09-06,32.5,20.3,25.9,0.0,25.5,45.7,24.96,Mahajanga,-15.717,46.317,13.0
2017-09-07,32.2,19.9,25.6,0.0,20.5,36.7,24.65,Mahajanga,-15.717,46.317,13.0
2017-09-08,33.2,20.7,26.6,0.0,24.8,42.5,24.49,Mahajanga,-15.717,46.317,13.0
2017-09-09,33.3,21.6,26.9,0.0,28.8,53.6,24.53,Mahajanga,-15.717,46.317,13.0
2017-09-10,33.7,21.8,26.6,0.0,24.2,45.7,24.78,Mahajanga,-15.717,46.317,13.0
2017-09-11,33.4,21.4,26.0,0.0,19.3,34.6,24.97,Mahajanga,-15.717,46.317,13.0
2017-09-12,33.8,20.7,26.8,0.0,17.1,30.6,24.73,Mahajanga,-15.717,46.317,13.0
2017-09-13,33.9,21.7,27.2,0.0,22.2,42.8,25.14,Mahajanga,-15.717,46.317,13.0
2017-09-14,32.8,20.6,25.3,0.0,22.7,44.6,25.73,Mahajanga,-15.717,46.317,13.0
2017-09-15,28.1,20.2,24.7,0.0,22.7,44.6,24.92,Mahajanga,-15.717,46.317,13.0
2017-09-16,30.1,22.7,25.8,0.0,22.4,44.6,22.99,Mahajanga,-15.717,46.317,13.0
2017-09-17,32.3,22.5,26.2,0.0,23.8,44.6,25.1,Mahajanga,-15.717,46.317,13.0
2017-09-18,35.2,22.4,27.2,0.0,21.9,44.3,25.15,Mahajanga,-15.717,46.317,13.0
2017-09-19,35.0,22.0,27.1,0.0,21.8,41.0,25.55,Mahajanga,-15.717,46.317,13.0
2017-09-20,34.5,21.9,27.0,0.0,23.7,43.9,25.31,Mahajanga,-15.717,46.317,13.0
2017-09-21,34.0,22.8,26.8,0.0,24.1,47.5,25.59,Mahajanga,-15.717,46.317,13.0
2017-09-22,32.1,23.2,26.4,0.0,25.3,49.7,23.12,Mahajanga,-15.717,46.317,13.0
2017-09-23,30.6,23.2,26.2,0.6,21.4,42.8,22.51,Mahajanga,-15.717,46.317,13.0
2017-09-24,30.1,23.3,26.3,0.0,21.7,43.6,23.78,Mahajanga,-15.717,46.317,13.0
2017-09-25,30.8,23.8,26.3,0.7,22.1,43.6,21.82,Mahajanga,-15.717,46.317,13.0
2017-09-26,31.3,24.3,26.7,0.2,22.6,42.8,21.75,Mahajanga,-15.717,46.317,13.0
2017-09-27,33.5,23.8,27.2,0.0,19.2,40.3,22.32,Mahajanga,-15.717,46.317,13.0
2017-09-28,35.9,24.6,28.3,0.0,24.9,49.0,25.61,Mahajanga,-15.717,46.317,13.0
2017-09-29,34.9,23.7,28.0,0.0,25.1,54.4,25.79,Mahajanga,-15.717,46.317,13.0
2017-09-30,35.3,22.0,27.7,0.0,21.8,42.5,24.44,Mahajanga,-15.717,46.317,13.0
2017-10-01,34.9,23.0,27.7,0.0,22.7,45.0,25.78,Mahajanga,-15.717,46.317,13.0
2017-10-02,35.2,23.3,27.7,0.0,23.0,46.4,25.88,Mahajanga,-15.717,46.317,13.0
2017-10-03,35.6,24.5,28.2,0.0,26.4,48.6,25.1,Mahajanga,-15.717,46.317,13.0
2017-10-04,35.7,23.0,28.5,0.0,25.0,47.5,27.07,Mahajanga,-15.717,46.317,13.0
2017-10-05,35.6,23.7,28.1,0.0,21.2,43.9,26.78,Mahajanga,-15.717,46.317,13.0
2017-10-06,34.5,23.8,28.5,0.0,20.4,38.9,23.78,Mahajanga,-15.717,46.317,13.0
2017-10-07,33.7,22.3,26.9,0.0,20.8,42.1,26.95,Mahajanga,-15.717,46.317,13.0
2017-10-08,33.4,22.0,26.4,0.0,24.4,44.3,26.87,Mahajanga,-15.717,46.317,13.0
2017-10-09,33.8,23.0,27.0,0.0,25.2,49.3,26.15,Mahajanga,-15.717,46.317,13.0
2017-10-10,32.9,24.9,27.7,0.0,20.0,42.8,22.56,Mahajanga,-15.717,46.317,13.0
2017-10-11,31.4,24.8,27.5,0.0,22.5,44.6,24.58,Mahajanga,-15.717,46.317,13.0
2017-10-12,31.2,25.1,27.6,0.2,27.7,52.6,23.58,Mahajanga,-15.717,46.317,13.0
2017-10-13,32.6,25.8,28.3,0.0,23.4,47.9,24.35,Mahajanga,-15.717,46.317,13.0
2017-10-14,33.1,24.6,28.2,0.0,23.0,46.4,26.27,Mahajanga,-15.717,46.317,13.0
2017-10-15,30.8,24.0,27.3,0.0,22.7,46.4,26.86,Mahajanga,-15.717,46.317,13.0
2017-10-16,33.4,24.5,27.9,0.0,24.9,48.2,23.38,Mahajanga,-15.717,46.317,13.0
2017-10-17,33.0,25.5,28.2,0.0,25.3,49.3,22.76,Mahajanga,-15.717,46.317,13.0
2017-10-18,34.1,25.7,28.4,0.1,27.8,53.3,24.45,Mahajanga,-15.717,46.317,13.0
2017-10-19,31.2,26.3,28.2,0.1,23.5,46.8,22.63,Mahajanga,-15.717,46.317,13.0
2017-10-20,34.1,25.7,28.5,0.6,25.0,49.7,26.19,Mahajanga,-15.717,46.317,13.0
2017-10-21,37.1,24.2,29.4,0.0,20.6,40.0,27.95,Mahajanga,-15.717,46.317,13.0
2017-10-22,37.6,24.5,30.2,0.0,23.4,41.8,28.31,Mahajanga,-15.717,46.317,13.0
2017-10-23,37.0,24.4,29.2,0.0,24.1,48.2,28.26,Mahajanga,-15.717,46.317,13.0
2017-10-24,36.1,23.4,28.5,0.0,24.5,45.4,28.41,Mahajanga,-15.717,46.317,13.0
2017-10-25,34.9,24.2,28.0,0.0,24.9,52.2,27.83,Mahajanga,-15.717,46.317,13.0
2017-10-26,31.5,25.0,27.7,0.8,23.0,44.6,23.61,Mahajanga,-15.717,46.317,13.0
2017-10-27,29.2,24.3,26.6,3.8,22.5,43.2,18.17,Mahajanga,-15.717,46.317,13.0
2017-10-28,30.2,24.7,27.2,0.9,21.5,41.4,20.46,Mahajanga,-15.717,46.317,13.0
2017-10-29,33.2,24.3,27.4,10.6,22.8,43.2,24.47,Mahajanga,-15.717,46.317,13.0
2017-10-30,34.1,25.1,28.2,3.8,22.2,43.2,25.55,Mahajanga,-15.717,46.317,13.0
2017-10-31,34.8,24.7,28.9,2.0,24.4,46.4,21.99,Mahajanga,-15.717,46.317,13.0
2017-11-01,33.3,23.7,28.2,0.3,21.3,41.4,24.43,Mahajanga,-15.717,46.317,13.0
2017-11-02,35.9,24.0,29.0,0.2,20.7,40.3,24.8,Mahajanga,-15.717,46.317,13.0
2017-11-03,35.1,23.9,28.7,0.0,20.8,41.0,27.67,Mahajanga,-15.717,46.317,13.0
2017-11-04,33.8,24.5,28.2,0.0,22.4,43.2,22.88,Mahajanga,-15.717,46.317,13.0
2017-11-05,33.7,24.9,28.4,1.4,21.3,41.8,23.78,Mahajanga,-15.717,46.317,13.0
2017-11-06,33.9,24.5,28.0,2.0,22.7,45.7,26.23,Mahajanga,-15.717,46.317,13.0
2017-11-07,31.1,24.5,27.6,0.3,19.5,40.3,26.26,Mahajanga,-15.717,46.317,13.0
2017-11-08,31.4,25.5,28.1,0.7,20.4,41.8,25.22,Mahajanga,-15.717,46.317,13.0
2017-11-09,31.3,25.4,28.3,4.0,22.8,43.9,23.46,Mahajanga,-15.717,46.317,13.0
2017-11-10,31.8,26.4,28.9,0.0,22.5,43.2,25.39,Mahajanga,-15.717,46.317,13.0
2017-11-11,32.0,27.1,29.1,0.0,25.3,49.0,26.79,Mahajanga,-15.717,46.317,13.0
2017-11-12,32.4,25.3,28.8,0.0,24.3,48.6,27.36,Mahajanga,-15.717,46.317,13.0
2017-11-13,32.0,26.8,28.9,0.0,24.0,48.2,27.41,Mahajanga,-15.717,46.317,13.0
2017-11-14,31.4,26.5,28.6,0.1,22.9,46.1,25.48,Mahajanga,-15.717,46.317,13.0
2017-11-15,33.1,25.3,28.3,4.5,21.9,48.2,25.3,Mahajanga,-15.717,46.317,13.0
2017-11-16,33.0,24.5,27.8,2.5,18.9,40.3,24.23,Mahajanga,-15.717,46.317,13.0
2017-11-17,30.4,24.7,27.3,2.5,16.1,31.3,18.41,Mahajanga,-15.717,46.317,13.0
2017-11-18,28.7,25.1,26.6,16.3,14.8,27.0,13.43,Mahajanga,-15.717,46.317,13.0
2017-11-19,32.1,23.3,27.1,2.7,23.8,45.7,26.98,Mahajanga,-15.717,46.317,13.0
2017-11-20,33.3,24.5,27.9,6.5,19.8,40.3,25.95,Mahajanga,-15.717,46.317,13.0
2017-11-21,32.4,24.8,27.5,5.0,13.1,32.0,17.89,Mahajanga,-15.717,46.317,13.0
2017-11-22,32.2,25.0,28.3,0.3,15.4,28.4,24.93,Mahajanga,-15.717,46.317,13.0
2017-11-23,32.6,24.1,27.3,10.7,21.4,42.8,26.13,Mahajanga,-15.717,46.317,13.0
2017-11-24,30.1,24.1,26.3,4.9,18.0,34.9,18.93,Mahajanga,-15.717,46.317,13.0
2017-11-25,28.6,23.5,26.3,1.7,16.9,36.0,21.34,Mahajanga,-15.717,46.317,13.0
2017-11-26,29.9,24.2,26.8,1.2,14.8,32.0,26.01,Mahajanga,-15.717,46.317,13.0
2017-11-27,30.9,25.1,27.9,0.4,18.9,36.4,26.87,Mahajanga,-15.717,46.317,13.0
2017-11-28,31.4,25.2,28.2,0.4,17.0,32.8,27.7,Mahajanga,-15.717,46.317,13.0
2017-11-29,30.5,24.3,27.4,19.7,13.9,30.6,23.27,Mahajanga,-15.717,46.317,13.0
2017-11-30,29.3,24.2,26.5,18.8,13.8,27.0,14.64,Mahajanga,-15.717,46.317,13.0
2017-12-01,30.1,24.4,27.3,7.6,15.6,31.3,25.25,Mahajanga,-15.717,46.317,13.0
2017-12-02,30.8,25.2,27.6,2.8,17.0,32.4,25.42,Mahajanga,-15.717,46.317,13.0
2017-12-03,33.3,24.7,28.0,0.3,17.8,34.9,26.6,Mahajanga,-15.717,46.317,13.0
2017-12-04,33.8,24.6,28.9,0.1,20.2,37.8,27.35,Mahajanga,-15.717,46.317,13.0
2017-12-05,33.4,25.1,28.9,0.1,16.6,33.1,26.05,Mahajanga,-15.717,46.317,13.0
2017-12-06,33.3,24.3,28.5,0.0,16.1,29.2,28.56,Mahajanga,-15.717,46.317,13.0
2017-12-07,30.3,24.8,27.9,2.1,17.8,37.4,24.9,Mahajanga,-15.717,46.317,13.0
2017-12-08,29.2,24.6,26.9,5.7,21.9,43.2,18.85,Mahajanga,-15.717,46.317,13.0
2017-12-09,28.0,24.0,25.9,29.6,13.0,27.0,13.47,Mahajanga,-15.717,46.317,13.0
2017-12-10,27.9,24.1,26.0,17.0,14.7,32.4,19.93,Mahajanga,-15.717,46.317,13.0
2017-12-11,28.6,24.7,26.5,9.5,16.5,31.7,18.11,Mahajanga,-15.717,46.317,13.0
2017-12-12,30.9,24.9,27.7,6.9,16.8,32.0,25.21,Mahajanga,-15.717,46.317,13.0
2017-12-13,31.9,24.9,27.8,3.8,13.1,34.6,26.3,Mahajanga,-15.717,46.317,13.0
2017-12-14,32.0,25.6,28.4,0.0,16.8,33.5,25.76,Mahajanga,-15.717,46.317,13.0
2017-12-15,32.9,25.8,29.2,3.0,17.4,39.6,26.21,Mahajanga,-15.717,46.317,13.0
2017-12-16,31.8,25.7,28.3,0.0,18.2,34.2,20.89,Mahajanga,-15.717,46.317,13.0
2017-12-17,32.1,24.8,27.6,1.0,22.3,41.8,20.48,Mahajanga,-15.717,46.317,13.0
2017-12-18,32.4,25.6,27.8,0.5,16.8,44.3,22.97,Mahajanga,-15.717,46.317,13.0
2017-12-19,31.1,24.5,27.6,5.6,14.8,28.4,25.33,Mahajanga,-15.717,46.317,13.0
2017-12-20,30.9,25.8,28.2,4.8,14.2,28.4,23.99,Mahajanga,-15.717,46.317,13.0
2017-12-21,29.5,24.7,27.5,6.6,15.3,31.3,21.92,Mahajanga,-15.717,46.317,13.0
2017-12-22,29.5,23.9,26.5,12.1,12.8,27.0,22.09,Mahajanga,-15.717,46.317,13.0
2017-12-23,28.4,24.3,26.1,12.7,12.5,30.2,17.91,Mahajanga,-15.717,46.317,13.0
2017-12-24,28.4,24.6,26.4,7.4,18.2,40.0,21.37,Mahajanga,-15.717,46.317,13.0
2017-12-25,29.4,24.1,26.7,8.4,16.4,32.8,19.82,Mahajanga,-15.717,46.317,13.0
2017-12-26,28.5,24.6,26.5,10.2,16.9,34.9,20.64,Mahajanga,-15.717,46.317,13.0
2017-12-27,28.6,24.6,26.2,14.1,16.1,32.0,17.01,Mahajanga,-15.717,46.317,13.0
2017-12-28,28.2,24.0,26.0,22.4,14.0,31.7,14.9,Mahajanga,-15.717,46.317,13.0
2017-12-29,26.7,24.3,25.1,35.4,15.8,35.6,6.92,Mahajanga,-15.717,46.317,13.0
2017-12-30,27.4,24.6,25.7,30.6,23.1,43.2,17.28,Mahajanga,-15.717,46.317,13.0
2017-12-31,28.2,24.3,26.3,20.1,13.5,29.5,12.62,Mahajanga,-15.717,46.317,13.0
2018-01-01,29.6,24.6,26.8,9.4,14.5,28.1,19.39,Mahajanga,-15.717,46.317,13.0
2018-01-02,27.3,24.3,25.6,16.4,10.9,24.1,8.14,Mahajanga,-15.717,46.317,13.0
2018-01-03,30.1,24.8,26.9,5.6,14.2,26.3,17.47,Mahajanga,-15.717,46.317,13.0
2018-01-04,29.8,24.6,26.8,14.4,13.1,26.6,20.34,Mahajanga,-15.717,46.317,13.0
2018-01-05,27.6,24.1,26.1,74.1,29.6,51.1,7.19,Mahajanga,-15.717,46.317,13.0
2018-01-06,27.1,25.2,26.1,77.9,33.2,62.6,6.48,Mahajanga,-15.717,46.317,13.0
2018-01-07,29.0,26.3,27.4,5.2,28.9,53.6,18.35,Mahajanga,-15.717,46.317,13.0
2018-01-08,27.4,25.0,26.0,24.8,25.0,49.3,17.12,Mahajanga,-15.717,46.317,13.0
2018-01-09,27.3,24.2,25.6,28.0,17.4,38.5,15.01,Mahajanga,-15.717,46.317,13.0
2018-01-10,26.3,23.9,25.0,59.1,20.1,36.4,7.65,Mahajanga,-15.717,46.317,13.0
2018-01-11,26.2,23.3,24.9,65.8,16.0,35.3,9.95,Mahajanga,-15.717,46.317,13.0
2018-01-12,25.1,23.1,24.2,75.8,17.4,30.6,4.48,Mahajanga,-15.717,46.317,13.0
2018-01-13,26.7,23.3,24.8,23.5,18.0,36.4,14.97,Mahajanga,-15.717,46.317,13.0
2018-01-14,28.2,23.5,25.6,14.6,18.0,33.1,19.52,Mahajanga,-15.717,46.317,13.0
2018-01-15,29.2,23.7,25.9,7.0,16.1,33.5,22.09,Mahajanga,-15.717,46.317,13.0
2018-01-16,30.1,23.7,26.3,0.9,19.7,37.1,24.15,Mahajanga,-15.717,46.317,13.0
2018-01-17,30.3,23.3,26.2,1.9,16.9,33.8,27.4,Mahajanga,-15.717,46.317,13.0
2018-01-18,29.5,24.0,26.5,0.4,14.3,31.0,21.88,Mahajanga,-15.717,46.317,13.0
2018-01-19,29.3,24.9,26.9,2.0,18.6,35.3,23.53,Mahajanga,-15.717,46.317,13.0
2018-01-20,26.6,24.6,25.6,22.6,20.4,43.9,14.79,Mahajanga,-15.717,46.317,13.0
2018-01-21,27.3,24.4,25.8,24.4,23.9,44.3,9.55,Mahajanga,-15.717,46.317,13.0
2018-01-22,29.5,24.5,26.9,0.4,16.7,32.4,25.86,Mahajanga,-15.717,46.317,13.0
2018-01-23,29.3,23.9,26.7,1.1,20.3,36.0,23.78,Mahajanga,-15.717,46.317,13.0
2018-01-24,29.9,24.1,26.9,0.0,20.4,37.1,28.03,Mahajanga,-15.717,46.317,13.0
2018-01-25,29.7,24.4,26.9,1.6,14.1,27.0,22.8,Mahajanga,-15.717,46.317,13.0
2018-01-26,30.1,24.2,26.9,11.2,12.6,26.3,20.09,Mahajanga,-15.717,46.317,13.0
2018-01-27,30.7,24.1,26.7,7.4,16.3,31.3,22.86,Mahajanga,-15.717,46.317,13.0
2018-01-28,30.3,24.4,27.5,4.2,14.0,28.8,25.8,Mahajanga,-15.717,46.317,13.0
2018-01-29,30.6,24.5,27.3,7.8,13.8,26.6,24.66,Mahajanga,-15.717,46.317,13.0
2018-01-30,29.9,24.6,26.6,10.4,14.7,29.9,20.71,Mahajanga,-15.717,46.317,13.0
2018-01-31,29.4,24.7,26.9,1.8,14.2,28.4,22.79,Mahajanga,-15.717,46.317,13.0
2018-02-01,30.0,25.2,27.6,6.1,9.7,31.0,23.04,Mahajanga,-15.717,46.317,13.0
2018-02-02,32.1,25.3,28.0,4.2,18.3,33.8,28.58,Mahajanga,-15.717,46.317,13.0
2018-02-03,30.2,25.1,27.7,1.5,16.6,31.0,26.26,Mahajanga,-15.717,46.317,13.0
2018-02-04,29.7,25.5,27.2,5.8,19.6,36.0,21.47,Mahajanga,-15.717,46.317,13.0
2018-02-05,28.5,25.2,26.5,22.1,17.1,36.0,21.28,Mahajanga,-15.717,46.317,13.0
2018-02-06,28.2,24.6,26.2,18.1,21.4,38.5,18.06,Mahajanga,-15.717,46.317,13.0
2018-02-07,26.8,23.9,25.3,31.1,26.0,46.4,11.51,Mahajanga,-15.717,46.317,13.0
2018-02-08,29.4,23.9,26.3,3.4,17.1,32.4,25.06,Mahajanga,-15.717,46.317,13.0
2018-02-09,29.5,24.3,27.0,12.5,12.3,27.4,22.55,Mahajanga,-15.717,46.317,13.0
2018-02-10,32.1,24.2,27.6,2.4,15.2,30.6,26.04,Mahajanga,-15.717,46.317,13.0
2018-02-11,31.9,25.2,27.5,3.9,16.1,32.4,26.16,Mahajanga,-15.717,46.317,13.0
2018-02-12,30.8,24.6,27.5,7.4,14.7,30.6,25.07,Mahajanga,-15.717,46.317,13.0
2018-02-13,29.6,24.9,27.2,1.3,11.6,26.3,24.12,Mahajanga,-15.717,46.317,13.0
2018-02-14,30.8,25.4,27.5,5.1,10.7,25.6,24.27,Mahajanga,-15.717,46.317,13.0
2018-02-15,29.2,24.9,27.0,10.5,14.8,29.9,22.36,Mahajanga,-15.717,46.317,13.0
2018-02-16,30.2,24.8,27.4,3.3,14.0,31.0,25.12,Mahajanga,-15.717,46.317,13.0
2018-02-17,30.6,24.2,27.3,6.1,12.2,23.8,23.97,Mahajanga,-15.717,46.317,13.0
2018-02-18,30.7,25.0,27.5,16.1,10.2,25.9,24.36,Mahajanga,-15.717,46.317,13.0
2018-02-19,30.2,24.4,27.2,15.2,10.7,21.2,16.48,Mahajanga,-15.717,46.317,13.0
2018-02-20,29.5,23.9,26.1,16.1,14.3,27.7,17.32,Mahajanga,-15.717,46.317,13.0
2018-02-21,28.7,23.5,25.8,13.5,16.2,33.8,20.22,Mahajanga,-15.717,46.317,13.0
2018-02-22,28.4,23.7,26.0,8.2,14.5,31.7,22.05,Mahajanga,-15.717,46.317,13.0
2018-02-23,28.6,24.6,26.6,2.7,17.7,35.6,23.34,Mahajanga,-15.717,46.317,13.0
2018-02-24,29.3,24.2,26.5,6.2,14.2,30.2,21.82,Mahajanga,-15.717,46.317,13.0
2018-02-25,30.3,24.1,27.0,0.8,15.2,29.2,23.64,Mahajanga,-15.717,46.317,13.0
2018-02-26,30.2,24.5,27.1,8.0,12.2,27.0,23.56,Mahajanga,-15.717,46.317,13.0
2018-02-27,31.8,24.6,27.7,0.7,10.2,23.8,24.53,Mahajanga,-15.717,46.317,13.0
2018-02-28,31.8,25.2,28.2,6.4,10.3,23.4,25.59,Mahajanga,-15.717,46.317,13.0
2018-03-01,31.2,25.0,27.5,4.4,13.0,26.3,24.23,Mahajanga,-15.717,46.317,13.0
2018-03-02,30.7,25.0,27.3,10.5,10.4,23.8,23.0,Mahajanga,-15.717,46.317,13.0
2018-03-03,31.7,25.1,27.9,12.9,15.5,27.4,23.82,Mahajanga,-15.717,46.317,13.0
2018-03-04,30.3,25.5,27.3,15.0,19.3,34.9,20.26,Mahajanga,-15.717,46.317,13.0
2018-03-05,27.2,25.0,26.1,22.4,20.7,42.8,8.93,Mahajanga,-15.717,46.317,13.0
2018-03-06,27.7,24.2,25.9,28.2,16.1,35.3,9.09,Mahajanga,-15.717,46.317,13.0
2018-03-07,27.3,24.7,25.7,52.0,14.1,38.5,7.5,Mahajanga,-15.717,46.317,13.0
2018-03-08,28.2,24.4,26.1,6.3,11.6,26.3,18.66,Mahajanga,-15.717,46.317,13.0
2018-03-09,28.7,24.3,26.4,5.1,14.3,28.4,20.61,Mahajanga,-15.717,46.317,13.0
2018-03-10,28.8,24.3,26.2,7.5,11.9,24.5,17.38,Mahajanga,-15.717,46.317,13.0
2018-03-11,31.5,24.6,27.3,5.4,17.1,33.1,25.08,Mahajanga,-15.717,46.317,13.0
2018-03-12,32.4,24.2,28.0,0.4,10.8,25.2,24.24,Mahajanga,-15.717,46.317,13.0
2018-03-13,32.5,24.6,28.4,0.0,13.7,27.7,24.95,Mahajanga,-15.717,46.317,13.0
2018-03-14,32.1,23.7,27.7,0.0,13.4,25.9,26.7,Mahajanga,-15.717,46.317,13.0
2018-03-15,31.7,24.4,27.7,0.6,16.1,29.2,25.16,Mahajanga,-15.717,46.317,13.0
2018-03-16,31.5,26.3,28.1,5.6,25.2,44.6,11.46,Mahajanga,-15.717,46.317,13.0
2018-03-17,31.0,25.8,27.5,7.9,28.6,50.8,8.46,Mahajanga,-15.717,46.317,13.0
2018-03-18,30.8,25.8,28.3,0.0,23.2,44.3,23.35,Mahajanga,-15.717,46.317,13.0
2018-03-19,30.3,25.7,28.0,0.5,23.7,43.2,23.77,Mahajanga,-15.717,46.317,13.0
2018-03-20,30.4,24.1,27.2,0.0,15.5,31.7,25.96,Mahajanga,-15.717,46.317,13.0
2018-03-21,31.0,24.2,27.5,0.0,13.5,26.3,24.36,Mahajanga,-15.717,46.317,13.0
2018-03-22,30.7,24.4,27.8,6.7,11.6,25.2,22.12,Mahajanga,-15.717,46.317,13.0
2018-03-23,31.0,23.8,27.2,7.5,10.7,27.0,22.87,Mahajanga,-15.717,46.317,13.0
2018-03-24,32.1,24.6,28.1,3.5,13.8,28.8,24.7,Mahajanga,-15.717,46.317,13.0
2018-03-25,32.1,25.0,28.3,0.0,14.9,29.2,24.69,Mahajanga,-15.717,46.317,13.0
2018-03-26,31.5,24.8,28.0,0.6,14.2,29.2,24.03,Mahajanga,-15.717,46.317,13.0
2018-03-27,29.9,24.6,27.2,2.7,15.0,28.8,21.69,Mahajanga,-15.717,46.317,13.0
2018-03-28,29.9,23.9,26.8,3.6,15.6,31.3,20.83,Mahajanga,-15.717,46.317,13.0
2018-03-29,30.7,23.4,26.9,1.9,21.6,37.8,21.69,Mahajanga,-15.717,46.317,13.0
2018-03-30,30.5,24.1,27.2,1.2,11.1,24.8,23.62,Mahajanga,-15.717,46.317,13.0
2018-03-31,31.0,24.5,27.2,2.8,12.3,25.2,23.29,Mahajanga,-15.717,46.317,13.0
2018-04-01,31.6,24.7,27.6,1.7,11.1,28.4,23.72,Mahajanga,-15.717,46.317,13.0
2018-04-02,31.8,25.3,27.7,2.3,13.4,29.9,21.74,Mahajanga,-15.717,46.317,13.0
2018-04-03,32.7,25.2,28.1,0.9,14.5,33.8,23.62,Mahajanga,-15.717,46.317,13.0
2018-04-04,31.7,24.7,28.1,0.0,14.0,28.8,23.47,Mahajanga,-15.717,46.317,13.0
2018-04-05,31.0,25.5,27.7,3.2,12.9,25.6,21.64,Mahajanga,-15.717,46.317,13.0
2018-04-06,30.4,24.7,27.1,3.2,14.0,32.4,19.16,Mahajanga,-15.717,46.317,13.0
2018-04-07,31.9,24.9,27.5,7.2,13.3,31.7,20.55,Mahajanga,-15.717,46.317,13.0
2018-04-08,31.9,24.9,27.5,8.6,16.0,31.3,22.89,Mahajanga,-15.717,46.317,13.0
2018-04-09,31.6,24.7,27.7,0.2,16.2,32.0,22.7,Mahajanga,-15.717,46.317,13.0
2018-04-10,31.3,24.0,27.6,0.0,12.3,24.5,23.28,Mahajanga,-15.717,46.317,13.0
2018-04-11,31.8,24.0,27.7,0.6,12.3,25.6,23.32,Mahajanga,-15.717,46.317,13.0
2018-04-12,31.1,25.2,27.8,0.7,12.7,28.4,21.25,Mahajanga,-15.717,46.317,13.0
2018-04-13,32.1,25.0,28.2,1.9,15.6,28.1,23.2,Mahajanga,-15.717,46.317,13.0
2018-04-14,32.5,24.0,28.3,0.0,17.1,33.8,23.2,Mahajanga,-15.717,46.317,13.0
2018-04-15,33.0,24.4,28.1,4.9,16.3,33.8,21.29,Mahajanga,-15.717,46.317,13.0
2018-04-16,32.0,25.0,28.0,1.0,17.2,35.3,22.02,Mahajanga,-15.717,46.317,13.0
2018-04-17,32.2,25.1,28.2,7.2,18.8,36.4,21.78,Mahajanga,-15.717,46.317,13.0
2018-04-18,32.1,24.5,27.7,0.8,12.6,25.9,21.96,Mahajanga,-15.717,46.317,13.0
2018-04-19,31.8,24.7,28.0,0.0,13.4,24.5,21.91,Mahajanga,-15.717,46.317,13.0
2018-04-20,32.1,24.8,28.2,0.3,12.1,23.0,21.07,Mahajanga,-15.717,46.317,13.0
2018-04-21,32.3,25.6,28.4,2.1,11.6,28.1,20.83,Mahajanga,-15.717,46.317,13.0
2018-04-22,32.3,25.1,27.7,3.8,12.3,31.7,21.31,Mahajanga,-15.717,46.317,13.0
2018-04-23,31.1,25.0,27.9,0.5,17.1,35.6,21.05,Mahajanga,-15.717,46.317,13.0
2018-04-24,29.8,23.6,26.5,0.0,15.0,27.0,22.47,Mahajanga,-15.717,46.317,13.0
2018-04-25,31.7,23.9,27.5,0.1,14.8,29.5,21.77,Mahajanga,-15.717,46.317,13.0
2018-04-26,31.6,23.9,27.6,0.0,13.7,27.7,22.05,Mahajanga,-15.717,46.317,13.0
2018-04-27,31.3,24.0,27.4,0.0,21.8,41.0,21.72,Mahajanga,-15.717,46.317,13.0
2018-04-28,31.8,22.7,27.0,0.0,19.7,36.4,21.61,Mahajanga,-15.717,46.317,13.0
2018-04-29,32.7,23.2,27.7,0.0,19.6,36.0,21.57,Mahajanga,-15.717,46.317,13.0
2018-04-30,32.4,23.9,27.7,0.0,20.9,38.2,21.92,Mahajanga,-15.717,46.317,13.0
2018-05-01,33.1,22.8,27.9,0.0,22.9,42.1,21.33,Mahajanga,-15.717,46.317,13.0
2018-05-02,33.2,23.3,28.0,0.0,20.5,38.5,21.5,Mahajanga,-15.717,46.317,13.0
2018-05-03,32.6,23.0,27.5,0.1,18.4,34.9,21.32,Mahajanga,-15.717,46.317,13.0
2018-05-04,32.4,23.6,27.8,0.0,15.3,30.2,21.14,Mahajanga,-15.717,46.317,13.0
2018-05-05,31.9,22.6,26.8,0.0,16.5,32.4,21.46,Mahajanga,-15.717,46.317,13.0
2018-05-06,32.3,22.3,27.3,0.0,16.2,31.0,20.49,Mahajanga,-15.717,46.317,13.0
2018-05-07,31.8,24.4,27.3,0.0,19.2,37.4,18.21,Mahajanga,-15.717,46.317,13.0
2018-05-08,33.3,24.6,27.7,0.0,18.0,34.9,20.62,Mahajanga,-15.717,46.317,13.0
2018-05-09,33.5,24.4,28.1,0.0,14.9,27.4,17.38,Mahajanga,-15.717,46.317,13.0
2018-05-10,33.8,25.0,28.6,0.0,16.8,32.8,19.43,Mahajanga,-15.717,46.317,13.0
2018-05-11,34.2,24.8,28.7,0.0,17.4,29.5,19.9,Mahajanga,-15.717,46.317,13.0
2018-05-12,33.8,25.0,28.7,0.1,13.7,28.1,20.11,Mahajanga,-15.717,46.317,13.0
2018-05-13,32.8,24.3,28.3,0.0,13.9,29.2,20.08,Mahajanga,-15.717,46.317,13.0
2018-05-14,33.1,24.2,28.1,0.0,15.8,30.2,19.3,Mahajanga,-15.717,46.317,13.0
2018-05-15,31.3,23.6,27.6,0.0,16.3,29.9,19.75,Mahajanga,-15.717,46.317,13.0
2018-05-16,33.1,24.8,27.8,0.0,17.8,34.6,20.03,Mahajanga,-15.717,46.317,13.0
2018-05-17,32.8,24.2,28.1,0.1,16.9,29.5,19.54,Mahajanga,-15.717,46.317,13.0
2018-05-18,32.6,22.9,27.6,0.0,15.4,28.4,19.74,Mahajanga,-15.717,46.317,13.0
2018-05-19,32.4,23.6,27.7,0.0,18.5,35.3,19.05,Mahajanga,-15.717,46.317,13.0
2018-05-20,32.2,23.9,27.9,0.0,18.3,32.8,18.64,Mahajanga,-15.717,46.317,13.0
2018-05-21,32.1,22.6,27.2,0.0,18.9,36.4,19.5,Mahajanga,-15.717,46.317,13.0
2018-05-22,31.8,22.7,27.3,0.0,21.8,41.4,17.57,Mahajanga,-15.717,46.317,13.0
2018-05-23,33.1,24.7,28.4,0.0,25.3,44.6,18.89,Mahajanga,-15.717,46.317,13.0
2018-05-24,32.4,23.1,27.6,0.0,23.0,43.2,19.67,Mahajanga,-15.717,46.317,13.0
2018-05-25,32.5,23.5,27.6,0.0,20.9,42.1,19.11,Mahajanga,-15.717,46.317,13.0
2018-05-26,31.9,21.4,26.3,0.0,18.8,35.6,19.56,Mahajanga,-15.717,46.317,13.0
2018-05-27,33.0,23.0,27.6,0.0,13.9,27.0,17.65,Mahajanga,-15.717,46.317,13.0
2018-05-28,32.9,23.2,27.7,0.0,12.2,26.3,17.72,Mahajanga,-15.717,46.317,13.0
2018-05-29,32.2,24.0,27.7,0.0,17.2,31.3,18.86,Mahajanga,-15.717,46.317,13.0
2018-05-30,31.8,23.4,27.2,0.0,17.3,33.8,18.99,Mahajanga,-15.717,46.317,13.0
2018-05-31,31.5,23.0,26.8,0.0,17.6,32.0,18.16,Mahajanga,-15.717,46.317,13.0
2018-06-01,30.2,22.7,26.2,0.0,15.7,30.2,18.6,Mahajanga,-15.717,46.317,13.0
2018-06-02,30.8,22.3,26.3,0.1,16.3,28.8,17.59,Mahajanga,-15.717,46.317,13.0
2018-06-03,31.3,22.9,26.9,0.0,13.8,28.8,18.92,Mahajanga,-15.717,46.317,13.0
2018-06-04,30.5,21.5,25.6,0.0,15.5,29.5,18.81,Mahajanga,-15.717,46.317,13.0
2018-06-05,29.2,20.7,25.4,0.0,16.6,31.3,18.24,Mahajanga,-15.717,46.317,13.0
2018-06-06,29.6,22.1,25.1,0.0,21.2,37.4,18.75,Mahajanga,-15.717,46.317,13.0
2018-06-07,28.6,20.2,23.9,0.0,16.3,32.4,19.1,Mahajanga,-15.717,46.317,13.0
2018-06-08,30.0,20.2,24.4,0.0,13.9,26.6,19.06,Mahajanga,-15.717,46.317,13.0
2018-06-09,31.3,21.5,26.3,0.2,13.0,25.9,18.19,Mahajanga,-15.717,46.317,13.0
2018-06-10,32.1,23.4,27.7,0.1,15.0,29.9,17.12,Mahajanga,-15.717,46.317,13.0
2018-06-11,32.1,23.6,27.6,0.0,15.3,31.3,18.25,Mahajanga,-15.717,46.317,13.0
2018-06-12,31.7,22.2,26.8,0.0,16.3,31.7,17.98,Mahajanga,-15.717,46.317,13.0
2018-06-13,30.9,22.1,26.7,0.0,18.4,35.6,17.93,Mahajanga,-15.717,46.317,13.0
2018-06-14,30.5,21.7,26.2,0.6,16.4,33.8,17.16,Mahajanga,-15.717,46.317,13.0
2018-06-15,30.5,21.3,25.8,0.0,16.0,38.5,16.78,Mahajanga,-15.717,46.317,13.0
2018-06-16,31.1,21.9,26.1,0.0,15.3,31.7,17.76,Mahajanga,-15.717,46.317,13.0
2018-06-17,30.8,22.8,26.2,0.0,14.7,30.6,16.69,Mahajanga,-15.717,46.317,13.0
2018-06-18,31.3,21.3,26.1,0.0,15.2,31.7,18.38,Mahajanga,-15.717,46.317,13.0
2018-06-19,31.6,22.5,26.3,0.0,16.7,32.4,15.14,Mahajanga,-15.717,46.317,13.0
2018-06-20,32.1,22.2,26.4,0.0,16.9,32.4,17.98,Mahajanga,-15.717,46.317,13.0
2018-06-21,31.4,22.0,26.0,0.0,18.3,34.2,18.57,Mahajanga,-15.717,46.317,13.0
2018-06-22,30.7,20.0,25.1,0.0,20.5,38.9,18.79,Mahajanga,-15.717,46.317,13.0
2018-06-23,30.5,19.4,24.9,0.0,14.9,27.7,18.68,Mahajanga,-15.717,46.317,13.0
2018-06-24,30.6,20.5,25.6,0.0,18.3,36.7,18.74,Mahajanga,-15.717,46.317,13.0
2018-06-25,29.9,21.7,25.8,0.0,16.4,31.0,18.3,Mahajanga,-15.717,46.317,13.0
2018-06-26,30.3,21.7,25.7,0.4,27.5,50.4,13.15,Mahajanga,-15.717,46.317,13.0
2018-06-27,31.0,22.7,26.3,0.0,27.3,49.7,18.18,Mahajanga,-15.717,46.317,13.0
2018-06-28,30.6,19.9,24.8,0.0,21.4,40.3,18.62,Mahajanga,-15.717,46.317,13.0
2018-06-29,29.7,19.4,24.5,0.0,16.1,32.8,18.43,Mahajanga,-15.717,46.317,13.0
2018-06-30,30.3,20.9,24.8,0.0,16.3,31.3,18.49,Mahajanga,-15.717,46.317,13.0
2018-07-01,30.4,20.1,25.0,0.0,15.6,29.9,18.23,Mahajanga,-15.717,46.317,13.0
2018-07-02,30.5,20.0,25.3,0.0,18.5,36.4,18.53,Mahajanga,-15.717,46.317,13.0
2018-07-03,30.5,21.1,25.6,0.0,18.1,34.6,18.51,Mahajanga,-15.717,46.317,13.0
2018-07-04,29.9,21.0,25.3,0.6,25.2,46.1,14.47,Mahajanga,-15.717,46.317,13.0
2018-07-05,31.0,21.5,25.5,0.1,20.2,38.2,15.85,Mahajanga,-15.717,46.317,13.0
2018-07-06,31.5,21.4,26.1,0.0,27.2,46.1,18.25,Mahajanga,-15.717,46.317,13.0
2018-07-07,31.4,21.4,25.8,0.0,30.0,54.0,15.97,Mahajanga,-15.717,46.317,13.0
2018-07-08,30.6,22.0,25.8,0.0,22.7,42.1,18.95,Mahajanga,-15.717,46.317,13.0
2018-07-09,30.3,20.9,25.5,0.0,24.8,45.4,18.12,Mahajanga,-15.717,46.317,13.0
2018-07-10,30.3,22.0,25.7,0.0,20.6,37.4,18.36,Mahajanga,-15.717,46.317,13.0
2018-07-11,29.8,20.3,24.6,0.0,20.7,38.9,19.14,Mahajanga,-15.717,46.317,13.0
2018-07-12,30.3,20.6,25.2,0.0,18.1,35.6,18.96,Mahajanga,-15.717,46.317,13.0
2018-07-13,30.4,19.6,25.1,0.0,23.2,40.0,18.47,Mahajanga,-15.717,46.317,13.0
2018-07-14,30.3,19.7,25.1,0.0,22.0,38.5,17.87,Mahajanga,-15.717,46.317,13.0
2018-07-15,29.3,20.1,24.2,0.0,21.3,40.7,19.25,Mahajanga,-15.717,46.317,13.0
2018-07-16,30.3,19.4,24.3,0.0,14.0,30.2,19.38,Mahajanga,-15.717,46.317,13.0
2018-07-17,28.8,20.2,24.5,0.0,23.7,46.8,17.43,Mahajanga,-15.717,46.317,13.0
2018-07-18,29.3,21.0,24.0,0.0,21.0,37.8,9.26,Mahajanga,-15.717,46.317,13.0
2018-07-19,29.8,20.2,24.5,0.0,22.5,43.2,19.17,Mahajanga,-15.717,46.317,13.0
2018-07-20,29.5,19.1,24.4,0.0,17.1,33.5,19.25,Mahajanga,-15.717,46.317,13.0
2018-07-21,30.5,20.9,25.3,0.3,20.2,39.2,18.15,Mahajanga,-15.717,46.317,13.0
2018-07-22,30.0,21.3,25.0,0.0,17.5,32.4,19.04,Mahajanga,-15.717,46.317,13.0
2018-07-23,30.9,20.6,25.3,0.0,29.9,53.3,18.66,Mahajanga,-15.717,46.317,13.0
2018-07-24,30.1,20.5,24.9,0.0,28.3,49.7,19.85,Mahajanga,-15.717,46.317,13.0
2018-07-25,28.3,21.5,24.1,2.5,21.9,42.8,13.32,Mahajanga,-15.717,46.317,13.0
2018-07-26,29.9,20.3,24.5,0.0,20.9,37.8,16.97,Mahajanga,-15.717,46.317,13.0
2018-07-27,30.1,21.2,24.5,4.3,15.1,34.6,17.31,Mahajanga,-15.717,46.317,13.0
2018-07-28,29.6,20.6,24.5,0.2,17.4,34.2,19.41,Mahajanga,-15.717,46.317,13.0
2018-07-29,29.5,20.3,24.3,0.0,15.6,31.0,19.49,Mahajanga,-15.717,46.317,13.0
2018-07-30,29.5,20.7,24.6,0.0,15.3,28.8,17.7,Mahajanga,-15.717,46.317,13.0
2018-07-31,30.0,20.4,24.6,0.0,18.9,37.1,18.43,Mahajanga,-15.717,46.317,13.0
2018-08-01,28.9,21.5,24.6,0.3,16.3,34.6,19.02,Mahajanga,-15.717,46.317,13.0
2018-08-02,29.0,22.1,24.8,0.2,16.3,33.5,18.1,Mahajanga,-15.717,46.317,13.0
2018-08-03,32.2,20.8,25.8,0.0,16.8,31.7,20.29,Mahajanga,-15.717,46.317,13.0
2018-08-04,32.3,20.2,25.8,0.0,20.2,40.7,19.87,Mahajanga,-15.717,46.317,13.0
2018-08-05,32.2,21.8,26.1,0.0,19.3,36.7,20.78,Mahajanga,-15.717,46.317,13.0
2018-08-06,31.7,21.4,25.6,0.0,20.6,38.9,20.75,Mahajanga,-15.717,46.317,13.0
2018-08-07,30.5,20.4,24.9,0.0,17.6,35.3,21.14,Mahajanga,-15.717,46.317,13.0
2018-08-08,31.7,21.1,25.3,0.0,18.0,35.6,21.5,Mahajanga,-15.717,46.317,13.0
2018-08-09,32.3,18.9,24.8,0.0,19.2,37.1,21.88,Mahajanga,-15.717,46.317,13.0
2018-08-10,31.4,19.7,25.2,0.0,22.9,45.4,21.67,Mahajanga,-15.717,46.317,13.0
2018-08-11,32.8,20.7,26.2,0.0,25.9,48.6,21.51,Mahajanga,-15.717,46.317,13.0
2018-08-12,34.2,21.3,27.0,0.0,32.1,54.0,21.42,Mahajanga,-15.717,46.317,13.0
2018-08-13,32.7,20.8,26.4,0.0,30.2,52.6,21.55,Mahajanga,-15.717,46.317,13.0
2018-08-14,31.2,20.6,25.8,0.0,25.7,44.3,21.97,Mahajanga,-15.717,46.317,13.0
2018-08-15,31.2,21.1,26.0,0.0,26.3,50.4,21.42,Mahajanga,-15.717,46.317,13.0
2018-08-16,31.0,21.1,26.0,0.0,23.0,45.0,20.87,Mahajanga,-15.717,46.317,13.0
2018-08-17,32.3,20.6,25.9,0.0,21.8,43.9,21.63,Mahajanga,-15.717,46.317,13.0
2018-08-18,32.3,20.8,26.1,0.0,21.0,38.5,21.55,Mahajanga,-15.717,46.317,13.0
2018-08-19,32.6,21.1,26.2,0.0,26.4,47.5,18.53,Mahajanga,-15.717,46.317,13.0
2018-08-20,31.7,21.5,26.4,0.0,24.8,46.4,22.66,Mahajanga,-15.717,46.317,13.0
2018-08-21,31.7,21.0,26.1,0.0,22.7,43.6,19.65,Mahajanga,-15.717,46.317,13.0
2018-08-22,32.1,21.7,26.2,0.0,17.2,31.7,18.72,Mahajanga,-15.717,46.317,13.0
2018-08-23,32.1,20.8,25.5,0.0,20.9,39.6,22.82,Mahajanga,-15.717,46.317,13.0
2018-08-24,30.8,20.3,25.5,0.0,16.4,31.7,22.76,Mahajanga,-15.717,46.317,13.0
2018-08-25,31.8,20.0,25.6,0.0,13.7,28.8,22.72,Mahajanga,-15.717,46.317,13.0
2018-08-26,31.5,21.1,25.9,0.0,17.2,34.6,21.45,Mahajanga,-15.717,46.317,13.0
2018-08-27,30.4,21.2,26.0,0.0,16.5,33.1,19.22,Mahajanga,-15.717,46.317,13.0
2018-08-28,32.0,21.0,26.0,0.0,16.7,30.6,22.1,Mahajanga,-15.717,46.317,13.0
2018-08-29,31.8,22.4,26.1,0.0,23.0,40.0,20.59,Mahajanga,-15.717,46.317,13.0
2018-08-30,31.6,21.3,25.8,0.0,22.0,40.3,22.28,Mahajanga,-15.717,46.317,13.0
2018-08-31,32.0,20.9,26.3,0.0,19.7,38.9,22.56,Mahajanga,-15.717,46.317,13.0
2018-09-01,32.1,20.5,26.1,0.0,19.9,37.8,23.55,Mahajanga,-15.717,46.317,13.0
2018-09-02,32.6,22.0,26.3,0.0,20.8,37.8,16.55,Mahajanga,-15.717,46.317,13.0
2018-09-03,33.4,22.3,26.9,0.0,24.2,44.6,20.39,Mahajanga,-15.717,46.317,13.0
2018-09-04,33.4,22.6,27.1,0.0,20.2,39.2,22.87,Mahajanga,-15.717,46.317,13.0
2018-09-05,34.3,21.7,26.8,0.0,20.3,40.7,21.61,Mahajanga,-15.717,46.317,13.0
2018-09-06,33.2,21.1,26.8,0.0,30.7,52.2,24.07,Mahajanga,-15.717,46.317,13.0
2018-09-07,32.9,21.1,25.9,0.0,25.3,47.9,22.94,Mahajanga,-15.717,46.317,13.0
2018-09-08,34.0,23.2,27.8,0.9,23.0,44.6,21.64,Mahajanga,-15.717,46.317,13.0
2018-09-09,33.8,23.1,27.6,0.0,21.1,41.4,24.11,Mahajanga,-15.717,46.317,13.0
2018-09-10,31.7,21.7,25.5,0.0,23.3,49.3,24.47,Mahajanga,-15.717,46.317,13.0
2018-09-11,31.4,20.8,25.7,0.0,24.3,44.6,23.58,Mahajanga,-15.717,46.317,13.0
2018-09-12,30.0,21.6,25.8,0.0,21.3,40.7,23.01,Mahajanga,-15.717,46.317,13.0
2018-09-13,30.8,22.8,26.2,0.3,19.3,38.2,22.82,Mahajanga,-15.717,46.317,13.0
2018-09-14,32.8,22.8,26.7,0.0,21.9,43.2,24.49,Mahajanga,-15.717,46.317,13.0
2018-09-15,33.6,22.7,26.5,0.0,23.1,44.3,25.02,Mahajanga,-15.717,46.317,13.0
2018-09-16,32.8,22.3,26.4,0.0,21.5,43.2,24.95,Mahajanga,-15.717,46.317,13.0
2018-09-17,33.7,21.5,26.3,0.0,20.1,39.6,26.03,Mahajanga,-15.717,46.317,13.0
2018-09-18,34.4,21.0,26.7,0.0,25.0,45.0,24.89,Mahajanga,-15.717,46.317,13.0
2018-09-19,36.7,23.2,28.9,0.0,20.2,39.6,25.26,Mahajanga,-15.717,46.317,13.0
2018-09-20,34.3,21.6,26.8,0.0,23.5,46.4,26.23,Mahajanga,-15.717,46.317,13.0
2018-09-21,33.5,21.4,26.3,0.0,21.0,41.8,25.8,Mahajanga,-15.717,46.317,13.0
2018-09-22,34.0,22.4,26.7,0.0,26.8,49.3,25.27,Mahajanga,-15.717,46.317,13.0
2018-09-23,33.1,21.7,26.3,0.0,21.1,42.8,25.65,Mahajanga,-15.717,46.317,13.0
2018-09-24,34.0,22.6,27.0,0.0,22.2,41.0,25.67,Mahajanga,-15.717,46.317,13.0
2018-09-25,34.6,22.4,26.9,0.0,19.2,39.2,26.18,Mahajanga,-15.717,46.317,13.0
2018-09-26,35.1,23.6,27.5,0.0,20.1,41.8,25.95,Mahajanga,-15.717,46.317,13.0
2018-09-27,35.1,22.8,27.5,0.0,20.2,37.4,26.47,Mahajanga,-15.717,46.317,13.0
2018-09-28,34.2,21.6,26.8,0.0,23.5,44.6,26.48,Mahajanga,-15.717,46.317,13.0
2018-09-29,33.3,22.0,27.1,0.0,18.1,36.7,25.14,Mahajanga,-15.717,46.317,13.0
2018-09-30,31.8,22.6,26.3,0.6,23.7,48.2,25.06,Mahajanga,-15.717,46.317,13.0
2018-10-01,33.1,22.4,26.8,0.0,20.6,39.6,26.68,Mahajanga,-15.717,46.317,13.0
2018-10-02,33.8,21.8,26.4,0.0,23.8,43.2,26.44,Mahajanga,-15.717,46.317,13.0
2018-10-03,33.7,22.4,26.8,0.0,25.0,46.1,26.33,Mahajanga,-15.717,46.317,13.0
2018-10-04,32.1,23.2,26.5,0.0,25.1,49.3,25.83,Mahajanga,-15.717,46.317,13.0
2018-10-05,32.2,23.9,27.0,0.0,25.8,49.3,26.04,Mahajanga,-15.717,46.317,13.0
2018-10-06,31.1,23.8,26.8,0.0,21.8,45.0,25.87,Mahajanga,-15.717,46.317,13.0
2018-10-07,30.3,23.6,26.6,0.0,21.0,42.8,24.03,Mahajanga,-15.717,46.317,13.0
2018-10-08,30.1,22.8,26.2,0.8,23.0,46.8,24.44,Mahajanga,-15.717,46.317,13.0
2018-10-09,34.1,24.5,27.7,0.2,30.8,56.5,24.31,Mahajanga,-15.717,46.317,13.0
2018-10-10,34.8,24.0,28.3,0.0,21.7,51.5,26.38,Mahajanga,-15.717,46.317,13.0
2018-10-11,35.4,24.2,28.4,0.0,21.9,52.9,24.29,Mahajanga,-15.717,46.317,13.0
2018-10-12,35.0,23.9,28.1,0.0,25.5,49.0,26.51,Mahajanga,-15.717,46.317,13.0
2018-10-13,33.6,23.5,27.5,0.0,21.5,43.2,26.94,Mahajanga,-15.717,46.317,13.0
2018-10-14,33.8,23.9,27.5,0.0,25.3,49.7,26.81,Mahajanga,-15.717,46.317,13.0
2018-10-15,32.5,24.4,27.5,0.2,21.3,44.6,25.49,Mahajanga,-15.717,46.317,13.0
2018-10-16,32.9,24.1,27.5,4.2,23.0,47.2,26.07,Mahajanga,-15.717,46.317,13.0
2018-10-17,30.7,23.9,27.0,0.2,21.8,42.5,25.57,Mahajanga,-15.717,46.317,13.0
2018-10-18,30.8,24.0,27.2,0.0,22.6,45.7,26.52,Mahajanga,-15.717,46.317,13.0
2018-10-19,30.6,24.4,27.4,1.2,23.1,46.4,25.88,Mahajanga,-15.717,46.317,13.0
2018-10-20,31.2,25.4,27.8,0.0,23.4,46.4,26.04,Mahajanga,-15.717,46.317,13.0
2018-10-21,32.4,24.7,28.2,0.0,25.3,47.2,25.58,Mahajanga,-15.717,46.317,13.0
2018-10-22,33.4,24.3,28.7,0.0,24.8,47.9,27.45,Mahajanga,-15.717,46.317,13.0
2018-10-23,35.1,24.8,28.6,0.1,25.4,48.2,27.33,Mahajanga,-15.717,46.317,13.0
2018-10-24,34.6,22.1,27.7,0.0,26.3,50.0,28.34,Mahajanga,-15.717,46.317,13.0
2018-10-25,34.3,21.6,27.0,0.0,21.9,43.6,28.38,Mahajanga,-15.717,46.317,13.0
2018-10-26,34.1,22.6,27.4,0.0,24.9,44.6,27.97,Mahajanga,-15.717,46.317,13.0
2018-10-27,32.9,23.1,26.8,0.0,27.1,46.8,27.62,Mahajanga,-15.717,46.317,13.0
2018-10-28,30.1,23.3,26.5,0.7,20.4,42.5,26.54,Mahajanga,-15.717,46.317,13.0
2018-10-29,30.7,22.3,26.1,0.0,24.0,46.4,28.27,Mahajanga,-15.717,46.317,13.0
2018-10-30,29.5,20.2,25.3,0.0,21.7,44.3,28.92,Mahajanga,-15.717,46.317,13.0
2018-10-31,29.4,20.7,25.6,0.0,20.4,42.8,28.11,Mahajanga,-15.717,46.317,13.0
2018-11-01,30.6,22.9,26.8,0.1,19.9,40.7,25.02,Mahajanga,-15.717,46.317,13.0
2018-11-02,32.1,23.8,27.2,2.8,23.5,44.6,25.24,Mahajanga,-15.717,46.317,13.0
2018-11-03,31.2,24.8,27.6,1.2,20.5,42.1,25.06,Mahajanga,-15.717,46.317,13.0
2018-11-04,31.4,23.3,27.7,0.0,22.0,44.6,28.23,Mahajanga,-15.717,46.317,13.0
2018-11-05,31.3,23.9,27.4,0.0,23.1,46.4,27.53,Mahajanga,-15.717,46.317,13.0
2018-11-06,33.9,24.3,28.2,0.5,21.0,46.1,26.32,Mahajanga,-15.717,46.317,13.0
2018-11-07,33.9,25.8,29.1,0.5,20.0,41.4,25.83,Mahajanga,-15.717,46.317,13.0
2018-11-08,33.5,25.7,28.5,2.9,24.1,42.8,18.92,Mahajanga,-15.717,46.317,13.0
2018-11-09,34.2,26.1,29.2,0.0,21.4,43.9,27.17,Mahajanga,-15.717,46.317,13.0
2018-11-10,34.9,25.8,29.4,0.0,24.7,51.1,27.22,Mahajanga,-15.717,46.317,13.0
2018-11-11,34.8,25.9,28.9,0.0,25.3,51.5,28.14,Mahajanga,-15.717,46.317,13.0
2018-11-12,32.1,25.1,28.2,0.0,20.9,43.9,27.73,Mahajanga,-15.717,46.317,13.0
2018-11-13,34.2,25.7,29.3,1.5,19.0,44.6,24.79,Mahajanga,-15.717,46.317,13.0
2018-11-14,34.8,24.8,28.4,0.9,21.0,37.4,26.15,Mahajanga,-15.717,46.317,13.0
2018-11-15,34.7,24.5,28.5,1.7,14.3,30.6,27.02,Mahajanga,-15.717,46.317,13.0
2018-11-16,34.2,24.5,28.5,0.8,13.8,35.6,27.19,Mahajanga,-15.717,46.317,13.0
2018-11-17,33.8,25.0,28.5,3.5,18.8,33.5,27.01,Mahajanga,-15.717,46.317,13.0
2018-11-18,33.4,24.8,28.3,0.3,15.6,35.3,26.19,Mahajanga,-15.717,46.317,13.0
2018-11-19,30.6,24.4,27.3,3.3,17.5,36.0,23.89,Mahajanga,-15.717,46.317,13.0
2018-11-20,31.0,23.2,26.6,11.3,20.9,39.6,25.46,Mahajanga,-15.717,46.317,13.0
2018-11-21,31.2,24.0,27.3,7.1,17.5,36.7,26.38,Mahajanga,-15.717,46.317,13.0
2018-11-22,30.8,24.4,27.2,1.5,17.0,33.1,23.32,Mahajanga,-15.717,46.317,13.0
2018-11-23,29.1,24.1,26.8,13.9,12.1,27.4,18.58,Mahajanga,-15.717,46.317,13.0
2018-11-24,31.1,25.2,27.7,5.1,14.2,30.2,25.83,Mahajanga,-15.717,46.317,13.0
2018-11-25,32.8,23.6,27.7,12.4,17.4,33.1,26.15,Mahajanga,-15.717,46.317,13.0
2018-11-26,32.5,24.7,28.1,22.3,15.0,32.0,27.56,Mahajanga,-15.717,46.317,13.0
2018-11-27,31.3,24.5,27.7,6.4,17.5,33.5,27.04,Mahajanga,-15.717,46.317,13.0
2018-11-28,29.9,24.1,26.9,8.3,15.1,31.7,20.86,Mahajanga,-15.717,46.317,13.0
2018-11-29,29.5,24.4,26.9,10.2,18.2,34.2,22.5,Mahajanga,-15.717,46.317,13.0
2018-11-30,29.2,24.0,26.8,0.7,16.4,32.4,23.49,Mahajanga,-15.717,46.317,13.0
2018-12-01,29.3,24.2,26.8,13.6,14.9,32.4,22.39,Mahajanga,-15.717,46.317,13.0
2018-12-02,30.2,23.8,26.6,1.0,17.0,35.3,25.8,Mahajanga,-15.717,46.317,13.0
2018-12-03,28.9,24.3,26.6,4.6,17.3,36.0,23.95,Mahajanga,-15.717,46.317,13.0
2018-12-04,30.2,24.9,27.4,1.5,15.8,31.7,26.83,Mahajanga,-15.717,46.317,13.0
2018-12-05,30.5,24.5,27.7,1.7,14.5,29.2,26.85,Mahajanga,-15.717,46.317,13.0
2018-12-06,32.8,24.9,28.3,15.4,14.6,33.8,27.88,Mahajanga,-15.717,46.317,13.0
2018-12-07,31.6,24.5,27.6,0.2,16.1,31.3,25.69,Mahajanga,-15.717,46.317,13.0
2018-12-08,33.9,25.5,28.7,0.0,18.3,41.4,27.15,Mahajanga,-15.717,46.317,13.0
2018-12-09,32.8,25.2,28.4,0.5,18.9,34.9,26.47,Mahajanga,-15.717,46.317,13.0
2018-12-10,31.0,24.7,27.9,5.3,16.5,33.5,26.45,Mahajanga,-15.717,46.317,13.0
2018-12-11,29.6,24.5,27.4,2.2,18.1,36.0,22.33,Mahajanga,-15.717,46.317,13.0
2018-12-12,30.7,24.8,27.6,2.6,13.3,29.2,23.23,Mahajanga,-15.717,46.317,13.0
2018-12-13,32.0,25.1,28.3,3.4,11.9,28.4,25.29,Mahajanga,-15.717,46.317,13.0
2018-12-14,32.9,25.4,28.3,12.9,17.7,35.6,25.32,Mahajanga,-15.717,46.317,13.0
2018-12-15,33.0,24.6,28.3,1.5,15.5,30.2,26.36,Mahajanga,-15.717,46.317,13.0
2018-12-16,33.1,25.2,28.4,14.3,14.4,34.6,27.1,Mahajanga,-15.717,46.317,13.0
2018-12-17,32.8,25.5,28.4,3.9,18.2,34.6,26.52,Mahajanga,-15.717,46.317,13.0
2018-12-18,32.6,24.5,28.1,9.4,13.8,28.1,27.51,Mahajanga,-15.717,46.317,13.0
2018-12-19,32.0,24.2,28.2,0.8,10.2,25.6,27.66,Mahajanga,-15.717,46.317,13.0
2018-12-20,32.2,25.3,28.0,0.8,19.2,40.3,27.24,Mahajanga,-15.717,46.317,13.0
2018-12-21,29.1,24.3,26.7,30.5,15.8,31.0,19.79,Mahajanga,-15.717,46.317,13.0
2018-12-22,30.4,25.0,27.6,6.5,19.0,35.6,22.99,Mahajanga,-15.717,46.317,13.0
2018-12-23,29.1,25.1,27.4,4.3,21.3,40.3,23.82,Mahajanga,-15.717,46.317,13.0
2018-12-24,28.0,25.1,26.1,19.3,24.0,50.8,17.1,Mahajanga,-15.717,46.317,13.0
2018-12-25,28.8,25.3,26.9,6.8,17.3,41.8,20.25,Mahajanga,-15.717,46.317,13.0
2018-12-26,30.7,25.8,28.0,0.9,18.0,33.5,26.48,Mahajanga,-15.717,46.317,13.0
2018-12-27,31.3,25.4,28.1,0.0,18.7,34.9,28.46,Mahajanga,-15.717,46.317,13.0
2018-12-28,31.0,25.0,27.5,5.3,14.3,28.4,26.17,Mahajanga,-15.717,46.317,13.0
2018-12-29,29.9,24.6,27.2,1.9,11.8,24.8,23.62,Mahajanga,-15.717,46.317,13.0
2018-12-30,29.3,24.1,26.7,12.2,13.7,32.0,17.94,Mahajanga,-15.717,46.317,13.0
2018-12-31,33.4,25.5,28.9,0.9,12.5,30.6,25.68,Mahajanga,-15.717,46.317,13.0
2019-01-01,33.6,25.9,29.4,1.6,11.3,28.1,26.97,Mahajanga,-15.717,46.317,13.0
2019-01-02,32.8,25.7,28.8,7.8,14.2,26.3,25.64,Mahajanga,-15.717,46.317,13.0
2019-01-03,30.4,25.2,27.6,9.9,13.7,28.8,23.32,Mahajanga,-15.717,46.317,13.0
2019-01-04,29.8,24.2,27.0,17.7,17.0,36.0,23.84,Mahajanga,-15.717,46.317,13.0
2019-01-05,30.7,24.7,27.5,2.8,16.3,32.0,24.45,Mahajanga,-15.717,46.317,13.0
2019-01-06,30.3,24.6,27.5,14.3,12.9,28.4,21.59,Mahajanga,-15.717,46.317,13.0
2019-01-07,30.4,25.1,27.5,13.9,15.4,33.1,23.23,Mahajanga,-15.717,46.317,13.0
2019-01-08,29.5,25.5,27.2,7.3,15.5,33.1,20.52,Mahajanga,-15.717,46.317,13.0
2019-01-09,28.4,25.8,26.9,10.3,16.5,33.8,14.16,Mahajanga,-15.717,46.317,13.0
2019-01-10,28.9,25.0,26.7,8.7,12.6,27.0,13.93,Mahajanga,-15.717,46.317,13.0
2019-01-11,27.9,24.5,25.9,24.5,15.5,32.4,12.37,Mahajanga,-15.717,46.317,13.0
2019-01-12,29.0,24.6,26.3,10.2,12.4,27.0,12.74,Mahajanga,-15.717,46.317,13.0
2019-01-13,30.5,24.0,27.1,2.9,15.2,30.2,22.07,Mahajanga,-15.717,46.317,13.0
2019-01-14,31.0,23.7,27.1,18.7,12.7,41.8,23.93,Mahajanga,-15.717,46.317,13.0
2019-01-15,33.1,25.1,28.5,5.4,11.9,36.4,28.13,Mahajanga,-15.717,46.317,13.0
2019-01-16,32.3,24.4,28.0,1.7,14.6,30.6,27.57,Mahajanga,-15.717,46.317,13.0
2019-01-17,30.1,24.5,27.2,9.4,14.0,32.0,24.06,Mahajanga,-15.717,46.317,13.0
2019-01-18,29.4,24.9,27.0,5.8,16.6,32.8,22.63,Mahajanga,-15.717,46.317,13.0
2019-01-19,29.3,24.6,27.3,2.3,14.9,33.1,24.73,Mahajanga,-15.717,46.317,13.0
2019-01-20,30.4,25.0,27.5,13.2,16.8,34.9,23.37,Mahajanga,-15.717,46.317,13.0
2019-01-21,27.2,25.0,26.1,69.6,34.9,71.3,8.62,Mahajanga,-15.717,46.317,13.0
2019-01-22,27.4,25.2,25.8,70.3,32.7,63.7,5.83,Mahajanga,-15.717,46.317,13.0
2019-01-23,29.4,24.6,27.2,10.2,23.4,42.1,17.88,Mahajanga,-15.717,46.317,13.0
2019-01-24,30.1,26.6,28.2,0.4,21.7,41.4,27.3,Mahajanga,-15.717,46.317,13.0
2019-01-25,29.4,26.0,27.4,4.5,19.0,37.4,21.78,Mahajanga,-15.717,46.317,13.0
2019-01-26,28.5,25.2,26.3,10.9,16.6,31.3,13.5,Mahajanga,-15.717,46.317,13.0
2019-01-27,28.2,24.7,26.5,13.6,20.4,40.3,18.26,Mahajanga,-15.717,46.317,13.0
2019-01-28,27.2,24.4,25.8,21.7,11.2,25.6,9.18,Mahajanga,-15.717,46.317,13.0
2019-01-29,27.8,24.2,25.8,16.4,17.5,30.6,10.13,Mahajanga,-15.717,46.317,13.0
2019-01-30,30.2,24.1,26.6,8.3,15.2,31.0,23.73,Mahajanga,-15.717,46.317,13.0
2019-01-31,30.3,24.1,26.6,18.0,14.1,31.3,23.3,Mahajanga,-15.717,46.317,13.0
2019-02-01,31.3,24.0,27.5,7.7,11.2,23.0,27.24,Mahajanga,-15.717,46.317,13.0
2019-02-02,31.9,25.0,27.7,6.1,15.0,27.4,24.89,Mahajanga,-15.717,46.317,13.0
2019-02-03,30.7,25.2,27.5,1.5,9.2,22.0,25.88,Mahajanga,-15.717,46.317,13.0
2019-02-04,29.6,25.0,27.1,1.9,14.8,31.7,23.27,Mahajanga,-15.717,46.317,13.0
2019-02-05,30.9,25.4,27.9,0.6,12.5,33.1,23.93,Mahajanga,-15.717,46.317,13.0
2019-02-06,30.5,25.6,27.7,4.5,17.7,33.5,23.97,Mahajanga,-15.717,46.317,13.0
2019-02-07,30.7,26.4,28.1,1.0,24.7,45.7,24.62,Mahajanga,-15.717,46.317,13.0
2019-02-08,30.3,25.5,27.7,0.9,20.2,37.8,28.1,Mahajanga,-15.717,46.317,13.0
2019-02-09,28.8,24.9,26.7,14.9,16.7,33.5,23.49,Mahajanga,-15.717,46.317,13.0
2019-02-10,28.1,24.4,26.1,11.1,17.0,34.9,18.45,Mahajanga,-15.717,46.317,13.0
2019-02-11,27.3,24.0,25.9,12.4,14.8,29.9,12.39,Mahajanga,-15.717,46.317,13.0
2019-02-12,29.0,24.8,26.7,4.9,14.5,28.4,21.63,Mahajanga,-15.717,46.317,13.0
2019-02-13,31.0,24.9,27.8,0.9,13.2,28.8,26.93,Mahajanga,-15.717,46.317,13.0
2019-02-14,28.0,23.9,26.4,14.9,14.3,29.9,14.9,Mahajanga,-15.717,46.317,13.0
2019-02-15,29.9,24.8,27.1,11.2,14.6,29.2,20.86,Mahajanga,-15.717,46.317,13.0
2019-02-16,29.2,24.5,26.8,7.8,11.8,29.9,18.23,Mahajanga,-15.717,46.317,13.0
2019-02-17,29.2,23.4,26.2,17.0,11.9,32.4,17.64,Mahajanga,-15.717,46.317,13.0
2019-02-18,28.8,25.3,27.1,1.0,16.2,32.8,21.5,Mahajanga,-15.717,46.317,13.0
2019-02-19,28.8,25.0,26.4,12.8,19.8,42.5,21.53,Mahajanga,-15.717,46.317,13.0
2019-02-20,29.7,24.9,27.2,0.7,13.3,29.5,24.55,Mahajanga,-15.717,46.317,13.0
2019-02-21,30.1,25.0,27.7,1.2,15.8,31.0,25.16,Mahajanga,-15.717,46.317,13.0
2019-02-22,30.7,25.4,28.0,0.2,15.1,31.7,26.47,Mahajanga,-15.717,46.317,13.0
2019-02-23,30.2,24.7,27.5,0.8,15.6,30.6,22.15,Mahajanga,-15.717,46.317,13.0
2019-02-24,29.7,25.6,27.4,3.4,17.1,32.0,19.72,Mahajanga,-15.717,46.317,13.0
2019-02-25,30.2,25.4,27.8,0.9,13.0,27.0,24.66,Mahajanga,-15.717,46.317,13.0
2019-02-26,31.0,26.2,28.2,0.1,16.0,30.2,24.08,Mahajanga,-15.717,46.317,13.0
2019-02-27,31.5,24.9,27.6,14.0,13.4,32.4,23.49,Mahajanga,-15.717,46.317,13.0
2019-02-28,31.4,25.1,27.5,19.6,16.4,42.8,18.1,Mahajanga,-15.717,46.317,13.0
2019-03-01,32.2,25.3,27.7,5.8,19.2,49.0,18.59,Mahajanga,-15.717,46.317,13.0
2019-03-02,32.3,25.4,28.1,0.6,18.8,36.0,25.65,Mahajanga,-15.717,46.317,13.0
2019-03-03,32.4,25.1,27.8,0.8,18.3,40.0,25.2,Mahajanga,-15.717,46.317,13.0
2019-03-04,30.4,24.9,27.3,1.1,10.8,30.6,22.8,Mahajanga,-15.717,46.317,13.0
2019-03-05,29.9,25.4,27.7,1.5,15.5,33.1,23.65,Mahajanga,-15.717,46.317,13.0
2019-03-06,28.8,24.9,26.6,14.0,15.1,30.6,18.82,Mahajanga,-15.717,46.317,13.0
2019-03-07,28.5,24.3,26.3,12.8,13.2,28.1,16.3,Mahajanga,-15.717,46.317,13.0
2019-03-08,29.3,24.7,27.2,1.0,13.0,26.6,19.48,Mahajanga,-15.717,46.317,13.0
2019-03-09,28.7,25.3,26.6,11.0,19.7,37.8,13.32,Mahajanga,-15.717,46.317,13.0
2019-03-10,27.0,24.8,25.7,89.0,36.0,69.5,11.68,Mahajanga,-15.717,46.317,13.0
2019-03-11,26.9,25.1,25.7,52.4,31.9,57.6,7.71,Mahajanga,-15.717,46.317,13.0
2019-03-12,27.6,24.8,26.2,12.8,20.4,42.1,13.8,Mahajanga,-15.717,46.317,13.0
2019-03-13,29.4,24.5,26.8,1.0,14.6,28.4,21.95,Mahajanga,-15.717,46.317,13.0
2019-03-14,29.6,25.3,27.4,2.0,12.8,28.1,22.41,Mahajanga,-15.717,46.317,13.0
2019-03-15,29.9,24.3,26.9,9.4,11.8,23.4,19.75,Mahajanga,-15.717,46.317,13.0
2019-03-16,31.4,24.7,27.1,2.9,16.9,32.4,22.44,Mahajanga,-15.717,46.317,13.0
2019-03-17,30.3,24.7,27.0,1.1,14.6,33.8,23.42,Mahajanga,-15.717,46.317,13.0
2019-03-18,29.8,25.1,27.3,3.0,8.8,23.8,21.39,Mahajanga,-15.717,46.317,13.0
2019-03-19,31.3,25.0,27.7,1.0,11.2,24.5,24.55,Mahajanga,-15.717,46.317,13.0
2019-03-20,30.9,24.8,27.6,5.9,10.9,23.8,23.08,Mahajanga,-15.717,46.317,13.0
2019-03-21,30.9,24.0,27.0,7.4,13.8,26.3,22.54,Mahajanga,-15.717,46.317,13.0
2019-03-22,30.8,25.2,27.7,4.0,10.9,21.6,23.68,Mahajanga,-15.717,46.317,13.0
2019-03-23,31.2,24.3,27.3,3.9,13.9,29.5,19.25,Mahajanga,-15.717,46.317,13.0
2019-03-24,31.1,24.6,27.4,7.4,11.6,22.7,20.52,Mahajanga,-15.717,46.317,13.0
2019-03-25,30.6,25.7,28.0,2.2,12.6,25.9,22.74,Mahajanga,-15.717,46.317,13.0
2019-03-26,30.3,25.2,27.5,1.2,14.8,32.8,21.75,Mahajanga,-15.717,46.317,13.0
2019-03-27,30.7,25.5,28.1,2.3,13.2,28.8,23.23,Mahajanga,-15.717,46.317,13.0
2019-03-28,30.7,23.9,27.8,10.4,16.2,28.4,22.73,Mahajanga,-15.717,46.317,13.0
2019-03-29,30.9,23.7,27.2,6.7,12.7,23.8,23.39,Mahajanga,-15.717,46.317,13.0
2019-03-30,30.3,23.8,27.1,9.0,11.2,24.1,23.17,Mahajanga,-15.717,46.317,13.0
2019-03-31,29.9,25.2,27.8,0.3,13.2,26.3,22.71,Mahajanga,-15.717,46.317,13.0
2019-04-01,30.6,25.6,28.0,5.3,13.2,29.2,21.51,Mahajanga,-15.717,46.317,13.0
2019-04-02,29.5,25.3,27.5,7.3,12.2,26.3,19.41,Mahajanga,-15.717,46.317,13.0
2019-04-03,30.4,24.7,27.4,12.0,10.3,28.1,21.64,Mahajanga,-15.717,46.317,13.0
2019-04-04,31.8,24.5,27.5,4.1,14.5,31.0,22.82,Mahajanga,-15.717,46.317,13.0
2019-04-05,31.7,24.5,27.8,3.1,10.9,25.6,21.93,Mahajanga,-15.717,46.317,13.0
2019-04-06,31.6,25.5,28.4,1.4,9.6,27.0,23.13,Mahajanga,-15.717,46.317,13.0
2019-04-07,32.6,25.6,28.9,0.5,13.0,26.6,23.45,Mahajanga,-15.717,46.317,13.0
2019-04-08,32.4,26.2,28.6,2.0,15.8,40.3,23.02,Mahajanga,-15.717,46.317,13.0
2019-04-09,31.3,25.9,28.3,0.3,11.6,22.0,22.71,Mahajanga,-15.717,46.317,13.0
2019-04-10,31.8,25.2,28.2,3.0,13.0,25.2,23.23,Mahajanga,-15.717,46.317,13.0
2019-04-11,31.8,25.2,28.1,3.6,14.0,28.1,23.74,Mahajanga,-15.717,46.317,13.0
2019-04-12,31.7,25.7,28.1,1.9,15.1,30.2,21.92,Mahajanga,-15.717,46.317,13.0
2019-04-13,30.7,25.6,27.7,3.1,12.7,26.6,19.0,Mahajanga,-15.717,46.317,13.0
2019-04-14,30.9,24.8,27.7,5.0,13.7,24.5,20.45,Mahajanga,-15.717,46.317,13.0
2019-04-15,32.3,25.1,28.0,0.5,11.8,24.5,21.59,Mahajanga,-15.717,46.317,13.0
2019-04-16,31.2,24.4,27.5,2.3,14.5,28.1,20.98,Mahajanga,-15.717,46.317,13.0
2019-04-17,31.8,24.9,27.9,2.7,9.4,23.4,19.71,Mahajanga,-15.717,46.317,13.0
2019-04-18,32.0,25.0,28.0,12.0,10.1,25.2,21.68,Mahajanga,-15.717,46.317,13.0
2019-04-19,31.9,25.2,28.2,0.2,14.5,27.0,22.37,Mahajanga,-15.717,46.317,13.0
2019-04-20,32.0,25.8,28.8,4.0,12.7,35.6,21.88,Mahajanga,-15.717,46.317,13.0
2019-04-21,31.3,24.7,28.1,2.0,14.2,27.0,22.15,Mahajanga,-15.717,46.317,13.0
2019-04-22,32.2,24.7,28.2,0.1,11.2,22.7,22.32,Mahajanga,-15.717,46.317,13.0
2019-04-23,32.6,25.2,28.8,0.0,16.3,30.6,21.39,Mahajanga,-15.717,46.317,13.0
2019-04-24,32.9,26.5,29.1,0.0,17.7,47.5,19.15,Mahajanga,-15.717,46.317,13.0
2019-04-25,31.8,25.0,28.1,0.0,16.2,31.3,20.02,Mahajanga,-15.717,46.317,13.0
2019-04-26,32.0,25.2,28.3,2.8,10.8,19.4,19.8,Mahajanga,-15.717,46.317,13.0
2019-04-27,31.7,25.3,28.2,0.5,13.8,26.3,20.95,Mahajanga,-15.717,46.317,13.0
2019-04-28,31.4,25.5,28.3,5.8,14.1,22.0,17.62,Mahajanga,-15.717,46.317,13.0
2019-04-29,30.7,24.8,27.2,0.9,17.3,33.5,16.7,Mahajanga,-15.717,46.317,13.0
2019-04-30,29.4,25.0,26.8,0.0,27.5,48.2,15.13,Mahajanga,-15.717,46.317,13.0
2019-05-01,30.9,23.9,26.8,0.0,19.9,37.1,20.85,Mahajanga,-15.717,46.317,13.0
2019-05-02,30.6,22.5,26.4,0.0,21.0,39.6,20.97,Mahajanga,-15.717,46.317,13.0
2019-05-03,31.7,23.1,27.1,0.0,18.1,34.2,20.34,Mahajanga,-15.717,46.317,13.0
2019-05-04,31.5,23.3,27.2,0.0,17.3,32.0,20.47,Mahajanga,-15.717,46.317,13.0
2019-05-05,32.2,23.8,27.8,0.0,16.5,32.0,20.69,Mahajanga,-15.717,46.317,13.0
2019-05-06,31.0,23.9,27.1,0.0,20.8,37.4,20.89,Mahajanga,-15.717,46.317,13.0
2019-05-07,31.7,23.0,27.0,0.0,13.6,26.6,19.88,Mahajanga,-15.717,46.317,13.0
2019-05-08,31.8,23.6,27.4,0.0,17.2,33.5,20.46,Mahajanga,-15.717,46.317,13.0
2019-05-09,32.5,24.2,28.0,0.1,17.0,42.8,19.78,Mahajanga,-15.717,46.317,13.0
2019-05-10,32.1,24.3,28.1,0.0,14.8,28.4,19.68,Mahajanga,-15.717,46.317,13.0
2019-05-11,31.6,24.4,28.0,0.0,14.9,30.2,19.73,Mahajanga,-15.717,46.317,13.0
2019-05-12,30.7,24.0,27.1,0.0,14.6,28.1,19.91,Mahajanga,-15.717,46.317,13.0
2019-05-13,29.7,23.2,26.4,0.0,13.0,25.6,20.34,Mahajanga,-15.717,46.317,13.0
2019-05-14,29.8,21.3,25.8,0.0,19.2,37.4,20.01,Mahajanga,-15.717,46.317,13.0
2019-05-15,30.3,21.9,26.1,0.0,16.8,31.7,18.91,Mahajanga,-15.717,46.317,13.0
2019-05-16,31.0,24.1,26.7,1.4,12.3,25.6,17.43,Mahajanga,-15.717,46.317,13.0
2019-05-17,31.4,23.0,26.9,0.8,14.0,25.6,18.44,Mahajanga,-15.717,46.317,13.0
2019-05-18,30.5,22.5,26.6,0.0,14.8,28.1,19.76,Mahajanga,-15.717,46.317,13.0
2019-05-19,31.1,22.4,26.8,0.0,12.1,24.1,19.2,Mahajanga,-15.717,46.317,13.0
2019-05-20,31.0,22.6,26.6,0.0,13.2,24.8,18.68,Mahajanga,-15.717,46.317,13.0
2019-05-21,30.0,23.7,26.6,1.4,14.0,28.1,16.8,Mahajanga,-15.717,46.317,13.0
2019-05-22,31.7,23.7,27.1,0.8,10.4,23.0,17.82,Mahajanga,-15.717,46.317,13.0
2019-05-23,31.9,24.1,27.2,0.0,14.2,28.8,19.1,Mahajanga,-15.717,46.317,13.0
2019-05-24,33.1,22.7,27.9,0.1,12.9,26.3,19.34,Mahajanga,-15.717,46.317,13.0
2019-05-25,31.5,23.7,27.5,0.0,14.4,29.9,18.9,Mahajanga,-15.717,46.317,13.0
2019-05-26,31.2,22.9,26.7,0.0,18.4,35.3,19.02,Mahajanga,-15.717,46.317,13.0
2019-05-27,30.8,22.3,26.6,0.0,16.7,33.1,18.55,Mahajanga,-15.717,46.317,13.0
2019-05-28,30.9,22.2,26.5,0.0,16.9,32.8,19.03,Mahajanga,-15.717,46.317,13.0
2019-05-29,30.5,21.7,25.8,0.0,16.1,28.4,18.03,Mahajanga,-15.717,46.317,13.0
2019-05-30,30.3,21.9,25.9,0.0,17.3,29.9,18.75,Mahajanga,-15.717,46.317,13.0
2019-05-31,28.8,22.2,25.4,0.0,17.1,32.0,17.84,Mahajanga,-15.717,46.317,13.0
2019-06-01,29.7,22.7,25.8,0.0,15.3,26.3,19.18,Mahajanga,-15.717,46.317,13.0
2019-06-02,30.9,21.7,26.0,0.0,18.8,35.3,15.52,Mahajanga,-15.717,46.317,13.0
2019-06-03,31.1,22.8,26.2,4.4,13.8,28.1,17.84,Mahajanga,-15.717,46.317,13.0
2019-06-04,30.9,22.7,26.6,0.4,15.7,35.6,16.83,Mahajanga,-15.717,46.317,13.0
2019-06-05,30.5,22.4,26.3,0.0,21.0,36.4,18.51,Mahajanga,-15.717,46.317,13.0
2019-06-06,31.0,21.2,26.1,0.0,19.3,37.8,18.07,Mahajanga,-15.717,46.317,13.0
2019-06-07,31.9,22.4,26.8,0.0,19.0,33.1,18.54,Mahajanga,-15.717,46.317,13.0
2019-06-08,31.3,22.4,26.4,0.0,16.6,31.3,18.04,Mahajanga,-15.717,46.317,13.0
2019-06-09,31.8,22.2,26.4,0.0,15.8,32.0,18.36,Mahajanga,-15.717,46.317,13.0
2019-06-10,31.7,23.1,26.7,0.0,28.3,51.5,18.54,Mahajanga,-15.717,46.317,13.0
2019-06-11,31.9,23.1,27.2,0.0,24.5,43.2,18.21,Mahajanga,-15.717,46.317,13.0
2019-06-12,31.0,22.7,26.3,0.0,27.8,50.8,18.44,Mahajanga,-15.717,46.317,13.0
2019-06-13,30.7,21.4,25.4,0.0,21.7,40.0,18.35,Mahajanga,-15.717,46.317,13.0
2019-06-14,29.4,20.2,24.7,0.0,15.6,30.2,18.11,Mahajanga,-15.717,46.317,13.0
2019-06-15,30.3,21.9,26.4,0.0,16.7,31.7,16.55,Mahajanga,-15.717,46.317,13.0
2019-06-16,30.6,22.5,26.3,0.0,21.7,40.7,15.3,Mahajanga,-15.717,46.317,13.0
2019-06-17,30.2,21.7,26.2,0.0,22.3,37.8,14.73,Mahajanga,-15.717,46.317,13.0
2019-06-18,30.9,22.5,26.5,0.0,16.8,32.4,17.97,Mahajanga,-15.717,46.317,13.0
2019-06-19,29.5,21.4,25.2,0.1,14.9,28.8,17.99,Mahajanga,-15.717,46.317,13.0
2019-06-20,30.3,21.3,25.3,0.4,20.5,35.6,17.07,Mahajanga,-15.717,46.317,13.0
2019-06-21,29.3,21.6,24.8,1.5,21.3,43.9,12.63,Mahajanga,-15.717,46.317,13.0
2019-06-22,29.4,21.4,24.3,2.8,20.1,47.5,15.62,Mahajanga,-15.717,46.317,13.0
2019-06-23,29.6,21.4,24.9,0.0,14.8,28.1,16.2,Mahajanga,-15.717,46.317,13.0
2019-06-24,28.8,20.8,24.6,0.0,11.9,23.8,17.38,Mahajanga,-15.717,46.317,13.0
2019-06-25,28.8,20.2,24.8,0.0,11.5,21.2,17.76,Mahajanga,-15.717,46.317,13.0
2019-06-26,29.7,21.4,25.5,0.0,11.5,24.1,16.64,Mahajanga,-15.717,46.317,13.0
2019-06-27,29.9,21.2,25.8,0.0,14.8,31.0,17.73,Mahajanga,-15.717,46.317,13.0
2019-06-28,31.1,22.5,26.7,0.0,14.3,28.4,13.81,Mahajanga,-15.717,46.317,13.0
2019-06-29,32.7,23.0,27.7,0.0,25.3,45.7,16.21,Mahajanga,-15.717,46.317,13.0
2019-06-30,32.6,23.0,27.3,0.0,17.2,33.8,18.19,Mahajanga,-15.717,46.317,13.0
2019-07-01,30.8,20.7,25.6,0.0,18.6,36.4,18.56,Mahajanga,-15.717,46.317,13.0
2019-07-02,30.4,20.4,25.1,0.0,18.7,34.6,18.71,Mahajanga,-15.717,46.317,13.0
2019-07-03,31.2,20.8,25.0,0.0,12.4,27.4,18.67,Mahajanga,-15.717,46.317,13.0
2019-07-04,30.5,20.7,25.2,0.0,15.9,30.6,18.96,Mahajanga,-15.717,46.317,13.0
2019-07-05,30.3,20.8,25.4,0.0,16.6,32.4,17.11,Mahajanga,-15.717,46.317,13.0
2019-07-06,29.7,22.0,25.6,0.0,16.2,29.9,17.95,Mahajanga,-15.717,46.317,13.0
2019-07-07,30.6,22.3,26.1,0.0,18.4,32.8,18.16,Mahajanga,-15.717,46.317,13.0
2019-07-08,31.5,21.3,26.2,0.0,15.5,27.4,18.09,Mahajanga,-15.717,46.317,13.0
2019-07-09,32.2,22.0,26.5,0.0,16.5,31.3,18.07,Mahajanga,-15.717,46.317,13.0
2019-07-10,31.0,22.5,26.1,0.0,16.3,33.5,18.36,Mahajanga,-15.717,46.317,13.0
2019-07-11,31.6,22.2,26.1,0.0,16.6,32.4,17.81,Mahajanga,-15.717,46.317,13.0
2019-07-12,31.8,22.9,26.7,0.0,21.1,36.0,18.61,Mahajanga,-15.717,46.317,13.0
2019-07-13,30.4,21.8,25.6,0.0,17.4,33.5,19.01,Mahajanga,-15.717,46.317,13.0
2019-07-14,29.5,20.3,24.5,0.0,24.5,43.2,19.59,Mahajanga,-15.717,46.317,13.0
2019-07-15,29.8,19.5,24.4,0.0,24.0,44.6,19.5,Mahajanga,-15.717,46.317,13.0
2019-07-16,29.0,19.7,24.6,0.0,24.0,45.0,14.95,Mahajanga,-15.717,46.317,13.0
2019-07-17,30.2,20.4,24.9,0.0,23.0,42.8,19.23,Mahajanga,-15.717,46.317,13.0
2019-07-18,30.4,19.6,24.7,0.0,22.7,43.2,19.54,Mahajanga,-15.717,46.317,13.0
2019-07-19,30.3,20.0,24.8,0.0,18.7,35.6,19.45,Mahajanga,-15.717,46.317,13.0
2019-07-20,30.3,18.8,24.3,0.0,13.2,28.4,19.42,Mahajanga,-15.717,46.317,13.0
2019-07-21,30.8,19.6,24.6,0.0,24.2,42.5,19.61,Mahajanga,-15.717,46.317,13.0
2019-07-22,30.1,21.0,24.7,0.0,22.8,41.8,20.02,Mahajanga,-15.717,46.317,13.0
2019-07-23,29.2,19.3,23.8,0.0,26.1,47.9,20.35,Mahajanga,-15.717,46.317,13.0
2019-07-24,30.0,18.9,24.5,0.0,16.7,36.4,19.21,Mahajanga,-15.717,46.317,13.0
2019-07-25,30.8,20.6,25.0,0.0,21.4,40.7,20.17,Mahajanga,-15.717,46.317,13.0
2019-07-26,31.0,20.9,25.1,0.0,22.4,42.5,19.95,Mahajanga,-15.717,46.317,13.0
2019-07-27,30.5,20.3,25.1,0.0,20.2,39.2,20.19,Mahajanga,-15.717,46.317,13.0
2019-07-28,30.4,20.7,24.6,1.2,15.5,32.8,18.37,Mahajanga,-15.717,46.317,13.0
2019-07-29,31.4,22.4,25.7,0.4,14.2,30.6,17.52,Mahajanga,-15.717,46.317,13.0
2019-07-30,32.6,22.7,26.7,0.0,16.6,33.8,16.91,Mahajanga,-15.717,46.317,13.0
2019-07-31,33.3,23.6,26.9,0.2,22.4,41.4,16.73,Mahajanga,-15.717,46.317,13.0
2019-08-01,33.1,22.9,27.1,0.0,16.3,33.8,19.8,Mahajanga,-15.717,46.317,13.0
2019-08-02,32.6,23.0,27.2,0.0,16.1,32.0,19.05,Mahajanga,-15.717,46.317,13.0
2019-08-03,32.1,21.1,26.6,0.0,19.3,38.5,20.36,Mahajanga,-15.717,46.317,13.0
2019-08-04,30.8,21.4,26.0,0.0,16.3,33.5,20.9,Mahajanga,-15.717,46.317,13.0
2019-08-05,31.5,20.0,25.0,0.0,14.5,28.4,21.11,Mahajanga,-15.717,46.317,13.0
2019-08-06,31.8,20.0,25.6,0.0,18.4,35.3,21.25,Mahajanga,-15.717,46.317,13.0
2019-08-07,31.5,19.3,24.5,0.0,20.4,37.4,20.62,Mahajanga,-15.717,46.317,13.0
2019-08-08,32.3,20.6,25.5,0.0,20.2,39.6,21.24,Mahajanga,-15.717,46.317,13.0
2019-08-09,32.3,20.7,26.0,0.0,21.2,40.7,21.44,Mahajanga,-15.717,46.317,13.0
2019-08-10,30.6,19.8,25.3,0.0,22.1,42.8,21.51,Mahajanga,-15.717,46.317,13.0
2019-08-11,31.1,20.8,25.5,0.0,24.6,46.8,21.5,Mahajanga,-15.717,46.317,13.0
2019-08-12,31.5,20.5,26.1,0.0,20.3,37.1,20.78,Mahajanga,-15.717,46.317,13.0
2019-08-13,31.6,20.9,26.4,0.0,19.9,36.4,20.09,Mahajanga,-15.717,46.317,13.0
2019-08-14,32.3,21.3,26.7,0.0,17.1,35.6,21.55,Mahajanga,-15.717,46.317,13.0
2019-08-15,31.6,20.9,26.1,0.0,16.0,32.0,21.01,Mahajanga,-15.717,46.317,13.0
2019-08-16,31.9,20.6,26.4,0.0,20.9,37.8,22.19,Mahajanga,-15.717,46.317,13.0
2019-08-17,30.2,18.5,24.5,0.0,18.4,32.8,22.45,Mahajanga,-15.717,46.317,13.0
2019-08-18,32.2,18.9,24.6,0.0,17.7,34.9,22.55,Mahajanga,-15.717,46.317,13.0
2019-08-19,31.5,19.4,24.8,0.0,21.4,40.3,22.23,Mahajanga,-15.717,46.317,13.0
2019-08-20,32.4,21.6,26.3,0.0,18.1,32.8,18.61,Mahajanga,-15.717,46.317,13.0
2019-08-21,33.1,23.1,26.9,0.0,21.2,37.4,20.1,Mahajanga,-15.717,46.317,13.0
2019-08-22,32.9,23.9,27.5,1.2,28.8,48.6,17.97,Mahajanga,-15.717,46.317,13.0
2019-08-23,32.3,23.4,26.9,0.0,16.6,31.3,21.44,Mahajanga,-15.717,46.317,13.0
2019-08-24,32.6,22.3,26.7,0.0,16.7,33.1,22.14,Mahajanga,-15.717,46.317,13.0
2019-08-25,33.1,21.4,26.3,0.0,17.3,35.6,22.77,Mahajanga,-15.717,46.317,13.0
2019-08-26,32.9,20.7,26.7,0.0,22.4,43.6,19.21,Mahajanga,-15.717,46.317,13.0
2019-08-27,32.6,22.5,26.5,0.0,21.4,42.5,22.23,Mahajanga,-15.717,46.317,13.0
2019-08-28,31.7,20.7,25.4,0.0,18.1,35.6,23.37,Mahajanga,-15.717,46.317,13.0
2019-08-29,31.6,21.0,25.4,0.0,20.4,38.5,23.21,Mahajanga,-15.717,46.317,13.0
2019-08-30,31.8,20.8,25.5,0.0,20.0,38.2,23.4,Mahajanga,-15.717,46.317,13.0
2019-08-31,31.8,21.3,25.4,0.0,20.7,43.9,23.53,Mahajanga,-15.717,46.317,13.0
2019-09-01,32.5,21.6,25.7,0.0,19.0,36.0,23.66,Mahajanga,-15.717,46.317,13.0
2019-09-02,32.3,22.4,26.2,0.0,20.6,38.2,23.44,Mahajanga,-15.717,46.317,13.0
2019-09-03,33.0,21.4,26.7,0.0,16.8,29.2,22.46,Mahajanga,-15.717,46.317,13.0
2019-09-04,32.2,21.7,26.7,0.0,17.6,33.5,23.46,Mahajanga,-15.717,46.317,13.0
2019-09-05,32.1,21.6,26.2,0.0,17.3,31.7,23.89,Mahajanga,-15.717,46.317,13.0
2019-09-06,32.4,21.1,26.0,0.0,23.3,43.6,24.1,Mahajanga,-15.717,46.317,13.0
2019-09-07,33.8,21.6,26.5,0.0,19.2,37.8,24.15,Mahajanga,-15.717,46.317,13.0
2019-09-08,33.8,23.3,27.6,0.0,24.0,45.7,19.49,Mahajanga,-15.717,46.317,13.0
2019-09-09,34.1,23.6,27.5,0.0,24.1,47.2,19.57,Mahajanga,-15.717,46.317,13.0
2019-09-10,32.7,22.0,26.5,0.0,17.3,33.1,24.19,Mahajanga,-15.717,46.317,13.0
2019-09-11,32.5,22.0,26.2,0.0,19.6,37.1,24.37,Mahajanga,-15.717,46.317,13.0
2019-09-12,32.4,22.2,26.3,0.0,21.1,39.6,24.44,Mahajanga,-15.717,46.317,13.0
2019-09-13,32.5,21.9,26.0,0.0,21.6,44.6,24.57,Mahajanga,-15.717,46.317,13.0
2019-09-14,32.4,22.8,26.2,0.0,25.5,47.9,24.39,Mahajanga,-15.717,46.317,13.0
2019-09-15,31.6,22.2,26.3,0.0,21.3,45.7,24.3,Mahajanga,-15.717,46.317,13.0
2019-09-16,33.2,23.3,26.8,0.0,20.0,41.4,24.8,Mahajanga,-15.717,46.317,13.0
2019-09-17,32.7,22.4,26.3,0.0,20.2,39.6,25.2,Mahajanga,-15.717,46.317,13.0
2019-09-18,33.1,22.0,26.7,0.0,18.6,37.1,25.05,Mahajanga,-15.717,46.317,13.0
2019-09-19,31.9,23.0,26.8,0.1,21.2,40.0,23.74,Mahajanga,-15.717,46.317,13.0
2019-09-20,32.9,23.1,26.9,0.8,19.5,36.7,25.07,Mahajanga,-15.717,46.317,13.0
2019-09-21,33.5,21.8,26.6,0.0,18.3,37.1,23.11,Mahajanga,-15.717,46.317,13.0
2019-09-22,34.1,21.2,27.1,0.0,23.8,41.4,25.07,Mahajanga,-15.717,46.317,13.0
2019-09-23,34.2,22.9,27.7,0.0,22.7,44.3,25.32,Mahajanga,-15.717,46.317,13.0
2019-09-24,34.1,22.4,27.5,0.0,24.9,45.4,25.34,Mahajanga,-15.717,46.317,13.0
2019-09-25,32.3,24.2,27.2,0.0,20.6,41.0,24.61,Mahajanga,-15.717,46.317,13.0
2019-09-26,30.4,22.9,26.5,0.8,18.8,40.3,23.39,Mahajanga,-15.717,46.317,13.0
2019-09-27,33.1,23.3,27.0,0.1,23.1,46.1,25.09,Mahajanga,-15.717,46.317,13.0
2019-09-28,32.9,24.4,27.7,1.6,20.9,42.8,18.68,Mahajanga,-15.717,46.317,13.0
2019-09-29,32.3,24.0,27.5,1.2,20.3,39.6,24.8,Mahajanga,-15.717,46.317,13.0
2019-09-30,31.0,24.9,27.5,2.4,20.7,40.3,23.6,Mahajanga,-15.717,46.317,13.0
2019-10-01,31.6,24.3,27.8,1.9,18.5,35.6,22.38,Mahajanga,-15.717,46.317,13.0
2019-10-02,34.7,23.5,28.0,0.0,23.4,44.6,25.52,Mahajanga,-15.717,46.317,13.0
2019-10-03,34.9,23.7,28.6,0.0,25.8,45.0,25.87,Mahajanga,-15.717,46.317,13.0
2019-10-04,35.7,25.3,29.3,0.0,21.1,39.2,25.83,Mahajanga,-15.717,46.317,13.0
2019-10-05,34.7,24.4,28.7,2.6,17.1,33.5,25.36,Mahajanga,-15.717,46.317,13.0
2019-10-06,35.4,24.5,28.6,0.0,17.3,49.0,24.59,Mahajanga,-15.717,46.317,13.0
2019-10-07,35.8,24.5,29.2,0.0,22.0,43.6,24.49,Mahajanga,-15.717,46.317,13.0
2019-10-08,36.2,24.3,29.2,0.0,26.3,45.0,25.88,Mahajanga,-15.717,46.317,13.0
2019-10-09,35.5,24.2,28.7,0.0,20.2,41.0,26.6,Mahajanga,-15.717,46.317,13.0
2019-10-10,35.1,24.8,28.6,0.0,23.5,46.4,26.46,Mahajanga,-15.717,46.317,13.0
2019-10-11,35.5,24.4,29.0,0.0,23.6,47.2,26.65,Mahajanga,-15.717,46.317,13.0
2019-10-12,34.1,24.8,28.3,0.3,26.0,49.7,26.5,Mahajanga,-15.717,46.317,13.0
2019-10-13,33.7,24.6,27.9,0.0,24.6,48.2,26.4,Mahajanga,-15.717,46.317,13.0
2019-10-14,33.7,24.3,28.2,0.0,23.2,43.6,26.09,Mahajanga,-15.717,46.317,13.0
2019-10-15,31.2,24.9,27.7,0.5,22.2,45.0,23.09,Mahajanga,-15.717,46.317,13.0
2019-10-16,33.2,24.0,27.8,1.9,18.8,36.4,24.33,Mahajanga,-15.717,46.317,13.0
2019-10-17,34.6,24.9,28.9,0.0,18.8,36.4,25.89,Mahajanga,-15.717,46.317,13.0
2019-10-18,35.1,24.7,29.4,0.0,21.3,43.2,25.85,Mahajanga,-15.717,46.317,13.0
2019-10-19,34.4,22.9,27.9,0.0,19.0,35.3,27.56,Mahajanga,-15.717,46.317,13.0
2019-10-20,33.3,22.7,27.0,0.0,26.7,51.1,27.23,Mahajanga,-15.717,46.317,13.0
2019-10-21,33.8,23.8,27.7,0.0,24.2,50.4,27.33,Mahajanga,-15.717,46.317,13.0
2019-10-22,32.0,23.6,27.9,0.0,22.2,43.2,26.78,Mahajanga,-15.717,46.317,13.0
2019-10-23,32.5,25.0,28.4,0.4,22.9,43.9,25.66,Mahajanga,-15.717,46.317,13.0
2019-10-24,36.5,25.8,29.6,0.9,20.1,37.4,25.42,Mahajanga,-15.717,46.317,13.0
2019-10-25,36.5,25.7,29.1,0.0,26.3,52.6,27.91,Mahajanga,-15.717,46.317,13.0
2019-10-26,33.6,23.8,28.4,0.0,24.9,47.5,27.5,Mahajanga,-15.717,46.317,13.0
2019-10-27,31.8,25.2,28.4,0.0,24.5,46.4,25.67,Mahajanga,-15.717,46.317,13.0
2019-10-28,31.1,26.7,28.5,0.0,23.5,44.6,23.23,Mahajanga,-15.717,46.317,13.0
2019-10-29,30.9,26.7,28.5,0.4,20.6,41.0,22.17,Mahajanga,-15.717,46.317,13.0
2019-10-30,31.6,25.8,28.5,0.9,25.8,47.2,22.71,Mahajanga,-15.717,46.317,13.0
2019-10-31,35.9,24.9,29.3,0.1,23.4,48.2,27.86,Mahajanga,-15.717,46.317,13.0
2019-11-01,36.4,25.1,29.6,0.6,24.3,43.9,28.01,Mahajanga,-15.717,46.317,13.0
2019-11-02,34.9,25.3,29.0,12.3,22.7,44.3,27.3,Mahajanga,-15.717,46.317,13.0
2019-11-03,34.3,24.6,28.4,0.4,22.2,42.8,27.31,Mahajanga,-15.717,46.317,13.0
2019-11-04,34.7,24.9,29.5,0.0,16.6,32.4,26.29,Mahajanga,-15.717,46.317,13.0
2019-11-05,34.8,26.0,29.4,0.6,19.5,40.7,27.32,Mahajanga,-15.717,46.317,13.0
2019-11-06,35.7,25.7,29.2,0.0,24.1,48.2,26.6,Mahajanga,-15.717,46.317,13.0
2019-11-07,36.5,25.5,29.8,0.0,24.3,48.6,27.42,Mahajanga,-15.717,46.317,13.0
2019-11-08,36.6,25.1,30.2,0.0,16.3,43.9,27.44,Mahajanga,-15.717,46.317,13.0
2019-11-09,34.6,26.2,29.5,0.8,23.1,47.2,25.93,Mahajanga,-15.717,46.317,13.0
2019-11-10,29.7,24.6,27.3,10.0,17.5,36.7,19.61,Mahajanga,-15.717,46.317,13.0
2019-11-11,32.0,24.8,28.0,5.3,21.1,41.0,26.97,Mahajanga,-15.717,46.317,13.0
2019-11-12,30.9,25.6,28.0,2.6,19.3,38.2,24.2,Mahajanga,-15.717,46.317,13.0
2019-11-13,31.3,26.0,28.8,0.5,18.1,35.6,23.63,Mahajanga,-15.717,46.317,13.0
2019-11-14,31.1,26.1,28.5,1.0,21.6,44.6,23.97,Mahajanga,-15.717,46.317,13.0
2019-11-15,30.3,25.6,27.7,3.8,17.1,35.3,21.71,Mahajanga,-15.717,46.317,13.0
2019-11-16,30.9,25.3,28.1,1.5,24.5,47.5,23.37,Mahajanga,-15.717,46.317,13.0
2019-11-17,30.7,26.0,28.2,2.1,22.2,43.6,22.0,Mahajanga,-15.717,46.317,13.0
2019-11-18,30.6,25.8,28.2,3.1,18.0,37.8,24.84,Mahajanga,-15.717,46.317,13.0
2019-11-19,32.5,26.3,29.0,2.5,19.5,39.2,22.64,Mahajanga,-15.717,46.317,13.0
2019-11-20,33.5,25.9,28.8,1.5,20.6,40.7,25.19,Mahajanga,-15.717,46.317,13.0
2019-11-21,31.4,24.9,28.1,0.8,17.8,35.3,19.31,Mahajanga,-15.717,46.317,13.0
2019-11-22,29.4,24.4,27.1,23.7,12.3,26.3,13.77,Mahajanga,-15.717,46.317,13.0
2019-11-23,30.4,25.2,28.0,3.4,17.5,33.5,21.59,Mahajanga,-15.717,46.317,13.0
2019-11-24,30.3,24.5,26.9,12.7,15.4,33.1,20.24,Mahajanga,-15.717,46.317,13.0
2019-11-25,30.3,24.6,27.0,25.9,17.5,33.1,19.69,Mahajanga,-15.717,46.317,13.0
2019-11-26,26.6,23.9,25.2,33.6,11.5,24.8,5.28,Mahajanga,-15.717,46.317,13.0
2019-11-27,30.8,23.5,27.1,12.1,12.7,33.5,23.32,Mahajanga,-15.717,46.317,13.0
2019-11-28,31.9,24.5,27.9,8.9,14.7,27.7,25.33,Mahajanga,-15.717,46.317,13.0
2019-11-29,32.7,25.6,28.5,1.6,16.1,31.7,26.02,Mahajanga,-15.717,46.317,13.0
2019-11-30,33.4,25.1,28.9,2.0,14.5,44.6,25.02,Mahajanga,-15.717,46.317,13.0
2019-12-01,33.7,24.8,29.0,0.1,15.1,31.3,26.86,Mahajanga,-15.717,46.317,13.0
2019-12-02,33.3,25.4,28.9,0.0,15.8,30.2,28.13,Mahajanga,-15.717,46.317,13.0
2019-12-03,33.9,25.3,29.2,0.8,17.2,32.8,27.36,Mahajanga,-15.717,46.317,13.0
2019-12-04,34.2,25.9,29.6,0.0,16.8,32.4,27.8,Mahajanga,-15.717,46.317,13.0
2019-12-05,32.8,26.3,28.9,0.9,20.0,39.2,26.78,Mahajanga,-15.717,46.317,13.0
2019-12-06,33.5,25.4,28.7,1.9,19.1,42.8,28.14,Mahajanga,-15.717,46.317,13.0
2019-12-07,31.5,24.9,28.0,5.4,20.1,38.5,26.55,Mahajanga,-15.717,46.317,13.0
2019-12-08,31.5,25.7,28.0,12.2,18.2,34.2,22.56,Mahajanga,-15.717,46.317,13.0
2019-12-09,27.6,25.6,26.4,36.8,32.8,68.0,5.36,Mahajanga,-15.717,46.317,13.0
2019-12-10,29.6,25.8,27.4,4.0,17.4,34.2,19.99,Mahajanga,-15.717,46.317,13.0
2019-12-11,30.3,25.7,27.9,2.2,17.9,36.0,21.85,Mahajanga,-15.717,46.317,13.0
2019-12-12,30.1,24.8,27.5,15.8,13.7,28.8,21.13,Mahajanga,-15.717,46.317,13.0
2019-12-13,29.7,25.4,27.6,10.3,19.7,39.6,22.69,Mahajanga,-15.717,46.317,13.0
2019-12-14,29.8,24.9,27.5,11.4,14.5,29.2,19.84,Mahajanga,-15.717,46.317,13.0
2019-12-15,29.9,24.8,27.2,5.8,14.5,32.4,23.34,Mahajanga,-15.717,46.317,13.0
2019-12-16,29.8,24.8,27.3,7.5,15.0,34.9,23.26,Mahajanga,-15.717,46.317,13.0
2019-12-17,30.7,25.3,28.0,3.2,15.8,30.2,22.32,Mahajanga,-15.717,46.317,13.0
2019-12-18,29.7,25.1,27.2,10.6,14.5,38.5,21.92,Mahajanga,-15.717,46.317,13.0
2019-12-19,31.4,24.6,27.9,2.2,14.6,30.6,25.91,Mahajanga,-15.717,46.317,13.0
2019-12-20,32.2,24.3,27.7,15.1,17.0,31.7,27.4,Mahajanga,-15.717,46.317,13.0
2019-12-21,32.5,25.2,28.5,4.0,13.3,32.0,26.07,Mahajanga,-15.717,46.317,13.0
2019-12-22,32.4,25.8,28.5,4.2,11.3,28.1,25.51,Mahajanga,-15.717,46.317,13.0
2019-12-23,32.6,25.4,28.6,5.0,14.2,25.9,27.99,Mahajanga,-15.717,46.317,13.0
2019-12-24,33.3,26.2,29.2,0.9,19.6,33.5,24.46,Mahajanga,-15.717,46.317,13.0
2019-12-25,27.3,24.7,25.9,18.3,19.3,33.8,5.8,Mahajanga,-15.717,46.317,13.0
2019-12-26,33.1,25.2,28.1,3.7,17.5,38.5,23.81,Mahajanga,-15.717,46.317,13.0
2019-12-27,32.3,25.7,28.3,9.2,15.7,38.9,24.51,Mahajanga,-15.717,46.317,13.0
2019-12-28,32.2,25.2,27.5,21.1,19.6,38.2,23.77,Mahajanga,-15.717,46.317,13.0
2019-12-29,29.1,24.3,26.5,21.2,16.1,37.8,14.97,Mahajanga,-15.717,46.317,13.0
2019-12-30,28.7,25.2,26.7,8.3,15.3,31.7,19.34,Mahajanga,-15.717,46.317,13.0
2019-12-31,28.4,25.4,26.5,44.7,18.4,37.8,17.11,Mahajanga,-15.717,46.317,13.0
2020-01-01,27.4,25.2,26.0,22.4,20.0,50.4,8.77,Mahajanga,-15.717,46.317,13.0
2020-01-02,26.6,25.0,25.6,101.0,20.6,46.1,2.22,Mahajanga,-15.717,46.317,13.0
2020-01-03,27.1,25.0,25.9,36.0,16.8,45.4,7.16,Mahajanga,-15.717,46.317,13.0
2020-01-04,27.4,24.8,26.0,7.5,17.3,39.2,13.73,Mahajanga,-15.717,46.317,13.0
2020-01-05,28.4,24.0,26.5,8.7,13.2,28.8,19.63,Mahajanga,-15.717,46.317,13.0
2020-01-06,29.6,24.4,27.1,4.7,13.2,31.3,25.32,Mahajanga,-15.717,46.317,13.0
2020-01-07,29.6,24.6,27.0,4.9,16.9,32.8,22.65,Mahajanga,-15.717,46.317,13.0
2020-01-08,29.8,24.4,27.1,4.2,13.9,32.4,24.66,Mahajanga,-15.717,46.317,13.0
2020-01-09,30.8,24.2,27.4,11.1,10.5,29.2,23.64,Mahajanga,-15.717,46.317,13.0
2020-01-10,31.8,25.4,27.9,2.7,14.3,29.5,28.01,Mahajanga,-15.717,46.317,13.0
2020-01-11,31.4,25.1,27.9,3.4,11.9,27.0,26.15,Mahajanga,-15.717,46.317,13.0
2020-01-12,31.3,24.6,27.5,3.5,16.1,30.6,28.55,Mahajanga,-15.717,46.317,13.0
2020-01-13,30.3,25.0,27.2,9.4,15.3,36.0,26.13,Mahajanga,-15.717,46.317,13.0
2020-01-14,30.2,24.9,27.2,11.7,13.9,29.9,24.95,Mahajanga,-15.717,46.317,13.0
2020-01-15,32.2,25.1,28.0,23.9,12.3,29.2,26.87,Mahajanga,-15.717,46.317,13.0
2020-01-16,31.4,25.5,27.9,21.7,20.2,42.1,24.29,Mahajanga,-15.717,46.317,13.0
2020-01-17,30.2,24.5,27.3,24.4,16.7,33.5,18.85,Mahajanga,-15.717,46.317,13.0
2020-01-18,28.6,25.7,27.0,15.0,18.1,36.4,15.49,Mahajanga,-15.717,46.317,13.0
2020-01-19,28.0,25.6,26.5,22.6,21.3,40.0,14.52,Mahajanga,-15.717,46.317,13.0
2020-01-20,27.7,25.8,26.5,34.5,26.7,56.9,13.56,Mahajanga,-15.717,46.317,13.0
2020-01-21,27.1,25.8,26.4,37.2,27.4,61.2,8.96,Mahajanga,-15.717,46.317,13.0
2020-01-22,27.7,25.8,26.4,93.3,46.0,88.6,7.38,Mahajanga,-15.717,46.317,13.0
2020-01-23,28.8,25.9,26.8,64.6,47.4,91.4,13.09,Mahajanga,-15.717,46.317,13.0
2020-01-24,29.2,25.3,27.2,3.9,20.0,37.4,23.07,Mahajanga,-15.717,46.317,13.0
2020-01-25,28.6,25.4,26.9,3.6,14.7,30.2,19.97,Mahajanga,-15.717,46.317,13.0
2020-01-26,30.5,24.6,27.3,4.1,12.2,25.9,23.57,Mahajanga,-15.717,46.317,13.0
2020-01-27,31.2,25.2,27.9,1.2,11.6,22.3,27.27,Mahajanga,-15.717,46.317,13.0
2020-01-28,28.9,24.7,26.8,7.2,15.3,32.4,20.38,Mahajanga,-15.717,46.317,13.0
2020-01-29,29.0,25.3,27.1,5.3,12.4,28.8,20.52,Mahajanga,-15.717,46.317,13.0
2020-01-30,29.6,25.4,26.9,21.3,14.5,28.4,17.67,Mahajanga,-15.717,46.317,13.0
2020-01-31,32.2,24.8,27.6,12.2,17.7,30.2,21.58,Mahajanga,-15.717,46.317,13.0
2020-02-01,31.8,24.5,28.0,2.0,12.5,28.8,27.14,Mahajanga,-15.717,46.317,13.0
2020-02-02,33.0,24.0,28.5,0.3,15.8,33.8,27.73,Mahajanga,-15.717,46.317,13.0
2020-02-03,32.8,25.4,28.8,0.5,18.1,32.8,28.42,Mahajanga,-15.717,46.317,13.0
2020-02-04,31.4,25.9,28.2,2.9,11.2,29.9,25.74,Mahajanga,-15.717,46.317,13.0
2020-02-05,32.6,24.9,28.4,0.0,16.2,30.2,28.44,Mahajanga,-15.717,46.317,13.0
2020-02-06,31.8,24.8,28.1,0.9,12.7,24.8,28.45,Mahajanga,-15.717,46.317,13.0
2020-02-07,31.7,25.2,28.0,1.3,15.1,29.5,27.95,Mahajanga,-15.717,46.317,13.0
2020-02-08,31.4,25.2,27.8,2.0,13.4,25.9,26.61,Mahajanga,-15.717,46.317,13.0
2020-02-09,31.5,25.7,28.3,0.2,10.9,25.6,26.36,Mahajanga,-15.717,46.317,13.0
2020-02-10,30.7,25.6,27.9,3.2,12.1,24.1,26.35,Mahajanga,-15.717,46.317,13.0
2020-02-11,30.5,25.9,28.0,0.7,14.0,29.2,26.01,Mahajanga,-15.717,46.317,13.0
2020-02-12,31.7,25.2,28.2,0.7,19.1,35.6,24.67,Mahajanga,-15.717,46.317,13.0
2020-02-13,29.9,25.2,27.5,5.7,16.4,31.3,21.08,Mahajanga,-15.717,46.317,13.0
2020-02-14,29.6,25.8,27.6,2.7,14.2,30.2,21.1,Mahajanga,-15.717,46.317,13.0
2020-02-15,30.6,25.5,28.1,2.9,15.0,31.3,24.34,Mahajanga,-15.717,46.317,13.0
2020-02-16,29.6,26.0,27.7,15.2,15.2,30.2,21.23,Mahajanga,-15.717,46.317,13.0
2020-02-17,29.5,25.1,27.5,7.5,17.3,35.6,21.47,Mahajanga,-15.717,46.317,13.0
2020-02-18,32.1,25.2,28.1,6.5,11.6,31.3,23.21,Mahajanga,-15.717,46.317,13.0
2020-02-19,31.0,25.2,27.8,4.8,15.5,27.4,23.93,Mahajanga,-15.717,46.317,13.0
2020-02-20,30.1,24.6,27.2,9.4,11.1,21.6,20.94,Mahajanga,-15.717,46.317,13.0
2020-02-21,29.8,25.0,27.2,9.4,10.9,27.0,20.52,Mahajanga,-15.717,46.317,13.0
2020-02-22,29.1,24.5,26.5,20.5,16.0,33.5,16.9,Mahajanga,-15.717,46.317,13.0
2020-02-23,29.3,24.8,26.5,15.9,16.8,39.2,20.02,Mahajanga,-15.717,46.317,13.0
2020-02-24,28.6,25.2,26.8,8.5,18.2,33.5,17.84,Mahajanga,-15.717,46.317,13.0
2020-02-25,28.5,25.1,26.6,24.9,20.9,39.2,15.35,Mahajanga,-15.717,46.317,13.0
2020-02-26,29.3,24.7,26.1,32.3,11.3,25.2,14.06,Mahajanga,-15.717,46.317,13.0
2020-02-27,31.1,24.3,26.9,12.3,14.3,27.0,16.02,Mahajanga,-15.717,46.317,13.0
2020-02-28,31.1,25.5,28.1,16.4,12.6,25.2,23.9,Mahajanga,-15.717,46.317,13.0
2020-02-29,30.6,25.4,27.9,2.7,11.8,26.3,23.78,Mahajanga,-15.717,46.317,13.0
2020-03-01,30.6,25.8,27.8,6.9,17.0,31.7,22.19,Mahajanga,-15.717,46.317,13.0
2020-03-02,29.5,25.3,27.3,8.3,15.2,29.9,21.27,Mahajanga,-15.717,46.317,13.0
2020-03-03,29.7,25.5,27.5,5.8,11.4,28.8,21.35,Mahajanga,-15.717,46.317,13.0
2020-03-04,31.4,25.8,28.2,3.7,13.0,25.2,24.14,Mahajanga,-15.717,46.317,13.0
2020-03-05,32.0,25.4,28.2,8.8,15.3,26.6,26.51,Mahajanga,-15.717,46.317,13.0
2020-03-06,31.5,25.3,28.2,5.2,12.8,24.1,25.05,Mahajanga,-15.717,46.317,13.0
2020-03-07,29.0,26.1,27.4,14.7,15.6,31.0,14.65,Mahajanga,-15.717,46.317,13.0
2020-03-08,30.9,25.0,27.2,28.8,16.6,31.7,15.82,Mahajanga,-15.717,46.317,13.0
2020-03-09,32.0,25.9,28.5,6.7,13.0,38.2,22.54,Mahajanga,-15.717,46.317,13.0
2020-03-10,33.4,25.7,29.0,0.6,12.9,28.4,22.32,Mahajanga,-15.717,46.317,13.0
2020-03-11,32.7,25.8,28.9,13.6,8.1,29.2,24.32,Mahajanga,-15.717,46.317,13.0
2020-03-12,33.0,25.9,29.1,5.5,11.6,26.3,22.88,Mahajanga,-15.717,46.317,13.0
2020-03-13,32.6,25.5,28.7,0.1,14.5,28.1,23.95,Mahajanga,-15.717,46.317,13.0
2020-03-14,31.1,26.1,28.7,1.9,11.2,23.4,20.6,Mahajanga,-15.717,46.317,13.0
2020-03-15,32.2,25.8,28.7,4.8,15.0,28.4,24.27,Mahajanga,-15.717,46.317,13.0
2020-03-16,30.9,24.9,27.9,0.7,11.4,25.9,21.44,Mahajanga,-15.717,46.317,13.0
2020-03-17,30.0,26.0,28.1,1.0,16.6,32.4,21.32,Mahajanga,-15.717,46.317,13.0
2020-03-18,30.2,25.4,27.7,1.9,15.4,31.3,24.12,Mahajanga,-15.717,46.317,13.0
2020-03-19,29.4,26.1,27.6,1.1,13.8,28.8,22.24,Mahajanga,-15.717,46.317,13.0
2020-03-20,29.9,25.2,27.6,2.2,10.4,25.9,23.37,Mahajanga,-15.717,46.317,13.0
2020-03-21,29.6,25.0,27.2,15.4,12.9,27.0,20.88,Mahajanga,-15.717,46.317,13.0
2020-03-22,32.0,25.1,28.2,4.2,12.8,27.7,23.13,Mahajanga,-15.717,46.317,13.0
2020-03-23,31.8,24.3,27.9,0.1,17.1,31.7,25.61,Mahajanga,-15.717,46.317,13.0
2020-03-24,31.7,24.5,28.1,0.3,18.1,34.6,25.74,Mahajanga,-15.717,46.317,13.0
2020-03-25,31.6,24.9,28.2,0.6,10.8,22.7,24.98,Mahajanga,-15.717,46.317,13.0
2020-03-26,31.6,25.8,28.1,2.7,16.1,31.7,22.66,Mahajanga,-15.717,46.317,13.0
2020-03-27,30.3,25.3,27.4,3.1,9.7,25.6,21.32,Mahajanga,-15.717,46.317,13.0
2020-03-28,30.2,25.3,27.0,11.0,12.0,33.5,17.26,Mahajanga,-15.717,46.317,13.0
2020-03-29,29.7,25.1,27.4,1.9,14.9,29.2,21.11,Mahajanga,-15.717,46.317,13.0
2020-03-30,30.9,25.1,27.8,0.0,17.4,33.5,23.86,Mahajanga,-15.717,46.317,13.0
2020-03-31,31.3,24.3,27.9,0.2,12.4,22.7,23.19,Mahajanga,-15.717,46.317,13.0
2020-04-01,30.6,25.7,28.2,0.9,14.2,29.5,21.82,Mahajanga,-15.717,46.317,13.0
2020-04-02,29.7,25.2,27.6,1.1,11.1,24.8,20.58,Mahajanga,-15.717,46.317,13.0
2020-04-03,30.6,24.8,27.8,2.0,15.3,30.2,21.05,Mahajanga,-15.717,46.317,13.0
2020-04-04,30.6,24.5,27.2,1.0,12.5,29.5,20.88,Mahajanga,-15.717,46.317,13.0
2020-04-05,31.7,24.2,27.3,0.0,15.3,27.7,23.78,Mahajanga,-15.717,46.317,13.0
2020-04-06,31.3,24.2,27.4,0.9,14.5,27.4,23.66,Mahajanga,-15.717,46.317,13.0
2020-04-07,30.7,24.8,27.4,1.1,12.8,27.0,23.4,Mahajanga,-15.717,46.317,13.0
2020-04-08,31.6,25.1,28.2,0.2,9.7,21.2,21.88,Mahajanga,-15.717,46.317,13.0
2020-04-09,33.1,25.0,28.5,0.6,16.7,31.7,22.9,Mahajanga,-15.717,46.317,13.0
2020-04-10,33.5,24.6,28.6,0.2,19.9,35.3,23.05,Mahajanga,-15.717,46.317,13.0
2020-04-11,33.2,25.4,28.9,0.0,19.4,34.9,23.38,Mahajanga,-15.717,46.317,13.0
2020-04-12,33.7,25.3,29.2,0.0,17.2,34.9,23.16,Mahajanga,-15.717,46.317,13.0
2020-04-13,34.1,25.1,29.5,0.0,17.1,33.8,23.17,Mahajanga,-15.717,46.317,13.0
2020-04-14,33.7,25.1,29.4,0.0,16.7,32.4,23.08,Mahajanga,-15.717,46.317,13.0
2020-04-15,34.2,24.8,29.3,0.0,18.9,36.0,22.33,Mahajanga,-15.717,46.317,13.0
2020-04-16,33.9,24.3,29.1,0.0,20.7,41.8,21.8,Mahajanga,-15.717,46.317,13.0
2020-04-17,34.4,24.8,29.3,0.0,22.0,41.4,22.08,Mahajanga,-15.717,46.317,13.0
2020-04-18,33.6,24.4,28.9,0.0,19.5,37.1,22.75,Mahajanga,-15.717,46.317,13.0
2020-04-19,33.4,25.0,28.8,1.2,20.5,36.7,22.28,Mahajanga,-15.717,46.317,13.0
2020-04-20,33.5,25.0,28.5,2.3,22.8,47.5,20.06,Mahajanga,-15.717,46.317,13.0
2020-04-21,33.9,24.1,28.3,0.1,19.6,38.5,21.01,Mahajanga,-15.717,46.317,13.0
2020-04-22,32.8,24.8,28.2,0.0,16.5,34.2,21.25,Mahajanga,-15.717,46.317,13.0
2020-04-23,33.6,25.1,28.5,2.2,19.2,33.8,20.33,Mahajanga,-15.717,46.317,13.0
2020-04-24,33.0,24.6,28.3,0.6,15.7,29.5,21.04,Mahajanga,-15.717,46.317,13.0
2020-04-25,32.8,24.6,28.3,0.2,17.4,33.1,21.25,Mahajanga,-15.717,46.317,13.0
2020-04-26,32.5,25.3,28.5,0.3,14.5,29.9,21.02,Mahajanga,-15.717,46.317,13.0
2020-04-27,33.9,25.2,28.8,0.7,16.1,35.3,20.56,Mahajanga,-15.717,46.317,13.0
2020-04-28,34.5,25.4,29.8,0.8,22.5,39.6,21.21,Mahajanga,-15.717,46.317,13.0
2020-04-29,34.6,26.0,29.8,0.0,16.1,32.4,20.8,Mahajanga,-15.717,46.317,13.0
2020-04-30,33.2,24.6,28.8,0.0,21.2,36.4,21.32,Mahajanga,-15.717,46.317,13.0
2020-05-01,32.8,23.0,28.2,0.0,20.3,37.4,20.97,Mahajanga,-15.717,46.317,13.0
2020-05-02,33.7,23.4,28.1,0.0,17.3,34.6,21.11,Mahajanga,-15.717,46.317,13.0
2020-05-03,32.5,23.1,27.6,0.0,15.1,29.5,21.28,Mahajanga,-15.717,46.317,13.0
2020-05-04,33.6,23.7,27.9,0.0,17.8,34.6,20.98,Mahajanga,-15.717,46.317,13.0
2020-05-05,34.0,24.3,28.5,0.0,19.1,36.0,20.98,Mahajanga,-15.717,46.317,13.0
2020-05-06,33.5,24.0,28.4,0.0,17.6,31.3,20.71,Mahajanga,-15.717,46.317,13.0
2020-05-07,33.2,24.9,28.8,0.0,19.1,33.1,19.99,Mahajanga,-15.717,46.317,13.0
2020-05-08,33.3,24.8,28.4,0.0,17.5,35.6,19.96,Mahajanga,-15.717,46.317,13.0
2020-05-09,33.7,24.9,28.5,0.0,16.4,30.2,20.09,Mahajanga,-15.717,46.317,13.0
2020-05-10,33.5,24.8,28.6,0.0,16.7,31.7,20.02,Mahajanga,-15.717,46.317,13.0
2020-05-11,32.5,23.8,28.3,0.0,17.4,32.8,16.79,Mahajanga,-15.717,46.317,13.0
2020-05-12,32.1,24.4,27.7,0.0,15.5,27.7,18.91,Mahajanga,-15.717,46.317,13.0
2020-05-13,31.1,24.1,27.5,0.2,17.0,31.3,17.25,Mahajanga,-15.717,46.317,13.0
2020-05-14,31.0,23.0,27.0,0.0,18.7,35.3,19.97,Mahajanga,-15.717,46.317,13.0
2020-05-15,30.2,23.3,26.5,0.0,18.9,36.0,19.99,Mahajanga,-15.717,46.317,13.0
2020-05-16,30.6,24.1,27.0,0.0,19.2,37.4,18.78,Mahajanga,-15.717,46.317,13.0
2020-05-17,33.5,23.5,27.8,0.2,17.7,32.8,19.39,Mahajanga,-15.717,46.317,13.0
2020-05-18,33.9,24.2,28.5,0.0,17.7,34.6,19.74,Mahajanga,-15.717,46.317,13.0
2020-05-19,31.9,22.5,27.0,0.0,19.7,36.4,20.03,Mahajanga,-15.717,46.317,13.0
2020-05-20,30.7,21.5,26.5,0.0,23.8,44.6,19.85,Mahajanga,-15.717,46.317,13.0
2020-05-21,31.6,22.3,26.9,0.0,22.2,41.4,18.77,Mahajanga,-15.717,46.317,13.0
2020-05-22,32.3,22.5,27.2,0.0,22.9,43.9,19.04,Mahajanga,-15.717,46.317,13.0
2020-05-23,32.3,23.0,27.1,0.0,19.1,36.4,18.92,Mahajanga,-15.717,46.317,13.0
2020-05-24,32.0,22.3,26.8,0.0,16.9,33.1,19.39,Mahajanga,-15.717,46.317,13.0
2020-05-25,31.6,22.7,26.7,0.0,16.2,31.3,19.27,Mahajanga,-15.717,46.317,13.0
2020-05-26,31.5,21.5,25.9,0.0,16.9,32.8,19.38,Mahajanga,-15.717,46.317,13.0
2020-05-27,32.1,20.5,26.2,0.0,18.4,34.6,19.48,Mahajanga,-15.717,46.317,13.0
2020-05-28,31.9,22.3,26.3,0.0,15.4,31.7,19.12,Mahajanga,-15.717,46.317,13.0
2020-05-29,32.6,21.7,27.0,0.0,16.8,32.4,18.34,Mahajanga,-15.717,46.317,13.0
2020-05-30,33.8,24.3,28.3,0.0,15.3,28.8,18.27,Mahajanga,-15.717,46.317,13.0
2020-05-31,33.0,24.6,28.4,0.0,18.5,34.9,18.14,Mahajanga,-15.717,46.317,13.0
2020-06-01,32.4,23.1,27.8,0.0,18.9,36.0,18.77,Mahajanga,-15.717,46.317,13.0
2020-06-02,31.3,22.1,26.8,0.0,19.6,38.2,18.85,Mahajanga,-15.717,46.317,13.0
2020-06-03,31.5,22.7,26.9,0.0,21.9,42.1,18.78,Mahajanga,-15.717,46.317,13.0
2020-06-04,32.7,22.9,27.6,0.0,20.7,38.2,16.86,Mahajanga,-15.717,46.317,13.0
2020-06-05,31.7,23.8,27.5,0.0,17.9,34.2,15.03,Mahajanga,-15.717,46.317,13.0
2020-06-06,31.0,22.8,26.5,0.0,18.3,34.9,17.58,Mahajanga,-15.717,46.317,13.0
2020-06-07,31.5,21.5,26.6,0.0,19.5,33.5,18.3,Mahajanga,-15.717,46.317,13.0
2020-06-08,30.2,21.5,25.8,0.0,21.1,40.7,17.82,Mahajanga,-15.717,46.317,13.0
2020-06-09,29.8,20.4,25.0,0.0,20.2,37.4,18.71,Mahajanga,-15.717,46.317,13.0
2020-06-10,30.4,20.7,25.6,0.0,23.1,43.6,18.57,Mahajanga,-15.717,46.317,13.0
2020-06-11,30.7,21.0,25.6,0.0,22.4,43.2,18.78,Mahajanga,-15.717,46.317,13.0
2020-06-12,30.6,21.4,26.0,0.0,20.1,39.6,18.15,Mahajanga,-15.717,46.317,13.0
2020-06-13,31.0,22.5,25.9,0.0,14.9,30.6,17.24,Mahajanga,-15.717,46.317,13.0
2020-06-14,30.6,20.6,25.2,0.0,24.9,45.7,18.76,Mahajanga,-15.717,46.317,13.0
2020-06-15,28.6,21.3,25.0,0.0,17.4,33.1,13.7,Mahajanga,-15.717,46.317,13.0
2020-06-16,27.4,22.2,25.3,0.0,14.3,27.7,6.62,Mahajanga,-15.717,46.317,13.0
2020-06-17,31.3,22.6,26.4,0.0,31.2,53.3,16.51,Mahajanga,-15.717,46.317,13.0
2020-06-18,29.8,20.9,25.2,0.0,30.6,55.1,18.67,Mahajanga,-15.717,46.317,13.0
2020-06-19,30.4,21.7,25.5,0.0,24.3,42.1,11.02,Mahajanga,-15.717,46.317,13.0
2020-06-20,27.5,22.2,24.0,2.3,19.6,33.5,5.12,Mahajanga,-15.717,46.317,13.0
2020-06-21,31.5,22.1,26.1,0.0,19.6,37.4,15.89,Mahajanga,-15.717,46.317,13.0
2020-06-22,31.7,22.4,26.2,0.0,16.1,31.3,17.94,Mahajanga,-15.717,46.317,13.0
2020-06-23,30.9,21.2,26.0,0.0,16.4,32.4,18.16,Mahajanga,-15.717,46.317,13.0
2020-06-24,31.8,20.9,26.3,0.0,13.6,28.1,18.05,Mahajanga,-15.717,46.317,13.0
2020-06-25,31.6,21.9,26.7,0.0,16.4,32.0,17.98,Mahajanga,-15.717,46.317,13.0
2020-06-26,31.9,22.0,26.8,0.0,19.6,38.5,17.91,Mahajanga,-15.717,46.317,13.0
2020-06-27,31.2,21.8,26.3,0.0,14.4,30.2,18.32,Mahajanga,-15.717,46.317,13.0
2020-06-28,31.8,20.8,25.4,0.0,16.3,33.1,18.57,Mahajanga,-15.717,46.317,13.0
2020-06-29,31.5,21.3,25.7,0.0,15.7,29.9,18.64,Mahajanga,-15.717,46.317,13.0
2020-06-30,31.5,20.1,25.5,0.0,17.8,33.1,18.36,Mahajanga,-15.717,46.317,13.0
2020-07-01,31.3,20.5,25.2,0.0,14.5,25.9,18.71,Mahajanga,-15.717,46.317,13.0
2020-07-02,31.1,21.0,25.7,0.0,23.7,43.6,16.83,Mahajanga,-15.717,46.317,13.0
2020-07-03,29.7,21.0,25.0,0.0,19.1,36.7,18.34,Mahajanga,-15.717,46.317,13.0
2020-07-04,28.9,21.0,24.8,0.3,20.6,36.0,11.7,Mahajanga,-15.717,46.317,13.0
2020-07-05,31.7,22.1,26.2,0.4,17.4,33.1,16.67,Mahajanga,-15.717,46.317,13.0
2020-07-06,31.1,21.1,25.7,0.0,19.3,36.0,18.06,Mahajanga,-15.717,46.317,13.0
2020-07-07,31.8,22.0,26.7,0.0,19.3,36.0,15.53,Mahajanga,-15.717,46.317,13.0
2020-07-08,33.7,24.1,28.2,0.0,26.1,43.9,18.12,Mahajanga,-15.717,46.317,13.0
2020-07-09,31.5,23.1,26.5,0.0,28.2,51.8,18.83,Mahajanga,-15.717,46.317,13.0
2020-07-10,30.6,20.6,25.2,0.0,26.3,45.0,19.07,Mahajanga,-15.717,46.317,13.0
2020-07-11,30.4,20.6,25.7,0.0,28.5,51.8,16.7,Mahajanga,-15.717,46.317,13.0
2020-07-12,30.6,21.8,26.0,0.0,22.6,38.9,19.05,Mahajanga,-15.717,46.317,13.0
2020-07-13,29.8,21.2,25.0,0.0,14.8,29.2,18.48,Mahajanga,-15.717,46.317,13.0
2020-07-14,30.4,20.7,24.7,0.0,14.2,29.5,19.31,Mahajanga,-15.717,46.317,13.0
2020-07-15,31.4,20.1,24.7,0.0,22.4,38.5,19.49,Mahajanga,-15.717,46.317,13.0
2020-07-16,30.5,19.8,24.8,0.2,18.7,32.8,18.81,Mahajanga,-15.717,46.317,13.0
2020-07-17,29.2,22.9,25.6,0.0,28.4,48.6,18.05,Mahajanga,-15.717,46.317,13.0
2020-07-18,30.0,20.4,24.7,0.0,27.6,47.2,19.76,Mahajanga,-15.717,46.317,13.0
2020-07-19,30.4,18.7,24.5,0.0,27.6,53.3,19.57,Mahajanga,-15.717,46.317,13.0
2020-07-20,30.7,20.2,24.7,0.0,25.0,47.5,19.76,Mahajanga,-15.717,46.317,13.0
2020-07-21,30.0,19.7,24.5,0.0,19.7,38.2,20.01,Mahajanga,-15.717,46.317,13.0
2020-07-22,28.8,19.3,24.3,0.0,23.7,43.9,19.73,Mahajanga,-15.717,46.317,13.0
2020-07-23,29.4,19.8,24.2,0.0,27.0,47.5,19.88,Mahajanga,-15.717,46.317,13.0
2020-07-24,29.4,18.3,24.0,0.0,26.1,49.0,19.84,Mahajanga,-15.717,46.317,13.0
2020-07-25,29.3,19.9,24.0,0.0,27.3,49.7,20.09,Mahajanga,-15.717,46.317,13.0
2020-07-26,29.2,19.1,24.1,0.0,21.4,38.5,19.16,Mahajanga,-15.717,46.317,13.0
2020-07-27,26.2,20.4,22.5,2.0,14.1,27.0,10.02,Mahajanga,-15.717,46.317,13.0
2020-07-28,27.5,20.4,22.9,2.7,21.3,40.0,11.78,Mahajanga,-15.717,46.317,13.0
2020-07-29,32.0,21.7,25.3,0.0,19.5,35.6,16.88,Mahajanga,-15.717,46.317,13.0
2020-07-30,31.0,21.5,25.5,0.0,23.6,42.8,19.83,Mahajanga,-15.717,46.317,13.0
2020-07-31,29.9,21.4,25.0,0.0,18.9,34.9,20.07,Mahajanga,-15.717,46.317,13.0
2020-08-01,32.9,20.9,26.2,0.0,17.4,38.5,20.15,Mahajanga,-15.717,46.317,13.0
2020-08-02,31.1,21.2,25.5,0.0,25.1,46.1,20.61,Mahajanga,-15.717,46.317,13.0
2020-08-03,30.4,20.2,25.1,0.0,25.8,47.5,20.04,Mahajanga,-15.717,46.317,13.0
2020-08-04,30.2,19.7,24.7,0.0,22.2,38.9,20.46,Mahajanga,-15.717,46.317,13.0
2020-08-05,30.2,19.0,24.1,0.0,15.9,29.9,21.1,Mahajanga,-15.717,46.317,13.0
2020-08-06,29.8,19.4,23.7,0.0,19.4,37.1,21.07,Mahajanga,-15.717,46.317,13.0
2020-08-07,28.5,17.3,23.2,0.0,19.8,36.0,21.16,Mahajanga,-15.717,46.317,13.0
2020-08-08,29.4,19.6,24.0,0.1,22.0,42.8,20.86,Mahajanga,-15.717,46.317,13.0
2020-08-09,30.8,21.0,24.9,0.0,20.5,38.9,21.01,Mahajanga,-15.717,46.317,13.0
2020-08-10,29.9,18.6,23.7,0.0,20.1,38.2,21.92,Mahajanga,-15.717,46.317,13.0
2020-08-11,30.1,18.0,23.6,0.0,19.0,37.8,21.75,Mahajanga,-15.717,46.317,13.0
2020-08-12,30.2,19.4,24.3,0.0,23.9,42.5,22.0,Mahajanga,-15.717,46.317,13.0
2020-08-13,29.3,18.3,23.5,0.0,19.5,37.8,22.24,Mahajanga,-15.717,46.317,13.0
2020-08-14,32.6,17.8,25.2,0.0,15.7,29.2,21.61,Mahajanga,-15.717,46.317,13.0
2020-08-15,32.4,22.2,26.1,0.0,16.6,31.3,21.18,Mahajanga,-15.717,46.317,13.0
2020-08-16,31.4,20.0,25.3,0.0,18.7,37.1,22.48,Mahajanga,-15.717,46.317,13.0
2020-08-17,33.0,20.8,26.9,0.0,22.7,39.6,20.22,Mahajanga,-15.717,46.317,13.0
2020-08-18,32.5,20.2,25.9,0.0,21.7,37.4,21.43,Mahajanga,-15.717,46.317,13.0
2020-08-19,32.5,21.2,26.3,0.0,18.5,37.4,22.65,Mahajanga,-15.717,46.317,13.0
2020-08-20,31.7,21.3,25.3,0.0,20.1,39.2,22.45,Mahajanga,-15.717,46.317,13.0
2020-08-21,32.3,22.3,25.9,0.0,21.0,40.3,21.45,Mahajanga,-15.717,46.317,13.0
2020-08-22,31.8,22.2,26.3,0.0,18.3,34.2,21.35,Mahajanga,-15.717,46.317,13.0
2020-08-23,31.6,21.5,25.8,0.0,21.9,42.5,22.77,Mahajanga,-15.717,46.317,13.0
2020-08-24,31.8,20.8,25.8,0.0,18.4,36.4,22.45,Mahajanga,-15.717,46.317,13.0
2020-08-25,32.5,22.3,26.0,0.0,20.1,44.3,22.41,Mahajanga,-15.717,46.317,13.0
2020-08-26,32.7,22.2,26.4,0.0,19.2,37.1,22.69,Mahajanga,-15.717,46.317,13.0
2020-08-27,32.4,22.0,26.4,0.0,18.7,33.5,23.07,Mahajanga,-15.717,46.317,13.0
2020-08-28,32.6,20.8,25.5,0.0,18.6,36.7,23.55,Mahajanga,-15.717,46.317,13.0
2020-08-29,32.6,20.8,25.3,0.0,19.7,39.6,23.67,Mahajanga,-15.717,46.317,13.0
2020-08-30,32.6,20.7,25.5,0.0,22.7,41.8,23.48,Mahajanga,-15.717,46.317,13.0
2020-08-31,32.1,22.2,27.2,0.1,17.8,35.6,21.07,Mahajanga,-15.717,46.317,13.0
2020-09-01,32.4,21.4,26.4,0.0,18.7,36.0,23.29,Mahajanga,-15.717,46.317,13.0
2020-09-02,33.0,20.8,26.1,0.0,16.9,33.1,24.03,Mahajanga,-15.717,46.317,13.0
2020-09-03,31.3,21.8,25.4,0.0,22.1,42.8,21.94,Mahajanga,-15.717,46.317,13.0
2020-09-04,29.6,21.8,25.1,0.5,21.1,37.4,20.96,Mahajanga,-15.717,46.317,13.0
2020-09-05,29.7,20.4,24.8,3.3,17.2,34.6,20.1,Mahajanga,-15.717,46.317,13.0
2020-09-06,30.5,20.3,24.7,0.0,20.5,38.2,23.74,Mahajanga,-15.717,46.317,13.0
2020-09-07,30.2,20.6,25.0,0.0,20.2,37.8,23.75,Mahajanga,-15.717,46.317,13.0
2020-09-08,32.3,20.8,25.7,0.0,18.7,32.8,23.66,Mahajanga,-15.717,46.317,13.0
2020-09-09,34.2,22.5,27.5,0.1,20.6,40.0,21.76,Mahajanga,-15.717,46.317,13.0
2020-09-10,34.9,22.8,27.9,0.0,21.4,42.5,23.79,Mahajanga,-15.717,46.317,13.0
2020-09-11,33.1,22.2,27.4,0.0,22.5,42.1,24.67,Mahajanga,-15.717,46.317,13.0
2020-09-12,34.0,22.0,27.2,0.0,21.0,35.6,24.57,Mahajanga,-15.717,46.317,13.0
2020-09-13,33.7,22.8,27.2,0.0,21.4,40.7,24.62,Mahajanga,-15.717,46.317,13.0
2020-09-14,33.2,21.4,26.8,0.0,23.0,43.6,25.08,Mahajanga,-15.717,46.317,13.0
2020-09-15,32.7,21.1,25.8,0.0,18.5,36.0,25.37,Mahajanga,-15.717,46.317,13.0
2020-09-16,32.3,21.5,25.5,0.0,19.4,36.0,25.1,Mahajanga,-15.717,46.317,13.0
2020-09-17,32.3,20.5,25.5,0.0,18.1,36.4,25.71,Mahajanga,-15.717,46.317,13.0
2020-09-18,33.5,21.6,26.5,0.0,20.3,39.6,25.47,Mahajanga,-15.717,46.317,13.0
2020-09-19,33.0,21.7,26.5,0.0,21.6,38.2,25.42,Mahajanga,-15.717,46.317,13.0
2020-09-20,32.6,21.0,25.5,0.0,20.2,38.5,21.67,Mahajanga,-15.717,46.317,13.0
2020-09-21,32.9,21.8,26.2,0.0,17.5,38.5,25.65,Mahajanga,-15.717,46.317,13.0
2020-09-22,35.2,22.8,27.2,0.0,26.1,49.0,25.18,Mahajanga,-15.717,46.317,13.0
2020-09-23,33.3,23.3,27.2,0.0,20.0,37.4,25.86,Mahajanga,-15.717,46.317,13.0
2020-09-24,32.4,21.3,26.3,0.0,18.9,38.9,25.08,Mahajanga,-15.717,46.317,13.0
2020-09-25,33.2,21.5,26.3,0.0,19.1,34.2,26.1,Mahajanga,-15.717,46.317,13.0
2020-09-26,31.9,21.3,25.4,0.0,23.8,47.9,26.19,Mahajanga,-15.717,46.317,13.0
2020-09-27,30.3,22.0,25.6,0.0,23.2,44.6,26.09,Mahajanga,-15.717,46.317,13.0
2020-09-28,30.1,23.2,26.0,1.2,21.6,43.2,24.07,Mahajanga,-15.717,46.317,13.0
2020-09-29,34.2,22.8,27.2,0.0,21.9,41.4,26.11,Mahajanga,-15.717,46.317,13.0
2020-09-30,35.4,22.9,27.9,0.0,23.5,45.0,26.42,Mahajanga,-15.717,46.317,13.0
2020-10-01,29.7,24.3,26.6,0.0,21.4,41.8,24.66,Mahajanga,-15.717,46.317,13.0
2020-10-02,30.5,23.7,26.8,0.0,21.7,43.2,24.71,Mahajanga,-15.717,46.317,13.0
2020-10-03,30.9,24.5,26.9,3.5,19.8,41.4,20.61,Mahajanga,-15.717,46.317,13.0
2020-10-04,30.6,24.5,26.8,1.7,21.1,40.7,20.03,Mahajanga,-15.717,46.317,13.0
2020-10-05,30.6,24.2,27.0,0.0,22.7,45.4,23.37,Mahajanga,-15.717,46.317,13.0
2020-10-06,29.3,24.1,26.4,3.1,16.9,36.7,21.95,Mahajanga,-15.717,46.317,13.0
2020-10-07,29.6,23.4,26.4,0.6,18.6,38.5,24.76,Mahajanga,-15.717,46.317,13.0
2020-10-08,30.5,23.3,26.3,0.0,21.1,41.4,26.58,Mahajanga,-15.717,46.317,13.0
2020-10-09,29.8,22.8,26.3,0.0,22.1,45.0,26.68,Mahajanga,-15.717,46.317,13.0
2020-10-10,32.5,23.4,27.3,0.0,23.2,47.9,25.21,Mahajanga,-15.717,46.317,13.0
2020-10-11,36.2,23.8,28.7,0.0,20.7,45.4,24.97,Mahajanga,-15.717,46.317,13.0
2020-10-12,35.3,25.9,29.0,2.5,21.4,43.6,24.36,Mahajanga,-15.717,46.317,13.0
2020-10-13,33.5,25.3,28.4,2.5,24.3,47.9,24.97,Mahajanga,-15.717,46.317,13.0
2020-10-14,34.1,24.9,28.2,1.0,24.0,46.1,25.52,Mahajanga,-15.717,46.317,13.0
2020-10-15,34.2,24.2,27.8,0.1,25.5,52.2,26.6,Mahajanga,-15.717,46.317,13.0
2020-10-16,34.6,23.9,28.1,0.0,24.4,44.6,25.39,Mahajanga,-15.717,46.317,13.0
2020-10-17,32.7,24.2,27.9,0.4,23.2,46.1,26.23,Mahajanga,-15.717,46.317,13.0
2020-10-18,33.9,25.2,28.2,0.3,25.2,46.8,23.8,Mahajanga,-15.717,46.317,13.0
2020-10-19,34.8,23.9,28.2,0.0,22.4,43.6,27.17,Mahajanga,-15.717,46.317,13.0
2020-10-20,35.7,23.7,28.4,0.0,23.7,44.3,27.06,Mahajanga,-15.717,46.317,13.0
2020-10-21,36.9,24.1,29.0,0.0,21.5,41.4,27.91,Mahajanga,-15.717,46.317,13.0
2020-10-22,35.5,24.4,29.2,0.0,19.2,36.4,28.0,Mahajanga,-15.717,46.317,13.0
2020-10-23,35.1,24.6,28.8,0.1,21.6,48.6,27.32,Mahajanga,-15.717,46.317,13.0
2020-10-24,34.9,24.1,28.1,0.1,25.5,49.3,27.42,Mahajanga,-15.717,46.317,13.0
2020-10-25,33.8,24.0,28.0,0.4,21.7,41.8,22.72,Mahajanga,-15.717,46.317,13.0
2020-10-26,34.1,24.5,28.0,0.0,24.6,47.9,26.64,Mahajanga,-15.717,46.317,13.0
2020-10-27,31.5,24.8,27.6,0.0,22.2,45.0,27.1,Mahajanga,-15.717,46.317,13.0
2020-10-28,32.4,23.1,27.7,0.3,23.3,46.8,26.46,Mahajanga,-15.717,46.317,13.0
2020-10-29,35.3,24.8,29.7,0.0,20.6,35.6,26.2,Mahajanga,-15.717,46.317,13.0
2020-10-30,36.0,25.5,29.5,0.0,20.7,39.6,27.32,Mahajanga,-15.717,46.317,13.0
2020-10-31,34.0,22.5,27.8,0.0,20.0,39.6,27.46,Mahajanga,-15.717,46.317,13.0
2020-11-01,31.1,22.8,26.9,0.0,24.5,49.0,27.59,Mahajanga,-15.717,46.317,13.0
2020-11-02,31.7,24.5,27.2,0.1,22.2,42.1,22.35,Mahajanga,-15.717,46.317,13.0
2020-11-03,33.5,23.0,27.3,0.2,22.3,45.0,28.35,Mahajanga,-15.717,46.317,13.0
2020-11-04,33.6,22.8,27.2,0.0,23.5,43.9,25.86,Mahajanga,-15.717,46.317,13.0
2020-11-05,32.9,23.6,27.4,0.0,22.7,45.0,28.25,Mahajanga,-15.717,46.317,13.0
2020-11-06,33.4,25.0,27.8,0.1,25.9,52.6,27.94,Mahajanga,-15.717,46.317,13.0
2020-11-07,34.8,24.9,28.6,0.0,22.5,49.0,28.03,Mahajanga,-15.717,46.317,13.0
2020-11-08,35.8,25.2,28.9,0.0,26.8,50.4,28.16,Mahajanga,-15.717,46.317,13.0
2020-11-09,35.9,25.0,29.3,0.0,25.2,46.8,28.26,Mahajanga,-15.717,46.317,13.0
2020-11-10,35.0,24.7,28.7,0.0,26.0,50.0,28.31,Mahajanga,-15.717,46.317,13.0
2020-11-11,32.8,25.6,28.5,0.4,25.6,49.0,27.05,Mahajanga,-15.717,46.317,13.0
2020-11-12,30.0,25.0,27.3,6.4,19.7,43.2,22.74,Mahajanga,-15.717,46.317,13.0
2020-11-13,30.4,24.5,27.5,1.9,22.6,42.8,26.24,Mahajanga,-15.717,46.317,13.0
2020-11-14,31.2,24.3,27.7,1.6,16.6,37.1,25.93,Mahajanga,-15.717,46.317,13.0
2020-11-15,33.2,24.7,27.7,5.0,22.0,45.0,25.02,Mahajanga,-15.717,46.317,13.0
2020-11-16,32.1,23.1,27.2,5.7,16.5,35.6,26.82,Mahajanga,-15.717,46.317,13.0
2020-11-17,31.3,24.3,27.6,1.4,18.0,37.8,26.69,Mahajanga,-15.717,46.317,13.0
2020-11-18,31.6,24.4,27.9,1.9,18.8,37.8,26.15,Mahajanga,-15.717,46.317,13.0
2020-11-19,30.6,24.7,27.7,0.6,20.7,39.6,23.68,Mahajanga,-15.717,46.317,13.0
2020-11-20,30.2,25.0,27.8,0.4,21.1,42.1,22.54,Mahajanga,-15.717,46.317,13.0
2020-11-21,32.9,25.8,29.1,0.0,21.5,42.8,26.62,Mahajanga,-15.717,46.317,13.0
2020-11-22,32.7,25.9,29.1,1.0,19.6,37.4,15.81,Mahajanga,-15.717,46.317,13.0
2020-11-23,35.8,26.1,29.5,0.0,24.2,49.3,27.71,Mahajanga,-15.717,46.317,13.0
2020-11-24,33.8,25.3,29.1,0.2,23.3,44.6,27.68,Mahajanga,-15.717,46.317,13.0
2020-11-25,34.8,25.0,28.9,0.2,22.2,43.9,27.05,Mahajanga,-15.717,46.317,13.0
2020-11-26,34.8,25.5,29.0,0.0,25.0,48.2,27.91,Mahajanga,-15.717,46.317,13.0
2020-11-27,33.4,25.8,29.6,0.3,21.8,41.8,26.95,Mahajanga,-15.717,46.317,13.0
2020-11-28,31.8,26.0,28.6,4.8,21.6,43.6,22.78,Mahajanga,-15.717,46.317,13.0
2020-11-29,31.8,23.7,27.4,6.4,25.3,48.6,26.13,Mahajanga,-15.717,46.317,13.0
2020-11-30,30.9,25.2,27.7,3.7,21.4,42.5,22.93,Mahajanga,-15.717,46.317,13.0
2020-12-01,29.0,24.9,27.1,14.8,19.5,38.5,20.13,Mahajanga,-15.717,46.317,13.0
2020-12-02,27.5,23.8,25.6,16.9,14.8,31.0,13.03,Mahajanga,-15.717,46.317,13.0
2020-12-03,29.6,24.2,27.1,0.1,18.5,37.1,26.22,Mahajanga,-15.717,46.317,13.0
2020-12-04,28.4,25.8,26.8,10.1,14.0,30.2,12.58,Mahajanga,-15.717,46.317,13.0
2020-12-05,30.5,24.3,27.6,0.3,16.3,32.8,26.69,Mahajanga,-15.717,46.317,13.0
2020-12-06,32.4,24.5,27.8,4.7,18.2,36.7,27.19,Mahajanga,-15.717,46.317,13.0
2020-12-07,31.2,25.2,28.1,1.8,20.7,41.8,28.08,Mahajanga,-15.717,46.317,13.0
2020-12-08,31.5,25.7,28.4,16.1,21.2,39.6,25.97,Mahajanga,-15.717,46.317,13.0
2020-12-09,30.8,24.9,27.2,7.2,19.5,40.0,21.66,Mahajanga,-15.717,46.317,13.0
2020-12-10,29.6,24.8,26.9,10.8,16.8,35.3,19.42,Mahajanga,-15.717,46.317,13.0
2020-12-11,27.4,23.6,25.3,21.2,18.4,35.3,15.87,Mahajanga,-15.717,46.317,13.0
2020-12-12,29.4,23.7,26.0,14.9,13.4,38.2,19.22,Mahajanga,-15.717,46.317,13.0
2020-12-13,32.5,24.5,27.8,0.5,16.2,40.3,27.05,Mahajanga,-15.717,46.317,13.0
2020-12-14,32.2,25.5,28.2,0.2,14.3,26.3,26.56,Mahajanga,-15.717,46.317,13.0
2020-12-15,31.5,24.5,27.4,20.8,18.7,34.2,26.91,Mahajanga,-15.717,46.317,13.0
2020-12-16,31.3,24.8,27.6,0.0,17.8,35.6,29.25,Mahajanga,-15.717,46.317,13.0
2020-12-17,32.3,25.7,28.2,1.5,19.9,36.7,27.57,Mahajanga,-15.717,46.317,13.0
2020-12-18,32.7,25.6,28.5,0.2,18.1,35.3,27.18,Mahajanga,-15.717,46.317,13.0
2020-12-19,32.1,25.9,28.6,0.0,18.3,37.1,27.73,Mahajanga,-15.717,46.317,13.0
2020-12-20,31.3,25.1,28.0,8.4,17.6,34.6,23.04,Mahajanga,-15.717,46.317,13.0
2020-12-21,30.7,24.4,26.9,9.2,16.6,32.0,17.7,Mahajanga,-15.717,46.317,13.0
2020-12-22,32.4,24.4,27.7,4.9,22.2,43.2,27.43,Mahajanga,-15.717,46.317,13.0
2020-12-23,31.2,24.3,27.9,4.6,15.6,31.3,27.67,Mahajanga,-15.717,46.317,13.0
2020-12-24,31.1,24.9,27.9,2.0,16.8,32.8,26.59,Mahajanga,-15.717,46.317,13.0
2020-12-25,31.5,24.9,28.2,0.1,16.7,34.9,27.54,Mahajanga,-15.717,46.317,13.0
2020-12-26,29.9,24.5,27.4,6.3,16.1,36.7,19.84,Mahajanga,-15.717,46.317,13.0
2020-12-27,27.2,25.5,26.4,31.8,18.9,36.0,5.18,Mahajanga,-15.717,46.317,13.0
2020-12-28,28.3,24.9,26.4,8.7,12.6,24.1,9.14,Mahajanga,-15.717,46.317,13.0
2020-12-29,29.0,24.2,26.1,19.8,11.0,32.4,14.34,Mahajanga,-15.717,46.317,13.0
2020-12-30,31.6,24.3,26.9,27.6,18.4,41.8,24.52,Mahajanga,-15.717,46.317,13.0
2020-12-31,32.7,24.1,27.7,1.8,18.2,36.7,26.75,Mahajanga,-15.717,46.317,13.0
2021-01-01,32.7,23.6,28.0,1.1,15.7,37.1,27.99,Mahajanga,-15.717,46.317,13.0
2021-01-02,33.8,25.4,28.9,4.5,12.5,36.4,28.12,Mahajanga,-15.717,46.317,13.0
2021-01-03,33.3,25.1,28.3,4.1,14.8,28.8,26.9,Mahajanga,-15.717,46.317,13.0
2021-01-04,32.1,24.4,27.8,0.7,15.2,35.6,28.89,Mahajanga,-15.717,46.317,13.0
2021-01-05,30.2,24.3,27.6,0.7,14.7,32.8,26.15,Mahajanga,-15.717,46.317,13.0
2021-01-06,29.8,24.4,26.9,5.3,14.2,28.4,17.58,Mahajanga,-15.717,46.317,13.0
2021-01-07,29.2,24.8,26.9,6.2,12.0,27.4,19.94,Mahajanga,-15.717,46.317,13.0
2021-01-08,29.9,24.7,27.3,8.5,17.3,33.5,24.71,Mahajanga,-15.717,46.317,13.0
2021-01-09,29.3,24.9,26.5,12.4,17.3,34.9,17.87,Mahajanga,-15.717,46.317,13.0
2021-01-10,28.4,24.7,26.5,10.0,14.4,32.8,17.45,Mahajanga,-15.717,46.317,13.0
2021-01-11,29.1,24.2,26.5,7.5,15.6,32.4,17.17,Mahajanga,-15.717,46.317,13.0
2021-01-12,28.8,24.9,26.6,11.3,15.6,33.8,19.27,Mahajanga,-15.717,46.317,13.0
2021-01-13,29.7,25.8,27.7,0.7,19.3,37.1,23.87,Mahajanga,-15.717,46.317,13.0
2021-01-14,30.3,25.9,27.6,10.2,19.4,38.2,22.22,Mahajanga,-15.717,46.317,13.0
2021-01-15,30.0,25.9,27.6,5.4,18.2,33.8,21.26,Mahajanga,-15.717,46.317,13.0
2021-01-16,31.0,24.9,27.3,13.8,12.9,28.4,18.33,Mahajanga,-15.717,46.317,13.0
2021-01-17,32.0,24.9,28.0,1.0,18.3,36.0,28.05,Mahajanga,-15.717,46.317,13.0
2021-01-18,30.8,26.2,28.2,4.2,22.0,41.4,24.8,Mahajanga,-15.717,46.317,13.0
2021-01-19,32.3,26.8,28.6,7.0,22.2,42.1,22.83,Mahajanga,-15.717,46.317,13.0
2021-01-20,29.8,25.4,27.0,138.1,57.8,100.8,9.72,Mahajanga,-15.717,46.317,13.0
2021-01-21,27.6,25.1,26.0,35.8,35.7,64.8,9.32,Mahajanga,-15.717,46.317,13.0
2021-01-22,29.6,24.6,27.2,3.2,13.4,29.2,24.37,Mahajanga,-15.717,46.317,13.0
2021-01-23,31.3,25.4,27.9,13.6,14.8,28.4,25.06,Mahajanga,-15.717,46.317,13.0
2021-01-24,30.5,24.6,27.3,11.4,17.1,33.5,25.01,Mahajanga,-15.717,46.317,13.0
2021-01-25,29.2,24.0,26.8,12.9,14.6,30.2,24.43,Mahajanga,-15.717,46.317,13.0
2021-01-26,29.2,24.6,26.6,6.4,15.2,31.7,20.9,Mahajanga,-15.717,46.317,13.0
2021-01-27,30.0,24.0,26.9,3.2,16.1,33.1,26.44,Mahajanga,-15.717,46.317,13.0
2021-01-28,29.3,24.2,26.7,7.6,14.6,31.3,23.41,Mahajanga,-15.717,46.317,13.0
2021-01-29,28.4,24.5,26.4,5.5,17.8,36.4,20.37,Mahajanga,-15.717,46.317,13.0
2021-01-30,28.4,23.8,25.7,21.6,13.7,37.1,21.73,Mahajanga,-15.717,46.317,13.0
2021-01-31,30.8,23.9,27.0,1.4,15.8,32.8,26.34,Mahajanga,-15.717,46.317,13.0
2021-02-01,32.4,25.1,28.5,1.9,14.9,27.7,27.49,Mahajanga,-15.717,46.317,13.0
2021-02-02,31.4,25.9,28.4,2.6,12.3,30.2,25.76,Mahajanga,-15.717,46.317,13.0
2021-02-03,32.3,25.7,28.4,26.7,13.6,27.7,29.11,Mahajanga,-15.717,46.317,13.0
2021-02-04,30.8,25.1,27.6,8.3,11.8,28.4,23.68,Mahajanga,-15.717,46.317,13.0
2021-02-05,30.3,24.3,27.3,7.7,14.5,32.4,24.46,Mahajanga,-15.717,46.317,13.0
2021-02-06,30.1,24.0,27.0,7.9,18.1,33.1,20.76,Mahajanga,-15.717,46.317,13.0
2021-02-07,28.1,24.7,26.1,22.3,19.2,37.1,13.29,Mahajanga,-15.717,46.317,13.0
2021-02-08,28.2,24.5,26.3,12.7,15.9,32.4,14.86,Mahajanga,-15.717,46.317,13.0
2021-02-09,27.5,24.5,26.0,9.7,18.9,35.6,17.2,Mahajanga,-15.717,46.317,13.0
2021-02-10,29.6,24.3,26.3,21.7,19.1,33.8,18.1,Mahajanga,-15.717,46.317,13.0
2021-02-11,29.0,24.5,26.7,18.7,16.3,33.1,15.77,Mahajanga,-15.717,46.317,13.0
2021-02-12,31.2,24.5,27.5,1.0,17.1,31.7,19.33,Mahajanga,-15.717,46.317,13.0
2021-02-13,30.3,25.0,27.1,3.9,13.7,29.5,13.72,Mahajanga,-15.717,46.317,13.0
2021-02-14,27.4,24.9,25.8,28.5,10.8,28.1,7.25,Mahajanga,-15.717,46.317,13.0
2021-02-15,28.9,24.3,26.1,17.5,13.0,38.9,12.79,Mahajanga,-15.717,46.317,13.0
2021-02-16,28.0,25.0,26.2,14.5,17.7,41.8,13.54,Mahajanga,-15.717,46.317,13.0
2021-02-17,29.4,25.2,27.2,3.0,15.4,30.6,20.49,Mahajanga,-15.717,46.317,13.0
2021-02-18,31.4,24.8,28.3,0.9,14.0,27.7,25.71,Mahajanga,-15.717,46.317,13.0
2021-02-19,33.7,25.3,28.7,35.1,14.4,28.1,26.16,Mahajanga,-15.717,46.317,13.0
2021-02-20,32.0,25.8,28.3,23.9,12.5,37.8,22.4,Mahajanga,-15.717,46.317,13.0
2021-02-21,31.7,24.8,27.5,35.3,18.1,35.3,23.87,Mahajanga,-15.717,46.317,13.0
2021-02-22,31.4,24.2,27.6,16.3,20.4,42.1,24.35,Mahajanga,-15.717,46.317,13.0
2021-02-23,32.3,24.4,27.7,4.9,15.6,33.8,27.71,Mahajanga,-15.717,46.317,13.0
2021-02-24,31.6,24.1,26.9,13.4,16.9,31.3,23.31,Mahajanga,-15.717,46.317,13.0
2021-02-25,29.6,24.6,26.7,6.2,10.4,28.4,15.76,Mahajanga,-15.717,46.317,13.0
2021-02-26,30.8,24.9,26.7,9.3,17.4,34.6,20.88,Mahajanga,-15.717,46.317,13.0
2021-02-27,28.2,24.3,26.1,20.9,17.2,32.4,17.46,Mahajanga,-15.717,46.317,13.0
2021-02-28,28.1,24.5,26.1,8.1,16.0,31.7,15.03,Mahajanga,-15.717,46.317,13.0
2021-03-01,30.0,24.6,26.5,20.9,18.7,34.9,20.97,Mahajanga,-15.717,46.317,13.0
2021-03-02,30.4,24.0,26.9,3.4,17.3,34.6,24.1,Mahajanga,-15.717,46.317,13.0
2021-03-03,29.4,24.5,27.0,4.9,16.6,36.0,20.16,Mahajanga,-15.717,46.317,13.0
2021-03-04,29.2,25.1,27.1,4.4,20.1,40.0,23.06,Mahajanga,-15.717,46.317,13.0
2021-03-05,26.6,25.0,25.5,47.2,30.6,62.6,7.16,Mahajanga,-15.717,46.317,13.0
2021-03-06,27.1,25.0,25.9,19.2,28.5,51.1,13.97,Mahajanga,-15.717,46.317,13.0
2021-03-07,28.4,24.9,26.4,8.6,17.7,32.8,16.83,Mahajanga,-15.717,46.317,13.0
2021-03-08,29.4,24.9,27.0,1.7,16.1,32.8,24.24,Mahajanga,-15.717,46.317,13.0
2021-03-09,30.0,24.3,27.0,0.1,15.5,29.2,27.27,Mahajanga,-15.717,46.317,13.0
2021-03-10,29.6,24.3,26.8,0.1,12.5,28.8,26.16,Mahajanga,-15.717,46.317,13.0
2021-03-11,29.7,24.1,26.8,2.0,12.1,24.8,20.76,Mahajanga,-15.717,46.317,13.0
2021-03-12,30.9,24.9,27.8,14.9,9.7,24.1,22.62,Mahajanga,-15.717,46.317,13.0
2021-03-13,30.4,24.5,27.3,3.2,11.8,26.3,24.87,Mahajanga,-15.717,46.317,13.0
2021-03-14,31.4,24.1,27.4,0.7,12.3,24.5,25.66,Mahajanga,-15.717,46.317,13.0
2021-03-15,31.1,24.0,27.5,0.3,12.8,24.5,24.76,Mahajanga,-15.717,46.317,13.0
2021-03-16,31.3,25.0,27.8,5.1,12.7,25.9,24.34,Mahajanga,-15.717,46.317,13.0
2021-03-17,30.4,24.4,27.0,6.7,12.7,22.7,22.83,Mahajanga,-15.717,46.317,13.0
2021-03-18,30.8,24.1,27.0,9.3,13.3,27.7,22.88,Mahajanga,-15.717,46.317,13.0
2021-03-19,31.0,24.4,27.4,6.0,11.2,27.4,20.55,Mahajanga,-15.717,46.317,13.0
2021-03-20,31.6,24.5,27.7,2.8,13.8,24.8,24.28,Mahajanga,-15.717,46.317,13.0
2021-03-21,31.5,24.9,27.7,5.7,9.7,23.8,22.92,Mahajanga,-15.717,46.317,13.0
2021-03-22,29.8,24.7,26.9,20.1,9.7,31.0,18.49,Mahajanga,-15.717,46.317,13.0
2021-03-23,28.9,24.7,26.6,8.8,14.3,31.3,17.75,Mahajanga,-15.717,46.317,13.0
2021-03-24,29.3,25.0,27.3,3.7,14.3,29.5,22.45,Mahajanga,-15.717,46.317,13.0
2021-03-25,29.7,25.2,27.5,1.1,13.8,29.5,23.56,Mahajanga,-15.717,46.317,13.0
2021-03-26,30.0,25.2,27.5,1.0,14.5,28.4,22.85,Mahajanga,-15.717,46.317,13.0
2021-03-27,29.9,24.8,27.7,0.7,16.8,34.6,22.92,Mahajanga,-15.717,46.317,13.0
2021-03-28,29.2,25.3,27.4,2.2,15.6,31.3,21.57,Mahajanga,-15.717,46.317,13.0
2021-03-29,31.0,23.9,27.6,0.0,13.2,24.5,24.4,Mahajanga,-15.717,46.317,13.0
2021-03-30,30.1,25.6,27.7,0.8,16.9,34.9,21.98,Mahajanga,-15.717,46.317,13.0
2021-03-31,30.9,24.7,27.3,5.8,14.8,26.6,21.75,Mahajanga,-15.717,46.317,13.0
2021-04-01,32.3,24.4,27.7,7.2,14.7,34.9,22.86,Mahajanga,-15.717,46.317,13.0
2021-04-02,32.0,25.3,28.3,0.1,17.0,33.1,23.67,Mahajanga,-15.717,46.317,13.0
2021-04-03,31.8,23.7,27.5,0.1,14.8,27.4,24.18,Mahajanga,-15.717,46.317,13.0
2021-04-04,31.3,25.0,28.2,0.0,9.4,23.0,23.7,Mahajanga,-15.717,46.317,13.0
2021-04-05,30.8,25.4,28.2,2.3,13.2,27.4,22.08,Mahajanga,-15.717,46.317,13.0
2021-04-06,30.6,25.3,27.9,3.1,9.7,26.3,18.67,Mahajanga,-15.717,46.317,13.0
2021-04-07,31.9,24.8,27.5,5.9,14.7,39.2,21.0,Mahajanga,-15.717,46.317,13.0
2021-04-08,32.5,25.1,28.1,4.3,15.8,39.6,22.96,Mahajanga,-15.717,46.317,13.0
2021-04-09,31.9,24.7,27.7,3.2,13.8,24.5,23.21,Mahajanga,-15.717,46.317,13.0
2021-04-10,31.6,25.1,27.8,1.6,12.5,31.7,20.53,Mahajanga,-15.717,46.317,13.0
2021-04-11,31.8,25.0,28.1,0.0,12.6,35.3,22.05,Mahajanga,-15.717,46.317,13.0
2021-04-12,32.3,25.3,28.0,8.1,16.0,28.4,20.38,Mahajanga,-15.717,46.317,13.0
2021-04-13,31.4,25.4,27.8,4.3,13.5,28.8,16.32,Mahajanga,-15.717,46.317,13.0
2021-04-14,30.8,24.8,27.3,4.9,13.3,32.0,16.41,Mahajanga,-15.717,46.317,13.0
2021-04-15,30.1,24.5,27.2,0.5,8.1,18.0,20.79,Mahajanga,-15.717,46.317,13.0
2021-04-16,30.4,24.5,27.5,2.5,11.6,24.8,20.11,Mahajanga,-15.717,46.317,13.0
2021-04-17,31.3,24.8,27.6,4.5,12.2,22.0,21.36,Mahajanga,-15.717,46.317,13.0
2021-04-18,31.0,24.1,27.2,12.5,18.1,34.6,19.68,Mahajanga,-15.717,46.317,13.0
2021-04-19,31.1,23.2,26.8,0.0,19.1,36.4,21.7,Mahajanga,-15.717,46.317,13.0
2021-04-20,31.7,24.1,27.4,0.0,15.5,28.8,21.64,Mahajanga,-15.717,46.317,13.0
2021-04-21,32.1,24.4,27.7,0.0,22.4,40.7,20.82,Mahajanga,-15.717,46.317,13.0
2021-04-22,31.3,25.0,27.5,0.0,15.6,29.5,15.2,Mahajanga,-15.717,46.317,13.0
2021-04-23,32.6,24.5,28.0,0.0,15.0,40.0,21.22,Mahajanga,-15.717,46.317,13.0
2021-04-24,31.7,24.1,27.6,0.0,15.0,28.1,16.64,Mahajanga,-15.717,46.317,13.0
2021-04-25,32.3,25.2,28.0,0.1,17.0,33.1,18.32,Mahajanga,-15.717,46.317,13.0
2021-04-26,32.5,24.6,27.9,4.5,11.2,29.2,20.9,Mahajanga,-15.717,46.317,13.0
2021-04-27,31.4,24.2,27.3,0.5,12.9,34.2,20.66,Mahajanga,-15.717,46.317,13.0
2021-04-28,32.0,24.6,28.0,0.3,15.0,29.9,21.02,Mahajanga,-15.717,46.317,13.0
2021-04-29,33.0,25.0,28.4,0.4,18.3,33.8,20.88,Mahajanga,-15.717,46.317,13.0
2021-04-30,32.5,24.7,28.4,0.1,15.5,30.6,20.94,Mahajanga,-15.717,46.317,13.0
2021-05-01,32.4,24.7,28.4,1.3,10.8,24.1,20.61,Mahajanga,-15.717,46.317,13.0
2021-05-02,31.5,24.7,27.7,1.7,11.7,25.6,19.7,Mahajanga,-15.717,46.317,13.0
2021-05-03,30.6,24.1,27.0,2.4,17.5,35.6,20.01,Mahajanga,-15.717,46.317,13.0
2021-05-04,30.4,24.7,27.2,0.9,14.3,29.2,17.97,Mahajanga,-15.717,46.317,13.0
2021-05-05,30.3,24.6,27.1,0.7,14.3,30.2,18.93,Mahajanga,-15.717,46.317,13.0
2021-05-06,31.1,23.6,27.1,0.0,15.6,29.2,20.7,Mahajanga,-15.717,46.317,13.0
2021-05-07,31.1,23.1,27.1,0.1,13.0,30.6,19.19,Mahajanga,-15.717,46.317,13.0
2021-05-08,31.5,24.4,27.2,0.0,18.8,34.9,19.34,Mahajanga,-15.717,46.317,13.0
2021-05-09,31.0,23.2,26.8,0.1,16.9,30.6,19.98,Mahajanga,-15.717,46.317,13.0
2021-05-10,29.4,24.2,26.4,0.5,12.9,25.9,17.29,Mahajanga,-15.717,46.317,13.0
2021-05-11,30.5,23.6,26.7,0.3,16.5,32.0,18.84,Mahajanga,-15.717,46.317,13.0
2021-05-12,31.7,23.2,27.1,1.6,10.5,31.7,18.95,Mahajanga,-15.717,46.317,13.0
2021-05-13,32.6,23.5,27.7,0.0,13.3,28.8,20.17,Mahajanga,-15.717,46.317,13.0
2021-05-14,33.0,22.9,28.0,0.0,16.5,33.5,20.11,Mahajanga,-15.717,46.317,13.0
2021-05-15,33.7,23.5,28.3,0.0,19.0,38.2,20.0,Mahajanga,-15.717,46.317,13.0
2021-05-16,32.4,22.9,27.8,0.0,18.7,36.0,20.06,Mahajanga,-15.717,46.317,13.0
2021-05-17,31.8,22.6,26.9,0.0,17.0,29.2,20.13,Mahajanga,-15.717,46.317,13.0
2021-05-18,32.9,22.7,27.2,0.0,13.8,26.3,19.72,Mahajanga,-15.717,46.317,13.0
2021-05-19,32.1,22.7,27.3,0.0,18.4,35.6,19.96,Mahajanga,-15.717,46.317,13.0
2021-05-20,31.7,23.3,27.3,0.0,25.3,49.7,19.02,Mahajanga,-15.717,46.317,13.0
2021-05-21,30.9,21.7,26.1,0.0,25.5,47.2,20.1,Mahajanga,-15.717,46.317,13.0
2021-05-22,30.5,21.7,25.6,0.0,21.4,36.4,19.26,Mahajanga,-15.717,46.317,13.0
2021-05-23,30.4,20.5,25.6,0.0,16.9,33.1,19.69,Mahajanga,-15.717,46.317,13.0
2021-05-24,29.6,21.8,25.5,0.0,16.1,29.2,17.48,Mahajanga,-15.717,46.317,13.0
2021-05-25,29.8,21.5,25.2,2.7,18.1,33.1,18.37,Mahajanga,-15.717,46.317,13.0
2021-05-26,30.3,20.8,25.2,0.0,16.3,28.4,19.56,Mahajanga,-15.717,46.317,13.0
2021-05-27,29.4,20.7,25.0,0.0,13.9,29.2,19.2,Mahajanga,-15.717,46.317,13.0
2021-05-28,30.8,19.9,25.4,0.0,11.2,24.1,19.03,Mahajanga,-15.717,46.317,13.0
2021-05-29,31.6,21.0,25.9,0.0,14.4,28.4,18.18,Mahajanga,-15.717,46.317,13.0
2021-05-30,32.4,21.6,26.8,0.0,13.8,24.5,18.58,Mahajanga,-15.717,46.317,13.0
2021-05-31,32.7,24.4,27.8,0.1,14.1,29.9,17.68,Mahajanga,-15.717,46.317,13.0
2021-06-01,32.7,24.4,27.9,0.0,18.4,33.1,18.68,Mahajanga,-15.717,46.317,13.0
2021-06-02,31.7,22.2,26.8,0.0,15.6,32.0,17.9,Mahajanga,-15.717,46.317,13.0
2021-06-03,32.0,21.6,26.3,0.0,12.7,25.9,18.73,Mahajanga,-15.717,46.317,13.0
2021-06-04,31.3,21.6,26.3,0.0,14.9,25.2,18.41,Mahajanga,-15.717,46.317,13.0
2021-06-05,30.5,22.3,26.1,0.0,16.1,29.2,17.85,Mahajanga,-15.717,46.317,13.0
2021-06-06,31.8,22.9,26.4,1.4,17.1,35.6,18.55,Mahajanga,-15.717,46.317,13.0
2021-06-07,31.5,22.8,26.8,0.4,22.1,40.7,17.88,Mahajanga,-15.717,46.317,13.0
2021-06-08,30.5,21.6,25.5,0.0,24.8,46.1,18.72,Mahajanga,-15.717,46.317,13.0
2021-06-09,30.1,21.0,25.2,0.0,26.2,47.9,18.95,Mahajanga,-15.717,46.317,13.0
2021-06-10,29.7,20.9,25.0,0.0,20.2,37.8,18.8,Mahajanga,-15.717,46.317,13.0
2021-06-11,29.7,21.1,25.0,0.0,18.7,36.7,18.6,Mahajanga,-15.717,46.317,13.0
2021-06-12,29.5,20.4,25.5,0.0,13.7,28.1,12.25,Mahajanga,-15.717,46.317,13.0
2021-06-13,29.0,22.8,25.3,0.2,16.1,31.7,15.0,Mahajanga,-15.717,46.317,13.0
2021-06-14,28.7,21.9,25.2,0.6,10.3,23.4,15.53,Mahajanga,-15.717,46.317,13.0
2021-06-15,29.7,22.4,25.4,0.6,15.1,29.5,16.24,Mahajanga,-15.717,46.317,13.0
2021-06-16,31.1,21.5,26.0,0.1,19.4,37.1,18.6,Mahajanga,-15.717,46.317,13.0
2021-06-17,29.8,20.5,25.1,0.0,20.0,37.8,18.79,Mahajanga,-15.717,46.317,13.0
2021-06-18,30.1,19.3,24.3,0.0,14.1,29.9,18.41,Mahajanga,-15.717,46.317,13.0
2021-06-19,31.3,20.5,25.6,0.0,16.3,31.7,17.06,Mahajanga,-15.717,46.317,13.0
2021-06-20,31.1,21.6,25.8,0.0,23.0,43.6,18.48,Mahajanga,-15.717,46.317,13.0
2021-06-21,30.7,21.5,25.3,0.0,23.4,43.2,18.41,Mahajanga,-15.717,46.317,13.0
2021-06-22,29.1,19.7,23.9,0.0,23.9,43.9,18.8,Mahajanga,-15.717,46.317,13.0
2021-06-23,29.2,18.9,24.2,0.0,19.4,37.8,18.03,Mahajanga,-15.717,46.317,13.0
2021-06-24,29.3,19.3,24.1,0.0,19.0,35.3,18.62,Mahajanga,-15.717,46.317,13.0
2021-06-25,29.2,20.6,24.8,0.0,14.7,30.6,16.81,Mahajanga,-15.717,46.317,13.0
2021-06-26,29.9,20.5,24.1,0.0,16.0,32.4,18.34,Mahajanga,-15.717,46.317,13.0
2021-06-27,30.0,19.0,24.3,0.0,15.0,31.3,18.64,Mahajanga,-15.717,46.317,13.0
2021-06-28,30.6,19.6,24.9,0.0,15.4,28.4,18.57,Mahajanga,-15.717,46.317,13.0
2021-06-29,31.4,20.5,25.6,0.0,16.6,32.8,18.28,Mahajanga,-15.717,46.317,13.0
2021-06-30,30.1,19.8,25.1,0.0,16.0,32.4,18.82,Mahajanga,-15.717,46.317,13.0
2021-07-01,30.5,20.2,25.4,0.0,17.8,34.2,18.74,Mahajanga,-15.717,46.317,13.0
2021-07-02,30.6,19.6,25.5,0.2,17.3,34.2,18.5,Mahajanga,-15.717,46.317,13.0
2021-07-03,30.3,20.5,25.4,0.0,19.6,38.9,18.82,Mahajanga,-15.717,46.317,13.0
2021-07-04,30.8,19.8,25.2,0.0,20.5,39.2,18.84,Mahajanga,-15.717,46.317,13.0
2021-07-05,30.8,21.0,26.1,0.0,16.4,30.6,17.5,Mahajanga,-15.717,46.317,13.0
2021-07-06,30.0,19.9,25.2,0.0,15.9,28.1,18.58,Mahajanga,-15.717,46.317,13.0
2021-07-07,30.6,20.9,25.7,0.0,16.1,33.1,17.99,Mahajanga,-15.717,46.317,13.0
2021-07-08,30.3,20.0,25.6,0.0,18.3,35.6,18.77,Mahajanga,-15.717,46.317,13.0
2021-07-09,31.1,21.4,26.2,1.2,22.4,42.1,17.97,Mahajanga,-15.717,46.317,13.0
2021-07-10,32.4,21.9,26.6,0.0,23.6,44.6,17.6,Mahajanga,-15.717,46.317,13.0
2021-07-11,31.2,21.6,26.0,0.0,22.3,44.6,19.16,Mahajanga,-15.717,46.317,13.0
2021-07-12,31.2,21.7,26.4,0.0,19.6,40.3,18.4,Mahajanga,-15.717,46.317,13.0
2021-07-13,30.5,20.5,25.4,0.0,23.0,39.6,19.29,Mahajanga,-15.717,46.317,13.0
2021-07-14,29.7,20.0,24.9,0.0,19.3,34.2,19.18,Mahajanga,-15.717,46.317,13.0
2021-07-15,29.4,20.9,25.0,0.0,17.7,33.8,18.9,Mahajanga,-15.717,46.317,13.0
2021-07-16,30.5,19.7,24.9,0.0,20.7,40.3,19.26,Mahajanga,-15.717,46.317,13.0
2021-07-17,29.7,19.6,24.6,0.0,17.6,34.2,19.3,Mahajanga,-15.717,46.317,13.0
2021-07-18,30.1,20.0,24.9,0.0,15.9,30.6,18.53,Mahajanga,-15.717,46.317,13.0
2021-07-19,31.3,20.6,26.0,0.3,20.2,38.2,18.35,Mahajanga,-15.717,46.317,13.0
2021-07-20,31.6,23.3,26.9,1.1,16.9,33.5,18.8,Mahajanga,-15.717,46.317,13.0
2021-07-21,31.2,21.3,26.1,0.0,18.6,33.5,19.52,Mahajanga,-15.717,46.317,13.0
2021-07-22,31.1,21.6,25.9,0.0,18.4,37.4,18.63,Mahajanga,-15.717,46.317,13.0
2021-07-23,30.3,20.0,25.0,0.0,16.2,28.8,18.59,Mahajanga,-15.717,46.317,13.0
2021-07-24,30.2,20.5,24.5,0.0,18.7,36.0,19.98,Mahajanga,-15.717,46.317,13.0
2021-07-25,30.5,17.4,24.1,0.0,16.6,33.8,19.92,Mahajanga,-15.717,46.317,13.0
2021-07-26,30.4,21.1,25.6,0.0,23.2,44.6,19.73,Mahajanga,-15.717,46.317,13.0
2021-07-27,29.6,20.6,24.5,0.0,19.7,34.2,19.77,Mahajanga,-15.717,46.317,13.0
2021-07-28,30.3,20.6,24.9,0.0,16.1,29.2,20.06,Mahajanga,-15.717,46.317,13.0
2021-07-29,31.1,19.9,25.4,0.0,23.2,41.8,17.25,Mahajanga,-15.717,46.317,13.0
2021-07-30,31.8,22.3,26.6,0.1,23.8,47.5,17.38,Mahajanga,-15.717,46.317,13.0
2021-07-31,31.2,20.8,25.9,0.0,25.4,43.6,20.37,Mahajanga,-15.717,46.317,13.0
2021-08-01,30.7,19.6,25.1,0.0,23.4,39.2,20.66,Mahajanga,-15.717,46.317,13.0
2021-08-02,30.0,21.5,24.9,0.0,19.3,36.0,19.02,Mahajanga,-15.717,46.317,13.0
2021-08-03,29.0,19.6,24.4,0.0,18.4,37.4,19.44,Mahajanga,-15.717,46.317,13.0
2021-08-04,31.3,20.7,25.7,0.0,22.5,38.2,20.32,Mahajanga,-15.717,46.317,13.0
2021-08-05,31.0,20.7,26.1,0.0,23.4,42.1,19.08,Mahajanga,-15.717,46.317,13.0
2021-08-06,30.7,19.9,25.0,0.0,15.5,30.6,21.02,Mahajanga,-15.717,46.317,13.0
2021-08-07,30.4,19.8,24.7,0.0,14.9,29.2,21.19,Mahajanga,-15.717,46.317,13.0
2021-08-08,29.2,22.2,24.5,0.0,20.3,42.8,19.83,Mahajanga,-15.717,46.317,13.0
2021-08-09,30.9,21.7,25.1,0.0,21.4,41.8,20.56,Mahajanga,-15.717,46.317,13.0
2021-08-10,30.1,20.9,25.0,0.5,17.6,32.0,21.4,Mahajanga,-15.717,46.317,13.0
2021-08-11,31.9,22.8,26.2,0.0,19.0,36.0,20.87,Mahajanga,-15.717,46.317,13.0
2021-08-12,32.1,20.6,25.3,0.0,17.4,34.2,21.39,Mahajanga,-15.717,46.317,13.0
2021-08-13,32.7,20.7,26.0,0.0,20.0,33.1,20.23,Mahajanga,-15.717,46.317,13.0
2021-08-14,33.6,22.1,26.4,0.0,17.6,31.0,21.8,Mahajanga,-15.717,46.317,13.0
2021-08-15,32.1,20.6,26.4,0.0,20.0,38.9,21.67,Mahajanga,-15.717,46.317,13.0
2021-08-16,30.7,20.6,25.4,0.0,22.9,41.8,22.05,Mahajanga,-15.717,46.317,13.0
2021-08-17,31.3,19.9,25.4,0.0,24.6,41.8,21.98,Mahajanga,-15.717,46.317,13.0
2021-08-18,31.8,19.8,25.8,0.0,22.5,38.5,21.42,Mahajanga,-15.717,46.317,13.0
2021-08-19,33.0,21.0,26.7,0.0,17.2,34.9,20.46,Mahajanga,-15.717,46.317,13.0
2021-08-20,34.3,23.4,27.7,0.0,18.4,33.5,21.27,Mahajanga,-15.717,46.317,13.0
2021-08-21,34.5,22.9,27.3,0.0,20.4,36.7,22.17,Mahajanga,-15.717,46.317,13.0
2021-08-22,32.6,21.1,25.6,0.0,19.1,34.9,22.56,Mahajanga,-15.717,46.317,13.0
2021-08-23,32.2,20.0,25.3,0.0,17.7,36.0,23.01,Mahajanga,-15.717,46.317,13.0
2021-08-24,32.2,19.4,24.9,0.0,17.6,35.3,23.0,Mahajanga,-15.717,46.317,13.0
2021-08-25,32.4,19.5,25.5,0.0,17.9,35.6,22.98,Mahajanga,-15.717,46.317,13.0
2021-08-26,32.5,21.4,25.7,0.0,16.5,33.1,22.95,Mahajanga,-15.717,46.317,13.0
2021-08-27,31.5,20.6,25.5,0.0,17.9,34.6,22.95,Mahajanga,-15.717,46.317,13.0
2021-08-28,31.8,20.4,25.9,0.4,21.3,38.5,22.11,Mahajanga,-15.717,46.317,13.0
2021-08-29,32.6,22.7,27.1,0.4,20.2,42.8,20.79,Mahajanga,-15.717,46.317,13.0
2021-08-30,31.7,23.7,26.4,3.5,17.1,37.1,15.04,Mahajanga,-15.717,46.317,13.0
2021-08-31,29.5,22.7,25.3,6.8,24.1,43.9,17.15,Mahajanga,-15.717,46.317,13.0
2021-09-01,32.5,21.8,25.9,0.0,17.8,29.9,23.46,Mahajanga,-15.717,46.317,13.0
2021-09-02,32.3,20.4,25.4,0.0,23.1,38.9,23.99,Mahajanga,-15.717,46.317,13.0
2021-09-03,32.0,20.3,25.1,0.0,22.5,40.7,24.21,Mahajanga,-15.717,46.317,13.0
2021-09-04,33.0,20.9,26.0,0.0,21.1,37.1,24.18,Mahajanga,-15.717,46.317,13.0
2021-09-05,33.0,20.4,26.1,0.0,19.5,37.8,24.41,Mahajanga,-15.717,46.317,13.0
2021-09-06,33.4,20.7,25.9,0.0,20.1,40.0,23.85,Mahajanga,-15.717,46.317,13.0
2021-09-07,32.7,22.9,26.8,0.0,17.8,34.6,15.52,Mahajanga,-15.717,46.317,13.0
2021-09-08,32.3,21.1,26.0,0.0,16.7,33.1,24.41,Mahajanga,-15.717,46.317,13.0
2021-09-09,32.7,20.6,25.7,0.0,19.6,36.7,24.61,Mahajanga,-15.717,46.317,13.0
2021-09-10,33.6,21.3,26.3,0.0,21.2,41.4,24.62,Mahajanga,-15.717,46.317,13.0
2021-09-11,33.5,20.9,27.1,0.0,25.1,42.5,24.74,Mahajanga,-15.717,46.317,13.0
2021-09-12,34.1,20.9,27.0,0.0,25.7,46.1,23.71,Mahajanga,-15.717,46.317,13.0
2021-09-13,33.9,21.1,26.5,0.0,25.0,47.9,22.25,Mahajanga,-15.717,46.317,13.0
2021-09-14,33.6,22.0,27.0,0.0,18.2,36.4,25.03,Mahajanga,-15.717,46.317,13.0
2021-09-15,33.8,21.7,26.6,0.0,17.7,34.2,25.08,Mahajanga,-15.717,46.317,13.0
2021-09-16,32.8,21.6,26.2,0.0,19.9,37.8,25.21,Mahajanga,-15.717,46.317,13.0
2021-09-17,31.1,22.5,25.8,0.0,24.5,46.1,24.7,Mahajanga,-15.717,46.317,13.0
2021-09-18,32.2,23.6,26.8,0.0,25.1,49.7,23.49,Mahajanga,-15.717,46.317,13.0
2021-09-19,32.7,23.7,27.5,1.1,18.0,42.5,19.7,Mahajanga,-15.717,46.317,13.0
2021-09-20,33.0,22.1,26.3,0.0,30.3,54.0,22.34,Mahajanga,-15.717,46.317,13.0
2021-09-21,33.5,22.1,26.5,0.0,19.4,37.8,24.99,Mahajanga,-15.717,46.317,13.0
2021-09-22,33.4,21.8,26.6,0.0,21.0,39.2,25.21,Mahajanga,-15.717,46.317,13.0
2021-09-23,33.1,21.8,26.6,0.0,23.5,43.9,25.83,Mahajanga,-15.717,46.317,13.0
2021-09-24,33.7,21.7,27.1,0.0,19.0,33.5,25.81,Mahajanga,-15.717,46.317,13.0
2021-09-25,33.6,23.0,28.0,0.0,21.7,40.7,23.46,Mahajanga,-15.717,46.317,13.0
2021-09-26,34.4,22.9,28.0,0.0,18.7,38.2,25.87,Mahajanga,-15.717,46.317,13.0
2021-09-27,34.3,21.8,27.4,0.0,20.7,39.6,25.93,Mahajanga,-15.717,46.317,13.0
2021-09-28,35.1,23.8,28.3,0.0,22.4,43.6,23.64,Mahajanga,-15.717,46.317,13.0
2021-09-29,35.1,23.1,27.5,0.0,20.7,40.0,24.74,Mahajanga,-15.717,46.317,13.0
2021-09-30,34.0,22.5,27.1,0.0,21.3,39.6,26.46,Mahajanga,-15.717,46.317,13.0
2021-10-01,34.0,22.4,26.9,0.0,24.4,47.5,26.46,Mahajanga,-15.717,46.317,13.0
2021-10-02,33.7,21.9,26.2,0.0,25.6,54.7,26.1,Mahajanga,-15.717,46.317,13.0
2021-10-03,33.8,22.3,26.5,0.0,27.3,51.8,26.52,Mahajanga,-15.717,46.317,13.0
2021-10-04,33.3,22.8,26.9,0.0,23.1,43.2,23.52,Mahajanga,-15.717,46.317,13.0
2021-10-05,31.8,24.2,26.8,0.3,23.1,46.4,24.32,Mahajanga,-15.717,46.317,13.0
2021-10-06,29.8,23.8,26.2,0.0,20.6,36.0,12.47,Mahajanga,-15.717,46.317,13.0
2021-10-07,28.5,23.1,25.8,0.5,20.9,41.0,20.92,Mahajanga,-15.717,46.317,13.0
2021-10-08,32.7,22.2,26.8,1.4,23.5,55.8,23.09,Mahajanga,-15.717,46.317,13.0
2021-10-09,34.1,22.1,26.7,0.0,22.9,46.4,26.38,Mahajanga,-15.717,46.317,13.0
2021-10-10,34.3,21.9,27.2,0.0,19.1,36.0,27.09,Mahajanga,-15.717,46.317,13.0
2021-10-11,33.3,22.2,26.8,0.2,23.2,43.2,27.27,Mahajanga,-15.717,46.317,13.0
2021-10-12,33.8,22.6,27.3,0.0,24.0,44.6,27.1,Mahajanga,-15.717,46.317,13.0
2021-10-13,35.9,23.4,28.3,0.0,20.6,47.2,25.88,Mahajanga,-15.717,46.317,13.0
2021-10-14,34.6,25.0,28.3,0.0,22.4,41.8,25.16,Mahajanga,-15.717,46.317,13.0
2021-10-15,34.9,24.4,28.7,0.0,16.3,30.6,24.91,Mahajanga,-15.717,46.317,13.0
2021-10-16,34.8,22.9,27.4,0.0,27.4,50.4,27.74,Mahajanga,-15.717,46.317,13.0
2021-10-17,34.5,22.4,27.1,0.0,24.8,51.8,25.7,Mahajanga,-15.717,46.317,13.0
2021-10-18,34.5,23.7,27.4,0.0,23.7,45.4,23.82,Mahajanga,-15.717,46.317,13.0
2021-10-19,34.8,23.0,27.7,0.0,25.6,47.5,27.31,Mahajanga,-15.717,46.317,13.0
2021-10-20,33.7,23.5,27.1,0.0,27.9,51.5,26.72,Mahajanga,-15.717,46.317,13.0
2021-10-21,31.5,23.9,26.7,0.0,26.3,49.7,26.92,Mahajanga,-15.717,46.317,13.0
2021-10-22,30.6,22.5,26.5,0.0,22.2,41.8,27.54,Mahajanga,-15.717,46.317,13.0
2021-10-23,31.0,22.0,26.4,0.0,21.9,41.0,27.26,Mahajanga,-15.717,46.317,13.0
2021-10-24,32.3,23.6,27.6,0.6,26.0,48.2,26.78,Mahajanga,-15.717,46.317,13.0
2021-10-25,35.0,24.0,28.1,8.4,20.9,35.6,26.24,Mahajanga,-15.717,46.317,13.0
2021-10-26,35.2,24.2,28.5,0.2,16.7,29.5,27.19,Mahajanga,-15.717,46.317,13.0
2021-10-27,33.5,22.7,27.6,0.0,24.0,44.3,27.55,Mahajanga,-15.717,46.317,13.0
2021-10-28,29.7,24.6,26.9,0.0,24.9,44.3,22.56,Mahajanga,-15.717,46.317,13.0
2021-10-29,29.8,23.4,26.2,0.0,23.4,45.0,27.88,Mahajanga,-15.717,46.317,13.0
2021-10-30,28.4,22.9,25.5,1.9,20.8,40.3,24.67,Mahajanga,-15.717,46.317,13.0
2021-10-31,29.9,22.4,26.1,0.0,17.9,35.3,27.93,Mahajanga,-15.717,46.317,13.0
2021-11-01,29.8,23.1,26.6,1.1,20.2,40.3,26.58,Mahajanga,-15.717,46.317,13.0
2021-11-02,29.1,24.2,26.7,1.4,20.3,38.9,24.27,Mahajanga,-15.717,46.317,13.0
2021-11-03,30.6,24.5,27.4,0.0,21.6,42.8,24.99,Mahajanga,-15.717,46.317,13.0
2021-11-04,31.6,25.5,28.0,1.3,21.7,41.4,24.58,Mahajanga,-15.717,46.317,13.0
2021-11-05,31.5,25.5,28.2,0.0,21.5,42.8,26.43,Mahajanga,-15.717,46.317,13.0
2021-11-06,33.3,25.5,28.4,0.2,24.8,46.8,25.63,Mahajanga,-15.717,46.317,13.0
2021-11-07,34.8,23.7,28.4,3.9,23.4,44.6,26.92,Mahajanga,-15.717,46.317,13.0
2021-11-08,36.6,24.7,28.7,0.0,26.1,48.2,28.25,Mahajanga,-15.717,46.317,13.0
2021-11-09,33.9,25.2,28.6,0.4,23.2,42.8,27.03,Mahajanga,-15.717,46.317,13.0
2021-11-10,31.1,25.9,28.3,0.4,24.1,44.6,24.96,Mahajanga,-15.717,46.317,13.0
2021-11-11,29.3,24.5,27.0,4.6,21.1,42.5,17.74,Mahajanga,-15.717,46.317,13.0
2021-11-12,29.7,23.8,26.8,5.3,19.9,38.2,21.33,Mahajanga,-15.717,46.317,13.0
2021-11-13,31.1,23.0,26.4,6.4,23.2,43.6,23.71,Mahajanga,-15.717,46.317,13.0
2021-11-14,31.1,24.0,27.3,3.1,21.4,38.9,26.0,Mahajanga,-15.717,46.317,13.0
2021-11-15,31.4,24.0,27.1,4.4,22.8,42.8,26.77,Mahajanga,-15.717,46.317,13.0
2021-11-16,31.2,24.2,27.5,2.5,20.7,39.6,24.58,Mahajanga,-15.717,46.317,13.0
2021-11-17,31.9,24.2,27.6,0.8,22.8,43.6,26.9,Mahajanga,-15.717,46.317,13.0
2021-11-18,33.4,24.6,28.0,0.1,27.0,49.3,28.64,Mahajanga,-15.717,46.317,13.0
2021-11-19,35.1,23.7,28.4,0.0,25.3,46.4,29.13,Mahajanga,-15.717,46.317,13.0
2021-11-20,31.7,24.1,27.9,0.2,23.4,43.2,27.53,Mahajanga,-15.717,46.317,13.0
2021-11-21,29.5,24.7,27.2,0.4,22.2,43.2,20.21,Mahajanga,-15.717,46.317,13.0
2021-11-22,28.7,24.0,26.5,7.3,22.1,40.3,18.07,Mahajanga,-15.717,46.317,13.0
2021-11-23,28.6,24.1,26.6,6.2,21.9,41.0,22.65,Mahajanga,-15.717,46.317,13.0
2021-11-24,30.5,24.0,27.5,0.5,22.2,43.6,26.58,Mahajanga,-15.717,46.317,13.0
2021-11-25,30.6,25.5,28.1,7.9,22.9,42.5,20.87,Mahajanga,-15.717,46.317,13.0
2021-11-26,33.3,24.3,27.6,1.6,22.2,42.5,27.17,Mahajanga,-15.717,46.317,13.0
2021-11-27,31.3,24.2,26.9,5.0,20.3,37.4,24.77,Mahajanga,-15.717,46.317,13.0
2021-11-28,28.8,23.8,26.2,15.5,15.6,30.6,21.02,Mahajanga,-15.717,46.317,13.0
2021-11-29,31.7,23.1,26.8,10.3,18.3,36.7,26.07,Mahajanga,-15.717,46.317,13.0
2021-11-30,31.2,24.0,27.2,11.5,19.5,38.2,26.42,Mahajanga,-15.717,46.317,13.0
2021-12-01,32.7,24.1,27.7,1.7,21.4,39.6,27.89,Mahajanga,-15.717,46.317,13.0
2021-12-02,33.3,24.5,29.0,1.1,17.6,33.5,26.67,Mahajanga,-15.717,46.317,13.0
2021-12-03,34.3,23.5,28.1,0.0,19.6,37.8,28.74,Mahajanga,-15.717,46.317,13.0
2021-12-04,35.4,24.9,29.0,0.0,20.9,35.6,28.22,Mahajanga,-15.717,46.317,13.0
2021-12-05,35.7,25.5,29.5,0.0,18.5,32.4,27.28,Mahajanga,-15.717,46.317,13.0
2021-12-06,35.2,24.7,28.9,0.1,23.0,41.8,27.44,Mahajanga,-15.717,46.317,13.0
2021-12-07,36.2,24.7,29.7,0.0,18.5,35.3,26.18,Mahajanga,-15.717,46.317,13.0
2021-12-08,35.2,25.1,29.3,0.0,20.6,43.9,27.95,Mahajanga,-15.717,46.317,13.0
2021-12-09,34.0,25.4,28.7,0.9,24.3,46.1,27.66,Mahajanga,-15.717,46.317,13.0
2021-12-10,33.2,24.9,28.2,0.8,25.3,46.8,25.56,Mahajanga,-15.717,46.317,13.0
2021-12-11,33.8,24.7,28.4,0.0,28.5,52.2,25.01,Mahajanga,-15.717,46.317,13.0
2021-12-12,35.6,24.8,28.8,0.1,25.7,48.6,25.35,Mahajanga,-15.717,46.317,13.0
2021-12-13,35.4,23.8,28.8,4.1,26.1,49.7,27.25,Mahajanga,-15.717,46.317,13.0
2021-12-14,33.8,25.4,28.8,0.9,23.0,45.7,27.11,Mahajanga,-15.717,46.317,13.0
2021-12-15,33.5,24.2,27.9,5.4,24.5,46.4,27.63,Mahajanga,-15.717,46.317,13.0
2021-12-16,32.3,23.7,27.5,19.7,20.6,40.3,26.46,Mahajanga,-15.717,46.317,13.0
2021-12-17,32.5,24.6,27.7,1.1,20.1,38.2,27.19,Mahajanga,-15.717,46.317,13.0
2021-12-18,29.6,24.2,27.3,7.1,19.7,37.1,25.66,Mahajanga,-15.717,46.317,13.0
2021-12-19,31.2,25.1,28.2,1.6,21.1,39.2,27.51,Mahajanga,-15.717,46.317,13.0
2021-12-20,31.5,25.9,28.8,0.0,21.1,39.6,27.57,Mahajanga,-15.717,46.317,13.0
2021-12-21,32.1,25.7,28.6,0.9,19.3,38.2,27.33,Mahajanga,-15.717,46.317,13.0
2021-12-22,31.8,25.0,28.6,0.4,18.9,36.0,28.44,Mahajanga,-15.717,46.317,13.0
2021-12-23,31.5,26.2,28.8,0.0,20.2,37.4,27.16,Mahajanga,-15.717,46.317,13.0
2021-12-24,31.7,26.7,29.1,1.1,21.9,41.0,25.77,Mahajanga,-15.717,46.317,13.0
2021-12-25,30.8,25.1,28.3,7.4,13.7,26.6,21.59,Mahajanga,-15.717,46.317,13.0
2021-12-26,29.5,25.8,28.0,13.5,16.3,36.7,15.98,Mahajanga,-15.717,46.317,13.0
2021-12-27,31.1,25.0,28.2,5.1,17.3,33.5,21.78,Mahajanga,-15.717,46.317,13.0
2021-12-28,29.1,24.4,26.6,20.6,11.9,25.9,17.46,Mahajanga,-15.717,46.317,13.0
2021-12-29,30.8,24.6,27.6,19.1,12.7,27.7,20.88,Mahajanga,-15.717,46.317,13.0
2021-12-30,30.4,24.1,26.5,49.9,14.0,26.3,13.2,Mahajanga,-15.717,46.317,13.0
2021-12-31,30.3,24.9,27.5,8.2,14.7,32.0,23.96,Mahajanga,-15.717,46.317,13.0
2022-01-01,30.9,23.8,27.2,20.9,16.4,33.5,25.57,Mahajanga,-15.717,46.317,13.0
2022-01-02,28.7,24.1,26.4,15.0,9.4,21.6,14.17,Mahajanga,-15.717,46.317,13.0
2022-01-03,29.2,23.4,25.9,18.6,12.8,25.6,16.04,Mahajanga,-15.717,46.317,13.0
2022-01-04,29.5,24.3,26.8,1.8,15.6,30.6,17.75,Mahajanga,-15.717,46.317,13.0
2022-01-05,29.8,24.8,27.0,8.7,16.3,33.5,23.6,Mahajanga,-15.717,46.317,13.0
2022-01-06,29.3,24.0,26.2,26.2,14.6,32.0,23.32,Mahajanga,-15.717,46.317,13.0
2022-01-07,29.2,24.0,26.5,6.0,17.4,32.8,24.99,Mahajanga,-15.717,46.317,13.0
2022-01-08,29.2,24.3,26.3,20.7,14.6,30.2,18.25,Mahajanga,-15.717,46.317,13.0
2022-01-09,27.7,23.6,25.3,38.5,12.6,25.9,15.02,Mahajanga,-15.717,46.317,13.0
2022-01-10,27.7,23.4,25.3,29.0,14.8,29.9,16.54,Mahajanga,-15.717,46.317,13.0
2022-01-11,28.9,23.5,26.1,4.1,20.5,36.4,22.01,Mahajanga,-15.717,46.317,13.0
2022-01-12,29.8,24.4,27.1,1.6,17.9,33.8,26.76,Mahajanga,-15.717,46.317,13.0
2022-01-13,30.4,24.6,27.6,1.1,17.7,32.8,27.42,Mahajanga,-15.717,46.317,13.0
2022-01-14,30.8,24.8,27.5,0.1,19.5,38.2,27.34,Mahajanga,-15.717,46.317,13.0
2022-01-15,28.0,24.1,26.2,10.4,18.4,35.3,19.4,Mahajanga,-15.717,46.317,13.0
2022-01-16,28.5,24.8,26.5,6.6,18.9,38.2,21.76,Mahajanga,-15.717,46.317,13.0
2022-01-17,29.4,24.6,26.4,18.4,21.2,41.4,24.58,Mahajanga,-15.717,46.317,13.0
2022-01-18,28.1,24.5,26.1,24.0,17.5,39.2,17.95,Mahajanga,-15.717,46.317,13.0
2022-01-19,26.4,23.8,25.1,40.7,21.1,49.0,11.39,Mahajanga,-15.717,46.317,13.0
2022-01-20,29.2,23.7,25.5,49.5,14.7,28.4,20.05,Mahajanga,-15.717,46.317,13.0
2022-01-21,29.1,23.4,26.1,6.7,12.2,27.0,24.46,Mahajanga,-15.717,46.317,13.0
2022-01-22,28.4,24.0,25.8,26.5,15.9,27.7,14.95,Mahajanga,-15.717,46.317,13.0
2022-01-23,27.1,23.9,25.4,49.2,25.1,41.8,10.09,Mahajanga,-15.717,46.317,13.0
2022-01-24,25.3,23.1,24.2,67.8,23.1,42.1,7.59,Mahajanga,-15.717,46.317,13.0
2022-01-25,27.0,23.1,25.0,15.9,15.4,29.9,11.21,Mahajanga,-15.717,46.317,13.0
2022-01-26,29.3,24.0,25.8,6.3,15.5,26.3,13.59,Mahajanga,-15.717,46.317,13.0
2022-01-27,30.6,22.6,26.1,3.9,11.9,24.8,21.88,Mahajanga,-15.717,46.317,13.0
2022-01-28,29.7,22.8,26.3,1.5,15.2,25.2,27.71,Mahajanga,-15.717,46.317,13.0
2022-01-29,30.7,23.9,26.7,0.2,15.3,31.7,27.64,Mahajanga,-15.717,46.317,13.0
2022-01-30,29.6,24.0,26.9,0.1,12.7,25.9,26.66,Mahajanga,-15.717,46.317,13.0
2022-01-31,30.9,24.6,27.5,1.9,15.1,27.7,24.89,Mahajanga,-15.717,46.317,13.0
2022-02-01,32.5,24.8,28.1,0.4,16.6,30.6,27.6,Mahajanga,-15.717,46.317,13.0
2022-02-02,30.5,23.3,26.9,17.5,15.2,34.2,27.58,Mahajanga,-15.717,46.317,13.0
2022-02-03,29.5,24.4,27.2,5.2,16.1,31.0,24.85,Mahajanga,-15.717,46.317,13.0
2022-02-04,30.0,25.6,27.3,3.1,23.4,44.6,22.89,Mahajanga,-15.717,46.317,13.0
2022-02-05,29.2,25.9,27.6,5.8,28.9,52.9,18.76,Mahajanga,-15.717,46.317,13.0
2022-02-06,29.9,24.6,27.5,5.9,26.7,46.8,26.25,Mahajanga,-15.717,46.317,13.0
2022-02-07,29.7,24.0,27.0,1.1,20.3,39.2,26.12,Mahajanga,-15.717,46.317,13.0
2022-02-08,27.8,24.4,25.9,12.1,19.8,40.3,20.45,Mahajanga,-15.717,46.317,13.0
2022-02-09,28.3,24.5,26.0,14.3,18.6,36.0,17.14,Mahajanga,-15.717,46.317,13.0
2022-02-10,30.3,24.0,26.3,9.3,15.6,33.1,20.78,Mahajanga,-15.717,46.317,13.0
2022-02-11,30.8,23.8,26.5,4.9,15.1,31.7,25.25,Mahajanga,-15.717,46.317,13.0
2022-02-12,30.8,23.6,26.7,1.9,18.2,33.5,27.39,Mahajanga,-15.717,46.317,13.0
2022-02-13,30.2,24.4,26.9,9.0,14.7,27.4,25.46,Mahajanga,-15.717,46.317,13.0
2022-02-14,30.0,23.5,26.3,10.1,15.3,28.8,23.27,Mahajanga,-15.717,46.317,13.0
2022-02-15,30.9,24.1,27.1,9.2,15.3,28.4,23.22,Mahajanga,-15.717,46.317,13.0
2022-02-16,30.7,25.0,27.4,10.4,16.6,32.4,23.84,Mahajanga,-15.717,46.317,13.0
2022-02-17,32.4,24.3,27.7,1.4,14.9,27.0,26.33,Mahajanga,-15.717,46.317,13.0
2022-02-18,32.7,24.2,28.1,3.4,15.0,26.3,27.7,Mahajanga,-15.717,46.317,13.0
2022-02-19,32.5,24.7,28.3,0.3,15.2,31.3,28.15,Mahajanga,-15.717,46.317,13.0
2022-02-20,31.4,24.9,28.1,0.3,17.3,31.3,26.44,Mahajanga,-15.717,46.317,13.0
2022-02-21,31.7,25.7,28.3,0.3,26.2,47.9,26.41,Mahajanga,-15.717,46.317,13.0
2022-02-22,30.4,25.8,27.4,12.5,31.0,56.9,20.52,Mahajanga,-15.717,46.317,13.0
2022-02-23,28.1,25.1,26.5,12.2,24.5,43.9,20.74,Mahajanga,-15.717,46.317,13.0
2022-02-24,27.0,24.6,25.5,26.7,21.6,41.0,11.08,Mahajanga,-15.717,46.317,13.0
2022-02-25,29.3,23.8,26.7,1.0,16.3,29.9,25.82,Mahajanga,-15.717,46.317,13.0
2022-02-26,28.5,25.2,26.5,13.8,17.0,38.9,20.17,Mahajanga,-15.717,46.317,13.0
2022-02-27,28.7,24.7,26.4,26.3,11.0,27.4,16.71,Mahajanga,-15.717,46.317,13.0
2022-02-28,27.8,24.2,25.7,26.1,15.6,31.0,13.34,Mahajanga,-15.717,46.317,13.0
2022-03-01,28.4,23.8,25.9,9.3,18.2,32.8,23.46,Mahajanga,-15.717,46.317,13.0
2022-03-02,29.2,24.0,26.4,10.3,18.3,32.0,22.95,Mahajanga,-15.717,46.317,13.0
2022-03-03,28.8,23.9,26.4,7.4,18.2,34.9,24.38,Mahajanga,-15.717,46.317,13.0
2022-03-04,28.7,24.3,26.3,14.5,11.8,25.6,21.29,Mahajanga,-15.717,46.317,13.0
2022-03-05,29.2,24.5,26.7,4.8,10.5,27.0,23.06,Mahajanga,-15.717,46.317,13.0
2022-03-06,31.5,24.6,27.2,3.4,12.0,22.0,26.04,Mahajanga,-15.717,46.317,13.0
2022-03-07,31.6,23.9,27.3,4.5,14.8,25.6,25.66,Mahajanga,-15.717,46.317,13.0
2022-03-08,31.5,25.4,27.0,21.7,19.9,35.3,19.21,Mahajanga,-15.717,46.317,13.0
2022-03-09,28.3,24.8,25.8,32.1,32.1,56.5,12.71,Mahajanga,-15.717,46.317,13.0
2022-03-10,29.2,24.4,26.0,14.5,19.3,39.6,15.66,Mahajanga,-15.717,46.317,13.0
2022-03-11,28.8,24.1,26.1,11.6,14.6,27.0,17.53,Mahajanga,-15.717,46.317,13.0
2022-03-12,31.5,23.9,27.2,5.1,13.7,23.0,25.17,Mahajanga,-15.717,46.317,13.0
2022-03-13,30.8,24.4,27.4,1.2,12.3,25.6,22.85,Mahajanga,-15.717,46.317,13.0
2022-03-14,31.6,24.5,27.4,8.7,12.3,24.5,25.96,Mahajanga,-15.717,46.317,13.0
2022-03-15,30.3,24.0,26.5,11.5,9.6,23.0,21.86,Mahajanga,-15.717,46.317,13.0
2022-03-16,29.6,24.1,26.5,10.8,11.7,21.2,18.75,Mahajanga,-15.717,46.317,13.0
2022-03-17,31.1,24.4,26.9,8.7,14.5,28.8,21.11,Mahajanga,-15.717,46.317,13.0
2022-03-18,28.3,24.3,26.0,14.8,19.0,34.6,14.15,Mahajanga,-15.717,46.317,13.0
2022-03-19,28.9,24.6,26.5,10.3,15.6,33.5,20.14,Mahajanga,-15.717,46.317,13.0
2022-03-20,28.3,23.8,25.5,24.4,14.1,28.1,12.81,Mahajanga,-15.717,46.317,13.0
2022-03-21,30.9,23.9,26.6,13.7,14.1,32.0,22.89,Mahajanga,-15.717,46.317,13.0
2022-03-22,31.9,23.9,27.3,0.4,11.9,24.1,25.33,Mahajanga,-15.717,46.317,13.0
2022-03-23,31.7,25.4,28.1,3.3,10.9,22.0,25.15,Mahajanga,-15.717,46.317,13.0
2022-03-24,30.8,24.1,27.2,3.3,12.6,23.0,22.78,Mahajanga,-15.717,46.317,13.0
2022-03-25,30.7,24.5,27.4,0.2,12.9,23.8,23.17,Mahajanga,-15.717,46.317,13.0
2022-03-26,30.1,25.3,27.8,2.7,10.5,23.8,20.98,Mahajanga,-15.717,46.317,13.0
2022-03-27,29.6,24.1,27.0,10.2,16.7,29.9,21.51,Mahajanga,-15.717,46.317,13.0
2022-03-28,29.7,25.1,27.2,5.0,14.2,27.4,20.33,Mahajanga,-15.717,46.317,13.0
2022-03-29,29.5,23.6,26.3,21.1,13.1,27.7,21.34,Mahajanga,-15.717,46.317,13.0
2022-03-30,31.3,23.8,26.9,18.8,11.0,24.8,24.3,Mahajanga,-15.717,46.317,13.0
2022-03-31,32.1,23.9,26.7,13.9,18.8,42.1,21.34,Mahajanga,-15.717,46.317,13.0
2022-04-01,30.9,24.3,27.0,0.0,17.8,34.2,21.46,Mahajanga,-15.717,46.317,13.0
2022-04-02,30.7,23.4,26.8,0.0,12.4,21.2,24.04,Mahajanga,-15.717,46.317,13.0
2022-04-03,30.4,23.3,27.2,0.0,11.2,21.6,23.86,Mahajanga,-15.717,46.317,13.0
2022-04-04,30.2,24.0,27.0,1.0,12.9,27.4,23.43,Mahajanga,-15.717,46.317,13.0
2022-04-05,30.6,23.8,26.9,1.0,16.1,29.5,23.44,Mahajanga,-15.717,46.317,13.0
2022-04-06,30.4,24.1,27.0,5.0,15.4,33.8,22.63,Mahajanga,-15.717,46.317,13.0
2022-04-07,31.4,24.7,27.5,1.4,12.9,25.9,23.05,Mahajanga,-15.717,46.317,13.0
2022-04-08,30.8,24.0,27.1,3.6,11.3,22.0,22.68,Mahajanga,-15.717,46.317,13.0
2022-04-09,31.0,23.7,26.9,4.5,13.4,33.1,21.87,Mahajanga,-15.717,46.317,13.0
2022-04-10,31.1,24.2,27.3,1.2,16.6,29.5,23.5,Mahajanga,-15.717,46.317,13.0
2022-04-11,31.9,24.5,27.8,0.0,19.4,34.6,22.93,Mahajanga,-15.717,46.317,13.0
2022-04-12,31.4,24.3,27.4,0.0,20.7,33.8,23.38,Mahajanga,-15.717,46.317,13.0
2022-04-13,31.7,24.3,27.5,0.0,20.8,40.0,22.99,Mahajanga,-15.717,46.317,13.0
2022-04-14,32.0,23.7,27.6,0.0,22.0,38.5,22.96,Mahajanga,-15.717,46.317,13.0
2022-04-15,33.1,25.3,28.6,0.0,19.9,35.6,21.82,Mahajanga,-15.717,46.317,13.0
2022-04-16,32.8,25.0,28.7,0.0,19.5,35.3,22.11,Mahajanga,-15.717,46.317,13.0
2022-04-17,32.0,23.7,27.7,0.0,18.7,34.2,22.97,Mahajanga,-15.717,46.317,13.0
2022-04-18,32.3,24.0,27.8,0.1,9.8,20.9,22.19,Mahajanga,-15.717,46.317,13.0
2022-04-19,32.4,23.9,27.8,0.1,13.0,23.8,22.65,Mahajanga,-15.717,46.317,13.0
2022-04-20,33.3,24.8,28.5,0.2,13.9,28.1,22.23,Mahajanga,-15.717,46.317,13.0
2022-04-21,33.0,25.7,28.2,6.1,19.8,43.6,18.05,Mahajanga,-15.717,46.317,13.0
2022-04-22,31.2,24.7,27.5,1.6,19.9,35.6,12.68,Mahajanga,-15.717,46.317,13.0
2022-04-23,32.0,23.9,26.8,2.7,19.1,34.2,14.66,Mahajanga,-15.717,46.317,13.0
2022-04-24,32.9,24.8,27.4,0.4,17.7,38.5,19.58,Mahajanga,-15.717,46.317,13.0
2022-04-25,32.4,23.5,27.4,0.0,16.0,30.6,21.07,Mahajanga,-15.717,46.317,13.0
2022-04-26,31.4,23.3,27.1,0.0,14.5,25.9,21.65,Mahajanga,-15.717,46.317,13.0
2022-04-27,30.0,23.6,26.9,0.0,13.4,25.6,21.25,Mahajanga,-15.717,46.317,13.0
2022-04-28,31.0,23.9,26.8,5.4,19.3,35.3,19.43,Mahajanga,-15.717,46.317,13.0
2022-04-29,31.1,23.2,26.6,0.2,14.4,27.4,21.31,Mahajanga,-15.717,46.317,13.0
2022-04-30,31.2,23.1,26.9,0.0,13.8,26.3,20.2,Mahajanga,-15.717,46.317,13.0
2022-05-01,31.4,24.5,27.4,0.0,16.6,30.2,20.6,Mahajanga,-15.717,46.317,13.0
2022-05-02,30.8,24.0,27.3,0.3,13.4,23.4,19.83,Mahajanga,-15.717,46.317,13.0
2022-05-03,31.8,24.4,27.7,0.1,13.7,24.5,20.52,Mahajanga,-15.717,46.317,13.0
2022-05-04,32.7,24.5,27.9,0.3,12.6,25.2,20.53,Mahajanga,-15.717,46.317,13.0
2022-05-05,32.6,23.4,27.5,0.0,18.4,33.1,21.04,Mahajanga,-15.717,46.317,13.0
2022-05-06,32.7,22.9,27.4,0.0,15.4,28.4,20.21,Mahajanga,-15.717,46.317,13.0
2022-05-07,33.1,23.1,28.0,0.0,14.3,29.2,19.84,Mahajanga,-15.717,46.317,13.0
2022-05-08,32.6,24.6,28.3,0.0,14.4,27.7,19.71,Mahajanga,-15.717,46.317,13.0
2022-05-09,32.1,24.3,27.8,0.0,16.6,28.8,20.2,Mahajanga,-15.717,46.317,13.0
2022-05-10,30.6,23.7,27.0,0.0,18.8,34.2,20.46,Mahajanga,-15.717,46.317,13.0
2022-05-11,31.6,22.9,26.6,0.0,15.6,33.1,21.06,Mahajanga,-15.717,46.317,13.0
2022-05-12,32.5,23.3,26.6,0.0,20.5,36.4,19.88,Mahajanga,-15.717,46.317,13.0
2022-05-13,31.9,22.7,26.8,0.5,14.5,28.1,20.23,Mahajanga,-15.717,46.317,13.0
2022-05-14,31.6,22.4,26.6,0.0,18.0,33.5,20.17,Mahajanga,-15.717,46.317,13.0
2022-05-15,31.5,22.1,26.7,0.0,16.8,31.3,19.99,Mahajanga,-15.717,46.317,13.0
2022-05-16,31.8,21.5,26.4,0.0,15.4,29.2,20.07,Mahajanga,-15.717,46.317,13.0
2022-05-17,31.8,22.4,27.0,0.4,16.6,30.2,18.67,Mahajanga,-15.717,46.317,13.0
2022-05-18,31.8,23.7,27.7,0.0,22.3,40.3,19.55,Mahajanga,-15.717,46.317,13.0
2022-05-19,32.0,21.7,26.7,0.0,17.7,32.4,20.02,Mahajanga,-15.717,46.317,13.0
2022-05-20,32.6,21.2,27.0,0.0,17.7,31.7,19.68,Mahajanga,-15.717,46.317,13.0
2022-05-21,32.6,23.5,27.9,0.0,18.3,33.5,19.39,Mahajanga,-15.717,46.317,13.0
2022-05-22,32.7,23.6,28.1,0.0,16.3,29.5,18.37,Mahajanga,-15.717,46.317,13.0
2022-05-23,31.3,24.2,27.5,0.0,15.8,28.8,18.85,Mahajanga,-15.717,46.317,13.0
2022-05-24,31.6,22.0,26.5,0.0,14.4,28.8,19.32,Mahajanga,-15.717,46.317,13.0
2022-05-25,31.5,21.7,26.5,0.0,15.5,27.7,19.23,Mahajanga,-15.717,46.317,13.0
2022-05-26,31.2,22.1,26.0,0.0,18.1,33.1,18.58,Mahajanga,-15.717,46.317,13.0
2022-05-27,31.2,22.7,26.3,0.0,17.1,32.0,18.7,Mahajanga,-15.717,46.317,13.0
2022-05-28,31.8,23.2,26.9,0.2,20.7,36.7,18.35,Mahajanga,-15.717,46.317,13.0
2022-05-29,31.5,23.3,27.6,0.1,19.7,33.8,18.35,Mahajanga,-15.717,46.317,13.0
2022-05-30,30.8,22.2,26.0,0.0,17.8,33.1,19.19,Mahajanga,-15.717,46.317,13.0
2022-05-31,29.5,20.2,24.6,0.0,16.7,31.3,19.35,Mahajanga,-15.717,46.317,13.0
2022-06-01,29.9,19.8,24.5,0.0,18.0,34.9,19.12,Mahajanga,-15.717,46.317,13.0
2022-06-02,30.2,19.9,24.8,0.0,14.6,28.4,19.2,Mahajanga,-15.717,46.317,13.0
2022-06-03,31.5,21.4,26.6,0.0,21.4,38.5,18.44,Mahajanga,-15.717,46.317,13.0
2022-06-04,31.6,23.1,26.9,0.0,22.1,39.2,18.74,Mahajanga,-15.717,46.317,13.0
2022-06-05,27.2,20.9,23.6,4.7,21.7,39.2,10.13,Mahajanga,-15.717,46.317,13.0
2022-06-06,29.2,21.6,24.5,2.0,12.7,25.6,17.94,Mahajanga,-15.717,46.317,13.0
2022-06-07,29.9,20.2,24.6,0.0,13.2,27.7,18.58,Mahajanga,-15.717,46.317,13.0
2022-06-08,29.3,20.9,24.4,0.0,15.0,29.2,18.59,Mahajanga,-15.717,46.317,13.0
2022-06-09,29.8,20.9,24.8,0.0,16.9,30.6,18.54,Mahajanga,-15.717,46.317,13.0
2022-06-10,29.9,20.1,24.7,0.0,14.7,25.9,18.32,Mahajanga,-15.717,46.317,13.0
2022-06-11,30.4,20.5,25.0,0.0,16.3,30.6,18.41,Mahajanga,-15.717,46.317,13.0
2022-06-12,30.2,20.4,25.0,0.0,17.8,33.5,18.52,Mahajanga,-15.717,46.317,13.0
2022-06-13,30.1,20.3,24.8,0.2,18.2,33.1,18.37,Mahajanga,-15.717,46.317,13.0
2022-06-14,30.8,20.6,25.3,0.0,14.8,28.4,18.39,Mahajanga,-15.717,46.317,13.0
2022-06-15,31.6,21.7,25.4,0.0,16.9,32.0,18.06,Mahajanga,-15.717,46.317,13.0
2022-06-16,29.7,22.0,25.1,0.0,12.4,23.0,17.75,Mahajanga,-15.717,46.317,13.0
2022-06-17,30.9,20.9,25.3,0.0,15.4,25.9,18.03,Mahajanga,-15.717,46.317,13.0
2022-06-18,30.8,22.3,25.3,0.0,19.4,34.9,18.1,Mahajanga,-15.717,46.317,13.0
2022-06-19,31.2,21.3,25.7,0.0,17.5,31.0,17.95,Mahajanga,-15.717,46.317,13.0
2022-06-20,31.4,23.1,26.5,0.0,18.5,34.2,18.12,Mahajanga,-15.717,46.317,13.0
2022-06-21,29.6,20.7,24.9,0.0,21.2,37.8,18.54,Mahajanga,-15.717,46.317,13.0
2022-06-22,29.5,18.8,24.2,0.0,18.6,34.6,18.6,Mahajanga,-15.717,46.317,13.0
2022-06-23,29.1,19.9,24.1,0.0,21.5,38.9,18.78,Mahajanga,-15.717,46.317,13.0
2022-06-24,29.2,20.0,24.7,0.0,21.5,40.0,18.67,Mahajanga,-15.717,46.317,13.0
2022-06-25,30.0,20.6,24.9,0.0,22.0,36.4,18.12,Mahajanga,-15.717,46.317,13.0
2022-06-26,28.6,19.1,24.0,0.0,17.0,32.0,18.48,Mahajanga,-15.717,46.317,13.0
2022-06-27,29.2,19.7,24.4,0.0,18.9,35.6,18.74,Mahajanga,-15.717,46.317,13.0
2022-06-28,29.1,18.4,24.2,0.0,28.9,51.8,18.26,Mahajanga,-15.717,46.317,13.0
2022-06-29,28.4,19.1,23.4,0.0,26.0,47.5,18.47,Mahajanga,-15.717,46.317,13.0
2022-06-30,29.5,19.9,24.3,0.0,22.3,39.6,18.73,Mahajanga,-15.717,46.317,13.0
2022-07-01,30.6,19.9,24.8,0.0,23.9,43.2,18.12,Mahajanga,-15.717,46.317,13.0
2022-07-02,29.5,20.2,24.7,0.0,31.7,58.0,16.91,Mahajanga,-15.717,46.317,13.0
2022-07-03,29.5,20.2,24.4,0.0,32.5,57.2,16.93,Mahajanga,-15.717,46.317,13.0
2022-07-04,29.9,20.1,24.6,0.0,24.5,45.7,17.85,Mahajanga,-15.717,46.317,13.0
2022-07-05,30.8,20.6,25.3,0.0,20.8,38.2,17.4,Mahajanga,-15.717,46.317,13.0
2022-07-06,30.0,19.6,24.4,0.0,20.2,33.5,18.88,Mahajanga,-15.717,46.317,13.0
2022-07-07,29.4,19.5,24.3,0.0,21.4,37.1,18.9,Mahajanga,-15.717,46.317,13.0
2022-07-08,29.5,19.7,24.8,0.0,19.8,34.6,18.88,Mahajanga,-15.717,46.317,13.0
2022-07-09,30.1,19.7,24.7,0.0,28.8,51.5,15.97,Mahajanga,-15.717,46.317,13.0
2022-07-10,30.5,19.9,24.5,0.0,27.6,49.7,17.89,Mahajanga,-15.717,46.317,13.0
2022-07-11,30.2,20.0,24.6,0.0,27.9,51.1,18.49,Mahajanga,-15.717,46.317,13.0
2022-07-12,31.2,20.4,25.6,0.0,23.3,45.4,16.26,Mahajanga,-15.717,46.317,13.0
2022-07-13,31.0,20.6,25.6,0.0,19.1,35.3,18.75,Mahajanga,-15.717,46.317,13.0
2022-07-14,29.9,20.2,24.6,0.0,19.1,34.6,18.78,Mahajanga,-15.717,46.317,13.0
2022-07-15,30.2,20.5,24.5,0.0,19.2,34.2,19.18,Mahajanga,-15.717,46.317,13.0
2022-07-16,30.0,19.5,24.9,0.0,16.6,31.0,16.85,Mahajanga,-15.717,46.317,13.0
2022-07-17,30.0,20.9,25.5,0.0,29.8,52.6,15.25,Mahajanga,-15.717,46.317,13.0
2022-07-18,31.3,21.0,25.5,0.0,27.7,50.0,17.32,Mahajanga,-15.717,46.317,13.0
2022-07-19,30.3,20.6,24.8,0.0,29.6,52.9,15.73,Mahajanga,-15.717,46.317,13.0
2022-07-20,30.3,18.5,24.4,0.0,26.4,48.6,18.99,Mahajanga,-15.717,46.317,13.0
2022-07-21,30.6,19.8,24.8,0.0,24.9,43.2,19.3,Mahajanga,-15.717,46.317,13.0
2022-07-22,29.7,19.2,24.5,0.0,18.1,31.7,19.58,Mahajanga,-15.717,46.317,13.0
2022-07-23,30.1,19.6,24.6,0.1,19.1,34.6,18.37,Mahajanga,-15.717,46.317,13.0
2022-07-24,29.3,19.8,24.8,0.0,13.6,27.7,19.24,Mahajanga,-15.717,46.317,13.0
2022-07-25,29.0,19.6,24.5,0.0,15.0,30.2,19.58,Mahajanga,-15.717,46.317,13.0
2022-07-26,30.8,19.2,24.6,0.0,18.8,33.8,18.71,Mahajanga,-15.717,46.317,13.0
2022-07-27,30.0,20.2,24.5,0.0,18.9,32.0,18.95,Mahajanga,-15.717,46.317,13.0
2022-07-28,30.6,18.8,24.2,0.0,19.3,34.2,17.03,Mahajanga,-15.717,46.317,13.0
2022-07-29,31.3,21.4,25.0,0.3,14.3,27.0,18.8,Mahajanga,-15.717,46.317,13.0
2022-07-30,31.2,20.8,24.7,0.0,18.6,32.8,19.32,Mahajanga,-15.717,46.317,13.0
2022-07-31,31.0,20.6,25.1,0.0,15.4,31.0,19.66,Mahajanga,-15.717,46.317,13.0
2022-08-01,30.3,19.6,24.9,0.1,16.4,32.0,20.46,Mahajanga,-15.717,46.317,13.0
2022-08-02,31.0,19.6,25.4,0.0,18.4,33.8,20.53,Mahajanga,-15.717,46.317,13.0
2022-08-03,29.8,19.5,24.7,0.0,18.6,34.9,20.62,Mahajanga,-15.717,46.317,13.0
2022-08-04,30.6,19.7,25.2,0.0,20.5,34.2,20.62,Mahajanga,-15.717,46.317,13.0
2022-08-05,29.8,20.0,24.8,0.0,18.1,33.8,20.51,Mahajanga,-15.717,46.317,13.0
2022-08-06,30.0,18.5,24.3,0.0,19.1,32.8,20.08,Mahajanga,-15.717,46.317,13.0
2022-08-07,30.9,20.3,24.7,0.0,19.7,32.8,20.68,Mahajanga,-15.717,46.317,13.0
2022-08-08,30.8,18.5,23.8,0.0,19.4,36.4,19.86,Mahajanga,-15.717,46.317,13.0
2022-08-09,31.5,19.8,25.4,0.0,21.9,37.8,21.29,Mahajanga,-15.717,46.317,13.0
2022-08-10,30.6,19.5,25.4,0.0,23.9,40.0,21.51,Mahajanga,-15.717,46.317,13.0
2022-08-11,30.0,19.6,24.7,0.0,27.6,45.7,21.64,Mahajanga,-15.717,46.317,13.0
2022-08-12,31.1,19.7,24.9,0.0,23.9,45.0,20.67,Mahajanga,-15.717,46.317,13.0
2022-08-13,32.3,19.8,25.2,0.0,22.8,41.4,21.22,Mahajanga,-15.717,46.317,13.0
2022-08-14,31.2,20.2,24.7,0.0,21.7,37.4,21.41,Mahajanga,-15.717,46.317,13.0
2022-08-15,30.7,20.6,24.3,0.0,22.5,43.2,21.56,Mahajanga,-15.717,46.317,13.0
2022-08-16,32.1,19.4,24.6,0.0,18.5,37.4,20.52,Mahajanga,-15.717,46.317,13.0
2022-08-17,31.1,20.9,24.5,0.0,21.7,41.0,22.04,Mahajanga,-15.717,46.317,13.0
2022-08-18,32.0,20.3,25.0,0.0,18.6,35.6,22.36,Mahajanga,-15.717,46.317,13.0
2022-08-19,31.2,19.3,24.1,0.0,23.1,43.9,22.23,Mahajanga,-15.717,46.317,13.0
2022-08-20,30.6,20.7,24.2,0.0,22.4,44.3,22.31,Mahajanga,-15.717,46.317,13.0
2022-08-21,32.5,20.4,25.2,0.0,18.0,32.8,21.18,Mahajanga,-15.717,46.317,13.0
2022-08-22,30.8,21.0,25.6,0.0,24.6,45.7,22.72,Mahajanga,-15.717,46.317,13.0
2022-08-23,32.3,20.4,26.1,0.0,20.6,36.0,21.9,Mahajanga,-15.717,46.317,13.0
2022-08-24,31.7,20.6,26.0,0.0,24.5,41.8,22.73,Mahajanga,-15.717,46.317,13.0
2022-08-25,31.4,20.0,25.4,0.0,24.6,40.7,22.74,Mahajanga,-15.717,46.317,13.0
2022-08-26,31.2,19.9,25.1,0.0,19.8,35.3,22.58,Mahajanga,-15.717,46.317,13.0
2022-08-27,31.3,20.1,24.8,0.0,17.5,33.8,22.96,Mahajanga,-15.717,46.317,13.0
2022-08-28,31.7,20.2,24.7,0.0,19.1,33.5,23.29,Mahajanga,-15.717,46.317,13.0
2022-08-29,32.3,19.7,25.2,0.0,22.5,42.5,22.08,Mahajanga,-15.717,46.317,13.0
2022-08-30,29.2,21.7,25.2,1.5,20.1,36.7,20.6,Mahajanga,-15.717,46.317,13.0
2022-08-31,29.9,21.4,25.5,0.1,26.5,49.7,21.88,Mahajanga,-15.717,46.317,13.0
2022-09-01,29.0,20.8,24.9,0.9,19.1,33.5,19.48,Mahajanga,-15.717,46.317,13.0
2022-09-02,30.8,22.0,25.3,0.2,20.7,41.8,18.97,Mahajanga,-15.717,46.317,13.0
2022-09-03,31.3,20.2,24.7,0.0,18.7,36.4,22.23,Mahajanga,-15.717,46.317,13.0
2022-09-04,31.5,20.3,25.2,0.0,16.3,32.8,23.36,Mahajanga,-15.717,46.317,13.0
2022-09-05,30.9,19.2,24.4,0.0,22.7,45.4,19.18,Mahajanga,-15.717,46.317,13.0
2022-09-06,32.2,21.4,26.2,0.0,14.6,28.8,20.89,Mahajanga,-15.717,46.317,13.0
2022-09-07,32.2,20.4,25.7,0.0,16.3,29.9,22.91,Mahajanga,-15.717,46.317,13.0
2022-09-08,32.0,20.7,25.6,0.0,21.1,39.6,23.88,Mahajanga,-15.717,46.317,13.0
2022-09-09,32.4,22.0,26.0,0.0,18.4,33.5,24.24,Mahajanga,-15.717,46.317,13.0
2022-09-10,32.0,20.3,25.6,0.0,17.9,34.6,24.15,Mahajanga,-15.717,46.317,13.0
2022-09-11,32.4,21.0,25.9,0.0,20.6,33.8,22.41,Mahajanga,-15.717,46.317,13.0
2022-09-12,31.7,20.9,25.5,0.0,19.0,36.4,20.03,Mahajanga,-15.717,46.317,13.0
2022-09-13,32.5,20.2,26.0,0.0,17.6,33.1,23.54,Mahajanga,-15.717,46.317,13.0
2022-09-14,32.8,21.8,26.5,0.0,20.1,37.8,23.19,Mahajanga,-15.717,46.317,13.0
2022-09-15,32.8,20.9,26.5,0.0,26.0,46.1,25.29,Mahajanga,-15.717,46.317,13.0
2022-09-16,32.1,20.6,26.0,0.0,24.9,41.8,25.2,Mahajanga,-15.717,46.317,13.0
2022-09-17,32.5,20.7,25.5,0.0,19.2,38.9,24.5,Mahajanga,-15.717,46.317,13.0
2022-09-18,32.3,20.8,25.5,0.0,20.0,39.2,25.27,Mahajanga,-15.717,46.317,13.0
2022-09-19,32.8,21.5,26.1,0.0,22.7,40.3,24.98,Mahajanga,-15.717,46.317,13.0
2022-09-20,33.4,21.5,26.4,0.0,21.5,37.8,21.76,Mahajanga,-15.717,46.317,13.0
2022-09-21,31.7,21.4,26.8,0.0,26.2,47.5,22.38,Mahajanga,-15.717,46.317,13.0
2022-09-22,33.7,23.5,28.2,0.7,26.8,48.6,17.85,Mahajanga,-15.717,46.317,13.0
2022-09-23,34.9,22.1,27.9,0.0,22.4,36.7,24.2,Mahajanga,-15.717,46.317,13.0
2022-09-24,33.3,23.3,27.5,0.0,24.0,39.2,20.65,Mahajanga,-15.717,46.317,13.0
2022-09-25,34.6,23.5,27.5,0.0,21.7,38.2,25.34,Mahajanga,-15.717,46.317,13.0
2022-09-26,34.1,22.3,27.3,0.0,20.1,38.2,25.72,Mahajanga,-15.717,46.317,13.0
2022-09-27,33.3,21.9,27.1,0.0,22.7,41.0,26.04,Mahajanga,-15.717,46.317,13.0
2022-09-28,32.4,20.7,25.7,0.0,29.1,49.7,26.36,Mahajanga,-15.717,46.317,13.0
2022-09-29,32.9,20.1,26.2,0.0,17.9,33.8,27.03,Mahajanga,-15.717,46.317,13.0
2022-09-30,32.7,20.7,26.0,0.0,18.8,34.9,26.37,Mahajanga,-15.717,46.317,13.0
2022-10-01,31.8,20.9,25.2,0.0,25.6,44.6,26.47,Mahajanga,-15.717,46.317,13.0
2022-10-02,32.2,21.0,25.5,0.0,20.6,38.2,26.68,Mahajanga,-15.717,46.317,13.0
2022-10-03,32.5,20.6,25.4,0.0,23.3,43.2,26.7,Mahajanga,-15.717,46.317,13.0
2022-10-04,31.8,20.8,25.1,0.0,25.8,49.0,26.71,Mahajanga,-15.717,46.317,13.0
2022-10-05,34.6,21.1,26.0,0.0,21.7,39.2,27.07,Mahajanga,-15.717,46.317,13.0
2022-10-06,34.5,21.3,26.6,0.0,19.2,42.1,27.23,Mahajanga,-15.717,46.317,13.0
2022-10-07,34.0,21.2,26.4,0.0,20.4,36.0,27.13,Mahajanga,-15.717,46.317,13.0
2022-10-08,33.7,21.5,26.2,0.0,21.1,38.2,27.15,Mahajanga,-15.717,46.317,13.0
2022-10-09,33.2,21.2,26.1,0.0,24.2,42.5,26.92,Mahajanga,-15.717,46.317,13.0
2022-10-10,33.1,21.7,26.1,0.0,20.7,47.2,26.84,Mahajanga,-15.717,46.317,13.0
2022-10-11,33.6,21.1,26.0,0.0,20.4,35.6,27.76,Mahajanga,-15.717,46.317,13.0
2022-10-12,33.8,21.2,25.9,0.0,23.4,46.4,27.38,Mahajanga,-15.717,46.317,13.0
2022-10-13,33.9,21.1,26.6,0.0,18.1,33.5,27.25,Mahajanga,-15.717,46.317,13.0
2022-10-14,33.4,21.2,25.7,0.0,22.5,41.4,27.0,Mahajanga,-15.717,46.317,13.0
2022-10-15,33.1,21.8,25.9,0.0,26.4,49.0,26.64,Mahajanga,-15.717,46.317,13.0
2022-10-16,31.5,21.9,25.9,0.1,23.4,46.8,26.14,Mahajanga,-15.717,46.317,13.0
2022-10-17,32.0,22.5,26.0,0.2,26.7,49.0,26.44,Mahajanga,-15.717,46.317,13.0
2022-10-18,32.9,21.5,26.1,0.8,23.4,45.0,27.49,Mahajanga,-15.717,46.317,13.0
2022-10-19,33.1,22.0,26.4,0.0,21.7,42.1,27.52,Mahajanga,-15.717,46.317,13.0
2022-10-20,33.3,21.6,26.1,0.0,22.6,46.4,27.73,Mahajanga,-15.717,46.317,13.0
2022-10-21,34.2,21.3,26.7,0.1,24.0,45.0,27.49,Mahajanga,-15.717,46.317,13.0
2022-10-22,33.2,22.3,26.5,0.0,22.0,41.8,27.41,Mahajanga,-15.717,46.317,13.0
2022-10-23,30.4,22.1,26.0,0.0,23.7,44.3,27.04,Mahajanga,-15.717,46.317,13.0
2022-10-24,29.5,22.9,26.3,0.4,23.0,42.8,25.68,Mahajanga,-15.717,46.317,13.0
2022-10-25,29.5,23.4,26.2,2.1,21.0,38.5,25.63,Mahajanga,-15.717,46.317,13.0
2022-10-26,30.8,22.4,26.0,2.8,24.0,42.8,25.2,Mahajanga,-15.717,46.317,13.0
2022-10-27,30.0,23.0,25.9,10.5,22.2,43.2,23.95,Mahajanga,-15.717,46.317,13.0
2022-10-28,28.1,23.5,25.7,2.1,24.6,41.4,21.06,Mahajanga,-15.717,46.317,13.0
2022-10-29,28.3,23.2,25.8,5.5,21.2,39.2,22.18,Mahajanga,-15.717,46.317,13.0
2022-10-30,31.2,22.4,25.9,6.6,22.9,42.1,24.65,Mahajanga,-15.717,46.317,13.0
2022-10-31,32.1,22.2,26.1,1.3,21.9,41.0,26.8,Mahajanga,-15.717,46.317,13.0
2022-11-01,31.8,23.0,26.4,0.0,23.6,43.9,27.08,Mahajanga,-15.717,46.317,13.0
2022-11-02,32.2,23.2,26.6,0.1,24.8,49.3,26.87,Mahajanga,-15.717,46.317,13.0
2022-11-03,29.4,23.2,25.8,1.0,22.4,42.1,23.14,Mahajanga,-15.717,46.317,13.0
2022-11-04,26.7,22.3,24.8,21.3,20.6,38.9,18.15,Mahajanga,-15.717,46.317,13.0
2022-11-05,27.2,22.5,24.7,17.9,13.6,28.1,15.87,Mahajanga,-15.717,46.317,13.0
2022-11-06,30.8,23.0,26.3,0.7,19.6,40.3,25.68,Mahajanga,-15.717,46.317,13.0
2022-11-07,30.7,23.3,26.6,1.6,21.2,36.7,26.4,Mahajanga,-15.717,46.317,13.0
2022-11-08,31.3,22.7,26.3,1.1,20.2,38.5,27.41,Mahajanga,-15.717,46.317,13.0
2022-11-09,29.9,23.1,26.1,0.0,23.5,41.8,27.81,Mahajanga,-15.717,46.317,13.0
2022-11-10,29.0,23.3,26.2,1.8,20.9,39.2,26.08,Mahajanga,-15.717,46.317,13.0
2022-11-11,29.5,23.6,26.5,1.0,22.7,42.8,27.12,Mahajanga,-15.717,46.317,13.0
2022-11-12,31.2,23.8,26.8,0.0,21.0,41.4,26.74,Mahajanga,-15.717,46.317,13.0
2022-11-13,32.3,24.0,27.3,1.0,22.4,43.2,27.17,Mahajanga,-15.717,46.317,13.0
2022-11-14,31.1,24.4,27.0,0.4,20.9,43.6,26.6,Mahajanga,-15.717,46.317,13.0
2022-11-15,30.0,23.0,26.0,26.5,21.1,40.3,25.4,Mahajanga,-15.717,46.317,13.0
2022-11-16,28.9,22.6,25.4,13.9,19.2,36.7,22.43,Mahajanga,-15.717,46.317,13.0
2022-11-17,27.8,23.0,25.4,7.1,17.9,37.8,22.38,Mahajanga,-15.717,46.317,13.0
2022-11-18,29.2,22.4,26.0,0.7,15.7,32.4,24.38,Mahajanga,-15.717,46.317,13.0
2022-11-19,28.8,24.1,26.5,1.9,17.7,32.4,22.38,Mahajanga,-15.717,46.317,13.0
2022-11-20,29.5,24.8,27.0,1.5,19.7,36.7,24.9,Mahajanga,-15.717,46.317,13.0
2022-11-21,30.3,25.0,27.6,2.3,20.9,40.3,24.38,Mahajanga,-15.717,46.317,13.0
2022-11-22,30.8,23.6,27.1,2.1,19.6,38.2,26.87,Mahajanga,-15.717,46.317,13.0
2022-11-23,31.2,23.2,26.5,13.3,16.4,34.6,24.19,Mahajanga,-15.717,46.317,13.0
2022-11-24,33.1,23.2,27.5,5.3,21.5,38.5,27.01,Mahajanga,-15.717,46.317,13.0
2022-11-25,33.7,23.5,28.0,0.0,16.9,31.7,27.01,Mahajanga,-15.717,46.317,13.0
2022-11-26,33.4,22.8,27.9,0.0,18.9,34.9,27.7,Mahajanga,-15.717,46.317,13.0
2022-11-27,34.1,23.0,28.1,0.0,22.7,39.2,28.64,Mahajanga,-15.717,46.317,13.0
2022-11-28,33.7,23.9,27.6,0.0,22.7,45.7,27.78,Mahajanga,-15.717,46.317,13.0
2022-11-29,29.6,23.9,26.8,4.0,21.3,40.7,24.67,Mahajanga,-15.717,46.317,13.0
2022-11-30,28.5,23.5,25.8,8.2,17.3,36.4,22.69,Mahajanga,-15.717,46.317,13.0
2022-12-01,29.9,22.9,26.4,4.0,16.3,31.7,25.48,Mahajanga,-15.717,46.317,13.0
2022-12-02,29.6,22.9,26.4,3.5,17.8,32.8,24.1,Mahajanga,-15.717,46.317,13.0
2022-12-03,29.3,23.1,26.3,7.8,17.5,32.8,23.1,Mahajanga,-15.717,46.317,13.0
2022-12-04,29.1,23.6,26.3,12.5,17.1,35.3,23.58,Mahajanga,-15.717,46.317,13.0
2022-12-05,32.3,23.4,27.2,2.2,21.5,40.0,27.43,Mahajanga,-15.717,46.317,13.0
2022-12-06,32.9,23.7,27.8,2.4,19.5,36.7,27.99,Mahajanga,-15.717,46.317,13.0
2022-12-07,34.4,24.1,28.5,0.1,19.9,36.4,28.34,Mahajanga,-15.717,46.317,13.0
2022-12-08,33.9,24.3,28.7,0.3,20.8,36.7,27.84,Mahajanga,-15.717,46.317,13.0
2022-12-09,33.9,23.8,28.3,2.5,18.0,38.5,28.41,Mahajanga,-15.717,46.317,13.0
2022-12-10,34.5,24.8,28.4,8.8,18.5,36.7,27.83,Mahajanga,-15.717,46.317,13.0
2022-12-11,34.0,24.3,28.0,6.0,24.6,46.4,27.3,Mahajanga,-15.717,46.317,13.0
2022-12-12,34.5,24.0,27.7,12.1,18.9,41.8,27.46,Mahajanga,-15.717,46.317,13.0
2022-12-13,33.5,24.2,28.1,4.0,17.9,33.1,26.22,Mahajanga,-15.717,46.317,13.0
2022-12-14,33.8,24.3,28.4,0.0,17.6,31.0,28.47,Mahajanga,-15.717,46.317,13.0
2022-12-15,32.9,24.4,28.2,5.6,19.3,33.8,27.48,Mahajanga,-15.717,46.317,13.0
2022-12-16,30.8,24.1,27.1,30.1,17.9,36.4,26.98,Mahajanga,-15.717,46.317,13.0
2022-12-17,30.1,23.8,26.8,7.0,17.1,33.8,25.75,Mahajanga,-15.717,46.317,13.0
2022-12-18,31.1,23.9,27.2,1.8,20.7,38.5,26.7,Mahajanga,-15.717,46.317,13.0
2022-12-19,28.8,24.4,26.7,3.1,15.0,31.3,22.48,Mahajanga,-15.717,46.317,13.0
2022-12-20,27.5,23.8,25.6,30.9,14.2,27.4,12.48,Mahajanga,-15.717,46.317,13.0
2022-12-21,28.9,24.3,26.5,7.5,16.1,32.4,21.99,Mahajanga,-15.717,46.317,13.0
2022-12-22,28.4,24.4,26.4,19.3,19.4,35.3,15.21,Mahajanga,-15.717,46.317,13.0
2022-12-23,29.9,24.4,27.4,0.3,17.9,37.4,27.2,Mahajanga,-15.717,46.317,13.0
2022-12-24,29.1,23.0,26.9,7.3,15.9,33.5,23.49,Mahajanga,-15.717,46.317,13.0
2022-12-25,30.3,23.6,26.4,14.1,15.1,29.9,26.63,Mahajanga,-15.717,46.317,13.0
2022-12-26,30.0,23.5,26.3,5.1,14.0,32.4,26.07,Mahajanga,-15.717,46.317,13.0
2022-12-27,29.6,23.3,26.2,18.9,16.1,30.6,23.93,Mahajanga,-15.717,46.317,13.0
2022-12-28,31.4,23.6,26.5,4.2,18.0,34.2,24.84,Mahajanga,-15.717,46.317,13.0
2022-12-29,30.5,23.9,26.9,3.6,18.8,34.9,26.28,Mahajanga,-15.717,46.317,13.0
2022-12-30,30.9,24.0,27.0,0.2,18.0,32.8,27.31,Mahajanga,-15.717,46.317,13.0
2022-12-31,29.4,23.5,26.5,2.2,14.9,28.8,25.47,Mahajanga,-15.717,46.317,13.0
2023-01-01,28.3,23.6,25.9,29.9,12.8,25.6,19.73,Mahajanga,-15.717,46.317,13.0
2023-01-02,29.5,23.6,26.3,15.6,11.8,24.1,20.96,Mahajanga,-15.717,46.317,13.0
2023-01-03,29.2,22.9,26.1,8.5,17.3,32.0,24.89,Mahajanga,-15.717,46.317,13.0
2023-01-04,30.1,23.3,26.7,19.6,14.7,27.4,27.18,Mahajanga,-15.717,46.317,13.0
2023-01-05,28.7,23.2,25.7,11.9,11.1,25.9,20.35,Mahajanga,-15.717,46.317,13.0
2023-01-06,32.5,23.9,27.5,0.1,15.5,30.6,27.28,Mahajanga,-15.717,46.317,13.0
2023-01-07,31.3,24.8,27.4,1.0,16.9,30.2,18.93,Mahajanga,-15.717,46.317,13.0
2023-01-08,31.2,23.9,27.2,14.5,16.6,31.3,26.46,Mahajanga,-15.717,46.317,13.0
2023-01-09,30.3,23.1,26.4,20.8,16.3,31.7,23.58,Mahajanga,-15.717,46.317,13.0
2023-01-10,28.9,23.3,26.4,16.2,17.3,33.5,23.14,Mahajanga,-15.717,46.317,13.0
2023-01-11,29.0,23.4,25.9,24.6,14.9,30.6,23.43,Mahajanga,-15.717,46.317,13.0
2023-01-12,28.8,23.7,25.7,18.3,14.8,30.2,22.8,Mahajanga,-15.717,46.317,13.0
2023-01-13,27.5,23.5,25.3,15.4,13.0,25.2,11.14,Mahajanga,-15.717,46.317,13.0
2023-01-14,29.8,23.5,26.4,8.5,16.2,33.1,23.24,Mahajanga,-15.717,46.317,13.0
2023-01-15,30.7,23.9,26.3,14.8,15.6,34.9,23.59,Mahajanga,-15.717,46.317,13.0
2023-01-16,30.9,23.9,26.7,14.3,12.8,32.8,23.56,Mahajanga,-15.717,46.317,13.0
2023-01-17,32.0,23.9,27.2,29.0,13.0,24.8,27.3,Mahajanga,-15.717,46.317,13.0
2023-01-18,32.5,24.2,27.9,0.1,20.4,37.4,25.83,Mahajanga,-15.717,46.317,13.0
2023-01-19,27.7,24.6,25.9,21.8,25.1,42.1,10.63,Mahajanga,-15.717,46.317,13.0
2023-01-20,25.7,24.3,25.1,87.7,30.0,55.4,3.58,Mahajanga,-15.717,46.317,13.0
2023-01-21,25.6,23.7,24.8,94.0,34.0,58.7,3.03,Mahajanga,-15.717,46.317,13.0
2023-01-22,25.2,23.8,24.5,98.9,33.7,64.4,3.86,Mahajanga,-15.717,46.317,13.0
2023-01-23,26.2,24.0,24.9,54.8,36.4,66.2,8.4,Mahajanga,-15.717,46.317,13.0
2023-01-24,25.9,23.4,24.6,47.0,36.0,66.6,11.22,Mahajanga,-15.717,46.317,13.0
2023-01-25,26.0,23.4,24.8,48.3,30.1,56.9,12.05,Mahajanga,-15.717,46.317,13.0
2023-01-26,27.0,23.7,25.2,62.0,33.7,63.4,8.11,Mahajanga,-15.717,46.317,13.0
2023-01-27,28.5,24.2,25.9,24.8,29.1,52.2,20.62,Mahajanga,-15.717,46.317,13.0
2023-01-28,29.4,24.3,26.8,4.3,21.1,39.2,25.28,Mahajanga,-15.717,46.317,13.0
2023-01-29,29.5,23.7,26.9,1.0,17.4,33.1,27.64,Mahajanga,-15.717,46.317,13.0
2023-01-30,29.2,24.9,27.1,1.8,16.2,31.3,23.78,Mahajanga,-15.717,46.317,13.0
2023-01-31,31.2,24.4,26.9,18.8,15.0,27.7,24.02,Mahajanga,-15.717,46.317,13.0
2023-02-01,31.9,24.6,27.0,11.1,17.3,32.4,24.11,Mahajanga,-15.717,46.317,13.0
2023-02-02,31.7,24.7,27.5,8.2,12.1,27.0,25.42,Mahajanga,-15.717,46.317,13.0
2023-02-03,30.8,24.5,27.4,1.7,17.2,31.7,26.53,Mahajanga,-15.717,46.317,13.0
2023-02-04,29.4,24.0,26.9,14.1,14.1,31.7,22.84,Mahajanga,-15.717,46.317,13.0
2023-02-05,28.9,23.6,25.9,23.5,13.9,25.2,16.07,Mahajanga,-15.717,46.317,13.0
2023-02-06,29.4,23.3,25.8,18.8,15.9,31.0,21.38,Mahajanga,-15.717,46.317,13.0
2023-02-07,28.7,23.6,25.5,21.9,17.3,35.3,17.41,Mahajanga,-15.717,46.317,13.0
2023-02-08,30.6,24.0,26.5,4.8,18.4,35.6,24.65,Mahajanga,-15.717,46.317,13.0
2023-02-09,30.7,24.4,26.5,34.0,13.4,32.8,24.25,Mahajanga,-15.717,46.317,13.0
2023-02-10,31.3,24.4,26.9,18.9,16.7,31.3,20.34,Mahajanga,-15.717,46.317,13.0
2023-02-11,29.5,23.4,26.0,6.9,13.9,24.8,14.72,Mahajanga,-15.717,46.317,13.0
2023-02-12,29.5,23.9,26.6,0.5,12.5,26.3,23.96,Mahajanga,-15.717,46.317,13.0
2023-02-13,32.0,24.0,27.4,4.5,17.0,32.0,26.94,Mahajanga,-15.717,46.317,13.0
2023-02-14,30.9,23.8,27.3,0.4,13.0,26.6,25.75,Mahajanga,-15.717,46.317,13.0
2023-02-15,30.5,23.4,26.8,9.2,13.8,27.7,25.69,Mahajanga,-15.717,46.317,13.0
2023-02-16,28.4,23.1,25.6,43.6,19.5,34.2,19.59,Mahajanga,-15.717,46.317,13.0
2023-02-17,30.2,23.8,26.7,4.2,18.1,33.1,26.58,Mahajanga,-15.717,46.317,13.0
2023-02-18,30.1,24.0,27.0,2.7,16.9,32.0,26.33,Mahajanga,-15.717,46.317,13.0
2023-02-19,31.8,24.1,27.5,12.8,14.8,27.4,23.46,Mahajanga,-15.717,46.317,13.0
2023-02-20,31.4,24.3,27.7,1.0,13.8,24.5,28.26,Mahajanga,-15.717,46.317,13.0
2023-02-21,30.2,24.5,27.6,0.0,16.7,33.5,26.49,Mahajanga,-15.717,46.317,13.0
2023-02-22,30.0,25.5,27.5,2.1,13.3,27.7,22.18,Mahajanga,-15.717,46.317,13.0
2023-02-23,29.7,24.4,26.4,29.3,14.8,31.3,17.7,Mahajanga,-15.717,46.317,13.0
2023-02-24,32.2,24.3,27.5,4.4,17.6,30.6,25.55,Mahajanga,-15.717,46.317,13.0
2023-02-25,31.2,23.9,27.2,4.1,11.0,31.3,27.75,Mahajanga,-15.717,46.317,13.0
2023-02-26,31.6,23.9,27.3,16.3,14.5,25.6,26.94,Mahajanga,-15.717,46.317,13.0
2023-02-27,30.9,23.7,26.8,11.9,17.6,30.6,26.11,Mahajanga,-15.717,46.317,13.0
2023-02-28,31.3,24.1,27.1,10.7,9.0,27.0,26.71,Mahajanga,-15.717,46.317,13.0
2023-03-01,30.3,24.0,26.8,2.4,14.0,27.7,25.08,Mahajanga,-15.717,46.317,13.0
2023-03-02,29.1,23.7,26.4,2.1,17.1,32.4,24.12,Mahajanga,-15.717,46.317,13.0
2023-03-03,28.3,24.6,26.3,4.8,19.6,37.1,19.13,Mahajanga,-15.717,46.317,13.0
2023-03-04,29.4,24.8,26.7,12.2,23.1,45.4,19.7,Mahajanga,-15.717,46.317,13.0
2023-03-05,27.3,24.0,25.8,19.8,22.3,45.4,13.8,Mahajanga,-15.717,46.317,13.0
2023-03-06,29.7,24.6,26.6,18.0,25.1,47.5,18.9,Mahajanga,-15.717,46.317,13.0
2023-03-07,28.5,23.9,25.7,25.7,17.8,36.0,21.59,Mahajanga,-15.717,46.317,13.0
2023-03-08,28.8,23.3,26.2,4.8,17.6,33.1,23.05,Mahajanga,-15.717,46.317,13.0
2023-03-09,28.1,24.3,26.1,3.4,12.6,27.7,20.28,Mahajanga,-15.717,46.317,13.0
2023-03-10,29.9,24.1,26.8,0.6,16.8,32.8,25.64,Mahajanga,-15.717,46.317,13.0
2023-03-11,29.7,24.9,27.6,1.1,15.1,26.6,24.27,Mahajanga,-15.717,46.317,13.0
2023-03-12,31.1,23.8,27.1,10.7,15.8,29.5,23.55,Mahajanga,-15.717,46.317,13.0
2023-03-13,32.0,24.1,27.2,2.5,16.4,30.6,25.87,Mahajanga,-15.717,46.317,13.0
2023-03-14,31.7,23.6,27.3,33.2,16.1,36.7,24.62,Mahajanga,-15.717,46.317,13.0
2023-03-15,31.3,23.6,27.0,11.5,14.4,24.5,24.89,Mahajanga,-15.717,46.317,13.0
2023-03-16,30.4,23.9,26.8,0.5,13.7,25.2,25.37,Mahajanga,-15.717,46.317,13.0
2023-03-17,30.5,25.6,27.8,0.3,16.8,30.2,25.05,Mahajanga,-15.717,46.317,13.0
2023-03-18,30.3,25.0,27.5,5.2,15.9,29.2,21.7,Mahajanga,-15.717,46.317,13.0
2023-03-19,30.0,24.7,26.9,7.9,14.2,28.4,21.7,Mahajanga,-15.717,46.317,13.0
2023-03-20,30.3,24.2,26.9,3.2,18.2,31.7,17.02,Mahajanga,-15.717,46.317,13.0
2023-03-21,32.2,24.2,27.6,1.6,13.0,31.3,24.08,Mahajanga,-15.717,46.317,13.0
2023-03-22,32.0,24.8,27.7,0.1,16.1,33.8,24.64,Mahajanga,-15.717,46.317,13.0
2023-03-23,32.4,25.1,28.3,0.0,14.8,27.4,25.3,Mahajanga,-15.717,46.317,13.0
2023-03-24,32.3,24.8,27.8,0.0,15.2,29.5,24.79,Mahajanga,-15.717,46.317,13.0
2023-03-25,31.4,24.2,27.2,24.3,17.9,34.2,22.56,Mahajanga,-15.717,46.317,13.0
2023-03-26,31.3,24.2,27.2,33.5,15.0,25.6,20.99,Mahajanga,-15.717,46.317,13.0
2023-03-27,29.8,24.9,26.7,9.9,16.5,29.2,20.19,Mahajanga,-15.717,46.317,13.0
2023-03-28,29.3,24.3,26.4,10.4,17.4,30.6,22.46,Mahajanga,-15.717,46.317,13.0
2023-03-29,29.1,24.1,26.4,15.6,16.5,29.9,18.22,Mahajanga,-15.717,46.317,13.0
2023-03-30,30.7,24.1,27.0,3.0,14.2,29.2,22.62,Mahajanga,-15.717,46.317,13.0
2023-03-31,31.6,24.1,27.6,0.0,10.7,21.6,24.18,Mahajanga,-15.717,46.317,13.0
2023-04-01,32.5,24.5,28.4,9.6,12.2,34.6,23.46,Mahajanga,-15.717,46.317,13.0
2023-04-02,31.4,24.4,27.6,7.3,17.6,30.6,21.1,Mahajanga,-15.717,46.317,13.0
2023-04-03,30.1,23.9,26.8,17.0,11.8,31.3,21.88,Mahajanga,-15.717,46.317,13.0
2023-04-04,30.4,23.6,26.2,9.9,12.2,28.1,20.99,Mahajanga,-15.717,46.317,13.0
2023-04-05,30.7,23.9,26.7,24.3,17.7,30.6,21.85,Mahajanga,-15.717,46.317,13.0
2023-04-06,31.2,24.1,27.1,11.5,22.0,38.2,20.52,Mahajanga,-15.717,46.317,13.0
2023-04-07,31.7,24.2,27.5,0.1,11.2,23.0,23.48,Mahajanga,-15.717,46.317,13.0
2023-04-08,31.5,24.5,27.8,0.0,13.5,25.2,23.2,Mahajanga,-15.717,46.317,13.0
2023-04-09,31.8,23.7,27.8,19.9,26.6,46.8,22.56,Mahajanga,-15.717,46.317,13.0
2023-04-10,29.9,23.2,26.2,4.5,15.6,38.9,22.84,Mahajanga,-15.717,46.317,13.0
2023-04-11,29.1,22.6,26.0,0.0,11.6,25.2,22.67,Mahajanga,-15.717,46.317,13.0
2023-04-12,28.6,23.2,26.1,2.9,14.4,29.2,21.12,Mahajanga,-15.717,46.317,13.0
2023-04-13,29.6,22.8,26.6,5.1,16.6,29.5,22.21,Mahajanga,-15.717,46.317,13.0
2023-04-14,30.3,23.6,26.7,17.5,15.5,28.1,21.15,Mahajanga,-15.717,46.317,13.0
2023-04-15,30.7,24.2,27.0,3.4,15.3,29.2,20.86,Mahajanga,-15.717,46.317,13.0
2023-04-16,31.3,24.4,27.6,0.0,11.4,23.8,22.77,Mahajanga,-15.717,46.317,13.0
2023-04-17,31.0,24.1,27.5,0.1,13.7,26.3,22.57,Mahajanga,-15.717,46.317,13.0
2023-04-18,31.6,24.4,27.8,0.9,12.0,23.0,22.5,Mahajanga,-15.717,46.317,13.0
2023-04-19,31.9,25.1,27.7,5.6,19.4,41.8,21.51,Mahajanga,-15.717,46.317,13.0
2023-04-20,31.7,24.2,27.3,0.9,23.2,39.2,21.68,Mahajanga,-15.717,46.317,13.0
2023-04-21,31.6,24.4,27.6,4.2,12.8,21.2,21.87,Mahajanga,-15.717,46.317,13.0
2023-04-22,32.7,25.5,28.4,0.0,16.4,29.9,21.96,Mahajanga,-15.717,46.317,13.0
2023-04-23,31.5,23.0,27.8,2.9,20.5,39.2,20.37,Mahajanga,-15.717,46.317,13.0
2023-04-24,29.8,23.6,26.8,1.3,18.1,34.6,19.96,Mahajanga,-15.717,46.317,13.0
2023-04-25,30.9,24.8,27.2,0.2,11.1,20.9,21.05,Mahajanga,-15.717,46.317,13.0
2023-04-26,30.7,23.7,27.2,2.5,17.4,32.4,19.9,Mahajanga,-15.717,46.317,13.0
2023-04-27,31.3,23.5,26.7,10.5,23.0,37.1,15.49,Mahajanga,-15.717,46.317,13.0
2023-04-28,32.0,24.8,27.5,0.0,14.3,27.4,21.65,Mahajanga,-15.717,46.317,13.0
2023-04-29,31.4,22.8,26.6,0.0,15.2,29.2,21.86,Mahajanga,-15.717,46.317,13.0
2023-04-30,30.5,22.5,26.6,0.0,13.2,23.4,21.42,Mahajanga,-15.717,46.317,13.0
2023-05-01,30.3,23.2,26.6,0.0,12.9,23.8,21.48,Mahajanga,-15.717,46.317,13.0
2023-05-02,30.8,23.4,26.9,0.0,13.5,25.2,20.68,Mahajanga,-15.717,46.317,13.0
2023-05-03,31.2,23.9,27.1,0.1,17.0,29.5,20.84,Mahajanga,-15.717,46.317,13.0
2023-05-04,31.7,23.5,27.3,0.2,14.6,28.1,21.01,Mahajanga,-15.717,46.317,13.0
2023-05-05,30.8,23.0,26.7,0.1,13.9,24.1,20.95,Mahajanga,-15.717,46.317,13.0
2023-05-06,31.6,22.6,26.7,0.0,16.3,27.4,20.55,Mahajanga,-15.717,46.317,13.0
2023-05-07,31.6,23.7,27.1,1.4,15.4,29.2,20.16,Mahajanga,-15.717,46.317,13.0
2023-05-08,32.1,23.8,27.5,0.0,16.2,29.2,20.51,Mahajanga,-15.717,46.317,13.0
2023-05-09,32.4,23.3,27.7,0.1,15.6,29.5,20.36,Mahajanga,-15.717,46.317,13.0
2023-05-10,32.4,23.9,28.0,0.0,16.8,33.5,19.98,Mahajanga,-15.717,46.317,13.0
2023-05-11,32.7,23.7,27.9,0.6,16.6,32.0,19.29,Mahajanga,-15.717,46.317,13.0
2023-05-12,32.9,23.8,27.6,0.1,15.2,26.3,19.85,Mahajanga,-15.717,46.317,13.0
2023-05-13,32.4,24.0,27.6,0.0,15.8,26.3,19.71,Mahajanga,-15.717,46.317,13.0
2023-05-14,32.5,24.1,27.7,0.0,17.1,32.4,19.62,Mahajanga,-15.717,46.317,13.0
2023-05-15,32.6,24.3,27.4,0.1,23.6,42.5,19.21,Mahajanga,-15.717,46.317,13.0
2023-05-16,31.0,23.4,27.3,0.0,18.2,32.8,19.68,Mahajanga,-15.717,46.317,13.0
2023-05-17,30.8,22.6,26.5,0.0,15.0,30.6,19.96,Mahajanga,-15.717,46.317,13.0
2023-05-18,31.2,22.8,26.6,0.0,15.8,31.3,19.59,Mahajanga,-15.717,46.317,13.0
2023-05-19,31.9,23.5,27.1,0.0,16.6,30.6,19.79,Mahajanga,-15.717,46.317,13.0
2023-05-20,31.3,22.7,26.8,0.0,16.5,29.9,19.38,Mahajanga,-15.717,46.317,13.0
2023-05-21,32.5,22.8,27.3,0.0,17.1,31.3,19.71,Mahajanga,-15.717,46.317,13.0
2023-05-22,29.5,21.1,25.9,0.0,17.4,33.8,19.57,Mahajanga,-15.717,46.317,13.0
2023-05-23,29.4,22.4,26.0,0.0,15.6,28.8,19.2,Mahajanga,-15.717,46.317,13.0
2023-05-24,30.7,21.2,25.8,0.0,14.6,28.1,19.07,Mahajanga,-15.717,46.317,13.0
2023-05-25,29.3,20.9,25.1,0.0,17.1,33.5,18.94,Mahajanga,-15.717,46.317,13.0
2023-05-26,32.2,21.6,25.8,0.0,21.3,35.6,19.01,Mahajanga,-15.717,46.317,13.0
2023-05-27,32.7,21.4,26.7,0.4,13.7,27.7,19.36,Mahajanga,-15.717,46.317,13.0
2023-05-28,32.6,22.1,27.5,0.0,20.3,36.4,16.57,Mahajanga,-15.717,46.317,13.0
2023-05-29,33.4,23.8,28.4,0.0,17.9,30.6,18.48,Mahajanga,-15.717,46.317,13.0
2023-05-30,33.1,23.5,27.9,1.5,18.6,33.5,17.87,Mahajanga,-15.717,46.317,13.0
2023-05-31,31.7,23.9,27.4,0.0,14.9,27.0,18.52,Mahajanga,-15.717,46.317,13.0
2023-06-01,31.7,22.7,26.8,0.0,16.0,31.3,18.89,Mahajanga,-15.717,46.317,13.0
2023-06-02,30.9,21.6,26.2,0.0,17.7,32.4,19.17,Mahajanga,-15.717,46.317,13.0
2023-06-03,31.9,22.7,26.9,0.0,20.8,37.8,16.69,Mahajanga,-15.717,46.317,13.0
2023-06-04,31.7,22.6,26.6,0.0,19.2,34.9,18.85,Mahajanga,-15.717,46.317,13.0
2023-06-05,32.3,21.3,26.8,0.0,18.3,34.6,17.52,Mahajanga,-15.717,46.317,13.0
2023-06-06,33.0,22.5,27.6,0.0,17.3,32.4,18.05,Mahajanga,-15.717,46.317,13.0
2023-06-07,32.7,23.3,28.0,0.0,19.1,32.4,18.11,Mahajanga,-15.717,46.317,13.0
2023-06-08,32.2,23.4,27.5,0.0,13.0,30.6,18.27,Mahajanga,-15.717,46.317,13.0
2023-06-09,31.7,22.7,26.8,0.0,15.8,31.3,18.38,Mahajanga,-15.717,46.317,13.0
2023-06-10,31.2,21.9,26.6,0.0,13.1,24.1,17.91,Mahajanga,-15.717,46.317,13.0
2023-06-11,30.9,22.1,26.1,0.0,16.2,29.2,18.19,Mahajanga,-15.717,46.317,13.0
2023-06-12,30.9,22.0,25.6,0.0,17.0,37.4,18.02,Mahajanga,-15.717,46.317,13.0
2023-06-13,29.5,21.0,25.1,0.5,14.3,28.8,17.25,Mahajanga,-15.717,46.317,13.0
2023-06-14,30.8,22.0,25.6,0.0,17.5,38.5,17.04,Mahajanga,-15.717,46.317,13.0
2023-06-15,31.6,22.7,26.2,0.0,17.3,30.6,18.27,Mahajanga,-15.717,46.317,13.0
2023-06-16,31.4,22.4,26.3,0.0,16.2,29.2,18.47,Mahajanga,-15.717,46.317,13.0
2023-06-17,32.4,21.4,26.5,0.0,12.2,23.8,18.33,Mahajanga,-15.717,46.317,13.0
2023-06-18,32.0,21.5,26.3,0.0,16.7,31.7,18.84,Mahajanga,-15.717,46.317,13.0
2023-06-19,30.8,21.5,25.9,0.0,17.1,32.8,18.46,Mahajanga,-15.717,46.317,13.0
2023-06-20,30.0,20.5,24.8,0.0,19.4,36.0,18.72,Mahajanga,-15.717,46.317,13.0
2023-06-21,30.0,19.8,25.0,0.0,12.4,23.4,18.6,Mahajanga,-15.717,46.317,13.0
2023-06-22,30.0,20.3,25.2,0.0,14.6,27.0,18.15,Mahajanga,-15.717,46.317,13.0
2023-06-23,30.1,21.7,25.5,0.0,20.0,33.5,17.83,Mahajanga,-15.717,46.317,13.0
2023-06-24,30.0,19.9,25.0,0.0,16.9,28.1,18.3,Mahajanga,-15.717,46.317,13.0
2023-06-25,29.9,20.6,24.9,0.0,16.0,27.7,18.39,Mahajanga,-15.717,46.317,13.0
2023-06-26,29.8,20.8,24.6,0.0,14.9,26.3,18.47,Mahajanga,-15.717,46.317,13.0
2023-06-27,30.3,18.5,24.4,0.0,16.6,31.7,18.8,Mahajanga,-15.717,46.317,13.0
2023-06-28,30.4,18.3,24.1,0.0,17.1,34.9,19.07,Mahajanga,-15.717,46.317,13.0
2023-06-29,31.6,19.3,25.6,0.0,14.7,31.0,18.9,Mahajanga,-15.717,46.317,13.0
2023-06-30,30.8,21.2,25.7,0.0,16.8,33.5,18.47,Mahajanga,-15.717,46.317,13.0
2023-07-01,31.0,20.7,26.0,0.0,13.8,30.2,17.36,Mahajanga,-15.717,46.317,13.0
2023-07-02,31.2,21.1,26.0,0.0,23.4,45.7,17.15,Mahajanga,-15.717,46.317,13.0
2023-07-03,31.3,20.4,25.9,0.0,25.9,49.7,17.36,Mahajanga,-15.717,46.317,13.0
2023-07-04,30.5,21.3,25.6,0.0,24.6,47.9,16.5,Mahajanga,-15.717,46.317,13.0
2023-07-05,31.5,20.4,25.8,0.0,17.6,33.1,18.37,Mahajanga,-15.717,46.317,13.0
2023-07-06,31.3,20.5,26.4,0.0,18.9,37.4,17.19,Mahajanga,-15.717,46.317,13.0
2023-07-07,31.3,20.4,26.0,0.0,20.7,40.0,18.86,Mahajanga,-15.717,46.317,13.0
2023-07-08,31.3,20.9,26.0,0.0,24.1,41.0,18.77,Mahajanga,-15.717,46.317,13.0
2023-07-09,30.7,19.9,25.5,0.0,21.1,41.4,18.67,Mahajanga,-15.717,46.317,13.0
2023-07-10,31.6,21.6,25.9,0.0,17.3,31.3,16.59,Mahajanga,-15.717,46.317,13.0
2023-07-11,30.3,20.6,25.4,0.0,18.8,36.4,16.79,Mahajanga,-15.717,46.317,13.0
2023-07-12,31.2,21.7,25.9,0.0,20.9,40.3,18.5,Mahajanga,-15.717,46.317,13.0
2023-07-13,32.1,22.6,26.4,0.2,19.3,33.5,18.84,Mahajanga,-15.717,46.317,13.0
2023-07-14,31.9,21.4,26.2,0.0,17.8,36.0,18.68,Mahajanga,-15.717,46.317,13.0
2023-07-15,31.5,21.7,26.2,0.0,22.6,38.2,19.07,Mahajanga,-15.717,46.317,13.0
2023-07-16,32.0,21.7,26.6,0.0,17.7,36.7,18.71,Mahajanga,-15.717,46.317,13.0
2023-07-17,32.9,21.7,27.1,0.0,17.8,36.4,17.88,Mahajanga,-15.717,46.317,13.0
2023-07-18,32.9,22.5,27.6,0.0,16.3,34.6,18.78,Mahajanga,-15.717,46.317,13.0
2023-07-19,32.9,21.3,27.2,0.0,19.8,40.7,19.05,Mahajanga,-15.717,46.317,13.0
2023-07-20,31.1,22.8,26.5,0.0,14.3,29.2,9.91,Mahajanga,-15.717,46.317,13.0
2023-07-21,31.1,24.6,27.2,0.1,17.0,33.5,10.01,Mahajanga,-15.717,46.317,13.0
2023-07-22,32.1,21.4,27.0,0.0,17.1,33.8,18.87,Mahajanga,-15.717,46.317,13.0
2023-07-23,30.5,22.0,25.8,0.0,16.7,33.5,10.18,Mahajanga,-15.717,46.317,13.0
2023-07-24,31.8,21.1,26.6,0.0,15.9,32.0,18.77,Mahajanga,-15.717,46.317,13.0
2023-07-25,33.1,22.3,26.4,0.0,18.9,37.1,18.95,Mahajanga,-15.717,46.317,13.0
2023-07-26,33.2,23.2,27.3,0.0,23.5,40.0,17.74,Mahajanga,-15.717,46.317,13.0
2023-07-27,31.9,21.7,26.5,0.0,19.1,37.8,19.99,Mahajanga,-15.717,46.317,13.0
2023-07-28,31.3,19.8,25.7,0.0,19.3,37.4,20.41,Mahajanga,-15.717,46.317,13.0
2023-07-29,30.3,18.8,24.7,0.0,16.1,33.5,20.55,Mahajanga,-15.717,46.317,13.0
2023-07-30,32.0,19.1,25.9,0.0,17.1,34.2,20.14,Mahajanga,-15.717,46.317,13.0
2023-07-31,32.4,21.3,26.8,0.0,16.5,34.2,18.63,Mahajanga,-15.717,46.317,13.0
2023-08-01,32.5,22.7,27.2,0.0,17.8,35.6,18.59,Mahajanga,-15.717,46.317,13.0
2023-08-02,32.1,21.8,26.8,0.0,15.3,31.0,20.35,Mahajanga,-15.717,46.317,13.0
2023-08-03,32.8,21.9,27.1,0.0,20.2,40.3,19.52,Mahajanga,-15.717,46.317,13.0
2023-08-04,33.0,23.6,27.7,0.2,26.6,50.4,18.21,Mahajanga,-15.717,46.317,13.0
2023-08-05,32.6,22.4,27.3,0.0,24.2,45.0,20.4,Mahajanga,-15.717,46.317,13.0
2023-08-06,32.7,22.2,27.1,0.0,22.2,44.3,19.44,Mahajanga,-15.717,46.317,13.0
2023-08-07,31.6,21.8,26.3,0.1,19.1,38.5,20.14,Mahajanga,-15.717,46.317,13.0
2023-08-08,31.5,21.8,25.7,0.0,14.5,32.4,20.04,Mahajanga,-15.717,46.317,13.0
2023-08-09,31.6,20.9,25.6,0.0,18.4,33.1,20.62,Mahajanga,-15.717,46.317,13.0
2023-08-10,31.8,21.2,25.6,0.1,20.1,37.4,20.12,Mahajanga,-15.717,46.317,13.0
2023-08-11,31.5,22.0,25.8,0.0,16.0,32.0,19.95,Mahajanga,-15.717,46.317,13.0
2023-08-12,31.8,22.2,25.7,0.4,20.7,45.0,19.8,Mahajanga,-15.717,46.317,13.0
2023-08-13,32.4,21.9,25.8,0.2,20.3,42.1,19.92,Mahajanga,-15.717,46.317,13.0
2023-08-14,33.3,22.1,26.9,0.1,15.0,29.5,20.41,Mahajanga,-15.717,46.317,13.0
2023-08-15,33.6,23.2,26.7,0.2,19.9,40.3,20.62,Mahajanga,-15.717,46.317,13.0
2023-08-16,32.5,22.2,26.5,0.3,18.8,36.4,20.65,Mahajanga,-15.717,46.317,13.0
2023-08-17,32.4,22.7,26.3,0.3,18.5,38.5,19.89,Mahajanga,-15.717,46.317,13.0
2023-08-18,33.8,22.3,26.9,0.0,15.4,29.2,21.49,Mahajanga,-15.717,46.317,13.0
2023-08-19,33.7,21.3,26.2,0.0,19.2,38.2,22.4,Mahajanga,-15.717,46.317,13.0
2023-08-20,31.3,20.5,25.8,0.0,18.8,40.3,21.67,Mahajanga,-15.717,46.317,13.0
2023-08-21,30.3,21.7,25.9,0.5,17.8,35.6,19.53,Mahajanga,-15.717,46.317,13.0
2023-08-22,33.4,21.8,26.3,0.0,20.9,40.0,21.75,Mahajanga,-15.717,46.317,13.0
2023-08-23,33.1,21.7,26.7,0.0,21.3,40.7,22.65,Mahajanga,-15.717,46.317,13.0
2023-08-24,33.9,21.7,27.1,0.1,18.7,37.4,20.33,Mahajanga,-15.717,46.317,13.0
2023-08-25,34.2,22.5,27.6,0.0,16.6,33.8,21.23,Mahajanga,-15.717,46.317,13.0
2023-08-26,33.8,22.8,26.8,0.0,21.9,43.9,22.53,Mahajanga,-15.717,46.317,13.0
2023-08-27,34.1,22.5,27.6,0.0,20.5,38.2,22.83,Mahajanga,-15.717,46.317,13.0
2023-08-28,34.1,22.4,27.4,0.0,19.2,37.4,22.95,Mahajanga,-15.717,46.317,13.0
2023-08-29,33.7,22.2,27.5,0.0,17.0,34.6,22.09,Mahajanga,-15.717,46.317,13.0
2023-08-30,33.2,21.6,27.8,0.0,31.1,50.8,19.75,Mahajanga,-15.717,46.317,13.0
2023-08-31,33.4,22.4,26.8,0.0,18.9,36.7,23.09,Mahajanga,-15.717,46.317,13.0
2023-09-01,33.1,21.1,26.6,0.0,18.2,36.7,23.04,Mahajanga,-15.717,46.317,13.0
2023-09-02,33.7,21.6,27.2,0.0,17.1,35.3,23.58,Mahajanga,-15.717,46.317,13.0
2023-09-03,33.5,21.8,28.0,0.0,23.9,41.0,22.64,Mahajanga,-15.717,46.317,13.0
2023-09-04,34.5,22.1,27.8,0.0,18.5,39.2,21.96,Mahajanga,-15.717,46.317,13.0
2023-09-05,33.4,21.5,27.7,0.0,15.3,33.1,23.99,Mahajanga,-15.717,46.317,13.0
2023-09-06,33.6,21.6,26.6,0.0,20.9,40.3,24.09,Mahajanga,-15.717,46.317,13.0
2023-09-07,29.4,22.3,25.9,0.0,19.9,40.3,21.78,Mahajanga,-15.717,46.317,13.0
2023-09-08,33.1,23.5,26.6,0.0,25.4,47.5,20.6,Mahajanga,-15.717,46.317,13.0
2023-09-09,34.5,22.1,27.3,0.4,20.9,40.3,23.98,Mahajanga,-15.717,46.317,13.0
2023-09-10,33.8,22.3,28.1,0.0,19.1,36.4,24.69,Mahajanga,-15.717,46.317,13.0
2023-09-11,34.2,21.9,27.0,0.0,21.3,41.4,24.41,Mahajanga,-15.717,46.317,13.0
2023-09-12,34.0,22.0,26.5,0.0,26.1,49.7,24.74,Mahajanga,-15.717,46.317,13.0
2023-09-13,33.6,22.2,27.5,0.0,16.3,32.8,24.78,Mahajanga,-15.717,46.317,13.0
2023-09-14,35.1,22.2,27.4,0.0,23.1,43.9,22.76,Mahajanga,-15.717,46.317,13.0
2023-09-15,35.0,23.7,28.5,0.0,18.9,38.5,23.94,Mahajanga,-15.717,46.317,13.0
2023-09-16,34.2,21.4,27.0,0.0,20.0,38.5,25.1,Mahajanga,-15.717,46.317,13.0
2023-09-17,34.6,21.9,27.4,0.0,20.2,35.6,25.01,Mahajanga,-15.717,46.317,13.0
2023-09-18,34.8,22.5,27.8,0.0,19.3,38.9,25.06,Mahajanga,-15.717,46.317,13.0
2023-09-19,34.7,21.9,27.2,0.0,24.5,45.7,25.24,Mahajanga,-15.717,46.317,13.0
2023-09-20,35.1,23.2,27.8,0.0,20.3,42.8,24.23,Mahajanga,-15.717,46.317,13.0
2023-09-21,34.8,23.5,28.4,0.0,20.5,36.7,21.77,Mahajanga,-15.717,46.317,13.0
2023-09-22,35.5,23.1,28.1,0.1,20.7,43.9,23.92,Mahajanga,-15.717,46.317,13.0
2023-09-23,35.9,24.4,28.6,0.3,21.9,42.1,22.86,Mahajanga,-15.717,46.317,13.0
2023-09-24,35.4,23.7,29.1,0.0,21.1,40.0,24.48,Mahajanga,-15.717,46.317,13.0
2023-09-25,34.4,22.5,27.6,0.0,20.3,35.6,25.66,Mahajanga,-15.717,46.317,13.0
2023-09-26,35.0,22.2,27.7,0.0,22.1,44.3,25.08,Mahajanga,-15.717,46.317,13.0
2023-09-27,35.5,23.3,28.2,0.0,21.7,43.9,20.57,Mahajanga,-15.717,46.317,13.0
2023-09-28,35.3,22.8,28.7,0.0,24.2,45.7,25.85,Mahajanga,-15.717,46.317,13.0
2023-09-29,35.4,22.8,27.7,0.0,23.2,46.4,25.99,Mahajanga,-15.717,46.317,13.0
2023-09-30,35.1,22.8,27.5,0.0,22.1,46.8,25.58,Mahajanga,-15.717,46.317,13.0
2023-10-01,35.3,22.9,27.5,0.0,25.7,56.5,26.26,Mahajanga,-15.717,46.317,13.0
2023-10-02,31.8,23.4,27.3,0.0,26.9,51.5,24.31,Mahajanga,-15.717,46.317,13.0
2023-10-03,33.3,24.9,27.9,3.8,20.3,43.2,20.04,Mahajanga,-15.717,46.317,13.0
2023-10-04,35.2,23.4,27.7,0.0,23.2,41.8,25.65,Mahajanga,-15.717,46.317,13.0
2023-10-05,34.8,23.2,29.0,0.0,18.2,35.6,25.21,Mahajanga,-15.717,46.317,13.0
2023-10-06,34.9,22.8,27.6,0.0,22.1,43.9,22.87,Mahajanga,-15.717,46.317,13.0
2023-10-07,35.4,22.7,27.7,0.0,19.1,36.0,26.39,Mahajanga,-15.717,46.317,13.0
2023-10-08,33.8,22.9,27.2,0.0,28.7,54.4,24.78,Mahajanga,-15.717,46.317,13.0
2023-10-09,32.6,23.6,27.4,0.0,24.6,47.9,24.49,Mahajanga,-15.717,46.317,13.0
2023-10-10,33.6,23.9,27.7,0.0,25.1,49.0,26.41,Mahajanga,-15.717,46.317,13.0
2023-10-11,33.4,23.8,27.9,0.0,23.5,47.5,26.78,Mahajanga,-15.717,46.317,13.0
2023-10-12,32.3,24.7,28.0,0.0,24.9,46.8,25.13,Mahajanga,-15.717,46.317,13.0
2023-10-13,31.7,24.8,27.9,0.0,22.3,46.1,25.37,Mahajanga,-15.717,46.317,13.0
2023-10-14,32.0,25.2,28.1,0.3,20.4,40.7,22.38,Mahajanga,-15.717,46.317,13.0
2023-10-15,31.4,26.1,28.4,0.4,20.3,43.2,24.9,Mahajanga,-15.717,46.317,13.0
2023-10-16,31.6,25.6,28.3,0.3,22.5,43.6,22.02,Mahajanga,-15.717,46.317,13.0
2023-10-17,31.3,24.1,27.7,2.6,18.7,39.2,23.54,Mahajanga,-15.717,46.317,13.0
2023-10-18,30.0,23.8,26.7,5.6,17.1,34.9,20.39,Mahajanga,-15.717,46.317,13.0
2023-10-19,31.4,24.3,27.8,0.0,20.9,38.9,25.5,Mahajanga,-15.717,46.317,13.0
2023-10-20,32.8,25.1,28.6,0.1,18.9,38.9,25.93,Mahajanga,-15.717,46.317,13.0
2023-10-21,33.4,25.9,28.6,2.5,21.6,43.9,23.44,Mahajanga,-15.717,46.317,13.0
2023-10-22,34.1,25.1,28.5,0.0,23.5,46.8,26.91,Mahajanga,-15.717,46.317,13.0
2023-10-23,31.4,24.9,27.9,1.4,24.2,47.2,24.71,Mahajanga,-15.717,46.317,13.0
2023-10-24,31.9,25.2,28.3,0.1,20.4,41.4,25.41,Mahajanga,-15.717,46.317,13.0
2023-10-25,32.0,25.5,28.3,0.5,21.1,41.4,25.65,Mahajanga,-15.717,46.317,13.0
2023-10-26,32.2,24.9,28.2,0.0,23.8,46.1,25.41,Mahajanga,-15.717,46.317,13.0
2023-10-27,33.1,25.7,28.7,2.0,22.4,44.3,25.33,Mahajanga,-15.717,46.317,13.0
2023-10-28,30.8,23.9,26.8,13.6,18.3,37.8,24.85,Mahajanga,-15.717,46.317,13.0
2023-10-29,33.6,23.1,27.6,9.1,19.9,36.4,26.48,Mahajanga,-15.717,46.317,13.0
2023-10-30,34.7,24.8,28.4,0.1,20.8,39.2,27.26,Mahajanga,-15.717,46.317,13.0
2023-10-31,32.8,23.0,27.8,6.6,20.9,41.8,25.42,Mahajanga,-15.717,46.317,13.0
2023-11-01,30.9,23.1,26.9,9.1,18.7,37.1,23.33,Mahajanga,-15.717,46.317,13.0
2023-11-02,31.6,24.0,27.8,0.6,17.3,35.3,25.55,Mahajanga,-15.717,46.317,13.0
2023-11-03,32.5,24.6,28.4,2.0,21.0,37.8,25.46,Mahajanga,-15.717,46.317,13.0
2023-11-04,33.0,23.7,27.5,7.2,17.3,37.1,24.75,Mahajanga,-15.717,46.317,13.0
2023-11-05,32.8,23.9,27.5,2.0,16.1,31.7,23.51,Mahajanga,-15.717,46.317,13.0
2023-11-06,33.8,24.0,27.8,0.2,17.3,36.4,25.74,Mahajanga,-15.717,46.317,13.0
2023-11-07,33.3,24.5,27.9,0.4,19.4,37.8,26.22,Mahajanga,-15.717,46.317,13.0
2023-11-08,33.8,24.0,28.2,0.1,17.1,35.3,27.58,Mahajanga,-15.717,46.317,13.0
2023-11-09,31.3,24.6,27.9,0.0,18.7,36.4,20.81,Mahajanga,-15.717,46.317,13.0
2023-11-10,31.1,25.2,28.2,1.4,18.6,40.3,26.05,Mahajanga,-15.717,46.317,13.0
2023-11-11,32.3,25.0,28.5,1.2,13.3,33.1,24.49,Mahajanga,-15.717,46.317,13.0
2023-11-12,34.1,24.2,28.1,1.2,18.3,38.2,26.35,Mahajanga,-15.717,46.317,13.0
2023-11-13,31.1,23.9,27.4,9.7,12.6,27.0,25.62,Mahajanga,-15.717,46.317,13.0
2023-11-14,32.0,24.6,28.3,1.1,19.8,37.1,25.48,Mahajanga,-15.717,46.317,13.0
2023-11-15,31.2,24.7,27.8,1.5,19.5,40.7,24.96,Mahajanga,-15.717,46.317,13.0
2023-11-16,32.5,23.1,27.4,1.9,18.7,37.8,26.88,Mahajanga,-15.717,46.317,13.0
2023-11-17,34.7,23.3,28.6,0.8,14.0,34.2,27.02,Mahajanga,-15.717,46.317,13.0
2023-11-18,35.7,25.1,29.5,0.0,17.5,35.6,27.63,Mahajanga,-15.717,46.317,13.0
2023-11-19,36.5,25.7,30.1,0.1,21.0,37.8,27.56,Mahajanga,-15.717,46.317,13.0
2023-11-20,34.9,25.8,29.5,0.6,21.1,43.2,27.43,Mahajanga,-15.717,46.317,13.0
2023-11-21,37.4,24.9,30.4,0.4,18.2,36.7,28.53,Mahajanga,-15.717,46.317,13.0
2023-11-22,37.0,25.8,31.3,0.0,22.6,40.3,24.68,Mahajanga,-15.717,46.317,13.0
2023-11-23,37.1,26.2,31.4,0.6,24.2,48.2,25.21,Mahajanga,-15.717,46.317,13.0
2023-11-24,37.2,26.1,31.2,0.0,18.5,38.9,25.55,Mahajanga,-15.717,46.317,13.0
2023-11-25,35.6,24.4,29.0,6.9,22.4,43.9,25.07,Mahajanga,-15.717,46.317,13.0
2023-11-26,37.6,24.5,29.6,0.0,22.2,45.4,27.25,Mahajanga,-15.717,46.317,13.0
2023-11-27,35.2,26.3,30.0,1.5,22.1,42.8,26.42,Mahajanga,-15.717,46.317,13.0
2023-11-28,31.0,23.4,27.7,5.9,19.4,38.5,25.78,Mahajanga,-15.717,46.317,13.0
2023-11-29,30.7,25.8,28.4,1.3,22.7,43.9,24.79,Mahajanga,-15.717,46.317,13.0
2023-11-30,31.8,25.6,28.5,2.5,20.2,43.9,25.56,Mahajanga,-15.717,46.317,13.0
2023-12-01,29.9,24.2,26.9,12.5,21.7,42.5,21.55,Mahajanga,-15.717,46.317,13.0
2023-12-02,30.3,23.5,27.1,12.3,18.7,35.6,21.34,Mahajanga,-15.717,46.317,13.0
2023-12-03,32.4,23.8,27.2,14.5,19.8,34.6,26.32,Mahajanga,-15.717,46.317,13.0
2023-12-04,33.1,24.2,27.9,0.2,17.6,36.4,26.37,Mahajanga,-15.717,46.317,13.0
2023-12-05,30.4,24.8,27.8,5.0,17.1,33.1,21.43,Mahajanga,-15.717,46.317,13.0
2023-12-06,31.4,24.5,28.0,4.2,13.9,27.4,20.27,Mahajanga,-15.717,46.317,13.0
2023-12-07,33.7,24.3,28.3,3.2,16.9,33.1,21.98,Mahajanga,-15.717,46.317,13.0
2023-12-08,34.7,24.7,28.6,3.6,19.1,40.7,27.76,Mahajanga,-15.717,46.317,13.0
2023-12-09,34.8,24.6,29.0,1.7,21.0,39.2,27.54,Mahajanga,-15.717,46.317,13.0
2023-12-10,33.7,25.0,28.5,22.6,17.3,35.3,26.58,Mahajanga,-15.717,46.317,13.0
2023-12-11,33.7,24.3,28.3,8.0,18.4,35.6,26.67,Mahajanga,-15.717,46.317,13.0
2023-12-12,33.3,25.6,29.1,0.5,16.4,33.5,26.59,Mahajanga,-15.717,46.317,13.0
2023-12-13,31.7,25.6,28.4,3.2,17.9,34.9,26.31,Mahajanga,-15.717,46.317,13.0
2023-12-14,31.5,24.5,28.1,26.7,16.0,31.7,25.8,Mahajanga,-15.717,46.317,13.0
2023-12-15,34.1,25.4,29.3,0.3,19.6,36.0,27.46,Mahajanga,-15.717,46.317,13.0
2023-12-16,33.3,25.9,29.0,1.0,17.7,36.4,26.6,Mahajanga,-15.717,46.317,13.0
2023-12-17,31.2,23.8,27.4,9.6,20.4,38.9,23.54,Mahajanga,-15.717,46.317,13.0
2023-12-18,32.4,26.0,28.6,8.3,24.3,47.2,24.58,Mahajanga,-15.717,46.317,13.0
2023-12-19,30.7,24.9,27.5,8.5,15.3,28.8,22.71,Mahajanga,-15.717,46.317,13.0
2023-12-20,30.4,24.4,27.3,5.3,17.1,32.4,22.23,Mahajanga,-15.717,46.317,13.0
2023-12-21,29.7,25.1,27.5,6.4,15.9,32.8,22.23,Mahajanga,-15.717,46.317,13.0
2023-12-22,31.4,24.8,27.9,3.6,16.1,32.0,25.71,Mahajanga,-15.717,46.317,13.0
2023-12-23,31.5,24.6,27.8,2.3,20.1,38.5,26.72,Mahajanga,-15.717,46.317,13.0
2023-12-24,29.8,24.5,26.9,11.8,17.1,33.8,24.12,Mahajanga,-15.717,46.317,13.0
2023-12-25,30.0,23.7,26.9,9.7,15.0,29.2,24.67,Mahajanga,-15.717,46.317,13.0
2023-12-26,29.5,24.1,27.0,13.3,20.2,38.9,24.72,Mahajanga,-15.717,46.317,13.0
2023-12-27,31.3,25.1,28.1,0.6,15.8,32.4,26.95,Mahajanga,-15.717,46.317,13.0
2023-12-28,30.1,23.6,27.5,12.8,15.8,32.0,25.28,Mahajanga,-15.717,46.317,13.0
2023-12-29,30.6,23.7,27.6,7.2,17.7,31.7,26.29,Mahajanga,-15.717,46.317,13.0
2023-12-30,31.2,24.4,27.7,0.7,17.4,34.6,24.42,Mahajanga,-15.717,46.317,13.0
2023-12-31,30.8,24.6,28.0,0.5,15.7,33.1,25.49,Mahajanga,-15.717,46.317,13.0
2024-01-01,30.6,25.2,27.9,2.4,20.4,38.9,24.77,Mahajanga,-15.717,46.317,13.0
2024-01-02,28.6,25.1,26.9,18.4,19.7,43.6,12.76,Mahajanga,-15.717,46.317,13.0
2024-01-03,29.3,25.3,27.1,17.1,20.1,42.8,22.44,Mahajanga,-15.717,46.317,13.0
2024-01-04,29.2,25.2,26.9,18.9,19.2,36.4,20.94,Mahajanga,-15.717,46.317,13.0
2024-01-05,30.4,24.8,27.4,10.8,14.1,29.5,22.24,Mahajanga,-15.717,46.317,13.0
2024-01-06,30.4,24.6,27.1,15.8,19.2,36.7,21.39,Mahajanga,-15.717,46.317,13.0
2024-01-07,31.1,25.4,28.0,3.7,14.0,27.4,24.08,Mahajanga,-15.717,46.317,13.0
2024-01-08,31.4,24.1,27.7,10.1,12.0,25.6,23.27,Mahajanga,-15.717,46.317,13.0
2024-01-09,30.9,24.8,27.5,20.9,16.3,34.6,24.54,Mahajanga,-15.717,46.317,13.0
2024-01-10,31.5,24.4,27.1,24.4,16.4,33.1,23.83,Mahajanga,-15.717,46.317,13.0
2024-01-11,30.7,24.4,26.8,25.5,15.8,32.8,17.61,Mahajanga,-15.717,46.317,13.0
2024-01-12,31.3,24.6,27.5,15.0,12.7,28.8,25.03,Mahajanga,-15.717,46.317,13.0
2024-01-13,30.6,24.5,27.5,1.0,15.2,29.2,25.43,Mahajanga,-15.717,46.317,13.0
2024-01-14,29.1,25.4,27.1,3.5,19.3,40.0,22.41,Mahajanga,-15.717,46.317,13.0
2024-01-15,29.8,24.6,26.6,25.8,19.6,37.8,14.43,Mahajanga,-15.717,46.317,13.0
2024-01-16,27.2,25.2,26.1,58.1,24.8,50.4,8.5,Mahajanga,-15.717,46.317,13.0
2024-01-17,27.6,25.2,26.1,41.2,29.7,57.2,7.53,Mahajanga,-15.717,46.317,13.0
2024-01-18,28.5,24.7,26.5,24.5,25.2,46.4,12.35,Mahajanga,-15.717,46.317,13.0
2024-01-19,28.0,25.0,26.2,27.2,14.5,27.7,11.9,Mahajanga,-15.717,46.317,13.0
2024-01-20,29.4,25.0,26.7,21.2,17.7,37.4,17.52,Mahajanga,-15.717,46.317,13.0
2024-01-21,28.6,23.8,26.0,21.3,15.2,29.5,11.44,Mahajanga,-15.717,46.317,13.0
2024-01-22,26.3,24.5,25.5,66.9,16.2,32.8,6.09,Mahajanga,-15.717,46.317,13.0
2024-01-23,28.7,24.4,25.8,38.2,12.9,28.1,16.89,Mahajanga,-15.717,46.317,13.0
2024-01-24,29.4,24.5,26.3,18.6,18.1,32.0,15.78,Mahajanga,-15.717,46.317,13.0
2024-01-25,29.0,23.8,25.8,6.2,12.9,27.0,15.49,Mahajanga,-15.717,46.317,13.0
2024-01-26,29.2,23.1,26.3,0.7,19.1,36.0,25.96,Mahajanga,-15.717,46.317,13.0
2024-01-27,29.3,23.8,26.6,0.2,15.3,29.5,27.48,Mahajanga,-15.717,46.317,13.0
2024-01-28,30.2,24.1,27.0,0.7,17.2,31.7,27.8,Mahajanga,-15.717,46.317,13.0
2024-01-29,30.9,24.2,27.4,0.0,17.7,32.8,28.61,Mahajanga,-15.717,46.317,13.0
2024-01-30,30.7,23.6,27.2,0.6,13.1,28.4,27.68,Mahajanga,-15.717,46.317,13.0
2024-01-31,31.8,23.9,27.4,2.1,13.6,33.5,25.95,Mahajanga,-15.717,46.317,13.0
2024-02-01,31.7,24.0,27.8,10.0,16.1,31.0,25.51,Mahajanga,-15.717,46.317,13.0
2024-02-02,31.0,24.2,27.5,1.6,18.9,34.6,27.53,Mahajanga,-15.717,46.317,13.0
2024-02-03,32.2,24.7,28.3,0.6,14.4,33.8,24.22,Mahajanga,-15.717,46.317,13.0
2024-02-04,31.9,24.7,28.1,12.7,15.7,35.3,23.87,Mahajanga,-15.717,46.317,13.0
2024-02-05,29.9,23.8,26.7,15.8,18.4,35.6,24.54,Mahajanga,-15.717,46.317,13.0
2024-02-06,29.6,23.9,26.5,7.1,17.2,34.6,22.99,Mahajanga,-15.717,46.317,13.0
2024-02-07,28.6,24.5,26.3,6.9,15.1,33.1,20.44,Mahajanga,-15.717,46.317,13.0
2024-02-08,29.7,24.3,27.0,0.5,19.6,37.8,24.24,Mahajanga,-15.717,46.317,13.0
2024-02-09,30.0,24.7,27.4,1.4,17.0,33.8,25.02,Mahajanga,-15.717,46.317,13.0
2024-02-10,30.3,24.9,27.3,5.8,14.7,32.0,21.2,Mahajanga,-15.717,46.317,13.0
2024-02-11,29.4,24.5,26.6,9.4,15.6,29.5,18.62,Mahajanga,-15.717,46.317,13.0
2024-02-12,31.0,24.3,26.7,21.4,16.9,33.8,19.73,Mahajanga,-15.717,46.317,13.0
2024-02-13,28.3,24.1,25.7,69.6,13.1,27.4,11.39,Mahajanga,-15.717,46.317,13.0
2024-02-14,28.8,24.4,26.4,18.7,19.0,37.4,20.59,Mahajanga,-15.717,46.317,13.0
2024-02-15,28.5,23.9,26.0,29.7,20.1,45.0,13.19,Mahajanga,-15.717,46.317,13.0
2024-02-16,28.5,24.7,26.4,5.8,15.0,32.8,17.28,Mahajanga,-15.717,46.317,13.0
2024-02-17,30.0,24.9,27.0,4.7,22.2,41.8,23.75,Mahajanga,-15.717,46.317,13.0
2024-02-18,30.9,24.3,27.2,5.7,15.5,31.3,24.9,Mahajanga,-15.717,46.317,13.0
2024-02-19,31.5,23.9,27.2,3.3,11.3,24.1,26.16,Mahajanga,-15.717,46.317,13.0
2024-02-20,32.2,24.1,27.4,2.2,17.4,33.8,27.27,Mahajanga,-15.717,46.317,13.0
2024-02-21,31.8,23.7,27.1,3.9,17.4,34.6,27.27,Mahajanga,-15.717,46.317,13.0
2024-02-22,29.1,24.3,26.8,18.4,17.8,36.4,18.3,Mahajanga,-15.717,46.317,13.0
2024-02-23,28.3,24.4,26.5,14.3,14.3,28.1,13.73,Mahajanga,-15.717,46.317,13.0
2024-02-24,31.5,24.4,27.7,3.7,12.3,23.4,25.36,Mahajanga,-15.717,46.317,13.0
2024-02-25,31.4,25.6,28.3,0.4,15.3,29.5,26.05,Mahajanga,-15.717,46.317,13.0
2024-02-26,30.8,25.7,28.0,5.5,10.8,23.8,21.27,Mahajanga,-15.717,46.317,13.0
2024-02-27,30.5,25.7,27.5,6.2,11.0,24.5,20.26,Mahajanga,-15.717,46.317,13.0
2024-02-28,30.1,24.5,27.3,4.0,14.5,31.3,23.92,Mahajanga,-15.717,46.317,13.0
2024-02-29,30.2,24.3,26.8,4.8,14.8,29.2,22.65,Mahajanga,-15.717,46.317,13.0
2024-03-01,30.0,24.1,26.7,15.2,15.9,30.6,20.72,Mahajanga,-15.717,46.317,13.0
2024-03-02,32.4,24.7,27.8,8.1,14.5,29.9,25.16,Mahajanga,-15.717,46.317,13.0
2024-03-03,32.3,23.8,27.4,7.7,20.8,34.6,21.93,Mahajanga,-15.717,46.317,13.0
2024-03-04,28.9,24.1,26.1,24.1,26.4,50.8,14.48,Mahajanga,-15.717,46.317,13.0
2024-03-05,30.9,24.5,27.7,4.5,19.6,37.1,22.38,Mahajanga,-15.717,46.317,13.0
2024-03-06,32.0,25.1,28.1,0.1,14.4,28.8,24.72,Mahajanga,-15.717,46.317,13.0
2024-03-07,32.2,24.9,27.8,11.9,13.4,26.6,22.36,Mahajanga,-15.717,46.317,13.0
2024-03-08,29.7,25.1,27.0,24.0,20.8,40.3,19.21,Mahajanga,-15.717,46.317,13.0
2024-03-09,30.8,24.7,27.3,17.8,13.1,26.6,21.86,Mahajanga,-15.717,46.317,13.0
2024-03-10,32.2,24.4,27.6,2.0,14.8,29.2,24.66,Mahajanga,-15.717,46.317,13.0
2024-03-11,32.4,24.4,28.1,0.0,15.8,29.2,26.23,Mahajanga,-15.717,46.317,13.0
2024-03-12,33.2,25.2,28.6,0.3,12.0,28.1,25.86,Mahajanga,-15.717,46.317,13.0
2024-03-13,33.4,24.3,28.4,2.2,17.7,34.2,25.28,Mahajanga,-15.717,46.317,13.0
2024-03-14,33.1,25.0,28.9,1.7,15.2,32.0,26.02,Mahajanga,-15.717,46.317,13.0
2024-03-15,34.2,24.7,29.3,0.0,12.2,24.5,26.3,Mahajanga,-15.717,46.317,13.0
2024-03-16,33.3,25.0,28.5,0.5,23.3,41.0,25.51,Mahajanga,-15.717,46.317,13.0
2024-03-17,33.0,25.1,28.6,0.0,11.8,27.0,23.59,Mahajanga,-15.717,46.317,13.0
2024-03-18,33.2,25.4,28.9,0.1,12.9,25.6,25.71,Mahajanga,-15.717,46.317,13.0
2024-03-19,33.6,25.5,29.0,0.0,15.6,30.6,25.61,Mahajanga,-15.717,46.317,13.0
2024-03-20,33.4,25.2,27.8,28.3,14.7,35.6,23.28,Mahajanga,-15.717,46.317,13.0
2024-03-21,32.8,24.7,28.0,28.2,11.7,24.8,22.78,Mahajanga,-15.717,46.317,13.0
2024-03-22,32.5,24.3,28.1,5.8,12.3,25.2,24.06,Mahajanga,-15.717,46.317,13.0
2024-03-23,32.9,24.4,28.6,0.0,19.8,38.5,22.78,Mahajanga,-15.717,46.317,13.0
2024-03-24,34.1,25.2,28.6,8.0,19.9,41.8,23.02,Mahajanga,-15.717,46.317,13.0
2024-03-25,33.6,25.0,28.3,1.6,19.4,36.7,22.31,Mahajanga,-15.717,46.317,13.0
2024-03-26,32.9,26.1,28.4,0.1,22.9,46.8,21.5,Mahajanga,-15.717,46.317,13.0
2024-03-27,33.0,25.4,28.5,0.0,20.2,37.1,23.34,Mahajanga,-15.717,46.317,13.0
2024-03-28,33.2,25.2,28.3,0.9,20.6,35.6,23.0,Mahajanga,-15.717,46.317,13.0
2024-03-29,31.4,24.0,27.3,4.2,17.2,33.1,23.68,Mahajanga,-15.717,46.317,13.0
2024-03-30,30.6,23.5,27.0,0.8,14.0,28.8,22.16,Mahajanga,-15.717,46.317,13.0
2024-03-31,31.4,24.6,28.0,0.2,13.5,27.7,23.13,Mahajanga,-15.717,46.317,13.0
2024-04-01,32.9,23.9,28.0,5.8,20.5,35.3,23.81,Mahajanga,-15.717,46.317,13.0
2024-04-02,33.1,23.9,28.3,4.4,9.4,23.8,24.12,Mahajanga,-15.717,46.317,13.0
2024-04-03,33.3,25.3,28.5,0.2,15.0,26.6,23.67,Mahajanga,-15.717,46.317,13.0
2024-04-04,33.7,25.5,29.0,0.0,16.0,30.2,23.91,Mahajanga,-15.717,46.317,13.0
2024-04-05,34.2,24.7,29.0,0.0,16.7,28.8,24.03,Mahajanga,-15.717,46.317,13.0
2024-04-06,34.9,25.5,29.6,0.0,13.5,26.6,23.93,Mahajanga,-15.717,46.317,13.0
2024-04-07,33.7,23.9,28.7,1.5,16.3,41.4,23.7,Mahajanga,-15.717,46.317,13.0
2024-04-08,34.5,25.4,29.6,0.4,15.4,27.4,23.79,Mahajanga,-15.717,46.317,13.0
2024-04-09,34.3,25.6,29.5,0.3,15.7,32.4,23.45,Mahajanga,-15.717,46.317,13.0
2024-04-10,34.5,25.9,29.7,0.0,16.0,32.4,22.96,Mahajanga,-15.717,46.317,13.0
2024-04-11,31.5,26.4,29.0,0.2,16.6,32.8,21.51,Mahajanga,-15.717,46.317,13.0
2024-04-12,35.1,26.7,30.2,0.2,17.4,34.9,22.34,Mahajanga,-15.717,46.317,13.0
2024-04-13,35.7,26.1,29.9,2.1,18.1,44.3,21.75,Mahajanga,-15.717,46.317,13.0
2024-04-14,34.8,25.2,29.0,15.6,17.0,31.0,21.09,Mahajanga,-15.717,46.317,13.0
2024-04-15,33.3,25.1,28.1,23.6,21.1,36.4,21.1,Mahajanga,-15.717,46.317,13.0
2024-04-16,33.5,25.2,28.7,0.2,19.5,36.7,17.39,Mahajanga,-15.717,46.317,13.0
2024-04-17,34.2,25.5,29.0,0.1,24.6,45.4,20.43,Mahajanga,-15.717,46.317,13.0
2024-04-18,33.2,23.9,28.1,0.0,21.6,40.7,21.69,Mahajanga,-15.717,46.317,13.0
2024-04-19,32.5,23.1,27.8,0.0,17.6,34.2,22.63,Mahajanga,-15.717,46.317,13.0
2024-04-20,33.6,24.7,28.7,0.6,15.8,33.1,21.45,Mahajanga,-15.717,46.317,13.0
2024-04-21,34.6,24.9,29.2,0.1,10.9,22.3,21.29,Mahajanga,-15.717,46.317,13.0
2024-04-22,34.7,25.8,29.4,0.0,13.3,28.8,21.41,Mahajanga,-15.717,46.317,13.0
2024-04-23,35.4,25.8,30.2,0.0,16.0,32.8,22.19,Mahajanga,-15.717,46.317,13.0
2024-04-24,35.0,25.9,30.1,0.1,16.4,29.5,20.65,Mahajanga,-15.717,46.317,13.0
2024-04-25,35.0,25.6,29.8,0.0,14.6,28.8,20.86,Mahajanga,-15.717,46.317,13.0
2024-04-26,35.0,25.1,29.1,4.8,13.4,32.8,20.61,Mahajanga,-15.717,46.317,13.0
2024-04-27,33.4,24.8,28.3,0.5,17.3,30.2,20.38,Mahajanga,-15.717,46.317,13.0
2024-04-28,33.9,25.2,29.0,0.6,13.0,27.7,20.97,Mahajanga,-15.717,46.317,13.0
2024-04-29,34.5,24.9,28.9,0.5,20.3,43.2,19.61,Mahajanga,-15.717,46.317,13.0
2024-04-30,33.9,25.8,29.1,0.0,20.5,40.3,17.1,Mahajanga,-15.717,46.317,13.0
2024-05-01,35.1,26.0,29.6,1.1,15.6,31.7,19.54,Mahajanga,-15.717,46.317,13.0
2024-05-02,30.2,25.5,27.0,0.5,18.8,32.4,7.7,Mahajanga,-15.717,46.317,13.0
2024-05-03,35.2,25.0,29.4,0.0,16.1,28.1,20.51,Mahajanga,-15.717,46.317,13.0
2024-05-04,34.5,24.9,29.7,0.0,17.2,34.2,20.87,Mahajanga,-15.717,46.317,13.0
2024-05-05,34.5,24.4,29.4,0.0,18.4,36.0,20.82,Mahajanga,-15.717,46.317,13.0
2024-05-06,33.8,23.0,28.4,1.3,19.4,38.2,18.65,Mahajanga,-15.717,46.317,13.0
2024-05-07,33.8,23.6,28.6,0.0,22.1,42.8,20.97,Mahajanga,-15.717,46.317,13.0
2024-05-08,35.0,24.6,29.0,0.0,21.3,41.0,20.13,Mahajanga,-15.717,46.317,13.0
2024-05-09,34.1,22.8,28.2,0.0,23.1,45.0,20.16,Mahajanga,-15.717,46.317,13.0
2024-05-10,34.5,23.9,28.8,0.0,27.1,51.5,18.33,Mahajanga,-15.717,46.317,13.0
2024-05-11,34.2,23.7,28.8,0.0,19.1,33.1,20.47,Mahajanga,-15.717,46.317,13.0
2024-05-12,34.8,23.8,29.4,0.0,19.9,33.5,19.93,Mahajanga,-15.717,46.317,13.0
2024-05-13,34.1,24.2,29.0,0.0,15.5,31.0,18.19,Mahajanga,-15.717,46.317,13.0
2024-05-14,34.6,24.0,28.7,0.0,20.7,35.6,19.9,Mahajanga,-15.717,46.317,13.0
2024-05-15,33.9,23.7,28.9,0.0,17.8,35.6,19.88,Mahajanga,-15.717,46.317,13.0
2024-05-16,34.0,24.3,29.0,0.0,19.9,35.6,19.21,Mahajanga,-15.717,46.317,13.0
2024-05-17,33.4,23.1,28.6,0.0,19.1,38.2,17.01,Mahajanga,-15.717,46.317,13.0
2024-05-18,32.0,25.8,28.9,0.5,13.9,29.2,11.25,Mahajanga,-15.717,46.317,13.0
2024-05-19,35.2,25.1,29.4,1.0,12.5,28.8,18.79,Mahajanga,-15.717,46.317,13.0
2024-05-20,34.6,25.1,29.6,0.0,17.5,35.3,18.44,Mahajanga,-15.717,46.317,13.0
2024-05-21,34.0,24.5,28.4,0.0,30.9,53.3,19.23,Mahajanga,-15.717,46.317,13.0
2024-05-22,32.7,21.8,26.8,0.0,26.1,48.2,20.01,Mahajanga,-15.717,46.317,13.0
2024-05-23,32.3,21.5,26.7,0.0,21.7,39.6,19.66,Mahajanga,-15.717,46.317,13.0
2024-05-24,31.9,21.9,26.6,0.0,21.1,41.8,19.76,Mahajanga,-15.717,46.317,13.0
2024-05-25,31.9,20.7,26.1,0.0,18.2,36.7,19.77,Mahajanga,-15.717,46.317,13.0
2024-05-26,32.0,21.1,26.1,0.0,17.7,30.6,19.41,Mahajanga,-15.717,46.317,13.0
2024-05-27,31.7,20.5,26.0,0.0,14.1,23.8,19.08,Mahajanga,-15.717,46.317,13.0
2024-05-28,32.0,21.1,26.4,0.0,20.6,40.7,19.74,Mahajanga,-15.717,46.317,13.0
2024-05-29,32.7,20.8,26.7,0.0,18.6,37.1,18.2,Mahajanga,-15.717,46.317,13.0
2024-05-30,33.3,24.0,28.2,0.0,22.4,42.5,18.73,Mahajanga,-15.717,46.317,13.0
2024-05-31,34.1,24.6,28.3,0.4,23.5,42.1,18.03,Mahajanga,-15.717,46.317,13.0
2024-06-01,33.7,24.5,28.8,0.0,22.7,46.4,17.9,Mahajanga,-15.717,46.317,13.0
2024-06-02,32.5,23.4,27.7,0.0,13.3,28.1,18.41,Mahajanga,-15.717,46.317,13.0
2024-06-03,32.5,22.3,27.3,0.0,15.9,31.3,18.52,Mahajanga,-15.717,46.317,13.0
2024-06-04,31.7,21.9,26.8,0.0,17.9,31.0,18.6,Mahajanga,-15.717,46.317,13.0
2024-06-05,31.4,21.7,26.5,0.0,19.5,32.8,18.65,Mahajanga,-15.717,46.317,13.0
2024-06-06,32.7,21.3,26.9,0.0,16.6,33.5,18.08,Mahajanga,-15.717,46.317,13.0
2024-06-07,32.4,22.3,27.1,0.0,16.3,31.3,18.58,Mahajanga,-15.717,46.317,13.0
2024-06-08,32.7,21.0,26.1,0.0,17.3,31.3,18.62,Mahajanga,-15.717,46.317,13.0
2024-06-09,32.5,22.8,27.0,0.1,16.7,28.8,18.81,Mahajanga,-15.717,46.317,13.0
2024-06-10,31.4,21.2,26.3,0.0,21.9,43.6,18.54,Mahajanga,-15.717,46.317,13.0
2024-06-11,31.2,20.4,25.4,0.0,17.2,29.5,18.47,Mahajanga,-15.717,46.317,13.0
2024-06-12,31.2,21.0,25.8,0.0,16.5,30.6,17.91,Mahajanga,-15.717,46.317,13.0
2024-06-13,29.8,22.2,25.7,0.0,16.8,33.1,17.99,Mahajanga,-15.717,46.317,13.0
2024-06-14,31.0,21.4,25.8,0.1,13.0,27.7,17.08,Mahajanga,-15.717,46.317,13.0
2024-06-15,32.4,22.0,26.9,0.0,15.0,29.5,16.81,Mahajanga,-15.717,46.317,13.0
2024-06-16,34.1,23.3,27.9,0.0,17.4,33.1,17.46,Mahajanga,-15.717,46.317,13.0
2024-06-17,33.4,23.7,28.7,0.2,16.3,34.2,17.68,Mahajanga,-15.717,46.317,13.0
2024-06-18,33.0,23.1,28.1,0.0,16.6,32.8,18.21,Mahajanga,-15.717,46.317,13.0
2024-06-19,32.4,22.6,27.1,0.0,21.6,36.4,18.42,Mahajanga,-15.717,46.317,13.0
2024-06-20,31.1,20.5,25.7,0.0,18.9,36.7,18.69,Mahajanga,-15.717,46.317,13.0
2024-06-21,32.0,20.3,26.2,0.0,23.3,40.0,17.91,Mahajanga,-15.717,46.317,13.0
2024-06-22,31.5,21.0,26.2,0.0,22.2,42.5,18.56,Mahajanga,-15.717,46.317,13.0
2024-06-23,31.8,21.0,26.3,0.0,22.7,42.1,17.34,Mahajanga,-15.717,46.317,13.0
2024-06-24,32.0,22.6,26.7,0.0,26.5,48.6,18.49,Mahajanga,-15.717,46.317,13.0
2024-06-25,32.0,22.8,26.8,0.0,23.7,43.6,18.32,Mahajanga,-15.717,46.317,13.0
2024-06-26,32.0,20.7,26.2,0.0,24.9,46.8,18.64,Mahajanga,-15.717,46.317,13.0
2024-06-27,32.6,22.3,27.0,0.0,22.1,42.8,17.89,Mahajanga,-15.717,46.317,13.0
2024-06-28,30.3,21.2,25.5,0.0,22.9,43.2,18.67,Mahajanga,-15.717,46.317,13.0
2024-06-29,30.3,19.6,24.6,0.0,17.7,35.6,18.92,Mahajanga,-15.717,46.317,13.0
2024-06-30,30.9,18.5,24.6,0.0,16.3,32.8,18.8,Mahajanga,-15.717,46.317,13.0
2024-07-01,30.7,19.3,24.9,0.0,15.1,31.7,18.53,Mahajanga,-15.717,46.317,13.0
2024-07-02,31.4,20.2,25.3,0.0,15.3,32.0,18.75,Mahajanga,-15.717,46.317,13.0
2024-07-03,30.6,19.3,25.3,0.0,18.3,33.1,18.57,Mahajanga,-15.717,46.317,13.0
2024-07-04,31.1,20.5,25.6,0.0,16.2,33.5,18.54,Mahajanga,-15.717,46.317,13.0
2024-07-05,31.5,19.9,25.3,0.0,15.8,31.3,18.03,Mahajanga,-15.717,46.317,13.0
2024-07-06,31.9,19.5,25.8,0.0,14.7,29.9,18.84,Mahajanga,-15.717,46.317,13.0
2024-07-07,32.1,19.9,25.3,0.0,16.3,32.4,19.05,Mahajanga,-15.717,46.317,13.0
2024-07-08,32.2,19.1,25.3,0.0,15.1,30.6,18.87,Mahajanga,-15.717,46.317,13.0
2024-07-09,31.8,20.2,25.4,0.0,16.8,31.0,19.18,Mahajanga,-15.717,46.317,13.0
2024-07-10,31.5,20.4,25.3,0.0,21.4,39.2,19.35,Mahajanga,-15.717,46.317,13.0
2024-07-11,30.9,19.0,24.9,0.0,23.1,41.0,19.5,Mahajanga,-15.717,46.317,13.0
2024-07-12,31.6,20.4,25.8,0.0,24.8,49.7,18.94,Mahajanga,-15.717,46.317,13.0
2024-07-13,33.0,21.3,26.6,0.0,23.1,45.4,18.92,Mahajanga,-15.717,46.317,13.0
2024-07-14,32.6,20.8,26.2,0.0,25.7,49.0,18.72,Mahajanga,-15.717,46.317,13.0
2024-07-15,31.8,20.3,25.7,0.0,19.9,37.4,19.38,Mahajanga,-15.717,46.317,13.0
2024-07-16,31.9,19.7,25.6,0.0,15.8,32.8,19.5,Mahajanga,-15.717,46.317,13.0
2024-07-17,31.7,20.2,25.8,0.0,15.2,32.0,19.46,Mahajanga,-15.717,46.317,13.0
2024-07-18,31.9,19.8,25.8,0.0,16.8,34.2,19.65,Mahajanga,-15.717,46.317,13.0
2024-07-19,31.4,19.2,25.0,0.0,13.2,26.6,19.64,Mahajanga,-15.717,46.317,13.0
2024-07-20,31.0,19.7,24.6,0.0,18.0,34.9,19.84,Mahajanga,-15.717,46.317,13.0
2024-07-21,30.9,19.2,24.4,0.0,16.7,29.9,19.8,Mahajanga,-15.717,46.317,13.0
2024-07-22,32.2,18.8,24.7,0.0,17.1,29.5,19.53,Mahajanga,-15.717,46.317,13.0
2024-07-23,32.2,19.7,25.2,0.0,18.0,33.5,19.79,Mahajanga,-15.717,46.317,13.0
2024-07-24,32.2,22.3,26.2,0.0,18.0,34.9,19.62,Mahajanga,-15.717,46.317,13.0
2024-07-25,31.4,20.8,25.2,0.0,20.2,36.7,19.52,Mahajanga,-15.717,46.317,13.0
2024-07-26,30.4,18.6,24.8,0.0,18.0,36.4,19.86,Mahajanga,-15.717,46.317,13.0
2024-07-27,32.9,20.1,25.6,0.0,16.4,31.0,20.23,Mahajanga,-15.717,46.317,13.0
2024-07-28,32.1,21.3,25.7,0.0,14.8,29.2,19.77,Mahajanga,-15.717,46.317,13.0
2024-07-29,32.4,21.0,25.7,0.0,16.8,33.8,20.32,Mahajanga,-15.717,46.317,13.0
2024-07-30,32.1,20.7,25.9,0.0,15.3,29.9,20.35,Mahajanga,-15.717,46.317,13.0
2024-07-31,31.9,21.8,26.7,0.0,16.4,34.2,20.68,Mahajanga,-15.717,46.317,13.0
2024-08-01,31.9,20.2,26.0,0.0,19.5,38.9,20.89,Mahajanga,-15.717,46.317,13.0
2024-08-02,31.1,19.6,25.1,0.0,19.5,38.9,20.88,Mahajanga,-15.717,46.317,13.0
2024-08-03,31.0,20.0,25.1,0.0,17.9,36.4,20.68,Mahajanga,-15.717,46.317,13.0
2024-08-04,31.5,20.2,24.8,0.0,19.3,38.5,20.99,Mahajanga,-15.717,46.317,13.0
2024-08-05,31.4,19.9,25.1,0.0,16.0,33.1,21.18,Mahajanga,-15.717,46.317,13.0
2024-08-06,32.9,19.8,25.5,0.0,21.0,40.0,21.01,Mahajanga,-15.717,46.317,13.0
2024-08-07,32.5,21.7,26.1,0.0,22.7,39.2,21.27,Mahajanga,-15.717,46.317,13.0
2024-08-08,31.7,20.2,26.1,0.0,22.6,44.3,21.3,Mahajanga,-15.717,46.317,13.0
2024-08-09,32.5,20.4,25.6,0.0,19.4,37.8,21.51,Mahajanga,-15.717,46.317,13.0
2024-08-10,32.5,20.5,26.4,0.0,17.8,36.0,21.45,Mahajanga,-15.717,46.317,13.0
2024-08-11,32.9,21.0,26.5,0.0,16.4,34.9,19.13,Mahajanga,-15.717,46.317,13.0
2024-08-12,33.5,21.6,26.5,0.0,17.3,36.0,21.12,Mahajanga,-15.717,46.317,13.0
2024-08-13,33.8,21.5,26.7,0.0,17.9,35.6,21.04,Mahajanga,-15.717,46.317,13.0
2024-08-14,33.2,21.8,26.5,0.0,21.0,41.4,21.59,Mahajanga,-15.717,46.317,13.0
2024-08-15,33.8,21.0,26.4,0.0,19.5,33.5,21.86,Mahajanga,-15.717,46.317,13.0
2024-08-16,32.9,21.0,27.4,0.0,25.6,43.2,21.65,Mahajanga,-15.717,46.317,13.0
2024-08-17,33.7,20.9,27.4,0.0,23.2,44.3,22.16,Mahajanga,-15.717,46.317,13.0
2024-08-18,33.2,21.1,27.1,0.0,24.7,42.1,21.7,Mahajanga,-15.717,46.317,13.0
2024-08-19,33.2,21.2,27.2,0.0,25.6,49.0,20.66,Mahajanga,-15.717,46.317,13.0
2024-08-20,32.9,21.2,26.8,0.0,27.6,51.5,21.92,Mahajanga,-15.717,46.317,13.0
2024-08-21,32.5,21.4,26.3,0.0,26.9,47.5,22.42,Mahajanga,-15.717,46.317,13.0
2024-08-22,32.9,20.5,26.1,0.0,23.8,47.5,20.86,Mahajanga,-15.717,46.317,13.0
2024-08-23,33.2,19.1,25.4,0.0,19.7,37.4,22.92,Mahajanga,-15.717,46.317,13.0
2024-08-24,34.7,21.6,27.3,0.0,17.5,32.0,23.05,Mahajanga,-15.717,46.317,13.0
2024-08-25,32.6,21.2,26.7,0.0,23.0,43.9,22.76,Mahajanga,-15.717,46.317,13.0
2024-08-26,32.6,20.1,26.1,0.0,22.3,38.9,22.69,Mahajanga,-15.717,46.317,13.0
2024-08-27,33.1,21.6,27.2,0.0,25.6,43.9,22.7,Mahajanga,-15.717,46.317,13.0
2024-08-28,33.6,21.6,26.9,0.0,31.7,53.3,23.06,Mahajanga,-15.717,46.317,13.0
2024-08-29,33.9,21.4,27.1,0.0,22.0,44.6,22.85,Mahajanga,-15.717,46.317,13.0
2024-08-30,34.0,21.3,27.2,0.0,20.3,36.7,23.22,Mahajanga,-15.717,46.317,13.0
2024-08-31,33.6,21.2,27.1,0.0,17.2,35.3,22.34,Mahajanga,-15.717,46.317,13.0
2024-09-01,32.2,21.9,26.4,0.0,22.6,45.0,22.65,Mahajanga,-15.717,46.317,13.0
2024-09-02,33.1,21.0,26.3,0.1,20.0,38.9,23.19,Mahajanga,-15.717,46.317,13.0
2024-09-03,33.5,22.3,27.0,0.8,18.8,36.4,22.63,Mahajanga,-15.717,46.317,13.0
2024-09-04,32.9,23.0,27.1,1.3,16.4,36.0,19.52,Mahajanga,-15.717,46.317,13.0
2024-09-05,34.5,22.2,27.2,1.2,20.5,44.6,22.17,Mahajanga,-15.717,46.317,13.0
2024-09-06,33.8,21.2,27.7,0.0,19.5,46.4,23.22,Mahajanga,-15.717,46.317,13.0
2024-09-07,34.9,22.5,28.3,0.0,17.7,36.7,23.24,Mahajanga,-15.717,46.317,13.0
2024-09-08,34.3,22.4,27.7,0.0,17.1,34.2,23.49,Mahajanga,-15.717,46.317,13.0
2024-09-09,34.4,20.9,26.4,0.0,16.9,34.6,24.72,Mahajanga,-15.717,46.317,13.0
2024-09-10,34.2,21.5,26.9,0.0,17.8,37.8,24.62,Mahajanga,-15.717,46.317,13.0
2024-09-11,35.3,21.3,27.3,0.0,18.3,38.2,24.85,Mahajanga,-15.717,46.317,13.0
2024-09-12,34.0,22.1,26.8,0.0,23.1,43.6,24.73,Mahajanga,-15.717,46.317,13.0
2024-09-13,35.5,22.6,27.5,0.0,18.8,37.8,24.23,Mahajanga,-15.717,46.317,13.0
2024-09-14,34.7,23.1,28.7,0.0,25.6,45.7,25.17,Mahajanga,-15.717,46.317,13.0
2024-09-15,34.8,21.5,27.0,0.0,22.7,43.2,24.77,Mahajanga,-15.717,46.317,13.0
2024-09-16,33.8,21.0,26.5,0.0,19.0,37.8,25.62,Mahajanga,-15.717,46.317,13.0
2024-09-17,35.2,20.6,26.2,0.0,20.6,41.0,25.66,Mahajanga,-15.717,46.317,13.0
2024-09-18,34.4,20.7,26.4,0.0,21.9,42.5,25.48,Mahajanga,-15.717,46.317,13.0
2024-09-19,33.7,22.0,26.7,0.0,22.2,43.2,25.28,Mahajanga,-15.717,46.317,13.0
2024-09-20,34.6,23.0,27.3,0.0,22.3,43.6,25.23,Mahajanga,-15.717,46.317,13.0
2024-09-21,35.3,23.0,28.0,0.0,18.4,36.7,25.65,Mahajanga,-15.717,46.317,13.0
2024-09-22,34.9,21.9,27.3,0.0,24.6,49.0,25.99,Mahajanga,-15.717,46.317,13.0
2024-09-23,30.5,23.7,26.7,0.4,21.9,42.5,23.19,Mahajanga,-15.717,46.317,13.0
2024-09-24,34.3,24.1,27.7,0.0,24.5,47.5,20.74,Mahajanga,-15.717,46.317,13.0
2024-09-25,34.3,22.7,27.9,0.0,20.3,37.4,25.75,Mahajanga,-15.717,46.317,13.0
2024-09-26,34.4,21.7,27.9,0.0,18.6,37.8,25.95,Mahajanga,-15.717,46.317,13.0
2024-09-27,35.1,22.9,28.0,0.0,19.2,38.5,26.09,Mahajanga,-15.717,46.317,13.0
2024-09-28,34.1,22.7,27.3,0.0,23.2,44.6,25.97,Mahajanga,-15.717,46.317,13.0
2024-09-29,31.9,22.9,26.8,0.0,22.7,47.2,25.41,Mahajanga,-15.717,46.317,13.0
2024-09-30,35.1,23.9,27.9,0.0,24.1,50.8,26.02,Mahajanga,-15.717,46.317,13.0
2024-10-01,34.2,23.6,28.0,1.2,24.9,46.1,21.86,Mahajanga,-15.717,46.317,13.0
2024-10-02,32.4,24.2,27.7,0.8,25.5,49.0,24.6,Mahajanga,-15.717,46.317,13.0
2024-10-03,35.1,23.6,28.2,0.1,24.4,41.4,26.61,Mahajanga,-15.717,46.317,13.0
2024-10-04,35.5,23.4,28.3,0.5,18.8,38.2,24.31,Mahajanga,-15.717,46.317,13.0
2024-10-05,33.9,22.6,27.4,0.0,21.6,36.7,26.07,Mahajanga,-15.717,46.317,13.0
2024-10-06,33.6,22.6,27.0,0.0,23.4,42.1,26.31,Mahajanga,-15.717,46.317,13.0
2024-10-07,32.7,23.0,26.9,0.0,23.1,46.8,26.33,Mahajanga,-15.717,46.317,13.0
2024-10-08,31.4,22.7,26.7,0.2,19.4,40.0,24.03,Mahajanga,-15.717,46.317,13.0
2024-10-09,35.0,22.6,27.7,0.0,25.1,50.0,26.82,Mahajanga,-15.717,46.317,13.0
2024-10-10,36.1,22.9,28.6,0.0,16.3,32.0,27.1,Mahajanga,-15.717,46.317,13.0
2024-10-11,36.3,22.4,28.9,0.0,17.5,36.4,26.72,Mahajanga,-15.717,46.317,13.0
2024-10-12,36.6,23.4,29.5,0.0,23.2,38.5,26.95,Mahajanga,-15.717,46.317,13.0
2024-10-13,34.9,23.6,28.6,0.0,19.3,34.9,26.9,Mahajanga,-15.717,46.317,13.0
2024-10-14,34.5,22.8,27.4,0.0,22.2,43.9,27.25,Mahajanga,-15.717,46.317,13.0
2024-10-15,31.3,23.0,26.8,0.0,24.2,47.2,26.38,Mahajanga,-15.717,46.317,13.0
2024-10-16,33.6,24.3,27.9,0.0,27.4,50.8,26.16,Mahajanga,-15.717,46.317,13.0
2024-10-17,33.0,23.7,27.5,0.0,23.1,45.4,27.39,Mahajanga,-15.717,46.317,13.0
2024-10-18,31.8,23.9,27.2,1.0,21.6,43.9,25.3,Mahajanga,-15.717,46.317,13.0
2024-10-19,32.9,23.7,27.7,0.2,23.2,45.4,26.2,Mahajanga,-15.717,46.317,13.0
2024-10-20,34.2,24.7,28.5,0.3,19.9,41.8,25.2,Mahajanga,-15.717,46.317,13.0
2024-10-21,36.7,24.7,29.5,0.0,19.3,36.0,27.18,Mahajanga,-15.717,46.317,13.0
2024-10-22,36.2,24.3,29.3,0.0,16.2,35.6,27.45,Mahajanga,-15.717,46.317,13.0
2024-10-23,38.0,24.3,29.5,0.0,21.7,41.8,26.85,Mahajanga,-15.717,46.317,13.0
2024-10-24,36.4,24.8,29.1,0.0,25.8,49.0,27.54,Mahajanga,-15.717,46.317,13.0
2024-10-25,35.7,24.4,28.7,0.0,26.0,49.3,27.18,Mahajanga,-15.717,46.317,13.0
2024-10-26,33.3,24.7,28.4,0.0,22.0,43.6,26.89,Mahajanga,-15.717,46.317,13.0
2024-10-27,32.5,24.1,28.0,0.0,20.5,41.4,26.6,Mahajanga,-15.717,46.317,13.0
2024-10-28,34.0,24.5,28.6,0.0,21.3,43.6,26.9,Mahajanga,-15.717,46.317,13.0
2024-10-29,37.3,25.7,29.6,0.0,27.3,52.2,27.52,Mahajanga,-15.717,46.317,13.0
2024-10-30,38.6,25.0,29.9,0.0,25.2,48.2,27.93,Mahajanga,-15.717,46.317,13.0
2024-10-31,36.7,25.3,29.5,0.0,25.5,50.0,27.63,Mahajanga,-15.717,46.317,13.0
2024-11-01,35.3,25.4,29.4,0.0,26.7,53.6,26.34,Mahajanga,-15.717,46.317,13.0
2024-11-02,33.7,25.3,28.5,0.0,26.4,51.5,26.7,Mahajanga,-15.717,46.317,13.0
2024-11-03,33.4,24.5,28.2,3.9,24.4,51.1,25.56,Mahajanga,-15.717,46.317,13.0
2024-11-04,32.8,24.1,28.4,0.2,20.9,42.1,25.61,Mahajanga,-15.717,46.317,13.0
2024-11-05,34.4,25.4,28.8,0.1,23.6,47.5,25.71,Mahajanga,-15.717,46.317,13.0
2024-11-06,33.3,24.1,28.2,1.4,19.5,38.5,25.28,Mahajanga,-15.717,46.317,13.0
2024-11-07,34.7,23.8,28.5,2.3,21.1,42.5,25.64,Mahajanga,-15.717,46.317,13.0
2024-11-08,35.1,24.3,28.6,0.3,26.2,50.0,27.07,Mahajanga,-15.717,46.317,13.0
2024-11-09,32.8,24.7,28.2,0.0,23.9,48.2,27.27,Mahajanga,-15.717,46.317,13.0
2024-11-10,32.3,25.4,28.4,0.6,22.8,44.3,25.86,Mahajanga,-15.717,46.317,13.0
2024-11-11,34.1,25.0,29.2,0.8,23.9,46.1,25.96,Mahajanga,-15.717,46.317,13.0
2024-11-12,35.3,25.2,29.2,1.9,26.0,48.6,25.52,Mahajanga,-15.717,46.317,13.0
2024-11-13,35.9,23.8,29.2,14.3,24.9,50.8,28.26,Mahajanga,-15.717,46.317,13.0
2024-11-14,32.7,25.3,28.6,0.7,21.1,43.9,26.17,Mahajanga,-15.717,46.317,13.0
2024-11-15,36.8,24.0,29.2,4.0,27.1,54.0,28.32,Mahajanga,-15.717,46.317,13.0
2024-11-16,37.0,24.9,29.5,0.0,26.5,54.4,28.39,Mahajanga,-15.717,46.317,13.0
2024-11-17,37.1,26.3,30.0,0.0,24.3,49.3,28.08,Mahajanga,-15.717,46.317,13.0
2024-11-18,35.3,26.0,29.3,0.0,25.6,52.9,27.28,Mahajanga,-15.717,46.317,13.0
2024-11-19,35.3,25.1,29.1,3.8,25.0,52.2,27.29,Mahajanga,-15.717,46.317,13.0
2024-11-20,34.4,23.5,28.3,3.2,25.3,49.3,27.45,Mahajanga,-15.717,46.317,13.0
2024-11-21,34.0,24.2,28.4,0.5,21.5,45.0,27.88,Mahajanga,-15.717,46.317,13.0
2024-11-22,32.7,23.8,28.2,1.2,21.0,42.5,25.84,Mahajanga,-15.717,46.317,13.0
2024-11-23,31.0,23.8,27.4,3.6,20.2,41.0,25.06,Mahajanga,-15.717,46.317,13.0
2024-11-24,32.7,25.5,28.6,4.5,18.9,38.9,24.8,Mahajanga,-15.717,46.317,13.0
2024-11-25,32.6,24.2,28.2,1.3,16.9,39.2,24.49,Mahajanga,-15.717,46.317,13.0
2024-11-26,35.6,24.8,28.9,2.8,21.5,44.3,27.29,Mahajanga,-15.717,46.317,13.0
2024-11-27,34.3,24.5,28.6,1.8,22.2,45.7,27.34,Mahajanga,-15.717,46.317,13.0
2024-11-28,34.1,25.7,28.8,0.3,21.2,42.5,26.54,Mahajanga,-15.717,46.317,13.0
2024-11-29,30.1,23.7,26.4,20.7,18.0,38.2,20.39,Mahajanga,-15.717,46.317,13.0
2024-11-30,28.9,24.3,25.8,26.7,18.9,39.2,15.21,Mahajanga,-15.717,46.317,13.0
2024-12-01,30.4,23.5,26.2,3.1,11.6,26.6,18.27,Mahajanga,-15.717,46.317,13.0
2024-12-02,30.4,22.9,26.7,2.6,14.0,29.5,24.28,Mahajanga,-15.717,46.317,13.0
2024-12-03,30.8,23.4,26.8,2.0,14.2,30.6,23.86,Mahajanga,-15.717,46.317,13.0
2024-12-04,31.0,24.1,26.9,6.5,17.6,35.3,23.28,Mahajanga,-15.717,46.317,13.0
2024-12-05,31.1,23.8,26.7,42.9,19.2,41.0,20.58,Mahajanga,-15.717,46.317,13.0
2024-12-06,32.2,23.8,27.4,1.4,18.5,39.2,26.62,Mahajanga,-15.717,46.317,13.0
2024-12-07,31.6,23.3,27.0,3.6,16.1,34.6,23.91,Mahajanga,-15.717,46.317,13.0
2024-12-08,31.8,24.4,27.8,0.0,17.7,38.9,26.15,Mahajanga,-15.717,46.317,13.0
2024-12-09,34.2,24.3,28.4,0.7,18.0,36.7,28.31,Mahajanga,-15.717,46.317,13.0
2024-12-10,34.5,24.9,28.6,0.0,19.7,41.0,28.25,Mahajanga,-15.717,46.317,13.0
2024-12-11,34.1,24.9,28.7,1.0,16.1,32.8,27.47,Mahajanga,-15.717,46.317,13.0
2024-12-12,35.1,24.6,28.8,0.0,22.0,45.0,27.99,Mahajanga,-15.717,46.317,13.0
2024-12-13,37.3,25.1,30.2,0.3,25.2,46.8,26.46,Mahajanga,-15.717,46.317,13.0
2024-12-14,36.0,26.6,29.8,2.6,23.4,46.4,24.56,Mahajanga,-15.717,46.317,13.0
2024-12-15,34.6,25.7,29.1,0.5,21.0,44.6,25.12,Mahajanga,-15.717,46.317,13.0
2024-12-16,36.4,24.4,29.4,0.3,21.8,44.6,27.22,Mahajanga,-15.717,46.317,13.0
2024-12-17,37.3,24.2,30.1,0.0,22.6,42.1,29.73,Mahajanga,-15.717,46.317,13.0
2024-12-18,37.1,25.7,30.1,0.0,24.0,47.5,27.61,Mahajanga,-15.717,46.317,13.0
2024-12-19,36.3,26.2,29.6,0.0,28.1,55.8,28.9,Mahajanga,-15.717,46.317,13.0
2024-12-20,31.9,25.0,28.7,2.8,20.8,42.1,26.36,Mahajanga,-15.717,46.317,13.0
2024-12-21,33.3,24.7,28.3,18.1,20.3,40.7,25.19,Mahajanga,-15.717,46.317,13.0
2024-12-22,32.3,24.4,27.8,3.0,17.9,39.2,25.08,Mahajanga,-15.717,46.317,13.0
2024-12-23,35.3,24.6,28.5,0.6,19.1,38.9,28.71,Mahajanga,-15.717,46.317,13.0
2024-12-24,33.5,24.4,28.6,0.0,20.4,41.4,26.78,Mahajanga,-15.717,46.317,13.0
2024-12-25,31.6,25.3,28.5,0.8,18.0,37.8,25.13,Mahajanga,-15.717,46.317,13.0
2024-12-26,31.6,23.8,27.8,8.2,19.6,40.3,23.11,Mahajanga,-15.717,46.317,13.0
2024-12-27,31.9,23.5,27.2,18.5,18.0,41.0,24.14,Mahajanga,-15.717,46.317,13.0
2024-12-28,30.2,23.0,26.4,8.3,19.8,41.0,23.3,Mahajanga,-15.717,46.317,13.0
2024-12-29,29.6,23.3,26.1,35.2,15.4,34.2,21.93,Mahajanga,-15.717,46.317,13.0
2024-12-30,31.0,23.5,26.4,20.0,15.6,31.7,24.19,Mahajanga,-15.717,46.317,13.0
2024-12-31,31.5,23.2,26.7,9.5,18.3,38.2,21.7,Mahajanga,-15.717,46.317,13.0
2025-01-01,31.5,24.0,26.8,19.0,15.0,35.6,20.39,Mahajanga,-15.717,46.317,13.0
2025-01-02,32.9,24.0,27.6,1.3,15.4,31.7,26.97,Mahajanga,-15.717,46.317,13.0
2025-01-03,31.9,24.2,27.6,0.1,18.1,36.4,27.51,Mahajanga,-15.717,46.317,13.0
2025-01-04,32.3,22.7,27.4,2.1,16.1,33.8,23.08,Mahajanga,-15.717,46.317,13.0
2025-01-05,31.9,23.1,27.1,3.2,16.5,35.3,26.99,Mahajanga,-15.717,46.317,13.0
2025-01-06,31.9,22.8,27.0,18.5,16.2,38.2,27.33,Mahajanga,-15.717,46.317,13.0
2025-01-07,31.8,22.8,27.4,12.8,15.0,31.3,27.85,Mahajanga,-15.717,46.317,13.0
2025-01-08,33.9,24.7,28.5,0.1,16.9,35.6,27.31,Mahajanga,-15.717,46.317,13.0
2025-01-09,32.5,24.0,28.2,11.4,16.1,33.8,26.36,Mahajanga,-15.717,46.317,13.0
2025-01-10,36.6,24.2,29.5,1.8,22.4,42.8,27.67,Mahajanga,-15.717,46.317,13.0
2025-01-11,35.6,25.2,28.6,9.2,17.2,40.7,23.76,Mahajanga,-15.717,46.317,13.0
2025-01-12,34.6,25.0,27.7,3.8,30.6,60.8,14.63,Mahajanga,-15.717,46.317,13.0
2025-01-13,27.8,24.1,25.5,23.2,25.4,52.2,13.71,Mahajanga,-15.717,46.317,13.0
2025-01-14,29.5,23.8,26.6,14.4,23.8,48.2,22.65,Mahajanga,-15.717,46.317,13.0
2025-01-15,30.6,24.9,27.5,0.5,19.4,39.2,26.62,Mahajanga,-15.717,46.317,13.0
2025-01-16,31.5,24.2,27.7,0.4,17.3,34.6,26.85,Mahajanga,-15.717,46.317,13.0
2025-01-17,32.2,24.8,27.9,1.8,15.4,34.6,26.72,Mahajanga,-15.717,46.317,13.0
2025-01-18,31.1,23.8,27.4,1.9,14.5,31.3,23.68,Mahajanga,-15.717,46.317,13.0
2025-01-19,30.3,23.6,26.9,3.6,21.2,42.5,25.43,Mahajanga,-15.717,46.317,13.0
2025-01-20,30.0,23.6,27.0,1.2,15.6,33.8,24.61,Mahajanga,-15.717,46.317,13.0
2025-01-21,31.2,22.8,27.4,16.3,15.2,35.6,26.17,Mahajanga,-15.717,46.317,13.0
2025-01-22,29.3,24.0,26.4,15.0,14.2,29.5,16.79,Mahajanga,-15.717,46.317,13.0
2025-01-23,28.8,23.6,26.0,12.0,15.2,31.3,17.59,Mahajanga,-15.717,46.317,13.0
2025-01-24,30.1,23.1,26.2,13.4,18.7,39.6,21.95,Mahajanga,-15.717,46.317,13.0
2025-01-25,29.9,23.9,26.3,16.9,24.2,45.7,23.86,Mahajanga,-15.717,46.317,13.0
2025-01-26,30.3,23.0,26.5,7.6,21.4,51.1,24.76,Mahajanga,-15.717,46.317,13.0
2025-01-27,30.9,24.9,27.7,2.1,23.3,46.4,26.66,Mahajanga,-15.717,46.317,13.0
2025-01-28,30.2,24.8,27.5,2.6,15.3,32.0,23.53,Mahajanga,-15.717,46.317,13.0
2025-01-29,29.6,25.3,27.4,1.8,18.2,37.8,22.53,Mahajanga,-15.717,46.317,13.0
2025-01-30,30.7,24.9,27.6,2.9,21.7,43.9,25.52,Mahajanga,-15.717,46.317,13.0
2025-01-31,29.7,25.1,27.2,5.0,20.0,39.6,22.45,Mahajanga,-15.717,46.317,13.0
2025-02-01,30.5,24.7,27.2,9.1,16.1,32.8,22.03,Mahajanga,-15.717,46.317,13.0
2025-02-02,31.1,23.8,26.9,2.9,18.4,36.7,23.54,Mahajanga,-15.717,46.317,13.0
2025-02-03,28.9,24.6,26.4,6.9,16.6,34.6,19.88,Mahajanga,-15.717,46.317,13.0
2025-02-04,27.0,24.0,25.0,34.2,10.9,23.0,8.7,Mahajanga,-15.717,46.317,13.0
2025-02-05,25.3,23.3,24.5,86.2,19.1,46.8,5.7,Mahajanga,-15.717,46.317,13.0
2025-02-06,29.7,23.7,26.5,6.5,16.5,36.7,20.37,Mahajanga,-15.717,46.317,13.0
2025-02-07,31.5,24.1,27.4,3.8,14.8,31.0,26.29,Mahajanga,-15.717,46.317,13.0
2025-02-08,32.2,23.9,27.2,8.5,15.9,32.4,26.48,Mahajanga,-15.717,46.317,13.0
2025-02-09,31.7,23.6,27.4,0.6,17.2,35.3,27.13,Mahajanga,-15.717,46.317,13.0
2025-02-10,30.4,23.7,27.0,1.3,17.7,35.6,25.62,Mahajanga,-15.717,46.317,13.0
2025-02-11,31.6,24.6,27.9,0.0,16.5,34.6,26.85,Mahajanga,-15.717,46.317,13.0
2025-02-12,31.6,24.8,28.0,3.4,18.8,36.7,25.31,Mahajanga,-15.717,46.317,13.0
2025-02-13,32.0,24.7,27.9,1.0,16.3,33.8,26.55,Mahajanga,-15.717,46.317,13.0
2025-02-14,32.3,24.7,27.7,9.5,14.4,28.1,21.14,Mahajanga,-15.717,46.317,13.0
2025-02-15,29.7,24.5,26.7,3.7,11.6,26.6,16.69,Mahajanga,-15.717,46.317,13.0
2025-02-16,30.8,24.0,27.5,0.7,16.6,34.2,25.71,Mahajanga,-15.717,46.317,13.0
2025-02-17,30.7,25.4,28.1,0.4,17.2,36.0,22.09,Mahajanga,-15.717,46.317,13.0
2025-02-18,31.0,25.1,27.7,1.8,15.5,32.8,21.29,Mahajanga,-15.717,46.317,13.0
2025-02-19,30.9,25.0,26.9,9.8,13.1,29.9,18.08,Mahajanga,-15.717,46.317,13.0
2025-02-20,29.4,24.2,26.5,5.7,16.7,42.8,23.08,Mahajanga,-15.717,46.317,13.0
2025-02-21,29.6,23.5,26.2,21.4,15.1,34.2,18.33,Mahajanga,-15.717,46.317,13.0
2025-02-22,26.7,24.2,25.2,9.4,15.2,42.5,13.73,Mahajanga,-15.717,46.317,13.0
2025-02-23,27.7,23.7,25.5,12.4,14.4,39.2,13.76,Mahajanga,-15.717,46.317,13.0
2025-02-24,29.9,23.8,26.6,1.3,20.4,40.7,18.19,Mahajanga,-15.717,46.317,13.0
2025-02-25,30.5,24.7,27.6,1.3,21.6,42.5,24.2,Mahajanga,-15.717,46.317,13.0
2025-02-26,30.7,25.6,28.2,0.0,19.2,39.2,25.63,Mahajanga,-15.717,46.317,13.0
2025-02-27,30.9,26.3,28.5,0.5,20.6,41.8,24.95,Mahajanga,-15.717,46.317,13.0
2025-02-28,27.8,24.3,26.3,22.3,23.7,51.1,14.33,Mahajanga,-15.717,46.317,13.0
2025-03-01,27.8,23.7,25.8,17.2,18.3,44.3,13.35,Mahajanga,-15.717,46.317,13.0
2025-03-02,29.8,24.2,27.0,0.9,17.5,36.7,24.65,Mahajanga,-15.717,46.317,13.0
2025-03-03,31.4,24.3,27.5,0.0,15.1,31.3,25.83,Mahajanga,-15.717,46.317,13.0
2025-03-04,31.4,24.4,27.7,0.0,14.6,30.2,26.48,Mahajanga,-15.717,46.317,13.0
2025-03-05,32.0,24.7,28.0,0.4,15.5,31.7,24.93,Mahajanga,-15.717,46.317,13.0
2025-03-06,34.2,25.1,29.0,0.1,12.3,27.0,27.42,Mahajanga,-15.717,46.317,13.0
2025-03-07,33.6,24.3,28.0,11.7,14.1,29.5,25.42,Mahajanga,-15.717,46.317,13.0
2025-03-08,27.0,23.7,25.1,34.6,30.3,55.8,5.85,Mahajanga,-15.717,46.317,13.0
2025-03-09,29.4,24.2,25.8,50.8,32.7,59.0,12.56,Mahajanga,-15.717,46.317,13.0
2025-03-10,32.3,23.9,27.1,10.0,19.1,39.2,22.36,Mahajanga,-15.717,46.317,13.0
2025-03-11,30.3,24.1,26.8,7.6,10.0,21.2,15.36,Mahajanga,-15.717,46.317,13.0
2025-03-12,31.8,24.3,27.5,1.3,11.2,24.5,21.21,Mahajanga,-15.717,46.317,13.0
2025-03-13,31.3,24.7,27.7,2.5,16.8,33.8,21.42,Mahajanga,-15.717,46.317,13.0
2025-03-14,29.5,24.5,26.8,7.7,23.2,45.7,21.66,Mahajanga,-15.717,46.317,13.0
2025-03-15,29.2,24.6,26.7,15.5,17.2,34.2,15.92,Mahajanga,-15.717,46.317,13.0
2025-03-16,30.6,24.6,27.6,2.7,16.4,34.6,23.08,Mahajanga,-15.717,46.317,13.0
2025-03-17,32.2,24.1,27.5,5.5,15.1,27.7,23.73,Mahajanga,-15.717,46.317,13.0
2025-03-18,32.9,23.6,28.0,0.0,14.9,32.0,24.92,Mahajanga,-15.717,46.317,13.0
2025-03-19,33.0,23.4,27.9,0.0,17.2,32.8,25.2,Mahajanga,-15.717,46.317,13.0
2025-03-20,32.9,24.1,27.8,5.0,22.4,39.6,24.76,Mahajanga,-15.717,46.317,13.0
2025-03-21,31.7,23.9,27.2,6.7,10.6,21.2,20.91,Mahajanga,-15.717,46.317,13.0
2025-03-22,31.0,23.7,26.8,5.8,12.5,26.3,23.5,Mahajanga,-15.717,46.317,13.0
2025-03-23,31.1,24.4,27.5,1.1,13.7,29.5,22.84,Mahajanga,-15.717,46.317,13.0
2025-03-24,31.9,24.6,27.4,5.5,13.6,31.3,21.06,Mahajanga,-15.717,46.317,13.0
2025-03-25,31.6,24.0,26.9,9.3,15.2,32.4,20.35,Mahajanga,-15.717,46.317,13.0
2025-03-26,32.2,23.3,27.0,15.1,11.7,29.2,22.96,Mahajanga,-15.717,46.317,13.0
2025-03-27,32.9,23.9,27.6,7.1,16.0,30.6,23.91,Mahajanga,-15.717,46.317,13.0
2025-03-28,33.0,23.9,28.1,4.4,10.2,25.6,24.26,Mahajanga,-15.717,46.317,13.0
2025-03-29,32.8,24.4,28.2,2.4,14.4,30.2,24.63,Mahajanga,-15.717,46.317,13.0
2025-03-30,32.4,23.8,27.8,0.0,14.4,30.6,24.57,Mahajanga,-15.717,46.317,13.0
2025-03-31,33.0,23.8,27.7,12.6,20.0,36.4,23.53,Mahajanga,-15.717,46.317,13.0
2025-04-01,33.2,23.8,28.1,3.2,14.1,39.2,24.12,Mahajanga,-15.717,46.317,13.0
2025-04-02,32.2,24.0,27.9,0.3,9.6,24.5,22.94,Mahajanga,-15.717,46.317,13.0
2025-04-03,33.1,24.0,27.6,0.5,16.8,32.0,24.22,Mahajanga,-15.717,46.317,13.0
2025-04-04,32.4,24.2,27.6,0.1,14.4,30.6,22.44,Mahajanga,-15.717,46.317,13.0
2025-04-05,32.3,23.4,27.4,8.6,16.6,37.4,23.43,Mahajanga,-15.717,46.317,13.0
2025-04-06,32.9,23.8,27.7,4.8,21.7,37.1,23.13,Mahajanga,-15.717,46.317,13.0
2025-04-07,33.0,23.9,28.0,2.4,13.2,28.8,23.95,Mahajanga,-15.717,46.317,13.0
2025-04-08,33.3,23.5,28.3,0.0,12.1,24.1,23.64,Mahajanga,-15.717,46.317,13.0
2025-04-09,30.7,23.1,26.8,2.9,16.8,32.0,21.72,Mahajanga,-15.717,46.317,13.0
2025-04-10,31.1,23.9,27.5,8.1,14.3,29.9,22.29,Mahajanga,-15.717,46.317,13.0
2025-04-11,30.8,23.4,26.6,1.3,13.9,31.3,20.1,Mahajanga,-15.717,46.317,13.0
2025-04-12,33.8,24.2,28.4,0.4,14.1,29.2,22.86,Mahajanga,-15.717,46.317,13.0
2025-04-13,34.2,24.7,28.2,7.7,17.6,37.1,22.16,Mahajanga,-15.717,46.317,13.0
2025-04-14,33.9,23.9,28.4,7.5,22.5,41.8,21.11,Mahajanga,-15.717,46.317,13.0
2025-04-15,33.9,24.2,28.5,0.0,9.3,24.5,21.66,Mahajanga,-15.717,46.317,13.0
2025-04-16,33.5,24.5,28.0,18.4,12.3,25.6,21.45,Mahajanga,-15.717,46.317,13.0
2025-04-17,33.2,23.8,28.0,0.2,13.5,28.8,22.04,Mahajanga,-15.717,46.317,13.0
2025-04-18,33.5,24.4,28.3,10.0,14.1,24.5,22.03,Mahajanga,-15.717,46.317,13.0
2025-04-19,32.9,22.8,27.9,14.4,21.7,37.4,21.16,Mahajanga,-15.717,46.317,13.0
2025-04-20,32.4,23.5,27.6,4.3,16.5,33.1,20.89,Mahajanga,-15.717,46.317,13.0
2025-04-21,31.6,24.1,27.7,0.4,13.1,28.1,20.6,Mahajanga,-15.717,46.317,13.0
2025-04-22,32.1,24.8,28.2,0.9,14.1,29.2,20.68,Mahajanga,-15.717,46.317,13.0
2025-04-23,32.7,25.4,28.6,0.8,14.1,24.8,19.76,Mahajanga,-15.717,46.317,13.0
2025-04-24,34.8,24.5,29.0,0.6,15.4,27.4,21.72,Mahajanga,-15.717,46.317,13.0
2025-04-25,34.2,24.3,29.1,0.0,13.8,29.9,22.0,Mahajanga,-15.717,46.317,13.0
2025-04-26,33.9,23.6,28.5,0.0,14.2,27.4,22.11,Mahajanga,-15.717,46.317,13.0
2025-04-27,34.0,23.9,28.6,0.0,13.5,28.8,21.47,Mahajanga,-15.717,46.317,13.0
2025-04-28,33.9,24.3,28.8,0.0,13.5,30.6,21.31,Mahajanga,-15.717,46.317,13.0
2025-04-29,33.8,24.4,29.1,0.1,14.6,29.2,20.61,Mahajanga,-15.717,46.317,13.0
2025-04-30,34.3,24.2,29.2,0.1,14.6,31.7,19.83,Mahajanga,-15.717,46.317,13.0
2025-05-01,34.1,24.4,28.9,1.5,15.9,31.0,20.77,Mahajanga,-15.717,46.317,13.0
2025-05-02,34.7,24.4,29.4,0.0,13.2,32.0,20.43,Mahajanga,-15.717,46.317,13.0
2025-05-03,35.1,25.3,29.4,0.0,19.4,38.9,20.29,Mahajanga,-15.717,46.317,13.0
2025-05-04,33.9,25.1,29.2,0.4,14.6,29.9,19.07,Mahajanga,-15.717,46.317,13.0
2025-05-05,34.0,24.3,28.4,0.5,18.6,34.2,20.12,Mahajanga,-15.717,46.317,13.0
2025-05-06,34.0,24.7,29.1,0.0,23.0,45.4,20.31,Mahajanga,-15.717,46.317,13.0
2025-05-07,34.7,24.1,29.1,0.0,24.9,49.3,19.03,Mahajanga,-15.717,46.317,13.0
2025-05-08,34.9,24.9,29.5,0.0,18.0,39.2,19.47,Mahajanga,-15.717,46.317,13.0
2025-05-09,34.6,23.9,28.4,8.0,15.9,33.8,19.79,Mahajanga,-15.717,46.317,13.0
2025-05-10,34.2,24.0,27.8,0.8,20.3,38.9,17.27,Mahajanga,-15.717,46.317,13.0
2025-05-11,33.8,23.9,28.3,0.2,19.0,40.3,18.52,Mahajanga,-15.717,46.317,13.0
2025-05-12,34.0,24.2,28.5,0.3,23.3,43.6,19.31,Mahajanga,-15.717,46.317,13.0
2025-05-13,32.8,23.1,27.4,3.5,13.8,34.2,19.95,Mahajanga,-15.717,46.317,13.0
2025-05-14,32.8,23.0,27.4,0.0,17.6,34.6,19.98,Mahajanga,-15.717,46.317,13.0
2025-05-15,33.1,21.7,27.5,0.0,15.2,32.0,19.58,Mahajanga,-15.717,46.317,13.0
2025-05-16,34.0,22.6,27.5,0.1,19.1,42.1,18.73,Mahajanga,-15.717,46.317,13.0
2025-05-17,33.9,22.9,27.4,7.4,22.8,48.6,18.49,Mahajanga,-15.717,46.317,13.0
2025-05-18,33.8,22.7,27.9,0.0,14.2,30.6,19.52,Mahajanga,-15.717,46.317,13.0
2025-05-19,34.2,23.9,28.5,0.1,14.2,28.8,18.49,Mahajanga,-15.717,46.317,13.0
2025-05-20,34.3,24.1,28.9,0.0,15.0,28.8,19.34,Mahajanga,-15.717,46.317,13.0
2025-05-21,33.5,22.9,28.0,0.0,14.5,32.0,19.36,Mahajanga,-15.717,46.317,13.0
2025-05-22,32.4,22.5,27.5,0.1,18.3,35.3,18.24,Mahajanga,-15.717,46.317,13.0
2025-05-23,34.9,22.5,28.0,0.0,13.8,30.6,19.48,Mahajanga,-15.717,46.317,13.0
2025-05-24,32.8,22.9,27.8,0.0,20.4,41.0,15.41,Mahajanga,-15.717,46.317,13.0
2025-05-25,32.4,22.1,27.0,0.0,22.2,40.0,19.21,Mahajanga,-15.717,46.317,13.0
2025-05-26,32.8,21.0,26.8,0.0,20.1,38.5,19.24,Mahajanga,-15.717,46.317,13.0
2025-05-27,32.1,20.6,26.4,0.0,17.7,36.7,19.44,Mahajanga,-15.717,46.317,13.0
2025-05-28,32.9,21.8,27.0,0.0,16.0,32.0,18.97,Mahajanga,-15.717,46.317,13.0
2025-05-29,33.4,22.4,27.6,0.0,15.8,33.8,18.53,Mahajanga,-15.717,46.317,13.0
2025-05-30,33.5,22.0,27.6,0.0,19.9,38.2,18.47,Mahajanga,-15.717,46.317,13.0
2025-05-31,32.7,20.9,26.8,0.0,14.8,32.8,19.22,Mahajanga,-15.717,46.317,13.0
2025-06-01,30.2,20.6,25.5,0.0,14.9,31.7,11.15,Mahajanga,-15.717,46.317,13.0
2025-06-02,32.6,21.1,27.0,0.0,15.1,31.0,17.13,Mahajanga,-15.717,46.317,13.0
2025-06-03,32.2,22.0,26.7,0.0,14.9,32.0,18.68,Mahajanga,-15.717,46.317,13.0
2025-06-04,33.0,22.1,26.9,0.0,15.6,32.8,18.74,Mahajanga,-15.717,46.317,13.0
2025-06-05,32.7,21.1,27.2,0.0,19.3,34.2,17.1,Mahajanga,-15.717,46.317,13.0
2025-06-06,33.7,21.0,27.2,0.0,18.3,35.6,17.71,Mahajanga,-15.717,46.317,13.0
2025-06-07,33.2,24.2,28.3,0.0,20.0,36.0,18.1,Mahajanga,-15.717,46.317,13.0
2025-06-08,34.9,23.7,28.5,0.0,26.9,50.8,17.63,Mahajanga,-15.717,46.317,13.0
2025-06-09,33.6,22.8,27.7,0.0,23.7,43.2,18.65,Mahajanga,-15.717,46.317,13.0
2025-06-10,32.2,21.4,26.7,0.0,20.1,42.8,18.79,Mahajanga,-15.717,46.317,13.0
2025-06-11,32.1,21.0,26.4,0.0,19.3,33.5,18.39,Mahajanga,-15.717,46.317,13.0
2025-06-12,32.1,21.2,26.0,0.0,21.0,39.2,18.46,Mahajanga,-15.717,46.317,13.0
2025-06-13,33.0,21.1,26.8,0.0,15.1,33.1,17.71,Mahajanga,-15.717,46.317,13.0
2025-06-14,32.9,23.0,27.3,0.0,28.1,50.0,18.3,Mahajanga,-15.717,46.317,13.0
2025-06-15,31.1,21.4,25.7,0.0,27.2,54.0,18.74,Mahajanga,-15.717,46.317,13.0
2025-06-16,32.0,20.8,25.9,0.0,26.1,54.7,18.08,Mahajanga,-15.717,46.317,13.0
2025-06-17,31.8,19.0,25.4,0.0,18.3,37.4,18.65,Mahajanga,-15.717,46.317,13.0
2025-06-18,31.5,19.5,25.3,0.0,15.1,33.1,18.57,Mahajanga,-15.717,46.317,13.0
2025-06-19,31.2,19.8,25.2,0.0,18.7,34.6,18.04,Mahajanga,-15.717,46.317,13.0
2025-06-20,31.5,22.2,25.8,0.0,18.4,34.6,16.24,Mahajanga,-15.717,46.317,13.0
2025-06-21,30.8,19.8,25.1,0.0,18.2,41.0,17.05,Mahajanga,-15.717,46.317,13.0
2025-06-22,32.5,20.0,25.4,0.0,18.6,37.4,15.86,Mahajanga,-15.717,46.317,13.0
2025-06-23,33.3,22.0,26.3,0.0,17.2,32.8,17.86,Mahajanga,-15.717,46.317,13.0
2025-06-24,32.0,21.2,26.0,0.8,15.4,32.4,18.15,Mahajanga,-15.717,46.317,13.0
2025-06-25,31.8,20.7,26.2,0.0,17.3,35.6,17.85,Mahajanga,-15.717,46.317,13.0
2025-06-26,31.7,19.0,25.2,0.0,16.0,33.5,18.39,Mahajanga,-15.717,46.317,13.0
2025-06-27,33.4,22.6,26.5,0.1,17.7,34.6,15.87,Mahajanga,-15.717,46.317,13.0
2025-06-28,32.7,21.8,26.4,0.1,15.8,34.2,17.13,Mahajanga,-15.717,46.317,13.0
2025-06-29,31.8,21.4,26.3,0.0,20.8,40.3,18.68,Mahajanga,-15.717,46.317,13.0
2025-06-30,32.0,21.0,26.0,0.0,16.8,33.8,18.55,Mahajanga,-15.717,46.317,13.0
2025-07-01,32.8,22.8,27.0,0.0,21.7,44.6,15.2,Mahajanga,-15.717,46.317,13.0
2025-07-02,32.0,21.3,25.8,0.0,22.5,46.4,18.01,Mahajanga,-15.717,46.317,13.0
2025-07-03,31.0,19.9,25.1,0.0,22.7,44.6,18.78,Mahajanga,-15.717,46.317,13.0
2025-07-04,30.9,18.8,24.7,0.0,19.9,41.0,18.85,Mahajanga,-15.717,46.317,13.0
2025-07-05,30.3,18.5,24.4,0.0,20.3,42.1,16.92,Mahajanga,-15.717,46.317,13.0
2025-07-06,31.4,20.7,25.1,0.0,15.7,33.8,16.9,Mahajanga,-15.717,46.317,13.0
2025-07-07,32.2,20.4,25.5,0.0,14.9,32.8,17.81,Mahajanga,-15.717,46.317,13.0
2025-07-08,30.9,21.4,26.0,0.0,16.7,34.6,14.0,Mahajanga,-15.717,46.317,13.0
2025-07-09,31.6,22.2,26.6,0.0,18.7,36.0,18.48,Mahajanga,-15.717,46.317,13.0
2025-07-10,32.3,21.0,26.5,0.0,20.1,39.6,18.61,Mahajanga,-15.717,46.317,13.0
2025-07-11,33.1,22.1,26.8,0.0,20.9,45.0,18.14,Mahajanga,-15.717,46.317,13.0
2025-07-12,32.3,19.3,25.6,0.0,18.6,36.7,18.71,Mahajanga,-15.717,46.317,13.0
2025-07-13,31.9,21.3,26.8,0.0,15.0,32.8,17.49,Mahajanga,-15.717,46.317,13.0
2025-07-14,32.9,21.6,27.0,0.0,16.1,34.2,17.1,Mahajanga,-15.717,46.317,13.0
2025-07-15,32.8,21.7,26.8,0.0,19.0,34.6,16.61,Mahajanga,-15.717,46.317,13.0
2025-07-16,32.8,22.3,26.5,0.0,15.1,32.0,18.1,Mahajanga,-15.717,46.317,13.0
2025-07-17,32.7,19.9,26.1,0.0,16.1,34.9,19.37,Mahajanga,-15.717,46.317,13.0
2025-07-18,32.1,19.6,26.1,0.0,20.0,40.0,17.54,Mahajanga,-15.717,46.317,13.0
2025-07-19,30.9,20.0,25.5,0.0,20.7,38.2,19.32,Mahajanga,-15.717,46.317,13.0
2025-07-20,31.1,19.5,24.9,0.0,20.2,37.4,19.6,Mahajanga,-15.717,46.317,13.0
2025-07-21,31.4,19.2,24.4,0.0,17.1,30.2,19.22,Mahajanga,-15.717,46.317,13.0
2025-07-22,31.9,19.6,25.4,0.0,16.4,33.8,19.02,Mahajanga,-15.717,46.317,13.0
2025-07-23,31.3,20.4,25.6,0.0,17.2,36.4,19.92,Mahajanga,-15.717,46.317,13.0
2025-07-24,31.3,18.0,24.9,0.0,14.1,29.5,19.64,Mahajanga,-15.717,46.317,13.0
2025-07-25,31.7,20.5,26.1,0.0,15.2,34.2,17.27,Mahajanga,-15.717,46.317,13.0
2025-07-26,32.3,21.1,25.9,0.0,20.9,37.8,19.38,Mahajanga,-15.717,46.317,13.0
2025-07-27,31.8,21.6,25.7,0.0,21.9,44.6,19.53,Mahajanga,-15.717,46.317,13.0
2025-07-28,33.0,20.8,26.1,0.0,16.3,34.9,19.48,Mahajanga,-15.717,46.317,13.0
2025-07-29,33.1,20.4,26.7,0.0,22.9,41.8,18.61,Mahajanga,-15.717,46.317,13.0
2025-07-30,32.2,22.1,26.7,0.0,21.1,42.5,19.57,Mahajanga,-15.717,46.317,13.0
2025-07-31,31.8,20.4,25.8,0.0,21.7,43.2,20.25,Mahajanga,-15.717,46.317,13.0
2025-08-01,31.2,19.9,24.9,0.0,18.6,33.1,20.18,Mahajanga,-15.717,46.317,13.0
2025-08-02,30.9,20.1,24.8,0.0,21.6,40.0,19.46,Mahajanga,-15.717,46.317,13.0
2025-08-03,32.3,18.8,24.9,0.0,20.7,42.1,20.49,Mahajanga,-15.717,46.317,13.0
2025-08-04,32.8,20.7,26.3,0.0,25.1,49.7,20.06,Mahajanga,-15.717,46.317,13.0
2025-08-05,30.3,18.9,24.5,0.0,25.0,49.3,21.36,Mahajanga,-15.717,46.317,13.0
2025-08-06,31.4,18.9,24.3,0.0,23.8,42.5,20.71,Mahajanga,-15.717,46.317,13.0
2025-08-07,31.8,19.0,24.5,0.0,17.6,34.9,20.82,Mahajanga,-15.717,46.317,13.0
2025-08-08,31.4,20.4,25.0,0.0,21.1,43.6,20.07,Mahajanga,-15.717,46.317,13.0
2025-08-09,32.0,19.3,24.9,0.0,19.4,38.9,20.63,Mahajanga,-15.717,46.317,13.0
2025-08-10,32.8,20.0,25.5,0.0,18.7,33.5,21.12,Mahajanga,-15.717,46.317,13.0
2025-08-11,32.2,19.2,25.5,0.0,19.1,39.2,21.33,Mahajanga,-15.717,46.317,13.0
2025-08-12,33.1,21.1,26.0,1.1,20.1,42.5,14.76,Mahajanga,-15.717,46.317,13.0
2025-08-13,33.2,21.7,26.0,0.9,19.6,42.1,20.16,Mahajanga,-15.717,46.317,13.0
2025-08-14,32.6,20.4,25.8,0.0,15.7,33.1,21.34,Mahajanga,-15.717,46.317,13.0
2025-08-15,32.0,20.4,25.8,0.0,18.9,34.6,19.41,Mahajanga,-15.717,46.317,13.0
2025-08-16,30.8,20.4,24.8,0.0,21.1,43.2,20.76,Mahajanga,-15.717,46.317,13.0
2025-08-17,32.5,21.5,25.8,0.1,18.4,37.4,21.02,Mahajanga,-15.717,46.317,13.0
2025-08-18,32.3,20.8,26.3,0.7,22.9,48.2,19.85,Mahajanga,-15.717,46.317,13.0
2025-08-19,32.2,21.1,26.0,0.0,24.5,43.9,19.17,Mahajanga,-15.717,46.317,13.0
2025-08-20,32.1,19.2,25.1,0.0,18.8,39.2,22.31,Mahajanga,-15.717,46.317,13.0
2025-08-21,32.7,21.3,25.7,0.0,17.8,36.7,21.35,Mahajanga,-15.717,46.317,13.0
2025-08-22,34.2,21.0,26.5,0.0,17.6,32.8,22.23,Mahajanga,-15.717,46.317,13.0
2025-08-23,34.5,20.9,26.2,0.0,17.2,37.1,22.81,Mahajanga,-15.717,46.317,13.0
2025-08-24,34.6,20.1,26.0,0.0,19.3,40.3,23.25,Mahajanga,-15.717,46.317,13.0
2025-08-25,34.3,20.6,27.0,0.0,20.4,43.2,23.16,Mahajanga,-15.717,46.317,13.0
2025-08-26,33.2,19.7,26.0,0.0,18.4,37.4,23.63,Mahajanga,-15.717,46.317,13.0
2025-08-27,33.5,19.8,25.8,0.0,17.2,37.1,23.34,Mahajanga,-15.717,46.317,13.0
2025-08-28,33.5,19.6,25.6,0.0,20.5,42.8,23.91,Mahajanga,-15.717,46.317,13.0
2025-08-29,33.7,19.4,25.3,0.0,15.1,32.0,23.86,Mahajanga,-15.717,46.317,13.0
2025-08-30,33.5,18.5,25.2,0.0,16.4,33.8,23.69,Mahajanga,-15.717,46.317,13.0
2025-08-31,33.5,19.9,25.7,0.0,19.1,35.6,23.81,Mahajanga,-15.717,46.317,13.0
2025-09-01,33.2,19.9,26.0,0.0,18.1,37.8,23.67,Mahajanga,-15.717,46.317,13.0
2025-09-02,33.4,19.7,25.9,0.0,18.1,37.8,24.06,Mahajanga,-15.717,46.317,13.0
2025-09-03,33.5,20.4,25.7,0.0,23.1,46.1,22.74,Mahajanga,-15.717,46.317,13.0
2025-09-04,33.4,20.9,26.1,0.0,18.2,41.4,23.71,Mahajanga,-15.717,46.317,13.0
2025-09-05,33.1,21.0,25.5,0.0,24.4,52.6,24.04,Mahajanga,-15.717,46.317,13.0
2025-09-06,35.2,20.1,26.2,0.0,20.2,45.7,24.39,Mahajanga,-15.717,46.317,13.0
2025-09-07,34.7,23.0,28.2,0.2,25.3,52.6,21.05,Mahajanga,-15.717,46.317,13.0
2025-09-08,34.8,23.2,28.7,0.0,20.0,37.8,24.27,Mahajanga,-15.717,46.317,13.0
2025-09-09,33.7,21.3,27.5,0.0,23.6,41.8,24.48,Mahajanga,-15.717,46.317,13.0
2025-09-10,34.7,20.9,27.5,0.0,25.0,47.2,24.49,Mahajanga,-15.717,46.317,13.0
2025-09-11,35.0,21.6,27.0,0.0,21.0,45.7,23.89,Mahajanga,-15.717,46.317,13.0
2025-09-12,34.3,20.5,26.3,0.0,21.3,41.8,24.44,Mahajanga,-15.717,46.317,13.0
2025-09-13,33.5,21.3,26.4,0.0,19.7,40.3,24.78,Mahajanga,-15.717,46.317,13.0
2025-09-14,33.4,21.6,26.2,0.0,21.0,43.2,23.99,Mahajanga,-15.717,46.317,13.0
2025-09-15,34.3,21.3,25.9,0.0,26.5,55.8,23.86,Mahajanga,-15.717,46.317,13.0
2025-09-16,34.1,23.1,26.8,0.0,22.5,46.8,23.42,Mahajanga,-15.717,46.317,13.0
2025-09-17,33.8,22.2,26.9,0.0,23.8,47.5,24.4,Mahajanga,-15.717,46.317,13.0
2025-09-18,34.5,23.1,27.2,0.0,22.7,45.0,24.88,Mahajanga,-15.717,46.317,13.0
2025-09-19,35.7,21.3,27.3,0.0,16.6,34.9,25.62,Mahajanga,-15.717,46.317,13.0
2025-09-20,36.9,22.5,27.9,0.0,21.5,46.4,25.5,Mahajanga,-15.717,46.317,13.0
2025-09-21,35.2,22.8,27.5,0.0,21.3,41.0,25.13,Mahajanga,-15.717,46.317,13.0
2025-09-22,34.8,23.2,28.5,0.0,20.6,43.6,20.33,Mahajanga,-15.717,46.317,13.0
2025-09-23,35.1,22.4,27.3,0.0,17.4,33.1,25.78,Mahajanga,-15.717,46.317,13.0
2025-09-24,33.9,20.5,25.7,0.0,25.8,53.3,25.85,Mahajanga,-15.717,46.317,13.0
2025-09-25,33.2,21.3,26.4,0.0,25.8,50.0,25.79,Mahajanga,-15.717,46.317,13.0
2025-09-26,30.8,23.5,26.7,0.1,21.9,43.6,23.7,Mahajanga,-15.717,46.317,13.0
2025-09-27,32.6,23.1,26.5,0.7,20.9,45.4,23.93,Mahajanga,-15.717,46.317,13.0
2025-09-28,33.4,22.4,26.5,0.0,23.9,49.7,25.88,Mahajanga,-15.717,46.317,13.0
2025-09-29,33.6,22.7,26.7,0.0,23.0,47.5,25.9,Mahajanga,-15.717,46.317,13.0
2025-09-30,33.5,22.4,27.3,0.0,23.7,48.2,25.43,Mahajanga,-15.717,46.317,13.0
2025-10-01,32.3,23.6,27.2,2.6,18.9,39.6,23.19,Mahajanga,-15.717,46.317,13.0
2025-10-02,30.9,22.3,26.2,0.0,22.8,43.9,26.29,Mahajanga,-15.717,46.317,13.0
2025-10-03,30.4,20.9,25.3,0.0,22.4,47.2,26.72,Mahajanga,-15.717,46.317,13.0
2025-10-04,31.5,21.3,26.0,0.0,22.8,49.3,25.77,Mahajanga,-15.717,46.317,13.0
2025-10-05,31.9,22.8,26.5,6.9,20.7,43.9,21.5,Mahajanga,-15.717,46.317,13.0
2025-10-06,35.0,22.2,27.4,0.0,21.6,44.6,25.48,Mahajanga,-15.717,46.317,13.0
2025-10-07,33.5,21.3,26.9,0.0,16.0,31.0,18.48,Mahajanga,-15.717,46.317,13.0
2025-10-08,34.3,23.0,27.6,0.0,21.8,43.9,26.32,Mahajanga,-15.717,46.317,13.0
2025-10-09,35.6,22.9,28.0,0.0,21.6,45.7,26.54,Mahajanga,-15.717,46.317,13.0
2025-10-10,34.1,23.8,27.4,0.7,23.9,49.3,24.29,Mahajanga,-15.717,46.317,13.0
2025-10-11,34.8,23.2,27.4,1.7,24.8,51.1,26.07,Mahajanga,-15.717,46.317,13.0
2025-10-12,35.2,23.2,27.3,0.0,24.4,55.8,24.92,Mahajanga,-15.717,46.317,13.0
2025-10-13,36.9,22.7,28.2,0.1,20.3,41.0,27.81,Mahajanga,-15.717,46.317,13.0
2025-10-14,35.1,22.0,27.3,0.0,24.4,51.8,27.3,Mahajanga,-15.717,46.317,13.0
2025-10-15,36.2,21.8,27.8,0.0,17.4,37.8,27.83,Mahajanga,-15.717,46.317,13.0
2025-10-16,35.2,21.2,26.7,0.0,26.7,52.9,27.76,Mahajanga,-15.717,46.317,13.0
2025-10-17,31.6,22.3,26.8,0.0,24.8,48.2,26.04,Mahajanga,-15.717,46.317,13.0
2025-10-18,35.4,24.0,28.0,0.0,26.4,51.1,27.55,Mahajanga,-15.717,46.317,13.0
2025-10-19,35.7,23.0,28.2,0.0,23.3,51.1,27.35,Mahajanga,-15.717,46.317,13.0
2025-10-20,34.6,23.6,28.0,0.0,25.6,53.3,26.87,Mahajanga,-15.717,46.317,13.0
2025-10-21,31.3,23.8,27.2,0.0,22.7,47.9,26.78,Mahajanga,-15.717,46.317,13.0
2025-10-22,31.5,23.0,27.1,0.0,22.2,46.1,26.62,Mahajanga,-15.717,46.317,13.0
2025-10-23,34.0,24.1,27.6,2.7,20.9,43.2,25.27,Mahajanga,-15.717,46.317,13.0
2025-10-24,36.4,23.3,28.8,0.0,17.1,38.5,26.87,Mahajanga,-15.717,46.317,13.0
2025-10-25,38.0,24.0,30.0,0.1,21.5,40.3,26.58,Mahajanga,-15.717,46.317,13.0
2025-10-26,37.6,24.5,29.6,0.0,23.4,46.4,27.55,Mahajanga,-15.717,46.317,13.0
2025-10-27,37.5,24.5,28.8,0.0,27.1,54.4,26.42,Mahajanga,-15.717,46.317,13.0
2025-10-28,36.8,23.1,28.8,0.0,24.2,46.8,28.11,Mahajanga,-15.717,46.317,13.0
2025-10-29,36.0,23.6,28.3,0.0,26.5,52.9,26.21,Mahajanga,-15.717,46.317,13.0
2025-10-30,32.3,23.9,27.5,0.2,23.2,48.6,25.61,Mahajanga,-15.717,46.317,13.0
2025-10-31,31.0,24.0,27.2,11.3,22.7,47.2,21.32,Mahajanga,-15.717,46.317,13.0
2025-11-01,35.8,22.9,27.8,0.1,25.6,48.2,27.91,Mahajanga,-15.717,46.317,13.0
2025-11-02,36.6,23.2,28.5,0.0,21.2,49.3,27.93,Mahajanga,-15.717,46.317,13.0
2025-11-03,34.3,24.0,28.6,0.0,23.2,47.5,26.8,Mahajanga,-15.717,46.317,13.0
2025-11-04,33.5,23.7,27.5,10.1,22.5,44.6,25.76,Mahajanga,-15.717,46.317,13.0
2025-11-05,32.3,23.4,27.3,7.3,20.8,43.9,26.29,Mahajanga,-15.717,46.317,13.0
2025-11-06,31.0,23.6,27.1,3.1,21.4,44.6,26.42,Mahajanga,-15.717,46.317,13.0
2025-11-07,31.3,23.1,26.7,3.8,19.6,42.8,24.38,Mahajanga,-15.717,46.317,13.0
2025-11-08,30.6,22.6,26.5,0.8,17.9,38.2,24.63,Mahajanga,-15.717,46.317,13.0
2025-11-09,32.1,22.5,26.7,11.3,16.7,38.2,25.11,Mahajanga,-15.717,46.317,13.0
2025-11-10,32.3,22.5,26.6,23.5,15.2,36.0,25.44,Mahajanga,-15.717,46.317,13.0
2025-11-11,33.8,22.5,26.8,15.8,20.1,41.4,25.24,Mahajanga,-15.717,46.317,13.0
2025-11-12,34.1,23.0,27.4,1.0,19.4,40.3,25.74,Mahajanga,-15.717,46.317,13.0
2025-11-13,31.6,24.0,27.3,0.7,19.3,39.6,22.63,Mahajanga,-15.717,46.317,13.0
2025-11-14,29.7,24.3,27.2,1.1,20.2,41.8,19.88,Mahajanga,-15.717,46.317,13.0
2025-11-15,32.8,24.2,27.7,1.9,13.9,40.3,21.61,Mahajanga,-15.717,46.317,13.0
2025-11-16,33.7,24.2,28.1,0.0,19.2,42.8,25.88,Mahajanga,-15.717,46.317,13.0
2025-11-17,29.3,24.3,26.9,5.0,19.0,39.6,23.67,Mahajanga,-15.717,46.317,13.0
2025-11-18,31.2,23.6,27.3,0.7,19.6,40.3,24.85,Mahajanga,-15.717,46.317,13.0
2025-11-19,30.3,23.9,27.0,2.1,19.7,42.1,24.48,Mahajanga,-15.717,46.317,13.0
2025-11-20,29.7,23.2,26.8,2.0,22.1,45.7,23.58,Mahajanga,-15.717,46.317,13.0
2025-11-21,28.6,23.5,25.9,6.3,21.8,53.3,21.17,Mahajanga,-15.717,46.317,13.0
2025-11-22,31.2,23.5,27.4,2.6,18.2,36.7,26.5,Mahajanga,-15.717,46.317,13.0
2025-11-23,32.8,23.6,28.0,0.0,20.0,40.7,27.93,Mahajanga,-15.717,46.317,13.0
2025-11-24,32.7,24.5,28.4,0.0,19.1,39.6,26.73,Mahajanga,-15.717,46.317,13.0
2025-11-25,31.4,24.9,28.1,5.3,17.3,37.1,22.26,Mahajanga,-15.717,46.317,13.0
2025-11-26,31.0,23.8,27.3,12.9,17.8,37.4,19.31,Mahajanga,-15.717,46.317,13.0
2025-11-27,32.0,23.1,27.1,14.4,19.0,37.8,24.74,Mahajanga,-15.717,46.317,13.0
2025-11-28,30.8,24.5,27.5,2.6,19.0,38.9,25.31,Mahajanga,-15.717,46.317,13.0
2025-11-29,31.1,23.7,27.6,1.0,20.5,42.1,27.93,Mahajanga,-15.717,46.317,13.0
2025-11-30,30.2,24.6,27.1,5.5,17.7,37.8,23.41,Mahajanga,-15.717,46.317,13.0
2025-12-01,28.1,23.5,25.9,23.6,16.2,34.9,15.06,Mahajanga,-15.717,46.317,13.0
2025-12-02,29.4,23.4,26.3,9.1,15.6,34.6,20.79,Mahajanga,-15.717,46.317,13.0
2025-12-03,30.7,23.7,27.1,1.7,20.0,41.0,25.37,Mahajanga,-15.717,46.317,13.0
2025-12-04,31.2,24.0,27.9,0.2,17.3,37.8,26.49,Mahajanga,-15.717,46.317,13.0
2025-12-05,32.5,24.1,27.7,6.8,17.5,36.7,24.67,Mahajanga,-15.717,46.317,13.0
2025-12-06,32.5,23.4,27.0,7.2,16.5,37.1,20.35,Mahajanga,-15.717,46.317,13.0
2025-12-07,31.5,22.9,26.7,19.6,14.6,31.0,24.09,Mahajanga,-15.717,46.317,13.0
2025-12-08,31.2,23.0,27.0,6.2,15.4,37.4,24.91,Mahajanga,-15.717,46.317,13.0
2025-12-09,31.1,22.9,26.8,14.1,16.0,35.6,24.24,Mahajanga,-15.717,46.317,13.0
2025-12-10,29.4,23.1,26.5,12.9,22.1,38.2,25.59,Mahajanga,-15.717,46.317,13.0
2025-12-11,31.5,23.3,27.3,2.0,17.4,37.8,26.29,Mahajanga,-15.717,46.317,13.0
2025-12-12,30.2,22.9,26.2,26.5,16.9,36.4,20.92,Mahajanga,-15.717,46.317,13.0
2025-12-13,32.8,23.1,27.1,1.5,16.2,33.5,23.09,Mahajanga,-15.717,46.317,13.0
2025-12-14,34.9,23.7,27.7,8.6,14.2,27.4,26.43,Mahajanga,-15.717,46.317,13.0
2025-12-15,32.9,23.8,27.4,6.4,16.1,39.6,24.15,Mahajanga,-15.717,46.317,13.0
2025-12-16,33.9,23.7,27.7,17.3,13.8,40.0,22.98,Mahajanga,-15.717,46.317,13.0
2025-12-17,32.1,23.6,26.9,13.0,17.7,41.0,18.72,Mahajanga,-15.717,46.317,13.0
2025-12-18,31.4,23.7,27.0,2.1,18.6,40.0,23.29,Mahajanga,-15.717,46.317,13.0
2025-12-19,33.5,24.0,28.2,11.9,17.0,36.7,25.6,Mahajanga,-15.717,46.317,13.0
2025-12-20,33.4,23.6,27.2,19.1,20.0,38.9,25.12,Mahajanga,-15.717,46.317,13.0
2025-12-21,29.2,22.8,25.9,14.0,16.7,38.5,20.59,Mahajanga,-15.717,46.317,13.0
2025-12-22,31.1,23.0,26.8,26.0,17.8,38.2,23.72,Mahajanga,-15.717,46.317,13.0
2025-12-23,28.8,23.2,25.8,15.1,15.5,37.4,17.83,Mahajanga,-15.717,46.317,13.0
2025-12-24,28.6,23.4,25.9,12.8,14.3,27.0,16.79,Mahajanga,-15.717,46.317,13.0
2025-12-25,31.6,23.8,27.1,3.4,19.2,39.2,24.88,Mahajanga,-15.717,46.317,13.0
2025-12-26,30.3,23.8,26.5,4.7,22.6,46.4,19.57,Mahajanga,-15.717,46.317,13.0
2025-12-27,30.7,23.4,26.7,2.6,22.6,44.3,25.47,Mahajanga,-15.717,46.317,13.0
2025-12-28,30.5,24.5,27.3,0.0,18.8,37.4,19.98,Mahajanga,-15.717,46.317,13.0
2025-12-29,32.0,25.0,28.1,0.7,19.3,37.8,23.39,Mahajanga,-15.717,46.317,13.0
2025-12-30,32.9,25.0,28.4,0.0,20.3,41.4,27.68,Mahajanga,-15.717,46.317,13.0
2025-12-31,32.2,24.9,28.4,0.0,17.7,37.1,28.85,Mahajanga,-15.717,46.317,13.0
2026-01-01,31.1,24.3,27.2,1.9,19.1,40.0,24.9,Mahajanga,-15.717,46.317,13.0
2026-01-02,30.1,23.9,26.8,5.5,20.2,41.4,25.57,Mahajanga,-15.717,46.317,13.0
2026-01-03,29.3,23.7,25.9,10.0,16.8,37.1,18.22,Mahajanga,-15.717,46.317,13.0
2026-01-04,29.8,23.4,25.6,21.9,20.6,42.1,20.46,Mahajanga,-15.717,46.317,13.0
2026-01-05,28.6,23.7,25.8,38.6,17.2,36.7,14.79,Mahajanga,-15.717,46.317,13.0
2026-01-06,28.7,23.6,25.9,13.3,20.7,42.1,20.27,Mahajanga,-15.717,46.317,13.0
2026-01-07,30.7,23.6,26.5,5.0,21.3,43.9,25.25,Mahajanga,-15.717,46.317,13.0
2026-01-08,31.1,23.9,27.1,2.8,17.9,36.7,25.1,Mahajanga,-15.717,46.317,13.0
2026-01-09,32.9,23.7,27.7,15.3,14.3,34.2,26.52,Mahajanga,-15.717,46.317,13.0
2026-01-10,33.8,23.1,28.0,15.2,19.4,36.4,27.47,Mahajanga,-15.717,46.317,13.0
2026-01-11,33.5,23.3,27.5,10.2,13.2,43.2,27.18,Mahajanga,-15.717,46.317,13.0
2026-01-12,32.6,23.9,27.2,4.4,14.7,32.0,25.8,Mahajanga,-15.717,46.317,13.0
2026-01-13,32.4,23.2,26.6,28.6,13.4,30.2,24.25,Mahajanga,-15.717,46.317,13.0
2026-01-14,30.4,23.5,26.2,7.2,14.1,29.2,19.04,Mahajanga,-15.717,46.317,13.0
2026-01-15,31.1,23.7,27.0,2.4,14.2,31.0,25.01,Mahajanga,-15.717,46.317,13.0
2026-01-16,31.1,23.9,27.4,1.6,15.6,33.1,24.83,Mahajanga,-15.717,46.317,13.0
2026-01-17,30.4,24.6,26.9,6.6,15.4,36.7,21.07,Mahajanga,-15.717,46.317,13.0
2026-01-18,29.5,24.0,26.4,7.0,15.1,32.4,20.04,Mahajanga,-15.717,46.317,13.0
2026-01-19,30.3,24.1,26.3,19.3,12.8,30.2,18.64,Mahajanga,-15.717,46.317,13.0
2026-01-20,28.3,23.4,25.4,56.8,18.4,42.8,18.36,Mahajanga,-15.717,46.317,13.0
2026-01-21,28.6,23.6,25.7,49.8,15.3,36.0,14.76,Mahajanga,-15.717,46.317,13.0
2026-01-22,30.3,24.4,27.1,3.8,22.1,43.9,24.57,Mahajanga,-15.717,46.317,13.0
2026-01-23,30.2,24.7,27.3,7.7,16.4,34.2,21.09,Mahajanga,-15.717,46.317,13.0
2026-01-24,29.5,25.2,27.0,7.5,18.6,36.4,19.01,Mahajanga,-15.717,46.317,13.0
2026-01-25,28.8,24.5,25.9,12.1,14.6,32.0,16.77,Mahajanga,-15.717,46.317,13.0
2026-01-26,28.1,23.7,25.6,7.6,13.5,29.5,13.88,Mahajanga,-15.717,46.317,13.0
2026-01-27,26.6,23.8,24.8,77.4,15.0,32.0,8.02,Mahajanga,-15.717,46.317,13.0
2026-01-28,26.8,23.6,24.6,54.7,11.3,26.6,9.09,Mahajanga,-15.717,46.317,13.0
2026-01-29,27.0,23.4,24.8,20.8,14.9,32.4,9.4,Mahajanga,-15.717,46.317,13.0
2026-01-30,25.8,23.4,24.4,29.6,23.0,40.0,7.18,Mahajanga,-15.717,46.317,13.0
2026-01-31,27.1,23.3,24.8,138.8,58.2,104.4,4.86,Mahajanga,-15.717,46.317,13.0
2026-02-01,29.2,24.0,26.5,3.9,29.0,57.2,20.26,Mahajanga,-15.717,46.317,13.0
2026-02-02,28.9,23.4,25.8,9.4,19.3,42.1,21.96,Mahajanga,-15.717,46.317,13.0
2026-02-03,28.5,23.6,25.9,3.5,21.1,42.8,21.2,Mahajanga,-15.717,46.317,13.0
2026-02-04,30.1,23.6,25.7,13.3,16.8,36.0,18.13,Mahajanga,-15.717,46.317,13.0
2026-02-05,29.3,23.5,26.1,19.3,14.5,32.4,19.84,Mahajanga,-15.717,46.317,13.0
2026-02-06,31.5,23.9,27.0,10.1,19.8,39.6,24.37,Mahajanga,-15.717,46.317,13.0
2026-02-07,29.8,24.1,26.8,1.5,19.7,40.0,22.79,Mahajanga,-15.717,46.317,13.0
2026-02-08,29.1,24.2,26.7,4.6,14.3,31.7,21.66,Mahajanga,-15.717,46.317,13.0
2026-02-09,29.6,23.9,26.4,4.3,14.3,30.2,22.59,Mahajanga,-15.717,46.317,13.0
2026-02-10,30.2,23.7,27.1,0.8,14.4,35.3,24.06,Mahajanga,-15.717,46.317,13.0
2026-02-11,28.3,25.5,26.5,26.8,13.8,27.0,10.27,Mahajanga,-15.717,46.317,13.0
2026-02-12,31.5,23.8,26.8,3.9,15.2,35.3,24.18,Mahajanga,-15.717,46.317,13.0
2026-02-13,31.8,24.1,26.3,21.5,17.6,39.2,22.62,Mahajanga,-15.717,46.317,13.0
2026-02-14,33.0,23.3,27.3,4.1,16.6,29.5,25.61,Mahajanga,-15.717,46.317,13.0
2026-02-15,31.4,23.9,27.3,0.1,14.3,29.5,26.49,Mahajanga,-15.717,46.317,13.0
2026-02-16,30.8,23.5,27.1,0.7,14.8,28.4,26.1,Mahajanga,-15.717,46.317,13.0
2026-02-17,31.3,23.3,27.2,2.4,16.2,28.1,25.14,Mahajanga,-15.717,46.317,13.0
2026-02-18,33.1,23.1,27.7,2.7,23.6,43.2,26.3,Mahajanga,-15.717,46.317,13.0
2026-02-19,33.1,23.0,27.8,6.4,16.3,37.4,26.36,Mahajanga,-15.717,46.317,13.0
2026-02-20,31.5,24.6,27.9,1.7,15.8,31.3,24.53,Mahajanga,-15.717,46.317,13.0
2026-02-21,28.7,23.6,26.1,20.7,14.6,31.0,14.93,Mahajanga,-15.717,46.317,13.0
2026-02-22,30.4,23.0,26.4,8.0,15.1,34.6,25.12,Mahajanga,-15.717,46.317,13.0
2026-02-23,30.3,23.4,26.8,1.0,17.1,36.4,25.07,Mahajanga,-15.717,46.317,13.0
2026-02-24,30.9,23.2,27.0,3.1,16.8,31.0,25.33,Mahajanga,-15.717,46.317,13.0
2026-02-25,30.1,24.4,27.0,6.8,12.5,25.6,19.21,Mahajanga,-15.717,46.317,13.0
2026-02-26,31.9,24.1,27.2,15.4,14.9,33.1,24.13,Mahajanga,-15.717,46.317,13.0
2026-02-27,31.8,23.5,27.0,16.2,15.2,30.2,25.03,Mahajanga,-15.717,46.317,13.0
2026-02-28,31.0,23.0,27.1,6.9,10.9,24.5,19.23,Mahajanga,-15.717,46.317,13.0
2026-03-01,34.2,23.7,28.5,10.3,17.4,35.3,26.8,Mahajanga,-15.717,46.317,13.0
2026-03-02,33.5,23.3,28.3,0.3,13.4,26.3,26.82,Mahajanga,-15.717,46.317,13.0
2026-03-03,33.7,24.2,28.7,0.1,12.9,29.5,26.01,Mahajanga,-15.717,46.317,13.0
2026-03-04,33.7,23.8,27.6,3.2,16.0,49.7,25.91,Mahajanga,-15.717,46.317,13.0
2026-03-05,33.5,23.7,27.5,11.1,9.6,40.7,26.28,Mahajanga,-15.717,46.317,13.0
2026-03-06,32.5,23.8,27.4,0.6,18.9,39.6,25.73,Mahajanga,-15.717,46.317,13.0
2026-03-07,33.0,23.2,26.7,20.2,12.9,32.0,24.48,Mahajanga,-15.717,46.317,13.0
2026-03-08,32.0,24.0,26.4,15.5,10.7,28.1,19.07,Mahajanga,-15.717,46.317,13.0
2026-03-09,32.7,23.9,26.6,16.9,18.8,41.8,21.05,Mahajanga,-15.717,46.317,13.0
2026-03-10,31.9,23.7,26.3,41.5,17.7,40.0,19.2,Mahajanga,-15.717,46.317,13.0
2026-03-11,33.0,24.1,27.6,6.2,14.0,46.4,21.64,Mahajanga,-15.717,46.317,13.0
2026-03-12,32.6,23.1,27.6,1.9,17.3,33.5,25.22,Mahajanga,-15.717,46.317,13.0
2026-03-13,32.3,23.3,27.3,4.1,16.9,33.8,25.42,Mahajanga,-15.717,46.317,13.0
2026-03-14,32.9,23.5,27.7,1.3,12.6,33.1,25.61,Mahajanga,-15.717,46.317,13.0
2026-03-15,33.0,23.6,27.8,0.0,12.7,27.7,26.39,Mahajanga,-15.717,46.317,13.0
2026-03-16,33.2,23.7,28.0,0.2,13.3,25.6,26.03,Mahajanga,-15.717,46.317,13.0
2026-03-17,32.4,23.9,27.5,3.1,24.6,42.1,24.61,Mahajanga,-15.717,46.317,13.0
2026-03-18,32.2,23.2,27.2,1.0,12.7,25.6,22.04,Mahajanga,-15.717,46.317,13.0
2026-03-19,33.6,24.5,28.5,4.7,11.6,27.4,24.97,Mahajanga,-15.717,46.317,13.0
2026-03-20,33.6,24.5,28.3,6.6,13.5,36.0,25.08,Mahajanga,-15.717,46.317,13.0
2026-03-21,33.5,23.2,28.2,10.7,14.6,45.0,22.86,Mahajanga,-15.717,46.317,13.0
2026-03-22,33.2,24.0,28.2,8.1,12.8,31.3,21.76,Mahajanga,-15.717,46.317,13.0
2026-03-23,32.2,24.0,27.5,15.2,16.1,45.7,22.27,Mahajanga,-15.717,46.317,13.0
2026-03-24,32.8,23.1,27.6,2.2,14.9,36.7,23.93,Mahajanga,-15.717,46.317,13.0
2026-03-25,33.1,24.3,28.3,5.0,16.8,36.0,22.98,Mahajanga,-15.717,46.317,13.0
2026-03-26,33.2,24.1,27.7,12.6,13.6,37.8,23.11,Mahajanga,-15.717,46.317,13.0
2026-03-27,33.5,24.0,27.8,0.4,19.2,37.4,24.13,Mahajanga,-15.717,46.317,13.0
2026-03-28,32.4,23.5,27.3,3.9,16.3,34.2,23.33,Mahajanga,-15.717,46.317,13.0
2026-03-29,30.1,22.8,26.3,18.8,15.4,32.8,20.79,Mahajanga,-15.717,46.317,13.0
2026-03-30,28.9,23.3,26.1,3.6,11.3,23.8,16.47,Mahajanga,-15.717,46.317,13.0
2026-03-31,28.8,23.7,26.0,6.5,10.9,24.8,17.99,Mahajanga,-15.717,46.317,13.0
2026-04-01,30.7,23.3,26.8,0.6,15.4,31.0,22.78,Mahajanga,-15.717,46.317,13.0
2026-04-02,30.5,23.8,26.8,1.6,13.3,28.1,21.92,Mahajanga,-15.717,46.317,13.0
2026-04-03,29.9,22.4,25.8,9.3,17.5,34.6,21.5,Mahajanga,-15.717,46.317,13.0
2026-04-04,31.6,22.6,26.4,2.5,12.7,29.5,22.54,Mahajanga,-15.717,46.317,13.0
2026-04-05,31.8,22.7,26.4,2.3,13.7,32.4,21.58,Mahajanga,-15.717,46.317,13.0
2026-04-06,31.3,22.9,26.5,2.8,14.8,31.7,18.59,Mahajanga,-15.717,46.317,13.0
2026-04-07,32.0,23.6,27.3,1.7,12.5,24.5,21.36,Mahajanga,-15.717,46.317,13.0
2026-04-08,31.2,23.2,26.9,0.4,15.7,27.0,24.37,Mahajanga,-15.717,46.317,13.0
2026-04-09,31.8,20.5,26.1,0.0,15.1,29.9,24.18,Mahajanga,-15.717,46.317,13.0
2026-04-10,32.5,22.2,27.0,0.0,16.2,33.1,22.72,Mahajanga,-15.717,46.317,13.0
2026-04-11,32.5,22.6,27.4,0.0,12.2,25.9,22.71,Mahajanga,-15.717,46.317,13.0
2026-04-12,32.5,22.6,27.5,0.0,11.7,24.8,22.02,Mahajanga,-15.717,46.317,13.0
2026-04-13,33.0,23.9,27.9,0.5,11.0,24.8,21.42,Mahajanga,-15.717,46.317,13.0
2026-04-14,33.5,23.7,28.3,0.2,10.4,26.6,22.69,Mahajanga,-15.717,46.317,13.0
2026-04-15,33.5,24.1,28.2,0.4,14.8,26.6,23.34,Mahajanga,-15.717,46.317,13.0
2026-04-16,33.7,23.2,28.0,0.2,12.6,27.4,22.9,Mahajanga,-15.717,46.317,13.0
2026-04-17,33.0,23.1,27.6,0.3,15.1,40.3,21.96,Mahajanga,-15.717,46.317,13.0
2026-04-18,33.8,23.5,27.6,0.0,14.3,29.9,22.9,Mahajanga,-15.717,46.317,13.0
2026-04-19,33.9,23.2,28.6,0.0,14.2,29.2,22.55,Mahajanga,-15.717,46.317,13.0
2026-04-20,34.2,24.3,29.3,0.1,14.8,36.4,21.78,Mahajanga,-15.717,46.317,13.0
2026-04-21,33.8,23.1,28.7,0.0,17.0,35.3,22.8,Mahajanga,-15.717,46.317,13.0
2026-04-22,34.2,23.9,28.9,1.1,16.4,35.6,21.71,Mahajanga,-15.717,46.317,13.0
2026-04-23,33.6,23.2,28.2,0.3,12.8,29.2,21.48,Mahajanga,-15.717,46.317,13.0
2026-04-24,33.7,23.8,28.4,0.0,14.3,28.4,21.85,Mahajanga,-15.717,46.317,13.0
2026-04-25,33.9,23.7,28.8,0.3,13.9,31.3,21.96,Mahajanga,-15.717,46.317,13.0
2026-04-26,34.6,24.0,28.6,0.1,14.0,31.0,22.12,Mahajanga,-15.717,46.317,13.0
2026-04-27,33.6,23.9,28.5,0.1,17.2,35.3,20.76,Mahajanga,-15.717,46.317,13.0
2026-04-28,32.7,24.5,27.9,3.8,15.1,37.4,19.29,Mahajanga,-15.717,46.317,13.0
2026-04-29,33.3,24.3,28.3,0.1,17.4,37.4,20.31,Mahajanga,-15.717,46.317,13.0
2026-04-30,34.1,22.1,28.1,36.3,23.5,48.2,20.66,Mahajanga,-15.717,46.317,13.0
2026-05-01,34.2,25.0,29.2,0.6,13.2,28.8,20.06,Mahajanga,-15.717,46.317,13.0
2026-05-02,34.5,24.1,29.0,0.0,13.2,28.1,21.09,Mahajanga,-15.717,46.317,13.0
2026-05-03,34.1,23.5,28.3,0.0,16.2,33.1,21.45,Mahajanga,-15.717,46.317,13.0
2026-05-04,34.1,22.3,27.8,0.0,15.9,33.1,21.9,Mahajanga,-15.717,46.317,13.0
2026-05-05,33.4,21.3,27.2,0.0,12.6,27.4,21.35,Mahajanga,-15.717,46.317,13.0
2026-05-06,33.6,22.1,27.5,0.0,13.4,27.4,21.07,Mahajanga,-15.717,46.317,13.0
2026-05-07,34.0,23.2,28.0,0.0,19.5,39.6,19.52,Mahajanga,-15.717,46.317,13.0
2026-05-08,33.8,22.4,27.9,0.0,16.0,31.3,18.59,Mahajanga,-15.717,46.317,13.0
2026-05-09,34.0,24.5,28.6,0.1,14.9,33.1,19.8,Mahajanga,-15.717,46.317,13.0
2026-05-10,33.6,21.8,27.6,0.0,14.5,30.6,20.7,Mahajanga,-15.717,46.317,13.0
2026-05-11,34.1,22.8,28.2,0.0,14.4,31.7,19.59,Mahajanga,-15.717,46.317,13.0
2026-05-12,33.7,22.9,27.9,0.0,13.8,29.9,20.34,Mahajanga,-15.717,46.317,13.0
2026-05-13,33.7,22.6,28.0,0.0,17.0,37.1,20.64,Mahajanga,-15.717,46.317,13.0
2026-05-14,34.0,22.6,28.4,0.0,17.3,37.8,20.38,Mahajanga,-15.717,46.317,13.0
2026-05-15,33.5,22.6,28.0,0.0,17.3,36.4,19.88,Mahajanga,-15.717,46.317,13.0
2026-05-16,32.9,22.1,27.2,0.0,14.4,31.7,20.19,Mahajanga,-15.717,46.317,13.0
2026-05-17,33.1,22.3,27.1,0.0,16.9,32.4,19.32,Mahajanga,-15.717,46.317,13.0
2026-05-18,33.9,23.1,27.7,0.0,16.5,30.6,18.88,Mahajanga,-15.717,46.317,13.0
2026-05-19,33.1,23.1,27.6,0.0,18.3,33.8,19.21,Mahajanga,-15.717,46.317,13.0
2026-05-20,33.2,22.7,27.5,0.0,16.1,31.0,18.9,Mahajanga,-15.717,46.317,13.0
2026-05-21,32.6,23.0,27.2,0.4,18.5,38.2,18.68,Mahajanga,-15.717,46.317,13.0
2026-05-22,33.6,22.9,27.5,0.0,15.3,32.0,19.53,Mahajanga,-15.717,46.317,13.0
2026-05-23,33.1,21.8,27.0,0.0,15.3,34.9,19.5,Mahajanga,-15.717,46.317,13.0
2026-05-24,33.3,21.9,26.9,0.0,15.9,31.7,19.51,Mahajanga,-15.717,46.317,13.0
2026-05-25,33.7,23.0,27.2,0.1,15.2,33.5,18.43,Mahajanga,-15.717,46.317,13.0
2026-05-26,33.2,22.9,27.1,0.0,18.5,38.9,18.52,Mahajanga,-15.717,46.317,13.0
2026-05-27,33.7,22.5,27.3,0.0,17.5,36.4,18.47,Mahajanga,-15.717,46.317,13.0
2026-05-28,33.3,23.2,27.6,0.0,13.8,30.6,18.98,Mahajanga,-15.717,46.317,13.0
2026-05-29,33.5,23.1,27.7,0.0,15.8,34.2,18.92,Mahajanga,-15.717,46.317,13.0
2026-05-30,33.6,23.0,27.9,0.0,15.7,31.0,18.81,Mahajanga,-15.717,46.317,13.0
2026-05-31,34.1,23.8,28.2,0.0,14.9,31.3,18.44,Mahajanga,-15.717,46.317,13.0
2026-06-01,33.6,23.3,27.8,0.0,16.6,36.0,18.66,Mahajanga,-15.717,46.317,13.0
2026-06-02,33.3,22.4,27.3,0.1,17.6,36.4,18.63,Mahajanga,-15.717,46.317,13.0
2026-06-03,32.5,22.2,27.1,0.4,15.8,32.8,18.09,Mahajanga,-15.717,46.317,13.0
2026-06-04,31.6,22.5,26.6,1.3,14.8,33.5,17.4,Mahajanga,-15.717,46.317,13.0
2026-06-05,32.5,22.4,26.9,0.0,16.2,37.1,18.08,Mahajanga,-15.717,46.317,13.0
2026-06-06,32.5,22.5,26.7,0.3,17.5,38.9,17.51,Mahajanga,-15.717,46.317,13.0
2026-06-07,31.4,22.7,26.8,2.0,17.9,36.0,16.77,Mahajanga,-15.717,46.317,13.0
2026-06-08,29.7,21.3,25.4,0.0,19.8,40.7,18.18,Mahajanga,-15.717,46.317,13.0
2026-06-09,29.7,20.1,24.6,0.0,20.9,41.0,18.85,Mahajanga,-15.717,46.317,13.0
2026-06-10,30.5,19.2,24.7,0.0,17.9,37.4,18.85,Mahajanga,-15.717,46.317,13.0
2026-06-11,30.5,19.5,25.1,0.0,18.3,38.5,18.28,Mahajanga,-15.717,46.317,13.0
2026-06-12,31.5,21.0,25.9,0.5,20.1,42.1,17.54,Mahajanga,-15.717,46.317,13.0
2026-06-13,33.5,20.0,26.1,0.0,13.5,26.3,18.4,Mahajanga,-15.717,46.317,13.0
2026-06-14,32.7,21.2,26.4,0.0,13.6,30.6,18.51,Mahajanga,-15.717,46.317,13.0
2026-06-15,33.3,21.3,27.0,0.0,17.3,36.4,18.64,Mahajanga,-15.717,46.317,13.0
2026-06-16,33.2,21.8,27.0,0.0,16.0,33.1,18.37,Mahajanga,-15.717,46.317,13.0
2026-06-17,31.7,19.7,25.5,0.0,15.9,30.2,18.76,Mahajanga,-15.717,46.317,13.0
2026-06-18,31.5,20.3,25.4,0.0,16.4,35.6,18.71,Mahajanga,-15.717,46.317,13.0
2026-06-19,31.7,19.5,25.3,0.0,15.5,30.2,18.59,Mahajanga,-15.717,46.317,13.0
2026-06-20,32.3,19.3,25.3,0.0,13.6,30.6,19.09,Mahajanga,-15.717,46.317,13.0
2026-06-21,31.4,21.0,25.4,0.0,21.7,44.3,18.56,Mahajanga,-15.717,46.317,13.0
2026-06-22,30.9,20.1,25.0,0.0,24.1,47.5,18.64,Mahajanga,-15.717,46.317,13.0
2026-06-23,31.7,19.2,25.2,0.0,16.8,35.3,17.81,Mahajanga,-15.717,46.317,13.0
2026-06-24,31.8,20.2,26.0,0.0,19.4,36.7,18.16,Mahajanga,-15.717,46.317,13.0
2026-06-25,31.6,19.7,25.8,0.0,14.9,32.0,16.89,Mahajanga,-15.717,46.317,13.0
2026-06-26,32.4,21.8,26.7,0.0,15.3,33.1,17.72,Mahajanga,-15.717,46.317,13.0
2026-06-27,32.1,20.5,26.2,0.0,14.2,31.0,18.32,Mahajanga,-15.717,46.317,13.0
2026-06-28,30.8,19.8,25.3,0.0,19.3,36.7,18.67,Mahajanga,-15.717,46.317,13.0
2026-06-29,31.2,19.2,24.9,0.0,18.3,37.8,18.79,Mahajanga,-15.717,46.317,13.0
2026-06-30,31.9,19.2,25.2,0.0,14.1,32.4,18.67,Mahajanga,-15.717,46.317,13.0
2026-07-01,32.2,20.5,26.2,0.0,16.6,35.6,18.45,Mahajanga,-15.717,46.317,13.0
2026-07-02,31.3,19.9,25.5,0.0,16.9,34.6,18.89,Mahajanga,-15.717,46.317,13.0
2026-07-03,31.9,17.8,24.7,0.0,17.0,33.1,18.12,Mahajanga,-15.717,46.317,13.0
2026-07-04,32.0,19.7,25.8,0.0,13.9,29.5,16.65,Mahajanga,-15.717,46.317,13.0
2026-07-05,32.1,22.4,26.1,1.5,15.9,37.4,15.23,Mahajanga,-15.717,46.317,13.0
2026-07-06,31.7,22.1,26.6,3.1,20.0,39.2,10.94,Mahajanga,-15.717,46.317,13.0
2026-07-07,32.5,23.1,27.1,0.0,25.2,49.7,18.31,Mahajanga,-15.717,46.317,13.0
2026-07-08,31.3,19.8,25.1,0.0,20.0,41.4,17.89,Mahajanga,-15.717,46.317,13.0
2026-07-09,31.2,19.7,24.9,0.0,18.1,35.3,18.94,Mahajanga,-15.717,46.317,13.0
2026-07-10,30.5,18.8,24.5,0.0,18.4,31.7,19.04,Mahajanga,-15.717,46.317,13.0
2026-07-11,30.8,20.2,25.0,0.2,10.7,29.9,17.84,Mahajanga,-15.717,46.317,13.0
2026-07-12,31.4,20.0,25.3,0.0,16.8,34.9,17.94,Mahajanga,-15.717,46.317,13.0
2026-07-13,31.9,19.6,24.9,0.0,19.5,40.7,17.6,Mahajanga,-15.717,46.317,13.0
2026-07-14,31.3,20.5,25.2,0.0,20.2,40.7,18.91,Mahajanga,-15.717,46.317,13.0
2026-07-15,30.3,20.1,24.8,0.0,16.4,35.6,18.82,Mahajanga,-15.717,46.317,13.0
2026-07-16,30.7,20.7,25.0,0.0,19.4,41.0,19.21,Mahajanga,-15.717,46.317,13.0
2026-07-17,31.0,19.3,24.7,0.0,20.5,44.6,18.68,Mahajanga,-15.717,46.317,13.0
2026-07-18,31.6,20.6,25.4,0.0,20.7,41.4,18.41,Mahajanga,-15.717,46.317,13.0
2026-07-19,30.9,19.9,25.1,0.0,21.1,41.8,18.86,Mahajanga,-15.717,46.317,13.0
2026-07-20,30.9,19.7,25.1,0.0,18.9,40.7,19.55,Mahajanga,-15.717,46.317,13.0
2026-07-21,30.9,20.7,25.1,0.0,19.0,40.0,19.61,Mahajanga,-15.717,46.317,13.0
2026-07-22,31.4,19.2,24.9,0.0,18.8,38.5,19.37,Mahajanga,-15.717,46.317,13.0
2026-07-23,33.2,21.1,26.6,0.0,16.6,35.3,19.22,Mahajanga,-15.717,46.317,13.0
2026-07-24,32.6,20.8,25.7,0.0,20.0,40.3,19.63,Mahajanga,-15.717,46.317,13.0
2026-07-25,32.2,19.6,25.3,0.0,22.1,47.2,19.62,Mahajanga,-15.717,46.317,13.0
2026-07-26,30.1,19.9,24.4,0.0,16.3,35.3,20.31,Mahajanga,-15.717,46.317,13.0
2026-07-27,31.5,20.9,24.9,0.0,21.5,43.2,20.03,Mahajanga,-15.717,46.317,13.0
2026-07-28,32.2,21.0,25.3,0.1,18.5,37.1,19.25,Mahajanga,-15.717,46.317,13.0
2026-07-29,32.6,21.4,26.0,0.0,15.7,32.0,19.37,Mahajanga,-15.717,46.317,13.0
2026-07-30,32.2,21.1,25.6,0.0,18.6,42.8,20.06,Mahajanga,-15.717,46.317,13.0
2026-07-31,31.5,20.0,25.3,0.0,20.2,41.4,18.89,Mahajanga,-15.717,46.317,13.0
2026-08-01,31.4,20.8,25.4,0.0,20.0,41.8,19.85,Mahajanga,-15.717,46.317,13.0
2026-08-02,31.8,21.2,25.2,0.0,24.8,50.0,15.58,Mahajanga,-15.717,46.317,13.0
2026-08-03,33.3,21.1,26.0,0.0,22.6,47.9,18.8,Mahajanga,-15.717,46.317,13.0
2026-08-04,34.8,22.0,26.9,0.0,16.2,28.8,20.29,Mahajanga,-15.717,46.317,13.0
2026-08-05,34.1,21.3,26.7,0.0,22.4,40.3,20.54,Mahajanga,-15.717,46.317,13.0
2026-08-06,34.7,22.4,27.9,0.3,17.3,37.4,17.65,Mahajanga,-15.717,46.317,13.0
2026-08-07,34.2,22.3,27.6,0.0,15.7,33.5,20.85,Mahajanga,-15.717,46.317,13.0
2026-08-08,34.0,21.3,26.5,0.2,16.6,34.9,18.01,Mahajanga,-15.717,46.317,13.0
2026-08-09,34.4,21.4,27.3,0.1,18.3,37.8,20.09,Mahajanga,-15.717,46.317,13.0
2026-08-10,33.8,21.5,26.9,0.0,17.7,38.5,20.71,Mahajanga,-15.717,46.317,13.0
2026-08-11,33.9,21.4,26.9,0.0,18.4,33.8,20.73,Mahajanga,-15.717,46.317,13.0
2026-08-12,33.7,22.3,27.2,0.0,14.5,30.6,20.58,Mahajanga,-15.717,46.317,13.0
2026-08-13,33.3,22.7,26.8,0.0,20.5,41.8,18.64,Mahajanga,-15.717,46.317,13.0
2026-08-14,30.6,21.5,25.7,0.0,19.5,42.1,18.96,Mahajanga,-15.717,46.317,13.0
2026-08-15,31.5,21.4,25.6,0.0,19.7,43.6,20.42,Mahajanga,-15.717,46.317,13.0
2026-08-16,30.7,21.9,26.0,0.6,17.4,33.5,20.02,Mahajanga,-15.717,46.317,13.0
2026-08-17,30.2,21.6,25.3,0.9,18.0,39.2,19.13,Mahajanga,-15.717,46.317,13.0
2026-08-18,31.9,19.9,25.1,0.5,17.0,36.7,20.42,Mahajanga,-15.717,46.317,13.0
2026-08-19,33.2,20.7,26.1,2.3,13.6,32.4,21.54,Mahajanga,-15.717,46.317,13.0
2026-08-20,34.7,22.1,28.1,0.0,18.8,38.5,21.57,Mahajanga,-15.717,46.317,13.0
2026-08-21,35.1,21.9,27.8,0.0,18.1,37.4,22.01,Mahajanga,-15.717,46.317,13.0
2026-08-22,34.6,22.5,27.5,0.0,17.9,37.4,22.3,Mahajanga,-15.717,46.317,13.0
2026-08-23,34.4,22.6,27.3,0.0,19.3,39.2,22.76,Mahajanga,-15.717,46.317,13.0
2026-08-24,32.8,21.0,26.0,0.0,21.9,45.4,22.54,Mahajanga,-15.717,46.317,13.0
2026-08-25,33.6,21.6,26.2,0.0,20.5,41.0,23.13,Mahajanga,-15.717,46.317,13.0
2026-08-26,34.2,20.9,26.5,0.0,17.2,36.7,23.15,Mahajanga,-15.717,46.317,13.0
2026-08-27,32.5,20.9,25.9,0.0,22.1,46.1,22.86,Mahajanga,-15.717,46.317,13.0
2026-08-28,34.0,21.1,27.7,0.1,28.0,52.2,23.01,Mahajanga,-15.717,46.317,13.0
2026-08-29,34.3,22.8,27.7,0.0,26.2,51.8,23.25,Mahajanga,-15.717,46.317,13.0
2026-08-30,33.7,20.8,26.8,0.0,20.4,43.2,23.3,Mahajanga,-15.717,46.317,13.0
2026-08-31,34.2,21.0,27.2,0.0,24.7,50.0,23.09,Mahajanga,-15.717,46.317,13.0
2026-09-01,34.2,21.2,27.2,0.0,16.9,35.6,23.84,Mahajanga,-15.717,46.317,13.0
2026-09-02,33.7,21.0,27.4,0.0,21.6,43.6,20.38,Mahajanga,-15.717,46.317,13.0
2026-09-03,34.5,22.0,27.4,0.0,17.8,38.9,20.65,Mahajanga,-15.717,46.317,13.0
2026-09-04,33.5,21.7,26.5,0.0,23.8,48.6,19.97,Mahajanga,-15.717,46.317,13.0
2026-09-05,34.8,21.8,27.4,0.0,17.3,36.0,23.35,Mahajanga,-15.717,46.317,13.0
2026-09-06,34.0,21.0,27.0,0.0,18.0,37.8,23.86,Mahajanga,-15.717,46.317,13.0
2026-09-07,31.6,20.6,26.0,0.0,24.1,50.0,23.93,Mahajanga,-15.717,46.317,13.0
2026-09-08,34.9,22.8,28.1,0.1,20.0,41.8,21.45,Mahajanga,-15.717,46.317,13.0
2026-09-09,33.5,22.4,27.9,0.4,27.4,54.7,19.92,Mahajanga,-15.717,46.317,13.0
2026-09-10,35.3,21.6,27.8,0.0,20.6,42.8,24.5,Mahajanga,-15.717,46.317,13.0
2026-09-11,34.7,21.4,27.0,0.0,19.6,36.4,23.94,Mahajanga,-15.717,46.317,13.0
2026-09-12,33.7,22.2,27.2,0.0,19.8,41.8,24.06,Mahajanga,-15.717,46.317,13.0
2026-09-13,33.2,22.6,26.7,0.3,22.2,46.4,23.98,Mahajanga,-15.717,46.317,13.0
2026-09-14,34.6,21.3,27.5,0.0,17.4,34.9,25.16,Mahajanga,-15.717,46.317,13.0
2026-09-15,35.3,22.6,28.4,0.0,28.4,50.8,24.82,Mahajanga,-15.717,46.317,13.0
2026-09-16,35.2,22.6,28.2,0.0,27.4,52.9,25.18,Mahajanga,-15.717,46.317,13.0
2026-09-17,35.0,21.4,26.8,0.0,23.9,45.7,25.43,Mahajanga,-15.717,46.317,13.0
2026-09-18,34.7,21.0,26.6,0.0,21.4,43.9,25.5,Mahajanga,-15.717,46.317,13.0
2026-09-19,35.2,21.6,27.5,0.0,16.5,34.2,24.78,Mahajanga,-15.717,46.317,13.0
2026-09-20,35.0,22.2,27.5,0.0,17.3,35.6,24.86,Mahajanga,-15.717,46.317,13.0
2026-09-21,35.2,21.7,27.3,0.0,16.1,34.2,25.48,Mahajanga,-15.717,46.317,13.0
