date,tmax,tmin,tmoy,pluie,vent,raf,ray,ville,lat,lon,alt
2012-01-01,26.8,24.3,25.1,22.4,14.7,32.4,12.3,Manakara,-22.145,48.017,5.0
2012-01-02,27.1,24.1,25.3,17.4,17.2,34.2,13.54,Manakara,-22.145,48.017,5.0
2012-01-03,26.2,23.9,24.9,23.2,17.1,31.3,10.21,Manakara,-22.145,48.017,5.0
2012-01-04,25.6,23.0,24.4,5.9,6.1,20.2,8.23,Manakara,-22.145,48.017,5.0
2012-01-05,27.5,23.4,25.2,9.4,10.5,27.7,15.47,Manakara,-22.145,48.017,5.0
2012-01-06,27.5,23.9,25.3,11.9,16.3,34.6,19.66,Manakara,-22.145,48.017,5.0
2012-01-07,26.3,23.6,24.4,20.7,10.6,28.8,9.08,Manakara,-22.145,48.017,5.0
2012-01-08,25.9,23.5,24.4,20.1,20.0,35.3,7.87,Manakara,-22.145,48.017,5.0
2012-01-09,27.9,23.2,25.0,40.1,20.9,45.7,12.42,Manakara,-22.145,48.017,5.0
2012-01-10,27.3,22.8,24.8,39.7,27.2,56.2,14.26,Manakara,-22.145,48.017,5.0
2012-01-11,28.7,23.5,25.6,2.7,27.8,55.1,26.17,Manakara,-22.145,48.017,5.0
2012-01-12,28.4,23.1,25.3,0.5,24.2,51.5,26.83,Manakara,-22.145,48.017,5.0
2012-01-13,31.6,23.7,26.9,3.7,20.6,42.1,28.71,Manakara,-22.145,48.017,5.0
2012-01-14,29.3,23.7,26.4,14.4,21.7,43.6,21.51,Manakara,-22.145,48.017,5.0
2012-01-15,25.6,23.0,24.1,17.6,14.8,28.1,6.34,Manakara,-22.145,48.017,5.0
2012-01-16,27.5,23.8,25.5,0.9,17.0,35.3,21.74,Manakara,-22.145,48.017,5.0
2012-01-17,26.8,22.9,24.6,2.6,14.7,32.4,20.85,Manakara,-22.145,48.017,5.0
2012-01-18,26.9,22.3,24.4,5.1,15.1,30.2,22.72,Manakara,-22.145,48.017,5.0
2012-01-19,26.7,22.9,24.8,1.1,17.1,35.6,23.45,Manakara,-22.145,48.017,5.0
2012-01-20,27.3,22.4,24.9,2.3,14.3,31.3,24.46,Manakara,-22.145,48.017,5.0
2012-01-21,27.4,22.8,24.9,2.4,13.6,28.1,18.51,Manakara,-22.145,48.017,5.0
2012-01-22,27.8,23.4,25.3,7.0,10.0,22.0,16.21,Manakara,-22.145,48.017,5.0
2012-01-23,28.7,24.4,26.1,3.3,16.4,33.5,21.85,Manakara,-22.145,48.017,5.0
2012-01-24,27.9,24.2,25.4,33.3,15.6,28.8,14.79,Manakara,-22.145,48.017,5.0
2012-01-25,28.3,24.2,26.1,5.3,19.2,41.0,20.39,Manakara,-22.145,48.017,5.0
2012-01-26,29.7,24.3,26.6,1.4,22.2,47.9,24.27,Manakara,-22.145,48.017,5.0
2012-01-27,29.6,25.1,27.1,0.3,19.5,40.3,27.82,Manakara,-22.145,48.017,5.0
2012-01-28,28.7,25.2,26.8,2.5,19.3,43.9,22.66,Manakara,-22.145,48.017,5.0
2012-01-29,29.5,24.9,27.0,0.5,20.7,43.9,25.64,Manakara,-22.145,48.017,5.0
2012-01-30,29.6,25.2,27.1,2.5,21.9,41.8,24.42,Manakara,-22.145,48.017,5.0
2012-01-31,30.7,25.3,27.3,3.9,16.9,34.6,25.17,Manakara,-22.145,48.017,5.0
2012-02-01,30.2,24.6,26.9,6.8,14.4,32.4,25.79,Manakara,-22.145,48.017,5.0
2012-02-02,30.0,25.0,27.0,1.6,18.1,33.5,25.22,Manakara,-22.145,48.017,5.0
2012-02-03,29.1,25.1,26.9,0.8,13.6,28.1,25.38,Manakara,-22.145,48.017,5.0
2012-02-04,30.1,24.4,26.9,0.0,17.2,36.7,29.82,Manakara,-22.145,48.017,5.0
2012-02-05,28.6,24.5,26.2,4.1,13.3,29.9,25.02,Manakara,-22.145,48.017,5.0
2012-02-06,29.8,23.4,26.4,1.4,17.3,33.8,27.1,Manakara,-22.145,48.017,5.0
2012-02-07,29.5,23.6,26.5,4.5,15.6,32.4,27.49,Manakara,-22.145,48.017,5.0
2012-02-08,27.2,23.2,25.0,15.3,13.2,34.2,20.69,Manakara,-22.145,48.017,5.0
2012-02-09,28.5,23.0,25.5,2.4,14.0,32.8,25.05,Manakara,-22.145,48.017,5.0
2012-02-10,29.5,23.7,26.5,0.1,16.9,35.3,26.23,Manakara,-22.145,48.017,5.0
2012-02-11,29.6,24.3,27.1,0.8,12.7,28.8,25.89,Manakara,-22.145,48.017,5.0
2012-02-12,30.5,24.7,27.5,0.0,15.8,33.1,27.39,Manakara,-22.145,48.017,5.0
2012-02-13,29.2,24.9,26.6,10.0,23.8,45.0,22.23,Manakara,-22.145,48.017,5.0
2012-02-14,27.9,25.2,26.4,39.7,34.4,69.1,12.37,Manakara,-22.145,48.017,5.0
2012-02-15,30.1,25.4,27.2,2.0,25.0,52.2,25.5,Manakara,-22.145,48.017,5.0
2012-02-16,30.1,25.2,27.3,0.4,24.5,50.0,25.16,Manakara,-22.145,48.017,5.0
2012-02-17,30.2,25.5,27.4,0.4,24.2,47.9,24.73,Manakara,-22.145,48.017,5.0
2012-02-18,31.2,25.3,27.7,0.0,21.0,40.0,25.6,Manakara,-22.145,48.017,5.0
2012-02-19,32.9,25.8,28.5,6.9,26.0,48.2,27.42,Manakara,-22.145,48.017,5.0
2012-02-20,27.0,24.2,25.6,5.1,25.4,49.3,18.96,Manakara,-22.145,48.017,5.0
2012-02-21,28.5,23.0,25.3,2.1,21.7,42.1,23.53,Manakara,-22.145,48.017,5.0
2012-02-22,27.5,24.1,25.4,2.3,17.9,38.9,19.36,Manakara,-22.145,48.017,5.0
2012-02-23,28.7,23.6,26.1,2.0,13.0,29.9,24.18,Manakara,-22.145,48.017,5.0
2012-02-24,30.0,24.6,27.2,0.9,14.1,31.7,24.79,Manakara,-22.145,48.017,5.0
2012-02-25,28.7,24.1,26.2,1.9,16.1,33.1,21.77,Manakara,-22.145,48.017,5.0
2012-02-26,26.5,24.3,25.2,10.0,15.9,33.1,12.63,Manakara,-22.145,48.017,5.0
2012-02-27,27.6,24.5,25.6,19.7,17.1,38.5,13.4,Manakara,-22.145,48.017,5.0
2012-02-28,27.0,23.9,24.8,23.3,24.7,56.5,12.5,Manakara,-22.145,48.017,5.0
2012-02-29,24.9,23.4,24.0,35.9,24.3,48.6,5.34,Manakara,-22.145,48.017,5.0
2012-03-01,25.0,23.5,24.4,79.1,33.6,65.2,2.76,Manakara,-22.145,48.017,5.0
2012-03-02,25.8,24.6,25.1,37.3,36.7,67.3,7.33,Manakara,-22.145,48.017,5.0
2012-03-03,25.2,23.4,24.5,28.8,24.0,44.6,3.56,Manakara,-22.145,48.017,5.0
2012-03-04,28.1,23.1,25.3,5.0,19.1,37.8,21.77,Manakara,-22.145,48.017,5.0
2012-03-05,27.5,22.3,24.9,3.1,12.0,28.4,22.71,Manakara,-22.145,48.017,5.0
2012-03-06,27.3,21.3,24.6,0.6,10.9,23.8,25.06,Manakara,-22.145,48.017,5.0
2012-03-07,28.5,21.7,25.2,0.0,12.8,27.7,26.92,Manakara,-22.145,48.017,5.0
2012-03-08,28.6,21.9,25.3,0.0,12.2,29.2,26.2,Manakara,-22.145,48.017,5.0
2012-03-09,29.5,23.6,25.9,0.2,12.3,26.3,26.81,Manakara,-22.145,48.017,5.0
2012-03-10,28.9,24.3,26.3,3.7,12.1,24.5,19.71,Manakara,-22.145,48.017,5.0
2012-03-11,29.2,23.8,26.3,1.4,13.9,28.8,20.96,Manakara,-22.145,48.017,5.0
2012-03-12,28.8,24.4,26.4,0.6,14.7,32.0,22.3,Manakara,-22.145,48.017,5.0
2012-03-13,29.1,24.2,26.1,6.0,15.5,33.8,22.87,Manakara,-22.145,48.017,5.0
2012-03-14,28.8,23.7,25.8,8.2,16.5,35.3,21.73,Manakara,-22.145,48.017,5.0
2012-03-15,28.0,23.5,25.3,3.0,17.1,35.6,19.93,Manakara,-22.145,48.017,5.0
2012-03-16,27.5,22.5,24.8,2.8,16.3,35.3,20.86,Manakara,-22.145,48.017,5.0
2012-03-17,29.1,23.3,25.7,5.4,18.0,35.6,23.08,Manakara,-22.145,48.017,5.0
2012-03-18,29.5,24.0,26.3,1.8,15.2,33.1,21.66,Manakara,-22.145,48.017,5.0
2012-03-19,29.0,23.7,25.9,9.2,12.2,27.4,20.45,Manakara,-22.145,48.017,5.0
2012-03-20,28.9,23.8,25.7,10.9,13.0,28.4,20.71,Manakara,-22.145,48.017,5.0
2012-03-21,25.7,22.8,24.0,26.1,13.4,26.3,6.2,Manakara,-22.145,48.017,5.0
2012-03-22,27.1,22.4,24.3,15.2,12.8,27.4,13.99,Manakara,-22.145,48.017,5.0
2012-03-23,26.0,22.4,24.2,10.6,12.2,32.8,11.65,Manakara,-22.145,48.017,5.0
2012-03-24,25.6,22.7,23.8,33.7,14.7,32.0,6.99,Manakara,-22.145,48.017,5.0
2012-03-25,26.1,23.2,24.1,21.8,18.5,37.1,8.17,Manakara,-22.145,48.017,5.0
2012-03-26,28.0,22.8,24.5,17.5,11.2,26.3,17.43,Manakara,-22.145,48.017,5.0
2012-03-27,27.5,23.1,24.8,6.7,13.8,29.9,20.13,Manakara,-22.145,48.017,5.0
2012-03-28,27.6,23.2,25.0,6.3,19.3,40.0,19.58,Manakara,-22.145,48.017,5.0
2012-03-29,28.8,23.3,25.4,1.1,20.9,41.8,18.91,Manakara,-22.145,48.017,5.0
2012-03-30,27.9,23.8,25.1,7.2,17.1,34.6,11.82,Manakara,-22.145,48.017,5.0
2012-03-31,27.7,23.5,25.0,7.4,16.3,31.3,15.22,Manakara,-22.145,48.017,5.0
2012-04-01,28.4,23.6,25.7,0.6,12.9,29.5,19.58,Manakara,-22.145,48.017,5.0
2012-04-02,28.7,23.4,25.8,0.0,15.4,31.7,20.91,Manakara,-22.145,48.017,5.0
2012-04-03,28.1,23.8,25.5,9.7,14.2,27.7,17.84,Manakara,-22.145,48.017,5.0
2012-04-04,27.2,23.5,25.0,2.8,22.3,45.0,16.64,Manakara,-22.145,48.017,5.0
2012-04-05,26.6,23.3,24.5,22.4,16.6,34.2,10.42,Manakara,-22.145,48.017,5.0
2012-04-06,25.2,22.6,23.9,28.2,21.0,40.7,8.1,Manakara,-22.145,48.017,5.0
2012-04-07,26.3,22.4,23.7,21.8,15.4,34.6,11.36,Manakara,-22.145,48.017,5.0
2012-04-08,25.6,23.4,24.1,70.8,12.6,25.9,6.43,Manakara,-22.145,48.017,5.0
2012-04-09,25.6,23.2,24.4,10.4,9.7,23.0,9.45,Manakara,-22.145,48.017,5.0
2012-04-10,28.8,23.0,25.7,0.0,17.2,35.6,19.67,Manakara,-22.145,48.017,5.0
2012-04-11,28.9,24.0,26.0,3.3,12.0,27.0,19.05,Manakara,-22.145,48.017,5.0
2012-04-12,27.0,23.2,24.6,18.7,11.2,28.4,12.95,Manakara,-22.145,48.017,5.0
2012-04-13,25.6,22.9,23.8,119.0,18.5,29.2,5.52,Manakara,-22.145,48.017,5.0
2012-04-14,27.3,23.1,24.6,11.7,14.0,33.8,13.39,Manakara,-22.145,48.017,5.0
2012-04-15,28.1,23.3,25.5,1.2,10.9,24.8,18.32,Manakara,-22.145,48.017,5.0
2012-04-16,27.2,22.7,25.1,1.5,11.3,23.0,17.35,Manakara,-22.145,48.017,5.0
2012-04-17,26.3,23.3,24.6,11.7,10.4,27.7,12.88,Manakara,-22.145,48.017,5.0
2012-04-18,27.5,22.8,25.0,4.9,11.8,23.4,16.12,Manakara,-22.145,48.017,5.0
2012-04-19,28.8,23.0,25.3,17.9,11.6,27.7,17.02,Manakara,-22.145,48.017,5.0
2012-04-20,25.8,22.6,23.8,34.0,21.1,41.0,13.04,Manakara,-22.145,48.017,5.0
2012-04-21,24.0,22.2,23.1,60.8,23.9,42.1,4.25,Manakara,-22.145,48.017,5.0
2012-04-22,25.8,21.4,23.7,10.7,22.1,36.0,11.85,Manakara,-22.145,48.017,5.0
2012-04-23,27.0,23.2,24.8,0.4,18.9,37.4,11.61,Manakara,-22.145,48.017,5.0
2012-04-24,26.6,23.3,24.9,4.0,12.3,28.1,13.74,Manakara,-22.145,48.017,5.0
2012-04-25,23.7,22.6,23.2,7.2,24.6,46.8,7.92,Manakara,-22.145,48.017,5.0
2012-04-26,24.4,21.6,22.8,1.1,13.0,28.4,8.38,Manakara,-22.145,48.017,5.0
2012-04-27,24.6,20.1,22.3,0.5,11.5,24.5,13.83,Manakara,-22.145,48.017,5.0
2012-04-28,25.5,20.0,22.6,0.1,14.2,30.2,15.54,Manakara,-22.145,48.017,5.0
2012-04-29,25.8,20.9,23.4,0.1,11.3,25.9,16.49,Manakara,-22.145,48.017,5.0
2012-04-30,25.6,20.3,22.8,0.9,9.8,23.4,15.14,Manakara,-22.145,48.017,5.0
2012-05-01,25.6,20.0,22.8,0.4,11.2,24.1,16.63,Manakara,-22.145,48.017,5.0
2012-05-02,25.6,21.1,23.0,2.9,10.5,25.9,14.67,Manakara,-22.145,48.017,5.0
2012-05-03,24.9,21.1,22.9,3.7,10.1,24.5,12.91,Manakara,-22.145,48.017,5.0
2012-05-04,24.5,21.4,22.6,11.7,12.3,31.7,13.28,Manakara,-22.145,48.017,5.0
2012-05-05,25.2,20.5,22.8,4.1,9.4,25.9,13.65,Manakara,-22.145,48.017,5.0
2012-05-06,25.4,20.9,22.8,2.0,11.4,26.6,15.27,Manakara,-22.145,48.017,5.0
2012-05-07,24.8,20.5,22.6,1.7,10.8,24.5,13.9,Manakara,-22.145,48.017,5.0
2012-05-08,23.9,20.7,22.0,2.3,13.0,28.4,12.57,Manakara,-22.145,48.017,5.0
2012-05-09,23.5,19.5,21.6,3.0,11.9,28.1,11.79,Manakara,-22.145,48.017,5.0
2012-05-10,24.7,19.8,22.2,1.8,8.4,27.4,13.77,Manakara,-22.145,48.017,5.0
2012-05-11,25.6,20.0,22.7,0.0,11.7,22.0,16.01,Manakara,-22.145,48.017,5.0
2012-05-12,26.4,20.4,23.1,0.0,11.0,25.9,18.09,Manakara,-22.145,48.017,5.0
2012-05-13,25.9,20.1,23.1,0.2,10.7,23.0,15.52,Manakara,-22.145,48.017,5.0
2012-05-14,26.5,21.0,23.7,0.0,12.4,23.8,15.14,Manakara,-22.145,48.017,5.0
2012-05-15,25.1,21.5,22.9,2.1,11.6,24.1,12.73,Manakara,-22.145,48.017,5.0
2012-05-16,23.4,20.8,21.7,6.5,12.5,25.6,7.25,Manakara,-22.145,48.017,5.0
2012-05-17,23.8,20.6,22.0,0.9,18.7,37.1,13.02,Manakara,-22.145,48.017,5.0
2012-05-18,24.5,20.1,22.0,0.4,13.1,26.6,12.62,Manakara,-22.145,48.017,5.0
2012-05-19,26.8,19.8,23.2,0.0,13.4,25.2,16.53,Manakara,-22.145,48.017,5.0
2012-05-20,28.0,21.8,24.5,0.0,14.9,28.8,16.88,Manakara,-22.145,48.017,5.0
2012-05-21,27.9,22.2,24.5,6.0,17.6,35.6,14.9,Manakara,-22.145,48.017,5.0
2012-05-22,23.9,21.4,22.4,9.2,19.4,38.9,9.72,Manakara,-22.145,48.017,5.0
2012-05-23,23.4,20.7,21.4,21.3,15.1,33.8,7.3,Manakara,-22.145,48.017,5.0
2012-05-24,24.9,20.1,22.1,3.6,9.4,22.0,11.74,Manakara,-22.145,48.017,5.0
2012-05-25,25.6,20.6,22.9,0.9,9.2,21.2,14.8,Manakara,-22.145,48.017,5.0
2012-05-26,23.9,20.9,22.0,2.1,12.8,27.7,11.34,Manakara,-22.145,48.017,5.0
2012-05-27,23.1,20.4,21.7,13.2,14.0,27.7,7.72,Manakara,-22.145,48.017,5.0
2012-05-28,23.6,20.3,22.4,2.1,15.0,32.0,11.06,Manakara,-22.145,48.017,5.0
2012-05-29,24.0,19.7,21.5,3.4,9.9,29.2,10.93,Manakara,-22.145,48.017,5.0
2012-05-30,24.9,19.6,22.0,0.9,8.7,19.4,14.63,Manakara,-22.145,48.017,5.0
2012-05-31,25.0,19.0,21.9,0.6,9.1,19.4,15.32,Manakara,-22.145,48.017,5.0
2012-06-01,23.3,19.5,21.0,0.2,8.7,22.3,12.7,Manakara,-22.145,48.017,5.0
2012-06-02,23.9,18.3,21.2,1.0,7.7,20.9,13.96,Manakara,-22.145,48.017,5.0
2012-06-03,24.5,18.6,21.5,3.0,6.8,21.6,13.45,Manakara,-22.145,48.017,5.0
2012-06-04,22.7,19.8,21.2,0.1,24.2,49.0,13.83,Manakara,-22.145,48.017,5.0
2012-06-05,23.3,19.5,21.1,0.1,13.5,28.8,10.4,Manakara,-22.145,48.017,5.0
2012-06-06,23.7,17.8,20.7,1.6,11.2,34.6,11.42,Manakara,-22.145,48.017,5.0
2012-06-07,24.1,17.2,20.7,0.2,11.0,22.0,14.46,Manakara,-22.145,48.017,5.0
2012-06-08,23.3,18.7,21.0,3.9,14.0,24.5,7.42,Manakara,-22.145,48.017,5.0
2012-06-09,23.6,20.8,22.1,12.8,14.4,25.6,7.4,Manakara,-22.145,48.017,5.0
2012-06-10,25.5,22.1,23.4,1.1,20.9,43.9,8.25,Manakara,-22.145,48.017,5.0
2012-06-11,25.8,21.4,22.9,21.0,17.2,34.6,12.56,Manakara,-22.145,48.017,5.0
2012-06-12,23.4,20.2,21.4,16.0,16.9,33.8,7.28,Manakara,-22.145,48.017,5.0
2012-06-13,24.2,20.0,21.7,0.7,8.6,21.2,10.74,Manakara,-22.145,48.017,5.0
2012-06-14,22.6,19.1,20.9,4.0,10.4,23.8,8.85,Manakara,-22.145,48.017,5.0
2012-06-15,21.7,20.1,20.7,28.4,16.5,35.3,6.74,Manakara,-22.145,48.017,5.0
2012-06-16,21.6,19.6,20.5,16.2,11.1,25.6,5.25,Manakara,-22.145,48.017,5.0
2012-06-17,23.2,19.0,20.9,3.8,9.5,24.1,10.47,Manakara,-22.145,48.017,5.0
2012-06-18,24.2,19.6,21.8,1.4,10.2,23.4,13.03,Manakara,-22.145,48.017,5.0
2012-06-19,23.2,19.0,21.1,3.1,9.0,26.3,11.23,Manakara,-22.145,48.017,5.0
2012-06-20,23.8,17.7,21.1,0.3,9.6,19.8,13.01,Manakara,-22.145,48.017,5.0
2012-06-21,24.6,18.5,21.5,0.2,14.0,27.7,13.77,Manakara,-22.145,48.017,5.0
2012-06-22,25.0,20.1,22.4,0.0,19.0,37.8,12.3,Manakara,-22.145,48.017,5.0
2012-06-23,24.9,19.6,22.0,0.0,18.5,37.4,14.88,Manakara,-22.145,48.017,5.0
2012-06-24,25.2,20.2,22.3,0.0,19.1,38.9,15.72,Manakara,-22.145,48.017,5.0
2012-06-25,25.1,19.6,22.2,0.0,18.1,35.3,15.61,Manakara,-22.145,48.017,5.0
2012-06-26,25.1,19.9,22.0,0.0,14.4,29.5,16.17,Manakara,-22.145,48.017,5.0
2012-06-27,24.8,18.5,21.5,0.0,9.0,22.3,15.79,Manakara,-22.145,48.017,5.0
2012-06-28,24.6,17.7,21.2,0.0,10.0,21.6,15.48,Manakara,-22.145,48.017,5.0
2012-06-29,24.0,18.4,20.9,0.1,9.5,19.1,13.37,Manakara,-22.145,48.017,5.0
2012-06-30,24.2,19.6,21.2,0.4,9.0,20.9,13.87,Manakara,-22.145,48.017,5.0
2012-07-01,23.5,17.8,20.6,0.4,9.0,19.8,14.01,Manakara,-22.145,48.017,5.0
2012-07-02,22.2,18.0,20.4,6.4,9.7,22.7,9.94,Manakara,-22.145,48.017,5.0
2012-07-03,23.2,19.4,21.1,0.5,10.1,24.8,11.75,Manakara,-22.145,48.017,5.0
2012-07-04,23.8,18.7,20.9,0.2,8.2,19.4,15.18,Manakara,-22.145,48.017,5.0
2012-07-05,23.7,17.9,20.6,0.0,8.6,19.8,15.98,Manakara,-22.145,48.017,5.0
2012-07-06,23.4,17.1,20.3,0.8,9.1,19.8,14.41,Manakara,-22.145,48.017,5.0
2012-07-07,23.3,18.0,20.4,0.4,8.4,20.5,13.86,Manakara,-22.145,48.017,5.0
2012-07-08,23.6,17.2,20.3,0.0,12.1,25.2,15.35,Manakara,-22.145,48.017,5.0
2012-07-09,23.8,18.0,20.7,0.0,10.4,23.0,15.15,Manakara,-22.145,48.017,5.0
2012-07-10,22.8,16.7,19.8,0.6,7.3,23.4,12.84,Manakara,-22.145,48.017,5.0
2012-07-11,23.1,16.5,19.9,0.4,10.0,20.5,13.69,Manakara,-22.145,48.017,5.0
2012-07-12,22.4,18.5,20.2,3.3,10.7,24.8,12.44,Manakara,-22.145,48.017,5.0
2012-07-13,23.4,17.9,20.5,0.6,9.5,22.3,13.5,Manakara,-22.145,48.017,5.0
2012-07-14,23.1,19.0,21.0,0.3,8.3,21.2,12.46,Manakara,-22.145,48.017,5.0
2012-07-15,24.3,19.1,21.3,0.0,15.6,29.9,15.39,Manakara,-22.145,48.017,5.0
2012-07-16,25.5,19.2,22.0,0.0,16.3,33.8,16.42,Manakara,-22.145,48.017,5.0
2012-07-17,21.7,19.8,20.7,8.9,17.6,36.4,8.11,Manakara,-22.145,48.017,5.0
2012-07-18,21.4,18.0,19.5,7.0,12.0,24.8,9.51,Manakara,-22.145,48.017,5.0
2012-07-19,23.6,18.1,20.6,0.0,11.0,19.1,12.52,Manakara,-22.145,48.017,5.0
2012-07-20,25.3,17.6,21.6,0.2,12.3,23.0,16.54,Manakara,-22.145,48.017,5.0
2012-07-21,24.3,18.5,21.7,0.8,11.3,27.4,12.74,Manakara,-22.145,48.017,5.0
2012-07-22,24.9,19.9,22.2,0.2,11.6,24.5,13.22,Manakara,-22.145,48.017,5.0
2012-07-23,24.5,19.2,21.8,0.4,10.9,25.2,13.46,Manakara,-22.145,48.017,5.0
2012-07-24,24.2,19.6,21.7,0.3,10.1,23.0,15.11,Manakara,-22.145,48.017,5.0
2012-07-25,23.9,18.1,20.9,0.1,7.3,19.8,15.52,Manakara,-22.145,48.017,5.0
2012-07-26,23.2,16.9,20.1,0.7,8.2,18.7,14.93,Manakara,-22.145,48.017,5.0
2012-07-27,23.0,17.7,20.2,0.5,8.3,19.8,14.54,Manakara,-22.145,48.017,5.0
2012-07-28,23.9,16.5,20.1,0.0,10.5,24.5,16.33,Manakara,-22.145,48.017,5.0
2012-07-29,24.6,17.9,21.2,0.0,12.6,24.8,17.45,Manakara,-22.145,48.017,5.0
2012-07-30,25.2,18.3,21.7,0.0,13.2,26.3,17.38,Manakara,-22.145,48.017,5.0
2012-07-31,25.1,19.0,21.8,0.3,12.2,25.6,17.05,Manakara,-22.145,48.017,5.0
2012-08-01,24.9,19.7,22.1,0.0,18.4,36.7,15.96,Manakara,-22.145,48.017,5.0
2012-08-02,26.3,20.0,22.7,0.0,18.4,33.5,17.01,Manakara,-22.145,48.017,5.0
2012-08-03,24.3,19.7,21.7,1.2,21.3,42.1,17.38,Manakara,-22.145,48.017,5.0
2012-08-04,21.7,20.1,20.9,9.2,12.1,24.8,4.42,Manakara,-22.145,48.017,5.0
2012-08-05,24.5,19.8,21.9,1.0,11.3,24.5,13.14,Manakara,-22.145,48.017,5.0
2012-08-06,25.5,20.3,22.6,0.0,21.5,42.1,16.03,Manakara,-22.145,48.017,5.0
2012-08-07,25.2,21.1,22.6,1.2,20.5,41.4,14.22,Manakara,-22.145,48.017,5.0
2012-08-08,24.3,20.2,21.9,2.2,16.3,33.8,15.24,Manakara,-22.145,48.017,5.0
2012-08-09,24.0,19.7,21.6,1.3,14.3,28.4,13.69,Manakara,-22.145,48.017,5.0
2012-08-10,24.2,19.7,21.5,0.5,13.8,30.6,16.01,Manakara,-22.145,48.017,5.0
2012-08-11,24.4,18.9,21.4,0.0,14.8,30.6,16.95,Manakara,-22.145,48.017,5.0
2012-08-12,24.7,19.5,21.8,0.0,19.3,38.9,16.46,Manakara,-22.145,48.017,5.0
2012-08-13,25.4,19.6,22.0,0.0,15.4,33.1,19.56,Manakara,-22.145,48.017,5.0
2012-08-14,23.8,19.1,21.2,0.3,10.7,23.8,15.89,Manakara,-22.145,48.017,5.0
2012-08-15,23.4,18.1,20.7,1.8,10.4,32.0,14.16,Manakara,-22.145,48.017,5.0
2012-08-16,23.4,17.8,20.7,3.2,12.4,29.5,14.57,Manakara,-22.145,48.017,5.0
2012-08-17,22.9,18.5,20.7,4.8,11.0,25.2,13.4,Manakara,-22.145,48.017,5.0
2012-08-18,23.7,18.3,21.1,1.9,12.5,29.2,15.64,Manakara,-22.145,48.017,5.0
2012-08-19,23.1,18.5,20.8,3.0,14.7,32.8,13.02,Manakara,-22.145,48.017,5.0
2012-08-20,22.5,19.1,20.7,1.2,13.7,31.3,14.18,Manakara,-22.145,48.017,5.0
2012-08-21,23.9,17.7,20.9,0.1,12.7,28.8,17.79,Manakara,-22.145,48.017,5.0
2012-08-22,24.8,19.0,21.4,0.1,14.6,32.0,19.67,Manakara,-22.145,48.017,5.0
2012-08-23,23.8,18.2,20.9,0.0,15.4,32.0,17.07,Manakara,-22.145,48.017,5.0
2012-08-24,24.9,18.7,21.5,0.0,12.1,28.8,20.59,Manakara,-22.145,48.017,5.0
2012-08-25,24.0,18.9,21.3,0.6,13.0,29.9,14.94,Manakara,-22.145,48.017,5.0
2012-08-26,24.7,18.9,21.5,0.0,16.6,35.3,18.69,Manakara,-22.145,48.017,5.0
2012-08-27,25.3,18.9,21.6,0.0,13.0,28.1,20.07,Manakara,-22.145,48.017,5.0
2012-08-28,25.1,18.8,21.7,0.0,14.2,29.2,20.97,Manakara,-22.145,48.017,5.0
2012-08-29,24.2,19.1,21.6,0.2,18.9,40.3,17.5,Manakara,-22.145,48.017,5.0
2012-08-30,24.8,19.1,21.6,0.0,17.9,36.4,19.24,Manakara,-22.145,48.017,5.0
2012-08-31,24.9,18.7,21.5,0.0,17.0,34.2,20.44,Manakara,-22.145,48.017,5.0
2012-09-01,25.3,19.0,21.7,0.0,18.7,37.8,20.32,Manakara,-22.145,48.017,5.0
2012-09-02,26.1,19.7,22.4,0.0,16.2,33.8,21.01,Manakara,-22.145,48.017,5.0
2012-09-03,26.5,19.2,22.3,0.0,18.2,34.9,22.54,Manakara,-22.145,48.017,5.0
2012-09-04,27.7,19.6,23.1,0.2,17.7,32.0,21.68,Manakara,-22.145,48.017,5.0
2012-09-05,21.6,20.0,20.7,16.5,21.0,40.7,4.03,Manakara,-22.145,48.017,5.0
2012-09-06,22.0,19.7,20.6,2.3,16.2,32.4,5.75,Manakara,-22.145,48.017,5.0
2012-09-07,22.3,19.4,20.6,1.6,17.3,36.0,9.75,Manakara,-22.145,48.017,5.0
2012-09-08,22.6,18.5,20.4,2.3,21.5,42.1,14.36,Manakara,-22.145,48.017,5.0
2012-09-09,22.9,18.5,20.6,1.8,17.6,36.4,15.62,Manakara,-22.145,48.017,5.0
2012-09-10,24.5,19.0,21.5,0.1,22.8,46.1,19.62,Manakara,-22.145,48.017,5.0
2012-09-11,25.6,19.3,22.0,0.0,17.1,34.2,22.86,Manakara,-22.145,48.017,5.0
2012-09-12,25.1,19.0,21.9,0.0,18.5,36.7,20.55,Manakara,-22.145,48.017,5.0
2012-09-13,24.3,19.2,21.7,0.9,16.1,33.1,18.91,Manakara,-22.145,48.017,5.0
2012-09-14,26.1,19.2,22.2,0.0,18.6,38.2,22.3,Manakara,-22.145,48.017,5.0
2012-09-15,25.7,19.2,22.1,0.0,14.1,31.3,23.01,Manakara,-22.145,48.017,5.0
2012-09-16,24.3,18.6,21.3,4.9,15.1,33.5,18.08,Manakara,-22.145,48.017,5.0
2012-09-17,23.8,19.2,21.0,2.8,16.6,41.8,15.61,Manakara,-22.145,48.017,5.0
2012-09-18,25.0,18.8,21.7,0.3,16.6,33.5,21.11,Manakara,-22.145,48.017,5.0
2012-09-19,25.3,19.4,22.3,0.0,20.4,41.4,20.6,Manakara,-22.145,48.017,5.0
2012-09-20,26.3,20.6,23.0,0.0,17.3,35.6,22.09,Manakara,-22.145,48.017,5.0
2012-09-21,25.3,20.0,22.5,0.5,14.3,32.4,20.88,Manakara,-22.145,48.017,5.0
2012-09-22,25.0,19.3,22.1,0.7,18.4,38.5,21.01,Manakara,-22.145,48.017,5.0
2012-09-23,25.8,19.9,22.3,0.0,22.2,44.3,22.28,Manakara,-22.145,48.017,5.0
2012-09-24,26.3,19.6,22.5,0.0,21.1,43.2,25.22,Manakara,-22.145,48.017,5.0
2012-09-25,27.5,19.8,23.1,0.0,17.4,30.2,22.77,Manakara,-22.145,48.017,5.0
2012-09-26,24.7,20.7,22.3,4.2,14.6,31.7,16.7,Manakara,-22.145,48.017,5.0
2012-09-27,26.4,20.4,23.0,0.9,20.1,41.0,21.97,Manakara,-22.145,48.017,5.0
2012-09-28,26.9,20.9,23.4,0.0,22.0,43.9,23.91,Manakara,-22.145,48.017,5.0
2012-09-29,27.2,20.7,23.4,0.0,21.9,43.6,24.58,Manakara,-22.145,48.017,5.0
2012-09-30,27.5,20.7,23.5,0.0,19.7,40.0,25.43,Manakara,-22.145,48.017,5.0
2012-10-01,27.4,20.8,23.5,0.0,18.6,39.2,23.73,Manakara,-22.145,48.017,5.0
2012-10-02,27.3,20.6,23.3,0.0,19.9,41.0,23.27,Manakara,-22.145,48.017,5.0
2012-10-03,25.7,20.4,22.9,1.2,14.8,34.6,21.7,Manakara,-22.145,48.017,5.0
2012-10-04,26.6,20.2,22.9,0.8,17.7,34.9,23.42,Manakara,-22.145,48.017,5.0
2012-10-05,27.4,19.7,23.2,0.0,23.6,47.5,25.42,Manakara,-22.145,48.017,5.0
2012-10-06,25.9,20.4,23.2,0.7,20.1,42.8,17.51,Manakara,-22.145,48.017,5.0
2012-10-07,27.5,21.5,23.9,0.0,22.3,46.4,22.85,Manakara,-22.145,48.017,5.0
2012-10-08,27.9,20.9,24.0,0.0,25.2,47.5,24.16,Manakara,-22.145,48.017,5.0
2012-10-09,26.9,21.7,23.9,0.3,25.0,51.5,19.61,Manakara,-22.145,48.017,5.0
2012-10-10,27.7,22.0,23.9,0.0,25.7,49.7,22.17,Manakara,-22.145,48.017,5.0
2012-10-11,28.5,21.6,24.4,0.0,24.7,50.4,26.5,Manakara,-22.145,48.017,5.0
2012-10-12,28.9,21.5,24.5,0.0,20.3,41.8,27.0,Manakara,-22.145,48.017,5.0
2012-10-13,28.6,21.9,24.5,0.0,22.7,46.8,25.41,Manakara,-22.145,48.017,5.0
2012-10-14,28.3,21.4,24.3,0.0,23.6,47.5,26.77,Manakara,-22.145,48.017,5.0
2012-10-15,28.1,21.4,24.1,0.0,23.7,46.1,26.22,Manakara,-22.145,48.017,5.0
2012-10-16,28.4,20.8,24.1,0.0,21.5,44.3,27.22,Manakara,-22.145,48.017,5.0
2012-10-17,28.7,20.8,24.2,0.0,19.9,39.6,27.83,Manakara,-22.145,48.017,5.0
2012-10-18,29.0,21.2,24.8,0.0,18.8,39.6,27.33,Manakara,-22.145,48.017,5.0
2012-10-19,28.7,23.1,25.5,1.5,23.4,48.6,22.58,Manakara,-22.145,48.017,5.0
2012-10-20,27.6,23.2,25.1,0.9,22.2,45.0,19.74,Manakara,-22.145,48.017,5.0
2012-10-21,29.7,22.6,25.4,0.0,22.6,46.1,26.91,Manakara,-22.145,48.017,5.0
2012-10-22,29.6,22.6,25.2,0.0,24.4,49.0,27.32,Manakara,-22.145,48.017,5.0
2012-10-23,30.4,22.1,25.7,0.0,22.7,47.2,24.92,Manakara,-22.145,48.017,5.0
2012-10-24,26.1,23.0,24.5,3.1,13.0,28.4,8.5,Manakara,-22.145,48.017,5.0
2012-10-25,24.5,21.5,22.9,7.0,14.3,25.9,11.58,Manakara,-22.145,48.017,5.0
2012-10-26,25.5,21.1,23.3,0.1,15.0,33.5,22.05,Manakara,-22.145,48.017,5.0
2012-10-27,29.2,21.9,24.9,2.5,19.1,39.2,25.19,Manakara,-22.145,48.017,5.0
2012-10-28,27.0,21.9,24.1,5.1,14.3,32.4,20.34,Manakara,-22.145,48.017,5.0
2012-10-29,24.1,22.0,23.1,4.7,18.1,36.0,7.84,Manakara,-22.145,48.017,5.0
2012-10-30,26.2,21.7,23.5,5.9,15.0,29.5,12.39,Manakara,-22.145,48.017,5.0
2012-10-31,28.6,22.4,25.0,0.0,27.3,51.8,27.12,Manakara,-22.145,48.017,5.0
2012-11-01,29.6,22.7,25.3,0.9,25.2,52.2,22.21,Manakara,-22.145,48.017,5.0
2012-11-02,24.3,20.5,22.7,9.0,22.2,44.3,14.03,Manakara,-22.145,48.017,5.0
2012-11-03,22.3,19.9,21.2,3.6,20.0,36.0,6.98,Manakara,-22.145,48.017,5.0
2012-11-04,23.2,19.8,21.4,3.2,12.6,25.2,9.15,Manakara,-22.145,48.017,5.0
2012-11-05,27.7,21.1,23.8,0.0,24.9,48.6,24.36,Manakara,-22.145,48.017,5.0
2012-11-06,29.2,21.8,24.9,0.2,24.1,40.3,26.08,Manakara,-22.145,48.017,5.0
2012-11-07,27.0,22.3,24.1,1.0,15.3,33.1,21.81,Manakara,-22.145,48.017,5.0
2012-11-08,28.3,22.0,24.8,2.0,23.2,46.8,24.83,Manakara,-22.145,48.017,5.0
2012-11-09,28.3,22.7,24.3,6.6,22.7,46.4,20.35,Manakara,-22.145,48.017,5.0
2012-11-10,24.6,22.2,23.2,0.2,15.5,32.4,12.16,Manakara,-22.145,48.017,5.0
2012-11-11,27.2,21.7,24.3,0.2,13.4,30.2,22.79,Manakara,-22.145,48.017,5.0
2012-11-12,26.1,22.4,23.9,4.7,12.7,28.4,16.65,Manakara,-22.145,48.017,5.0
2012-11-13,28.1,22.4,25.1,0.2,20.7,40.7,24.36,Manakara,-22.145,48.017,5.0
2012-11-14,28.4,23.2,25.4,0.0,20.0,39.6,25.03,Manakara,-22.145,48.017,5.0
2012-11-15,29.2,23.3,25.7,0.0,20.0,42.5,27.23,Manakara,-22.145,48.017,5.0
2012-11-16,28.9,23.2,25.4,0.0,23.1,45.7,25.72,Manakara,-22.145,48.017,5.0
2012-11-17,29.5,22.9,25.6,0.0,23.5,43.9,27.17,Manakara,-22.145,48.017,5.0
2012-11-18,30.1,23.6,26.3,0.0,19.7,40.0,25.09,Manakara,-22.145,48.017,5.0
2012-11-19,29.3,22.8,25.7,16.7,18.1,40.3,22.88,Manakara,-22.145,48.017,5.0
2012-11-20,27.7,22.5,24.4,3.7,18.0,41.4,22.67,Manakara,-22.145,48.017,5.0
2012-11-21,26.8,22.6,24.4,4.6,15.6,33.5,21.65,Manakara,-22.145,48.017,5.0
2012-11-22,27.2,23.0,24.8,4.7,16.1,33.8,19.26,Manakara,-22.145,48.017,5.0
2012-11-23,27.4,23.2,24.7,12.6,17.6,36.7,20.2,Manakara,-22.145,48.017,5.0
2012-11-24,26.9,22.9,24.8,2.7,21.3,43.2,20.95,Manakara,-22.145,48.017,5.0
2012-11-25,28.2,24.1,25.6,0.2,18.9,38.5,23.68,Manakara,-22.145,48.017,5.0
2012-11-26,28.4,23.6,25.6,0.0,16.3,35.3,25.29,Manakara,-22.145,48.017,5.0
2012-11-27,29.8,23.3,25.5,4.3,24.4,43.9,25.47,Manakara,-22.145,48.017,5.0
2012-11-28,24.9,22.5,23.4,2.2,20.5,40.0,12.53,Manakara,-22.145,48.017,5.0
2012-11-29,25.7,21.9,23.8,10.3,14.7,31.3,18.46,Manakara,-22.145,48.017,5.0
2012-11-30,27.4,22.5,24.6,3.9,13.5,31.0,22.76,Manakara,-22.145,48.017,5.0
2012-12-01,27.7,22.6,25.1,2.0,17.3,35.3,25.65,Manakara,-22.145,48.017,5.0
2012-12-02,26.9,22.5,24.3,2.6,17.7,35.6,22.04,Manakara,-22.145,48.017,5.0
2012-12-03,26.3,22.9,24.4,0.9,17.0,37.4,24.16,Manakara,-22.145,48.017,5.0
2012-12-04,27.1,21.5,24.7,1.5,13.8,34.6,23.01,Manakara,-22.145,48.017,5.0
2012-12-05,29.5,22.8,26.1,0.0,17.7,37.1,28.74,Manakara,-22.145,48.017,5.0
2012-12-06,28.8,23.8,26.2,0.7,19.4,40.7,25.63,Manakara,-22.145,48.017,5.0
2012-12-07,29.0,23.5,26.1,1.1,18.7,38.2,27.15,Manakara,-22.145,48.017,5.0
2012-12-08,29.6,23.5,26.2,0.1,21.4,41.8,29.46,Manakara,-22.145,48.017,5.0
2012-12-09,29.0,23.8,26.1,2.1,20.8,43.9,24.38,Manakara,-22.145,48.017,5.0
2012-12-10,29.3,23.9,26.3,3.5,18.9,41.8,22.74,Manakara,-22.145,48.017,5.0
2012-12-11,29.9,24.2,26.3,9.2,17.5,36.7,24.11,Manakara,-22.145,48.017,5.0
2012-12-12,29.4,23.5,25.4,31.7,28.1,50.8,22.71,Manakara,-22.145,48.017,5.0
2012-12-13,25.7,22.1,23.9,6.9,24.9,49.0,18.65,Manakara,-22.145,48.017,5.0
2012-12-14,26.9,22.2,24.4,3.0,17.9,33.8,21.47,Manakara,-22.145,48.017,5.0
2012-12-15,27.2,23.8,25.1,0.7,17.8,35.6,24.42,Manakara,-22.145,48.017,5.0
2012-12-16,28.1,23.1,25.6,0.0,19.3,38.9,21.54,Manakara,-22.145,48.017,5.0
2012-12-17,31.5,23.7,26.9,9.0,19.1,41.0,28.17,Manakara,-22.145,48.017,5.0
2012-12-18,31.6,23.8,27.2,3.5,14.6,30.6,26.59,Manakara,-22.145,48.017,5.0
2012-12-19,29.0,24.7,26.3,4.0,17.8,35.6,24.28,Manakara,-22.145,48.017,5.0
2012-12-20,26.1,23.3,24.6,8.6,16.8,34.9,12.42,Manakara,-22.145,48.017,5.0
2012-12-21,27.2,23.2,25.2,2.2,14.1,31.7,22.01,Manakara,-22.145,48.017,5.0
2012-12-22,27.9,23.3,25.3,2.3,13.9,31.0,21.39,Manakara,-22.145,48.017,5.0
2012-12-23,27.0,24.2,25.4,2.2,17.8,36.0,19.84,Manakara,-22.145,48.017,5.0
2012-12-24,27.6,23.4,25.3,2.5,16.4,35.3,21.96,Manakara,-22.145,48.017,5.0
2012-12-25,27.8,24.0,25.7,0.9,16.8,36.7,23.48,Manakara,-22.145,48.017,5.0
2012-12-26,28.1,23.3,25.8,1.1,15.7,34.6,21.66,Manakara,-22.145,48.017,5.0
2012-12-27,29.6,23.7,26.2,2.3,19.4,38.9,27.85,Manakara,-22.145,48.017,5.0
2012-12-28,27.4,23.9,25.1,19.3,12.7,30.6,16.46,Manakara,-22.145,48.017,5.0
2012-12-29,27.5,23.7,25.6,3.7,15.5,34.9,21.15,Manakara,-22.145,48.017,5.0
2012-12-30,28.5,22.8,25.8,1.6,12.6,27.7,25.77,Manakara,-22.145,48.017,5.0
2012-12-31,28.8,23.7,25.9,3.1,14.2,28.4,26.61,Manakara,-22.145,48.017,5.0
2013-01-01,28.5,23.2,25.5,1.4,17.4,35.3,26.56,Manakara,-22.145,48.017,5.0
2013-01-02,28.6,22.7,25.6,0.0,13.8,28.1,31.38,Manakara,-22.145,48.017,5.0
2013-01-03,28.5,22.8,25.6,0.0,20.8,41.0,26.53,Manakara,-22.145,48.017,5.0
2013-01-04,33.4,23.8,28.1,0.0,14.1,27.4,29.47,Manakara,-22.145,48.017,5.0
2013-01-05,31.7,25.1,28.0,5.1,18.7,34.9,27.05,Manakara,-22.145,48.017,5.0
2013-01-06,25.7,24.3,25.0,20.5,17.9,36.7,6.39,Manakara,-22.145,48.017,5.0
2013-01-07,28.2,24.3,25.6,22.9,15.1,30.6,14.41,Manakara,-22.145,48.017,5.0
2013-01-08,29.0,24.1,25.9,5.6,14.8,32.4,22.04,Manakara,-22.145,48.017,5.0
2013-01-09,28.5,23.8,26.0,1.3,16.7,34.2,23.52,Manakara,-22.145,48.017,5.0
2013-01-10,29.1,24.1,26.3,0.4,16.6,35.3,26.64,Manakara,-22.145,48.017,5.0
2013-01-11,29.1,23.5,26.3,1.2,18.0,38.2,27.53,Manakara,-22.145,48.017,5.0
2013-01-12,28.9,23.6,26.0,1.8,16.9,35.3,27.09,Manakara,-22.145,48.017,5.0
2013-01-13,28.3,23.5,26.1,0.4,15.6,32.4,23.09,Manakara,-22.145,48.017,5.0
2013-01-14,28.6,24.0,26.0,1.5,16.7,33.8,26.86,Manakara,-22.145,48.017,5.0
2013-01-15,29.0,23.4,26.3,0.1,14.8,30.2,27.25,Manakara,-22.145,48.017,5.0
2013-01-16,29.3,23.2,26.1,1.4,18.5,37.8,29.62,Manakara,-22.145,48.017,5.0
2013-01-17,28.1,23.4,25.3,11.9,16.2,37.1,24.22,Manakara,-22.145,48.017,5.0
2013-01-18,26.6,22.8,24.3,19.1,14.3,33.1,15.52,Manakara,-22.145,48.017,5.0
2013-01-19,28.6,22.8,25.3,3.9,18.7,39.2,26.16,Manakara,-22.145,48.017,5.0
2013-01-20,29.3,23.6,26.1,2.2,16.2,34.9,26.65,Manakara,-22.145,48.017,5.0
2013-01-21,30.2,24.5,27.1,2.8,16.5,36.0,27.23,Manakara,-22.145,48.017,5.0
2013-01-22,31.8,25.4,28.2,0.0,18.3,35.3,25.18,Manakara,-22.145,48.017,5.0
2013-01-23,32.4,26.3,28.9,0.0,17.8,38.9,26.97,Manakara,-22.145,48.017,5.0
2013-01-24,32.0,26.2,28.5,8.2,12.7,29.9,21.77,Manakara,-22.145,48.017,5.0
2013-01-25,29.0,25.7,26.8,32.6,13.0,27.4,15.56,Manakara,-22.145,48.017,5.0
2013-01-26,26.5,25.4,25.9,136.5,13.0,29.2,5.41,Manakara,-22.145,48.017,5.0
2013-01-27,27.6,25.0,26.0,19.5,11.5,28.4,10.52,Manakara,-22.145,48.017,5.0
2013-01-28,28.7,24.5,26.2,9.2,10.8,27.0,16.08,Manakara,-22.145,48.017,5.0
2013-01-29,27.7,24.1,25.5,14.7,15.1,29.9,13.92,Manakara,-22.145,48.017,5.0
2013-01-30,28.8,24.7,26.1,19.0,15.3,39.6,19.44,Manakara,-22.145,48.017,5.0
2013-01-31,27.3,24.7,25.6,58.4,21.0,48.6,15.76,Manakara,-22.145,48.017,5.0
2013-02-01,26.3,24.5,25.1,36.9,31.1,57.6,11.43,Manakara,-22.145,48.017,5.0
2013-02-02,31.5,24.9,27.4,16.3,18.7,36.7,26.9,Manakara,-22.145,48.017,5.0
2013-02-03,28.9,25.1,26.4,60.4,14.7,40.3,9.92,Manakara,-22.145,48.017,5.0
2013-02-04,32.4,24.9,28.1,1.1,14.6,30.6,27.88,Manakara,-22.145,48.017,5.0
2013-02-05,31.4,25.6,28.2,3.0,13.9,31.0,24.9,Manakara,-22.145,48.017,5.0
2013-02-06,28.2,24.7,26.2,23.3,15.3,35.6,18.5,Manakara,-22.145,48.017,5.0
2013-02-07,27.9,24.3,25.6,24.5,14.6,31.7,18.93,Manakara,-22.145,48.017,5.0
2013-02-08,28.9,24.0,25.9,11.3,15.9,37.1,20.96,Manakara,-22.145,48.017,5.0
2013-02-09,28.3,24.5,25.7,23.4,13.1,27.7,14.96,Manakara,-22.145,48.017,5.0
2013-02-10,26.9,24.3,25.2,7.4,15.1,29.5,13.05,Manakara,-22.145,48.017,5.0
2013-02-11,26.0,24.3,25.0,17.7,17.0,31.7,8.8,Manakara,-22.145,48.017,5.0
2013-02-12,26.9,24.0,25.1,9.1,22.3,45.7,16.76,Manakara,-22.145,48.017,5.0
2013-02-13,26.7,24.2,24.9,12.3,17.7,36.7,14.3,Manakara,-22.145,48.017,5.0
2013-02-14,25.7,23.5,24.6,7.8,13.7,30.6,11.58,Manakara,-22.145,48.017,5.0
2013-02-15,25.5,23.7,24.4,47.1,20.3,37.8,8.04,Manakara,-22.145,48.017,5.0
2013-02-16,25.5,23.7,24.3,30.4,16.6,30.2,4.32,Manakara,-22.145,48.017,5.0
2013-02-17,25.6,23.2,24.4,9.4,15.0,30.6,8.97,Manakara,-22.145,48.017,5.0
2013-02-18,27.2,23.1,25.0,7.7,14.0,35.6,17.67,Manakara,-22.145,48.017,5.0
2013-02-19,27.6,24.1,25.4,16.3,17.3,32.0,12.28,Manakara,-22.145,48.017,5.0
2013-02-20,29.4,24.6,26.3,12.7,25.7,44.6,14.5,Manakara,-22.145,48.017,5.0
2013-02-21,30.4,24.9,27.2,0.3,15.9,36.7,21.51,Manakara,-22.145,48.017,5.0
2013-02-22,30.8,25.6,27.8,0.2,17.6,39.2,23.93,Manakara,-22.145,48.017,5.0
2013-02-23,35.3,26.6,29.8,0.8,21.7,51.1,25.23,Manakara,-22.145,48.017,5.0
2013-02-24,31.5,25.6,27.5,4.4,20.4,40.3,24.79,Manakara,-22.145,48.017,5.0
2013-02-25,27.2,24.7,25.6,0.8,20.8,38.5,14.31,Manakara,-22.145,48.017,5.0
2013-02-26,26.3,23.4,24.8,1.9,17.0,34.9,15.23,Manakara,-22.145,48.017,5.0
2013-02-27,26.8,22.9,24.7,0.8,14.1,32.0,19.78,Manakara,-22.145,48.017,5.0
2013-02-28,27.5,22.9,24.9,0.0,13.1,27.4,22.95,Manakara,-22.145,48.017,5.0
2013-03-01,29.2,22.1,25.5,0.0,14.1,29.2,27.72,Manakara,-22.145,48.017,5.0
2013-03-02,29.3,23.6,26.5,0.2,16.2,32.0,25.28,Manakara,-22.145,48.017,5.0
2013-03-03,29.4,24.1,26.8,0.7,12.7,27.7,21.52,Manakara,-22.145,48.017,5.0
2013-03-04,29.3,24.5,26.6,3.0,13.7,32.0,22.89,Manakara,-22.145,48.017,5.0
2013-03-05,28.0,23.9,25.8,2.8,15.6,31.3,19.09,Manakara,-22.145,48.017,5.0
2013-03-06,28.1,23.0,25.5,2.4,15.1,31.7,22.19,Manakara,-22.145,48.017,5.0
2013-03-07,28.2,23.3,25.5,1.5,14.1,31.7,22.72,Manakara,-22.145,48.017,5.0
2013-03-08,28.3,23.3,25.4,3.1,14.3,31.7,22.22,Manakara,-22.145,48.017,5.0
2013-03-09,27.7,23.2,25.1,8.1,15.2,35.3,17.54,Manakara,-22.145,48.017,5.0
2013-03-10,27.7,23.4,25.1,1.9,16.1,33.8,20.1,Manakara,-22.145,48.017,5.0
2013-03-11,28.0,22.9,25.3,0.7,13.7,31.7,23.01,Manakara,-22.145,48.017,5.0
2013-03-12,29.3,22.4,25.8,0.1,15.2,32.4,23.77,Manakara,-22.145,48.017,5.0
2013-03-13,28.9,24.3,25.9,5.1,13.4,29.9,18.42,Manakara,-22.145,48.017,5.0
2013-03-14,29.2,23.8,26.0,5.0,12.1,29.9,23.66,Manakara,-22.145,48.017,5.0
2013-03-15,27.9,23.5,25.4,6.5,14.0,31.3,21.05,Manakara,-22.145,48.017,5.0
2013-03-16,27.9,23.6,25.4,13.6,13.1,29.5,18.62,Manakara,-22.145,48.017,5.0
2013-03-17,28.5,23.8,25.9,4.9,16.7,33.5,19.12,Manakara,-22.145,48.017,5.0
2013-03-18,28.6,23.5,26.1,0.3,16.2,33.5,17.37,Manakara,-22.145,48.017,5.0
2013-03-19,29.2,23.9,26.3,4.6,16.1,37.4,17.48,Manakara,-22.145,48.017,5.0
2013-03-20,28.5,24.5,26.0,8.6,13.4,30.2,14.14,Manakara,-22.145,48.017,5.0
2013-03-21,27.0,23.7,25.1,2.5,14.1,32.8,18.74,Manakara,-22.145,48.017,5.0
2013-03-22,26.2,23.4,24.6,5.1,20.6,37.8,14.46,Manakara,-22.145,48.017,5.0
2013-03-23,26.0,23.3,24.5,4.0,12.4,24.5,8.05,Manakara,-22.145,48.017,5.0
2013-03-24,27.8,23.6,25.2,0.0,11.7,23.8,21.45,Manakara,-22.145,48.017,5.0
2013-03-25,27.0,21.8,24.6,3.3,13.2,26.6,18.93,Manakara,-22.145,48.017,5.0
2013-03-26,27.1,23.0,24.8,1.9,12.5,25.2,19.78,Manakara,-22.145,48.017,5.0
2013-03-27,25.9,22.0,23.8,5.2,14.3,30.6,16.53,Manakara,-22.145,48.017,5.0
2013-03-28,25.8,22.4,23.7,7.0,15.1,30.2,18.6,Manakara,-22.145,48.017,5.0
2013-03-29,25.5,22.2,23.9,19.4,21.8,45.4,13.37,Manakara,-22.145,48.017,5.0
2013-03-30,27.0,22.8,24.6,1.3,13.2,28.4,17.0,Manakara,-22.145,48.017,5.0
2013-03-31,26.1,22.4,24.1,12.0,14.6,29.5,13.47,Manakara,-22.145,48.017,5.0
2013-04-01,26.2,22.5,24.1,2.2,17.1,35.6,16.62,Manakara,-22.145,48.017,5.0
2013-04-02,26.3,21.2,23.8,0.7,9.3,21.2,14.18,Manakara,-22.145,48.017,5.0
2013-04-03,26.9,21.6,24.4,0.0,12.7,25.2,19.9,Manakara,-22.145,48.017,5.0
2013-04-04,27.2,22.1,24.5,0.0,14.0,30.6,20.36,Manakara,-22.145,48.017,5.0
2013-04-05,28.3,21.9,25.0,0.0,14.0,30.2,21.53,Manakara,-22.145,48.017,5.0
2013-04-06,27.4,22.9,24.8,2.6,13.1,27.7,18.99,Manakara,-22.145,48.017,5.0
2013-04-07,28.0,22.1,25.0,0.5,12.4,24.5,19.4,Manakara,-22.145,48.017,5.0
2013-04-08,26.9,23.4,25.1,4.2,9.0,27.4,8.61,Manakara,-22.145,48.017,5.0
2013-04-09,28.4,24.2,25.9,2.5,14.8,29.9,17.83,Manakara,-22.145,48.017,5.0
2013-04-10,27.7,23.7,25.5,3.4,13.1,28.8,17.96,Manakara,-22.145,48.017,5.0
2013-04-11,28.3,22.0,25.1,0.0,12.1,25.9,18.95,Manakara,-22.145,48.017,5.0
2013-04-12,28.9,23.2,25.5,1.3,12.3,25.6,20.92,Manakara,-22.145,48.017,5.0
2013-04-13,25.8,22.7,24.2,10.7,22.0,42.1,12.74,Manakara,-22.145,48.017,5.0
2013-04-14,25.8,21.9,23.3,3.4,22.7,43.9,15.66,Manakara,-22.145,48.017,5.0
2013-04-15,25.4,21.5,23.2,2.6,15.5,34.9,12.52,Manakara,-22.145,48.017,5.0
2013-04-16,26.2,22.0,23.7,3.0,11.5,28.4,17.91,Manakara,-22.145,48.017,5.0
2013-04-17,25.8,21.7,23.8,4.0,12.4,28.8,16.3,Manakara,-22.145,48.017,5.0
2013-04-18,26.4,20.8,23.7,0.5,11.2,24.5,16.72,Manakara,-22.145,48.017,5.0
2013-04-19,27.6,22.0,24.5,0.0,12.7,27.7,19.12,Manakara,-22.145,48.017,5.0
2013-04-20,27.7,21.7,24.6,0.0,11.6,25.6,20.56,Manakara,-22.145,48.017,5.0
2013-04-21,26.9,22.9,24.8,0.7,15.1,31.0,15.53,Manakara,-22.145,48.017,5.0
2013-04-22,28.5,22.7,25.2,0.0,17.0,32.0,19.88,Manakara,-22.145,48.017,5.0
2013-04-23,29.0,22.7,25.6,0.0,16.3,32.8,19.42,Manakara,-22.145,48.017,5.0
2013-04-24,26.5,22.8,24.3,8.4,17.4,29.9,11.87,Manakara,-22.145,48.017,5.0
2013-04-25,24.5,22.7,23.5,5.0,22.0,44.3,10.98,Manakara,-22.145,48.017,5.0
2013-04-26,23.5,21.1,22.4,4.5,16.6,35.6,13.35,Manakara,-22.145,48.017,5.0
2013-04-27,24.0,20.2,21.6,3.6,13.3,29.5,15.44,Manakara,-22.145,48.017,5.0
2013-04-28,23.3,20.2,21.5,11.7,12.2,28.1,12.02,Manakara,-22.145,48.017,5.0
2013-04-29,25.0,19.8,22.4,6.7,10.8,26.3,13.1,Manakara,-22.145,48.017,5.0
2013-04-30,26.5,20.6,23.3,0.0,10.2,22.3,18.77,Manakara,-22.145,48.017,5.0
2013-05-01,23.2,20.1,21.7,4.9,14.1,29.5,12.54,Manakara,-22.145,48.017,5.0
2013-05-02,23.6,20.0,21.7,5.8,13.7,31.3,13.11,Manakara,-22.145,48.017,5.0
2013-05-03,25.2,20.4,22.5,5.0,8.0,30.6,14.0,Manakara,-22.145,48.017,5.0
2013-05-04,25.5,20.8,22.9,1.9,9.0,25.2,14.58,Manakara,-22.145,48.017,5.0
2013-05-05,26.5,20.5,23.7,0.9,11.3,24.1,14.45,Manakara,-22.145,48.017,5.0
2013-05-06,28.2,22.5,24.5,2.7,11.9,25.6,16.01,Manakara,-22.145,48.017,5.0
2013-05-07,24.4,21.3,22.5,0.9,17.8,36.0,15.93,Manakara,-22.145,48.017,5.0
2013-05-08,23.6,19.7,21.5,0.7,14.3,27.7,14.7,Manakara,-22.145,48.017,5.0
2013-05-09,24.5,19.9,22.2,0.0,15.2,27.4,12.61,Manakara,-22.145,48.017,5.0
2013-05-10,27.2,21.1,23.8,0.0,17.4,35.6,17.17,Manakara,-22.145,48.017,5.0
2013-05-11,23.9,21.5,22.7,5.4,23.5,44.3,6.69,Manakara,-22.145,48.017,5.0
2013-05-12,22.6,21.5,21.9,28.6,16.1,32.0,5.19,Manakara,-22.145,48.017,5.0
2013-05-13,23.2,21.9,22.3,118.0,24.0,42.8,6.93,Manakara,-22.145,48.017,5.0
2013-05-14,24.0,21.8,22.8,9.4,20.3,40.7,5.08,Manakara,-22.145,48.017,5.0
2013-05-15,25.1,20.1,22.7,1.6,10.0,26.3,13.9,Manakara,-22.145,48.017,5.0
2013-05-16,25.3,19.6,22.6,2.1,13.1,29.2,14.12,Manakara,-22.145,48.017,5.0
2013-05-17,24.9,20.2,22.7,0.9,10.9,25.9,13.2,Manakara,-22.145,48.017,5.0
2013-05-18,25.4,19.0,22.3,0.0,9.3,19.4,15.88,Manakara,-22.145,48.017,5.0
2013-05-19,23.8,19.5,21.5,2.6,10.0,25.2,11.84,Manakara,-22.145,48.017,5.0
2013-05-20,24.6,19.3,21.8,0.6,10.5,23.0,14.94,Manakara,-22.145,48.017,5.0
2013-05-21,25.0,19.6,22.3,0.7,12.1,28.8,15.74,Manakara,-22.145,48.017,5.0
2013-05-22,24.8,19.7,22.4,0.8,11.5,24.8,14.54,Manakara,-22.145,48.017,5.0
2013-05-23,26.5,20.3,23.2,0.3,11.9,24.1,15.58,Manakara,-22.145,48.017,5.0
2013-05-24,24.2,21.1,22.5,1.0,9.3,25.6,10.85,Manakara,-22.145,48.017,5.0
2013-05-25,23.6,20.0,21.8,0.1,11.4,24.5,10.72,Manakara,-22.145,48.017,5.0
2013-05-26,24.1,20.0,21.8,6.0,10.0,22.3,11.64,Manakara,-22.145,48.017,5.0
2013-05-27,24.7,20.2,22.1,12.8,12.3,29.2,13.38,Manakara,-22.145,48.017,5.0
2013-05-28,26.8,19.4,22.6,0.0,8.7,17.3,16.94,Manakara,-22.145,48.017,5.0
2013-05-29,25.3,20.0,22.5,0.3,11.2,22.3,15.58,Manakara,-22.145,48.017,5.0
2013-05-30,23.9,20.2,22.1,1.2,12.9,28.8,13.05,Manakara,-22.145,48.017,5.0
2013-05-31,25.2,20.2,22.3,0.1,7.7,17.6,14.92,Manakara,-22.145,48.017,5.0
2013-06-01,23.2,19.1,21.2,0.7,13.0,29.9,13.18,Manakara,-22.145,48.017,5.0
2013-06-02,22.4,19.5,20.8,7.8,16.2,33.5,9.51,Manakara,-22.145,48.017,5.0
2013-06-03,22.9,19.6,21.1,0.3,15.5,28.4,10.13,Manakara,-22.145,48.017,5.0
2013-06-04,23.7,18.2,20.5,0.0,9.5,22.0,16.1,Manakara,-22.145,48.017,5.0
2013-06-05,23.0,16.7,19.8,0.0,13.4,29.2,16.66,Manakara,-22.145,48.017,5.0
2013-06-06,24.1,16.9,20.4,0.2,9.5,16.2,16.52,Manakara,-22.145,48.017,5.0
2013-06-07,22.9,20.1,21.2,3.2,10.7,22.0,10.27,Manakara,-22.145,48.017,5.0
2013-06-08,24.1,18.8,21.1,0.0,13.1,28.8,14.16,Manakara,-22.145,48.017,5.0
2013-06-09,24.2,18.6,21.1,0.0,16.0,33.5,16.36,Manakara,-22.145,48.017,5.0
2013-06-10,24.7,17.9,21.2,0.0,10.0,16.2,15.94,Manakara,-22.145,48.017,5.0
2013-06-11,22.9,18.0,20.1,2.1,8.8,25.2,12.06,Manakara,-22.145,48.017,5.0
2013-06-12,23.1,18.4,20.5,2.2,9.4,27.0,12.75,Manakara,-22.145,48.017,5.0
2013-06-13,23.0,17.6,20.2,1.1,8.0,21.2,13.23,Manakara,-22.145,48.017,5.0
2013-06-14,23.8,18.2,20.8,0.2,9.5,21.2,13.92,Manakara,-22.145,48.017,5.0
2013-06-15,24.5,18.0,21.1,0.0,9.1,19.8,15.37,Manakara,-22.145,48.017,5.0
2013-06-16,24.9,18.0,21.3,0.1,15.8,28.8,15.56,Manakara,-22.145,48.017,5.0
2013-06-17,21.9,19.0,20.4,1.9,19.2,37.4,9.95,Manakara,-22.145,48.017,5.0
2013-06-18,21.9,17.8,19.6,1.2,13.9,29.2,10.97,Manakara,-22.145,48.017,5.0
2013-06-19,23.0,17.8,20.5,3.1,9.8,23.8,8.22,Manakara,-22.145,48.017,5.0
2013-06-20,20.5,16.8,18.9,4.6,7.8,30.2,5.59,Manakara,-22.145,48.017,5.0
2013-06-21,22.1,17.5,20.0,1.3,9.0,24.1,7.74,Manakara,-22.145,48.017,5.0
2013-06-22,23.5,16.6,20.5,0.5,9.1,28.4,12.59,Manakara,-22.145,48.017,5.0
2013-06-23,22.8,17.3,20.2,0.4,9.8,31.0,13.31,Manakara,-22.145,48.017,5.0
2013-06-24,22.6,17.6,20.1,2.4,10.0,30.2,10.55,Manakara,-22.145,48.017,5.0
2013-06-25,23.1,17.3,20.0,3.3,9.7,23.0,11.74,Manakara,-22.145,48.017,5.0
2013-06-26,24.1,17.4,20.8,0.0,16.9,36.7,15.88,Manakara,-22.145,48.017,5.0
2013-06-27,25.1,18.4,21.5,0.0,14.5,27.0,15.94,Manakara,-22.145,48.017,5.0
2013-06-28,24.6,18.6,21.4,0.2,12.2,24.1,14.63,Manakara,-22.145,48.017,5.0
2013-06-29,21.5,18.7,20.1,1.0,15.7,33.5,10.41,Manakara,-22.145,48.017,5.0
2013-06-30,24.3,18.5,21.0,0.1,11.5,23.4,12.72,Manakara,-22.145,48.017,5.0
2013-07-01,24.1,19.4,21.4,0.5,11.2,22.0,14.07,Manakara,-22.145,48.017,5.0
2013-07-02,23.0,19.2,21.0,1.3,13.2,27.7,11.41,Manakara,-22.145,48.017,5.0
2013-07-03,23.8,18.5,20.7,0.0,9.1,20.2,14.82,Manakara,-22.145,48.017,5.0
2013-07-04,24.2,17.3,20.5,0.0,9.6,17.6,14.93,Manakara,-22.145,48.017,5.0
2013-07-05,24.2,16.8,20.7,0.2,10.0,23.8,16.47,Manakara,-22.145,48.017,5.0
2013-07-06,21.9,19.5,20.6,3.0,15.5,31.7,9.63,Manakara,-22.145,48.017,5.0
2013-07-07,21.3,18.2,19.6,0.3,13.9,29.2,11.61,Manakara,-22.145,48.017,5.0
2013-07-08,21.6,17.6,19.2,1.9,14.5,31.3,11.44,Manakara,-22.145,48.017,5.0
2013-07-09,20.9,16.7,18.8,0.9,11.7,26.3,11.38,Manakara,-22.145,48.017,5.0
2013-07-10,22.0,16.6,19.1,1.2,11.9,25.2,13.76,Manakara,-22.145,48.017,5.0
2013-07-11,20.8,17.0,18.8,3.3,12.4,27.4,11.3,Manakara,-22.145,48.017,5.0
2013-07-12,22.1,17.7,19.5,0.7,13.5,28.4,12.74,Manakara,-22.145,48.017,5.0
2013-07-13,21.4,16.4,19.0,0.4,11.0,23.4,10.18,Manakara,-22.145,48.017,5.0
2013-07-14,22.2,16.5,19.2,1.7,11.2,24.1,10.97,Manakara,-22.145,48.017,5.0
2013-07-15,22.6,17.6,20.2,0.5,8.1,22.0,12.88,Manakara,-22.145,48.017,5.0
2013-07-16,22.5,17.6,20.0,0.2,7.1,22.0,12.13,Manakara,-22.145,48.017,5.0
2013-07-17,24.1,17.1,20.4,0.0,9.7,21.6,16.69,Manakara,-22.145,48.017,5.0
2013-07-18,23.0,18.5,20.0,3.5,27.4,54.0,13.82,Manakara,-22.145,48.017,5.0
2013-07-19,20.7,17.8,19.0,0.2,14.8,29.9,9.37,Manakara,-22.145,48.017,5.0
2013-07-20,21.9,16.2,19.2,0.0,9.7,22.3,13.6,Manakara,-22.145,48.017,5.0
2013-07-21,23.0,16.5,19.6,0.0,10.9,22.7,17.2,Manakara,-22.145,48.017,5.0
2013-07-22,21.9,16.5,19.2,0.7,10.8,27.0,11.85,Manakara,-22.145,48.017,5.0
2013-07-23,22.9,18.0,20.5,0.9,13.9,28.8,11.01,Manakara,-22.145,48.017,5.0
2013-07-24,22.7,16.8,19.6,0.6,6.3,23.8,10.15,Manakara,-22.145,48.017,5.0
2013-07-25,22.0,16.1,19.2,3.8,8.9,22.0,10.06,Manakara,-22.145,48.017,5.0
2013-07-26,22.3,17.6,19.8,2.5,11.6,25.2,11.82,Manakara,-22.145,48.017,5.0
2013-07-27,23.4,17.8,20.3,0.5,11.6,23.0,14.86,Manakara,-22.145,48.017,5.0
2013-07-28,23.7,18.7,21.0,0.1,17.0,35.3,15.09,Manakara,-22.145,48.017,5.0
2013-07-29,24.4,19.3,21.4,0.0,14.3,31.0,14.99,Manakara,-22.145,48.017,5.0
2013-07-30,23.4,18.6,20.7,1.0,16.3,32.8,14.37,Manakara,-22.145,48.017,5.0
2013-07-31,22.1,18.7,19.9,1.5,18.4,36.0,10.19,Manakara,-22.145,48.017,5.0
2013-08-01,20.5,17.9,19.3,1.1,15.2,31.3,8.78,Manakara,-22.145,48.017,5.0
2013-08-02,20.7,17.6,19.1,1.6,15.3,32.0,11.04,Manakara,-22.145,48.017,5.0
2013-08-03,20.8,16.6,19.1,5.1,15.4,32.0,10.85,Manakara,-22.145,48.017,5.0
2013-08-04,20.8,17.6,19.4,1.6,13.6,30.6,11.81,Manakara,-22.145,48.017,5.0
2013-08-05,21.2,17.2,19.3,3.2,16.6,36.4,11.19,Manakara,-22.145,48.017,5.0
2013-08-06,21.6,16.5,19.1,8.6,17.4,36.0,9.28,Manakara,-22.145,48.017,5.0
2013-08-07,21.5,17.1,19.2,2.1,9.2,29.2,10.79,Manakara,-22.145,48.017,5.0
2013-08-08,22.5,16.9,19.7,1.3,11.0,26.3,14.55,Manakara,-22.145,48.017,5.0
2013-08-09,22.2,17.6,19.7,0.8,11.6,26.3,15.09,Manakara,-22.145,48.017,5.0
2013-08-10,22.8,17.2,20.1,0.6,11.6,27.7,15.48,Manakara,-22.145,48.017,5.0
2013-08-11,24.4,17.4,20.6,0.0,13.0,26.6,19.05,Manakara,-22.145,48.017,5.0
2013-08-12,24.8,17.3,20.7,0.0,12.4,25.9,19.41,Manakara,-22.145,48.017,5.0
2013-08-13,24.2,18.0,20.7,0.0,15.9,31.0,19.81,Manakara,-22.145,48.017,5.0
2013-08-14,24.8,18.0,21.1,0.0,16.9,34.6,19.9,Manakara,-22.145,48.017,5.0
2013-08-15,24.9,18.6,21.3,0.0,15.4,32.4,18.37,Manakara,-22.145,48.017,5.0
2013-08-16,24.5,18.3,21.1,0.0,18.1,35.6,20.04,Manakara,-22.145,48.017,5.0
2013-08-17,25.2,18.1,21.3,0.0,17.3,31.3,20.02,Manakara,-22.145,48.017,5.0
2013-08-18,24.8,18.9,21.5,0.0,17.6,34.6,17.96,Manakara,-22.145,48.017,5.0
2013-08-19,25.7,18.3,21.6,0.0,15.5,26.6,20.41,Manakara,-22.145,48.017,5.0
2013-08-20,22.3,18.9,20.5,1.2,24.1,49.0,14.82,Manakara,-22.145,48.017,5.0
2013-08-21,22.2,17.8,19.9,0.0,14.8,29.2,13.99,Manakara,-22.145,48.017,5.0
2013-08-22,23.7,17.6,20.4,0.0,17.6,36.7,20.05,Manakara,-22.145,48.017,5.0
2013-08-23,25.1,17.9,21.1,0.0,15.3,31.7,20.61,Manakara,-22.145,48.017,5.0
2013-08-24,25.1,17.4,21.0,0.0,13.8,29.2,20.69,Manakara,-22.145,48.017,5.0
2013-08-25,25.6,18.1,21.1,1.1,17.3,33.5,20.17,Manakara,-22.145,48.017,5.0
2013-08-26,21.5,18.2,19.7,10.1,20.4,40.7,13.87,Manakara,-22.145,48.017,5.0
2013-08-27,21.8,18.8,20.1,0.1,13.9,29.2,13.28,Manakara,-22.145,48.017,5.0
2013-08-28,22.9,16.1,19.5,0.2,10.8,23.0,17.07,Manakara,-22.145,48.017,5.0
2013-08-29,23.0,16.5,19.9,2.2,11.3,25.6,15.38,Manakara,-22.145,48.017,5.0
2013-08-30,23.9,17.3,20.4,0.1,13.8,25.2,18.78,Manakara,-22.145,48.017,5.0
2013-08-31,25.0,17.5,21.2,0.0,18.7,37.1,20.66,Manakara,-22.145,48.017,5.0
2013-09-01,26.3,19.8,22.4,0.0,17.8,35.3,20.59,Manakara,-22.145,48.017,5.0
2013-09-02,26.0,20.4,22.5,0.0,15.6,31.7,19.72,Manakara,-22.145,48.017,5.0
2013-09-03,22.1,19.0,20.7,1.9,18.3,36.4,11.31,Manakara,-22.145,48.017,5.0
2013-09-04,24.3,19.4,21.5,1.0,17.1,34.9,16.43,Manakara,-22.145,48.017,5.0
2013-09-05,24.9,19.4,21.8,0.0,14.0,29.5,18.1,Manakara,-22.145,48.017,5.0
2013-09-06,23.8,18.9,21.2,0.4,13.4,29.9,18.17,Manakara,-22.145,48.017,5.0
2013-09-07,24.1,17.8,21.2,0.9,13.5,30.2,19.51,Manakara,-22.145,48.017,5.0
2013-09-08,24.0,18.5,20.9,0.4,19.8,40.3,19.19,Manakara,-22.145,48.017,5.0
2013-09-09,25.6,18.2,21.6,0.0,17.6,35.6,23.17,Manakara,-22.145,48.017,5.0
2013-09-10,26.4,18.9,22.0,0.0,15.7,31.0,23.46,Manakara,-22.145,48.017,5.0
2013-09-11,26.4,18.6,22.0,0.0,18.0,36.4,22.71,Manakara,-22.145,48.017,5.0
2013-09-12,26.3,19.8,22.4,0.0,16.8,34.9,23.44,Manakara,-22.145,48.017,5.0
2013-09-13,25.9,19.5,22.2,0.0,17.3,36.4,21.73,Manakara,-22.145,48.017,5.0
2013-09-14,26.4,18.9,22.4,0.2,20.3,42.5,21.59,Manakara,-22.145,48.017,5.0
2013-09-15,25.9,20.1,22.7,0.2,20.6,43.2,19.37,Manakara,-22.145,48.017,5.0
2013-09-16,26.3,19.7,22.6,0.0,18.9,40.0,21.01,Manakara,-22.145,48.017,5.0
2013-09-17,26.3,19.5,22.5,0.0,17.3,36.4,20.34,Manakara,-22.145,48.017,5.0
2013-09-18,25.9,19.8,22.5,0.4,17.6,36.4,19.18,Manakara,-22.145,48.017,5.0
2013-09-19,25.7,19.6,22.3,0.5,18.0,38.5,19.97,Manakara,-22.145,48.017,5.0
2013-09-20,25.4,19.8,22.3,1.1,19.6,41.4,19.57,Manakara,-22.145,48.017,5.0
2013-09-21,26.8,19.7,22.7,0.1,21.4,43.2,22.34,Manakara,-22.145,48.017,5.0
2013-09-22,26.7,19.7,22.7,0.0,17.9,35.6,23.85,Manakara,-22.145,48.017,5.0
2013-09-23,25.7,19.5,22.4,0.0,18.9,40.0,20.02,Manakara,-22.145,48.017,5.0
2013-09-24,27.2,19.5,22.9,0.0,24.7,48.6,24.47,Manakara,-22.145,48.017,5.0
2013-09-25,28.7,20.1,23.8,0.0,20.3,41.0,24.97,Manakara,-22.145,48.017,5.0
2013-09-26,28.8,20.1,24.0,0.0,17.3,37.4,23.18,Manakara,-22.145,48.017,5.0
2013-09-27,27.9,21.2,24.0,0.0,18.1,37.8,19.9,Manakara,-22.145,48.017,5.0
2013-09-28,28.6,21.7,24.1,0.0,25.0,50.8,25.05,Manakara,-22.145,48.017,5.0
2013-09-29,28.9,21.0,24.5,0.0,22.1,41.0,24.22,Manakara,-22.145,48.017,5.0
2013-09-30,24.1,20.0,22.1,11.5,30.3,61.9,11.48,Manakara,-22.145,48.017,5.0
2013-10-01,20.7,19.2,20.0,2.3,21.7,42.5,5.07,Manakara,-22.145,48.017,5.0
2013-10-02,21.3,18.3,19.9,6.9,14.7,31.0,5.88,Manakara,-22.145,48.017,5.0
2013-10-03,23.4,19.6,21.5,1.8,14.6,34.2,13.59,Manakara,-22.145,48.017,5.0
2013-10-04,23.9,20.5,22.0,0.6,17.0,34.6,16.34,Manakara,-22.145,48.017,5.0
2013-10-05,24.4,19.7,22.0,0.6,17.7,36.7,14.62,Manakara,-22.145,48.017,5.0
2013-10-06,25.4,20.6,22.6,1.2,17.9,35.3,22.8,Manakara,-22.145,48.017,5.0
2013-10-07,25.7,20.2,22.6,0.6,20.5,42.5,21.69,Manakara,-22.145,48.017,5.0
2013-10-08,27.7,20.0,23.3,0.0,20.7,43.2,26.31,Manakara,-22.145,48.017,5.0
2013-10-09,25.8,20.9,23.1,0.8,11.7,28.8,18.89,Manakara,-22.145,48.017,5.0
2013-10-10,27.5,21.0,23.9,0.7,16.8,35.6,22.31,Manakara,-22.145,48.017,5.0
2013-10-11,26.5,21.3,23.7,3.5,17.8,37.8,19.5,Manakara,-22.145,48.017,5.0
2013-10-12,28.6,22.3,25.0,0.0,22.2,43.6,24.85,Manakara,-22.145,48.017,5.0
2013-10-13,29.7,22.4,25.5,0.0,21.7,43.6,24.43,Manakara,-22.145,48.017,5.0
2013-10-14,30.4,22.5,25.8,0.3,18.8,40.3,25.5,Manakara,-22.145,48.017,5.0
2013-10-15,23.7,21.1,22.8,3.9,22.9,43.9,7.72,Manakara,-22.145,48.017,5.0
2013-10-16,21.0,19.2,20.2,7.3,17.9,34.9,7.32,Manakara,-22.145,48.017,5.0
2013-10-17,24.1,20.0,22.0,1.2,13.9,29.5,17.15,Manakara,-22.145,48.017,5.0
2013-10-18,25.4,20.8,22.8,0.7,22.0,42.1,18.0,Manakara,-22.145,48.017,5.0
2013-10-19,27.4,21.1,23.8,0.0,22.8,46.1,23.55,Manakara,-22.145,48.017,5.0
2013-10-20,27.2,21.8,24.2,0.3,18.8,36.0,19.98,Manakara,-22.145,48.017,5.0
2013-10-21,27.0,21.6,24.1,0.9,19.2,39.6,19.47,Manakara,-22.145,48.017,5.0
2013-10-22,28.6,22.6,24.9,0.0,23.7,48.2,24.84,Manakara,-22.145,48.017,5.0
2013-10-23,28.5,22.4,25.0,0.3,16.4,37.4,21.55,Manakara,-22.145,48.017,5.0
2013-10-24,25.7,21.5,23.2,8.5,21.2,41.4,17.08,Manakara,-22.145,48.017,5.0
2013-10-25,22.4,21.1,21.8,26.1,16.1,31.0,7.27,Manakara,-22.145,48.017,5.0
2013-10-26,26.8,21.5,24.0,2.4,20.8,42.8,21.11,Manakara,-22.145,48.017,5.0
2013-10-27,27.4,22.5,24.4,0.0,22.0,45.0,22.84,Manakara,-22.145,48.017,5.0
2013-10-28,22.8,21.1,21.8,32.5,23.4,47.9,7.47,Manakara,-22.145,48.017,5.0
2013-10-29,23.0,20.8,21.9,18.4,21.7,46.1,11.09,Manakara,-22.145,48.017,5.0
2013-10-30,25.9,20.9,23.3,1.4,19.8,38.9,20.6,Manakara,-22.145,48.017,5.0
2013-10-31,26.4,21.9,24.0,2.2,19.9,35.3,16.51,Manakara,-22.145,48.017,5.0
2013-11-01,28.8,23.2,25.5,0.0,22.2,43.9,23.81,Manakara,-22.145,48.017,5.0
2013-11-02,29.2,23.5,25.8,3.5,24.0,45.4,24.25,Manakara,-22.145,48.017,5.0
2013-11-03,28.8,23.0,25.5,14.4,18.8,38.9,20.85,Manakara,-22.145,48.017,5.0
2013-11-04,25.8,23.1,24.2,1.1,19.6,40.3,11.09,Manakara,-22.145,48.017,5.0
2013-11-05,26.0,23.2,24.2,1.2,18.5,36.4,14.88,Manakara,-22.145,48.017,5.0
2013-11-06,28.5,23.3,25.2,1.3,15.8,33.1,23.21,Manakara,-22.145,48.017,5.0
2013-11-07,28.4,23.1,25.3,0.0,20.6,38.2,28.48,Manakara,-22.145,48.017,5.0
2013-11-08,29.1,22.7,25.3,0.0,21.5,42.8,28.81,Manakara,-22.145,48.017,5.0
2013-11-09,29.4,23.2,25.7,0.0,20.5,41.8,26.73,Manakara,-22.145,48.017,5.0
2013-11-10,29.3,23.6,25.8,0.0,20.8,40.0,26.66,Manakara,-22.145,48.017,5.0
2013-11-11,28.9,22.9,25.2,4.7,14.6,34.9,25.1,Manakara,-22.145,48.017,5.0
2013-11-12,23.8,22.2,22.9,9.2,18.2,32.4,6.51,Manakara,-22.145,48.017,5.0
2013-11-13,27.5,21.7,24.3,5.1,12.1,28.8,20.68,Manakara,-22.145,48.017,5.0
2013-11-14,27.7,22.6,24.8,6.6,13.7,28.1,19.29,Manakara,-22.145,48.017,5.0
2013-11-15,28.2,23.6,25.6,0.5,15.8,34.6,24.3,Manakara,-22.145,48.017,5.0
2013-11-16,30.1,23.5,26.3,0.0,18.4,36.7,29.57,Manakara,-22.145,48.017,5.0
2013-11-17,29.7,23.9,26.3,0.0,21.3,43.2,28.66,Manakara,-22.145,48.017,5.0
2013-11-18,30.3,24.2,26.4,0.0,25.6,53.6,27.19,Manakara,-22.145,48.017,5.0
2013-11-19,30.9,24.2,27.0,0.0,20.4,44.6,25.74,Manakara,-22.145,48.017,5.0
2013-11-20,30.8,25.1,27.3,0.5,19.6,40.3,25.62,Manakara,-22.145,48.017,5.0
2013-11-21,29.8,24.3,26.5,8.2,20.6,39.6,24.5,Manakara,-22.145,48.017,5.0
2013-11-22,29.0,24.8,26.4,0.6,17.6,37.8,25.07,Manakara,-22.145,48.017,5.0
2013-11-23,28.2,23.6,25.3,6.6,17.0,34.2,22.24,Manakara,-22.145,48.017,5.0
2013-11-24,28.9,23.3,25.5,7.6,19.0,37.1,21.93,Manakara,-22.145,48.017,5.0
2013-11-25,25.3,22.5,23.6,23.7,18.4,37.4,16.99,Manakara,-22.145,48.017,5.0
2013-11-26,27.2,22.0,24.0,9.4,15.3,29.9,20.1,Manakara,-22.145,48.017,5.0
2013-11-27,27.9,22.6,25.2,2.0,12.6,25.2,17.41,Manakara,-22.145,48.017,5.0
2013-11-28,30.0,23.3,26.2,4.1,15.9,32.0,27.24,Manakara,-22.145,48.017,5.0
2013-11-29,27.9,23.1,24.8,10.4,12.7,30.2,20.61,Manakara,-22.145,48.017,5.0
2013-11-30,28.8,23.4,25.5,4.8,17.9,37.4,23.14,Manakara,-22.145,48.017,5.0
2013-12-01,30.1,23.0,26.3,10.1,14.5,32.0,26.34,Manakara,-22.145,48.017,5.0
2013-12-02,28.9,23.6,25.5,8.6,18.2,37.4,22.41,Manakara,-22.145,48.017,5.0
2013-12-03,25.2,22.8,23.7,6.4,20.1,42.1,13.76,Manakara,-22.145,48.017,5.0
2013-12-04,25.5,22.4,24.0,0.4,15.5,32.8,19.46,Manakara,-22.145,48.017,5.0
2013-12-05,28.8,22.6,25.3,0.0,19.2,40.0,27.24,Manakara,-22.145,48.017,5.0
2013-12-06,28.9,23.5,25.8,0.4,20.6,41.0,26.19,Manakara,-22.145,48.017,5.0
2013-12-07,28.2,23.7,25.1,11.9,13.7,29.5,18.64,Manakara,-22.145,48.017,5.0
2013-12-08,25.6,22.2,23.8,13.6,24.5,48.2,15.46,Manakara,-22.145,48.017,5.0
2013-12-09,27.5,22.3,24.7,4.4,16.6,32.4,21.62,Manakara,-22.145,48.017,5.0
2013-12-10,28.8,23.3,25.8,3.6,16.7,32.8,22.53,Manakara,-22.145,48.017,5.0
2013-12-11,28.7,24.2,26.0,5.4,15.1,32.8,22.01,Manakara,-22.145,48.017,5.0
2013-12-12,30.0,24.3,26.7,4.2,19.3,41.0,25.03,Manakara,-22.145,48.017,5.0
2013-12-13,30.6,25.0,27.5,0.8,18.1,34.9,27.0,Manakara,-22.145,48.017,5.0
2013-12-14,30.9,25.3,27.8,0.0,19.7,40.0,27.61,Manakara,-22.145,48.017,5.0
2013-12-15,30.6,25.4,27.5,2.3,15.9,29.9,24.54,Manakara,-22.145,48.017,5.0
2013-12-16,30.8,24.9,27.4,3.7,17.2,34.9,26.54,Manakara,-22.145,48.017,5.0
2013-12-17,31.4,25.5,27.8,0.0,20.4,40.7,29.17,Manakara,-22.145,48.017,5.0
2013-12-18,30.4,25.6,27.5,0.8,17.2,36.0,23.08,Manakara,-22.145,48.017,5.0
2013-12-19,25.6,23.9,24.7,22.2,24.6,46.4,10.84,Manakara,-22.145,48.017,5.0
2013-12-20,26.3,22.8,24.5,1.8,17.1,34.2,17.03,Manakara,-22.145,48.017,5.0
2013-12-21,26.1,22.7,24.3,5.8,14.5,31.3,10.66,Manakara,-22.145,48.017,5.0
2013-12-22,25.5,22.2,24.0,4.6,17.6,35.3,13.9,Manakara,-22.145,48.017,5.0
2013-12-23,27.1,22.1,24.6,0.2,14.4,31.3,24.77,Manakara,-22.145,48.017,5.0
2013-12-24,26.7,21.1,24.3,3.5,14.5,35.3,22.58,Manakara,-22.145,48.017,5.0
2013-12-25,28.2,23.7,25.6,0.8,15.6,34.6,25.59,Manakara,-22.145,48.017,5.0
2013-12-26,28.4,23.2,25.8,0.0,14.5,31.7,25.73,Manakara,-22.145,48.017,5.0
2013-12-27,28.6,22.8,25.8,0.3,16.6,34.6,29.0,Manakara,-22.145,48.017,5.0
2013-12-28,27.9,23.1,25.5,2.6,13.6,33.5,25.01,Manakara,-22.145,48.017,5.0
2013-12-29,28.6,24.1,26.0,1.3,16.1,34.9,24.99,Manakara,-22.145,48.017,5.0
2013-12-30,27.7,23.2,25.2,4.2,13.0,31.7,23.71,Manakara,-22.145,48.017,5.0
2013-12-31,29.6,23.6,26.6,0.0,18.2,38.5,29.1,Manakara,-22.145,48.017,5.0
2014-01-01,28.6,24.7,26.6,0.5,17.7,37.1,23.63,Manakara,-22.145,48.017,5.0
2014-01-02,30.1,23.6,27.0,0.0,16.2,31.3,28.26,Manakara,-22.145,48.017,5.0
2014-01-03,29.3,24.6,26.8,1.4,15.2,34.2,26.97,Manakara,-22.145,48.017,5.0
2014-01-04,28.8,23.8,26.2,1.0,19.6,39.6,24.45,Manakara,-22.145,48.017,5.0
2014-01-05,28.7,24.4,26.3,12.1,19.7,40.3,17.34,Manakara,-22.145,48.017,5.0
2014-01-06,31.0,24.1,27.1,8.2,14.8,34.2,24.9,Manakara,-22.145,48.017,5.0
2014-01-07,29.2,25.0,26.6,22.6,9.3,28.4,18.02,Manakara,-22.145,48.017,5.0
2014-01-08,30.4,24.9,27.1,1.9,16.0,32.4,18.17,Manakara,-22.145,48.017,5.0
2014-01-09,31.2,26.0,28.2,0.2,17.4,29.2,23.03,Manakara,-22.145,48.017,5.0
2014-01-10,31.0,25.8,27.9,3.2,10.3,27.7,19.48,Manakara,-22.145,48.017,5.0
2014-01-11,30.0,25.5,27.3,10.3,18.1,37.8,24.05,Manakara,-22.145,48.017,5.0
2014-01-12,29.5,24.5,26.7,5.0,17.8,37.1,25.56,Manakara,-22.145,48.017,5.0
2014-01-13,29.8,24.9,27.0,2.0,20.2,40.0,27.19,Manakara,-22.145,48.017,5.0
2014-01-14,30.6,24.8,27.0,3.0,18.3,35.6,23.62,Manakara,-22.145,48.017,5.0
2014-01-15,24.8,23.7,24.4,29.8,20.1,40.7,3.92,Manakara,-22.145,48.017,5.0
2014-01-16,26.6,24.2,25.4,14.5,20.4,40.3,7.51,Manakara,-22.145,48.017,5.0
2014-01-17,29.1,25.0,26.8,3.4,21.6,43.2,22.2,Manakara,-22.145,48.017,5.0
2014-01-18,30.4,24.8,27.0,3.9,24.3,46.4,27.26,Manakara,-22.145,48.017,5.0
2014-01-19,30.5,25.0,27.3,0.9,20.7,42.5,25.25,Manakara,-22.145,48.017,5.0
2014-01-20,29.5,24.7,26.9,6.7,18.1,38.2,22.21,Manakara,-22.145,48.017,5.0
2014-01-21,29.7,24.5,26.8,7.6,19.7,37.8,22.81,Manakara,-22.145,48.017,5.0
2014-01-22,30.0,24.8,26.9,5.3,19.9,40.7,24.69,Manakara,-22.145,48.017,5.0
2014-01-23,29.4,24.2,26.5,7.9,16.0,37.1,21.58,Manakara,-22.145,48.017,5.0
2014-01-24,28.5,23.8,25.7,6.7,12.4,27.4,17.38,Manakara,-22.145,48.017,5.0
2014-01-25,27.8,23.1,25.2,12.6,15.5,35.3,17.13,Manakara,-22.145,48.017,5.0
2014-01-26,29.2,23.9,26.2,7.0,17.3,37.1,24.53,Manakara,-22.145,48.017,5.0
2014-01-27,29.1,24.0,26.3,7.5,16.1,36.4,24.7,Manakara,-22.145,48.017,5.0
2014-01-28,29.0,24.3,26.1,9.9,15.8,35.3,23.91,Manakara,-22.145,48.017,5.0
2014-01-29,29.4,24.3,26.3,3.5,18.5,38.5,22.17,Manakara,-22.145,48.017,5.0
2014-01-30,27.9,24.1,25.6,23.4,14.3,32.8,16.19,Manakara,-22.145,48.017,5.0
2014-01-31,26.9,23.8,25.1,28.2,15.0,36.4,12.03,Manakara,-22.145,48.017,5.0
2014-02-01,29.6,24.3,26.4,6.7,19.1,40.0,22.75,Manakara,-22.145,48.017,5.0
2014-02-02,30.5,25.2,27.2,13.6,18.1,36.7,23.37,Manakara,-22.145,48.017,5.0
2014-02-03,31.1,24.8,27.1,13.5,15.3,34.2,26.7,Manakara,-22.145,48.017,5.0
2014-02-04,29.0,24.5,26.5,14.6,15.0,30.2,21.18,Manakara,-22.145,48.017,5.0
2014-02-05,28.1,23.9,25.7,25.4,17.3,41.0,21.0,Manakara,-22.145,48.017,5.0
2014-02-06,28.4,24.0,26.2,2.8,15.1,34.6,23.93,Manakara,-22.145,48.017,5.0
2014-02-07,29.2,23.9,26.1,4.2,17.1,37.8,26.0,Manakara,-22.145,48.017,5.0
2014-02-08,29.0,24.2,26.1,10.1,13.0,31.0,18.77,Manakara,-22.145,48.017,5.0
2014-02-09,29.5,24.8,26.5,7.0,12.3,28.4,21.3,Manakara,-22.145,48.017,5.0
2014-02-10,28.9,24.5,26.1,9.9,16.2,29.5,18.76,Manakara,-22.145,48.017,5.0
2014-02-11,27.3,24.3,25.8,4.1,12.9,28.1,13.7,Manakara,-22.145,48.017,5.0
2014-02-12,27.8,23.7,25.8,2.7,17.1,34.2,22.24,Manakara,-22.145,48.017,5.0
2014-02-13,28.2,23.1,25.6,2.2,17.6,36.7,21.66,Manakara,-22.145,48.017,5.0
2014-02-14,28.9,22.4,25.6,0.3,13.2,29.2,27.58,Manakara,-22.145,48.017,5.0
2014-02-15,28.0,22.9,25.6,3.9,15.6,31.3,21.73,Manakara,-22.145,48.017,5.0
2014-02-16,27.2,23.0,25.2,1.6,12.9,25.6,21.41,Manakara,-22.145,48.017,5.0
2014-02-17,27.2,23.6,25.5,1.2,11.4,27.7,15.89,Manakara,-22.145,48.017,5.0
2014-02-18,28.0,22.7,25.7,0.1,9.0,22.0,15.79,Manakara,-22.145,48.017,5.0
2014-02-19,29.1,24.1,26.7,0.8,19.0,42.1,20.74,Manakara,-22.145,48.017,5.0
2014-02-20,28.2,24.3,25.9,7.3,19.5,37.1,16.15,Manakara,-22.145,48.017,5.0
2014-02-21,28.5,24.1,25.6,19.1,15.3,38.2,16.06,Manakara,-22.145,48.017,5.0
2014-02-22,29.0,24.2,26.1,3.1,14.6,33.8,22.05,Manakara,-22.145,48.017,5.0
2014-02-23,29.5,23.9,26.5,0.2,12.7,29.2,26.45,Manakara,-22.145,48.017,5.0
2014-02-24,29.3,22.9,26.2,1.5,13.4,27.7,24.51,Manakara,-22.145,48.017,5.0
2014-02-25,27.5,22.6,25.2,8.3,16.8,32.8,14.02,Manakara,-22.145,48.017,5.0
2014-02-26,27.8,22.9,25.2,6.9,15.9,29.5,16.54,Manakara,-22.145,48.017,5.0
2014-02-27,27.3,24.1,25.5,11.3,15.3,32.8,13.07,Manakara,-22.145,48.017,5.0
2014-02-28,28.9,24.2,25.9,11.2,13.8,34.6,14.31,Manakara,-22.145,48.017,5.0
2014-03-01,29.0,24.1,26.0,9.4,17.9,34.2,20.11,Manakara,-22.145,48.017,5.0
2014-03-02,29.0,23.9,26.2,0.7,13.7,31.3,24.37,Manakara,-22.145,48.017,5.0
2014-03-03,28.4,24.3,25.9,4.8,12.8,31.7,21.18,Manakara,-22.145,48.017,5.0
2014-03-04,28.2,23.6,25.9,1.4,13.7,28.1,22.79,Manakara,-22.145,48.017,5.0
2014-03-05,27.9,22.8,25.8,1.8,11.2,31.0,20.76,Manakara,-22.145,48.017,5.0
2014-03-06,28.5,23.9,26.0,2.2,12.4,26.6,20.94,Manakara,-22.145,48.017,5.0
2014-03-07,29.1,23.1,26.3,0.6,14.3,29.9,23.23,Manakara,-22.145,48.017,5.0
2014-03-08,28.5,24.0,26.2,2.6,12.6,30.2,22.0,Manakara,-22.145,48.017,5.0
2014-03-09,27.8,23.3,25.9,0.2,12.6,29.2,18.48,Manakara,-22.145,48.017,5.0
2014-03-10,28.8,23.1,26.1,0.8,12.3,27.4,22.17,Manakara,-22.145,48.017,5.0
2014-03-11,29.3,24.5,26.6,0.5,18.3,37.1,23.74,Manakara,-22.145,48.017,5.0
2014-03-12,29.9,24.3,26.9,0.0,18.2,36.4,23.93,Manakara,-22.145,48.017,5.0
2014-03-13,29.6,24.9,27.1,1.2,17.2,35.6,23.24,Manakara,-22.145,48.017,5.0
2014-03-14,29.2,24.2,26.6,1.6,12.0,28.8,22.74,Manakara,-22.145,48.017,5.0
2014-03-15,29.5,23.8,26.7,0.7,12.1,24.8,23.9,Manakara,-22.145,48.017,5.0
2014-03-16,30.8,24.8,27.4,0.2,15.1,30.2,24.5,Manakara,-22.145,48.017,5.0
2014-03-17,30.3,25.1,27.4,0.3,13.6,31.3,21.33,Manakara,-22.145,48.017,5.0
2014-03-18,29.4,25.1,26.7,5.5,15.1,34.9,20.04,Manakara,-22.145,48.017,5.0
2014-03-19,27.8,24.1,26.0,20.1,16.2,34.2,16.33,Manakara,-22.145,48.017,5.0
2014-03-20,29.7,25.0,26.9,4.8,12.2,29.2,21.7,Manakara,-22.145,48.017,5.0
2014-03-21,28.5,24.6,25.8,9.6,13.5,30.2,19.59,Manakara,-22.145,48.017,5.0
2014-03-22,28.1,24.8,26.3,2.4,20.1,39.2,19.93,Manakara,-22.145,48.017,5.0
2014-03-23,28.5,24.3,26.2,2.1,20.5,40.7,19.5,Manakara,-22.145,48.017,5.0
2014-03-24,27.9,23.7,25.5,3.7,21.6,42.5,18.41,Manakara,-22.145,48.017,5.0
2014-03-25,26.7,23.8,24.9,1.3,18.7,40.7,17.78,Manakara,-22.145,48.017,5.0
2014-03-26,27.0,22.7,24.8,0.4,13.2,29.9,18.89,Manakara,-22.145,48.017,5.0
2014-03-27,27.3,22.5,24.8,0.1,14.5,29.2,20.96,Manakara,-22.145,48.017,5.0
2014-03-28,26.9,23.0,24.6,0.4,14.6,30.6,17.14,Manakara,-22.145,48.017,5.0
2014-03-29,26.4,22.2,24.4,1.1,11.5,24.8,14.18,Manakara,-22.145,48.017,5.0
2014-03-30,26.3,23.1,24.8,1.9,10.7,23.8,16.96,Manakara,-22.145,48.017,5.0
2014-03-31,27.1,21.9,24.4,0.2,11.5,25.2,20.24,Manakara,-22.145,48.017,5.0
2014-04-01,27.4,22.4,24.9,1.6,9.8,20.5,18.84,Manakara,-22.145,48.017,5.0
2014-04-02,27.3,22.5,25.0,1.0,13.7,25.9,17.57,Manakara,-22.145,48.017,5.0
2014-04-03,27.7,22.9,25.3,1.8,10.1,25.9,19.99,Manakara,-22.145,48.017,5.0
2014-04-04,27.4,23.1,25.1,2.1,13.6,27.7,16.22,Manakara,-22.145,48.017,5.0
2014-04-05,27.2,22.6,24.9,0.1,16.3,33.5,19.23,Manakara,-22.145,48.017,5.0
2014-04-06,29.8,23.4,26.1,7.8,15.5,30.2,20.95,Manakara,-22.145,48.017,5.0
2014-04-07,29.1,23.3,25.5,0.9,19.1,35.6,22.54,Manakara,-22.145,48.017,5.0
2014-04-08,24.9,22.3,23.5,2.1,22.7,47.5,17.7,Manakara,-22.145,48.017,5.0
2014-04-09,24.7,21.4,22.6,4.9,19.7,38.5,16.55,Manakara,-22.145,48.017,5.0
2014-04-10,24.8,20.9,22.8,0.0,17.1,37.1,15.82,Manakara,-22.145,48.017,5.0
2014-04-11,23.4,19.2,21.7,5.8,14.2,30.6,12.32,Manakara,-22.145,48.017,5.0
2014-04-12,24.5,19.9,22.3,6.4,14.6,32.4,13.18,Manakara,-22.145,48.017,5.0
2014-04-13,23.7,21.0,22.1,6.1,12.7,30.2,13.31,Manakara,-22.145,48.017,5.0
2014-04-14,25.4,21.3,23.2,4.7,13.4,26.6,16.0,Manakara,-22.145,48.017,5.0
2014-04-15,25.6,20.3,23.2,1.5,12.2,24.5,15.52,Manakara,-22.145,48.017,5.0
2014-04-16,27.5,21.9,24.5,0.1,11.2,26.6,18.37,Manakara,-22.145,48.017,5.0
2014-04-17,28.1,22.4,25.2,0.1,13.2,27.4,18.94,Manakara,-22.145,48.017,5.0
2014-04-18,27.3,23.5,25.1,4.8,16.0,38.2,15.51,Manakara,-22.145,48.017,5.0
2014-04-19,27.6,23.4,25.3,1.4,14.5,30.2,16.04,Manakara,-22.145,48.017,5.0
2014-04-20,27.4,22.7,24.8,0.8,10.8,24.1,18.85,Manakara,-22.145,48.017,5.0
2014-04-21,27.6,22.8,25.1,0.1,13.4,27.4,18.05,Manakara,-22.145,48.017,5.0
2014-04-22,28.2,23.6,25.5,0.0,13.6,28.8,18.05,Manakara,-22.145,48.017,5.0
2014-04-23,28.6,23.4,25.7,1.3,17.8,36.4,18.6,Manakara,-22.145,48.017,5.0
2014-04-24,28.7,23.9,25.8,0.0,15.3,32.4,19.98,Manakara,-22.145,48.017,5.0
2014-04-25,28.3,23.6,25.5,0.1,14.3,28.8,18.35,Manakara,-22.145,48.017,5.0
2014-04-26,28.0,23.3,25.1,0.0,12.1,25.9,18.53,Manakara,-22.145,48.017,5.0
2014-04-27,28.1,22.2,24.8,0.0,13.7,29.9,18.91,Manakara,-22.145,48.017,5.0
2014-04-28,29.0,23.1,25.6,0.6,19.0,39.2,17.04,Manakara,-22.145,48.017,5.0
2014-04-29,27.9,22.7,25.1,0.0,16.7,31.3,19.12,Manakara,-22.145,48.017,5.0
2014-04-30,28.1,21.1,24.4,0.0,12.1,25.9,19.46,Manakara,-22.145,48.017,5.0
2014-05-01,25.8,20.9,23.4,1.0,11.9,25.6,13.94,Manakara,-22.145,48.017,5.0
2014-05-02,26.4,21.9,24.1,1.3,12.8,29.2,14.36,Manakara,-22.145,48.017,5.0
2014-05-03,25.8,21.3,23.7,3.9,8.6,26.3,12.81,Manakara,-22.145,48.017,5.0
2014-05-04,25.7,22.3,23.6,2.0,11.6,33.5,14.48,Manakara,-22.145,48.017,5.0
2014-05-05,25.5,22.3,23.7,1.5,11.5,32.4,15.35,Manakara,-22.145,48.017,5.0
2014-05-06,25.0,21.4,23.2,2.4,9.9,26.3,12.72,Manakara,-22.145,48.017,5.0
2014-05-07,25.9,21.9,23.6,1.1,10.0,24.8,15.71,Manakara,-22.145,48.017,5.0
2014-05-08,26.7,21.7,24.0,0.8,11.0,26.6,16.58,Manakara,-22.145,48.017,5.0
2014-05-09,26.0,21.6,23.5,1.4,11.5,25.9,15.73,Manakara,-22.145,48.017,5.0
2014-05-10,26.4,21.5,23.8,2.8,9.4,21.2,15.46,Manakara,-22.145,48.017,5.0
2014-05-11,27.0,21.8,24.1,0.1,14.3,31.3,17.0,Manakara,-22.145,48.017,5.0
2014-05-12,28.4,22.3,25.0,0.0,13.8,24.5,17.77,Manakara,-22.145,48.017,5.0
2014-05-13,30.6,21.0,25.2,0.0,14.0,27.7,18.62,Manakara,-22.145,48.017,5.0
2014-05-14,23.8,20.5,22.3,0.0,20.5,43.6,17.71,Manakara,-22.145,48.017,5.0
2014-05-15,24.7,18.4,21.4,0.0,13.6,26.3,15.55,Manakara,-22.145,48.017,5.0
2014-05-16,26.2,18.8,22.2,0.0,13.1,28.1,18.5,Manakara,-22.145,48.017,5.0
2014-05-17,25.9,18.6,22.2,0.0,12.1,27.7,17.19,Manakara,-22.145,48.017,5.0
2014-05-18,27.8,19.6,23.2,0.6,12.1,23.4,18.09,Manakara,-22.145,48.017,5.0
2014-05-19,24.7,20.9,22.3,1.1,20.8,41.8,13.08,Manakara,-22.145,48.017,5.0
2014-05-20,23.3,19.3,21.5,0.4,11.7,24.8,12.48,Manakara,-22.145,48.017,5.0
2014-05-21,25.5,19.9,22.4,0.0,16.5,32.0,13.8,Manakara,-22.145,48.017,5.0
2014-05-22,26.5,20.1,22.9,0.7,19.5,36.7,16.78,Manakara,-22.145,48.017,5.0
2014-05-23,23.1,20.2,21.5,12.1,24.9,50.8,9.77,Manakara,-22.145,48.017,5.0
2014-05-24,23.0,20.3,21.5,1.1,15.5,33.8,10.03,Manakara,-22.145,48.017,5.0
2014-05-25,23.8,19.0,21.4,0.4,14.8,30.6,12.46,Manakara,-22.145,48.017,5.0
2014-05-26,25.4,18.8,21.8,0.0,15.6,33.1,17.29,Manakara,-22.145,48.017,5.0
2014-05-27,26.5,17.9,22.0,0.0,8.9,19.8,17.37,Manakara,-22.145,48.017,5.0
2014-05-28,24.2,18.0,21.3,2.3,9.4,23.8,12.67,Manakara,-22.145,48.017,5.0
2014-05-29,24.0,19.4,21.7,2.5,7.2,23.0,9.96,Manakara,-22.145,48.017,5.0
2014-05-30,25.3,19.6,22.1,1.1,9.5,20.5,13.17,Manakara,-22.145,48.017,5.0
2014-05-31,25.7,19.1,22.1,0.4,10.8,24.1,15.29,Manakara,-22.145,48.017,5.0
2014-06-01,25.8,20.3,22.5,0.3,10.6,25.2,14.37,Manakara,-22.145,48.017,5.0
2014-06-02,26.2,20.1,22.9,0.0,14.3,31.0,13.73,Manakara,-22.145,48.017,5.0
2014-06-03,26.7,21.4,23.5,0.1,12.4,24.8,14.29,Manakara,-22.145,48.017,5.0
2014-06-04,26.5,20.7,23.2,0.0,11.0,24.1,14.5,Manakara,-22.145,48.017,5.0
2014-06-05,26.8,21.1,23.4,0.1,16.5,34.2,14.96,Manakara,-22.145,48.017,5.0
2014-06-06,26.1,20.4,22.9,0.0,17.1,35.6,14.66,Manakara,-22.145,48.017,5.0
2014-06-07,27.0,19.9,23.1,1.2,16.9,31.7,15.77,Manakara,-22.145,48.017,5.0
2014-06-08,21.9,20.7,21.3,5.0,21.4,40.7,2.83,Manakara,-22.145,48.017,5.0
2014-06-09,22.5,19.9,21.0,0.0,10.1,20.5,6.78,Manakara,-22.145,48.017,5.0
2014-06-10,23.5,17.4,20.7,0.0,6.8,16.9,12.0,Manakara,-22.145,48.017,5.0
2014-06-11,23.3,17.6,20.3,0.0,8.0,18.7,13.06,Manakara,-22.145,48.017,5.0
2014-06-12,22.9,17.6,20.1,1.0,12.7,26.3,12.47,Manakara,-22.145,48.017,5.0
2014-06-13,22.4,17.9,20.2,5.0,8.3,30.2,9.93,Manakara,-22.145,48.017,5.0
2014-06-14,24.1,17.5,20.7,0.1,8.7,19.4,14.0,Manakara,-22.145,48.017,5.0
2014-06-15,25.0,16.9,20.9,0.0,13.8,29.2,16.35,Manakara,-22.145,48.017,5.0
2014-06-16,24.6,19.8,22.0,0.0,13.0,22.0,6.96,Manakara,-22.145,48.017,5.0
2014-06-17,24.5,21.5,22.7,1.3,13.1,20.9,5.73,Manakara,-22.145,48.017,5.0
2014-06-18,25.0,20.7,22.5,2.2,10.0,23.0,9.14,Manakara,-22.145,48.017,5.0
2014-06-19,26.5,19.9,23.2,0.0,14.4,25.2,15.35,Manakara,-22.145,48.017,5.0
2014-06-20,25.6,20.7,22.8,2.3,22.6,42.5,13.74,Manakara,-22.145,48.017,5.0
2014-06-21,22.9,19.2,20.9,2.5,19.4,36.4,7.7,Manakara,-22.145,48.017,5.0
2014-06-22,23.2,17.7,20.3,1.0,12.5,23.0,10.59,Manakara,-22.145,48.017,5.0
2014-06-23,22.1,18.4,20.3,5.7,9.8,22.7,9.34,Manakara,-22.145,48.017,5.0
2014-06-24,23.0,19.1,20.9,3.2,7.9,17.3,7.75,Manakara,-22.145,48.017,5.0
2014-06-25,23.7,18.0,20.8,0.0,8.5,17.6,13.01,Manakara,-22.145,48.017,5.0
2014-06-26,24.5,17.7,20.8,0.0,12.3,27.0,15.79,Manakara,-22.145,48.017,5.0
2014-06-27,24.6,18.4,21.3,0.0,15.8,32.0,14.9,Manakara,-22.145,48.017,5.0
2014-06-28,23.9,18.9,21.1,0.0,12.7,27.0,12.25,Manakara,-22.145,48.017,5.0
2014-06-29,23.5,18.2,20.8,0.9,8.7,22.3,12.48,Manakara,-22.145,48.017,5.0
2014-06-30,23.7,16.8,20.4,0.2,7.2,18.0,13.28,Manakara,-22.145,48.017,5.0
2014-07-01,23.6,18.5,20.8,2.9,9.1,26.6,12.6,Manakara,-22.145,48.017,5.0
2014-07-02,24.2,18.8,21.3,3.0,14.0,29.5,12.11,Manakara,-22.145,48.017,5.0
2014-07-03,22.6,19.3,20.7,6.0,11.8,28.1,9.84,Manakara,-22.145,48.017,5.0
2014-07-04,23.9,18.9,20.8,3.4,15.7,32.0,13.11,Manakara,-22.145,48.017,5.0
2014-07-05,23.6,19.0,20.7,9.6,12.3,29.9,10.57,Manakara,-22.145,48.017,5.0
2014-07-06,22.8,18.4,20.5,0.0,11.0,24.5,11.54,Manakara,-22.145,48.017,5.0
2014-07-07,24.4,17.6,20.8,0.0,12.4,20.9,15.66,Manakara,-22.145,48.017,5.0
2014-07-08,25.7,17.9,21.4,0.0,15.2,26.3,16.28,Manakara,-22.145,48.017,5.0
2014-07-09,25.1,18.2,20.9,0.0,27.0,50.4,14.43,Manakara,-22.145,48.017,5.0
2014-07-10,20.0,17.0,18.6,0.5,18.9,35.6,12.54,Manakara,-22.145,48.017,5.0
2014-07-11,21.6,16.4,18.6,0.1,10.0,30.2,14.09,Manakara,-22.145,48.017,5.0
2014-07-12,21.8,16.9,19.0,0.6,11.1,26.6,13.04,Manakara,-22.145,48.017,5.0
2014-07-13,22.5,17.0,19.4,0.4,10.5,23.0,12.53,Manakara,-22.145,48.017,5.0
2014-07-14,24.1,16.4,20.2,0.0,12.0,25.6,15.74,Manakara,-22.145,48.017,5.0
2014-07-15,21.0,18.6,19.8,10.7,13.6,25.6,3.51,Manakara,-22.145,48.017,5.0
2014-07-16,21.6,19.6,20.4,3.0,8.7,19.8,3.99,Manakara,-22.145,48.017,5.0
2014-07-17,22.4,19.7,20.8,0.0,9.6,22.0,7.09,Manakara,-22.145,48.017,5.0
2014-07-18,23.9,18.1,20.7,0.0,13.3,29.2,14.98,Manakara,-22.145,48.017,5.0
2014-07-19,25.1,18.0,21.3,0.0,16.4,33.8,16.35,Manakara,-22.145,48.017,5.0
2014-07-20,25.3,19.4,22.0,0.0,10.9,23.8,15.07,Manakara,-22.145,48.017,5.0
2014-07-21,24.0,18.5,21.2,2.4,9.2,21.2,14.76,Manakara,-22.145,48.017,5.0
2014-07-22,22.6,19.0,20.3,0.9,13.2,24.5,11.98,Manakara,-22.145,48.017,5.0
2014-07-23,21.5,18.7,19.8,9.1,11.8,26.3,11.04,Manakara,-22.145,48.017,5.0
2014-07-24,22.0,18.4,19.8,11.7,12.6,26.6,8.82,Manakara,-22.145,48.017,5.0
2014-07-25,22.4,18.5,20.2,10.1,11.7,26.6,6.34,Manakara,-22.145,48.017,5.0
2014-07-26,23.4,18.2,20.8,0.8,15.3,30.2,11.19,Manakara,-22.145,48.017,5.0
2014-07-27,24.7,19.7,21.9,0.3,16.9,40.7,13.08,Manakara,-22.145,48.017,5.0
2014-07-28,25.0,19.1,21.8,1.5,10.0,23.4,14.97,Manakara,-22.145,48.017,5.0
2014-07-29,22.3,19.7,20.9,3.8,25.5,47.5,7.35,Manakara,-22.145,48.017,5.0
2014-07-30,21.6,18.5,19.7,0.5,18.9,35.6,12.01,Manakara,-22.145,48.017,5.0
2014-07-31,22.0,17.2,19.6,0.9,9.5,20.5,12.17,Manakara,-22.145,48.017,5.0
2014-08-01,23.9,17.2,20.3,0.0,15.3,32.8,18.4,Manakara,-22.145,48.017,5.0
2014-08-02,24.1,18.0,20.7,0.2,10.5,22.7,17.4,Manakara,-22.145,48.017,5.0
2014-08-03,21.9,18.5,19.9,7.5,12.1,29.2,10.91,Manakara,-22.145,48.017,5.0
2014-08-04,22.7,19.2,20.7,2.8,14.5,31.7,11.31,Manakara,-22.145,48.017,5.0
2014-08-05,23.0,18.5,20.7,1.1,13.1,29.2,14.08,Manakara,-22.145,48.017,5.0
2014-08-06,24.1,18.4,21.1,0.0,11.4,23.8,17.06,Manakara,-22.145,48.017,5.0
2014-08-07,23.5,17.3,20.5,0.0,9.2,19.8,15.7,Manakara,-22.145,48.017,5.0
2014-08-08,22.5,17.0,19.7,5.5,10.0,24.5,11.23,Manakara,-22.145,48.017,5.0
2014-08-09,22.5,18.7,20.5,4.6,13.8,30.2,12.58,Manakara,-22.145,48.017,5.0
2014-08-10,23.2,17.2,20.4,0.6,11.4,23.0,14.14,Manakara,-22.145,48.017,5.0
2014-08-11,23.0,17.5,20.1,0.9,11.9,26.3,15.62,Manakara,-22.145,48.017,5.0
2014-08-12,21.8,17.9,19.8,5.2,14.0,29.9,12.1,Manakara,-22.145,48.017,5.0
2014-08-13,21.9,16.6,19.4,2.7,15.0,29.5,13.02,Manakara,-22.145,48.017,5.0
2014-08-14,22.2,18.5,20.4,6.6,16.0,34.2,12.03,Manakara,-22.145,48.017,5.0
2014-08-15,23.3,19.0,20.9,2.6,12.5,29.9,13.83,Manakara,-22.145,48.017,5.0
2014-08-16,24.4,18.8,21.3,0.0,11.5,24.8,18.3,Manakara,-22.145,48.017,5.0
2014-08-17,22.9,17.8,20.2,1.3,10.5,25.2,14.59,Manakara,-22.145,48.017,5.0
2014-08-18,22.9,18.4,20.4,1.6,13.5,37.8,14.42,Manakara,-22.145,48.017,5.0
2014-08-19,24.3,17.4,20.8,0.1,14.0,28.8,19.58,Manakara,-22.145,48.017,5.0
2014-08-20,25.2,18.7,21.4,0.0,16.2,32.8,19.48,Manakara,-22.145,48.017,5.0
2014-08-21,24.6,18.7,21.5,0.5,16.1,32.8,17.91,Manakara,-22.145,48.017,5.0
2014-08-22,25.1,19.0,21.7,0.0,20.1,41.8,19.48,Manakara,-22.145,48.017,5.0
2014-08-23,26.1,19.8,22.4,0.0,18.9,39.2,20.12,Manakara,-22.145,48.017,5.0
2014-08-24,25.4,19.9,22.2,1.3,14.5,30.2,16.37,Manakara,-22.145,48.017,5.0
2014-08-25,25.5,19.4,22.1,0.0,13.5,23.4,16.08,Manakara,-22.145,48.017,5.0
2014-08-26,24.8,18.1,21.0,0.0,15.4,28.8,21.97,Manakara,-22.145,48.017,5.0
2014-08-27,23.4,17.4,20.5,0.5,15.0,32.8,15.91,Manakara,-22.145,48.017,5.0
2014-08-28,24.0,19.8,21.8,0.0,15.5,29.5,13.35,Manakara,-22.145,48.017,5.0
2014-08-29,25.1,20.1,22.4,0.0,22.4,45.0,15.33,Manakara,-22.145,48.017,5.0
2014-08-30,25.2,21.4,22.8,0.0,20.9,40.7,15.65,Manakara,-22.145,48.017,5.0
2014-08-31,25.5,19.6,22.3,0.0,18.1,35.3,18.83,Manakara,-22.145,48.017,5.0
2014-09-01,25.6,19.6,22.0,0.6,15.3,30.6,17.42,Manakara,-22.145,48.017,5.0
2014-09-02,22.7,19.6,21.0,1.1,20.6,42.1,12.64,Manakara,-22.145,48.017,5.0
2014-09-03,22.5,18.8,20.2,4.8,22.1,46.8,15.23,Manakara,-22.145,48.017,5.0
2014-09-04,22.1,18.6,20.2,1.5,18.9,38.2,15.87,Manakara,-22.145,48.017,5.0
2014-09-05,22.4,19.4,20.8,1.8,21.3,43.2,14.7,Manakara,-22.145,48.017,5.0
2014-09-06,22.7,18.8,20.5,3.3,17.7,37.8,16.73,Manakara,-22.145,48.017,5.0
2014-09-07,23.3,18.1,20.6,2.2,13.9,28.4,17.5,Manakara,-22.145,48.017,5.0
2014-09-08,25.1,18.5,21.5,0.0,15.9,36.0,21.24,Manakara,-22.145,48.017,5.0
2014-09-09,25.3,18.2,21.5,0.0,12.7,28.8,20.93,Manakara,-22.145,48.017,5.0
2014-09-10,25.2,18.3,21.5,0.0,16.9,35.3,21.61,Manakara,-22.145,48.017,5.0
2014-09-11,26.6,18.5,22.1,0.0,16.6,35.3,24.0,Manakara,-22.145,48.017,5.0
2014-09-12,26.9,19.3,22.8,0.0,20.6,41.4,23.56,Manakara,-22.145,48.017,5.0
2014-09-13,26.7,20.1,22.6,0.0,17.2,35.6,23.93,Manakara,-22.145,48.017,5.0
2014-09-14,26.2,18.4,22.0,0.0,17.4,34.9,24.4,Manakara,-22.145,48.017,5.0
2014-09-15,26.2,18.9,22.2,0.0,16.3,34.6,23.12,Manakara,-22.145,48.017,5.0
2014-09-16,26.2,20.4,22.7,0.0,16.1,31.3,22.85,Manakara,-22.145,48.017,5.0
2014-09-17,26.3,19.5,22.5,0.0,18.0,37.8,22.99,Manakara,-22.145,48.017,5.0
2014-09-18,25.7,20.5,22.6,0.0,20.3,41.8,19.71,Manakara,-22.145,48.017,5.0
2014-09-19,26.3,19.2,22.5,0.0,19.6,41.0,21.63,Manakara,-22.145,48.017,5.0
2014-09-20,27.4,19.6,22.9,0.0,17.7,38.9,23.19,Manakara,-22.145,48.017,5.0
2014-09-21,25.5,19.2,22.3,0.9,12.2,27.7,20.07,Manakara,-22.145,48.017,5.0
2014-09-22,25.6,19.4,22.6,0.3,15.1,31.3,19.99,Manakara,-22.145,48.017,5.0
2014-09-23,25.1,19.8,22.4,2.4,15.5,34.2,20.48,Manakara,-22.145,48.017,5.0
2014-09-24,23.8,18.7,21.5,4.7,17.2,36.4,17.58,Manakara,-22.145,48.017,5.0
2014-09-25,24.2,20.4,22.0,11.4,16.4,35.6,14.81,Manakara,-22.145,48.017,5.0
2014-09-26,25.8,20.1,22.6,1.6,19.1,37.8,19.77,Manakara,-22.145,48.017,5.0
2014-09-27,25.9,20.5,23.0,0.0,19.6,40.0,21.64,Manakara,-22.145,48.017,5.0
2014-09-28,27.6,20.7,23.7,0.0,19.0,38.5,23.64,Manakara,-22.145,48.017,5.0
2014-09-29,26.2,21.3,23.8,0.8,17.3,38.9,21.06,Manakara,-22.145,48.017,5.0
2014-09-30,26.4,21.8,23.6,0.3,18.7,37.8,20.74,Manakara,-22.145,48.017,5.0
2014-10-01,27.2,21.6,23.9,0.0,22.4,46.4,23.01,Manakara,-22.145,48.017,5.0
2014-10-02,28.5,21.6,24.6,0.0,24.6,48.2,23.45,Manakara,-22.145,48.017,5.0
2014-10-03,28.8,22.1,25.0,0.0,19.4,37.4,23.57,Manakara,-22.145,48.017,5.0
2014-10-04,23.2,21.0,22.4,1.5,21.1,45.7,9.41,Manakara,-22.145,48.017,5.0
2014-10-05,21.0,19.5,20.4,8.1,15.7,29.9,6.03,Manakara,-22.145,48.017,5.0
2014-10-06,23.7,19.2,20.9,16.4,15.9,33.8,11.16,Manakara,-22.145,48.017,5.0
2014-10-07,26.7,19.6,22.8,2.5,22.0,46.1,17.8,Manakara,-22.145,48.017,5.0
2014-10-08,28.7,21.7,24.7,0.0,19.8,39.6,25.58,Manakara,-22.145,48.017,5.0
2014-10-09,28.5,23.1,25.3,0.0,25.8,49.0,21.83,Manakara,-22.145,48.017,5.0
2014-10-10,28.2,23.2,25.0,0.0,21.9,43.9,24.47,Manakara,-22.145,48.017,5.0
2014-10-11,28.1,22.7,24.6,0.0,17.0,35.3,24.91,Manakara,-22.145,48.017,5.0
2014-10-12,27.2,22.1,24.0,0.0,16.3,35.3,25.25,Manakara,-22.145,48.017,5.0
2014-10-13,27.4,21.2,23.9,0.0,21.5,43.6,26.62,Manakara,-22.145,48.017,5.0
2014-10-14,28.4,21.4,24.6,0.0,23.7,46.8,25.55,Manakara,-22.145,48.017,5.0
2014-10-15,29.3,21.9,25.1,0.0,20.7,39.2,25.53,Manakara,-22.145,48.017,5.0
2014-10-16,27.6,23.0,24.6,1.6,19.4,41.8,19.92,Manakara,-22.145,48.017,5.0
2014-10-17,28.4,23.1,25.3,1.3,20.3,36.0,19.05,Manakara,-22.145,48.017,5.0
2014-10-18,30.5,24.5,26.6,1.1,24.0,51.8,21.74,Manakara,-22.145,48.017,5.0
2014-10-19,28.3,23.5,25.5,0.9,24.5,50.8,18.02,Manakara,-22.145,48.017,5.0
2014-10-20,28.4,22.7,25.2,14.7,18.7,35.6,20.56,Manakara,-22.145,48.017,5.0
2014-10-21,27.0,23.1,24.7,2.3,15.2,29.9,19.15,Manakara,-22.145,48.017,5.0
2014-10-22,28.2,23.1,25.2,1.7,19.2,38.9,21.67,Manakara,-22.145,48.017,5.0
2014-10-23,26.8,23.1,24.6,4.8,32.2,60.8,18.11,Manakara,-22.145,48.017,5.0
2014-10-24,28.3,23.2,25.3,3.2,27.1,50.8,24.27,Manakara,-22.145,48.017,5.0
2014-10-25,26.4,23.1,24.6,0.9,20.1,35.6,21.01,Manakara,-22.145,48.017,5.0
2014-10-26,25.7,21.8,23.4,7.0,19.5,36.4,17.72,Manakara,-22.145,48.017,5.0
2014-10-27,23.6,20.5,21.8,10.6,22.5,48.2,15.48,Manakara,-22.145,48.017,5.0
2014-10-28,22.0,20.4,21.3,5.1,21.9,42.1,9.68,Manakara,-22.145,48.017,5.0
2014-10-29,24.3,20.4,22.3,0.7,15.8,27.7,14.34,Manakara,-22.145,48.017,5.0
2014-10-30,25.4,21.5,23.1,0.6,18.4,36.4,19.83,Manakara,-22.145,48.017,5.0
2014-10-31,26.2,22.1,23.8,0.0,20.4,38.9,22.25,Manakara,-22.145,48.017,5.0
2014-11-01,27.0,21.6,24.0,0.0,21.3,44.6,25.62,Manakara,-22.145,48.017,5.0
2014-11-02,28.3,21.4,24.5,0.0,20.4,41.0,28.81,Manakara,-22.145,48.017,5.0
2014-11-03,28.6,21.9,24.8,4.7,17.4,38.2,25.14,Manakara,-22.145,48.017,5.0
2014-11-04,22.4,21.7,22.0,30.5,20.6,40.0,5.54,Manakara,-22.145,48.017,5.0
2014-11-05,25.8,22.1,23.7,0.3,21.9,42.1,16.62,Manakara,-22.145,48.017,5.0
2014-11-06,28.1,22.5,24.7,0.0,21.8,45.7,23.73,Manakara,-22.145,48.017,5.0
2014-11-07,28.7,22.6,25.2,6.8,18.1,33.8,24.02,Manakara,-22.145,48.017,5.0
2014-11-08,26.4,22.0,23.9,10.3,14.9,30.2,16.76,Manakara,-22.145,48.017,5.0
2014-11-09,28.6,23.4,25.7,2.7,23.6,44.3,23.1,Manakara,-22.145,48.017,5.0
2014-11-10,28.9,23.1,25.7,0.2,18.8,34.6,26.39,Manakara,-22.145,48.017,5.0
2014-11-11,28.2,23.8,25.5,0.5,19.1,37.4,24.54,Manakara,-22.145,48.017,5.0
2014-11-12,25.4,22.5,23.9,2.7,18.2,35.3,11.65,Manakara,-22.145,48.017,5.0
2014-11-13,26.2,22.3,24.2,4.4,21.3,42.1,15.05,Manakara,-22.145,48.017,5.0
2014-11-14,28.2,23.4,25.3,0.4,22.7,45.7,24.76,Manakara,-22.145,48.017,5.0
2014-11-15,26.9,22.7,24.7,2.1,17.4,37.1,24.84,Manakara,-22.145,48.017,5.0
2014-11-16,27.9,22.6,25.1,0.0,17.8,37.1,25.29,Manakara,-22.145,48.017,5.0
2014-11-17,28.5,22.9,25.3,0.9,15.5,33.1,25.81,Manakara,-22.145,48.017,5.0
2014-11-18,26.3,22.2,23.7,8.4,21.4,47.2,21.64,Manakara,-22.145,48.017,5.0
2014-11-19,26.4,21.7,23.6,9.3,13.8,29.9,15.55,Manakara,-22.145,48.017,5.0
2014-11-20,27.2,22.6,24.8,6.9,14.6,29.9,18.07,Manakara,-22.145,48.017,5.0
2014-11-21,28.2,22.0,24.9,4.6,15.2,32.8,26.07,Manakara,-22.145,48.017,5.0
2014-11-22,26.7,22.3,24.2,4.2,14.0,28.4,22.56,Manakara,-22.145,48.017,5.0
2014-11-23,27.0,22.5,24.7,1.0,12.3,28.8,21.57,Manakara,-22.145,48.017,5.0
2014-11-24,28.1,23.3,25.7,0.5,16.6,35.3,25.77,Manakara,-22.145,48.017,5.0
2014-11-25,29.3,23.9,26.4,0.0,17.6,38.2,25.77,Manakara,-22.145,48.017,5.0
2014-11-26,30.3,24.0,26.8,0.2,20.9,42.1,26.56,Manakara,-22.145,48.017,5.0
2014-11-27,28.1,23.4,25.2,1.8,18.9,40.0,22.51,Manakara,-22.145,48.017,5.0
2014-11-28,27.5,23.3,25.1,2.0,18.8,38.9,22.82,Manakara,-22.145,48.017,5.0
2014-11-29,27.5,23.8,25.4,1.7,17.2,37.4,24.0,Manakara,-22.145,48.017,5.0
2014-11-30,25.3,23.6,24.3,3.1,15.0,31.7,10.61,Manakara,-22.145,48.017,5.0
2014-12-01,24.9,22.0,23.5,5.0,11.3,25.2,10.16,Manakara,-22.145,48.017,5.0
2014-12-02,26.9,21.9,24.0,56.8,16.2,37.1,17.47,Manakara,-22.145,48.017,5.0
2014-12-03,29.1,22.2,25.9,35.6,18.4,38.2,23.32,Manakara,-22.145,48.017,5.0
2014-12-04,29.4,24.4,26.5,3.2,14.0,33.8,24.93,Manakara,-22.145,48.017,5.0
2014-12-05,27.5,23.8,25.5,6.1,9.7,25.2,17.54,Manakara,-22.145,48.017,5.0
2014-12-06,26.3,22.7,24.6,14.0,10.7,27.7,14.08,Manakara,-22.145,48.017,5.0
2014-12-07,28.5,22.5,25.2,6.4,15.4,31.3,21.9,Manakara,-22.145,48.017,5.0
2014-12-08,28.3,23.9,25.8,6.0,19.7,39.2,24.84,Manakara,-22.145,48.017,5.0
2014-12-09,28.6,23.2,25.7,3.9,17.2,38.5,23.98,Manakara,-22.145,48.017,5.0
2014-12-10,27.9,24.0,25.8,1.5,17.4,37.8,24.33,Manakara,-22.145,48.017,5.0
2014-12-11,28.9,24.3,26.3,0.9,19.9,37.8,25.31,Manakara,-22.145,48.017,5.0
2014-12-12,28.9,24.0,26.4,1.5,18.0,38.2,25.64,Manakara,-22.145,48.017,5.0
2014-12-13,29.2,24.5,26.6,0.5,16.1,35.3,24.16,Manakara,-22.145,48.017,5.0
2014-12-14,28.8,23.4,25.8,15.3,15.5,34.2,25.53,Manakara,-22.145,48.017,5.0
2014-12-15,27.6,23.1,25.5,8.7,12.6,32.0,19.16,Manakara,-22.145,48.017,5.0
2014-12-16,29.7,24.2,26.5,4.6,13.1,32.0,25.19,Manakara,-22.145,48.017,5.0
2014-12-17,30.5,23.9,26.4,14.3,12.8,32.0,24.88,Manakara,-22.145,48.017,5.0
2014-12-18,29.1,24.3,26.2,22.0,14.3,36.4,21.13,Manakara,-22.145,48.017,5.0
2014-12-19,28.9,24.1,26.1,8.1,15.5,32.0,19.08,Manakara,-22.145,48.017,5.0
2014-12-20,28.2,24.4,26.0,5.9,16.1,36.0,23.62,Manakara,-22.145,48.017,5.0
2014-12-21,28.8,24.4,26.4,7.4,12.7,29.5,22.62,Manakara,-22.145,48.017,5.0
2014-12-22,29.3,25.2,27.1,5.1,10.8,25.6,20.25,Manakara,-22.145,48.017,5.0
2014-12-23,28.0,25.2,26.2,15.4,13.0,26.3,14.59,Manakara,-22.145,48.017,5.0
2014-12-24,29.5,24.6,26.7,8.2,14.3,28.4,21.84,Manakara,-22.145,48.017,5.0
2014-12-25,28.9,25.0,26.6,3.4,16.0,33.1,23.85,Manakara,-22.145,48.017,5.0
2014-12-26,29.4,24.3,26.6,1.7,15.2,33.5,27.41,Manakara,-22.145,48.017,5.0
2014-12-27,28.7,25.1,26.6,0.0,15.8,34.2,27.16,Manakara,-22.145,48.017,5.0
2014-12-28,29.3,23.3,26.3,0.3,13.2,28.8,28.23,Manakara,-22.145,48.017,5.0
2014-12-29,29.6,24.0,26.8,2.4,14.4,31.3,27.84,Manakara,-22.145,48.017,5.0
2014-12-30,30.5,24.9,27.6,0.0,14.5,32.8,28.05,Manakara,-22.145,48.017,5.0
2014-12-31,31.2,25.5,27.9,8.3,13.1,33.1,24.66,Manakara,-22.145,48.017,5.0
2015-01-01,29.0,25.1,26.6,18.0,8.4,22.7,15.27,Manakara,-22.145,48.017,5.0
2015-01-02,27.5,24.8,25.8,36.0,13.2,27.7,9.15,Manakara,-22.145,48.017,5.0
2015-01-03,28.3,24.8,26.6,16.8,15.7,25.9,12.75,Manakara,-22.145,48.017,5.0
2015-01-04,29.2,24.6,26.5,28.5,8.9,24.1,13.16,Manakara,-22.145,48.017,5.0
2015-01-05,28.4,25.1,26.7,20.1,11.3,21.6,10.88,Manakara,-22.145,48.017,5.0
2015-01-06,27.6,25.0,26.4,7.7,11.3,21.2,9.0,Manakara,-22.145,48.017,5.0
2015-01-07,29.2,25.0,26.5,19.0,15.5,32.0,17.7,Manakara,-22.145,48.017,5.0
2015-01-08,27.3,24.8,25.7,12.2,20.2,34.6,11.4,Manakara,-22.145,48.017,5.0
2015-01-09,28.9,24.4,26.5,13.2,18.2,36.4,21.15,Manakara,-22.145,48.017,5.0
2015-01-10,28.4,25.0,26.2,12.2,14.2,33.1,20.35,Manakara,-22.145,48.017,5.0
2015-01-11,28.9,24.6,26.4,8.8,13.0,33.1,22.53,Manakara,-22.145,48.017,5.0
2015-01-12,28.4,24.8,26.5,4.1,15.7,32.0,19.85,Manakara,-22.145,48.017,5.0
2015-01-13,28.2,24.4,25.9,8.1,14.7,32.8,19.71,Manakara,-22.145,48.017,5.0
2015-01-14,26.8,24.1,25.0,13.1,12.3,26.3,9.95,Manakara,-22.145,48.017,5.0
2015-01-15,25.6,24.1,24.8,34.7,12.8,24.8,4.3,Manakara,-22.145,48.017,5.0
2015-01-16,25.7,24.7,25.0,102.1,34.5,55.4,3.11,Manakara,-22.145,48.017,5.0
2015-01-17,26.1,23.5,25.1,172.5,47.2,90.0,4.67,Manakara,-22.145,48.017,5.0
2015-01-18,28.3,23.1,25.6,2.5,28.4,57.6,24.39,Manakara,-22.145,48.017,5.0
2015-01-19,28.8,23.9,26.0,0.1,19.0,42.5,26.79,Manakara,-22.145,48.017,5.0
2015-01-20,28.0,23.7,26.0,0.3,19.1,40.7,23.73,Manakara,-22.145,48.017,5.0
2015-01-21,27.8,23.7,25.6,4.0,14.7,32.4,21.24,Manakara,-22.145,48.017,5.0
2015-01-22,27.1,23.4,24.8,10.0,17.9,40.0,22.4,Manakara,-22.145,48.017,5.0
2015-01-23,25.5,23.3,24.3,6.0,13.3,30.2,12.33,Manakara,-22.145,48.017,5.0
2015-01-24,26.3,21.9,24.4,2.4,13.2,30.6,22.28,Manakara,-22.145,48.017,5.0
2015-01-25,28.0,22.1,25.1,1.8,18.7,40.0,20.67,Manakara,-22.145,48.017,5.0
2015-01-26,28.2,24.5,26.3,5.8,16.9,36.7,21.45,Manakara,-22.145,48.017,5.0
2015-01-27,28.2,24.2,26.0,1.6,14.8,35.3,24.38,Manakara,-22.145,48.017,5.0
2015-01-28,28.8,23.3,25.9,1.3,13.5,28.8,25.0,Manakara,-22.145,48.017,5.0
2015-01-29,29.3,23.8,26.4,0.1,17.1,33.1,28.17,Manakara,-22.145,48.017,5.0
2015-01-30,28.9,24.7,26.5,0.1,16.7,35.6,27.08,Manakara,-22.145,48.017,5.0
2015-01-31,28.4,23.4,25.6,3.3,21.1,43.2,26.06,Manakara,-22.145,48.017,5.0
2015-02-01,27.9,23.5,25.1,7.4,17.2,37.1,21.25,Manakara,-22.145,48.017,5.0
2015-02-02,26.6,23.1,24.9,15.7,14.3,30.6,14.7,Manakara,-22.145,48.017,5.0
2015-02-03,26.6,23.3,24.9,5.0,17.5,37.4,16.26,Manakara,-22.145,48.017,5.0
2015-02-04,28.0,22.8,24.8,8.2,21.3,41.4,14.97,Manakara,-22.145,48.017,5.0
2015-02-05,27.5,23.8,25.4,2.2,14.8,32.8,10.98,Manakara,-22.145,48.017,5.0
2015-02-06,29.4,24.4,26.3,2.8,16.9,31.3,16.09,Manakara,-22.145,48.017,5.0
2015-02-07,27.9,24.5,26.0,10.8,23.4,43.2,9.78,Manakara,-22.145,48.017,5.0
2015-02-08,29.2,23.6,26.1,14.3,21.3,42.5,19.81,Manakara,-22.145,48.017,5.0
2015-02-09,28.3,24.5,25.8,6.2,21.2,43.6,18.58,Manakara,-22.145,48.017,5.0
2015-02-10,28.1,24.2,25.5,6.6,16.4,37.4,19.43,Manakara,-22.145,48.017,5.0
2015-02-11,27.6,24.1,25.8,7.6,14.8,36.0,17.14,Manakara,-22.145,48.017,5.0
2015-02-12,28.3,24.3,26.1,2.9,16.6,34.6,23.14,Manakara,-22.145,48.017,5.0
2015-02-13,27.9,22.8,25.3,4.4,13.9,31.0,23.67,Manakara,-22.145,48.017,5.0
2015-02-14,27.3,23.0,25.3,1.3,14.9,30.6,21.23,Manakara,-22.145,48.017,5.0
2015-02-15,28.2,23.8,26.0,0.9,17.1,38.2,23.43,Manakara,-22.145,48.017,5.0
2015-02-16,28.3,25.1,26.4,2.1,17.8,39.6,17.77,Manakara,-22.145,48.017,5.0
2015-02-17,29.0,24.5,26.4,15.7,12.1,28.8,18.77,Manakara,-22.145,48.017,5.0
2015-02-18,28.7,24.7,26.3,10.2,10.7,19.4,10.09,Manakara,-22.145,48.017,5.0
2015-02-19,27.6,24.9,25.8,44.7,11.6,31.0,8.91,Manakara,-22.145,48.017,5.0
2015-02-20,27.9,24.9,26.0,5.6,13.7,28.8,16.17,Manakara,-22.145,48.017,5.0
2015-02-21,27.0,24.5,25.5,13.4,10.8,27.0,10.39,Manakara,-22.145,48.017,5.0
2015-02-22,28.5,25.2,26.5,1.0,15.0,31.0,20.42,Manakara,-22.145,48.017,5.0
2015-02-23,28.4,24.0,26.2,1.0,15.1,32.4,21.06,Manakara,-22.145,48.017,5.0
2015-02-24,28.0,24.1,25.7,5.0,13.6,33.5,19.38,Manakara,-22.145,48.017,5.0
2015-02-25,28.2,23.3,25.4,12.3,13.2,31.7,19.4,Manakara,-22.145,48.017,5.0
2015-02-26,27.6,24.1,25.4,9.6,12.1,25.9,11.52,Manakara,-22.145,48.017,5.0
2015-02-27,28.6,24.2,26.2,3.4,13.0,27.4,19.45,Manakara,-22.145,48.017,5.0
2015-02-28,28.3,24.1,26.0,2.8,12.8,28.8,23.32,Manakara,-22.145,48.017,5.0
2015-03-01,29.3,23.4,26.1,1.1,16.7,34.6,24.56,Manakara,-22.145,48.017,5.0
2015-03-02,30.2,24.3,26.9,0.0,17.4,36.7,22.91,Manakara,-22.145,48.017,5.0
2015-03-03,26.4,23.0,25.0,12.5,32.6,61.9,12.24,Manakara,-22.145,48.017,5.0
2015-03-04,23.6,22.0,22.9,21.4,18.0,37.1,3.79,Manakara,-22.145,48.017,5.0
2015-03-05,24.6,23.1,23.7,88.1,17.4,38.9,3.07,Manakara,-22.145,48.017,5.0
2015-03-06,25.3,22.6,23.8,46.2,14.6,33.5,4.54,Manakara,-22.145,48.017,5.0
2015-03-07,26.7,24.1,24.7,62.0,19.8,40.3,8.42,Manakara,-22.145,48.017,5.0
2015-03-08,25.8,23.8,24.4,36.4,16.4,30.2,6.23,Manakara,-22.145,48.017,5.0
2015-03-09,25.1,22.9,24.2,85.4,29.8,55.4,5.31,Manakara,-22.145,48.017,5.0
2015-03-10,25.5,22.4,23.9,77.0,30.3,60.8,7.33,Manakara,-22.145,48.017,5.0
2015-03-11,28.2,23.5,25.2,17.7,21.0,41.8,20.39,Manakara,-22.145,48.017,5.0
2015-03-12,26.4,23.0,24.5,18.8,19.1,41.8,14.43,Manakara,-22.145,48.017,5.0
2015-03-13,26.3,22.2,24.3,4.0,14.3,29.5,18.85,Manakara,-22.145,48.017,5.0
2015-03-14,27.1,22.3,24.9,1.1,14.6,32.0,19.58,Manakara,-22.145,48.017,5.0
2015-03-15,27.2,22.5,24.4,2.4,13.4,28.8,22.49,Manakara,-22.145,48.017,5.0
2015-03-16,26.8,21.1,24.0,1.8,12.9,30.6,22.54,Manakara,-22.145,48.017,5.0
2015-03-17,28.3,21.9,25.0,0.0,14.3,31.7,24.36,Manakara,-22.145,48.017,5.0
2015-03-18,28.4,23.0,25.4,0.0,15.8,32.4,22.3,Manakara,-22.145,48.017,5.0
2015-03-19,28.6,23.4,25.6,0.0,13.8,30.6,21.68,Manakara,-22.145,48.017,5.0
2015-03-20,29.8,22.4,26.0,0.5,16.8,33.8,23.93,Manakara,-22.145,48.017,5.0
2015-03-21,28.9,23.8,26.0,0.9,15.3,32.8,21.43,Manakara,-22.145,48.017,5.0
2015-03-22,29.0,23.6,26.1,0.4,14.7,30.6,21.53,Manakara,-22.145,48.017,5.0
2015-03-23,29.2,23.2,26.1,0.5,13.0,28.4,24.25,Manakara,-22.145,48.017,5.0
2015-03-24,29.1,23.0,26.0,1.3,15.0,30.2,21.15,Manakara,-22.145,48.017,5.0
2015-03-25,28.3,23.8,25.6,4.0,15.8,35.3,19.9,Manakara,-22.145,48.017,5.0
2015-03-26,28.3,23.1,25.5,2.6,14.5,31.0,20.17,Manakara,-22.145,48.017,5.0
2015-03-27,28.2,23.2,25.6,1.6,13.6,32.4,20.88,Manakara,-22.145,48.017,5.0
2015-03-28,28.6,23.6,25.9,0.4,14.1,31.7,20.58,Manakara,-22.145,48.017,5.0
2015-03-29,28.3,23.6,25.8,0.6,13.7,29.5,19.39,Manakara,-22.145,48.017,5.0
2015-03-30,29.8,23.6,26.3,0.0,13.1,28.8,23.35,Manakara,-22.145,48.017,5.0
2015-03-31,28.6,23.6,25.9,4.0,12.9,28.1,21.13,Manakara,-22.145,48.017,5.0
2015-04-01,27.6,23.1,24.9,24.1,13.0,28.4,16.18,Manakara,-22.145,48.017,5.0
2015-04-02,26.1,22.5,23.9,6.8,17.4,41.4,17.88,Manakara,-22.145,48.017,5.0
2015-04-03,26.6,22.3,24.3,1.1,13.2,30.6,17.43,Manakara,-22.145,48.017,5.0
2015-04-04,26.8,22.4,24.5,0.7,13.2,29.5,16.39,Manakara,-22.145,48.017,5.0
2015-04-05,28.4,22.5,25.4,0.1,14.7,31.0,17.88,Manakara,-22.145,48.017,5.0
2015-04-06,28.7,24.0,26.0,0.2,12.6,26.6,20.94,Manakara,-22.145,48.017,5.0
2015-04-07,28.9,22.4,25.3,0.0,9.4,22.0,23.46,Manakara,-22.145,48.017,5.0
2015-04-08,28.3,22.4,25.1,0.9,10.8,24.8,21.33,Manakara,-22.145,48.017,5.0
2015-04-09,27.1,22.9,24.7,1.4,14.8,33.1,18.16,Manakara,-22.145,48.017,5.0
2015-04-10,26.0,22.8,24.0,4.6,16.5,33.1,14.5,Manakara,-22.145,48.017,5.0
2015-04-11,26.1,23.3,24.8,3.5,13.0,28.1,12.73,Manakara,-22.145,48.017,5.0
2015-04-12,27.8,23.4,25.2,0.5,11.1,22.7,19.95,Manakara,-22.145,48.017,5.0
2015-04-13,25.9,21.7,24.2,2.1,11.6,24.5,14.56,Manakara,-22.145,48.017,5.0
2015-04-14,26.7,23.2,24.9,1.5,12.5,26.3,14.69,Manakara,-22.145,48.017,5.0
2015-04-15,27.3,23.8,25.2,0.0,17.3,33.8,14.41,Manakara,-22.145,48.017,5.0
2015-04-16,29.1,23.5,26.0,0.5,13.0,30.2,19.32,Manakara,-22.145,48.017,5.0
2015-04-17,27.6,23.8,25.5,2.5,11.0,24.8,17.21,Manakara,-22.145,48.017,5.0
2015-04-18,27.3,22.8,25.1,1.8,11.8,25.2,17.45,Manakara,-22.145,48.017,5.0
2015-04-19,27.2,22.8,24.7,3.3,12.9,26.6,15.05,Manakara,-22.145,48.017,5.0
2015-04-20,28.9,22.2,25.6,0.0,15.8,32.8,19.78,Manakara,-22.145,48.017,5.0
2015-04-21,28.2,23.8,25.4,7.0,12.0,27.0,16.81,Manakara,-22.145,48.017,5.0
2015-04-22,25.4,22.5,23.8,15.5,17.1,35.6,9.57,Manakara,-22.145,48.017,5.0
2015-04-23,27.2,21.8,24.3,2.9,13.6,25.9,16.24,Manakara,-22.145,48.017,5.0
2015-04-24,27.2,22.7,24.7,3.7,10.9,23.4,13.42,Manakara,-22.145,48.017,5.0
2015-04-25,26.1,23.2,24.2,6.2,10.0,25.9,13.65,Manakara,-22.145,48.017,5.0
2015-04-26,27.0,22.7,24.4,8.3,13.1,25.9,16.15,Manakara,-22.145,48.017,5.0
2015-04-27,27.3,22.8,24.8,2.3,13.1,28.1,14.86,Manakara,-22.145,48.017,5.0
2015-04-28,28.9,23.4,25.7,0.4,13.6,29.5,18.03,Manakara,-22.145,48.017,5.0
2015-04-29,29.1,23.3,25.7,1.6,11.0,26.6,18.7,Manakara,-22.145,48.017,5.0
2015-04-30,27.8,23.0,25.1,0.3,12.8,24.5,17.25,Manakara,-22.145,48.017,5.0
2015-05-01,28.1,22.8,25.1,0.0,10.9,23.8,15.92,Manakara,-22.145,48.017,5.0
2015-05-02,27.5,22.8,24.9,5.0,10.2,27.4,16.95,Manakara,-22.145,48.017,5.0
2015-05-03,26.6,22.7,24.1,6.5,10.4,22.0,11.39,Manakara,-22.145,48.017,5.0
2015-05-04,27.2,22.9,24.4,3.8,11.0,25.6,14.23,Manakara,-22.145,48.017,5.0
2015-05-05,26.6,22.2,24.5,1.0,11.4,25.2,15.48,Manakara,-22.145,48.017,5.0
2015-05-06,27.4,22.7,24.7,0.7,14.6,32.0,16.75,Manakara,-22.145,48.017,5.0
2015-05-07,28.0,21.9,24.6,0.3,12.4,25.6,18.44,Manakara,-22.145,48.017,5.0
2015-05-08,25.4,22.2,23.4,3.6,15.1,29.5,13.49,Manakara,-22.145,48.017,5.0
2015-05-09,24.5,21.8,22.8,8.0,11.0,25.2,11.41,Manakara,-22.145,48.017,5.0
2015-05-10,25.4,21.6,23.4,2.3,9.1,22.0,12.09,Manakara,-22.145,48.017,5.0
2015-05-11,26.3,21.3,23.9,1.4,10.2,22.0,14.77,Manakara,-22.145,48.017,5.0
2015-05-12,24.9,21.9,23.0,16.7,13.7,29.2,10.86,Manakara,-22.145,48.017,5.0
2015-05-13,25.7,22.1,23.6,8.6,14.8,30.6,12.23,Manakara,-22.145,48.017,5.0
2015-05-14,27.8,22.5,24.7,0.1,14.8,28.4,17.34,Manakara,-22.145,48.017,5.0
2015-05-15,24.7,21.8,23.4,1.3,11.2,24.5,14.01,Manakara,-22.145,48.017,5.0
2015-05-16,24.3,21.0,22.7,1.2,8.9,20.2,12.41,Manakara,-22.145,48.017,5.0
2015-05-17,24.7,21.4,23.2,0.7,12.6,24.8,11.73,Manakara,-22.145,48.017,5.0
2015-05-18,25.1,21.4,22.9,0.3,12.9,27.4,12.1,Manakara,-22.145,48.017,5.0
2015-05-19,24.9,21.0,22.6,3.2,15.1,29.5,12.09,Manakara,-22.145,48.017,5.0
2015-05-20,25.0,21.1,22.9,2.1,10.5,24.5,13.73,Manakara,-22.145,48.017,5.0
2015-05-21,24.5,21.1,22.5,2.0,8.7,25.9,12.01,Manakara,-22.145,48.017,5.0
2015-05-22,24.4,20.6,22.1,1.8,11.3,24.5,13.51,Manakara,-22.145,48.017,5.0
2015-05-23,25.3,20.6,22.7,1.5,9.1,20.5,14.63,Manakara,-22.145,48.017,5.0
2015-05-24,24.5,20.7,22.5,1.7,11.0,23.4,13.63,Manakara,-22.145,48.017,5.0
2015-05-25,24.9,20.2,22.6,1.7,12.1,23.8,13.36,Manakara,-22.145,48.017,5.0
2015-05-26,25.5,20.8,23.0,0.1,14.5,27.7,14.62,Manakara,-22.145,48.017,5.0
2015-05-27,25.6,21.4,23.0,0.8,12.0,27.0,14.32,Manakara,-22.145,48.017,5.0
2015-05-28,25.1,20.2,22.4,0.0,9.0,21.2,16.18,Manakara,-22.145,48.017,5.0
2015-05-29,24.5,18.2,21.5,0.0,9.4,20.9,16.93,Manakara,-22.145,48.017,5.0
2015-05-30,23.4,18.4,21.1,2.4,8.4,29.2,12.55,Manakara,-22.145,48.017,5.0
2015-05-31,23.5,20.1,21.4,8.2,10.4,36.4,8.55,Manakara,-22.145,48.017,5.0
2015-06-01,22.7,20.3,21.3,12.2,15.1,35.6,8.8,Manakara,-22.145,48.017,5.0
2015-06-02,22.1,20.1,21.0,31.8,12.2,38.2,2.69,Manakara,-22.145,48.017,5.0
2015-06-03,24.9,19.9,22.4,5.7,9.3,20.5,10.63,Manakara,-22.145,48.017,5.0
2015-06-04,25.9,20.5,23.1,0.1,14.5,29.2,13.98,Manakara,-22.145,48.017,5.0
2015-06-05,26.3,21.7,23.8,0.0,14.5,25.6,8.5,Manakara,-22.145,48.017,5.0
2015-06-06,24.7,21.5,22.9,0.4,19.3,38.5,15.58,Manakara,-22.145,48.017,5.0
2015-06-07,21.4,19.4,20.6,3.2,12.9,27.7,5.1,Manakara,-22.145,48.017,5.0
2015-06-08,22.3,19.4,20.9,2.1,6.9,17.3,6.14,Manakara,-22.145,48.017,5.0
2015-06-09,23.3,19.7,21.4,0.2,9.5,18.7,6.88,Manakara,-22.145,48.017,5.0
2015-06-10,24.1,19.3,21.8,0.4,14.9,32.8,13.72,Manakara,-22.145,48.017,5.0
2015-06-11,22.5,19.5,20.7,0.5,24.9,48.6,11.56,Manakara,-22.145,48.017,5.0
2015-06-12,24.6,18.9,21.3,0.0,15.1,27.0,14.45,Manakara,-22.145,48.017,5.0
2015-06-13,26.6,18.5,22.2,0.3,25.3,43.6,16.05,Manakara,-22.145,48.017,5.0
2015-06-14,23.9,19.2,21.3,0.0,17.1,35.3,15.81,Manakara,-22.145,48.017,5.0
2015-06-15,22.5,17.9,20.2,0.0,16.1,32.4,13.28,Manakara,-22.145,48.017,5.0
2015-06-16,23.2,18.6,20.6,0.0,14.2,26.3,13.56,Manakara,-22.145,48.017,5.0
2015-06-17,24.5,18.6,21.3,0.0,10.7,20.9,15.35,Manakara,-22.145,48.017,5.0
2015-06-18,25.7,18.0,21.7,0.0,9.8,19.1,15.9,Manakara,-22.145,48.017,5.0
2015-06-19,23.5,18.5,21.1,1.9,14.4,27.7,10.66,Manakara,-22.145,48.017,5.0
2015-06-20,22.6,19.8,21.2,8.0,18.2,41.4,9.69,Manakara,-22.145,48.017,5.0
2015-06-21,23.0,19.3,21.2,0.6,11.2,24.1,8.07,Manakara,-22.145,48.017,5.0
2015-06-22,23.6,19.7,21.5,0.8,10.4,20.9,9.13,Manakara,-22.145,48.017,5.0
2015-06-23,23.0,19.0,21.0,8.1,10.8,21.2,9.16,Manakara,-22.145,48.017,5.0
2015-06-24,22.9,19.1,20.9,8.7,11.0,28.4,9.2,Manakara,-22.145,48.017,5.0
2015-06-25,24.2,18.4,21.3,1.2,8.7,22.0,13.69,Manakara,-22.145,48.017,5.0
2015-06-26,24.8,18.5,21.5,0.0,9.7,21.2,14.98,Manakara,-22.145,48.017,5.0
2015-06-27,22.4,18.7,20.6,3.9,12.6,28.4,9.73,Manakara,-22.145,48.017,5.0
2015-06-28,22.3,18.4,20.0,3.6,8.4,18.7,7.87,Manakara,-22.145,48.017,5.0
2015-06-29,24.8,16.9,21.0,0.0,11.8,25.2,14.81,Manakara,-22.145,48.017,5.0
2015-06-30,25.1,19.3,21.9,0.1,10.5,18.0,15.18,Manakara,-22.145,48.017,5.0
2015-07-01,21.6,19.2,20.2,2.9,14.2,30.2,9.06,Manakara,-22.145,48.017,5.0
2015-07-02,20.8,19.1,19.7,17.9,14.0,30.6,5.94,Manakara,-22.145,48.017,5.0
2015-07-03,22.0,18.7,20.2,4.5,9.7,24.1,6.77,Manakara,-22.145,48.017,5.0
2015-07-04,22.8,19.4,20.8,4.1,10.5,22.0,8.13,Manakara,-22.145,48.017,5.0
2015-07-05,24.5,19.7,21.9,0.0,15.3,30.2,13.28,Manakara,-22.145,48.017,5.0
2015-07-06,25.8,19.8,22.4,0.0,15.6,27.4,15.43,Manakara,-22.145,48.017,5.0
2015-07-07,24.1,19.5,21.5,0.7,24.2,47.5,15.29,Manakara,-22.145,48.017,5.0
2015-07-08,20.9,16.8,18.9,0.0,22.0,40.0,14.1,Manakara,-22.145,48.017,5.0
2015-07-09,21.8,17.7,19.8,0.1,10.5,19.4,9.17,Manakara,-22.145,48.017,5.0
2015-07-10,22.8,18.4,20.7,1.0,10.0,22.0,10.46,Manakara,-22.145,48.017,5.0
2015-07-11,23.0,19.1,20.8,1.3,12.2,27.0,13.3,Manakara,-22.145,48.017,5.0
2015-07-12,23.3,17.2,20.4,0.0,9.8,22.3,13.64,Manakara,-22.145,48.017,5.0
2015-07-13,23.1,17.8,20.4,0.5,9.5,18.0,13.11,Manakara,-22.145,48.017,5.0
2015-07-14,23.9,18.0,20.6,0.0,6.9,17.6,14.46,Manakara,-22.145,48.017,5.0
2015-07-15,23.0,16.9,20.1,0.0,7.2,17.3,10.14,Manakara,-22.145,48.017,5.0
2015-07-16,23.4,18.1,20.6,0.4,8.6,20.5,12.66,Manakara,-22.145,48.017,5.0
2015-07-17,24.0,17.8,20.8,0.0,12.5,21.2,11.93,Manakara,-22.145,48.017,5.0
2015-07-18,24.7,20.1,21.8,0.4,12.9,25.6,14.42,Manakara,-22.145,48.017,5.0
2015-07-19,23.0,18.2,20.7,3.7,10.2,25.9,11.11,Manakara,-22.145,48.017,5.0
2015-07-20,23.4,17.4,20.7,2.6,9.7,24.1,12.81,Manakara,-22.145,48.017,5.0
2015-07-21,22.6,17.4,20.1,0.8,13.4,29.9,12.14,Manakara,-22.145,48.017,5.0
2015-07-22,22.4,16.8,19.6,1.1,8.1,21.2,13.14,Manakara,-22.145,48.017,5.0
2015-07-23,23.3,15.9,19.8,0.5,7.6,19.4,14.73,Manakara,-22.145,48.017,5.0
2015-07-24,22.8,17.9,20.0,0.0,11.4,30.2,12.26,Manakara,-22.145,48.017,5.0
2015-07-25,23.6,16.6,20.2,0.0,12.5,28.4,14.87,Manakara,-22.145,48.017,5.0
2015-07-26,23.9,17.6,20.5,0.0,18.0,33.1,17.55,Manakara,-22.145,48.017,5.0
2015-07-27,25.8,18.2,21.5,0.0,17.7,31.0,17.69,Manakara,-22.145,48.017,5.0
2015-07-28,22.7,19.7,20.9,2.6,13.5,29.2,12.06,Manakara,-22.145,48.017,5.0
2015-07-29,23.3,18.4,20.9,0.4,13.1,25.9,12.77,Manakara,-22.145,48.017,5.0
2015-07-30,25.2,19.4,21.9,0.0,17.2,32.8,17.65,Manakara,-22.145,48.017,5.0
2015-07-31,25.8,19.9,22.5,0.0,18.9,38.5,17.6,Manakara,-22.145,48.017,5.0
2015-08-01,28.5,18.9,22.6,0.0,21.1,42.1,17.0,Manakara,-22.145,48.017,5.0
2015-08-02,21.9,18.6,20.2,0.1,21.3,41.0,11.4,Manakara,-22.145,48.017,5.0
2015-08-03,22.3,18.2,20.0,0.0,9.9,23.8,12.79,Manakara,-22.145,48.017,5.0
2015-08-04,22.1,16.4,19.6,1.9,11.3,26.3,12.97,Manakara,-22.145,48.017,5.0
2015-08-05,23.7,16.3,20.1,0.0,11.4,25.2,16.5,Manakara,-22.145,48.017,5.0
2015-08-06,23.8,17.3,20.2,0.0,9.5,21.2,18.7,Manakara,-22.145,48.017,5.0
2015-08-07,22.4,17.4,19.8,0.3,10.9,24.8,15.11,Manakara,-22.145,48.017,5.0
2015-08-08,22.9,17.6,20.1,0.9,10.4,22.3,13.8,Manakara,-22.145,48.017,5.0
2015-08-09,24.3,18.4,20.9,0.0,15.2,30.6,16.74,Manakara,-22.145,48.017,5.0
2015-08-10,24.7,18.0,21.1,0.0,15.2,30.6,18.68,Manakara,-22.145,48.017,5.0
2015-08-11,24.4,18.6,21.6,0.4,17.7,38.5,15.91,Manakara,-22.145,48.017,5.0
2015-08-12,24.5,19.3,21.8,0.5,17.3,41.4,14.85,Manakara,-22.145,48.017,5.0
2015-08-13,25.3,19.4,22.1,0.2,15.3,32.8,17.24,Manakara,-22.145,48.017,5.0
2015-08-14,25.9,19.4,22.3,0.0,15.5,32.4,17.97,Manakara,-22.145,48.017,5.0
2015-08-15,24.7,20.1,22.2,0.7,13.9,31.0,15.93,Manakara,-22.145,48.017,5.0
2015-08-16,23.4,19.5,21.5,2.1,16.4,37.1,11.63,Manakara,-22.145,48.017,5.0
2015-08-17,24.4,18.6,21.7,0.0,14.3,30.6,15.56,Manakara,-22.145,48.017,5.0
2015-08-18,25.4,19.3,21.9,0.0,13.1,26.3,19.32,Manakara,-22.145,48.017,5.0
2015-08-19,25.2,18.2,21.5,0.0,10.9,24.8,19.68,Manakara,-22.145,48.017,5.0
2015-08-20,26.0,18.2,21.8,0.0,13.4,27.0,19.83,Manakara,-22.145,48.017,5.0
2015-08-21,25.5,18.8,21.8,0.0,14.1,29.5,18.65,Manakara,-22.145,48.017,5.0
2015-08-22,24.0,19.5,21.5,1.1,15.6,33.5,13.17,Manakara,-22.145,48.017,5.0
2015-08-23,25.7,19.5,22.2,0.0,19.5,37.4,19.29,Manakara,-22.145,48.017,5.0
2015-08-24,24.4,19.9,22.1,1.2,20.9,43.2,13.55,Manakara,-22.145,48.017,5.0
2015-08-25,23.0,20.1,21.6,2.5,15.5,32.8,11.75,Manakara,-22.145,48.017,5.0
2015-08-26,23.5,18.6,21.3,2.1,13.3,28.4,15.85,Manakara,-22.145,48.017,5.0
2015-08-27,23.4,18.5,20.8,1.6,13.0,29.2,16.3,Manakara,-22.145,48.017,5.0
2015-08-28,24.1,18.3,21.3,0.5,14.0,29.5,17.58,Manakara,-22.145,48.017,5.0
2015-08-29,23.4,18.5,20.9,1.1,15.8,33.5,15.28,Manakara,-22.145,48.017,5.0
2015-08-30,23.4,19.1,21.2,4.3,17.1,36.0,13.72,Manakara,-22.145,48.017,5.0
2015-08-31,24.8,19.0,21.5,0.1,17.6,36.0,20.56,Manakara,-22.145,48.017,5.0
2015-09-01,24.4,19.5,21.8,1.0,16.9,36.7,15.13,Manakara,-22.145,48.017,5.0
2015-09-02,24.0,20.5,21.9,1.3,17.9,35.6,13.89,Manakara,-22.145,48.017,5.0
2015-09-03,25.4,19.6,22.1,0.0,16.0,32.4,21.47,Manakara,-22.145,48.017,5.0
2015-09-04,26.5,19.0,22.1,0.0,13.1,29.5,22.38,Manakara,-22.145,48.017,5.0
2015-09-05,22.8,19.0,21.0,8.6,15.6,33.5,10.29,Manakara,-22.145,48.017,5.0
2015-09-06,23.2,20.0,21.3,6.2,14.4,31.0,14.46,Manakara,-22.145,48.017,5.0
2015-09-07,22.4,19.7,21.1,6.5,19.5,38.2,9.73,Manakara,-22.145,48.017,5.0
2015-09-08,24.5,19.7,21.9,0.3,15.4,30.2,19.12,Manakara,-22.145,48.017,5.0
2015-09-09,24.8,18.4,21.7,0.0,17.1,34.9,21.68,Manakara,-22.145,48.017,5.0
2015-09-10,25.7,19.2,22.0,0.0,18.0,36.7,21.2,Manakara,-22.145,48.017,5.0
2015-09-11,26.6,19.5,22.6,0.0,19.4,34.6,23.21,Manakara,-22.145,48.017,5.0
2015-09-12,26.5,19.7,21.6,3.1,30.8,61.9,19.78,Manakara,-22.145,48.017,5.0
2015-09-13,20.4,17.9,19.1,0.9,20.6,39.2,8.6,Manakara,-22.145,48.017,5.0
2015-09-14,23.4,17.0,20.0,0.0,14.4,29.5,23.96,Manakara,-22.145,48.017,5.0
2015-09-15,21.7,17.3,19.6,6.7,13.7,28.8,11.72,Manakara,-22.145,48.017,5.0
2015-09-16,23.8,18.9,21.1,0.0,18.2,36.0,18.24,Manakara,-22.145,48.017,5.0
2015-09-17,25.2,19.2,21.8,0.0,18.4,36.7,22.11,Manakara,-22.145,48.017,5.0
2015-09-18,25.8,19.3,22.4,0.0,17.5,35.3,22.68,Manakara,-22.145,48.017,5.0
2015-09-19,26.3,19.5,22.7,0.0,14.5,30.2,21.65,Manakara,-22.145,48.017,5.0
2015-09-20,22.0,20.3,21.1,5.3,21.4,41.8,7.23,Manakara,-22.145,48.017,5.0
2015-09-21,22.5,19.9,21.0,0.4,14.2,28.1,6.96,Manakara,-22.145,48.017,5.0
2015-09-22,22.8,18.9,21.0,0.9,17.9,37.8,17.07,Manakara,-22.145,48.017,5.0
2015-09-23,24.1,19.4,21.4,1.6,16.2,34.6,19.7,Manakara,-22.145,48.017,5.0
2015-09-24,23.6,18.1,21.0,2.3,15.2,33.1,20.06,Manakara,-22.145,48.017,5.0
2015-09-25,24.0,17.7,20.9,2.3,15.0,32.8,19.85,Manakara,-22.145,48.017,5.0
2015-09-26,24.1,19.0,21.5,1.4,14.1,32.0,18.95,Manakara,-22.145,48.017,5.0
2015-09-27,23.3,19.5,21.4,3.8,16.4,36.0,15.65,Manakara,-22.145,48.017,5.0
2015-09-28,24.9,19.3,22.0,1.2,18.7,38.2,21.13,Manakara,-22.145,48.017,5.0
2015-09-29,25.8,19.9,22.5,0.0,16.7,36.7,22.7,Manakara,-22.145,48.017,5.0
2015-09-30,23.9,18.5,21.5,0.9,14.8,32.8,18.99,Manakara,-22.145,48.017,5.0
2015-10-01,24.1,19.6,21.8,2.8,17.4,37.1,18.23,Manakara,-22.145,48.017,5.0
2015-10-02,25.5,20.1,22.6,0.9,17.2,35.6,21.97,Manakara,-22.145,48.017,5.0
2015-10-03,26.9,21.0,23.4,0.0,16.3,33.5,22.78,Manakara,-22.145,48.017,5.0
2015-10-04,27.4,20.4,23.5,0.0,15.5,33.1,25.44,Manakara,-22.145,48.017,5.0
2015-10-05,26.2,20.8,23.2,1.3,17.3,34.6,21.59,Manakara,-22.145,48.017,5.0
2015-10-06,27.2,20.5,23.2,0.0,17.4,34.2,25.57,Manakara,-22.145,48.017,5.0
2015-10-07,28.3,19.9,23.8,0.0,19.2,38.2,26.96,Manakara,-22.145,48.017,5.0
2015-10-08,27.5,22.0,24.2,0.0,22.7,45.0,23.2,Manakara,-22.145,48.017,5.0
2015-10-09,27.9,21.7,24.2,0.0,23.2,46.4,25.33,Manakara,-22.145,48.017,5.0
2015-10-10,28.6,22.2,24.5,0.0,23.6,46.8,23.49,Manakara,-22.145,48.017,5.0
2015-10-11,28.5,22.4,24.7,0.0,24.5,47.2,26.18,Manakara,-22.145,48.017,5.0
2015-10-12,27.6,22.2,24.6,0.8,23.7,50.0,21.29,Manakara,-22.145,48.017,5.0
2015-10-13,28.3,22.5,24.6,0.0,22.4,46.1,23.92,Manakara,-22.145,48.017,5.0
2015-10-14,28.0,21.7,24.2,0.1,23.7,47.9,24.13,Manakara,-22.145,48.017,5.0
2015-10-15,27.1,21.2,23.8,0.1,21.5,45.7,21.35,Manakara,-22.145,48.017,5.0
2015-10-16,28.0,21.1,24.1,0.2,23.1,45.7,25.81,Manakara,-22.145,48.017,5.0
2015-10-17,28.7,20.9,24.3,0.0,21.8,44.6,27.87,Manakara,-22.145,48.017,5.0
2015-10-18,28.2,22.3,24.6,0.0,22.7,46.4,24.16,Manakara,-22.145,48.017,5.0
2015-10-19,25.7,21.0,23.2,6.3,17.0,37.8,17.17,Manakara,-22.145,48.017,5.0
2015-10-20,24.8,20.3,22.5,5.5,13.7,36.0,20.06,Manakara,-22.145,48.017,5.0
2015-10-21,25.7,19.5,22.8,2.1,14.1,31.3,21.44,Manakara,-22.145,48.017,5.0
2015-10-22,26.9,20.6,23.5,1.3,20.3,39.6,24.04,Manakara,-22.145,48.017,5.0
2015-10-23,28.1,22.0,24.5,0.0,20.7,42.1,26.21,Manakara,-22.145,48.017,5.0
2015-10-24,28.2,22.3,24.7,0.0,18.4,37.8,25.87,Manakara,-22.145,48.017,5.0
2015-10-25,27.8,22.4,24.6,0.0,16.8,36.4,23.37,Manakara,-22.145,48.017,5.0
2015-10-26,26.1,22.0,24.0,6.0,17.4,34.2,17.64,Manakara,-22.145,48.017,5.0
2015-10-27,26.2,21.7,23.6,5.1,15.8,36.4,18.37,Manakara,-22.145,48.017,5.0
2015-10-28,26.3,20.8,23.2,11.5,15.7,34.6,19.25,Manakara,-22.145,48.017,5.0
2015-10-29,26.2,21.7,23.4,19.0,16.6,40.0,15.26,Manakara,-22.145,48.017,5.0
2015-10-30,26.0,21.9,23.7,5.7,21.2,39.6,18.24,Manakara,-22.145,48.017,5.0
2015-10-31,25.8,22.8,23.9,3.9,21.2,43.2,13.62,Manakara,-22.145,48.017,5.0
2015-11-01,26.9,22.1,24.2,3.7,22.0,45.7,20.98,Manakara,-22.145,48.017,5.0
2015-11-02,28.4,21.8,25.1,0.0,23.3,50.4,26.65,Manakara,-22.145,48.017,5.0
2015-11-03,29.2,23.3,25.9,1.9,21.1,42.8,24.32,Manakara,-22.145,48.017,5.0
2015-11-04,24.5,19.6,21.6,27.7,31.5,57.6,8.0,Manakara,-22.145,48.017,5.0
2015-11-05,23.3,19.2,20.8,6.7,26.0,54.7,27.25,Manakara,-22.145,48.017,5.0
2015-11-06,23.0,18.7,20.8,0.0,18.4,38.2,20.47,Manakara,-22.145,48.017,5.0
2015-11-07,24.2,18.2,21.5,0.0,14.0,31.3,23.15,Manakara,-22.145,48.017,5.0
2015-11-08,25.0,20.2,22.6,0.0,17.0,35.3,24.16,Manakara,-22.145,48.017,5.0
2015-11-09,25.8,19.3,22.6,0.0,17.9,36.4,26.44,Manakara,-22.145,48.017,5.0
2015-11-10,27.3,20.9,23.9,0.0,19.8,40.0,28.08,Manakara,-22.145,48.017,5.0
2015-11-11,28.9,21.3,24.6,0.0,17.6,35.3,29.57,Manakara,-22.145,48.017,5.0
2015-11-12,28.3,21.9,24.5,0.0,19.9,40.0,27.48,Manakara,-22.145,48.017,5.0
2015-11-13,29.8,21.4,25.0,0.0,17.8,36.7,30.16,Manakara,-22.145,48.017,5.0
2015-11-14,29.4,21.6,25.1,0.0,22.2,42.8,30.1,Manakara,-22.145,48.017,5.0
2015-11-15,30.2,22.4,25.6,0.0,22.9,45.4,28.59,Manakara,-22.145,48.017,5.0
2015-11-16,30.2,22.9,26.0,0.0,21.1,43.9,28.16,Manakara,-22.145,48.017,5.0
2015-11-17,29.6,21.8,25.4,0.5,17.4,37.4,26.66,Manakara,-22.145,48.017,5.0
2015-11-18,29.6,22.9,25.8,0.0,22.8,46.8,28.71,Manakara,-22.145,48.017,5.0
2015-11-19,30.4,23.5,26.2,0.0,24.2,48.6,28.59,Manakara,-22.145,48.017,5.0
2015-11-20,30.5,23.6,26.5,0.0,23.1,47.5,28.0,Manakara,-22.145,48.017,5.0
2015-11-21,29.6,24.4,26.4,0.5,24.7,51.5,23.01,Manakara,-22.145,48.017,5.0
2015-11-22,31.0,24.3,26.8,0.0,22.9,49.3,26.36,Manakara,-22.145,48.017,5.0
2015-11-23,31.0,23.7,26.8,5.5,20.2,40.7,25.09,Manakara,-22.145,48.017,5.0
2015-11-24,24.0,22.5,23.2,13.7,23.9,43.2,8.5,Manakara,-22.145,48.017,5.0
2015-11-25,26.3,22.1,24.0,1.3,16.3,33.1,20.67,Manakara,-22.145,48.017,5.0
2015-11-26,28.6,22.7,25.3,4.6,22.3,51.1,22.69,Manakara,-22.145,48.017,5.0
2015-11-27,29.5,23.9,26.1,1.2,21.6,44.6,22.59,Manakara,-22.145,48.017,5.0
2015-11-28,29.2,24.1,26.4,1.0,14.8,34.9,24.57,Manakara,-22.145,48.017,5.0
2015-11-29,28.2,23.7,25.5,5.1,19.3,38.9,23.93,Manakara,-22.145,48.017,5.0
2015-11-30,27.2,23.3,24.9,8.7,13.8,26.3,19.55,Manakara,-22.145,48.017,5.0
2015-12-01,24.9,23.0,23.7,7.3,25.0,50.8,12.09,Manakara,-22.145,48.017,5.0
2015-12-02,26.7,23.2,24.7,4.3,17.0,34.9,18.36,Manakara,-22.145,48.017,5.0
2015-12-03,27.9,23.0,25.3,0.5,16.8,35.6,25.89,Manakara,-22.145,48.017,5.0
2015-12-04,29.1,24.0,26.0,1.2,18.8,36.7,27.4,Manakara,-22.145,48.017,5.0
2015-12-05,28.7,23.8,25.9,1.5,19.1,35.6,24.84,Manakara,-22.145,48.017,5.0
2015-12-06,30.2,24.0,26.6,4.3,17.1,36.0,26.72,Manakara,-22.145,48.017,5.0
2015-12-07,29.0,23.6,25.7,6.5,11.7,27.7,22.23,Manakara,-22.145,48.017,5.0
2015-12-08,26.8,23.7,25.2,10.1,11.1,25.9,17.82,Manakara,-22.145,48.017,5.0
2015-12-09,28.8,23.7,26.1,0.5,15.9,36.4,24.38,Manakara,-22.145,48.017,5.0
2015-12-10,30.8,25.1,27.5,0.1,15.7,33.5,26.57,Manakara,-22.145,48.017,5.0
2015-12-11,30.7,25.7,27.7,1.5,16.7,35.3,26.7,Manakara,-22.145,48.017,5.0
2015-12-12,30.8,25.1,27.7,0.0,18.4,39.6,28.84,Manakara,-22.145,48.017,5.0
2015-12-13,31.5,25.6,27.9,0.0,19.5,42.5,29.21,Manakara,-22.145,48.017,5.0
2015-12-14,31.2,25.8,27.9,0.0,18.3,40.3,28.97,Manakara,-22.145,48.017,5.0
2015-12-15,30.9,25.1,27.5,0.4,19.8,41.4,27.64,Manakara,-22.145,48.017,5.0
2015-12-16,31.3,25.4,27.8,0.0,18.0,36.0,26.34,Manakara,-22.145,48.017,5.0
2015-12-17,31.2,25.6,27.8,0.0,15.6,34.6,25.4,Manakara,-22.145,48.017,5.0
2015-12-18,29.2,24.8,26.9,1.9,14.5,31.3,23.41,Manakara,-22.145,48.017,5.0
2015-12-19,28.9,24.1,25.9,11.9,15.7,32.0,20.08,Manakara,-22.145,48.017,5.0
2015-12-20,29.4,24.2,26.0,13.7,15.7,37.4,21.36,Manakara,-22.145,48.017,5.0
2015-12-21,26.9,24.1,25.1,30.3,14.0,26.6,12.13,Manakara,-22.145,48.017,5.0
2015-12-22,29.9,23.9,26.2,25.8,18.4,37.4,21.39,Manakara,-22.145,48.017,5.0
2015-12-23,27.9,24.2,25.9,9.9,14.5,30.2,12.19,Manakara,-22.145,48.017,5.0
2015-12-24,29.0,24.0,26.2,12.1,19.7,35.6,21.41,Manakara,-22.145,48.017,5.0
2015-12-25,28.8,24.5,26.0,21.0,16.3,37.8,19.57,Manakara,-22.145,48.017,5.0
2015-12-26,28.3,24.5,25.9,6.2,15.8,38.2,19.21,Manakara,-22.145,48.017,5.0
2015-12-27,28.5,24.1,26.1,2.2,16.3,33.1,15.96,Manakara,-22.145,48.017,5.0
2015-12-28,28.7,24.4,25.8,14.7,14.9,34.6,20.02,Manakara,-22.145,48.017,5.0
2015-12-29,27.4,23.6,25.4,7.2,9.5,28.1,13.1,Manakara,-22.145,48.017,5.0
2015-12-30,27.8,23.5,25.4,9.1,14.1,32.4,24.04,Manakara,-22.145,48.017,5.0
2015-12-31,27.5,23.8,25.6,8.4,20.5,39.6,24.38,Manakara,-22.145,48.017,5.0
2016-01-01,28.4,23.3,25.4,11.1,18.5,39.6,23.76,Manakara,-22.145,48.017,5.0
2016-01-02,29.5,23.9,26.2,4.9,17.3,37.4,26.56,Manakara,-22.145,48.017,5.0
2016-01-03,28.8,23.8,26.1,4.8,20.5,43.2,25.96,Manakara,-22.145,48.017,5.0
2016-01-04,28.0,23.3,25.4,3.9,17.3,38.5,24.19,Manakara,-22.145,48.017,5.0
2016-01-05,28.1,23.1,25.5,2.3,17.1,37.8,24.4,Manakara,-22.145,48.017,5.0
2016-01-06,28.3,23.6,25.8,0.4,12.3,28.1,28.14,Manakara,-22.145,48.017,5.0
2016-01-07,28.5,23.2,25.8,4.4,14.9,33.1,22.02,Manakara,-22.145,48.017,5.0
2016-01-08,28.9,24.4,26.4,0.7,14.1,31.0,25.23,Manakara,-22.145,48.017,5.0
2016-01-09,29.1,24.0,26.6,0.0,14.4,30.6,27.97,Manakara,-22.145,48.017,5.0
2016-01-10,28.6,24.1,26.1,4.4,14.4,33.8,24.51,Manakara,-22.145,48.017,5.0
2016-01-11,28.4,24.2,25.9,18.7,14.8,33.5,21.25,Manakara,-22.145,48.017,5.0
2016-01-12,27.4,24.1,25.9,9.1,15.6,39.2,19.41,Manakara,-22.145,48.017,5.0
2016-01-13,29.0,23.9,26.4,0.4,14.0,32.0,24.52,Manakara,-22.145,48.017,5.0
2016-01-14,29.1,23.9,26.3,7.9,16.4,32.0,24.44,Manakara,-22.145,48.017,5.0
2016-01-15,29.2,24.3,26.5,9.2,14.1,29.9,23.52,Manakara,-22.145,48.017,5.0
2016-01-16,30.6,24.7,27.2,6.5,14.1,34.6,25.56,Manakara,-22.145,48.017,5.0
2016-01-17,27.4,24.6,25.7,8.6,27.0,50.8,18.47,Manakara,-22.145,48.017,5.0
2016-01-18,27.0,23.6,25.0,2.0,25.0,50.8,19.56,Manakara,-22.145,48.017,5.0
2016-01-19,27.1,22.9,24.8,2.1,20.1,41.4,19.39,Manakara,-22.145,48.017,5.0
2016-01-20,27.9,23.0,25.3,0.1,12.2,26.6,25.05,Manakara,-22.145,48.017,5.0
2016-01-21,27.5,22.8,25.0,2.1,12.4,28.1,23.86,Manakara,-22.145,48.017,5.0
2016-01-22,29.2,22.5,25.4,1.3,19.0,38.9,29.6,Manakara,-22.145,48.017,5.0
2016-01-23,27.6,23.6,25.4,9.0,12.7,31.3,23.66,Manakara,-22.145,48.017,5.0
2016-01-24,28.2,23.2,25.5,1.5,15.1,33.1,23.49,Manakara,-22.145,48.017,5.0
2016-01-25,29.9,22.4,26.3,0.0,16.1,35.6,28.38,Manakara,-22.145,48.017,5.0
2016-01-26,30.2,24.0,26.8,0.0,14.1,31.3,29.71,Manakara,-22.145,48.017,5.0
2016-01-27,29.1,23.5,26.6,0.5,12.9,30.6,26.98,Manakara,-22.145,48.017,5.0
2016-01-28,29.0,23.9,26.5,3.1,12.5,30.6,24.49,Manakara,-22.145,48.017,5.0
2016-01-29,28.3,24.9,26.2,6.1,14.7,30.2,21.23,Manakara,-22.145,48.017,5.0
2016-01-30,27.8,24.2,25.9,2.5,16.8,33.8,20.39,Manakara,-22.145,48.017,5.0
2016-01-31,27.9,23.6,25.6,2.7,14.0,32.0,24.97,Manakara,-22.145,48.017,5.0
2016-02-01,27.9,22.6,25.1,1.2,12.2,26.6,24.07,Manakara,-22.145,48.017,5.0
2016-02-02,27.6,22.8,25.1,3.3,15.1,35.6,24.71,Manakara,-22.145,48.017,5.0
2016-02-03,26.8,23.4,25.1,8.2,13.1,28.8,17.09,Manakara,-22.145,48.017,5.0
2016-02-04,28.5,23.2,25.7,2.9,14.1,28.4,19.9,Manakara,-22.145,48.017,5.0
2016-02-05,29.0,23.9,26.4,1.3,15.3,34.2,22.88,Manakara,-22.145,48.017,5.0
2016-02-06,29.9,24.6,27.1,4.5,16.6,32.8,25.35,Manakara,-22.145,48.017,5.0
2016-02-07,27.9,24.6,26.0,46.2,10.7,31.7,13.12,Manakara,-22.145,48.017,5.0
2016-02-08,29.9,25.3,26.9,13.8,17.0,34.2,20.66,Manakara,-22.145,48.017,5.0
2016-02-09,26.6,25.3,25.8,19.6,18.7,33.1,5.3,Manakara,-22.145,48.017,5.0
2016-02-10,31.6,25.5,27.7,4.4,18.2,45.7,22.16,Manakara,-22.145,48.017,5.0
2016-02-11,32.2,24.6,28.3,1.0,14.3,28.1,27.45,Manakara,-22.145,48.017,5.0
2016-02-12,30.0,24.8,27.6,1.0,12.8,29.2,26.81,Manakara,-22.145,48.017,5.0
2016-02-13,29.3,25.1,26.6,15.3,14.5,32.0,22.19,Manakara,-22.145,48.017,5.0
2016-02-14,26.4,25.3,25.7,63.6,13.2,26.3,4.29,Manakara,-22.145,48.017,5.0
2016-02-15,28.3,24.3,26.4,13.3,13.6,27.4,17.52,Manakara,-22.145,48.017,5.0
2016-02-16,29.7,24.1,26.9,1.0,12.2,28.1,24.27,Manakara,-22.145,48.017,5.0
2016-02-17,29.3,24.5,26.8,1.7,12.9,28.4,23.95,Manakara,-22.145,48.017,5.0
2016-02-18,28.2,24.2,26.4,2.2,12.6,30.2,23.94,Manakara,-22.145,48.017,5.0
2016-02-19,29.5,24.5,26.7,3.1,18.0,36.7,23.84,Manakara,-22.145,48.017,5.0
2016-02-20,30.3,25.6,27.6,1.1,15.8,32.0,21.71,Manakara,-22.145,48.017,5.0
2016-02-21,32.0,24.7,27.9,2.4,14.5,30.6,27.16,Manakara,-22.145,48.017,5.0
2016-02-22,32.0,25.4,27.8,7.0,15.1,30.6,23.48,Manakara,-22.145,48.017,5.0
2016-02-23,28.0,24.8,26.1,20.1,12.7,28.4,11.73,Manakara,-22.145,48.017,5.0
2016-02-24,27.3,23.9,25.3,12.5,14.8,35.6,15.0,Manakara,-22.145,48.017,5.0
2016-02-25,26.6,23.3,24.1,54.6,11.8,26.6,11.46,Manakara,-22.145,48.017,5.0
2016-02-26,25.5,22.3,23.7,23.7,10.9,29.2,9.49,Manakara,-22.145,48.017,5.0
2016-02-27,28.8,22.6,25.5,2.5,12.0,28.4,23.49,Manakara,-22.145,48.017,5.0
2016-02-28,30.0,24.0,26.8,5.1,14.3,30.2,22.02,Manakara,-22.145,48.017,5.0
2016-02-29,29.3,24.3,26.4,5.4,16.1,30.6,22.36,Manakara,-22.145,48.017,5.0
2016-03-01,28.7,24.5,26.1,4.6,14.7,32.4,19.68,Manakara,-22.145,48.017,5.0
2016-03-02,27.6,24.0,25.6,7.0,13.1,30.2,17.63,Manakara,-22.145,48.017,5.0
2016-03-03,29.5,24.7,26.2,17.4,18.6,40.0,18.56,Manakara,-22.145,48.017,5.0
2016-03-04,29.3,25.0,26.9,4.6,17.1,35.3,20.68,Manakara,-22.145,48.017,5.0
2016-03-05,31.4,25.4,27.9,0.0,16.8,34.6,23.35,Manakara,-22.145,48.017,5.0
2016-03-06,29.9,25.1,27.1,12.9,15.6,34.2,20.2,Manakara,-22.145,48.017,5.0
2016-03-07,28.0,24.9,26.1,11.9,14.1,28.1,13.23,Manakara,-22.145,48.017,5.0
2016-03-08,29.3,24.3,26.2,12.0,14.1,32.0,21.13,Manakara,-22.145,48.017,5.0
2016-03-09,27.8,24.4,25.7,18.4,11.8,33.1,15.6,Manakara,-22.145,48.017,5.0
2016-03-10,28.5,24.0,26.0,3.2,14.8,29.9,19.09,Manakara,-22.145,48.017,5.0
2016-03-11,29.1,24.1,26.5,2.4,13.1,27.7,20.65,Manakara,-22.145,48.017,5.0
2016-03-12,30.2,24.5,27.1,0.0,15.8,34.6,25.16,Manakara,-22.145,48.017,5.0
2016-03-13,29.7,24.4,26.8,0.9,15.0,31.0,23.6,Manakara,-22.145,48.017,5.0
2016-03-14,29.9,24.2,26.9,0.4,14.5,31.7,25.51,Manakara,-22.145,48.017,5.0
2016-03-15,29.6,24.6,26.8,10.4,13.1,32.4,20.98,Manakara,-22.145,48.017,5.0
2016-03-16,28.2,24.2,25.9,26.8,16.5,36.7,19.5,Manakara,-22.145,48.017,5.0
2016-03-17,28.1,24.2,26.1,2.7,12.2,27.7,16.67,Manakara,-22.145,48.017,5.0
2016-03-18,28.7,24.3,26.3,5.2,16.2,31.3,19.56,Manakara,-22.145,48.017,5.0
2016-03-19,25.7,24.0,24.7,19.4,21.3,43.6,9.55,Manakara,-22.145,48.017,5.0
2016-03-20,28.3,23.8,26.0,0.3,14.2,31.3,16.98,Manakara,-22.145,48.017,5.0
2016-03-21,28.7,23.9,26.3,1.7,16.6,33.8,21.36,Manakara,-22.145,48.017,5.0
2016-03-22,29.7,24.8,26.7,12.0,16.9,33.5,20.15,Manakara,-22.145,48.017,5.0
2016-03-23,26.8,24.4,25.4,60.1,17.6,31.3,6.11,Manakara,-22.145,48.017,5.0
2016-03-24,27.7,24.3,25.6,4.1,18.4,34.9,9.94,Manakara,-22.145,48.017,5.0
2016-03-25,26.0,24.9,25.2,18.4,21.5,40.3,5.99,Manakara,-22.145,48.017,5.0
2016-03-26,25.2,23.4,24.6,6.6,10.2,20.9,6.81,Manakara,-22.145,48.017,5.0
2016-03-27,27.1,23.1,25.0,2.6,16.3,33.5,16.6,Manakara,-22.145,48.017,5.0
2016-03-28,28.3,24.3,25.9,1.0,12.4,27.4,18.68,Manakara,-22.145,48.017,5.0
2016-03-29,26.4,23.6,25.1,2.5,11.2,24.5,10.22,Manakara,-22.145,48.017,5.0
2016-03-30,27.6,23.2,25.4,2.3,11.2,25.6,17.27,Manakara,-22.145,48.017,5.0
2016-03-31,26.5,22.9,25.0,7.8,14.4,34.9,12.88,Manakara,-22.145,48.017,5.0
2016-04-01,27.6,23.6,25.6,1.1,12.1,28.8,18.82,Manakara,-22.145,48.017,5.0
2016-04-02,28.3,22.4,25.3,0.3,13.5,28.4,20.24,Manakara,-22.145,48.017,5.0
2016-04-03,27.7,23.7,25.6,2.3,14.2,31.0,17.4,Manakara,-22.145,48.017,5.0
2016-04-04,28.0,23.4,25.6,0.2,11.0,25.6,19.23,Manakara,-22.145,48.017,5.0
2016-04-05,28.4,22.0,25.4,0.0,10.0,20.9,20.13,Manakara,-22.145,48.017,5.0
2016-04-06,28.8,22.9,25.6,0.0,12.1,27.7,22.69,Manakara,-22.145,48.017,5.0
2016-04-07,26.7,23.4,24.8,9.8,26.8,49.0,14.5,Manakara,-22.145,48.017,5.0
2016-04-08,24.3,22.1,23.2,3.6,18.6,35.3,6.65,Manakara,-22.145,48.017,5.0
2016-04-09,24.9,21.5,23.3,1.1,13.1,28.4,12.73,Manakara,-22.145,48.017,5.0
2016-04-10,25.9,22.7,24.2,1.4,7.1,17.6,8.02,Manakara,-22.145,48.017,5.0
2016-04-11,26.5,22.6,24.6,4.5,9.2,20.5,9.4,Manakara,-22.145,48.017,5.0
2016-04-12,27.0,23.6,25.2,1.3,14.2,29.9,14.38,Manakara,-22.145,48.017,5.0
2016-04-13,26.1,23.1,24.5,1.9,8.9,22.3,10.38,Manakara,-22.145,48.017,5.0
2016-04-14,26.8,22.4,24.7,9.1,16.9,33.8,11.07,Manakara,-22.145,48.017,5.0
2016-04-15,27.5,23.8,25.4,1.7,14.2,31.3,17.18,Manakara,-22.145,48.017,5.0
2016-04-16,27.3,23.0,24.9,3.3,14.3,30.6,16.14,Manakara,-22.145,48.017,5.0
2016-04-17,27.4,23.9,25.5,1.4,14.9,32.8,13.17,Manakara,-22.145,48.017,5.0
2016-04-18,27.1,23.6,25.1,2.2,16.3,32.8,13.05,Manakara,-22.145,48.017,5.0
2016-04-19,28.4,23.3,25.5,0.0,14.8,33.1,19.63,Manakara,-22.145,48.017,5.0
2016-04-20,28.3,22.7,25.2,0.0,14.5,29.9,18.28,Manakara,-22.145,48.017,5.0
2016-04-21,26.8,23.0,24.9,2.3,14.2,31.3,15.98,Manakara,-22.145,48.017,5.0
2016-04-22,26.9,23.0,24.7,1.3,9.7,22.7,14.56,Manakara,-22.145,48.017,5.0
2016-04-23,27.4,22.0,25.0,1.1,13.6,24.8,16.84,Manakara,-22.145,48.017,5.0
2016-04-24,28.1,22.6,25.3,0.2,12.0,23.0,17.38,Manakara,-22.145,48.017,5.0
2016-04-25,27.2,23.3,24.8,1.6,10.7,27.4,16.61,Manakara,-22.145,48.017,5.0
2016-04-26,28.1,22.4,25.1,0.0,11.9,25.6,17.51,Manakara,-22.145,48.017,5.0
2016-04-27,26.9,23.4,24.9,1.3,11.3,25.9,17.02,Manakara,-22.145,48.017,5.0
2016-04-28,27.2,22.2,24.8,0.9,10.0,22.3,16.18,Manakara,-22.145,48.017,5.0
2016-04-29,27.0,22.1,24.3,0.3,9.1,22.0,17.33,Manakara,-22.145,48.017,5.0
2016-04-30,28.5,21.9,24.7,0.0,12.6,24.8,19.06,Manakara,-22.145,48.017,5.0
2016-05-01,28.4,22.3,24.9,0.0,12.9,27.7,19.01,Manakara,-22.145,48.017,5.0
2016-05-02,27.6,22.4,24.8,0.3,10.2,23.0,16.6,Manakara,-22.145,48.017,5.0
2016-05-03,25.7,22.8,23.9,0.7,8.7,22.3,14.16,Manakara,-22.145,48.017,5.0
2016-05-04,28.3,22.3,25.0,0.4,15.1,27.0,16.91,Manakara,-22.145,48.017,5.0
2016-05-05,25.6,21.7,23.5,0.7,17.9,36.7,18.65,Manakara,-22.145,48.017,5.0
2016-05-06,23.8,20.5,21.9,4.9,15.9,34.9,11.31,Manakara,-22.145,48.017,5.0
2016-05-07,24.4,19.8,22.1,1.8,9.6,21.2,13.71,Manakara,-22.145,48.017,5.0
2016-05-08,22.9,20.9,21.7,26.3,21.0,38.9,9.03,Manakara,-22.145,48.017,5.0
2016-05-09,23.7,20.7,21.6,3.8,18.4,38.2,12.16,Manakara,-22.145,48.017,5.0
2016-05-10,23.7,20.6,21.8,1.0,13.4,29.5,12.77,Manakara,-22.145,48.017,5.0
2016-05-11,23.7,18.5,21.3,6.7,13.7,31.7,12.04,Manakara,-22.145,48.017,5.0
2016-05-12,23.0,19.2,20.9,14.7,9.8,29.9,10.52,Manakara,-22.145,48.017,5.0
2016-05-13,23.8,19.3,21.3,4.1,10.4,33.1,11.87,Manakara,-22.145,48.017,5.0
2016-05-14,24.0,20.2,22.1,12.9,13.6,29.9,8.76,Manakara,-22.145,48.017,5.0
2016-05-15,26.0,19.4,22.8,0.6,10.7,27.0,15.11,Manakara,-22.145,48.017,5.0
2016-05-16,25.6,21.2,23.1,1.3,12.1,26.3,13.45,Manakara,-22.145,48.017,5.0
2016-05-17,25.8,21.0,23.2,0.0,13.1,28.8,14.28,Manakara,-22.145,48.017,5.0
2016-05-18,23.5,19.2,21.3,9.1,27.8,51.5,10.57,Manakara,-22.145,48.017,5.0
2016-05-19,21.9,19.2,20.2,2.9,28.6,52.2,11.83,Manakara,-22.145,48.017,5.0
2016-05-20,22.2,19.3,20.5,0.0,14.3,29.2,11.32,Manakara,-22.145,48.017,5.0
2016-05-21,23.6,18.5,20.8,0.1,14.3,29.9,14.15,Manakara,-22.145,48.017,5.0
2016-05-22,23.6,18.8,20.9,0.3,13.7,29.5,14.97,Manakara,-22.145,48.017,5.0
2016-05-23,22.9,18.0,20.4,2.5,13.3,28.4,11.62,Manakara,-22.145,48.017,5.0
2016-05-24,23.6,19.0,21.0,0.8,12.8,27.4,11.48,Manakara,-22.145,48.017,5.0
2016-05-25,23.4,18.6,20.8,2.6,10.6,32.0,13.79,Manakara,-22.145,48.017,5.0
2016-05-26,23.1,18.2,20.2,2.6,9.2,28.1,11.92,Manakara,-22.145,48.017,5.0
2016-05-27,23.2,18.3,20.6,2.1,8.9,26.3,12.48,Manakara,-22.145,48.017,5.0
2016-05-28,21.1,19.0,19.9,10.0,10.6,28.4,2.71,Manakara,-22.145,48.017,5.0
2016-05-29,21.2,19.6,20.5,49.4,18.3,35.3,1.7,Manakara,-22.145,48.017,5.0
2016-05-30,22.2,20.1,21.2,10.4,12.3,27.4,1.84,Manakara,-22.145,48.017,5.0
2016-05-31,22.6,19.7,20.9,2.1,9.9,29.2,4.98,Manakara,-22.145,48.017,5.0
2016-06-01,23.2,20.3,21.6,15.9,19.1,36.4,6.33,Manakara,-22.145,48.017,5.0
2016-06-02,23.4,20.6,22.0,6.5,22.0,45.0,7.57,Manakara,-22.145,48.017,5.0
2016-06-03,23.9,17.7,21.3,0.9,10.5,27.4,13.56,Manakara,-22.145,48.017,5.0
2016-06-04,23.3,19.4,21.2,0.9,9.7,26.3,10.08,Manakara,-22.145,48.017,5.0
2016-06-05,25.6,19.8,22.2,0.0,10.0,22.7,14.1,Manakara,-22.145,48.017,5.0
2016-06-06,23.5,19.6,21.2,2.2,20.6,37.8,12.77,Manakara,-22.145,48.017,5.0
2016-06-07,21.4,18.7,19.7,7.8,20.6,38.2,12.2,Manakara,-22.145,48.017,5.0
2016-06-08,22.1,18.2,19.9,0.0,13.4,27.0,10.36,Manakara,-22.145,48.017,5.0
2016-06-09,22.3,18.0,20.1,0.8,8.0,28.4,9.9,Manakara,-22.145,48.017,5.0
2016-06-10,23.0,17.4,20.0,0.0,9.5,21.2,12.57,Manakara,-22.145,48.017,5.0
2016-06-11,24.4,17.3,20.7,0.0,12.4,27.4,15.71,Manakara,-22.145,48.017,5.0
2016-06-12,25.3,17.9,21.3,0.1,20.3,36.4,16.25,Manakara,-22.145,48.017,5.0
2016-06-13,20.6,19.0,19.9,0.9,21.5,43.9,6.88,Manakara,-22.145,48.017,5.0
2016-06-14,20.5,18.3,19.3,6.9,10.7,23.4,5.9,Manakara,-22.145,48.017,5.0
2016-06-15,21.9,18.4,20.0,5.8,7.4,17.3,8.07,Manakara,-22.145,48.017,5.0
2016-06-16,23.7,18.5,21.0,2.0,12.6,24.8,12.48,Manakara,-22.145,48.017,5.0
2016-06-17,23.0,20.1,21.0,26.3,16.5,30.2,4.15,Manakara,-22.145,48.017,5.0
2016-06-18,23.2,20.3,21.6,7.3,16.4,38.2,9.65,Manakara,-22.145,48.017,5.0
2016-06-19,23.4,18.6,21.2,1.3,10.8,22.0,11.51,Manakara,-22.145,48.017,5.0
2016-06-20,23.1,18.2,20.7,2.8,10.2,22.7,12.56,Manakara,-22.145,48.017,5.0
2016-06-21,22.9,18.1,20.4,0.2,8.8,23.0,12.11,Manakara,-22.145,48.017,5.0
2016-06-22,23.0,17.6,20.2,0.9,10.5,19.4,12.7,Manakara,-22.145,48.017,5.0
2016-06-23,22.2,17.1,19.7,0.6,9.8,25.6,10.87,Manakara,-22.145,48.017,5.0
2016-06-24,22.6,17.6,19.9,1.1,12.2,26.3,11.78,Manakara,-22.145,48.017,5.0
2016-06-25,22.3,18.4,20.4,8.4,16.3,33.5,9.01,Manakara,-22.145,48.017,5.0
2016-06-26,22.0,19.3,20.6,4.0,15.9,36.0,10.3,Manakara,-22.145,48.017,5.0
2016-06-27,22.1,17.4,20.0,0.7,10.2,24.1,11.11,Manakara,-22.145,48.017,5.0
2016-06-28,23.6,17.3,20.3,0.0,10.1,23.4,14.26,Manakara,-22.145,48.017,5.0
2016-06-29,23.5,17.5,20.3,0.5,8.6,18.0,14.29,Manakara,-22.145,48.017,5.0
2016-06-30,22.9,17.7,20.2,1.4,11.2,23.8,11.07,Manakara,-22.145,48.017,5.0
2016-07-01,23.2,18.2,20.5,2.3,11.8,25.9,10.93,Manakara,-22.145,48.017,5.0
2016-07-02,22.9,19.0,20.8,0.7,13.3,28.8,12.72,Manakara,-22.145,48.017,5.0
2016-07-03,22.5,18.4,20.4,0.0,11.1,20.5,12.4,Manakara,-22.145,48.017,5.0
2016-07-04,22.0,17.0,19.4,1.1,8.1,25.2,11.84,Manakara,-22.145,48.017,5.0
2016-07-05,21.7,17.4,19.3,4.7,11.8,29.5,10.95,Manakara,-22.145,48.017,5.0
2016-07-06,21.0,18.2,19.5,5.2,13.2,31.3,9.3,Manakara,-22.145,48.017,5.0
2016-07-07,22.4,16.7,19.6,2.2,11.1,24.1,13.98,Manakara,-22.145,48.017,5.0
2016-07-08,23.1,14.1,18.8,0.0,8.4,16.6,16.43,Manakara,-22.145,48.017,5.0
2016-07-09,22.7,16.4,19.2,0.5,12.4,22.3,15.36,Manakara,-22.145,48.017,5.0
2016-07-10,21.1,18.1,19.4,9.0,15.2,31.7,7.11,Manakara,-22.145,48.017,5.0
2016-07-11,21.4,18.0,19.4,6.5,17.7,35.3,9.26,Manakara,-22.145,48.017,5.0
2016-07-12,20.9,16.9,18.8,0.9,13.0,24.5,11.19,Manakara,-22.145,48.017,5.0
2016-07-13,21.8,16.5,19.4,3.8,11.5,31.7,11.91,Manakara,-22.145,48.017,5.0
2016-07-14,21.4,15.9,19.0,2.2,9.2,36.7,12.86,Manakara,-22.145,48.017,5.0
2016-07-15,20.9,17.1,18.8,21.1,13.8,31.7,8.26,Manakara,-22.145,48.017,5.0
2016-07-16,20.8,18.0,19.1,6.9,10.4,30.2,8.16,Manakara,-22.145,48.017,5.0
2016-07-17,21.7,17.5,19.1,3.7,8.5,25.6,10.81,Manakara,-22.145,48.017,5.0
2016-07-18,22.0,16.6,19.2,1.0,7.4,27.4,13.41,Manakara,-22.145,48.017,5.0
2016-07-19,23.0,16.9,19.8,0.0,8.7,18.4,14.49,Manakara,-22.145,48.017,5.0
2016-07-20,23.4,16.5,20.0,0.7,10.6,22.0,15.49,Manakara,-22.145,48.017,5.0
2016-07-21,23.3,19.2,21.1,0.7,10.9,23.0,9.52,Manakara,-22.145,48.017,5.0
2016-07-22,24.4,20.0,22.1,0.0,15.9,33.1,10.63,Manakara,-22.145,48.017,5.0
2016-07-23,24.6,20.1,22.1,0.0,16.8,34.2,14.71,Manakara,-22.145,48.017,5.0
2016-07-24,24.0,19.6,21.7,0.2,17.7,34.9,12.49,Manakara,-22.145,48.017,5.0
2016-07-25,23.3,19.5,21.2,0.1,13.7,28.1,13.68,Manakara,-22.145,48.017,5.0
2016-07-26,22.5,17.5,20.0,2.0,11.2,28.1,12.57,Manakara,-22.145,48.017,5.0
2016-07-27,22.7,17.0,20.2,3.7,13.0,27.7,14.18,Manakara,-22.145,48.017,5.0
2016-07-28,21.8,17.1,19.2,3.5,11.5,28.4,13.36,Manakara,-22.145,48.017,5.0
2016-07-29,22.5,16.8,19.8,0.1,11.0,24.5,14.68,Manakara,-22.145,48.017,5.0
2016-07-30,24.5,17.9,20.9,0.0,17.7,34.6,17.96,Manakara,-22.145,48.017,5.0
2016-07-31,25.7,17.4,21.3,0.0,16.4,29.9,17.67,Manakara,-22.145,48.017,5.0
2016-08-01,23.5,17.9,20.6,3.7,12.2,25.2,14.29,Manakara,-22.145,48.017,5.0
2016-08-02,23.2,18.6,20.5,3.5,12.0,32.4,12.13,Manakara,-22.145,48.017,5.0
2016-08-03,23.0,18.6,20.7,0.6,12.0,29.2,16.5,Manakara,-22.145,48.017,5.0
2016-08-04,24.4,18.6,21.1,0.0,14.3,27.0,18.05,Manakara,-22.145,48.017,5.0
2016-08-05,24.3,18.6,21.2,0.0,13.8,23.8,15.75,Manakara,-22.145,48.017,5.0
2016-08-06,23.5,18.9,20.9,1.0,8.4,19.4,14.39,Manakara,-22.145,48.017,5.0
2016-08-07,24.2,18.1,20.8,0.0,12.0,26.6,16.64,Manakara,-22.145,48.017,5.0
2016-08-08,23.9,18.4,20.9,0.0,16.1,34.9,16.55,Manakara,-22.145,48.017,5.0
2016-08-09,23.3,18.6,20.8,0.0,12.9,27.7,14.17,Manakara,-22.145,48.017,5.0
2016-08-10,24.4,18.7,21.3,0.0,22.3,45.4,17.33,Manakara,-22.145,48.017,5.0
2016-08-11,23.6,19.5,21.2,0.1,19.4,33.8,16.2,Manakara,-22.145,48.017,5.0
2016-08-12,24.2,19.4,21.3,0.2,11.9,22.3,15.35,Manakara,-22.145,48.017,5.0
2016-08-13,23.6,18.8,21.2,0.8,14.2,30.2,14.98,Manakara,-22.145,48.017,5.0
2016-08-14,23.8,19.6,21.3,1.4,13.9,29.9,15.08,Manakara,-22.145,48.017,5.0
2016-08-15,24.2,19.7,21.5,1.1,12.0,26.3,16.74,Manakara,-22.145,48.017,5.0
2016-08-16,23.1,17.6,20.6,2.0,13.8,28.8,13.3,Manakara,-22.145,48.017,5.0
2016-08-17,22.6,19.0,20.7,4.2,12.3,29.5,11.14,Manakara,-22.145,48.017,5.0
2016-08-18,22.8,19.0,20.7,4.7,17.9,36.4,13.1,Manakara,-22.145,48.017,5.0
2016-08-19,23.2,19.6,21.2,0.6,13.6,31.0,14.58,Manakara,-22.145,48.017,5.0
2016-08-20,23.9,18.8,21.1,0.3,16.5,32.4,16.8,Manakara,-22.145,48.017,5.0
2016-08-21,25.5,18.9,21.8,0.0,13.3,26.6,18.59,Manakara,-22.145,48.017,5.0
2016-08-22,24.9,19.1,21.7,0.0,16.4,33.5,18.73,Manakara,-22.145,48.017,5.0
2016-08-23,25.3,19.1,21.8,0.0,16.9,35.6,20.7,Manakara,-22.145,48.017,5.0
2016-08-24,22.8,18.7,20.7,2.2,20.1,40.7,14.4,Manakara,-22.145,48.017,5.0
2016-08-25,21.4,18.8,20.2,5.7,9.3,21.6,8.59,Manakara,-22.145,48.017,5.0
2016-08-26,24.3,19.5,21.5,0.2,13.6,26.6,16.33,Manakara,-22.145,48.017,5.0
2016-08-27,22.9,17.9,20.7,2.6,21.1,42.5,14.73,Manakara,-22.145,48.017,5.0
2016-08-28,21.9,19.2,20.3,0.1,18.7,37.8,13.22,Manakara,-22.145,48.017,5.0
2016-08-29,22.1,18.8,20.2,0.0,13.9,29.2,14.36,Manakara,-22.145,48.017,5.0
2016-08-30,22.5,17.0,20.0,0.2,13.7,29.5,15.4,Manakara,-22.145,48.017,5.0
2016-08-31,22.9,17.9,20.6,0.3,17.3,36.4,18.35,Manakara,-22.145,48.017,5.0
2016-09-01,22.9,19.4,20.5,3.5,12.8,30.6,15.8,Manakara,-22.145,48.017,5.0
2016-09-02,23.1,18.7,20.6,4.1,15.6,35.3,16.68,Manakara,-22.145,48.017,5.0
2016-09-03,23.2,17.3,20.4,0.0,17.1,34.2,17.07,Manakara,-22.145,48.017,5.0
2016-09-04,23.3,18.5,20.8,0.8,17.8,37.4,17.67,Manakara,-22.145,48.017,5.0
2016-09-05,23.7,17.7,20.6,0.0,16.9,34.9,18.85,Manakara,-22.145,48.017,5.0
2016-09-06,23.2,17.7,20.4,0.4,14.9,33.1,15.55,Manakara,-22.145,48.017,5.0
2016-09-07,24.6,18.5,21.1,0.0,14.8,31.3,20.55,Manakara,-22.145,48.017,5.0
2016-09-08,25.2,19.3,21.7,0.0,15.8,31.7,21.5,Manakara,-22.145,48.017,5.0
2016-09-09,25.2,19.5,22.0,0.1,19.1,37.4,17.79,Manakara,-22.145,48.017,5.0
2016-09-10,24.9,20.1,22.2,0.0,13.5,28.8,19.41,Manakara,-22.145,48.017,5.0
2016-09-11,25.1,18.6,21.7,0.0,13.7,29.9,20.02,Manakara,-22.145,48.017,5.0
2016-09-12,25.0,20.0,22.2,0.7,13.1,24.5,18.44,Manakara,-22.145,48.017,5.0
2016-09-13,22.6,17.9,20.8,3.2,13.7,31.0,14.13,Manakara,-22.145,48.017,5.0
2016-09-14,23.6,19.8,21.5,1.1,14.7,31.0,16.39,Manakara,-22.145,48.017,5.0
2016-09-15,24.2,19.3,21.5,0.1,16.3,34.6,17.15,Manakara,-22.145,48.017,5.0
2016-09-16,23.5,19.2,21.4,0.2,18.6,37.1,12.74,Manakara,-22.145,48.017,5.0
2016-09-17,23.5,20.2,21.7,0.9,20.2,42.1,18.64,Manakara,-22.145,48.017,5.0
2016-09-18,23.7,19.5,21.4,0.0,17.3,36.0,18.26,Manakara,-22.145,48.017,5.0
2016-09-19,24.0,17.5,21.1,0.0,14.5,31.3,18.6,Manakara,-22.145,48.017,5.0
2016-09-20,24.7,19.5,21.5,0.0,15.6,31.3,20.94,Manakara,-22.145,48.017,5.0
2016-09-21,26.2,18.9,22.3,0.0,21.7,42.8,23.16,Manakara,-22.145,48.017,5.0
2016-09-22,26.1,19.9,22.6,0.0,20.7,42.1,21.86,Manakara,-22.145,48.017,5.0
2016-09-23,26.8,20.2,22.8,0.0,21.4,42.8,22.79,Manakara,-22.145,48.017,5.0
2016-09-24,27.1,19.7,22.8,0.0,18.8,38.5,25.33,Manakara,-22.145,48.017,5.0
2016-09-25,27.8,19.3,23.1,0.0,19.4,40.0,25.52,Manakara,-22.145,48.017,5.0
2016-09-26,26.9,20.4,23.1,0.0,13.4,31.0,20.55,Manakara,-22.145,48.017,5.0
2016-09-27,26.3,20.0,22.9,0.8,19.9,41.4,21.55,Manakara,-22.145,48.017,5.0
2016-09-28,27.0,19.8,22.8,0.0,21.6,43.6,23.03,Manakara,-22.145,48.017,5.0
2016-09-29,27.2,20.1,23.2,0.0,21.1,41.8,23.79,Manakara,-22.145,48.017,5.0
2016-09-30,27.3,20.7,23.3,0.2,18.0,38.5,22.77,Manakara,-22.145,48.017,5.0
2016-10-01,26.8,19.9,23.0,0.0,24.2,50.0,23.29,Manakara,-22.145,48.017,5.0
2016-10-02,27.7,20.8,23.7,0.3,26.8,52.9,21.65,Manakara,-22.145,48.017,5.0
2016-10-03,29.1,21.2,24.6,0.0,21.3,44.3,23.99,Manakara,-22.145,48.017,5.0
2016-10-04,28.0,20.9,24.2,0.7,18.6,36.0,21.17,Manakara,-22.145,48.017,5.0
2016-10-05,28.5,20.1,23.5,0.0,22.4,47.2,26.05,Manakara,-22.145,48.017,5.0
2016-10-06,29.4,19.8,23.3,0.6,23.3,50.4,25.96,Manakara,-22.145,48.017,5.0
2016-10-07,26.3,19.2,22.6,0.0,15.1,29.2,21.74,Manakara,-22.145,48.017,5.0
2016-10-08,27.7,19.8,23.6,0.1,15.3,36.7,25.19,Manakara,-22.145,48.017,5.0
2016-10-09,27.4,20.8,23.9,0.7,21.6,44.6,20.89,Manakara,-22.145,48.017,5.0
2016-10-10,28.7,21.7,24.4,0.0,24.0,46.4,24.39,Manakara,-22.145,48.017,5.0
2016-10-11,29.1,21.9,24.7,0.0,21.0,45.4,25.25,Manakara,-22.145,48.017,5.0
2016-10-12,28.5,21.1,24.2,0.0,22.2,45.0,27.5,Manakara,-22.145,48.017,5.0
2016-10-13,28.7,21.8,24.4,0.0,23.9,47.5,27.09,Manakara,-22.145,48.017,5.0
2016-10-14,29.1,21.8,24.7,0.0,23.2,45.7,25.93,Manakara,-22.145,48.017,5.0
2016-10-15,28.4,22.8,24.8,0.0,21.0,46.4,19.99,Manakara,-22.145,48.017,5.0
2016-10-16,29.0,23.2,25.1,0.0,26.6,51.5,22.54,Manakara,-22.145,48.017,5.0
2016-10-17,30.0,22.2,25.2,0.0,26.0,53.6,27.57,Manakara,-22.145,48.017,5.0
2016-10-18,29.0,21.5,24.8,0.2,22.0,39.6,23.06,Manakara,-22.145,48.017,5.0
2016-10-19,26.7,21.1,23.8,3.4,17.1,36.0,21.16,Manakara,-22.145,48.017,5.0
2016-10-20,27.3,21.1,23.9,0.0,22.5,45.7,26.65,Manakara,-22.145,48.017,5.0
2016-10-21,28.3,22.3,24.6,0.0,27.1,54.4,26.98,Manakara,-22.145,48.017,5.0
2016-10-22,28.2,22.1,24.5,0.1,26.4,53.3,25.16,Manakara,-22.145,48.017,5.0
2016-10-23,28.0,21.7,24.4,0.1,25.6,51.8,23.77,Manakara,-22.145,48.017,5.0
2016-10-24,27.1,21.5,24.1,0.8,20.9,44.3,23.72,Manakara,-22.145,48.017,5.0
2016-10-25,28.1,21.8,24.5,0.1,21.7,43.6,22.91,Manakara,-22.145,48.017,5.0
2016-10-26,29.1,23.0,25.5,0.8,20.4,42.8,22.74,Manakara,-22.145,48.017,5.0
2016-10-27,28.8,21.5,24.9,12.1,20.7,45.4,19.74,Manakara,-22.145,48.017,5.0
2016-10-28,30.7,23.0,25.7,2.2,18.4,40.3,24.62,Manakara,-22.145,48.017,5.0
2016-10-29,28.1,22.2,24.8,4.6,17.3,34.9,22.39,Manakara,-22.145,48.017,5.0
2016-10-30,29.3,23.2,25.8,0.3,23.3,44.3,24.01,Manakara,-22.145,48.017,5.0
2016-10-31,30.3,23.2,26.1,0.0,21.6,44.3,27.73,Manakara,-22.145,48.017,5.0
2016-11-01,30.0,23.4,25.9,0.6,19.9,41.0,24.4,Manakara,-22.145,48.017,5.0
2016-11-02,28.0,22.2,24.5,11.4,8.8,23.8,19.36,Manakara,-22.145,48.017,5.0
2016-11-03,25.3,22.0,23.0,38.1,24.8,43.6,15.15,Manakara,-22.145,48.017,5.0
2016-11-04,24.9,21.9,23.1,21.5,20.8,41.0,18.32,Manakara,-22.145,48.017,5.0
2016-11-05,25.1,21.3,23.2,4.5,20.5,39.6,17.84,Manakara,-22.145,48.017,5.0
2016-11-06,25.6,21.5,23.7,3.2,20.2,41.8,21.92,Manakara,-22.145,48.017,5.0
2016-11-07,27.0,22.5,24.2,0.0,20.9,42.5,23.84,Manakara,-22.145,48.017,5.0
2016-11-08,27.4,21.0,23.9,0.0,20.0,40.7,28.29,Manakara,-22.145,48.017,5.0
2016-11-09,27.7,21.3,24.1,0.0,21.8,42.1,29.51,Manakara,-22.145,48.017,5.0
2016-11-10,27.9,21.7,24.6,0.0,20.9,42.8,27.98,Manakara,-22.145,48.017,5.0
2016-11-11,28.3,23.0,25.2,0.0,21.1,42.5,22.95,Manakara,-22.145,48.017,5.0
2016-11-12,28.7,23.4,25.4,0.0,21.4,42.8,27.06,Manakara,-22.145,48.017,5.0
2016-11-13,29.6,22.9,25.6,0.0,21.1,41.8,28.74,Manakara,-22.145,48.017,5.0
2016-11-14,29.8,23.3,26.0,0.0,21.3,44.6,29.08,Manakara,-22.145,48.017,5.0
2016-11-15,28.3,23.8,25.7,0.6,14.8,33.8,25.47,Manakara,-22.145,48.017,5.0
2016-11-16,27.8,23.0,25.2,2.8,18.8,37.8,21.47,Manakara,-22.145,48.017,5.0
2016-11-17,29.3,23.4,25.7,0.0,25.0,47.5,23.89,Manakara,-22.145,48.017,5.0
2016-11-18,30.0,23.7,26.2,2.5,24.1,47.2,24.27,Manakara,-22.145,48.017,5.0
2016-11-19,28.0,23.4,25.0,10.5,9.7,25.9,16.79,Manakara,-22.145,48.017,5.0
2016-11-20,27.7,23.1,25.1,0.5,15.9,37.4,20.21,Manakara,-22.145,48.017,5.0
2016-11-21,28.4,24.0,25.6,1.2,19.2,39.2,22.5,Manakara,-22.145,48.017,5.0
2016-11-22,29.5,23.7,25.8,0.0,23.4,47.2,27.16,Manakara,-22.145,48.017,5.0
2016-11-23,28.7,23.4,25.6,0.0,19.1,38.5,25.95,Manakara,-22.145,48.017,5.0
2016-11-24,28.0,24.0,25.4,2.0,19.3,39.2,23.39,Manakara,-22.145,48.017,5.0
2016-11-25,28.6,23.0,25.5,0.0,22.2,45.4,29.01,Manakara,-22.145,48.017,5.0
2016-11-26,30.2,23.2,26.2,0.0,24.2,50.8,28.77,Manakara,-22.145,48.017,5.0
2016-11-27,29.8,23.8,26.3,4.2,19.3,38.9,23.18,Manakara,-22.145,48.017,5.0
2016-11-28,26.4,23.1,24.2,16.9,17.8,39.6,14.27,Manakara,-22.145,48.017,5.0
2016-11-29,26.7,22.8,24.6,6.2,11.2,24.8,14.87,Manakara,-22.145,48.017,5.0
2016-11-30,28.7,23.4,25.7,1.3,18.1,40.3,25.34,Manakara,-22.145,48.017,5.0
2016-12-01,30.0,24.0,26.5,0.0,20.0,40.7,26.38,Manakara,-22.145,48.017,5.0
2016-12-02,31.5,24.5,27.3,1.0,19.1,41.0,28.0,Manakara,-22.145,48.017,5.0
2016-12-03,27.1,23.4,25.1,1.8,22.0,44.6,25.34,Manakara,-22.145,48.017,5.0
2016-12-04,26.2,22.0,24.1,2.7,15.9,32.8,21.18,Manakara,-22.145,48.017,5.0
2016-12-05,27.0,22.9,24.8,0.7,18.0,38.5,20.82,Manakara,-22.145,48.017,5.0
2016-12-06,28.0,23.7,25.5,0.4,19.4,40.3,21.73,Manakara,-22.145,48.017,5.0
2016-12-07,27.7,23.9,25.5,0.6,16.9,38.2,23.02,Manakara,-22.145,48.017,5.0
2016-12-08,28.5,23.3,25.7,0.1,19.3,40.7,27.15,Manakara,-22.145,48.017,5.0
2016-12-09,28.3,22.6,25.5,0.8,20.1,40.3,27.8,Manakara,-22.145,48.017,5.0
2016-12-10,29.4,23.2,26.0,0.2,19.7,40.0,29.11,Manakara,-22.145,48.017,5.0
2016-12-11,29.6,23.7,26.3,0.0,19.6,39.2,28.23,Manakara,-22.145,48.017,5.0
2016-12-12,30.0,24.3,26.9,0.7,19.6,40.7,27.94,Manakara,-22.145,48.017,5.0
2016-12-13,30.3,24.1,26.9,0.3,24.0,49.0,28.0,Manakara,-22.145,48.017,5.0
2016-12-14,31.1,24.6,27.2,0.0,22.7,48.2,28.97,Manakara,-22.145,48.017,5.0
2016-12-15,29.8,24.4,26.9,0.0,22.0,47.2,27.48,Manakara,-22.145,48.017,5.0
2016-12-16,31.0,24.2,27.0,0.0,25.6,50.4,29.38,Manakara,-22.145,48.017,5.0
2016-12-17,30.7,24.9,27.1,0.9,23.2,48.2,23.92,Manakara,-22.145,48.017,5.0
2016-12-18,27.5,23.5,25.1,18.3,15.7,33.5,16.34,Manakara,-22.145,48.017,5.0
2016-12-19,27.4,23.6,25.3,6.9,14.3,29.2,15.9,Manakara,-22.145,48.017,5.0
2016-12-20,28.2,23.7,25.9,1.0,21.0,45.0,22.46,Manakara,-22.145,48.017,5.0
2016-12-21,30.1,24.7,26.9,0.2,23.8,49.3,28.66,Manakara,-22.145,48.017,5.0
2016-12-22,30.5,24.5,27.0,0.0,21.4,46.1,29.26,Manakara,-22.145,48.017,5.0
2016-12-23,30.6,24.8,27.2,0.0,20.3,42.1,29.16,Manakara,-22.145,48.017,5.0
2016-12-24,30.9,24.6,27.3,0.0,23.5,46.4,30.36,Manakara,-22.145,48.017,5.0
2016-12-25,31.9,24.8,27.8,0.0,22.7,46.8,30.46,Manakara,-22.145,48.017,5.0
2016-12-26,29.9,24.9,27.1,0.1,16.9,38.2,27.05,Manakara,-22.145,48.017,5.0
2016-12-27,29.6,23.7,26.5,1.7,19.3,40.0,27.45,Manakara,-22.145,48.017,5.0
2016-12-28,30.1,24.2,26.8,0.2,23.3,49.3,27.88,Manakara,-22.145,48.017,5.0
2016-12-29,31.3,23.8,27.2,0.0,25.6,50.0,30.01,Manakara,-22.145,48.017,5.0
2016-12-30,32.5,24.3,27.8,0.0,21.3,46.8,31.13,Manakara,-22.145,48.017,5.0
2016-12-31,32.6,24.9,28.0,0.0,21.4,45.7,29.82,Manakara,-22.145,48.017,5.0
2017-01-01,31.4,24.8,27.5,2.4,23.2,51.8,26.11,Manakara,-22.145,48.017,5.0
2017-01-02,30.9,23.4,27.0,1.9,23.8,54.7,26.56,Manakara,-22.145,48.017,5.0
2017-01-03,29.6,24.2,26.8,2.4,24.8,55.4,23.56,Manakara,-22.145,48.017,5.0
2017-01-04,28.5,24.4,26.2,3.3,21.1,49.3,17.02,Manakara,-22.145,48.017,5.0
2017-01-05,28.6,23.8,26.0,3.8,19.8,45.7,20.82,Manakara,-22.145,48.017,5.0
2017-01-06,29.0,23.9,26.0,2.6,20.0,46.1,21.47,Manakara,-22.145,48.017,5.0
2017-01-07,29.0,23.5,26.1,1.0,22.5,51.5,23.87,Manakara,-22.145,48.017,5.0
2017-01-08,30.0,23.1,26.5,0.1,24.5,55.8,28.32,Manakara,-22.145,48.017,5.0
2017-01-09,30.1,24.2,27.0,0.8,25.1,56.2,27.02,Manakara,-22.145,48.017,5.0
2017-01-10,30.2,23.9,26.9,0.3,23.7,53.3,28.27,Manakara,-22.145,48.017,5.0
2017-01-11,28.8,23.8,26.3,0.3,19.5,47.5,19.23,Manakara,-22.145,48.017,5.0
2017-01-12,29.9,23.8,26.6,0.7,19.3,45.0,25.46,Manakara,-22.145,48.017,5.0
2017-01-13,29.4,23.4,26.5,1.2,16.4,39.2,25.36,Manakara,-22.145,48.017,5.0
2017-01-14,29.6,23.3,26.4,1.1,21.4,48.6,25.91,Manakara,-22.145,48.017,5.0
2017-01-15,29.7,23.9,26.7,0.6,22.2,50.4,27.04,Manakara,-22.145,48.017,5.0
2017-01-16,30.0,23.6,26.7,1.6,22.8,53.3,25.0,Manakara,-22.145,48.017,5.0
2017-01-17,30.4,24.3,27.3,0.8,26.0,57.6,24.79,Manakara,-22.145,48.017,5.0
2017-01-18,30.0,24.7,27.3,1.5,21.6,50.0,26.26,Manakara,-22.145,48.017,5.0
2017-01-19,31.4,24.3,27.2,0.7,23.0,52.6,27.39,Manakara,-22.145,48.017,5.0
2017-01-20,30.8,23.8,27.1,0.8,21.8,49.3,27.44,Manakara,-22.145,48.017,5.0
2017-01-21,30.6,23.8,27.0,0.7,21.4,50.8,27.09,Manakara,-22.145,48.017,5.0
2017-01-22,30.5,23.2,26.7,1.6,16.6,42.8,28.21,Manakara,-22.145,48.017,5.0
2017-01-23,29.0,23.0,26.2,2.8,15.1,37.8,24.11,Manakara,-22.145,48.017,5.0
2017-01-24,29.4,22.9,26.4,0.3,19.1,45.4,25.53,Manakara,-22.145,48.017,5.0
2017-01-25,30.3,23.5,26.8,0.1,20.2,46.4,26.04,Manakara,-22.145,48.017,5.0
2017-01-26,31.5,23.8,27.6,0.0,21.9,50.4,27.69,Manakara,-22.145,48.017,5.0
2017-01-27,32.7,24.5,28.2,0.4,21.7,50.0,27.72,Manakara,-22.145,48.017,5.0
2017-01-28,32.3,24.5,28.0,1.0,19.9,46.4,25.89,Manakara,-22.145,48.017,5.0
2017-01-29,32.0,24.8,28.2,0.7,21.2,49.0,28.08,Manakara,-22.145,48.017,5.0
2017-01-30,32.3,24.8,28.4,0.1,23.0,52.9,27.67,Manakara,-22.145,48.017,5.0
2017-01-31,32.8,24.8,28.1,2.3,21.8,51.1,26.9,Manakara,-22.145,48.017,5.0
2017-02-01,30.2,25.1,27.4,4.2,17.1,40.7,21.27,Manakara,-22.145,48.017,5.0
2017-02-02,30.2,24.1,26.6,8.0,16.6,40.7,21.19,Manakara,-22.145,48.017,5.0
2017-02-03,28.7,24.2,26.2,5.6,17.9,38.9,16.17,Manakara,-22.145,48.017,5.0
2017-02-04,29.5,22.8,26.4,1.1,16.3,37.4,23.23,Manakara,-22.145,48.017,5.0
2017-02-05,31.2,22.4,26.7,0.0,19.7,46.8,29.92,Manakara,-22.145,48.017,5.0
2017-02-06,29.3,23.9,26.0,9.6,12.9,36.0,20.79,Manakara,-22.145,48.017,5.0
2017-02-07,29.3,23.1,25.9,4.6,16.4,38.9,21.69,Manakara,-22.145,48.017,5.0
2017-02-08,30.7,23.4,26.9,1.4,22.1,49.0,23.57,Manakara,-22.145,48.017,5.0
2017-02-09,32.4,24.5,28.2,3.6,16.3,40.3,26.0,Manakara,-22.145,48.017,5.0
2017-02-10,30.8,24.5,26.8,13.4,14.3,33.1,17.19,Manakara,-22.145,48.017,5.0
2017-02-11,30.3,23.3,26.4,10.8,15.4,38.9,22.9,Manakara,-22.145,48.017,5.0
2017-02-12,27.6,23.9,25.4,26.4,11.2,31.7,11.38,Manakara,-22.145,48.017,5.0
2017-02-13,26.8,23.0,24.7,103.0,14.4,36.0,5.14,Manakara,-22.145,48.017,5.0
2017-02-14,30.1,23.9,27.0,0.8,17.8,41.4,18.74,Manakara,-22.145,48.017,5.0
2017-02-15,29.2,24.4,26.9,2.5,13.6,36.4,20.34,Manakara,-22.145,48.017,5.0
2017-02-16,30.4,25.0,27.2,2.2,14.4,35.6,22.56,Manakara,-22.145,48.017,5.0
2017-02-17,28.4,23.2,25.2,30.4,15.6,36.0,14.44,Manakara,-22.145,48.017,5.0
2017-02-18,26.5,21.8,24.0,16.6,16.7,34.6,11.67,Manakara,-22.145,48.017,5.0
2017-02-19,28.7,21.9,24.6,4.6,19.1,40.7,20.57,Manakara,-22.145,48.017,5.0
2017-02-20,30.1,21.1,26.1,0.0,13.6,36.0,24.21,Manakara,-22.145,48.017,5.0
2017-02-21,29.3,23.2,25.4,15.9,18.0,40.3,15.8,Manakara,-22.145,48.017,5.0
2017-02-22,29.3,22.9,25.7,4.9,15.0,39.6,15.35,Manakara,-22.145,48.017,5.0
2017-02-23,29.6,24.0,26.3,7.3,17.9,41.8,19.34,Manakara,-22.145,48.017,5.0
2017-02-24,30.2,23.7,27.1,0.3,20.1,45.7,23.38,Manakara,-22.145,48.017,5.0
2017-02-25,31.7,24.7,27.6,0.1,20.4,46.8,25.62,Manakara,-22.145,48.017,5.0
2017-02-26,30.8,24.2,27.2,1.5,20.4,45.0,26.68,Manakara,-22.145,48.017,5.0
2017-02-27,30.4,24.5,27.0,3.7,13.9,33.5,20.37,Manakara,-22.145,48.017,5.0
2017-02-28,28.6,23.9,25.9,2.7,9.3,27.7,12.85,Manakara,-22.145,48.017,5.0
2017-03-01,29.1,23.3,26.3,2.2,13.7,32.4,21.65,Manakara,-22.145,48.017,5.0
2017-03-02,29.3,23.3,26.4,1.3,12.4,30.6,24.42,Manakara,-22.145,48.017,5.0
2017-03-03,29.2,23.4,26.3,1.5,11.3,30.2,23.21,Manakara,-22.145,48.017,5.0
2017-03-04,29.2,23.6,26.3,2.9,13.9,33.8,21.94,Manakara,-22.145,48.017,5.0
2017-03-05,28.3,23.6,25.6,4.9,11.5,32.0,19.17,Manakara,-22.145,48.017,5.0
2017-03-06,29.2,23.6,26.0,6.6,15.5,39.6,20.57,Manakara,-22.145,48.017,5.0
2017-03-07,29.5,23.0,25.4,18.7,11.4,40.3,16.83,Manakara,-22.145,48.017,5.0
2017-03-08,26.0,24.3,25.1,41.3,25.2,51.5,5.37,Manakara,-22.145,48.017,5.0
2017-03-09,27.0,24.9,25.9,103.7,52.3,113.0,2.44,Manakara,-22.145,48.017,5.0
2017-03-10,32.0,25.1,27.9,0.2,21.3,49.0,18.22,Manakara,-22.145,48.017,5.0
2017-03-11,27.9,22.8,25.5,15.0,14.1,32.8,13.27,Manakara,-22.145,48.017,5.0
2017-03-12,28.0,23.7,25.9,6.5,14.8,31.7,13.45,Manakara,-22.145,48.017,5.0
2017-03-13,27.7,24.1,25.7,1.6,23.4,49.7,14.99,Manakara,-22.145,48.017,5.0
2017-03-14,30.4,22.1,25.8,1.2,13.8,35.6,25.71,Manakara,-22.145,48.017,5.0
2017-03-15,29.2,22.5,25.6,0.4,15.0,35.3,21.27,Manakara,-22.145,48.017,5.0
2017-03-16,28.7,22.8,25.9,1.3,13.7,31.3,20.16,Manakara,-22.145,48.017,5.0
2017-03-17,27.0,23.7,25.3,17.5,11.5,33.5,16.21,Manakara,-22.145,48.017,5.0
2017-03-18,28.4,23.5,25.4,12.9,12.8,31.3,14.51,Manakara,-22.145,48.017,5.0
2017-03-19,27.7,23.1,25.4,6.3,12.8,32.8,18.13,Manakara,-22.145,48.017,5.0
2017-03-20,27.9,23.2,25.2,7.3,14.5,35.3,19.07,Manakara,-22.145,48.017,5.0
2017-03-21,26.8,22.4,24.5,15.2,11.0,29.5,15.9,Manakara,-22.145,48.017,5.0
2017-03-22,26.8,22.0,24.1,10.5,11.8,33.5,16.07,Manakara,-22.145,48.017,5.0
2017-03-23,27.5,22.8,24.3,7.5,10.5,31.3,16.82,Manakara,-22.145,48.017,5.0
2017-03-24,27.8,22.5,24.9,2.8,13.0,29.5,16.02,Manakara,-22.145,48.017,5.0
2017-03-25,29.6,23.0,26.2,0.1,15.5,37.1,21.48,Manakara,-22.145,48.017,5.0
2017-03-26,30.5,23.0,26.2,36.4,16.3,37.8,19.69,Manakara,-22.145,48.017,5.0
2017-03-27,27.4,23.0,25.1,7.1,18.2,40.3,13.19,Manakara,-22.145,48.017,5.0
2017-03-28,28.3,22.7,25.3,5.2,14.4,37.1,15.69,Manakara,-22.145,48.017,5.0
2017-03-29,28.6,23.5,25.5,0.9,10.7,25.9,16.55,Manakara,-22.145,48.017,5.0
2017-03-30,26.9,22.6,24.1,16.6,13.9,30.6,7.53,Manakara,-22.145,48.017,5.0
2017-03-31,27.2,21.9,24.2,1.8,14.3,34.6,14.93,Manakara,-22.145,48.017,5.0
2017-04-01,26.7,22.9,24.8,22.9,10.4,25.9,11.13,Manakara,-22.145,48.017,5.0
2017-04-02,27.2,22.9,24.7,20.7,11.7,29.9,12.65,Manakara,-22.145,48.017,5.0
2017-04-03,28.4,22.9,25.5,4.3,12.2,29.2,18.12,Manakara,-22.145,48.017,5.0
2017-04-04,27.9,24.2,26.0,7.0,11.8,27.4,14.89,Manakara,-22.145,48.017,5.0
2017-04-05,28.8,23.6,26.0,3.2,13.5,34.2,18.68,Manakara,-22.145,48.017,5.0
2017-04-06,27.9,22.0,24.5,4.8,12.0,32.8,19.63,Manakara,-22.145,48.017,5.0
2017-04-07,28.0,21.3,24.5,1.9,12.1,33.5,18.53,Manakara,-22.145,48.017,5.0
2017-04-08,27.5,22.4,24.7,4.2,12.4,30.2,19.7,Manakara,-22.145,48.017,5.0
2017-04-09,26.7,21.3,23.9,2.9,11.5,28.1,17.5,Manakara,-22.145,48.017,5.0
2017-04-10,26.0,21.3,23.4,5.8,14.3,31.7,13.93,Manakara,-22.145,48.017,5.0
2017-04-11,26.4,21.8,23.9,2.9,10.5,27.4,15.21,Manakara,-22.145,48.017,5.0
2017-04-12,27.1,21.6,24.4,1.5,9.0,31.3,16.38,Manakara,-22.145,48.017,5.0
2017-04-13,27.5,22.0,24.3,2.0,9.8,30.6,14.41,Manakara,-22.145,48.017,5.0
2017-04-14,27.1,21.2,24.0,3.8,10.7,28.8,15.49,Manakara,-22.145,48.017,5.0
2017-04-15,27.3,22.0,24.5,2.9,10.9,29.9,16.7,Manakara,-22.145,48.017,5.0
2017-04-16,26.5,20.8,23.9,2.7,11.9,27.7,14.11,Manakara,-22.145,48.017,5.0
2017-04-17,27.2,22.1,24.5,3.2,14.3,34.6,16.86,Manakara,-22.145,48.017,5.0
2017-04-18,27.3,22.2,24.4,15.8,12.0,28.1,11.75,Manakara,-22.145,48.017,5.0
2017-04-19,29.0,22.1,24.8,7.4,11.6,23.8,13.99,Manakara,-22.145,48.017,5.0
2017-04-20,28.0,21.6,24.5,2.7,12.6,28.4,15.93,Manakara,-22.145,48.017,5.0
2017-04-21,28.2,21.7,24.8,1.9,11.8,29.5,17.33,Manakara,-22.145,48.017,5.0
2017-04-22,31.2,19.4,25.1,0.0,12.8,26.6,20.92,Manakara,-22.145,48.017,5.0
2017-04-23,27.3,20.3,23.9,0.1,13.1,30.6,16.84,Manakara,-22.145,48.017,5.0
2017-04-24,26.3,20.6,23.3,2.0,12.2,31.0,14.08,Manakara,-22.145,48.017,5.0
2017-04-25,24.7,21.1,22.5,4.1,15.7,35.6,11.12,Manakara,-22.145,48.017,5.0
2017-04-26,24.2,19.9,21.8,7.5,15.5,31.3,8.78,Manakara,-22.145,48.017,5.0
2017-04-27,24.2,20.8,22.1,12.1,18.9,39.2,6.05,Manakara,-22.145,48.017,5.0
2017-04-28,25.3,20.6,22.7,33.1,17.9,36.4,10.86,Manakara,-22.145,48.017,5.0
2017-04-29,24.8,21.5,22.9,12.0,20.6,45.0,11.08,Manakara,-22.145,48.017,5.0
2017-04-30,24.7,18.0,21.8,4.0,14.8,32.0,12.98,Manakara,-22.145,48.017,5.0
2017-05-01,23.1,19.0,21.2,12.1,10.9,27.7,9.03,Manakara,-22.145,48.017,5.0
2017-05-02,23.5,19.4,21.1,9.3,11.1,27.0,12.01,Manakara,-22.145,48.017,5.0
2017-05-03,25.4,19.9,21.8,3.6,13.5,30.2,11.68,Manakara,-22.145,48.017,5.0
2017-05-04,25.7,19.9,22.9,0.4,9.4,23.8,12.15,Manakara,-22.145,48.017,5.0
2017-05-05,26.1,21.1,23.3,3.6,11.4,27.4,14.83,Manakara,-22.145,48.017,5.0
2017-05-06,24.6,20.3,22.0,6.1,8.7,22.3,10.33,Manakara,-22.145,48.017,5.0
2017-05-07,26.0,19.6,22.4,0.5,8.4,24.5,15.67,Manakara,-22.145,48.017,5.0
2017-05-08,26.3,19.4,22.8,1.1,9.6,23.8,14.9,Manakara,-22.145,48.017,5.0
2017-05-09,25.7,19.6,22.7,3.7,11.0,26.6,14.72,Manakara,-22.145,48.017,5.0
2017-05-10,25.7,20.6,22.7,3.7,11.9,29.5,13.32,Manakara,-22.145,48.017,5.0
2017-05-11,26.5,19.8,23.0,0.7,13.3,29.5,15.53,Manakara,-22.145,48.017,5.0
2017-05-12,25.9,21.3,23.2,1.0,15.4,35.3,13.55,Manakara,-22.145,48.017,5.0
2017-05-13,26.3,21.3,23.6,0.2,13.6,34.6,14.77,Manakara,-22.145,48.017,5.0
2017-05-14,26.0,21.7,23.7,1.1,17.9,39.6,13.05,Manakara,-22.145,48.017,5.0
2017-05-15,26.8,21.2,23.7,1.3,12.1,28.8,13.72,Manakara,-22.145,48.017,5.0
2017-05-16,25.6,22.0,23.4,1.3,15.5,36.0,10.61,Manakara,-22.145,48.017,5.0
2017-05-17,26.0,19.0,22.3,3.4,16.6,36.0,12.09,Manakara,-22.145,48.017,5.0
2017-05-18,27.4,21.0,23.7,0.9,16.8,37.4,13.51,Manakara,-22.145,48.017,5.0
2017-05-19,27.8,20.6,23.6,1.0,15.1,33.5,16.19,Manakara,-22.145,48.017,5.0
2017-05-20,25.0,20.4,22.2,1.4,12.5,25.9,13.51,Manakara,-22.145,48.017,5.0
2017-05-21,24.7,19.6,21.7,1.7,10.6,27.4,12.65,Manakara,-22.145,48.017,5.0
2017-05-22,23.8,19.7,21.5,5.2,10.2,23.8,7.23,Manakara,-22.145,48.017,5.0
2017-05-23,25.0,17.9,21.9,0.7,9.0,23.0,13.99,Manakara,-22.145,48.017,5.0
2017-05-24,25.8,18.0,22.0,0.0,12.7,28.4,15.6,Manakara,-22.145,48.017,5.0
2017-05-25,27.3,18.1,22.4,0.0,16.1,37.1,16.78,Manakara,-22.145,48.017,5.0
2017-05-26,27.0,19.9,22.8,0.1,15.9,34.9,15.42,Manakara,-22.145,48.017,5.0
2017-05-27,26.8,19.0,22.4,0.0,14.3,33.1,16.83,Manakara,-22.145,48.017,5.0
2017-05-28,27.7,19.1,23.2,0.0,14.2,32.0,15.04,Manakara,-22.145,48.017,5.0
2017-05-29,25.6,19.0,22.3,1.2,15.6,37.1,14.32,Manakara,-22.145,48.017,5.0
2017-05-30,25.3,19.3,22.1,1.5,10.2,24.1,12.62,Manakara,-22.145,48.017,5.0
2017-05-31,25.8,19.6,22.4,0.8,10.9,28.4,10.03,Manakara,-22.145,48.017,5.0
2017-06-01,27.8,19.7,23.3,0.0,16.1,37.4,15.24,Manakara,-22.145,48.017,5.0
2017-06-02,26.1,19.8,22.6,2.4,9.0,26.3,13.45,Manakara,-22.145,48.017,5.0
2017-06-03,24.5,20.2,21.8,4.1,11.0,25.6,8.99,Manakara,-22.145,48.017,5.0
2017-06-04,24.9,19.3,21.6,1.2,10.2,23.4,12.33,Manakara,-22.145,48.017,5.0
2017-06-05,25.3,18.6,21.6,0.4,10.0,25.2,12.79,Manakara,-22.145,48.017,5.0
2017-06-06,25.9,16.1,21.2,0.0,8.7,23.4,14.66,Manakara,-22.145,48.017,5.0
2017-06-07,25.5,18.4,21.6,1.6,14.8,34.2,11.23,Manakara,-22.145,48.017,5.0
2017-06-08,24.8,17.9,21.6,11.0,13.3,32.4,10.08,Manakara,-22.145,48.017,5.0
2017-06-09,24.8,22.0,23.3,50.1,18.7,44.6,5.43,Manakara,-22.145,48.017,5.0
2017-06-10,24.1,22.6,23.3,22.4,17.8,35.6,2.47,Manakara,-22.145,48.017,5.0
2017-06-11,25.8,20.8,22.8,0.7,17.9,40.0,12.14,Manakara,-22.145,48.017,5.0
2017-06-12,24.8,18.1,21.3,0.3,14.1,35.3,12.69,Manakara,-22.145,48.017,5.0
2017-06-13,26.4,18.1,21.7,0.0,14.8,31.7,15.12,Manakara,-22.145,48.017,5.0
2017-06-14,26.7,18.4,21.9,0.0,13.5,30.2,15.03,Manakara,-22.145,48.017,5.0
2017-06-15,25.7,18.6,21.9,0.3,13.3,30.2,13.73,Manakara,-22.145,48.017,5.0
2017-06-16,25.6,18.0,21.5,0.0,11.7,28.1,12.69,Manakara,-22.145,48.017,5.0
2017-06-17,23.8,18.7,21.1,2.7,13.6,31.7,11.62,Manakara,-22.145,48.017,5.0
2017-06-18,23.2,18.8,20.5,33.5,11.4,25.2,9.87,Manakara,-22.145,48.017,5.0
2017-06-19,20.9,18.8,19.7,78.4,15.4,31.3,1.99,Manakara,-22.145,48.017,5.0
2017-06-20,23.2,17.7,20.0,2.0,9.7,28.4,11.0,Manakara,-22.145,48.017,5.0
2017-06-21,23.7,17.7,20.3,0.3,8.8,20.5,10.29,Manakara,-22.145,48.017,5.0
2017-06-22,24.2,17.4,20.9,1.2,8.7,22.0,12.46,Manakara,-22.145,48.017,5.0
2017-06-23,25.2,18.7,22.0,0.0,10.5,24.8,10.2,Manakara,-22.145,48.017,5.0
2017-06-24,24.3,19.5,21.3,1.8,11.5,23.8,11.14,Manakara,-22.145,48.017,5.0
2017-06-25,23.2,18.5,20.2,3.9,12.2,27.7,9.08,Manakara,-22.145,48.017,5.0
2017-06-26,22.8,18.1,20.1,6.0,12.1,28.4,10.75,Manakara,-22.145,48.017,5.0
2017-06-27,22.8,19.3,20.6,6.1,19.0,41.8,10.91,Manakara,-22.145,48.017,5.0
2017-06-28,21.5,16.4,19.1,5.3,8.7,31.3,9.02,Manakara,-22.145,48.017,5.0
2017-06-29,24.4,15.9,19.5,0.0,9.5,25.2,14.82,Manakara,-22.145,48.017,5.0
2017-06-30,23.7,14.3,19.0,0.7,9.2,23.8,14.59,Manakara,-22.145,48.017,5.0
2017-07-01,22.1,16.2,19.0,4.4,10.2,26.6,12.03,Manakara,-22.145,48.017,5.0
2017-07-02,23.4,17.5,19.7,2.4,9.2,25.2,7.51,Manakara,-22.145,48.017,5.0
2017-07-03,23.1,17.3,20.1,2.2,11.3,26.6,12.28,Manakara,-22.145,48.017,5.0
2017-07-04,23.1,18.0,20.3,3.1,7.9,25.2,11.73,Manakara,-22.145,48.017,5.0
2017-07-05,24.6,18.4,21.0,3.3,11.8,28.8,10.59,Manakara,-22.145,48.017,5.0
2017-07-06,22.9,17.5,20.4,6.3,10.8,26.3,6.94,Manakara,-22.145,48.017,5.0
2017-07-07,22.7,18.6,20.6,2.2,18.0,35.6,10.51,Manakara,-22.145,48.017,5.0
2017-07-08,22.8,17.6,19.8,1.4,14.8,34.2,9.98,Manakara,-22.145,48.017,5.0
2017-07-09,22.1,16.7,19.1,1.4,10.7,25.9,11.86,Manakara,-22.145,48.017,5.0
2017-07-10,23.7,15.2,19.3,0.0,11.2,27.0,15.3,Manakara,-22.145,48.017,5.0
2017-07-11,24.0,14.2,19.2,0.0,9.0,20.2,16.06,Manakara,-22.145,48.017,5.0
2017-07-12,23.8,16.1,19.7,2.5,17.5,37.8,12.81,Manakara,-22.145,48.017,5.0
2017-07-13,21.2,17.1,18.8,1.1,11.5,25.6,7.88,Manakara,-22.145,48.017,5.0
2017-07-14,24.6,15.4,19.7,0.0,8.7,25.9,16.6,Manakara,-22.145,48.017,5.0
2017-07-15,24.0,15.9,19.7,0.6,10.7,24.8,12.94,Manakara,-22.145,48.017,5.0
2017-07-16,25.3,17.8,21.0,0.0,16.1,34.6,16.94,Manakara,-22.145,48.017,5.0
2017-07-17,26.1,16.9,20.7,0.0,13.4,25.6,17.08,Manakara,-22.145,48.017,5.0
2017-07-18,22.7,17.8,19.6,4.0,13.4,32.4,8.33,Manakara,-22.145,48.017,5.0
2017-07-19,23.6,17.2,20.2,1.2,7.8,18.7,11.92,Manakara,-22.145,48.017,5.0
2017-07-20,23.6,15.7,19.8,0.3,12.5,27.7,13.22,Manakara,-22.145,48.017,5.0
2017-07-21,24.7,15.0,19.9,0.0,12.5,28.8,17.24,Manakara,-22.145,48.017,5.0
2017-07-22,24.2,15.2,20.1,0.0,13.7,33.1,16.24,Manakara,-22.145,48.017,5.0
2017-07-23,24.3,17.8,21.2,0.3,14.5,32.4,13.4,Manakara,-22.145,48.017,5.0
2017-07-24,25.2,17.9,21.5,0.9,14.1,31.0,13.95,Manakara,-22.145,48.017,5.0
2017-07-25,22.5,17.6,20.0,12.2,11.6,27.4,9.38,Manakara,-22.145,48.017,5.0
2017-07-26,23.6,17.5,20.1,1.0,11.6,24.5,11.89,Manakara,-22.145,48.017,5.0
2017-07-27,24.3,17.6,20.6,1.4,10.4,26.6,14.36,Manakara,-22.145,48.017,5.0
2017-07-28,23.6,18.6,20.6,4.5,9.9,24.8,9.6,Manakara,-22.145,48.017,5.0
2017-07-29,21.6,19.3,20.5,7.8,10.5,23.4,3.85,Manakara,-22.145,48.017,5.0
2017-07-30,23.9,18.2,20.7,2.2,9.8,25.6,11.3,Manakara,-22.145,48.017,5.0
2017-07-31,25.2,16.6,20.7,3.7,24.0,52.6,15.09,Manakara,-22.145,48.017,5.0
2017-08-01,20.9,16.5,18.9,4.6,21.1,45.4,9.1,Manakara,-22.145,48.017,5.0
2017-08-02,22.1,16.4,19.0,1.0,16.2,35.3,10.7,Manakara,-22.145,48.017,5.0
2017-08-03,22.7,15.2,19.1,0.0,13.4,32.0,13.45,Manakara,-22.145,48.017,5.0
2017-08-04,22.4,16.5,19.5,1.6,14.0,32.0,12.32,Manakara,-22.145,48.017,5.0
2017-08-05,22.4,16.5,19.3,0.4,10.9,29.5,10.11,Manakara,-22.145,48.017,5.0
2017-08-06,24.4,17.4,20.4,0.0,16.1,36.4,17.12,Manakara,-22.145,48.017,5.0
2017-08-07,24.7,15.8,20.3,0.2,10.2,25.9,18.27,Manakara,-22.145,48.017,5.0
2017-08-08,21.7,17.2,19.4,5.1,13.6,34.2,9.01,Manakara,-22.145,48.017,5.0
2017-08-09,22.1,19.1,20.5,6.7,19.3,42.8,8.36,Manakara,-22.145,48.017,5.0
2017-08-10,21.7,18.6,19.7,8.4,14.3,29.9,3.43,Manakara,-22.145,48.017,5.0
2017-08-11,22.9,17.7,20.1,5.0,17.2,38.5,14.39,Manakara,-22.145,48.017,5.0
2017-08-12,22.5,16.1,19.4,7.9,15.2,35.6,13.99,Manakara,-22.145,48.017,5.0
2017-08-13,22.8,17.4,20.2,1.5,13.5,33.1,12.95,Manakara,-22.145,48.017,5.0
2017-08-14,22.9,17.2,19.8,1.9,12.1,29.5,13.68,Manakara,-22.145,48.017,5.0
2017-08-15,23.5,16.1,19.8,0.2,12.1,28.8,15.6,Manakara,-22.145,48.017,5.0
2017-08-16,23.9,17.1,20.3,3.8,17.2,38.2,13.09,Manakara,-22.145,48.017,5.0
2017-08-17,24.1,19.5,21.3,2.0,16.8,37.4,7.67,Manakara,-22.145,48.017,5.0
2017-08-18,24.9,19.8,22.2,0.7,19.1,40.7,14.91,Manakara,-22.145,48.017,5.0
2017-08-19,25.2,19.4,22.0,1.4,16.3,35.3,14.73,Manakara,-22.145,48.017,5.0
2017-08-20,25.7,19.0,21.8,0.0,16.7,39.6,17.93,Manakara,-22.145,48.017,5.0
2017-08-21,23.6,19.1,21.0,2.5,22.1,47.2,14.17,Manakara,-22.145,48.017,5.0
2017-08-22,21.4,17.9,19.6,3.7,11.5,22.3,5.63,Manakara,-22.145,48.017,5.0
2017-08-23,26.1,18.2,22.1,0.0,21.4,46.4,16.37,Manakara,-22.145,48.017,5.0
2017-08-24,26.3,19.6,22.9,0.0,18.2,39.6,14.62,Manakara,-22.145,48.017,5.0
2017-08-25,26.2,19.6,22.5,0.0,19.9,44.3,20.57,Manakara,-22.145,48.017,5.0
2017-08-26,26.0,20.1,22.2,3.1,13.4,33.8,16.29,Manakara,-22.145,48.017,5.0
2017-08-27,22.0,18.9,20.5,2.1,14.8,31.0,4.38,Manakara,-22.145,48.017,5.0
2017-08-28,22.9,18.7,20.0,7.3,22.4,48.2,10.3,Manakara,-22.145,48.017,5.0
2017-08-29,22.7,16.8,19.3,7.0,17.1,34.2,12.84,Manakara,-22.145,48.017,5.0
2017-08-30,23.3,17.0,20.0,0.3,12.6,29.5,14.43,Manakara,-22.145,48.017,5.0
2017-08-31,24.6,17.0,21.1,0.0,15.7,36.7,18.9,Manakara,-22.145,48.017,5.0
2017-09-01,24.2,18.8,21.2,0.7,15.1,35.6,17.13,Manakara,-22.145,48.017,5.0
2017-09-02,24.9,17.8,21.0,0.0,19.2,43.9,19.65,Manakara,-22.145,48.017,5.0
2017-09-03,27.5,18.2,22.2,0.7,15.8,37.8,21.57,Manakara,-22.145,48.017,5.0
2017-09-04,23.1,19.4,21.2,1.2,25.3,55.8,15.24,Manakara,-22.145,48.017,5.0
2017-09-05,21.8,18.3,19.8,1.3,15.7,29.9,12.86,Manakara,-22.145,48.017,5.0
2017-09-06,22.3,18.4,20.2,0.2,14.1,31.7,12.75,Manakara,-22.145,48.017,5.0
2017-09-07,23.3,17.3,20.2,0.4,14.2,33.1,13.04,Manakara,-22.145,48.017,5.0
2017-09-08,24.1,18.5,21.3,1.2,18.5,42.8,14.64,Manakara,-22.145,48.017,5.0
2017-09-09,23.9,18.8,21.2,2.5,17.4,38.9,14.97,Manakara,-22.145,48.017,5.0
2017-09-10,24.9,17.8,21.0,0.4,18.2,41.4,18.13,Manakara,-22.145,48.017,5.0
2017-09-11,24.8,17.5,21.1,0.3,15.0,34.2,19.4,Manakara,-22.145,48.017,5.0
2017-09-12,24.6,17.0,20.8,0.5,15.8,36.4,18.76,Manakara,-22.145,48.017,5.0
2017-09-13,25.6,16.7,21.0,0.3,17.3,40.7,20.58,Manakara,-22.145,48.017,5.0
2017-09-14,27.1,17.8,21.7,0.0,19.2,45.4,24.05,Manakara,-22.145,48.017,5.0
2017-09-15,27.1,16.4,21.5,0.4,17.4,39.6,23.68,Manakara,-22.145,48.017,5.0
2017-09-16,23.0,20.3,21.5,2.2,14.5,34.6,10.72,Manakara,-22.145,48.017,5.0
2017-09-17,25.6,20.0,22.4,0.0,17.6,40.7,15.0,Manakara,-22.145,48.017,5.0
2017-09-18,23.5,21.4,22.3,0.3,16.6,37.4,8.95,Manakara,-22.145,48.017,5.0
2017-09-19,24.1,20.6,22.2,0.5,18.1,40.3,10.27,Manakara,-22.145,48.017,5.0
2017-09-20,26.8,19.3,22.7,0.0,21.7,49.0,23.21,Manakara,-22.145,48.017,5.0
2017-09-21,25.0,20.8,22.7,3.6,23.1,51.1,15.06,Manakara,-22.145,48.017,5.0
2017-09-22,21.3,19.2,20.7,61.8,24.4,50.0,2.43,Manakara,-22.145,48.017,5.0
2017-09-23,24.4,17.7,21.1,0.0,13.6,34.2,17.6,Manakara,-22.145,48.017,5.0
2017-09-24,25.8,18.6,22.3,4.6,17.1,39.2,18.42,Manakara,-22.145,48.017,5.0
2017-09-25,25.7,20.6,22.7,1.7,17.4,39.2,15.39,Manakara,-22.145,48.017,5.0
2017-09-26,26.4,21.4,23.5,0.2,21.2,47.9,17.5,Manakara,-22.145,48.017,5.0
2017-09-27,27.5,20.7,23.7,0.0,20.4,45.7,24.36,Manakara,-22.145,48.017,5.0
2017-09-28,26.9,21.2,23.7,0.3,16.7,39.2,23.09,Manakara,-22.145,48.017,5.0
2017-09-29,22.2,20.8,21.5,9.5,27.4,54.7,5.61,Manakara,-22.145,48.017,5.0
2017-09-30,23.1,20.3,21.7,6.7,12.7,28.1,8.14,Manakara,-22.145,48.017,5.0
2017-10-01,25.1,20.2,22.6,2.0,21.2,47.2,19.05,Manakara,-22.145,48.017,5.0
2017-10-02,26.9,19.4,22.9,0.0,20.5,46.4,23.54,Manakara,-22.145,48.017,5.0
2017-10-03,26.2,20.6,23.3,2.6,18.1,41.0,18.86,Manakara,-22.145,48.017,5.0
2017-10-04,24.3,20.5,22.3,5.6,16.2,38.9,16.8,Manakara,-22.145,48.017,5.0
2017-10-05,23.6,20.8,22.0,6.7,22.9,49.0,7.9,Manakara,-22.145,48.017,5.0
2017-10-06,23.7,20.3,22.2,0.1,16.9,37.8,12.38,Manakara,-22.145,48.017,5.0
2017-10-07,24.8,18.1,21.4,0.0,18.8,43.6,17.96,Manakara,-22.145,48.017,5.0
2017-10-08,24.6,17.0,21.3,0.6,20.1,45.7,18.65,Manakara,-22.145,48.017,5.0
2017-10-09,26.0,18.9,22.8,0.3,19.5,43.9,19.74,Manakara,-22.145,48.017,5.0
2017-10-10,26.4,19.9,23.6,0.9,20.4,43.6,16.21,Manakara,-22.145,48.017,5.0
2017-10-11,28.0,23.2,25.1,0.3,21.5,47.9,18.74,Manakara,-22.145,48.017,5.0
2017-10-12,29.1,22.5,25.0,3.4,21.2,48.2,20.55,Manakara,-22.145,48.017,5.0
2017-10-13,25.8,21.6,23.3,2.1,24.6,52.6,14.3,Manakara,-22.145,48.017,5.0
2017-10-14,23.9,20.3,21.9,5.7,19.3,40.0,7.02,Manakara,-22.145,48.017,5.0
2017-10-15,25.3,20.1,22.6,0.8,13.2,31.3,14.36,Manakara,-22.145,48.017,5.0
2017-10-16,28.0,21.5,24.9,0.0,20.7,44.3,21.97,Manakara,-22.145,48.017,5.0
2017-10-17,30.1,23.0,25.5,0.0,25.8,56.9,24.57,Manakara,-22.145,48.017,5.0
2017-10-18,30.1,23.3,26.0,0.1,18.9,37.4,24.47,Manakara,-22.145,48.017,5.0
2017-10-19,25.5,23.0,24.3,1.1,17.8,35.3,9.22,Manakara,-22.145,48.017,5.0
2017-10-20,28.7,22.4,25.3,0.2,23.0,50.0,21.39,Manakara,-22.145,48.017,5.0
2017-10-21,29.0,22.0,25.0,0.0,21.4,48.6,25.82,Manakara,-22.145,48.017,5.0
2017-10-22,27.5,21.5,24.3,0.0,19.2,44.3,23.71,Manakara,-22.145,48.017,5.0
2017-10-23,27.2,21.8,24.4,0.2,20.0,46.1,22.29,Manakara,-22.145,48.017,5.0
2017-10-24,27.4,21.6,24.4,0.2,22.2,50.8,24.12,Manakara,-22.145,48.017,5.0
2017-10-25,27.8,22.1,24.7,0.3,22.5,51.1,22.25,Manakara,-22.145,48.017,5.0
2017-10-26,29.3,22.1,25.1,0.0,24.3,54.0,25.8,Manakara,-22.145,48.017,5.0
2017-10-27,28.2,21.5,24.8,0.1,24.4,54.0,21.83,Manakara,-22.145,48.017,5.0
2017-10-28,28.4,21.2,23.9,5.4,21.7,42.5,21.18,Manakara,-22.145,48.017,5.0
2017-10-29,22.7,20.1,21.0,15.7,22.5,45.4,5.25,Manakara,-22.145,48.017,5.0
2017-10-30,22.5,19.0,20.9,6.0,19.3,41.0,6.65,Manakara,-22.145,48.017,5.0
2017-10-31,23.9,19.7,21.7,2.3,17.7,38.5,15.55,Manakara,-22.145,48.017,5.0
2017-11-01,24.5,18.9,21.6,4.8,17.7,43.2,19.69,Manakara,-22.145,48.017,5.0
2017-11-02,25.8,19.1,22.6,1.6,17.0,40.7,19.97,Manakara,-22.145,48.017,5.0
2017-11-03,25.3,18.8,22.3,0.3,17.1,40.3,22.29,Manakara,-22.145,48.017,5.0
2017-11-04,25.7,18.9,22.5,1.5,14.1,31.7,19.53,Manakara,-22.145,48.017,5.0
2017-11-05,24.7,20.1,22.5,1.7,12.4,29.9,18.99,Manakara,-22.145,48.017,5.0
2017-11-06,26.1,20.0,23.3,0.0,23.8,50.8,22.51,Manakara,-22.145,48.017,5.0
2017-11-07,29.0,19.3,24.3,0.3,20.7,45.7,28.27,Manakara,-22.145,48.017,5.0
2017-11-08,28.7,22.1,25.3,0.9,24.8,52.6,21.92,Manakara,-22.145,48.017,5.0
2017-11-09,28.9,23.1,25.4,0.1,17.0,36.4,24.44,Manakara,-22.145,48.017,5.0
2017-11-10,28.5,23.5,25.4,1.3,18.5,42.8,20.4,Manakara,-22.145,48.017,5.0
2017-11-11,25.4,22.8,24.1,1.7,16.0,36.7,9.93,Manakara,-22.145,48.017,5.0
2017-11-12,24.1,21.7,23.0,10.1,14.5,31.3,6.25,Manakara,-22.145,48.017,5.0
2017-11-13,24.0,21.8,22.6,9.5,9.3,22.0,5.6,Manakara,-22.145,48.017,5.0
2017-11-14,24.5,21.2,23.0,8.9,17.8,37.1,5.65,Manakara,-22.145,48.017,5.0
2017-11-15,25.3,22.3,24.0,2.2,17.9,40.0,9.13,Manakara,-22.145,48.017,5.0
2017-11-16,27.3,22.0,24.7,0.4,21.3,47.9,22.37,Manakara,-22.145,48.017,5.0
2017-11-17,27.8,22.9,25.3,0.8,20.0,46.4,22.76,Manakara,-22.145,48.017,5.0
2017-11-18,27.9,22.8,24.9,8.4,12.7,31.3,19.52,Manakara,-22.145,48.017,5.0
2017-11-19,26.9,21.8,24.4,3.2,14.3,35.3,22.28,Manakara,-22.145,48.017,5.0
2017-11-20,25.9,22.5,23.7,18.8,15.1,33.8,15.3,Manakara,-22.145,48.017,5.0
2017-11-21,25.3,21.6,23.4,30.0,15.5,36.7,13.16,Manakara,-22.145,48.017,5.0
2017-11-22,25.6,23.0,24.1,1.1,17.9,40.3,16.65,Manakara,-22.145,48.017,5.0
2017-11-23,25.7,21.6,23.3,17.4,18.1,42.5,17.65,Manakara,-22.145,48.017,5.0
2017-11-24,25.7,20.6,23.4,3.5,17.9,40.3,16.12,Manakara,-22.145,48.017,5.0
2017-11-25,26.9,21.7,24.3,1.4,17.2,39.6,23.05,Manakara,-22.145,48.017,5.0
2017-11-26,28.1,22.8,25.2,13.1,17.6,40.3,18.61,Manakara,-22.145,48.017,5.0
2017-11-27,29.9,22.6,25.6,9.4,15.0,36.0,27.68,Manakara,-22.145,48.017,5.0
2017-11-28,24.5,22.8,23.7,10.2,19.8,40.3,5.43,Manakara,-22.145,48.017,5.0
2017-11-29,24.5,22.5,23.2,17.1,17.6,37.4,5.64,Manakara,-22.145,48.017,5.0
2017-11-30,26.7,22.2,23.8,19.0,14.5,33.8,13.45,Manakara,-22.145,48.017,5.0
2017-12-01,25.8,21.7,23.5,26.3,18.8,41.4,13.15,Manakara,-22.145,48.017,5.0
2017-12-02,28.0,22.3,24.2,8.9,18.2,42.1,16.19,Manakara,-22.145,48.017,5.0
2017-12-03,27.9,22.4,25.3,2.6,18.4,40.7,20.39,Manakara,-22.145,48.017,5.0
2017-12-04,28.2,23.1,25.6,1.0,18.6,42.8,26.06,Manakara,-22.145,48.017,5.0
2017-12-05,28.0,22.5,25.3,2.0,16.9,38.2,24.34,Manakara,-22.145,48.017,5.0
2017-12-06,29.0,22.1,25.6,0.5,22.9,49.0,25.24,Manakara,-22.145,48.017,5.0
2017-12-07,29.7,22.9,26.1,1.2,18.7,42.8,24.2,Manakara,-22.145,48.017,5.0
2017-12-08,28.1,21.8,24.8,8.4,17.2,43.2,22.5,Manakara,-22.145,48.017,5.0
2017-12-09,27.5,22.6,25.2,6.5,19.5,45.7,19.72,Manakara,-22.145,48.017,5.0
2017-12-10,31.4,21.6,26.8,5.7,20.1,46.4,25.71,Manakara,-22.145,48.017,5.0
2017-12-11,28.2,22.9,25.7,2.3,19.2,43.6,23.91,Manakara,-22.145,48.017,5.0
2017-12-12,28.3,22.6,25.5,2.0,15.8,38.5,24.13,Manakara,-22.145,48.017,5.0
2017-12-13,29.7,22.9,25.9,7.7,15.6,38.5,19.06,Manakara,-22.145,48.017,5.0
2017-12-14,30.4,23.6,26.9,0.0,23.7,51.5,27.17,Manakara,-22.145,48.017,5.0
2017-12-15,30.4,24.1,26.7,8.2,21.2,40.0,19.39,Manakara,-22.145,48.017,5.0
2017-12-16,25.1,22.8,23.9,7.5,25.3,49.0,7.84,Manakara,-22.145,48.017,5.0
2017-12-17,26.3,22.5,24.0,50.7,11.6,22.7,8.99,Manakara,-22.145,48.017,5.0
2017-12-18,28.2,22.2,25.4,2.5,16.5,37.8,21.46,Manakara,-22.145,48.017,5.0
2017-12-19,30.0,23.0,26.3,0.2,22.9,51.8,27.97,Manakara,-22.145,48.017,5.0
2017-12-20,30.6,23.6,26.6,11.4,23.8,54.4,26.43,Manakara,-22.145,48.017,5.0
2017-12-21,28.1,23.3,25.1,13.6,19.9,46.4,22.93,Manakara,-22.145,48.017,5.0
2017-12-22,28.7,22.8,25.4,4.5,19.7,43.9,22.95,Manakara,-22.145,48.017,5.0
2017-12-23,29.8,23.3,26.3,5.3,20.6,46.8,23.67,Manakara,-22.145,48.017,5.0
2017-12-24,29.2,23.5,25.7,20.5,17.3,41.8,20.77,Manakara,-22.145,48.017,5.0
2017-12-25,29.3,22.9,26.3,1.4,18.3,42.5,24.11,Manakara,-22.145,48.017,5.0
2017-12-26,29.8,23.1,26.4,6.9,16.0,38.2,24.78,Manakara,-22.145,48.017,5.0
2017-12-27,27.2,23.0,24.8,17.0,18.1,40.0,14.21,Manakara,-22.145,48.017,5.0
2017-12-28,27.4,22.5,24.6,6.7,12.2,29.2,11.13,Manakara,-22.145,48.017,5.0
2017-12-29,29.1,23.0,25.7,12.5,12.0,31.0,19.13,Manakara,-22.145,48.017,5.0
2017-12-30,27.9,23.2,25.1,10.8,19.3,43.2,17.64,Manakara,-22.145,48.017,5.0
2017-12-31,27.8,23.0,25.2,4.9,17.7,39.6,22.31,Manakara,-22.145,48.017,5.0
2018-01-01,27.9,23.6,25.2,14.0,15.5,34.9,17.49,Manakara,-22.145,48.017,5.0
2018-01-02,28.6,22.6,25.7,4.0,14.8,35.3,20.8,Manakara,-22.145,48.017,5.0
2018-01-03,28.3,23.2,25.8,4.5,18.5,41.8,22.01,Manakara,-22.145,48.017,5.0
2018-01-04,28.9,24.0,25.7,56.0,27.7,57.6,19.93,Manakara,-22.145,48.017,5.0
2018-01-05,26.6,24.6,25.3,124.1,29.1,62.3,8.94,Manakara,-22.145,48.017,5.0
2018-01-06,26.7,24.9,25.5,87.0,31.7,67.0,4.8,Manakara,-22.145,48.017,5.0
2018-01-07,28.5,24.1,25.8,61.7,24.8,60.1,7.79,Manakara,-22.145,48.017,5.0
2018-01-08,35.4,24.4,28.6,7.0,17.9,61.2,19.39,Manakara,-22.145,48.017,5.0
2018-01-09,33.6,24.8,28.7,1.7,9.5,28.4,25.86,Manakara,-22.145,48.017,5.0
2018-01-10,28.1,24.6,25.7,6.9,25.9,57.6,15.44,Manakara,-22.145,48.017,5.0
2018-01-11,25.6,22.3,24.1,1.1,23.1,50.8,16.12,Manakara,-22.145,48.017,5.0
2018-01-12,27.4,20.8,24.0,1.9,18.1,40.7,22.8,Manakara,-22.145,48.017,5.0
2018-01-13,26.1,21.1,23.7,42.5,20.3,40.3,10.47,Manakara,-22.145,48.017,5.0
2018-01-14,27.6,23.7,25.2,13.3,20.7,45.4,18.72,Manakara,-22.145,48.017,5.0
2018-01-15,27.7,23.3,25.2,15.4,20.6,47.2,19.18,Manakara,-22.145,48.017,5.0
2018-01-16,27.4,22.1,24.8,1.1,20.1,45.4,23.75,Manakara,-22.145,48.017,5.0
2018-01-17,27.1,20.4,23.7,2.1,16.5,40.3,22.6,Manakara,-22.145,48.017,5.0
2018-01-18,26.7,20.7,23.2,4.9,21.0,46.1,18.81,Manakara,-22.145,48.017,5.0
2018-01-19,30.2,21.2,25.2,0.7,23.4,51.5,25.87,Manakara,-22.145,48.017,5.0
2018-01-20,33.1,22.4,27.2,0.0,17.8,38.2,28.5,Manakara,-22.145,48.017,5.0
2018-01-21,26.9,23.5,25.3,15.5,19.2,37.4,8.92,Manakara,-22.145,48.017,5.0
2018-01-22,25.6,22.6,23.8,31.9,18.8,38.5,4.82,Manakara,-22.145,48.017,5.0
2018-01-23,26.3,22.3,24.4,1.4,21.4,47.5,16.11,Manakara,-22.145,48.017,5.0
2018-01-24,26.5,22.4,24.7,1.1,15.8,38.2,17.69,Manakara,-22.145,48.017,5.0
2018-01-25,27.6,23.4,25.2,0.6,17.7,41.8,20.54,Manakara,-22.145,48.017,5.0
2018-01-26,27.6,22.9,25.4,1.5,18.2,40.0,21.62,Manakara,-22.145,48.017,5.0
2018-01-27,28.0,24.0,25.8,0.6,15.9,36.7,23.05,Manakara,-22.145,48.017,5.0
2018-01-28,29.2,22.8,25.9,2.3,15.3,37.8,23.69,Manakara,-22.145,48.017,5.0
2018-01-29,29.5,23.3,25.6,38.1,16.2,38.9,17.31,Manakara,-22.145,48.017,5.0
2018-01-30,29.8,23.1,26.2,7.5,16.9,37.1,19.36,Manakara,-22.145,48.017,5.0
2018-01-31,29.8,23.4,26.6,3.9,16.0,36.0,20.03,Manakara,-22.145,48.017,5.0
2018-02-01,29.9,24.0,27.0,6.9,18.4,40.3,20.44,Manakara,-22.145,48.017,5.0
2018-02-02,30.6,24.2,26.9,0.0,19.3,44.3,27.97,Manakara,-22.145,48.017,5.0
2018-02-03,30.5,24.0,26.9,0.2,17.0,40.7,28.42,Manakara,-22.145,48.017,5.0
2018-02-04,29.7,23.5,25.8,10.7,20.2,43.9,19.73,Manakara,-22.145,48.017,5.0
2018-02-05,27.7,22.8,24.7,15.3,10.3,25.9,14.31,Manakara,-22.145,48.017,5.0
2018-02-06,27.9,21.8,24.9,2.2,15.3,40.0,23.58,Manakara,-22.145,48.017,5.0
2018-02-07,27.7,22.3,24.7,6.8,10.0,28.4,18.0,Manakara,-22.145,48.017,5.0
2018-02-08,27.9,22.7,24.9,5.0,14.2,36.7,21.87,Manakara,-22.145,48.017,5.0
2018-02-09,26.9,22.5,24.6,15.0,13.4,33.8,12.75,Manakara,-22.145,48.017,5.0
2018-02-10,26.5,22.5,24.5,6.3,12.6,28.8,7.56,Manakara,-22.145,48.017,5.0
2018-02-11,28.2,21.5,24.7,0.5,11.7,27.7,16.92,Manakara,-22.145,48.017,5.0
2018-02-12,27.8,20.8,24.2,5.6,13.0,31.7,15.11,Manakara,-22.145,48.017,5.0
2018-02-13,28.9,21.8,25.6,1.6,12.3,31.3,24.78,Manakara,-22.145,48.017,5.0
2018-02-14,27.4,22.7,25.0,0.7,17.3,40.3,21.32,Manakara,-22.145,48.017,5.0
2018-02-15,27.8,22.5,24.9,3.9,14.8,37.8,20.37,Manakara,-22.145,48.017,5.0
2018-02-16,28.5,22.3,25.4,5.6,14.7,37.1,22.79,Manakara,-22.145,48.017,5.0
2018-02-17,29.3,23.2,26.0,5.6,14.2,33.5,21.47,Manakara,-22.145,48.017,5.0
2018-02-18,28.4,23.3,25.6,11.8,13.8,34.6,19.96,Manakara,-22.145,48.017,5.0
2018-02-19,28.8,23.0,25.5,4.2,16.9,42.1,22.2,Manakara,-22.145,48.017,5.0
2018-02-20,27.9,23.0,25.0,7.2,15.3,36.4,21.13,Manakara,-22.145,48.017,5.0
2018-02-21,27.6,22.0,24.4,3.9,14.8,33.5,18.12,Manakara,-22.145,48.017,5.0
2018-02-22,28.5,22.0,25.3,1.8,13.4,32.0,21.97,Manakara,-22.145,48.017,5.0
2018-02-23,28.7,23.0,25.6,7.1,13.8,33.5,21.6,Manakara,-22.145,48.017,5.0
2018-02-24,29.0,23.1,26.1,1.6,14.1,32.4,21.26,Manakara,-22.145,48.017,5.0
2018-02-25,29.2,23.2,26.6,1.1,16.9,38.5,22.55,Manakara,-22.145,48.017,5.0
2018-02-26,30.6,24.3,27.3,1.9,18.1,43.2,23.78,Manakara,-22.145,48.017,5.0
2018-02-27,30.2,24.3,26.7,5.0,16.3,37.1,19.52,Manakara,-22.145,48.017,5.0
2018-02-28,29.6,24.0,26.3,10.3,14.7,36.0,20.34,Manakara,-22.145,48.017,5.0
2018-03-01,29.1,23.5,26.0,11.4,15.6,36.0,20.37,Manakara,-22.145,48.017,5.0
2018-03-02,28.4,23.2,25.6,4.8,11.0,31.7,21.79,Manakara,-22.145,48.017,5.0
2018-03-03,27.3,22.5,24.7,35.0,15.2,39.6,16.66,Manakara,-22.145,48.017,5.0
2018-03-04,27.0,24.0,25.1,60.9,23.7,52.9,11.18,Manakara,-22.145,48.017,5.0
2018-03-05,25.6,23.5,24.4,37.0,25.8,55.4,7.05,Manakara,-22.145,48.017,5.0
2018-03-06,29.9,23.5,26.1,1.4,27.1,58.7,20.65,Manakara,-22.145,48.017,5.0
2018-03-07,29.9,22.2,25.8,1.1,18.3,40.3,23.58,Manakara,-22.145,48.017,5.0
2018-03-08,30.2,22.0,25.5,0.4,19.4,44.6,25.59,Manakara,-22.145,48.017,5.0
2018-03-09,29.4,22.4,26.0,0.1,15.8,37.8,24.92,Manakara,-22.145,48.017,5.0
2018-03-10,28.8,24.8,26.6,0.4,16.3,38.9,23.12,Manakara,-22.145,48.017,5.0
2018-03-11,28.4,23.4,25.7,0.6,14.1,34.6,22.78,Manakara,-22.145,48.017,5.0
2018-03-12,28.6,22.6,25.5,0.8,13.2,32.4,17.65,Manakara,-22.145,48.017,5.0
2018-03-13,28.4,23.2,25.7,4.2,14.1,35.3,20.02,Manakara,-22.145,48.017,5.0
2018-03-14,28.2,22.9,25.6,3.0,14.7,34.9,20.75,Manakara,-22.145,48.017,5.0
2018-03-15,27.2,23.1,25.1,11.1,12.6,35.6,14.94,Manakara,-22.145,48.017,5.0
2018-03-16,26.7,23.6,25.2,42.1,20.5,44.3,12.33,Manakara,-22.145,48.017,5.0
2018-03-17,26.3,23.7,24.6,41.9,20.4,41.8,9.17,Manakara,-22.145,48.017,5.0
2018-03-18,26.1,23.4,24.5,84.0,35.8,70.6,4.05,Manakara,-22.145,48.017,5.0
2018-03-19,33.5,22.7,26.2,56.2,37.2,82.4,21.5,Manakara,-22.145,48.017,5.0
2018-03-20,28.4,22.6,25.8,1.0,13.9,34.2,20.42,Manakara,-22.145,48.017,5.0
2018-03-21,28.2,23.5,25.7,1.8,13.0,31.7,16.13,Manakara,-22.145,48.017,5.0
2018-03-22,28.5,24.0,26.1,0.2,15.2,36.4,20.43,Manakara,-22.145,48.017,5.0
2018-03-23,27.8,24.0,25.6,1.6,14.1,33.5,19.68,Manakara,-22.145,48.017,5.0
2018-03-24,28.4,21.6,25.3,0.3,14.0,33.8,21.15,Manakara,-22.145,48.017,5.0
2018-03-25,28.0,23.5,25.3,4.6,12.3,29.9,13.88,Manakara,-22.145,48.017,5.0
2018-03-26,27.8,23.0,25.3,0.8,13.1,30.2,20.89,Manakara,-22.145,48.017,5.0
2018-03-27,28.1,22.8,25.1,1.5,13.7,32.0,22.3,Manakara,-22.145,48.017,5.0
2018-03-28,27.0,22.2,24.6,3.7,11.5,28.4,18.44,Manakara,-22.145,48.017,5.0
2018-03-29,27.1,21.4,24.3,0.9,12.6,29.5,20.07,Manakara,-22.145,48.017,5.0
2018-03-30,27.4,21.5,24.5,1.5,10.9,25.9,19.54,Manakara,-22.145,48.017,5.0
2018-03-31,27.5,21.2,24.2,0.5,10.5,27.4,18.12,Manakara,-22.145,48.017,5.0
2018-04-01,27.5,22.5,24.9,6.1,11.7,29.2,16.86,Manakara,-22.145,48.017,5.0
2018-04-02,27.4,22.3,24.5,3.7,9.0,24.8,15.81,Manakara,-22.145,48.017,5.0
2018-04-03,27.7,22.3,24.3,4.9,15.0,34.2,14.75,Manakara,-22.145,48.017,5.0
2018-04-04,27.2,22.1,24.3,8.5,11.2,27.7,13.5,Manakara,-22.145,48.017,5.0
2018-04-05,25.7,22.0,23.7,24.8,12.4,28.8,10.81,Manakara,-22.145,48.017,5.0
2018-04-06,26.8,22.6,24.5,10.7,14.8,34.9,13.66,Manakara,-22.145,48.017,5.0
2018-04-07,26.5,22.8,24.4,6.7,11.2,35.6,12.71,Manakara,-22.145,48.017,5.0
2018-04-08,27.7,22.6,24.7,4.8,10.0,28.8,17.02,Manakara,-22.145,48.017,5.0
2018-04-09,26.3,21.8,23.8,4.5,16.9,37.4,15.28,Manakara,-22.145,48.017,5.0
2018-04-10,26.3,19.9,22.8,0.5,12.1,27.0,16.86,Manakara,-22.145,48.017,5.0
2018-04-11,29.5,19.7,24.4,0.0,13.4,32.0,20.66,Manakara,-22.145,48.017,5.0
2018-04-12,26.9,22.1,24.2,2.7,18.4,41.4,13.44,Manakara,-22.145,48.017,5.0
2018-04-13,25.0,22.3,23.7,8.7,18.0,37.4,5.48,Manakara,-22.145,48.017,5.0
2018-04-14,24.3,20.7,22.4,3.7,8.3,23.4,5.85,Manakara,-22.145,48.017,5.0
2018-04-15,26.0,21.1,23.5,1.5,13.0,30.6,11.61,Manakara,-22.145,48.017,5.0
2018-04-16,27.2,21.4,24.3,3.9,13.6,32.8,16.84,Manakara,-22.145,48.017,5.0
2018-04-17,26.0,21.6,23.6,4.1,12.2,29.2,11.21,Manakara,-22.145,48.017,5.0
2018-04-18,25.9,20.9,23.4,1.1,10.1,24.8,14.16,Manakara,-22.145,48.017,5.0
2018-04-19,26.5,21.5,23.8,1.8,10.1,25.6,14.17,Manakara,-22.145,48.017,5.0
2018-04-20,27.9,20.5,24.2,0.3,10.6,26.6,17.25,Manakara,-22.145,48.017,5.0
2018-04-21,27.8,20.8,24.4,0.3,14.3,31.3,17.6,Manakara,-22.145,48.017,5.0
2018-04-22,28.6,21.5,24.5,3.1,14.1,35.3,17.36,Manakara,-22.145,48.017,5.0
2018-04-23,26.5,21.3,23.4,21.5,14.3,31.3,9.69,Manakara,-22.145,48.017,5.0
2018-04-24,25.0,20.6,22.3,15.5,20.5,42.8,10.19,Manakara,-22.145,48.017,5.0
2018-04-25,25.0,20.1,22.3,2.4,15.5,36.0,13.7,Manakara,-22.145,48.017,5.0
2018-04-26,25.0,20.2,22.6,4.9,19.0,41.4,12.51,Manakara,-22.145,48.017,5.0
2018-04-27,25.5,19.7,22.5,0.1,11.5,27.7,16.87,Manakara,-22.145,48.017,5.0
2018-04-28,26.7,17.9,22.7,0.0,13.6,31.0,18.42,Manakara,-22.145,48.017,5.0
2018-04-29,26.3,19.4,22.8,0.6,12.9,29.9,13.04,Manakara,-22.145,48.017,5.0
2018-04-30,26.7,20.6,23.4,0.3,10.4,24.1,14.7,Manakara,-22.145,48.017,5.0
2018-05-01,25.2,20.1,22.9,2.6,16.2,38.9,10.34,Manakara,-22.145,48.017,5.0
2018-05-02,25.5,19.1,22.5,2.0,13.0,31.7,14.37,Manakara,-22.145,48.017,5.0
2018-05-03,26.0,18.6,22.7,0.4,12.3,28.8,15.26,Manakara,-22.145,48.017,5.0
2018-05-04,27.9,21.0,24.0,0.3,17.2,37.8,16.25,Manakara,-22.145,48.017,5.0
2018-05-05,28.4,21.6,24.5,0.0,16.7,35.3,16.3,Manakara,-22.145,48.017,5.0
2018-05-06,27.3,21.9,24.1,1.1,15.3,34.6,10.47,Manakara,-22.145,48.017,5.0
2018-05-07,26.4,21.4,23.9,4.1,14.8,34.2,13.46,Manakara,-22.145,48.017,5.0
2018-05-08,25.9,21.9,23.3,4.0,11.6,30.2,9.95,Manakara,-22.145,48.017,5.0
2018-05-09,26.7,21.9,24.0,2.2,15.0,34.2,11.82,Manakara,-22.145,48.017,5.0
2018-05-10,29.0,21.6,24.7,3.6,13.8,35.3,15.57,Manakara,-22.145,48.017,5.0
2018-05-11,25.7,21.2,23.4,4.0,12.0,27.7,9.82,Manakara,-22.145,48.017,5.0
2018-05-12,25.0,20.8,23.1,1.7,11.4,25.6,9.39,Manakara,-22.145,48.017,5.0
2018-05-13,26.3,20.6,23.4,1.5,17.8,37.8,11.55,Manakara,-22.145,48.017,5.0
2018-05-14,28.2,21.0,24.0,0.1,18.2,41.0,14.52,Manakara,-22.145,48.017,5.0
2018-05-15,26.1,19.7,22.5,0.2,13.5,34.2,16.91,Manakara,-22.145,48.017,5.0
2018-05-16,25.8,19.0,22.0,0.8,14.7,33.1,13.66,Manakara,-22.145,48.017,5.0
2018-05-17,24.9,19.3,21.6,2.2,12.5,28.4,12.38,Manakara,-22.145,48.017,5.0
2018-05-18,25.1,19.4,22.0,1.0,9.3,24.5,13.65,Manakara,-22.145,48.017,5.0
2018-05-19,22.9,18.7,20.5,17.0,12.9,28.4,8.83,Manakara,-22.145,48.017,5.0
2018-05-20,22.0,18.6,20.2,13.8,16.3,36.0,7.69,Manakara,-22.145,48.017,5.0
2018-05-21,24.6,17.7,20.9,5.0,12.4,36.7,15.44,Manakara,-22.145,48.017,5.0
2018-05-22,25.4,18.6,21.7,2.5,11.8,23.8,14.42,Manakara,-22.145,48.017,5.0
2018-05-23,24.2,19.4,21.7,5.4,10.9,29.9,8.47,Manakara,-22.145,48.017,5.0
2018-05-24,25.0,17.3,21.8,4.1,9.8,24.8,12.79,Manakara,-22.145,48.017,5.0
2018-05-25,26.2,18.9,22.7,1.4,11.5,27.4,15.22,Manakara,-22.145,48.017,5.0
2018-05-26,25.6,16.8,21.4,0.0,11.7,28.8,14.37,Manakara,-22.145,48.017,5.0
2018-05-27,26.7,17.9,21.8,0.0,10.1,22.3,16.26,Manakara,-22.145,48.017,5.0
2018-05-28,24.9,19.2,21.9,1.2,11.7,28.4,13.4,Manakara,-22.145,48.017,5.0
2018-05-29,23.7,19.5,21.6,5.3,15.2,34.9,10.25,Manakara,-22.145,48.017,5.0
2018-05-30,24.2,18.9,21.5,0.1,11.2,26.3,11.56,Manakara,-22.145,48.017,5.0
2018-05-31,25.1,18.5,21.9,1.4,13.9,29.9,13.07,Manakara,-22.145,48.017,5.0
2018-06-01,24.4,20.2,21.9,2.2,13.3,31.3,11.75,Manakara,-22.145,48.017,5.0
2018-06-02,23.6,19.0,21.3,2.9,8.3,23.0,8.81,Manakara,-22.145,48.017,5.0
2018-06-03,23.6,18.4,20.4,5.4,10.8,31.0,11.99,Manakara,-22.145,48.017,5.0
2018-06-04,21.1,18.1,19.6,4.3,10.3,29.9,4.13,Manakara,-22.145,48.017,5.0
2018-06-05,25.7,17.3,21.0,6.3,16.6,34.6,15.44,Manakara,-22.145,48.017,5.0
2018-06-06,24.2,16.1,20.2,0.2,11.4,27.0,15.58,Manakara,-22.145,48.017,5.0
2018-06-07,25.3,15.6,20.4,0.0,14.1,26.6,16.53,Manakara,-22.145,48.017,5.0
2018-06-08,26.1,15.8,20.7,0.0,12.3,25.2,16.25,Manakara,-22.145,48.017,5.0
2018-06-09,24.5,18.2,21.0,1.3,13.1,28.8,12.91,Manakara,-22.145,48.017,5.0
2018-06-10,24.3,18.4,21.0,1.4,9.3,22.3,12.27,Manakara,-22.145,48.017,5.0
2018-06-11,24.1,18.3,21.5,1.2,9.4,23.8,12.39,Manakara,-22.145,48.017,5.0
2018-06-12,22.5,18.8,20.4,3.5,12.6,27.7,8.01,Manakara,-22.145,48.017,5.0
2018-06-13,21.5,18.8,20.0,19.7,10.7,25.2,6.45,Manakara,-22.145,48.017,5.0
2018-06-14,24.7,18.5,21.6,13.7,13.6,29.5,11.49,Manakara,-22.145,48.017,5.0
2018-06-15,24.5,19.0,21.5,7.0,10.5,25.9,12.11,Manakara,-22.145,48.017,5.0
2018-06-16,25.1,17.9,21.3,0.0,16.6,38.5,15.01,Manakara,-22.145,48.017,5.0
2018-06-17,26.7,19.0,22.4,0.2,12.0,28.1,15.17,Manakara,-22.145,48.017,5.0
2018-06-18,23.4,19.7,20.9,6.4,11.2,25.6,7.84,Manakara,-22.145,48.017,5.0
2018-06-19,25.1,17.6,21.5,2.1,11.3,25.6,14.6,Manakara,-22.145,48.017,5.0
2018-06-20,26.0,17.4,21.3,0.0,12.3,28.4,15.66,Manakara,-22.145,48.017,5.0
2018-06-21,25.1,18.1,21.0,0.9,9.6,23.4,13.2,Manakara,-22.145,48.017,5.0
2018-06-22,23.6,18.5,20.6,3.5,14.3,28.8,10.67,Manakara,-22.145,48.017,5.0
2018-06-23,22.1,17.9,19.8,7.0,9.4,19.4,8.14,Manakara,-22.145,48.017,5.0
2018-06-24,21.1,18.1,19.5,25.3,12.9,27.4,3.61,Manakara,-22.145,48.017,5.0
2018-06-25,23.9,19.1,20.8,5.8,9.3,21.2,9.3,Manakara,-22.145,48.017,5.0
2018-06-26,23.2,18.1,20.2,3.8,16.9,36.7,8.76,Manakara,-22.145,48.017,5.0
2018-06-27,23.0,16.9,19.7,6.8,11.3,25.2,6.51,Manakara,-22.145,48.017,5.0
2018-06-28,23.0,16.6,19.5,1.2,10.1,23.0,11.91,Manakara,-22.145,48.017,5.0
2018-06-29,25.0,15.7,20.2,0.0,13.9,30.6,15.15,Manakara,-22.145,48.017,5.0
2018-06-30,23.1,17.1,20.1,1.3,9.2,23.8,11.64,Manakara,-22.145,48.017,5.0
2018-07-01,23.3,17.8,20.3,3.1,10.2,23.0,9.66,Manakara,-22.145,48.017,5.0
2018-07-02,23.1,17.5,20.3,2.7,9.6,23.0,12.06,Manakara,-22.145,48.017,5.0
2018-07-03,24.4,17.6,21.0,1.3,8.6,24.8,13.15,Manakara,-22.145,48.017,5.0
2018-07-04,24.5,18.2,20.7,5.9,13.5,32.8,13.47,Manakara,-22.145,48.017,5.0
2018-07-05,21.5,18.3,20.1,23.2,11.7,36.0,3.06,Manakara,-22.145,48.017,5.0
2018-07-06,22.1,18.8,20.7,11.5,11.0,28.4,4.15,Manakara,-22.145,48.017,5.0
2018-07-07,22.9,17.9,20.3,7.0,14.6,32.4,10.01,Manakara,-22.145,48.017,5.0
2018-07-08,22.5,16.1,19.2,8.3,14.4,30.6,7.84,Manakara,-22.145,48.017,5.0
2018-07-09,23.1,17.0,19.7,11.9,15.3,32.8,8.81,Manakara,-22.145,48.017,5.0
2018-07-10,22.9,17.3,19.9,6.8,14.3,31.0,12.21,Manakara,-22.145,48.017,5.0
2018-07-11,22.4,15.8,19.1,0.9,8.7,22.7,12.68,Manakara,-22.145,48.017,5.0
2018-07-12,22.3,16.2,19.0,4.2,14.6,32.4,13.42,Manakara,-22.145,48.017,5.0
2018-07-13,22.5,17.0,19.6,7.3,13.1,30.6,9.51,Manakara,-22.145,48.017,5.0
2018-07-14,22.7,15.6,19.1,0.7,12.2,23.8,12.95,Manakara,-22.145,48.017,5.0
2018-07-15,23.9,14.4,19.0,0.0,7.7,19.1,16.14,Manakara,-22.145,48.017,5.0
2018-07-16,23.5,15.8,18.8,12.3,26.2,54.4,11.33,Manakara,-22.145,48.017,5.0
2018-07-17,21.1,14.2,17.4,2.8,20.8,47.9,12.64,Manakara,-22.145,48.017,5.0
2018-07-18,21.5,14.6,17.8,2.1,19.1,42.8,13.92,Manakara,-22.145,48.017,5.0
2018-07-19,19.5,14.0,17.3,16.1,13.5,40.3,8.31,Manakara,-22.145,48.017,5.0
2018-07-20,20.2,16.9,18.5,20.4,11.3,31.3,4.98,Manakara,-22.145,48.017,5.0
2018-07-21,21.8,16.1,18.2,11.3,11.7,32.0,10.73,Manakara,-22.145,48.017,5.0
2018-07-22,21.1,15.7,18.2,20.4,14.7,34.2,9.16,Manakara,-22.145,48.017,5.0
2018-07-23,21.9,18.0,19.5,8.3,26.1,56.5,12.92,Manakara,-22.145,48.017,5.0
2018-07-24,23.6,16.2,19.8,4.9,15.8,36.0,12.36,Manakara,-22.145,48.017,5.0
2018-07-25,23.2,15.6,19.0,3.9,13.8,31.0,13.94,Manakara,-22.145,48.017,5.0
2018-07-26,22.9,15.1,18.8,0.2,12.4,29.2,14.06,Manakara,-22.145,48.017,5.0
2018-07-27,21.9,16.2,19.4,8.2,15.1,31.7,7.21,Manakara,-22.145,48.017,5.0
2018-07-28,23.0,17.2,20.2,0.1,18.2,38.9,13.15,Manakara,-22.145,48.017,5.0
2018-07-29,22.5,17.4,19.3,4.7,10.9,25.2,9.77,Manakara,-22.145,48.017,5.0
2018-07-30,25.0,16.3,20.3,0.0,18.1,42.5,17.64,Manakara,-22.145,48.017,5.0
2018-07-31,24.8,16.4,20.5,1.0,15.8,35.3,17.51,Manakara,-22.145,48.017,5.0
2018-08-01,23.0,17.2,20.1,1.9,12.8,28.4,13.89,Manakara,-22.145,48.017,5.0
2018-08-02,27.0,16.5,21.5,0.0,14.6,27.7,18.17,Manakara,-22.145,48.017,5.0
2018-08-03,25.2,15.4,20.5,0.0,11.9,29.5,17.15,Manakara,-22.145,48.017,5.0
2018-08-04,22.4,18.5,20.4,4.5,16.5,35.6,8.59,Manakara,-22.145,48.017,5.0
2018-08-05,23.4,18.2,20.3,2.4,17.4,37.4,11.92,Manakara,-22.145,48.017,5.0
2018-08-06,26.5,17.7,21.4,0.0,17.0,38.5,17.99,Manakara,-22.145,48.017,5.0
2018-08-07,26.1,18.2,21.6,0.0,17.1,36.0,18.53,Manakara,-22.145,48.017,5.0
2018-08-08,26.5,17.3,21.2,0.0,14.3,32.4,18.62,Manakara,-22.145,48.017,5.0
2018-08-09,25.0,16.5,20.0,0.0,12.6,25.6,16.51,Manakara,-22.145,48.017,5.0
2018-08-10,24.9,17.3,20.8,0.0,14.1,32.8,17.31,Manakara,-22.145,48.017,5.0
2018-08-11,25.6,17.5,21.2,0.1,18.7,41.0,17.2,Manakara,-22.145,48.017,5.0
2018-08-12,25.0,19.2,21.8,0.9,16.9,38.2,14.56,Manakara,-22.145,48.017,5.0
2018-08-13,25.3,18.2,21.3,0.0,17.7,40.3,18.01,Manakara,-22.145,48.017,5.0
2018-08-14,25.2,17.6,21.0,0.0,17.7,39.6,17.28,Manakara,-22.145,48.017,5.0
2018-08-15,24.7,17.2,20.8,0.1,15.5,36.4,17.78,Manakara,-22.145,48.017,5.0
2018-08-16,24.1,17.1,20.9,1.4,15.3,35.6,15.18,Manakara,-22.145,48.017,5.0
2018-08-17,25.0,17.8,21.0,0.0,18.2,41.0,17.52,Manakara,-22.145,48.017,5.0
2018-08-18,25.7,18.0,21.3,0.0,18.4,42.1,18.18,Manakara,-22.145,48.017,5.0
2018-08-19,24.6,19.2,21.4,1.5,19.4,43.2,13.82,Manakara,-22.145,48.017,5.0
2018-08-20,25.1,18.1,21.2,0.1,16.9,37.4,17.63,Manakara,-22.145,48.017,5.0
2018-08-21,25.2,16.9,20.9,0.0,14.8,36.0,17.41,Manakara,-22.145,48.017,5.0
2018-08-22,24.8,17.2,21.3,0.6,15.7,37.1,16.8,Manakara,-22.145,48.017,5.0
2018-08-23,25.2,17.7,21.3,0.1,18.5,42.1,17.63,Manakara,-22.145,48.017,5.0
2018-08-24,25.0,17.7,21.3,0.4,16.0,36.4,17.07,Manakara,-22.145,48.017,5.0
2018-08-25,24.6,16.8,20.9,0.2,13.6,32.4,15.36,Manakara,-22.145,48.017,5.0
2018-08-26,24.3,16.2,20.8,1.2,16.3,35.6,17.07,Manakara,-22.145,48.017,5.0
2018-08-27,25.0,17.0,21.1,0.1,15.5,37.4,18.09,Manakara,-22.145,48.017,5.0
2018-08-28,25.9,17.0,21.7,0.1,20.8,46.8,18.91,Manakara,-22.145,48.017,5.0
2018-08-29,23.8,18.1,21.2,1.9,13.3,32.0,15.92,Manakara,-22.145,48.017,5.0
2018-08-30,22.8,18.7,20.4,6.9,14.1,31.3,12.66,Manakara,-22.145,48.017,5.0
2018-08-31,23.6,17.2,20.1,2.0,13.0,31.7,16.62,Manakara,-22.145,48.017,5.0
2018-09-01,23.1,17.0,20.1,1.7,13.7,32.8,18.03,Manakara,-22.145,48.017,5.0
2018-09-02,24.1,16.8,20.6,0.9,12.6,30.2,18.36,Manakara,-22.145,48.017,5.0
2018-09-03,24.9,16.9,21.0,0.6,15.8,36.4,20.36,Manakara,-22.145,48.017,5.0
2018-09-04,24.4,17.1,21.0,0.5,14.2,35.6,17.36,Manakara,-22.145,48.017,5.0
2018-09-05,24.9,17.3,21.5,0.9,19.8,46.4,17.73,Manakara,-22.145,48.017,5.0
2018-09-06,24.9,18.6,21.6,1.7,17.7,41.0,18.78,Manakara,-22.145,48.017,5.0
2018-09-07,24.8,16.2,21.1,0.6,12.8,31.7,19.09,Manakara,-22.145,48.017,5.0
2018-09-08,25.2,18.4,21.8,1.2,17.9,43.9,19.25,Manakara,-22.145,48.017,5.0
2018-09-09,25.7,19.6,22.2,4.0,21.9,49.0,19.89,Manakara,-22.145,48.017,5.0
2018-09-10,25.3,18.4,21.9,3.2,24.7,52.6,18.35,Manakara,-22.145,48.017,5.0
2018-09-11,27.6,18.5,22.8,0.0,16.9,40.7,21.35,Manakara,-22.145,48.017,5.0
2018-09-12,25.1,19.0,22.2,1.7,19.1,41.4,16.92,Manakara,-22.145,48.017,5.0
2018-09-13,24.3,20.5,22.2,5.9,18.2,42.1,12.52,Manakara,-22.145,48.017,5.0
2018-09-14,26.7,20.3,23.1,0.2,22.1,48.2,19.4,Manakara,-22.145,48.017,5.0
2018-09-15,27.3,19.7,23.0,0.0,22.0,49.7,22.6,Manakara,-22.145,48.017,5.0
2018-09-16,28.0,19.1,22.8,0.0,18.7,43.6,23.61,Manakara,-22.145,48.017,5.0
2018-09-17,27.2,17.4,22.0,0.0,18.7,42.5,23.25,Manakara,-22.145,48.017,5.0
2018-09-18,27.3,17.6,21.9,0.0,21.1,47.9,24.74,Manakara,-22.145,48.017,5.0
2018-09-19,26.8,18.0,22.0,0.0,20.6,47.2,24.39,Manakara,-22.145,48.017,5.0
2018-09-20,26.3,17.8,21.8,0.0,18.7,44.3,24.64,Manakara,-22.145,48.017,5.0
2018-09-21,26.8,17.7,22.0,0.0,19.7,45.7,24.22,Manakara,-22.145,48.017,5.0
2018-09-22,26.3,18.4,22.4,0.0,22.3,50.4,21.02,Manakara,-22.145,48.017,5.0
2018-09-23,27.0,18.8,22.7,0.0,22.5,50.8,21.83,Manakara,-22.145,48.017,5.0
2018-09-24,27.9,19.0,23.1,0.0,23.3,53.3,24.67,Manakara,-22.145,48.017,5.0
2018-09-25,27.0,19.3,23.2,0.2,20.9,48.2,21.95,Manakara,-22.145,48.017,5.0
2018-09-26,26.7,20.5,23.5,0.1,23.7,54.0,20.17,Manakara,-22.145,48.017,5.0
2018-09-27,27.5,20.5,23.6,0.3,23.1,51.8,19.34,Manakara,-22.145,48.017,5.0
2018-09-28,26.5,19.9,23.0,0.4,22.2,50.0,20.61,Manakara,-22.145,48.017,5.0
2018-09-29,26.7,19.7,22.7,0.3,21.9,49.7,21.76,Manakara,-22.145,48.017,5.0
2018-09-30,25.6,18.6,22.1,1.3,15.5,39.2,21.79,Manakara,-22.145,48.017,5.0
2018-10-01,23.2,19.7,21.2,13.8,19.8,44.6,11.67,Manakara,-22.145,48.017,5.0
2018-10-02,24.3,18.6,21.2,0.2,19.2,43.9,17.91,Manakara,-22.145,48.017,5.0
2018-10-03,26.2,19.1,22.4,0.3,21.0,49.0,20.35,Manakara,-22.145,48.017,5.0
2018-10-04,25.9,18.7,22.4,0.3,20.2,45.7,17.88,Manakara,-22.145,48.017,5.0
2018-10-05,26.1,21.1,23.1,2.4,21.3,47.2,19.83,Manakara,-22.145,48.017,5.0
2018-10-06,26.1,20.0,23.0,0.5,24.0,51.8,16.67,Manakara,-22.145,48.017,5.0
2018-10-07,27.7,20.1,23.7,0.2,24.2,53.6,22.25,Manakara,-22.145,48.017,5.0
2018-10-08,27.0,21.8,23.8,0.9,16.9,40.3,18.94,Manakara,-22.145,48.017,5.0
2018-10-09,25.2,20.4,22.8,7.1,15.5,40.3,16.7,Manakara,-22.145,48.017,5.0
2018-10-10,23.9,21.0,22.0,18.0,16.2,41.0,15.05,Manakara,-22.145,48.017,5.0
2018-10-11,24.3,20.6,22.0,15.8,18.4,42.1,15.89,Manakara,-22.145,48.017,5.0
2018-10-12,25.9,20.8,22.7,8.8,24.8,52.6,13.66,Manakara,-22.145,48.017,5.0
2018-10-13,26.3,20.6,23.2,2.3,22.3,49.0,18.16,Manakara,-22.145,48.017,5.0
2018-10-14,26.2,20.3,23.5,0.7,21.4,49.0,20.47,Manakara,-22.145,48.017,5.0
2018-10-15,27.1,22.0,24.0,1.1,23.5,52.6,19.16,Manakara,-22.145,48.017,5.0
2018-10-16,27.4,20.7,23.9,8.2,24.3,52.9,20.96,Manakara,-22.145,48.017,5.0
2018-10-17,28.3,21.0,24.3,0.0,22.1,49.7,20.73,Manakara,-22.145,48.017,5.0
2018-10-18,28.2,21.0,24.8,3.4,23.7,52.2,17.94,Manakara,-22.145,48.017,5.0
2018-10-19,26.9,20.4,23.4,14.6,16.6,39.2,21.16,Manakara,-22.145,48.017,5.0
2018-10-20,24.6,20.8,22.4,14.3,17.4,40.0,13.14,Manakara,-22.145,48.017,5.0
2018-10-21,25.8,19.6,22.6,3.3,15.6,37.8,21.23,Manakara,-22.145,48.017,5.0
2018-10-22,26.8,18.3,21.5,0.3,24.7,48.2,28.24,Manakara,-22.145,48.017,5.0
2018-10-23,23.8,16.0,20.2,0.0,21.5,48.6,27.28,Manakara,-22.145,48.017,5.0
2018-10-24,24.1,16.8,20.7,2.0,15.2,35.6,21.88,Manakara,-22.145,48.017,5.0
2018-10-25,24.6,18.4,21.6,0.5,18.4,42.5,21.12,Manakara,-22.145,48.017,5.0
2018-10-26,25.3,18.4,22.2,0.0,19.0,43.6,24.58,Manakara,-22.145,48.017,5.0
2018-10-27,25.0,18.6,22.3,1.3,17.3,40.7,20.29,Manakara,-22.145,48.017,5.0
2018-10-28,22.4,17.7,20.1,57.2,21.0,46.1,12.48,Manakara,-22.145,48.017,5.0
2018-10-29,23.3,17.0,20.2,1.7,11.8,32.8,20.91,Manakara,-22.145,48.017,5.0
2018-10-30,24.3,17.1,21.2,0.5,12.2,31.0,20.09,Manakara,-22.145,48.017,5.0
2018-10-31,26.2,18.4,23.0,0.0,14.0,33.1,23.7,Manakara,-22.145,48.017,5.0
2018-11-01,27.7,20.7,24.2,0.6,20.0,45.7,21.23,Manakara,-22.145,48.017,5.0
2018-11-02,28.0,22.5,25.0,0.3,21.2,47.9,22.2,Manakara,-22.145,48.017,5.0
2018-11-03,27.9,20.5,24.1,126.4,23.4,46.1,19.66,Manakara,-22.145,48.017,5.0
2018-11-04,23.8,19.9,21.6,8.1,18.5,43.9,14.1,Manakara,-22.145,48.017,5.0
2018-11-05,24.8,18.8,22.2,1.7,14.1,36.7,21.03,Manakara,-22.145,48.017,5.0
2018-11-06,26.2,20.3,23.7,0.7,19.1,41.4,20.58,Manakara,-22.145,48.017,5.0
2018-11-07,27.9,22.1,24.9,0.3,21.2,48.2,20.39,Manakara,-22.145,48.017,5.0
2018-11-08,27.5,22.3,24.7,1.3,23.5,50.8,22.93,Manakara,-22.145,48.017,5.0
2018-11-09,26.4,21.7,23.6,7.4,20.7,50.4,14.63,Manakara,-22.145,48.017,5.0
2018-11-10,22.9,19.9,21.5,31.4,22.7,46.1,7.48,Manakara,-22.145,48.017,5.0
2018-11-11,26.3,19.4,23.2,2.0,15.0,36.0,21.66,Manakara,-22.145,48.017,5.0
2018-11-12,26.8,21.1,23.7,7.4,16.2,37.8,20.29,Manakara,-22.145,48.017,5.0
2018-11-13,24.4,20.2,22.0,27.2,16.3,36.4,12.51,Manakara,-22.145,48.017,5.0
2018-11-14,23.4,21.1,22.4,41.0,17.8,36.4,6.84,Manakara,-22.145,48.017,5.0
2018-11-15,26.4,21.9,23.9,0.3,14.1,36.0,21.61,Manakara,-22.145,48.017,5.0
2018-11-16,26.1,19.5,23.7,1.2,18.4,42.1,23.12,Manakara,-22.145,48.017,5.0
2018-11-17,26.2,21.2,23.8,1.7,19.8,45.7,24.16,Manakara,-22.145,48.017,5.0
2018-11-18,26.6,21.7,24.0,3.0,19.2,43.9,23.34,Manakara,-22.145,48.017,5.0
2018-11-19,27.1,21.4,24.1,1.1,18.7,42.5,23.78,Manakara,-22.145,48.017,5.0
2018-11-20,27.3,20.3,24.0,0.0,19.3,43.6,27.73,Manakara,-22.145,48.017,5.0
2018-11-21,27.4,21.8,24.5,2.1,21.2,45.7,21.42,Manakara,-22.145,48.017,5.0
2018-11-22,27.6,21.8,24.9,0.4,19.8,45.4,23.1,Manakara,-22.145,48.017,5.0
2018-11-23,28.7,23.0,25.5,5.2,17.7,41.0,23.1,Manakara,-22.145,48.017,5.0
2018-11-24,27.6,22.2,25.1,5.6,15.3,36.4,24.73,Manakara,-22.145,48.017,5.0
2018-11-25,27.3,23.0,25.2,2.4,19.6,45.7,20.58,Manakara,-22.145,48.017,5.0
2018-11-26,27.1,22.0,24.9,1.9,16.6,36.7,17.74,Manakara,-22.145,48.017,5.0
2018-11-27,27.6,22.8,25.2,0.2,16.9,38.2,25.49,Manakara,-22.145,48.017,5.0
2018-11-28,29.2,21.0,25.3,0.0,19.0,43.2,29.74,Manakara,-22.145,48.017,5.0
2018-11-29,29.4,22.6,25.9,1.7,17.9,42.5,25.68,Manakara,-22.145,48.017,5.0
2018-11-30,25.7,21.9,23.8,3.4,30.7,65.2,15.97,Manakara,-22.145,48.017,5.0
2018-12-01,25.2,18.8,22.5,1.1,17.3,39.2,18.78,Manakara,-22.145,48.017,5.0
2018-12-02,26.0,19.0,22.8,0.8,15.4,37.4,23.4,Manakara,-22.145,48.017,5.0
2018-12-03,27.8,21.3,24.8,0.5,17.7,40.7,20.69,Manakara,-22.145,48.017,5.0
2018-12-04,26.9,22.3,24.9,10.5,16.5,38.9,17.09,Manakara,-22.145,48.017,5.0
2018-12-05,29.2,22.5,25.8,0.2,17.4,40.7,27.78,Manakara,-22.145,48.017,5.0
2018-12-06,28.5,22.7,25.9,0.7,15.2,37.4,25.78,Manakara,-22.145,48.017,5.0
2018-12-07,28.9,22.1,25.8,0.0,18.4,42.1,29.28,Manakara,-22.145,48.017,5.0
2018-12-08,29.5,21.8,25.8,0.2,20.3,46.1,29.55,Manakara,-22.145,48.017,5.0
2018-12-09,29.4,21.9,25.8,0.2,20.5,46.8,30.03,Manakara,-22.145,48.017,5.0
2018-12-10,29.8,22.2,26.2,0.3,20.8,48.2,29.59,Manakara,-22.145,48.017,5.0
2018-12-11,29.8,24.0,26.8,2.4,18.7,41.8,19.99,Manakara,-22.145,48.017,5.0
2018-12-12,30.6,24.9,27.5,1.8,21.7,50.0,26.32,Manakara,-22.145,48.017,5.0
2018-12-13,30.2,24.6,27.1,0.7,21.4,48.6,24.83,Manakara,-22.145,48.017,5.0
2018-12-14,29.9,23.9,26.9,1.4,17.3,41.4,26.46,Manakara,-22.145,48.017,5.0
2018-12-15,28.3,23.7,26.0,3.1,14.4,35.6,23.24,Manakara,-22.145,48.017,5.0
2018-12-16,28.4,23.3,25.7,6.3,14.7,36.7,23.97,Manakara,-22.145,48.017,5.0
2018-12-17,28.3,22.8,25.7,4.5,17.7,41.8,24.24,Manakara,-22.145,48.017,5.0
2018-12-18,28.9,22.2,26.0,1.9,18.1,42.5,26.95,Manakara,-22.145,48.017,5.0
2018-12-19,28.7,22.0,25.8,1.4,15.1,36.7,27.33,Manakara,-22.145,48.017,5.0
2018-12-20,27.9,21.8,25.6,1.3,18.1,42.8,24.6,Manakara,-22.145,48.017,5.0
2018-12-21,29.2,22.8,26.2,2.0,13.3,33.1,26.07,Manakara,-22.145,48.017,5.0
2018-12-22,28.7,23.4,25.4,8.8,20.5,49.3,20.67,Manakara,-22.145,48.017,5.0
2018-12-23,26.1,21.0,23.8,16.6,15.5,33.5,9.77,Manakara,-22.145,48.017,5.0
2018-12-24,27.7,22.2,24.9,3.3,17.4,41.4,22.23,Manakara,-22.145,48.017,5.0
2018-12-25,28.0,22.1,25.1,2.5,13.6,34.2,23.54,Manakara,-22.145,48.017,5.0
2018-12-26,28.9,22.3,25.5,7.3,13.4,36.4,24.52,Manakara,-22.145,48.017,5.0
2018-12-27,28.3,23.3,25.8,5.9,12.7,33.1,21.23,Manakara,-22.145,48.017,5.0
2018-12-28,28.9,23.6,26.3,5.6,16.9,40.0,24.24,Manakara,-22.145,48.017,5.0
2018-12-29,30.4,23.9,26.6,3.7,15.3,37.4,22.62,Manakara,-22.145,48.017,5.0
2018-12-30,29.0,22.8,26.1,10.0,15.5,36.0,20.51,Manakara,-22.145,48.017,5.0
2018-12-31,29.2,24.1,26.8,1.9,16.9,40.0,25.0,Manakara,-22.145,48.017,5.0
2019-01-01,28.3,23.3,26.2,2.7,17.7,39.6,24.71,Manakara,-22.145,48.017,5.0
2019-01-02,28.9,23.8,26.3,1.1,17.5,42.1,24.69,Manakara,-22.145,48.017,5.0
2019-01-03,29.7,24.3,26.9,1.7,17.7,40.7,22.56,Manakara,-22.145,48.017,5.0
2019-01-04,30.8,24.0,27.1,12.5,19.4,43.9,20.76,Manakara,-22.145,48.017,5.0
2019-01-05,29.7,23.5,26.5,4.2,16.6,38.5,23.32,Manakara,-22.145,48.017,5.0
2019-01-06,29.5,23.7,26.2,19.2,21.4,47.5,19.78,Manakara,-22.145,48.017,5.0
2019-01-07,29.5,23.7,26.1,11.6,17.4,40.3,17.46,Manakara,-22.145,48.017,5.0
2019-01-08,29.5,23.4,26.5,19.1,14.5,34.6,16.86,Manakara,-22.145,48.017,5.0
2019-01-09,31.7,24.2,27.6,8.7,20.7,46.4,26.23,Manakara,-22.145,48.017,5.0
2019-01-10,29.9,24.7,26.8,11.6,15.6,36.0,13.45,Manakara,-22.145,48.017,5.0
2019-01-11,29.2,24.5,26.3,23.3,15.6,35.6,12.21,Manakara,-22.145,48.017,5.0
2019-01-12,28.1,24.0,25.9,14.6,17.4,37.1,10.76,Manakara,-22.145,48.017,5.0
2019-01-13,29.8,24.7,26.9,3.2,22.6,53.3,24.78,Manakara,-22.145,48.017,5.0
2019-01-14,29.6,24.6,26.5,8.1,17.1,40.7,24.37,Manakara,-22.145,48.017,5.0
2019-01-15,29.0,24.0,26.6,1.9,17.0,39.6,24.4,Manakara,-22.145,48.017,5.0
2019-01-16,29.2,23.6,26.6,1.4,17.3,39.6,26.04,Manakara,-22.145,48.017,5.0
2019-01-17,30.1,24.1,27.1,0.5,20.6,46.4,24.99,Manakara,-22.145,48.017,5.0
2019-01-18,30.8,24.6,27.6,0.4,21.8,49.0,26.54,Manakara,-22.145,48.017,5.0
2019-01-19,30.9,24.6,27.1,2.6,21.6,49.0,18.8,Manakara,-22.145,48.017,5.0
2019-01-20,31.3,24.8,27.2,8.7,20.6,46.4,19.74,Manakara,-22.145,48.017,5.0
2019-01-21,28.3,25.0,26.0,13.8,20.7,50.4,15.7,Manakara,-22.145,48.017,5.0
2019-01-22,28.7,24.8,25.9,37.4,27.5,58.3,11.84,Manakara,-22.145,48.017,5.0
2019-01-23,28.9,24.4,26.6,19.1,18.6,42.5,11.63,Manakara,-22.145,48.017,5.0
2019-01-24,32.1,24.2,27.7,7.7,23.5,51.8,22.65,Manakara,-22.145,48.017,5.0
2019-01-25,34.1,26.0,29.4,2.2,17.1,39.2,21.54,Manakara,-22.145,48.017,5.0
2019-01-26,30.3,25.8,27.1,11.0,19.7,41.0,18.05,Manakara,-22.145,48.017,5.0
2019-01-27,28.3,23.7,25.9,1.8,20.1,44.6,19.41,Manakara,-22.145,48.017,5.0
2019-01-28,27.6,23.2,25.1,4.8,21.4,47.9,18.74,Manakara,-22.145,48.017,5.0
2019-01-29,27.5,21.8,24.7,2.8,17.4,41.4,17.76,Manakara,-22.145,48.017,5.0
2019-01-30,26.8,21.3,24.4,4.6,15.0,36.0,20.4,Manakara,-22.145,48.017,5.0
2019-01-31,28.4,22.2,25.4,1.5,16.6,39.2,25.33,Manakara,-22.145,48.017,5.0
2019-02-01,27.9,23.1,25.6,2.8,15.1,37.8,19.93,Manakara,-22.145,48.017,5.0
2019-02-02,27.9,22.5,25.4,1.3,16.2,39.2,23.73,Manakara,-22.145,48.017,5.0
2019-02-03,28.0,22.2,25.4,0.3,14.3,34.6,25.92,Manakara,-22.145,48.017,5.0
2019-02-04,29.3,22.3,26.1,0.0,17.9,40.3,24.69,Manakara,-22.145,48.017,5.0
2019-02-05,28.8,24.8,26.5,0.7,16.3,37.4,22.67,Manakara,-22.145,48.017,5.0
2019-02-06,29.4,23.0,26.4,0.0,14.1,34.9,26.94,Manakara,-22.145,48.017,5.0
2019-02-07,30.4,23.7,27.0,5.4,13.3,31.0,23.51,Manakara,-22.145,48.017,5.0
2019-02-08,26.4,23.7,24.9,7.8,27.6,57.6,13.84,Manakara,-22.145,48.017,5.0
2019-02-09,26.6,21.8,24.6,0.2,13.3,29.9,16.11,Manakara,-22.145,48.017,5.0
2019-02-10,26.8,22.2,24.9,1.0,16.2,37.4,16.54,Manakara,-22.145,48.017,5.0
2019-02-11,28.4,23.3,25.8,1.3,21.0,47.2,23.0,Manakara,-22.145,48.017,5.0
2019-02-12,28.7,22.9,25.9,0.1,19.5,45.0,24.99,Manakara,-22.145,48.017,5.0
2019-02-13,30.0,23.6,26.5,0.0,17.0,38.5,27.23,Manakara,-22.145,48.017,5.0
2019-02-14,30.5,22.6,26.4,0.0,15.3,38.2,28.1,Manakara,-22.145,48.017,5.0
2019-02-15,30.1,22.6,26.4,0.2,13.6,33.8,26.2,Manakara,-22.145,48.017,5.0
2019-02-16,29.3,23.7,26.5,1.0,17.0,39.6,23.17,Manakara,-22.145,48.017,5.0
2019-02-17,30.2,23.9,26.6,0.9,21.4,48.2,25.14,Manakara,-22.145,48.017,5.0
2019-02-18,30.7,23.5,27.0,0.0,21.4,49.7,27.68,Manakara,-22.145,48.017,5.0
2019-02-19,31.5,24.6,27.3,15.1,18.9,43.2,21.19,Manakara,-22.145,48.017,5.0
2019-02-20,32.7,24.8,27.8,3.0,16.5,37.8,20.31,Manakara,-22.145,48.017,5.0
2019-02-21,31.5,24.1,27.4,3.7,16.4,38.2,25.5,Manakara,-22.145,48.017,5.0
2019-02-22,27.8,24.2,25.6,14.2,16.2,38.9,16.58,Manakara,-22.145,48.017,5.0
2019-02-23,28.6,22.9,25.4,4.3,16.8,38.2,18.5,Manakara,-22.145,48.017,5.0
2019-02-24,28.9,23.5,25.6,18.6,14.8,33.8,19.02,Manakara,-22.145,48.017,5.0
2019-02-25,29.2,23.4,26.2,3.8,18.9,45.7,21.29,Manakara,-22.145,48.017,5.0
2019-02-26,29.0,24.0,26.5,4.9,21.9,52.6,20.81,Manakara,-22.145,48.017,5.0
2019-02-27,30.3,25.0,27.1,2.9,16.9,41.8,22.96,Manakara,-22.145,48.017,5.0
2019-02-28,29.9,24.6,26.7,1.5,19.1,41.8,15.02,Manakara,-22.145,48.017,5.0
2019-03-01,29.9,24.5,26.9,0.5,18.4,41.8,19.94,Manakara,-22.145,48.017,5.0
2019-03-02,29.1,24.3,26.5,0.9,12.1,29.5,16.39,Manakara,-22.145,48.017,5.0
2019-03-03,30.3,24.3,27.0,1.7,16.8,40.0,20.53,Manakara,-22.145,48.017,5.0
2019-03-04,28.6,24.5,26.2,1.9,16.6,38.2,11.11,Manakara,-22.145,48.017,5.0
2019-03-05,28.2,22.8,25.5,22.3,14.3,34.6,17.56,Manakara,-22.145,48.017,5.0
2019-03-06,27.2,23.3,25.0,6.2,13.2,31.3,17.12,Manakara,-22.145,48.017,5.0
2019-03-07,27.6,22.5,24.2,13.8,17.9,37.8,17.2,Manakara,-22.145,48.017,5.0
2019-03-08,27.9,21.8,24.8,2.6,15.0,36.4,20.87,Manakara,-22.145,48.017,5.0
2019-03-09,27.8,22.2,25.2,2.5,14.7,34.6,20.2,Manakara,-22.145,48.017,5.0
2019-03-10,28.4,23.9,26.2,1.6,16.8,38.5,19.43,Manakara,-22.145,48.017,5.0
2019-03-11,28.0,23.2,25.6,2.4,11.5,25.6,13.32,Manakara,-22.145,48.017,5.0
2019-03-12,27.9,23.8,25.4,11.3,13.2,29.9,11.0,Manakara,-22.145,48.017,5.0
2019-03-13,25.6,23.6,24.7,142.2,21.1,41.0,3.18,Manakara,-22.145,48.017,5.0
2019-03-14,27.3,22.7,25.0,2.8,11.5,29.5,19.2,Manakara,-22.145,48.017,5.0
2019-03-15,26.9,21.8,24.4,2.0,14.7,32.8,18.85,Manakara,-22.145,48.017,5.0
2019-03-16,28.6,21.2,24.9,0.0,15.3,34.6,24.31,Manakara,-22.145,48.017,5.0
2019-03-17,28.6,22.1,25.3,0.4,14.4,33.5,19.62,Manakara,-22.145,48.017,5.0
2019-03-18,29.6,23.3,26.3,0.5,16.9,37.8,19.69,Manakara,-22.145,48.017,5.0
2019-03-19,30.0,24.1,26.6,0.0,15.6,37.8,20.78,Manakara,-22.145,48.017,5.0
2019-03-20,29.8,24.0,26.7,1.1,15.0,36.0,21.69,Manakara,-22.145,48.017,5.0
2019-03-21,29.5,23.7,26.3,4.3,12.6,31.3,18.13,Manakara,-22.145,48.017,5.0
2019-03-22,28.0,23.4,25.3,6.4,14.1,31.7,14.61,Manakara,-22.145,48.017,5.0
2019-03-23,27.5,22.5,24.8,14.2,13.8,35.6,15.51,Manakara,-22.145,48.017,5.0
2019-03-24,27.5,23.0,24.8,14.4,13.7,31.0,14.52,Manakara,-22.145,48.017,5.0
2019-03-25,28.7,23.0,25.6,2.3,13.5,33.8,18.26,Manakara,-22.145,48.017,5.0
2019-03-26,30.3,22.6,25.9,4.0,13.8,34.2,20.53,Manakara,-22.145,48.017,5.0
2019-03-27,29.6,22.3,25.8,5.2,13.1,29.9,19.73,Manakara,-22.145,48.017,5.0
2019-03-28,27.4,23.3,24.8,7.3,16.2,34.6,15.07,Manakara,-22.145,48.017,5.0
2019-03-29,27.8,22.7,25.2,5.4,10.0,25.6,17.26,Manakara,-22.145,48.017,5.0
2019-03-30,29.4,22.0,25.5,3.5,12.2,30.2,20.29,Manakara,-22.145,48.017,5.0
2019-03-31,27.1,22.8,25.1,3.8,18.7,40.0,16.16,Manakara,-22.145,48.017,5.0
2019-04-01,27.4,22.4,24.6,20.5,11.7,27.0,12.3,Manakara,-22.145,48.017,5.0
2019-04-02,28.5,22.3,25.6,2.3,14.6,34.2,18.54,Manakara,-22.145,48.017,5.0
2019-04-03,27.7,23.2,25.5,1.7,11.1,31.0,18.43,Manakara,-22.145,48.017,5.0
2019-04-04,27.8,22.6,25.3,2.9,12.4,28.4,17.79,Manakara,-22.145,48.017,5.0
2019-04-05,27.8,22.8,25.0,5.3,13.0,32.8,16.28,Manakara,-22.145,48.017,5.0
2019-04-06,27.5,23.3,24.9,8.3,9.4,26.6,14.36,Manakara,-22.145,48.017,5.0
2019-04-07,28.2,22.4,25.2,4.6,13.6,33.1,18.86,Manakara,-22.145,48.017,5.0
2019-04-08,28.3,21.4,25.2,0.3,11.2,28.1,21.92,Manakara,-22.145,48.017,5.0
2019-04-09,28.3,23.2,25.4,3.9,11.2,28.8,18.19,Manakara,-22.145,48.017,5.0
2019-04-10,28.4,22.2,25.5,0.9,12.4,29.2,18.01,Manakara,-22.145,48.017,5.0
2019-04-11,28.4,22.5,25.6,1.5,10.6,24.5,17.64,Manakara,-22.145,48.017,5.0
2019-04-12,29.0,23.0,26.2,0.8,17.8,38.9,19.66,Manakara,-22.145,48.017,5.0
2019-04-13,30.7,23.8,26.9,1.1,15.9,37.1,17.92,Manakara,-22.145,48.017,5.0
2019-04-14,28.8,23.6,26.3,0.4,10.9,28.4,13.33,Manakara,-22.145,48.017,5.0
2019-04-15,29.3,23.4,26.3,3.6,14.1,28.8,17.46,Manakara,-22.145,48.017,5.0
2019-04-16,29.5,22.9,26.5,2.1,18.1,40.3,19.88,Manakara,-22.145,48.017,5.0
2019-04-17,28.0,24.0,25.7,12.1,14.1,31.7,11.3,Manakara,-22.145,48.017,5.0
2019-04-18,27.0,22.7,24.3,27.4,20.0,39.2,10.01,Manakara,-22.145,48.017,5.0
2019-04-19,29.4,22.7,25.3,6.4,12.7,27.7,16.56,Manakara,-22.145,48.017,5.0
2019-04-20,26.3,21.9,23.9,19.1,27.5,53.6,9.24,Manakara,-22.145,48.017,5.0
2019-04-21,26.5,21.4,24.0,5.5,29.2,57.6,9.71,Manakara,-22.145,48.017,5.0
2019-04-22,28.2,22.6,25.1,1.9,11.6,28.1,15.81,Manakara,-22.145,48.017,5.0
2019-04-23,27.8,22.7,25.1,2.5,11.0,28.8,14.65,Manakara,-22.145,48.017,5.0
2019-04-24,26.9,23.9,25.1,12.6,11.5,28.1,12.95,Manakara,-22.145,48.017,5.0
2019-04-25,26.1,23.6,24.6,32.6,26.0,52.2,9.22,Manakara,-22.145,48.017,5.0
2019-04-26,27.8,23.4,25.1,12.6,18.1,39.2,9.41,Manakara,-22.145,48.017,5.0
2019-04-27,29.6,22.7,25.6,2.1,11.5,31.7,15.68,Manakara,-22.145,48.017,5.0
2019-04-28,27.1,22.3,24.6,9.3,22.5,49.0,16.11,Manakara,-22.145,48.017,5.0
2019-04-29,27.0,21.9,24.0,3.8,19.2,39.6,16.14,Manakara,-22.145,48.017,5.0
2019-04-30,25.5,19.0,23.2,2.1,15.8,34.6,11.21,Manakara,-22.145,48.017,5.0
2019-05-01,25.3,20.9,23.0,2.9,10.5,30.6,12.37,Manakara,-22.145,48.017,5.0
2019-05-02,25.2,19.7,22.5,2.3,12.2,33.1,13.62,Manakara,-22.145,48.017,5.0
2019-05-03,26.3,20.0,23.1,2.9,9.6,24.1,15.22,Manakara,-22.145,48.017,5.0
2019-05-04,26.4,20.2,23.5,1.5,12.1,33.5,15.68,Manakara,-22.145,48.017,5.0
2019-05-05,26.8,21.0,23.7,0.5,11.1,27.0,16.76,Manakara,-22.145,48.017,5.0
2019-05-06,26.9,19.8,23.1,0.0,11.4,27.0,16.16,Manakara,-22.145,48.017,5.0
2019-05-07,25.9,19.6,22.7,2.8,14.8,34.9,12.48,Manakara,-22.145,48.017,5.0
2019-05-08,24.6,21.4,22.5,22.7,18.3,40.7,11.88,Manakara,-22.145,48.017,5.0
2019-05-09,24.6,22.1,23.1,35.1,19.0,41.8,7.55,Manakara,-22.145,48.017,5.0
2019-05-10,23.7,21.8,22.4,34.6,16.5,33.1,5.66,Manakara,-22.145,48.017,5.0
2019-05-11,26.5,20.6,23.6,2.5,16.6,35.3,14.2,Manakara,-22.145,48.017,5.0
2019-05-12,24.8,19.9,22.0,1.2,14.4,32.0,12.29,Manakara,-22.145,48.017,5.0
2019-05-13,25.4,18.2,21.4,0.0,11.2,31.0,16.7,Manakara,-22.145,48.017,5.0
2019-05-14,26.1,17.7,21.7,0.0,10.0,23.4,17.31,Manakara,-22.145,48.017,5.0
2019-05-15,25.3,19.9,22.2,1.4,14.0,33.5,13.26,Manakara,-22.145,48.017,5.0
2019-05-16,25.1,19.9,22.1,1.2,11.2,25.2,13.91,Manakara,-22.145,48.017,5.0
2019-05-17,26.1,18.4,22.4,0.9,12.0,29.2,15.75,Manakara,-22.145,48.017,5.0
2019-05-18,25.5,19.8,22.7,0.9,7.4,20.5,13.02,Manakara,-22.145,48.017,5.0
2019-05-19,26.3,19.3,22.6,3.0,9.1,23.8,14.58,Manakara,-22.145,48.017,5.0
2019-05-20,25.9,19.7,22.3,15.9,8.6,24.1,11.48,Manakara,-22.145,48.017,5.0
2019-05-21,26.5,19.8,22.7,27.5,14.5,31.0,11.99,Manakara,-22.145,48.017,5.0
2019-05-22,26.8,19.6,23.1,1.6,11.7,27.4,14.3,Manakara,-22.145,48.017,5.0
2019-05-23,26.4,20.6,23.0,1.1,16.4,37.8,13.88,Manakara,-22.145,48.017,5.0
2019-05-24,25.8,19.8,22.1,6.4,16.0,34.6,13.85,Manakara,-22.145,48.017,5.0
2019-05-25,24.0,20.2,21.6,12.5,11.5,24.5,6.93,Manakara,-22.145,48.017,5.0
2019-05-26,22.0,19.3,20.6,9.6,12.1,27.4,5.29,Manakara,-22.145,48.017,5.0
2019-05-27,22.6,20.3,21.1,14.0,11.1,25.9,4.92,Manakara,-22.145,48.017,5.0
2019-05-28,22.8,18.6,20.7,6.8,12.6,29.2,10.55,Manakara,-22.145,48.017,5.0
2019-05-29,22.6,19.1,20.5,40.0,7.6,28.4,4.78,Manakara,-22.145,48.017,5.0
2019-05-30,25.3,18.7,21.8,4.1,13.0,39.6,13.07,Manakara,-22.145,48.017,5.0
2019-05-31,26.5,18.9,21.8,0.0,10.9,27.7,15.44,Manakara,-22.145,48.017,5.0
2019-06-01,25.1,17.6,20.9,4.0,17.8,37.8,14.58,Manakara,-22.145,48.017,5.0
2019-06-02,22.9,18.9,21.0,20.0,16.8,37.4,7.5,Manakara,-22.145,48.017,5.0
2019-06-03,23.3,21.0,22.2,23.0,21.6,47.5,8.4,Manakara,-22.145,48.017,5.0
2019-06-04,23.7,20.7,21.9,10.6,19.4,38.2,8.29,Manakara,-22.145,48.017,5.0
2019-06-05,23.5,19.0,22.0,3.8,15.5,34.2,6.58,Manakara,-22.145,48.017,5.0
2019-06-06,24.0,17.7,20.9,1.8,10.1,24.5,12.0,Manakara,-22.145,48.017,5.0
2019-06-07,24.6,19.1,21.4,3.1,8.2,24.1,11.56,Manakara,-22.145,48.017,5.0
2019-06-08,25.5,17.2,21.3,0.6,8.2,21.6,13.53,Manakara,-22.145,48.017,5.0
2019-06-09,24.2,18.7,20.8,6.4,21.3,43.9,11.88,Manakara,-22.145,48.017,5.0
2019-06-10,22.4,20.1,21.2,19.4,23.0,47.5,9.08,Manakara,-22.145,48.017,5.0
2019-06-11,23.5,16.6,20.6,0.2,15.8,34.2,11.87,Manakara,-22.145,48.017,5.0
2019-06-12,22.4,18.5,20.4,6.5,13.5,31.0,8.56,Manakara,-22.145,48.017,5.0
2019-06-13,22.9,16.9,19.9,2.8,10.0,24.5,11.79,Manakara,-22.145,48.017,5.0
2019-06-14,22.1,16.3,19.4,5.9,10.5,23.8,9.03,Manakara,-22.145,48.017,5.0
2019-06-15,22.9,18.4,20.5,11.9,18.9,37.4,10.95,Manakara,-22.145,48.017,5.0
2019-06-16,22.5,19.2,20.5,13.3,11.2,27.0,7.13,Manakara,-22.145,48.017,5.0
2019-06-17,23.7,18.3,21.1,2.0,15.2,34.2,9.46,Manakara,-22.145,48.017,5.0
2019-06-18,24.1,18.4,21.5,0.3,10.2,23.4,11.24,Manakara,-22.145,48.017,5.0
2019-06-19,23.9,17.5,20.0,17.5,13.7,34.6,12.17,Manakara,-22.145,48.017,5.0
2019-06-20,21.2,17.2,19.2,20.3,19.5,42.1,7.29,Manakara,-22.145,48.017,5.0
2019-06-21,23.9,19.5,21.6,5.7,23.1,51.1,9.94,Manakara,-22.145,48.017,5.0
2019-06-22,21.5,18.9,20.2,19.4,13.8,32.8,6.79,Manakara,-22.145,48.017,5.0
2019-06-23,22.4,18.6,20.0,12.2,10.6,31.3,6.11,Manakara,-22.145,48.017,5.0
2019-06-24,23.3,18.1,20.4,4.5,9.8,23.8,9.82,Manakara,-22.145,48.017,5.0
2019-06-25,24.5,16.6,20.3,2.7,11.0,29.5,12.09,Manakara,-22.145,48.017,5.0
2019-06-26,22.9,18.6,20.4,3.1,14.1,30.2,10.94,Manakara,-22.145,48.017,5.0
2019-06-27,23.7,18.7,20.8,10.9,14.4,32.8,8.61,Manakara,-22.145,48.017,5.0
2019-06-28,23.7,21.7,22.5,22.3,19.4,38.9,2.42,Manakara,-22.145,48.017,5.0
2019-06-29,24.2,21.4,22.5,10.7,15.0,34.6,9.09,Manakara,-22.145,48.017,5.0
2019-06-30,25.3,20.9,22.9,1.5,16.4,36.0,13.29,Manakara,-22.145,48.017,5.0
2019-07-01,24.3,17.8,21.3,0.3,12.3,29.2,13.11,Manakara,-22.145,48.017,5.0
2019-07-02,23.7,17.0,20.3,1.8,14.3,27.7,13.08,Manakara,-22.145,48.017,5.0
2019-07-03,25.6,15.0,20.7,0.3,11.7,27.4,16.11,Manakara,-22.145,48.017,5.0
2019-07-04,22.5,18.7,20.3,8.1,14.8,33.1,6.12,Manakara,-22.145,48.017,5.0
2019-07-05,24.3,18.0,20.9,0.2,10.8,27.0,12.29,Manakara,-22.145,48.017,5.0
2019-07-06,24.2,18.2,21.0,0.1,14.0,31.0,12.72,Manakara,-22.145,48.017,5.0
2019-07-07,26.4,18.6,22.0,0.0,16.9,38.5,14.79,Manakara,-22.145,48.017,5.0
2019-07-08,25.7,18.5,21.7,0.2,12.6,29.5,13.82,Manakara,-22.145,48.017,5.0
2019-07-09,23.7,19.3,21.4,2.7,11.9,26.3,9.94,Manakara,-22.145,48.017,5.0
2019-07-10,23.4,17.2,20.4,1.2,8.7,19.1,11.83,Manakara,-22.145,48.017,5.0
2019-07-11,25.0,15.7,20.0,0.1,9.2,21.6,16.23,Manakara,-22.145,48.017,5.0
2019-07-12,22.4,16.5,19.8,1.2,9.7,24.1,11.21,Manakara,-22.145,48.017,5.0
2019-07-13,23.4,15.7,19.6,0.1,10.6,23.4,13.58,Manakara,-22.145,48.017,5.0
2019-07-14,22.3,17.0,19.4,0.7,9.2,22.3,11.03,Manakara,-22.145,48.017,5.0
2019-07-15,21.4,13.7,18.5,12.8,18.2,36.4,9.75,Manakara,-22.145,48.017,5.0
2019-07-16,23.1,18.5,20.7,2.7,18.5,43.2,10.4,Manakara,-22.145,48.017,5.0
2019-07-17,22.4,17.6,19.9,5.7,17.0,38.2,11.14,Manakara,-22.145,48.017,5.0
2019-07-18,21.8,16.3,18.5,3.1,9.7,28.4,11.2,Manakara,-22.145,48.017,5.0
2019-07-19,23.4,15.8,19.6,0.0,13.0,32.8,15.11,Manakara,-22.145,48.017,5.0
2019-07-20,25.9,17.3,21.2,0.0,18.8,41.4,16.88,Manakara,-22.145,48.017,5.0
2019-07-21,25.8,14.7,20.7,0.1,18.1,37.4,15.2,Manakara,-22.145,48.017,5.0
2019-07-22,19.4,14.1,17.0,0.7,24.2,51.8,14.33,Manakara,-22.145,48.017,5.0
2019-07-23,21.7,13.3,17.6,1.2,14.9,29.2,13.77,Manakara,-22.145,48.017,5.0
2019-07-24,21.5,15.1,18.1,0.8,9.4,17.3,6.79,Manakara,-22.145,48.017,5.0
2019-07-25,23.1,13.9,18.8,0.5,15.3,33.5,9.61,Manakara,-22.145,48.017,5.0
2019-07-26,23.3,15.7,19.5,0.4,15.0,29.2,11.98,Manakara,-22.145,48.017,5.0
2019-07-27,22.8,18.4,20.2,4.5,16.1,35.3,10.88,Manakara,-22.145,48.017,5.0
2019-07-28,21.1,17.0,19.1,13.0,11.2,25.2,5.91,Manakara,-22.145,48.017,5.0
2019-07-29,23.2,17.4,20.2,6.0,10.7,28.1,11.83,Manakara,-22.145,48.017,5.0
2019-07-30,24.4,19.0,21.8,7.1,15.6,35.6,13.4,Manakara,-22.145,48.017,5.0
2019-07-31,24.7,20.3,22.2,0.2,17.4,38.5,14.14,Manakara,-22.145,48.017,5.0
2019-08-01,25.1,19.6,22.2,0.1,13.5,29.9,14.66,Manakara,-22.145,48.017,5.0
2019-08-02,24.9,20.0,22.2,0.4,13.8,28.8,14.33,Manakara,-22.145,48.017,5.0
2019-08-03,24.5,18.1,21.3,0.0,11.7,30.2,15.08,Manakara,-22.145,48.017,5.0
2019-08-04,25.4,17.3,20.9,0.0,17.2,38.9,18.38,Manakara,-22.145,48.017,5.0
2019-08-05,26.4,17.4,21.1,0.0,14.2,28.8,18.71,Manakara,-22.145,48.017,5.0
2019-08-06,26.0,15.1,20.3,0.0,12.8,25.2,18.29,Manakara,-22.145,48.017,5.0
2019-08-07,26.2,14.8,20.5,0.0,12.9,28.8,18.84,Manakara,-22.145,48.017,5.0
2019-08-08,24.9,16.7,20.5,0.0,16.4,37.1,17.58,Manakara,-22.145,48.017,5.0
2019-08-09,26.2,16.8,20.8,0.0,13.4,31.3,19.32,Manakara,-22.145,48.017,5.0
2019-08-10,24.5,16.5,20.5,3.0,16.9,37.4,14.45,Manakara,-22.145,48.017,5.0
2019-08-11,22.8,19.5,20.9,11.4,15.8,36.7,12.56,Manakara,-22.145,48.017,5.0
2019-08-12,23.8,18.6,20.9,4.4,17.6,39.6,12.53,Manakara,-22.145,48.017,5.0
2019-08-13,25.4,17.4,21.2,0.1,15.8,37.4,18.72,Manakara,-22.145,48.017,5.0
2019-08-14,23.4,18.4,20.8,2.1,12.9,30.6,13.93,Manakara,-22.145,48.017,5.0
2019-08-15,25.7,17.0,20.9,0.2,11.2,28.4,20.07,Manakara,-22.145,48.017,5.0
2019-08-16,22.9,19.5,21.0,5.9,16.2,31.3,11.52,Manakara,-22.145,48.017,5.0
2019-08-17,25.7,16.7,21.1,0.0,14.7,35.6,19.29,Manakara,-22.145,48.017,5.0
2019-08-18,24.4,18.2,20.7,3.3,17.0,36.4,18.1,Manakara,-22.145,48.017,5.0
2019-08-19,21.7,18.8,20.2,13.8,15.6,35.6,7.47,Manakara,-22.145,48.017,5.0
2019-08-20,23.5,18.4,20.9,3.7,18.3,40.7,13.92,Manakara,-22.145,48.017,5.0
2019-08-21,25.1,17.7,21.2,1.7,21.6,45.0,15.06,Manakara,-22.145,48.017,5.0
2019-08-22,22.5,18.3,20.2,2.1,17.7,39.6,12.69,Manakara,-22.145,48.017,5.0
2019-08-23,22.4,15.2,19.3,0.9,10.8,26.3,13.99,Manakara,-22.145,48.017,5.0
2019-08-24,23.2,17.1,20.1,1.0,10.5,27.0,15.78,Manakara,-22.145,48.017,5.0
2019-08-25,23.3,18.6,20.6,3.0,14.1,34.2,16.5,Manakara,-22.145,48.017,5.0
2019-08-26,24.0,16.3,20.3,0.0,15.8,36.7,17.11,Manakara,-22.145,48.017,5.0
2019-08-27,24.4,17.2,20.7,0.1,20.0,43.9,18.04,Manakara,-22.145,48.017,5.0
2019-08-28,25.1,18.6,21.4,0.2,21.6,47.5,16.5,Manakara,-22.145,48.017,5.0
2019-08-29,25.1,16.7,20.7,0.0,18.3,41.0,20.82,Manakara,-22.145,48.017,5.0
2019-08-30,24.3,17.7,20.9,0.4,16.3,37.8,17.47,Manakara,-22.145,48.017,5.0
2019-08-31,25.7,17.8,21.4,0.0,22.0,49.7,20.66,Manakara,-22.145,48.017,5.0
2019-09-01,26.5,18.0,22.1,0.0,19.2,43.9,21.24,Manakara,-22.145,48.017,5.0
2019-09-02,25.8,17.5,21.6,0.1,15.3,36.4,20.06,Manakara,-22.145,48.017,5.0
2019-09-03,25.0,17.7,21.3,0.1,11.7,30.6,20.42,Manakara,-22.145,48.017,5.0
2019-09-04,24.4,18.3,21.2,1.6,14.7,34.2,16.85,Manakara,-22.145,48.017,5.0
2019-09-05,25.8,17.4,21.6,0.3,19.6,44.3,20.48,Manakara,-22.145,48.017,5.0
2019-09-06,26.1,18.3,21.9,2.1,16.6,38.5,21.19,Manakara,-22.145,48.017,5.0
2019-09-07,19.9,17.2,18.3,35.9,27.5,56.2,3.12,Manakara,-22.145,48.017,5.0
2019-09-08,19.8,17.1,18.7,33.7,20.3,41.4,3.49,Manakara,-22.145,48.017,5.0
2019-09-09,21.1,18.9,20.2,10.2,16.7,33.8,5.94,Manakara,-22.145,48.017,5.0
2019-09-10,24.0,19.8,21.7,0.4,17.0,38.2,14.69,Manakara,-22.145,48.017,5.0
2019-09-11,23.9,19.0,21.7,0.9,17.6,39.2,13.47,Manakara,-22.145,48.017,5.0
2019-09-12,23.9,20.2,22.0,0.3,15.3,34.6,11.7,Manakara,-22.145,48.017,5.0
2019-09-13,25.6,19.3,22.2,0.2,19.2,43.6,20.18,Manakara,-22.145,48.017,5.0
2019-09-14,25.6,19.2,22.4,0.0,19.2,43.2,17.68,Manakara,-22.145,48.017,5.0
2019-09-15,26.5,18.9,22.8,0.2,16.1,37.8,20.13,Manakara,-22.145,48.017,5.0
2019-09-16,25.8,20.2,22.6,3.5,14.1,34.9,16.05,Manakara,-22.145,48.017,5.0
2019-09-17,22.6,20.3,21.5,10.7,15.7,33.8,6.38,Manakara,-22.145,48.017,5.0
2019-09-18,23.1,20.0,21.5,6.2,16.2,37.4,13.35,Manakara,-22.145,48.017,5.0
2019-09-19,24.0,20.1,22.0,2.6,16.2,37.4,16.61,Manakara,-22.145,48.017,5.0
2019-09-20,24.0,18.8,21.8,2.0,12.2,28.1,12.72,Manakara,-22.145,48.017,5.0
2019-09-21,22.3,18.3,20.4,5.3,18.5,41.8,11.82,Manakara,-22.145,48.017,5.0
2019-09-22,24.5,19.5,21.5,7.2,19.6,42.8,16.83,Manakara,-22.145,48.017,5.0
2019-09-23,24.6,16.7,21.2,0.3,18.7,42.8,22.64,Manakara,-22.145,48.017,5.0
2019-09-24,25.0,18.9,21.9,1.3,17.3,39.6,18.11,Manakara,-22.145,48.017,5.0
2019-09-25,25.4,19.6,22.4,1.9,19.6,44.6,18.5,Manakara,-22.145,48.017,5.0
2019-09-26,24.5,18.8,21.8,12.7,14.6,45.4,16.35,Manakara,-22.145,48.017,5.0
2019-09-27,25.1,20.5,22.8,3.4,18.4,40.7,20.27,Manakara,-22.145,48.017,5.0
2019-09-28,26.2,20.5,22.6,2.1,21.6,48.6,18.42,Manakara,-22.145,48.017,5.0
2019-09-29,26.9,20.6,23.4,4.6,23.9,52.6,17.42,Manakara,-22.145,48.017,5.0
2019-09-30,27.2,21.6,24.2,0.6,22.5,49.7,16.83,Manakara,-22.145,48.017,5.0
2019-10-01,27.3,23.3,24.9,0.0,22.9,50.4,15.49,Manakara,-22.145,48.017,5.0
2019-10-02,25.9,22.5,24.0,5.8,19.7,45.7,13.04,Manakara,-22.145,48.017,5.0
2019-10-03,26.8,22.3,23.9,1.7,19.5,44.3,18.7,Manakara,-22.145,48.017,5.0
2019-10-04,25.9,21.5,23.6,0.6,17.9,41.0,17.93,Manakara,-22.145,48.017,5.0
2019-10-05,25.9,21.7,23.4,1.7,19.1,43.6,19.91,Manakara,-22.145,48.017,5.0
2019-10-06,25.0,20.8,22.8,2.3,15.9,37.8,17.79,Manakara,-22.145,48.017,5.0
2019-10-07,25.4,19.4,22.9,0.2,14.4,33.5,23.71,Manakara,-22.145,48.017,5.0
2019-10-08,25.3,20.0,22.7,1.2,20.7,46.4,20.44,Manakara,-22.145,48.017,5.0
2019-10-09,25.2,20.6,23.0,1.2,21.7,49.3,19.6,Manakara,-22.145,48.017,5.0
2019-10-10,26.2,20.9,23.5,0.4,24.0,51.1,20.63,Manakara,-22.145,48.017,5.0
2019-10-11,26.3,20.7,23.6,0.8,20.2,46.1,19.95,Manakara,-22.145,48.017,5.0
2019-10-12,26.3,20.9,23.8,1.6,22.0,49.0,19.48,Manakara,-22.145,48.017,5.0
2019-10-13,26.7,22.1,24.3,0.1,21.6,48.6,20.76,Manakara,-22.145,48.017,5.0
2019-10-14,27.6,21.7,24.4,0.9,22.2,50.0,22.71,Manakara,-22.145,48.017,5.0
2019-10-15,25.1,20.8,22.6,21.3,22.1,47.5,13.17,Manakara,-22.145,48.017,5.0
2019-10-16,24.2,20.6,22.0,12.6,15.0,33.5,15.96,Manakara,-22.145,48.017,5.0
2019-10-17,24.4,20.5,22.1,9.1,20.8,47.5,21.32,Manakara,-22.145,48.017,5.0
2019-10-18,24.3,19.1,21.8,0.0,16.3,37.4,19.86,Manakara,-22.145,48.017,5.0
2019-10-19,24.4,18.3,21.5,0.5,18.2,41.4,21.69,Manakara,-22.145,48.017,5.0
2019-10-20,25.4,18.7,22.1,0.0,21.2,47.2,23.31,Manakara,-22.145,48.017,5.0
2019-10-21,26.8,19.7,23.3,0.2,21.7,47.5,20.41,Manakara,-22.145,48.017,5.0
2019-10-22,28.9,20.7,24.6,0.0,18.0,41.4,26.66,Manakara,-22.145,48.017,5.0
2019-10-23,27.0,23.3,24.9,4.9,15.2,36.7,19.03,Manakara,-22.145,48.017,5.0
2019-10-24,30.1,22.9,25.6,0.0,21.7,48.6,27.0,Manakara,-22.145,48.017,5.0
2019-10-25,30.6,22.2,25.4,0.0,17.1,40.3,26.5,Manakara,-22.145,48.017,5.0
2019-10-26,28.7,21.9,24.9,0.0,12.8,32.8,23.96,Manakara,-22.145,48.017,5.0
2019-10-27,30.8,22.7,25.7,0.1,15.1,42.1,25.61,Manakara,-22.145,48.017,5.0
2019-10-28,29.4,22.8,25.6,0.0,18.1,43.2,26.16,Manakara,-22.145,48.017,5.0
2019-10-29,30.4,23.1,26.2,0.0,20.5,46.4,23.79,Manakara,-22.145,48.017,5.0
2019-10-30,29.3,22.9,25.7,0.0,17.2,40.7,25.46,Manakara,-22.145,48.017,5.0
2019-10-31,28.7,22.6,25.4,0.2,17.0,40.0,23.02,Manakara,-22.145,48.017,5.0
2019-11-01,24.3,21.5,22.8,6.8,31.7,65.9,9.36,Manakara,-22.145,48.017,5.0
2019-11-02,23.4,20.0,21.9,2.5,16.5,38.9,17.95,Manakara,-22.145,48.017,5.0
2019-11-03,25.4,19.2,22.7,3.3,22.2,49.0,21.36,Manakara,-22.145,48.017,5.0
2019-11-04,27.4,20.3,23.9,0.4,21.4,47.5,23.67,Manakara,-22.145,48.017,5.0
2019-11-05,29.1,20.9,24.7,0.0,19.8,45.7,28.25,Manakara,-22.145,48.017,5.0
2019-11-06,27.4,21.8,24.7,0.6,21.4,48.2,24.39,Manakara,-22.145,48.017,5.0
2019-11-07,27.6,22.8,24.8,0.4,20.8,47.2,27.33,Manakara,-22.145,48.017,5.0
2019-11-08,28.7,21.5,24.9,0.4,23.6,51.1,27.65,Manakara,-22.145,48.017,5.0
2019-11-09,29.4,22.1,25.6,0.0,21.5,49.3,27.43,Manakara,-22.145,48.017,5.0
2019-11-10,27.3,22.6,24.7,5.8,19.2,42.5,16.81,Manakara,-22.145,48.017,5.0
2019-11-11,27.5,22.8,25.2,4.5,15.6,34.9,16.81,Manakara,-22.145,48.017,5.0
2019-11-12,28.2,22.9,25.6,0.4,22.6,51.1,23.99,Manakara,-22.145,48.017,5.0
2019-11-13,27.6,23.5,25.1,28.3,20.8,46.8,17.76,Manakara,-22.145,48.017,5.0
2019-11-14,30.1,23.7,26.0,14.8,19.1,46.1,22.57,Manakara,-22.145,48.017,5.0
2019-11-15,26.3,22.6,24.2,21.2,25.3,51.5,14.94,Manakara,-22.145,48.017,5.0
2019-11-16,29.6,22.2,24.9,19.1,17.5,37.8,14.05,Manakara,-22.145,48.017,5.0
2019-11-17,31.0,22.8,26.5,6.5,14.4,54.4,17.37,Manakara,-22.145,48.017,5.0
2019-11-18,30.3,23.1,26.5,4.5,12.1,31.0,26.39,Manakara,-22.145,48.017,5.0
2019-11-19,28.4,22.8,25.7,2.3,14.2,35.3,22.77,Manakara,-22.145,48.017,5.0
2019-11-20,30.4,24.5,27.1,0.3,18.8,42.1,24.13,Manakara,-22.145,48.017,5.0
2019-11-21,30.2,24.8,27.4,2.0,19.7,44.6,22.75,Manakara,-22.145,48.017,5.0
2019-11-22,31.2,24.0,27.2,15.7,15.7,41.0,22.79,Manakara,-22.145,48.017,5.0
2019-11-23,27.6,23.5,25.1,27.7,17.7,39.6,18.12,Manakara,-22.145,48.017,5.0
2019-11-24,26.5,23.3,24.7,2.8,16.7,36.4,23.85,Manakara,-22.145,48.017,5.0
2019-11-25,27.4,21.7,24.5,0.0,14.8,33.8,24.48,Manakara,-22.145,48.017,5.0
2019-11-26,28.1,20.4,24.8,0.0,13.8,34.9,25.24,Manakara,-22.145,48.017,5.0
2019-11-27,28.4,22.4,25.8,0.4,13.6,33.1,25.6,Manakara,-22.145,48.017,5.0
2019-11-28,29.2,23.6,26.3,1.2,17.3,40.3,24.87,Manakara,-22.145,48.017,5.0
2019-11-29,28.0,23.7,25.9,3.4,14.6,36.0,22.59,Manakara,-22.145,48.017,5.0
2019-11-30,27.4,23.5,25.4,5.7,19.5,45.0,19.14,Manakara,-22.145,48.017,5.0
2019-12-01,27.8,23.6,25.5,0.2,16.7,40.0,24.84,Manakara,-22.145,48.017,5.0
2019-12-02,27.9,22.3,25.2,1.4,18.2,41.0,23.05,Manakara,-22.145,48.017,5.0
2019-12-03,27.9,22.8,25.5,1.2,17.7,41.0,22.64,Manakara,-22.145,48.017,5.0
2019-12-04,29.3,23.2,26.1,0.1,21.4,48.6,27.19,Manakara,-22.145,48.017,5.0
2019-12-05,28.7,22.3,25.3,6.7,23.7,50.0,21.49,Manakara,-22.145,48.017,5.0
2019-12-06,26.3,23.3,24.7,15.1,15.3,34.6,12.5,Manakara,-22.145,48.017,5.0
2019-12-07,30.4,23.0,26.3,0.1,22.8,49.3,26.19,Manakara,-22.145,48.017,5.0
2019-12-08,30.6,23.6,27.1,0.0,17.0,41.0,27.44,Manakara,-22.145,48.017,5.0
2019-12-09,30.3,25.1,27.4,1.6,13.5,32.4,21.26,Manakara,-22.145,48.017,5.0
2019-12-10,29.3,24.8,26.9,13.7,14.6,35.3,19.46,Manakara,-22.145,48.017,5.0
2019-12-11,29.3,23.9,25.7,58.8,11.6,37.1,13.95,Manakara,-22.145,48.017,5.0
2019-12-12,32.5,23.7,27.4,0.2,15.4,37.4,25.74,Manakara,-22.145,48.017,5.0
2019-12-13,30.3,23.2,26.9,1.7,15.7,38.5,23.25,Manakara,-22.145,48.017,5.0
2019-12-14,29.9,24.0,27.0,4.8,14.8,36.0,21.47,Manakara,-22.145,48.017,5.0
2019-12-15,30.8,24.1,27.4,2.6,14.1,38.5,26.45,Manakara,-22.145,48.017,5.0
2019-12-16,30.2,23.5,26.8,5.0,15.9,37.1,25.79,Manakara,-22.145,48.017,5.0
2019-12-17,27.8,23.7,25.5,5.5,26.1,55.8,19.43,Manakara,-22.145,48.017,5.0
2019-12-18,27.8,22.2,25.0,3.8,19.5,43.6,21.97,Manakara,-22.145,48.017,5.0
2019-12-19,28.3,23.6,25.9,5.0,14.3,34.6,22.97,Manakara,-22.145,48.017,5.0
2019-12-20,28.9,22.2,26.1,1.0,13.3,32.4,28.33,Manakara,-22.145,48.017,5.0
2019-12-21,27.4,24.4,25.9,6.4,14.9,36.4,20.33,Manakara,-22.145,48.017,5.0
2019-12-22,27.8,23.8,25.8,6.8,14.8,33.5,18.63,Manakara,-22.145,48.017,5.0
2019-12-23,28.8,22.9,25.9,2.4,15.5,36.4,27.27,Manakara,-22.145,48.017,5.0
2019-12-24,27.9,23.4,25.1,33.2,18.5,39.6,15.65,Manakara,-22.145,48.017,5.0
2019-12-25,29.4,23.8,26.2,5.5,20.0,45.4,23.48,Manakara,-22.145,48.017,5.0
2019-12-26,28.5,24.1,26.0,5.4,16.2,38.2,21.22,Manakara,-22.145,48.017,5.0
2019-12-27,28.7,22.9,25.9,2.1,14.8,36.0,23.94,Manakara,-22.145,48.017,5.0
2019-12-28,29.8,23.6,26.9,0.5,19.2,44.3,27.05,Manakara,-22.145,48.017,5.0
2019-12-29,28.9,25.0,26.6,1.7,16.7,39.2,23.46,Manakara,-22.145,48.017,5.0
2019-12-30,29.1,23.6,26.1,2.4,15.6,37.1,25.55,Manakara,-22.145,48.017,5.0
2019-12-31,28.8,22.4,25.7,0.7,13.6,33.5,25.25,Manakara,-22.145,48.017,5.0
2020-01-01,29.8,22.1,26.3,0.3,16.7,38.5,30.05,Manakara,-22.145,48.017,5.0
2020-01-02,28.8,24.0,26.2,12.1,14.8,36.7,22.83,Manakara,-22.145,48.017,5.0
2020-01-03,29.4,23.0,26.4,1.5,15.1,37.4,26.92,Manakara,-22.145,48.017,5.0
2020-01-04,29.3,23.3,26.1,3.4,16.0,41.8,25.31,Manakara,-22.145,48.017,5.0
2020-01-05,28.0,23.4,25.3,6.2,14.1,34.6,22.38,Manakara,-22.145,48.017,5.0
2020-01-06,28.7,23.3,26.0,3.7,16.5,39.2,23.89,Manakara,-22.145,48.017,5.0
2020-01-07,28.8,23.5,26.0,6.0,14.5,35.3,22.25,Manakara,-22.145,48.017,5.0
2020-01-08,28.5,23.2,26.0,2.0,14.1,34.6,24.99,Manakara,-22.145,48.017,5.0
2020-01-09,28.5,22.8,25.6,2.1,16.4,36.4,25.65,Manakara,-22.145,48.017,5.0
2020-01-10,28.7,23.9,26.3,2.2,15.5,36.7,23.45,Manakara,-22.145,48.017,5.0
2020-01-11,29.1,22.9,26.2,0.4,17.7,41.4,27.76,Manakara,-22.145,48.017,5.0
2020-01-12,27.6,23.3,25.1,5.6,15.2,38.5,18.5,Manakara,-22.145,48.017,5.0
2020-01-13,28.7,23.2,25.9,7.1,11.5,31.0,21.39,Manakara,-22.145,48.017,5.0
2020-01-14,29.3,22.8,26.4,0.7,14.4,36.0,26.76,Manakara,-22.145,48.017,5.0
2020-01-15,29.2,23.3,26.7,0.9,15.8,38.2,26.16,Manakara,-22.145,48.017,5.0
2020-01-16,29.2,24.0,26.5,16.1,15.3,39.6,19.54,Manakara,-22.145,48.017,5.0
2020-01-17,28.8,23.5,25.5,42.5,15.6,36.0,14.24,Manakara,-22.145,48.017,5.0
2020-01-18,30.2,23.6,27.0,1.8,17.0,38.9,21.75,Manakara,-22.145,48.017,5.0
2020-01-19,31.8,24.9,27.9,3.9,16.8,38.2,25.14,Manakara,-22.145,48.017,5.0
2020-01-20,29.9,24.7,26.3,38.3,18.3,39.2,10.25,Manakara,-22.145,48.017,5.0
2020-01-21,25.6,22.9,24.1,60.4,21.1,40.7,5.03,Manakara,-22.145,48.017,5.0
2020-01-22,25.6,21.2,23.3,10.9,15.3,33.1,8.26,Manakara,-22.145,48.017,5.0
2020-01-23,26.2,21.9,24.1,7.0,12.3,29.5,7.85,Manakara,-22.145,48.017,5.0
2020-01-24,26.6,22.4,24.6,6.1,19.9,47.2,20.86,Manakara,-22.145,48.017,5.0
2020-01-25,28.0,22.8,24.7,5.3,20.1,45.7,18.9,Manakara,-22.145,48.017,5.0
2020-01-26,27.9,21.9,25.2,0.7,15.4,35.6,26.0,Manakara,-22.145,48.017,5.0
2020-01-27,27.6,22.3,25.3,0.2,16.0,37.1,25.08,Manakara,-22.145,48.017,5.0
2020-01-28,28.6,23.3,25.9,0.2,16.9,38.9,26.69,Manakara,-22.145,48.017,5.0
2020-01-29,29.2,23.5,26.4,1.7,17.6,40.0,23.96,Manakara,-22.145,48.017,5.0
2020-01-30,29.6,24.6,26.7,4.6,17.8,39.2,22.99,Manakara,-22.145,48.017,5.0
2020-01-31,28.5,23.0,26.1,1.8,16.3,39.6,26.63,Manakara,-22.145,48.017,5.0
2020-02-01,28.7,23.3,25.8,4.2,16.0,38.5,23.74,Manakara,-22.145,48.017,5.0
2020-02-02,28.1,23.1,25.6,2.9,16.4,38.2,24.22,Manakara,-22.145,48.017,5.0
2020-02-03,28.0,23.0,25.6,17.8,16.6,37.1,21.97,Manakara,-22.145,48.017,5.0
2020-02-04,27.9,24.0,25.7,7.0,10.8,31.3,22.38,Manakara,-22.145,48.017,5.0
2020-02-05,27.9,22.8,25.5,1.5,15.5,37.8,24.12,Manakara,-22.145,48.017,5.0
2020-02-06,27.5,22.5,25.4,0.7,16.8,38.9,24.17,Manakara,-22.145,48.017,5.0
2020-02-07,29.0,21.7,25.8,0.0,13.8,33.8,27.27,Manakara,-22.145,48.017,5.0
2020-02-08,28.5,23.1,26.0,1.5,18.0,40.7,25.39,Manakara,-22.145,48.017,5.0
2020-02-09,28.0,22.7,25.8,1.6,16.9,40.7,23.97,Manakara,-22.145,48.017,5.0
2020-02-10,27.7,23.1,25.4,0.0,14.5,40.7,24.08,Manakara,-22.145,48.017,5.0
2020-02-11,28.4,21.5,25.1,0.0,13.2,33.5,28.18,Manakara,-22.145,48.017,5.0
2020-02-12,28.9,21.7,25.5,1.9,14.3,34.6,21.43,Manakara,-22.145,48.017,5.0
2020-02-13,28.3,24.0,26.0,9.3,14.6,34.9,20.74,Manakara,-22.145,48.017,5.0
2020-02-14,27.5,24.3,25.4,24.7,14.5,35.3,9.67,Manakara,-22.145,48.017,5.0
2020-02-15,27.9,24.3,25.6,21.0,16.2,36.0,11.84,Manakara,-22.145,48.017,5.0
2020-02-16,27.6,23.8,25.2,18.4,15.8,36.4,13.0,Manakara,-22.145,48.017,5.0
2020-02-17,26.1,23.8,24.9,29.5,18.1,38.9,7.16,Manakara,-22.145,48.017,5.0
2020-02-18,28.0,23.2,25.9,2.5,15.1,34.9,17.95,Manakara,-22.145,48.017,5.0
2020-02-19,27.5,24.5,26.0,3.1,19.6,45.0,17.31,Manakara,-22.145,48.017,5.0
2020-02-20,27.8,24.2,25.9,3.8,13.5,32.8,12.92,Manakara,-22.145,48.017,5.0
2020-02-21,27.9,23.6,25.5,7.5,20.5,43.9,18.56,Manakara,-22.145,48.017,5.0
2020-02-22,27.6,23.6,25.1,7.1,13.8,33.5,12.43,Manakara,-22.145,48.017,5.0
2020-02-23,29.3,23.2,25.7,11.3,18.1,41.4,21.78,Manakara,-22.145,48.017,5.0
2020-02-24,30.6,24.0,26.7,8.7,13.7,31.7,22.92,Manakara,-22.145,48.017,5.0
2020-02-25,26.9,23.6,25.0,6.2,25.7,54.7,12.07,Manakara,-22.145,48.017,5.0
2020-02-26,26.8,22.3,24.6,0.8,14.3,32.0,16.46,Manakara,-22.145,48.017,5.0
2020-02-27,27.1,20.8,24.5,0.0,13.3,29.9,15.16,Manakara,-22.145,48.017,5.0
2020-02-28,28.3,21.5,24.8,0.0,12.7,32.4,25.39,Manakara,-22.145,48.017,5.0
2020-02-29,29.1,21.5,25.3,0.1,16.8,40.3,25.47,Manakara,-22.145,48.017,5.0
2020-03-01,27.7,21.7,24.4,6.9,20.9,44.6,18.7,Manakara,-22.145,48.017,5.0
2020-03-02,26.7,20.5,23.8,2.8,19.5,45.0,17.11,Manakara,-22.145,48.017,5.0
2020-03-03,27.6,21.0,24.6,3.4,16.4,39.6,18.62,Manakara,-22.145,48.017,5.0
2020-03-04,27.7,22.4,24.9,3.7,18.4,41.4,19.5,Manakara,-22.145,48.017,5.0
2020-03-05,27.4,23.0,24.6,7.5,22.5,49.7,17.66,Manakara,-22.145,48.017,5.0
2020-03-06,26.5,21.7,24.2,7.4,22.7,51.8,10.94,Manakara,-22.145,48.017,5.0
2020-03-07,27.2,24.1,25.4,22.2,24.8,52.9,10.25,Manakara,-22.145,48.017,5.0
2020-03-08,26.1,23.8,24.6,174.7,24.4,48.6,4.4,Manakara,-22.145,48.017,5.0
2020-03-09,26.8,23.5,24.6,29.5,15.9,38.9,16.69,Manakara,-22.145,48.017,5.0
2020-03-10,27.0,23.3,24.7,17.6,16.1,40.0,13.73,Manakara,-22.145,48.017,5.0
2020-03-11,27.7,23.3,25.2,6.9,10.5,30.2,17.47,Manakara,-22.145,48.017,5.0
2020-03-12,28.2,23.1,25.5,4.7,14.3,34.2,18.59,Manakara,-22.145,48.017,5.0
2020-03-13,28.3,23.4,25.4,4.7,16.3,38.2,22.44,Manakara,-22.145,48.017,5.0
2020-03-14,26.6,23.4,24.8,6.6,14.3,33.5,13.15,Manakara,-22.145,48.017,5.0
2020-03-15,27.4,23.5,25.3,7.7,13.9,33.5,16.28,Manakara,-22.145,48.017,5.0
2020-03-16,27.6,21.9,25.0,1.1,11.3,29.2,18.55,Manakara,-22.145,48.017,5.0
2020-03-17,27.9,22.7,25.7,2.8,14.1,33.5,20.06,Manakara,-22.145,48.017,5.0
2020-03-18,26.5,22.9,24.5,13.2,21.1,45.7,13.19,Manakara,-22.145,48.017,5.0
2020-03-19,25.9,21.0,23.7,2.9,13.4,28.1,12.0,Manakara,-22.145,48.017,5.0
2020-03-20,26.5,22.8,24.8,2.3,13.8,31.3,11.67,Manakara,-22.145,48.017,5.0
2020-03-21,26.2,23.6,25.1,3.6,14.2,33.1,12.18,Manakara,-22.145,48.017,5.0
2020-03-22,27.9,23.3,25.6,3.4,14.2,33.8,20.25,Manakara,-22.145,48.017,5.0
2020-03-23,27.4,22.1,24.7,2.6,13.1,31.0,16.28,Manakara,-22.145,48.017,5.0
2020-03-24,27.0,21.2,24.4,1.4,15.7,38.2,20.37,Manakara,-22.145,48.017,5.0
2020-03-25,26.9,22.1,24.3,14.7,15.8,37.1,14.84,Manakara,-22.145,48.017,5.0
2020-03-26,28.2,22.7,25.2,18.4,17.6,41.0,17.99,Manakara,-22.145,48.017,5.0
2020-03-27,28.4,22.9,25.4,9.3,16.9,37.8,17.59,Manakara,-22.145,48.017,5.0
2020-03-28,28.2,23.5,25.6,2.7,15.9,37.1,18.61,Manakara,-22.145,48.017,5.0
2020-03-29,29.5,23.0,26.2,1.5,16.4,39.2,21.1,Manakara,-22.145,48.017,5.0
2020-03-30,30.1,22.7,25.7,0.6,16.4,36.7,23.03,Manakara,-22.145,48.017,5.0
2020-03-31,28.4,22.2,25.3,2.7,15.6,34.2,17.94,Manakara,-22.145,48.017,5.0
2020-04-01,27.5,22.2,24.8,1.6,12.8,31.0,16.9,Manakara,-22.145,48.017,5.0
2020-04-02,27.1,22.1,24.4,12.0,20.6,38.9,18.12,Manakara,-22.145,48.017,5.0
2020-04-03,26.5,21.6,23.5,4.7,23.0,50.0,14.34,Manakara,-22.145,48.017,5.0
2020-04-04,25.0,20.0,22.6,3.0,13.2,30.6,13.98,Manakara,-22.145,48.017,5.0
2020-04-05,26.8,20.7,23.8,0.2,11.2,28.1,18.35,Manakara,-22.145,48.017,5.0
2020-04-06,27.1,19.7,23.4,8.4,14.1,33.1,16.79,Manakara,-22.145,48.017,5.0
2020-04-07,27.4,21.3,24.2,6.0,16.6,41.0,17.43,Manakara,-22.145,48.017,5.0
2020-04-08,28.2,22.1,25.0,0.2,14.6,33.1,18.5,Manakara,-22.145,48.017,5.0
2020-04-09,27.2,21.7,24.4,5.1,13.4,31.0,15.85,Manakara,-22.145,48.017,5.0
2020-04-10,25.6,22.6,23.7,24.4,14.8,34.2,11.63,Manakara,-22.145,48.017,5.0
2020-04-11,26.2,21.9,23.7,7.7,11.6,31.0,15.09,Manakara,-22.145,48.017,5.0
2020-04-12,26.6,20.4,23.8,2.5,15.5,34.9,14.07,Manakara,-22.145,48.017,5.0
2020-04-13,27.3,20.7,24.2,3.8,15.5,34.6,18.82,Manakara,-22.145,48.017,5.0
2020-04-14,27.5,21.9,24.5,1.3,13.3,30.6,17.97,Manakara,-22.145,48.017,5.0
2020-04-15,27.5,22.2,24.7,3.3,14.2,33.1,17.89,Manakara,-22.145,48.017,5.0
2020-04-16,27.2,23.1,24.8,7.8,17.7,40.0,15.88,Manakara,-22.145,48.017,5.0
2020-04-17,26.3,20.2,24.0,0.8,11.3,26.6,15.74,Manakara,-22.145,48.017,5.0
2020-04-18,26.6,20.5,24.0,2.3,12.8,29.9,17.96,Manakara,-22.145,48.017,5.0
2020-04-19,26.1,21.4,24.0,4.6,12.5,31.0,15.61,Manakara,-22.145,48.017,5.0
2020-04-20,25.0,21.8,23.2,8.8,16.1,38.9,12.35,Manakara,-22.145,48.017,5.0
2020-04-21,26.6,20.4,23.4,6.7,13.3,31.7,15.14,Manakara,-22.145,48.017,5.0
2020-04-22,23.2,21.1,22.4,29.2,13.8,29.9,3.63,Manakara,-22.145,48.017,5.0
2020-04-23,24.6,19.4,21.9,12.7,11.5,32.8,11.27,Manakara,-22.145,48.017,5.0
2020-04-24,26.0,20.0,23.2,0.8,10.6,26.3,17.21,Manakara,-22.145,48.017,5.0
2020-04-25,26.5,20.1,23.3,0.1,13.7,29.9,16.58,Manakara,-22.145,48.017,5.0
2020-04-26,30.2,20.9,25.0,1.9,14.2,27.4,19.32,Manakara,-22.145,48.017,5.0
2020-04-27,24.6,21.4,22.9,13.0,20.3,40.0,4.94,Manakara,-22.145,48.017,5.0
2020-04-28,24.1,20.1,22.5,2.1,10.9,25.2,8.69,Manakara,-22.145,48.017,5.0
2020-04-29,26.3,20.4,24.0,0.4,15.0,33.1,10.64,Manakara,-22.145,48.017,5.0
2020-04-30,26.9,23.3,24.7,0.0,16.1,36.0,16.79,Manakara,-22.145,48.017,5.0
2020-05-01,25.9,21.6,23.8,1.0,14.3,33.5,12.87,Manakara,-22.145,48.017,5.0
2020-05-02,27.7,20.6,23.8,0.1,16.5,37.4,15.75,Manakara,-22.145,48.017,5.0
2020-05-03,27.2,20.2,23.7,0.0,15.7,34.6,17.39,Manakara,-22.145,48.017,5.0
2020-05-04,25.8,20.9,23.3,3.5,9.5,27.7,14.31,Manakara,-22.145,48.017,5.0
2020-05-05,25.1,21.4,22.7,8.2,12.1,27.0,10.67,Manakara,-22.145,48.017,5.0
2020-05-06,25.2,20.4,23.1,1.5,11.0,26.3,13.09,Manakara,-22.145,48.017,5.0
2020-05-07,26.3,20.5,23.4,3.5,8.6,23.4,12.82,Manakara,-22.145,48.017,5.0
2020-05-08,24.7,20.1,22.2,7.2,15.6,34.2,12.91,Manakara,-22.145,48.017,5.0
2020-05-09,23.8,19.4,21.5,11.1,13.2,30.6,10.44,Manakara,-22.145,48.017,5.0
2020-05-10,23.6,20.5,21.8,5.1,14.6,33.5,11.3,Manakara,-22.145,48.017,5.0
2020-05-11,24.1,19.4,22.1,1.4,11.5,26.3,10.1,Manakara,-22.145,48.017,5.0
2020-05-12,25.5,19.7,22.7,0.2,16.1,34.6,12.1,Manakara,-22.145,48.017,5.0
2020-05-13,26.1,21.2,23.2,4.9,18.6,41.4,11.84,Manakara,-22.145,48.017,5.0
2020-05-14,27.1,20.1,23.1,1.9,13.9,27.4,15.37,Manakara,-22.145,48.017,5.0
2020-05-15,24.7,20.0,22.0,2.9,15.0,29.2,13.42,Manakara,-22.145,48.017,5.0
2020-05-16,24.6,20.0,21.7,3.7,10.4,25.9,11.58,Manakara,-22.145,48.017,5.0
2020-05-17,25.0,19.1,21.8,1.4,20.6,45.4,17.06,Manakara,-22.145,48.017,5.0
2020-05-18,23.8,16.9,20.5,1.1,12.0,26.3,12.78,Manakara,-22.145,48.017,5.0
2020-05-19,24.1,17.6,21.0,1.3,9.4,18.7,11.71,Manakara,-22.145,48.017,5.0
2020-05-20,23.8,18.4,20.9,4.4,14.2,33.5,10.97,Manakara,-22.145,48.017,5.0
2020-05-21,24.7,18.1,21.2,5.9,15.3,33.1,12.25,Manakara,-22.145,48.017,5.0
2020-05-22,23.7,20.0,21.5,13.1,13.7,38.2,9.31,Manakara,-22.145,48.017,5.0
2020-05-23,23.1,20.2,21.5,12.6,10.5,30.6,9.62,Manakara,-22.145,48.017,5.0
2020-05-24,24.0,19.8,21.6,4.3,10.3,25.2,9.65,Manakara,-22.145,48.017,5.0
2020-05-25,24.7,19.6,21.9,7.2,17.1,38.9,13.7,Manakara,-22.145,48.017,5.0
2020-05-26,26.7,20.1,23.0,0.4,23.3,49.3,14.96,Manakara,-22.145,48.017,5.0
2020-05-27,27.2,19.7,23.1,0.0,19.4,41.4,16.68,Manakara,-22.145,48.017,5.0
2020-05-28,26.6,19.9,23.0,0.0,14.8,34.2,14.91,Manakara,-22.145,48.017,5.0
2020-05-29,26.9,20.8,23.0,0.7,17.4,37.4,15.72,Manakara,-22.145,48.017,5.0
2020-05-30,27.5,19.0,22.7,1.9,15.9,31.3,16.17,Manakara,-22.145,48.017,5.0
2020-05-31,23.4,20.4,21.7,24.7,14.5,29.2,4.19,Manakara,-22.145,48.017,5.0
2020-06-01,23.0,20.2,21.6,5.8,15.1,33.8,8.98,Manakara,-22.145,48.017,5.0
2020-06-02,23.9,18.4,21.0,2.8,14.8,34.2,12.05,Manakara,-22.145,48.017,5.0
2020-06-03,23.3,17.3,20.5,3.2,11.3,26.6,12.41,Manakara,-22.145,48.017,5.0
2020-06-04,22.6,18.4,20.6,4.4,12.5,27.7,9.41,Manakara,-22.145,48.017,5.0
2020-06-05,23.0,17.8,20.6,1.0,8.6,20.9,6.27,Manakara,-22.145,48.017,5.0
2020-06-06,23.3,18.4,20.8,19.0,17.1,36.0,9.28,Manakara,-22.145,48.017,5.0
2020-06-07,21.8,19.5,20.7,18.3,21.8,44.3,7.61,Manakara,-22.145,48.017,5.0
2020-06-08,21.9,17.4,20.4,2.9,16.6,37.8,10.18,Manakara,-22.145,48.017,5.0
2020-06-09,21.8,17.0,19.1,5.1,11.5,27.4,8.38,Manakara,-22.145,48.017,5.0
2020-06-10,22.3,16.4,19.3,3.3,11.6,29.2,11.96,Manakara,-22.145,48.017,5.0
2020-06-11,23.5,17.8,20.4,5.7,16.3,36.4,12.37,Manakara,-22.145,48.017,5.0
2020-06-12,23.9,17.5,20.3,0.7,12.6,28.8,12.95,Manakara,-22.145,48.017,5.0
2020-06-13,24.7,15.5,19.8,0.4,11.3,22.3,15.98,Manakara,-22.145,48.017,5.0
2020-06-14,20.3,17.4,19.0,26.2,19.4,37.8,3.02,Manakara,-22.145,48.017,5.0
2020-06-15,21.0,17.1,18.8,20.6,11.7,23.8,4.21,Manakara,-22.145,48.017,5.0
2020-06-16,22.3,17.4,19.7,13.9,14.9,29.2,9.62,Manakara,-22.145,48.017,5.0
2020-06-17,22.6,17.4,20.3,6.8,20.1,43.9,8.67,Manakara,-22.145,48.017,5.0
2020-06-18,21.9,16.0,19.1,4.6,12.0,31.3,11.35,Manakara,-22.145,48.017,5.0
2020-06-19,22.7,17.8,19.9,9.6,17.3,36.4,6.83,Manakara,-22.145,48.017,5.0
2020-06-20,20.8,18.2,19.8,16.4,10.8,21.6,3.19,Manakara,-22.145,48.017,5.0
2020-06-21,23.1,18.1,20.1,13.4,12.3,27.0,6.73,Manakara,-22.145,48.017,5.0
2020-06-22,24.9,17.9,21.4,0.4,10.8,27.0,13.57,Manakara,-22.145,48.017,5.0
2020-06-23,22.0,19.7,20.9,5.3,13.2,28.1,3.61,Manakara,-22.145,48.017,5.0
2020-06-24,22.6,19.3,20.8,2.0,15.5,34.2,7.08,Manakara,-22.145,48.017,5.0
2020-06-25,21.0,18.5,19.9,64.7,19.7,43.9,3.29,Manakara,-22.145,48.017,5.0
2020-06-26,22.8,19.8,20.8,18.2,17.7,40.0,11.23,Manakara,-22.145,48.017,5.0
2020-06-27,25.0,18.3,21.2,0.7,17.4,37.8,12.28,Manakara,-22.145,48.017,5.0
2020-06-28,25.8,17.8,21.4,0.0,16.3,35.3,16.02,Manakara,-22.145,48.017,5.0
2020-06-29,25.8,18.0,21.6,0.0,14.3,32.4,15.93,Manakara,-22.145,48.017,5.0
2020-06-30,25.2,18.1,21.5,1.1,13.0,30.2,13.21,Manakara,-22.145,48.017,5.0
2020-07-01,23.7,18.5,20.5,4.7,22.3,49.7,12.38,Manakara,-22.145,48.017,5.0
2020-07-02,21.9,16.7,19.3,1.4,14.5,29.2,9.64,Manakara,-22.145,48.017,5.0
2020-07-03,22.4,15.6,19.1,1.1,8.9,20.5,11.96,Manakara,-22.145,48.017,5.0
2020-07-04,22.7,17.2,19.4,1.2,9.3,22.7,9.63,Manakara,-22.145,48.017,5.0
2020-07-05,23.5,16.1,19.6,0.0,12.7,30.2,13.81,Manakara,-22.145,48.017,5.0
2020-07-06,22.9,15.5,19.4,0.2,8.9,23.0,10.66,Manakara,-22.145,48.017,5.0
2020-07-07,23.4,16.3,19.8,0.1,10.4,23.8,12.91,Manakara,-22.145,48.017,5.0
2020-07-08,23.6,16.2,20.0,0.0,13.9,29.5,11.42,Manakara,-22.145,48.017,5.0
2020-07-09,24.0,17.5,20.7,2.0,16.4,42.5,13.87,Manakara,-22.145,48.017,5.0
2020-07-10,21.9,16.3,19.4,3.9,18.0,38.2,9.43,Manakara,-22.145,48.017,5.0
2020-07-11,23.7,19.1,21.1,6.4,19.7,43.2,10.88,Manakara,-22.145,48.017,5.0
2020-07-12,24.0,18.3,20.8,0.8,18.2,40.7,14.17,Manakara,-22.145,48.017,5.0
2020-07-13,24.7,17.9,21.0,0.2,18.4,40.0,14.48,Manakara,-22.145,48.017,5.0
2020-07-14,24.7,17.3,20.8,0.0,15.1,32.8,16.08,Manakara,-22.145,48.017,5.0
2020-07-15,24.8,17.2,20.8,0.3,9.8,24.5,15.16,Manakara,-22.145,48.017,5.0
2020-07-16,20.9,18.4,19.7,5.0,24.9,50.8,5.26,Manakara,-22.145,48.017,5.0
2020-07-17,21.9,15.4,18.2,3.8,22.0,47.9,13.56,Manakara,-22.145,48.017,5.0
2020-07-18,22.1,16.7,19.2,7.1,20.1,45.4,11.92,Manakara,-22.145,48.017,5.0
2020-07-19,22.6,15.3,19.2,2.0,13.4,31.3,12.78,Manakara,-22.145,48.017,5.0
2020-07-20,22.0,16.9,19.6,0.5,12.0,24.8,11.58,Manakara,-22.145,48.017,5.0
2020-07-21,20.9,15.1,18.3,1.3,8.0,18.7,10.32,Manakara,-22.145,48.017,5.0
2020-07-22,22.0,16.0,19.1,2.7,15.7,36.0,10.48,Manakara,-22.145,48.017,5.0
2020-07-23,20.1,15.3,18.3,5.9,22.7,44.3,8.41,Manakara,-22.145,48.017,5.0
2020-07-24,20.8,18.2,19.1,4.0,20.4,44.3,10.09,Manakara,-22.145,48.017,5.0
2020-07-25,20.2,16.9,18.5,8.7,21.9,47.9,8.95,Manakara,-22.145,48.017,5.0
2020-07-26,22.1,16.2,19.3,0.6,16.9,38.5,14.03,Manakara,-22.145,48.017,5.0
2020-07-27,23.2,13.6,18.3,0.0,11.9,28.4,16.81,Manakara,-22.145,48.017,5.0
2020-07-28,21.5,16.1,18.8,2.8,12.8,26.3,8.05,Manakara,-22.145,48.017,5.0
2020-07-29,21.6,17.3,19.1,20.9,13.0,33.8,7.58,Manakara,-22.145,48.017,5.0
2020-07-30,24.7,17.5,21.0,2.5,11.2,27.0,9.2,Manakara,-22.145,48.017,5.0
2020-07-31,23.1,17.7,20.7,4.0,21.3,46.4,11.68,Manakara,-22.145,48.017,5.0
2020-08-01,21.7,16.5,19.1,4.6,13.3,30.6,12.42,Manakara,-22.145,48.017,5.0
2020-08-02,22.7,17.6,20.0,2.5,16.8,38.5,11.43,Manakara,-22.145,48.017,5.0
2020-08-03,22.5,18.2,19.7,3.5,13.6,30.6,7.98,Manakara,-22.145,48.017,5.0
2020-08-04,22.3,16.9,19.4,3.6,13.0,30.2,11.69,Manakara,-22.145,48.017,5.0
2020-08-05,23.2,15.7,19.3,0.0,16.4,36.4,16.41,Manakara,-22.145,48.017,5.0
2020-08-06,24.3,16.7,20.1,0.0,18.5,40.7,15.9,Manakara,-22.145,48.017,5.0
2020-08-07,25.7,17.4,20.9,0.0,15.9,39.2,17.87,Manakara,-22.145,48.017,5.0
2020-08-08,21.6,18.0,19.7,4.7,28.3,59.8,8.78,Manakara,-22.145,48.017,5.0
2020-08-09,21.6,15.2,18.4,0.5,12.6,27.7,15.64,Manakara,-22.145,48.017,5.0
2020-08-10,23.8,14.6,18.7,0.0,17.3,39.6,19.74,Manakara,-22.145,48.017,5.0
2020-08-11,25.3,14.6,19.7,0.0,12.6,28.4,19.58,Manakara,-22.145,48.017,5.0
2020-08-12,22.7,15.6,19.2,1.0,11.8,28.4,13.83,Manakara,-22.145,48.017,5.0
2020-08-13,24.4,16.4,19.9,0.2,17.3,39.2,17.83,Manakara,-22.145,48.017,5.0
2020-08-14,25.2,15.1,19.9,0.0,12.4,30.6,19.92,Manakara,-22.145,48.017,5.0
2020-08-15,23.6,15.8,19.7,0.2,16.4,36.4,16.55,Manakara,-22.145,48.017,5.0
2020-08-16,24.9,16.3,20.2,0.0,21.2,48.6,20.42,Manakara,-22.145,48.017,5.0
2020-08-17,25.3,16.5,21.0,0.1,18.0,40.7,17.39,Manakara,-22.145,48.017,5.0
2020-08-18,24.0,18.2,20.8,0.5,16.9,39.2,15.99,Manakara,-22.145,48.017,5.0
2020-08-19,25.4,17.6,21.1,0.0,21.3,49.0,20.38,Manakara,-22.145,48.017,5.0
2020-08-20,26.2,17.5,21.7,0.5,18.4,36.0,19.29,Manakara,-22.145,48.017,5.0
2020-08-21,24.3,17.6,21.2,1.6,14.7,33.5,16.6,Manakara,-22.145,48.017,5.0
2020-08-22,24.4,17.0,20.7,1.8,11.8,28.4,17.77,Manakara,-22.145,48.017,5.0
2020-08-23,24.0,16.4,20.3,1.5,15.0,34.6,17.42,Manakara,-22.145,48.017,5.0
2020-08-24,25.3,18.1,21.2,0.2,19.3,43.6,18.58,Manakara,-22.145,48.017,5.0
2020-08-25,25.3,18.6,21.7,0.8,18.5,41.0,16.84,Manakara,-22.145,48.017,5.0
2020-08-26,25.0,18.1,21.6,1.1,17.0,39.2,15.16,Manakara,-22.145,48.017,5.0
2020-08-27,26.3,19.0,22.3,0.0,19.4,44.3,18.96,Manakara,-22.145,48.017,5.0
2020-08-28,26.1,20.0,22.3,0.6,18.2,42.5,18.96,Manakara,-22.145,48.017,5.0
2020-08-29,24.1,20.1,21.9,2.4,19.7,43.9,14.24,Manakara,-22.145,48.017,5.0
2020-08-30,23.9,18.8,21.3,2.0,17.9,41.0,14.72,Manakara,-22.145,48.017,5.0
2020-08-31,24.4,18.9,21.5,2.4,17.2,39.6,17.03,Manakara,-22.145,48.017,5.0
2020-09-01,26.0,17.6,21.5,0.0,21.0,46.8,19.66,Manakara,-22.145,48.017,5.0
2020-09-02,24.8,17.1,21.2,2.2,21.4,43.9,17.38,Manakara,-22.145,48.017,5.0
2020-09-03,21.8,16.4,19.2,2.1,22.3,49.0,11.06,Manakara,-22.145,48.017,5.0
2020-09-04,22.2,15.6,18.7,4.1,21.5,49.0,13.39,Manakara,-22.145,48.017,5.0
2020-09-05,21.9,16.7,19.1,6.0,18.4,40.7,15.61,Manakara,-22.145,48.017,5.0
2020-09-06,23.1,16.4,19.4,2.5,14.9,34.2,19.16,Manakara,-22.145,48.017,5.0
2020-09-07,23.5,16.0,19.6,2.7,18.6,41.8,17.34,Manakara,-22.145,48.017,5.0
2020-09-08,23.7,18.5,21.0,2.9,13.6,33.5,17.16,Manakara,-22.145,48.017,5.0
2020-09-09,24.1,18.9,21.3,9.5,13.0,38.2,14.23,Manakara,-22.145,48.017,5.0
2020-09-10,24.0,19.9,21.8,4.7,18.4,41.8,13.85,Manakara,-22.145,48.017,5.0
2020-09-11,24.1,18.4,21.3,1.2,14.8,34.9,18.67,Manakara,-22.145,48.017,5.0
2020-09-12,25.5,18.7,21.7,0.0,16.2,37.4,20.55,Manakara,-22.145,48.017,5.0
2020-09-13,25.0,19.6,22.1,1.3,15.2,37.1,21.61,Manakara,-22.145,48.017,5.0
2020-09-14,24.0,17.2,21.0,1.8,19.4,43.6,17.84,Manakara,-22.145,48.017,5.0
2020-09-15,23.6,19.0,21.6,1.5,24.7,53.6,15.36,Manakara,-22.145,48.017,5.0
2020-09-16,25.6,18.7,21.9,0.0,22.2,50.4,21.89,Manakara,-22.145,48.017,5.0
2020-09-17,25.6,17.9,21.5,0.0,20.6,45.0,24.0,Manakara,-22.145,48.017,5.0
2020-09-18,25.6,17.5,21.4,0.0,19.4,44.6,22.18,Manakara,-22.145,48.017,5.0
2020-09-19,25.0,18.3,21.3,0.2,19.2,43.9,19.94,Manakara,-22.145,48.017,5.0
2020-09-20,25.9,18.1,21.6,0.0,20.6,46.8,24.27,Manakara,-22.145,48.017,5.0
2020-09-21,24.9,18.5,21.5,0.4,23.1,50.8,19.55,Manakara,-22.145,48.017,5.0
2020-09-22,27.0,17.9,22.1,0.5,17.2,41.8,23.7,Manakara,-22.145,48.017,5.0
2020-09-23,22.7,19.5,21.0,8.5,21.1,45.0,13.42,Manakara,-22.145,48.017,5.0
2020-09-24,23.5,18.8,21.0,3.2,13.9,34.2,15.84,Manakara,-22.145,48.017,5.0
2020-09-25,24.0,18.6,21.5,3.7,17.1,38.5,18.44,Manakara,-22.145,48.017,5.0
2020-09-26,26.3,18.9,22.3,0.0,25.0,55.8,25.17,Manakara,-22.145,48.017,5.0
2020-09-27,26.7,18.8,22.7,0.0,22.2,50.8,23.04,Manakara,-22.145,48.017,5.0
2020-09-28,25.6,20.4,22.7,1.1,21.6,48.2,18.18,Manakara,-22.145,48.017,5.0
2020-09-29,26.6,18.7,22.6,0.0,21.3,47.2,24.54,Manakara,-22.145,48.017,5.0
2020-09-30,28.1,19.1,23.2,0.0,21.4,48.2,24.45,Manakara,-22.145,48.017,5.0
2020-10-01,25.5,20.7,22.6,2.6,13.7,27.0,10.12,Manakara,-22.145,48.017,5.0
2020-10-02,27.2,19.7,23.5,1.7,16.2,37.8,20.41,Manakara,-22.145,48.017,5.0
2020-10-03,24.1,21.8,22.7,6.9,16.4,36.0,8.11,Manakara,-22.145,48.017,5.0
2020-10-04,23.2,19.5,21.5,13.8,27.1,54.0,7.85,Manakara,-22.145,48.017,5.0
2020-10-05,20.5,17.9,19.0,18.9,12.0,35.6,9.15,Manakara,-22.145,48.017,5.0
2020-10-06,21.3,18.0,19.6,17.0,10.6,22.3,4.66,Manakara,-22.145,48.017,5.0
2020-10-07,24.1,18.5,20.9,8.8,10.5,25.2,12.0,Manakara,-22.145,48.017,5.0
2020-10-08,24.0,19.6,21.5,1.7,19.3,44.3,14.24,Manakara,-22.145,48.017,5.0
2020-10-09,24.8,19.9,22.2,3.0,16.6,36.7,11.27,Manakara,-22.145,48.017,5.0
2020-10-10,26.8,22.4,24.1,1.5,21.6,45.7,14.69,Manakara,-22.145,48.017,5.0
2020-10-11,27.6,22.2,24.6,0.0,22.0,48.2,19.19,Manakara,-22.145,48.017,5.0
2020-10-12,27.1,23.2,24.9,0.6,22.5,49.7,17.43,Manakara,-22.145,48.017,5.0
2020-10-13,27.0,22.5,24.6,1.9,17.8,40.7,17.92,Manakara,-22.145,48.017,5.0
2020-10-14,27.1,21.3,24.1,0.4,19.5,44.6,21.7,Manakara,-22.145,48.017,5.0
2020-10-15,24.1,21.1,22.3,5.0,21.7,42.8,6.9,Manakara,-22.145,48.017,5.0
2020-10-16,26.5,20.4,23.4,0.3,15.7,37.4,22.83,Manakara,-22.145,48.017,5.0
2020-10-17,24.5,21.6,22.7,21.7,21.5,42.8,14.34,Manakara,-22.145,48.017,5.0
2020-10-18,23.9,21.0,22.4,12.5,16.4,35.3,8.91,Manakara,-22.145,48.017,5.0
2020-10-19,25.7,21.4,23.3,3.0,20.0,43.9,18.4,Manakara,-22.145,48.017,5.0
2020-10-20,26.0,20.5,23.4,0.3,18.4,42.8,23.78,Manakara,-22.145,48.017,5.0
2020-10-21,26.0,20.2,23.0,0.9,18.8,43.2,20.89,Manakara,-22.145,48.017,5.0
2020-10-22,26.3,18.3,23.0,0.0,16.9,39.6,23.57,Manakara,-22.145,48.017,5.0
2020-10-23,26.1,20.5,23.5,0.5,15.7,36.7,22.64,Manakara,-22.145,48.017,5.0
2020-10-24,25.5,20.3,23.2,3.1,15.8,36.4,17.9,Manakara,-22.145,48.017,5.0
2020-10-25,25.2,20.0,23.1,0.5,19.4,43.9,20.29,Manakara,-22.145,48.017,5.0
2020-10-26,26.4,20.0,23.1,0.1,16.2,38.9,23.66,Manakara,-22.145,48.017,5.0
2020-10-27,27.4,18.5,23.3,0.0,19.1,45.0,27.03,Manakara,-22.145,48.017,5.0
2020-10-28,26.5,19.3,23.3,2.3,16.9,39.6,24.27,Manakara,-22.145,48.017,5.0
2020-10-29,24.5,21.4,22.6,12.2,21.4,45.0,17.68,Manakara,-22.145,48.017,5.0
2020-10-30,24.8,20.7,22.9,2.0,22.3,45.7,16.42,Manakara,-22.145,48.017,5.0
2020-10-31,24.4,18.2,21.7,2.9,16.0,36.4,17.22,Manakara,-22.145,48.017,5.0
2020-11-01,24.9,18.2,21.8,0.1,17.1,39.6,21.65,Manakara,-22.145,48.017,5.0
2020-11-02,24.6,20.1,22.3,0.1,17.1,37.8,16.52,Manakara,-22.145,48.017,5.0
2020-11-03,25.4,19.0,22.4,0.2,21.6,46.4,18.77,Manakara,-22.145,48.017,5.0
2020-11-04,25.9,20.3,23.0,0.7,20.9,45.7,20.03,Manakara,-22.145,48.017,5.0
2020-11-05,27.2,20.7,23.9,0.0,22.7,49.3,23.47,Manakara,-22.145,48.017,5.0
2020-11-06,26.1,22.4,24.0,2.2,24.1,53.3,14.07,Manakara,-22.145,48.017,5.0
2020-11-07,27.4,23.4,24.9,0.3,24.2,52.6,19.84,Manakara,-22.145,48.017,5.0
2020-11-08,27.4,21.4,24.4,0.0,23.4,51.5,24.68,Manakara,-22.145,48.017,5.0
2020-11-09,27.3,20.8,23.9,0.1,20.0,46.8,26.4,Manakara,-22.145,48.017,5.0
2020-11-10,27.3,21.3,24.2,0.5,20.9,46.8,25.13,Manakara,-22.145,48.017,5.0
2020-11-11,28.4,21.6,24.7,0.0,24.5,55.4,27.61,Manakara,-22.145,48.017,5.0
2020-11-12,27.7,23.0,25.1,0.2,23.2,51.8,19.36,Manakara,-22.145,48.017,5.0
2020-11-13,27.3,21.7,24.1,1.1,25.2,55.8,20.61,Manakara,-22.145,48.017,5.0
2020-11-14,23.5,20.7,22.4,3.0,14.6,32.4,9.91,Manakara,-22.145,48.017,5.0
2020-11-15,24.3,20.7,22.5,2.1,11.5,28.1,9.82,Manakara,-22.145,48.017,5.0
2020-11-16,25.8,20.7,23.2,2.4,19.0,41.4,17.72,Manakara,-22.145,48.017,5.0
2020-11-17,26.3,20.7,23.6,0.1,20.1,45.0,20.05,Manakara,-22.145,48.017,5.0
2020-11-18,27.4,20.5,23.9,0.2,19.2,43.9,25.22,Manakara,-22.145,48.017,5.0
2020-11-19,27.5,20.2,23.9,0.0,21.7,49.7,26.96,Manakara,-22.145,48.017,5.0
2020-11-20,29.2,21.4,25.1,0.0,21.0,49.0,28.5,Manakara,-22.145,48.017,5.0
2020-11-21,27.9,22.4,24.5,5.7,20.4,46.1,21.22,Manakara,-22.145,48.017,5.0
2020-11-22,25.6,22.3,23.7,20.9,18.7,43.2,12.97,Manakara,-22.145,48.017,5.0
2020-11-23,26.8,22.9,24.8,2.7,22.7,51.8,19.12,Manakara,-22.145,48.017,5.0
2020-11-24,26.7,23.0,24.6,6.8,22.1,49.7,19.31,Manakara,-22.145,48.017,5.0
2020-11-25,27.8,23.1,25.0,0.3,20.9,46.4,23.84,Manakara,-22.145,48.017,5.0
2020-11-26,27.7,22.2,24.9,1.0,21.1,47.2,25.38,Manakara,-22.145,48.017,5.0
2020-11-27,28.0,22.3,25.2,0.1,21.8,49.7,25.88,Manakara,-22.145,48.017,5.0
2020-11-28,29.1,22.7,25.6,0.5,21.4,48.6,24.41,Manakara,-22.145,48.017,5.0
2020-11-29,28.5,22.9,25.3,1.5,24.0,52.2,24.89,Manakara,-22.145,48.017,5.0
2020-11-30,29.1,23.6,26.1,0.0,23.4,52.9,23.59,Manakara,-22.145,48.017,5.0
2020-12-01,29.3,24.0,26.2,0.0,24.2,54.4,23.2,Manakara,-22.145,48.017,5.0
2020-12-02,30.5,24.0,26.8,0.0,23.5,52.2,27.59,Manakara,-22.145,48.017,5.0
2020-12-03,28.8,23.9,26.2,2.5,15.8,36.4,21.12,Manakara,-22.145,48.017,5.0
2020-12-04,29.6,24.3,26.6,4.7,20.5,47.9,24.23,Manakara,-22.145,48.017,5.0
2020-12-05,25.6,23.3,24.3,7.7,26.3,55.1,10.57,Manakara,-22.145,48.017,5.0
2020-12-06,27.1,22.9,24.8,1.5,12.5,29.5,14.6,Manakara,-22.145,48.017,5.0
2020-12-07,28.2,22.4,25.0,80.5,15.0,31.3,19.89,Manakara,-22.145,48.017,5.0
2020-12-08,25.0,22.2,23.6,38.9,29.6,64.8,11.94,Manakara,-22.145,48.017,5.0
2020-12-09,23.5,20.5,22.4,3.8,17.3,39.6,12.03,Manakara,-22.145,48.017,5.0
2020-12-10,26.2,22.1,24.1,1.8,18.5,42.1,12.4,Manakara,-22.145,48.017,5.0
2020-12-11,26.7,21.7,24.3,1.7,18.3,42.1,17.15,Manakara,-22.145,48.017,5.0
2020-12-12,26.3,22.4,24.2,1.4,15.5,36.0,17.34,Manakara,-22.145,48.017,5.0
2020-12-13,26.6,21.6,24.1,1.8,13.0,32.0,22.24,Manakara,-22.145,48.017,5.0
2020-12-14,26.7,21.4,24.3,0.5,14.1,33.5,23.21,Manakara,-22.145,48.017,5.0
2020-12-15,27.2,21.5,24.2,0.5,16.4,38.5,26.28,Manakara,-22.145,48.017,5.0
2020-12-16,28.2,20.7,24.8,0.1,15.1,37.1,28.5,Manakara,-22.145,48.017,5.0
2020-12-17,28.3,22.6,25.8,0.1,16.6,38.2,25.44,Manakara,-22.145,48.017,5.0
2020-12-18,28.9,23.5,26.1,0.6,22.4,50.0,25.64,Manakara,-22.145,48.017,5.0
2020-12-19,29.6,23.7,26.4,0.9,19.3,44.3,23.26,Manakara,-22.145,48.017,5.0
2020-12-20,29.4,24.2,26.3,1.3,18.2,43.2,23.77,Manakara,-22.145,48.017,5.0
2020-12-21,28.3,23.5,25.6,3.2,16.2,39.2,25.47,Manakara,-22.145,48.017,5.0
2020-12-22,27.5,22.9,25.2,4.4,17.4,41.0,25.95,Manakara,-22.145,48.017,5.0
2020-12-23,28.2,22.4,25.3,1.1,17.4,41.0,27.97,Manakara,-22.145,48.017,5.0
2020-12-24,28.2,22.7,25.3,1.3,19.3,45.0,26.23,Manakara,-22.145,48.017,5.0
2020-12-25,28.4,22.7,25.5,0.1,15.1,37.4,28.53,Manakara,-22.145,48.017,5.0
2020-12-26,29.1,22.1,25.9,2.4,14.4,34.9,27.17,Manakara,-22.145,48.017,5.0
2020-12-27,27.3,24.2,25.3,25.5,17.4,45.4,10.68,Manakara,-22.145,48.017,5.0
2020-12-28,26.0,24.5,25.1,24.5,18.3,40.7,6.61,Manakara,-22.145,48.017,5.0
2020-12-29,26.6,23.7,25.0,7.9,14.2,28.1,9.22,Manakara,-22.145,48.017,5.0
2020-12-30,28.5,24.1,25.8,1.1,17.1,39.6,27.78,Manakara,-22.145,48.017,5.0
2020-12-31,26.7,21.8,24.8,1.2,17.8,41.0,23.77,Manakara,-22.145,48.017,5.0
2021-01-01,27.9,21.3,25.0,1.1,15.0,36.7,25.38,Manakara,-22.145,48.017,5.0
2021-01-02,27.4,21.5,25.2,2.5,16.2,36.7,24.57,Manakara,-22.145,48.017,5.0
2021-01-03,27.9,23.2,25.2,6.2,20.0,46.4,23.75,Manakara,-22.145,48.017,5.0
2021-01-04,28.5,22.0,25.3,0.0,18.9,42.8,29.29,Manakara,-22.145,48.017,5.0
2021-01-05,27.9,21.8,25.2,0.1,19.1,42.5,26.76,Manakara,-22.145,48.017,5.0
2021-01-06,28.8,22.3,25.6,0.0,17.7,43.9,29.76,Manakara,-22.145,48.017,5.0
2021-01-07,29.6,22.4,26.1,0.3,19.1,45.0,29.58,Manakara,-22.145,48.017,5.0
2021-01-08,29.2,23.7,26.3,1.5,19.8,45.7,24.61,Manakara,-22.145,48.017,5.0
2021-01-09,28.2,23.8,26.2,1.9,17.8,41.8,21.36,Manakara,-22.145,48.017,5.0
2021-01-10,28.0,24.0,26.1,1.8,16.3,39.6,23.55,Manakara,-22.145,48.017,5.0
2021-01-11,29.0,22.7,25.9,1.0,14.4,35.3,26.15,Manakara,-22.145,48.017,5.0
2021-01-12,28.9,23.7,26.0,3.2,13.9,35.3,23.78,Manakara,-22.145,48.017,5.0
2021-01-13,28.5,23.2,25.8,2.5,14.6,32.4,13.76,Manakara,-22.145,48.017,5.0
2021-01-14,30.2,24.4,26.9,3.2,15.6,38.2,24.53,Manakara,-22.145,48.017,5.0
2021-01-15,29.7,24.5,27.2,2.0,14.9,36.7,23.02,Manakara,-22.145,48.017,5.0
2021-01-16,30.2,24.7,27.5,1.5,19.5,45.7,25.07,Manakara,-22.145,48.017,5.0
2021-01-17,31.6,25.0,27.9,3.7,22.9,52.2,29.65,Manakara,-22.145,48.017,5.0
2021-01-18,31.7,25.2,28.0,1.4,20.8,47.5,25.49,Manakara,-22.145,48.017,5.0
2021-01-19,30.1,25.2,27.5,1.6,16.9,40.0,27.41,Manakara,-22.145,48.017,5.0
2021-01-20,29.7,24.5,27.0,4.2,14.4,39.2,22.64,Manakara,-22.145,48.017,5.0
2021-01-21,30.7,24.9,27.7,7.4,19.0,46.8,25.17,Manakara,-22.145,48.017,5.0
2021-01-22,31.2,25.3,28.1,0.8,19.4,45.0,25.47,Manakara,-22.145,48.017,5.0
2021-01-23,30.3,24.2,27.2,6.5,15.8,38.5,23.62,Manakara,-22.145,48.017,5.0
2021-01-24,29.4,23.8,26.4,5.9,14.3,35.6,21.82,Manakara,-22.145,48.017,5.0
2021-01-25,29.4,23.1,26.3,1.6,13.3,33.8,24.43,Manakara,-22.145,48.017,5.0
2021-01-26,29.5,24.2,26.6,4.0,18.2,41.4,24.06,Manakara,-22.145,48.017,5.0
2021-01-27,29.4,24.1,26.7,2.8,15.8,37.8,23.57,Manakara,-22.145,48.017,5.0
2021-01-28,29.7,24.3,26.9,1.6,12.9,34.9,24.88,Manakara,-22.145,48.017,5.0
2021-01-29,29.5,24.8,26.9,2.8,17.4,41.0,23.83,Manakara,-22.145,48.017,5.0
2021-01-30,30.6,24.3,27.2,0.2,21.9,48.2,27.46,Manakara,-22.145,48.017,5.0
2021-01-31,29.8,24.6,27.1,1.2,18.5,42.1,26.37,Manakara,-22.145,48.017,5.0
2021-02-01,29.5,24.6,27.0,1.5,16.4,39.6,25.03,Manakara,-22.145,48.017,5.0
2021-02-02,29.8,25.1,27.2,1.6,17.3,41.0,26.54,Manakara,-22.145,48.017,5.0
2021-02-03,29.7,23.5,26.8,0.6,16.5,37.1,26.71,Manakara,-22.145,48.017,5.0
2021-02-04,29.6,24.7,26.7,6.2,18.8,42.1,20.57,Manakara,-22.145,48.017,5.0
2021-02-05,30.1,24.1,27.1,1.4,20.7,46.4,25.53,Manakara,-22.145,48.017,5.0
2021-02-06,31.0,24.3,27.5,0.0,23.1,51.8,27.07,Manakara,-22.145,48.017,5.0
2021-02-07,31.2,24.9,27.5,0.6,23.8,52.9,24.64,Manakara,-22.145,48.017,5.0
2021-02-08,30.8,24.1,27.4,0.5,22.1,50.0,26.66,Manakara,-22.145,48.017,5.0
2021-02-09,29.2,24.4,26.3,8.8,16.8,38.9,16.48,Manakara,-22.145,48.017,5.0
2021-02-10,26.7,22.5,24.8,22.8,13.9,31.7,7.65,Manakara,-22.145,48.017,5.0
2021-02-11,26.9,21.8,24.2,15.2,9.6,28.1,9.6,Manakara,-22.145,48.017,5.0
2021-02-12,26.9,22.3,24.2,35.4,14.3,34.9,7.92,Manakara,-22.145,48.017,5.0
2021-02-13,27.1,23.2,24.7,18.9,12.2,40.0,15.51,Manakara,-22.145,48.017,5.0
2021-02-14,27.9,22.4,24.6,7.5,12.8,32.0,16.82,Manakara,-22.145,48.017,5.0
2021-02-15,26.9,22.9,24.6,3.7,9.2,25.9,13.83,Manakara,-22.145,48.017,5.0
2021-02-16,26.2,23.1,24.7,16.8,12.6,25.2,7.76,Manakara,-22.145,48.017,5.0
2021-02-17,29.4,23.3,25.9,5.4,13.3,35.3,16.77,Manakara,-22.145,48.017,5.0
2021-02-18,30.0,23.5,27.0,0.5,13.0,32.0,25.73,Manakara,-22.145,48.017,5.0
2021-02-19,29.9,24.4,27.1,1.2,12.9,32.0,22.76,Manakara,-22.145,48.017,5.0
2021-02-20,30.2,23.8,27.2,0.6,17.7,40.3,24.56,Manakara,-22.145,48.017,5.0
2021-02-21,30.1,25.3,27.5,1.0,19.3,43.6,24.0,Manakara,-22.145,48.017,5.0
2021-02-22,29.8,24.2,26.9,1.0,15.7,37.8,25.31,Manakara,-22.145,48.017,5.0
2021-02-23,29.3,24.2,26.7,2.7,17.7,41.0,25.55,Manakara,-22.145,48.017,5.0
2021-02-24,28.9,22.7,25.8,4.2,14.5,36.0,23.34,Manakara,-22.145,48.017,5.0
2021-02-25,28.9,22.9,26.2,1.1,18.8,42.5,21.06,Manakara,-22.145,48.017,5.0
2021-02-26,29.7,24.0,26.7,0.9,20.1,44.3,23.16,Manakara,-22.145,48.017,5.0
2021-02-27,30.2,24.4,27.0,1.8,19.7,45.0,24.39,Manakara,-22.145,48.017,5.0
2021-02-28,29.4,23.8,26.7,2.2,15.6,34.9,20.41,Manakara,-22.145,48.017,5.0
2021-03-01,28.3,24.0,26.2,6.9,15.8,36.7,20.46,Manakara,-22.145,48.017,5.0
2021-03-02,28.5,23.5,26.0,1.7,14.4,33.5,21.11,Manakara,-22.145,48.017,5.0
2021-03-03,28.7,23.3,25.9,5.3,14.9,33.8,20.46,Manakara,-22.145,48.017,5.0
2021-03-04,29.7,23.2,26.2,4.1,16.4,37.8,19.22,Manakara,-22.145,48.017,5.0
2021-03-05,29.1,23.8,25.9,15.2,9.9,26.6,13.27,Manakara,-22.145,48.017,5.0
2021-03-06,28.2,23.5,25.4,15.5,17.7,40.0,15.87,Manakara,-22.145,48.017,5.0
2021-03-07,29.2,23.3,25.9,0.6,22.8,51.5,23.16,Manakara,-22.145,48.017,5.0
2021-03-08,28.4,22.3,25.3,0.9,14.5,34.2,22.4,Manakara,-22.145,48.017,5.0
2021-03-09,28.1,22.1,25.3,2.3,11.5,29.5,21.7,Manakara,-22.145,48.017,5.0
2021-03-10,28.2,22.6,25.4,2.2,12.3,31.3,22.21,Manakara,-22.145,48.017,5.0
2021-03-11,27.8,22.8,25.4,1.9,15.2,36.0,22.71,Manakara,-22.145,48.017,5.0
2021-03-12,27.9,22.2,25.3,1.1,13.3,33.5,21.97,Manakara,-22.145,48.017,5.0
2021-03-13,27.6,21.2,24.9,1.3,15.6,36.0,20.59,Manakara,-22.145,48.017,5.0
2021-03-14,26.1,22.9,24.0,40.9,16.1,34.6,8.6,Manakara,-22.145,48.017,5.0
2021-03-15,27.5,22.0,24.4,7.0,10.4,30.2,17.51,Manakara,-22.145,48.017,5.0
2021-03-16,28.7,22.6,25.5,3.2,11.6,29.5,22.18,Manakara,-22.145,48.017,5.0
2021-03-17,25.1,21.2,23.7,52.3,15.5,31.7,4.37,Manakara,-22.145,48.017,5.0
2021-03-18,27.8,21.3,24.8,3.0,12.4,28.4,18.35,Manakara,-22.145,48.017,5.0
2021-03-19,27.7,21.8,25.2,4.1,14.7,36.0,18.05,Manakara,-22.145,48.017,5.0
2021-03-20,27.6,22.8,25.0,5.7,13.3,34.6,17.78,Manakara,-22.145,48.017,5.0
2021-03-21,27.7,22.5,24.8,7.7,12.8,29.9,17.58,Manakara,-22.145,48.017,5.0
2021-03-22,28.0,22.2,25.0,4.0,16.5,36.4,17.4,Manakara,-22.145,48.017,5.0
2021-03-23,29.9,23.2,25.7,37.6,17.1,39.2,16.16,Manakara,-22.145,48.017,5.0
2021-03-24,28.7,22.7,25.2,9.3,14.3,33.5,19.58,Manakara,-22.145,48.017,5.0
2021-03-25,27.6,22.5,24.8,5.1,17.4,39.6,18.02,Manakara,-22.145,48.017,5.0
2021-03-26,27.8,22.4,24.8,27.0,13.4,32.4,18.89,Manakara,-22.145,48.017,5.0
2021-03-27,28.2,22.1,25.3,23.0,9.5,35.3,18.15,Manakara,-22.145,48.017,5.0
2021-03-28,29.6,22.7,25.7,7.5,12.0,34.6,21.49,Manakara,-22.145,48.017,5.0
2021-03-29,28.6,21.9,24.7,13.1,12.6,29.9,21.0,Manakara,-22.145,48.017,5.0
2021-03-30,27.1,21.5,24.1,2.7,15.4,36.0,18.36,Manakara,-22.145,48.017,5.0
2021-03-31,25.5,20.9,23.2,7.3,12.3,25.9,11.99,Manakara,-22.145,48.017,5.0
2021-04-01,26.4,22.0,24.3,5.7,15.7,30.6,11.21,Manakara,-22.145,48.017,5.0
2021-04-02,27.4,23.3,25.3,0.5,16.3,34.9,17.45,Manakara,-22.145,48.017,5.0
2021-04-03,27.9,19.8,24.1,0.0,15.6,36.7,20.29,Manakara,-22.145,48.017,5.0
2021-04-04,29.4,20.7,24.8,0.0,18.3,42.8,21.35,Manakara,-22.145,48.017,5.0
2021-04-05,29.2,23.0,25.7,2.1,16.7,36.7,20.46,Manakara,-22.145,48.017,5.0
2021-04-06,27.0,22.0,24.6,1.5,20.7,43.6,16.8,Manakara,-22.145,48.017,5.0
2021-04-07,27.1,21.3,24.2,1.3,14.0,31.3,17.09,Manakara,-22.145,48.017,5.0
2021-04-08,27.6,21.4,24.2,0.4,12.0,28.8,18.22,Manakara,-22.145,48.017,5.0
2021-04-09,27.5,21.6,24.4,0.8,10.8,25.2,17.27,Manakara,-22.145,48.017,5.0
2021-04-10,27.9,21.3,24.7,1.0,9.4,24.8,16.41,Manakara,-22.145,48.017,5.0
2021-04-11,27.5,22.1,24.5,1.6,12.0,27.7,17.09,Manakara,-22.145,48.017,5.0
2021-04-12,27.7,22.6,24.6,5.4,14.3,31.0,16.17,Manakara,-22.145,48.017,5.0
2021-04-13,26.9,22.7,24.1,8.0,10.2,30.2,15.06,Manakara,-22.145,48.017,5.0
2021-04-14,26.6,21.7,23.8,6.2,8.1,28.8,14.19,Manakara,-22.145,48.017,5.0
2021-04-15,27.5,20.9,24.2,1.0,12.2,30.6,16.87,Manakara,-22.145,48.017,5.0
2021-04-16,29.9,22.1,25.6,0.4,12.7,31.3,20.15,Manakara,-22.145,48.017,5.0
2021-04-17,25.7,21.7,23.7,0.5,23.7,50.0,18.9,Manakara,-22.145,48.017,5.0
2021-04-18,24.0,18.1,21.5,1.8,17.1,34.2,12.63,Manakara,-22.145,48.017,5.0
2021-04-19,24.4,19.3,22.0,0.4,12.8,24.8,14.22,Manakara,-22.145,48.017,5.0
2021-04-20,25.9,19.9,22.6,0.7,12.3,29.2,14.91,Manakara,-22.145,48.017,5.0
2021-04-21,25.7,19.9,22.4,1.1,12.3,23.8,11.42,Manakara,-22.145,48.017,5.0
2021-04-22,25.7,20.1,22.6,4.6,10.9,29.9,13.79,Manakara,-22.145,48.017,5.0
2021-04-23,24.8,20.0,22.1,14.2,14.5,32.8,12.61,Manakara,-22.145,48.017,5.0
2021-04-24,26.3,20.5,23.0,3.2,12.2,29.9,13.32,Manakara,-22.145,48.017,5.0
2021-04-25,26.1,21.0,22.7,19.2,10.4,31.7,11.47,Manakara,-22.145,48.017,5.0
2021-04-26,24.3,20.9,22.6,13.4,10.9,25.9,5.46,Manakara,-22.145,48.017,5.0
2021-04-27,26.6,20.6,23.3,2.8,8.4,23.8,12.74,Manakara,-22.145,48.017,5.0
2021-04-28,26.4,20.6,23.6,6.5,12.3,29.2,15.88,Manakara,-22.145,48.017,5.0
2021-04-29,26.5,21.6,23.6,6.0,12.1,31.3,14.3,Manakara,-22.145,48.017,5.0
2021-04-30,26.9,21.3,23.7,4.2,10.7,29.2,15.24,Manakara,-22.145,48.017,5.0
2021-05-01,27.2,21.7,24.3,1.7,16.6,37.4,14.27,Manakara,-22.145,48.017,5.0
2021-05-02,29.1,22.1,24.6,23.6,14.1,28.1,12.86,Manakara,-22.145,48.017,5.0
2021-05-03,26.1,20.1,22.5,7.8,11.8,26.6,15.32,Manakara,-22.145,48.017,5.0
2021-05-04,26.3,19.2,22.3,0.7,13.5,30.6,16.36,Manakara,-22.145,48.017,5.0
2021-05-05,26.7,19.3,22.5,0.0,12.6,28.1,18.7,Manakara,-22.145,48.017,5.0
2021-05-06,26.6,18.0,22.1,1.2,10.0,25.9,19.08,Manakara,-22.145,48.017,5.0
2021-05-07,24.2,18.9,21.7,1.5,18.7,41.0,13.51,Manakara,-22.145,48.017,5.0
2021-05-08,24.0,18.5,21.1,1.7,14.5,28.1,13.65,Manakara,-22.145,48.017,5.0
2021-05-09,24.6,18.8,21.8,2.8,12.9,29.2,13.05,Manakara,-22.145,48.017,5.0
2021-05-10,26.8,20.3,22.6,3.5,13.0,30.6,13.76,Manakara,-22.145,48.017,5.0
2021-05-11,25.8,19.2,22.4,1.1,13.4,32.4,15.84,Manakara,-22.145,48.017,5.0
2021-05-12,25.6,19.6,22.2,2.0,13.7,31.7,14.01,Manakara,-22.145,48.017,5.0
2021-05-13,26.0,19.2,22.6,1.5,10.5,27.0,14.85,Manakara,-22.145,48.017,5.0
2021-05-14,26.2,19.5,22.7,1.7,11.0,25.9,15.43,Manakara,-22.145,48.017,5.0
2021-05-15,26.1,21.9,23.5,2.7,11.2,30.6,12.68,Manakara,-22.145,48.017,5.0
2021-05-16,26.9,20.8,23.4,0.1,17.3,38.9,15.94,Manakara,-22.145,48.017,5.0
2021-05-17,27.9,20.3,23.6,0.0,16.1,35.3,17.2,Manakara,-22.145,48.017,5.0
2021-05-18,26.8,19.5,22.8,2.0,11.4,23.8,14.75,Manakara,-22.145,48.017,5.0
2021-05-19,22.8,20.0,21.5,9.1,17.0,38.2,9.91,Manakara,-22.145,48.017,5.0
2021-05-20,24.3,18.1,20.9,3.0,16.9,36.0,11.16,Manakara,-22.145,48.017,5.0
2021-05-21,23.3,18.1,20.3,2.6,12.6,28.8,11.1,Manakara,-22.145,48.017,5.0
2021-05-22,23.5,17.2,20.0,2.3,9.2,22.7,10.04,Manakara,-22.145,48.017,5.0
2021-05-23,24.5,18.2,21.1,0.8,8.7,27.7,13.14,Manakara,-22.145,48.017,5.0
2021-05-24,24.3,17.2,20.7,1.0,9.4,22.7,14.02,Manakara,-22.145,48.017,5.0
2021-05-25,23.7,17.5,20.1,9.0,8.9,20.9,12.84,Manakara,-22.145,48.017,5.0
2021-05-26,24.9,15.8,20.3,0.0,10.4,26.6,16.07,Manakara,-22.145,48.017,5.0
2021-05-27,24.9,17.8,21.1,0.8,9.2,25.2,14.97,Manakara,-22.145,48.017,5.0
2021-05-28,25.0,18.4,21.4,0.9,13.2,30.2,13.99,Manakara,-22.145,48.017,5.0
2021-05-29,26.9,19.5,22.5,0.0,16.1,35.6,16.44,Manakara,-22.145,48.017,5.0
2021-05-30,27.2,19.7,23.1,0.2,18.9,43.6,15.39,Manakara,-22.145,48.017,5.0
2021-05-31,27.3,20.2,23.4,0.9,15.0,29.2,15.52,Manakara,-22.145,48.017,5.0
2021-06-01,23.6,20.5,21.7,16.6,14.8,31.7,5.83,Manakara,-22.145,48.017,5.0
2021-06-02,24.9,19.5,22.1,7.0,11.0,32.0,8.65,Manakara,-22.145,48.017,5.0
2021-06-03,24.4,18.1,21.3,0.5,11.6,32.4,6.92,Manakara,-22.145,48.017,5.0
2021-06-04,26.3,19.8,22.7,0.1,16.6,36.0,14.28,Manakara,-22.145,48.017,5.0
2021-06-05,26.3,18.8,22.3,8.6,14.1,30.6,14.99,Manakara,-22.145,48.017,5.0
2021-06-06,22.8,18.2,20.1,8.9,22.9,48.6,9.8,Manakara,-22.145,48.017,5.0
2021-06-07,22.9,18.1,20.3,8.6,18.0,37.8,9.12,Manakara,-22.145,48.017,5.0
2021-06-08,23.3,16.3,19.1,4.4,12.3,32.0,13.76,Manakara,-22.145,48.017,5.0
2021-06-09,22.5,17.4,19.6,7.9,14.0,34.9,8.77,Manakara,-22.145,48.017,5.0
2021-06-10,22.6,16.7,19.3,9.4,13.4,32.4,10.64,Manakara,-22.145,48.017,5.0
2021-06-11,22.5,17.8,19.7,7.9,10.4,29.2,9.76,Manakara,-22.145,48.017,5.0
2021-06-12,23.1,18.4,20.4,15.6,10.4,27.4,8.59,Manakara,-22.145,48.017,5.0
2021-06-13,23.4,19.8,21.0,63.1,11.6,31.3,5.48,Manakara,-22.145,48.017,5.0
2021-06-14,22.8,18.4,20.4,22.4,12.6,29.9,7.33,Manakara,-22.145,48.017,5.0
2021-06-15,24.2,17.3,20.5,2.0,15.7,34.9,12.59,Manakara,-22.145,48.017,5.0
2021-06-16,23.2,17.2,20.0,4.1,14.1,28.8,12.35,Manakara,-22.145,48.017,5.0
2021-06-17,23.4,16.2,19.8,0.4,10.2,22.7,13.67,Manakara,-22.145,48.017,5.0
2021-06-18,24.3,15.3,19.4,0.0,10.6,24.8,15.84,Manakara,-22.145,48.017,5.0
2021-06-19,22.7,16.3,19.6,2.2,15.9,36.7,9.81,Manakara,-22.145,48.017,5.0
2021-06-20,22.7,17.6,19.6,11.5,16.7,33.1,7.14,Manakara,-22.145,48.017,5.0
2021-06-21,22.2,17.4,20.3,5.1,17.7,35.3,6.38,Manakara,-22.145,48.017,5.0
2021-06-22,22.3,16.3,19.2,1.0,9.1,25.2,12.57,Manakara,-22.145,48.017,5.0
2021-06-23,22.6,15.5,18.9,0.6,11.5,27.7,12.47,Manakara,-22.145,48.017,5.0
2021-06-24,23.0,13.9,18.5,0.0,11.2,27.7,15.85,Manakara,-22.145,48.017,5.0
2021-06-25,23.3,14.6,19.1,0.7,15.1,33.5,13.26,Manakara,-22.145,48.017,5.0
2021-06-26,24.7,16.4,20.3,0.0,15.9,35.3,15.16,Manakara,-22.145,48.017,5.0
2021-06-27,25.1,18.0,20.9,0.2,13.7,29.2,14.95,Manakara,-22.145,48.017,5.0
2021-06-28,24.6,16.3,20.3,0.2,11.5,28.8,15.26,Manakara,-22.145,48.017,5.0
2021-06-29,24.3,15.3,19.7,0.0,11.4,28.8,15.53,Manakara,-22.145,48.017,5.0
2021-06-30,24.2,16.4,20.2,0.5,11.2,26.6,13.7,Manakara,-22.145,48.017,5.0
2021-07-01,25.0,17.3,20.7,0.5,14.7,31.7,14.82,Manakara,-22.145,48.017,5.0
2021-07-02,25.0,16.2,20.5,0.0,12.4,29.5,16.32,Manakara,-22.145,48.017,5.0
2021-07-03,23.8,16.6,20.0,0.3,10.7,25.2,11.29,Manakara,-22.145,48.017,5.0
2021-07-04,24.4,16.1,20.1,0.0,13.0,31.0,14.22,Manakara,-22.145,48.017,5.0
2021-07-05,24.3,15.3,19.6,0.0,12.3,30.2,13.72,Manakara,-22.145,48.017,5.0
2021-07-06,23.9,14.6,19.4,0.8,9.8,24.5,13.67,Manakara,-22.145,48.017,5.0
2021-07-07,23.1,17.1,20.0,1.0,10.4,30.2,12.24,Manakara,-22.145,48.017,5.0
2021-07-08,22.5,17.4,19.6,1.2,9.7,30.2,11.38,Manakara,-22.145,48.017,5.0
2021-07-09,23.6,17.4,20.0,4.1,11.3,32.4,10.18,Manakara,-22.145,48.017,5.0
2021-07-10,24.5,19.0,21.4,4.5,13.2,31.3,13.73,Manakara,-22.145,48.017,5.0
2021-07-11,23.8,17.4,20.5,0.6,9.1,24.1,13.45,Manakara,-22.145,48.017,5.0
2021-07-12,23.3,17.2,20.5,2.5,13.0,34.6,12.49,Manakara,-22.145,48.017,5.0
2021-07-13,23.0,18.8,20.5,2.3,13.0,34.9,10.85,Manakara,-22.145,48.017,5.0
2021-07-14,23.1,16.5,20.0,0.0,11.8,29.5,13.04,Manakara,-22.145,48.017,5.0
2021-07-15,22.8,17.1,19.5,3.0,11.3,27.7,12.07,Manakara,-22.145,48.017,5.0
2021-07-16,22.5,17.1,19.6,2.1,11.4,32.4,12.39,Manakara,-22.145,48.017,5.0
2021-07-17,21.8,15.9,19.2,18.5,13.7,29.5,8.16,Manakara,-22.145,48.017,5.0
2021-07-18,22.2,17.7,19.9,4.7,9.0,24.1,9.6,Manakara,-22.145,48.017,5.0
2021-07-19,23.8,18.4,20.7,3.6,16.1,34.2,12.89,Manakara,-22.145,48.017,5.0
2021-07-20,22.5,18.2,20.4,7.0,13.8,27.4,6.64,Manakara,-22.145,48.017,5.0
2021-07-21,23.6,18.6,20.7,5.2,17.3,39.6,13.45,Manakara,-22.145,48.017,5.0
2021-07-22,23.6,16.7,20.0,0.9,15.4,34.2,13.95,Manakara,-22.145,48.017,5.0
2021-07-23,25.5,16.7,20.6,0.0,15.2,35.6,16.71,Manakara,-22.145,48.017,5.0
2021-07-24,21.1,18.4,19.4,16.5,20.7,41.0,3.45,Manakara,-22.145,48.017,5.0
2021-07-25,21.3,16.3,18.7,8.5,22.3,47.9,9.05,Manakara,-22.145,48.017,5.0
2021-07-26,20.5,14.9,17.5,5.2,14.4,41.0,10.62,Manakara,-22.145,48.017,5.0
2021-07-27,20.8,15.4,17.5,3.0,20.1,40.7,12.32,Manakara,-22.145,48.017,5.0
2021-07-28,22.0,16.2,19.0,8.6,13.8,32.4,11.71,Manakara,-22.145,48.017,5.0
2021-07-29,21.7,17.9,20.0,10.9,15.3,37.8,10.36,Manakara,-22.145,48.017,5.0
2021-07-30,23.9,18.0,20.9,1.6,12.6,29.9,15.07,Manakara,-22.145,48.017,5.0
2021-07-31,23.1,17.2,19.8,3.9,13.7,33.1,15.7,Manakara,-22.145,48.017,5.0
2021-08-01,21.9,16.2,19.0,4.3,13.8,33.5,11.7,Manakara,-22.145,48.017,5.0
2021-08-02,24.6,15.4,19.8,0.0,15.0,33.1,18.0,Manakara,-22.145,48.017,5.0
2021-08-03,22.0,17.1,19.6,4.5,15.9,37.8,10.68,Manakara,-22.145,48.017,5.0
2021-08-04,21.8,18.4,20.0,10.6,18.4,40.7,10.64,Manakara,-22.145,48.017,5.0
2021-08-05,22.5,17.7,20.0,0.4,12.3,29.5,15.27,Manakara,-22.145,48.017,5.0
2021-08-06,21.6,16.7,18.7,1.6,9.1,24.1,12.2,Manakara,-22.145,48.017,5.0
2021-08-07,23.4,15.2,19.2,0.0,11.5,27.4,17.97,Manakara,-22.145,48.017,5.0
2021-08-08,24.4,15.8,19.8,0.2,11.5,28.1,18.47,Manakara,-22.145,48.017,5.0
2021-08-09,24.0,17.2,20.1,0.7,10.7,26.3,15.47,Manakara,-22.145,48.017,5.0
2021-08-10,25.0,15.9,20.3,1.5,11.4,28.8,17.81,Manakara,-22.145,48.017,5.0
2021-08-11,22.7,17.6,20.2,0.5,10.4,26.6,12.63,Manakara,-22.145,48.017,5.0
2021-08-12,25.1,17.2,21.0,0.4,18.8,42.8,18.31,Manakara,-22.145,48.017,5.0
2021-08-13,26.3,17.6,21.5,0.0,14.1,28.8,19.4,Manakara,-22.145,48.017,5.0
2021-08-14,20.8,17.8,19.8,5.8,20.8,43.9,5.02,Manakara,-22.145,48.017,5.0
2021-08-15,20.9,15.3,17.9,5.4,13.6,30.6,12.84,Manakara,-22.145,48.017,5.0
2021-08-16,21.8,15.4,18.3,5.7,12.7,30.6,9.87,Manakara,-22.145,48.017,5.0
2021-08-17,21.2,16.8,19.0,3.0,14.0,32.4,10.81,Manakara,-22.145,48.017,5.0
2021-08-18,23.2,15.6,19.4,0.7,15.6,35.3,16.34,Manakara,-22.145,48.017,5.0
2021-08-19,24.6,16.5,20.4,0.0,21.0,45.4,18.27,Manakara,-22.145,48.017,5.0
2021-08-20,25.9,18.8,22.1,0.0,17.1,37.4,16.28,Manakara,-22.145,48.017,5.0
2021-08-21,26.0,19.6,22.3,0.2,14.0,33.5,16.02,Manakara,-22.145,48.017,5.0
2021-08-22,25.2,18.2,21.3,0.0,14.6,34.2,17.76,Manakara,-22.145,48.017,5.0
2021-08-23,25.8,17.8,21.5,0.5,21.0,47.5,20.8,Manakara,-22.145,48.017,5.0
2021-08-24,24.1,19.9,21.7,3.8,25.2,54.7,16.26,Manakara,-22.145,48.017,5.0
2021-08-25,26.0,18.2,21.5,0.0,18.7,42.1,20.69,Manakara,-22.145,48.017,5.0
2021-08-26,24.1,17.4,20.9,1.4,16.1,37.1,16.52,Manakara,-22.145,48.017,5.0
2021-08-27,23.8,19.3,21.2,2.4,16.7,39.2,18.08,Manakara,-22.145,48.017,5.0
2021-08-28,23.5,17.9,20.5,11.6,13.7,33.1,14.78,Manakara,-22.145,48.017,5.0
2021-08-29,23.4,18.9,21.0,6.6,12.2,32.4,12.49,Manakara,-22.145,48.017,5.0
2021-08-30,25.2,18.6,22.2,1.2,15.8,37.1,16.19,Manakara,-22.145,48.017,5.0
2021-08-31,25.2,19.0,22.4,1.9,17.6,40.0,15.65,Manakara,-22.145,48.017,5.0
2021-09-01,25.9,20.1,22.7,0.0,19.0,43.2,18.63,Manakara,-22.145,48.017,5.0
2021-09-02,25.2,19.4,21.9,0.5,16.9,39.2,17.23,Manakara,-22.145,48.017,5.0
2021-09-03,24.7,17.5,21.5,0.4,16.7,37.8,18.65,Manakara,-22.145,48.017,5.0
2021-09-04,23.9,18.2,21.2,1.4,18.6,42.1,16.65,Manakara,-22.145,48.017,5.0
2021-09-05,23.9,17.0,20.7,1.9,15.3,36.0,17.3,Manakara,-22.145,48.017,5.0
2021-09-06,24.3,17.0,20.9,0.8,16.3,37.8,20.56,Manakara,-22.145,48.017,5.0
2021-09-07,23.7,17.7,20.7,1.5,18.2,41.0,16.68,Manakara,-22.145,48.017,5.0
2021-09-08,26.0,17.8,21.3,0.0,22.2,49.7,21.04,Manakara,-22.145,48.017,5.0
2021-09-09,25.9,17.5,21.4,0.1,19.3,45.0,22.63,Manakara,-22.145,48.017,5.0
2021-09-10,23.2,18.3,20.4,14.0,21.8,40.7,13.54,Manakara,-22.145,48.017,5.0
2021-09-11,22.3,19.1,20.5,6.3,22.1,45.7,14.34,Manakara,-22.145,48.017,5.0
2021-09-12,24.0,19.4,21.2,6.8,18.9,42.5,14.84,Manakara,-22.145,48.017,5.0
2021-09-13,23.8,17.8,20.7,4.5,11.4,32.8,16.25,Manakara,-22.145,48.017,5.0
2021-09-14,25.1,18.8,21.7,1.2,18.3,40.3,19.13,Manakara,-22.145,48.017,5.0
2021-09-15,26.3,19.1,22.0,0.0,20.2,45.4,23.1,Manakara,-22.145,48.017,5.0
2021-09-16,26.2,18.6,21.9,0.0,18.9,43.2,22.91,Manakara,-22.145,48.017,5.0
2021-09-17,26.9,19.1,22.6,0.0,23.0,50.8,23.61,Manakara,-22.145,48.017,5.0
2021-09-18,24.4,20.7,22.0,0.7,27.3,60.1,18.28,Manakara,-22.145,48.017,5.0
2021-09-19,22.1,16.7,20.1,0.8,19.8,40.7,17.9,Manakara,-22.145,48.017,5.0
2021-09-20,22.1,16.8,19.6,1.6,16.3,35.6,12.6,Manakara,-22.145,48.017,5.0
2021-09-21,24.4,17.6,21.2,0.7,19.9,43.9,18.79,Manakara,-22.145,48.017,5.0
2021-09-22,25.4,18.2,21.9,0.1,20.7,46.4,20.88,Manakara,-22.145,48.017,5.0
2021-09-23,24.7,18.4,21.7,0.7,16.2,38.9,20.47,Manakara,-22.145,48.017,5.0
2021-09-24,24.2,17.6,21.2,2.2,17.2,40.0,19.26,Manakara,-22.145,48.017,5.0
2021-09-25,24.4,18.5,21.4,1.7,14.5,34.9,19.96,Manakara,-22.145,48.017,5.0
2021-09-26,24.1,18.9,21.3,3.9,16.6,38.5,16.11,Manakara,-22.145,48.017,5.0
2021-09-27,24.9,18.8,21.4,1.6,17.0,39.6,18.31,Manakara,-22.145,48.017,5.0
2021-09-28,24.6,18.3,21.5,1.6,22.7,49.7,13.03,Manakara,-22.145,48.017,5.0
2021-09-29,25.9,20.4,22.5,0.5,21.9,47.9,18.62,Manakara,-22.145,48.017,5.0
2021-09-30,26.5,19.3,22.5,0.0,22.7,50.0,24.2,Manakara,-22.145,48.017,5.0
2021-10-01,26.9,19.9,22.9,0.0,24.3,52.9,22.85,Manakara,-22.145,48.017,5.0
2021-10-02,26.2,19.3,22.7,0.2,24.0,53.6,21.73,Manakara,-22.145,48.017,5.0
2021-10-03,26.7,20.1,23.1,0.2,25.4,55.8,23.22,Manakara,-22.145,48.017,5.0
2021-10-04,26.9,20.4,23.1,0.2,21.1,47.5,20.36,Manakara,-22.145,48.017,5.0
2021-10-05,26.3,19.7,22.8,1.3,12.6,32.4,20.98,Manakara,-22.145,48.017,5.0
2021-10-06,23.5,20.6,22.0,3.7,16.2,31.7,10.16,Manakara,-22.145,48.017,5.0
2021-10-07,21.8,18.7,20.0,9.5,19.9,43.9,9.12,Manakara,-22.145,48.017,5.0
2021-10-08,22.8,16.6,20.1,2.2,14.3,34.2,17.96,Manakara,-22.145,48.017,5.0
2021-10-09,23.5,18.8,21.2,2.8,19.5,42.8,16.81,Manakara,-22.145,48.017,5.0
2021-10-10,26.7,18.6,22.2,0.0,20.3,47.2,24.9,Manakara,-22.145,48.017,5.0
2021-10-11,26.1,19.3,22.3,2.0,24.9,52.6,22.36,Manakara,-22.145,48.017,5.0
2021-10-12,23.2,19.3,21.4,3.3,15.0,30.2,11.16,Manakara,-22.145,48.017,5.0
2021-10-13,25.7,20.2,22.8,0.2,19.3,41.0,19.21,Manakara,-22.145,48.017,5.0
2021-10-14,26.7,19.9,23.3,0.5,16.9,39.2,23.82,Manakara,-22.145,48.017,5.0
2021-10-15,26.5,20.1,23.2,1.7,18.2,40.7,22.6,Manakara,-22.145,48.017,5.0
2021-10-16,26.6,20.4,23.3,2.0,19.2,41.4,23.68,Manakara,-22.145,48.017,5.0
2021-10-17,26.9,20.4,23.5,1.3,23.2,49.3,23.5,Manakara,-22.145,48.017,5.0
2021-10-18,26.7,20.5,23.7,0.0,24.9,53.3,23.44,Manakara,-22.145,48.017,5.0
2021-10-19,28.5,20.3,23.9,0.0,23.8,52.9,25.39,Manakara,-22.145,48.017,5.0
2021-10-20,26.5,20.2,23.6,5.2,18.5,41.4,22.61,Manakara,-22.145,48.017,5.0
2021-10-21,28.7,20.8,23.9,3.4,23.0,50.8,22.49,Manakara,-22.145,48.017,5.0
2021-10-22,24.8,19.4,22.2,0.2,17.9,39.6,17.07,Manakara,-22.145,48.017,5.0
2021-10-23,26.7,21.8,24.1,2.3,17.0,35.6,18.5,Manakara,-22.145,48.017,5.0
2021-10-24,28.9,23.2,25.5,0.3,24.8,55.4,21.96,Manakara,-22.145,48.017,5.0
2021-10-25,27.8,23.2,25.3,1.6,22.5,48.2,20.48,Manakara,-22.145,48.017,5.0
2021-10-26,27.3,21.2,24.2,0.4,20.8,46.1,23.55,Manakara,-22.145,48.017,5.0
2021-10-27,28.6,20.6,24.4,0.0,24.1,51.5,27.33,Manakara,-22.145,48.017,5.0
2021-10-28,23.4,19.9,21.9,2.8,28.4,59.0,8.09,Manakara,-22.145,48.017,5.0
2021-10-29,23.1,17.3,20.4,1.2,21.3,45.0,18.9,Manakara,-22.145,48.017,5.0
2021-10-30,23.7,17.1,21.0,0.4,13.3,29.2,14.3,Manakara,-22.145,48.017,5.0
2021-10-31,26.2,20.6,23.2,5.8,20.9,45.0,18.66,Manakara,-22.145,48.017,5.0
2021-11-01,26.8,21.6,24.2,1.9,21.9,48.6,18.21,Manakara,-22.145,48.017,5.0
2021-11-02,28.4,20.5,24.3,8.9,19.5,41.0,22.81,Manakara,-22.145,48.017,5.0
2021-11-03,28.6,21.8,25.0,4.4,19.4,41.0,19.95,Manakara,-22.145,48.017,5.0
2021-11-04,29.7,22.5,25.6,5.6,19.4,42.5,19.95,Manakara,-22.145,48.017,5.0
2021-11-05,25.6,22.2,24.0,3.5,21.2,45.0,12.33,Manakara,-22.145,48.017,5.0
2021-11-06,25.5,20.8,23.3,0.4,14.7,34.2,21.59,Manakara,-22.145,48.017,5.0
2021-11-07,26.1,21.9,23.7,5.0,21.6,46.1,16.26,Manakara,-22.145,48.017,5.0
2021-11-08,27.7,22.4,24.7,0.6,22.2,46.4,21.06,Manakara,-22.145,48.017,5.0
2021-11-09,29.0,22.2,25.1,0.0,23.0,49.3,26.65,Manakara,-22.145,48.017,5.0
2021-11-10,29.0,23.2,25.7,0.3,20.0,43.6,25.04,Manakara,-22.145,48.017,5.0
2021-11-11,29.3,22.8,25.8,0.0,21.3,45.7,25.77,Manakara,-22.145,48.017,5.0
2021-11-12,28.7,23.2,25.6,3.0,22.1,46.4,23.59,Manakara,-22.145,48.017,5.0
2021-11-13,30.1,23.0,25.9,0.0,24.2,52.2,23.65,Manakara,-22.145,48.017,5.0
2021-11-14,30.3,23.5,26.3,0.0,24.3,52.2,25.33,Manakara,-22.145,48.017,5.0
2021-11-15,29.8,23.1,25.9,0.1,20.8,45.4,24.39,Manakara,-22.145,48.017,5.0
2021-11-16,29.1,23.0,25.7,0.6,22.8,47.9,25.24,Manakara,-22.145,48.017,5.0
2021-11-17,30.3,23.3,26.2,0.0,27.1,56.9,27.25,Manakara,-22.145,48.017,5.0
2021-11-18,29.9,23.2,25.9,0.0,26.9,56.9,28.79,Manakara,-22.145,48.017,5.0
2021-11-19,28.8,21.1,25.1,0.0,23.7,51.8,29.49,Manakara,-22.145,48.017,5.0
2021-11-20,28.6,22.0,25.3,0.3,23.0,51.5,26.85,Manakara,-22.145,48.017,5.0
2021-11-21,30.1,22.4,25.6,0.2,23.0,50.8,28.05,Manakara,-22.145,48.017,5.0
2021-11-22,27.9,22.5,25.2,2.3,16.6,38.2,24.04,Manakara,-22.145,48.017,5.0
2021-11-23,30.7,22.9,26.3,0.2,26.5,56.2,28.28,Manakara,-22.145,48.017,5.0
2021-11-24,32.2,23.7,27.2,3.8,22.9,49.0,26.79,Manakara,-22.145,48.017,5.0
2021-11-25,25.9,23.3,24.7,2.4,23.3,50.0,14.7,Manakara,-22.145,48.017,5.0
2021-11-26,23.8,20.9,22.5,6.2,15.9,33.5,8.56,Manakara,-22.145,48.017,5.0
2021-11-27,24.0,20.4,21.9,5.5,17.7,37.8,9.0,Manakara,-22.145,48.017,5.0
2021-11-28,22.5,19.1,21.1,4.9,16.6,36.7,8.8,Manakara,-22.145,48.017,5.0
2021-11-29,25.6,19.5,23.1,0.1,17.1,34.6,17.48,Manakara,-22.145,48.017,5.0
2021-11-30,27.4,22.9,25.3,0.8,19.4,40.3,22.54,Manakara,-22.145,48.017,5.0
2021-12-01,29.0,23.3,25.9,0.9,20.9,47.2,25.62,Manakara,-22.145,48.017,5.0
2021-12-02,27.3,22.8,24.6,4.7,17.3,38.9,20.43,Manakara,-22.145,48.017,5.0
2021-12-03,28.1,20.6,24.3,1.0,15.9,37.4,20.73,Manakara,-22.145,48.017,5.0
2021-12-04,29.0,22.5,25.7,0.7,20.3,45.4,27.26,Manakara,-22.145,48.017,5.0
2021-12-05,30.0,22.7,26.2,0.0,22.2,49.3,29.89,Manakara,-22.145,48.017,5.0
2021-12-06,29.1,23.2,25.9,0.5,18.8,42.8,27.77,Manakara,-22.145,48.017,5.0
2021-12-07,29.2,22.6,25.8,0.3,22.4,46.1,27.24,Manakara,-22.145,48.017,5.0
2021-12-08,29.4,22.2,25.8,0.0,20.8,45.7,28.32,Manakara,-22.145,48.017,5.0
2021-12-09,29.1,22.4,25.9,0.0,19.9,43.6,27.8,Manakara,-22.145,48.017,5.0
2021-12-10,29.8,22.3,25.8,0.9,22.1,48.2,23.95,Manakara,-22.145,48.017,5.0
2021-12-11,28.5,22.4,25.5,1.6,18.5,42.8,27.3,Manakara,-22.145,48.017,5.0
2021-12-12,29.1,21.9,26.0,0.5,15.7,36.4,28.21,Manakara,-22.145,48.017,5.0
2021-12-13,28.6,22.4,25.6,0.8,16.7,40.0,28.02,Manakara,-22.145,48.017,5.0
2021-12-14,29.1,21.6,25.5,0.7,15.3,37.4,27.95,Manakara,-22.145,48.017,5.0
2021-12-15,28.8,21.5,24.9,3.1,20.6,46.4,26.97,Manakara,-22.145,48.017,5.0
2021-12-16,28.4,21.8,25.1,2.1,18.3,40.3,27.56,Manakara,-22.145,48.017,5.0
2021-12-17,28.6,21.3,25.5,0.2,20.7,45.7,28.39,Manakara,-22.145,48.017,5.0
2021-12-18,31.1,23.0,26.8,5.1,18.5,43.9,27.89,Manakara,-22.145,48.017,5.0
2021-12-19,25.6,21.1,23.5,7.1,23.5,47.9,11.04,Manakara,-22.145,48.017,5.0
2021-12-20,24.4,20.3,22.1,10.2,14.3,31.7,6.35,Manakara,-22.145,48.017,5.0
2021-12-21,24.6,22.2,23.2,24.7,15.0,31.0,6.65,Manakara,-22.145,48.017,5.0
2021-12-22,30.3,22.5,26.1,7.2,18.9,39.2,17.97,Manakara,-22.145,48.017,5.0
2021-12-23,31.0,23.8,27.6,0.1,15.1,36.7,27.7,Manakara,-22.145,48.017,5.0
2021-12-24,29.0,24.4,26.7,41.0,14.2,34.6,19.77,Manakara,-22.145,48.017,5.0
2021-12-25,30.2,23.4,26.6,9.5,13.4,32.8,21.17,Manakara,-22.145,48.017,5.0
2021-12-26,28.6,23.4,25.3,5.2,17.1,40.0,20.7,Manakara,-22.145,48.017,5.0
2021-12-27,27.8,22.7,25.0,4.7,18.3,40.3,20.29,Manakara,-22.145,48.017,5.0
2021-12-28,27.7,23.5,25.4,10.4,16.7,36.4,10.74,Manakara,-22.145,48.017,5.0
2021-12-29,29.3,24.1,26.7,0.4,17.6,39.2,26.1,Manakara,-22.145,48.017,5.0
2021-12-30,28.4,24.3,26.5,0.9,21.6,46.4,24.65,Manakara,-22.145,48.017,5.0
2021-12-31,29.3,24.4,26.9,1.4,20.7,45.4,25.23,Manakara,-22.145,48.017,5.0
2022-01-01,30.8,24.4,27.4,1.6,22.0,46.8,25.84,Manakara,-22.145,48.017,5.0
2022-01-02,29.7,23.2,26.1,13.8,15.0,36.4,23.36,Manakara,-22.145,48.017,5.0
2022-01-03,28.4,22.8,25.6,24.2,15.5,36.0,23.49,Manakara,-22.145,48.017,5.0
2022-01-04,28.4,23.1,26.1,4.2,13.9,32.8,21.33,Manakara,-22.145,48.017,5.0
2022-01-05,29.4,23.2,25.8,11.9,17.1,37.4,20.26,Manakara,-22.145,48.017,5.0
2022-01-06,29.3,23.1,25.2,37.4,18.9,43.9,16.57,Manakara,-22.145,48.017,5.0
2022-01-07,27.5,21.9,24.6,11.5,13.3,31.7,19.79,Manakara,-22.145,48.017,5.0
2022-01-08,28.2,22.0,25.3,2.1,16.1,37.1,25.27,Manakara,-22.145,48.017,5.0
2022-01-09,27.8,22.5,24.8,6.2,17.8,40.3,20.52,Manakara,-22.145,48.017,5.0
2022-01-10,25.0,21.9,23.4,22.4,12.8,30.6,9.44,Manakara,-22.145,48.017,5.0
2022-01-11,27.2,21.9,23.8,17.0,17.7,39.6,14.98,Manakara,-22.145,48.017,5.0
2022-01-12,29.5,22.6,25.2,11.7,15.6,35.3,18.82,Manakara,-22.145,48.017,5.0
2022-01-13,30.6,23.3,26.2,3.4,12.5,32.8,22.51,Manakara,-22.145,48.017,5.0
2022-01-14,31.1,23.3,26.3,26.0,15.2,35.6,21.13,Manakara,-22.145,48.017,5.0
2022-01-15,26.6,23.0,24.4,33.2,17.8,40.0,14.43,Manakara,-22.145,48.017,5.0
2022-01-16,29.4,22.6,24.9,9.0,19.8,42.5,20.62,Manakara,-22.145,48.017,5.0
2022-01-17,29.0,22.2,25.0,4.4,17.9,40.0,21.94,Manakara,-22.145,48.017,5.0
2022-01-18,27.9,22.6,25.2,1.8,15.0,32.4,19.32,Manakara,-22.145,48.017,5.0
2022-01-19,27.3,23.0,25.0,5.0,17.1,38.9,18.38,Manakara,-22.145,48.017,5.0
2022-01-20,25.9,22.0,24.1,7.6,20.0,43.9,11.67,Manakara,-22.145,48.017,5.0
2022-01-21,26.3,21.2,23.9,2.8,14.6,33.1,17.41,Manakara,-22.145,48.017,5.0
2022-01-22,28.4,22.4,24.9,14.4,21.9,48.2,18.36,Manakara,-22.145,48.017,5.0
2022-01-23,28.4,24.3,26.3,36.4,22.9,51.1,14.29,Manakara,-22.145,48.017,5.0
2022-01-24,27.4,23.6,25.3,23.8,22.7,52.2,16.35,Manakara,-22.145,48.017,5.0
2022-01-25,28.7,23.9,25.8,5.0,26.5,50.4,19.16,Manakara,-22.145,48.017,5.0
2022-01-26,27.0,20.6,24.5,1.6,14.6,33.1,25.24,Manakara,-22.145,48.017,5.0
2022-01-27,27.1,21.3,24.6,2.3,13.6,31.3,24.59,Manakara,-22.145,48.017,5.0
2022-01-28,28.7,21.3,25.2,0.0,14.4,36.0,28.89,Manakara,-22.145,48.017,5.0
2022-01-29,29.4,20.6,25.0,0.0,17.9,39.6,30.27,Manakara,-22.145,48.017,5.0
2022-01-30,28.3,22.5,25.4,1.6,14.2,34.2,27.21,Manakara,-22.145,48.017,5.0
2022-01-31,28.9,21.4,25.3,2.5,16.6,36.7,27.25,Manakara,-22.145,48.017,5.0
2022-02-01,28.9,22.1,25.3,5.4,19.0,40.0,26.72,Manakara,-22.145,48.017,5.0
2022-02-02,28.3,21.3,24.9,2.3,18.9,42.1,26.14,Manakara,-22.145,48.017,5.0
2022-02-03,28.8,21.7,24.4,18.7,21.7,45.4,16.68,Manakara,-22.145,48.017,5.0
2022-02-04,27.0,23.3,24.7,52.7,25.3,53.3,15.69,Manakara,-22.145,48.017,5.0
2022-02-05,25.7,23.5,24.8,178.1,67.9,141.5,2.56,Manakara,-22.145,48.017,5.0
2022-02-06,28.3,25.3,26.5,45.7,67.4,134.3,12.07,Manakara,-22.145,48.017,5.0
2022-02-07,31.1,25.5,27.5,0.3,27.2,56.5,25.94,Manakara,-22.145,48.017,5.0
2022-02-08,30.5,24.9,27.4,1.1,24.5,51.8,25.12,Manakara,-22.145,48.017,5.0
2022-02-09,29.4,24.4,26.4,3.9,20.8,43.6,22.79,Manakara,-22.145,48.017,5.0
2022-02-10,28.5,23.9,26.0,0.8,16.8,37.8,26.47,Manakara,-22.145,48.017,5.0
2022-02-11,28.5,22.8,25.7,1.6,16.7,38.5,25.41,Manakara,-22.145,48.017,5.0
2022-02-12,27.7,22.5,25.2,3.8,17.1,38.2,25.07,Manakara,-22.145,48.017,5.0
2022-02-13,28.9,23.0,25.2,5.9,17.7,40.3,21.63,Manakara,-22.145,48.017,5.0
2022-02-14,28.2,22.8,25.4,2.0,16.8,38.2,23.25,Manakara,-22.145,48.017,5.0
2022-02-15,28.9,22.6,26.1,1.7,17.1,38.5,24.25,Manakara,-22.145,48.017,5.0
2022-02-16,27.9,23.2,25.0,13.7,16.4,35.3,19.23,Manakara,-22.145,48.017,5.0
2022-02-17,28.0,23.2,25.2,8.1,16.6,36.7,21.03,Manakara,-22.145,48.017,5.0
2022-02-18,27.9,22.7,25.2,0.6,13.6,31.7,23.7,Manakara,-22.145,48.017,5.0
2022-02-19,28.0,22.1,25.1,2.6,16.9,37.8,26.02,Manakara,-22.145,48.017,5.0
2022-02-20,28.9,21.7,25.2,0.1,16.8,38.2,27.22,Manakara,-22.145,48.017,5.0
2022-02-21,27.4,22.0,24.1,28.6,16.9,39.6,14.01,Manakara,-22.145,48.017,5.0
2022-02-22,26.2,23.1,25.0,176.9,82.1,160.6,3.98,Manakara,-22.145,48.017,5.0
2022-02-23,29.0,24.2,26.8,107.4,85.0,168.1,7.48,Manakara,-22.145,48.017,5.0
2022-02-24,31.4,25.9,27.9,2.4,21.7,45.0,25.54,Manakara,-22.145,48.017,5.0
2022-02-25,28.0,23.1,25.7,13.8,15.5,36.0,19.09,Manakara,-22.145,48.017,5.0
2022-02-26,28.1,23.7,25.5,10.3,12.4,29.9,15.98,Manakara,-22.145,48.017,5.0
2022-02-27,28.3,23.9,25.7,15.8,13.8,32.0,19.2,Manakara,-22.145,48.017,5.0
2022-02-28,27.9,23.0,25.4,2.0,13.9,33.8,25.49,Manakara,-22.145,48.017,5.0
2022-03-01,28.5,22.7,25.2,15.1,15.5,36.0,19.43,Manakara,-22.145,48.017,5.0
2022-03-02,28.8,22.5,25.8,3.4,18.5,40.3,21.53,Manakara,-22.145,48.017,5.0
2022-03-03,28.3,22.7,25.6,5.0,19.4,41.8,22.59,Manakara,-22.145,48.017,5.0
2022-03-04,29.1,22.7,25.9,0.2,14.3,34.2,24.42,Manakara,-22.145,48.017,5.0
2022-03-05,28.8,23.5,26.2,3.1,17.6,37.8,24.64,Manakara,-22.145,48.017,5.0
2022-03-06,28.2,23.3,25.2,8.5,12.8,30.6,18.59,Manakara,-22.145,48.017,5.0
2022-03-07,28.3,22.1,25.2,2.7,13.4,30.6,23.64,Manakara,-22.145,48.017,5.0
2022-03-08,28.4,22.1,25.6,1.6,15.3,34.2,21.81,Manakara,-22.145,48.017,5.0
2022-03-09,28.6,23.8,25.7,8.3,14.5,32.0,17.87,Manakara,-22.145,48.017,5.0
2022-03-10,28.6,23.4,25.7,16.3,15.2,33.1,19.82,Manakara,-22.145,48.017,5.0
2022-03-11,28.1,22.9,25.2,5.0,14.8,33.1,19.14,Manakara,-22.145,48.017,5.0
2022-03-12,27.8,22.6,24.9,2.1,12.4,31.0,17.24,Manakara,-22.145,48.017,5.0
2022-03-13,26.1,22.7,24.5,27.2,15.9,41.4,14.84,Manakara,-22.145,48.017,5.0
2022-03-14,27.2,21.6,23.8,33.2,15.0,34.9,18.39,Manakara,-22.145,48.017,5.0
2022-03-15,28.0,22.1,24.2,33.1,13.4,32.4,14.87,Manakara,-22.145,48.017,5.0
2022-03-16,28.2,21.6,25.3,1.7,14.8,31.7,21.4,Manakara,-22.145,48.017,5.0
2022-03-17,29.0,23.3,25.9,4.1,11.8,30.6,16.56,Manakara,-22.145,48.017,5.0
2022-03-18,29.3,23.3,25.9,11.2,12.5,30.2,16.51,Manakara,-22.145,48.017,5.0
2022-03-19,26.9,23.4,24.9,6.7,23.6,51.5,12.64,Manakara,-22.145,48.017,5.0
2022-03-20,26.6,21.8,24.1,2.7,15.9,35.6,19.25,Manakara,-22.145,48.017,5.0
2022-03-21,26.8,21.5,23.8,2.3,12.1,28.1,18.17,Manakara,-22.145,48.017,5.0
2022-03-22,26.8,20.8,24.0,0.2,8.7,18.4,15.87,Manakara,-22.145,48.017,5.0
2022-03-23,27.5,22.2,25.0,0.8,10.7,24.5,13.62,Manakara,-22.145,48.017,5.0
2022-03-24,27.9,22.9,25.5,0.8,10.8,27.7,19.13,Manakara,-22.145,48.017,5.0
2022-03-25,29.7,23.2,26.1,6.8,16.3,35.3,20.47,Manakara,-22.145,48.017,5.0
2022-03-26,28.7,23.1,25.5,7.7,13.8,31.3,14.95,Manakara,-22.145,48.017,5.0
2022-03-27,29.3,22.7,25.9,10.2,16.3,35.6,21.05,Manakara,-22.145,48.017,5.0
2022-03-28,27.7,22.5,24.8,8.7,24.8,50.4,12.43,Manakara,-22.145,48.017,5.0
2022-03-29,26.7,21.5,23.5,12.8,18.2,39.6,17.99,Manakara,-22.145,48.017,5.0
2022-03-30,25.6,21.0,22.7,28.9,15.3,36.4,14.97,Manakara,-22.145,48.017,5.0
2022-03-31,27.4,21.3,23.8,8.5,17.3,39.6,20.0,Manakara,-22.145,48.017,5.0
2022-04-01,26.7,20.9,23.1,6.4,10.1,28.4,16.73,Manakara,-22.145,48.017,5.0
2022-04-02,27.4,19.1,23.4,0.2,10.5,25.6,22.61,Manakara,-22.145,48.017,5.0
2022-04-03,27.0,21.4,23.8,1.5,12.0,29.2,19.64,Manakara,-22.145,48.017,5.0
2022-04-04,27.6,21.4,24.3,1.7,14.1,31.3,19.38,Manakara,-22.145,48.017,5.0
2022-04-05,27.5,20.9,24.7,0.3,12.6,28.1,19.6,Manakara,-22.145,48.017,5.0
2022-04-06,28.1,22.5,25.0,1.6,13.9,32.8,20.13,Manakara,-22.145,48.017,5.0
2022-04-07,27.7,21.6,24.7,5.3,14.4,33.1,19.35,Manakara,-22.145,48.017,5.0
2022-04-08,27.7,22.0,24.8,1.6,15.0,33.1,17.84,Manakara,-22.145,48.017,5.0
2022-04-09,28.2,22.9,25.1,2.5,13.7,30.2,20.69,Manakara,-22.145,48.017,5.0
2022-04-10,27.5,21.7,24.2,4.9,14.5,35.3,18.96,Manakara,-22.145,48.017,5.0
2022-04-11,27.2,21.9,24.3,5.7,17.0,37.1,19.18,Manakara,-22.145,48.017,5.0
2022-04-12,27.4,20.7,24.1,4.6,17.0,37.8,18.41,Manakara,-22.145,48.017,5.0
2022-04-13,26.8,20.7,23.9,2.1,14.8,34.2,17.51,Manakara,-22.145,48.017,5.0
2022-04-14,27.4,21.3,24.6,1.9,15.6,33.8,16.28,Manakara,-22.145,48.017,5.0
2022-04-15,26.4,22.0,24.3,4.8,13.0,31.7,10.79,Manakara,-22.145,48.017,5.0
2022-04-16,27.1,23.1,24.8,5.8,14.2,32.4,13.32,Manakara,-22.145,48.017,5.0
2022-04-17,27.6,21.2,24.6,0.3,10.9,26.3,19.39,Manakara,-22.145,48.017,5.0
2022-04-18,26.8,20.9,24.3,1.7,14.4,31.3,17.27,Manakara,-22.145,48.017,5.0
2022-04-19,27.8,21.2,24.3,0.1,10.9,27.4,18.54,Manakara,-22.145,48.017,5.0
2022-04-20,27.2,20.4,24.1,0.3,12.7,29.5,16.23,Manakara,-22.145,48.017,5.0
2022-04-21,27.5,22.1,24.6,2.9,14.5,31.7,18.27,Manakara,-22.145,48.017,5.0
2022-04-22,26.6,22.2,24.0,18.8,16.9,37.1,11.29,Manakara,-22.145,48.017,5.0
2022-04-23,25.5,21.9,23.1,17.9,11.7,27.7,8.97,Manakara,-22.145,48.017,5.0
2022-04-24,26.4,22.0,24.3,10.8,16.9,37.8,7.11,Manakara,-22.145,48.017,5.0
2022-04-25,26.2,21.5,23.7,2.0,17.6,38.9,14.92,Manakara,-22.145,48.017,5.0
2022-04-26,26.8,20.8,23.9,1.8,19.2,41.4,16.77,Manakara,-22.145,48.017,5.0
2022-04-27,30.3,22.1,25.0,1.3,25.6,50.4,16.92,Manakara,-22.145,48.017,5.0
2022-04-28,25.9,19.9,22.4,1.0,23.2,46.1,16.97,Manakara,-22.145,48.017,5.0
2022-04-29,24.5,18.3,20.9,3.8,17.4,32.8,14.19,Manakara,-22.145,48.017,5.0
2022-04-30,26.7,17.4,22.0,0.0,10.2,26.3,19.32,Manakara,-22.145,48.017,5.0
2022-05-01,27.3,19.9,23.3,0.4,10.5,24.8,18.21,Manakara,-22.145,48.017,5.0
2022-05-02,26.4,20.0,22.9,1.3,18.4,38.2,16.56,Manakara,-22.145,48.017,5.0
2022-05-03,24.8,19.9,22.3,3.0,12.3,28.1,14.09,Manakara,-22.145,48.017,5.0
2022-05-04,25.6,19.3,22.4,1.9,12.0,28.8,17.3,Manakara,-22.145,48.017,5.0
2022-05-05,25.4,19.9,22.1,14.8,13.4,27.4,12.29,Manakara,-22.145,48.017,5.0
2022-05-06,25.0,21.2,22.7,31.5,10.9,27.0,10.93,Manakara,-22.145,48.017,5.0
2022-05-07,25.7,21.5,23.2,28.9,16.6,36.4,12.71,Manakara,-22.145,48.017,5.0
2022-05-08,26.6,20.7,23.2,2.3,15.5,30.6,9.79,Manakara,-22.145,48.017,5.0
2022-05-09,27.1,21.3,23.5,2.4,14.0,35.6,14.42,Manakara,-22.145,48.017,5.0
2022-05-10,28.0,18.6,23.3,0.0,12.1,23.8,18.47,Manakara,-22.145,48.017,5.0
2022-05-11,26.0,18.8,22.2,0.0,12.8,29.9,17.23,Manakara,-22.145,48.017,5.0
2022-05-12,24.9,18.7,21.6,2.1,10.6,27.0,15.84,Manakara,-22.145,48.017,5.0
2022-05-13,24.9,19.3,22.1,0.4,9.5,24.5,15.48,Manakara,-22.145,48.017,5.0
2022-05-14,25.7,18.6,22.4,0.3,9.4,21.6,16.26,Manakara,-22.145,48.017,5.0
2022-05-15,26.1,18.8,22.6,0.0,9.9,25.9,16.37,Manakara,-22.145,48.017,5.0
2022-05-16,22.7,19.5,20.7,11.5,12.8,31.0,7.96,Manakara,-22.145,48.017,5.0
2022-05-17,24.9,20.0,22.1,4.3,14.2,31.3,12.61,Manakara,-22.145,48.017,5.0
2022-05-18,23.0,17.7,20.3,5.2,12.1,25.2,9.58,Manakara,-22.145,48.017,5.0
2022-05-19,25.0,17.9,21.1,0.2,11.6,27.0,16.07,Manakara,-22.145,48.017,5.0
2022-05-20,25.3,16.1,21.0,0.0,11.6,26.6,16.38,Manakara,-22.145,48.017,5.0
2022-05-21,26.0,17.4,21.9,0.0,12.4,29.2,15.79,Manakara,-22.145,48.017,5.0
2022-05-22,25.8,16.9,21.4,0.0,13.1,30.6,16.07,Manakara,-22.145,48.017,5.0
2022-05-23,25.6,18.5,22.0,0.9,16.6,36.4,14.07,Manakara,-22.145,48.017,5.0
2022-05-24,26.2,19.3,22.4,0.0,16.9,36.0,14.86,Manakara,-22.145,48.017,5.0
2022-05-25,27.0,19.7,22.8,0.0,15.4,33.8,16.19,Manakara,-22.145,48.017,5.0
2022-05-26,27.6,19.7,23.2,0.0,14.5,31.7,16.55,Manakara,-22.145,48.017,5.0
2022-05-27,25.7,20.7,22.8,0.5,17.4,34.9,14.21,Manakara,-22.145,48.017,5.0
2022-05-28,24.0,18.9,21.3,1.5,14.5,32.4,13.54,Manakara,-22.145,48.017,5.0
2022-05-29,23.3,17.8,20.4,2.1,13.0,31.0,11.52,Manakara,-22.145,48.017,5.0
2022-05-30,25.0,18.2,21.2,0.4,12.2,26.3,14.14,Manakara,-22.145,48.017,5.0
2022-05-31,24.7,16.3,20.3,0.0,13.4,31.7,14.2,Manakara,-22.145,48.017,5.0
2022-06-01,25.5,15.5,20.3,0.0,14.4,28.8,16.56,Manakara,-22.145,48.017,5.0
2022-06-02,24.4,17.3,20.4,4.1,21.3,42.5,15.87,Manakara,-22.145,48.017,5.0
2022-06-03,22.5,17.7,19.9,10.4,14.6,29.5,9.35,Manakara,-22.145,48.017,5.0
2022-06-04,21.9,18.5,20.1,13.4,10.4,24.1,7.32,Manakara,-22.145,48.017,5.0
2022-06-05,23.3,18.8,20.8,9.2,9.4,25.2,8.83,Manakara,-22.145,48.017,5.0
2022-06-06,24.2,18.3,20.4,6.3,13.6,33.8,11.54,Manakara,-22.145,48.017,5.0
2022-06-07,23.0,18.4,20.2,7.0,12.3,27.0,9.66,Manakara,-22.145,48.017,5.0
2022-06-08,22.6,18.7,20.1,13.8,11.6,27.7,8.9,Manakara,-22.145,48.017,5.0
2022-06-09,22.3,18.6,20.0,14.1,14.2,27.4,4.04,Manakara,-22.145,48.017,5.0
2022-06-10,24.5,15.9,20.2,0.0,11.8,26.3,14.09,Manakara,-22.145,48.017,5.0
2022-06-11,23.1,17.2,19.9,9.9,9.2,23.0,11.45,Manakara,-22.145,48.017,5.0
2022-06-12,23.4,17.6,20.0,7.9,14.1,32.8,10.81,Manakara,-22.145,48.017,5.0
2022-06-13,22.6,16.9,19.2,1.6,14.3,24.8,7.94,Manakara,-22.145,48.017,5.0
2022-06-14,20.7,17.5,18.6,35.1,11.7,31.0,3.19,Manakara,-22.145,48.017,5.0
2022-06-15,24.6,17.5,20.8,1.4,16.8,37.4,12.96,Manakara,-22.145,48.017,5.0
2022-06-16,26.5,18.8,22.0,0.0,12.1,23.8,14.95,Manakara,-22.145,48.017,5.0
2022-06-17,24.1,19.0,21.4,0.0,16.9,36.7,15.67,Manakara,-22.145,48.017,5.0
2022-06-18,22.2,19.3,20.7,2.8,11.6,26.3,8.78,Manakara,-22.145,48.017,5.0
2022-06-19,22.3,17.8,19.7,4.4,10.2,25.2,10.02,Manakara,-22.145,48.017,5.0
2022-06-20,22.3,17.1,19.4,2.5,10.3,25.9,11.69,Manakara,-22.145,48.017,5.0
2022-06-21,23.1,17.1,19.5,1.1,14.7,31.7,13.31,Manakara,-22.145,48.017,5.0
2022-06-22,22.3,16.1,18.8,3.5,11.5,24.5,12.43,Manakara,-22.145,48.017,5.0
2022-06-23,21.4,17.5,19.5,12.3,18.9,41.8,9.86,Manakara,-22.145,48.017,5.0
2022-06-24,22.4,16.9,19.2,2.5,9.4,23.0,13.0,Manakara,-22.145,48.017,5.0
2022-06-25,22.0,15.6,19.1,0.6,13.2,31.0,10.96,Manakara,-22.145,48.017,5.0
2022-06-26,23.2,14.7,18.8,0.7,12.6,23.4,15.61,Manakara,-22.145,48.017,5.0
2022-06-27,22.3,17.8,19.7,7.2,21.8,48.6,12.46,Manakara,-22.145,48.017,5.0
2022-06-28,22.1,16.1,19.3,2.2,19.0,40.7,12.94,Manakara,-22.145,48.017,5.0
2022-06-29,21.6,16.3,18.9,6.6,14.6,32.0,11.53,Manakara,-22.145,48.017,5.0
2022-06-30,21.8,16.4,18.8,7.5,10.7,26.3,12.76,Manakara,-22.145,48.017,5.0
2022-07-01,23.2,17.0,19.3,6.6,16.9,36.7,12.76,Manakara,-22.145,48.017,5.0
2022-07-02,21.6,18.1,20.0,8.6,19.4,40.3,12.41,Manakara,-22.145,48.017,5.0
2022-07-03,23.6,15.9,19.2,0.3,9.2,20.5,13.87,Manakara,-22.145,48.017,5.0
2022-07-04,22.0,15.4,18.7,2.2,8.5,18.7,8.81,Manakara,-22.145,48.017,5.0
2022-07-05,23.8,17.6,20.5,2.9,14.7,33.1,11.24,Manakara,-22.145,48.017,5.0
2022-07-06,23.6,14.6,19.2,0.0,11.2,28.1,16.2,Manakara,-22.145,48.017,5.0
2022-07-07,23.4,15.1,19.2,0.0,10.2,24.8,15.09,Manakara,-22.145,48.017,5.0
2022-07-08,23.7,17.6,19.9,1.9,13.3,31.0,14.0,Manakara,-22.145,48.017,5.0
2022-07-09,23.4,17.5,19.8,5.0,15.5,35.6,13.41,Manakara,-22.145,48.017,5.0
2022-07-10,23.1,17.3,19.5,3.1,15.2,34.2,13.64,Manakara,-22.145,48.017,5.0
2022-07-11,22.9,16.2,19.2,1.4,15.6,34.2,11.94,Manakara,-22.145,48.017,5.0
2022-07-12,23.2,15.3,19.1,0.4,9.7,26.3,15.1,Manakara,-22.145,48.017,5.0
2022-07-13,23.2,15.8,19.3,1.7,10.5,27.7,11.58,Manakara,-22.145,48.017,5.0
2022-07-14,22.5,16.2,19.3,0.5,11.9,27.0,14.59,Manakara,-22.145,48.017,5.0
2022-07-15,22.6,15.5,19.2,0.1,8.9,24.8,13.64,Manakara,-22.145,48.017,5.0
2022-07-16,21.7,15.7,18.6,4.8,9.2,24.8,9.23,Manakara,-22.145,48.017,5.0
2022-07-17,22.9,16.4,19.1,4.6,15.5,35.3,12.18,Manakara,-22.145,48.017,5.0
2022-07-18,22.6,15.6,18.9,13.1,19.5,37.8,10.95,Manakara,-22.145,48.017,5.0
2022-07-19,23.1,18.6,20.7,3.9,21.1,45.0,13.51,Manakara,-22.145,48.017,5.0
2022-07-20,22.5,15.3,18.7,2.9,13.0,31.7,12.83,Manakara,-22.145,48.017,5.0
2022-07-21,22.9,16.5,19.2,1.6,13.1,28.4,15.46,Manakara,-22.145,48.017,5.0
2022-07-22,22.4,15.4,18.7,1.9,11.5,25.2,13.73,Manakara,-22.145,48.017,5.0
2022-07-23,22.2,15.9,18.8,0.5,9.5,24.1,12.46,Manakara,-22.145,48.017,5.0
2022-07-24,24.1,15.4,19.8,0.5,12.8,28.4,15.68,Manakara,-22.145,48.017,5.0
2022-07-25,23.8,15.9,19.7,1.0,10.8,27.0,15.61,Manakara,-22.145,48.017,5.0
2022-07-26,23.0,16.5,19.5,0.8,8.9,23.4,14.41,Manakara,-22.145,48.017,5.0
2022-07-27,23.6,15.9,19.6,0.2,10.4,25.2,15.0,Manakara,-22.145,48.017,5.0
2022-07-28,22.7,15.7,19.4,1.3,10.4,24.5,14.49,Manakara,-22.145,48.017,5.0
2022-07-29,23.3,17.3,19.9,1.9,10.5,26.6,15.09,Manakara,-22.145,48.017,5.0
2022-07-30,23.6,15.6,19.8,1.6,15.0,34.2,13.85,Manakara,-22.145,48.017,5.0
2022-07-31,24.5,17.0,20.5,0.7,15.6,34.6,16.55,Manakara,-22.145,48.017,5.0
2022-08-01,24.6,16.6,20.3,0.8,10.7,25.6,16.02,Manakara,-22.145,48.017,5.0
2022-08-02,21.7,17.4,19.3,9.4,12.6,28.1,9.38,Manakara,-22.145,48.017,5.0
2022-08-03,20.2,18.8,19.3,25.4,13.5,25.6,3.26,Manakara,-22.145,48.017,5.0
2022-08-04,21.8,17.2,19.4,2.4,6.5,17.6,5.75,Manakara,-22.145,48.017,5.0
2022-08-05,24.4,17.3,20.3,0.0,17.2,36.4,14.12,Manakara,-22.145,48.017,5.0
2022-08-06,24.8,16.1,20.4,0.0,16.6,36.0,18.07,Manakara,-22.145,48.017,5.0
2022-08-07,24.2,15.6,20.2,0.1,13.8,31.0,17.83,Manakara,-22.145,48.017,5.0
2022-08-08,23.3,14.8,19.6,0.8,11.9,28.4,17.21,Manakara,-22.145,48.017,5.0
2022-08-09,23.1,15.1,19.5,1.5,10.8,27.4,17.12,Manakara,-22.145,48.017,5.0
2022-08-10,23.0,18.1,20.2,8.8,21.9,45.0,10.52,Manakara,-22.145,48.017,5.0
2022-08-11,21.7,14.9,19.0,1.5,15.8,34.9,14.01,Manakara,-22.145,48.017,5.0
2022-08-12,22.5,16.0,19.3,1.7,14.6,33.1,17.14,Manakara,-22.145,48.017,5.0
2022-08-13,23.1,14.8,19.2,1.2,13.1,29.5,16.21,Manakara,-22.145,48.017,5.0
2022-08-14,23.8,17.2,20.2,0.7,20.1,42.1,17.25,Manakara,-22.145,48.017,5.0
2022-08-15,25.1,17.3,20.8,0.0,25.2,55.1,18.99,Manakara,-22.145,48.017,5.0
2022-08-16,25.4,17.4,21.3,0.3,19.2,43.2,18.47,Manakara,-22.145,48.017,5.0
2022-08-17,23.0,18.9,20.8,3.4,11.0,24.5,9.77,Manakara,-22.145,48.017,5.0
2022-08-18,26.4,19.2,21.9,0.0,23.4,48.2,19.76,Manakara,-22.145,48.017,5.0
2022-08-19,25.6,18.3,21.5,0.0,22.7,48.2,19.84,Manakara,-22.145,48.017,5.0
2022-08-20,25.8,18.5,21.7,0.0,26.5,54.4,20.28,Manakara,-22.145,48.017,5.0
2022-08-21,26.0,18.0,21.9,5.6,20.6,40.0,19.4,Manakara,-22.145,48.017,5.0
2022-08-22,21.5,18.6,20.3,38.4,20.9,41.8,4.59,Manakara,-22.145,48.017,5.0
2022-08-23,23.6,16.9,20.4,1.2,13.4,31.3,19.11,Manakara,-22.145,48.017,5.0
2022-08-24,23.1,17.8,20.1,4.5,12.4,29.9,14.97,Manakara,-22.145,48.017,5.0
2022-08-25,23.2,15.9,19.3,1.6,11.2,28.8,18.48,Manakara,-22.145,48.017,5.0
2022-08-26,22.5,16.4,19.3,1.2,12.4,30.6,14.46,Manakara,-22.145,48.017,5.0
2022-08-27,23.5,16.9,19.8,0.3,13.7,32.8,19.56,Manakara,-22.145,48.017,5.0
2022-08-28,23.5,15.8,19.7,0.9,11.5,27.4,18.3,Manakara,-22.145,48.017,5.0
2022-08-29,25.1,16.9,20.8,0.0,18.0,39.6,21.39,Manakara,-22.145,48.017,5.0
2022-08-30,26.1,16.9,21.7,0.0,17.6,39.2,19.32,Manakara,-22.145,48.017,5.0
2022-08-31,25.1,19.3,21.7,0.6,15.4,35.6,19.27,Manakara,-22.145,48.017,5.0
2022-09-01,21.9,16.0,19.5,0.0,23.2,49.0,22.51,Manakara,-22.145,48.017,5.0
2022-09-02,22.6,16.1,19.4,1.3,15.4,35.6,13.54,Manakara,-22.145,48.017,5.0
2022-09-03,23.8,16.3,20.2,0.0,11.7,27.4,18.33,Manakara,-22.145,48.017,5.0
2022-09-04,24.1,15.1,19.9,0.4,14.1,33.1,21.29,Manakara,-22.145,48.017,5.0
2022-09-05,23.5,16.7,20.1,0.6,15.8,36.0,17.65,Manakara,-22.145,48.017,5.0
2022-09-06,24.9,17.4,20.7,0.3,15.8,36.7,19.63,Manakara,-22.145,48.017,5.0
2022-09-07,23.8,16.2,20.2,0.5,15.2,33.1,18.41,Manakara,-22.145,48.017,5.0
2022-09-08,24.0,16.2,20.3,1.2,13.9,33.5,21.06,Manakara,-22.145,48.017,5.0
2022-09-09,23.6,15.8,20.0,0.5,13.4,32.0,19.58,Manakara,-22.145,48.017,5.0
2022-09-10,23.6,16.7,20.4,1.1,15.3,34.9,19.43,Manakara,-22.145,48.017,5.0
2022-09-11,25.0,17.3,21.0,0.1,18.9,40.3,19.84,Manakara,-22.145,48.017,5.0
2022-09-12,25.6,17.9,21.4,0.1,20.3,43.2,21.15,Manakara,-22.145,48.017,5.0
2022-09-13,25.6,17.3,21.2,0.0,19.0,42.5,22.32,Manakara,-22.145,48.017,5.0
2022-09-14,24.7,18.1,21.3,1.0,13.3,33.1,21.51,Manakara,-22.145,48.017,5.0
2022-09-15,24.8,16.7,21.0,0.7,15.6,36.0,22.26,Manakara,-22.145,48.017,5.0
2022-09-16,23.9,17.1,20.6,2.1,16.3,36.7,20.56,Manakara,-22.145,48.017,5.0
2022-09-17,22.3,18.0,19.9,18.2,15.1,41.0,11.99,Manakara,-22.145,48.017,5.0
2022-09-18,24.5,18.3,20.9,2.2,18.7,41.4,19.8,Manakara,-22.145,48.017,5.0
2022-09-19,24.4,18.2,21.0,0.8,17.1,38.5,21.63,Manakara,-22.145,48.017,5.0
2022-09-20,24.4,18.5,21.1,1.7,16.5,37.8,20.66,Manakara,-22.145,48.017,5.0
2022-09-21,24.0,17.4,20.6,0.8,14.6,34.9,18.72,Manakara,-22.145,48.017,5.0
2022-09-22,24.4,19.0,21.6,2.0,16.8,38.2,18.06,Manakara,-22.145,48.017,5.0
2022-09-23,24.6,17.3,21.3,0.5,16.3,37.4,22.81,Manakara,-22.145,48.017,5.0
2022-09-24,24.1,16.3,20.8,1.4,19.6,42.5,17.88,Manakara,-22.145,48.017,5.0
2022-09-25,25.0,18.9,21.7,0.4,19.0,41.4,20.93,Manakara,-22.145,48.017,5.0
2022-09-26,24.9,19.0,21.5,2.2,21.2,46.8,18.95,Manakara,-22.145,48.017,5.0
2022-09-27,26.5,17.8,21.6,0.0,19.3,42.1,24.17,Manakara,-22.145,48.017,5.0
2022-09-28,24.8,17.8,21.1,1.2,13.7,32.4,19.12,Manakara,-22.145,48.017,5.0
2022-09-29,25.2,16.9,21.1,0.3,14.2,32.0,24.08,Manakara,-22.145,48.017,5.0
2022-09-30,26.4,16.1,21.1,0.0,21.3,46.4,23.87,Manakara,-22.145,48.017,5.0
2022-10-01,25.4,17.3,21.6,0.0,21.6,47.5,21.65,Manakara,-22.145,48.017,5.0
2022-10-02,25.8,17.7,22.0,0.0,19.7,42.5,21.48,Manakara,-22.145,48.017,5.0
2022-10-03,26.8,18.2,22.4,0.0,24.2,52.2,24.3,Manakara,-22.145,48.017,5.0
2022-10-04,27.4,18.3,22.7,0.0,23.8,51.5,25.52,Manakara,-22.145,48.017,5.0
2022-10-05,27.4,19.3,22.9,0.0,21.5,47.2,25.35,Manakara,-22.145,48.017,5.0
2022-10-06,27.0,19.4,22.9,0.0,20.3,45.4,24.28,Manakara,-22.145,48.017,5.0
2022-10-07,26.2,19.3,22.6,0.3,20.9,44.6,21.65,Manakara,-22.145,48.017,5.0
2022-10-08,26.2,18.8,22.2,0.1,20.0,44.6,22.76,Manakara,-22.145,48.017,5.0
2022-10-09,26.7,18.2,22.2,0.0,20.2,43.6,24.07,Manakara,-22.145,48.017,5.0
2022-10-10,27.5,17.7,22.2,0.0,22.2,49.3,26.07,Manakara,-22.145,48.017,5.0
2022-10-11,27.3,17.9,22.5,0.0,22.7,50.0,26.62,Manakara,-22.145,48.017,5.0
2022-10-12,26.1,18.5,22.5,0.2,20.5,45.0,21.65,Manakara,-22.145,48.017,5.0
2022-10-13,26.2,18.9,22.6,1.8,19.7,43.2,21.3,Manakara,-22.145,48.017,5.0
2022-10-14,25.1,18.8,22.0,0.9,18.5,42.5,22.3,Manakara,-22.145,48.017,5.0
2022-10-15,25.9,18.1,22.1,0.6,19.5,43.6,24.09,Manakara,-22.145,48.017,5.0
2022-10-16,27.7,18.7,22.8,0.0,25.0,54.4,26.48,Manakara,-22.145,48.017,5.0
2022-10-17,27.3,19.5,22.9,0.1,21.1,47.2,25.4,Manakara,-22.145,48.017,5.0
2022-10-18,26.8,19.1,22.4,0.7,18.4,43.2,24.78,Manakara,-22.145,48.017,5.0
2022-10-19,26.8,17.9,22.8,0.0,19.1,44.6,25.08,Manakara,-22.145,48.017,5.0
2022-10-20,25.5,18.6,22.7,1.6,21.1,46.4,21.93,Manakara,-22.145,48.017,5.0
2022-10-21,27.2,20.0,23.5,0.6,19.1,43.6,25.47,Manakara,-22.145,48.017,5.0
2022-10-22,26.9,19.3,23.2,0.0,19.9,43.2,22.53,Manakara,-22.145,48.017,5.0
2022-10-23,28.2,20.2,24.1,0.0,20.8,47.5,26.29,Manakara,-22.145,48.017,5.0
2022-10-24,28.9,21.6,24.8,0.5,23.1,51.8,23.19,Manakara,-22.145,48.017,5.0
2022-10-25,28.0,21.4,24.6,0.0,25.4,55.1,22.04,Manakara,-22.145,48.017,5.0
2022-10-26,29.6,22.8,25.1,0.0,25.7,56.2,24.52,Manakara,-22.145,48.017,5.0
2022-10-27,28.3,21.8,24.7,0.0,24.4,51.8,22.98,Manakara,-22.145,48.017,5.0
2022-10-28,29.0,21.5,24.7,0.0,28.2,60.5,25.52,Manakara,-22.145,48.017,5.0
2022-10-29,28.3,21.4,23.8,27.5,20.9,46.4,19.32,Manakara,-22.145,48.017,5.0
2022-10-30,26.6,20.9,23.5,2.5,21.7,48.2,23.73,Manakara,-22.145,48.017,5.0
2022-10-31,27.4,20.7,23.8,0.2,21.1,45.7,25.51,Manakara,-22.145,48.017,5.0
2022-11-01,28.0,20.7,24.0,0.0,22.4,49.0,25.92,Manakara,-22.145,48.017,5.0
2022-11-02,28.0,21.2,24.2,0.0,24.7,52.6,25.36,Manakara,-22.145,48.017,5.0
2022-11-03,28.7,21.3,24.5,0.0,25.3,54.7,25.51,Manakara,-22.145,48.017,5.0
2022-11-04,29.2,22.1,25.1,0.0,23.5,51.5,25.08,Manakara,-22.145,48.017,5.0
2022-11-05,29.1,22.4,24.9,0.0,22.9,50.8,25.8,Manakara,-22.145,48.017,5.0
2022-11-06,28.9,21.7,24.7,0.0,24.2,53.3,23.61,Manakara,-22.145,48.017,5.0
2022-11-07,28.1,22.0,24.7,0.4,22.9,50.8,22.7,Manakara,-22.145,48.017,5.0
2022-11-08,29.2,22.2,24.9,0.0,25.0,55.1,26.18,Manakara,-22.145,48.017,5.0
2022-11-09,29.1,21.4,24.7,0.3,25.1,54.0,25.86,Manakara,-22.145,48.017,5.0
2022-11-10,29.3,22.1,25.1,0.0,25.0,54.4,26.24,Manakara,-22.145,48.017,5.0
2022-11-11,28.4,21.5,24.7,0.2,18.0,41.8,24.9,Manakara,-22.145,48.017,5.0
2022-11-12,28.6,20.2,24.6,0.1,19.2,44.3,26.76,Manakara,-22.145,48.017,5.0
2022-11-13,28.3,20.2,24.5,0.7,15.1,37.8,24.82,Manakara,-22.145,48.017,5.0
2022-11-14,27.0,21.9,24.4,4.7,20.4,47.2,21.92,Manakara,-22.145,48.017,5.0
2022-11-15,24.7,22.0,23.6,2.9,21.4,44.3,10.37,Manakara,-22.145,48.017,5.0
2022-11-16,26.7,21.5,23.9,5.2,24.0,49.7,13.2,Manakara,-22.145,48.017,5.0
2022-11-17,27.7,22.0,25.0,3.2,24.6,51.8,21.44,Manakara,-22.145,48.017,5.0
2022-11-18,28.3,22.4,25.4,2.9,21.2,46.4,22.14,Manakara,-22.145,48.017,5.0
2022-11-19,28.9,23.1,25.7,3.0,22.4,49.0,23.93,Manakara,-22.145,48.017,5.0
2022-11-20,31.0,22.9,26.5,0.0,21.8,48.2,27.13,Manakara,-22.145,48.017,5.0
2022-11-21,29.4,21.9,25.0,5.5,18.9,43.9,21.15,Manakara,-22.145,48.017,5.0
2022-11-22,25.7,20.8,23.2,1.6,14.9,34.2,12.76,Manakara,-22.145,48.017,5.0
2022-11-23,27.0,21.7,23.9,2.5,16.2,37.8,19.88,Manakara,-22.145,48.017,5.0
2022-11-24,27.4,20.8,24.3,2.6,19.2,43.2,24.66,Manakara,-22.145,48.017,5.0
2022-11-25,27.4,20.7,24.4,0.9,17.2,38.2,27.26,Manakara,-22.145,48.017,5.0
2022-11-26,28.4,21.4,24.6,0.4,20.3,45.0,28.26,Manakara,-22.145,48.017,5.0
2022-11-27,28.7,20.4,24.5,0.0,23.5,52.2,29.25,Manakara,-22.145,48.017,5.0
2022-11-28,29.2,21.5,25.1,0.0,27.4,57.2,27.08,Manakara,-22.145,48.017,5.0
2022-11-29,29.2,22.5,25.9,0.0,23.1,51.1,25.83,Manakara,-22.145,48.017,5.0
2022-11-30,28.1,22.7,25.2,7.9,23.4,49.0,19.76,Manakara,-22.145,48.017,5.0
2022-12-01,27.8,21.9,25.1,1.4,21.6,46.8,22.27,Manakara,-22.145,48.017,5.0
2022-12-02,28.9,22.0,25.0,9.3,19.2,43.6,22.41,Manakara,-22.145,48.017,5.0
2022-12-03,29.2,21.1,25.3,3.3,21.5,46.1,25.33,Manakara,-22.145,48.017,5.0
2022-12-04,28.7,22.2,25.5,1.0,18.8,42.8,25.18,Manakara,-22.145,48.017,5.0
2022-12-05,28.9,22.9,25.5,0.3,16.2,38.2,26.52,Manakara,-22.145,48.017,5.0
2022-12-06,28.6,23.1,25.7,0.4,22.4,49.0,25.67,Manakara,-22.145,48.017,5.0
2022-12-07,28.3,21.9,25.5,0.4,17.2,38.5,28.53,Manakara,-22.145,48.017,5.0
2022-12-08,28.3,21.4,24.9,2.6,15.2,36.7,28.12,Manakara,-22.145,48.017,5.0
2022-12-09,27.9,21.3,24.7,1.6,16.6,37.8,23.01,Manakara,-22.145,48.017,5.0
2022-12-10,28.2,20.8,24.9,1.5,14.9,34.9,27.3,Manakara,-22.145,48.017,5.0
2022-12-11,28.6,20.6,25.1,0.4,17.1,37.1,25.84,Manakara,-22.145,48.017,5.0
2022-12-12,28.0,22.2,24.2,17.2,16.9,38.9,21.67,Manakara,-22.145,48.017,5.0
2022-12-13,27.9,21.5,24.7,3.6,17.4,39.6,24.49,Manakara,-22.145,48.017,5.0
2022-12-14,27.6,22.0,25.0,0.7,15.0,36.0,22.98,Manakara,-22.145,48.017,5.0
2022-12-15,28.1,21.9,24.9,5.7,17.7,40.0,23.61,Manakara,-22.145,48.017,5.0
2022-12-16,28.1,21.4,24.4,13.2,18.9,41.4,22.06,Manakara,-22.145,48.017,5.0
2022-12-17,28.0,21.9,24.5,16.0,19.5,45.0,20.06,Manakara,-22.145,48.017,5.0
2022-12-18,29.5,22.7,26.0,0.0,22.7,49.3,23.79,Manakara,-22.145,48.017,5.0
2022-12-19,30.1,23.5,26.6,1.0,24.1,50.8,26.6,Manakara,-22.145,48.017,5.0
2022-12-20,30.6,24.0,26.8,2.7,21.7,49.3,25.47,Manakara,-22.145,48.017,5.0
2022-12-21,30.8,23.4,26.3,26.2,17.1,38.9,25.47,Manakara,-22.145,48.017,5.0
2022-12-22,25.5,21.7,22.9,11.8,18.3,42.1,8.74,Manakara,-22.145,48.017,5.0
2022-12-23,26.8,20.1,23.5,1.4,20.5,45.0,23.93,Manakara,-22.145,48.017,5.0
2022-12-24,27.3,20.8,24.4,3.0,14.1,33.8,22.15,Manakara,-22.145,48.017,5.0
2022-12-25,29.3,23.1,25.6,2.9,19.2,39.6,22.95,Manakara,-22.145,48.017,5.0
2022-12-26,28.5,23.2,25.8,1.4,19.7,43.6,26.16,Manakara,-22.145,48.017,5.0
2022-12-27,27.7,22.5,25.2,2.1,19.0,41.4,21.4,Manakara,-22.145,48.017,5.0
2022-12-28,28.5,22.6,25.3,6.4,20.3,44.6,23.59,Manakara,-22.145,48.017,5.0
2022-12-29,28.6,23.2,25.7,1.5,19.3,41.8,27.79,Manakara,-22.145,48.017,5.0
2022-12-30,28.4,22.7,25.5,0.5,16.5,38.2,28.8,Manakara,-22.145,48.017,5.0
2022-12-31,28.6,22.0,25.7,0.5,16.2,37.8,28.58,Manakara,-22.145,48.017,5.0
2023-01-01,29.5,22.4,26.1,0.6,18.6,40.7,26.41,Manakara,-22.145,48.017,5.0
2023-01-02,30.2,24.2,26.8,0.0,17.2,38.2,19.95,Manakara,-22.145,48.017,5.0
2023-01-03,29.4,23.6,26.5,0.8,18.8,43.2,18.2,Manakara,-22.145,48.017,5.0
2023-01-04,28.0,21.9,24.9,8.2,19.2,43.6,15.97,Manakara,-22.145,48.017,5.0
2023-01-05,27.4,22.5,24.6,4.9,19.1,41.0,10.29,Manakara,-22.145,48.017,5.0
2023-01-06,29.2,22.5,25.8,2.2,17.7,41.0,27.34,Manakara,-22.145,48.017,5.0
2023-01-07,29.4,22.6,25.9,2.5,19.5,42.8,26.2,Manakara,-22.145,48.017,5.0
2023-01-08,29.5,23.4,26.5,1.0,22.1,48.2,26.96,Manakara,-22.145,48.017,5.0
2023-01-09,29.7,24.3,26.8,1.5,21.5,47.9,27.12,Manakara,-22.145,48.017,5.0
2023-01-10,29.8,24.1,26.2,8.4,21.2,43.6,21.34,Manakara,-22.145,48.017,5.0
2023-01-11,27.2,22.2,24.7,16.7,19.5,46.1,17.02,Manakara,-22.145,48.017,5.0
2023-01-12,28.1,22.0,25.0,5.6,14.8,34.2,22.78,Manakara,-22.145,48.017,5.0
2023-01-13,26.8,22.9,24.4,21.4,15.3,34.2,17.02,Manakara,-22.145,48.017,5.0
2023-01-14,28.8,22.3,25.5,4.7,17.8,40.0,26.97,Manakara,-22.145,48.017,5.0
2023-01-15,27.7,22.4,25.2,2.3,14.8,34.9,25.08,Manakara,-22.145,48.017,5.0
2023-01-16,28.2,21.9,25.1,3.0,12.7,31.7,26.68,Manakara,-22.145,48.017,5.0
2023-01-17,28.5,22.3,25.4,1.9,15.3,35.3,25.68,Manakara,-22.145,48.017,5.0
2023-01-18,28.1,22.2,25.4,3.3,18.6,40.7,25.53,Manakara,-22.145,48.017,5.0
2023-01-19,28.8,23.0,25.4,17.0,23.9,51.1,23.07,Manakara,-22.145,48.017,5.0
2023-01-20,25.8,23.4,24.4,67.6,21.3,51.1,9.03,Manakara,-22.145,48.017,5.0
2023-01-21,25.8,23.4,24.5,47.0,20.0,40.0,7.91,Manakara,-22.145,48.017,5.0
2023-01-22,25.0,22.8,24.0,51.7,20.1,41.4,5.37,Manakara,-22.145,48.017,5.0
2023-01-23,25.5,22.9,24.2,62.9,21.8,41.4,6.79,Manakara,-22.145,48.017,5.0
2023-01-24,26.9,23.2,24.5,83.3,28.7,58.7,11.11,Manakara,-22.145,48.017,5.0
2023-01-25,26.5,22.9,24.1,45.2,15.5,33.1,9.92,Manakara,-22.145,48.017,5.0
2023-01-26,25.8,23.3,24.4,44.9,20.9,41.0,7.5,Manakara,-22.145,48.017,5.0
2023-01-27,29.9,23.4,26.3,13.7,19.9,42.8,18.42,Manakara,-22.145,48.017,5.0
2023-01-28,31.5,23.7,27.2,8.1,19.4,39.2,25.57,Manakara,-22.145,48.017,5.0
2023-01-29,34.4,23.4,28.3,0.1,11.1,27.0,26.68,Manakara,-22.145,48.017,5.0
2023-01-30,29.8,24.7,27.0,11.0,16.9,37.1,23.42,Manakara,-22.145,48.017,5.0
2023-01-31,27.2,23.7,25.1,38.7,19.7,41.8,14.6,Manakara,-22.145,48.017,5.0
2023-02-01,26.4,21.8,24.1,23.0,15.8,33.1,10.44,Manakara,-22.145,48.017,5.0
2023-02-02,27.0,21.6,24.6,1.3,17.9,40.7,22.08,Manakara,-22.145,48.017,5.0
2023-02-03,27.7,22.3,24.4,14.0,14.7,33.8,19.09,Manakara,-22.145,48.017,5.0
2023-02-04,26.7,22.2,23.9,21.9,14.2,34.9,15.86,Manakara,-22.145,48.017,5.0
2023-02-05,27.4,21.9,24.6,5.3,13.5,31.3,19.65,Manakara,-22.145,48.017,5.0
2023-02-06,26.3,22.1,23.7,28.4,12.9,33.1,11.94,Manakara,-22.145,48.017,5.0
2023-02-07,25.5,22.3,23.7,15.0,9.5,23.8,6.7,Manakara,-22.145,48.017,5.0
2023-02-08,28.0,22.3,24.7,3.9,13.1,31.3,19.56,Manakara,-22.145,48.017,5.0
2023-02-09,27.5,22.1,24.9,8.0,12.6,30.6,18.41,Manakara,-22.145,48.017,5.0
2023-02-10,28.7,21.7,25.1,0.3,15.8,36.7,24.92,Manakara,-22.145,48.017,5.0
2023-02-11,29.6,22.3,25.8,1.1,19.5,42.5,26.17,Manakara,-22.145,48.017,5.0
2023-02-12,28.6,23.3,25.9,0.9,17.3,39.6,26.1,Manakara,-22.145,48.017,5.0
2023-02-13,28.1,22.4,25.3,1.3,14.0,32.8,27.42,Manakara,-22.145,48.017,5.0
2023-02-14,27.6,21.4,24.8,2.0,15.5,35.6,26.21,Manakara,-22.145,48.017,5.0
2023-02-15,28.0,21.6,24.1,6.1,13.9,33.8,20.84,Manakara,-22.145,48.017,5.0
2023-02-16,28.0,21.5,24.6,5.3,15.9,36.4,20.84,Manakara,-22.145,48.017,5.0
2023-02-17,28.8,22.7,25.9,1.7,19.6,42.8,20.77,Manakara,-22.145,48.017,5.0
2023-02-18,29.4,24.0,26.8,1.5,19.8,43.6,24.71,Manakara,-22.145,48.017,5.0
2023-02-19,29.8,24.5,26.7,0.4,20.1,43.2,24.64,Manakara,-22.145,48.017,5.0
2023-02-20,29.2,22.9,26.1,0.3,16.3,37.8,25.03,Manakara,-22.145,48.017,5.0
2023-02-21,28.9,23.1,25.6,52.5,48.3,94.7,15.18,Manakara,-22.145,48.017,5.0
2023-02-22,29.8,25.5,27.5,14.4,46.8,97.9,23.78,Manakara,-22.145,48.017,5.0
2023-02-23,28.3,24.2,25.8,5.6,21.6,46.8,20.31,Manakara,-22.145,48.017,5.0
2023-02-24,28.8,22.5,25.3,0.0,16.7,37.1,26.87,Manakara,-22.145,48.017,5.0
2023-02-25,28.3,21.3,25.1,0.6,14.1,33.5,24.58,Manakara,-22.145,48.017,5.0
2023-02-26,28.6,22.3,25.5,1.0,15.6,35.3,25.91,Manakara,-22.145,48.017,5.0
2023-02-27,28.4,21.6,25.2,1.0,15.5,35.6,24.42,Manakara,-22.145,48.017,5.0
2023-02-28,27.8,22.1,24.9,0.7,15.1,36.0,23.44,Manakara,-22.145,48.017,5.0
2023-03-01,29.0,22.6,25.8,0.7,17.6,39.6,24.73,Manakara,-22.145,48.017,5.0
2023-03-02,31.0,23.0,26.3,13.2,19.0,41.4,22.35,Manakara,-22.145,48.017,5.0
2023-03-03,28.3,21.7,24.8,13.1,11.6,29.2,17.99,Manakara,-22.145,48.017,5.0
2023-03-04,28.1,23.0,24.8,33.1,13.8,33.1,13.95,Manakara,-22.145,48.017,5.0
2023-03-05,28.3,22.6,25.1,32.4,13.5,32.0,15.46,Manakara,-22.145,48.017,5.0
2023-03-06,29.3,22.5,25.6,8.4,13.3,31.3,19.12,Manakara,-22.145,48.017,5.0
2023-03-07,29.4,22.1,25.5,6.1,18.3,40.0,22.71,Manakara,-22.145,48.017,5.0
2023-03-08,27.0,22.6,24.5,27.0,15.3,36.4,17.03,Manakara,-22.145,48.017,5.0
2023-03-09,25.5,22.4,23.9,54.2,11.5,29.2,9.3,Manakara,-22.145,48.017,5.0
2023-03-10,28.1,22.0,24.6,4.2,16.3,36.4,22.82,Manakara,-22.145,48.017,5.0
2023-03-11,27.4,21.9,24.6,4.3,11.0,25.9,16.03,Manakara,-22.145,48.017,5.0
2023-03-12,28.2,21.6,24.8,1.4,12.3,28.4,21.68,Manakara,-22.145,48.017,5.0
2023-03-13,27.7,21.0,23.8,11.2,14.1,31.3,20.52,Manakara,-22.145,48.017,5.0
2023-03-14,25.6,21.0,23.1,6.7,13.7,29.5,15.97,Manakara,-22.145,48.017,5.0
2023-03-15,25.5,21.1,22.9,10.2,11.6,24.5,8.5,Manakara,-22.145,48.017,5.0
2023-03-16,28.5,21.7,24.8,3.3,16.0,35.6,20.34,Manakara,-22.145,48.017,5.0
2023-03-17,30.0,21.5,25.5,4.5,12.2,29.9,22.39,Manakara,-22.145,48.017,5.0
2023-03-18,28.2,22.3,24.8,9.3,13.5,31.3,18.15,Manakara,-22.145,48.017,5.0
2023-03-19,28.3,22.5,24.8,10.8,10.2,25.9,16.87,Manakara,-22.145,48.017,5.0
2023-03-20,27.5,22.9,24.6,25.7,13.0,30.2,14.9,Manakara,-22.145,48.017,5.0
2023-03-21,26.6,21.9,23.8,36.6,10.0,27.4,14.99,Manakara,-22.145,48.017,5.0
2023-03-22,25.7,21.7,23.7,21.4,13.1,29.5,13.12,Manakara,-22.145,48.017,5.0
2023-03-23,27.9,21.7,24.7,5.5,12.2,28.1,19.09,Manakara,-22.145,48.017,5.0
2023-03-24,28.7,21.8,25.5,0.3,12.2,30.2,22.9,Manakara,-22.145,48.017,5.0
2023-03-25,26.5,22.2,24.4,5.9,18.0,38.2,14.83,Manakara,-22.145,48.017,5.0
2023-03-26,27.4,22.2,24.8,0.7,16.8,35.6,21.21,Manakara,-22.145,48.017,5.0
2023-03-27,28.9,22.5,25.4,6.8,16.9,37.4,20.96,Manakara,-22.145,48.017,5.0
2023-03-28,27.0,22.8,24.9,3.0,23.6,49.7,16.91,Manakara,-22.145,48.017,5.0
2023-03-29,26.3,20.3,23.5,6.6,11.3,23.0,11.96,Manakara,-22.145,48.017,5.0
2023-03-30,27.9,23.2,25.2,0.9,14.5,33.1,12.63,Manakara,-22.145,48.017,5.0
2023-03-31,28.7,22.3,25.9,0.8,12.4,30.2,20.2,Manakara,-22.145,48.017,5.0
2023-04-01,28.2,22.6,25.4,2.9,14.4,31.7,19.8,Manakara,-22.145,48.017,5.0
2023-04-02,27.2,22.4,24.3,10.0,14.3,31.3,13.93,Manakara,-22.145,48.017,5.0
2023-04-03,26.9,21.4,24.1,5.8,10.2,27.4,15.04,Manakara,-22.145,48.017,5.0
2023-04-04,28.2,21.1,25.0,2.8,13.9,32.4,19.41,Manakara,-22.145,48.017,5.0
2023-04-05,28.3,21.5,24.7,7.5,13.4,31.7,19.27,Manakara,-22.145,48.017,5.0
2023-04-06,26.9,22.1,23.7,13.2,10.0,24.5,11.56,Manakara,-22.145,48.017,5.0
2023-04-07,27.4,21.5,24.5,1.4,11.5,28.1,19.17,Manakara,-22.145,48.017,5.0
2023-04-08,27.3,22.2,24.5,3.3,10.1,26.3,13.66,Manakara,-22.145,48.017,5.0
2023-04-09,27.0,21.3,24.1,1.3,11.4,28.4,16.91,Manakara,-22.145,48.017,5.0
2023-04-10,27.6,20.2,23.9,0.7,10.9,27.4,19.68,Manakara,-22.145,48.017,5.0
2023-04-11,28.1,20.6,24.4,0.1,11.3,28.4,21.14,Manakara,-22.145,48.017,5.0
2023-04-12,29.3,20.9,24.8,0.6,13.4,32.8,20.44,Manakara,-22.145,48.017,5.0
2023-04-13,28.5,20.9,24.4,1.2,11.0,26.3,18.95,Manakara,-22.145,48.017,5.0
2023-04-14,27.9,20.8,24.3,0.4,13.5,31.7,19.98,Manakara,-22.145,48.017,5.0
2023-04-15,28.5,21.8,25.0,2.0,13.4,28.4,18.13,Manakara,-22.145,48.017,5.0
2023-04-16,25.9,21.0,23.0,9.5,16.4,34.9,13.69,Manakara,-22.145,48.017,5.0
2023-04-17,25.2,21.5,23.2,6.8,12.4,28.1,11.11,Manakara,-22.145,48.017,5.0
2023-04-18,26.1,21.1,23.4,5.9,12.0,29.5,13.99,Manakara,-22.145,48.017,5.0
2023-04-19,25.9,21.4,23.3,5.6,11.5,26.3,11.84,Manakara,-22.145,48.017,5.0
2023-04-20,26.0,21.1,23.2,8.4,14.6,31.7,14.3,Manakara,-22.145,48.017,5.0
2023-04-21,27.9,20.1,24.0,11.0,11.3,22.7,14.61,Manakara,-22.145,48.017,5.0
2023-04-22,28.6,20.5,24.2,22.7,10.2,26.3,17.16,Manakara,-22.145,48.017,5.0
2023-04-23,27.3,21.2,24.2,1.0,11.6,26.3,15.15,Manakara,-22.145,48.017,5.0
2023-04-24,30.1,22.1,25.4,1.1,12.3,26.3,19.71,Manakara,-22.145,48.017,5.0
2023-04-25,26.7,21.4,23.8,1.2,18.3,39.6,17.9,Manakara,-22.145,48.017,5.0
2023-04-26,25.3,20.2,23.1,2.8,17.6,37.8,15.42,Manakara,-22.145,48.017,5.0
2023-04-27,26.4,21.1,23.4,0.7,12.6,29.2,18.34,Manakara,-22.145,48.017,5.0
2023-04-28,26.5,19.7,22.9,2.4,13.8,30.2,17.95,Manakara,-22.145,48.017,5.0
2023-04-29,25.5,19.7,22.2,4.2,12.3,27.7,12.95,Manakara,-22.145,48.017,5.0
2023-04-30,26.1,20.3,23.2,2.9,10.8,27.4,16.34,Manakara,-22.145,48.017,5.0
2023-05-01,26.9,20.5,23.6,0.9,17.4,36.4,17.34,Manakara,-22.145,48.017,5.0
2023-05-02,24.3,20.7,22.4,1.5,13.5,30.6,9.65,Manakara,-22.145,48.017,5.0
2023-05-03,25.5,20.3,23.2,1.4,14.3,29.2,13.15,Manakara,-22.145,48.017,5.0
2023-05-04,25.4,21.0,23.1,1.5,10.8,25.6,11.93,Manakara,-22.145,48.017,5.0
2023-05-05,25.9,20.9,23.3,2.0,11.3,26.6,13.59,Manakara,-22.145,48.017,5.0
2023-05-06,26.6,20.0,22.6,7.8,11.4,28.4,14.45,Manakara,-22.145,48.017,5.0
2023-05-07,25.6,19.1,22.2,30.0,12.9,34.6,15.89,Manakara,-22.145,48.017,5.0
2023-05-08,25.0,18.2,21.9,3.4,10.4,26.3,15.97,Manakara,-22.145,48.017,5.0
2023-05-09,25.9,19.9,22.5,0.9,9.0,23.4,13.73,Manakara,-22.145,48.017,5.0
2023-05-10,25.9,20.0,22.5,6.0,11.1,29.2,13.67,Manakara,-22.145,48.017,5.0
2023-05-11,25.5,19.9,22.5,2.5,9.9,29.9,12.43,Manakara,-22.145,48.017,5.0
2023-05-12,26.9,19.9,23.4,0.8,13.6,30.6,14.36,Manakara,-22.145,48.017,5.0
2023-05-13,24.7,20.0,22.1,5.2,8.7,20.9,6.15,Manakara,-22.145,48.017,5.0
2023-05-14,26.6,19.9,23.0,0.9,11.9,28.4,14.27,Manakara,-22.145,48.017,5.0
2023-05-15,27.1,20.9,23.8,0.7,13.3,30.6,14.47,Manakara,-22.145,48.017,5.0
2023-05-16,28.2,18.9,23.4,0.0,12.2,24.1,17.33,Manakara,-22.145,48.017,5.0
2023-05-17,25.6,19.8,22.7,1.1,13.5,30.6,14.41,Manakara,-22.145,48.017,5.0
2023-05-18,25.5,19.5,22.8,1.5,11.7,27.4,14.31,Manakara,-22.145,48.017,5.0
2023-05-19,26.5,20.0,23.2,0.5,11.6,28.4,13.61,Manakara,-22.145,48.017,5.0
2023-05-20,28.1,20.1,23.9,0.0,9.3,23.0,16.22,Manakara,-22.145,48.017,5.0
2023-05-21,28.2,18.8,23.4,0.0,8.9,16.9,16.55,Manakara,-22.145,48.017,5.0
2023-05-22,27.5,18.3,22.8,0.0,9.7,25.2,16.64,Manakara,-22.145,48.017,5.0
2023-05-23,25.9,18.8,21.8,3.7,16.6,35.3,13.86,Manakara,-22.145,48.017,5.0
2023-05-24,22.5,17.8,19.8,13.4,12.2,22.7,9.32,Manakara,-22.145,48.017,5.0
2023-05-25,20.6,17.1,18.5,17.8,13.6,27.7,7.79,Manakara,-22.145,48.017,5.0
2023-05-26,24.2,16.6,20.3,2.3,10.6,23.4,14.34,Manakara,-22.145,48.017,5.0
2023-05-27,24.8,18.2,21.2,5.3,12.1,29.5,13.85,Manakara,-22.145,48.017,5.0
2023-05-28,24.5,18.6,21.5,1.8,10.8,26.3,14.99,Manakara,-22.145,48.017,5.0
2023-05-29,26.2,17.9,22.1,0.0,12.1,27.4,14.95,Manakara,-22.145,48.017,5.0
2023-05-30,25.8,18.6,22.0,0.1,9.3,22.0,13.98,Manakara,-22.145,48.017,5.0
2023-05-31,24.1,18.5,21.6,2.4,8.7,22.3,12.57,Manakara,-22.145,48.017,5.0
2023-06-01,25.2,18.6,22.1,0.5,9.7,23.8,13.82,Manakara,-22.145,48.017,5.0
2023-06-02,25.3,19.0,22.3,0.6,15.5,33.1,14.57,Manakara,-22.145,48.017,5.0
2023-06-03,25.1,18.1,21.6,0.7,12.6,31.7,13.35,Manakara,-22.145,48.017,5.0
2023-06-04,26.6,19.4,22.5,0.2,12.8,27.4,15.57,Manakara,-22.145,48.017,5.0
2023-06-05,25.8,18.8,22.1,0.6,12.5,28.8,14.64,Manakara,-22.145,48.017,5.0
2023-06-06,26.2,18.0,22.2,0.4,9.9,23.8,15.14,Manakara,-22.145,48.017,5.0
2023-06-07,24.7,18.8,21.7,3.4,10.1,25.9,9.22,Manakara,-22.145,48.017,5.0
2023-06-08,25.8,19.6,22.5,4.3,13.5,29.2,12.44,Manakara,-22.145,48.017,5.0
2023-06-09,26.5,20.3,23.1,0.4,15.8,34.6,13.85,Manakara,-22.145,48.017,5.0
2023-06-10,27.5,20.3,23.2,0.4,16.2,33.5,14.81,Manakara,-22.145,48.017,5.0
2023-06-11,26.2,19.1,22.4,0.0,13.0,26.6,15.13,Manakara,-22.145,48.017,5.0
2023-06-12,25.3,18.2,21.6,1.5,12.8,31.3,14.21,Manakara,-22.145,48.017,5.0
2023-06-13,28.0,19.9,23.1,0.0,11.7,27.4,15.78,Manakara,-22.145,48.017,5.0
2023-06-14,26.0,13.5,20.2,0.0,9.5,22.0,16.33,Manakara,-22.145,48.017,5.0
2023-06-15,27.7,17.0,21.9,0.0,16.1,33.5,16.09,Manakara,-22.145,48.017,5.0
2023-06-16,27.8,19.2,22.7,0.0,14.3,26.3,16.19,Manakara,-22.145,48.017,5.0
2023-06-17,25.3,16.4,21.1,3.1,21.3,42.8,14.11,Manakara,-22.145,48.017,5.0
2023-06-18,23.3,18.1,20.7,3.0,12.6,26.6,9.27,Manakara,-22.145,48.017,5.0
2023-06-19,24.0,17.7,20.8,0.1,9.9,23.8,11.97,Manakara,-22.145,48.017,5.0
2023-06-20,24.3,16.8,20.3,0.0,13.3,29.9,13.91,Manakara,-22.145,48.017,5.0
2023-06-21,25.0,15.3,20.2,0.0,10.5,24.5,14.37,Manakara,-22.145,48.017,5.0
2023-06-22,26.1,16.2,21.1,0.0,15.2,31.7,14.98,Manakara,-22.145,48.017,5.0
2023-06-23,23.0,17.5,20.3,1.5,21.6,40.7,9.98,Manakara,-22.145,48.017,5.0
2023-06-24,21.4,16.6,18.6,4.0,20.4,45.0,12.36,Manakara,-22.145,48.017,5.0
2023-06-25,21.6,14.4,17.7,1.0,11.8,26.6,13.49,Manakara,-22.145,48.017,5.0
2023-06-26,23.1,14.1,18.2,0.0,9.0,22.7,15.28,Manakara,-22.145,48.017,5.0
2023-06-27,24.9,12.7,19.1,0.0,9.3,25.9,15.02,Manakara,-22.145,48.017,5.0
2023-06-28,22.9,16.3,19.4,1.1,10.5,25.6,12.9,Manakara,-22.145,48.017,5.0
2023-06-29,22.7,16.8,19.2,2.3,9.2,23.4,10.69,Manakara,-22.145,48.017,5.0
2023-06-30,23.5,17.3,20.2,0.6,12.7,30.6,13.09,Manakara,-22.145,48.017,5.0
2023-07-01,24.9,17.0,20.4,0.4,10.1,22.0,14.32,Manakara,-22.145,48.017,5.0
2023-07-02,22.6,17.6,19.8,1.9,14.0,33.1,8.71,Manakara,-22.145,48.017,5.0
2023-07-03,24.4,17.3,20.3,2.7,12.2,27.7,13.55,Manakara,-22.145,48.017,5.0
2023-07-04,23.2,17.0,19.9,2.5,11.6,27.0,13.71,Manakara,-22.145,48.017,5.0
2023-07-05,25.0,15.5,20.2,0.0,17.8,36.7,15.0,Manakara,-22.145,48.017,5.0
2023-07-06,25.1,16.7,20.5,1.8,15.0,32.8,14.54,Manakara,-22.145,48.017,5.0
2023-07-07,22.4,17.8,19.5,5.1,14.3,26.6,9.27,Manakara,-22.145,48.017,5.0
2023-07-08,23.7,17.5,20.2,1.7,12.6,30.2,12.77,Manakara,-22.145,48.017,5.0
2023-07-09,24.0,18.3,21.1,1.5,14.6,32.4,13.85,Manakara,-22.145,48.017,5.0
2023-07-10,25.1,18.6,21.5,0.1,17.3,37.8,10.75,Manakara,-22.145,48.017,5.0
2023-07-11,26.8,18.4,21.9,0.0,16.2,33.8,15.88,Manakara,-22.145,48.017,5.0
2023-07-12,22.1,18.6,20.2,14.2,27.4,55.8,12.24,Manakara,-22.145,48.017,5.0
2023-07-13,21.8,16.0,18.8,2.6,15.8,33.8,12.14,Manakara,-22.145,48.017,5.0
2023-07-14,22.9,17.4,19.2,6.0,20.2,41.8,10.83,Manakara,-22.145,48.017,5.0
2023-07-15,22.6,15.6,18.9,2.2,14.0,31.3,13.32,Manakara,-22.145,48.017,5.0
2023-07-16,23.9,15.6,19.8,0.0,11.7,27.0,13.71,Manakara,-22.145,48.017,5.0
2023-07-17,24.8,18.4,21.4,0.3,13.7,30.6,13.97,Manakara,-22.145,48.017,5.0
2023-07-18,24.0,17.8,20.5,5.3,12.2,28.1,12.08,Manakara,-22.145,48.017,5.0
2023-07-19,24.6,17.0,20.7,1.1,13.4,31.3,13.77,Manakara,-22.145,48.017,5.0
2023-07-20,26.3,18.2,21.6,1.0,15.7,35.3,16.16,Manakara,-22.145,48.017,5.0
2023-07-21,23.1,18.3,20.3,7.1,21.0,43.9,11.89,Manakara,-22.145,48.017,5.0
2023-07-22,22.4,19.3,20.5,10.5,13.2,32.0,7.5,Manakara,-22.145,48.017,5.0
2023-07-23,24.1,17.1,20.7,0.4,13.7,29.9,13.85,Manakara,-22.145,48.017,5.0
2023-07-24,25.7,18.3,21.4,0.0,17.1,35.3,16.04,Manakara,-22.145,48.017,5.0
2023-07-25,26.4,18.0,21.6,0.4,19.9,45.4,16.89,Manakara,-22.145,48.017,5.0
2023-07-26,22.4,17.2,19.4,2.7,22.3,45.7,13.55,Manakara,-22.145,48.017,5.0
2023-07-27,21.2,15.6,18.1,1.5,11.9,24.8,11.87,Manakara,-22.145,48.017,5.0
2023-07-28,21.9,16.0,19.0,1.1,11.3,24.5,13.13,Manakara,-22.145,48.017,5.0
2023-07-29,23.0,16.9,19.6,1.0,12.3,26.6,14.14,Manakara,-22.145,48.017,5.0
2023-07-30,24.5,17.0,20.4,0.1,17.8,37.8,16.46,Manakara,-22.145,48.017,5.0
2023-07-31,25.8,17.4,21.1,0.0,19.7,40.7,17.38,Manakara,-22.145,48.017,5.0
2023-08-01,24.7,18.7,21.4,1.4,13.0,28.4,14.4,Manakara,-22.145,48.017,5.0
2023-08-02,22.2,17.9,19.6,26.9,22.5,43.6,9.32,Manakara,-22.145,48.017,5.0
2023-08-03,22.3,17.8,19.9,16.1,23.7,49.7,8.65,Manakara,-22.145,48.017,5.0
2023-08-04,23.3,17.7,20.3,6.1,15.1,33.5,12.87,Manakara,-22.145,48.017,5.0
2023-08-05,22.8,17.1,20.0,9.1,16.5,36.4,8.45,Manakara,-22.145,48.017,5.0
2023-08-06,22.6,17.1,19.6,3.5,10.0,25.9,13.05,Manakara,-22.145,48.017,5.0
2023-08-07,22.4,17.3,19.5,5.1,10.4,23.4,13.75,Manakara,-22.145,48.017,5.0
2023-08-08,22.9,16.1,19.5,5.6,12.6,29.5,13.06,Manakara,-22.145,48.017,5.0
2023-08-09,22.8,16.5,19.5,2.7,12.4,28.8,12.66,Manakara,-22.145,48.017,5.0
2023-08-10,24.3,15.5,20.1,0.9,15.1,28.1,15.99,Manakara,-22.145,48.017,5.0
2023-08-11,20.4,17.8,19.0,3.8,15.1,28.1,4.66,Manakara,-22.145,48.017,5.0
2023-08-12,25.7,17.2,21.2,0.0,18.9,39.6,18.3,Manakara,-22.145,48.017,5.0
2023-08-13,25.6,19.8,22.3,0.6,16.8,34.9,16.8,Manakara,-22.145,48.017,5.0
2023-08-14,24.4,20.5,21.8,5.0,12.5,31.0,10.8,Manakara,-22.145,48.017,5.0
2023-08-15,25.7,19.5,22.3,3.5,18.4,34.9,14.4,Manakara,-22.145,48.017,5.0
2023-08-16,26.3,19.1,22.4,0.5,23.7,47.2,18.6,Manakara,-22.145,48.017,5.0
2023-08-17,22.5,19.1,20.6,5.9,14.0,31.3,10.25,Manakara,-22.145,48.017,5.0
2023-08-18,23.8,17.4,21.2,0.1,16.8,34.9,13.15,Manakara,-22.145,48.017,5.0
2023-08-19,27.4,18.8,22.7,0.0,20.1,40.7,18.87,Manakara,-22.145,48.017,5.0
2023-08-20,25.3,20.0,22.3,1.8,12.0,28.4,12.25,Manakara,-22.145,48.017,5.0
2023-08-21,23.9,19.1,21.8,2.1,16.6,35.6,13.27,Manakara,-22.145,48.017,5.0
2023-08-22,25.9,18.8,22.3,0.8,20.8,41.8,18.52,Manakara,-22.145,48.017,5.0
2023-08-23,25.5,19.7,22.1,0.3,18.1,38.2,19.11,Manakara,-22.145,48.017,5.0
2023-08-24,24.7,18.8,21.5,0.4,10.4,28.8,18.25,Manakara,-22.145,48.017,5.0
2023-08-25,23.9,18.8,21.4,0.9,17.5,37.1,15.15,Manakara,-22.145,48.017,5.0
2023-08-26,25.5,20.1,22.5,0.6,18.5,40.7,18.34,Manakara,-22.145,48.017,5.0
2023-08-27,26.2,19.4,22.5,0.0,17.9,36.7,19.28,Manakara,-22.145,48.017,5.0
2023-08-28,21.1,19.3,20.2,16.1,22.3,44.6,5.1,Manakara,-22.145,48.017,5.0
2023-08-29,23.0,18.5,20.5,6.3,22.2,46.8,10.08,Manakara,-22.145,48.017,5.0
2023-08-30,22.2,16.6,19.6,2.3,16.8,34.2,11.82,Manakara,-22.145,48.017,5.0
2023-08-31,22.6,15.4,19.6,2.9,11.9,26.6,15.44,Manakara,-22.145,48.017,5.0
2023-09-01,24.0,17.8,20.8,1.8,17.1,36.0,18.66,Manakara,-22.145,48.017,5.0
2023-09-02,24.9,17.8,21.2,0.6,17.4,36.7,19.83,Manakara,-22.145,48.017,5.0
2023-09-03,24.7,19.0,21.4,1.9,16.5,34.6,19.18,Manakara,-22.145,48.017,5.0
2023-09-04,24.2,19.2,21.4,2.0,13.1,30.2,17.85,Manakara,-22.145,48.017,5.0
2023-09-05,25.6,17.7,21.4,0.3,16.4,36.4,21.19,Manakara,-22.145,48.017,5.0
2023-09-06,27.0,17.9,22.1,0.0,19.6,41.8,22.42,Manakara,-22.145,48.017,5.0
2023-09-07,26.0,19.9,22.5,0.7,13.9,30.6,18.19,Manakara,-22.145,48.017,5.0
2023-09-08,26.1,19.4,22.5,0.9,17.7,37.4,19.77,Manakara,-22.145,48.017,5.0
2023-09-09,25.9,19.1,22.2,0.0,20.3,43.2,20.52,Manakara,-22.145,48.017,5.0
2023-09-10,26.5,18.9,22.3,0.0,20.7,44.3,21.83,Manakara,-22.145,48.017,5.0
2023-09-11,25.7,18.6,22.1,0.0,20.8,43.6,20.09,Manakara,-22.145,48.017,5.0
2023-09-12,27.3,19.0,22.7,0.0,21.9,46.1,23.3,Manakara,-22.145,48.017,5.0
2023-09-13,26.2,18.6,22.4,0.1,14.8,35.3,22.81,Manakara,-22.145,48.017,5.0
2023-09-14,25.7,19.0,22.3,0.2,14.8,33.1,21.55,Manakara,-22.145,48.017,5.0
2023-09-15,24.8,18.8,21.8,1.5,15.2,34.2,19.92,Manakara,-22.145,48.017,5.0
2023-09-16,26.0,18.9,22.3,2.0,21.5,42.1,20.0,Manakara,-22.145,48.017,5.0
2023-09-17,27.3,19.0,22.8,0.0,21.1,45.0,23.76,Manakara,-22.145,48.017,5.0
2023-09-18,27.2,18.9,22.8,0.0,18.3,40.0,23.59,Manakara,-22.145,48.017,5.0
2023-09-19,25.8,19.6,22.6,0.9,17.3,39.6,21.38,Manakara,-22.145,48.017,5.0
2023-09-20,26.1,20.0,23.1,0.1,22.1,45.4,18.65,Manakara,-22.145,48.017,5.0
2023-09-21,27.8,19.6,23.5,0.0,22.4,48.2,21.99,Manakara,-22.145,48.017,5.0
2023-09-22,27.7,19.6,23.4,0.0,20.1,44.6,24.42,Manakara,-22.145,48.017,5.0
2023-09-23,26.6,19.3,23.1,1.5,16.9,37.1,21.44,Manakara,-22.145,48.017,5.0
2023-09-24,27.6,20.3,23.5,0.6,19.8,42.1,23.52,Manakara,-22.145,48.017,5.0
2023-09-25,28.8,19.6,23.6,0.0,24.2,50.8,24.04,Manakara,-22.145,48.017,5.0
2023-09-26,25.4,20.0,22.8,3.2,21.0,44.6,20.23,Manakara,-22.145,48.017,5.0
2023-09-27,27.4,19.8,23.2,0.7,19.8,43.6,23.44,Manakara,-22.145,48.017,5.0
2023-09-28,27.6,19.6,23.2,0.4,19.2,43.2,24.17,Manakara,-22.145,48.017,5.0
2023-09-29,26.9,19.6,23.3,1.0,21.4,45.0,21.75,Manakara,-22.145,48.017,5.0
2023-09-30,29.3,19.9,24.0,0.0,25.5,53.6,24.57,Manakara,-22.145,48.017,5.0
2023-10-01,29.6,21.1,24.7,0.0,25.6,54.4,24.63,Manakara,-22.145,48.017,5.0
2023-10-02,30.5,20.8,24.7,1.7,29.7,59.8,22.44,Manakara,-22.145,48.017,5.0
2023-10-03,23.2,19.1,21.1,5.4,20.8,42.5,10.79,Manakara,-22.145,48.017,5.0
2023-10-04,26.3,17.6,22.4,0.0,18.3,40.7,22.29,Manakara,-22.145,48.017,5.0
2023-10-05,25.4,20.2,22.7,1.2,19.4,40.7,16.93,Manakara,-22.145,48.017,5.0
2023-10-06,26.5,20.0,23.0,0.0,17.9,41.4,22.77,Manakara,-22.145,48.017,5.0
2023-10-07,26.5,18.9,22.5,0.2,22.1,46.4,18.27,Manakara,-22.145,48.017,5.0
2023-10-08,28.5,18.7,23.4,0.0,24.6,50.8,26.42,Manakara,-22.145,48.017,5.0
2023-10-09,29.5,19.8,24.3,0.0,22.1,47.5,26.03,Manakara,-22.145,48.017,5.0
2023-10-10,29.8,20.9,24.6,0.0,23.7,49.7,25.38,Manakara,-22.145,48.017,5.0
2023-10-11,28.2,20.3,24.2,0.0,16.9,39.2,24.89,Manakara,-22.145,48.017,5.0
2023-10-12,28.2,22.6,25.0,0.7,18.9,40.3,19.81,Manakara,-22.145,48.017,5.0
2023-10-13,28.4,22.9,25.2,1.5,23.4,49.3,16.33,Manakara,-22.145,48.017,5.0
2023-10-14,31.0,22.7,26.2,0.0,24.2,51.1,22.55,Manakara,-22.145,48.017,5.0
2023-10-15,31.5,23.6,26.9,1.5,20.2,44.3,23.88,Manakara,-22.145,48.017,5.0
2023-10-16,28.2,22.8,24.9,3.6,17.4,39.2,17.18,Manakara,-22.145,48.017,5.0
2023-10-17,26.7,22.8,24.7,11.6,13.9,32.0,12.63,Manakara,-22.145,48.017,5.0
2023-10-18,27.7,22.1,24.9,8.9,23.3,48.6,13.2,Manakara,-22.145,48.017,5.0
2023-10-19,30.2,22.2,25.1,10.6,17.5,36.7,20.57,Manakara,-22.145,48.017,5.0
2023-10-20,28.6,21.0,24.5,0.2,25.6,58.3,24.96,Manakara,-22.145,48.017,5.0
2023-10-21,25.7,21.0,23.5,1.6,15.8,34.9,15.02,Manakara,-22.145,48.017,5.0
2023-10-22,28.7,22.6,25.5,0.0,23.1,47.2,20.79,Manakara,-22.145,48.017,5.0
2023-10-23,30.7,23.2,26.1,0.0,25.3,48.6,23.19,Manakara,-22.145,48.017,5.0
2023-10-24,29.5,22.3,25.9,0.5,16.1,36.7,25.77,Manakara,-22.145,48.017,5.0
2023-10-25,29.7,22.9,26.1,15.8,18.5,39.2,23.44,Manakara,-22.145,48.017,5.0
2023-10-26,29.5,22.8,25.2,18.2,20.2,44.3,22.74,Manakara,-22.145,48.017,5.0
2023-10-27,25.4,21.9,23.5,3.8,17.6,34.2,13.15,Manakara,-22.145,48.017,5.0
2023-10-28,26.5,21.9,24.1,8.5,19.0,40.0,18.1,Manakara,-22.145,48.017,5.0
2023-10-29,28.7,22.5,25.4,1.3,19.9,42.8,23.81,Manakara,-22.145,48.017,5.0
2023-10-30,30.1,23.0,25.8,0.0,23.7,49.0,25.22,Manakara,-22.145,48.017,5.0
2023-10-31,29.1,23.0,25.6,0.4,21.9,46.8,24.68,Manakara,-22.145,48.017,5.0
2023-11-01,28.4,22.8,25.2,1.9,22.7,46.8,19.98,Manakara,-22.145,48.017,5.0
2023-11-02,31.7,22.5,26.2,10.0,28.5,52.9,25.36,Manakara,-22.145,48.017,5.0
2023-11-03,23.0,20.5,21.8,7.9,20.2,41.8,7.19,Manakara,-22.145,48.017,5.0
2023-11-04,23.7,19.7,21.6,5.9,12.2,25.2,7.32,Manakara,-22.145,48.017,5.0
2023-11-05,25.1,20.3,22.9,1.4,13.2,29.2,13.33,Manakara,-22.145,48.017,5.0
2023-11-06,25.7,22.0,23.9,1.4,19.4,40.7,13.87,Manakara,-22.145,48.017,5.0
2023-11-07,25.9,21.2,23.9,0.1,15.4,32.8,13.54,Manakara,-22.145,48.017,5.0
2023-11-08,26.7,19.9,23.7,0.2,15.8,34.6,16.12,Manakara,-22.145,48.017,5.0
2023-11-09,28.9,22.0,25.3,0.1,22.3,46.8,19.65,Manakara,-22.145,48.017,5.0
2023-11-10,28.5,22.4,24.7,9.0,23.3,43.2,22.0,Manakara,-22.145,48.017,5.0
2023-11-11,25.7,20.8,23.2,0.5,19.8,42.1,18.86,Manakara,-22.145,48.017,5.0
2023-11-12,26.3,21.5,23.8,0.0,14.3,31.0,20.74,Manakara,-22.145,48.017,5.0
2023-11-13,28.9,19.9,24.7,0.0,21.1,45.7,27.66,Manakara,-22.145,48.017,5.0
2023-11-14,28.2,21.3,24.6,5.1,14.4,33.8,20.64,Manakara,-22.145,48.017,5.0
2023-11-15,23.9,20.3,21.6,85.4,19.2,38.9,8.48,Manakara,-22.145,48.017,5.0
2023-11-16,24.0,19.9,21.8,11.3,17.1,35.3,10.64,Manakara,-22.145,48.017,5.0
2023-11-17,25.6,20.9,23.2,6.5,16.1,34.9,19.01,Manakara,-22.145,48.017,5.0
2023-11-18,27.1,21.4,24.2,3.1,19.4,41.0,21.14,Manakara,-22.145,48.017,5.0
2023-11-19,27.9,23.5,25.3,0.4,22.6,47.9,23.69,Manakara,-22.145,48.017,5.0
2023-11-20,28.1,23.0,25.2,0.0,21.6,47.2,25.45,Manakara,-22.145,48.017,5.0
2023-11-21,28.9,20.9,24.7,0.0,20.0,43.9,27.99,Manakara,-22.145,48.017,5.0
2023-11-22,28.9,21.0,25.1,0.1,21.0,45.4,27.94,Manakara,-22.145,48.017,5.0
2023-11-23,27.4,22.1,24.8,3.3,20.8,44.3,24.3,Manakara,-22.145,48.017,5.0
2023-11-24,27.9,22.2,24.9,0.8,15.9,36.7,27.07,Manakara,-22.145,48.017,5.0
2023-11-25,27.7,21.9,24.9,0.9,19.7,42.5,17.29,Manakara,-22.145,48.017,5.0
2023-11-26,28.5,23.4,25.7,0.6,20.6,43.2,18.33,Manakara,-22.145,48.017,5.0
2023-11-27,29.9,22.0,25.9,0.0,22.1,47.2,28.66,Manakara,-22.145,48.017,5.0
2023-11-28,29.9,23.8,26.5,0.2,26.4,53.6,25.79,Manakara,-22.145,48.017,5.0
2023-11-29,31.0,23.7,27.1,0.0,24.7,52.2,29.19,Manakara,-22.145,48.017,5.0
2023-11-30,31.3,22.8,27.0,27.0,16.5,38.5,22.0,Manakara,-22.145,48.017,5.0
2023-12-01,26.6,22.2,23.8,17.2,28.0,57.2,12.6,Manakara,-22.145,48.017,5.0
2023-12-02,23.9,20.5,22.3,6.0,21.8,44.6,10.59,Manakara,-22.145,48.017,5.0
2023-12-03,25.9,19.3,22.7,0.0,16.6,35.3,24.4,Manakara,-22.145,48.017,5.0
2023-12-04,27.0,19.6,23.6,0.0,18.1,38.9,29.18,Manakara,-22.145,48.017,5.0
2023-12-05,27.2,21.1,24.5,0.2,17.6,38.9,26.04,Manakara,-22.145,48.017,5.0
2023-12-06,28.2,22.0,25.3,0.0,18.8,40.0,27.13,Manakara,-22.145,48.017,5.0
2023-12-07,27.2,23.1,24.8,2.5,15.7,35.3,20.04,Manakara,-22.145,48.017,5.0
2023-12-08,27.6,21.7,24.9,0.8,15.9,34.9,27.19,Manakara,-22.145,48.017,5.0
2023-12-09,29.4,22.0,25.8,0.0,19.8,42.1,26.16,Manakara,-22.145,48.017,5.0
2023-12-10,28.7,23.1,26.2,3.2,16.0,37.1,24.14,Manakara,-22.145,48.017,5.0
2023-12-11,29.1,24.0,26.4,2.5,16.8,38.5,26.25,Manakara,-22.145,48.017,5.0
2023-12-12,29.5,24.1,26.6,1.4,20.5,44.3,26.66,Manakara,-22.145,48.017,5.0
2023-12-13,29.8,24.0,26.8,0.0,20.5,43.9,28.01,Manakara,-22.145,48.017,5.0
2023-12-14,29.9,24.1,26.7,1.3,17.4,38.9,28.0,Manakara,-22.145,48.017,5.0
2023-12-15,30.5,23.5,26.9,0.0,19.8,43.6,28.99,Manakara,-22.145,48.017,5.0
2023-12-16,30.7,23.8,27.3,0.5,23.8,49.0,28.27,Manakara,-22.145,48.017,5.0
2023-12-17,32.8,24.8,28.2,1.4,23.9,51.1,26.66,Manakara,-22.145,48.017,5.0
2023-12-18,29.1,24.3,26.4,0.9,21.9,46.1,22.82,Manakara,-22.145,48.017,5.0
2023-12-19,28.8,23.1,26.0,0.2,18.3,40.7,25.32,Manakara,-22.145,48.017,5.0
2023-12-20,28.8,23.5,26.4,0.5,18.1,40.0,23.57,Manakara,-22.145,48.017,5.0
2023-12-21,29.8,24.8,27.5,0.3,16.7,38.2,24.97,Manakara,-22.145,48.017,5.0
2023-12-22,30.8,23.5,27.4,3.7,16.5,37.4,25.69,Manakara,-22.145,48.017,5.0
2023-12-23,29.2,22.4,25.0,109.5,17.4,37.8,18.85,Manakara,-22.145,48.017,5.0
2023-12-24,27.6,22.0,24.7,1.5,24.3,50.8,24.89,Manakara,-22.145,48.017,5.0
2023-12-25,28.0,21.8,25.4,0.0,14.2,33.1,23.75,Manakara,-22.145,48.017,5.0
2023-12-26,30.2,24.0,27.1,0.1,20.9,43.9,27.2,Manakara,-22.145,48.017,5.0
2023-12-27,30.8,24.8,27.4,23.8,18.4,41.0,23.76,Manakara,-22.145,48.017,5.0
2023-12-28,30.3,23.8,26.2,28.3,15.0,31.7,23.27,Manakara,-22.145,48.017,5.0
2023-12-29,27.6,23.6,25.4,5.3,21.9,46.1,16.51,Manakara,-22.145,48.017,5.0
2023-12-30,26.5,24.0,25.2,23.8,18.9,36.4,9.39,Manakara,-22.145,48.017,5.0
2023-12-31,27.0,23.8,25.3,9.5,13.1,29.9,11.13,Manakara,-22.145,48.017,5.0
2024-01-01,28.1,23.6,25.6,9.4,14.2,34.6,16.11,Manakara,-22.145,48.017,5.0
2024-01-02,26.4,24.4,25.5,338.7,54.8,107.6,4.78,Manakara,-22.145,48.017,5.0
2024-01-03,30.1,23.5,26.2,55.2,35.4,73.8,22.96,Manakara,-22.145,48.017,5.0
2024-01-04,28.3,22.9,25.7,1.8,19.6,41.4,21.6,Manakara,-22.145,48.017,5.0
2024-01-05,27.9,24.1,25.9,7.4,17.1,36.7,15.29,Manakara,-22.145,48.017,5.0
2024-01-06,26.5,23.6,24.9,46.2,14.2,31.3,13.1,Manakara,-22.145,48.017,5.0
2024-01-07,28.2,24.3,25.7,10.3,17.4,36.7,13.43,Manakara,-22.145,48.017,5.0
2024-01-08,27.2,23.8,25.4,11.8,15.1,32.0,11.56,Manakara,-22.145,48.017,5.0
2024-01-09,26.8,23.8,25.1,19.1,12.1,27.4,7.55,Manakara,-22.145,48.017,5.0
2024-01-10,28.4,23.2,26.0,3.8,16.8,37.4,24.6,Manakara,-22.145,48.017,5.0
2024-01-11,29.2,22.9,26.5,1.2,17.9,38.2,27.81,Manakara,-22.145,48.017,5.0
2024-01-12,28.9,23.3,26.2,1.8,18.3,40.0,27.3,Manakara,-22.145,48.017,5.0
2024-01-13,29.0,22.9,26.2,0.1,18.1,40.0,26.63,Manakara,-22.145,48.017,5.0
2024-01-14,30.1,23.3,26.6,0.0,17.8,40.0,28.72,Manakara,-22.145,48.017,5.0
2024-01-15,31.3,22.8,27.1,1.9,18.3,39.2,29.55,Manakara,-22.145,48.017,5.0
2024-01-16,30.3,24.4,27.0,11.7,15.2,33.5,23.09,Manakara,-22.145,48.017,5.0
2024-01-17,29.9,23.9,26.4,6.4,15.7,36.7,22.15,Manakara,-22.145,48.017,5.0
2024-01-18,28.7,23.8,26.2,3.3,20.2,42.5,24.66,Manakara,-22.145,48.017,5.0
2024-01-19,29.1,22.8,26.1,2.8,15.0,34.6,27.06,Manakara,-22.145,48.017,5.0
2024-01-20,28.6,23.1,25.2,9.6,17.7,37.4,22.32,Manakara,-22.145,48.017,5.0
2024-01-21,28.5,22.7,25.7,3.2,15.6,34.6,21.08,Manakara,-22.145,48.017,5.0
2024-01-22,28.5,23.6,26.3,1.4,14.2,32.0,22.46,Manakara,-22.145,48.017,5.0
2024-01-23,29.1,24.5,26.7,4.1,21.6,43.9,23.53,Manakara,-22.145,48.017,5.0
2024-01-24,28.0,23.2,25.5,3.1,24.1,49.3,25.53,Manakara,-22.145,48.017,5.0
2024-01-25,27.9,21.5,24.1,3.1,20.4,45.0,23.22,Manakara,-22.145,48.017,5.0
2024-01-26,26.3,20.5,23.5,2.2,17.6,36.7,25.05,Manakara,-22.145,48.017,5.0
2024-01-27,28.1,20.9,24.8,0.0,14.6,33.5,24.84,Manakara,-22.145,48.017,5.0
2024-01-28,28.2,22.6,24.8,3.4,17.1,41.0,20.0,Manakara,-22.145,48.017,5.0
2024-01-29,28.4,23.2,25.5,8.0,19.1,41.0,26.42,Manakara,-22.145,48.017,5.0
2024-01-30,28.3,22.3,24.9,2.4,19.8,41.4,26.42,Manakara,-22.145,48.017,5.0
2024-01-31,27.6,21.6,24.3,11.0,19.7,40.3,19.25,Manakara,-22.145,48.017,5.0
2024-02-01,26.0,23.3,24.3,65.7,20.6,41.8,10.5,Manakara,-22.145,48.017,5.0
2024-02-02,26.1,23.5,24.6,25.1,18.7,39.2,12.85,Manakara,-22.145,48.017,5.0
2024-02-03,27.3,22.3,24.7,8.7,15.8,34.2,20.11,Manakara,-22.145,48.017,5.0
2024-02-04,28.3,22.6,25.5,1.9,18.9,41.0,20.99,Manakara,-22.145,48.017,5.0
2024-02-05,27.8,23.5,25.3,9.6,21.9,46.4,19.39,Manakara,-22.145,48.017,5.0
2024-02-06,28.8,23.5,25.9,2.2,22.8,47.9,22.29,Manakara,-22.145,48.017,5.0
2024-02-07,29.9,22.9,25.7,22.3,21.0,42.8,21.75,Manakara,-22.145,48.017,5.0
2024-02-08,28.2,22.8,24.9,30.9,19.7,40.3,16.29,Manakara,-22.145,48.017,5.0
2024-02-09,26.2,22.4,24.4,111.2,27.7,54.4,8.83,Manakara,-22.145,48.017,5.0
2024-02-10,29.2,24.1,26.2,8.0,20.9,43.2,23.22,Manakara,-22.145,48.017,5.0
2024-02-11,28.8,23.2,26.3,3.5,20.2,42.5,25.3,Manakara,-22.145,48.017,5.0
2024-02-12,28.7,23.7,26.2,2.2,16.9,37.4,24.83,Manakara,-22.145,48.017,5.0
2024-02-13,27.6,23.2,25.0,13.0,16.1,35.6,16.73,Manakara,-22.145,48.017,5.0
2024-02-14,27.5,23.2,24.5,13.8,10.4,27.4,11.29,Manakara,-22.145,48.017,5.0
2024-02-15,27.8,22.9,25.1,15.4,14.8,32.0,11.45,Manakara,-22.145,48.017,5.0
2024-02-16,27.5,23.9,25.3,6.5,12.5,28.4,9.62,Manakara,-22.145,48.017,5.0
2024-02-17,29.1,23.5,25.7,4.6,17.3,37.4,18.35,Manakara,-22.145,48.017,5.0
2024-02-18,27.5,23.4,25.2,24.0,20.3,44.3,9.53,Manakara,-22.145,48.017,5.0
2024-02-19,27.8,21.6,24.9,4.7,15.0,34.6,20.48,Manakara,-22.145,48.017,5.0
2024-02-20,28.2,22.0,24.9,1.0,15.5,35.3,25.21,Manakara,-22.145,48.017,5.0
2024-02-21,27.6,21.5,24.9,0.4,13.4,30.6,19.71,Manakara,-22.145,48.017,5.0
2024-02-22,29.1,23.2,25.8,1.2,14.2,32.0,24.61,Manakara,-22.145,48.017,5.0
2024-02-23,28.8,23.3,25.9,4.2,13.0,30.2,21.19,Manakara,-22.145,48.017,5.0
2024-02-24,28.5,23.1,25.6,2.9,16.8,36.0,23.16,Manakara,-22.145,48.017,5.0
2024-02-25,29.1,22.5,25.7,3.7,18.8,40.3,24.83,Manakara,-22.145,48.017,5.0
2024-02-26,27.5,23.8,25.5,25.1,13.4,32.4,13.59,Manakara,-22.145,48.017,5.0
2024-02-27,28.8,23.6,25.4,8.0,14.9,34.9,18.92,Manakara,-22.145,48.017,5.0
2024-02-28,28.6,23.2,25.1,17.3,15.6,34.9,16.67,Manakara,-22.145,48.017,5.0
2024-02-29,26.1,22.8,24.2,37.7,15.5,29.5,6.37,Manakara,-22.145,48.017,5.0
2024-03-01,26.9,21.7,24.3,2.8,7.7,16.9,9.91,Manakara,-22.145,48.017,5.0
2024-03-02,28.4,20.8,25.2,0.1,14.1,31.7,23.04,Manakara,-22.145,48.017,5.0
2024-03-03,27.9,21.1,24.7,0.2,13.0,31.7,21.97,Manakara,-22.145,48.017,5.0
2024-03-04,27.5,23.6,25.2,19.8,13.7,29.9,9.68,Manakara,-22.145,48.017,5.0
2024-03-05,28.9,23.8,26.0,18.8,21.6,48.6,13.0,Manakara,-22.145,48.017,5.0
2024-03-06,29.3,24.5,26.2,23.2,20.1,43.9,16.93,Manakara,-22.145,48.017,5.0
2024-03-07,27.8,23.8,25.3,42.4,18.9,39.2,11.07,Manakara,-22.145,48.017,5.0
2024-03-08,27.4,23.2,25.3,29.1,15.5,34.2,13.18,Manakara,-22.145,48.017,5.0
2024-03-09,28.8,23.2,25.7,1.8,17.3,37.8,18.27,Manakara,-22.145,48.017,5.0
2024-03-10,27.9,22.5,25.2,2.3,14.8,32.8,19.89,Manakara,-22.145,48.017,5.0
2024-03-11,28.3,22.7,25.5,1.4,11.5,28.1,20.85,Manakara,-22.145,48.017,5.0
2024-03-12,28.8,23.3,25.9,3.3,16.9,37.1,19.72,Manakara,-22.145,48.017,5.0
2024-03-13,28.5,24.2,26.2,3.2,19.9,42.1,21.72,Manakara,-22.145,48.017,5.0
2024-03-14,29.7,23.1,26.4,0.7,16.3,35.6,22.46,Manakara,-22.145,48.017,5.0
2024-03-15,29.7,23.9,26.4,1.7,15.7,34.2,21.88,Manakara,-22.145,48.017,5.0
2024-03-16,28.7,23.6,25.9,2.9,13.8,32.0,21.41,Manakara,-22.145,48.017,5.0
2024-03-17,29.0,23.7,26.2,1.1,17.9,39.2,22.52,Manakara,-22.145,48.017,5.0
2024-03-18,29.2,23.4,26.2,1.0,17.6,38.2,22.33,Manakara,-22.145,48.017,5.0
2024-03-19,29.5,23.7,26.5,1.4,19.3,40.3,22.19,Manakara,-22.145,48.017,5.0
2024-03-20,30.5,24.5,27.0,1.5,19.5,42.1,21.32,Manakara,-22.145,48.017,5.0
2024-03-21,29.8,22.9,25.8,11.9,15.6,34.6,18.47,Manakara,-22.145,48.017,5.0
2024-03-22,27.6,22.6,24.5,17.5,12.2,27.4,18.13,Manakara,-22.145,48.017,5.0
2024-03-23,24.9,21.7,23.2,12.3,17.2,37.8,12.25,Manakara,-22.145,48.017,5.0
2024-03-24,24.6,22.1,23.3,72.1,23.4,47.2,10.69,Manakara,-22.145,48.017,5.0
2024-03-25,26.5,23.3,24.7,18.1,24.2,50.0,17.84,Manakara,-22.145,48.017,5.0
2024-03-26,25.3,21.1,23.3,5.1,15.6,34.9,15.65,Manakara,-22.145,48.017,5.0
2024-03-27,27.4,19.9,23.8,0.5,12.3,27.4,18.98,Manakara,-22.145,48.017,5.0
2024-03-28,26.7,20.9,23.7,8.9,13.4,30.6,16.73,Manakara,-22.145,48.017,5.0
2024-03-29,26.8,22.0,24.0,10.5,14.5,30.2,12.4,Manakara,-22.145,48.017,5.0
2024-03-30,28.3,21.6,25.0,0.7,12.2,28.8,20.15,Manakara,-22.145,48.017,5.0
2024-03-31,27.5,22.0,24.4,20.8,16.3,34.6,17.1,Manakara,-22.145,48.017,5.0
2024-04-01,25.1,21.7,23.3,39.2,16.9,34.6,11.25,Manakara,-22.145,48.017,5.0
2024-04-02,25.1,21.9,23.3,43.8,17.6,39.6,11.55,Manakara,-22.145,48.017,5.0
2024-04-03,26.5,22.2,24.2,25.8,19.5,38.9,11.88,Manakara,-22.145,48.017,5.0
2024-04-04,27.9,21.2,24.5,1.2,11.4,28.1,21.61,Manakara,-22.145,48.017,5.0
2024-04-05,27.3,21.1,24.4,0.4,11.4,26.6,18.97,Manakara,-22.145,48.017,5.0
2024-04-06,28.3,21.5,25.1,0.0,15.4,34.2,20.21,Manakara,-22.145,48.017,5.0
2024-04-07,28.6,22.3,25.4,0.3,14.5,32.4,20.12,Manakara,-22.145,48.017,5.0
2024-04-08,27.9,23.2,24.8,5.6,10.4,25.2,15.25,Manakara,-22.145,48.017,5.0
2024-04-09,27.5,22.8,25.2,2.2,15.7,33.1,14.17,Manakara,-22.145,48.017,5.0
2024-04-10,30.9,23.7,26.8,0.0,19.9,42.1,21.03,Manakara,-22.145,48.017,5.0
2024-04-11,30.8,23.9,26.9,2.4,19.0,34.9,20.75,Manakara,-22.145,48.017,5.0
2024-04-12,24.7,22.8,23.9,42.5,17.9,32.4,3.94,Manakara,-22.145,48.017,5.0
2024-04-13,23.8,21.3,22.6,9.9,13.8,28.4,5.65,Manakara,-22.145,48.017,5.0
2024-04-14,23.8,21.9,22.8,10.2,15.1,30.6,4.73,Manakara,-22.145,48.017,5.0
2024-04-15,24.2,21.9,23.1,14.4,14.8,28.8,4.23,Manakara,-22.145,48.017,5.0
2024-04-16,24.9,21.8,23.2,6.7,15.5,30.6,7.46,Manakara,-22.145,48.017,5.0
2024-04-17,24.7,22.1,23.3,6.4,15.7,32.8,6.47,Manakara,-22.145,48.017,5.0
2024-04-18,25.5,20.8,23.2,4.2,14.2,29.9,14.98,Manakara,-22.145,48.017,5.0
2024-04-19,26.5,19.7,23.2,0.2,13.1,29.2,15.61,Manakara,-22.145,48.017,5.0
2024-04-20,29.1,21.8,24.7,0.1,16.7,35.3,18.38,Manakara,-22.145,48.017,5.0
2024-04-21,27.3,21.2,24.0,1.3,14.1,31.3,16.08,Manakara,-22.145,48.017,5.0
2024-04-22,27.3,22.0,24.5,1.8,11.6,27.4,15.62,Manakara,-22.145,48.017,5.0
2024-04-23,27.2,22.4,24.7,3.4,11.9,28.4,15.55,Manakara,-22.145,48.017,5.0
2024-04-24,27.2,21.6,24.1,2.5,13.4,28.4,12.84,Manakara,-22.145,48.017,5.0
2024-04-25,26.7,21.6,23.7,4.9,12.6,28.4,15.84,Manakara,-22.145,48.017,5.0
2024-04-26,26.9,21.7,24.1,0.8,13.3,29.5,15.77,Manakara,-22.145,48.017,5.0
2024-04-27,28.2,21.5,24.7,2.1,16.2,33.5,15.63,Manakara,-22.145,48.017,5.0
2024-04-28,25.3,21.3,23.1,7.4,19.6,40.3,15.08,Manakara,-22.145,48.017,5.0
2024-04-29,24.3,20.2,22.1,4.4,12.9,23.4,6.3,Manakara,-22.145,48.017,5.0
2024-04-30,26.4,21.2,23.5,9.2,15.0,32.0,10.72,Manakara,-22.145,48.017,5.0
2024-05-01,27.0,20.6,24.2,5.1,16.9,33.5,13.43,Manakara,-22.145,48.017,5.0
2024-05-02,28.2,21.2,24.2,0.2,13.2,29.2,15.82,Manakara,-22.145,48.017,5.0
2024-05-03,26.0,21.0,23.3,4.1,19.0,38.9,13.22,Manakara,-22.145,48.017,5.0
2024-05-04,24.5,20.6,22.1,10.6,19.1,41.4,6.98,Manakara,-22.145,48.017,5.0
2024-05-05,24.3,18.2,21.9,1.1,11.9,26.6,13.12,Manakara,-22.145,48.017,5.0
2024-05-06,25.9,18.8,22.5,0.0,11.5,26.3,16.4,Manakara,-22.145,48.017,5.0
2024-05-07,25.0,20.2,22.4,5.8,13.7,29.2,15.32,Manakara,-22.145,48.017,5.0
2024-05-08,23.8,20.2,21.9,5.2,10.5,25.9,12.11,Manakara,-22.145,48.017,5.0
2024-05-09,25.8,19.8,22.3,8.6,13.5,27.7,12.53,Manakara,-22.145,48.017,5.0
2024-05-10,25.2,19.7,22.3,1.2,11.4,27.0,15.51,Manakara,-22.145,48.017,5.0
2024-05-11,26.5,20.0,22.7,1.2,12.6,28.4,16.06,Manakara,-22.145,48.017,5.0
2024-05-12,26.9,19.1,22.9,0.5,12.4,27.4,15.87,Manakara,-22.145,48.017,5.0
2024-05-13,26.0,19.4,23.0,1.7,12.3,27.4,15.06,Manakara,-22.145,48.017,5.0
2024-05-14,25.7,20.3,22.6,5.2,11.7,25.2,13.0,Manakara,-22.145,48.017,5.0
2024-05-15,23.6,19.2,21.2,17.6,14.0,31.0,11.19,Manakara,-22.145,48.017,5.0
2024-05-16,24.9,19.6,22.0,4.5,15.5,32.8,13.32,Manakara,-22.145,48.017,5.0
2024-05-17,24.0,18.9,21.9,8.6,13.9,25.2,7.64,Manakara,-22.145,48.017,5.0
2024-05-18,26.2,20.1,23.0,0.7,13.2,29.9,14.46,Manakara,-22.145,48.017,5.0
2024-05-19,23.9,20.6,22.1,3.2,16.8,34.2,6.86,Manakara,-22.145,48.017,5.0
2024-05-20,22.5,19.8,21.1,12.4,18.4,38.5,5.49,Manakara,-22.145,48.017,5.0
2024-05-21,23.9,18.2,21.3,9.9,20.7,40.7,14.4,Manakara,-22.145,48.017,5.0
2024-05-22,24.3,18.9,21.8,4.6,24.6,50.0,13.62,Manakara,-22.145,48.017,5.0
2024-05-23,24.1,17.7,21.0,1.8,15.8,33.8,12.21,Manakara,-22.145,48.017,5.0
2024-05-24,23.6,17.4,20.4,6.5,11.8,26.6,10.91,Manakara,-22.145,48.017,5.0
2024-05-25,23.9,17.9,20.7,1.1,9.8,23.4,15.22,Manakara,-22.145,48.017,5.0
2024-05-26,25.2,18.1,21.3,0.2,11.5,27.0,15.09,Manakara,-22.145,48.017,5.0
2024-05-27,24.4,17.8,21.0,0.1,9.7,24.5,14.87,Manakara,-22.145,48.017,5.0
2024-05-28,23.7,18.5,20.7,2.2,11.6,25.2,13.62,Manakara,-22.145,48.017,5.0
2024-05-29,23.5,18.0,20.8,2.2,12.1,26.6,12.42,Manakara,-22.145,48.017,5.0
2024-05-30,25.7,18.5,21.7,0.0,11.6,20.2,16.0,Manakara,-22.145,48.017,5.0
2024-05-31,24.5,16.7,20.8,0.0,11.0,25.9,14.57,Manakara,-22.145,48.017,5.0
2024-06-01,24.5,18.0,21.6,0.6,11.4,25.2,12.02,Manakara,-22.145,48.017,5.0
2024-06-02,25.6,19.8,22.4,1.0,7.7,20.5,13.26,Manakara,-22.145,48.017,5.0
2024-06-03,25.7,17.7,21.7,0.0,11.7,25.6,15.31,Manakara,-22.145,48.017,5.0
2024-06-04,24.5,18.3,21.5,0.3,11.5,25.2,14.22,Manakara,-22.145,48.017,5.0
2024-06-05,25.2,18.2,21.7,0.5,11.7,24.8,14.44,Manakara,-22.145,48.017,5.0
2024-06-06,24.9,18.6,21.8,0.8,11.3,28.4,13.07,Manakara,-22.145,48.017,5.0
2024-06-07,25.3,18.9,22.0,0.3,14.8,31.3,13.79,Manakara,-22.145,48.017,5.0
2024-06-08,27.0,19.1,22.3,3.0,17.4,34.2,15.83,Manakara,-22.145,48.017,5.0
2024-06-09,20.8,17.9,19.4,12.5,21.1,40.7,4.0,Manakara,-22.145,48.017,5.0
2024-06-10,19.6,16.6,17.9,17.6,16.6,31.7,3.49,Manakara,-22.145,48.017,5.0
2024-06-11,21.3,16.5,18.7,9.2,25.7,51.5,6.91,Manakara,-22.145,48.017,5.0
2024-06-12,22.2,17.8,19.9,3.6,24.9,46.1,5.43,Manakara,-22.145,48.017,5.0
2024-06-13,24.6,18.7,20.9,6.9,15.4,31.7,9.92,Manakara,-22.145,48.017,5.0
2024-06-14,25.6,18.4,21.3,0.3,11.8,24.1,15.4,Manakara,-22.145,48.017,5.0
2024-06-15,25.1,17.4,20.9,0.2,15.6,33.1,14.29,Manakara,-22.145,48.017,5.0
2024-06-16,23.8,18.7,21.2,0.6,14.3,30.2,11.91,Manakara,-22.145,48.017,5.0
2024-06-17,23.1,18.2,20.9,1.6,12.5,27.4,12.71,Manakara,-22.145,48.017,5.0
2024-06-18,23.9,19.3,21.5,1.9,12.3,28.1,8.66,Manakara,-22.145,48.017,5.0
2024-06-19,24.3,18.6,21.6,0.7,13.2,28.1,12.78,Manakara,-22.145,48.017,5.0
2024-06-20,24.9,18.5,21.5,0.2,14.9,31.7,13.02,Manakara,-22.145,48.017,5.0
2024-06-21,23.6,17.1,20.5,1.2,10.5,20.5,13.69,Manakara,-22.145,48.017,5.0
2024-06-22,22.7,17.6,19.7,5.5,12.9,25.9,12.54,Manakara,-22.145,48.017,5.0
2024-06-23,22.4,17.2,19.1,5.4,14.1,29.5,8.81,Manakara,-22.145,48.017,5.0
2024-06-24,23.5,17.5,19.7,4.3,19.7,40.0,13.28,Manakara,-22.145,48.017,5.0
2024-06-25,22.8,16.4,19.3,7.8,13.8,31.0,10.77,Manakara,-22.145,48.017,5.0
2024-06-26,23.9,17.6,20.2,4.4,11.2,25.6,14.66,Manakara,-22.145,48.017,5.0
2024-06-27,22.3,17.6,20.0,1.2,13.8,30.2,11.15,Manakara,-22.145,48.017,5.0
2024-06-28,22.1,15.8,19.2,0.4,12.9,25.9,12.64,Manakara,-22.145,48.017,5.0
2024-06-29,23.6,15.1,19.1,0.0,9.3,18.7,15.81,Manakara,-22.145,48.017,5.0
2024-06-30,23.5,15.2,19.1,0.0,12.0,26.6,15.26,Manakara,-22.145,48.017,5.0
2024-07-01,24.0,15.4,19.2,0.0,8.0,20.2,15.93,Manakara,-22.145,48.017,5.0
2024-07-02,23.5,15.0,18.9,0.8,13.0,28.4,14.27,Manakara,-22.145,48.017,5.0
2024-07-03,23.1,16.6,19.6,1.2,10.8,25.2,14.22,Manakara,-22.145,48.017,5.0
2024-07-04,24.9,16.8,20.4,0.1,17.5,36.4,13.38,Manakara,-22.145,48.017,5.0
2024-07-05,26.2,17.5,21.1,0.0,13.0,26.6,16.07,Manakara,-22.145,48.017,5.0
2024-07-06,24.6,15.6,20.4,0.0,15.5,28.8,16.1,Manakara,-22.145,48.017,5.0
2024-07-07,25.1,15.9,20.6,0.0,14.8,28.8,16.64,Manakara,-22.145,48.017,5.0
2024-07-08,23.6,16.3,20.0,0.9,10.6,24.8,13.13,Manakara,-22.145,48.017,5.0
2024-07-09,25.5,17.3,20.7,0.0,15.8,33.8,16.58,Manakara,-22.145,48.017,5.0
2024-07-10,24.5,17.1,20.6,1.1,13.7,30.2,12.28,Manakara,-22.145,48.017,5.0
2024-07-11,24.4,16.1,20.4,0.0,14.5,30.6,14.83,Manakara,-22.145,48.017,5.0
2024-07-12,24.4,16.6,20.2,0.0,12.3,28.8,15.46,Manakara,-22.145,48.017,5.0
2024-07-13,24.2,17.4,20.5,1.9,15.8,34.2,10.82,Manakara,-22.145,48.017,5.0
2024-07-14,23.8,17.2,20.4,0.8,16.8,34.6,13.36,Manakara,-22.145,48.017,5.0
2024-07-15,25.8,16.9,20.7,0.0,18.0,38.2,16.24,Manakara,-22.145,48.017,5.0
2024-07-16,26.4,16.7,21.0,0.0,18.0,36.4,16.88,Manakara,-22.145,48.017,5.0
2024-07-17,26.9,17.6,21.4,0.0,17.2,36.0,16.99,Manakara,-22.145,48.017,5.0
2024-07-18,25.6,16.6,20.9,0.0,12.2,29.2,16.62,Manakara,-22.145,48.017,5.0
2024-07-19,25.5,17.8,20.9,0.0,14.6,32.0,15.68,Manakara,-22.145,48.017,5.0
2024-07-20,27.1,17.4,21.5,0.0,17.2,35.6,17.27,Manakara,-22.145,48.017,5.0
2024-07-21,27.0,16.5,21.4,0.0,16.7,34.9,17.16,Manakara,-22.145,48.017,5.0
2024-07-22,26.2,17.2,21.3,0.0,16.9,36.7,17.29,Manakara,-22.145,48.017,5.0
2024-07-23,24.6,17.8,20.6,1.3,13.9,31.0,13.8,Manakara,-22.145,48.017,5.0
2024-07-24,24.1,16.6,20.3,0.0,12.1,29.2,16.14,Manakara,-22.145,48.017,5.0
2024-07-25,27.6,18.3,22.1,0.0,17.7,35.6,17.27,Manakara,-22.145,48.017,5.0
2024-07-26,27.3,16.0,21.8,1.6,17.7,34.2,17.7,Manakara,-22.145,48.017,5.0
2024-07-27,24.1,17.9,20.8,1.7,12.5,28.4,15.27,Manakara,-22.145,48.017,5.0
2024-07-28,26.9,17.9,21.8,0.2,20.5,42.8,16.47,Manakara,-22.145,48.017,5.0
2024-07-29,28.1,18.3,22.4,0.0,17.3,37.8,17.46,Manakara,-22.145,48.017,5.0
2024-07-30,26.1,17.2,21.4,0.4,13.7,28.4,16.45,Manakara,-22.145,48.017,5.0
2024-07-31,25.5,17.8,21.0,0.6,16.8,36.0,16.8,Manakara,-22.145,48.017,5.0
2024-08-01,23.6,17.8,20.6,1.3,15.0,34.2,13.69,Manakara,-22.145,48.017,5.0
2024-08-02,23.9,17.4,20.3,1.3,11.3,27.7,14.84,Manakara,-22.145,48.017,5.0
2024-08-03,25.1,16.1,20.4,0.0,15.3,33.1,17.91,Manakara,-22.145,48.017,5.0
2024-08-04,26.2,16.3,21.0,0.0,18.3,39.6,17.61,Manakara,-22.145,48.017,5.0
2024-08-05,27.1,17.5,21.5,0.0,20.2,43.2,18.89,Manakara,-22.145,48.017,5.0
2024-08-06,27.7,17.3,22.0,0.2,17.0,36.7,18.44,Manakara,-22.145,48.017,5.0
2024-08-07,24.0,19.1,21.4,3.8,10.1,23.0,12.22,Manakara,-22.145,48.017,5.0
2024-08-08,23.8,18.3,21.2,1.4,13.6,31.0,13.98,Manakara,-22.145,48.017,5.0
2024-08-09,24.9,18.8,21.6,1.2,15.8,34.6,16.87,Manakara,-22.145,48.017,5.0
2024-08-10,25.4,18.2,21.6,0.4,13.7,29.5,17.82,Manakara,-22.145,48.017,5.0
2024-08-11,24.8,18.7,21.4,0.2,17.0,38.9,16.89,Manakara,-22.145,48.017,5.0
2024-08-12,27.3,18.7,22.4,0.0,20.9,43.9,18.21,Manakara,-22.145,48.017,5.0
2024-08-13,27.1,17.9,22.1,0.0,16.7,34.6,19.35,Manakara,-22.145,48.017,5.0
2024-08-14,27.2,18.9,22.1,0.0,24.8,50.0,15.93,Manakara,-22.145,48.017,5.0
2024-08-15,27.1,18.2,22.3,0.1,16.0,36.7,19.07,Manakara,-22.145,48.017,5.0
2024-08-16,23.0,18.5,20.7,3.3,20.5,43.9,13.1,Manakara,-22.145,48.017,5.0
2024-08-17,24.3,18.5,21.4,0.1,17.7,37.1,11.44,Manakara,-22.145,48.017,5.0
2024-08-18,23.7,17.2,20.2,6.3,16.6,35.6,12.98,Manakara,-22.145,48.017,5.0
2024-08-19,23.5,17.8,20.6,11.0,17.7,37.4,12.98,Manakara,-22.145,48.017,5.0
2024-08-20,22.5,16.9,19.9,2.7,18.6,39.6,14.75,Manakara,-22.145,48.017,5.0
2024-08-21,22.7,16.1,19.2,3.6,19.8,42.5,15.5,Manakara,-22.145,48.017,5.0
2024-08-22,25.0,16.0,20.2,0.3,19.4,38.9,18.11,Manakara,-22.145,48.017,5.0
2024-08-23,26.5,16.2,20.9,1.8,21.6,40.3,20.85,Manakara,-22.145,48.017,5.0
2024-08-24,21.5,16.8,19.4,8.8,23.8,48.6,10.66,Manakara,-22.145,48.017,5.0
2024-08-25,22.5,16.6,19.4,0.0,12.6,29.9,16.67,Manakara,-22.145,48.017,5.0
2024-08-26,23.4,17.0,20.1,0.2,19.7,41.8,16.33,Manakara,-22.145,48.017,5.0
2024-08-27,23.6,17.5,20.7,1.2,20.7,43.9,14.17,Manakara,-22.145,48.017,5.0
2024-08-28,25.1,18.1,21.4,0.4,22.3,46.1,17.2,Manakara,-22.145,48.017,5.0
2024-08-29,25.6,18.4,21.7,0.1,21.5,46.1,18.82,Manakara,-22.145,48.017,5.0
2024-08-30,24.6,19.1,21.5,1.3,16.4,38.2,11.7,Manakara,-22.145,48.017,5.0
2024-08-31,24.3,19.0,21.2,3.8,17.9,37.8,15.85,Manakara,-22.145,48.017,5.0
2024-09-01,21.7,17.4,19.4,9.8,12.3,27.0,7.74,Manakara,-22.145,48.017,5.0
2024-09-02,23.0,16.8,19.6,3.0,13.3,29.9,16.73,Manakara,-22.145,48.017,5.0
2024-09-03,23.2,17.0,19.8,6.3,14.8,30.2,15.13,Manakara,-22.145,48.017,5.0
2024-09-04,21.2,17.7,19.4,16.7,14.0,25.9,6.49,Manakara,-22.145,48.017,5.0
2024-09-05,24.0,17.9,20.9,0.7,13.3,30.6,16.93,Manakara,-22.145,48.017,5.0
2024-09-06,24.5,18.2,21.5,0.9,14.5,31.3,15.83,Manakara,-22.145,48.017,5.0
2024-09-07,26.1,18.4,22.1,0.0,18.2,38.5,21.11,Manakara,-22.145,48.017,5.0
2024-09-08,25.8,19.7,22.5,0.5,20.5,43.2,18.54,Manakara,-22.145,48.017,5.0
2024-09-09,27.3,19.2,22.7,0.0,20.5,42.8,22.66,Manakara,-22.145,48.017,5.0
2024-09-10,26.4,18.3,22.5,0.1,20.1,42.5,20.65,Manakara,-22.145,48.017,5.0
2024-09-11,26.0,20.4,22.9,0.3,17.3,36.7,17.08,Manakara,-22.145,48.017,5.0
2024-09-12,25.7,19.0,22.2,3.0,20.9,43.9,17.36,Manakara,-22.145,48.017,5.0
2024-09-13,22.8,19.9,21.4,2.1,16.4,35.6,8.87,Manakara,-22.145,48.017,5.0
2024-09-14,22.7,18.9,21.0,2.6,18.7,39.2,12.45,Manakara,-22.145,48.017,5.0
2024-09-15,25.4,19.3,22.1,0.3,23.0,46.1,15.8,Manakara,-22.145,48.017,5.0
2024-09-16,27.0,18.6,22.4,0.0,23.8,49.7,23.37,Manakara,-22.145,48.017,5.0
2024-09-17,27.7,18.0,22.5,0.0,19.4,41.4,23.67,Manakara,-22.145,48.017,5.0
2024-09-18,25.8,19.3,22.5,0.3,18.9,40.7,17.43,Manakara,-22.145,48.017,5.0
2024-09-19,27.8,19.6,23.1,0.0,22.7,49.0,23.34,Manakara,-22.145,48.017,5.0
2024-09-20,27.9,20.0,23.4,0.0,21.6,46.8,21.41,Manakara,-22.145,48.017,5.0
2024-09-21,28.4,20.0,23.4,0.0,23.2,49.0,22.49,Manakara,-22.145,48.017,5.0
2024-09-22,28.6,19.2,23.5,0.0,23.4,50.0,24.07,Manakara,-22.145,48.017,5.0
2024-09-23,22.2,19.3,20.7,42.3,22.8,43.6,5.0,Manakara,-22.145,48.017,5.0
2024-09-24,22.2,17.2,19.8,36.7,22.5,42.8,8.72,Manakara,-22.145,48.017,5.0
2024-09-25,26.2,19.1,22.5,0.6,22.0,46.1,21.09,Manakara,-22.145,48.017,5.0
2024-09-26,25.8,20.8,23.0,0.8,20.9,44.3,20.93,Manakara,-22.145,48.017,5.0
2024-09-27,27.1,19.6,23.2,0.0,24.6,50.0,24.63,Manakara,-22.145,48.017,5.0
2024-09-28,27.8,20.0,23.6,0.0,24.4,50.8,24.67,Manakara,-22.145,48.017,5.0
2024-09-29,28.0,19.9,23.9,0.0,23.8,48.6,23.95,Manakara,-22.145,48.017,5.0
2024-09-30,28.1,21.3,24.1,0.0,25.7,53.6,24.63,Manakara,-22.145,48.017,5.0
2024-10-01,26.8,21.4,23.9,0.5,26.5,54.7,18.61,Manakara,-22.145,48.017,5.0
2024-10-02,27.4,20.5,23.5,3.4,20.9,38.5,23.38,Manakara,-22.145,48.017,5.0
2024-10-03,21.2,18.6,20.2,32.2,26.9,49.7,5.86,Manakara,-22.145,48.017,5.0
2024-10-04,22.7,16.8,19.5,4.3,24.2,49.0,16.82,Manakara,-22.145,48.017,5.0
2024-10-05,23.1,16.3,19.4,2.0,14.3,32.0,20.45,Manakara,-22.145,48.017,5.0
2024-10-06,23.8,16.2,20.4,0.0,11.8,27.4,19.54,Manakara,-22.145,48.017,5.0
2024-10-07,25.2,18.5,22.1,0.1,21.1,39.6,18.56,Manakara,-22.145,48.017,5.0
2024-10-08,27.9,19.7,23.1,0.0,19.5,43.2,24.72,Manakara,-22.145,48.017,5.0
2024-10-09,25.8,19.2,22.6,1.8,15.0,33.8,23.42,Manakara,-22.145,48.017,5.0
2024-10-10,26.1,18.8,22.5,1.7,21.5,45.7,23.58,Manakara,-22.145,48.017,5.0
2024-10-11,24.8,18.6,22.1,0.9,20.1,43.2,22.9,Manakara,-22.145,48.017,5.0
2024-10-12,25.9,18.4,22.3,1.4,17.4,38.9,21.38,Manakara,-22.145,48.017,5.0
2024-10-13,25.6,19.7,22.4,1.3,18.1,38.5,18.62,Manakara,-22.145,48.017,5.0
2024-10-14,24.8,19.4,22.2,2.8,22.4,45.4,20.21,Manakara,-22.145,48.017,5.0
2024-10-15,28.9,19.8,24.0,0.0,19.6,42.1,24.84,Manakara,-22.145,48.017,5.0
2024-10-16,27.7,20.3,23.2,4.5,27.5,56.2,23.4,Manakara,-22.145,48.017,5.0
2024-10-17,22.0,18.4,20.4,4.2,18.6,37.8,9.68,Manakara,-22.145,48.017,5.0
2024-10-18,24.6,19.1,21.9,2.4,15.7,35.3,14.1,Manakara,-22.145,48.017,5.0
2024-10-19,26.3,20.9,23.7,5.9,20.6,43.2,17.29,Manakara,-22.145,48.017,5.0
2024-10-20,27.3,21.3,24.1,1.1,22.5,47.2,18.49,Manakara,-22.145,48.017,5.0
2024-10-21,27.0,22.1,24.2,1.1,17.4,37.8,23.79,Manakara,-22.145,48.017,5.0
2024-10-22,26.1,20.3,23.1,4.7,19.3,42.8,22.53,Manakara,-22.145,48.017,5.0
2024-10-23,25.2,18.8,22.7,2.1,18.5,41.4,22.69,Manakara,-22.145,48.017,5.0
2024-10-24,26.0,19.7,23.1,1.2,19.7,42.5,24.22,Manakara,-22.145,48.017,5.0
2024-10-25,27.6,20.5,23.9,0.0,24.6,50.0,22.15,Manakara,-22.145,48.017,5.0
2024-10-26,28.8,21.4,25.0,0.0,22.9,49.0,23.18,Manakara,-22.145,48.017,5.0
2024-10-27,28.6,22.9,25.4,1.3,19.4,43.9,19.26,Manakara,-22.145,48.017,5.0
2024-10-28,28.6,24.0,25.8,0.4,21.3,46.8,22.87,Manakara,-22.145,48.017,5.0
2024-10-29,29.2,23.3,25.8,0.3,23.8,49.7,24.19,Manakara,-22.145,48.017,5.0
2024-10-30,28.4,22.9,25.3,0.5,23.9,50.8,24.32,Manakara,-22.145,48.017,5.0
2024-10-31,27.6,22.7,25.1,0.9,22.0,45.0,20.93,Manakara,-22.145,48.017,5.0
2024-11-01,29.0,22.6,25.3,0.0,22.3,47.5,24.14,Manakara,-22.145,48.017,5.0
2024-11-02,28.3,22.9,25.2,1.5,23.8,50.4,21.16,Manakara,-22.145,48.017,5.0
2024-11-03,27.2,22.8,24.9,0.8,17.1,37.4,14.88,Manakara,-22.145,48.017,5.0
2024-11-04,27.8,22.9,25.2,2.7,17.1,38.9,23.72,Manakara,-22.145,48.017,5.0
2024-11-05,27.8,23.2,25.1,2.3,20.7,45.4,22.01,Manakara,-22.145,48.017,5.0
2024-11-06,28.5,21.5,25.0,0.7,20.2,43.6,27.3,Manakara,-22.145,48.017,5.0
2024-11-07,27.8,22.0,24.7,1.0,18.2,40.3,24.71,Manakara,-22.145,48.017,5.0
2024-11-08,28.3,22.4,25.1,0.4,21.3,46.4,25.67,Manakara,-22.145,48.017,5.0
2024-11-09,29.8,21.6,25.5,0.0,27.0,58.3,27.57,Manakara,-22.145,48.017,5.0
2024-11-10,30.0,23.2,26.3,0.0,26.3,56.5,25.74,Manakara,-22.145,48.017,5.0
2024-11-11,30.9,24.5,27.0,0.1,25.9,54.7,23.82,Manakara,-22.145,48.017,5.0
2024-11-12,31.3,24.3,27.0,0.1,22.5,49.0,25.39,Manakara,-22.145,48.017,5.0
2024-11-13,30.0,23.5,26.5,0.0,23.3,49.3,26.24,Manakara,-22.145,48.017,5.0
2024-11-14,30.2,23.4,26.4,0.0,22.8,49.3,27.08,Manakara,-22.145,48.017,5.0
2024-11-15,28.8,22.6,25.7,1.1,20.6,44.6,22.51,Manakara,-22.145,48.017,5.0
2024-11-16,29.5,22.3,26.0,0.0,23.3,49.7,25.06,Manakara,-22.145,48.017,5.0
2024-11-17,29.6,22.6,26.1,0.0,24.5,50.8,26.49,Manakara,-22.145,48.017,5.0
2024-11-18,29.6,23.4,26.4,0.3,23.8,51.8,25.64,Manakara,-22.145,48.017,5.0
2024-11-19,29.5,22.3,26.0,0.4,18.6,42.1,25.24,Manakara,-22.145,48.017,5.0
2024-11-20,28.4,21.5,25.0,0.3,15.1,36.7,25.44,Manakara,-22.145,48.017,5.0
2024-11-21,27.7,21.2,24.3,4.1,15.2,34.6,16.06,Manakara,-22.145,48.017,5.0
2024-11-22,28.6,22.4,25.5,1.9,13.9,33.1,24.27,Manakara,-22.145,48.017,5.0
2024-11-23,29.9,22.3,26.2,0.0,16.8,38.5,23.8,Manakara,-22.145,48.017,5.0
2024-11-24,31.1,23.8,27.0,1.9,19.0,42.1,23.47,Manakara,-22.145,48.017,5.0
2024-11-25,29.7,23.2,26.5,2.1,19.3,42.8,26.51,Manakara,-22.145,48.017,5.0
2024-11-26,30.5,23.7,26.8,1.8,24.0,50.8,25.93,Manakara,-22.145,48.017,5.0
2024-11-27,29.4,23.9,26.8,0.6,23.2,48.6,26.49,Manakara,-22.145,48.017,5.0
2024-11-28,30.3,23.2,26.8,0.8,28.3,57.6,26.48,Manakara,-22.145,48.017,5.0
2024-11-29,31.9,24.2,27.2,12.9,27.7,56.9,21.96,Manakara,-22.145,48.017,5.0
2024-11-30,24.3,21.0,22.6,42.3,28.8,54.4,8.31,Manakara,-22.145,48.017,5.0
2024-12-01,24.5,20.6,22.2,26.5,16.8,33.1,7.61,Manakara,-22.145,48.017,5.0
2024-12-02,27.0,21.3,24.1,2.1,16.8,36.4,21.41,Manakara,-22.145,48.017,5.0
2024-12-03,27.7,22.2,25.0,10.0,20.4,42.8,21.89,Manakara,-22.145,48.017,5.0
2024-12-04,29.0,23.2,26.0,1.2,21.8,45.4,24.77,Manakara,-22.145,48.017,5.0
2024-12-05,29.6,22.8,26.0,0.0,21.0,43.9,24.19,Manakara,-22.145,48.017,5.0
2024-12-06,29.6,23.2,26.1,0.0,24.5,50.8,27.51,Manakara,-22.145,48.017,5.0
2024-12-07,29.3,22.4,25.8,0.0,23.2,48.6,27.33,Manakara,-22.145,48.017,5.0
2024-12-08,29.9,21.9,25.8,0.0,17.0,37.8,30.2,Manakara,-22.145,48.017,5.0
2024-12-09,29.1,22.3,25.9,0.5,16.7,37.1,26.92,Manakara,-22.145,48.017,5.0
2024-12-10,27.6,22.8,25.4,1.7,16.7,37.4,23.3,Manakara,-22.145,48.017,5.0
2024-12-11,28.5,22.6,25.6,3.6,19.7,42.5,25.65,Manakara,-22.145,48.017,5.0
2024-12-12,29.4,22.9,26.4,0.2,24.6,51.5,27.67,Manakara,-22.145,48.017,5.0
2024-12-13,30.0,23.4,26.8,0.7,26.7,54.7,25.91,Manakara,-22.145,48.017,5.0
2024-12-14,30.4,23.7,26.9,0.1,26.1,54.4,26.57,Manakara,-22.145,48.017,5.0
2024-12-15,29.9,22.7,26.4,0.9,23.8,51.1,28.09,Manakara,-22.145,48.017,5.0
2024-12-16,30.2,22.3,26.4,0.0,24.7,52.6,29.53,Manakara,-22.145,48.017,5.0
2024-12-17,30.9,22.1,26.5,0.0,25.1,52.9,30.15,Manakara,-22.145,48.017,5.0
2024-12-18,31.1,23.3,26.9,0.0,24.9,53.3,28.68,Manakara,-22.145,48.017,5.0
2024-12-19,30.8,22.6,26.9,0.0,27.1,56.5,28.16,Manakara,-22.145,48.017,5.0
2024-12-20,31.6,23.4,27.4,0.0,26.2,56.2,29.62,Manakara,-22.145,48.017,5.0
2024-12-21,29.9,23.8,27.1,0.6,20.4,45.0,27.04,Manakara,-22.145,48.017,5.0
2024-12-22,30.7,24.2,27.2,0.0,25.6,53.3,27.65,Manakara,-22.145,48.017,5.0
2024-12-23,30.2,23.4,27.1,0.0,26.5,55.1,25.29,Manakara,-22.145,48.017,5.0
2024-12-24,31.9,24.6,27.9,0.1,26.3,55.8,27.6,Manakara,-22.145,48.017,5.0
2024-12-25,31.2,24.3,27.9,1.9,20.3,46.1,26.6,Manakara,-22.145,48.017,5.0
2024-12-26,28.9,23.7,25.7,7.3,14.9,35.3,17.78,Manakara,-22.145,48.017,5.0
2024-12-27,29.2,23.4,26.3,2.1,20.9,44.3,24.06,Manakara,-22.145,48.017,5.0
2024-12-28,30.1,24.2,26.9,0.7,21.6,46.8,26.26,Manakara,-22.145,48.017,5.0
2024-12-29,29.0,23.0,26.0,2.7,19.9,42.8,25.53,Manakara,-22.145,48.017,5.0
2024-12-30,29.4,22.3,26.1,2.0,17.4,38.2,27.27,Manakara,-22.145,48.017,5.0
2024-12-31,29.4,23.2,26.4,0.8,16.5,37.8,28.59,Manakara,-22.145,48.017,5.0
2025-01-01,29.7,23.0,26.5,1.3,18.6,42.1,26.91,Manakara,-22.145,48.017,5.0
2025-01-02,31.0,23.9,27.6,0.4,22.1,47.9,28.53,Manakara,-22.145,48.017,5.0
2025-01-03,31.1,24.4,27.7,0.5,21.8,47.9,26.44,Manakara,-22.145,48.017,5.0
2025-01-04,29.8,22.9,26.6,2.3,20.3,45.0,28.56,Manakara,-22.145,48.017,5.0
2025-01-05,30.7,23.0,27.2,0.9,23.5,50.4,28.2,Manakara,-22.145,48.017,5.0
2025-01-06,31.2,23.0,27.5,0.3,23.1,50.0,28.45,Manakara,-22.145,48.017,5.0
2025-01-07,30.4,23.3,27.0,0.6,19.3,42.8,27.31,Manakara,-22.145,48.017,5.0
2025-01-08,31.9,23.8,27.8,0.7,24.0,51.5,28.4,Manakara,-22.145,48.017,5.0
2025-01-09,32.0,24.8,28.3,0.2,23.3,50.0,27.48,Manakara,-22.145,48.017,5.0
2025-01-10,31.6,25.2,28.2,0.8,19.5,43.6,28.4,Manakara,-22.145,48.017,5.0
2025-01-11,31.9,24.9,28.3,0.4,16.8,41.4,27.68,Manakara,-22.145,48.017,5.0
2025-01-12,31.2,24.2,27.7,0.8,22.1,48.6,21.61,Manakara,-22.145,48.017,5.0
2025-01-13,31.3,24.3,27.8,1.4,21.8,46.4,20.98,Manakara,-22.145,48.017,5.0
2025-01-14,29.2,23.7,26.4,17.5,21.8,44.6,16.33,Manakara,-22.145,48.017,5.0
2025-01-15,31.9,25.0,28.0,0.9,27.4,56.5,24.7,Manakara,-22.145,48.017,5.0
2025-01-16,33.1,25.8,28.7,0.5,25.7,55.8,27.79,Manakara,-22.145,48.017,5.0
2025-01-17,32.3,24.3,28.2,0.0,23.4,51.1,26.86,Manakara,-22.145,48.017,5.0
2025-01-18,32.3,24.2,27.8,0.1,24.4,54.0,26.23,Manakara,-22.145,48.017,5.0
2025-01-19,31.4,24.1,27.6,0.0,26.6,55.8,22.92,Manakara,-22.145,48.017,5.0
2025-01-20,30.6,23.6,27.2,4.1,23.0,50.0,23.12,Manakara,-22.145,48.017,5.0
2025-01-21,30.2,23.2,26.1,2.3,14.5,35.3,13.73,Manakara,-22.145,48.017,5.0
2025-01-22,28.7,22.6,25.1,23.6,18.8,40.3,22.36,Manakara,-22.145,48.017,5.0
2025-01-23,28.3,23.2,25.2,16.6,15.0,33.1,16.2,Manakara,-22.145,48.017,5.0
2025-01-24,28.5,23.3,25.6,8.0,17.0,36.7,20.28,Manakara,-22.145,48.017,5.0
2025-01-25,27.9,23.6,25.1,29.3,16.7,36.4,14.23,Manakara,-22.145,48.017,5.0
2025-01-26,29.6,23.2,26.1,26.8,14.3,33.1,21.92,Manakara,-22.145,48.017,5.0
2025-01-27,29.3,24.0,26.4,41.8,16.0,36.0,19.79,Manakara,-22.145,48.017,5.0
2025-01-28,30.6,23.9,27.1,3.1,19.3,40.0,21.56,Manakara,-22.145,48.017,5.0
2025-01-29,30.7,24.2,26.9,16.2,19.2,40.3,17.6,Manakara,-22.145,48.017,5.0
2025-01-30,32.0,24.3,27.9,8.1,20.4,41.4,26.66,Manakara,-22.145,48.017,5.0
2025-01-31,32.0,24.7,28.0,2.2,14.4,33.8,26.2,Manakara,-22.145,48.017,5.0
2025-02-01,30.0,23.7,26.6,17.9,15.6,33.8,22.55,Manakara,-22.145,48.017,5.0
2025-02-02,29.4,23.9,26.2,7.7,19.2,39.2,18.82,Manakara,-22.145,48.017,5.0
2025-02-03,28.5,23.6,25.9,17.0,28.3,56.2,24.29,Manakara,-22.145,48.017,5.0
2025-02-04,28.1,22.1,24.5,14.7,29.7,58.7,13.81,Manakara,-22.145,48.017,5.0
2025-02-05,29.7,21.8,25.8,10.9,22.6,41.8,18.3,Manakara,-22.145,48.017,5.0
2025-02-06,29.7,23.6,26.0,7.5,13.0,27.4,11.86,Manakara,-22.145,48.017,5.0
2025-02-07,29.8,24.2,26.2,22.5,14.3,31.3,21.58,Manakara,-22.145,48.017,5.0
2025-02-08,28.7,23.7,25.8,12.0,11.6,25.6,17.47,Manakara,-22.145,48.017,5.0
2025-02-09,29.0,23.0,26.2,1.4,15.0,34.6,26.2,Manakara,-22.145,48.017,5.0
2025-02-10,29.3,23.3,26.1,2.2,14.2,32.4,24.15,Manakara,-22.145,48.017,5.0
2025-02-11,29.1,23.6,26.1,18.6,14.4,33.1,22.77,Manakara,-22.145,48.017,5.0
2025-02-12,28.3,23.4,25.3,24.3,16.1,34.2,17.34,Manakara,-22.145,48.017,5.0
2025-02-13,28.6,23.1,25.4,10.9,15.3,34.2,17.83,Manakara,-22.145,48.017,5.0
2025-02-14,29.0,23.3,25.7,5.9,14.0,30.6,21.13,Manakara,-22.145,48.017,5.0
2025-02-15,28.2,23.2,25.5,13.6,12.6,29.9,19.72,Manakara,-22.145,48.017,5.0
2025-02-16,27.1,23.0,24.4,31.0,12.1,27.4,13.37,Manakara,-22.145,48.017,5.0
2025-02-17,25.8,22.9,24.3,44.1,13.0,29.5,9.94,Manakara,-22.145,48.017,5.0
2025-02-18,27.7,23.3,25.1,26.7,17.1,36.4,13.04,Manakara,-22.145,48.017,5.0
2025-02-19,28.3,23.0,25.5,4.7,17.8,38.2,18.17,Manakara,-22.145,48.017,5.0
2025-02-20,28.9,23.3,25.7,13.4,13.9,31.0,19.94,Manakara,-22.145,48.017,5.0
2025-02-21,27.8,23.2,25.6,1.8,14.5,27.7,14.47,Manakara,-22.145,48.017,5.0
2025-02-22,27.7,23.0,25.1,25.5,15.5,35.3,17.72,Manakara,-22.145,48.017,5.0
2025-02-23,27.8,22.9,24.9,14.9,12.1,28.1,14.96,Manakara,-22.145,48.017,5.0
2025-02-24,28.0,22.7,24.7,11.4,13.1,31.3,15.8,Manakara,-22.145,48.017,5.0
2025-02-25,27.1,23.2,24.6,27.8,13.7,32.4,11.67,Manakara,-22.145,48.017,5.0
2025-02-26,28.5,22.8,26.0,2.4,17.3,37.1,22.04,Manakara,-22.145,48.017,5.0
2025-02-27,31.3,24.7,27.8,1.5,23.4,47.9,23.79,Manakara,-22.145,48.017,5.0
2025-02-28,33.5,26.1,29.4,0.7,20.3,40.0,22.51,Manakara,-22.145,48.017,5.0
2025-03-01,34.0,24.4,28.9,0.2,17.9,32.0,24.75,Manakara,-22.145,48.017,5.0
2025-03-02,34.3,23.9,28.6,0.0,15.7,30.2,25.64,Manakara,-22.145,48.017,5.0
2025-03-03,32.4,24.1,28.1,0.0,14.1,26.3,22.72,Manakara,-22.145,48.017,5.0
2025-03-04,31.2,24.8,27.9,13.6,16.0,35.6,18.62,Manakara,-22.145,48.017,5.0
2025-03-05,28.3,24.0,26.0,28.8,14.3,34.6,13.86,Manakara,-22.145,48.017,5.0
2025-03-06,30.0,24.5,27.0,1.4,13.9,32.0,24.72,Manakara,-22.145,48.017,5.0
2025-03-07,28.9,23.6,26.4,1.4,15.4,34.6,24.76,Manakara,-22.145,48.017,5.0
2025-03-08,29.7,23.3,25.7,5.9,16.3,41.8,21.72,Manakara,-22.145,48.017,5.0
2025-03-09,28.6,23.1,25.0,21.5,11.6,33.8,17.02,Manakara,-22.145,48.017,5.0
2025-03-10,27.7,23.0,24.9,4.4,13.8,29.9,18.89,Manakara,-22.145,48.017,5.0
2025-03-11,27.9,21.9,24.8,12.1,13.3,29.9,18.68,Manakara,-22.145,48.017,5.0
2025-03-12,27.7,21.8,24.3,21.7,14.7,31.0,17.31,Manakara,-22.145,48.017,5.0
2025-03-13,28.4,22.4,24.9,23.7,13.1,32.4,17.58,Manakara,-22.145,48.017,5.0
2025-03-14,30.5,23.9,26.4,21.9,24.4,49.7,17.61,Manakara,-22.145,48.017,5.0
2025-03-15,33.4,24.3,28.5,0.0,19.9,39.6,24.27,Manakara,-22.145,48.017,5.0
2025-03-16,29.5,22.5,26.0,2.5,27.4,55.4,22.05,Manakara,-22.145,48.017,5.0
2025-03-17,26.3,21.0,23.6,9.7,23.2,51.5,14.77,Manakara,-22.145,48.017,5.0
2025-03-18,25.9,20.8,23.8,2.9,18.1,37.4,12.87,Manakara,-22.145,48.017,5.0
2025-03-19,26.6,21.2,23.3,5.1,11.3,25.9,12.2,Manakara,-22.145,48.017,5.0
2025-03-20,26.5,20.6,23.0,33.2,15.3,33.8,12.66,Manakara,-22.145,48.017,5.0
2025-03-21,27.0,21.1,23.5,10.8,18.3,35.3,14.26,Manakara,-22.145,48.017,5.0
2025-03-22,29.7,21.8,25.1,0.2,15.7,35.6,23.55,Manakara,-22.145,48.017,5.0
2025-03-23,28.5,21.1,25.0,0.0,15.9,33.5,22.67,Manakara,-22.145,48.017,5.0
2025-03-24,28.6,22.8,25.5,5.9,11.5,27.0,20.58,Manakara,-22.145,48.017,5.0
2025-03-25,28.2,21.9,24.9,3.5,15.3,33.5,19.99,Manakara,-22.145,48.017,5.0
2025-03-26,28.0,22.3,25.3,0.8,12.5,28.8,20.46,Manakara,-22.145,48.017,5.0
2025-03-27,28.0,22.3,25.3,1.3,12.3,27.0,20.84,Manakara,-22.145,48.017,5.0
2025-03-28,28.3,22.7,25.5,1.5,12.7,28.8,22.91,Manakara,-22.145,48.017,5.0
2025-03-29,27.1,22.1,24.3,2.6,9.8,24.5,18.67,Manakara,-22.145,48.017,5.0
2025-03-30,27.5,21.4,24.4,2.1,14.2,31.7,20.65,Manakara,-22.145,48.017,5.0
2025-03-31,28.0,22.0,24.7,1.6,11.2,26.3,22.0,Manakara,-22.145,48.017,5.0
2025-04-01,29.0,21.6,24.8,13.5,16.5,31.3,21.25,Manakara,-22.145,48.017,5.0
2025-04-02,28.5,22.4,25.1,1.6,14.3,31.3,19.44,Manakara,-22.145,48.017,5.0
2025-04-03,29.3,22.3,25.6,0.2,14.3,30.2,22.03,Manakara,-22.145,48.017,5.0
2025-04-04,26.7,21.6,23.4,5.8,14.7,30.6,15.47,Manakara,-22.145,48.017,5.0
2025-04-05,27.4,21.0,23.8,4.9,14.2,28.8,17.69,Manakara,-22.145,48.017,5.0
2025-04-06,28.3,21.6,24.8,1.2,13.3,29.2,20.89,Manakara,-22.145,48.017,5.0
2025-04-07,27.5,21.8,24.7,1.2,12.8,27.7,19.38,Manakara,-22.145,48.017,5.0
2025-04-08,28.9,21.7,25.2,0.1,16.4,33.5,19.77,Manakara,-22.145,48.017,5.0
2025-04-09,29.7,22.8,26.1,8.1,15.0,28.8,20.21,Manakara,-22.145,48.017,5.0
2025-04-10,28.5,22.2,25.3,1.1,11.7,26.6,17.01,Manakara,-22.145,48.017,5.0
2025-04-11,28.3,22.3,25.2,3.0,10.7,26.3,16.48,Manakara,-22.145,48.017,5.0
2025-04-12,28.0,22.7,24.9,7.2,15.0,36.0,15.2,Manakara,-22.145,48.017,5.0
2025-04-13,28.4,23.4,25.5,2.3,13.7,33.5,15.44,Manakara,-22.145,48.017,5.0
2025-04-14,29.5,22.9,25.8,2.7,13.2,29.9,19.52,Manakara,-22.145,48.017,5.0
2025-04-15,28.9,22.0,25.2,0.0,14.2,30.6,20.42,Manakara,-22.145,48.017,5.0
2025-04-16,28.0,21.9,25.1,1.9,13.6,30.2,18.75,Manakara,-22.145,48.017,5.0
2025-04-17,28.6,22.7,25.1,0.7,15.0,32.8,18.77,Manakara,-22.145,48.017,5.0
2025-04-18,28.9,22.1,25.4,0.5,16.6,35.6,19.4,Manakara,-22.145,48.017,5.0
2025-04-19,28.7,22.3,25.3,0.9,15.4,31.0,15.46,Manakara,-22.145,48.017,5.0
2025-04-20,29.1,22.7,25.6,23.8,17.7,34.2,16.73,Manakara,-22.145,48.017,5.0
2025-04-21,29.0,22.8,25.0,13.0,15.7,32.4,15.61,Manakara,-22.145,48.017,5.0
2025-04-22,27.5,22.6,24.5,4.8,14.0,33.1,13.6,Manakara,-22.145,48.017,5.0
2025-04-23,28.2,21.7,24.9,1.6,10.0,24.5,15.16,Manakara,-22.145,48.017,5.0
2025-04-24,28.0,22.6,24.9,1.3,12.0,27.7,15.97,Manakara,-22.145,48.017,5.0
2025-04-25,27.6,22.3,24.6,2.1,12.2,28.4,16.98,Manakara,-22.145,48.017,5.0
2025-04-26,27.8,21.9,24.7,2.6,13.6,29.5,14.68,Manakara,-22.145,48.017,5.0
2025-04-27,27.7,22.1,24.2,4.9,14.0,34.2,13.04,Manakara,-22.145,48.017,5.0
2025-04-28,25.0,21.1,22.8,21.9,12.4,22.7,9.69,Manakara,-22.145,48.017,5.0
2025-04-29,24.3,20.7,22.1,34.0,13.2,32.0,10.52,Manakara,-22.145,48.017,5.0
2025-04-30,27.1,19.9,23.2,2.8,13.6,30.2,14.97,Manakara,-22.145,48.017,5.0
2025-05-01,26.1,20.6,23.3,2.4,13.5,29.5,13.35,Manakara,-22.145,48.017,5.0
2025-05-02,26.9,21.9,24.3,1.2,14.2,29.5,14.51,Manakara,-22.145,48.017,5.0
2025-05-03,27.8,21.3,24.5,17.2,14.1,30.2,16.56,Manakara,-22.145,48.017,5.0
2025-05-04,26.5,21.0,23.2,4.8,20.8,40.3,11.24,Manakara,-22.145,48.017,5.0
2025-05-05,21.3,19.3,20.2,16.6,20.4,37.4,3.42,Manakara,-22.145,48.017,5.0
2025-05-06,24.6,18.0,21.1,6.2,16.6,37.8,9.63,Manakara,-22.145,48.017,5.0
2025-05-07,24.9,19.0,21.5,4.9,12.2,29.2,12.05,Manakara,-22.145,48.017,5.0
2025-05-08,25.3,19.1,21.8,0.5,11.1,19.4,9.13,Manakara,-22.145,48.017,5.0
2025-05-09,25.7,19.6,22.5,4.5,10.7,23.4,8.65,Manakara,-22.145,48.017,5.0
2025-05-10,26.6,21.0,23.6,1.9,13.0,24.8,13.78,Manakara,-22.145,48.017,5.0
2025-05-11,27.4,21.9,24.4,1.3,15.9,32.4,15.22,Manakara,-22.145,48.017,5.0
2025-05-12,28.0,21.3,24.4,3.1,11.5,25.2,15.09,Manakara,-22.145,48.017,5.0
2025-05-13,25.4,21.0,22.5,12.0,12.9,27.4,10.73,Manakara,-22.145,48.017,5.0
2025-05-14,25.6,20.0,22.2,8.5,20.4,42.1,13.02,Manakara,-22.145,48.017,5.0
2025-05-15,23.3,18.7,20.9,9.9,16.7,30.2,5.45,Manakara,-22.145,48.017,5.0
2025-05-16,26.1,19.2,22.3,0.8,13.1,23.0,15.8,Manakara,-22.145,48.017,5.0
2025-05-17,25.9,20.3,22.6,1.6,11.6,22.0,10.95,Manakara,-22.145,48.017,5.0
2025-05-18,27.2,19.9,23.3,0.3,16.8,34.6,16.17,Manakara,-22.145,48.017,5.0
2025-05-19,28.4,20.7,24.1,0.4,15.6,32.8,16.5,Manakara,-22.145,48.017,5.0
2025-05-20,25.8,20.9,22.8,3.1,11.8,25.6,10.99,Manakara,-22.145,48.017,5.0
2025-05-21,26.5,20.2,23.2,0.8,17.1,36.4,14.43,Manakara,-22.145,48.017,5.0
2025-05-22,28.2,20.1,23.6,1.8,14.8,32.0,16.75,Manakara,-22.145,48.017,5.0
2025-05-23,23.6,18.9,21.3,13.1,25.8,54.0,9.39,Manakara,-22.145,48.017,5.0
2025-05-24,22.5,16.7,19.4,1.1,18.4,33.8,13.67,Manakara,-22.145,48.017,5.0
2025-05-25,23.3,16.8,19.9,5.7,14.9,29.9,14.16,Manakara,-22.145,48.017,5.0
2025-05-26,24.6,17.4,20.5,1.9,12.7,29.9,14.99,Manakara,-22.145,48.017,5.0
2025-05-27,24.8,16.6,20.5,0.3,11.2,24.1,15.33,Manakara,-22.145,48.017,5.0
2025-05-28,24.8,16.9,20.7,1.0,11.2,25.6,14.67,Manakara,-22.145,48.017,5.0
2025-05-29,22.9,18.9,20.4,9.2,9.5,23.4,9.81,Manakara,-22.145,48.017,5.0
2025-05-30,23.8,17.9,20.4,3.5,9.9,25.9,12.1,Manakara,-22.145,48.017,5.0
2025-05-31,26.2,17.3,21.3,0.0,15.1,31.3,16.12,Manakara,-22.145,48.017,5.0
2025-06-01,25.7,17.2,20.9,0.0,10.5,22.0,16.19,Manakara,-22.145,48.017,5.0
2025-06-02,25.6,16.8,20.9,0.0,14.0,28.8,14.47,Manakara,-22.145,48.017,5.0
2025-06-03,26.7,18.4,22.4,0.0,18.1,35.6,14.91,Manakara,-22.145,48.017,5.0
2025-06-04,27.3,19.8,23.0,0.0,17.3,34.9,16.17,Manakara,-22.145,48.017,5.0
2025-06-05,22.2,19.9,21.1,16.6,16.0,30.6,4.72,Manakara,-22.145,48.017,5.0
2025-06-06,22.7,20.0,21.0,10.6,10.7,23.4,7.46,Manakara,-22.145,48.017,5.0
2025-06-07,24.5,19.8,21.8,5.4,17.0,33.8,10.76,Manakara,-22.145,48.017,5.0
2025-06-08,25.7,19.2,21.8,0.3,16.5,34.2,14.5,Manakara,-22.145,48.017,5.0
2025-06-09,26.1,18.2,21.6,0.0,13.6,30.2,15.47,Manakara,-22.145,48.017,5.0
2025-06-10,25.2,17.6,21.1,0.0,15.8,31.3,14.22,Manakara,-22.145,48.017,5.0
2025-06-11,26.5,18.1,21.7,0.0,17.3,32.0,16.03,Manakara,-22.145,48.017,5.0
2025-06-12,26.7,17.8,21.7,0.0,15.8,31.7,15.84,Manakara,-22.145,48.017,5.0
2025-06-13,23.2,17.6,20.1,2.8,21.6,45.7,12.47,Manakara,-22.145,48.017,5.0
2025-06-14,23.6,16.8,19.5,1.0,17.4,38.2,14.34,Manakara,-22.145,48.017,5.0
2025-06-15,23.8,16.2,19.6,1.3,14.7,27.7,11.63,Manakara,-22.145,48.017,5.0
2025-06-16,21.8,16.4,19.2,1.6,12.6,23.0,8.91,Manakara,-22.145,48.017,5.0
2025-06-17,24.2,16.4,19.7,0.5,12.9,27.0,12.59,Manakara,-22.145,48.017,5.0
2025-06-18,25.0,16.6,20.3,0.0,16.8,34.6,14.5,Manakara,-22.145,48.017,5.0
2025-06-19,25.5,16.9,20.7,0.0,13.4,25.2,16.07,Manakara,-22.145,48.017,5.0
2025-06-20,24.4,16.5,20.3,0.7,13.2,28.4,14.61,Manakara,-22.145,48.017,5.0
2025-06-21,25.7,17.6,20.7,0.0,10.9,23.4,15.52,Manakara,-22.145,48.017,5.0
2025-06-22,24.1,15.5,19.6,0.1,20.7,41.0,15.56,Manakara,-22.145,48.017,5.0
2025-06-23,22.7,15.6,18.9,0.0,11.1,23.8,12.05,Manakara,-22.145,48.017,5.0
2025-06-24,25.1,16.8,20.7,0.0,15.0,31.7,14.75,Manakara,-22.145,48.017,5.0
2025-06-25,23.2,17.4,20.1,1.3,11.3,25.9,14.31,Manakara,-22.145,48.017,5.0
2025-06-26,22.4,17.0,19.4,4.7,9.4,20.9,8.95,Manakara,-22.145,48.017,5.0
2025-06-27,25.3,17.4,21.2,0.0,10.9,23.4,13.73,Manakara,-22.145,48.017,5.0
2025-06-28,25.5,18.8,22.0,0.1,10.4,25.2,14.37,Manakara,-22.145,48.017,5.0
2025-06-29,24.3,19.1,21.5,2.6,11.5,26.3,6.75,Manakara,-22.145,48.017,5.0
2025-06-30,25.0,17.6,20.9,0.0,9.3,22.3,15.04,Manakara,-22.145,48.017,5.0
2025-07-01,23.4,17.9,20.1,14.2,20.2,38.5,10.91,Manakara,-22.145,48.017,5.0
2025-07-02,21.2,17.8,19.4,10.8,19.8,35.6,10.13,Manakara,-22.145,48.017,5.0
2025-07-03,20.6,16.5,18.3,8.0,11.5,24.8,9.08,Manakara,-22.145,48.017,5.0
2025-07-04,22.2,15.8,18.4,2.9,9.2,23.0,13.63,Manakara,-22.145,48.017,5.0
2025-07-05,22.6,16.3,19.2,0.3,11.6,27.0,14.1,Manakara,-22.145,48.017,5.0
2025-07-06,23.8,15.3,19.5,0.1,11.7,25.2,15.31,Manakara,-22.145,48.017,5.0
2025-07-07,24.1,17.0,20.4,0.4,9.4,25.6,12.95,Manakara,-22.145,48.017,5.0
2025-07-08,22.9,17.2,19.4,9.9,12.7,26.6,10.12,Manakara,-22.145,48.017,5.0
2025-07-09,21.0,16.8,18.7,15.3,17.8,33.8,8.16,Manakara,-22.145,48.017,5.0
2025-07-10,23.1,18.0,20.3,14.0,17.5,38.9,10.25,Manakara,-22.145,48.017,5.0
2025-07-11,22.9,17.7,19.7,19.5,16.1,33.8,11.69,Manakara,-22.145,48.017,5.0
2025-07-12,23.4,15.1,19.1,0.5,9.4,22.7,15.08,Manakara,-22.145,48.017,5.0
2025-07-13,23.5,15.6,19.4,0.4,8.2,20.2,15.52,Manakara,-22.145,48.017,5.0
2025-07-14,23.4,16.3,19.6,1.1,8.6,20.2,14.62,Manakara,-22.145,48.017,5.0
2025-07-15,24.7,16.2,20.0,0.0,13.8,29.9,16.06,Manakara,-22.145,48.017,5.0
2025-07-16,23.4,16.8,19.6,1.0,11.9,26.3,14.45,Manakara,-22.145,48.017,5.0
2025-07-17,23.4,16.7,19.9,0.0,12.7,28.8,14.79,Manakara,-22.145,48.017,5.0
2025-07-18,23.1,16.8,19.5,0.6,13.4,28.8,13.9,Manakara,-22.145,48.017,5.0
2025-07-19,21.0,15.7,17.9,3.4,12.6,27.4,10.78,Manakara,-22.145,48.017,5.0
2025-07-20,21.4,15.4,18.1,3.7,19.5,34.9,13.99,Manakara,-22.145,48.017,5.0
2025-07-21,21.3,16.1,18.1,7.8,20.2,43.2,11.25,Manakara,-22.145,48.017,5.0
2025-07-22,21.7,16.0,18.5,3.7,11.7,24.8,10.92,Manakara,-22.145,48.017,5.0
2025-07-23,21.5,16.9,18.6,4.5,7.8,18.4,7.11,Manakara,-22.145,48.017,5.0
2025-07-24,23.4,15.0,19.1,0.0,9.0,20.9,16.18,Manakara,-22.145,48.017,5.0
2025-07-25,24.5,16.0,20.4,0.4,20.9,41.4,15.68,Manakara,-22.145,48.017,5.0
2025-07-26,25.7,17.0,21.2,0.0,16.1,30.2,16.58,Manakara,-22.145,48.017,5.0
2025-07-27,24.3,16.9,20.2,1.6,17.1,30.6,13.25,Manakara,-22.145,48.017,5.0
2025-07-28,18.4,16.3,17.6,14.5,23.8,44.6,5.14,Manakara,-22.145,48.017,5.0
2025-07-29,20.7,15.7,17.7,5.4,16.5,34.6,9.12,Manakara,-22.145,48.017,5.0
2025-07-30,21.2,16.0,17.9,4.3,14.7,25.6,7.67,Manakara,-22.145,48.017,5.0
2025-07-31,21.6,15.6,18.2,0.7,11.8,27.0,15.04,Manakara,-22.145,48.017,5.0
2025-08-01,22.7,14.5,18.3,0.1,8.9,20.2,15.79,Manakara,-22.145,48.017,5.0
2025-08-02,23.3,14.8,18.5,0.9,10.0,23.8,17.33,Manakara,-22.145,48.017,5.0
2025-08-03,21.3,15.8,18.5,2.6,23.3,47.2,11.91,Manakara,-22.145,48.017,5.0
2025-08-04,21.5,12.6,16.8,1.5,16.6,35.6,16.16,Manakara,-22.145,48.017,5.0
2025-08-05,20.5,14.6,18.0,2.9,12.8,28.4,14.45,Manakara,-22.145,48.017,5.0
2025-08-06,21.3,14.7,17.9,1.3,10.7,22.0,14.01,Manakara,-22.145,48.017,5.0
2025-08-07,21.6,14.1,18.1,1.2,15.0,32.0,14.67,Manakara,-22.145,48.017,5.0
2025-08-08,22.8,15.0,18.8,0.4,12.6,26.3,16.04,Manakara,-22.145,48.017,5.0
2025-08-09,23.3,15.5,19.0,0.4,12.1,28.8,15.55,Manakara,-22.145,48.017,5.0
2025-08-10,23.0,15.9,19.2,0.9,13.1,29.9,17.49,Manakara,-22.145,48.017,5.0
2025-08-11,22.6,16.2,19.1,1.0,10.6,24.5,15.02,Manakara,-22.145,48.017,5.0
2025-08-12,23.6,17.9,20.6,0.1,12.5,26.6,9.22,Manakara,-22.145,48.017,5.0
2025-08-13,22.7,19.1,20.5,6.3,16.7,34.2,6.0,Manakara,-22.145,48.017,5.0
2025-08-14,23.8,19.8,21.6,2.9,16.6,36.0,10.1,Manakara,-22.145,48.017,5.0
2025-08-15,23.9,18.6,21.2,0.7,20.2,41.0,13.69,Manakara,-22.145,48.017,5.0
2025-08-16,24.7,17.6,20.2,7.9,12.3,24.5,13.18,Manakara,-22.145,48.017,5.0
2025-08-17,21.2,17.6,19.3,27.8,27.8,60.5,10.79,Manakara,-22.145,48.017,5.0
2025-08-18,21.5,16.8,18.8,2.9,17.4,36.0,13.13,Manakara,-22.145,48.017,5.0
2025-08-19,22.4,14.5,17.9,1.4,13.5,27.0,16.97,Manakara,-22.145,48.017,5.0
2025-08-20,21.8,15.6,18.4,4.6,15.2,31.3,13.09,Manakara,-22.145,48.017,5.0
2025-08-21,25.6,15.4,20.3,0.0,19.6,41.8,19.61,Manakara,-22.145,48.017,5.0
2025-08-22,25.5,16.7,20.8,0.0,18.3,38.5,19.59,Manakara,-22.145,48.017,5.0
2025-08-23,26.2,17.2,21.1,0.0,18.5,37.8,20.92,Manakara,-22.145,48.017,5.0
2025-08-24,26.0,17.3,21.2,0.0,20.6,41.8,21.12,Manakara,-22.145,48.017,5.0
2025-08-25,25.8,16.7,21.0,0.0,19.8,40.3,21.42,Manakara,-22.145,48.017,5.0
2025-08-26,26.8,17.2,21.2,0.0,18.7,38.9,21.72,Manakara,-22.145,48.017,5.0
2025-08-27,25.1,16.9,20.5,0.0,15.7,33.5,21.47,Manakara,-22.145,48.017,5.0
2025-08-28,24.4,16.3,20.4,0.0,14.8,30.6,17.74,Manakara,-22.145,48.017,5.0
2025-08-29,25.0,18.4,21.1,0.5,15.8,34.2,15.03,Manakara,-22.145,48.017,5.0
2025-08-30,24.3,16.5,20.6,0.2,17.5,36.7,19.67,Manakara,-22.145,48.017,5.0
2025-08-31,24.6,17.3,21.0,0.0,16.6,36.4,21.27,Manakara,-22.145,48.017,5.0
2025-09-01,23.9,17.8,20.7,0.9,14.7,32.4,17.89,Manakara,-22.145,48.017,5.0
2025-09-02,24.3,16.8,20.7,0.0,13.8,31.0,18.87,Manakara,-22.145,48.017,5.0
2025-09-03,23.5,17.6,21.0,1.0,17.8,37.4,16.43,Manakara,-22.145,48.017,5.0
2025-09-04,26.6,18.0,21.9,0.0,24.0,49.0,22.17,Manakara,-22.145,48.017,5.0
2025-09-05,26.8,18.3,22.2,0.0,20.4,41.8,21.61,Manakara,-22.145,48.017,5.0
2025-09-06,27.2,19.4,22.4,0.0,20.2,42.1,22.22,Manakara,-22.145,48.017,5.0
2025-09-07,25.3,18.6,21.7,0.0,18.4,38.9,22.38,Manakara,-22.145,48.017,5.0
2025-09-08,26.2,17.9,21.6,0.0,19.9,41.8,22.3,Manakara,-22.145,48.017,5.0
2025-09-09,25.4,18.2,21.7,0.1,17.7,37.8,20.6,Manakara,-22.145,48.017,5.0
2025-09-10,24.9,17.5,21.4,0.5,14.4,33.5,19.76,Manakara,-22.145,48.017,5.0
2025-09-11,24.6,17.7,21.4,0.8,16.0,34.6,21.03,Manakara,-22.145,48.017,5.0
2025-09-12,24.0,18.0,20.9,0.1,17.1,36.7,19.97,Manakara,-22.145,48.017,5.0
2025-09-13,24.3,17.0,20.9,0.0,18.7,40.3,21.12,Manakara,-22.145,48.017,5.0
2025-09-14,25.5,16.5,21.1,0.0,22.9,47.9,21.46,Manakara,-22.145,48.017,5.0
2025-09-15,26.5,18.3,22.3,0.0,26.6,55.1,21.72,Manakara,-22.145,48.017,5.0
2025-09-16,27.1,20.0,23.4,0.3,27.4,54.7,18.41,Manakara,-22.145,48.017,5.0
2025-09-17,29.0,21.2,24.2,0.0,25.6,53.3,21.92,Manakara,-22.145,48.017,5.0
2025-09-18,27.5,21.2,23.9,0.0,24.3,50.8,21.65,Manakara,-22.145,48.017,5.0
2025-09-19,28.2,20.1,23.7,0.0,24.4,50.8,23.64,Manakara,-22.145,48.017,5.0
2025-09-20,25.8,20.0,22.2,15.2,17.2,33.1,16.92,Manakara,-22.145,48.017,5.0
2025-09-21,21.8,19.6,20.6,14.6,19.9,41.0,7.32,Manakara,-22.145,48.017,5.0
2025-09-22,24.0,19.0,21.3,1.3,17.8,36.0,11.92,Manakara,-22.145,48.017,5.0
2025-09-23,26.0,17.4,21.7,0.0,23.0,47.2,22.63,Manakara,-22.145,48.017,5.0
2025-09-24,26.3,16.8,21.6,0.0,23.4,47.9,25.12,Manakara,-22.145,48.017,5.0
2025-09-25,27.5,18.3,22.3,0.0,23.9,49.7,24.72,Manakara,-22.145,48.017,5.0
2025-09-26,23.3,20.0,21.2,7.6,17.4,36.4,10.89,Manakara,-22.145,48.017,5.0
2025-09-27,22.7,19.9,20.6,21.8,18.0,38.2,6.88,Manakara,-22.145,48.017,5.0
2025-09-28,25.4,19.3,22.5,4.2,22.8,47.2,20.25,Manakara,-22.145,48.017,5.0
2025-09-29,28.6,20.5,23.8,0.0,27.7,55.8,23.38,Manakara,-22.145,48.017,5.0
2025-09-30,27.0,21.4,23.8,1.3,20.1,41.4,17.7,Manakara,-22.145,48.017,5.0
2025-10-01,24.9,20.0,22.4,9.0,16.3,35.6,10.52,Manakara,-22.145,48.017,5.0
2025-10-02,21.7,19.0,20.4,13.8,15.6,28.8,6.06,Manakara,-22.145,48.017,5.0
2025-10-03,22.0,19.3,20.8,5.6,15.8,34.6,5.78,Manakara,-22.145,48.017,5.0
2025-10-04,23.9,18.3,20.6,8.7,27.9,56.9,9.97,Manakara,-22.145,48.017,5.0
2025-10-05,22.8,17.7,19.6,7.3,20.1,43.9,12.07,Manakara,-22.145,48.017,5.0
2025-10-06,24.2,17.3,20.9,0.0,13.0,28.8,16.01,Manakara,-22.145,48.017,5.0
2025-10-07,25.2,16.7,21.5,0.0,18.4,39.2,20.92,Manakara,-22.145,48.017,5.0
2025-10-08,25.0,18.4,21.7,0.6,18.4,38.9,23.34,Manakara,-22.145,48.017,5.0
2025-10-09,25.9,16.7,21.4,0.0,19.5,42.1,24.55,Manakara,-22.145,48.017,5.0
2025-10-10,24.1,17.9,21.7,3.4,17.7,37.8,20.57,Manakara,-22.145,48.017,5.0
2025-10-11,26.3,20.6,23.4,0.2,24.2,49.7,19.02,Manakara,-22.145,48.017,5.0
2025-10-12,27.6,21.1,23.9,0.1,24.6,49.7,20.92,Manakara,-22.145,48.017,5.0
2025-10-13,27.5,21.0,23.7,0.0,25.0,51.5,24.72,Manakara,-22.145,48.017,5.0
2025-10-14,27.0,18.8,22.7,0.0,22.2,45.4,24.5,Manakara,-22.145,48.017,5.0
2025-10-15,25.7,18.8,22.4,0.1,22.0,44.3,21.26,Manakara,-22.145,48.017,5.0
2025-10-16,27.9,18.9,23.5,0.0,25.3,52.2,26.24,Manakara,-22.145,48.017,5.0
2025-10-17,26.6,20.4,23.6,0.9,21.1,42.1,17.75,Manakara,-22.145,48.017,5.0
2025-10-18,24.0,20.8,22.0,13.9,18.9,40.0,8.34,Manakara,-22.145,48.017,5.0
2025-10-19,27.3,19.7,23.5,0.1,23.2,47.5,24.03,Manakara,-22.145,48.017,5.0
2025-10-20,27.7,21.8,24.2,0.1,27.3,55.4,23.69,Manakara,-22.145,48.017,5.0
2025-10-21,27.3,21.1,23.9,2.2,23.9,49.3,22.32,Manakara,-22.145,48.017,5.0
2025-10-22,25.5,20.8,22.8,4.0,22.2,45.7,16.62,Manakara,-22.145,48.017,5.0
2025-10-23,25.2,20.2,22.6,6.9,14.8,33.5,14.93,Manakara,-22.145,48.017,5.0
2025-10-24,27.3,20.7,23.7,0.7,21.2,43.2,24.26,Manakara,-22.145,48.017,5.0
2025-10-25,26.8,21.4,24.0,2.3,20.6,42.8,23.15,Manakara,-22.145,48.017,5.0
2025-10-26,26.8,20.9,23.9,0.4,22.1,45.7,24.05,Manakara,-22.145,48.017,5.0
2025-10-27,26.2,21.0,23.6,2.0,22.2,46.4,22.65,Manakara,-22.145,48.017,5.0
2025-10-28,28.4,20.6,24.1,0.0,23.3,48.6,26.47,Manakara,-22.145,48.017,5.0
2025-10-29,27.7,20.7,24.0,0.6,23.4,47.9,24.61,Manakara,-22.145,48.017,5.0
2025-10-30,28.8,21.3,24.6,0.0,26.5,54.7,25.33,Manakara,-22.145,48.017,5.0
2025-10-31,26.2,21.2,23.8,1.6,18.2,40.3,24.03,Manakara,-22.145,48.017,5.0
2025-11-01,27.0,20.0,23.4,1.8,21.0,45.4,22.53,Manakara,-22.145,48.017,5.0
2025-11-02,28.7,20.8,24.5,0.0,23.9,50.0,26.37,Manakara,-22.145,48.017,5.0
2025-11-03,28.9,21.1,24.8,0.0,19.1,43.2,26.87,Manakara,-22.145,48.017,5.0
2025-11-04,28.8,22.0,25.2,0.0,15.7,36.4,25.26,Manakara,-22.145,48.017,5.0
2025-11-05,29.0,21.3,24.9,0.1,24.7,50.4,24.88,Manakara,-22.145,48.017,5.0
2025-11-06,28.8,21.6,24.9,3.9,21.9,45.4,21.2,Manakara,-22.145,48.017,5.0
2025-11-07,29.2,21.4,25.2,8.0,23.0,48.2,23.52,Manakara,-22.145,48.017,5.0
2025-11-08,25.6,20.4,22.8,8.5,13.1,29.2,15.89,Manakara,-22.145,48.017,5.0
2025-11-09,26.7,20.5,23.3,4.1,14.8,32.8,23.68,Manakara,-22.145,48.017,5.0
2025-11-10,27.2,21.0,23.8,2.3,16.4,36.7,24.07,Manakara,-22.145,48.017,5.0
2025-11-11,27.7,20.5,24.0,1.1,18.1,40.0,24.96,Manakara,-22.145,48.017,5.0
2025-11-12,27.6,21.4,24.6,1.0,24.6,49.3,24.34,Manakara,-22.145,48.017,5.0
2025-11-13,30.3,22.0,25.8,1.2,23.7,47.2,27.64,Manakara,-22.145,48.017,5.0
2025-11-14,31.7,21.5,25.6,1.0,35.5,68.4,26.73,Manakara,-22.145,48.017,5.0
2025-11-15,24.6,18.7,22.3,2.9,15.5,33.1,15.09,Manakara,-22.145,48.017,5.0
2025-11-16,29.0,20.3,25.0,0.0,28.3,56.5,25.07,Manakara,-22.145,48.017,5.0
2025-11-17,28.9,22.3,25.8,5.9,17.2,36.4,24.11,Manakara,-22.145,48.017,5.0
2025-11-18,28.2,22.1,24.2,8.8,24.1,47.5,16.63,Manakara,-22.145,48.017,5.0
2025-11-19,26.9,20.8,23.3,30.6,19.4,34.9,15.89,Manakara,-22.145,48.017,5.0
2025-11-20,24.6,19.8,21.9,1.5,21.9,44.3,14.52,Manakara,-22.145,48.017,5.0
2025-11-21,26.2,20.7,22.8,9.2,15.0,33.1,16.06,Manakara,-22.145,48.017,5.0
2025-11-22,28.5,21.8,24.9,1.3,16.5,36.4,25.77,Manakara,-22.145,48.017,5.0
2025-11-23,27.3,22.4,24.5,4.7,12.3,29.9,18.29,Manakara,-22.145,48.017,5.0
2025-11-24,28.8,23.0,25.9,1.5,18.5,38.5,19.33,Manakara,-22.145,48.017,5.0
2025-11-25,29.2,23.3,26.2,3.0,18.1,38.9,23.58,Manakara,-22.145,48.017,5.0
2025-11-26,29.1,23.2,26.2,4.0,22.2,44.6,20.27,Manakara,-22.145,48.017,5.0
2025-11-27,30.6,24.1,27.0,6.0,22.8,46.8,26.01,Manakara,-22.145,48.017,5.0
2025-11-28,29.1,23.3,25.3,11.5,20.0,37.1,18.59,Manakara,-22.145,48.017,5.0
2025-11-29,27.3,21.9,24.4,3.2,18.0,35.6,18.11,Manakara,-22.145,48.017,5.0
2025-11-30,28.2,22.4,25.3,9.9,20.8,46.4,15.04,Manakara,-22.145,48.017,5.0
2025-12-01,30.7,23.6,27.0,0.6,23.3,49.7,23.67,Manakara,-22.145,48.017,5.0
2025-12-02,30.6,23.7,26.9,8.2,16.9,33.8,18.31,Manakara,-22.145,48.017,5.0
2025-12-03,29.0,22.9,25.4,15.9,15.7,32.8,17.28,Manakara,-22.145,48.017,5.0
2025-12-04,26.9,22.3,24.0,16.2,17.0,36.7,17.33,Manakara,-22.145,48.017,5.0
2025-12-05,27.6,21.7,23.9,10.7,21.5,45.4,15.76,Manakara,-22.145,48.017,5.0
2025-12-06,28.1,21.1,24.0,2.7,15.6,32.0,15.11,Manakara,-22.145,48.017,5.0
2025-12-07,28.6,22.2,25.6,2.6,14.8,32.8,22.76,Manakara,-22.145,48.017,5.0
2025-12-08,28.9,21.4,24.7,15.9,16.7,40.3,23.71,Manakara,-22.145,48.017,5.0
2025-12-09,29.0,21.9,25.1,11.5,15.7,39.2,18.89,Manakara,-22.145,48.017,5.0
2025-12-10,29.2,22.0,25.7,5.2,17.7,38.5,23.07,Manakara,-22.145,48.017,5.0
2025-12-11,28.9,21.0,24.2,19.0,14.2,31.3,21.03,Manakara,-22.145,48.017,5.0
2025-12-12,26.6,21.1,23.2,10.8,17.7,36.7,18.29,Manakara,-22.145,48.017,5.0
2025-12-13,27.9,20.9,24.5,1.4,15.7,34.6,24.02,Manakara,-22.145,48.017,5.0
2025-12-14,28.4,21.9,25.1,3.4,18.2,40.0,26.32,Manakara,-22.145,48.017,5.0
2025-12-15,27.4,21.1,23.8,13.4,15.7,32.0,24.26,Manakara,-22.145,48.017,5.0
2025-12-16,28.1,21.2,24.6,1.2,15.7,35.3,20.68,Manakara,-22.145,48.017,5.0
2025-12-17,28.3,22.2,25.0,2.1,20.9,43.9,20.88,Manakara,-22.145,48.017,5.0
2025-12-18,28.1,22.0,25.4,0.6,16.5,36.0,20.94,Manakara,-22.145,48.017,5.0
2025-12-19,28.2,22.4,25.2,1.0,17.1,38.9,25.17,Manakara,-22.145,48.017,5.0
2025-12-20,26.0,22.4,23.7,7.7,13.5,33.1,9.95,Manakara,-22.145,48.017,5.0
2025-12-21,28.3,21.9,24.1,17.6,18.7,37.1,23.23,Manakara,-22.145,48.017,5.0
2025-12-22,27.8,21.8,24.2,14.2,15.7,34.6,20.42,Manakara,-22.145,48.017,5.0
2025-12-23,26.0,21.7,23.5,33.8,16.9,39.2,14.85,Manakara,-22.145,48.017,5.0
2025-12-24,25.8,22.5,23.8,16.1,14.7,31.7,9.51,Manakara,-22.145,48.017,5.0
2025-12-25,27.7,22.3,25.0,4.6,20.9,43.6,21.16,Manakara,-22.145,48.017,5.0
2025-12-26,27.6,23.3,24.6,18.3,19.1,41.4,11.86,Manakara,-22.145,48.017,5.0
2025-12-27,30.6,22.8,25.8,5.1,12.6,30.2,19.66,Manakara,-22.145,48.017,5.0
2025-12-28,29.3,23.0,25.6,9.2,16.4,34.6,23.84,Manakara,-22.145,48.017,5.0
2025-12-29,28.9,22.9,25.0,9.5,14.7,31.7,23.66,Manakara,-22.145,48.017,5.0
2025-12-30,27.5,22.1,24.7,1.2,28.1,56.5,26.36,Manakara,-22.145,48.017,5.0
2025-12-31,25.6,20.9,23.0,2.8,15.3,32.4,16.8,Manakara,-22.145,48.017,5.0
2026-01-01,27.4,22.1,24.4,3.7,21.4,43.9,21.16,Manakara,-22.145,48.017,5.0
2026-01-02,28.6,22.4,24.6,30.8,25.0,50.0,20.01,Manakara,-22.145,48.017,5.0
2026-01-03,27.0,22.1,24.1,82.6,24.5,53.3,19.9,Manakara,-22.145,48.017,5.0
2026-01-04,27.1,22.9,24.5,49.3,28.0,55.8,14.51,Manakara,-22.145,48.017,5.0
2026-01-05,27.9,22.7,24.7,47.1,16.8,36.4,16.49,Manakara,-22.145,48.017,5.0
2026-01-06,30.0,23.2,26.3,2.4,19.5,41.0,23.35,Manakara,-22.145,48.017,5.0
2026-01-07,29.1,24.5,26.5,4.6,18.8,39.6,20.35,Manakara,-22.145,48.017,5.0
2026-01-08,30.2,24.4,27.0,1.1,25.3,50.8,26.03,Manakara,-22.145,48.017,5.0
2026-01-09,28.9,24.0,26.3,1.3,17.5,38.5,26.36,Manakara,-22.145,48.017,5.0
2026-01-10,28.7,22.7,25.8,2.1,15.5,34.2,27.99,Manakara,-22.145,48.017,5.0
2026-01-11,28.5,23.4,25.9,1.5,14.9,35.3,26.01,Manakara,-22.145,48.017,5.0
2026-01-12,27.5,22.3,24.6,6.8,11.8,31.3,19.31,Manakara,-22.145,48.017,5.0
2026-01-13,27.6,21.6,23.8,21.3,20.4,38.9,22.14,Manakara,-22.145,48.017,5.0
2026-01-14,25.5,21.1,22.7,42.9,16.2,36.0,16.18,Manakara,-22.145,48.017,5.0
2026-01-15,28.5,21.0,24.7,2.1,16.6,37.4,23.77,Manakara,-22.145,48.017,5.0
2026-01-16,28.3,22.8,24.9,11.7,19.1,40.7,21.79,Manakara,-22.145,48.017,5.0
2026-01-17,27.0,22.7,24.2,27.6,15.8,37.8,11.95,Manakara,-22.145,48.017,5.0
2026-01-18,27.8,23.1,25.1,4.5,14.6,32.8,17.1,Manakara,-22.145,48.017,5.0
2026-01-19,28.6,22.6,25.7,0.6,19.6,41.0,27.68,Manakara,-22.145,48.017,5.0
2026-01-20,30.5,22.7,26.2,0.0,22.5,47.2,30.16,Manakara,-22.145,48.017,5.0
2026-01-21,31.8,24.1,27.1,25.3,17.8,38.9,21.3,Manakara,-22.145,48.017,5.0
2026-01-22,29.4,23.3,25.7,21.2,16.2,32.8,19.45,Manakara,-22.145,48.017,5.0
2026-01-23,29.8,23.8,26.5,4.1,17.2,39.2,25.81,Manakara,-22.145,48.017,5.0
2026-01-24,29.9,23.6,26.4,3.4,14.7,34.2,24.42,Manakara,-22.145,48.017,5.0
2026-01-25,28.4,24.0,25.6,6.4,14.3,31.7,17.11,Manakara,-22.145,48.017,5.0
2026-01-26,28.4,22.6,25.3,6.6,13.2,30.2,18.49,Manakara,-22.145,48.017,5.0
2026-01-27,30.3,22.7,26.4,2.5,21.4,45.0,25.8,Manakara,-22.145,48.017,5.0
2026-01-28,29.4,23.7,26.5,1.4,15.2,34.2,28.01,Manakara,-22.145,48.017,5.0
2026-01-29,29.1,22.7,26.0,1.6,15.0,33.8,25.83,Manakara,-22.145,48.017,5.0
2026-01-30,28.2,22.5,25.1,8.8,13.0,30.6,21.41,Manakara,-22.145,48.017,5.0
2026-01-31,26.9,22.2,24.0,23.2,13.0,33.1,12.84,Manakara,-22.145,48.017,5.0
2026-02-01,26.9,21.7,24.6,12.2,10.5,25.6,17.2,Manakara,-22.145,48.017,5.0
2026-02-02,28.9,22.7,25.6,1.5,15.8,34.2,22.46,Manakara,-22.145,48.017,5.0
2026-02-03,29.3,22.7,25.4,4.8,14.6,32.8,23.94,Manakara,-22.145,48.017,5.0
2026-02-04,29.1,22.4,25.7,1.5,17.0,36.7,25.77,Manakara,-22.145,48.017,5.0
2026-02-05,28.8,22.4,25.6,2.2,19.0,40.0,26.09,Manakara,-22.145,48.017,5.0
2026-02-06,28.0,21.8,25.0,3.8,18.4,37.8,26.16,Manakara,-22.145,48.017,5.0
2026-02-07,28.3,22.1,25.2,0.8,14.1,31.7,25.43,Manakara,-22.145,48.017,5.0
2026-02-08,29.4,22.3,25.7,0.0,15.1,32.8,27.31,Manakara,-22.145,48.017,5.0
2026-02-09,29.0,21.3,25.2,0.1,13.6,31.0,28.56,Manakara,-22.145,48.017,5.0
2026-02-10,28.1,21.1,24.4,6.1,13.0,29.2,13.91,Manakara,-22.145,48.017,5.0
2026-02-11,29.8,22.8,25.9,7.6,19.1,40.0,25.0,Manakara,-22.145,48.017,5.0
2026-02-12,28.6,22.7,25.8,1.9,15.6,34.2,26.64,Manakara,-22.145,48.017,5.0
2026-02-13,29.0,23.1,26.0,0.9,18.3,39.6,26.98,Manakara,-22.145,48.017,5.0
2026-02-14,30.1,22.6,26.2,0.1,22.8,47.9,27.91,Manakara,-22.145,48.017,5.0
2026-02-15,29.5,22.9,26.3,0.0,20.5,44.3,26.72,Manakara,-22.145,48.017,5.0
2026-02-16,29.7,23.2,26.5,0.5,23.2,48.6,26.18,Manakara,-22.145,48.017,5.0
2026-02-17,31.3,23.5,27.1,1.8,23.1,46.8,26.07,Manakara,-22.145,48.017,5.0
2026-02-18,29.9,23.5,26.7,2.6,19.6,41.0,24.56,Manakara,-22.145,48.017,5.0
2026-02-19,30.0,23.8,26.6,0.3,15.9,34.6,25.96,Manakara,-22.145,48.017,5.0
2026-02-20,30.5,23.4,26.6,0.0,17.5,38.9,26.74,Manakara,-22.145,48.017,5.0
2026-02-21,30.3,22.9,26.0,1.9,14.1,32.8,23.04,Manakara,-22.145,48.017,5.0
2026-02-22,28.2,22.6,25.2,10.7,16.0,34.6,19.85,Manakara,-22.145,48.017,5.0
2026-02-23,28.2,21.9,24.7,9.8,12.4,29.9,20.32,Manakara,-22.145,48.017,5.0
2026-02-24,29.4,22.5,25.8,4.5,16.0,36.7,24.06,Manakara,-22.145,48.017,5.0
2026-02-25,29.0,23.4,26.3,3.2,16.5,35.6,20.99,Manakara,-22.145,48.017,5.0
2026-02-26,29.0,23.0,25.9,2.7,16.6,37.1,22.27,Manakara,-22.145,48.017,5.0
2026-02-27,30.0,23.5,26.4,0.8,17.6,38.9,24.4,Manakara,-22.145,48.017,5.0
2026-02-28,30.6,23.4,26.7,0.4,16.6,36.0,25.94,Manakara,-22.145,48.017,5.0
2026-03-01,29.5,23.2,26.3,1.1,15.4,33.5,24.02,Manakara,-22.145,48.017,5.0
2026-03-02,29.5,22.4,26.2,3.4,13.8,30.6,22.64,Manakara,-22.145,48.017,5.0
2026-03-03,30.0,23.9,26.7,1.3,16.5,37.1,25.04,Manakara,-22.145,48.017,5.0
2026-03-04,30.1,23.4,26.8,2.2,18.8,40.7,24.41,Manakara,-22.145,48.017,5.0
2026-03-05,30.4,22.8,26.4,2.4,17.1,37.1,24.33,Manakara,-22.145,48.017,5.0
2026-03-06,29.6,23.6,26.3,1.9,17.1,36.4,23.13,Manakara,-22.145,48.017,5.0
2026-03-07,29.7,22.1,25.8,1.1,15.2,34.9,25.55,Manakara,-22.145,48.017,5.0
2026-03-08,30.1,22.6,26.6,1.2,16.0,35.6,24.34,Manakara,-22.145,48.017,5.0
2026-03-09,28.2,22.4,25.1,8.9,14.9,36.0,21.81,Manakara,-22.145,48.017,5.0
2026-03-10,28.5,21.9,24.9,3.1,13.1,35.3,21.72,Manakara,-22.145,48.017,5.0
2026-03-11,28.8,22.3,25.1,6.0,12.5,33.1,21.86,Manakara,-22.145,48.017,5.0
2026-03-12,29.5,21.6,25.0,5.3,13.3,30.2,23.52,Manakara,-22.145,48.017,5.0
2026-03-13,28.2,21.6,24.2,4.7,16.4,34.2,22.45,Manakara,-22.145,48.017,5.0
2026-03-14,27.0,21.4,24.0,3.5,15.4,34.2,18.79,Manakara,-22.145,48.017,5.0
2026-03-15,29.7,21.3,25.3,0.0,11.8,28.4,25.16,Manakara,-22.145,48.017,5.0
2026-03-16,29.3,21.7,25.2,1.4,14.2,33.5,19.3,Manakara,-22.145,48.017,5.0
2026-03-17,28.9,22.0,25.2,2.3,14.2,32.4,22.25,Manakara,-22.145,48.017,5.0
2026-03-18,29.0,22.6,25.6,4.0,13.9,31.0,19.22,Manakara,-22.145,48.017,5.0
2026-03-19,30.2,22.8,26.5,0.3,15.1,32.0,23.13,Manakara,-22.145,48.017,5.0
2026-03-20,30.2,23.2,26.7,1.8,13.6,30.6,22.47,Manakara,-22.145,48.017,5.0
2026-03-21,30.4,23.4,26.4,4.6,16.1,35.3,21.76,Manakara,-22.145,48.017,5.0
2026-03-22,30.0,22.9,26.4,1.1,18.1,39.2,22.27,Manakara,-22.145,48.017,5.0
2026-03-23,30.7,23.3,26.8,1.0,14.9,33.5,22.72,Manakara,-22.145,48.017,5.0
2026-03-24,30.0,22.4,26.3,1.2,12.6,30.2,22.79,Manakara,-22.145,48.017,5.0
2026-03-25,29.6,22.8,26.0,2.3,12.8,30.6,22.0,Manakara,-22.145,48.017,5.0
2026-03-26,29.5,23.2,26.2,1.0,14.7,33.8,21.74,Manakara,-22.145,48.017,5.0
2026-03-27,29.7,23.4,26.0,3.6,15.5,36.7,20.71,Manakara,-22.145,48.017,5.0
2026-03-28,28.7,22.2,25.1,4.7,12.4,29.2,18.52,Manakara,-22.145,48.017,5.0
2026-03-29,28.8,21.6,25.4,1.1,15.0,32.0,21.64,Manakara,-22.145,48.017,5.0
2026-03-30,31.2,22.6,26.5,0.0,20.8,43.9,21.35,Manakara,-22.145,48.017,5.0
2026-03-31,31.5,22.5,26.6,1.2,18.4,41.0,22.31,Manakara,-22.145,48.017,5.0
2026-04-01,32.1,22.0,26.7,0.7,18.3,38.9,22.38,Manakara,-22.145,48.017,5.0
2026-04-02,28.5,22.3,25.2,3.9,26.8,53.6,17.72,Manakara,-22.145,48.017,5.0
2026-04-03,28.1,20.4,24.0,1.0,17.0,37.1,16.06,Manakara,-22.145,48.017,5.0
2026-04-04,27.6,19.7,23.2,0.5,18.1,38.9,20.92,Manakara,-22.145,48.017,5.0
2026-04-05,27.6,19.0,23.5,0.6,15.3,34.2,19.14,Manakara,-22.145,48.017,5.0
2026-04-06,28.6,21.7,25.3,0.0,16.7,35.3,16.11,Manakara,-22.145,48.017,5.0
2026-04-07,30.0,21.3,25.5,0.0,17.8,40.3,19.0,Manakara,-22.145,48.017,5.0
2026-04-08,29.0,21.5,25.2,1.2,13.2,32.4,21.02,Manakara,-22.145,48.017,5.0
2026-04-09,25.6,22.1,23.7,5.7,17.6,35.6,12.63,Manakara,-22.145,48.017,5.0
2026-04-10,27.9,20.7,23.9,2.7,13.8,30.2,18.67,Manakara,-22.145,48.017,5.0
2026-04-11,28.8,21.4,24.6,0.6,10.9,28.4,20.23,Manakara,-22.145,48.017,5.0
2026-04-12,29.6,20.3,24.7,0.0,19.2,41.4,20.78,Manakara,-22.145,48.017,5.0
2026-04-13,30.5,21.0,25.7,0.1,18.8,41.0,21.13,Manakara,-22.145,48.017,5.0
2026-04-14,30.6,22.2,25.9,2.9,16.1,35.3,19.74,Manakara,-22.145,48.017,5.0
2026-04-15,26.9,22.2,24.2,1.7,12.6,28.8,12.55,Manakara,-22.145,48.017,5.0
2026-04-16,27.1,21.9,24.3,2.0,12.2,28.8,15.14,Manakara,-22.145,48.017,5.0
2026-04-17,29.1,21.4,25.0,0.5,17.2,36.4,17.48,Manakara,-22.145,48.017,5.0
2026-04-18,30.6,21.8,26.3,0.0,18.4,38.5,20.74,Manakara,-22.145,48.017,5.0
2026-04-19,30.9,22.8,26.4,0.7,18.2,38.2,19.49,Manakara,-22.145,48.017,5.0
2026-04-20,29.1,22.8,25.7,1.8,17.8,38.2,17.7,Manakara,-22.145,48.017,5.0
2026-04-21,29.1,21.6,25.3,0.3,13.1,32.0,19.82,Manakara,-22.145,48.017,5.0
2026-04-22,28.4,21.5,24.9,1.7,13.0,31.3,17.61,Manakara,-22.145,48.017,5.0
2026-04-23,28.8,21.6,25.2,0.7,12.6,30.2,18.68,Manakara,-22.145,48.017,5.0
2026-04-24,27.8,22.1,24.7,2.4,11.5,29.9,17.22,Manakara,-22.145,48.017,5.0
2026-04-25,29.0,21.1,24.8,0.4,13.1,31.7,17.83,Manakara,-22.145,48.017,5.0
2026-04-26,28.4,20.8,24.7,0.7,12.9,29.2,15.25,Manakara,-22.145,48.017,5.0
2026-04-27,30.0,21.6,25.5,0.0,15.0,34.6,18.3,Manakara,-22.145,48.017,5.0
2026-04-28,30.6,21.5,25.7,0.0,14.9,34.6,19.5,Manakara,-22.145,48.017,5.0
2026-04-29,30.7,21.5,25.6,4.5,15.5,35.3,18.6,Manakara,-22.145,48.017,5.0
2026-04-30,23.4,22.1,22.7,16.3,14.3,28.4,6.33,Manakara,-22.145,48.017,5.0
2026-05-01,26.7,21.3,23.5,3.1,12.3,27.7,13.32,Manakara,-22.145,48.017,5.0
2026-05-02,28.8,21.2,24.7,0.1,18.4,37.8,15.53,Manakara,-22.145,48.017,5.0
2026-05-03,28.2,21.5,24.5,2.4,12.3,27.0,15.81,Manakara,-22.145,48.017,5.0
2026-05-04,25.4,21.7,23.5,3.0,13.5,27.7,10.31,Manakara,-22.145,48.017,5.0
2026-05-05,26.9,21.7,24.0,1.5,15.1,30.6,16.32,Manakara,-22.145,48.017,5.0
2026-05-06,29.5,21.3,24.8,0.0,17.5,36.7,18.35,Manakara,-22.145,48.017,5.0
2026-05-07,28.0,21.1,24.4,0.6,16.2,34.9,16.48,Manakara,-22.145,48.017,5.0
2026-05-08,28.7,21.3,24.6,0.0,18.7,38.9,17.85,Manakara,-22.145,48.017,5.0
2026-05-09,29.0,20.2,24.3,0.0,15.4,34.2,17.73,Manakara,-22.145,48.017,5.0
2026-05-10,28.5,20.1,24.1,0.3,14.5,31.3,16.55,Manakara,-22.145,48.017,5.0
2026-05-11,28.8,21.4,24.8,0.1,16.8,40.3,16.41,Manakara,-22.145,48.017,5.0
2026-05-12,30.0,21.8,25.3,0.1,16.6,37.4,17.26,Manakara,-22.145,48.017,5.0
2026-05-13,30.3,20.8,25.3,0.0,18.9,38.9,17.09,Manakara,-22.145,48.017,5.0
2026-05-14,29.1,20.2,24.8,0.6,16.5,36.4,16.15,Manakara,-22.145,48.017,5.0
2026-05-15,28.1,19.8,24.3,0.8,12.5,29.9,16.05,Manakara,-22.145,48.017,5.0
2026-05-16,27.3,20.0,23.7,2.4,12.6,28.1,15.25,Manakara,-22.145,48.017,5.0
2026-05-17,28.5,20.5,23.5,1.2,12.6,28.4,14.5,Manakara,-22.145,48.017,5.0
2026-05-18,25.8,19.8,22.2,1.7,12.9,26.6,12.6,Manakara,-22.145,48.017,5.0
2026-05-19,27.0,18.8,22.4,0.3,12.8,27.4,15.88,Manakara,-22.145,48.017,5.0
2026-05-20,27.0,19.1,22.3,1.3,12.8,29.9,14.38,Manakara,-22.145,48.017,5.0
2026-05-21,25.1,18.7,21.8,1.4,18.7,37.8,14.59,Manakara,-22.145,48.017,5.0
2026-05-22,26.6,18.4,21.9,0.3,16.0,32.0,15.56,Manakara,-22.145,48.017,5.0
2026-05-23,23.0,19.0,20.8,11.8,13.5,25.9,5.83,Manakara,-22.145,48.017,5.0
2026-05-24,23.6,19.8,21.1,16.6,9.1,18.4,3.86,Manakara,-22.145,48.017,5.0
2026-05-25,27.3,19.1,22.9,0.2,18.0,35.6,15.28,Manakara,-22.145,48.017,5.0
2026-05-26,26.6,19.4,22.3,7.7,13.0,25.9,15.18,Manakara,-22.145,48.017,5.0
2026-05-27,25.9,18.4,21.6,4.3,10.0,27.0,12.82,Manakara,-22.145,48.017,5.0
2026-05-28,26.6,18.2,21.9,1.5,10.9,25.9,14.82,Manakara,-22.145,48.017,5.0
2026-05-29,26.6,19.6,22.8,0.9,10.3,24.8,14.74,Manakara,-22.145,48.017,5.0
2026-05-30,26.6,19.5,22.9,1.0,13.6,29.5,14.62,Manakara,-22.145,48.017,5.0
2026-05-31,27.1,19.5,22.6,2.8,11.6,29.5,14.23,Manakara,-22.145,48.017,5.0
2026-06-01,25.7,19.2,22.1,2.1,10.6,26.6,14.93,Manakara,-22.145,48.017,5.0
2026-06-02,26.8,19.1,22.9,5.6,15.1,32.0,14.91,Manakara,-22.145,48.017,5.0
2026-06-03,28.6,19.4,23.5,0.1,13.2,31.3,15.73,Manakara,-22.145,48.017,5.0
2026-06-04,25.6,19.0,21.6,2.9,12.7,27.7,12.0,Manakara,-22.145,48.017,5.0
2026-06-05,25.8,18.5,21.8,0.5,10.2,25.2,14.55,Manakara,-22.145,48.017,5.0
2026-06-06,25.9,18.7,21.6,6.9,11.7,30.6,13.68,Manakara,-22.145,48.017,5.0
2026-06-07,24.5,18.0,20.7,10.8,12.1,29.2,13.18,Manakara,-22.145,48.017,5.0
2026-06-08,22.3,18.0,19.6,56.8,12.5,25.9,7.12,Manakara,-22.145,48.017,5.0
2026-06-09,26.0,16.8,20.8,0.1,14.6,25.6,15.15,Manakara,-22.145,48.017,5.0
2026-06-10,25.9,15.9,20.9,0.0,11.2,23.0,15.81,Manakara,-22.145,48.017,5.0
2026-06-11,26.0,17.4,21.1,0.0,11.1,25.2,15.55,Manakara,-22.145,48.017,5.0
2026-06-12,25.2,16.2,20.6,0.8,12.3,26.6,15.09,Manakara,-22.145,48.017,5.0
2026-06-13,25.6,17.0,21.0,0.0,12.3,26.3,14.0,Manakara,-22.145,48.017,5.0
2026-06-14,25.2,18.2,21.3,0.8,13.4,29.9,14.49,Manakara,-22.145,48.017,5.0
2026-06-15,24.7,18.6,21.3,0.7,9.9,24.1,14.33,Manakara,-22.145,48.017,5.0
2026-06-16,24.6,19.3,21.6,2.2,9.0,20.5,13.1,Manakara,-22.145,48.017,5.0
2026-06-17,24.9,18.3,21.3,0.0,7.9,19.1,13.47,Manakara,-22.145,48.017,5.0
2026-06-18,25.6,17.4,20.9,0.3,12.7,26.6,14.8,Manakara,-22.145,48.017,5.0
2026-06-19,25.4,17.3,20.8,0.1,12.6,25.9,15.31,Manakara,-22.145,48.017,5.0
2026-06-20,24.3,16.5,20.3,0.5,30.3,57.2,14.75,Manakara,-22.145,48.017,5.0
2026-06-21,21.9,15.6,18.6,1.4,21.7,43.9,12.68,Manakara,-22.145,48.017,5.0
2026-06-22,21.9,15.7,18.5,3.9,15.6,27.7,9.17,Manakara,-22.145,48.017,5.0
2026-06-23,23.1,17.0,19.7,4.8,11.6,24.5,11.49,Manakara,-22.145,48.017,5.0
2026-06-24,24.2,17.2,20.4,2.7,8.8,20.9,14.85,Manakara,-22.145,48.017,5.0
2026-06-25,24.1,17.7,20.5,4.2,12.6,25.2,13.89,Manakara,-22.145,48.017,5.0
2026-06-26,23.1,17.9,20.1,6.9,10.9,25.6,9.74,Manakara,-22.145,48.017,5.0
2026-06-27,24.6,17.4,20.4,1.0,11.9,25.9,14.36,Manakara,-22.145,48.017,5.0
2026-06-28,24.0,16.5,19.9,1.3,10.9,24.5,14.77,Manakara,-22.145,48.017,5.0
2026-06-29,23.0,17.4,19.7,5.5,12.0,25.6,9.42,Manakara,-22.145,48.017,5.0
2026-06-30,24.0,16.9,19.9,0.7,9.8,23.0,13.7,Manakara,-22.145,48.017,5.0
2026-07-01,24.6,17.0,20.2,0.2,12.2,26.6,14.41,Manakara,-22.145,48.017,5.0
2026-07-02,25.2,15.5,20.0,0.0,16.0,29.2,15.41,Manakara,-22.145,48.017,5.0
2026-07-03,25.5,16.6,20.4,0.0,16.9,35.3,16.23,Manakara,-22.145,48.017,5.0
2026-07-04,26.2,16.0,20.5,0.0,11.1,24.5,16.02,Manakara,-22.145,48.017,5.0
2026-07-05,25.2,16.7,20.6,2.0,11.6,24.8,14.63,Manakara,-22.145,48.017,5.0
2026-07-06,22.5,18.5,20.2,3.2,18.0,34.6,5.5,Manakara,-22.145,48.017,5.0
2026-07-07,23.6,16.6,19.7,10.3,14.8,32.0,14.04,Manakara,-22.145,48.017,5.0
2026-07-08,23.3,18.1,20.2,17.8,9.5,23.8,12.28,Manakara,-22.145,48.017,5.0
2026-07-09,24.3,14.6,19.6,0.0,15.8,32.4,15.88,Manakara,-22.145,48.017,5.0
2026-07-10,25.7,16.7,20.8,0.0,17.1,36.4,16.2,Manakara,-22.145,48.017,5.0
2026-07-11,24.8,17.3,20.6,2.0,15.7,33.5,14.53,Manakara,-22.145,48.017,5.0
2026-07-12,23.6,17.2,20.2,0.5,11.6,24.8,12.56,Manakara,-22.145,48.017,5.0
2026-07-13,24.9,15.9,20.3,1.5,13.0,28.4,14.67,Manakara,-22.145,48.017,5.0
2026-07-14,25.1,16.7,20.5,0.1,10.4,24.1,15.51,Manakara,-22.145,48.017,5.0
2026-07-15,25.9,16.6,20.8,0.1,12.7,26.6,15.48,Manakara,-22.145,48.017,5.0
2026-07-16,26.8,17.4,21.2,1.0,11.7,23.8,15.78,Manakara,-22.145,48.017,5.0
2026-07-17,25.0,17.3,20.6,0.6,11.1,24.8,15.31,Manakara,-22.145,48.017,5.0
2026-07-18,24.2,17.7,20.6,1.7,11.2,25.9,14.94,Manakara,-22.145,48.017,5.0
2026-07-19,24.6,17.3,20.8,0.8,16.1,31.7,15.34,Manakara,-22.145,48.017,5.0
2026-07-20,25.9,17.5,21.7,0.0,14.2,28.4,16.22,Manakara,-22.145,48.017,5.0
2026-07-21,27.0,18.5,22.2,0.7,16.1,32.8,16.42,Manakara,-22.145,48.017,5.0
2026-07-22,23.9,18.5,21.0,1.8,13.1,28.1,13.5,Manakara,-22.145,48.017,5.0
2026-07-23,23.8,17.0,20.2,2.1,11.8,25.2,14.61,Manakara,-22.145,48.017,5.0
2026-07-24,25.2,16.1,20.5,0.0,18.2,38.5,17.33,Manakara,-22.145,48.017,5.0
2026-07-25,26.0,15.5,20.7,0.0,14.6,29.2,17.09,Manakara,-22.145,48.017,5.0
2026-07-26,26.2,16.0,20.7,0.0,13.3,28.4,17.49,Manakara,-22.145,48.017,5.0
2026-07-27,23.2,17.2,19.9,2.3,13.8,28.4,14.65,Manakara,-22.145,48.017,5.0
2026-07-28,24.5,16.3,20.3,0.2,12.4,27.4,16.49,Manakara,-22.145,48.017,5.0
2026-07-29,25.5,17.0,20.9,0.0,13.7,31.0,16.51,Manakara,-22.145,48.017,5.0
2026-07-30,25.0,17.3,20.9,0.4,12.4,29.2,15.85,Manakara,-22.145,48.017,5.0
2026-07-31,25.8,17.7,21.3,1.5,13.9,29.5,15.9,Manakara,-22.145,48.017,5.0
2026-08-01,26.5,17.4,21.9,0.0,15.7,28.8,17.23,Manakara,-22.145,48.017,5.0
2026-08-02,25.4,17.7,21.5,0.8,11.2,26.3,16.87,Manakara,-22.145,48.017,5.0
2026-08-03,26.4,18.4,22.3,0.2,20.7,42.8,15.78,Manakara,-22.145,48.017,5.0
2026-08-04,25.7,18.2,21.7,2.0,14.3,30.6,15.45,Manakara,-22.145,48.017,5.0
2026-08-05,25.5,19.2,21.9,0.5,15.2,36.0,15.34,Manakara,-22.145,48.017,5.0
2026-08-06,26.2,18.8,22.5,1.3,18.6,38.9,15.86,Manakara,-22.145,48.017,5.0
2026-08-07,24.8,19.4,21.5,4.8,13.6,25.2,7.32,Manakara,-22.145,48.017,5.0
2026-08-08,24.7,17.9,21.6,3.6,17.2,36.4,14.55,Manakara,-22.145,48.017,5.0
2026-08-09,25.4,18.5,21.7,2.9,18.5,37.4,16.47,Manakara,-22.145,48.017,5.0
2026-08-10,26.0,18.5,22.2,0.9,18.7,38.5,17.15,Manakara,-22.145,48.017,5.0
2026-08-11,26.7,18.2,22.4,0.2,17.1,34.6,18.07,Manakara,-22.145,48.017,5.0
2026-08-12,26.6,18.8,22.1,5.0,16.2,35.3,17.39,Manakara,-22.145,48.017,5.0
2026-08-13,24.5,18.7,21.1,4.8,12.6,28.8,15.53,Manakara,-22.145,48.017,5.0
2026-08-14,25.0,18.5,21.1,7.8,15.3,33.8,16.17,Manakara,-22.145,48.017,5.0
2026-08-15,24.1,18.8,20.8,22.7,20.6,42.8,11.06,Manakara,-22.145,48.017,5.0
2026-08-16,22.7,18.3,20.1,12.0,13.9,32.0,9.84,Manakara,-22.145,48.017,5.0
2026-08-17,21.8,18.6,19.6,48.6,13.4,27.0,6.66,Manakara,-22.145,48.017,5.0
2026-08-18,24.2,18.3,20.3,19.8,13.0,29.9,12.64,Manakara,-22.145,48.017,5.0
2026-08-19,25.7,18.3,21.6,0.4,11.8,28.1,17.78,Manakara,-22.145,48.017,5.0
2026-08-20,25.6,18.2,22.1,1.4,14.6,31.0,18.31,Manakara,-22.145,48.017,5.0
2026-08-21,27.5,19.2,22.9,0.0,20.1,41.0,20.25,Manakara,-22.145,48.017,5.0
2026-08-22,26.6,19.3,22.7,0.0,18.2,37.1,20.46,Manakara,-22.145,48.017,5.0
2026-08-23,27.4,18.6,22.6,0.0,21.0,41.8,20.78,Manakara,-22.145,48.017,5.0
2026-08-24,27.7,18.4,22.7,0.4,16.8,34.6,20.74,Manakara,-22.145,48.017,5.0
2026-08-25,25.7,18.9,22.3,1.6,20.2,40.3,17.85,Manakara,-22.145,48.017,5.0
2026-08-26,27.3,18.3,22.6,0.0,19.8,37.8,21.13,Manakara,-22.145,48.017,5.0
2026-08-27,24.2,18.7,21.3,4.9,21.5,43.6,15.41,Manakara,-22.145,48.017,5.0
2026-08-28,22.9,18.3,20.4,9.2,27.7,58.3,13.28,Manakara,-22.145,48.017,5.0
2026-08-29,22.6,17.6,20.0,7.6,21.2,44.6,18.19,Manakara,-22.145,48.017,5.0
2026-08-30,23.1,16.7,20.0,6.1,20.1,41.4,14.86,Manakara,-22.145,48.017,5.0
2026-08-31,24.1,16.7,20.7,1.3,19.8,41.0,18.38,Manakara,-22.145,48.017,5.0
2026-09-01,25.7,17.9,21.6,0.2,16.7,37.4,20.2,Manakara,-22.145,48.017,5.0
2026-09-02,25.2,17.6,21.4,0.6,12.7,29.9,20.79,Manakara,-22.145,48.017,5.0
2026-09-03,24.8,18.1,21.4,0.3,17.4,37.8,19.18,Manakara,-22.145,48.017,5.0
2026-09-04,25.7,18.0,21.9,0.4,21.8,43.6,19.61,Manakara,-22.145,48.017,5.0
2026-09-05,26.9,17.9,22.4,0.1,16.4,33.5,21.11,Manakara,-22.145,48.017,5.0
2026-09-06,25.6,18.1,22.0,1.8,20.7,41.0,19.29,Manakara,-22.145,48.017,5.0
2026-09-07,24.8,18.5,20.9,9.5,30.3,55.8,16.89,Manakara,-22.145,48.017,5.0
2026-09-08,20.5,18.7,19.4,31.3,22.7,43.9,4.81,Manakara,-22.145,48.017,5.0
2026-09-09,23.5,18.5,20.7,7.7,19.3,41.0,16.7,Manakara,-22.145,48.017,5.0
2026-09-10,23.0,17.5,20.0,7.2,15.9,31.7,12.24,Manakara,-22.145,48.017,5.0
2026-09-11,24.6,18.3,21.1,5.6,18.3,41.4,18.46,Manakara,-22.145,48.017,5.0
2026-09-12,26.3,17.8,21.8,0.0,19.9,41.0,21.43,Manakara,-22.145,48.017,5.0
2026-09-13,25.7,17.7,21.6,0.3,16.8,35.3,21.75,Manakara,-22.145,48.017,5.0
2026-09-14,25.7,18.5,22.2,0.5,12.1,27.7,22.01,Manakara,-22.145,48.017,5.0
2026-09-15,23.5,20.1,21.5,28.1,26.0,55.1,13.37,Manakara,-22.145,48.017,5.0
2026-09-16,24.8,19.7,22.1,0.1,19.4,40.3,20.28,Manakara,-22.145,48.017,5.0
2026-09-17,25.3,16.0,21.1,0.0,20.4,42.5,21.95,Manakara,-22.145,48.017,5.0
2026-09-18,25.3,16.8,21.3,0.0,22.8,47.2,22.82,Manakara,-22.145,48.017,5.0
2026-09-19,24.8,17.6,21.9,1.8,19.3,40.7,21.01,Manakara,-22.145,48.017,5.0
2026-09-20,25.7,20.0,22.3,1.0,17.3,37.8,19.58,Manakara,-22.145,48.017,5.0
2026-09-21,26.3,16.7,21.8,0.0,20.8,43.6,23.21,Manakara,-22.145,48.017,5.0
