date,tmax,tmin,tmoy,pluie,vent,raf,ray,ville,lat,lon,alt
2012-01-01,29.4,24.6,26.7,2.6,12.4,35.6,17.23,Morondava,-20.283,44.283,0.0
2012-01-02,29.1,24.9,26.6,6.7,10.9,28.1,14.36,Morondava,-20.283,44.283,0.0
2012-01-03,30.5,24.6,27.2,4.4,10.8,31.0,19.73,Morondava,-20.283,44.283,0.0
2012-01-04,31.5,24.9,27.6,2.0,15.8,43.6,15.99,Morondava,-20.283,44.283,0.0
2012-01-05,32.1,25.4,28.3,0.3,11.1,38.9,18.52,Morondava,-20.283,44.283,0.0
2012-01-06,31.4,25.7,28.0,2.8,13.3,40.7,17.53,Morondava,-20.283,44.283,0.0
2012-01-07,26.5,23.4,25.3,19.4,17.9,36.4,4.37,Morondava,-20.283,44.283,0.0
2012-01-08,24.4,23.4,23.8,73.2,38.3,87.8,3.49,Morondava,-20.283,44.283,0.0
2012-01-09,26.6,24.4,25.1,53.0,35.6,80.3,10.7,Morondava,-20.283,44.283,0.0
2012-01-10,27.5,24.5,25.9,24.7,22.6,54.4,17.49,Morondava,-20.283,44.283,0.0
2012-01-11,28.7,24.4,26.2,2.3,13.4,32.4,20.15,Morondava,-20.283,44.283,0.0
2012-01-12,28.3,24.1,26.1,4.0,12.4,27.7,21.43,Morondava,-20.283,44.283,0.0
2012-01-13,28.9,23.9,26.5,2.2,13.7,31.3,19.03,Morondava,-20.283,44.283,0.0
2012-01-14,29.1,23.6,26.5,2.3,12.1,28.4,22.87,Morondava,-20.283,44.283,0.0
2012-01-15,30.1,24.1,26.6,14.1,7.7,28.8,25.06,Morondava,-20.283,44.283,0.0
2012-01-16,29.9,23.7,26.1,21.9,11.1,31.7,21.26,Morondava,-20.283,44.283,0.0
2012-01-17,27.5,23.2,25.4,14.4,9.2,22.3,11.38,Morondava,-20.283,44.283,0.0
2012-01-18,29.7,24.6,26.4,13.6,8.4,31.0,17.36,Morondava,-20.283,44.283,0.0
2012-01-19,27.9,24.5,25.9,1.0,15.8,34.2,10.47,Morondava,-20.283,44.283,0.0
2012-01-20,26.0,23.8,24.9,15.6,7.9,26.6,7.95,Morondava,-20.283,44.283,0.0
2012-01-21,27.6,23.7,25.4,16.3,11.0,35.3,12.33,Morondava,-20.283,44.283,0.0
2012-01-22,27.3,23.6,24.9,30.5,12.0,40.3,8.72,Morondava,-20.283,44.283,0.0
2012-01-23,28.2,24.0,25.5,14.6,17.8,44.3,8.47,Morondava,-20.283,44.283,0.0
2012-01-24,28.3,24.2,26.0,15.3,18.7,59.0,16.77,Morondava,-20.283,44.283,0.0
2012-01-25,29.7,25.4,27.2,5.3,20.3,55.1,21.82,Morondava,-20.283,44.283,0.0
2012-01-26,28.1,25.1,26.5,11.2,20.5,46.1,19.65,Morondava,-20.283,44.283,0.0
2012-01-27,29.6,24.3,26.7,4.1,14.8,35.6,25.17,Morondava,-20.283,44.283,0.0
2012-01-28,29.3,24.7,26.7,2.4,13.2,29.5,21.64,Morondava,-20.283,44.283,0.0
2012-01-29,30.0,24.9,27.2,1.7,16.8,34.2,23.25,Morondava,-20.283,44.283,0.0
2012-01-30,30.4,25.2,27.4,10.9,9.7,33.1,25.02,Morondava,-20.283,44.283,0.0
2012-01-31,26.3,24.4,25.5,0.3,25.1,54.7,11.7,Morondava,-20.283,44.283,0.0
2012-02-01,28.7,23.9,26.2,0.0,11.0,27.4,24.77,Morondava,-20.283,44.283,0.0
2012-02-02,30.2,23.2,26.8,0.0,11.5,28.1,26.37,Morondava,-20.283,44.283,0.0
2012-02-03,30.6,25.2,27.8,1.3,7.4,24.8,25.14,Morondava,-20.283,44.283,0.0
2012-02-04,30.3,25.1,27.7,2.6,12.3,28.8,21.71,Morondava,-20.283,44.283,0.0
2012-02-05,30.2,24.7,27.4,6.7,10.8,29.2,23.31,Morondava,-20.283,44.283,0.0
2012-02-06,29.0,24.2,26.7,13.1,10.9,28.1,21.6,Morondava,-20.283,44.283,0.0
2012-02-07,29.4,24.1,26.2,12.9,8.8,24.5,21.05,Morondava,-20.283,44.283,0.0
2012-02-08,28.5,23.7,25.9,7.2,11.3,29.5,22.11,Morondava,-20.283,44.283,0.0
2012-02-09,28.8,23.5,26.1,0.8,12.1,28.8,23.41,Morondava,-20.283,44.283,0.0
2012-02-10,29.4,24.1,26.6,0.8,14.1,32.4,24.21,Morondava,-20.283,44.283,0.0
2012-02-11,29.9,23.7,26.9,0.0,13.4,31.3,26.7,Morondava,-20.283,44.283,0.0
2012-02-12,29.8,23.5,26.7,0.0,13.4,31.7,27.77,Morondava,-20.283,44.283,0.0
2012-02-13,30.5,25.0,27.9,1.0,12.9,31.0,24.53,Morondava,-20.283,44.283,0.0
2012-02-14,28.5,25.3,26.6,65.4,36.9,77.0,4.49,Morondava,-20.283,44.283,0.0
2012-02-15,27.6,24.4,25.7,17.1,29.8,65.2,8.08,Morondava,-20.283,44.283,0.0
2012-02-16,29.1,24.6,26.3,4.4,20.3,42.8,22.4,Morondava,-20.283,44.283,0.0
2012-02-17,28.1,25.1,26.2,9.2,14.7,38.9,21.49,Morondava,-20.283,44.283,0.0
2012-02-18,29.0,24.6,26.5,2.7,13.7,34.6,21.22,Morondava,-20.283,44.283,0.0
2012-02-19,30.2,24.6,27.1,0.1,12.6,29.5,26.24,Morondava,-20.283,44.283,0.0
2012-02-20,30.3,24.5,27.4,2.7,8.7,27.0,24.16,Morondava,-20.283,44.283,0.0
2012-02-21,29.7,24.9,27.2,4.6,7.1,24.8,21.81,Morondava,-20.283,44.283,0.0
2012-02-22,29.1,24.4,26.7,3.0,10.2,26.6,21.97,Morondava,-20.283,44.283,0.0
2012-02-23,29.3,24.6,26.7,1.2,11.9,28.8,18.7,Morondava,-20.283,44.283,0.0
2012-02-24,29.8,24.5,27.0,0.1,10.2,25.6,24.43,Morondava,-20.283,44.283,0.0
2012-02-25,31.8,25.4,28.4,0.3,11.5,21.2,25.54,Morondava,-20.283,44.283,0.0
2012-02-26,32.7,25.1,28.7,0.0,13.7,27.7,28.1,Morondava,-20.283,44.283,0.0
2012-02-27,32.7,26.9,29.5,0.0,16.9,34.6,17.51,Morondava,-20.283,44.283,0.0
2012-02-28,32.8,25.9,29.2,1.1,22.6,57.6,19.33,Morondava,-20.283,44.283,0.0
2012-02-29,28.2,24.2,26.4,8.4,23.2,55.1,10.72,Morondava,-20.283,44.283,0.0
2012-03-01,27.3,24.5,26.0,33.9,34.2,79.9,6.17,Morondava,-20.283,44.283,0.0
2012-03-02,28.2,24.5,25.7,12.8,24.0,56.9,15.25,Morondava,-20.283,44.283,0.0
2012-03-03,27.7,24.4,25.8,3.2,18.5,40.7,21.16,Morondava,-20.283,44.283,0.0
2012-03-04,29.6,23.7,26.3,9.8,8.1,20.5,19.05,Morondava,-20.283,44.283,0.0
2012-03-05,30.6,24.1,26.9,0.5,8.4,22.7,26.12,Morondava,-20.283,44.283,0.0
2012-03-06,29.6,24.6,26.8,1.6,10.3,28.8,22.23,Morondava,-20.283,44.283,0.0
2012-03-07,29.4,24.5,26.9,1.0,8.5,22.0,22.75,Morondava,-20.283,44.283,0.0
2012-03-08,30.0,24.0,26.9,0.3,9.2,22.7,24.49,Morondava,-20.283,44.283,0.0
2012-03-09,30.8,24.2,27.4,0.2,10.4,20.9,24.86,Morondava,-20.283,44.283,0.0
2012-03-10,31.5,25.0,27.7,0.0,9.4,22.3,25.82,Morondava,-20.283,44.283,0.0
2012-03-11,30.5,25.1,27.6,0.0,9.4,22.3,22.5,Morondava,-20.283,44.283,0.0
2012-03-12,30.4,25.5,27.5,5.7,7.9,25.2,20.23,Morondava,-20.283,44.283,0.0
2012-03-13,30.0,24.2,26.9,6.0,10.9,24.5,22.2,Morondava,-20.283,44.283,0.0
2012-03-14,29.5,23.9,26.3,1.5,9.7,25.9,21.1,Morondava,-20.283,44.283,0.0
2012-03-15,29.5,23.9,26.3,4.6,8.6,21.6,21.82,Morondava,-20.283,44.283,0.0
2012-03-16,29.7,23.4,26.2,5.0,10.7,30.2,24.06,Morondava,-20.283,44.283,0.0
2012-03-17,29.8,24.5,26.8,0.8,7.1,25.6,21.89,Morondava,-20.283,44.283,0.0
2012-03-18,30.5,24.4,27.0,3.0,9.2,24.1,22.77,Morondava,-20.283,44.283,0.0
2012-03-19,29.4,23.9,26.8,2.2,10.7,25.9,20.83,Morondava,-20.283,44.283,0.0
2012-03-20,30.1,24.4,27.1,3.3,12.3,27.0,21.32,Morondava,-20.283,44.283,0.0
2012-03-21,30.1,24.2,26.7,5.4,7.5,23.0,21.5,Morondava,-20.283,44.283,0.0
2012-03-22,29.9,24.6,26.8,5.9,8.3,29.5,21.06,Morondava,-20.283,44.283,0.0
2012-03-23,29.6,23.9,26.3,5.0,7.6,26.3,20.66,Morondava,-20.283,44.283,0.0
2012-03-24,30.1,24.2,26.8,5.2,9.1,27.0,21.41,Morondava,-20.283,44.283,0.0
2012-03-25,29.8,24.1,26.7,2.4,10.5,24.8,19.93,Morondava,-20.283,44.283,0.0
2012-03-26,29.2,23.8,26.4,0.9,12.4,28.8,21.56,Morondava,-20.283,44.283,0.0
2012-03-27,30.2,23.6,26.7,0.0,9.4,21.6,23.22,Morondava,-20.283,44.283,0.0
2012-03-28,30.5,24.4,27.2,0.0,11.5,27.0,22.67,Morondava,-20.283,44.283,0.0
2012-03-29,30.1,23.8,27.0,0.0,12.2,27.7,23.03,Morondava,-20.283,44.283,0.0
2012-03-30,30.6,23.4,26.7,0.4,8.3,25.2,22.05,Morondava,-20.283,44.283,0.0
2012-03-31,30.3,24.2,27.0,6.4,10.8,31.7,22.67,Morondava,-20.283,44.283,0.0
2012-04-01,31.0,24.1,27.1,5.0,8.1,19.8,22.42,Morondava,-20.283,44.283,0.0
2012-04-02,29.6,23.8,26.4,0.7,10.4,29.2,20.92,Morondava,-20.283,44.283,0.0
2012-04-03,29.8,24.1,26.5,0.9,10.5,24.5,20.62,Morondava,-20.283,44.283,0.0
2012-04-04,29.9,23.9,26.6,3.3,6.5,20.5,18.39,Morondava,-20.283,44.283,0.0
2012-04-05,28.4,24.2,26.2,9.3,8.2,16.2,9.17,Morondava,-20.283,44.283,0.0
2012-04-06,27.0,23.4,25.0,18.8,10.5,25.6,9.44,Morondava,-20.283,44.283,0.0
2012-04-07,29.6,23.5,26.1,14.2,9.7,21.6,19.43,Morondava,-20.283,44.283,0.0
2012-04-08,29.5,23.8,26.2,3.2,9.1,21.6,19.94,Morondava,-20.283,44.283,0.0
2012-04-09,29.6,24.4,26.7,0.5,9.1,21.2,19.6,Morondava,-20.283,44.283,0.0
2012-04-10,29.6,23.5,26.6,0.1,9.4,25.9,19.47,Morondava,-20.283,44.283,0.0
2012-04-11,30.4,24.1,27.0,0.0,12.5,29.2,21.21,Morondava,-20.283,44.283,0.0
2012-04-12,31.0,24.1,27.3,1.7,8.0,20.5,20.41,Morondava,-20.283,44.283,0.0
2012-04-13,30.3,24.5,26.9,0.2,10.0,25.2,16.93,Morondava,-20.283,44.283,0.0
2012-04-14,29.6,24.6,26.6,4.5,7.9,24.8,17.65,Morondava,-20.283,44.283,0.0
2012-04-15,29.9,24.6,26.8,3.4,10.4,20.9,16.78,Morondava,-20.283,44.283,0.0
2012-04-16,30.4,24.8,27.3,1.6,8.3,20.9,18.49,Morondava,-20.283,44.283,0.0
2012-04-17,31.4,24.2,27.3,0.0,11.1,22.7,21.44,Morondava,-20.283,44.283,0.0
2012-04-18,29.8,24.6,27.0,1.5,13.2,24.5,19.33,Morondava,-20.283,44.283,0.0
2012-04-19,28.3,24.5,26.2,1.3,15.4,34.6,17.82,Morondava,-20.283,44.283,0.0
2012-04-20,29.1,23.4,25.9,0.1,10.6,24.5,16.44,Morondava,-20.283,44.283,0.0
2012-04-21,30.5,23.3,26.4,2.3,8.9,25.6,19.11,Morondava,-20.283,44.283,0.0
2012-04-22,29.7,24.0,26.6,1.2,9.4,20.2,18.64,Morondava,-20.283,44.283,0.0
2012-04-23,29.8,23.5,26.6,0.1,8.2,20.9,16.75,Morondava,-20.283,44.283,0.0
2012-04-24,32.6,24.1,28.0,0.0,14.0,28.1,20.22,Morondava,-20.283,44.283,0.0
2012-04-25,31.4,24.8,27.6,0.0,15.6,35.6,19.53,Morondava,-20.283,44.283,0.0
2012-04-26,30.8,22.8,26.3,0.0,12.7,28.8,20.38,Morondava,-20.283,44.283,0.0
2012-04-27,30.3,22.0,25.7,0.0,10.0,22.0,18.42,Morondava,-20.283,44.283,0.0
2012-04-28,30.4,21.4,25.5,0.0,9.4,20.2,20.44,Morondava,-20.283,44.283,0.0
2012-04-29,30.3,21.1,25.3,0.0,10.0,22.3,20.84,Morondava,-20.283,44.283,0.0
2012-04-30,30.3,21.1,25.3,0.0,9.9,20.5,20.6,Morondava,-20.283,44.283,0.0
2012-05-01,31.1,21.0,25.7,0.0,8.7,19.1,20.06,Morondava,-20.283,44.283,0.0
2012-05-02,30.7,21.5,25.8,0.0,9.9,22.3,19.89,Morondava,-20.283,44.283,0.0
2012-05-03,30.7,22.8,26.2,0.0,9.7,20.5,17.52,Morondava,-20.283,44.283,0.0
2012-05-04,30.7,22.8,26.5,0.0,9.1,20.5,17.49,Morondava,-20.283,44.283,0.0
2012-05-05,31.1,23.2,26.8,0.0,9.8,24.8,18.04,Morondava,-20.283,44.283,0.0
2012-05-06,31.1,23.6,26.7,0.0,11.3,24.5,19.23,Morondava,-20.283,44.283,0.0
2012-05-07,31.2,22.2,26.1,0.0,12.7,23.8,19.92,Morondava,-20.283,44.283,0.0
2012-05-08,30.9,21.6,25.5,0.0,11.5,27.0,19.41,Morondava,-20.283,44.283,0.0
2012-05-09,30.3,22.3,25.9,0.2,10.7,23.0,16.35,Morondava,-20.283,44.283,0.0
2012-05-10,30.4,22.5,26.4,0.4,9.2,18.7,17.05,Morondava,-20.283,44.283,0.0
2012-05-11,30.4,22.7,26.2,0.4,9.2,24.1,18.14,Morondava,-20.283,44.283,0.0
2012-05-12,30.8,22.5,26.0,0.0,11.7,23.4,17.49,Morondava,-20.283,44.283,0.0
2012-05-13,29.7,20.6,25.2,0.0,10.1,22.0,15.82,Morondava,-20.283,44.283,0.0
2012-05-14,29.0,20.3,24.7,0.0,10.8,24.5,16.6,Morondava,-20.283,44.283,0.0
2012-05-15,28.5,20.5,24.3,0.0,13.2,30.2,18.85,Morondava,-20.283,44.283,0.0
2012-05-16,28.4,20.3,24.2,0.0,13.6,30.6,18.1,Morondava,-20.283,44.283,0.0
2012-05-17,28.8,20.6,24.6,0.0,11.5,25.2,18.26,Morondava,-20.283,44.283,0.0
2012-05-18,29.4,20.0,24.6,0.0,11.0,26.3,18.69,Morondava,-20.283,44.283,0.0
2012-05-19,29.1,20.8,24.5,0.0,11.2,28.1,16.15,Morondava,-20.283,44.283,0.0
2012-05-20,29.0,20.6,24.4,0.0,12.3,24.5,17.46,Morondava,-20.283,44.283,0.0
2012-05-21,27.6,21.4,24.2,0.0,14.9,33.5,15.25,Morondava,-20.283,44.283,0.0
2012-05-22,28.1,19.8,24.1,0.0,10.1,25.6,16.8,Morondava,-20.283,44.283,0.0
2012-05-23,28.8,21.3,24.5,0.0,10.7,23.0,15.97,Morondava,-20.283,44.283,0.0
2012-05-24,28.3,20.7,24.3,0.0,10.1,25.2,17.54,Morondava,-20.283,44.283,0.0
2012-05-25,30.6,20.7,25.3,0.0,9.4,20.5,16.51,Morondava,-20.283,44.283,0.0
2012-05-26,31.4,21.7,26.0,0.0,9.7,23.8,17.33,Morondava,-20.283,44.283,0.0
2012-05-27,31.5,23.0,26.6,0.0,12.3,29.9,17.38,Morondava,-20.283,44.283,0.0
2012-05-28,30.5,23.5,26.4,0.0,9.9,25.6,13.29,Morondava,-20.283,44.283,0.0
2012-05-29,30.4,22.8,26.0,0.0,10.2,27.0,16.8,Morondava,-20.283,44.283,0.0
2012-05-30,29.7,21.3,25.0,0.0,11.7,25.6,17.3,Morondava,-20.283,44.283,0.0
2012-05-31,30.4,20.7,25.3,0.0,11.4,23.4,16.09,Morondava,-20.283,44.283,0.0
2012-06-01,29.4,21.3,25.2,0.0,10.1,21.2,15.05,Morondava,-20.283,44.283,0.0
2012-06-02,29.1,21.6,24.8,0.0,12.9,28.4,15.92,Morondava,-20.283,44.283,0.0
2012-06-03,27.0,20.0,23.2,0.0,16.6,38.2,16.56,Morondava,-20.283,44.283,0.0
2012-06-04,28.5,19.2,23.4,0.0,15.4,36.7,17.55,Morondava,-20.283,44.283,0.0
2012-06-05,29.7,19.4,23.9,0.0,15.8,35.6,17.58,Morondava,-20.283,44.283,0.0
2012-06-06,28.7,19.0,23.3,0.0,13.7,27.4,17.55,Morondava,-20.283,44.283,0.0
2012-06-07,28.0,18.6,23.1,0.0,9.0,19.1,17.2,Morondava,-20.283,44.283,0.0
2012-06-08,29.2,19.4,23.7,0.0,9.4,23.4,17.05,Morondava,-20.283,44.283,0.0
2012-06-09,28.8,21.1,24.5,0.0,8.0,23.0,13.34,Morondava,-20.283,44.283,0.0
2012-06-10,28.6,21.5,24.2,0.0,11.2,27.0,14.0,Morondava,-20.283,44.283,0.0
2012-06-11,28.4,20.8,24.0,0.0,14.2,30.6,13.84,Morondava,-20.283,44.283,0.0
2012-06-12,28.8,22.7,25.1,0.1,12.2,28.4,12.08,Morondava,-20.283,44.283,0.0
2012-06-13,28.3,21.4,24.6,0.2,9.3,25.2,13.31,Morondava,-20.283,44.283,0.0
2012-06-14,29.6,21.6,25.5,0.0,14.5,25.9,14.15,Morondava,-20.283,44.283,0.0
2012-06-15,30.3,22.6,25.9,0.0,16.6,34.9,16.54,Morondava,-20.283,44.283,0.0
2012-06-16,30.2,21.9,25.4,0.0,16.5,31.7,16.52,Morondava,-20.283,44.283,0.0
2012-06-17,29.6,21.8,25.1,0.0,10.0,24.8,15.22,Morondava,-20.283,44.283,0.0
2012-06-18,30.0,20.9,24.9,0.0,9.8,24.8,16.55,Morondava,-20.283,44.283,0.0
2012-06-19,30.0,20.5,24.8,0.0,13.0,28.1,17.02,Morondava,-20.283,44.283,0.0
2012-06-20,30.0,22.0,25.1,0.0,12.4,27.4,16.65,Morondava,-20.283,44.283,0.0
2012-06-21,29.2,19.4,24.0,0.0,11.3,24.1,16.36,Morondava,-20.283,44.283,0.0
2012-06-22,29.8,20.6,24.6,0.0,10.9,27.0,15.94,Morondava,-20.283,44.283,0.0
2012-06-23,28.8,20.4,24.1,0.0,12.2,29.2,16.17,Morondava,-20.283,44.283,0.0
2012-06-24,27.9,19.7,23.6,0.0,11.2,26.3,16.32,Morondava,-20.283,44.283,0.0
2012-06-25,28.5,20.3,23.8,0.0,10.9,27.0,16.29,Morondava,-20.283,44.283,0.0
2012-06-26,28.7,21.1,24.3,0.0,12.0,27.7,15.15,Morondava,-20.283,44.283,0.0
2012-06-27,29.6,20.7,24.6,0.0,11.2,24.5,16.4,Morondava,-20.283,44.283,0.0
2012-06-28,28.8,20.1,24.0,0.0,11.2,25.6,15.51,Morondava,-20.283,44.283,0.0
2012-06-29,27.9,19.3,23.2,0.0,10.9,24.8,16.17,Morondava,-20.283,44.283,0.0
2012-06-30,28.8,19.2,23.7,0.0,11.0,24.5,16.68,Morondava,-20.283,44.283,0.0
2012-07-01,29.1,19.7,24.0,0.0,11.4,21.2,16.89,Morondava,-20.283,44.283,0.0
2012-07-02,29.1,19.3,23.7,0.0,12.4,23.8,16.95,Morondava,-20.283,44.283,0.0
2012-07-03,29.1,19.9,24.1,0.0,11.5,22.0,15.06,Morondava,-20.283,44.283,0.0
2012-07-04,28.8,20.7,24.1,0.0,11.3,26.3,15.1,Morondava,-20.283,44.283,0.0
2012-07-05,28.0,19.1,23.3,0.0,11.7,25.6,17.04,Morondava,-20.283,44.283,0.0
2012-07-06,28.6,19.2,23.3,0.0,11.5,22.3,17.51,Morondava,-20.283,44.283,0.0
2012-07-07,29.0,18.8,23.1,0.0,11.6,26.3,17.24,Morondava,-20.283,44.283,0.0
2012-07-08,28.1,18.5,22.7,0.0,12.4,29.2,17.33,Morondava,-20.283,44.283,0.0
2012-07-09,28.7,18.4,22.9,0.0,12.7,26.6,17.37,Morondava,-20.283,44.283,0.0
2012-07-10,29.4,18.4,23.4,0.0,11.4,22.7,17.37,Morondava,-20.283,44.283,0.0
2012-07-11,28.7,18.5,23.3,0.0,10.7,23.0,16.33,Morondava,-20.283,44.283,0.0
2012-07-12,29.6,20.0,24.2,0.0,11.9,22.7,16.52,Morondava,-20.283,44.283,0.0
2012-07-13,29.0,20.8,24.0,0.0,11.2,22.3,14.98,Morondava,-20.283,44.283,0.0
2012-07-14,28.6,19.5,23.4,0.0,11.7,26.3,17.2,Morondava,-20.283,44.283,0.0
2012-07-15,28.3,19.1,23.2,0.0,10.5,26.6,17.15,Morondava,-20.283,44.283,0.0
2012-07-16,27.2,18.7,22.8,0.0,14.5,31.3,17.26,Morondava,-20.283,44.283,0.0
2012-07-17,26.1,18.8,22.1,0.0,16.9,35.6,17.73,Morondava,-20.283,44.283,0.0
2012-07-18,25.5,17.1,20.9,0.0,12.7,29.2,18.05,Morondava,-20.283,44.283,0.0
2012-07-19,24.7,17.6,21.0,0.0,12.3,29.5,16.11,Morondava,-20.283,44.283,0.0
2012-07-20,26.2,17.5,21.4,0.0,10.6,25.9,17.75,Morondava,-20.283,44.283,0.0
2012-07-21,28.1,18.9,22.9,0.0,12.2,25.6,17.14,Morondava,-20.283,44.283,0.0
2012-07-22,28.6,22.2,24.5,0.0,10.2,23.8,15.36,Morondava,-20.283,44.283,0.0
2012-07-23,28.0,20.7,24.1,0.0,10.0,24.1,12.77,Morondava,-20.283,44.283,0.0
2012-07-24,29.3,21.6,25.0,0.0,11.0,21.2,14.59,Morondava,-20.283,44.283,0.0
2012-07-25,30.0,21.1,24.8,0.0,12.1,25.9,18.05,Morondava,-20.283,44.283,0.0
2012-07-26,29.9,19.9,24.2,0.0,13.3,25.2,18.61,Morondava,-20.283,44.283,0.0
2012-07-27,29.2,20.1,23.9,0.0,12.6,29.2,16.52,Morondava,-20.283,44.283,0.0
2012-07-28,27.1,19.7,23.0,0.0,13.4,29.9,15.59,Morondava,-20.283,44.283,0.0
2012-07-29,28.0,19.1,23.1,0.0,14.7,33.5,17.09,Morondava,-20.283,44.283,0.0
2012-07-30,28.3,20.4,23.6,0.0,16.4,34.9,17.68,Morondava,-20.283,44.283,0.0
2012-07-31,27.9,18.7,22.9,0.0,14.0,32.8,18.6,Morondava,-20.283,44.283,0.0
2012-08-01,27.9,19.9,23.5,0.0,16.2,38.9,17.8,Morondava,-20.283,44.283,0.0
2012-08-02,28.0,18.4,22.8,0.0,14.5,27.4,19.34,Morondava,-20.283,44.283,0.0
2012-08-03,26.2,18.5,21.9,0.0,16.6,37.4,19.38,Morondava,-20.283,44.283,0.0
2012-08-04,25.3,16.8,20.8,0.0,13.9,34.9,19.68,Morondava,-20.283,44.283,0.0
2012-08-05,26.0,15.7,21.1,0.0,10.1,27.0,19.26,Morondava,-20.283,44.283,0.0
2012-08-06,27.4,17.8,22.2,0.0,10.7,27.0,18.94,Morondava,-20.283,44.283,0.0
2012-08-07,29.7,19.0,24.0,0.0,11.9,31.3,15.07,Morondava,-20.283,44.283,0.0
2012-08-08,29.4,21.1,24.6,0.0,10.7,25.6,17.49,Morondava,-20.283,44.283,0.0
2012-08-09,28.8,19.9,24.1,0.0,15.5,32.4,19.35,Morondava,-20.283,44.283,0.0
2012-08-10,30.1,21.4,24.8,0.0,12.5,27.7,17.52,Morondava,-20.283,44.283,0.0
2012-08-11,29.2,20.1,24.0,0.0,14.1,33.8,19.47,Morondava,-20.283,44.283,0.0
2012-08-12,27.6,20.2,23.7,0.0,13.4,32.0,16.02,Morondava,-20.283,44.283,0.0
2012-08-13,28.2,20.3,23.9,0.0,15.2,36.7,13.65,Morondava,-20.283,44.283,0.0
2012-08-14,30.6,21.3,25.1,0.0,14.8,31.0,20.17,Morondava,-20.283,44.283,0.0
2012-08-15,29.8,21.2,24.6,0.0,12.1,30.2,20.12,Morondava,-20.283,44.283,0.0
2012-08-16,30.0,20.7,24.7,0.0,14.0,28.8,20.48,Morondava,-20.283,44.283,0.0
2012-08-17,30.7,20.9,25.2,0.0,16.3,29.9,20.57,Morondava,-20.283,44.283,0.0
2012-08-18,31.2,21.3,25.5,0.0,13.6,27.7,20.52,Morondava,-20.283,44.283,0.0
2012-08-19,30.8,21.4,25.0,0.0,12.7,31.0,20.91,Morondava,-20.283,44.283,0.0
2012-08-20,29.1,20.4,24.0,0.0,13.0,31.7,20.38,Morondava,-20.283,44.283,0.0
2012-08-21,29.3,20.7,24.2,0.0,12.2,29.2,20.64,Morondava,-20.283,44.283,0.0
2012-08-22,28.5,19.8,23.7,0.0,15.7,37.4,19.43,Morondava,-20.283,44.283,0.0
2012-08-23,28.6,19.5,23.6,0.0,15.5,38.5,21.15,Morondava,-20.283,44.283,0.0
2012-08-24,29.4,18.9,23.9,0.0,13.7,31.3,21.48,Morondava,-20.283,44.283,0.0
2012-08-25,29.3,19.2,23.9,0.0,14.1,32.4,21.73,Morondava,-20.283,44.283,0.0
2012-08-26,28.2,20.8,23.9,0.0,15.2,37.1,19.64,Morondava,-20.283,44.283,0.0
2012-08-27,28.5,20.8,24.0,0.0,16.6,36.0,21.29,Morondava,-20.283,44.283,0.0
2012-08-28,30.0,18.8,24.1,0.0,12.6,30.2,21.5,Morondava,-20.283,44.283,0.0
2012-08-29,28.4,20.3,24.0,0.0,14.1,33.5,19.71,Morondava,-20.283,44.283,0.0
2012-08-30,28.7,21.3,24.2,0.0,13.0,31.7,18.13,Morondava,-20.283,44.283,0.0
2012-08-31,28.6,21.1,24.2,0.0,14.1,34.6,18.21,Morondava,-20.283,44.283,0.0
2012-09-01,28.7,21.3,24.4,0.4,14.2,34.6,15.84,Morondava,-20.283,44.283,0.0
2012-09-02,30.7,21.4,25.2,0.0,16.3,34.9,19.41,Morondava,-20.283,44.283,0.0
2012-09-03,30.8,21.3,25.2,0.0,15.8,38.2,21.93,Morondava,-20.283,44.283,0.0
2012-09-04,29.9,19.7,24.5,0.0,16.9,38.5,21.63,Morondava,-20.283,44.283,0.0
2012-09-05,31.0,20.5,25.1,0.0,17.4,36.7,23.31,Morondava,-20.283,44.283,0.0
2012-09-06,32.3,23.0,26.6,0.0,16.2,34.9,19.47,Morondava,-20.283,44.283,0.0
2012-09-07,31.3,22.7,26.3,0.0,14.0,32.4,23.03,Morondava,-20.283,44.283,0.0
2012-09-08,30.4,21.1,24.9,0.0,14.6,35.6,23.57,Morondava,-20.283,44.283,0.0
2012-09-09,30.1,21.1,24.9,0.0,13.8,32.0,23.68,Morondava,-20.283,44.283,0.0
2012-09-10,29.0,20.2,24.6,0.0,14.8,38.9,21.95,Morondava,-20.283,44.283,0.0
2012-09-11,32.4,20.9,26.3,0.0,15.8,36.0,23.45,Morondava,-20.283,44.283,0.0
2012-09-12,31.9,22.8,26.4,0.0,14.5,35.6,21.77,Morondava,-20.283,44.283,0.0
2012-09-13,29.1,22.0,25.1,0.3,13.3,34.9,20.83,Morondava,-20.283,44.283,0.0
2012-09-14,28.9,22.3,25.2,0.5,13.8,31.7,18.94,Morondava,-20.283,44.283,0.0
2012-09-15,30.7,21.6,25.6,0.0,16.0,33.8,20.93,Morondava,-20.283,44.283,0.0
2012-09-16,32.5,22.0,26.2,0.0,14.3,33.5,24.57,Morondava,-20.283,44.283,0.0
2012-09-17,30.6,22.4,25.9,0.0,17.6,42.1,23.3,Morondava,-20.283,44.283,0.0
2012-09-18,29.9,22.7,25.4,0.4,16.3,38.9,19.87,Morondava,-20.283,44.283,0.0
2012-09-19,29.8,22.0,25.4,0.0,14.5,33.8,18.85,Morondava,-20.283,44.283,0.0
2012-09-20,32.2,21.9,26.4,0.0,17.9,40.0,23.0,Morondava,-20.283,44.283,0.0
2012-09-21,29.9,22.0,25.6,0.0,18.6,43.9,23.07,Morondava,-20.283,44.283,0.0
2012-09-22,30.2,20.8,25.2,0.0,17.7,42.1,22.94,Morondava,-20.283,44.283,0.0
2012-09-23,28.8,22.4,25.2,0.5,14.5,34.2,17.44,Morondava,-20.283,44.283,0.0
2012-09-24,28.4,22.3,25.3,0.2,11.6,33.5,20.16,Morondava,-20.283,44.283,0.0
2012-09-25,30.0,21.4,25.4,0.0,18.6,43.2,21.65,Morondava,-20.283,44.283,0.0
2012-09-26,31.9,22.2,26.3,0.0,13.7,32.8,23.26,Morondava,-20.283,44.283,0.0
2012-09-27,31.0,22.8,26.6,0.0,15.3,38.2,22.45,Morondava,-20.283,44.283,0.0
2012-09-28,31.3,22.9,26.7,0.0,13.3,34.6,21.52,Morondava,-20.283,44.283,0.0
2012-09-29,30.3,22.7,26.3,0.0,13.8,33.8,20.73,Morondava,-20.283,44.283,0.0
2012-09-30,31.5,23.0,26.8,0.0,18.3,42.8,21.47,Morondava,-20.283,44.283,0.0
2012-10-01,33.2,24.4,27.9,0.2,14.7,35.3,23.53,Morondava,-20.283,44.283,0.0
2012-10-02,31.0,23.5,26.8,0.4,13.2,35.3,22.55,Morondava,-20.283,44.283,0.0
2012-10-03,30.8,23.6,26.6,0.1,19.2,44.3,23.59,Morondava,-20.283,44.283,0.0
2012-10-04,29.6,22.2,25.9,1.4,13.7,34.9,21.34,Morondava,-20.283,44.283,0.0
2012-10-05,30.7,23.3,26.3,0.4,17.3,39.2,23.82,Morondava,-20.283,44.283,0.0
2012-10-06,30.8,22.4,26.3,0.0,16.2,38.9,25.36,Morondava,-20.283,44.283,0.0
2012-10-07,31.6,23.2,26.7,0.0,16.2,41.0,26.24,Morondava,-20.283,44.283,0.0
2012-10-08,30.8,22.8,26.6,0.0,17.4,40.0,24.59,Morondava,-20.283,44.283,0.0
2012-10-09,32.8,21.7,27.1,0.0,14.8,34.2,25.36,Morondava,-20.283,44.283,0.0
2012-10-10,30.3,23.7,26.6,0.0,17.4,42.8,25.95,Morondava,-20.283,44.283,0.0
2012-10-11,31.0,23.3,26.4,0.0,16.6,41.0,24.8,Morondava,-20.283,44.283,0.0
2012-10-12,31.2,22.4,26.5,0.0,15.9,38.5,24.87,Morondava,-20.283,44.283,0.0
2012-10-13,31.1,24.3,27.2,0.2,17.8,43.2,24.24,Morondava,-20.283,44.283,0.0
2012-10-14,30.6,24.4,26.9,0.0,16.3,39.6,24.65,Morondava,-20.283,44.283,0.0
2012-10-15,31.5,23.2,26.9,0.1,17.7,37.8,24.67,Morondava,-20.283,44.283,0.0
2012-10-16,31.7,23.3,26.9,0.2,17.3,42.1,25.43,Morondava,-20.283,44.283,0.0
2012-10-17,31.0,23.4,27.1,0.4,13.2,35.3,24.45,Morondava,-20.283,44.283,0.0
2012-10-18,31.7,24.4,27.7,0.1,13.3,32.0,24.47,Morondava,-20.283,44.283,0.0
2012-10-19,32.6,23.9,27.9,0.4,14.1,32.8,24.87,Morondava,-20.283,44.283,0.0
2012-10-20,32.3,25.2,27.9,7.5,16.2,41.4,24.37,Morondava,-20.283,44.283,0.0
2012-10-21,30.9,24.7,27.5,0.5,13.0,32.4,24.45,Morondava,-20.283,44.283,0.0
2012-10-22,32.3,25.1,28.0,0.5,14.8,37.8,23.76,Morondava,-20.283,44.283,0.0
2012-10-23,31.9,25.1,27.9,0.5,16.7,37.8,23.03,Morondava,-20.283,44.283,0.0
2012-10-24,32.2,24.6,28.0,1.3,14.3,37.8,24.4,Morondava,-20.283,44.283,0.0
2012-10-25,32.8,24.9,27.7,7.2,10.9,29.2,23.01,Morondava,-20.283,44.283,0.0
2012-10-26,30.2,24.2,26.6,6.0,16.3,41.0,22.68,Morondava,-20.283,44.283,0.0
2012-10-27,28.9,23.5,25.8,1.0,14.4,34.9,23.98,Morondava,-20.283,44.283,0.0
2012-10-28,31.1,21.1,26.3,0.0,12.8,30.6,26.15,Morondava,-20.283,44.283,0.0
2012-10-29,32.2,23.5,27.5,0.5,14.8,30.6,24.63,Morondava,-20.283,44.283,0.0
2012-10-30,30.8,23.6,27.3,20.0,11.3,31.3,23.29,Morondava,-20.283,44.283,0.0
2012-10-31,30.7,23.0,26.3,1.9,15.1,37.1,25.21,Morondava,-20.283,44.283,0.0
2012-11-01,25.9,22.3,23.8,20.4,13.5,34.2,10.26,Morondava,-20.283,44.283,0.0
2012-11-02,28.1,21.3,24.2,2.5,18.9,37.1,28.2,Morondava,-20.283,44.283,0.0
2012-11-03,29.7,19.3,24.3,0.0,16.3,32.8,30.08,Morondava,-20.283,44.283,0.0
2012-11-04,29.7,21.5,25.4,0.0,12.3,29.9,23.76,Morondava,-20.283,44.283,0.0
2012-11-05,30.0,22.4,26.1,0.2,13.0,31.3,22.61,Morondava,-20.283,44.283,0.0
2012-11-06,30.7,22.8,26.5,0.0,15.1,33.8,25.9,Morondava,-20.283,44.283,0.0
2012-11-07,30.5,21.0,25.8,0.0,15.2,37.4,27.31,Morondava,-20.283,44.283,0.0
2012-11-08,30.3,21.1,25.8,0.0,14.8,36.7,28.44,Morondava,-20.283,44.283,0.0
2012-11-09,31.1,22.4,26.5,0.0,15.8,37.1,28.42,Morondava,-20.283,44.283,0.0
2012-11-10,32.0,23.1,27.2,0.4,14.0,36.0,26.05,Morondava,-20.283,44.283,0.0
2012-11-11,32.0,22.9,27.4,0.0,14.5,35.6,26.55,Morondava,-20.283,44.283,0.0
2012-11-12,33.1,24.3,28.3,1.2,12.5,32.4,27.52,Morondava,-20.283,44.283,0.0
2012-11-13,32.8,24.2,28.2,1.4,11.9,32.0,25.87,Morondava,-20.283,44.283,0.0
2012-11-14,32.5,24.6,28.3,1.9,12.9,36.0,25.9,Morondava,-20.283,44.283,0.0
2012-11-15,33.0,24.0,27.8,3.8,14.9,35.3,27.64,Morondava,-20.283,44.283,0.0
2012-11-16,32.8,25.0,28.4,3.2,13.0,32.8,25.12,Morondava,-20.283,44.283,0.0
2012-11-17,32.0,24.6,27.9,8.9,11.8,30.2,25.61,Morondava,-20.283,44.283,0.0
2012-11-18,31.0,23.3,27.0,2.5,16.3,36.4,25.67,Morondava,-20.283,44.283,0.0
2012-11-19,31.0,24.9,27.7,0.0,17.7,39.6,25.33,Morondava,-20.283,44.283,0.0
2012-11-20,30.7,24.0,27.0,0.0,17.0,41.0,28.22,Morondava,-20.283,44.283,0.0
2012-11-21,30.7,23.3,27.1,0.0,14.1,36.4,27.67,Morondava,-20.283,44.283,0.0
2012-11-22,30.9,23.0,26.9,0.1,16.0,40.0,25.52,Morondava,-20.283,44.283,0.0
2012-11-23,31.0,23.5,27.1,1.5,14.8,37.8,25.11,Morondava,-20.283,44.283,0.0
2012-11-24,32.0,24.4,27.9,1.0,13.9,34.2,25.03,Morondava,-20.283,44.283,0.0
2012-11-25,32.6,24.1,28.3,0.3,13.7,37.4,25.65,Morondava,-20.283,44.283,0.0
2012-11-26,33.4,25.0,28.6,0.3,17.3,41.8,24.73,Morondava,-20.283,44.283,0.0
2012-11-27,33.4,25.2,29.3,0.0,17.3,40.3,26.96,Morondava,-20.283,44.283,0.0
2012-11-28,33.9,24.8,29.0,10.3,11.5,27.7,24.85,Morondava,-20.283,44.283,0.0
2012-11-29,31.4,23.8,27.1,1.6,15.0,35.6,24.27,Morondava,-20.283,44.283,0.0
2012-11-30,30.5,23.8,27.0,6.1,12.6,32.0,25.1,Morondava,-20.283,44.283,0.0
2012-12-01,32.2,23.6,27.6,1.2,15.3,36.4,27.37,Morondava,-20.283,44.283,0.0
2012-12-02,32.7,25.4,28.3,6.5,11.8,33.8,25.96,Morondava,-20.283,44.283,0.0
2012-12-03,33.0,24.8,28.3,2.1,12.0,30.6,26.52,Morondava,-20.283,44.283,0.0
2012-12-04,32.6,25.2,28.6,0.2,9.7,28.8,25.58,Morondava,-20.283,44.283,0.0
2012-12-05,33.7,25.7,29.4,1.3,11.3,33.5,25.75,Morondava,-20.283,44.283,0.0
2012-12-06,33.6,26.1,29.5,2.2,12.1,34.9,27.69,Morondava,-20.283,44.283,0.0
2012-12-07,32.8,26.0,28.9,5.3,12.2,34.9,26.27,Morondava,-20.283,44.283,0.0
2012-12-08,32.2,25.7,28.4,7.5,14.4,36.0,25.69,Morondava,-20.283,44.283,0.0
2012-12-09,31.0,25.0,27.9,2.4,15.9,36.7,24.45,Morondava,-20.283,44.283,0.0
2012-12-10,31.1,24.5,27.8,0.4,17.6,43.6,25.87,Morondava,-20.283,44.283,0.0
2012-12-11,29.7,24.6,27.3,13.8,12.8,33.5,19.96,Morondava,-20.283,44.283,0.0
2012-12-12,30.2,24.3,27.5,0.8,13.9,32.4,22.93,Morondava,-20.283,44.283,0.0
2012-12-13,33.2,25.3,29.1,2.3,12.7,34.2,26.13,Morondava,-20.283,44.283,0.0
2012-12-14,29.7,24.1,26.8,26.3,8.7,34.9,16.77,Morondava,-20.283,44.283,0.0
2012-12-15,30.6,24.8,27.3,4.2,8.7,21.6,20.6,Morondava,-20.283,44.283,0.0
2012-12-16,31.0,24.9,27.9,6.3,9.0,30.6,24.71,Morondava,-20.283,44.283,0.0
2012-12-17,31.1,24.3,26.7,11.3,14.8,38.2,25.66,Morondava,-20.283,44.283,0.0
2012-12-18,27.3,23.6,25.4,12.1,13.1,34.2,14.54,Morondava,-20.283,44.283,0.0
2012-12-19,29.2,23.9,26.6,1.0,12.6,32.4,22.94,Morondava,-20.283,44.283,0.0
2012-12-20,30.8,23.7,27.5,0.0,13.7,30.2,28.07,Morondava,-20.283,44.283,0.0
2012-12-21,31.4,24.2,27.6,7.7,10.0,25.6,23.39,Morondava,-20.283,44.283,0.0
2012-12-22,30.5,23.8,26.7,18.8,9.7,27.0,24.62,Morondava,-20.283,44.283,0.0
2012-12-23,30.2,23.9,26.8,8.7,10.5,26.3,24.7,Morondava,-20.283,44.283,0.0
2012-12-24,30.6,24.7,27.6,2.8,12.2,29.9,25.86,Morondava,-20.283,44.283,0.0
2012-12-25,31.7,24.7,28.0,2.4,12.9,25.9,25.74,Morondava,-20.283,44.283,0.0
2012-12-26,31.7,24.9,28.0,1.3,11.0,25.6,25.59,Morondava,-20.283,44.283,0.0
2012-12-27,31.9,25.5,28.5,0.5,12.2,27.7,26.5,Morondava,-20.283,44.283,0.0
2012-12-28,31.9,25.3,28.5,1.5,13.0,33.8,27.08,Morondava,-20.283,44.283,0.0
2012-12-29,32.3,25.6,28.5,2.6,10.0,24.1,26.41,Morondava,-20.283,44.283,0.0
2012-12-30,32.6,25.4,28.5,4.6,8.6,29.2,25.51,Morondava,-20.283,44.283,0.0
2012-12-31,32.7,26.0,29.2,0.5,12.0,25.6,25.65,Morondava,-20.283,44.283,0.0
2013-01-01,31.6,25.0,28.4,6.6,10.1,25.2,25.29,Morondava,-20.283,44.283,0.0
2013-01-02,32.1,25.6,28.7,2.2,12.7,29.2,26.16,Morondava,-20.283,44.283,0.0
2013-01-03,31.9,26.6,29.1,1.6,14.5,33.8,23.46,Morondava,-20.283,44.283,0.0
2013-01-04,30.8,25.7,28.0,2.8,16.0,39.2,22.63,Morondava,-20.283,44.283,0.0
2013-01-05,31.0,25.5,27.7,4.3,13.0,29.5,23.39,Morondava,-20.283,44.283,0.0
2013-01-06,32.2,25.2,28.0,9.7,8.8,27.4,23.09,Morondava,-20.283,44.283,0.0
2013-01-07,30.5,25.0,27.6,6.2,11.6,23.8,18.52,Morondava,-20.283,44.283,0.0
2013-01-08,30.8,25.0,27.5,1.4,8.6,21.6,20.75,Morondava,-20.283,44.283,0.0
2013-01-09,31.5,25.3,28.5,4.6,11.4,29.2,24.74,Morondava,-20.283,44.283,0.0
2013-01-10,32.7,25.9,28.9,3.4,6.6,22.7,26.87,Morondava,-20.283,44.283,0.0
2013-01-11,33.3,25.4,28.7,1.7,12.4,31.7,28.28,Morondava,-20.283,44.283,0.0
2013-01-12,32.7,25.9,29.0,0.0,10.6,26.6,27.2,Morondava,-20.283,44.283,0.0
2013-01-13,33.1,26.3,29.5,1.2,9.4,22.3,25.47,Morondava,-20.283,44.283,0.0
2013-01-14,32.4,26.3,29.0,10.4,13.3,29.9,25.59,Morondava,-20.283,44.283,0.0
2013-01-15,32.0,24.6,27.7,10.3,10.4,28.4,26.54,Morondava,-20.283,44.283,0.0
2013-01-16,31.6,25.3,27.9,0.8,12.0,28.1,21.54,Morondava,-20.283,44.283,0.0
2013-01-17,31.5,24.7,27.9,12.0,12.0,32.4,25.45,Morondava,-20.283,44.283,0.0
2013-01-18,30.3,23.8,26.5,10.2,8.5,27.4,23.32,Morondava,-20.283,44.283,0.0
2013-01-19,30.2,24.1,27.0,1.5,12.3,26.6,24.47,Morondava,-20.283,44.283,0.0
2013-01-20,31.0,24.2,27.1,2.2,12.8,32.0,26.01,Morondava,-20.283,44.283,0.0
2013-01-21,30.8,25.2,27.2,12.4,16.6,41.4,24.22,Morondava,-20.283,44.283,0.0
2013-01-22,29.0,25.4,26.8,12.7,18.8,47.2,17.3,Morondava,-20.283,44.283,0.0
2013-01-23,28.4,25.4,26.5,12.5,21.3,52.6,15.42,Morondava,-20.283,44.283,0.0
2013-01-24,27.3,25.2,26.0,22.8,19.3,43.2,10.43,Morondava,-20.283,44.283,0.0
2013-01-25,27.7,25.0,26.1,22.3,14.7,34.6,7.76,Morondava,-20.283,44.283,0.0
2013-01-26,29.4,24.8,26.9,12.0,12.4,30.6,21.76,Morondava,-20.283,44.283,0.0
2013-01-27,30.7,25.3,27.0,13.3,12.9,31.7,19.33,Morondava,-20.283,44.283,0.0
2013-01-28,28.6,24.9,26.9,11.8,10.4,26.3,15.06,Morondava,-20.283,44.283,0.0
2013-01-29,31.4,24.9,28.0,2.1,8.0,28.1,25.92,Morondava,-20.283,44.283,0.0
2013-01-30,33.7,26.0,28.9,8.4,11.7,27.0,28.09,Morondava,-20.283,44.283,0.0
2013-01-31,33.2,25.8,28.6,10.5,9.1,25.9,27.2,Morondava,-20.283,44.283,0.0
2013-02-01,30.5,25.0,27.1,22.7,12.4,31.7,21.49,Morondava,-20.283,44.283,0.0
2013-02-02,27.9,23.7,25.5,27.8,11.6,31.3,12.53,Morondava,-20.283,44.283,0.0
2013-02-03,28.5,24.3,26.1,16.0,19.6,41.8,19.32,Morondava,-20.283,44.283,0.0
2013-02-04,27.8,24.7,25.9,12.7,13.8,35.6,17.25,Morondava,-20.283,44.283,0.0
2013-02-05,28.9,24.3,25.9,19.2,14.3,31.0,16.84,Morondava,-20.283,44.283,0.0
2013-02-06,29.0,24.5,26.5,2.8,8.6,23.4,18.97,Morondava,-20.283,44.283,0.0
2013-02-07,29.5,24.4,26.9,4.8,11.7,30.2,22.26,Morondava,-20.283,44.283,0.0
2013-02-08,29.3,24.4,26.3,14.5,14.0,33.5,20.67,Morondava,-20.283,44.283,0.0
2013-02-09,29.3,24.1,26.3,4.9,12.0,29.9,18.36,Morondava,-20.283,44.283,0.0
2013-02-10,30.2,23.6,27.2,2.4,9.0,24.1,23.78,Morondava,-20.283,44.283,0.0
2013-02-11,31.2,25.0,27.5,4.3,13.6,31.3,24.53,Morondava,-20.283,44.283,0.0
2013-02-12,30.8,24.7,27.1,11.0,8.0,31.3,21.61,Morondava,-20.283,44.283,0.0
2013-02-13,30.8,24.6,26.8,28.2,12.2,28.8,23.0,Morondava,-20.283,44.283,0.0
2013-02-14,27.0,24.2,25.3,34.4,11.3,25.2,10.14,Morondava,-20.283,44.283,0.0
2013-02-15,28.2,24.0,25.5,23.8,9.8,17.3,9.92,Morondava,-20.283,44.283,0.0
2013-02-16,28.1,24.0,25.8,14.6,8.4,21.2,10.03,Morondava,-20.283,44.283,0.0
2013-02-17,30.2,24.4,26.3,37.8,10.8,38.2,18.02,Morondava,-20.283,44.283,0.0
2013-02-18,29.3,24.9,26.7,3.9,18.0,43.9,12.66,Morondava,-20.283,44.283,0.0
2013-02-19,27.3,24.8,25.8,16.8,22.7,59.4,8.8,Morondava,-20.283,44.283,0.0
2013-02-20,27.8,24.6,25.9,6.2,21.3,56.2,15.43,Morondava,-20.283,44.283,0.0
2013-02-21,27.0,25.1,25.8,17.0,24.1,55.4,12.33,Morondava,-20.283,44.283,0.0
2013-02-22,26.4,24.8,25.5,20.1,27.0,50.8,7.43,Morondava,-20.283,44.283,0.0
2013-02-23,27.3,24.3,25.5,16.7,16.3,34.9,13.6,Morondava,-20.283,44.283,0.0
2013-02-24,27.6,23.8,25.5,4.5,11.7,30.6,14.9,Morondava,-20.283,44.283,0.0
2013-02-25,29.3,23.3,26.3,0.6,12.8,31.3,23.17,Morondava,-20.283,44.283,0.0
2013-02-26,30.0,24.7,26.9,6.9,9.6,26.6,22.67,Morondava,-20.283,44.283,0.0
2013-02-27,29.6,24.2,26.4,2.9,9.0,24.1,21.55,Morondava,-20.283,44.283,0.0
2013-02-28,29.5,24.2,26.4,1.6,9.4,26.3,20.29,Morondava,-20.283,44.283,0.0
2013-03-01,29.8,24.7,26.8,2.7,6.9,26.6,21.42,Morondava,-20.283,44.283,0.0
2013-03-02,30.7,24.9,27.5,0.8,8.7,23.8,21.6,Morondava,-20.283,44.283,0.0
2013-03-03,30.8,26.2,28.3,0.9,11.4,24.5,21.62,Morondava,-20.283,44.283,0.0
2013-03-04,31.6,25.9,28.7,0.0,10.0,23.8,24.07,Morondava,-20.283,44.283,0.0
2013-03-05,31.0,25.7,28.4,2.3,10.6,20.5,22.73,Morondava,-20.283,44.283,0.0
2013-03-06,30.8,25.4,27.4,9.6,7.8,29.9,22.54,Morondava,-20.283,44.283,0.0
2013-03-07,30.7,25.1,27.5,4.2,5.8,23.8,22.7,Morondava,-20.283,44.283,0.0
2013-03-08,31.4,25.1,28.0,0.3,7.9,20.5,23.97,Morondava,-20.283,44.283,0.0
2013-03-09,31.6,25.2,28.2,0.5,8.9,22.7,24.73,Morondava,-20.283,44.283,0.0
2013-03-10,30.6,25.4,27.8,4.8,8.5,19.4,21.62,Morondava,-20.283,44.283,0.0
2013-03-11,30.3,25.2,27.2,6.9,10.5,27.4,22.72,Morondava,-20.283,44.283,0.0
2013-03-12,29.3,23.8,26.4,10.8,12.4,28.4,22.53,Morondava,-20.283,44.283,0.0
2013-03-13,29.1,23.6,26.1,1.5,9.7,26.3,21.57,Morondava,-20.283,44.283,0.0
2013-03-14,29.8,23.3,26.7,0.4,11.2,28.1,22.36,Morondava,-20.283,44.283,0.0
2013-03-15,30.2,24.6,27.2,0.4,11.8,28.1,23.06,Morondava,-20.283,44.283,0.0
2013-03-16,29.9,24.5,27.2,0.5,12.2,31.7,23.11,Morondava,-20.283,44.283,0.0
2013-03-17,30.3,24.1,27.4,0.0,10.0,25.9,19.73,Morondava,-20.283,44.283,0.0
2013-03-18,30.1,24.5,27.3,1.0,12.8,28.1,19.88,Morondava,-20.283,44.283,0.0
2013-03-19,29.6,24.9,27.2,1.2,13.3,25.2,15.65,Morondava,-20.283,44.283,0.0
2013-03-20,29.7,24.0,26.6,2.5,10.9,26.3,21.28,Morondava,-20.283,44.283,0.0
2013-03-21,30.0,23.7,26.8,0.0,11.6,25.6,21.82,Morondava,-20.283,44.283,0.0
2013-03-22,31.0,24.4,27.5,0.4,10.2,23.0,22.5,Morondava,-20.283,44.283,0.0
2013-03-23,30.7,25.1,27.6,1.3,8.0,25.2,22.08,Morondava,-20.283,44.283,0.0
2013-03-24,30.5,25.0,27.6,1.9,8.7,27.4,19.97,Morondava,-20.283,44.283,0.0
2013-03-25,30.0,24.4,26.9,3.2,8.4,22.3,17.47,Morondava,-20.283,44.283,0.0
2013-03-26,30.9,25.1,27.5,1.7,8.7,26.6,21.01,Morondava,-20.283,44.283,0.0
2013-03-27,30.8,24.9,27.7,0.7,7.4,19.1,20.92,Morondava,-20.283,44.283,0.0
2013-03-28,30.5,23.9,26.7,7.5,12.0,25.9,20.29,Morondava,-20.283,44.283,0.0
2013-03-29,31.2,23.2,27.0,2.1,8.6,23.8,22.5,Morondava,-20.283,44.283,0.0
2013-03-30,31.4,24.5,27.7,0.8,9.3,20.2,22.87,Morondava,-20.283,44.283,0.0
2013-03-31,32.5,24.7,28.1,0.0,10.0,22.7,23.69,Morondava,-20.283,44.283,0.0
2013-04-01,32.8,25.1,28.3,0.0,11.4,25.6,23.09,Morondava,-20.283,44.283,0.0
2013-04-02,31.1,24.3,27.6,0.0,9.3,23.4,22.15,Morondava,-20.283,44.283,0.0
2013-04-03,31.1,24.4,27.4,0.0,9.6,23.0,21.84,Morondava,-20.283,44.283,0.0
2013-04-04,30.4,23.6,26.9,0.0,9.0,24.8,21.34,Morondava,-20.283,44.283,0.0
2013-04-05,31.3,23.9,27.2,0.2,10.7,29.5,21.63,Morondava,-20.283,44.283,0.0
2013-04-06,31.1,24.3,27.3,0.2,12.9,30.2,20.27,Morondava,-20.283,44.283,0.0
2013-04-07,30.6,24.5,27.2,0.0,11.8,25.2,18.75,Morondava,-20.283,44.283,0.0
2013-04-08,31.8,24.7,27.8,0.0,13.4,29.9,22.11,Morondava,-20.283,44.283,0.0
2013-04-09,32.4,25.3,28.6,3.2,8.7,20.5,20.38,Morondava,-20.283,44.283,0.0
2013-04-10,32.9,26.2,29.1,1.0,13.2,25.2,20.98,Morondava,-20.283,44.283,0.0
2013-04-11,33.5,25.9,29.2,0.0,13.0,28.4,21.01,Morondava,-20.283,44.283,0.0
2013-04-12,33.7,25.9,29.4,0.0,15.1,29.5,21.62,Morondava,-20.283,44.283,0.0
2013-04-13,30.9,24.2,27.5,0.0,15.5,35.6,22.35,Morondava,-20.283,44.283,0.0
2013-04-14,31.1,23.7,27.1,0.0,11.8,22.7,20.56,Morondava,-20.283,44.283,0.0
2013-04-15,30.9,23.9,27.1,0.4,8.4,26.6,17.67,Morondava,-20.283,44.283,0.0
2013-04-16,30.5,24.5,27.2,0.7,8.1,24.5,17.63,Morondava,-20.283,44.283,0.0
2013-04-17,30.9,24.9,27.5,0.0,9.5,21.2,16.52,Morondava,-20.283,44.283,0.0
2013-04-18,30.3,24.9,27.5,0.8,9.2,21.6,17.32,Morondava,-20.283,44.283,0.0
2013-04-19,31.9,23.7,27.5,0.0,12.5,27.7,21.38,Morondava,-20.283,44.283,0.0
2013-04-20,32.3,24.0,27.6,0.0,12.4,31.7,21.69,Morondava,-20.283,44.283,0.0
2013-04-21,32.0,23.2,27.2,0.0,14.1,32.8,20.85,Morondava,-20.283,44.283,0.0
2013-04-22,31.3,23.9,27.3,0.0,14.9,34.6,19.76,Morondava,-20.283,44.283,0.0
2013-04-23,30.9,23.7,26.9,0.0,13.8,31.3,20.43,Morondava,-20.283,44.283,0.0
2013-04-24,30.9,23.6,27.1,0.0,15.8,37.4,20.08,Morondava,-20.283,44.283,0.0
2013-04-25,32.1,24.5,27.7,0.3,10.5,25.6,18.73,Morondava,-20.283,44.283,0.0
2013-04-26,31.0,24.4,26.8,6.9,11.5,27.0,17.09,Morondava,-20.283,44.283,0.0
2013-04-27,30.1,23.1,25.9,4.4,8.0,24.8,17.78,Morondava,-20.283,44.283,0.0
2013-04-28,30.0,22.2,25.8,1.6,9.1,24.1,19.04,Morondava,-20.283,44.283,0.0
2013-04-29,30.4,22.3,26.5,0.2,10.7,20.5,18.02,Morondava,-20.283,44.283,0.0
2013-04-30,31.6,23.4,26.7,0.0,15.1,31.3,19.6,Morondava,-20.283,44.283,0.0
2013-05-01,31.6,22.8,26.7,0.0,13.4,26.6,18.55,Morondava,-20.283,44.283,0.0
2013-05-02,31.4,23.2,26.7,0.0,15.0,32.8,18.01,Morondava,-20.283,44.283,0.0
2013-05-03,31.3,23.1,26.7,0.0,10.8,24.1,18.8,Morondava,-20.283,44.283,0.0
2013-05-04,30.8,22.5,26.4,0.1,10.5,25.9,18.51,Morondava,-20.283,44.283,0.0
2013-05-05,30.5,23.3,26.6,0.0,13.0,29.5,17.85,Morondava,-20.283,44.283,0.0
2013-05-06,28.5,23.4,25.5,0.0,17.7,40.7,18.36,Morondava,-20.283,44.283,0.0
2013-05-07,30.0,21.2,25.1,0.0,14.7,34.9,20.27,Morondava,-20.283,44.283,0.0
2013-05-08,29.7,20.2,24.5,0.0,12.8,28.8,20.17,Morondava,-20.283,44.283,0.0
2013-05-09,29.7,20.0,24.7,0.0,12.2,29.5,19.23,Morondava,-20.283,44.283,0.0
2013-05-10,28.1,21.9,24.7,0.4,13.4,33.8,15.22,Morondava,-20.283,44.283,0.0
2013-05-11,29.0,21.5,25.0,0.0,13.1,29.2,17.08,Morondava,-20.283,44.283,0.0
2013-05-12,29.6,22.2,25.6,0.1,11.0,20.9,14.38,Morondava,-20.283,44.283,0.0
2013-05-13,29.5,23.1,26.0,1.0,8.0,22.0,14.43,Morondava,-20.283,44.283,0.0
2013-05-14,30.7,23.0,26.3,0.0,11.7,24.1,16.86,Morondava,-20.283,44.283,0.0
2013-05-15,31.2,24.5,27.0,0.0,11.0,27.0,16.41,Morondava,-20.283,44.283,0.0
2013-05-16,30.5,22.6,26.1,0.0,10.9,25.6,17.78,Morondava,-20.283,44.283,0.0
2013-05-17,30.9,22.4,26.2,0.0,11.5,26.3,17.25,Morondava,-20.283,44.283,0.0
2013-05-18,31.5,23.4,26.8,0.0,15.0,34.9,18.38,Morondava,-20.283,44.283,0.0
2013-05-19,31.0,23.1,26.6,0.0,14.3,28.4,18.23,Morondava,-20.283,44.283,0.0
2013-05-20,29.2,22.5,25.6,0.0,9.9,25.9,13.61,Morondava,-20.283,44.283,0.0
2013-05-21,29.0,22.2,25.3,0.0,9.8,22.3,14.04,Morondava,-20.283,44.283,0.0
2013-05-22,29.7,22.0,25.3,0.4,13.7,32.8,16.69,Morondava,-20.283,44.283,0.0
2013-05-23,29.3,21.4,24.9,0.0,13.9,31.3,17.7,Morondava,-20.283,44.283,0.0
2013-05-24,28.9,20.0,24.2,0.0,13.4,30.6,18.19,Morondava,-20.283,44.283,0.0
2013-05-25,28.5,19.4,23.9,0.0,12.7,30.2,18.03,Morondava,-20.283,44.283,0.0
2013-05-26,28.4,20.8,24.2,0.0,11.2,30.2,16.69,Morondava,-20.283,44.283,0.0
2013-05-27,27.9,20.2,23.9,0.0,14.0,34.2,16.51,Morondava,-20.283,44.283,0.0
2013-05-28,27.9,19.2,23.1,0.0,11.4,27.0,17.81,Morondava,-20.283,44.283,0.0
2013-05-29,28.1,19.4,23.4,0.0,12.4,26.6,17.89,Morondava,-20.283,44.283,0.0
2013-05-30,29.1,18.9,23.7,0.0,12.0,25.6,17.93,Morondava,-20.283,44.283,0.0
2013-05-31,30.2,19.1,24.3,0.0,12.3,28.4,17.87,Morondava,-20.283,44.283,0.0
2013-06-01,30.7,19.6,24.6,0.0,12.2,25.9,17.98,Morondava,-20.283,44.283,0.0
2013-06-02,31.4,21.1,25.4,0.0,17.9,34.9,17.61,Morondava,-20.283,44.283,0.0
2013-06-03,29.8,20.9,24.7,0.0,17.6,35.3,17.5,Morondava,-20.283,44.283,0.0
2013-06-04,28.6,18.8,23.3,0.0,12.6,27.4,17.82,Morondava,-20.283,44.283,0.0
2013-06-05,28.8,18.2,23.2,0.0,11.5,25.9,17.84,Morondava,-20.283,44.283,0.0
2013-06-06,29.7,18.8,23.9,0.0,14.8,32.0,17.95,Morondava,-20.283,44.283,0.0
2013-06-07,29.3,20.1,24.0,0.0,15.9,29.9,17.6,Morondava,-20.283,44.283,0.0
2013-06-08,27.5,18.0,22.5,0.0,13.7,32.4,17.26,Morondava,-20.283,44.283,0.0
2013-06-09,28.0,18.2,22.6,0.0,12.5,29.9,17.22,Morondava,-20.283,44.283,0.0
2013-06-10,28.6,19.2,23.4,0.0,15.1,33.1,17.14,Morondava,-20.283,44.283,0.0
2013-06-11,29.5,20.2,24.1,0.0,12.2,28.8,17.36,Morondava,-20.283,44.283,0.0
2013-06-12,29.8,19.5,23.8,0.0,11.9,27.7,17.16,Morondava,-20.283,44.283,0.0
2013-06-13,29.1,18.6,23.4,0.0,9.7,22.7,16.61,Morondava,-20.283,44.283,0.0
2013-06-14,28.6,20.0,23.6,0.0,11.4,24.5,15.65,Morondava,-20.283,44.283,0.0
2013-06-15,27.6,19.5,23.1,0.0,11.0,24.1,14.1,Morondava,-20.283,44.283,0.0
2013-06-16,29.3,19.5,23.9,0.0,14.2,31.0,15.94,Morondava,-20.283,44.283,0.0
2013-06-17,29.4,20.8,24.5,0.0,16.6,36.4,16.84,Morondava,-20.283,44.283,0.0
2013-06-18,28.6,18.4,23.1,0.0,16.8,37.4,17.62,Morondava,-20.283,44.283,0.0
2013-06-19,28.2,18.4,22.6,0.0,12.8,28.8,17.22,Morondava,-20.283,44.283,0.0
2013-06-20,28.1,18.1,22.8,0.0,11.8,23.4,16.84,Morondava,-20.283,44.283,0.0
2013-06-21,29.1,19.8,23.6,0.0,11.3,27.4,16.91,Morondava,-20.283,44.283,0.0
2013-06-22,28.6,19.2,23.3,0.0,13.0,24.5,16.9,Morondava,-20.283,44.283,0.0
2013-06-23,28.5,18.9,23.1,0.0,12.0,24.8,17.12,Morondava,-20.283,44.283,0.0
2013-06-24,28.8,18.8,23.2,0.0,11.6,26.3,16.95,Morondava,-20.283,44.283,0.0
2013-06-25,29.1,19.9,23.6,0.0,13.3,31.7,16.86,Morondava,-20.283,44.283,0.0
2013-06-26,28.8,19.0,23.2,0.0,11.6,27.4,16.92,Morondava,-20.283,44.283,0.0
2013-06-27,28.5,18.3,22.9,0.0,12.8,28.1,16.79,Morondava,-20.283,44.283,0.0
2013-06-28,28.4,19.3,23.2,0.0,11.3,27.4,16.98,Morondava,-20.283,44.283,0.0
2013-06-29,28.9,17.7,22.8,0.0,10.5,22.0,16.91,Morondava,-20.283,44.283,0.0
2013-06-30,28.6,18.5,23.1,0.0,11.0,25.2,16.72,Morondava,-20.283,44.283,0.0
2013-07-01,27.9,17.2,22.5,0.0,10.9,26.6,17.15,Morondava,-20.283,44.283,0.0
2013-07-02,27.9,16.6,21.9,0.0,10.9,25.9,17.19,Morondava,-20.283,44.283,0.0
2013-07-03,28.8,17.7,22.8,0.0,10.9,23.4,17.1,Morondava,-20.283,44.283,0.0
2013-07-04,29.3,19.0,23.4,0.0,12.4,28.1,17.05,Morondava,-20.283,44.283,0.0
2013-07-05,28.8,17.9,23.1,0.0,10.9,20.9,17.23,Morondava,-20.283,44.283,0.0
2013-07-06,28.1,18.5,22.7,0.0,14.3,32.8,17.37,Morondava,-20.283,44.283,0.0
2013-07-07,27.0,16.8,21.4,0.0,11.4,26.3,17.5,Morondava,-20.283,44.283,0.0
2013-07-08,27.6,16.4,21.7,0.0,11.6,24.1,17.31,Morondava,-20.283,44.283,0.0
2013-07-09,28.5,18.0,22.8,0.0,12.0,23.8,17.13,Morondava,-20.283,44.283,0.0
2013-07-10,28.2,18.1,22.6,0.0,14.8,33.1,17.41,Morondava,-20.283,44.283,0.0
2013-07-11,28.2,18.1,22.6,0.0,13.1,25.6,17.6,Morondava,-20.283,44.283,0.0
2013-07-12,28.5,19.1,23.1,0.0,13.9,30.6,17.46,Morondava,-20.283,44.283,0.0
2013-07-13,27.9,18.9,22.7,0.0,12.0,25.6,16.17,Morondava,-20.283,44.283,0.0
2013-07-14,28.0,18.8,22.9,0.0,14.5,33.8,16.72,Morondava,-20.283,44.283,0.0
2013-07-15,28.0,18.6,22.8,0.0,11.6,25.9,17.52,Morondava,-20.283,44.283,0.0
2013-07-16,27.6,18.3,22.7,0.0,13.5,32.0,16.84,Morondava,-20.283,44.283,0.0
2013-07-17,26.9,19.1,22.7,0.0,12.3,28.1,13.11,Morondava,-20.283,44.283,0.0
2013-07-18,29.1,20.0,23.9,0.0,14.5,32.4,16.86,Morondava,-20.283,44.283,0.0
2013-07-19,29.0,19.6,23.5,0.0,14.4,30.6,17.16,Morondava,-20.283,44.283,0.0
2013-07-20,26.9,18.7,22.4,0.0,11.1,26.3,14.87,Morondava,-20.283,44.283,0.0
2013-07-21,27.3,18.5,22.4,0.0,15.0,33.1,17.24,Morondava,-20.283,44.283,0.0
2013-07-22,29.0,19.2,23.4,0.0,11.5,27.4,17.98,Morondava,-20.283,44.283,0.0
2013-07-23,29.1,18.8,23.2,0.0,11.5,27.7,18.04,Morondava,-20.283,44.283,0.0
2013-07-24,28.9,19.4,23.6,0.0,13.4,26.3,17.98,Morondava,-20.283,44.283,0.0
2013-07-25,29.8,19.8,24.2,0.0,14.2,32.4,18.23,Morondava,-20.283,44.283,0.0
2013-07-26,29.0,19.9,23.7,0.0,12.7,29.2,18.32,Morondava,-20.283,44.283,0.0
2013-07-27,28.3,19.4,23.2,0.0,11.3,25.6,14.48,Morondava,-20.283,44.283,0.0
2013-07-28,28.9,18.8,23.4,0.0,12.8,31.7,18.44,Morondava,-20.283,44.283,0.0
2013-07-29,29.4,19.5,24.0,0.0,15.7,33.8,18.59,Morondava,-20.283,44.283,0.0
2013-07-30,30.3,20.4,25.0,0.0,16.6,31.7,18.73,Morondava,-20.283,44.283,0.0
2013-07-31,29.9,21.3,25.1,0.0,16.0,36.7,18.74,Morondava,-20.283,44.283,0.0
2013-08-01,29.5,20.1,24.3,0.0,15.9,31.0,18.94,Morondava,-20.283,44.283,0.0
2013-08-02,29.1,19.4,23.6,0.0,16.9,32.4,19.22,Morondava,-20.283,44.283,0.0
2013-08-03,28.6,19.5,23.4,0.0,16.4,31.3,19.28,Morondava,-20.283,44.283,0.0
2013-08-04,28.7,19.6,23.7,0.0,12.2,30.2,17.91,Morondava,-20.283,44.283,0.0
2013-08-05,28.5,19.6,23.5,0.0,14.7,31.0,19.14,Morondava,-20.283,44.283,0.0
2013-08-06,28.9,19.9,23.8,0.0,13.4,32.4,17.81,Morondava,-20.283,44.283,0.0
2013-08-07,27.7,19.3,23.3,0.0,12.6,30.2,16.77,Morondava,-20.283,44.283,0.0
2013-08-08,28.1,19.4,23.5,0.0,12.8,26.6,16.58,Morondava,-20.283,44.283,0.0
2013-08-09,28.3,20.0,23.7,0.0,12.4,30.6,16.42,Morondava,-20.283,44.283,0.0
2013-08-10,28.3,20.1,23.8,0.0,12.0,28.8,14.82,Morondava,-20.283,44.283,0.0
2013-08-11,30.1,20.8,25.0,0.0,12.0,25.9,17.69,Morondava,-20.283,44.283,0.0
2013-08-12,30.2,20.6,24.8,0.0,12.4,28.8,18.95,Morondava,-20.283,44.283,0.0
2013-08-13,29.1,18.0,23.7,0.0,12.4,30.2,20.29,Morondava,-20.283,44.283,0.0
2013-08-14,29.6,19.1,23.9,0.0,13.6,32.0,20.66,Morondava,-20.283,44.283,0.0
2013-08-15,29.7,18.9,24.0,0.0,13.8,31.7,20.86,Morondava,-20.283,44.283,0.0
2013-08-16,28.4,19.3,23.7,0.0,13.0,32.0,20.55,Morondava,-20.283,44.283,0.0
2013-08-17,30.5,18.9,24.2,0.0,12.7,28.8,20.94,Morondava,-20.283,44.283,0.0
2013-08-18,29.9,19.5,24.5,0.0,13.0,33.1,20.96,Morondava,-20.283,44.283,0.0
2013-08-19,30.8,20.5,25.1,0.0,14.2,33.8,21.24,Morondava,-20.283,44.283,0.0
2013-08-20,31.3,21.9,25.9,0.0,15.6,33.8,21.33,Morondava,-20.283,44.283,0.0
2013-08-21,29.1,20.9,24.3,0.0,17.6,39.2,20.33,Morondava,-20.283,44.283,0.0
2013-08-22,28.4,20.3,23.8,0.0,14.8,35.3,20.15,Morondava,-20.283,44.283,0.0
2013-08-23,29.7,19.8,24.1,0.0,16.6,38.9,21.48,Morondava,-20.283,44.283,0.0
2013-08-24,30.5,20.8,24.6,0.0,14.2,32.8,21.65,Morondava,-20.283,44.283,0.0
2013-08-25,28.9,19.6,24.1,0.0,16.3,36.7,22.1,Morondava,-20.283,44.283,0.0
2013-08-26,31.8,21.9,26.2,0.0,20.2,41.8,20.98,Morondava,-20.283,44.283,0.0
2013-08-27,30.5,21.1,25.0,0.0,19.4,43.9,22.37,Morondava,-20.283,44.283,0.0
2013-08-28,28.7,18.9,23.2,0.0,14.2,34.2,22.54,Morondava,-20.283,44.283,0.0
2013-08-29,29.2,18.5,23.4,0.0,13.8,32.8,22.48,Morondava,-20.283,44.283,0.0
2013-08-30,28.8,18.2,23.3,0.0,14.3,35.3,22.34,Morondava,-20.283,44.283,0.0
2013-08-31,29.9,19.5,24.2,0.0,12.5,32.0,21.38,Morondava,-20.283,44.283,0.0
2013-09-01,30.3,20.3,24.6,0.0,15.2,36.7,20.48,Morondava,-20.283,44.283,0.0
2013-09-02,30.7,21.4,25.3,0.0,17.3,39.2,20.87,Morondava,-20.283,44.283,0.0
2013-09-03,30.1,22.3,25.1,0.0,14.8,34.2,19.71,Morondava,-20.283,44.283,0.0
2013-09-04,27.9,21.0,23.9,0.2,14.4,37.4,20.26,Morondava,-20.283,44.283,0.0
2013-09-05,28.3,19.7,23.7,0.0,15.1,35.3,20.29,Morondava,-20.283,44.283,0.0
2013-09-06,29.6,20.8,24.5,0.7,13.4,33.8,18.82,Morondava,-20.283,44.283,0.0
2013-09-07,29.8,20.3,24.7,0.0,13.7,31.0,20.39,Morondava,-20.283,44.283,0.0
2013-09-08,28.6,19.4,24.0,0.0,16.6,37.4,21.35,Morondava,-20.283,44.283,0.0
2013-09-09,29.9,19.8,24.3,0.0,14.8,33.5,23.81,Morondava,-20.283,44.283,0.0
2013-09-10,32.6,19.5,25.8,0.0,13.9,31.3,23.91,Morondava,-20.283,44.283,0.0
2013-09-11,31.9,20.6,25.7,0.0,14.0,33.5,24.25,Morondava,-20.283,44.283,0.0
2013-09-12,29.3,20.5,24.6,0.0,13.3,33.5,22.31,Morondava,-20.283,44.283,0.0
2013-09-13,30.1,21.0,24.7,0.0,14.1,36.0,23.13,Morondava,-20.283,44.283,0.0
2013-09-14,29.9,21.9,25.1,0.0,15.5,37.1,22.89,Morondava,-20.283,44.283,0.0
2013-09-15,29.9,21.5,25.1,0.0,15.8,37.8,22.8,Morondava,-20.283,44.283,0.0
2013-09-16,30.3,21.3,25.3,0.0,15.5,37.8,22.95,Morondava,-20.283,44.283,0.0
2013-09-17,29.4,21.7,25.2,0.0,16.3,38.9,23.04,Morondava,-20.283,44.283,0.0
2013-09-18,29.6,21.3,25.2,0.0,16.3,36.7,22.02,Morondava,-20.283,44.283,0.0
2013-09-19,29.8,20.9,25.1,0.0,16.5,40.3,22.59,Morondava,-20.283,44.283,0.0
2013-09-20,31.2,21.5,25.8,0.0,15.3,37.8,23.35,Morondava,-20.283,44.283,0.0
2013-09-21,31.1,22.2,26.2,0.0,14.6,34.6,22.09,Morondava,-20.283,44.283,0.0
2013-09-22,31.5,23.0,26.5,0.0,15.6,38.2,24.81,Morondava,-20.283,44.283,0.0
2013-09-23,30.4,22.3,25.5,0.0,16.8,39.2,23.51,Morondava,-20.283,44.283,0.0
2013-09-24,29.8,21.7,25.2,0.0,17.7,42.5,22.41,Morondava,-20.283,44.283,0.0
2013-09-25,29.9,21.1,25.0,0.0,15.9,37.8,25.04,Morondava,-20.283,44.283,0.0
2013-09-26,29.4,20.8,25.0,0.0,16.8,39.6,24.73,Morondava,-20.283,44.283,0.0
2013-09-27,31.8,20.4,26.1,0.0,14.0,34.6,24.71,Morondava,-20.283,44.283,0.0
2013-09-28,30.7,22.7,26.3,0.0,15.6,38.9,23.82,Morondava,-20.283,44.283,0.0
2013-09-29,30.6,23.7,26.5,0.3,19.2,41.0,20.02,Morondava,-20.283,44.283,0.0
2013-09-30,33.5,25.0,28.7,0.7,20.6,43.2,19.93,Morondava,-20.283,44.283,0.0
2013-10-01,30.3,22.8,26.0,2.9,19.1,42.1,17.38,Morondava,-20.283,44.283,0.0
2013-10-02,22.2,19.7,21.1,11.8,16.4,31.7,6.19,Morondava,-20.283,44.283,0.0
2013-10-03,25.6,19.7,22.4,12.8,12.4,40.0,14.14,Morondava,-20.283,44.283,0.0
2013-10-04,29.1,20.0,24.3,2.9,15.8,31.0,24.31,Morondava,-20.283,44.283,0.0
2013-10-05,30.4,21.5,25.4,0.0,13.4,31.7,26.03,Morondava,-20.283,44.283,0.0
2013-10-06,29.0,21.8,25.1,0.0,16.9,38.2,23.82,Morondava,-20.283,44.283,0.0
2013-10-07,28.5,22.0,25.2,0.4,14.2,32.0,21.93,Morondava,-20.283,44.283,0.0
2013-10-08,28.8,21.9,25.1,0.0,13.8,33.8,22.1,Morondava,-20.283,44.283,0.0
2013-10-09,29.3,21.2,25.1,0.2,11.8,30.2,24.02,Morondava,-20.283,44.283,0.0
2013-10-10,29.5,20.4,25.0,0.0,13.4,32.8,24.22,Morondava,-20.283,44.283,0.0
2013-10-11,30.4,20.8,25.3,0.0,14.4,33.8,24.7,Morondava,-20.283,44.283,0.0
2013-10-12,31.9,20.5,26.2,0.0,13.1,34.9,26.06,Morondava,-20.283,44.283,0.0
2013-10-13,31.7,22.8,26.8,0.0,15.4,37.8,25.3,Morondava,-20.283,44.283,0.0
2013-10-14,31.4,22.5,26.3,0.0,17.9,41.8,26.95,Morondava,-20.283,44.283,0.0
2013-10-15,32.2,22.7,27.1,0.0,20.0,43.9,26.77,Morondava,-20.283,44.283,0.0
2013-10-16,32.0,23.8,26.8,0.0,19.0,44.6,27.09,Morondava,-20.283,44.283,0.0
2013-10-17,30.4,21.7,25.7,0.0,17.2,41.4,26.42,Morondava,-20.283,44.283,0.0
2013-10-18,29.7,22.5,25.7,0.8,15.4,38.9,22.94,Morondava,-20.283,44.283,0.0
2013-10-19,29.6,21.3,25.2,0.0,16.7,41.8,27.46,Morondava,-20.283,44.283,0.0
2013-10-20,30.0,20.7,25.1,0.0,18.0,42.8,28.3,Morondava,-20.283,44.283,0.0
2013-10-21,31.6,21.9,26.2,0.0,18.0,43.6,28.13,Morondava,-20.283,44.283,0.0
2013-10-22,32.3,23.2,27.2,0.0,17.3,41.0,25.94,Morondava,-20.283,44.283,0.0
2013-10-23,31.8,22.9,27.5,0.0,20.8,48.2,25.1,Morondava,-20.283,44.283,0.0
2013-10-24,33.8,25.2,28.7,0.0,16.9,41.4,24.92,Morondava,-20.283,44.283,0.0
2013-10-25,31.0,24.2,26.9,1.2,15.1,38.9,24.46,Morondava,-20.283,44.283,0.0
2013-10-26,29.3,23.0,25.7,0.3,16.2,41.0,24.61,Morondava,-20.283,44.283,0.0
2013-10-27,30.1,21.6,25.4,0.2,18.6,43.2,26.31,Morondava,-20.283,44.283,0.0
2013-10-28,30.2,21.5,25.4,2.2,12.4,38.9,25.41,Morondava,-20.283,44.283,0.0
2013-10-29,32.3,22.1,26.5,1.0,13.6,35.6,25.34,Morondava,-20.283,44.283,0.0
2013-10-30,32.7,23.8,27.7,0.1,13.3,35.3,26.23,Morondava,-20.283,44.283,0.0
2013-10-31,33.5,23.9,28.3,0.0,14.6,37.1,27.08,Morondava,-20.283,44.283,0.0
2013-11-01,32.5,25.5,28.4,0.5,15.6,37.8,26.01,Morondava,-20.283,44.283,0.0
2013-11-02,31.5,24.7,27.7,2.0,17.1,38.2,23.85,Morondava,-20.283,44.283,0.0
2013-11-03,32.8,25.3,28.2,0.6,20.3,43.9,24.53,Morondava,-20.283,44.283,0.0
2013-11-04,33.8,25.2,28.5,0.0,20.0,46.8,26.66,Morondava,-20.283,44.283,0.0
2013-11-05,33.1,24.2,28.0,0.3,16.8,40.0,27.45,Morondava,-20.283,44.283,0.0
2013-11-06,32.7,23.7,28.0,0.0,14.8,38.2,26.02,Morondava,-20.283,44.283,0.0
2013-11-07,32.9,23.9,28.2,0.2,15.1,40.0,26.51,Morondava,-20.283,44.283,0.0
2013-11-08,32.5,24.4,28.2,1.7,13.6,38.2,25.64,Morondava,-20.283,44.283,0.0
2013-11-09,32.8,25.5,28.5,1.4,15.0,38.2,24.58,Morondava,-20.283,44.283,0.0
2013-11-10,32.2,25.0,28.1,2.1,16.3,38.9,26.85,Morondava,-20.283,44.283,0.0
2013-11-11,32.6,24.2,28.0,0.7,14.5,37.1,26.28,Morondava,-20.283,44.283,0.0
2013-11-12,32.5,24.0,27.9,0.1,15.1,40.3,26.95,Morondava,-20.283,44.283,0.0
2013-11-13,31.7,22.3,27.1,0.0,16.5,40.0,30.15,Morondava,-20.283,44.283,0.0
2013-11-14,32.8,22.4,27.5,0.0,18.0,44.3,29.84,Morondava,-20.283,44.283,0.0
2013-11-15,33.8,24.1,28.5,0.0,14.9,35.3,26.45,Morondava,-20.283,44.283,0.0
2013-11-16,32.9,24.7,28.8,0.0,16.9,42.8,28.32,Morondava,-20.283,44.283,0.0
2013-11-17,33.6,25.4,28.7,0.0,18.4,43.2,26.78,Morondava,-20.283,44.283,0.0
2013-11-18,32.2,23.9,27.9,0.0,18.9,43.9,29.35,Morondava,-20.283,44.283,0.0
2013-11-19,32.1,24.4,27.8,0.0,19.2,44.6,26.99,Morondava,-20.283,44.283,0.0
2013-11-20,32.2,24.0,27.9,0.0,15.9,40.3,27.41,Morondava,-20.283,44.283,0.0
2013-11-21,32.7,24.4,28.3,0.0,15.8,38.9,25.96,Morondava,-20.283,44.283,0.0
2013-11-22,33.9,25.7,29.3,0.0,16.3,39.6,27.05,Morondava,-20.283,44.283,0.0
2013-11-23,32.1,25.9,28.6,1.9,17.6,42.5,26.98,Morondava,-20.283,44.283,0.0
2013-11-24,30.2,25.0,27.3,5.1,17.6,43.9,23.95,Morondava,-20.283,44.283,0.0
2013-11-25,30.7,23.7,26.7,8.4,14.4,34.9,24.79,Morondava,-20.283,44.283,0.0
2013-11-26,29.1,23.0,25.6,8.3,13.8,39.6,24.45,Morondava,-20.283,44.283,0.0
2013-11-27,30.4,23.9,26.8,0.2,14.0,36.4,25.24,Morondava,-20.283,44.283,0.0
2013-11-28,31.7,23.9,27.5,0.0,15.2,37.4,27.79,Morondava,-20.283,44.283,0.0
2013-11-29,32.0,23.2,27.4,0.2,15.5,39.6,29.18,Morondava,-20.283,44.283,0.0
2013-11-30,31.5,23.9,27.5,1.7,15.6,38.5,27.18,Morondava,-20.283,44.283,0.0
2013-12-01,32.2,24.0,27.8,0.0,17.6,41.0,27.8,Morondava,-20.283,44.283,0.0
2013-12-02,32.4,24.4,28.3,0.0,17.4,42.1,26.25,Morondava,-20.283,44.283,0.0
2013-12-03,33.5,24.6,28.9,0.1,10.9,27.7,24.97,Morondava,-20.283,44.283,0.0
2013-12-04,31.9,25.6,28.4,3.0,16.8,40.3,24.56,Morondava,-20.283,44.283,0.0
2013-12-05,30.4,23.4,26.6,3.6,13.9,33.1,20.67,Morondava,-20.283,44.283,0.0
2013-12-06,29.5,24.3,26.5,6.5,14.6,38.5,21.54,Morondava,-20.283,44.283,0.0
2013-12-07,31.3,22.9,27.3,0.0,17.9,41.8,26.06,Morondava,-20.283,44.283,0.0
2013-12-08,32.5,25.1,28.5,0.4,14.7,35.3,26.4,Morondava,-20.283,44.283,0.0
2013-12-09,31.4,25.1,28.0,0.6,15.9,37.4,24.24,Morondava,-20.283,44.283,0.0
2013-12-10,30.2,24.9,27.2,1.4,14.2,36.7,21.96,Morondava,-20.283,44.283,0.0
2013-12-11,30.8,23.8,27.1,0.1,16.5,40.7,23.59,Morondava,-20.283,44.283,0.0
2013-12-12,31.3,24.0,27.4,0.0,19.6,50.0,30.05,Morondava,-20.283,44.283,0.0
2013-12-13,31.9,23.3,27.3,0.0,16.2,43.9,31.18,Morondava,-20.283,44.283,0.0
2013-12-14,31.3,23.3,27.2,0.0,18.4,45.7,30.91,Morondava,-20.283,44.283,0.0
2013-12-15,31.9,23.6,27.6,0.0,16.9,43.9,29.78,Morondava,-20.283,44.283,0.0
2013-12-16,33.2,24.2,28.5,0.1,16.7,41.0,29.32,Morondava,-20.283,44.283,0.0
2013-12-17,32.8,25.4,28.9,0.3,20.1,46.1,28.68,Morondava,-20.283,44.283,0.0
2013-12-18,31.9,25.7,28.6,1.1,15.5,42.8,26.56,Morondava,-20.283,44.283,0.0
2013-12-19,32.8,25.8,29.2,0.1,15.5,38.5,26.71,Morondava,-20.283,44.283,0.0
2013-12-20,33.1,26.3,29.5,0.7,15.5,37.4,24.67,Morondava,-20.283,44.283,0.0
2013-12-21,33.2,25.9,28.6,17.3,9.7,28.4,22.2,Morondava,-20.283,44.283,0.0
2013-12-22,32.2,25.0,27.9,7.4,10.9,29.5,24.29,Morondava,-20.283,44.283,0.0
2013-12-23,31.8,23.9,27.6,5.2,13.3,29.5,26.65,Morondava,-20.283,44.283,0.0
2013-12-24,32.5,25.1,28.4,0.4,12.8,31.7,26.85,Morondava,-20.283,44.283,0.0
2013-12-25,31.3,24.6,28.0,4.3,11.2,32.0,23.76,Morondava,-20.283,44.283,0.0
2013-12-26,31.9,24.7,28.5,0.6,13.1,29.5,25.43,Morondava,-20.283,44.283,0.0
2013-12-27,32.4,25.5,28.8,1.1,14.4,37.4,25.82,Morondava,-20.283,44.283,0.0
2013-12-28,32.6,25.3,28.6,6.7,13.1,35.3,26.38,Morondava,-20.283,44.283,0.0
2013-12-29,31.5,25.5,27.9,7.1,13.1,34.2,23.7,Morondava,-20.283,44.283,0.0
2013-12-30,32.1,25.2,28.0,10.8,13.3,32.8,25.73,Morondava,-20.283,44.283,0.0
2013-12-31,32.3,24.3,27.9,4.4,13.0,31.3,25.46,Morondava,-20.283,44.283,0.0
2014-01-01,30.8,25.1,27.7,11.2,12.6,33.1,23.73,Morondava,-20.283,44.283,0.0
2014-01-02,30.6,25.0,27.7,5.1,13.8,36.4,22.76,Morondava,-20.283,44.283,0.0
2014-01-03,29.8,24.9,27.1,12.3,13.0,30.2,19.21,Morondava,-20.283,44.283,0.0
2014-01-04,27.5,24.3,25.5,18.5,14.2,42.1,13.66,Morondava,-20.283,44.283,0.0
2014-01-05,25.5,23.3,24.4,158.0,26.9,64.1,4.71,Morondava,-20.283,44.283,0.0
2014-01-06,26.1,24.0,24.6,37.0,17.8,42.5,7.88,Morondava,-20.283,44.283,0.0
2014-01-07,25.5,23.5,24.5,32.7,17.3,47.9,5.49,Morondava,-20.283,44.283,0.0
2014-01-08,28.1,23.6,25.9,5.1,20.7,58.3,13.92,Morondava,-20.283,44.283,0.0
2014-01-09,25.7,24.3,24.9,21.5,27.2,61.2,7.28,Morondava,-20.283,44.283,0.0
2014-01-10,26.0,24.1,24.9,19.4,15.6,33.8,6.56,Morondava,-20.283,44.283,0.0
2014-01-11,30.1,23.8,26.7,7.5,10.1,27.0,23.67,Morondava,-20.283,44.283,0.0
2014-01-12,31.1,25.4,28.1,5.0,10.5,24.1,26.29,Morondava,-20.283,44.283,0.0
2014-01-13,31.1,25.1,27.7,1.5,10.2,27.4,27.3,Morondava,-20.283,44.283,0.0
2014-01-14,28.7,25.1,26.7,4.1,12.5,28.8,15.0,Morondava,-20.283,44.283,0.0
2014-01-15,30.4,25.1,27.2,23.4,14.6,36.4,22.83,Morondava,-20.283,44.283,0.0
2014-01-16,25.8,23.9,24.7,55.2,31.6,65.5,4.94,Morondava,-20.283,44.283,0.0
2014-01-17,27.0,23.9,25.3,14.7,19.1,47.2,15.83,Morondava,-20.283,44.283,0.0
2014-01-18,28.9,24.7,26.6,2.5,17.8,39.6,23.75,Morondava,-20.283,44.283,0.0
2014-01-19,29.5,24.4,26.8,3.7,10.2,27.7,23.72,Morondava,-20.283,44.283,0.0
2014-01-20,29.8,24.7,27.1,4.5,11.3,27.0,22.81,Morondava,-20.283,44.283,0.0
2014-01-21,30.8,25.4,27.7,8.8,12.9,30.6,22.6,Morondava,-20.283,44.283,0.0
2014-01-22,29.9,24.2,26.5,19.3,11.0,41.8,17.97,Morondava,-20.283,44.283,0.0
2014-01-23,29.8,24.0,26.8,4.6,16.6,42.1,26.06,Morondava,-20.283,44.283,0.0
2014-01-24,29.9,24.7,27.2,5.7,8.8,22.7,21.43,Morondava,-20.283,44.283,0.0
2014-01-25,30.8,25.2,27.5,8.6,9.5,25.2,23.51,Morondava,-20.283,44.283,0.0
2014-01-26,30.9,24.9,27.5,12.2,8.7,22.0,25.7,Morondava,-20.283,44.283,0.0
2014-01-27,30.8,24.7,27.4,6.5,9.7,24.8,24.86,Morondava,-20.283,44.283,0.0
2014-01-28,29.3,24.6,26.6,2.8,11.2,28.1,19.16,Morondava,-20.283,44.283,0.0
2014-01-29,28.0,24.8,26.2,3.8,9.4,18.0,12.34,Morondava,-20.283,44.283,0.0
2014-01-30,28.9,24.8,26.7,1.8,10.2,24.1,19.72,Morondava,-20.283,44.283,0.0
2014-01-31,29.0,24.4,26.5,1.2,7.4,26.3,20.71,Morondava,-20.283,44.283,0.0
2014-02-01,30.4,24.7,27.6,0.5,12.1,27.7,25.31,Morondava,-20.283,44.283,0.0
2014-02-02,30.2,24.9,27.5,3.1,12.1,28.8,22.47,Morondava,-20.283,44.283,0.0
2014-02-03,30.4,25.0,27.6,2.3,11.3,30.2,23.61,Morondava,-20.283,44.283,0.0
2014-02-04,28.9,24.7,27.0,6.5,11.7,32.8,20.89,Morondava,-20.283,44.283,0.0
2014-02-05,28.3,24.2,26.0,6.8,10.8,27.0,16.14,Morondava,-20.283,44.283,0.0
2014-02-06,29.4,24.5,26.9,1.0,10.5,25.9,24.9,Morondava,-20.283,44.283,0.0
2014-02-07,30.2,25.2,27.8,1.5,11.9,29.2,25.02,Morondava,-20.283,44.283,0.0
2014-02-08,29.9,24.9,27.3,4.2,13.0,32.0,25.13,Morondava,-20.283,44.283,0.0
2014-02-09,29.4,24.4,26.9,6.6,9.4,25.6,22.49,Morondava,-20.283,44.283,0.0
2014-02-10,30.2,24.4,26.8,12.8,7.7,24.8,20.41,Morondava,-20.283,44.283,0.0
2014-02-11,28.2,24.8,26.0,17.4,9.1,23.8,10.05,Morondava,-20.283,44.283,0.0
2014-02-12,30.1,24.7,27.2,3.3,9.2,19.8,15.47,Morondava,-20.283,44.283,0.0
2014-02-13,30.9,25.1,27.7,3.6,10.5,26.6,24.96,Morondava,-20.283,44.283,0.0
2014-02-14,31.1,25.2,27.7,4.0,7.6,23.8,25.38,Morondava,-20.283,44.283,0.0
2014-02-15,30.1,24.9,27.0,5.8,8.5,22.7,21.18,Morondava,-20.283,44.283,0.0
2014-02-16,30.5,24.7,26.9,10.1,9.4,24.1,23.12,Morondava,-20.283,44.283,0.0
2014-02-17,30.5,24.6,26.9,3.9,8.9,26.6,18.61,Morondava,-20.283,44.283,0.0
2014-02-18,26.3,24.2,25.3,14.5,12.0,29.5,5.32,Morondava,-20.283,44.283,0.0
2014-02-19,28.0,25.9,26.8,1.6,15.9,40.0,10.89,Morondava,-20.283,44.283,0.0
2014-02-20,29.5,25.8,27.2,2.0,14.9,36.0,23.8,Morondava,-20.283,44.283,0.0
2014-02-21,29.2,24.9,26.9,9.7,11.9,29.5,20.51,Morondava,-20.283,44.283,0.0
2014-02-22,30.0,24.5,27.2,1.9,7.8,34.2,23.7,Morondava,-20.283,44.283,0.0
2014-02-23,31.3,24.4,27.6,5.0,12.0,22.3,24.93,Morondava,-20.283,44.283,0.0
2014-02-24,29.8,25.4,27.3,7.0,9.4,23.4,22.77,Morondava,-20.283,44.283,0.0
2014-02-25,28.8,23.8,26.4,5.8,8.4,26.6,19.62,Morondava,-20.283,44.283,0.0
2014-02-26,28.4,23.7,25.7,8.8,13.0,32.4,19.68,Morondava,-20.283,44.283,0.0
2014-02-27,28.6,23.8,25.9,3.7,12.8,30.2,18.89,Morondava,-20.283,44.283,0.0
2014-02-28,29.2,23.6,26.3,2.6,10.1,26.3,22.14,Morondava,-20.283,44.283,0.0
2014-03-01,30.3,24.6,27.3,0.0,9.0,24.8,25.74,Morondava,-20.283,44.283,0.0
2014-03-02,31.6,25.1,27.9,8.7,6.0,23.0,24.87,Morondava,-20.283,44.283,0.0
2014-03-03,32.0,25.2,28.3,0.5,8.9,24.8,25.9,Morondava,-20.283,44.283,0.0
2014-03-04,31.0,25.9,28.1,3.3,6.4,23.4,24.67,Morondava,-20.283,44.283,0.0
2014-03-05,31.3,25.3,27.9,3.0,8.4,22.7,25.61,Morondava,-20.283,44.283,0.0
2014-03-06,31.6,25.7,28.3,4.4,8.4,22.0,23.69,Morondava,-20.283,44.283,0.0
2014-03-07,30.8,25.6,27.8,4.6,11.8,23.4,20.85,Morondava,-20.283,44.283,0.0
2014-03-08,30.7,25.8,27.9,2.5,7.6,24.1,21.88,Morondava,-20.283,44.283,0.0
2014-03-09,30.8,25.5,27.9,2.2,8.0,22.0,21.06,Morondava,-20.283,44.283,0.0
2014-03-10,31.7,26.0,28.3,1.0,7.2,20.5,23.64,Morondava,-20.283,44.283,0.0
2014-03-11,31.2,25.6,28.5,0.6,9.7,22.3,22.4,Morondava,-20.283,44.283,0.0
2014-03-12,30.9,25.6,28.1,4.3,10.5,24.5,22.64,Morondava,-20.283,44.283,0.0
2014-03-13,31.0,25.5,27.7,10.5,15.0,27.4,21.63,Morondava,-20.283,44.283,0.0
2014-03-14,31.5,24.9,28.0,0.6,8.0,29.5,24.08,Morondava,-20.283,44.283,0.0
2014-03-15,31.6,25.4,28.3,6.6,9.0,25.9,23.29,Morondava,-20.283,44.283,0.0
2014-03-16,30.5,25.5,28.0,0.8,10.4,27.7,21.91,Morondava,-20.283,44.283,0.0
2014-03-17,30.9,25.4,28.3,0.3,13.3,27.7,22.9,Morondava,-20.283,44.283,0.0
2014-03-18,31.0,25.8,28.2,0.2,14.3,31.7,22.99,Morondava,-20.283,44.283,0.0
2014-03-19,30.6,25.5,27.8,0.6,16.4,36.7,23.37,Morondava,-20.283,44.283,0.0
2014-03-20,30.0,24.5,27.3,0.5,13.8,29.2,21.92,Morondava,-20.283,44.283,0.0
2014-03-21,31.8,25.3,28.6,0.3,12.4,26.3,23.55,Morondava,-20.283,44.283,0.0
2014-03-22,33.6,26.1,29.5,0.7,11.8,25.9,24.17,Morondava,-20.283,44.283,0.0
2014-03-23,34.3,26.2,30.0,0.0,18.5,36.4,24.27,Morondava,-20.283,44.283,0.0
2014-03-24,34.5,26.6,30.0,0.0,19.3,38.2,24.99,Morondava,-20.283,44.283,0.0
2014-03-25,33.3,25.2,28.8,0.0,19.4,38.2,25.1,Morondava,-20.283,44.283,0.0
2014-03-26,32.2,23.9,27.8,0.0,13.3,27.0,23.72,Morondava,-20.283,44.283,0.0
2014-03-27,32.0,24.2,28.0,0.0,10.8,22.0,22.7,Morondava,-20.283,44.283,0.0
2014-03-28,31.9,24.0,27.8,0.0,12.6,27.4,24.68,Morondava,-20.283,44.283,0.0
2014-03-29,32.3,24.3,28.0,0.0,13.6,28.8,22.55,Morondava,-20.283,44.283,0.0
2014-03-30,30.3,24.7,27.4,1.1,9.8,23.8,18.0,Morondava,-20.283,44.283,0.0
2014-03-31,31.9,25.0,28.0,0.5,8.6,23.8,21.1,Morondava,-20.283,44.283,0.0
2014-04-01,29.0,25.4,27.0,1.8,8.0,20.9,8.72,Morondava,-20.283,44.283,0.0
2014-04-02,31.1,24.4,27.6,5.0,8.2,33.8,18.33,Morondava,-20.283,44.283,0.0
2014-04-03,31.3,25.6,27.9,4.9,10.5,28.1,19.98,Morondava,-20.283,44.283,0.0
2014-04-04,31.4,25.0,27.9,1.2,11.5,23.8,20.71,Morondava,-20.283,44.283,0.0
2014-04-05,31.4,25.4,27.8,2.7,13.9,34.2,19.8,Morondava,-20.283,44.283,0.0
2014-04-06,30.3,24.2,26.9,0.6,15.5,34.9,19.23,Morondava,-20.283,44.283,0.0
2014-04-07,29.2,23.1,26.1,0.0,12.6,27.0,20.31,Morondava,-20.283,44.283,0.0
2014-04-08,30.9,23.4,26.9,0.0,12.9,26.3,20.07,Morondava,-20.283,44.283,0.0
2014-04-09,31.7,23.7,27.3,0.0,15.8,32.8,19.15,Morondava,-20.283,44.283,0.0
2014-04-10,31.1,23.6,26.9,0.0,14.6,32.8,19.94,Morondava,-20.283,44.283,0.0
2014-04-11,31.5,22.2,26.5,0.0,15.7,32.0,23.27,Morondava,-20.283,44.283,0.0
2014-04-12,31.6,22.7,26.7,0.0,13.2,30.6,21.42,Morondava,-20.283,44.283,0.0
2014-04-13,32.0,24.1,27.4,0.0,12.3,30.2,18.28,Morondava,-20.283,44.283,0.0
2014-04-14,32.1,24.3,27.7,0.0,13.7,32.8,18.39,Morondava,-20.283,44.283,0.0
2014-04-15,31.4,23.2,27.1,0.2,9.5,25.6,19.92,Morondava,-20.283,44.283,0.0
2014-04-16,31.7,23.7,27.3,0.0,12.1,28.1,20.14,Morondava,-20.283,44.283,0.0
2014-04-17,31.3,23.8,27.2,0.0,12.7,27.7,19.12,Morondava,-20.283,44.283,0.0
2014-04-18,32.2,23.9,27.7,1.3,12.4,31.0,20.72,Morondava,-20.283,44.283,0.0
2014-04-19,31.5,24.0,27.4,0.0,10.5,29.5,20.24,Morondava,-20.283,44.283,0.0
2014-04-20,32.1,24.5,27.9,0.6,13.7,31.0,20.0,Morondava,-20.283,44.283,0.0
2014-04-21,30.9,24.2,27.3,0.1,13.4,33.5,19.81,Morondava,-20.283,44.283,0.0
2014-04-22,31.1,23.7,27.0,0.0,12.4,30.2,19.49,Morondava,-20.283,44.283,0.0
2014-04-23,31.4,23.8,27.1,0.2,11.7,30.2,19.59,Morondava,-20.283,44.283,0.0
2014-04-24,32.5,24.0,27.7,0.2,11.2,24.5,18.59,Morondava,-20.283,44.283,0.0
2014-04-25,32.3,24.6,28.0,0.0,9.4,25.6,18.87,Morondava,-20.283,44.283,0.0
2014-04-26,31.5,24.3,27.7,0.0,13.5,28.8,17.61,Morondava,-20.283,44.283,0.0
2014-04-27,31.8,24.1,27.5,0.0,13.6,29.9,17.78,Morondava,-20.283,44.283,0.0
2014-04-28,28.5,24.4,26.2,0.3,16.2,31.0,11.91,Morondava,-20.283,44.283,0.0
2014-04-29,27.7,22.2,24.7,0.0,13.2,28.4,18.58,Morondava,-20.283,44.283,0.0
2014-04-30,29.2,20.9,24.9,0.0,11.6,25.2,20.83,Morondava,-20.283,44.283,0.0
2014-05-01,32.0,21.3,26.1,0.0,12.0,29.2,20.55,Morondava,-20.283,44.283,0.0
2014-05-02,32.3,22.3,26.8,0.0,11.5,24.8,20.29,Morondava,-20.283,44.283,0.0
2014-05-03,33.2,24.1,28.1,0.0,11.5,23.0,19.25,Morondava,-20.283,44.283,0.0
2014-05-04,33.4,25.3,28.6,0.0,13.1,31.3,19.32,Morondava,-20.283,44.283,0.0
2014-05-05,31.8,25.1,27.9,0.0,11.6,25.6,16.46,Morondava,-20.283,44.283,0.0
2014-05-06,32.6,24.0,27.5,0.0,13.5,28.1,19.38,Morondava,-20.283,44.283,0.0
2014-05-07,30.5,22.9,26.3,0.0,10.9,27.0,17.77,Morondava,-20.283,44.283,0.0
2014-05-08,29.5,22.8,26.0,0.1,11.0,26.6,16.65,Morondava,-20.283,44.283,0.0
2014-05-09,30.1,23.1,26.2,0.0,11.3,25.6,17.46,Morondava,-20.283,44.283,0.0
2014-05-10,29.9,23.1,26.0,0.3,11.6,30.2,17.47,Morondava,-20.283,44.283,0.0
2014-05-11,29.7,23.0,25.7,0.0,12.3,31.7,16.86,Morondava,-20.283,44.283,0.0
2014-05-12,28.6,22.3,25.0,0.0,13.7,32.4,17.23,Morondava,-20.283,44.283,0.0
2014-05-13,28.0,20.8,24.1,1.2,18.8,43.9,16.69,Morondava,-20.283,44.283,0.0
2014-05-14,27.7,20.3,23.7,0.0,12.1,30.6,19.14,Morondava,-20.283,44.283,0.0
2014-05-15,26.5,18.4,22.5,0.0,14.9,34.2,19.39,Morondava,-20.283,44.283,0.0
2014-05-16,27.6,18.0,22.7,0.0,10.7,20.2,19.28,Morondava,-20.283,44.283,0.0
2014-05-17,28.6,18.3,23.4,0.0,11.3,26.6,19.08,Morondava,-20.283,44.283,0.0
2014-05-18,29.6,19.0,24.1,0.0,14.2,26.3,18.99,Morondava,-20.283,44.283,0.0
2014-05-19,29.7,20.0,24.5,0.0,13.6,29.2,18.71,Morondava,-20.283,44.283,0.0
2014-05-20,29.7,21.0,24.9,0.0,12.3,29.5,16.6,Morondava,-20.283,44.283,0.0
2014-05-21,27.5,20.7,24.0,0.2,11.0,27.4,15.58,Morondava,-20.283,44.283,0.0
2014-05-22,28.1,19.6,23.8,0.0,11.9,25.6,18.3,Morondava,-20.283,44.283,0.0
2014-05-23,31.3,22.6,26.3,0.0,22.9,46.4,17.46,Morondava,-20.283,44.283,0.0
2014-05-24,30.7,22.2,25.9,0.0,20.1,43.6,17.59,Morondava,-20.283,44.283,0.0
2014-05-25,29.1,21.3,24.6,0.0,11.7,22.0,15.43,Morondava,-20.283,44.283,0.0
2014-05-26,29.0,19.2,23.9,0.0,11.2,23.8,18.06,Morondava,-20.283,44.283,0.0
2014-05-27,27.9,19.6,23.6,0.0,14.2,31.0,17.92,Morondava,-20.283,44.283,0.0
2014-05-28,29.3,19.5,23.8,0.0,10.7,20.5,18.02,Morondava,-20.283,44.283,0.0
2014-05-29,29.6,19.3,23.9,0.0,10.4,25.9,17.81,Morondava,-20.283,44.283,0.0
2014-05-30,28.9,19.4,23.8,0.0,10.9,25.9,17.58,Morondava,-20.283,44.283,0.0
2014-05-31,30.1,19.8,24.6,0.0,12.0,22.0,17.45,Morondava,-20.283,44.283,0.0
2014-06-01,29.6,19.8,24.3,0.0,10.8,24.5,17.54,Morondava,-20.283,44.283,0.0
2014-06-02,29.5,19.7,24.1,0.0,12.2,26.6,17.5,Morondava,-20.283,44.283,0.0
2014-06-03,29.7,20.3,24.5,0.0,11.3,24.1,17.41,Morondava,-20.283,44.283,0.0
2014-06-04,30.2,20.5,24.7,0.0,10.1,22.7,17.28,Morondava,-20.283,44.283,0.0
2014-06-05,30.7,20.5,25.0,0.0,9.4,21.2,17.16,Morondava,-20.283,44.283,0.0
2014-06-06,29.6,20.3,24.7,0.0,11.5,25.9,17.11,Morondava,-20.283,44.283,0.0
2014-06-07,29.1,21.3,24.7,0.0,14.2,31.0,15.88,Morondava,-20.283,44.283,0.0
2014-06-08,31.0,21.7,25.6,0.0,13.2,25.6,15.45,Morondava,-20.283,44.283,0.0
2014-06-09,31.1,22.1,25.8,0.0,14.7,30.6,16.14,Morondava,-20.283,44.283,0.0
2014-06-10,30.7,20.6,25.0,0.0,14.3,25.9,17.15,Morondava,-20.283,44.283,0.0
2014-06-11,30.1,20.2,24.5,0.0,13.7,33.8,17.43,Morondava,-20.283,44.283,0.0
2014-06-12,29.0,18.6,23.3,0.0,11.8,23.4,17.46,Morondava,-20.283,44.283,0.0
2014-06-13,29.0,18.7,23.3,0.0,11.5,23.4,17.13,Morondava,-20.283,44.283,0.0
2014-06-14,29.3,20.2,24.0,0.0,12.1,23.4,15.8,Morondava,-20.283,44.283,0.0
2014-06-15,29.0,20.8,24.0,0.0,8.3,20.2,12.28,Morondava,-20.283,44.283,0.0
2014-06-16,29.4,19.5,24.0,0.0,12.2,22.7,15.79,Morondava,-20.283,44.283,0.0
2014-06-17,30.0,22.3,25.5,0.0,12.0,25.2,16.38,Morondava,-20.283,44.283,0.0
2014-06-18,29.2,22.1,25.1,0.0,9.8,22.3,12.87,Morondava,-20.283,44.283,0.0
2014-06-19,28.9,21.1,24.5,0.0,10.4,24.8,14.38,Morondava,-20.283,44.283,0.0
2014-06-20,30.3,21.5,25.2,0.0,17.3,33.1,16.59,Morondava,-20.283,44.283,0.0
2014-06-21,29.5,21.3,24.7,0.0,17.4,36.7,16.74,Morondava,-20.283,44.283,0.0
2014-06-22,29.6,19.1,23.8,0.0,15.0,27.7,17.38,Morondava,-20.283,44.283,0.0
2014-06-23,28.2,19.2,23.0,0.0,13.5,25.2,17.11,Morondava,-20.283,44.283,0.0
2014-06-24,28.3,18.5,22.8,0.0,10.8,22.7,16.82,Morondava,-20.283,44.283,0.0
2014-06-25,29.2,18.8,23.3,0.0,10.3,21.2,16.98,Morondava,-20.283,44.283,0.0
2014-06-26,28.3,18.0,22.8,0.0,9.7,22.0,17.12,Morondava,-20.283,44.283,0.0
2014-06-27,28.0,17.9,22.5,0.0,11.0,23.8,17.06,Morondava,-20.283,44.283,0.0
2014-06-28,28.5,18.5,22.8,0.0,12.1,24.8,17.14,Morondava,-20.283,44.283,0.0
2014-06-29,27.8,18.1,22.5,0.0,10.5,23.8,16.65,Morondava,-20.283,44.283,0.0
2014-06-30,27.8,17.9,22.5,0.0,12.2,22.3,16.49,Morondava,-20.283,44.283,0.0
2014-07-01,28.5,18.4,23.0,0.0,10.7,19.8,16.91,Morondava,-20.283,44.283,0.0
2014-07-02,29.6,19.6,24.1,0.0,11.1,22.7,16.4,Morondava,-20.283,44.283,0.0
2014-07-03,30.0,21.1,24.8,0.0,12.0,29.2,16.59,Morondava,-20.283,44.283,0.0
2014-07-04,29.2,21.2,24.6,0.0,13.7,31.3,16.84,Morondava,-20.283,44.283,0.0
2014-07-05,29.5,20.7,24.3,0.0,11.2,28.1,16.91,Morondava,-20.283,44.283,0.0
2014-07-06,29.0,19.7,23.8,0.0,10.7,21.6,15.94,Morondava,-20.283,44.283,0.0
2014-07-07,29.0,20.3,23.7,0.0,8.6,18.4,12.63,Morondava,-20.283,44.283,0.0
2014-07-08,28.8,19.8,23.7,0.0,12.4,29.2,17.29,Morondava,-20.283,44.283,0.0
2014-07-09,26.3,20.5,22.8,0.0,16.8,32.8,12.72,Morondava,-20.283,44.283,0.0
2014-07-10,26.0,17.4,21.4,0.0,16.9,35.6,17.41,Morondava,-20.283,44.283,0.0
2014-07-11,27.4,18.1,22.4,0.0,16.6,31.7,15.83,Morondava,-20.283,44.283,0.0
2014-07-12,28.1,18.6,22.6,0.0,14.8,29.2,17.45,Morondava,-20.283,44.283,0.0
2014-07-13,27.0,18.0,21.9,0.0,10.8,24.5,17.53,Morondava,-20.283,44.283,0.0
2014-07-14,28.4,18.3,22.8,0.0,14.2,27.4,17.33,Morondava,-20.283,44.283,0.0
2014-07-15,27.5,19.9,23.2,0.4,10.3,20.2,7.19,Morondava,-20.283,44.283,0.0
2014-07-16,26.3,21.3,23.5,0.2,10.5,25.2,8.77,Morondava,-20.283,44.283,0.0
2014-07-17,29.0,20.1,24.0,0.0,11.4,22.0,16.53,Morondava,-20.283,44.283,0.0
2014-07-18,28.8,19.8,23.8,0.0,11.9,26.3,16.58,Morondava,-20.283,44.283,0.0
2014-07-19,28.4,20.0,23.7,0.0,11.4,25.9,16.69,Morondava,-20.283,44.283,0.0
2014-07-20,29.9,19.4,24.1,0.0,11.8,25.6,17.54,Morondava,-20.283,44.283,0.0
2014-07-21,29.7,19.5,24.2,0.0,11.4,24.5,17.21,Morondava,-20.283,44.283,0.0
2014-07-22,28.9,19.8,24.0,0.0,10.7,22.3,15.61,Morondava,-20.283,44.283,0.0
2014-07-23,29.4,19.8,24.1,0.0,11.6,22.0,16.48,Morondava,-20.283,44.283,0.0
2014-07-24,29.2,20.1,24.0,0.0,10.5,25.6,17.48,Morondava,-20.283,44.283,0.0
2014-07-25,28.8,21.0,24.4,0.1,10.2,21.2,15.2,Morondava,-20.283,44.283,0.0
2014-07-26,29.5,20.6,24.5,0.0,7.9,20.9,14.91,Morondava,-20.283,44.283,0.0
2014-07-27,30.1,20.7,25.1,0.0,12.7,24.1,17.87,Morondava,-20.283,44.283,0.0
2014-07-28,30.7,22.1,26.0,0.0,14.9,28.1,16.85,Morondava,-20.283,44.283,0.0
2014-07-29,30.4,22.5,26.0,0.0,18.2,39.6,17.46,Morondava,-20.283,44.283,0.0
2014-07-30,30.2,21.6,25.2,0.0,18.9,37.1,17.29,Morondava,-20.283,44.283,0.0
2014-07-31,29.1,19.0,23.4,0.0,13.6,27.4,18.81,Morondava,-20.283,44.283,0.0
2014-08-01,26.9,18.8,22.6,0.0,14.7,33.8,17.55,Morondava,-20.283,44.283,0.0
2014-08-02,28.8,18.8,23.3,0.0,14.1,28.4,18.94,Morondava,-20.283,44.283,0.0
2014-08-03,30.0,20.3,24.4,0.0,11.7,27.4,18.71,Morondava,-20.283,44.283,0.0
2014-08-04,29.6,21.1,24.7,0.0,12.7,29.5,17.16,Morondava,-20.283,44.283,0.0
2014-08-05,28.3,21.6,24.6,0.0,13.0,29.9,16.1,Morondava,-20.283,44.283,0.0
2014-08-06,30.3,21.1,25.2,0.0,14.0,25.6,19.25,Morondava,-20.283,44.283,0.0
2014-08-07,30.5,20.7,24.8,0.0,13.3,25.6,19.61,Morondava,-20.283,44.283,0.0
2014-08-08,29.1,19.7,23.8,0.0,11.3,26.6,19.66,Morondava,-20.283,44.283,0.0
2014-08-09,28.9,19.4,23.7,0.0,12.8,29.5,17.9,Morondava,-20.283,44.283,0.0
2014-08-10,30.0,21.1,24.7,0.0,12.3,24.5,16.66,Morondava,-20.283,44.283,0.0
2014-08-11,30.5,22.3,25.8,0.0,12.7,24.5,16.31,Morondava,-20.283,44.283,0.0
2014-08-12,29.3,22.5,25.0,0.1,13.9,32.0,16.27,Morondava,-20.283,44.283,0.0
2014-08-13,29.2,21.3,24.5,0.0,15.9,35.3,17.49,Morondava,-20.283,44.283,0.0
2014-08-14,27.9,21.3,24.1,0.0,13.7,33.1,17.14,Morondava,-20.283,44.283,0.0
2014-08-15,28.7,20.5,24.4,0.0,11.8,26.6,16.81,Morondava,-20.283,44.283,0.0
2014-08-16,30.0,20.5,24.8,0.0,13.4,29.5,16.48,Morondava,-20.283,44.283,0.0
2014-08-17,30.8,21.7,25.5,0.0,12.6,28.4,20.24,Morondava,-20.283,44.283,0.0
2014-08-18,29.6,21.1,24.6,0.0,16.0,38.9,19.16,Morondava,-20.283,44.283,0.0
2014-08-19,28.2,20.2,24.0,0.3,14.9,33.8,18.22,Morondava,-20.283,44.283,0.0
2014-08-20,30.0,20.5,24.8,0.0,11.1,23.0,20.03,Morondava,-20.283,44.283,0.0
2014-08-21,29.7,20.5,24.7,0.0,14.8,34.9,20.44,Morondava,-20.283,44.283,0.0
2014-08-22,29.6,20.3,24.5,0.0,15.1,35.3,21.17,Morondava,-20.283,44.283,0.0
2014-08-23,28.2,20.4,23.9,0.0,13.7,36.4,19.12,Morondava,-20.283,44.283,0.0
2014-08-24,25.6,21.4,23.5,1.2,13.8,34.9,13.98,Morondava,-20.283,44.283,0.0
2014-08-25,27.8,20.4,23.5,0.0,20.2,45.0,21.72,Morondava,-20.283,44.283,0.0
2014-08-26,27.1,18.3,22.6,0.0,15.2,34.9,22.37,Morondava,-20.283,44.283,0.0
2014-08-27,29.0,18.2,22.9,0.0,14.0,32.0,22.77,Morondava,-20.283,44.283,0.0
2014-08-28,28.4,17.6,23.1,0.0,13.0,31.0,21.69,Morondava,-20.283,44.283,0.0
2014-08-29,30.1,19.8,24.5,0.0,9.9,28.4,17.34,Morondava,-20.283,44.283,0.0
2014-08-30,28.4,20.9,24.5,0.3,18.3,40.0,15.75,Morondava,-20.283,44.283,0.0
2014-08-31,27.9,19.7,23.2,0.0,21.1,45.7,22.4,Morondava,-20.283,44.283,0.0
2014-09-01,27.1,18.1,22.3,0.0,18.1,38.9,23.12,Morondava,-20.283,44.283,0.0
2014-09-02,28.8,18.9,23.3,0.0,16.1,36.0,23.0,Morondava,-20.283,44.283,0.0
2014-09-03,29.9,20.5,24.5,0.0,13.3,31.7,19.35,Morondava,-20.283,44.283,0.0
2014-09-04,25.9,22.2,23.6,0.3,14.5,27.7,6.67,Morondava,-20.283,44.283,0.0
2014-09-05,30.0,20.8,24.8,0.0,15.5,36.4,22.34,Morondava,-20.283,44.283,0.0
2014-09-06,29.6,20.7,24.6,0.0,14.1,32.8,22.86,Morondava,-20.283,44.283,0.0
2014-09-07,28.9,20.0,24.2,0.0,14.8,35.6,22.79,Morondava,-20.283,44.283,0.0
2014-09-08,30.2,19.9,24.7,0.0,14.8,34.9,23.1,Morondava,-20.283,44.283,0.0
2014-09-09,32.0,20.9,25.6,0.0,14.4,33.5,23.8,Morondava,-20.283,44.283,0.0
2014-09-10,28.9,20.5,24.3,0.0,16.4,40.3,23.18,Morondava,-20.283,44.283,0.0
2014-09-11,29.3,21.8,24.6,0.0,15.2,36.4,23.11,Morondava,-20.283,44.283,0.0
2014-09-12,28.6,21.1,24.3,0.0,15.2,37.1,22.53,Morondava,-20.283,44.283,0.0
2014-09-13,29.6,19.4,24.4,0.0,14.0,33.8,24.04,Morondava,-20.283,44.283,0.0
2014-09-14,30.5,21.6,25.2,0.0,14.1,34.2,23.68,Morondava,-20.283,44.283,0.0
2014-09-15,30.2,21.0,24.9,0.0,14.1,34.6,24.04,Morondava,-20.283,44.283,0.0
2014-09-16,29.2,21.8,24.8,0.0,14.8,34.9,22.55,Morondava,-20.283,44.283,0.0
2014-09-17,29.3,21.1,24.6,0.0,15.9,38.5,23.32,Morondava,-20.283,44.283,0.0
2014-09-18,29.4,21.7,25.1,0.8,12.4,30.6,20.66,Morondava,-20.283,44.283,0.0
2014-09-19,28.6,21.6,24.9,2.7,10.4,24.8,19.01,Morondava,-20.283,44.283,0.0
2014-09-20,31.3,22.5,26.6,0.0,15.8,36.0,21.11,Morondava,-20.283,44.283,0.0
2014-09-21,32.0,24.1,27.3,0.1,17.0,40.0,22.04,Morondava,-20.283,44.283,0.0
2014-09-22,31.3,22.2,26.0,0.2,13.7,34.6,22.56,Morondava,-20.283,44.283,0.0
2014-09-23,29.8,21.8,25.4,0.7,13.9,34.9,21.7,Morondava,-20.283,44.283,0.0
2014-09-24,29.3,22.4,25.3,0.7,14.8,35.3,21.4,Morondava,-20.283,44.283,0.0
2014-09-25,29.9,22.3,25.4,0.8,12.1,32.4,22.09,Morondava,-20.283,44.283,0.0
2014-09-26,29.7,22.0,25.3,2.6,13.7,37.4,22.13,Morondava,-20.283,44.283,0.0
2014-09-27,30.1,21.2,25.0,4.5,13.4,33.8,23.45,Morondava,-20.283,44.283,0.0
2014-09-28,31.8,21.8,26.3,0.2,11.2,28.4,22.51,Morondava,-20.283,44.283,0.0
2014-09-29,32.2,23.4,27.1,0.2,11.9,31.0,23.61,Morondava,-20.283,44.283,0.0
2014-09-30,32.2,22.5,27.2,0.6,13.1,33.5,24.58,Morondava,-20.283,44.283,0.0
2014-10-01,30.2,24.5,26.7,0.0,16.2,38.5,22.97,Morondava,-20.283,44.283,0.0
2014-10-02,29.7,23.8,26.1,0.0,18.1,42.1,23.36,Morondava,-20.283,44.283,0.0
2014-10-03,28.5,21.5,24.6,0.0,19.7,43.9,26.23,Morondava,-20.283,44.283,0.0
2014-10-04,29.7,20.3,24.4,0.0,20.5,43.6,26.62,Morondava,-20.283,44.283,0.0
2014-10-05,29.0,20.7,24.2,0.0,20.1,46.1,26.67,Morondava,-20.283,44.283,0.0
2014-10-06,27.6,19.8,23.4,0.0,16.9,41.0,27.64,Morondava,-20.283,44.283,0.0
2014-10-07,28.1,18.3,23.8,0.0,17.7,42.1,27.11,Morondava,-20.283,44.283,0.0
2014-10-08,28.9,20.4,24.1,0.0,15.6,39.2,27.24,Morondava,-20.283,44.283,0.0
2014-10-09,31.8,19.3,25.2,0.0,15.9,38.9,26.91,Morondava,-20.283,44.283,0.0
2014-10-10,31.5,20.6,26.2,0.0,17.0,38.9,27.16,Morondava,-20.283,44.283,0.0
2014-10-11,33.6,23.5,27.7,0.0,17.4,42.1,26.22,Morondava,-20.283,44.283,0.0
2014-10-12,31.9,22.6,26.6,0.0,17.2,42.5,26.68,Morondava,-20.283,44.283,0.0
2014-10-13,31.2,23.4,26.3,0.0,17.2,41.4,26.23,Morondava,-20.283,44.283,0.0
2014-10-14,29.8,23.8,26.1,0.0,17.3,41.8,24.35,Morondava,-20.283,44.283,0.0
2014-10-15,29.1,22.1,25.0,0.0,18.2,43.2,27.25,Morondava,-20.283,44.283,0.0
2014-10-16,29.5,20.6,24.8,0.0,17.7,42.5,27.5,Morondava,-20.283,44.283,0.0
2014-10-17,30.6,21.8,26.0,0.0,17.4,43.9,26.28,Morondava,-20.283,44.283,0.0
2014-10-18,28.9,23.2,26.0,0.0,23.9,54.4,22.55,Morondava,-20.283,44.283,0.0
2014-10-19,25.5,23.0,24.0,0.1,16.3,39.2,14.74,Morondava,-20.283,44.283,0.0
2014-10-20,28.6,21.9,24.7,0.0,17.3,40.3,25.59,Morondava,-20.283,44.283,0.0
2014-10-21,29.1,20.6,24.6,0.0,18.6,42.8,28.72,Morondava,-20.283,44.283,0.0
2014-10-22,29.6,20.7,24.7,0.0,20.4,46.8,28.74,Morondava,-20.283,44.283,0.0
2014-10-23,28.3,20.7,24.3,0.0,16.8,43.2,27.75,Morondava,-20.283,44.283,0.0
2014-10-24,28.7,20.7,24.5,0.0,18.4,45.7,27.94,Morondava,-20.283,44.283,0.0
2014-10-25,28.7,20.7,24.5,0.0,16.8,40.3,28.32,Morondava,-20.283,44.283,0.0
2014-10-26,29.2,20.5,24.8,0.0,15.9,37.4,28.92,Morondava,-20.283,44.283,0.0
2014-10-27,30.0,21.2,25.7,0.0,16.4,40.0,24.82,Morondava,-20.283,44.283,0.0
2014-10-28,31.8,22.4,26.5,0.3,13.4,36.4,24.39,Morondava,-20.283,44.283,0.0
2014-10-29,31.4,22.8,26.7,1.2,14.4,39.6,24.51,Morondava,-20.283,44.283,0.0
2014-10-30,31.1,22.8,27.0,1.1,14.2,32.8,24.36,Morondava,-20.283,44.283,0.0
2014-10-31,31.9,23.1,27.4,0.0,14.6,35.6,23.34,Morondava,-20.283,44.283,0.0
2014-11-01,32.3,24.1,27.8,0.2,14.8,36.4,25.39,Morondava,-20.283,44.283,0.0
2014-11-02,32.5,24.0,28.1,0.0,15.5,36.7,25.44,Morondava,-20.283,44.283,0.0
2014-11-03,33.0,23.5,27.9,0.0,19.3,43.9,29.51,Morondava,-20.283,44.283,0.0
2014-11-04,32.9,23.1,27.5,0.0,15.6,39.2,27.41,Morondava,-20.283,44.283,0.0
2014-11-05,32.7,24.2,27.8,0.4,15.2,41.8,25.21,Morondava,-20.283,44.283,0.0
2014-11-06,31.4,24.7,27.3,0.1,19.2,45.0,25.91,Morondava,-20.283,44.283,0.0
2014-11-07,30.3,23.1,26.2,0.2,19.2,45.0,28.41,Morondava,-20.283,44.283,0.0
2014-11-08,30.1,22.3,26.1,0.0,18.4,43.9,28.59,Morondava,-20.283,44.283,0.0
2014-11-09,30.5,22.1,26.2,0.0,18.8,45.0,29.22,Morondava,-20.283,44.283,0.0
2014-11-10,31.9,21.4,26.6,0.0,15.9,39.2,29.4,Morondava,-20.283,44.283,0.0
2014-11-11,32.3,22.1,27.3,0.0,17.5,40.7,29.91,Morondava,-20.283,44.283,0.0
2014-11-12,32.4,23.3,27.4,0.0,17.4,42.8,28.4,Morondava,-20.283,44.283,0.0
2014-11-13,32.1,23.9,27.6,0.6,14.7,37.1,25.2,Morondava,-20.283,44.283,0.0
2014-11-14,33.7,24.7,28.8,0.1,15.9,39.2,27.12,Morondava,-20.283,44.283,0.0
2014-11-15,33.0,25.0,28.8,0.0,15.6,36.4,26.34,Morondava,-20.283,44.283,0.0
2014-11-16,32.1,25.2,28.4,0.0,14.5,38.9,25.33,Morondava,-20.283,44.283,0.0
2014-11-17,34.1,25.8,29.4,0.2,14.5,31.3,23.61,Morondava,-20.283,44.283,0.0
2014-11-18,34.1,25.5,29.3,16.2,10.1,30.6,23.64,Morondava,-20.283,44.283,0.0
2014-11-19,29.8,23.6,26.6,6.5,11.9,34.2,24.68,Morondava,-20.283,44.283,0.0
2014-11-20,28.5,23.5,25.7,1.9,14.1,37.4,20.23,Morondava,-20.283,44.283,0.0
2014-11-21,30.1,21.5,25.7,0.0,15.6,34.6,30.63,Morondava,-20.283,44.283,0.0
2014-11-22,33.1,22.7,27.7,0.0,17.8,37.8,28.62,Morondava,-20.283,44.283,0.0
2014-11-23,32.1,24.1,27.8,0.3,13.0,33.1,25.97,Morondava,-20.283,44.283,0.0
2014-11-24,33.2,24.0,28.3,0.0,14.4,38.2,26.5,Morondava,-20.283,44.283,0.0
2014-11-25,32.3,24.5,28.4,0.0,15.5,37.4,22.63,Morondava,-20.283,44.283,0.0
2014-11-26,33.0,24.7,28.0,0.0,20.0,49.0,28.16,Morondava,-20.283,44.283,0.0
2014-11-27,29.9,22.3,25.8,0.0,18.1,44.3,31.04,Morondava,-20.283,44.283,0.0
2014-11-28,30.3,21.3,25.8,0.0,15.9,41.0,31.07,Morondava,-20.283,44.283,0.0
2014-11-29,32.0,21.6,26.8,0.0,18.4,43.9,30.29,Morondava,-20.283,44.283,0.0
2014-11-30,32.3,23.2,27.7,0.0,16.9,39.6,26.94,Morondava,-20.283,44.283,0.0
2014-12-01,31.3,23.8,26.9,0.0,18.4,43.6,29.14,Morondava,-20.283,44.283,0.0
2014-12-02,28.1,22.5,24.9,0.3,19.1,49.3,27.0,Morondava,-20.283,44.283,0.0
2014-12-03,28.3,20.7,24.4,0.0,17.0,41.4,29.58,Morondava,-20.283,44.283,0.0
2014-12-04,28.8,20.7,24.8,0.0,16.7,43.2,31.41,Morondava,-20.283,44.283,0.0
2014-12-05,30.1,21.1,25.5,0.0,19.3,46.8,31.2,Morondava,-20.283,44.283,0.0
2014-12-06,31.5,21.2,26.5,0.0,19.1,46.1,30.25,Morondava,-20.283,44.283,0.0
2014-12-07,31.1,23.4,27.0,0.3,15.6,38.9,26.82,Morondava,-20.283,44.283,0.0
2014-12-08,30.8,23.1,26.7,0.0,16.8,46.4,27.52,Morondava,-20.283,44.283,0.0
2014-12-09,31.2,23.2,26.9,0.5,17.4,43.6,29.0,Morondava,-20.283,44.283,0.0
2014-12-10,32.6,21.6,26.9,0.0,17.1,39.6,26.93,Morondava,-20.283,44.283,0.0
2014-12-11,33.7,24.0,28.5,0.0,18.1,40.3,28.87,Morondava,-20.283,44.283,0.0
2014-12-12,34.2,24.3,29.0,0.0,16.3,38.2,28.3,Morondava,-20.283,44.283,0.0
2014-12-13,33.2,24.8,28.7,0.7,16.1,42.8,27.95,Morondava,-20.283,44.283,0.0
2014-12-14,32.7,25.2,28.5,0.2,16.4,38.5,25.77,Morondava,-20.283,44.283,0.0
2014-12-15,32.5,25.8,28.6,0.1,19.8,47.9,27.39,Morondava,-20.283,44.283,0.0
2014-12-16,32.2,25.3,28.3,0.4,18.1,43.2,27.46,Morondava,-20.283,44.283,0.0
2014-12-17,32.2,24.8,28.3,0.7,17.9,46.4,27.26,Morondava,-20.283,44.283,0.0
2014-12-18,30.6,25.4,28.1,0.3,17.7,40.0,20.46,Morondava,-20.283,44.283,0.0
2014-12-19,31.8,24.7,28.3,0.8,15.2,40.7,24.65,Morondava,-20.283,44.283,0.0
2014-12-20,31.9,25.1,28.4,4.5,16.2,41.4,25.07,Morondava,-20.283,44.283,0.0
2014-12-21,32.6,25.9,29.0,0.2,16.3,40.7,26.36,Morondava,-20.283,44.283,0.0
2014-12-22,33.2,26.2,29.5,1.4,16.2,40.3,24.25,Morondava,-20.283,44.283,0.0
2014-12-23,32.6,26.5,29.3,1.9,11.4,32.4,19.99,Morondava,-20.283,44.283,0.0
2014-12-24,30.5,26.0,27.3,8.2,12.3,28.1,14.1,Morondava,-20.283,44.283,0.0
2014-12-25,32.1,25.5,28.2,12.6,10.6,30.6,25.11,Morondava,-20.283,44.283,0.0
2014-12-26,31.5,24.7,27.8,9.8,10.8,28.1,23.57,Morondava,-20.283,44.283,0.0
2014-12-27,32.9,24.4,28.2,4.4,11.6,28.8,27.87,Morondava,-20.283,44.283,0.0
2014-12-28,31.8,25.3,28.4,2.3,10.3,28.8,26.88,Morondava,-20.283,44.283,0.0
2014-12-29,31.5,23.8,27.5,18.0,8.1,25.9,25.49,Morondava,-20.283,44.283,0.0
2014-12-30,30.5,24.4,27.1,11.5,12.6,32.8,23.26,Morondava,-20.283,44.283,0.0
2014-12-31,29.1,24.3,26.1,19.3,10.5,32.4,15.01,Morondava,-20.283,44.283,0.0
2015-01-01,27.5,24.1,25.3,27.3,13.4,35.6,10.89,Morondava,-20.283,44.283,0.0
2015-01-02,25.8,24.1,24.7,29.8,17.9,29.5,6.32,Morondava,-20.283,44.283,0.0
2015-01-03,27.7,24.2,25.3,21.9,16.5,35.6,9.23,Morondava,-20.283,44.283,0.0
2015-01-04,26.5,24.5,25.5,32.6,14.0,28.4,5.45,Morondava,-20.283,44.283,0.0
2015-01-05,27.9,24.8,26.2,30.4,14.0,33.5,14.41,Morondava,-20.283,44.283,0.0
2015-01-06,27.2,24.6,25.7,15.9,14.5,28.1,8.12,Morondava,-20.283,44.283,0.0
2015-01-07,30.2,24.7,26.7,10.3,11.7,27.0,20.63,Morondava,-20.283,44.283,0.0
2015-01-08,29.5,24.7,26.4,22.6,10.7,29.9,15.87,Morondava,-20.283,44.283,0.0
2015-01-09,29.0,25.1,27.0,7.0,8.6,24.1,14.55,Morondava,-20.283,44.283,0.0
2015-01-10,31.3,25.4,28.0,15.9,11.3,25.9,25.36,Morondava,-20.283,44.283,0.0
2015-01-11,32.5,25.2,28.2,32.1,9.1,42.1,27.81,Morondava,-20.283,44.283,0.0
2015-01-12,30.0,24.3,26.8,22.2,14.5,37.8,16.77,Morondava,-20.283,44.283,0.0
2015-01-13,28.0,24.4,26.0,13.1,13.7,25.9,10.82,Morondava,-20.283,44.283,0.0
2015-01-14,27.5,24.3,25.6,40.6,14.7,37.8,10.43,Morondava,-20.283,44.283,0.0
2015-01-15,24.7,23.7,24.3,91.1,26.9,58.3,3.22,Morondava,-20.283,44.283,0.0
2015-01-16,24.9,23.5,24.2,167.2,40.3,91.1,2.6,Morondava,-20.283,44.283,0.0
2015-01-17,30.3,23.5,27.4,5.2,30.7,66.2,24.62,Morondava,-20.283,44.283,0.0
2015-01-18,30.0,24.5,26.9,0.8,11.4,27.0,24.27,Morondava,-20.283,44.283,0.0
2015-01-19,29.1,24.8,26.8,2.3,10.8,25.9,23.03,Morondava,-20.283,44.283,0.0
2015-01-20,29.9,23.9,26.7,3.9,9.7,23.8,21.84,Morondava,-20.283,44.283,0.0
2015-01-21,30.0,24.4,26.8,3.9,9.5,25.2,22.09,Morondava,-20.283,44.283,0.0
2015-01-22,29.5,24.1,26.5,9.6,9.2,24.1,19.48,Morondava,-20.283,44.283,0.0
2015-01-23,28.6,24.5,26.0,15.2,8.2,27.0,14.37,Morondava,-20.283,44.283,0.0
2015-01-24,28.7,24.4,26.1,4.5,11.3,33.8,18.11,Morondava,-20.283,44.283,0.0
2015-01-25,29.4,23.5,26.6,5.4,8.2,25.9,21.43,Morondava,-20.283,44.283,0.0
2015-01-26,30.9,25.3,27.9,2.2,8.2,23.4,24.04,Morondava,-20.283,44.283,0.0
2015-01-27,32.3,25.7,28.6,0.4,8.2,22.0,28.52,Morondava,-20.283,44.283,0.0
2015-01-28,30.0,25.6,27.9,2.9,11.4,28.8,24.45,Morondava,-20.283,44.283,0.0
2015-01-29,28.9,25.2,27.1,2.6,12.6,31.0,21.28,Morondava,-20.283,44.283,0.0
2015-01-30,30.2,24.7,27.4,7.8,11.2,27.0,22.0,Morondava,-20.283,44.283,0.0
2015-01-31,29.7,24.4,26.4,18.2,11.6,27.4,21.16,Morondava,-20.283,44.283,0.0
2015-02-01,28.7,23.9,25.4,20.4,9.8,31.7,16.02,Morondava,-20.283,44.283,0.0
2015-02-02,28.3,24.6,25.8,9.9,15.6,41.4,11.01,Morondava,-20.283,44.283,0.0
2015-02-03,24.5,23.4,24.1,85.1,24.7,64.1,2.79,Morondava,-20.283,44.283,0.0
2015-02-04,24.9,23.4,24.2,93.6,21.5,51.1,3.48,Morondava,-20.283,44.283,0.0
2015-02-05,24.5,22.2,23.5,31.3,18.6,37.4,4.76,Morondava,-20.283,44.283,0.0
2015-02-06,24.7,22.6,23.7,44.0,31.4,61.6,4.0,Morondava,-20.283,44.283,0.0
2015-02-07,25.4,23.9,24.5,34.0,23.1,51.8,6.2,Morondava,-20.283,44.283,0.0
2015-02-08,25.1,23.4,24.2,30.1,12.4,25.9,4.18,Morondava,-20.283,44.283,0.0
2015-02-09,27.4,23.2,25.3,8.3,12.5,29.2,17.28,Morondava,-20.283,44.283,0.0
2015-02-10,30.6,23.9,27.0,1.6,8.4,24.1,25.66,Morondava,-20.283,44.283,0.0
2015-02-11,28.1,25.0,26.5,18.0,9.2,25.2,13.09,Morondava,-20.283,44.283,0.0
2015-02-12,30.6,24.6,27.0,7.4,8.1,25.2,23.03,Morondava,-20.283,44.283,0.0
2015-02-13,29.9,24.6,26.9,9.3,8.7,26.3,20.31,Morondava,-20.283,44.283,0.0
2015-02-14,29.7,24.4,26.8,5.5,10.3,30.2,23.79,Morondava,-20.283,44.283,0.0
2015-02-15,29.6,24.0,26.4,10.4,10.2,27.0,21.55,Morondava,-20.283,44.283,0.0
2015-02-16,28.0,24.3,25.8,10.3,11.8,33.8,15.62,Morondava,-20.283,44.283,0.0
2015-02-17,29.9,24.4,26.3,8.1,15.5,37.4,20.12,Morondava,-20.283,44.283,0.0
2015-02-18,29.8,24.6,26.8,3.8,14.5,35.3,24.38,Morondava,-20.283,44.283,0.0
2015-02-19,29.5,24.5,26.7,1.3,8.4,31.3,22.69,Morondava,-20.283,44.283,0.0
2015-02-20,29.4,24.9,26.8,1.8,11.2,28.1,20.3,Morondava,-20.283,44.283,0.0
2015-02-21,30.4,24.9,27.4,3.1,10.5,25.2,25.06,Morondava,-20.283,44.283,0.0
2015-02-22,30.7,24.7,27.0,9.5,14.4,28.4,22.77,Morondava,-20.283,44.283,0.0
2015-02-23,30.0,24.7,26.6,11.3,10.4,27.4,20.87,Morondava,-20.283,44.283,0.0
2015-02-24,29.1,24.3,26.5,10.5,8.9,30.6,20.15,Morondava,-20.283,44.283,0.0
2015-02-25,29.8,24.6,26.4,17.1,14.6,31.0,18.46,Morondava,-20.283,44.283,0.0
2015-02-26,27.9,24.5,25.8,15.1,7.6,19.8,12.02,Morondava,-20.283,44.283,0.0
2015-02-27,27.9,24.4,25.9,13.4,7.8,20.9,12.09,Morondava,-20.283,44.283,0.0
2015-02-28,29.4,24.7,26.9,0.0,11.9,28.8,20.73,Morondava,-20.283,44.283,0.0
2015-03-01,30.5,24.2,27.4,1.2,7.2,22.7,22.14,Morondava,-20.283,44.283,0.0
2015-03-02,26.7,24.2,25.0,40.8,10.0,23.8,3.92,Morondava,-20.283,44.283,0.0
2015-03-03,28.8,24.3,26.3,14.7,11.0,25.9,10.77,Morondava,-20.283,44.283,0.0
2015-03-04,28.1,24.2,26.2,0.9,16.6,33.8,15.36,Morondava,-20.283,44.283,0.0
2015-03-05,31.1,24.7,27.2,24.3,13.0,33.8,22.89,Morondava,-20.283,44.283,0.0
2015-03-06,29.8,24.2,26.6,16.8,9.8,27.0,13.14,Morondava,-20.283,44.283,0.0
2015-03-07,27.4,23.8,25.4,19.6,10.2,27.0,12.24,Morondava,-20.283,44.283,0.0
2015-03-08,25.0,23.7,24.4,167.0,12.4,23.8,3.03,Morondava,-20.283,44.283,0.0
2015-03-09,29.6,24.0,26.3,30.0,15.3,32.8,16.53,Morondava,-20.283,44.283,0.0
2015-03-10,28.8,24.1,26.4,2.6,12.6,29.9,19.17,Morondava,-20.283,44.283,0.0
2015-03-11,27.7,24.2,25.7,1.4,10.6,27.4,17.27,Morondava,-20.283,44.283,0.0
2015-03-12,29.2,23.8,26.2,1.9,7.2,22.3,21.52,Morondava,-20.283,44.283,0.0
2015-03-13,29.6,24.4,26.5,1.4,8.0,23.4,20.21,Morondava,-20.283,44.283,0.0
2015-03-14,28.6,24.9,26.5,15.2,6.9,28.8,16.06,Morondava,-20.283,44.283,0.0
2015-03-15,30.1,23.3,26.5,2.7,6.3,22.0,21.78,Morondava,-20.283,44.283,0.0
2015-03-16,29.6,23.9,26.3,1.9,9.1,19.4,21.51,Morondava,-20.283,44.283,0.0
2015-03-17,29.6,23.8,26.7,0.3,8.4,22.3,22.97,Morondava,-20.283,44.283,0.0
2015-03-18,30.3,24.2,27.0,0.3,10.4,24.8,23.92,Morondava,-20.283,44.283,0.0
2015-03-19,30.8,24.4,27.4,0.1,10.2,25.9,24.17,Morondava,-20.283,44.283,0.0
2015-03-20,31.2,24.6,27.6,0.1,12.7,28.8,24.51,Morondava,-20.283,44.283,0.0
2015-03-21,30.8,24.2,27.5,0.3,9.4,22.3,22.7,Morondava,-20.283,44.283,0.0
2015-03-22,30.8,25.6,27.9,3.0,7.0,21.6,22.06,Morondava,-20.283,44.283,0.0
2015-03-23,30.7,24.9,27.8,1.1,10.5,26.3,22.85,Morondava,-20.283,44.283,0.0
2015-03-24,31.2,25.1,28.0,0.9,10.9,28.4,22.91,Morondava,-20.283,44.283,0.0
2015-03-25,30.9,25.1,27.9,0.8,11.3,25.9,21.97,Morondava,-20.283,44.283,0.0
2015-03-26,31.0,25.3,27.9,3.6,12.1,24.1,20.91,Morondava,-20.283,44.283,0.0
2015-03-27,31.0,24.6,27.3,2.6,9.4,24.5,21.42,Morondava,-20.283,44.283,0.0
2015-03-28,30.6,24.2,27.2,1.0,7.4,19.4,19.86,Morondava,-20.283,44.283,0.0
2015-03-29,30.8,25.2,27.7,0.9,8.8,25.2,20.74,Morondava,-20.283,44.283,0.0
2015-03-30,30.8,24.9,27.6,2.2,8.9,21.2,19.3,Morondava,-20.283,44.283,0.0
2015-03-31,31.1,24.7,27.8,0.0,11.3,28.1,21.93,Morondava,-20.283,44.283,0.0
2015-04-01,29.6,24.7,26.9,0.0,14.1,34.2,21.2,Morondava,-20.283,44.283,0.0
2015-04-02,29.3,23.4,26.2,0.0,13.1,29.5,19.5,Morondava,-20.283,44.283,0.0
2015-04-03,29.7,22.9,26.3,0.0,10.7,24.5,20.66,Morondava,-20.283,44.283,0.0
2015-04-04,30.9,22.7,26.6,0.0,11.2,27.4,23.28,Morondava,-20.283,44.283,0.0
2015-04-05,30.2,23.8,26.9,0.4,10.5,26.6,19.98,Morondava,-20.283,44.283,0.0
2015-04-06,31.1,24.5,27.4,0.0,13.1,29.9,22.17,Morondava,-20.283,44.283,0.0
2015-04-07,31.4,24.2,27.5,0.0,11.6,27.7,21.22,Morondava,-20.283,44.283,0.0
2015-04-08,31.5,24.3,27.4,0.0,12.6,32.8,22.39,Morondava,-20.283,44.283,0.0
2015-04-09,30.8,23.1,27.0,0.0,9.8,23.4,20.5,Morondava,-20.283,44.283,0.0
2015-04-10,31.8,23.7,27.3,0.0,10.1,23.8,21.0,Morondava,-20.283,44.283,0.0
2015-04-11,30.9,23.9,27.3,0.2,11.9,27.7,20.06,Morondava,-20.283,44.283,0.0
2015-04-12,30.4,24.3,26.9,0.8,11.7,29.9,19.31,Morondava,-20.283,44.283,0.0
2015-04-13,30.5,24.7,27.1,0.0,12.8,29.5,19.63,Morondava,-20.283,44.283,0.0
2015-04-14,30.0,24.5,26.8,0.8,11.2,27.4,18.85,Morondava,-20.283,44.283,0.0
2015-04-15,28.8,23.9,26.3,1.4,13.4,34.6,17.78,Morondava,-20.283,44.283,0.0
2015-04-16,30.5,23.2,26.6,0.0,10.6,25.2,20.71,Morondava,-20.283,44.283,0.0
2015-04-17,31.8,24.4,27.6,0.2,11.6,28.8,21.0,Morondava,-20.283,44.283,0.0
2015-04-18,31.5,24.1,27.8,0.2,11.4,25.6,19.43,Morondava,-20.283,44.283,0.0
2015-04-19,31.1,24.8,27.7,1.4,10.8,29.9,18.38,Morondava,-20.283,44.283,0.0
2015-04-20,30.8,24.7,27.5,0.7,10.8,30.2,18.94,Morondava,-20.283,44.283,0.0
2015-04-21,31.5,24.4,27.5,0.2,14.4,34.9,20.26,Morondava,-20.283,44.283,0.0
2015-04-22,32.6,24.9,28.2,0.0,10.7,23.4,19.29,Morondava,-20.283,44.283,0.0
2015-04-23,31.3,24.9,27.8,0.2,11.3,27.0,18.79,Morondava,-20.283,44.283,0.0
2015-04-24,31.7,25.2,27.9,0.4,11.0,25.6,18.83,Morondava,-20.283,44.283,0.0
2015-04-25,31.5,25.0,27.7,0.3,11.5,28.1,18.87,Morondava,-20.283,44.283,0.0
2015-04-26,30.6,24.3,27.0,0.6,10.4,27.0,17.97,Morondava,-20.283,44.283,0.0
2015-04-27,29.4,23.9,26.2,1.8,12.4,29.9,17.4,Morondava,-20.283,44.283,0.0
2015-04-28,29.3,22.2,25.5,0.0,12.4,30.2,19.35,Morondava,-20.283,44.283,0.0
2015-04-29,29.4,22.5,25.5,0.0,12.3,31.0,19.11,Morondava,-20.283,44.283,0.0
2015-04-30,29.5,21.8,25.4,0.0,11.3,27.0,20.17,Morondava,-20.283,44.283,0.0
2015-05-01,31.2,21.8,26.0,0.0,15.4,31.3,20.3,Morondava,-20.283,44.283,0.0
2015-05-02,31.1,22.1,26.3,0.0,13.7,32.8,20.37,Morondava,-20.283,44.283,0.0
2015-05-03,31.7,22.4,26.6,0.0,12.6,30.6,19.93,Morondava,-20.283,44.283,0.0
2015-05-04,31.0,22.5,26.5,0.3,10.9,30.2,19.0,Morondava,-20.283,44.283,0.0
2015-05-05,31.3,23.0,26.7,0.3,13.0,31.0,18.96,Morondava,-20.283,44.283,0.0
2015-05-06,31.1,23.5,26.8,0.0,11.8,27.7,18.55,Morondava,-20.283,44.283,0.0
2015-05-07,30.4,23.5,26.5,0.0,15.8,36.0,17.76,Morondava,-20.283,44.283,0.0
2015-05-08,32.1,22.9,27.0,0.0,11.6,23.8,18.82,Morondava,-20.283,44.283,0.0
2015-05-09,32.5,24.3,27.5,0.0,11.6,27.4,17.09,Morondava,-20.283,44.283,0.0
2015-05-10,30.1,22.6,26.3,0.0,12.1,28.8,17.0,Morondava,-20.283,44.283,0.0
2015-05-11,30.0,22.6,25.9,0.0,12.3,29.9,17.65,Morondava,-20.283,44.283,0.0
2015-05-12,29.0,22.9,25.6,0.0,13.8,32.4,15.11,Morondava,-20.283,44.283,0.0
2015-05-13,28.2,22.6,24.7,0.0,14.5,37.4,18.41,Morondava,-20.283,44.283,0.0
2015-05-14,28.6,20.8,24.3,0.0,12.7,29.9,19.29,Morondava,-20.283,44.283,0.0
2015-05-15,30.9,21.2,25.4,0.0,11.7,23.4,19.45,Morondava,-20.283,44.283,0.0
2015-05-16,31.8,21.9,26.1,0.0,11.3,26.6,18.84,Morondava,-20.283,44.283,0.0
2015-05-17,31.8,22.6,26.4,0.0,12.5,26.6,18.61,Morondava,-20.283,44.283,0.0
2015-05-18,31.4,22.5,26.1,0.0,10.8,24.5,18.59,Morondava,-20.283,44.283,0.0
2015-05-19,30.8,21.5,25.5,0.0,10.8,24.5,18.6,Morondava,-20.283,44.283,0.0
2015-05-20,31.4,21.9,26.0,0.0,12.6,25.2,18.46,Morondava,-20.283,44.283,0.0
2015-05-21,31.4,23.1,26.5,0.0,11.1,24.1,17.99,Morondava,-20.283,44.283,0.0
2015-05-22,30.5,22.8,26.3,0.0,11.9,22.0,15.1,Morondava,-20.283,44.283,0.0
2015-05-23,31.0,22.1,26.0,0.0,9.9,24.5,17.41,Morondava,-20.283,44.283,0.0
2015-05-24,30.1,21.0,25.2,0.0,11.8,26.6,18.18,Morondava,-20.283,44.283,0.0
2015-05-25,29.8,20.7,24.8,0.0,11.8,27.4,18.07,Morondava,-20.283,44.283,0.0
2015-05-26,29.5,20.9,24.5,0.0,12.3,26.3,17.27,Morondava,-20.283,44.283,0.0
2015-05-27,30.4,20.7,24.9,0.0,11.0,19.1,17.4,Morondava,-20.283,44.283,0.0
2015-05-28,30.2,21.3,25.2,0.0,9.4,21.6,17.13,Morondava,-20.283,44.283,0.0
2015-05-29,29.5,21.7,24.9,0.0,13.1,29.9,17.38,Morondava,-20.283,44.283,0.0
2015-05-30,29.0,20.5,24.4,0.0,9.8,21.2,16.98,Morondava,-20.283,44.283,0.0
2015-05-31,30.3,21.2,25.3,0.0,14.7,28.1,17.22,Morondava,-20.283,44.283,0.0
2015-06-01,30.1,22.0,25.6,0.0,14.5,27.7,17.2,Morondava,-20.283,44.283,0.0
2015-06-02,30.2,21.4,25.3,0.0,11.0,24.5,17.05,Morondava,-20.283,44.283,0.0
2015-06-03,30.2,21.7,25.4,0.0,10.2,22.7,15.57,Morondava,-20.283,44.283,0.0
2015-06-04,29.5,22.3,25.3,0.2,10.2,27.4,15.51,Morondava,-20.283,44.283,0.0
2015-06-05,29.2,22.7,25.2,0.7,13.8,36.0,14.16,Morondava,-20.283,44.283,0.0
2015-06-06,27.4,21.6,24.0,0.0,14.4,33.5,16.88,Morondava,-20.283,44.283,0.0
2015-06-07,27.9,19.6,23.5,0.0,10.0,22.7,15.2,Morondava,-20.283,44.283,0.0
2015-06-08,28.1,21.6,24.5,0.3,12.0,28.8,12.35,Morondava,-20.283,44.283,0.0
2015-06-09,27.0,21.4,23.8,0.5,10.4,25.2,13.23,Morondava,-20.283,44.283,0.0
2015-06-10,28.3,20.9,24.2,0.0,12.0,27.0,15.26,Morondava,-20.283,44.283,0.0
2015-06-11,28.4,19.5,23.6,0.0,11.5,23.4,17.07,Morondava,-20.283,44.283,0.0
2015-06-12,28.0,19.0,23.2,0.0,11.9,28.1,16.73,Morondava,-20.283,44.283,0.0
2015-06-13,27.1,18.8,22.9,0.0,12.6,27.0,16.97,Morondava,-20.283,44.283,0.0
2015-06-14,28.5,19.6,23.5,0.0,11.8,25.6,16.99,Morondava,-20.283,44.283,0.0
2015-06-15,28.6,19.2,23.2,0.0,11.4,20.2,17.29,Morondava,-20.283,44.283,0.0
2015-06-16,28.7,18.0,22.7,0.0,9.8,20.9,17.33,Morondava,-20.283,44.283,0.0
2015-06-17,27.5,18.0,22.5,0.0,9.5,24.1,16.97,Morondava,-20.283,44.283,0.0
2015-06-18,28.2,19.5,23.3,0.0,12.4,24.5,15.47,Morondava,-20.283,44.283,0.0
2015-06-19,28.8,19.1,23.5,0.0,13.0,26.3,16.82,Morondava,-20.283,44.283,0.0
2015-06-20,30.3,20.6,24.8,0.0,17.2,32.4,16.83,Morondava,-20.283,44.283,0.0
2015-06-21,30.7,21.7,25.6,0.0,17.7,34.9,16.39,Morondava,-20.283,44.283,0.0
2015-06-22,30.0,20.8,24.8,0.0,14.7,27.4,16.84,Morondava,-20.283,44.283,0.0
2015-06-23,29.5,20.5,24.5,0.0,11.2,25.9,16.28,Morondava,-20.283,44.283,0.0
2015-06-24,29.4,20.5,24.5,0.0,9.2,17.6,14.75,Morondava,-20.283,44.283,0.0
2015-06-25,28.6,20.5,24.2,0.0,9.1,21.2,14.09,Morondava,-20.283,44.283,0.0
2015-06-26,29.4,20.2,24.6,0.0,11.3,24.1,14.13,Morondava,-20.283,44.283,0.0
2015-06-27,29.7,22.2,25.2,0.0,14.4,29.2,12.51,Morondava,-20.283,44.283,0.0
2015-06-28,29.3,21.0,24.3,0.0,11.3,25.2,16.25,Morondava,-20.283,44.283,0.0
2015-06-29,29.6,19.7,23.8,0.0,12.0,26.3,16.25,Morondava,-20.283,44.283,0.0
2015-06-30,27.2,19.1,22.8,0.0,9.9,24.1,17.16,Morondava,-20.283,44.283,0.0
2015-07-01,28.2,19.1,23.2,0.0,12.8,22.7,16.87,Morondava,-20.283,44.283,0.0
2015-07-02,28.5,18.6,23.1,0.0,13.0,23.0,16.62,Morondava,-20.283,44.283,0.0
2015-07-03,29.3,20.6,24.0,0.0,12.3,22.0,15.06,Morondava,-20.283,44.283,0.0
2015-07-04,29.1,21.3,24.3,0.0,9.5,22.3,15.21,Morondava,-20.283,44.283,0.0
2015-07-05,29.1,19.4,24.0,0.0,9.8,21.6,14.27,Morondava,-20.283,44.283,0.0
2015-07-06,28.1,20.3,23.6,0.0,13.4,30.2,16.77,Morondava,-20.283,44.283,0.0
2015-07-07,27.5,18.2,22.4,0.0,12.8,29.5,17.14,Morondava,-20.283,44.283,0.0
2015-07-08,25.4,16.7,20.8,0.0,15.3,28.8,17.63,Morondava,-20.283,44.283,0.0
2015-07-09,26.6,16.2,21.1,0.0,11.3,23.0,17.14,Morondava,-20.283,44.283,0.0
2015-07-10,27.8,17.6,22.3,0.0,11.5,19.8,16.06,Morondava,-20.283,44.283,0.0
2015-07-11,28.5,19.2,23.1,0.0,11.0,23.8,17.33,Morondava,-20.283,44.283,0.0
2015-07-12,27.7,18.7,22.6,0.0,10.9,27.7,17.25,Morondava,-20.283,44.283,0.0
2015-07-13,27.7,17.8,22.3,0.0,9.2,21.2,17.16,Morondava,-20.283,44.283,0.0
2015-07-14,28.4,17.9,22.7,0.0,10.6,22.3,17.47,Morondava,-20.283,44.283,0.0
2015-07-15,28.5,18.1,22.6,0.0,9.4,21.2,17.65,Morondava,-20.283,44.283,0.0
2015-07-16,28.3,17.6,22.6,0.0,9.7,18.4,17.61,Morondava,-20.283,44.283,0.0
2015-07-17,29.7,18.3,23.4,0.0,9.1,24.5,17.64,Morondava,-20.283,44.283,0.0
2015-07-18,29.9,19.4,24.1,0.0,11.5,23.4,17.32,Morondava,-20.283,44.283,0.0
2015-07-19,29.4,19.9,24.2,0.0,12.6,24.5,17.86,Morondava,-20.283,44.283,0.0
2015-07-20,29.2,20.9,24.3,0.0,11.0,26.3,16.45,Morondava,-20.283,44.283,0.0
2015-07-21,29.4,19.9,24.0,0.0,10.2,24.1,17.44,Morondava,-20.283,44.283,0.0
2015-07-22,29.3,20.1,23.9,0.0,11.4,22.0,16.7,Morondava,-20.283,44.283,0.0
2015-07-23,29.0,19.2,23.5,0.0,10.4,22.7,18.14,Morondava,-20.283,44.283,0.0
2015-07-24,28.5,18.6,23.0,0.0,10.0,26.3,16.96,Morondava,-20.283,44.283,0.0
2015-07-25,28.9,18.8,23.3,0.0,8.7,18.0,18.18,Morondava,-20.283,44.283,0.0
2015-07-26,29.3,19.7,23.8,0.0,9.7,22.0,18.27,Morondava,-20.283,44.283,0.0
2015-07-27,28.4,19.1,23.3,0.0,13.0,28.8,18.48,Morondava,-20.283,44.283,0.0
2015-07-28,28.1,19.6,23.2,0.0,13.7,29.5,18.26,Morondava,-20.283,44.283,0.0
2015-07-29,27.1,18.8,22.7,0.0,11.7,31.0,18.54,Morondava,-20.283,44.283,0.0
2015-07-30,27.5,18.7,22.4,0.0,11.0,28.8,18.55,Morondava,-20.283,44.283,0.0
2015-07-31,28.9,18.3,23.0,0.0,8.9,24.1,18.76,Morondava,-20.283,44.283,0.0
2015-08-01,27.2,17.2,22.3,0.2,14.5,34.6,15.6,Morondava,-20.283,44.283,0.0
2015-08-02,27.0,17.5,22.0,0.0,16.4,34.2,19.33,Morondava,-20.283,44.283,0.0
2015-08-03,27.6,18.9,22.6,0.0,12.1,26.3,17.68,Morondava,-20.283,44.283,0.0
2015-08-04,27.0,17.9,22.1,0.0,10.4,25.2,18.38,Morondava,-20.283,44.283,0.0
2015-08-05,27.5,17.7,22.2,0.0,12.4,29.2,19.45,Morondava,-20.283,44.283,0.0
2015-08-06,27.4,18.4,22.4,0.0,14.6,28.8,19.54,Morondava,-20.283,44.283,0.0
2015-08-07,27.3,17.9,22.2,0.0,13.8,26.6,19.73,Morondava,-20.283,44.283,0.0
2015-08-08,27.5,17.2,22.0,0.0,12.0,27.0,19.79,Morondava,-20.283,44.283,0.0
2015-08-09,26.6,17.2,21.8,0.0,12.7,29.9,19.78,Morondava,-20.283,44.283,0.0
2015-08-10,27.0,17.6,21.8,0.0,14.0,32.0,19.52,Morondava,-20.283,44.283,0.0
2015-08-11,26.8,17.7,22.0,0.0,13.1,32.0,19.71,Morondava,-20.283,44.283,0.0
2015-08-12,27.1,19.0,22.4,0.0,13.8,31.0,17.69,Morondava,-20.283,44.283,0.0
2015-08-13,28.9,18.3,23.0,0.0,10.8,25.2,19.66,Morondava,-20.283,44.283,0.0
2015-08-14,29.6,19.4,24.2,0.0,12.8,29.5,20.01,Morondava,-20.283,44.283,0.0
2015-08-15,30.6,21.3,25.1,0.0,12.0,29.9,20.33,Morondava,-20.283,44.283,0.0
2015-08-16,29.6,21.0,24.3,0.0,14.2,34.2,20.42,Morondava,-20.283,44.283,0.0
2015-08-17,28.3,19.7,23.5,0.0,13.7,31.7,19.25,Morondava,-20.283,44.283,0.0
2015-08-18,27.8,19.1,23.3,0.0,13.0,31.0,18.87,Morondava,-20.283,44.283,0.0
2015-08-19,28.0,19.7,23.5,0.0,12.8,31.0,20.45,Morondava,-20.283,44.283,0.0
2015-08-20,28.4,19.6,23.7,0.0,13.1,31.7,20.76,Morondava,-20.283,44.283,0.0
2015-08-21,29.1,19.5,24.0,0.0,13.9,31.3,20.88,Morondava,-20.283,44.283,0.0
2015-08-22,28.1,18.9,23.5,0.1,14.5,33.8,20.17,Morondava,-20.283,44.283,0.0
2015-08-23,27.4,20.5,23.3,0.0,12.0,31.7,19.93,Morondava,-20.283,44.283,0.0
2015-08-24,27.1,19.7,23.0,0.0,13.5,32.0,21.24,Morondava,-20.283,44.283,0.0
2015-08-25,27.9,18.6,23.1,0.0,11.3,25.2,19.67,Morondava,-20.283,44.283,0.0
2015-08-26,28.4,19.8,23.9,0.0,10.9,24.5,16.28,Morondava,-20.283,44.283,0.0
2015-08-27,28.6,20.7,24.1,0.5,11.2,26.3,17.02,Morondava,-20.283,44.283,0.0
2015-08-28,29.0,20.2,24.1,0.1,11.2,27.7,17.78,Morondava,-20.283,44.283,0.0
2015-08-29,28.4,20.7,24.1,0.5,9.7,25.2,17.83,Morondava,-20.283,44.283,0.0
2015-08-30,28.8,20.9,24.4,0.3,8.9,25.9,18.64,Morondava,-20.283,44.283,0.0
2015-08-31,28.7,21.2,24.4,0.2,12.7,28.1,19.05,Morondava,-20.283,44.283,0.0
2015-09-01,29.6,21.3,24.8,0.0,12.1,28.1,21.61,Morondava,-20.283,44.283,0.0
2015-09-02,29.0,21.0,24.7,0.0,14.0,34.2,19.66,Morondava,-20.283,44.283,0.0
2015-09-03,29.1,21.1,24.7,0.0,13.7,31.3,20.62,Morondava,-20.283,44.283,0.0
2015-09-04,32.7,22.2,26.9,0.0,15.9,29.9,22.59,Morondava,-20.283,44.283,0.0
2015-09-05,31.3,22.6,26.0,0.0,13.7,30.6,22.83,Morondava,-20.283,44.283,0.0
2015-09-06,28.7,21.3,24.4,0.5,13.9,34.2,21.08,Morondava,-20.283,44.283,0.0
2015-09-07,28.8,21.3,24.6,0.3,12.0,30.6,19.8,Morondava,-20.283,44.283,0.0
2015-09-08,30.1,20.8,25.2,0.1,11.4,23.4,19.27,Morondava,-20.283,44.283,0.0
2015-09-09,29.9,21.9,25.2,0.3,11.6,28.4,18.87,Morondava,-20.283,44.283,0.0
2015-09-10,29.4,20.8,25.0,0.0,13.7,32.0,21.37,Morondava,-20.283,44.283,0.0
2015-09-11,30.5,21.2,25.2,0.0,13.7,33.5,23.32,Morondava,-20.283,44.283,0.0
2015-09-12,28.6,21.9,24.8,0.0,20.0,45.0,23.36,Morondava,-20.283,44.283,0.0
2015-09-13,27.8,18.8,23.0,0.0,18.0,39.6,24.61,Morondava,-20.283,44.283,0.0
2015-09-14,30.2,19.2,24.1,0.0,21.1,48.2,24.88,Morondava,-20.283,44.283,0.0
2015-09-15,29.3,20.4,24.5,0.0,14.3,32.4,20.78,Morondava,-20.283,44.283,0.0
2015-09-16,28.2,20.9,24.3,0.3,11.0,29.2,19.18,Morondava,-20.283,44.283,0.0
2015-09-17,30.0,20.6,25.0,0.0,10.8,24.1,20.95,Morondava,-20.283,44.283,0.0
2015-09-18,31.8,20.4,25.8,0.0,11.4,26.6,24.53,Morondava,-20.283,44.283,0.0
2015-09-19,33.0,22.2,26.8,0.0,15.6,36.0,24.94,Morondava,-20.283,44.283,0.0
2015-09-20,33.5,23.3,27.7,0.0,13.4,32.0,24.54,Morondava,-20.283,44.283,0.0
2015-09-21,30.2,23.1,25.9,0.0,17.6,39.6,21.71,Morondava,-20.283,44.283,0.0
2015-09-22,29.1,22.0,25.0,0.1,11.9,29.2,18.95,Morondava,-20.283,44.283,0.0
2015-09-23,29.5,22.0,25.2,0.3,14.2,32.4,18.98,Morondava,-20.283,44.283,0.0
2015-09-24,30.2,22.0,25.3,0.5,12.4,31.3,22.38,Morondava,-20.283,44.283,0.0
2015-09-25,29.5,20.6,24.8,0.0,14.1,31.0,21.59,Morondava,-20.283,44.283,0.0
2015-09-26,30.5,21.1,25.5,0.0,13.6,30.6,21.24,Morondava,-20.283,44.283,0.0
2015-09-27,31.2,22.9,26.3,0.0,15.2,35.3,23.01,Morondava,-20.283,44.283,0.0
2015-09-28,29.7,21.8,25.6,0.0,13.0,30.2,23.25,Morondava,-20.283,44.283,0.0
2015-09-29,31.1,22.1,25.9,0.0,12.1,28.1,21.32,Morondava,-20.283,44.283,0.0
2015-09-30,30.6,22.7,26.0,0.6,13.4,31.0,20.68,Morondava,-20.283,44.283,0.0
2015-10-01,29.6,23.0,25.7,2.0,12.7,35.3,21.46,Morondava,-20.283,44.283,0.0
2015-10-02,30.5,22.5,26.1,0.4,12.6,34.6,21.98,Morondava,-20.283,44.283,0.0
2015-10-03,31.5,23.6,27.1,0.0,13.4,31.0,22.45,Morondava,-20.283,44.283,0.0
2015-10-04,33.7,23.9,28.1,0.0,13.7,31.0,24.73,Morondava,-20.283,44.283,0.0
2015-10-05,32.3,23.5,27.1,0.0,16.8,41.0,26.11,Morondava,-20.283,44.283,0.0
2015-10-06,31.5,22.8,26.5,0.0,17.3,42.5,25.94,Morondava,-20.283,44.283,0.0
2015-10-07,31.6,21.6,26.3,0.0,16.1,37.8,26.28,Morondava,-20.283,44.283,0.0
2015-10-08,31.9,21.6,26.6,0.0,14.5,35.6,26.78,Morondava,-20.283,44.283,0.0
2015-10-09,30.4,24.2,26.7,0.0,15.8,40.3,24.33,Morondava,-20.283,44.283,0.0
2015-10-10,30.5,22.7,26.2,0.0,15.9,37.8,25.18,Morondava,-20.283,44.283,0.0
2015-10-11,31.2,23.0,26.5,0.0,14.1,34.6,24.48,Morondava,-20.283,44.283,0.0
2015-10-12,31.3,22.4,26.8,0.0,13.0,34.2,25.15,Morondava,-20.283,44.283,0.0
2015-10-13,31.8,22.6,26.8,0.0,16.5,39.6,26.09,Morondava,-20.283,44.283,0.0
2015-10-14,31.4,23.5,26.8,0.0,15.6,38.5,26.28,Morondava,-20.283,44.283,0.0
2015-10-15,30.8,23.6,27.0,0.2,12.4,29.2,22.05,Morondava,-20.283,44.283,0.0
2015-10-16,30.8,23.8,27.1,0.7,11.2,31.7,22.38,Morondava,-20.283,44.283,0.0
2015-10-17,31.6,24.5,27.6,0.5,16.4,39.2,25.38,Morondava,-20.283,44.283,0.0
2015-10-18,31.6,23.9,27.2,1.2,14.1,39.2,25.85,Morondava,-20.283,44.283,0.0
2015-10-19,29.9,23.9,26.3,1.1,17.2,41.8,24.22,Morondava,-20.283,44.283,0.0
2015-10-20,29.7,21.9,25.8,1.0,15.9,38.9,23.33,Morondava,-20.283,44.283,0.0
2015-10-21,31.7,23.1,26.9,0.1,12.9,32.8,24.7,Morondava,-20.283,44.283,0.0
2015-10-22,31.4,24.1,27.4,2.2,10.9,31.3,22.09,Morondava,-20.283,44.283,0.0
2015-10-23,31.7,24.1,27.5,0.8,11.7,31.3,22.75,Morondava,-20.283,44.283,0.0
2015-10-24,32.3,23.5,27.3,0.0,17.9,38.2,25.58,Morondava,-20.283,44.283,0.0
2015-10-25,31.4,22.4,26.7,0.1,14.2,34.2,26.28,Morondava,-20.283,44.283,0.0
2015-10-26,31.7,22.8,26.8,0.3,14.7,35.6,26.46,Morondava,-20.283,44.283,0.0
2015-10-27,30.6,23.6,26.5,1.3,16.1,40.3,26.68,Morondava,-20.283,44.283,0.0
2015-10-28,31.4,22.8,26.4,3.5,15.3,41.4,25.01,Morondava,-20.283,44.283,0.0
2015-10-29,32.6,22.9,27.0,7.3,11.9,33.8,25.11,Morondava,-20.283,44.283,0.0
2015-10-30,32.5,23.5,27.5,0.1,12.3,29.5,25.84,Morondava,-20.283,44.283,0.0
2015-10-31,30.4,23.9,26.6,11.0,12.8,35.3,18.55,Morondava,-20.283,44.283,0.0
2015-11-01,30.7,23.4,26.6,1.6,12.1,36.0,24.31,Morondava,-20.283,44.283,0.0
2015-11-02,31.1,23.1,26.8,1.3,14.5,36.0,25.06,Morondava,-20.283,44.283,0.0
2015-11-03,31.0,23.0,26.7,6.8,15.6,41.0,23.21,Morondava,-20.283,44.283,0.0
2015-11-04,29.6,22.3,23.9,20.6,17.1,35.6,13.12,Morondava,-20.283,44.283,0.0
2015-11-05,28.3,19.5,23.7,0.0,21.0,46.1,30.07,Morondava,-20.283,44.283,0.0
2015-11-06,29.7,19.2,24.3,0.0,16.7,33.8,30.17,Morondava,-20.283,44.283,0.0
2015-11-07,29.4,20.1,24.7,0.2,14.8,28.8,27.51,Morondava,-20.283,44.283,0.0
2015-11-08,30.5,21.1,25.6,0.0,11.7,24.5,26.29,Morondava,-20.283,44.283,0.0
2015-11-09,32.1,21.7,26.4,0.0,11.6,28.8,29.09,Morondava,-20.283,44.283,0.0
2015-11-10,31.2,21.7,26.3,0.0,14.1,34.6,29.6,Morondava,-20.283,44.283,0.0
2015-11-11,33.0,21.8,27.3,0.0,15.3,35.6,29.35,Morondava,-20.283,44.283,0.0
2015-11-12,32.7,22.4,28.0,0.0,12.7,32.4,29.31,Morondava,-20.283,44.283,0.0
2015-11-13,32.8,23.3,28.1,0.0,15.1,36.0,29.15,Morondava,-20.283,44.283,0.0
2015-11-14,32.1,24.4,27.6,0.0,17.3,41.0,28.9,Morondava,-20.283,44.283,0.0
2015-11-15,31.5,23.7,27.3,0.0,15.5,37.1,27.04,Morondava,-20.283,44.283,0.0
2015-11-16,31.6,24.5,27.7,0.0,17.1,39.2,26.72,Morondava,-20.283,44.283,0.0
2015-11-17,34.7,25.6,29.5,0.3,11.5,29.9,25.8,Morondava,-20.283,44.283,0.0
2015-11-18,32.2,25.8,28.6,1.0,13.6,36.4,26.59,Morondava,-20.283,44.283,0.0
2015-11-19,32.7,25.0,28.4,0.6,15.1,35.6,26.9,Morondava,-20.283,44.283,0.0
2015-11-20,33.5,24.9,28.9,0.3,14.3,33.8,27.15,Morondava,-20.283,44.283,0.0
2015-11-21,32.3,25.2,28.5,0.6,15.3,38.2,26.03,Morondava,-20.283,44.283,0.0
2015-11-22,32.3,25.4,28.4,1.9,16.1,38.2,25.25,Morondava,-20.283,44.283,0.0
2015-11-23,31.5,25.6,28.4,0.5,20.0,44.3,24.71,Morondava,-20.283,44.283,0.0
2015-11-24,31.9,25.0,27.9,0.0,21.8,50.0,28.4,Morondava,-20.283,44.283,0.0
2015-11-25,30.6,24.0,27.3,0.5,15.5,37.8,22.96,Morondava,-20.283,44.283,0.0
2015-11-26,30.2,25.1,27.1,0.2,15.8,39.2,21.52,Morondava,-20.283,44.283,0.0
2015-11-27,31.5,24.3,27.5,0.0,15.8,39.6,28.36,Morondava,-20.283,44.283,0.0
2015-11-28,32.7,22.1,27.2,0.0,18.9,43.6,31.04,Morondava,-20.283,44.283,0.0
2015-11-29,33.0,23.7,28.3,0.0,16.3,40.3,29.43,Morondava,-20.283,44.283,0.0
2015-11-30,34.1,25.3,28.9,2.9,14.4,40.0,26.73,Morondava,-20.283,44.283,0.0
2015-12-01,32.0,24.9,28.0,1.3,13.5,35.6,25.88,Morondava,-20.283,44.283,0.0
2015-12-02,32.0,25.2,28.2,0.9,15.1,37.4,24.72,Morondava,-20.283,44.283,0.0
2015-12-03,33.2,25.3,28.2,8.1,13.0,31.3,24.63,Morondava,-20.283,44.283,0.0
2015-12-04,32.7,25.6,28.7,0.2,12.8,31.3,26.73,Morondava,-20.283,44.283,0.0
2015-12-05,32.2,25.6,28.4,1.9,16.2,34.6,26.66,Morondava,-20.283,44.283,0.0
2015-12-06,30.9,24.1,27.2,0.0,16.0,38.9,27.12,Morondava,-20.283,44.283,0.0
2015-12-07,31.0,22.3,26.8,0.0,18.5,42.8,31.0,Morondava,-20.283,44.283,0.0
2015-12-08,32.5,22.9,27.6,0.0,16.6,40.7,28.84,Morondava,-20.283,44.283,0.0
2015-12-09,33.1,23.8,28.4,0.0,15.5,37.1,27.81,Morondava,-20.283,44.283,0.0
2015-12-10,33.2,24.8,28.7,1.4,14.8,36.4,25.46,Morondava,-20.283,44.283,0.0
2015-12-11,33.0,26.0,28.9,0.8,18.0,42.1,25.79,Morondava,-20.283,44.283,0.0
2015-12-12,32.1,25.8,28.9,1.9,12.3,36.7,24.22,Morondava,-20.283,44.283,0.0
2015-12-13,33.3,25.8,29.3,6.2,12.3,34.6,25.91,Morondava,-20.283,44.283,0.0
2015-12-14,32.8,25.7,28.6,11.9,12.0,34.6,25.13,Morondava,-20.283,44.283,0.0
2015-12-15,32.4,25.0,28.4,1.4,14.6,37.8,26.98,Morondava,-20.283,44.283,0.0
2015-12-16,31.4,25.6,28.7,3.6,14.9,36.0,22.82,Morondava,-20.283,44.283,0.0
2015-12-17,32.2,25.9,28.5,5.5,14.5,34.2,21.9,Morondava,-20.283,44.283,0.0
2015-12-18,32.4,25.3,27.8,17.4,9.0,29.5,22.5,Morondava,-20.283,44.283,0.0
2015-12-19,31.9,24.3,27.6,20.8,8.7,26.3,22.23,Morondava,-20.283,44.283,0.0
2015-12-20,30.5,23.8,26.5,22.6,8.7,27.0,21.66,Morondava,-20.283,44.283,0.0
2015-12-21,26.3,23.5,24.7,29.8,10.4,29.9,9.44,Morondava,-20.283,44.283,0.0
2015-12-22,28.2,23.6,25.6,17.9,12.4,32.8,17.84,Morondava,-20.283,44.283,0.0
2015-12-23,30.0,24.3,26.8,8.5,10.1,27.7,22.62,Morondava,-20.283,44.283,0.0
2015-12-24,30.7,25.1,27.7,1.2,13.0,31.3,26.45,Morondava,-20.283,44.283,0.0
2015-12-25,30.6,25.7,27.8,3.9,14.7,34.2,25.01,Morondava,-20.283,44.283,0.0
2015-12-26,30.6,25.2,27.2,6.4,15.2,33.1,23.56,Morondava,-20.283,44.283,0.0
2015-12-27,29.4,24.2,26.7,14.2,10.6,29.9,22.89,Morondava,-20.283,44.283,0.0
2015-12-28,29.8,24.8,27.0,11.2,8.7,23.8,21.3,Morondava,-20.283,44.283,0.0
2015-12-29,30.6,24.8,26.7,12.3,8.5,27.7,22.9,Morondava,-20.283,44.283,0.0
2015-12-30,31.2,24.4,27.6,4.3,10.1,27.7,27.0,Morondava,-20.283,44.283,0.0
2015-12-31,30.8,25.4,27.6,7.3,9.4,29.5,25.65,Morondava,-20.283,44.283,0.0
2016-01-01,30.4,25.0,27.3,3.3,10.4,26.3,22.98,Morondava,-20.283,44.283,0.0
2016-01-02,30.4,25.3,27.8,1.6,13.0,29.5,24.45,Morondava,-20.283,44.283,0.0
2016-01-03,30.8,24.7,27.8,1.8,11.3,27.0,26.33,Morondava,-20.283,44.283,0.0
2016-01-04,31.9,25.1,28.5,1.3,8.7,25.6,27.3,Morondava,-20.283,44.283,0.0
2016-01-05,31.4,24.6,27.6,14.0,9.0,27.0,23.88,Morondava,-20.283,44.283,0.0
2016-01-06,30.9,24.6,27.4,14.5,7.9,28.8,24.49,Morondava,-20.283,44.283,0.0
2016-01-07,29.9,24.5,27.0,22.3,8.2,32.8,20.92,Morondava,-20.283,44.283,0.0
2016-01-08,30.9,25.5,27.8,3.1,11.4,26.6,25.82,Morondava,-20.283,44.283,0.0
2016-01-09,30.9,25.0,27.5,5.4,11.1,25.2,25.55,Morondava,-20.283,44.283,0.0
2016-01-10,29.8,24.6,27.0,3.7,12.6,30.2,22.81,Morondava,-20.283,44.283,0.0
2016-01-11,29.2,24.8,26.9,3.7,12.2,33.8,22.33,Morondava,-20.283,44.283,0.0
2016-01-12,29.9,24.9,27.1,3.9,11.9,29.9,24.97,Morondava,-20.283,44.283,0.0
2016-01-13,30.4,24.8,27.4,9.6,9.5,29.2,24.43,Morondava,-20.283,44.283,0.0
2016-01-14,30.2,25.5,27.6,4.9,10.6,24.8,23.01,Morondava,-20.283,44.283,0.0
2016-01-15,30.1,25.6,27.7,5.2,9.9,28.8,23.17,Morondava,-20.283,44.283,0.0
2016-01-16,31.2,25.4,27.9,5.3,14.6,34.9,23.14,Morondava,-20.283,44.283,0.0
2016-01-17,31.0,25.5,27.9,2.9,9.0,26.3,23.65,Morondava,-20.283,44.283,0.0
2016-01-18,31.3,25.4,27.7,4.1,10.1,26.3,23.43,Morondava,-20.283,44.283,0.0
2016-01-19,31.5,24.8,27.6,3.8,10.0,23.8,25.0,Morondava,-20.283,44.283,0.0
2016-01-20,30.4,25.2,27.2,3.2,9.7,27.4,20.34,Morondava,-20.283,44.283,0.0
2016-01-21,31.6,24.7,27.5,4.2,9.5,27.0,24.94,Morondava,-20.283,44.283,0.0
2016-01-22,29.9,24.4,26.8,6.0,6.9,19.8,20.8,Morondava,-20.283,44.283,0.0
2016-01-23,30.4,24.9,27.5,2.9,10.0,23.8,24.22,Morondava,-20.283,44.283,0.0
2016-01-24,31.1,25.2,27.9,1.9,8.7,23.8,24.39,Morondava,-20.283,44.283,0.0
2016-01-25,31.1,25.1,27.9,1.1,8.6,24.8,24.33,Morondava,-20.283,44.283,0.0
2016-01-26,31.7,25.3,28.2,9.4,12.1,27.4,25.6,Morondava,-20.283,44.283,0.0
2016-01-27,32.8,25.1,28.6,3.8,10.5,21.6,27.81,Morondava,-20.283,44.283,0.0
2016-01-28,31.8,26.4,29.1,2.1,10.5,25.6,25.11,Morondava,-20.283,44.283,0.0
2016-01-29,31.7,26.1,28.8,3.2,12.9,28.8,23.02,Morondava,-20.283,44.283,0.0
2016-01-30,32.6,25.8,29.0,7.3,10.5,27.0,24.62,Morondava,-20.283,44.283,0.0
2016-01-31,32.0,24.7,28.1,8.5,11.6,27.7,25.15,Morondava,-20.283,44.283,0.0
2016-02-01,31.3,24.2,27.4,10.1,7.6,23.4,24.92,Morondava,-20.283,44.283,0.0
2016-02-02,30.4,24.6,27.5,7.6,11.3,27.4,23.62,Morondava,-20.283,44.283,0.0
2016-02-03,30.9,24.0,26.8,14.2,8.5,20.9,24.13,Morondava,-20.283,44.283,0.0
2016-02-04,30.7,24.8,27.4,4.7,7.4,31.0,23.8,Morondava,-20.283,44.283,0.0
2016-02-05,31.1,25.3,27.7,9.7,12.3,28.4,24.6,Morondava,-20.283,44.283,0.0
2016-02-06,30.8,25.3,27.4,16.4,8.6,28.1,18.62,Morondava,-20.283,44.283,0.0
2016-02-07,30.8,25.0,27.6,7.1,10.3,26.3,19.25,Morondava,-20.283,44.283,0.0
2016-02-08,30.8,26.1,28.1,1.0,14.7,33.8,21.51,Morondava,-20.283,44.283,0.0
2016-02-09,30.2,26.1,27.9,1.3,16.9,38.9,16.82,Morondava,-20.283,44.283,0.0
2016-02-10,29.0,25.8,27.3,1.2,12.4,34.2,20.71,Morondava,-20.283,44.283,0.0
2016-02-11,28.9,23.7,26.6,0.6,13.7,34.2,20.58,Morondava,-20.283,44.283,0.0
2016-02-12,28.3,24.6,26.4,1.3,11.8,28.4,18.97,Morondava,-20.283,44.283,0.0
2016-02-13,30.1,24.3,27.3,0.8,12.0,27.0,22.97,Morondava,-20.283,44.283,0.0
2016-02-14,30.7,25.3,27.9,1.7,7.9,25.2,19.67,Morondava,-20.283,44.283,0.0
2016-02-15,31.0,25.0,27.7,2.0,8.3,22.7,21.21,Morondava,-20.283,44.283,0.0
2016-02-16,32.1,25.5,28.7,2.3,7.5,23.4,25.32,Morondava,-20.283,44.283,0.0
2016-02-17,33.4,26.4,29.5,2.5,8.6,23.4,24.96,Morondava,-20.283,44.283,0.0
2016-02-18,32.6,26.6,29.0,3.0,8.4,22.7,24.0,Morondava,-20.283,44.283,0.0
2016-02-19,32.1,25.6,28.6,1.7,13.7,31.7,25.64,Morondava,-20.283,44.283,0.0
2016-02-20,31.3,25.5,27.9,4.8,12.8,32.0,22.53,Morondava,-20.283,44.283,0.0
2016-02-21,31.5,25.8,28.2,4.7,11.6,28.8,22.88,Morondava,-20.283,44.283,0.0
2016-02-22,32.1,25.7,28.3,7.9,13.4,33.1,23.88,Morondava,-20.283,44.283,0.0
2016-02-23,32.6,25.2,28.3,13.0,8.7,28.1,22.53,Morondava,-20.283,44.283,0.0
2016-02-24,31.5,24.9,27.8,11.1,9.6,24.1,23.82,Morondava,-20.283,44.283,0.0
2016-02-25,30.5,24.7,26.9,11.7,9.8,29.2,22.44,Morondava,-20.283,44.283,0.0
2016-02-26,30.1,24.4,26.4,9.2,10.9,24.8,21.49,Morondava,-20.283,44.283,0.0
2016-02-27,29.0,24.5,26.4,2.7,11.1,34.2,19.88,Morondava,-20.283,44.283,0.0
2016-02-28,29.5,23.9,26.2,18.9,8.7,27.0,18.84,Morondava,-20.283,44.283,0.0
2016-02-29,30.7,24.3,27.1,8.9,11.2,25.6,20.5,Morondava,-20.283,44.283,0.0
2016-03-01,31.2,24.9,27.5,8.4,10.1,22.7,24.23,Morondava,-20.283,44.283,0.0
2016-03-02,31.2,25.1,27.9,1.4,7.0,26.3,23.49,Morondava,-20.283,44.283,0.0
2016-03-03,30.0,25.8,27.6,4.2,10.2,28.8,18.83,Morondava,-20.283,44.283,0.0
2016-03-04,32.6,25.7,28.6,1.7,8.3,24.1,25.75,Morondava,-20.283,44.283,0.0
2016-03-05,32.3,25.6,28.9,2.1,9.0,20.9,23.9,Morondava,-20.283,44.283,0.0
2016-03-06,33.0,26.9,29.6,0.2,9.7,25.2,24.0,Morondava,-20.283,44.283,0.0
2016-03-07,32.7,25.9,28.9,5.6,8.4,18.4,23.84,Morondava,-20.283,44.283,0.0
2016-03-08,32.0,25.6,28.0,10.9,8.4,21.6,22.86,Morondava,-20.283,44.283,0.0
2016-03-09,31.6,25.4,28.2,2.4,10.3,25.2,24.29,Morondava,-20.283,44.283,0.0
2016-03-10,32.0,26.0,28.8,1.9,8.4,23.8,22.54,Morondava,-20.283,44.283,0.0
2016-03-11,31.6,25.7,28.2,4.1,10.6,28.8,22.98,Morondava,-20.283,44.283,0.0
2016-03-12,31.2,25.3,27.8,9.5,9.0,26.3,19.72,Morondava,-20.283,44.283,0.0
2016-03-13,30.8,25.4,27.5,9.2,9.0,23.0,18.2,Morondava,-20.283,44.283,0.0
2016-03-14,31.0,25.0,27.4,8.7,8.6,23.8,20.06,Morondava,-20.283,44.283,0.0
2016-03-15,29.3,25.1,26.9,3.3,8.7,27.7,16.3,Morondava,-20.283,44.283,0.0
2016-03-16,28.1,24.4,26.0,16.9,9.7,25.6,13.0,Morondava,-20.283,44.283,0.0
2016-03-17,30.4,24.5,27.1,3.9,8.0,21.6,19.29,Morondava,-20.283,44.283,0.0
2016-03-18,30.3,24.6,27.1,2.7,7.4,23.8,19.53,Morondava,-20.283,44.283,0.0
2016-03-19,29.2,25.4,26.8,8.8,7.2,20.2,15.11,Morondava,-20.283,44.283,0.0
2016-03-20,30.7,25.1,27.6,2.9,10.3,28.8,21.45,Morondava,-20.283,44.283,0.0
2016-03-21,30.3,25.5,27.3,11.9,9.7,25.6,18.86,Morondava,-20.283,44.283,0.0
2016-03-22,29.4,24.9,26.6,12.0,8.7,24.1,14.01,Morondava,-20.283,44.283,0.0
2016-03-23,26.1,24.9,25.3,50.7,7.7,19.1,5.12,Morondava,-20.283,44.283,0.0
2016-03-24,26.7,24.8,25.8,51.0,9.4,19.4,4.24,Morondava,-20.283,44.283,0.0
2016-03-25,29.1,25.2,27.1,19.3,9.0,23.4,10.57,Morondava,-20.283,44.283,0.0
2016-03-26,30.9,25.4,27.4,10.6,10.1,31.3,15.38,Morondava,-20.283,44.283,0.0
2016-03-27,29.6,25.7,26.9,10.6,9.0,28.8,11.99,Morondava,-20.283,44.283,0.0
2016-03-28,27.7,24.8,25.9,52.0,10.5,24.5,8.34,Morondava,-20.283,44.283,0.0
2016-03-29,27.3,24.8,25.9,30.8,8.8,27.4,10.43,Morondava,-20.283,44.283,0.0
2016-03-30,29.7,24.3,26.2,22.3,9.4,24.5,17.75,Morondava,-20.283,44.283,0.0
2016-03-31,30.7,24.8,27.4,1.0,8.7,22.7,20.25,Morondava,-20.283,44.283,0.0
2016-04-01,30.9,25.4,28.0,0.4,8.3,16.9,21.54,Morondava,-20.283,44.283,0.0
2016-04-02,31.0,25.8,28.2,0.6,7.3,19.8,20.89,Morondava,-20.283,44.283,0.0
2016-04-03,31.9,24.9,28.3,0.0,8.2,16.9,22.79,Morondava,-20.283,44.283,0.0
2016-04-04,32.4,25.1,28.3,0.0,13.8,27.7,24.32,Morondava,-20.283,44.283,0.0
2016-04-05,31.0,23.9,27.5,0.2,11.5,27.4,21.05,Morondava,-20.283,44.283,0.0
2016-04-06,31.1,25.1,27.8,0.2,10.3,21.2,20.26,Morondava,-20.283,44.283,0.0
2016-04-07,31.1,25.3,27.9,0.0,14.3,26.6,17.73,Morondava,-20.283,44.283,0.0
2016-04-08,31.0,24.1,27.4,0.0,14.2,26.6,20.84,Morondava,-20.283,44.283,0.0
2016-04-09,30.3,25.3,27.3,2.1,9.2,26.3,17.58,Morondava,-20.283,44.283,0.0
2016-04-10,30.7,24.9,26.8,9.3,9.1,22.7,19.77,Morondava,-20.283,44.283,0.0
2016-04-11,30.0,24.5,27.0,5.0,6.6,20.9,18.48,Morondava,-20.283,44.283,0.0
2016-04-12,30.1,25.2,27.5,0.0,7.6,16.9,14.57,Morondava,-20.283,44.283,0.0
2016-04-13,31.1,24.9,27.9,0.0,9.7,21.6,20.61,Morondava,-20.283,44.283,0.0
2016-04-14,31.4,24.1,27.5,0.0,10.4,23.0,20.29,Morondava,-20.283,44.283,0.0
2016-04-15,32.6,25.9,28.7,0.0,11.4,24.8,21.16,Morondava,-20.283,44.283,0.0
2016-04-16,32.1,24.9,28.1,0.0,12.6,27.0,21.12,Morondava,-20.283,44.283,0.0
2016-04-17,32.8,24.6,28.2,0.0,8.9,21.2,20.82,Morondava,-20.283,44.283,0.0
2016-04-18,31.7,25.2,27.8,2.8,7.9,22.3,20.3,Morondava,-20.283,44.283,0.0
2016-04-19,30.1,24.9,27.4,0.7,10.5,22.3,18.53,Morondava,-20.283,44.283,0.0
2016-04-20,29.2,23.0,26.1,0.0,10.5,28.1,21.32,Morondava,-20.283,44.283,0.0
2016-04-21,30.1,22.4,26.1,0.0,10.1,25.2,21.43,Morondava,-20.283,44.283,0.0
2016-04-22,30.9,23.8,27.1,0.0,10.2,23.0,21.41,Morondava,-20.283,44.283,0.0
2016-04-23,31.2,23.9,27.3,0.2,9.0,18.7,19.11,Morondava,-20.283,44.283,0.0
2016-04-24,31.6,24.0,27.2,0.0,13.0,26.3,19.81,Morondava,-20.283,44.283,0.0
2016-04-25,31.5,23.4,27.0,0.0,9.2,21.2,20.21,Morondava,-20.283,44.283,0.0
2016-04-26,31.6,24.1,27.5,0.3,10.0,27.4,19.25,Morondava,-20.283,44.283,0.0
2016-04-27,30.7,24.1,27.1,0.0,12.2,29.2,18.89,Morondava,-20.283,44.283,0.0
2016-04-28,30.0,23.3,26.4,0.0,9.8,24.1,19.59,Morondava,-20.283,44.283,0.0
2016-04-29,30.0,23.2,26.3,0.0,9.1,22.3,20.01,Morondava,-20.283,44.283,0.0
2016-04-30,30.8,22.4,26.2,0.0,10.2,23.8,20.63,Morondava,-20.283,44.283,0.0
2016-05-01,29.3,22.8,26.0,0.0,12.2,28.4,19.32,Morondava,-20.283,44.283,0.0
2016-05-02,29.4,22.7,25.7,0.0,12.4,29.2,20.12,Morondava,-20.283,44.283,0.0
2016-05-03,29.0,21.9,25.1,0.0,12.1,28.4,19.55,Morondava,-20.283,44.283,0.0
2016-05-04,27.7,22.2,24.7,0.0,16.5,36.4,17.42,Morondava,-20.283,44.283,0.0
2016-05-05,27.8,20.8,24.0,0.0,15.1,34.6,20.38,Morondava,-20.283,44.283,0.0
2016-05-06,29.1,19.8,24.2,0.0,13.8,26.6,20.12,Morondava,-20.283,44.283,0.0
2016-05-07,28.8,22.1,25.0,0.0,7.9,23.0,14.3,Morondava,-20.283,44.283,0.0
2016-05-08,29.2,21.9,25.4,0.0,12.5,22.3,16.51,Morondava,-20.283,44.283,0.0
2016-05-09,30.6,22.3,25.9,0.0,18.2,36.4,19.02,Morondava,-20.283,44.283,0.0
2016-05-10,29.9,21.6,25.0,0.0,17.4,34.9,19.41,Morondava,-20.283,44.283,0.0
2016-05-11,29.6,21.2,24.7,0.0,10.4,26.6,19.25,Morondava,-20.283,44.283,0.0
2016-05-12,29.6,21.2,25.0,0.0,11.5,27.0,17.51,Morondava,-20.283,44.283,0.0
2016-05-13,30.4,22.2,25.6,0.0,11.8,29.2,18.56,Morondava,-20.283,44.283,0.0
2016-05-14,31.1,22.0,25.8,0.0,11.4,27.0,18.07,Morondava,-20.283,44.283,0.0
2016-05-15,31.7,23.1,26.5,0.0,11.5,26.3,16.91,Morondava,-20.283,44.283,0.0
2016-05-16,30.9,22.7,26.1,0.0,11.6,23.0,16.89,Morondava,-20.283,44.283,0.0
2016-05-17,28.4,21.8,24.9,0.0,14.2,34.9,18.6,Morondava,-20.283,44.283,0.0
2016-05-18,29.7,19.9,24.6,0.0,16.9,31.0,18.22,Morondava,-20.283,44.283,0.0
2016-05-19,29.3,21.5,24.8,0.0,22.4,48.6,18.47,Morondava,-20.283,44.283,0.0
2016-05-20,28.1,18.7,22.9,0.0,18.6,39.2,18.91,Morondava,-20.283,44.283,0.0
2016-05-21,27.6,18.7,22.9,0.0,11.8,26.3,18.72,Morondava,-20.283,44.283,0.0
2016-05-22,28.2,19.3,23.4,0.0,14.8,29.2,18.55,Morondava,-20.283,44.283,0.0
2016-05-23,28.5,19.4,23.6,0.0,15.9,32.8,18.36,Morondava,-20.283,44.283,0.0
2016-05-24,28.8,19.7,23.7,0.0,11.2,28.1,18.16,Morondava,-20.283,44.283,0.0
2016-05-25,28.3,19.6,23.5,0.0,10.7,25.2,18.03,Morondava,-20.283,44.283,0.0
2016-05-26,29.1,19.4,23.9,0.0,11.8,22.3,17.77,Morondava,-20.283,44.283,0.0
2016-05-27,28.8,21.2,24.5,0.0,10.1,26.3,15.87,Morondava,-20.283,44.283,0.0
2016-05-28,28.9,20.4,24.4,0.0,7.1,19.1,16.0,Morondava,-20.283,44.283,0.0
2016-05-29,29.1,22.1,25.1,0.1,14.4,29.2,13.77,Morondava,-20.283,44.283,0.0
2016-05-30,29.0,21.9,24.8,0.4,12.6,26.6,14.38,Morondava,-20.283,44.283,0.0
2016-05-31,29.2,21.6,24.9,0.0,10.0,20.9,13.55,Morondava,-20.283,44.283,0.0
2016-06-01,28.7,23.0,25.3,0.0,11.1,20.2,12.0,Morondava,-20.283,44.283,0.0
2016-06-02,29.3,21.9,25.3,0.5,12.2,26.6,13.55,Morondava,-20.283,44.283,0.0
2016-06-03,30.1,21.2,25.2,2.4,14.0,24.8,16.44,Morondava,-20.283,44.283,0.0
2016-06-04,29.3,21.1,24.8,0.0,9.0,19.8,16.16,Morondava,-20.283,44.283,0.0
2016-06-05,29.4,20.4,24.6,0.0,12.2,26.3,17.06,Morondava,-20.283,44.283,0.0
2016-06-06,29.3,20.8,24.7,0.0,16.2,29.9,17.0,Morondava,-20.283,44.283,0.0
2016-06-07,29.0,20.0,24.1,0.0,15.6,32.4,17.25,Morondava,-20.283,44.283,0.0
2016-06-08,28.4,18.7,23.3,0.0,15.0,29.2,17.27,Morondava,-20.283,44.283,0.0
2016-06-09,27.8,18.7,22.8,0.0,13.8,27.0,17.15,Morondava,-20.283,44.283,0.0
2016-06-10,27.3,18.2,22.5,0.0,9.5,22.3,16.92,Morondava,-20.283,44.283,0.0
2016-06-11,28.0,18.8,22.9,0.0,11.3,23.4,17.04,Morondava,-20.283,44.283,0.0
2016-06-12,28.1,19.4,23.3,0.0,18.6,36.0,17.19,Morondava,-20.283,44.283,0.0
2016-06-13,28.7,19.5,23.5,0.0,18.5,36.7,16.93,Morondava,-20.283,44.283,0.0
2016-06-14,23.4,20.0,21.4,2.6,16.6,34.2,7.34,Morondava,-20.283,44.283,0.0
2016-06-15,26.9,19.8,22.6,0.0,11.0,22.3,14.19,Morondava,-20.283,44.283,0.0
2016-06-16,27.5,19.7,23.3,0.0,10.3,18.4,14.36,Morondava,-20.283,44.283,0.0
2016-06-17,28.6,20.4,23.9,0.0,10.8,20.5,13.75,Morondava,-20.283,44.283,0.0
2016-06-18,28.3,20.1,23.9,0.0,9.0,18.7,14.54,Morondava,-20.283,44.283,0.0
2016-06-19,27.6,20.1,23.7,0.0,8.2,16.9,14.14,Morondava,-20.283,44.283,0.0
2016-06-20,28.7,20.0,23.8,0.0,9.3,22.3,16.34,Morondava,-20.283,44.283,0.0
2016-06-21,28.7,19.2,23.5,0.0,9.4,19.4,16.41,Morondava,-20.283,44.283,0.0
2016-06-22,29.2,19.7,23.8,0.0,11.6,25.2,16.77,Morondava,-20.283,44.283,0.0
2016-06-23,28.1,18.7,23.1,0.0,10.0,21.6,16.73,Morondava,-20.283,44.283,0.0
2016-06-24,29.2,20.5,24.0,0.0,12.1,28.8,16.58,Morondava,-20.283,44.283,0.0
2016-06-25,29.2,20.1,24.0,0.0,11.9,29.9,16.61,Morondava,-20.283,44.283,0.0
2016-06-26,29.2,20.5,24.2,0.0,11.2,27.4,16.54,Morondava,-20.283,44.283,0.0
2016-06-27,28.6,20.4,23.9,0.0,11.9,23.8,16.55,Morondava,-20.283,44.283,0.0
2016-06-28,28.0,18.5,23.0,0.0,10.8,22.7,16.56,Morondava,-20.283,44.283,0.0
2016-06-29,28.5,19.1,23.4,0.0,11.0,20.5,17.0,Morondava,-20.283,44.283,0.0
2016-06-30,28.9,18.9,23.3,0.0,10.7,22.0,16.96,Morondava,-20.283,44.283,0.0
2016-07-01,28.4,19.0,23.2,0.0,9.5,24.1,17.0,Morondava,-20.283,44.283,0.0
2016-07-02,27.6,18.1,22.7,0.0,13.4,25.9,16.98,Morondava,-20.283,44.283,0.0
2016-07-03,28.0,19.1,23.1,0.0,14.3,27.0,16.93,Morondava,-20.283,44.283,0.0
2016-07-04,27.7,18.8,22.9,0.0,11.8,23.0,17.02,Morondava,-20.283,44.283,0.0
2016-07-05,28.5,18.9,23.4,0.0,12.0,31.0,16.98,Morondava,-20.283,44.283,0.0
2016-07-06,28.6,20.0,23.9,0.0,13.1,31.3,16.85,Morondava,-20.283,44.283,0.0
2016-07-07,28.8,19.5,23.6,0.0,12.8,25.6,16.88,Morondava,-20.283,44.283,0.0
2016-07-08,28.4,19.4,23.4,0.0,12.7,24.5,16.87,Morondava,-20.283,44.283,0.0
2016-07-09,28.1,18.6,23.0,0.0,12.3,31.7,17.49,Morondava,-20.283,44.283,0.0
2016-07-10,28.3,18.8,23.1,0.0,13.5,31.0,17.28,Morondava,-20.283,44.283,0.0
2016-07-11,28.3,19.2,23.2,0.0,12.7,29.2,17.08,Morondava,-20.283,44.283,0.0
2016-07-12,28.1,19.3,23.1,0.0,13.0,28.4,16.53,Morondava,-20.283,44.283,0.0
2016-07-13,27.9,18.5,22.8,0.0,10.7,27.0,17.06,Morondava,-20.283,44.283,0.0
2016-07-14,27.9,20.5,23.3,0.0,10.1,26.3,13.74,Morondava,-20.283,44.283,0.0
2016-07-15,27.2,20.4,23.0,0.1,10.3,19.4,12.07,Morondava,-20.283,44.283,0.0
2016-07-16,27.5,20.0,23.3,0.0,10.6,27.7,14.09,Morondava,-20.283,44.283,0.0
2016-07-17,27.7,19.6,23.5,0.0,10.0,20.2,14.21,Morondava,-20.283,44.283,0.0
2016-07-18,28.0,20.1,23.6,0.0,10.9,23.8,15.89,Morondava,-20.283,44.283,0.0
2016-07-19,28.4,19.1,23.4,0.0,12.1,23.8,15.94,Morondava,-20.283,44.283,0.0
2016-07-20,30.2,20.1,24.3,0.0,14.8,27.4,17.84,Morondava,-20.283,44.283,0.0
2016-07-21,25.8,21.0,23.0,0.0,12.7,24.8,5.25,Morondava,-20.283,44.283,0.0
2016-07-22,28.1,19.9,23.8,0.2,10.5,24.5,13.33,Morondava,-20.283,44.283,0.0
2016-07-23,28.9,21.2,24.6,0.9,11.7,26.3,17.13,Morondava,-20.283,44.283,0.0
2016-07-24,29.0,21.2,24.8,0.1,10.9,24.8,16.55,Morondava,-20.283,44.283,0.0
2016-07-25,29.2,21.2,24.6,0.0,10.6,24.1,16.85,Morondava,-20.283,44.283,0.0
2016-07-26,29.3,21.3,24.5,0.0,11.4,24.5,17.96,Morondava,-20.283,44.283,0.0
2016-07-27,29.3,21.2,24.7,0.0,10.4,23.8,15.27,Morondava,-20.283,44.283,0.0
2016-07-28,29.2,20.5,24.2,0.0,11.4,28.1,18.24,Morondava,-20.283,44.283,0.0
2016-07-29,27.8,20.0,23.5,0.0,11.9,27.4,16.57,Morondava,-20.283,44.283,0.0
2016-07-30,27.1,19.8,23.1,0.0,15.5,36.4,17.4,Morondava,-20.283,44.283,0.0
2016-07-31,27.4,19.3,22.9,0.0,14.5,31.3,16.95,Morondava,-20.283,44.283,0.0
2016-08-01,27.8,18.6,22.7,0.0,13.0,26.6,19.13,Morondava,-20.283,44.283,0.0
2016-08-02,27.0,17.6,22.5,0.0,15.7,36.4,17.18,Morondava,-20.283,44.283,0.0
2016-08-03,27.2,19.0,22.8,0.0,10.9,27.0,17.38,Morondava,-20.283,44.283,0.0
2016-08-04,27.9,19.0,23.0,0.0,13.9,29.9,18.8,Morondava,-20.283,44.283,0.0
2016-08-05,29.4,19.4,23.7,0.0,14.9,30.6,18.92,Morondava,-20.283,44.283,0.0
2016-08-06,29.3,19.9,24.0,0.0,13.2,30.2,19.41,Morondava,-20.283,44.283,0.0
2016-08-07,30.1,19.2,24.1,0.0,11.2,25.6,19.48,Morondava,-20.283,44.283,0.0
2016-08-08,29.6,19.0,23.7,0.0,13.3,30.6,19.72,Morondava,-20.283,44.283,0.0
2016-08-09,26.8,18.3,22.4,0.0,16.3,37.4,19.83,Morondava,-20.283,44.283,0.0
2016-08-10,25.8,18.6,21.8,0.0,16.6,40.0,18.8,Morondava,-20.283,44.283,0.0
2016-08-11,26.0,17.8,21.6,0.0,13.4,30.2,20.13,Morondava,-20.283,44.283,0.0
2016-08-12,27.3,17.2,22.1,0.0,11.4,27.7,20.18,Morondava,-20.283,44.283,0.0
2016-08-13,28.9,18.7,23.4,0.0,14.1,31.7,18.08,Morondava,-20.283,44.283,0.0
2016-08-14,29.0,20.0,24.2,0.0,13.4,30.6,19.48,Morondava,-20.283,44.283,0.0
2016-08-15,30.6,20.4,25.0,0.0,12.3,24.8,19.1,Morondava,-20.283,44.283,0.0
2016-08-16,30.6,21.3,25.1,0.0,12.6,30.6,20.43,Morondava,-20.283,44.283,0.0
2016-08-17,29.8,20.3,24.3,0.0,13.3,30.2,20.37,Morondava,-20.283,44.283,0.0
2016-08-18,28.1,20.4,23.8,0.0,12.3,28.8,16.82,Morondava,-20.283,44.283,0.0
2016-08-19,28.3,20.8,24.0,0.0,13.7,32.4,16.77,Morondava,-20.283,44.283,0.0
2016-08-20,26.8,21.2,23.8,0.5,10.5,26.3,13.67,Morondava,-20.283,44.283,0.0
2016-08-21,28.6,20.8,24.2,0.0,12.4,27.7,17.51,Morondava,-20.283,44.283,0.0
2016-08-22,28.9,20.7,24.4,0.0,11.3,24.8,16.56,Morondava,-20.283,44.283,0.0
2016-08-23,30.3,20.9,24.7,0.0,19.0,41.0,20.03,Morondava,-20.283,44.283,0.0
2016-08-24,29.9,21.1,24.7,0.0,15.9,36.0,20.76,Morondava,-20.283,44.283,0.0
2016-08-25,29.7,20.3,24.2,0.0,15.1,34.2,21.18,Morondava,-20.283,44.283,0.0
2016-08-26,28.5,18.9,23.6,0.0,14.4,33.5,21.7,Morondava,-20.283,44.283,0.0
2016-08-27,31.6,20.3,25.6,0.0,22.1,44.3,22.26,Morondava,-20.283,44.283,0.0
2016-08-28,30.4,21.3,25.2,0.0,20.8,43.2,22.22,Morondava,-20.283,44.283,0.0
2016-08-29,29.3,19.7,23.8,0.0,16.4,32.4,22.62,Morondava,-20.283,44.283,0.0
2016-08-30,28.4,18.7,23.1,0.0,13.3,30.6,22.68,Morondava,-20.283,44.283,0.0
2016-08-31,29.5,19.0,23.8,0.0,15.4,36.4,22.72,Morondava,-20.283,44.283,0.0
2016-09-01,29.8,19.9,24.4,0.0,17.6,35.3,22.99,Morondava,-20.283,44.283,0.0
2016-09-02,29.5,20.4,24.3,0.0,15.1,34.9,22.05,Morondava,-20.283,44.283,0.0
2016-09-03,29.1,19.8,23.9,0.0,14.1,33.8,22.27,Morondava,-20.283,44.283,0.0
2016-09-04,29.2,18.8,23.8,0.0,14.8,32.4,22.47,Morondava,-20.283,44.283,0.0
2016-09-05,28.8,19.3,23.8,0.0,14.1,32.0,20.41,Morondava,-20.283,44.283,0.0
2016-09-06,28.6,19.0,23.8,0.0,12.9,30.2,21.56,Morondava,-20.283,44.283,0.0
2016-09-07,28.8,19.7,24.0,0.0,15.3,36.0,23.11,Morondava,-20.283,44.283,0.0
2016-09-08,29.2,19.5,24.1,0.0,14.5,34.2,22.98,Morondava,-20.283,44.283,0.0
2016-09-09,31.2,20.4,25.3,0.0,13.6,31.3,23.48,Morondava,-20.283,44.283,0.0
2016-09-10,32.5,22.6,26.7,0.0,14.8,32.0,23.54,Morondava,-20.283,44.283,0.0
2016-09-11,30.0,22.3,25.6,0.0,15.7,37.4,23.91,Morondava,-20.283,44.283,0.0
2016-09-12,29.6,22.1,25.0,0.0,15.6,36.7,21.93,Morondava,-20.283,44.283,0.0
2016-09-13,29.4,21.8,25.1,0.0,15.5,36.0,22.23,Morondava,-20.283,44.283,0.0
2016-09-14,31.4,21.2,25.5,0.0,14.0,32.8,24.11,Morondava,-20.283,44.283,0.0
2016-09-15,29.6,20.5,24.8,0.0,15.7,36.4,22.65,Morondava,-20.283,44.283,0.0
2016-09-16,29.6,21.8,24.8,0.0,15.5,36.7,22.52,Morondava,-20.283,44.283,0.0
2016-09-17,29.7,21.4,25.1,0.0,16.3,37.4,21.54,Morondava,-20.283,44.283,0.0
2016-09-18,30.4,21.4,25.2,0.0,14.8,37.8,22.7,Morondava,-20.283,44.283,0.0
2016-09-19,29.5,20.5,24.6,0.0,16.5,41.0,21.59,Morondava,-20.283,44.283,0.0
2016-09-20,28.8,20.3,24.4,0.0,15.5,35.6,23.13,Morondava,-20.283,44.283,0.0
2016-09-21,29.7,20.2,24.6,0.0,16.0,37.4,23.4,Morondava,-20.283,44.283,0.0
2016-09-22,31.0,21.7,25.9,0.0,14.6,33.5,23.49,Morondava,-20.283,44.283,0.0
2016-09-23,32.3,23.1,26.9,0.0,14.1,33.8,23.04,Morondava,-20.283,44.283,0.0
2016-09-24,31.4,23.2,26.9,0.0,12.6,29.2,21.86,Morondava,-20.283,44.283,0.0
2016-09-25,31.1,21.7,26.2,0.0,15.0,36.7,23.22,Morondava,-20.283,44.283,0.0
2016-09-26,32.8,23.6,27.3,0.0,14.0,33.5,24.57,Morondava,-20.283,44.283,0.0
2016-09-27,30.6,23.5,26.5,0.0,16.9,38.9,22.04,Morondava,-20.283,44.283,0.0
2016-09-28,29.8,22.7,26.1,0.2,11.4,27.4,19.81,Morondava,-20.283,44.283,0.0
2016-09-29,30.0,22.7,25.9,0.1,15.8,37.8,22.26,Morondava,-20.283,44.283,0.0
2016-09-30,31.1,22.0,26.1,0.3,13.8,34.2,22.22,Morondava,-20.283,44.283,0.0
2016-10-01,29.5,23.3,25.8,1.2,13.7,35.3,21.99,Morondava,-20.283,44.283,0.0
2016-10-02,29.7,23.0,25.7,0.5,16.1,36.7,22.57,Morondava,-20.283,44.283,0.0
2016-10-03,29.1,21.4,24.9,0.5,20.2,46.1,23.14,Morondava,-20.283,44.283,0.0
2016-10-04,27.5,21.7,24.1,0.0,18.5,44.6,24.59,Morondava,-20.283,44.283,0.0
2016-10-05,26.1,20.2,23.0,0.0,16.7,40.0,24.23,Morondava,-20.283,44.283,0.0
2016-10-06,26.3,19.4,22.5,0.0,16.6,39.6,22.06,Morondava,-20.283,44.283,0.0
2016-10-07,29.4,18.6,23.7,0.0,15.9,38.5,27.58,Morondava,-20.283,44.283,0.0
2016-10-08,31.2,18.8,25.1,0.0,14.4,34.9,27.33,Morondava,-20.283,44.283,0.0
2016-10-09,30.8,21.6,25.9,0.0,16.2,41.4,25.39,Morondava,-20.283,44.283,0.0
2016-10-10,30.5,21.8,26.1,0.0,14.3,33.8,21.09,Morondava,-20.283,44.283,0.0
2016-10-11,33.0,23.8,27.7,0.0,14.4,34.2,24.23,Morondava,-20.283,44.283,0.0
2016-10-12,31.6,23.1,27.1,0.2,16.6,38.9,24.78,Morondava,-20.283,44.283,0.0
2016-10-13,30.9,23.8,26.7,0.0,15.6,37.4,24.9,Morondava,-20.283,44.283,0.0
2016-10-14,31.3,22.7,26.5,0.0,14.3,34.6,23.5,Morondava,-20.283,44.283,0.0
2016-10-15,30.9,22.3,26.2,0.0,15.5,38.2,25.16,Morondava,-20.283,44.283,0.0
2016-10-16,29.6,22.6,25.6,0.0,15.0,36.7,23.36,Morondava,-20.283,44.283,0.0
2016-10-17,30.7,22.5,26.4,0.8,16.2,37.4,23.14,Morondava,-20.283,44.283,0.0
2016-10-18,31.6,23.6,27.0,0.0,16.6,37.1,24.45,Morondava,-20.283,44.283,0.0
2016-10-19,31.9,22.9,26.9,0.7,14.3,37.4,24.56,Morondava,-20.283,44.283,0.0
2016-10-20,30.9,23.2,26.6,0.3,15.3,38.9,24.7,Morondava,-20.283,44.283,0.0
2016-10-21,30.5,23.1,26.2,0.7,15.0,35.6,24.24,Morondava,-20.283,44.283,0.0
2016-10-22,31.3,23.1,26.5,3.0,14.4,38.5,23.99,Morondava,-20.283,44.283,0.0
2016-10-23,31.2,22.9,26.8,7.0,9.4,28.4,24.3,Morondava,-20.283,44.283,0.0
2016-10-24,30.9,23.3,26.9,4.2,9.3,28.1,23.97,Morondava,-20.283,44.283,0.0
2016-10-25,31.0,23.7,27.2,0.9,12.8,30.6,25.56,Morondava,-20.283,44.283,0.0
2016-10-26,32.5,23.5,27.8,0.0,11.8,28.4,25.67,Morondava,-20.283,44.283,0.0
2016-10-27,33.3,23.8,28.2,1.4,13.3,32.8,25.58,Morondava,-20.283,44.283,0.0
2016-10-28,32.6,22.2,27.6,0.0,15.9,36.7,25.97,Morondava,-20.283,44.283,0.0
2016-10-29,32.6,22.8,27.5,0.0,15.8,37.1,29.48,Morondava,-20.283,44.283,0.0
2016-10-30,32.1,21.6,27.0,0.0,14.4,35.3,29.75,Morondava,-20.283,44.283,0.0
2016-10-31,32.3,21.6,26.6,0.0,17.7,40.3,29.65,Morondava,-20.283,44.283,0.0
2016-11-01,31.3,22.2,26.6,0.0,19.1,43.6,28.91,Morondava,-20.283,44.283,0.0
2016-11-02,30.7,22.8,26.6,0.0,18.4,42.5,28.1,Morondava,-20.283,44.283,0.0
2016-11-03,31.0,23.6,26.7,0.0,15.6,39.2,26.76,Morondava,-20.283,44.283,0.0
2016-11-04,31.8,22.9,27.0,1.8,12.6,36.4,24.61,Morondava,-20.283,44.283,0.0
2016-11-05,32.5,23.7,27.7,0.2,15.5,34.2,25.71,Morondava,-20.283,44.283,0.0
2016-11-06,31.8,23.9,28.0,0.0,11.8,27.0,24.86,Morondava,-20.283,44.283,0.0
2016-11-07,33.7,25.0,28.7,0.2,16.7,37.8,26.0,Morondava,-20.283,44.283,0.0
2016-11-08,34.9,25.1,29.1,0.0,14.9,38.5,28.62,Morondava,-20.283,44.283,0.0
2016-11-09,31.6,25.7,28.1,0.4,15.0,35.3,23.7,Morondava,-20.283,44.283,0.0
2016-11-10,31.1,25.6,27.8,0.8,14.8,38.9,24.41,Morondava,-20.283,44.283,0.0
2016-11-11,30.9,24.8,27.4,1.1,13.4,38.2,24.82,Morondava,-20.283,44.283,0.0
2016-11-12,32.0,23.6,27.6,1.3,15.1,37.1,24.88,Morondava,-20.283,44.283,0.0
2016-11-13,31.9,24.9,28.1,0.8,12.7,32.4,23.61,Morondava,-20.283,44.283,0.0
2016-11-14,32.1,25.1,28.2,12.7,14.7,34.6,22.21,Morondava,-20.283,44.283,0.0
2016-11-15,33.5,23.9,28.6,0.3,13.0,30.2,26.98,Morondava,-20.283,44.283,0.0
2016-11-16,31.4,25.6,28.3,0.8,12.5,32.8,23.53,Morondava,-20.283,44.283,0.0
2016-11-17,31.6,25.3,27.8,7.3,14.3,33.5,23.63,Morondava,-20.283,44.283,0.0
2016-11-18,30.9,24.6,27.4,1.0,14.1,37.1,25.52,Morondava,-20.283,44.283,0.0
2016-11-19,31.7,25.0,27.9,0.4,17.0,42.5,26.59,Morondava,-20.283,44.283,0.0
2016-11-20,33.1,25.0,28.5,0.5,17.3,39.2,27.41,Morondava,-20.283,44.283,0.0
2016-11-21,32.5,24.4,28.3,0.5,15.9,38.2,27.27,Morondava,-20.283,44.283,0.0
2016-11-22,32.4,24.0,28.1,0.3,15.3,36.7,26.55,Morondava,-20.283,44.283,0.0
2016-11-23,33.3,24.7,28.2,0.0,18.4,41.8,26.97,Morondava,-20.283,44.283,0.0
2016-11-24,32.7,23.8,28.2,1.2,13.0,36.0,26.62,Morondava,-20.283,44.283,0.0
2016-11-25,32.3,24.4,28.1,3.7,12.8,33.5,25.37,Morondava,-20.283,44.283,0.0
2016-11-26,32.1,24.8,28.1,1.8,13.4,34.9,26.04,Morondava,-20.283,44.283,0.0
2016-11-27,31.6,24.4,27.7,0.3,18.9,42.8,27.15,Morondava,-20.283,44.283,0.0
2016-11-28,32.1,24.1,27.9,2.2,18.1,41.8,25.92,Morondava,-20.283,44.283,0.0
2016-11-29,30.4,24.5,27.0,1.7,16.3,38.9,25.22,Morondava,-20.283,44.283,0.0
2016-11-30,30.7,23.8,27.2,0.3,14.4,35.6,25.05,Morondava,-20.283,44.283,0.0
2016-12-01,30.9,23.9,27.4,0.5,17.5,42.8,26.63,Morondava,-20.283,44.283,0.0
2016-12-02,31.0,23.4,27.5,0.0,17.8,42.1,27.7,Morondava,-20.283,44.283,0.0
2016-12-03,31.7,24.8,27.7,0.0,15.9,39.6,26.61,Morondava,-20.283,44.283,0.0
2016-12-04,32.8,23.5,28.1,0.0,18.4,42.8,27.88,Morondava,-20.283,44.283,0.0
2016-12-05,33.2,23.6,28.4,0.0,15.9,38.9,27.31,Morondava,-20.283,44.283,0.0
2016-12-06,33.0,24.6,28.5,0.3,17.3,39.2,28.17,Morondava,-20.283,44.283,0.0
2016-12-07,32.7,24.5,28.5,0.2,15.6,35.3,26.61,Morondava,-20.283,44.283,0.0
2016-12-08,33.3,24.2,28.7,2.3,15.2,36.4,26.71,Morondava,-20.283,44.283,0.0
2016-12-09,32.9,25.7,29.1,0.8,10.6,33.5,26.64,Morondava,-20.283,44.283,0.0
2016-12-10,32.8,25.6,29.0,1.6,11.2,37.1,24.94,Morondava,-20.283,44.283,0.0
2016-12-11,32.4,25.5,28.8,1.3,15.5,38.9,26.71,Morondava,-20.283,44.283,0.0
2016-12-12,33.1,26.0,29.0,1.5,12.4,34.6,25.38,Morondava,-20.283,44.283,0.0
2016-12-13,32.1,26.2,28.7,3.7,14.1,37.4,25.78,Morondava,-20.283,44.283,0.0
2016-12-14,32.8,25.0,28.6,1.4,17.7,40.7,26.37,Morondava,-20.283,44.283,0.0
2016-12-15,32.7,25.2,28.5,6.8,11.9,31.0,23.97,Morondava,-20.283,44.283,0.0
2016-12-16,31.7,24.6,28.0,10.4,12.1,31.7,22.77,Morondava,-20.283,44.283,0.0
2016-12-17,31.5,24.2,26.5,17.9,15.8,37.1,24.5,Morondava,-20.283,44.283,0.0
2016-12-18,29.8,23.9,26.1,18.6,10.5,28.1,18.86,Morondava,-20.283,44.283,0.0
2016-12-19,29.6,23.9,26.7,4.5,8.6,25.2,21.02,Morondava,-20.283,44.283,0.0
2016-12-20,32.0,25.2,27.9,6.5,10.9,33.1,24.0,Morondava,-20.283,44.283,0.0
2016-12-21,31.6,24.8,27.6,6.8,13.5,33.5,24.09,Morondava,-20.283,44.283,0.0
2016-12-22,31.7,25.4,28.1,0.9,10.2,29.2,25.63,Morondava,-20.283,44.283,0.0
2016-12-23,31.4,25.5,27.9,17.6,10.8,23.4,19.8,Morondava,-20.283,44.283,0.0
2016-12-24,31.6,25.5,28.0,2.1,12.7,32.4,25.71,Morondava,-20.283,44.283,0.0
2016-12-25,30.7,25.7,27.8,2.8,14.3,31.0,25.09,Morondava,-20.283,44.283,0.0
2016-12-26,32.5,25.6,28.6,0.8,10.8,26.6,27.64,Morondava,-20.283,44.283,0.0
2016-12-27,32.5,25.9,29.0,2.1,10.5,27.7,26.36,Morondava,-20.283,44.283,0.0
2016-12-28,29.9,24.6,27.6,10.9,10.5,29.2,18.67,Morondava,-20.283,44.283,0.0
2016-12-29,31.5,25.4,28.4,4.1,9.1,28.1,25.63,Morondava,-20.283,44.283,0.0
2016-12-30,31.8,25.9,28.7,3.8,13.4,32.8,25.96,Morondava,-20.283,44.283,0.0
2016-12-31,31.6,25.8,28.3,2.7,9.7,25.2,21.4,Morondava,-20.283,44.283,0.0
2017-01-01,30.8,25.4,28.2,0.9,16.5,40.0,27.11,Morondava,-20.283,44.283,0.0
2017-01-02,30.5,24.5,27.4,1.4,13.9,35.3,25.93,Morondava,-20.283,44.283,0.0
2017-01-03,30.6,24.5,27.5,5.0,14.3,38.2,27.34,Morondava,-20.283,44.283,0.0
2017-01-04,30.7,23.9,26.7,10.6,14.2,38.9,24.62,Morondava,-20.283,44.283,0.0
2017-01-05,30.9,23.2,26.9,5.5,14.8,37.1,24.64,Morondava,-20.283,44.283,0.0
2017-01-06,31.9,24.3,27.6,1.2,11.0,34.9,25.94,Morondava,-20.283,44.283,0.0
2017-01-07,30.7,24.6,27.2,16.6,11.9,28.4,21.54,Morondava,-20.283,44.283,0.0
2017-01-08,28.8,24.1,26.3,9.9,11.7,36.4,21.29,Morondava,-20.283,44.283,0.0
2017-01-09,29.3,23.5,26.0,6.8,13.1,34.9,21.42,Morondava,-20.283,44.283,0.0
2017-01-10,29.2,23.7,25.7,4.8,13.2,36.4,14.38,Morondava,-20.283,44.283,0.0
2017-01-11,30.9,23.9,27.4,1.1,11.2,31.7,25.28,Morondava,-20.283,44.283,0.0
2017-01-12,30.5,24.8,27.0,2.2,15.6,35.3,19.92,Morondava,-20.283,44.283,0.0
2017-01-13,31.4,25.2,27.8,0.9,8.1,16.9,20.3,Morondava,-20.283,44.283,0.0
2017-01-14,30.7,24.6,27.2,9.4,11.5,33.8,24.05,Morondava,-20.283,44.283,0.0
2017-01-15,30.4,24.1,26.6,22.0,14.3,34.6,22.46,Morondava,-20.283,44.283,0.0
2017-01-16,30.8,23.7,27.4,2.4,13.6,37.1,26.34,Morondava,-20.283,44.283,0.0
2017-01-17,31.9,23.5,27.7,1.0,16.5,33.1,26.42,Morondava,-20.283,44.283,0.0
2017-01-18,31.0,24.6,27.7,5.1,12.8,33.8,22.66,Morondava,-20.283,44.283,0.0
2017-01-19,31.6,25.0,28.1,0.3,11.2,29.2,26.85,Morondava,-20.283,44.283,0.0
2017-01-20,29.9,24.6,26.9,9.6,13.3,30.6,23.29,Morondava,-20.283,44.283,0.0
2017-01-21,32.0,24.0,27.5,0.9,15.3,36.7,24.7,Morondava,-20.283,44.283,0.0
2017-01-22,31.5,25.1,28.1,0.1,12.6,36.4,25.19,Morondava,-20.283,44.283,0.0
2017-01-23,31.0,25.2,28.0,0.8,13.9,33.8,25.68,Morondava,-20.283,44.283,0.0
2017-01-24,30.2,24.9,27.6,2.4,12.9,30.6,22.46,Morondava,-20.283,44.283,0.0
2017-01-25,30.7,24.9,27.7,0.2,10.2,30.6,23.56,Morondava,-20.283,44.283,0.0
2017-01-26,31.5,25.3,28.4,0.2,12.3,31.0,26.05,Morondava,-20.283,44.283,0.0
2017-01-27,31.4,25.5,28.5,0.0,17.5,41.4,26.31,Morondava,-20.283,44.283,0.0
2017-01-28,32.2,24.7,28.4,0.0,16.6,38.2,26.92,Morondava,-20.283,44.283,0.0
2017-01-29,32.5,25.1,28.6,0.0,15.6,41.4,28.22,Morondava,-20.283,44.283,0.0
2017-01-30,31.2,26.3,28.4,2.8,13.8,33.8,23.27,Morondava,-20.283,44.283,0.0
2017-01-31,31.4,26.1,28.2,2.5,13.4,34.6,23.95,Morondava,-20.283,44.283,0.0
2017-02-01,31.5,25.1,28.0,3.6,14.7,34.9,23.33,Morondava,-20.283,44.283,0.0
2017-02-02,31.1,25.2,27.9,0.7,13.6,34.9,24.15,Morondava,-20.283,44.283,0.0
2017-02-03,30.9,24.9,27.7,2.2,14.1,27.0,23.29,Morondava,-20.283,44.283,0.0
2017-02-04,30.9,25.5,27.8,1.7,12.5,33.5,20.22,Morondava,-20.283,44.283,0.0
2017-02-05,30.4,25.2,27.9,5.7,12.6,35.3,21.63,Morondava,-20.283,44.283,0.0
2017-02-06,30.6,24.6,27.5,3.5,14.6,41.0,21.77,Morondava,-20.283,44.283,0.0
2017-02-07,31.5,24.7,28.3,12.6,18.4,38.2,23.29,Morondava,-20.283,44.283,0.0
2017-02-08,29.7,24.6,27.3,4.8,14.5,33.5,19.38,Morondava,-20.283,44.283,0.0
2017-02-09,29.8,24.9,27.2,6.7,13.6,34.9,23.03,Morondava,-20.283,44.283,0.0
2017-02-10,29.7,24.6,26.1,17.8,16.5,36.4,13.97,Morondava,-20.283,44.283,0.0
2017-02-11,28.5,23.9,25.6,13.9,14.6,33.1,10.75,Morondava,-20.283,44.283,0.0
2017-02-12,29.0,23.8,25.9,15.8,15.0,36.7,14.21,Morondava,-20.283,44.283,0.0
2017-02-13,30.4,24.4,27.0,4.1,18.6,45.0,21.12,Morondava,-20.283,44.283,0.0
2017-02-14,30.2,24.7,27.4,0.0,15.9,45.0,17.19,Morondava,-20.283,44.283,0.0
2017-02-15,31.4,25.4,27.9,0.6,8.7,25.2,17.49,Morondava,-20.283,44.283,0.0
2017-02-16,31.3,26.1,28.1,5.9,10.9,30.2,21.1,Morondava,-20.283,44.283,0.0
2017-02-17,32.6,25.1,28.6,0.0,14.4,34.2,26.45,Morondava,-20.283,44.283,0.0
2017-02-18,30.6,24.2,26.9,5.7,10.5,28.4,24.4,Morondava,-20.283,44.283,0.0
2017-02-19,27.9,23.2,25.3,2.9,15.7,36.0,20.89,Morondava,-20.283,44.283,0.0
2017-02-20,27.8,22.9,25.1,4.7,17.2,38.5,21.36,Morondava,-20.283,44.283,0.0
2017-02-21,29.2,22.1,25.4,5.4,13.8,33.5,23.85,Morondava,-20.283,44.283,0.0
2017-02-22,29.2,22.1,25.8,1.1,11.5,34.6,22.94,Morondava,-20.283,44.283,0.0
2017-02-23,30.5,24.3,27.2,0.6,10.4,27.0,21.27,Morondava,-20.283,44.283,0.0
2017-02-24,30.9,24.1,27.5,2.0,9.5,28.1,21.57,Morondava,-20.283,44.283,0.0
2017-02-25,30.7,24.1,27.0,7.9,12.2,28.1,21.19,Morondava,-20.283,44.283,0.0
2017-02-26,30.3,25.6,27.7,1.9,14.9,35.3,22.19,Morondava,-20.283,44.283,0.0
2017-02-27,30.3,25.1,27.7,0.8,12.3,29.2,19.82,Morondava,-20.283,44.283,0.0
2017-02-28,29.9,24.9,27.5,2.5,10.0,31.0,18.75,Morondava,-20.283,44.283,0.0
2017-03-01,31.2,25.6,28.0,1.3,11.2,27.0,19.26,Morondava,-20.283,44.283,0.0
2017-03-02,31.4,24.9,28.4,0.0,15.2,34.6,25.24,Morondava,-20.283,44.283,0.0
2017-03-03,30.9,24.9,28.3,0.1,9.9,28.1,23.49,Morondava,-20.283,44.283,0.0
2017-03-04,31.9,25.2,28.4,0.4,12.7,31.0,23.01,Morondava,-20.283,44.283,0.0
2017-03-05,32.1,26.3,28.9,0.1,12.0,31.7,24.23,Morondava,-20.283,44.283,0.0
2017-03-06,33.8,25.5,29.3,0.0,15.5,37.1,26.56,Morondava,-20.283,44.283,0.0
2017-03-07,35.2,25.8,29.8,0.0,20.6,44.6,26.49,Morondava,-20.283,44.283,0.0
2017-03-08,34.0,26.8,29.8,0.0,18.7,39.2,13.19,Morondava,-20.283,44.283,0.0
2017-03-09,29.7,24.1,26.7,12.6,23.4,50.4,10.68,Morondava,-20.283,44.283,0.0
2017-03-10,29.9,24.3,27.0,3.1,16.6,38.5,22.19,Morondava,-20.283,44.283,0.0
2017-03-11,30.2,23.6,26.8,1.0,17.1,36.0,24.12,Morondava,-20.283,44.283,0.0
2017-03-12,30.6,23.1,26.7,0.0,19.1,43.9,26.12,Morondava,-20.283,44.283,0.0
2017-03-13,31.7,24.2,27.7,0.3,17.9,41.8,23.7,Morondava,-20.283,44.283,0.0
2017-03-14,32.0,23.8,27.5,0.0,18.4,40.7,26.03,Morondava,-20.283,44.283,0.0
2017-03-15,30.2,22.8,26.8,0.2,11.2,28.8,25.01,Morondava,-20.283,44.283,0.0
2017-03-16,30.0,24.6,26.8,0.1,10.2,23.8,16.17,Morondava,-20.283,44.283,0.0
2017-03-17,32.1,24.0,27.8,1.4,13.8,37.8,24.51,Morondava,-20.283,44.283,0.0
2017-03-18,32.8,24.7,28.5,0.9,14.1,44.3,18.5,Morondava,-20.283,44.283,0.0
2017-03-19,33.1,24.2,28.4,0.5,14.7,35.3,24.53,Morondava,-20.283,44.283,0.0
2017-03-20,33.3,24.6,28.5,0.0,15.0,36.7,24.6,Morondava,-20.283,44.283,0.0
2017-03-21,32.5,25.4,28.7,0.1,13.0,33.5,23.35,Morondava,-20.283,44.283,0.0
2017-03-22,32.1,25.5,28.2,1.3,10.7,30.2,21.48,Morondava,-20.283,44.283,0.0
2017-03-23,31.5,24.5,27.9,0.0,10.6,31.3,23.4,Morondava,-20.283,44.283,0.0
2017-03-24,30.6,25.3,27.9,1.3,11.1,28.8,20.96,Morondava,-20.283,44.283,0.0
2017-03-25,31.5,25.0,27.8,1.6,14.0,35.3,22.87,Morondava,-20.283,44.283,0.0
2017-03-26,30.4,25.0,27.2,3.8,19.7,43.2,16.8,Morondava,-20.283,44.283,0.0
2017-03-27,32.1,24.1,27.8,0.0,14.8,37.4,22.78,Morondava,-20.283,44.283,0.0
2017-03-28,31.4,24.9,28.2,0.2,12.9,33.1,21.15,Morondava,-20.283,44.283,0.0
2017-03-29,31.6,24.8,27.4,5.1,16.6,37.4,20.78,Morondava,-20.283,44.283,0.0
2017-03-30,31.9,23.5,27.2,0.2,13.7,42.5,20.99,Morondava,-20.283,44.283,0.0
2017-03-31,31.6,24.7,28.1,0.7,14.5,34.2,19.81,Morondava,-20.283,44.283,0.0
2017-04-01,30.9,24.2,27.1,2.0,10.7,28.4,19.43,Morondava,-20.283,44.283,0.0
2017-04-02,30.1,23.4,26.5,2.3,10.9,28.8,18.59,Morondava,-20.283,44.283,0.0
2017-04-03,31.7,24.3,27.8,0.0,11.7,31.3,21.63,Morondava,-20.283,44.283,0.0
2017-04-04,33.0,24.8,28.3,0.0,15.3,35.6,23.54,Morondava,-20.283,44.283,0.0
2017-04-05,33.0,25.2,28.7,0.0,14.6,31.7,20.42,Morondava,-20.283,44.283,0.0
2017-04-06,32.0,25.9,28.4,0.8,13.7,37.1,19.66,Morondava,-20.283,44.283,0.0
2017-04-07,31.7,23.7,27.8,0.1,14.0,31.3,20.16,Morondava,-20.283,44.283,0.0
2017-04-08,31.4,25.0,27.7,0.1,11.4,30.6,19.93,Morondava,-20.283,44.283,0.0
2017-04-09,31.7,24.8,27.9,0.1,11.8,35.3,20.88,Morondava,-20.283,44.283,0.0
2017-04-10,31.8,23.9,27.5,0.0,15.3,36.7,19.92,Morondava,-20.283,44.283,0.0
2017-04-11,31.6,24.6,27.8,0.5,10.1,27.4,20.2,Morondava,-20.283,44.283,0.0
2017-04-12,31.8,24.7,28.2,0.0,10.0,36.0,20.99,Morondava,-20.283,44.283,0.0
2017-04-13,32.7,24.9,28.3,0.0,12.9,32.8,20.49,Morondava,-20.283,44.283,0.0
2017-04-14,31.8,25.7,28.4,1.5,11.5,26.3,20.06,Morondava,-20.283,44.283,0.0
2017-04-15,32.1,24.0,28.0,0.0,11.6,33.8,19.81,Morondava,-20.283,44.283,0.0
2017-04-16,31.1,24.5,27.2,2.9,13.8,32.8,17.49,Morondava,-20.283,44.283,0.0
2017-04-17,30.0,24.3,26.5,2.0,13.3,28.1,12.01,Morondava,-20.283,44.283,0.0
2017-04-18,29.0,23.1,26.1,0.8,14.9,35.6,17.31,Morondava,-20.283,44.283,0.0
2017-04-19,30.3,23.2,26.6,0.2,17.2,37.8,17.65,Morondava,-20.283,44.283,0.0
2017-04-20,31.3,22.8,26.4,0.0,21.4,46.1,21.14,Morondava,-20.283,44.283,0.0
2017-04-21,30.2,21.6,25.5,0.0,23.9,51.8,21.5,Morondava,-20.283,44.283,0.0
2017-04-22,28.5,21.9,25.2,0.3,19.6,42.8,18.37,Morondava,-20.283,44.283,0.0
2017-04-23,29.3,21.7,25.5,0.0,17.0,39.2,21.08,Morondava,-20.283,44.283,0.0
2017-04-24,28.8,20.4,25.1,0.0,18.8,35.6,20.33,Morondava,-20.283,44.283,0.0
2017-04-25,29.8,21.4,25.2,0.0,16.8,40.7,19.59,Morondava,-20.283,44.283,0.0
2017-04-26,30.5,20.7,25.3,0.0,15.7,38.5,20.74,Morondava,-20.283,44.283,0.0
2017-04-27,30.3,21.5,25.7,0.0,14.9,36.7,19.37,Morondava,-20.283,44.283,0.0
2017-04-28,33.3,21.7,26.5,0.0,14.4,34.6,20.11,Morondava,-20.283,44.283,0.0
2017-04-29,34.5,23.3,27.6,0.0,17.6,41.0,19.35,Morondava,-20.283,44.283,0.0
2017-04-30,33.3,22.8,26.9,0.0,18.8,43.2,20.32,Morondava,-20.283,44.283,0.0
2017-05-01,32.9,22.7,26.7,0.0,17.7,37.1,19.41,Morondava,-20.283,44.283,0.0
2017-05-02,32.5,22.5,26.5,0.0,14.4,33.8,16.23,Morondava,-20.283,44.283,0.0
2017-05-03,32.0,22.7,26.7,0.0,13.1,32.4,18.99,Morondava,-20.283,44.283,0.0
2017-05-04,31.2,22.3,26.1,0.0,13.2,33.5,19.23,Morondava,-20.283,44.283,0.0
2017-05-05,32.2,22.9,26.6,0.0,14.2,35.3,18.52,Morondava,-20.283,44.283,0.0
2017-05-06,30.8,22.4,26.2,0.0,14.1,36.0,19.07,Morondava,-20.283,44.283,0.0
2017-05-07,30.6,22.2,26.0,0.0,15.7,34.9,18.12,Morondava,-20.283,44.283,0.0
2017-05-08,31.9,22.8,26.3,0.0,15.6,37.1,19.09,Morondava,-20.283,44.283,0.0
2017-05-09,32.1,22.0,26.1,0.0,15.6,36.7,19.32,Morondava,-20.283,44.283,0.0
2017-05-10,31.5,22.0,26.1,0.0,15.0,35.3,18.92,Morondava,-20.283,44.283,0.0
2017-05-11,31.4,21.4,25.9,0.0,16.9,34.6,18.86,Morondava,-20.283,44.283,0.0
2017-05-12,31.2,20.6,25.8,0.0,16.6,39.2,18.94,Morondava,-20.283,44.283,0.0
2017-05-13,30.4,20.5,24.8,0.0,18.0,40.0,18.93,Morondava,-20.283,44.283,0.0
2017-05-14,29.1,20.3,24.6,0.0,15.9,37.1,17.88,Morondava,-20.283,44.283,0.0
2017-05-15,30.2,21.0,25.3,0.0,13.4,33.1,16.33,Morondava,-20.283,44.283,0.0
2017-05-16,29.9,23.1,25.9,0.0,12.1,33.1,17.07,Morondava,-20.283,44.283,0.0
2017-05-17,30.2,23.2,26.1,0.0,13.0,34.2,16.8,Morondava,-20.283,44.283,0.0
2017-05-18,29.7,23.0,25.6,0.0,16.6,39.2,16.73,Morondava,-20.283,44.283,0.0
2017-05-19,30.3,21.1,25.0,0.0,19.5,43.2,17.76,Morondava,-20.283,44.283,0.0
2017-05-20,31.6,20.3,25.1,0.0,18.0,41.4,18.35,Morondava,-20.283,44.283,0.0
2017-05-21,31.1,19.9,25.0,0.0,14.8,35.3,17.34,Morondava,-20.283,44.283,0.0
2017-05-22,29.9,20.6,24.9,0.0,15.9,37.4,16.71,Morondava,-20.283,44.283,0.0
2017-05-23,30.6,21.3,25.1,0.0,15.6,37.4,17.1,Morondava,-20.283,44.283,0.0
2017-05-24,31.0,21.5,25.4,0.0,17.6,37.8,17.44,Morondava,-20.283,44.283,0.0
2017-05-25,29.9,21.5,25.2,0.0,15.9,36.7,16.27,Morondava,-20.283,44.283,0.0
2017-05-26,30.5,20.7,25.3,0.0,13.3,34.6,17.51,Morondava,-20.283,44.283,0.0
2017-05-27,29.9,20.9,24.9,0.0,14.2,34.2,17.27,Morondava,-20.283,44.283,0.0
2017-05-28,30.7,21.1,25.3,0.0,17.8,34.2,17.18,Morondava,-20.283,44.283,0.0
2017-05-29,30.0,20.4,24.5,0.0,22.5,49.0,17.31,Morondava,-20.283,44.283,0.0
2017-05-30,29.9,20.4,24.6,0.0,16.6,38.9,17.32,Morondava,-20.283,44.283,0.0
2017-05-31,28.9,19.4,24.0,0.0,14.5,33.8,17.2,Morondava,-20.283,44.283,0.0
2017-06-01,29.4,19.5,24.1,0.0,20.8,45.0,17.14,Morondava,-20.283,44.283,0.0
2017-06-02,27.8,19.9,23.9,0.0,14.9,36.7,17.0,Morondava,-20.283,44.283,0.0
2017-06-03,30.4,19.4,24.6,0.0,15.5,36.4,16.59,Morondava,-20.283,44.283,0.0
2017-06-04,29.4,21.4,25.5,0.0,11.8,29.2,12.61,Morondava,-20.283,44.283,0.0
2017-06-05,29.1,21.7,25.1,0.5,13.9,37.8,14.83,Morondava,-20.283,44.283,0.0
2017-06-06,31.8,21.8,26.3,0.0,19.1,41.0,15.35,Morondava,-20.283,44.283,0.0
2017-06-07,32.2,21.4,25.9,0.0,16.4,36.0,17.3,Morondava,-20.283,44.283,0.0
2017-06-08,31.4,22.1,26.1,0.0,15.6,36.7,16.6,Morondava,-20.283,44.283,0.0
2017-06-09,31.6,22.7,26.3,0.0,18.6,40.7,14.34,Morondava,-20.283,44.283,0.0
2017-06-10,31.3,23.4,26.7,0.1,13.4,32.4,14.44,Morondava,-20.283,44.283,0.0
2017-06-11,32.1,24.7,27.2,0.1,15.0,33.8,15.18,Morondava,-20.283,44.283,0.0
2017-06-12,31.1,21.5,25.7,0.0,13.8,34.2,16.79,Morondava,-20.283,44.283,0.0
2017-06-13,30.1,21.4,25.3,0.0,14.9,34.6,16.38,Morondava,-20.283,44.283,0.0
2017-06-14,28.8,21.0,24.8,0.0,14.8,33.8,15.14,Morondava,-20.283,44.283,0.0
2017-06-15,29.5,21.0,24.8,0.0,15.8,34.9,14.86,Morondava,-20.283,44.283,0.0
2017-06-16,29.6,20.2,24.7,0.0,18.1,38.9,14.45,Morondava,-20.283,44.283,0.0
2017-06-17,30.4,20.1,24.5,0.0,18.6,37.4,16.39,Morondava,-20.283,44.283,0.0
2017-06-18,31.0,20.7,24.3,0.0,19.0,44.6,16.38,Morondava,-20.283,44.283,0.0
2017-06-19,30.2,20.7,24.3,0.0,13.3,31.7,14.48,Morondava,-20.283,44.283,0.0
2017-06-20,28.6,21.1,24.2,0.0,12.5,23.8,9.87,Morondava,-20.283,44.283,0.0
2017-06-21,28.2,20.1,24.0,0.0,10.9,25.2,13.51,Morondava,-20.283,44.283,0.0
2017-06-22,30.3,20.5,24.4,0.0,12.3,29.9,13.76,Morondava,-20.283,44.283,0.0
2017-06-23,28.0,22.0,24.6,0.0,15.3,32.0,11.42,Morondava,-20.283,44.283,0.0
2017-06-24,30.9,21.9,25.4,0.0,14.0,28.8,13.98,Morondava,-20.283,44.283,0.0
2017-06-25,30.8,20.6,24.9,0.0,18.4,41.8,16.05,Morondava,-20.283,44.283,0.0
2017-06-26,30.7,20.7,24.6,0.0,17.6,39.2,16.48,Morondava,-20.283,44.283,0.0
2017-06-27,31.6,20.6,24.9,0.0,15.0,34.9,16.47,Morondava,-20.283,44.283,0.0
2017-06-28,30.5,19.6,23.9,0.0,15.9,35.3,16.63,Morondava,-20.283,44.283,0.0
2017-06-29,28.0,18.5,22.9,0.0,14.8,34.2,16.51,Morondava,-20.283,44.283,0.0
2017-06-30,29.8,18.1,23.0,0.0,18.0,40.7,16.79,Morondava,-20.283,44.283,0.0
2017-07-01,28.4,17.6,22.5,0.0,15.4,35.3,16.94,Morondava,-20.283,44.283,0.0
2017-07-02,28.0,17.7,22.7,0.0,13.8,32.8,16.7,Morondava,-20.283,44.283,0.0
2017-07-03,30.0,18.0,23.1,0.0,16.0,36.0,15.83,Morondava,-20.283,44.283,0.0
2017-07-04,29.2,20.4,24.0,0.0,13.8,30.2,11.5,Morondava,-20.283,44.283,0.0
2017-07-05,30.6,20.4,24.7,0.0,17.1,36.0,16.06,Morondava,-20.283,44.283,0.0
2017-07-06,31.0,21.8,25.4,0.0,15.1,32.8,13.54,Morondava,-20.283,44.283,0.0
2017-07-07,31.6,20.8,25.3,0.0,19.5,37.8,16.82,Morondava,-20.283,44.283,0.0
2017-07-08,29.7,19.3,23.3,0.0,18.3,38.9,17.31,Morondava,-20.283,44.283,0.0
2017-07-09,28.8,18.1,22.8,0.0,17.1,38.5,17.16,Morondava,-20.283,44.283,0.0
2017-07-10,26.3,18.4,22.4,0.0,14.1,34.6,15.46,Morondava,-20.283,44.283,0.0
2017-07-11,27.1,17.2,21.9,0.0,18.7,41.8,17.15,Morondava,-20.283,44.283,0.0
2017-07-12,29.2,17.9,23.1,0.0,18.6,44.3,17.51,Morondava,-20.283,44.283,0.0
2017-07-13,28.3,18.4,22.8,0.0,17.4,40.3,17.57,Morondava,-20.283,44.283,0.0
2017-07-14,28.7,16.9,22.2,0.0,17.7,39.2,17.57,Morondava,-20.283,44.283,0.0
2017-07-15,28.4,17.9,22.8,0.0,15.5,36.4,17.77,Morondava,-20.283,44.283,0.0
2017-07-16,28.8,18.0,22.8,0.0,13.4,32.4,17.73,Morondava,-20.283,44.283,0.0
2017-07-17,29.5,17.2,23.1,0.0,20.3,44.6,17.77,Morondava,-20.283,44.283,0.0
2017-07-18,31.2,18.9,24.0,0.0,19.8,45.0,17.94,Morondava,-20.283,44.283,0.0
2017-07-19,27.2,18.3,22.5,0.0,11.9,30.6,12.44,Morondava,-20.283,44.283,0.0
2017-07-20,27.8,18.1,22.8,0.0,12.9,30.6,15.53,Morondava,-20.283,44.283,0.0
2017-07-21,30.0,20.2,24.2,0.0,16.8,39.6,17.5,Morondava,-20.283,44.283,0.0
2017-07-22,30.4,20.0,24.2,0.0,14.9,33.8,18.04,Morondava,-20.283,44.283,0.0
2017-07-23,28.1,18.9,23.5,0.0,15.0,27.7,11.33,Morondava,-20.283,44.283,0.0
2017-07-24,30.3,20.4,24.3,0.0,20.5,44.6,13.94,Morondava,-20.283,44.283,0.0
2017-07-25,27.0,18.3,22.4,0.0,21.5,46.1,17.69,Morondava,-20.283,44.283,0.0
2017-07-26,28.0,17.2,22.4,0.0,14.8,35.3,16.71,Morondava,-20.283,44.283,0.0
2017-07-27,29.5,19.5,24.1,0.0,16.9,38.5,17.06,Morondava,-20.283,44.283,0.0
2017-07-28,32.2,21.0,25.3,0.0,17.9,37.1,16.62,Morondava,-20.283,44.283,0.0
2017-07-29,30.6,23.7,26.3,0.0,15.3,31.7,10.99,Morondava,-20.283,44.283,0.0
2017-07-30,29.3,20.9,24.6,0.0,14.7,36.4,17.75,Morondava,-20.283,44.283,0.0
2017-07-31,31.1,21.1,25.4,0.0,20.9,44.6,17.03,Morondava,-20.283,44.283,0.0
2017-08-01,32.0,21.6,25.7,0.0,18.8,41.0,18.69,Morondava,-20.283,44.283,0.0
2017-08-02,29.4,19.7,23.7,0.0,17.3,39.6,18.87,Morondava,-20.283,44.283,0.0
2017-08-03,27.1,19.2,22.8,0.4,16.6,39.2,16.49,Morondava,-20.283,44.283,0.0
2017-08-04,28.4,18.1,22.6,0.0,18.5,41.0,19.34,Morondava,-20.283,44.283,0.0
2017-08-05,27.6,17.1,22.4,0.0,18.6,38.5,19.31,Morondava,-20.283,44.283,0.0
2017-08-06,27.7,17.8,22.5,0.0,19.8,44.3,19.3,Morondava,-20.283,44.283,0.0
2017-08-07,29.2,17.6,23.1,0.0,21.7,49.3,19.29,Morondava,-20.283,44.283,0.0
2017-08-08,30.9,21.0,24.9,0.0,19.5,43.2,16.98,Morondava,-20.283,44.283,0.0
2017-08-09,31.0,20.5,25.5,0.0,20.6,40.7,16.32,Morondava,-20.283,44.283,0.0
2017-08-10,30.6,22.1,25.8,0.0,19.9,42.1,12.79,Morondava,-20.283,44.283,0.0
2017-08-11,31.0,21.6,25.3,0.0,18.3,41.4,19.31,Morondava,-20.283,44.283,0.0
2017-08-12,30.8,20.5,24.8,0.0,20.5,44.6,19.7,Morondava,-20.283,44.283,0.0
2017-08-13,29.6,20.4,24.2,0.0,18.6,43.9,19.38,Morondava,-20.283,44.283,0.0
2017-08-14,28.7,19.2,23.8,0.0,14.6,37.1,19.49,Morondava,-20.283,44.283,0.0
2017-08-15,27.7,19.1,23.3,0.0,14.8,34.9,18.67,Morondava,-20.283,44.283,0.0
2017-08-16,28.6,19.3,23.6,0.0,16.2,37.1,18.33,Morondava,-20.283,44.283,0.0
2017-08-17,29.2,19.2,24.2,0.0,13.9,34.9,18.73,Morondava,-20.283,44.283,0.0
2017-08-18,29.9,21.9,25.1,0.0,18.7,43.2,17.04,Morondava,-20.283,44.283,0.0
2017-08-19,29.0,23.0,25.0,0.6,22.6,49.7,11.7,Morondava,-20.283,44.283,0.0
2017-08-20,30.0,21.3,24.6,0.0,28.1,58.7,19.44,Morondava,-20.283,44.283,0.0
2017-08-21,28.6,19.7,23.5,0.0,22.4,49.7,20.74,Morondava,-20.283,44.283,0.0
2017-08-22,28.5,18.6,23.4,0.0,17.6,41.8,20.66,Morondava,-20.283,44.283,0.0
2017-08-23,27.5,20.5,23.6,0.0,13.8,36.0,19.99,Morondava,-20.283,44.283,0.0
2017-08-24,28.2,18.7,23.2,0.0,17.7,41.4,21.11,Morondava,-20.283,44.283,0.0
2017-08-25,29.0,18.2,23.4,0.0,18.1,39.6,21.46,Morondava,-20.283,44.283,0.0
2017-08-26,29.8,18.7,23.9,0.0,19.5,42.5,21.46,Morondava,-20.283,44.283,0.0
2017-08-27,29.8,20.2,24.6,0.0,21.3,46.4,20.69,Morondava,-20.283,44.283,0.0
2017-08-28,28.8,18.9,23.5,0.0,19.7,43.2,21.31,Morondava,-20.283,44.283,0.0
2017-08-29,27.4,18.4,23.1,0.2,14.7,37.1,19.07,Morondava,-20.283,44.283,0.0
2017-08-30,27.9,18.2,23.2,0.0,19.1,42.1,20.82,Morondava,-20.283,44.283,0.0
2017-08-31,30.2,18.5,24.0,0.0,20.8,46.4,22.18,Morondava,-20.283,44.283,0.0
2017-09-01,28.4,18.4,23.2,0.0,15.5,37.4,22.42,Morondava,-20.283,44.283,0.0
2017-09-02,28.2,18.5,23.1,0.0,18.2,40.7,22.02,Morondava,-20.283,44.283,0.0
2017-09-03,27.5,19.2,23.0,0.0,20.9,49.0,21.72,Morondava,-20.283,44.283,0.0
2017-09-04,30.1,19.2,23.9,0.0,22.1,49.7,22.8,Morondava,-20.283,44.283,0.0
2017-09-05,32.8,20.9,25.6,0.0,19.8,43.6,22.92,Morondava,-20.283,44.283,0.0
2017-09-06,29.5,18.6,23.6,0.0,17.9,42.5,23.36,Morondava,-20.283,44.283,0.0
2017-09-07,28.2,17.4,22.8,0.0,17.7,41.0,22.89,Morondava,-20.283,44.283,0.0
2017-09-08,28.3,18.1,23.3,0.0,19.0,43.2,23.1,Morondava,-20.283,44.283,0.0
2017-09-09,27.8,19.2,23.5,0.0,19.3,45.4,21.93,Morondava,-20.283,44.283,0.0
2017-09-10,28.3,19.2,23.6,0.0,20.1,45.7,22.59,Morondava,-20.283,44.283,0.0
2017-09-11,29.7,19.4,24.3,0.0,19.9,46.1,23.4,Morondava,-20.283,44.283,0.0
2017-09-12,31.4,18.7,24.6,0.0,19.1,44.6,23.9,Morondava,-20.283,44.283,0.0
2017-09-13,29.0,18.1,23.8,0.0,20.4,47.9,23.96,Morondava,-20.283,44.283,0.0
2017-09-14,28.6,21.4,24.4,0.0,18.7,44.6,23.35,Morondava,-20.283,44.283,0.0
2017-09-15,28.6,19.9,24.2,0.0,21.4,48.2,24.34,Morondava,-20.283,44.283,0.0
2017-09-16,30.3,19.2,24.5,0.0,17.0,40.3,23.72,Morondava,-20.283,44.283,0.0
2017-09-17,29.1,20.2,24.7,0.0,16.6,40.0,23.34,Morondava,-20.283,44.283,0.0
2017-09-18,28.8,21.9,24.7,0.0,16.6,40.7,23.03,Morondava,-20.283,44.283,0.0
2017-09-19,29.9,21.1,25.0,0.0,15.9,39.2,23.84,Morondava,-20.283,44.283,0.0
2017-09-20,28.6,21.6,24.9,0.0,18.7,41.4,22.58,Morondava,-20.283,44.283,0.0
2017-09-21,29.8,19.7,24.6,0.0,20.6,45.0,23.99,Morondava,-20.283,44.283,0.0
2017-09-22,28.4,20.0,24.3,0.0,17.1,41.8,23.53,Morondava,-20.283,44.283,0.0
2017-09-23,28.9,21.3,24.7,0.0,17.7,42.1,23.34,Morondava,-20.283,44.283,0.0
2017-09-24,28.8,20.2,24.4,0.0,20.5,45.4,23.3,Morondava,-20.283,44.283,0.0
2017-09-25,28.9,21.7,25.0,0.0,16.2,38.5,24.16,Morondava,-20.283,44.283,0.0
2017-09-26,30.2,22.1,25.7,0.2,17.1,41.8,20.56,Morondava,-20.283,44.283,0.0
2017-09-27,30.2,23.6,26.2,0.3,16.1,31.0,6.64,Morondava,-20.283,44.283,0.0
2017-09-28,35.2,24.7,28.8,0.1,23.0,49.0,18.74,Morondava,-20.283,44.283,0.0
2017-09-29,33.9,24.9,28.6,0.0,23.2,52.9,23.8,Morondava,-20.283,44.283,0.0
2017-09-30,31.0,23.6,26.4,0.0,18.9,47.9,22.32,Morondava,-20.283,44.283,0.0
2017-10-01,29.6,23.3,26.1,0.0,17.8,42.8,22.12,Morondava,-20.283,44.283,0.0
2017-10-02,30.2,23.2,26.1,0.0,18.8,42.8,23.37,Morondava,-20.283,44.283,0.0
2017-10-03,30.4,22.9,26.5,0.0,17.4,42.5,21.82,Morondava,-20.283,44.283,0.0
2017-10-04,32.2,23.7,27.5,0.0,19.1,43.9,22.68,Morondava,-20.283,44.283,0.0
2017-10-05,32.0,24.3,27.2,2.3,18.0,43.2,22.32,Morondava,-20.283,44.283,0.0
2017-10-06,33.1,24.0,27.3,0.6,17.7,41.4,22.3,Morondava,-20.283,44.283,0.0
2017-10-07,30.2,22.7,26.0,0.8,18.3,44.6,21.34,Morondava,-20.283,44.283,0.0
2017-10-08,29.0,23.2,25.7,0.0,16.5,40.0,22.04,Morondava,-20.283,44.283,0.0
2017-10-09,30.0,22.5,26.1,0.3,16.6,37.1,21.76,Morondava,-20.283,44.283,0.0
2017-10-10,30.1,24.0,26.7,0.0,15.0,38.5,25.37,Morondava,-20.283,44.283,0.0
2017-10-11,31.1,22.7,26.7,0.0,19.4,44.6,25.63,Morondava,-20.283,44.283,0.0
2017-10-12,30.2,24.0,26.7,0.0,22.4,48.6,23.31,Morondava,-20.283,44.283,0.0
2017-10-13,31.8,21.0,25.5,0.0,31.3,65.5,27.04,Morondava,-20.283,44.283,0.0
2017-10-14,31.3,21.2,25.2,0.0,29.2,62.6,26.94,Morondava,-20.283,44.283,0.0
2017-10-15,30.3,20.0,24.8,0.0,21.7,47.9,27.08,Morondava,-20.283,44.283,0.0
2017-10-16,32.3,20.2,26.2,0.0,18.8,42.1,26.92,Morondava,-20.283,44.283,0.0
2017-10-17,31.3,22.5,26.8,0.0,16.0,40.0,26.38,Morondava,-20.283,44.283,0.0
2017-10-18,31.8,24.3,27.4,0.0,20.5,45.7,24.83,Morondava,-20.283,44.283,0.0
2017-10-19,31.5,23.8,27.2,0.0,20.1,45.0,25.59,Morondava,-20.283,44.283,0.0
2017-10-20,33.4,22.9,27.7,0.0,21.0,46.4,25.5,Morondava,-20.283,44.283,0.0
2017-10-21,33.1,24.4,28.1,0.0,23.9,51.5,25.63,Morondava,-20.283,44.283,0.0
2017-10-22,34.4,23.1,27.8,0.0,23.7,53.3,27.85,Morondava,-20.283,44.283,0.0
2017-10-23,31.6,23.5,27.2,0.0,21.7,49.3,27.17,Morondava,-20.283,44.283,0.0
2017-10-24,31.6,24.0,27.4,0.0,19.0,45.4,26.54,Morondava,-20.283,44.283,0.0
2017-10-25,31.1,25.2,27.7,0.0,17.9,44.6,25.95,Morondava,-20.283,44.283,0.0
2017-10-26,30.8,25.2,27.5,0.0,21.1,50.4,25.46,Morondava,-20.283,44.283,0.0
2017-10-27,31.4,24.2,27.5,0.0,20.4,48.6,25.2,Morondava,-20.283,44.283,0.0
2017-10-28,33.4,25.1,29.0,0.0,21.3,49.7,25.5,Morondava,-20.283,44.283,0.0
2017-10-29,33.1,25.9,29.0,0.0,20.3,46.4,25.72,Morondava,-20.283,44.283,0.0
2017-10-30,34.1,25.1,28.5,0.1,18.8,42.8,24.43,Morondava,-20.283,44.283,0.0
2017-10-31,32.4,24.3,27.6,0.1,20.9,45.7,24.21,Morondava,-20.283,44.283,0.0
2017-11-01,31.9,23.0,27.1,0.0,20.7,47.5,25.78,Morondava,-20.283,44.283,0.0
2017-11-02,32.3,22.3,27.2,0.0,19.8,46.1,25.92,Morondava,-20.283,44.283,0.0
2017-11-03,32.2,22.2,27.2,0.0,19.6,41.4,25.28,Morondava,-20.283,44.283,0.0
2017-11-04,32.8,23.2,27.7,0.0,18.3,43.6,25.06,Morondava,-20.283,44.283,0.0
2017-11-05,30.4,23.4,26.9,0.0,16.3,40.7,24.47,Morondava,-20.283,44.283,0.0
2017-11-06,30.0,24.0,26.7,0.0,16.5,41.4,23.89,Morondava,-20.283,44.283,0.0
2017-11-07,30.6,23.1,26.4,0.0,18.1,42.5,27.08,Morondava,-20.283,44.283,0.0
2017-11-08,30.4,22.1,26.4,0.0,17.1,42.1,28.25,Morondava,-20.283,44.283,0.0
2017-11-09,31.0,24.1,27.2,0.0,17.7,42.8,26.53,Morondava,-20.283,44.283,0.0
2017-11-10,31.4,23.9,27.5,0.0,22.6,47.9,27.8,Morondava,-20.283,44.283,0.0
2017-11-11,31.9,23.6,27.5,0.0,24.6,52.9,22.82,Morondava,-20.283,44.283,0.0
2017-11-12,31.0,22.7,26.9,0.0,20.5,46.1,27.35,Morondava,-20.283,44.283,0.0
2017-11-13,30.0,22.9,26.5,0.0,18.4,43.6,21.65,Morondava,-20.283,44.283,0.0
2017-11-14,30.8,23.4,26.9,0.0,16.2,38.5,14.62,Morondava,-20.283,44.283,0.0
2017-11-15,33.8,24.2,28.3,0.0,20.1,44.3,26.79,Morondava,-20.283,44.283,0.0
2017-11-16,31.5,24.6,28.2,0.0,17.7,42.5,26.44,Morondava,-20.283,44.283,0.0
2017-11-17,31.2,25.4,27.8,1.4,22.7,50.0,24.58,Morondava,-20.283,44.283,0.0
2017-11-18,32.1,23.4,27.7,0.3,22.2,49.7,24.94,Morondava,-20.283,44.283,0.0
2017-11-19,33.7,25.3,28.8,4.0,14.1,43.9,25.85,Morondava,-20.283,44.283,0.0
2017-11-20,31.8,24.5,28.0,4.7,14.8,41.0,26.52,Morondava,-20.283,44.283,0.0
2017-11-21,31.0,22.9,26.3,16.6,14.5,42.5,26.21,Morondava,-20.283,44.283,0.0
2017-11-22,30.4,22.7,26.4,0.6,17.3,40.7,25.75,Morondava,-20.283,44.283,0.0
2017-11-23,30.4,22.9,26.8,0.5,16.4,40.3,26.49,Morondava,-20.283,44.283,0.0
2017-11-24,30.2,23.8,27.1,0.6,14.3,40.3,24.19,Morondava,-20.283,44.283,0.0
2017-11-25,29.0,23.1,26.3,2.1,15.5,45.0,22.55,Morondava,-20.283,44.283,0.0
2017-11-26,30.0,23.7,26.7,0.3,16.3,38.9,28.27,Morondava,-20.283,44.283,0.0
2017-11-27,30.5,22.4,25.5,0.0,23.6,49.0,19.68,Morondava,-20.283,44.283,0.0
2017-11-28,31.0,23.0,27.0,0.3,18.8,42.8,25.34,Morondava,-20.283,44.283,0.0
2017-11-29,31.3,24.8,28.0,1.2,14.9,38.5,26.31,Morondava,-20.283,44.283,0.0
2017-11-30,30.5,24.5,27.4,0.9,16.2,39.2,26.65,Morondava,-20.283,44.283,0.0
2017-12-01,30.3,23.4,26.9,1.2,15.7,38.5,26.13,Morondava,-20.283,44.283,0.0
2017-12-02,30.9,23.5,27.2,0.2,16.9,40.7,27.72,Morondava,-20.283,44.283,0.0
2017-12-03,31.7,24.4,28.0,0.8,15.6,42.5,25.15,Morondava,-20.283,44.283,0.0
2017-12-04,33.3,25.3,28.8,0.1,15.0,38.2,24.7,Morondava,-20.283,44.283,0.0
2017-12-05,32.1,25.5,28.9,0.0,13.8,36.0,25.97,Morondava,-20.283,44.283,0.0
2017-12-06,31.6,25.8,28.4,2.5,16.1,39.6,24.85,Morondava,-20.283,44.283,0.0
2017-12-07,31.8,24.5,28.1,3.6,17.3,41.4,25.26,Morondava,-20.283,44.283,0.0
2017-12-08,31.2,24.6,27.6,1.8,13.9,37.8,25.21,Morondava,-20.283,44.283,0.0
2017-12-09,29.1,24.3,26.6,6.5,18.6,44.6,21.93,Morondava,-20.283,44.283,0.0
2017-12-10,28.5,23.9,26.2,4.0,20.8,50.8,21.93,Morondava,-20.283,44.283,0.0
2017-12-11,30.3,22.3,26.5,0.0,18.4,42.8,30.42,Morondava,-20.283,44.283,0.0
2017-12-12,30.9,22.4,27.0,0.0,18.7,42.5,29.33,Morondava,-20.283,44.283,0.0
2017-12-13,33.0,24.3,28.4,0.4,17.7,40.7,26.09,Morondava,-20.283,44.283,0.0
2017-12-14,33.1,25.0,29.0,0.3,16.9,42.1,27.51,Morondava,-20.283,44.283,0.0
2017-12-15,33.2,26.1,29.3,8.8,22.4,48.6,22.47,Morondava,-20.283,44.283,0.0
2017-12-16,36.5,25.8,30.5,2.1,17.1,38.2,26.04,Morondava,-20.283,44.283,0.0
2017-12-17,35.4,25.6,29.4,1.8,15.9,40.0,24.62,Morondava,-20.283,44.283,0.0
2017-12-18,32.2,25.5,28.8,0.2,15.1,36.4,24.8,Morondava,-20.283,44.283,0.0
2017-12-19,30.3,26.4,28.0,1.3,13.4,33.5,21.0,Morondava,-20.283,44.283,0.0
2017-12-20,32.6,25.1,28.7,1.8,18.2,43.2,27.56,Morondava,-20.283,44.283,0.0
2017-12-21,32.4,24.7,28.6,1.4,19.6,47.5,27.42,Morondava,-20.283,44.283,0.0
2017-12-22,31.9,25.8,28.6,0.0,17.6,42.5,27.32,Morondava,-20.283,44.283,0.0
2017-12-23,31.0,25.0,28.2,1.1,17.4,41.4,25.39,Morondava,-20.283,44.283,0.0
2017-12-24,30.8,24.9,27.8,2.6,18.3,45.0,24.82,Morondava,-20.283,44.283,0.0
2017-12-25,30.9,25.3,28.2,1.8,16.6,40.7,25.96,Morondava,-20.283,44.283,0.0
2017-12-26,31.6,23.5,27.4,3.3,18.0,42.8,24.56,Morondava,-20.283,44.283,0.0
2017-12-27,32.9,24.9,28.2,4.2,13.8,43.2,24.41,Morondava,-20.283,44.283,0.0
2017-12-28,29.9,24.0,26.6,13.4,15.0,39.6,21.95,Morondava,-20.283,44.283,0.0
2017-12-29,29.9,23.7,26.5,2.9,13.1,31.0,20.42,Morondava,-20.283,44.283,0.0
2017-12-30,30.3,23.6,27.0,6.0,13.0,33.5,24.99,Morondava,-20.283,44.283,0.0
2017-12-31,31.0,23.9,27.2,5.8,16.6,38.2,27.6,Morondava,-20.283,44.283,0.0
2018-01-01,31.0,24.1,27.3,2.0,15.7,35.6,27.72,Morondava,-20.283,44.283,0.0
2018-01-02,30.6,25.1,27.5,4.1,15.0,34.9,24.61,Morondava,-20.283,44.283,0.0
2018-01-03,31.7,24.1,27.9,3.7,16.3,35.6,23.86,Morondava,-20.283,44.283,0.0
2018-01-04,36.2,26.1,30.4,0.0,16.1,40.7,27.68,Morondava,-20.283,44.283,0.0
2018-01-05,36.1,26.2,30.2,0.5,17.8,43.2,24.46,Morondava,-20.283,44.283,0.0
2018-01-06,32.6,26.6,28.4,3.5,22.3,49.3,11.79,Morondava,-20.283,44.283,0.0
2018-01-07,30.5,26.0,28.0,11.1,30.2,64.4,21.87,Morondava,-20.283,44.283,0.0
2018-01-08,29.8,25.6,27.2,4.4,23.4,50.0,21.18,Morondava,-20.283,44.283,0.0
2018-01-09,29.3,24.1,26.8,1.6,16.8,38.2,24.66,Morondava,-20.283,44.283,0.0
2018-01-10,29.9,23.8,27.2,1.7,13.0,34.2,24.69,Morondava,-20.283,44.283,0.0
2018-01-11,31.5,24.5,27.0,8.1,11.9,30.6,20.98,Morondava,-20.283,44.283,0.0
2018-01-12,31.5,23.5,26.9,1.8,13.4,31.7,22.96,Morondava,-20.283,44.283,0.0
2018-01-13,30.2,25.7,27.2,0.0,15.5,33.5,14.74,Morondava,-20.283,44.283,0.0
2018-01-14,30.9,24.0,27.3,8.3,14.4,35.3,25.39,Morondava,-20.283,44.283,0.0
2018-01-15,31.9,23.6,27.7,0.1,13.0,31.3,27.66,Morondava,-20.283,44.283,0.0
2018-01-16,31.8,24.6,27.6,0.0,14.2,36.4,27.07,Morondava,-20.283,44.283,0.0
2018-01-17,31.8,23.7,27.5,1.4,18.1,40.7,27.3,Morondava,-20.283,44.283,0.0
2018-01-18,30.4,23.4,26.6,3.3,14.1,40.3,26.79,Morondava,-20.283,44.283,0.0
2018-01-19,30.4,24.1,27.3,1.9,15.9,37.4,28.71,Morondava,-20.283,44.283,0.0
2018-01-20,29.2,24.6,27.1,2.8,16.0,37.4,19.62,Morondava,-20.283,44.283,0.0
2018-01-21,30.1,24.4,27.0,1.5,16.6,38.5,17.59,Morondava,-20.283,44.283,0.0
2018-01-22,30.0,25.1,27.7,0.3,13.4,31.7,22.11,Morondava,-20.283,44.283,0.0
2018-01-23,28.7,24.7,26.8,2.4,14.8,35.3,20.91,Morondava,-20.283,44.283,0.0
2018-01-24,29.9,24.1,27.1,0.5,14.7,35.6,22.87,Morondava,-20.283,44.283,0.0
2018-01-25,29.8,24.6,27.2,1.3,12.6,32.8,24.19,Morondava,-20.283,44.283,0.0
2018-01-26,30.5,24.5,27.2,4.1,10.0,28.1,21.81,Morondava,-20.283,44.283,0.0
2018-01-27,30.7,24.7,27.1,7.2,13.0,37.8,24.16,Morondava,-20.283,44.283,0.0
2018-01-28,30.3,23.7,26.5,5.6,15.9,37.8,24.96,Morondava,-20.283,44.283,0.0
2018-01-29,30.4,23.7,26.9,0.6,16.9,39.6,27.21,Morondava,-20.283,44.283,0.0
2018-01-30,30.4,24.3,27.4,0.2,18.4,42.5,27.13,Morondava,-20.283,44.283,0.0
2018-01-31,30.4,24.1,27.6,0.1,14.3,36.0,27.3,Morondava,-20.283,44.283,0.0
2018-02-01,31.7,24.8,28.3,0.0,15.6,37.4,28.11,Morondava,-20.283,44.283,0.0
2018-02-02,32.0,25.1,28.4,1.6,14.1,34.6,25.05,Morondava,-20.283,44.283,0.0
2018-02-03,31.7,25.2,28.5,0.6,15.7,37.4,24.89,Morondava,-20.283,44.283,0.0
2018-02-04,31.7,24.9,28.3,0.6,16.0,36.4,23.27,Morondava,-20.283,44.283,0.0
2018-02-05,31.9,24.8,27.9,5.2,12.0,36.0,25.32,Morondava,-20.283,44.283,0.0
2018-02-06,31.2,24.0,27.5,2.8,17.8,43.2,26.8,Morondava,-20.283,44.283,0.0
2018-02-07,30.5,23.9,27.0,1.2,13.8,33.5,25.34,Morondava,-20.283,44.283,0.0
2018-02-08,30.3,23.4,27.0,2.7,12.9,33.5,23.95,Morondava,-20.283,44.283,0.0
2018-02-09,28.1,23.4,25.8,10.0,13.6,36.4,13.19,Morondava,-20.283,44.283,0.0
2018-02-10,27.7,23.2,25.2,8.6,11.7,28.1,10.12,Morondava,-20.283,44.283,0.0
2018-02-11,26.5,23.1,24.6,39.7,17.6,44.6,8.04,Morondava,-20.283,44.283,0.0
2018-02-12,28.6,23.5,25.5,3.0,13.7,32.0,11.62,Morondava,-20.283,44.283,0.0
2018-02-13,28.6,21.5,25.4,0.4,13.7,34.9,20.91,Morondava,-20.283,44.283,0.0
2018-02-14,30.1,21.5,26.0,0.0,16.1,37.4,28.12,Morondava,-20.283,44.283,0.0
2018-02-15,29.6,22.7,26.4,0.1,13.8,34.2,28.07,Morondava,-20.283,44.283,0.0
2018-02-16,30.5,22.6,26.5,0.0,16.2,36.7,27.57,Morondava,-20.283,44.283,0.0
2018-02-17,31.2,23.3,27.3,0.0,15.7,37.8,27.58,Morondava,-20.283,44.283,0.0
2018-02-18,31.2,24.4,27.5,0.6,14.4,35.6,25.59,Morondava,-20.283,44.283,0.0
2018-02-19,30.6,23.8,27.0,2.3,13.7,35.3,22.62,Morondava,-20.283,44.283,0.0
2018-02-20,32.5,23.4,27.7,1.6,14.5,39.2,26.68,Morondava,-20.283,44.283,0.0
2018-02-21,30.9,24.4,27.3,0.6,14.4,34.6,22.82,Morondava,-20.283,44.283,0.0
2018-02-22,29.6,24.6,27.3,0.7,11.9,29.2,20.47,Morondava,-20.283,44.283,0.0
2018-02-23,30.9,24.4,27.4,1.1,13.4,36.7,22.61,Morondava,-20.283,44.283,0.0
2018-02-24,30.2,25.0,27.5,0.3,11.7,28.8,21.87,Morondava,-20.283,44.283,0.0
2018-02-25,31.1,24.5,27.8,0.9,12.0,32.0,23.69,Morondava,-20.283,44.283,0.0
2018-02-26,31.3,24.9,27.8,1.8,10.2,26.6,21.58,Morondava,-20.283,44.283,0.0
2018-02-27,30.6,25.2,27.7,2.9,11.6,29.5,17.19,Morondava,-20.283,44.283,0.0
2018-02-28,31.1,24.7,27.8,0.5,12.2,32.4,22.44,Morondava,-20.283,44.283,0.0
2018-03-01,30.9,25.0,27.4,8.6,12.4,31.7,22.3,Morondava,-20.283,44.283,0.0
2018-03-02,30.7,23.7,27.1,0.3,10.1,30.6,21.34,Morondava,-20.283,44.283,0.0
2018-03-03,33.2,25.0,28.5,4.4,15.2,34.2,24.98,Morondava,-20.283,44.283,0.0
2018-03-04,33.5,25.3,28.9,0.5,13.4,30.6,22.97,Morondava,-20.283,44.283,0.0
2018-03-05,31.6,24.8,27.7,12.7,16.3,32.4,22.21,Morondava,-20.283,44.283,0.0
2018-03-06,30.7,23.7,27.0,2.0,10.7,33.1,19.89,Morondava,-20.283,44.283,0.0
2018-03-07,30.2,24.9,27.7,2.6,12.8,32.0,21.58,Morondava,-20.283,44.283,0.0
2018-03-08,30.7,24.9,27.7,0.3,13.2,32.8,24.0,Morondava,-20.283,44.283,0.0
2018-03-09,30.6,25.7,27.8,1.4,14.8,36.0,22.93,Morondava,-20.283,44.283,0.0
2018-03-10,31.3,23.8,27.7,0.5,13.8,35.3,24.46,Morondava,-20.283,44.283,0.0
2018-03-11,32.2,24.7,28.3,0.2,14.1,32.0,24.46,Morondava,-20.283,44.283,0.0
2018-03-12,32.9,25.2,28.7,0.9,13.7,35.6,23.98,Morondava,-20.283,44.283,0.0
2018-03-13,33.2,25.3,28.9,0.0,12.7,33.1,23.56,Morondava,-20.283,44.283,0.0
2018-03-14,33.1,25.5,29.0,0.2,13.0,31.3,22.21,Morondava,-20.283,44.283,0.0
2018-03-15,34.5,25.4,29.1,0.0,15.7,37.1,25.86,Morondava,-20.283,44.283,0.0
2018-03-16,37.3,26.5,30.7,0.0,16.0,39.6,24.49,Morondava,-20.283,44.283,0.0
2018-03-17,37.7,26.6,30.7,0.4,16.1,38.9,22.82,Morondava,-20.283,44.283,0.0
2018-03-18,36.5,26.2,30.0,0.0,23.4,49.7,22.59,Morondava,-20.283,44.283,0.0
2018-03-19,32.5,24.8,28.4,1.1,15.7,37.8,23.39,Morondava,-20.283,44.283,0.0
2018-03-20,30.4,24.9,27.8,1.2,16.3,39.2,21.39,Morondava,-20.283,44.283,0.0
2018-03-21,31.3,24.7,27.8,0.8,16.3,40.3,22.42,Morondava,-20.283,44.283,0.0
2018-03-22,32.0,24.4,28.0,0.0,14.4,36.0,22.45,Morondava,-20.283,44.283,0.0
2018-03-23,32.2,24.7,28.3,0.0,14.8,36.7,23.22,Morondava,-20.283,44.283,0.0
2018-03-24,32.0,25.4,28.6,0.5,13.3,34.6,21.73,Morondava,-20.283,44.283,0.0
2018-03-25,31.9,26.1,28.8,0.1,16.2,38.9,20.82,Morondava,-20.283,44.283,0.0
2018-03-26,33.2,25.9,29.3,0.0,14.8,38.5,21.29,Morondava,-20.283,44.283,0.0
2018-03-27,34.2,25.8,29.2,0.0,19.2,43.6,21.08,Morondava,-20.283,44.283,0.0
2018-03-28,32.7,24.3,28.5,0.0,17.8,42.5,21.68,Morondava,-20.283,44.283,0.0
2018-03-29,32.6,25.1,28.3,1.1,16.5,40.3,20.46,Morondava,-20.283,44.283,0.0
2018-03-30,31.2,23.3,26.8,5.1,13.8,38.2,21.87,Morondava,-20.283,44.283,0.0
2018-03-31,30.5,22.1,26.5,1.2,11.7,31.7,21.01,Morondava,-20.283,44.283,0.0
2018-04-01,31.3,23.8,27.4,0.0,13.0,36.0,20.61,Morondava,-20.283,44.283,0.0
2018-04-02,30.7,24.9,27.9,0.1,9.7,26.6,19.9,Morondava,-20.283,44.283,0.0
2018-04-03,31.9,24.3,28.1,0.9,11.2,32.8,20.78,Morondava,-20.283,44.283,0.0
2018-04-04,31.8,24.9,28.1,2.3,15.7,37.1,21.1,Morondava,-20.283,44.283,0.0
2018-04-05,32.7,24.6,28.3,0.0,13.2,34.6,21.14,Morondava,-20.283,44.283,0.0
2018-04-06,31.6,24.4,27.7,6.4,13.4,32.8,20.04,Morondava,-20.283,44.283,0.0
2018-04-07,31.5,24.2,27.2,2.6,9.3,22.3,13.26,Morondava,-20.283,44.283,0.0
2018-04-08,31.2,24.2,27.3,4.2,13.3,30.2,12.21,Morondava,-20.283,44.283,0.0
2018-04-09,32.8,24.6,27.9,0.0,16.9,39.2,22.06,Morondava,-20.283,44.283,0.0
2018-04-10,30.8,24.5,27.3,0.0,14.6,33.5,19.54,Morondava,-20.283,44.283,0.0
2018-04-11,31.0,23.9,27.3,1.3,14.9,37.1,20.0,Morondava,-20.283,44.283,0.0
2018-04-12,31.3,23.1,26.9,0.0,13.8,30.6,15.84,Morondava,-20.283,44.283,0.0
2018-04-13,34.3,23.6,28.5,0.0,16.3,37.1,19.58,Morondava,-20.283,44.283,0.0
2018-04-14,33.9,23.9,28.2,0.0,14.9,37.4,20.74,Morondava,-20.283,44.283,0.0
2018-04-15,31.6,24.5,28.0,0.0,12.4,37.8,20.58,Morondava,-20.283,44.283,0.0
2018-04-16,29.9,23.4,26.6,2.2,13.2,35.6,19.09,Morondava,-20.283,44.283,0.0
2018-04-17,32.1,23.9,27.7,1.2,14.1,36.0,20.76,Morondava,-20.283,44.283,0.0
2018-04-18,29.8,23.1,26.2,13.2,12.6,31.7,17.12,Morondava,-20.283,44.283,0.0
2018-04-19,29.4,22.5,26.1,21.9,12.6,31.0,19.44,Morondava,-20.283,44.283,0.0
2018-04-20,30.3,23.2,26.5,0.0,14.4,32.4,20.69,Morondava,-20.283,44.283,0.0
2018-04-21,30.1,23.1,26.3,0.1,15.9,36.4,20.58,Morondava,-20.283,44.283,0.0
2018-04-22,29.7,22.2,25.7,0.0,18.6,40.3,21.1,Morondava,-20.283,44.283,0.0
2018-04-23,29.2,21.4,25.3,0.0,19.7,42.5,21.02,Morondava,-20.283,44.283,0.0
2018-04-24,30.0,21.2,25.5,0.0,14.8,30.6,19.07,Morondava,-20.283,44.283,0.0
2018-04-25,32.7,22.5,26.7,0.0,18.2,39.6,21.0,Morondava,-20.283,44.283,0.0
2018-04-26,32.2,22.3,26.4,0.0,15.6,36.0,20.97,Morondava,-20.283,44.283,0.0
2018-04-27,32.3,21.1,26.1,0.0,14.0,32.0,20.96,Morondava,-20.283,44.283,0.0
2018-04-28,30.5,19.6,24.9,0.0,13.9,33.8,21.15,Morondava,-20.283,44.283,0.0
2018-04-29,31.0,20.1,24.9,0.0,14.4,32.4,20.43,Morondava,-20.283,44.283,0.0
2018-04-30,31.1,20.0,25.3,0.0,14.3,33.1,20.56,Morondava,-20.283,44.283,0.0
2018-05-01,31.5,20.5,25.7,0.0,17.0,37.8,20.3,Morondava,-20.283,44.283,0.0
2018-05-02,32.8,21.7,26.8,0.0,15.5,38.5,19.93,Morondava,-20.283,44.283,0.0
2018-05-03,31.1,22.6,26.7,0.0,15.6,34.6,19.04,Morondava,-20.283,44.283,0.0
2018-05-04,31.1,23.3,26.7,0.0,19.7,41.0,18.57,Morondava,-20.283,44.283,0.0
2018-05-05,29.7,22.6,26.0,0.0,15.3,34.6,14.51,Morondava,-20.283,44.283,0.0
2018-05-06,30.3,22.7,25.8,0.0,19.1,42.5,13.68,Morondava,-20.283,44.283,0.0
2018-05-07,30.3,20.8,24.9,0.0,20.2,44.6,19.28,Morondava,-20.283,44.283,0.0
2018-05-08,29.2,20.3,24.8,0.0,15.7,36.0,18.44,Morondava,-20.283,44.283,0.0
2018-05-09,29.0,22.3,25.5,0.0,15.2,36.4,18.44,Morondava,-20.283,44.283,0.0
2018-05-10,30.8,22.6,26.1,0.0,18.3,41.0,18.17,Morondava,-20.283,44.283,0.0
2018-05-11,31.1,20.6,25.5,0.0,14.9,36.4,18.78,Morondava,-20.283,44.283,0.0
2018-05-12,31.1,20.1,25.4,0.0,14.1,32.8,18.91,Morondava,-20.283,44.283,0.0
2018-05-13,30.1,22.0,25.9,0.0,14.6,36.7,18.26,Morondava,-20.283,44.283,0.0
2018-05-14,29.1,22.8,25.6,0.8,15.5,36.7,17.28,Morondava,-20.283,44.283,0.0
2018-05-15,30.8,19.7,24.9,0.0,19.6,42.8,18.85,Morondava,-20.283,44.283,0.0
2018-05-16,30.1,19.9,24.6,0.0,15.6,36.0,18.7,Morondava,-20.283,44.283,0.0
2018-05-17,31.5,19.5,25.2,0.0,16.3,36.4,18.3,Morondava,-20.283,44.283,0.0
2018-05-18,29.9,20.8,25.2,0.0,15.4,36.0,17.39,Morondava,-20.283,44.283,0.0
2018-05-19,30.5,21.9,25.5,0.0,14.8,37.1,17.33,Morondava,-20.283,44.283,0.0
2018-05-20,31.9,22.6,26.3,0.0,15.6,36.4,17.4,Morondava,-20.283,44.283,0.0
2018-05-21,31.6,21.2,25.6,0.0,15.4,34.9,18.18,Morondava,-20.283,44.283,0.0
2018-05-22,31.5,20.4,25.3,0.0,15.3,34.6,18.03,Morondava,-20.283,44.283,0.0
2018-05-23,32.6,21.4,25.9,0.0,15.3,35.6,17.57,Morondava,-20.283,44.283,0.0
2018-05-24,32.2,21.6,26.0,0.0,16.6,37.8,17.69,Morondava,-20.283,44.283,0.0
2018-05-25,30.0,20.3,25.3,0.0,13.7,32.8,16.83,Morondava,-20.283,44.283,0.0
2018-05-26,29.4,21.4,25.2,0.0,14.2,34.2,15.93,Morondava,-20.283,44.283,0.0
2018-05-27,30.8,19.7,24.9,0.0,17.9,40.7,17.58,Morondava,-20.283,44.283,0.0
2018-05-28,31.5,20.6,25.4,0.0,21.4,45.4,17.68,Morondava,-20.283,44.283,0.0
2018-05-29,30.8,20.5,24.8,0.0,17.4,39.6,17.69,Morondava,-20.283,44.283,0.0
2018-05-30,28.9,17.9,23.6,0.0,14.8,34.2,17.76,Morondava,-20.283,44.283,0.0
2018-05-31,27.5,19.1,23.3,0.0,16.2,36.7,16.69,Morondava,-20.283,44.283,0.0
2018-06-01,27.0,19.6,23.1,0.0,15.3,33.8,15.45,Morondava,-20.283,44.283,0.0
2018-06-02,29.4,19.2,24.0,0.0,15.8,38.9,15.66,Morondava,-20.283,44.283,0.0
2018-06-03,30.8,22.4,25.8,0.0,16.5,37.1,13.76,Morondava,-20.283,44.283,0.0
2018-06-04,29.6,21.5,24.8,0.0,14.2,33.1,14.2,Morondava,-20.283,44.283,0.0
2018-06-05,25.8,19.7,22.3,0.7,25.3,53.3,14.74,Morondava,-20.283,44.283,0.0
2018-06-06,23.7,17.5,20.8,0.2,15.8,37.8,15.54,Morondava,-20.283,44.283,0.0
2018-06-07,24.7,17.4,21.5,0.5,12.5,32.0,14.42,Morondava,-20.283,44.283,0.0
2018-06-08,27.2,18.6,22.7,0.2,17.8,39.6,14.96,Morondava,-20.283,44.283,0.0
2018-06-09,30.3,18.4,23.4,0.0,16.8,37.1,17.12,Morondava,-20.283,44.283,0.0
2018-06-10,30.2,18.9,24.0,0.0,16.2,36.7,16.89,Morondava,-20.283,44.283,0.0
2018-06-11,29.9,20.3,24.6,0.0,17.4,41.8,16.56,Morondava,-20.283,44.283,0.0
2018-06-12,32.4,19.6,25.2,0.0,18.1,38.9,16.08,Morondava,-20.283,44.283,0.0
2018-06-13,32.0,22.0,25.9,0.0,19.2,40.0,16.3,Morondava,-20.283,44.283,0.0
2018-06-14,30.3,20.4,24.9,0.0,16.0,37.1,15.84,Morondava,-20.283,44.283,0.0
2018-06-15,28.9,19.5,23.9,0.0,15.9,34.9,16.43,Morondava,-20.283,44.283,0.0
2018-06-16,29.3,19.2,24.0,0.0,15.5,35.3,16.33,Morondava,-20.283,44.283,0.0
2018-06-17,31.4,21.3,25.3,0.0,21.7,47.2,16.14,Morondava,-20.283,44.283,0.0
2018-06-18,31.2,19.6,24.7,0.0,15.3,34.9,16.52,Morondava,-20.283,44.283,0.0
2018-06-19,29.6,19.2,24.1,0.0,14.2,34.6,16.61,Morondava,-20.283,44.283,0.0
2018-06-20,30.8,19.0,24.5,0.0,19.6,42.1,16.86,Morondava,-20.283,44.283,0.0
2018-06-21,29.2,17.5,23.2,0.0,15.0,36.0,17.08,Morondava,-20.283,44.283,0.0
2018-06-22,30.2,18.6,23.3,0.0,17.3,39.6,16.92,Morondava,-20.283,44.283,0.0
2018-06-23,28.2,17.3,22.4,0.0,15.9,37.8,16.78,Morondava,-20.283,44.283,0.0
2018-06-24,27.9,16.4,22.2,0.0,16.2,35.6,16.77,Morondava,-20.283,44.283,0.0
2018-06-25,28.9,17.1,23.0,0.0,18.1,40.0,16.65,Morondava,-20.283,44.283,0.0
2018-06-26,30.8,19.8,24.5,0.0,17.1,38.2,16.8,Morondava,-20.283,44.283,0.0
2018-06-27,30.9,20.4,24.7,0.0,15.3,33.8,16.6,Morondava,-20.283,44.283,0.0
2018-06-28,27.8,19.2,23.4,0.0,13.5,34.6,16.4,Morondava,-20.283,44.283,0.0
2018-06-29,29.0,19.4,23.5,0.0,20.2,42.8,15.89,Morondava,-20.283,44.283,0.0
2018-06-30,27.2,18.7,22.6,0.0,14.6,34.9,16.71,Morondava,-20.283,44.283,0.0
2018-07-01,28.6,17.1,22.6,0.0,15.6,34.9,16.29,Morondava,-20.283,44.283,0.0
2018-07-02,29.0,18.4,23.3,0.0,15.5,35.6,16.48,Morondava,-20.283,44.283,0.0
2018-07-03,30.2,20.1,24.7,0.0,18.1,39.6,13.77,Morondava,-20.283,44.283,0.0
2018-07-04,31.1,21.8,25.3,0.0,18.7,41.8,16.48,Morondava,-20.283,44.283,0.0
2018-07-05,30.8,20.0,24.8,0.0,14.6,36.4,16.39,Morondava,-20.283,44.283,0.0
2018-07-06,30.6,22.3,25.4,0.0,15.6,34.9,13.95,Morondava,-20.283,44.283,0.0
2018-07-07,31.5,21.9,25.4,0.0,16.8,36.4,16.65,Morondava,-20.283,44.283,0.0
2018-07-08,30.1,20.0,24.1,0.0,17.5,38.5,17.03,Morondava,-20.283,44.283,0.0
2018-07-09,30.8,20.1,24.5,0.0,17.1,37.1,17.24,Morondava,-20.283,44.283,0.0
2018-07-10,29.6,18.6,23.5,0.0,15.9,36.7,17.24,Morondava,-20.283,44.283,0.0
2018-07-11,28.1,17.7,22.8,0.0,16.6,36.0,17.15,Morondava,-20.283,44.283,0.0
2018-07-12,30.2,18.8,23.4,0.0,16.7,37.8,17.35,Morondava,-20.283,44.283,0.0
2018-07-13,29.6,18.4,23.6,0.0,17.7,37.8,17.15,Morondava,-20.283,44.283,0.0
2018-07-14,29.4,19.6,23.9,0.0,15.3,36.0,17.04,Morondava,-20.283,44.283,0.0
2018-07-15,29.3,19.6,23.6,0.0,21.3,45.7,16.88,Morondava,-20.283,44.283,0.0
2018-07-16,30.7,19.3,24.5,0.0,21.9,43.6,17.59,Morondava,-20.283,44.283,0.0
2018-07-17,29.2,19.8,23.7,0.0,21.4,44.6,15.44,Morondava,-20.283,44.283,0.0
2018-07-18,28.6,16.6,22.0,0.0,19.9,42.1,18.09,Morondava,-20.283,44.283,0.0
2018-07-19,28.8,17.3,22.4,0.0,20.0,40.3,17.81,Morondava,-20.283,44.283,0.0
2018-07-20,30.7,20.0,24.7,0.0,18.9,38.5,16.87,Morondava,-20.283,44.283,0.0
2018-07-21,29.5,21.4,24.7,0.0,14.9,33.5,13.96,Morondava,-20.283,44.283,0.0
2018-07-22,30.0,19.0,23.8,0.0,20.9,43.2,17.26,Morondava,-20.283,44.283,0.0
2018-07-23,31.6,21.5,25.3,0.0,22.9,49.0,17.93,Morondava,-20.283,44.283,0.0
2018-07-24,29.8,19.0,23.4,0.0,23.2,45.4,18.49,Morondava,-20.283,44.283,0.0
2018-07-25,30.2,19.0,23.7,0.0,19.4,42.5,18.14,Morondava,-20.283,44.283,0.0
2018-07-26,28.4,19.1,23.2,0.0,17.1,40.3,17.46,Morondava,-20.283,44.283,0.0
2018-07-27,29.8,19.2,23.6,0.0,17.2,39.6,18.24,Morondava,-20.283,44.283,0.0
2018-07-28,27.0,16.7,22.0,0.0,15.4,35.6,18.3,Morondava,-20.283,44.283,0.0
2018-07-29,27.1,18.4,22.4,0.0,14.3,35.6,15.82,Morondava,-20.283,44.283,0.0
2018-07-30,26.2,19.4,22.6,0.0,14.9,36.4,17.76,Morondava,-20.283,44.283,0.0
2018-07-31,26.4,17.8,22.0,0.0,18.6,42.8,18.42,Morondava,-20.283,44.283,0.0
2018-08-01,27.0,15.6,21.5,0.0,16.0,37.1,19.09,Morondava,-20.283,44.283,0.0
2018-08-02,27.9,15.5,21.5,0.0,15.3,36.0,19.21,Morondava,-20.283,44.283,0.0
2018-08-03,30.6,16.0,22.4,0.0,18.4,40.7,19.3,Morondava,-20.283,44.283,0.0
2018-08-04,30.8,18.5,23.6,0.0,19.0,41.4,19.37,Morondava,-20.283,44.283,0.0
2018-08-05,30.7,17.9,23.3,0.0,17.6,41.8,19.51,Morondava,-20.283,44.283,0.0
2018-08-06,28.0,17.1,22.2,0.0,13.7,34.2,19.35,Morondava,-20.283,44.283,0.0
2018-08-07,28.6,18.7,23.0,0.0,17.0,40.0,19.03,Morondava,-20.283,44.283,0.0
2018-08-08,29.2,15.7,23.1,0.0,18.2,39.6,19.88,Morondava,-20.283,44.283,0.0
2018-08-09,30.1,18.9,24.2,0.0,15.5,37.8,19.9,Morondava,-20.283,44.283,0.0
2018-08-10,30.6,19.2,23.9,0.0,18.8,42.5,19.99,Morondava,-20.283,44.283,0.0
2018-08-11,29.8,21.5,24.6,0.0,19.4,43.9,19.48,Morondava,-20.283,44.283,0.0
2018-08-12,30.1,18.7,23.9,0.0,16.0,37.4,19.68,Morondava,-20.283,44.283,0.0
2018-08-13,31.2,19.1,24.1,0.0,20.4,45.0,20.42,Morondava,-20.283,44.283,0.0
2018-08-14,28.3,18.8,23.2,0.0,15.0,36.4,20.36,Morondava,-20.283,44.283,0.0
2018-08-15,28.4,18.8,23.2,0.0,17.7,40.7,19.16,Morondava,-20.283,44.283,0.0
2018-08-16,27.7,18.9,22.8,0.0,15.8,34.6,19.07,Morondava,-20.283,44.283,0.0
2018-08-17,28.4,17.2,22.9,0.0,17.4,41.0,20.41,Morondava,-20.283,44.283,0.0
2018-08-18,29.1,17.2,23.1,0.0,18.1,41.4,20.17,Morondava,-20.283,44.283,0.0
2018-08-19,28.8,18.0,23.5,0.0,18.4,43.2,20.72,Morondava,-20.283,44.283,0.0
2018-08-20,28.5,19.2,23.6,0.0,16.9,39.2,20.67,Morondava,-20.283,44.283,0.0
2018-08-21,28.6,18.4,23.7,0.0,16.2,39.2,20.64,Morondava,-20.283,44.283,0.0
2018-08-22,28.4,19.1,23.6,0.0,17.7,39.2,20.79,Morondava,-20.283,44.283,0.0
2018-08-23,30.7,19.1,24.2,0.0,18.3,42.5,21.25,Morondava,-20.283,44.283,0.0
2018-08-24,29.7,18.4,23.9,0.0,18.9,41.4,19.8,Morondava,-20.283,44.283,0.0
2018-08-25,30.2,18.7,24.1,0.0,20.2,45.0,21.44,Morondava,-20.283,44.283,0.0
2018-08-26,28.5,19.7,23.9,0.0,18.7,40.3,19.67,Morondava,-20.283,44.283,0.0
2018-08-27,28.8,19.2,24.3,0.0,17.1,37.8,19.94,Morondava,-20.283,44.283,0.0
2018-08-28,28.4,20.1,24.3,0.0,21.5,45.0,16.89,Morondava,-20.283,44.283,0.0
2018-08-29,32.1,20.1,25.2,0.0,22.4,49.0,19.11,Morondava,-20.283,44.283,0.0
2018-08-30,31.1,21.7,25.8,0.0,22.4,50.0,21.34,Morondava,-20.283,44.283,0.0
2018-08-31,29.0,20.3,24.5,0.0,16.6,38.2,19.32,Morondava,-20.283,44.283,0.0
2018-09-01,29.8,20.3,24.6,0.0,19.5,44.6,22.05,Morondava,-20.283,44.283,0.0
2018-09-02,30.5,19.1,24.3,0.0,19.7,43.9,22.58,Morondava,-20.283,44.283,0.0
2018-09-03,29.6,18.4,24.2,0.0,18.2,43.6,22.56,Morondava,-20.283,44.283,0.0
2018-09-04,30.4,18.9,24.7,0.0,18.4,42.1,22.38,Morondava,-20.283,44.283,0.0
2018-09-05,30.4,19.9,25.0,0.0,17.7,42.1,21.57,Morondava,-20.283,44.283,0.0
2018-09-06,29.9,21.8,25.3,0.0,20.2,45.0,22.04,Morondava,-20.283,44.283,0.0
2018-09-07,29.8,21.1,25.1,0.0,15.9,41.4,22.34,Morondava,-20.283,44.283,0.0
2018-09-08,31.1,21.9,26.1,0.0,18.4,42.8,22.64,Morondava,-20.283,44.283,0.0
2018-09-09,30.9,22.8,26.2,0.1,17.1,41.4,20.32,Morondava,-20.283,44.283,0.0
2018-09-10,28.6,22.4,24.5,2.4,21.8,56.5,14.92,Morondava,-20.283,44.283,0.0
2018-09-11,26.5,19.9,22.7,4.6,18.4,42.5,20.92,Morondava,-20.283,44.283,0.0
2018-09-12,27.4,17.0,22.1,0.0,17.0,38.9,23.96,Morondava,-20.283,44.283,0.0
2018-09-13,28.3,16.6,22.3,0.0,14.8,35.3,23.67,Morondava,-20.283,44.283,0.0
2018-09-14,29.5,17.2,23.4,0.0,17.2,38.5,23.88,Morondava,-20.283,44.283,0.0
2018-09-15,29.9,17.2,23.9,0.0,16.6,36.7,24.09,Morondava,-20.283,44.283,0.0
2018-09-16,30.1,19.2,24.6,0.0,21.0,46.8,23.98,Morondava,-20.283,44.283,0.0
2018-09-17,31.1,18.7,24.7,0.0,18.1,42.1,24.09,Morondava,-20.283,44.283,0.0
2018-09-18,29.3,21.6,24.8,0.0,18.3,42.5,23.49,Morondava,-20.283,44.283,0.0
2018-09-19,30.2,21.2,25.2,0.0,18.8,41.0,23.16,Morondava,-20.283,44.283,0.0
2018-09-20,30.2,19.8,24.9,0.0,16.6,40.0,24.62,Morondava,-20.283,44.283,0.0
2018-09-21,28.6,20.0,24.4,0.0,18.2,43.2,23.08,Morondava,-20.283,44.283,0.0
2018-09-22,28.7,21.9,25.1,0.0,18.8,42.1,23.64,Morondava,-20.283,44.283,0.0
2018-09-23,28.8,21.5,24.9,0.0,19.9,45.4,23.19,Morondava,-20.283,44.283,0.0
2018-09-24,29.8,21.6,25.7,0.0,19.1,42.5,23.15,Morondava,-20.283,44.283,0.0
2018-09-25,30.1,22.0,25.9,0.0,16.6,41.0,23.26,Morondava,-20.283,44.283,0.0
2018-09-26,29.8,23.0,26.2,0.0,16.2,38.2,22.83,Morondava,-20.283,44.283,0.0
2018-09-27,30.4,23.3,26.4,0.0,18.0,43.2,22.3,Morondava,-20.283,44.283,0.0
2018-09-28,30.1,22.8,26.4,0.0,17.6,43.6,21.96,Morondava,-20.283,44.283,0.0
2018-09-29,29.0,23.1,25.8,2.1,17.1,43.2,20.02,Morondava,-20.283,44.283,0.0
2018-09-30,31.5,21.8,26.4,0.0,23.2,51.1,23.52,Morondava,-20.283,44.283,0.0
2018-10-01,33.4,21.8,26.7,0.0,23.6,51.8,26.04,Morondava,-20.283,44.283,0.0
2018-10-02,30.5,20.5,25.4,0.0,20.6,45.4,23.1,Morondava,-20.283,44.283,0.0
2018-10-03,30.3,19.7,25.1,0.0,18.9,43.2,24.04,Morondava,-20.283,44.283,0.0
2018-10-04,31.3,19.8,25.6,0.0,23.5,50.0,26.07,Morondava,-20.283,44.283,0.0
2018-10-05,30.3,21.1,25.0,0.0,23.1,52.2,25.38,Morondava,-20.283,44.283,0.0
2018-10-06,28.3,20.4,24.2,0.0,21.4,50.0,26.13,Morondava,-20.283,44.283,0.0
2018-10-07,28.0,20.0,24.2,0.0,20.6,46.8,24.32,Morondava,-20.283,44.283,0.0
2018-10-08,29.3,19.5,24.6,0.0,20.7,47.9,26.2,Morondava,-20.283,44.283,0.0
2018-10-09,31.3,21.4,25.9,1.9,15.2,39.6,22.76,Morondava,-20.283,44.283,0.0
2018-10-10,31.2,22.0,26.3,0.0,19.8,43.9,24.19,Morondava,-20.283,44.283,0.0
2018-10-11,31.7,22.6,27.0,0.0,17.3,42.1,23.98,Morondava,-20.283,44.283,0.0
2018-10-12,30.1,22.4,26.3,2.3,18.0,41.4,21.71,Morondava,-20.283,44.283,0.0
2018-10-13,31.0,21.4,26.3,0.2,18.7,42.1,24.3,Morondava,-20.283,44.283,0.0
2018-10-14,31.3,21.4,26.2,0.0,19.2,43.2,26.84,Morondava,-20.283,44.283,0.0
2018-10-15,29.6,19.9,25.0,0.0,18.5,42.1,26.64,Morondava,-20.283,44.283,0.0
2018-10-16,29.7,19.8,25.2,0.0,17.3,42.1,23.41,Morondava,-20.283,44.283,0.0
2018-10-17,29.7,21.6,25.4,0.0,17.1,41.4,27.32,Morondava,-20.283,44.283,0.0
2018-10-18,29.2,20.7,25.2,0.0,17.3,39.2,26.95,Morondava,-20.283,44.283,0.0
2018-10-19,30.2,22.0,26.0,0.6,19.0,43.9,24.84,Morondava,-20.283,44.283,0.0
2018-10-20,29.6,21.6,25.3,0.0,24.0,51.8,27.15,Morondava,-20.283,44.283,0.0
2018-10-21,30.1,19.8,24.1,0.0,34.7,73.8,27.36,Morondava,-20.283,44.283,0.0
2018-10-22,28.2,18.2,22.5,0.0,33.4,70.9,27.85,Morondava,-20.283,44.283,0.0
2018-10-23,33.1,18.4,25.6,0.0,19.6,44.3,28.64,Morondava,-20.283,44.283,0.0
2018-10-24,32.0,20.5,25.6,0.0,21.1,48.6,27.72,Morondava,-20.283,44.283,0.0
2018-10-25,28.6,20.4,24.6,0.0,21.4,46.1,27.15,Morondava,-20.283,44.283,0.0
2018-10-26,28.5,20.5,24.9,0.0,18.5,42.5,25.4,Morondava,-20.283,44.283,0.0
2018-10-27,28.8,20.0,24.9,0.0,17.7,43.2,26.16,Morondava,-20.283,44.283,0.0
2018-10-28,29.0,20.3,24.8,0.0,24.2,52.9,27.83,Morondava,-20.283,44.283,0.0
2018-10-29,29.0,19.8,24.4,0.1,21.2,49.3,25.43,Morondava,-20.283,44.283,0.0
2018-10-30,28.3,20.0,24.3,0.0,15.9,40.3,26.34,Morondava,-20.283,44.283,0.0
2018-10-31,28.6,19.5,24.2,0.0,19.1,42.5,27.86,Morondava,-20.283,44.283,0.0
2018-11-01,30.7,19.6,24.9,0.0,20.6,45.7,28.23,Morondava,-20.283,44.283,0.0
2018-11-02,30.2,21.6,25.5,0.0,20.2,42.8,26.45,Morondava,-20.283,44.283,0.0
2018-11-03,30.5,21.4,25.5,0.0,25.2,57.2,28.46,Morondava,-20.283,44.283,0.0
2018-11-04,30.0,21.7,25.4,0.0,24.6,55.4,28.52,Morondava,-20.283,44.283,0.0
2018-11-05,31.0,19.6,25.2,0.0,18.8,45.4,29.02,Morondava,-20.283,44.283,0.0
2018-11-06,31.6,21.6,26.1,0.0,17.6,36.7,28.61,Morondava,-20.283,44.283,0.0
2018-11-07,31.5,21.2,26.6,0.0,21.7,50.0,27.04,Morondava,-20.283,44.283,0.0
2018-11-08,31.9,23.8,27.0,0.0,28.2,59.8,27.9,Morondava,-20.283,44.283,0.0
2018-11-09,30.8,22.2,25.8,0.0,30.7,65.2,28.57,Morondava,-20.283,44.283,0.0
2018-11-10,28.6,21.1,25.1,0.0,19.5,44.3,28.68,Morondava,-20.283,44.283,0.0
2018-11-11,29.0,23.1,25.7,0.1,18.8,45.7,27.74,Morondava,-20.283,44.283,0.0
2018-11-12,29.2,21.8,25.4,0.0,17.1,42.8,27.9,Morondava,-20.283,44.283,0.0
2018-11-13,32.2,22.5,27.4,0.0,17.6,47.5,26.9,Morondava,-20.283,44.283,0.0
2018-11-14,33.0,22.7,27.8,0.0,18.4,44.6,26.88,Morondava,-20.283,44.283,0.0
2018-11-15,32.0,23.9,27.9,0.0,17.4,41.8,28.02,Morondava,-20.283,44.283,0.0
2018-11-16,31.4,23.5,27.7,0.0,17.9,43.2,27.91,Morondava,-20.283,44.283,0.0
2018-11-17,30.8,23.7,27.4,0.0,17.7,40.7,27.31,Morondava,-20.283,44.283,0.0
2018-11-18,30.1,22.4,26.5,0.0,18.4,43.9,28.66,Morondava,-20.283,44.283,0.0
2018-11-19,30.0,23.0,26.4,0.0,20.0,47.5,28.48,Morondava,-20.283,44.283,0.0
2018-11-20,30.4,23.3,26.5,0.0,18.1,43.6,29.13,Morondava,-20.283,44.283,0.0
2018-11-21,31.1,22.2,26.8,0.0,15.3,38.9,28.77,Morondava,-20.283,44.283,0.0
2018-11-22,30.2,24.1,27.0,3.8,13.8,38.2,24.28,Morondava,-20.283,44.283,0.0
2018-11-23,30.6,24.7,27.7,1.1,20.5,47.2,27.92,Morondava,-20.283,44.283,0.0
2018-11-24,32.7,24.0,28.1,0.1,21.1,46.8,25.88,Morondava,-20.283,44.283,0.0
2018-11-25,32.0,24.7,28.0,0.0,17.3,40.7,27.3,Morondava,-20.283,44.283,0.0
2018-11-26,31.2,25.0,27.9,0.1,14.4,37.1,24.24,Morondava,-20.283,44.283,0.0
2018-11-27,32.2,23.9,28.1,0.3,18.8,42.5,27.59,Morondava,-20.283,44.283,0.0
2018-11-28,31.3,23.8,27.8,0.7,15.3,36.7,25.98,Morondava,-20.283,44.283,0.0
2018-11-29,31.3,24.4,27.9,0.5,21.6,51.1,25.69,Morondava,-20.283,44.283,0.0
2018-11-30,32.3,23.5,27.8,1.1,22.0,48.2,26.74,Morondava,-20.283,44.283,0.0
2018-12-01,32.6,23.8,28.1,0.0,17.8,42.8,27.26,Morondava,-20.283,44.283,0.0
2018-12-02,30.0,24.6,27.1,1.0,17.2,42.5,27.32,Morondava,-20.283,44.283,0.0
2018-12-03,30.3,24.1,27.0,0.7,19.5,46.4,27.64,Morondava,-20.283,44.283,0.0
2018-12-04,30.5,22.0,26.7,0.0,17.3,41.0,29.62,Morondava,-20.283,44.283,0.0
2018-12-05,32.0,22.5,27.4,0.0,17.9,42.1,28.18,Morondava,-20.283,44.283,0.0
2018-12-06,32.4,23.9,28.4,0.0,19.8,46.1,27.99,Morondava,-20.283,44.283,0.0
2018-12-07,31.8,25.4,28.8,0.0,16.0,39.2,27.78,Morondava,-20.283,44.283,0.0
2018-12-08,33.2,24.9,29.3,0.0,17.3,41.4,27.62,Morondava,-20.283,44.283,0.0
2018-12-09,32.8,25.6,29.2,0.1,18.3,43.6,25.26,Morondava,-20.283,44.283,0.0
2018-12-10,32.3,25.7,29.2,0.4,19.0,45.4,27.33,Morondava,-20.283,44.283,0.0
2018-12-11,33.7,26.0,29.3,0.0,22.1,52.9,28.22,Morondava,-20.283,44.283,0.0
2018-12-12,32.0,26.3,29.1,4.0,18.9,45.4,26.22,Morondava,-20.283,44.283,0.0
2018-12-13,33.1,25.0,29.1,0.4,21.3,48.6,27.52,Morondava,-20.283,44.283,0.0
2018-12-14,33.5,25.7,29.8,0.0,19.4,44.6,26.33,Morondava,-20.283,44.283,0.0
2018-12-15,33.3,26.5,29.6,7.1,18.0,46.1,22.78,Morondava,-20.283,44.283,0.0
2018-12-16,31.8,24.6,28.5,16.1,11.8,33.8,24.88,Morondava,-20.283,44.283,0.0
2018-12-17,32.0,23.9,28.0,0.6,12.6,35.3,27.5,Morondava,-20.283,44.283,0.0
2018-12-18,31.9,25.7,28.7,0.1,12.8,33.8,25.14,Morondava,-20.283,44.283,0.0
2018-12-19,32.2,25.4,28.8,0.2,13.4,34.9,24.74,Morondava,-20.283,44.283,0.0
2018-12-20,32.1,25.5,28.6,1.0,16.3,39.6,26.97,Morondava,-20.283,44.283,0.0
2018-12-21,33.3,25.1,29.2,1.8,19.5,44.3,27.0,Morondava,-20.283,44.283,0.0
2018-12-22,33.2,25.8,29.3,0.3,20.2,46.8,27.3,Morondava,-20.283,44.283,0.0
2018-12-23,31.2,24.4,27.8,0.0,23.1,52.2,30.38,Morondava,-20.283,44.283,0.0
2018-12-24,29.8,24.7,27.3,0.1,18.7,43.9,23.04,Morondava,-20.283,44.283,0.0
2018-12-25,29.8,23.7,26.9,1.3,18.5,45.0,25.91,Morondava,-20.283,44.283,0.0
2018-12-26,30.4,23.3,26.8,0.2,16.5,40.0,26.38,Morondava,-20.283,44.283,0.0
2018-12-27,30.6,22.4,26.8,0.0,19.5,43.2,30.34,Morondava,-20.283,44.283,0.0
2018-12-28,31.2,23.7,27.6,0.0,18.4,43.9,29.35,Morondava,-20.283,44.283,0.0
2018-12-29,32.3,24.9,28.5,0.0,21.0,47.5,28.57,Morondava,-20.283,44.283,0.0
2018-12-30,32.8,25.0,29.1,0.0,18.2,44.3,28.86,Morondava,-20.283,44.283,0.0
2018-12-31,33.4,26.5,29.8,3.7,16.8,42.8,26.67,Morondava,-20.283,44.283,0.0
2019-01-01,33.7,25.5,29.5,1.0,14.8,39.2,27.82,Morondava,-20.283,44.283,0.0
2019-01-02,32.7,25.2,29.0,1.2,15.9,39.2,28.37,Morondava,-20.283,44.283,0.0
2019-01-03,31.4,25.0,28.2,4.5,15.8,39.6,26.86,Morondava,-20.283,44.283,0.0
2019-01-04,31.3,24.0,27.7,0.4,18.8,42.8,28.04,Morondava,-20.283,44.283,0.0
2019-01-05,32.1,24.7,28.6,0.0,19.1,44.3,29.21,Morondava,-20.283,44.283,0.0
2019-01-06,32.5,26.5,29.2,0.0,19.7,45.0,23.77,Morondava,-20.283,44.283,0.0
2019-01-07,31.6,26.0,28.7,0.2,17.5,42.1,22.64,Morondava,-20.283,44.283,0.0
2019-01-08,30.4,25.7,27.6,11.3,16.3,45.4,17.85,Morondava,-20.283,44.283,0.0
2019-01-09,29.4,25.2,26.9,19.9,21.8,54.7,17.84,Morondava,-20.283,44.283,0.0
2019-01-10,29.3,25.2,26.8,9.7,21.9,52.2,14.57,Morondava,-20.283,44.283,0.0
2019-01-11,29.1,24.8,26.4,13.5,23.7,52.9,11.06,Morondava,-20.283,44.283,0.0
2019-01-12,29.1,24.5,26.5,16.6,15.7,41.8,13.83,Morondava,-20.283,44.283,0.0
2019-01-13,29.8,24.5,27.2,1.6,17.6,41.8,23.76,Morondava,-20.283,44.283,0.0
2019-01-14,31.9,24.9,28.2,0.9,15.1,38.5,27.33,Morondava,-20.283,44.283,0.0
2019-01-15,31.7,24.6,27.9,4.1,11.4,34.2,23.61,Morondava,-20.283,44.283,0.0
2019-01-16,31.1,26.0,28.6,6.1,11.6,25.9,21.86,Morondava,-20.283,44.283,0.0
2019-01-17,30.8,24.7,27.9,1.0,14.5,36.0,26.84,Morondava,-20.283,44.283,0.0
2019-01-18,30.9,24.6,27.7,4.4,15.0,37.8,25.05,Morondava,-20.283,44.283,0.0
2019-01-19,30.7,24.6,27.9,4.3,17.9,41.8,26.27,Morondava,-20.283,44.283,0.0
2019-01-20,31.2,25.1,28.3,4.2,16.3,40.3,28.27,Morondava,-20.283,44.283,0.0
2019-01-21,31.7,25.2,28.2,17.2,15.4,37.8,21.54,Morondava,-20.283,44.283,0.0
2019-01-22,30.4,24.8,26.5,50.6,37.6,79.2,13.38,Morondava,-20.283,44.283,0.0
2019-01-23,26.8,24.4,25.3,44.5,32.8,67.7,5.41,Morondava,-20.283,44.283,0.0
2019-01-24,26.5,25.2,25.6,69.4,43.4,83.5,4.91,Morondava,-20.283,44.283,0.0
2019-01-25,27.7,25.3,26.0,25.4,24.2,52.2,15.21,Morondava,-20.283,44.283,0.0
2019-01-26,28.7,25.0,26.7,5.1,11.4,27.4,19.61,Morondava,-20.283,44.283,0.0
2019-01-27,30.1,23.6,27.1,1.1,18.4,39.2,25.81,Morondava,-20.283,44.283,0.0
2019-01-28,30.2,24.1,27.1,0.9,10.7,37.8,25.29,Morondava,-20.283,44.283,0.0
2019-01-29,30.7,24.1,27.4,1.2,9.4,36.0,25.09,Morondava,-20.283,44.283,0.0
2019-01-30,29.6,23.5,26.8,3.2,12.5,32.0,22.98,Morondava,-20.283,44.283,0.0
2019-01-31,30.4,24.7,27.4,3.1,11.7,30.6,24.75,Morondava,-20.283,44.283,0.0
2019-02-01,30.6,24.0,27.1,0.8,11.4,30.2,26.63,Morondava,-20.283,44.283,0.0
2019-02-02,30.8,25.0,27.9,1.0,11.7,28.4,24.29,Morondava,-20.283,44.283,0.0
2019-02-03,30.7,25.2,27.6,1.7,10.8,27.7,22.53,Morondava,-20.283,44.283,0.0
2019-02-04,30.4,24.8,27.8,0.5,12.7,32.4,25.53,Morondava,-20.283,44.283,0.0
2019-02-05,30.9,24.8,28.0,0.9,12.3,31.3,25.49,Morondava,-20.283,44.283,0.0
2019-02-06,30.9,24.8,27.6,0.8,20.6,45.0,28.38,Morondava,-20.283,44.283,0.0
2019-02-07,31.4,22.7,27.0,0.5,20.2,43.6,28.36,Morondava,-20.283,44.283,0.0
2019-02-08,30.9,23.9,27.6,0.1,14.8,32.8,27.21,Morondava,-20.283,44.283,0.0
2019-02-09,30.3,25.0,27.5,0.5,15.0,36.4,26.46,Morondava,-20.283,44.283,0.0
2019-02-10,30.3,24.0,27.1,1.3,13.7,33.8,26.84,Morondava,-20.283,44.283,0.0
2019-02-11,30.1,23.6,27.1,0.4,14.0,33.5,26.88,Morondava,-20.283,44.283,0.0
2019-02-12,30.9,24.4,27.8,0.8,13.0,32.8,25.88,Morondava,-20.283,44.283,0.0
2019-02-13,31.1,25.0,27.9,2.3,12.3,31.3,25.11,Morondava,-20.283,44.283,0.0
2019-02-14,30.8,24.7,27.7,2.9,15.0,37.1,23.13,Morondava,-20.283,44.283,0.0
2019-02-15,31.1,24.3,27.8,0.3,12.9,31.3,22.43,Morondava,-20.283,44.283,0.0
2019-02-16,31.8,24.3,28.0,5.3,13.5,35.3,26.46,Morondava,-20.283,44.283,0.0
2019-02-17,30.6,23.9,27.3,1.1,15.3,40.7,23.87,Morondava,-20.283,44.283,0.0
2019-02-18,30.6,25.3,27.5,11.2,24.8,59.0,23.84,Morondava,-20.283,44.283,0.0
2019-02-19,27.3,24.9,25.7,33.9,33.7,72.4,8.52,Morondava,-20.283,44.283,0.0
2019-02-20,28.2,25.0,26.2,28.2,28.6,58.3,14.04,Morondava,-20.283,44.283,0.0
2019-02-21,29.5,24.9,26.7,5.8,17.3,37.1,21.38,Morondava,-20.283,44.283,0.0
2019-02-22,29.4,23.4,26.7,0.1,15.8,38.5,25.57,Morondava,-20.283,44.283,0.0
2019-02-23,29.8,24.5,27.3,0.5,15.2,35.6,25.69,Morondava,-20.283,44.283,0.0
2019-02-24,29.4,24.4,26.8,0.9,17.8,40.7,24.15,Morondava,-20.283,44.283,0.0
2019-02-25,29.1,24.3,26.9,0.5,13.4,33.5,23.48,Morondava,-20.283,44.283,0.0
2019-02-26,29.6,24.6,27.2,0.6,13.8,34.2,23.85,Morondava,-20.283,44.283,0.0
2019-02-27,30.5,24.4,27.5,9.5,13.5,32.4,23.66,Morondava,-20.283,44.283,0.0
2019-02-28,31.6,24.5,27.6,2.3,13.3,30.2,23.71,Morondava,-20.283,44.283,0.0
2019-03-01,31.9,25.1,27.9,9.2,10.0,26.3,21.0,Morondava,-20.283,44.283,0.0
2019-03-02,31.5,25.4,28.5,0.0,12.1,35.3,22.32,Morondava,-20.283,44.283,0.0
2019-03-03,30.2,25.4,27.8,0.6,12.3,29.2,17.27,Morondava,-20.283,44.283,0.0
2019-03-04,30.7,25.6,27.2,0.8,11.2,30.2,18.38,Morondava,-20.283,44.283,0.0
2019-03-05,31.0,24.3,27.4,8.0,15.1,35.6,22.32,Morondava,-20.283,44.283,0.0
2019-03-06,30.9,25.1,27.5,3.4,15.1,39.6,22.51,Morondava,-20.283,44.283,0.0
2019-03-07,29.6,24.1,26.3,11.0,13.0,31.7,21.33,Morondava,-20.283,44.283,0.0
2019-03-08,29.7,23.9,26.5,1.8,14.9,34.2,20.04,Morondava,-20.283,44.283,0.0
2019-03-09,30.5,24.1,27.2,1.2,13.9,36.7,16.08,Morondava,-20.283,44.283,0.0
2019-03-10,33.4,25.6,28.7,0.0,13.5,29.9,18.66,Morondava,-20.283,44.283,0.0
2019-03-11,32.4,25.5,28.3,0.4,16.8,38.5,13.81,Morondava,-20.283,44.283,0.0
2019-03-12,31.4,26.4,28.4,0.2,19.6,59.0,16.08,Morondava,-20.283,44.283,0.0
2019-03-13,31.6,24.7,28.1,0.0,12.4,33.5,21.91,Morondava,-20.283,44.283,0.0
2019-03-14,30.2,24.6,27.4,3.8,11.5,29.2,18.5,Morondava,-20.283,44.283,0.0
2019-03-15,30.0,24.0,27.1,2.3,15.8,34.6,21.97,Morondava,-20.283,44.283,0.0
2019-03-16,30.5,24.9,27.8,0.1,15.8,35.6,24.02,Morondava,-20.283,44.283,0.0
2019-03-17,30.4,24.2,27.4,0.5,12.0,31.0,23.3,Morondava,-20.283,44.283,0.0
2019-03-18,30.0,23.8,27.0,0.0,13.5,31.0,17.81,Morondava,-20.283,44.283,0.0
2019-03-19,30.6,23.5,27.3,1.2,13.3,32.4,23.57,Morondava,-20.283,44.283,0.0
2019-03-20,31.1,24.3,27.8,0.4,13.5,33.8,24.24,Morondava,-20.283,44.283,0.0
2019-03-21,30.6,23.6,27.2,3.7,15.9,38.9,23.32,Morondava,-20.283,44.283,0.0
2019-03-22,29.8,24.2,26.9,2.0,11.8,28.1,17.18,Morondava,-20.283,44.283,0.0
2019-03-23,30.9,24.3,27.5,1.2,13.0,32.8,21.69,Morondava,-20.283,44.283,0.0
2019-03-24,31.1,24.5,27.5,1.1,13.0,32.8,22.07,Morondava,-20.283,44.283,0.0
2019-03-25,29.9,24.4,27.2,1.1,14.1,32.4,20.85,Morondava,-20.283,44.283,0.0
2019-03-26,29.8,24.5,26.9,1.6,19.0,41.4,21.38,Morondava,-20.283,44.283,0.0
2019-03-27,30.6,23.7,27.1,1.7,13.7,33.1,20.65,Morondava,-20.283,44.283,0.0
2019-03-28,31.3,24.4,27.7,0.3,13.5,37.1,22.4,Morondava,-20.283,44.283,0.0
2019-03-29,30.9,23.8,27.4,1.8,14.0,32.4,22.85,Morondava,-20.283,44.283,0.0
2019-03-30,29.9,23.2,26.5,0.0,17.3,38.2,21.7,Morondava,-20.283,44.283,0.0
2019-03-31,30.1,22.5,26.3,0.0,18.7,40.3,24.38,Morondava,-20.283,44.283,0.0
2019-04-01,29.4,20.7,25.2,0.0,13.1,31.3,24.41,Morondava,-20.283,44.283,0.0
2019-04-02,30.1,21.2,25.8,0.0,15.7,37.4,23.73,Morondava,-20.283,44.283,0.0
2019-04-03,30.5,20.5,25.8,0.0,16.0,38.5,23.59,Morondava,-20.283,44.283,0.0
2019-04-04,31.1,23.2,27.0,0.0,14.2,34.6,21.77,Morondava,-20.283,44.283,0.0
2019-04-05,30.9,23.8,27.2,1.2,14.1,34.6,21.1,Morondava,-20.283,44.283,0.0
2019-04-06,31.1,23.7,27.4,0.5,14.8,34.6,17.78,Morondava,-20.283,44.283,0.0
2019-04-07,32.5,24.3,28.2,0.2,13.4,33.5,20.93,Morondava,-20.283,44.283,0.0
2019-04-08,32.7,24.3,28.1,0.1,15.0,34.2,20.94,Morondava,-20.283,44.283,0.0
2019-04-09,31.0,24.5,27.7,0.0,13.5,34.6,19.83,Morondava,-20.283,44.283,0.0
2019-04-10,30.6,24.3,27.6,0.2,12.3,31.3,17.86,Morondava,-20.283,44.283,0.0
2019-04-11,31.1,23.7,27.6,0.0,15.7,34.6,21.26,Morondava,-20.283,44.283,0.0
2019-04-12,30.1,23.3,26.9,0.0,16.6,37.8,18.77,Morondava,-20.283,44.283,0.0
2019-04-13,30.1,22.5,26.3,0.0,17.9,37.8,20.8,Morondava,-20.283,44.283,0.0
2019-04-14,31.4,23.2,27.2,0.0,18.3,40.3,21.0,Morondava,-20.283,44.283,0.0
2019-04-15,30.8,23.4,27.1,0.0,15.9,37.1,21.77,Morondava,-20.283,44.283,0.0
2019-04-16,31.9,23.8,27.6,0.0,16.2,37.4,21.56,Morondava,-20.283,44.283,0.0
2019-04-17,31.8,23.5,27.3,0.0,18.0,41.0,21.5,Morondava,-20.283,44.283,0.0
2019-04-18,33.2,23.4,27.9,0.0,17.0,40.3,20.59,Morondava,-20.283,44.283,0.0
2019-04-19,32.7,24.2,28.1,0.0,15.8,38.2,20.67,Morondava,-20.283,44.283,0.0
2019-04-20,33.9,25.3,28.4,0.0,16.3,39.2,19.92,Morondava,-20.283,44.283,0.0
2019-04-21,31.5,24.0,27.5,0.3,15.8,36.7,19.4,Morondava,-20.283,44.283,0.0
2019-04-22,32.1,23.2,27.2,0.0,19.4,42.5,20.95,Morondava,-20.283,44.283,0.0
2019-04-23,32.3,21.7,26.8,0.0,17.7,38.9,21.12,Morondava,-20.283,44.283,0.0
2019-04-24,34.0,22.7,28.1,0.0,17.4,40.7,20.79,Morondava,-20.283,44.283,0.0
2019-04-25,31.7,25.4,28.0,0.3,15.8,38.5,19.79,Morondava,-20.283,44.283,0.0
2019-04-26,32.7,24.6,27.9,0.1,15.4,37.1,16.36,Morondava,-20.283,44.283,0.0
2019-04-27,31.0,24.0,27.1,0.9,15.4,38.2,16.73,Morondava,-20.283,44.283,0.0
2019-04-28,32.6,23.8,27.4,0.0,20.8,46.4,19.43,Morondava,-20.283,44.283,0.0
2019-04-29,34.1,24.0,28.1,0.0,19.7,40.7,19.86,Morondava,-20.283,44.283,0.0
2019-04-30,33.0,22.2,26.7,0.0,16.0,33.8,20.57,Morondava,-20.283,44.283,0.0
2019-05-01,32.3,21.7,26.2,0.0,18.1,41.0,20.44,Morondava,-20.283,44.283,0.0
2019-05-02,31.2,20.8,25.6,0.0,16.8,39.6,20.46,Morondava,-20.283,44.283,0.0
2019-05-03,31.3,20.2,25.6,0.0,16.1,37.8,20.14,Morondava,-20.283,44.283,0.0
2019-05-04,32.0,21.4,26.5,0.0,16.8,39.2,19.73,Morondava,-20.283,44.283,0.0
2019-05-05,33.5,22.3,27.1,0.0,19.4,42.8,19.54,Morondava,-20.283,44.283,0.0
2019-05-06,32.4,22.3,27.1,0.0,18.8,40.3,19.23,Morondava,-20.283,44.283,0.0
2019-05-07,33.5,22.0,26.8,0.0,19.9,45.0,19.61,Morondava,-20.283,44.283,0.0
2019-05-08,34.1,23.2,27.7,0.0,17.9,37.8,19.49,Morondava,-20.283,44.283,0.0
2019-05-09,33.1,23.8,27.7,0.0,17.4,41.0,18.62,Morondava,-20.283,44.283,0.0
2019-05-10,31.0,23.5,26.8,0.0,17.4,39.6,18.84,Morondava,-20.283,44.283,0.0
2019-05-11,30.1,21.7,25.4,0.0,21.9,48.2,19.07,Morondava,-20.283,44.283,0.0
2019-05-12,28.4,19.0,23.5,0.0,21.5,47.5,19.16,Morondava,-20.283,44.283,0.0
2019-05-13,29.2,18.8,23.7,0.0,20.3,45.4,19.07,Morondava,-20.283,44.283,0.0
2019-05-14,30.8,18.1,23.9,0.0,18.4,42.1,19.0,Morondava,-20.283,44.283,0.0
2019-05-15,31.6,19.1,24.9,0.0,16.3,38.2,18.57,Morondava,-20.283,44.283,0.0
2019-05-16,30.0,21.7,25.5,0.0,15.0,35.3,16.53,Morondava,-20.283,44.283,0.0
2019-05-17,28.8,21.5,25.1,3.2,13.6,34.9,16.59,Morondava,-20.283,44.283,0.0
2019-05-18,29.4,22.0,25.6,0.0,13.6,34.2,16.18,Morondava,-20.283,44.283,0.0
2019-05-19,28.5,22.4,25.3,0.1,13.0,36.7,16.82,Morondava,-20.283,44.283,0.0
2019-05-20,28.2,20.9,24.4,0.0,13.2,33.5,17.15,Morondava,-20.283,44.283,0.0
2019-05-21,28.0,21.2,24.4,0.0,13.4,34.9,15.74,Morondava,-20.283,44.283,0.0
2019-05-22,28.7,19.4,23.7,0.0,16.3,38.5,17.75,Morondava,-20.283,44.283,0.0
2019-05-23,29.5,18.9,23.9,0.0,15.5,35.6,17.46,Morondava,-20.283,44.283,0.0
2019-05-24,31.7,19.5,24.9,0.0,17.1,40.0,17.83,Morondava,-20.283,44.283,0.0
2019-05-25,31.8,21.8,25.9,0.0,16.4,38.9,17.2,Morondava,-20.283,44.283,0.0
2019-05-26,30.3,21.8,25.5,0.0,14.4,34.6,14.7,Morondava,-20.283,44.283,0.0
2019-05-27,29.2,21.4,25.0,0.0,12.6,28.8,7.75,Morondava,-20.283,44.283,0.0
2019-05-28,31.4,22.8,26.1,0.0,16.9,39.2,16.05,Morondava,-20.283,44.283,0.0
2019-05-29,27.9,20.7,24.6,0.5,12.5,31.0,11.64,Morondava,-20.283,44.283,0.0
2019-05-30,25.9,20.3,23.2,3.7,13.5,37.4,13.38,Morondava,-20.283,44.283,0.0
2019-05-31,26.3,19.8,22.6,0.0,20.2,43.9,15.99,Morondava,-20.283,44.283,0.0
2019-06-01,26.2,18.4,22.1,0.0,14.9,35.6,17.22,Morondava,-20.283,44.283,0.0
2019-06-02,29.8,18.9,23.6,0.0,16.2,35.6,17.17,Morondava,-20.283,44.283,0.0
2019-06-03,29.4,21.7,25.0,0.0,15.5,34.6,13.14,Morondava,-20.283,44.283,0.0
2019-06-04,28.3,22.1,23.7,1.4,16.2,39.2,9.66,Morondava,-20.283,44.283,0.0
2019-06-05,25.9,19.7,22.7,0.0,15.7,29.9,8.82,Morondava,-20.283,44.283,0.0
2019-06-06,29.5,20.3,24.1,0.0,15.8,36.0,16.52,Morondava,-20.283,44.283,0.0
2019-06-07,29.8,18.8,24.0,0.0,17.3,37.8,16.94,Morondava,-20.283,44.283,0.0
2019-06-08,29.9,20.2,24.5,0.0,19.2,42.5,16.47,Morondava,-20.283,44.283,0.0
2019-06-09,32.3,20.3,25.5,0.0,17.9,37.8,16.99,Morondava,-20.283,44.283,0.0
2019-06-10,32.9,21.6,26.6,0.0,20.5,45.4,16.82,Morondava,-20.283,44.283,0.0
2019-06-11,31.6,21.3,25.4,0.0,17.3,38.5,16.8,Morondava,-20.283,44.283,0.0
2019-06-12,30.5,19.2,23.9,0.0,16.3,35.3,17.37,Morondava,-20.283,44.283,0.0
2019-06-13,29.1,18.0,23.0,0.0,17.5,40.7,17.04,Morondava,-20.283,44.283,0.0
2019-06-14,29.3,17.8,22.9,0.0,21.9,47.2,16.97,Morondava,-20.283,44.283,0.0
2019-06-15,30.5,19.5,24.0,0.0,20.9,46.1,16.82,Morondava,-20.283,44.283,0.0
2019-06-16,30.2,20.3,24.5,0.0,15.8,36.7,16.56,Morondava,-20.283,44.283,0.0
2019-06-17,30.6,19.5,24.1,0.0,16.2,36.4,16.73,Morondava,-20.283,44.283,0.0
2019-06-18,29.3,19.0,23.7,0.0,16.0,33.1,16.7,Morondava,-20.283,44.283,0.0
2019-06-19,28.8,17.2,22.7,0.0,21.7,47.2,16.69,Morondava,-20.283,44.283,0.0
2019-06-20,28.5,17.3,22.2,0.7,21.1,44.6,13.5,Morondava,-20.283,44.283,0.0
2019-06-21,30.4,20.8,24.8,0.7,16.9,34.6,15.55,Morondava,-20.283,44.283,0.0
2019-06-22,25.4,20.1,22.3,0.2,11.9,26.3,8.24,Morondava,-20.283,44.283,0.0
2019-06-23,28.3,18.6,22.9,0.0,17.3,37.4,15.96,Morondava,-20.283,44.283,0.0
2019-06-24,26.9,18.9,23.0,0.0,12.7,32.0,15.72,Morondava,-20.283,44.283,0.0
2019-06-25,28.6,19.5,23.4,0.0,20.0,42.5,15.3,Morondava,-20.283,44.283,0.0
2019-06-26,29.1,19.5,23.7,0.0,19.5,42.8,16.53,Morondava,-20.283,44.283,0.0
2019-06-27,30.1,20.0,24.2,0.0,17.5,38.5,16.41,Morondava,-20.283,44.283,0.0
2019-06-28,31.8,19.5,24.9,0.0,17.5,37.4,16.12,Morondava,-20.283,44.283,0.0
2019-06-29,31.6,23.6,26.9,0.0,15.3,35.3,15.41,Morondava,-20.283,44.283,0.0
2019-06-30,31.7,22.6,26.4,0.0,15.4,33.8,15.75,Morondava,-20.283,44.283,0.0
2019-07-01,32.1,21.8,25.7,0.0,17.4,40.0,16.64,Morondava,-20.283,44.283,0.0
2019-07-02,28.8,20.4,24.1,0.0,17.4,39.6,16.44,Morondava,-20.283,44.283,0.0
2019-07-03,29.0,20.0,24.5,0.0,20.0,40.3,16.37,Morondava,-20.283,44.283,0.0
2019-07-04,30.6,20.9,24.9,0.0,19.4,42.5,16.94,Morondava,-20.283,44.283,0.0
2019-07-05,29.9,19.5,24.1,0.0,16.4,38.9,16.98,Morondava,-20.283,44.283,0.0
2019-07-06,27.1,18.8,22.9,0.0,15.6,34.9,16.35,Morondava,-20.283,44.283,0.0
2019-07-07,27.9,18.4,22.9,0.0,18.1,40.3,16.9,Morondava,-20.283,44.283,0.0
2019-07-08,28.1,17.4,22.3,0.0,20.0,45.0,17.29,Morondava,-20.283,44.283,0.0
2019-07-09,29.0,15.3,22.3,0.0,20.1,42.8,17.56,Morondava,-20.283,44.283,0.0
2019-07-10,28.2,18.0,22.7,0.0,24.8,51.8,17.28,Morondava,-20.283,44.283,0.0
2019-07-11,30.2,18.9,23.6,0.0,24.0,50.8,17.49,Morondava,-20.283,44.283,0.0
2019-07-12,29.6,18.7,23.3,0.0,15.6,37.1,17.68,Morondava,-20.283,44.283,0.0
2019-07-13,30.0,17.7,22.7,0.0,16.0,37.8,17.58,Morondava,-20.283,44.283,0.0
2019-07-14,29.7,17.8,22.5,0.0,17.0,38.9,18.03,Morondava,-20.283,44.283,0.0
2019-07-15,27.5,17.5,22.1,0.0,14.9,37.1,17.78,Morondava,-20.283,44.283,0.0
2019-07-16,29.2,16.2,22.5,0.0,14.8,33.8,14.88,Morondava,-20.283,44.283,0.0
2019-07-17,30.1,19.9,23.9,0.0,16.4,38.5,17.48,Morondava,-20.283,44.283,0.0
2019-07-18,28.8,18.2,22.9,0.0,18.4,41.0,17.85,Morondava,-20.283,44.283,0.0
2019-07-19,28.2,16.8,22.1,0.0,18.4,41.4,17.43,Morondava,-20.283,44.283,0.0
2019-07-20,26.8,16.3,21.8,0.0,14.5,34.9,17.65,Morondava,-20.283,44.283,0.0
2019-07-21,25.2,16.6,20.6,1.3,25.7,50.0,11.49,Morondava,-20.283,44.283,0.0
2019-07-22,24.9,14.8,19.3,0.0,20.5,42.1,18.73,Morondava,-20.283,44.283,0.0
2019-07-23,28.1,15.2,20.8,0.0,20.6,41.0,18.77,Morondava,-20.283,44.283,0.0
2019-07-24,27.2,15.3,20.7,0.0,15.4,36.7,18.6,Morondava,-20.283,44.283,0.0
2019-07-25,29.3,16.1,21.7,0.0,19.6,42.8,18.71,Morondava,-20.283,44.283,0.0
2019-07-26,29.4,17.5,22.6,0.0,21.7,45.4,18.87,Morondava,-20.283,44.283,0.0
2019-07-27,28.6,17.0,22.2,0.0,18.4,41.8,18.87,Morondava,-20.283,44.283,0.0
2019-07-28,28.9,16.4,21.9,0.0,16.9,39.6,18.68,Morondava,-20.283,44.283,0.0
2019-07-29,26.8,15.6,21.5,0.0,15.1,36.7,18.45,Morondava,-20.283,44.283,0.0
2019-07-30,29.3,18.0,23.2,0.0,16.5,38.5,18.18,Morondava,-20.283,44.283,0.0
2019-07-31,30.0,20.2,24.8,0.0,15.6,36.7,17.58,Morondava,-20.283,44.283,0.0
2019-08-01,29.2,22.5,25.0,0.0,13.5,31.0,10.59,Morondava,-20.283,44.283,0.0
2019-08-02,30.7,20.1,24.6,0.0,15.6,37.1,16.91,Morondava,-20.283,44.283,0.0
2019-08-03,30.5,18.8,23.9,0.0,18.4,41.8,18.86,Morondava,-20.283,44.283,0.0
2019-08-04,27.9,19.2,23.4,0.0,17.6,39.6,18.55,Morondava,-20.283,44.283,0.0
2019-08-05,27.5,18.5,22.9,0.0,15.5,37.4,18.05,Morondava,-20.283,44.283,0.0
2019-08-06,31.6,18.3,24.1,0.0,17.2,40.3,19.16,Morondava,-20.283,44.283,0.0
2019-08-07,32.0,19.1,24.7,0.0,15.9,36.7,20.02,Morondava,-20.283,44.283,0.0
2019-08-08,31.0,17.9,23.7,0.0,15.6,37.1,20.26,Morondava,-20.283,44.283,0.0
2019-08-09,28.4,16.1,22.5,0.0,15.9,37.8,19.95,Morondava,-20.283,44.283,0.0
2019-08-10,33.5,18.1,24.4,0.0,22.0,47.9,20.37,Morondava,-20.283,44.283,0.0
2019-08-11,29.3,19.5,24.2,0.0,20.6,47.5,19.94,Morondava,-20.283,44.283,0.0
2019-08-12,28.5,19.6,23.5,0.0,18.7,38.9,18.77,Morondava,-20.283,44.283,0.0
2019-08-13,29.7,20.1,24.1,0.0,19.0,43.6,18.94,Morondava,-20.283,44.283,0.0
2019-08-14,28.9,19.8,23.7,0.0,17.5,41.8,20.18,Morondava,-20.283,44.283,0.0
2019-08-15,30.3,19.1,24.3,0.0,23.5,50.8,20.48,Morondava,-20.283,44.283,0.0
2019-08-16,31.7,21.1,25.2,0.0,20.6,45.7,20.62,Morondava,-20.283,44.283,0.0
2019-08-17,27.7,19.0,23.3,0.0,19.6,43.6,20.64,Morondava,-20.283,44.283,0.0
2019-08-18,30.6,18.2,23.5,0.0,26.8,56.2,20.77,Morondava,-20.283,44.283,0.0
2019-08-19,30.1,20.2,23.9,0.0,21.9,50.0,20.85,Morondava,-20.283,44.283,0.0
2019-08-20,27.8,18.5,22.8,0.0,19.7,43.2,20.5,Morondava,-20.283,44.283,0.0
2019-08-21,29.4,18.6,23.3,0.0,23.2,52.2,20.89,Morondava,-20.283,44.283,0.0
2019-08-22,32.5,20.9,25.6,0.0,21.3,49.7,20.46,Morondava,-20.283,44.283,0.0
2019-08-23,27.2,22.4,24.6,0.1,14.7,29.5,9.07,Morondava,-20.283,44.283,0.0
2019-08-24,30.5,19.2,24.5,0.0,18.9,42.5,21.14,Morondava,-20.283,44.283,0.0
2019-08-25,31.0,19.5,24.2,0.0,18.1,42.5,21.86,Morondava,-20.283,44.283,0.0
2019-08-26,27.7,18.2,22.9,0.0,16.8,38.2,20.53,Morondava,-20.283,44.283,0.0
2019-08-27,28.5,18.1,23.0,0.0,17.2,38.9,21.62,Morondava,-20.283,44.283,0.0
2019-08-28,27.7,18.0,23.2,0.0,16.8,39.2,21.8,Morondava,-20.283,44.283,0.0
2019-08-29,31.2,18.5,24.8,0.0,19.9,46.4,21.89,Morondava,-20.283,44.283,0.0
2019-08-30,31.1,20.4,25.1,0.0,17.1,41.8,21.94,Morondava,-20.283,44.283,0.0
2019-08-31,28.3,20.4,24.2,0.0,18.1,40.7,20.72,Morondava,-20.283,44.283,0.0
2019-09-01,29.1,21.8,25.0,0.7,18.2,41.0,16.7,Morondava,-20.283,44.283,0.0
2019-09-02,29.9,19.5,25.0,0.0,21.5,47.2,20.78,Morondava,-20.283,44.283,0.0
2019-09-03,32.2,20.0,25.7,0.0,21.6,46.8,21.79,Morondava,-20.283,44.283,0.0
2019-09-04,28.8,19.6,24.3,0.0,17.3,42.5,20.87,Morondava,-20.283,44.283,0.0
2019-09-05,28.2,18.8,23.8,0.0,21.6,44.3,21.33,Morondava,-20.283,44.283,0.0
2019-09-06,29.0,18.5,24.0,0.0,22.7,49.7,21.84,Morondava,-20.283,44.283,0.0
2019-09-07,33.3,21.8,26.7,0.0,25.0,53.3,20.58,Morondava,-20.283,44.283,0.0
2019-09-08,30.7,21.7,25.2,0.0,21.6,46.1,18.68,Morondava,-20.283,44.283,0.0
2019-09-09,26.7,20.7,23.0,4.2,19.2,44.3,15.7,Morondava,-20.283,44.283,0.0
2019-09-10,27.7,20.1,23.2,1.6,14.1,35.3,18.21,Morondava,-20.283,44.283,0.0
2019-09-11,28.9,19.5,23.9,0.0,14.8,36.0,22.82,Morondava,-20.283,44.283,0.0
2019-09-12,31.2,17.8,24.4,0.0,18.0,40.0,24.12,Morondava,-20.283,44.283,0.0
2019-09-13,30.2,17.8,24.1,0.0,16.8,40.0,23.77,Morondava,-20.283,44.283,0.0
2019-09-14,28.0,20.9,24.7,0.0,15.7,39.2,20.41,Morondava,-20.283,44.283,0.0
2019-09-15,31.0,20.2,25.8,0.0,20.6,43.9,22.89,Morondava,-20.283,44.283,0.0
2019-09-16,32.1,21.0,25.6,0.0,20.5,46.4,23.94,Morondava,-20.283,44.283,0.0
2019-09-17,29.7,19.2,24.3,0.0,17.4,42.1,23.9,Morondava,-20.283,44.283,0.0
2019-09-18,29.1,20.4,24.4,0.0,19.6,45.0,23.38,Morondava,-20.283,44.283,0.0
2019-09-19,28.6,21.1,24.6,0.0,19.8,44.3,22.99,Morondava,-20.283,44.283,0.0
2019-09-20,30.2,19.8,24.5,0.0,18.1,43.2,23.12,Morondava,-20.283,44.283,0.0
2019-09-21,28.9,20.7,24.7,0.0,20.6,47.2,23.08,Morondava,-20.283,44.283,0.0
2019-09-22,30.2,21.4,25.4,0.3,20.6,46.4,22.38,Morondava,-20.283,44.283,0.0
2019-09-23,29.6,21.9,25.5,0.0,19.6,45.4,22.07,Morondava,-20.283,44.283,0.0
2019-09-24,29.7,21.2,25.3,0.0,20.6,46.1,21.69,Morondava,-20.283,44.283,0.0
2019-09-25,30.0,22.3,25.3,0.0,27.0,57.6,21.08,Morondava,-20.283,44.283,0.0
2019-09-26,27.3,19.6,23.4,0.0,22.2,50.8,24.84,Morondava,-20.283,44.283,0.0
2019-09-27,27.8,20.2,23.9,0.6,20.0,45.4,23.25,Morondava,-20.283,44.283,0.0
2019-09-28,27.5,20.9,23.8,0.8,16.3,41.0,23.31,Morondava,-20.283,44.283,0.0
2019-09-29,28.4,19.3,23.5,0.0,18.0,41.8,25.37,Morondava,-20.283,44.283,0.0
2019-09-30,31.4,17.2,24.3,0.0,15.3,37.1,25.6,Morondava,-20.283,44.283,0.0
2019-10-01,32.3,21.1,26.7,0.0,18.9,43.9,23.81,Morondava,-20.283,44.283,0.0
2019-10-02,34.6,25.4,28.4,0.0,27.8,60.8,23.04,Morondava,-20.283,44.283,0.0
2019-10-03,31.8,23.6,27.2,0.0,15.8,40.0,23.88,Morondava,-20.283,44.283,0.0
2019-10-04,30.8,22.7,26.1,0.0,17.5,40.0,23.63,Morondava,-20.283,44.283,0.0
2019-10-05,30.4,21.3,25.6,0.0,19.9,46.4,23.76,Morondava,-20.283,44.283,0.0
2019-10-06,31.6,20.3,26.1,0.0,17.3,41.8,23.54,Morondava,-20.283,44.283,0.0
2019-10-07,31.9,23.3,27.5,0.0,20.5,46.8,24.01,Morondava,-20.283,44.283,0.0
2019-10-08,32.7,23.6,28.0,0.0,19.1,41.8,24.58,Morondava,-20.283,44.283,0.0
2019-10-09,32.0,23.6,27.6,0.0,16.8,42.1,24.81,Morondava,-20.283,44.283,0.0
2019-10-10,31.6,23.2,27.6,0.0,16.2,40.7,25.4,Morondava,-20.283,44.283,0.0
2019-10-11,32.2,23.6,27.6,0.0,18.4,42.5,23.94,Morondava,-20.283,44.283,0.0
2019-10-12,32.9,22.9,27.9,0.0,15.3,41.0,23.4,Morondava,-20.283,44.283,0.0
2019-10-13,31.4,23.6,27.2,0.0,19.1,45.4,23.19,Morondava,-20.283,44.283,0.0
2019-10-14,31.0,24.3,26.9,0.0,18.8,45.4,24.76,Morondava,-20.283,44.283,0.0
2019-10-15,30.5,22.3,25.9,0.0,21.1,47.2,26.76,Morondava,-20.283,44.283,0.0
2019-10-16,30.8,20.9,26.0,0.0,20.6,44.6,23.12,Morondava,-20.283,44.283,0.0
2019-10-17,32.5,24.3,27.7,0.0,21.6,49.3,24.8,Morondava,-20.283,44.283,0.0
2019-10-18,32.9,23.8,27.4,0.0,19.9,47.5,24.73,Morondava,-20.283,44.283,0.0
2019-10-19,31.5,23.4,26.9,0.1,21.2,48.2,23.35,Morondava,-20.283,44.283,0.0
2019-10-20,30.1,22.8,26.5,0.0,16.3,41.8,23.44,Morondava,-20.283,44.283,0.0
2019-10-21,30.1,22.6,26.4,0.0,16.5,41.0,26.75,Morondava,-20.283,44.283,0.0
2019-10-22,32.4,23.3,27.3,0.0,21.5,49.0,24.74,Morondava,-20.283,44.283,0.0
2019-10-23,32.2,23.4,27.3,0.0,18.5,43.6,25.36,Morondava,-20.283,44.283,0.0
2019-10-24,31.9,24.3,28.0,0.0,16.1,40.3,25.03,Morondava,-20.283,44.283,0.0
2019-10-25,31.6,25.3,28.4,0.0,18.9,43.9,25.9,Morondava,-20.283,44.283,0.0
2019-10-26,31.8,26.1,28.6,0.0,18.2,41.8,26.48,Morondava,-20.283,44.283,0.0
2019-10-27,31.8,25.9,28.4,0.0,18.8,45.0,25.38,Morondava,-20.283,44.283,0.0
2019-10-28,31.6,25.9,28.3,0.0,18.3,46.1,25.32,Morondava,-20.283,44.283,0.0
2019-10-29,32.0,25.5,28.5,0.0,15.6,42.5,25.2,Morondava,-20.283,44.283,0.0
2019-10-30,32.9,25.6,29.0,0.0,20.3,48.2,26.49,Morondava,-20.283,44.283,0.0
2019-10-31,34.8,25.7,30.1,0.0,22.0,49.7,27.05,Morondava,-20.283,44.283,0.0
2019-11-01,36.6,27.8,31.4,0.0,21.9,50.0,26.96,Morondava,-20.283,44.283,0.0
2019-11-02,35.1,25.1,29.1,0.0,23.0,52.9,27.31,Morondava,-20.283,44.283,0.0
2019-11-03,30.6,22.6,27.0,0.3,23.9,51.8,27.39,Morondava,-20.283,44.283,0.0
2019-11-04,32.4,21.6,26.9,0.0,21.0,49.0,28.69,Morondava,-20.283,44.283,0.0
2019-11-05,31.9,23.1,27.5,0.0,20.3,45.4,26.38,Morondava,-20.283,44.283,0.0
2019-11-06,32.0,24.7,28.2,0.0,15.7,39.6,27.18,Morondava,-20.283,44.283,0.0
2019-11-07,32.8,25.1,28.7,0.0,17.7,43.6,25.89,Morondava,-20.283,44.283,0.0
2019-11-08,33.7,25.8,29.0,0.5,15.5,40.3,26.19,Morondava,-20.283,44.283,0.0
2019-11-09,34.0,25.1,29.1,0.0,19.1,43.6,26.5,Morondava,-20.283,44.283,0.0
2019-11-10,35.0,26.9,29.9,0.0,19.4,45.0,25.9,Morondava,-20.283,44.283,0.0
2019-11-11,32.4,24.6,28.4,0.0,17.6,41.8,28.67,Morondava,-20.283,44.283,0.0
2019-11-12,31.1,23.1,27.5,0.0,18.4,44.3,28.78,Morondava,-20.283,44.283,0.0
2019-11-13,31.8,24.3,27.9,0.0,18.4,45.0,28.51,Morondava,-20.283,44.283,0.0
2019-11-14,31.7,23.9,27.8,0.0,18.4,42.8,28.15,Morondava,-20.283,44.283,0.0
2019-11-15,32.2,24.1,28.2,1.8,18.5,45.0,25.57,Morondava,-20.283,44.283,0.0
2019-11-16,28.3,23.3,25.9,34.9,24.5,59.4,9.87,Morondava,-20.283,44.283,0.0
2019-11-17,28.2,23.6,26.0,49.2,28.8,62.6,14.36,Morondava,-20.283,44.283,0.0
2019-11-18,29.5,23.8,26.7,2.8,11.8,37.4,20.48,Morondava,-20.283,44.283,0.0
2019-11-19,31.7,24.3,27.9,0.0,15.5,39.2,27.74,Morondava,-20.283,44.283,0.0
2019-11-20,32.3,24.6,28.2,0.0,16.2,37.8,27.97,Morondava,-20.283,44.283,0.0
2019-11-21,31.6,23.4,27.7,0.0,15.6,37.1,28.45,Morondava,-20.283,44.283,0.0
2019-11-22,31.1,23.8,27.6,0.0,16.6,37.8,28.07,Morondava,-20.283,44.283,0.0
2019-11-23,31.2,24.1,28.0,0.0,16.9,39.2,25.26,Morondava,-20.283,44.283,0.0
2019-11-24,32.6,24.6,28.5,0.7,16.8,43.2,26.93,Morondava,-20.283,44.283,0.0
2019-11-25,30.9,24.6,27.9,2.5,14.3,34.6,23.92,Morondava,-20.283,44.283,0.0
2019-11-26,31.1,25.4,28.2,0.6,12.2,32.4,22.56,Morondava,-20.283,44.283,0.0
2019-11-27,30.8,26.1,28.2,1.3,19.1,42.5,25.12,Morondava,-20.283,44.283,0.0
2019-11-28,31.3,25.7,28.5,0.0,16.6,40.0,26.68,Morondava,-20.283,44.283,0.0
2019-11-29,32.3,23.9,28.3,0.0,15.3,37.4,27.71,Morondava,-20.283,44.283,0.0
2019-11-30,33.3,26.0,29.4,0.0,14.8,36.4,25.27,Morondava,-20.283,44.283,0.0
2019-12-01,31.8,26.4,29.0,0.0,17.3,40.7,26.04,Morondava,-20.283,44.283,0.0
2019-12-02,32.1,26.2,29.1,0.0,19.0,45.0,27.75,Morondava,-20.283,44.283,0.0
2019-12-03,31.8,26.2,28.8,0.5,19.0,44.6,26.1,Morondava,-20.283,44.283,0.0
2019-12-04,32.0,25.1,28.5,0.0,18.6,42.1,28.32,Morondava,-20.283,44.283,0.0
2019-12-05,34.5,25.2,29.7,0.0,24.5,52.9,28.44,Morondava,-20.283,44.283,0.0
2019-12-06,33.3,26.3,29.6,0.0,19.5,45.7,29.2,Morondava,-20.283,44.283,0.0
2019-12-07,31.4,25.0,27.9,0.0,17.4,42.8,29.33,Morondava,-20.283,44.283,0.0
2019-12-08,31.0,23.5,27.4,0.0,19.7,45.4,29.44,Morondava,-20.283,44.283,0.0
2019-12-09,31.4,22.9,27.4,0.0,23.8,53.3,30.03,Morondava,-20.283,44.283,0.0
2019-12-10,34.1,25.0,28.7,3.7,22.4,49.7,21.37,Morondava,-20.283,44.283,0.0
2019-12-11,30.3,24.0,26.5,21.7,19.9,38.5,10.28,Morondava,-20.283,44.283,0.0
2019-12-12,31.2,24.8,28.1,0.0,15.9,38.2,27.32,Morondava,-20.283,44.283,0.0
2019-12-13,29.5,25.5,27.3,5.4,20.7,53.6,19.71,Morondava,-20.283,44.283,0.0
2019-12-14,29.7,24.8,27.2,5.4,16.7,40.0,24.44,Morondava,-20.283,44.283,0.0
2019-12-15,30.4,24.5,27.4,0.9,16.5,40.3,28.99,Morondava,-20.283,44.283,0.0
2019-12-16,30.4,23.7,27.2,1.3,18.1,39.2,23.8,Morondava,-20.283,44.283,0.0
2019-12-17,33.6,24.8,29.1,0.5,18.4,42.8,26.85,Morondava,-20.283,44.283,0.0
2019-12-18,32.2,25.8,29.0,1.5,14.4,41.8,25.84,Morondava,-20.283,44.283,0.0
2019-12-19,32.8,24.2,28.6,6.0,15.2,38.5,26.51,Morondava,-20.283,44.283,0.0
2019-12-20,33.1,26.0,29.2,0.5,17.8,43.2,27.09,Morondava,-20.283,44.283,0.0
2019-12-21,34.2,25.1,29.3,0.3,19.6,44.3,28.58,Morondava,-20.283,44.283,0.0
2019-12-22,32.2,26.1,29.2,0.2,12.9,32.8,21.15,Morondava,-20.283,44.283,0.0
2019-12-23,33.9,26.1,29.7,0.0,17.3,44.3,27.95,Morondava,-20.283,44.283,0.0
2019-12-24,34.2,26.2,30.1,0.0,18.0,42.5,27.56,Morondava,-20.283,44.283,0.0
2019-12-25,34.9,26.4,30.5,0.1,20.7,48.2,26.72,Morondava,-20.283,44.283,0.0
2019-12-26,34.5,27.8,31.0,0.5,20.2,47.9,27.68,Morondava,-20.283,44.283,0.0
2019-12-27,33.4,28.1,30.5,0.1,16.9,42.1,25.2,Morondava,-20.283,44.283,0.0
2019-12-28,32.3,27.0,29.8,0.3,22.0,48.2,25.89,Morondava,-20.283,44.283,0.0
2019-12-29,31.7,26.6,29.3,0.3,16.3,38.5,24.27,Morondava,-20.283,44.283,0.0
2019-12-30,31.3,25.6,28.4,8.3,15.3,38.9,23.99,Morondava,-20.283,44.283,0.0
2019-12-31,30.5,25.3,27.7,7.3,19.1,43.9,23.41,Morondava,-20.283,44.283,0.0
2020-01-01,30.2,25.1,27.4,7.1,15.7,36.4,22.12,Morondava,-20.283,44.283,0.0
2020-01-02,30.9,25.0,27.6,9.2,14.4,36.0,25.57,Morondava,-20.283,44.283,0.0
2020-01-03,31.3,24.5,27.6,7.2,14.4,35.6,24.97,Morondava,-20.283,44.283,0.0
2020-01-04,31.0,24.7,28.0,0.4,17.3,39.2,26.48,Morondava,-20.283,44.283,0.0
2020-01-05,31.3,25.1,28.3,1.2,13.7,34.9,24.36,Morondava,-20.283,44.283,0.0
2020-01-06,31.8,25.4,28.3,0.6,14.1,36.4,26.64,Morondava,-20.283,44.283,0.0
2020-01-07,32.0,24.5,28.1,1.5,15.5,40.7,27.93,Morondava,-20.283,44.283,0.0
2020-01-08,31.4,24.0,27.8,0.5,15.0,37.4,26.95,Morondava,-20.283,44.283,0.0
2020-01-09,31.9,25.2,28.2,0.9,14.9,37.8,23.49,Morondava,-20.283,44.283,0.0
2020-01-10,31.5,24.9,28.3,2.2,14.3,37.1,26.05,Morondava,-20.283,44.283,0.0
2020-01-11,31.3,26.2,29.0,1.0,15.5,37.4,22.97,Morondava,-20.283,44.283,0.0
2020-01-12,32.3,25.5,29.0,5.1,14.5,37.8,25.75,Morondava,-20.283,44.283,0.0
2020-01-13,29.9,24.8,27.2,16.9,12.4,31.7,19.84,Morondava,-20.283,44.283,0.0
2020-01-14,31.6,24.1,28.0,3.5,15.2,36.4,28.32,Morondava,-20.283,44.283,0.0
2020-01-15,31.6,24.3,28.0,8.5,15.6,37.4,27.48,Morondava,-20.283,44.283,0.0
2020-01-16,32.5,25.4,28.9,1.3,15.6,38.9,26.46,Morondava,-20.283,44.283,0.0
2020-01-17,31.8,26.0,28.7,5.2,13.3,34.2,24.8,Morondava,-20.283,44.283,0.0
2020-01-18,31.6,25.0,27.9,19.6,13.3,39.2,25.79,Morondava,-20.283,44.283,0.0
2020-01-19,30.6,24.8,27.1,30.8,22.0,50.4,21.79,Morondava,-20.283,44.283,0.0
2020-01-20,26.5,25.0,25.7,107.8,25.8,53.3,3.45,Morondava,-20.283,44.283,0.0
2020-01-21,29.4,24.4,26.5,12.0,15.5,30.2,15.99,Morondava,-20.283,44.283,0.0
2020-01-22,30.2,24.2,26.7,16.5,15.8,36.7,20.54,Morondava,-20.283,44.283,0.0
2020-01-23,32.0,23.7,27.7,0.5,15.2,39.2,25.34,Morondava,-20.283,44.283,0.0
2020-01-24,30.0,25.4,27.6,1.2,12.7,32.4,23.95,Morondava,-20.283,44.283,0.0
2020-01-25,30.4,25.0,27.5,0.9,9.2,26.6,23.85,Morondava,-20.283,44.283,0.0
2020-01-26,29.9,24.3,26.9,8.1,14.3,36.0,19.73,Morondava,-20.283,44.283,0.0
2020-01-27,30.3,25.3,27.4,1.8,14.9,34.2,25.99,Morondava,-20.283,44.283,0.0
2020-01-28,30.7,24.6,27.5,0.2,16.7,38.5,27.31,Morondava,-20.283,44.283,0.0
2020-01-29,30.8,24.0,27.5,0.0,13.3,31.7,29.25,Morondava,-20.283,44.283,0.0
2020-01-30,31.0,23.6,27.5,0.0,15.5,36.7,29.64,Morondava,-20.283,44.283,0.0
2020-01-31,32.2,25.4,28.4,3.7,12.1,38.9,26.59,Morondava,-20.283,44.283,0.0
2020-02-01,31.9,24.5,28.0,7.7,11.8,27.7,23.99,Morondava,-20.283,44.283,0.0
2020-02-02,31.4,25.3,28.3,0.7,12.0,28.8,24.54,Morondava,-20.283,44.283,0.0
2020-02-03,33.6,25.2,28.8,0.0,15.8,36.4,29.28,Morondava,-20.283,44.283,0.0
2020-02-04,32.8,25.3,28.9,0.0,14.3,36.0,28.04,Morondava,-20.283,44.283,0.0
2020-02-05,32.4,24.5,28.7,0.0,12.8,31.7,27.23,Morondava,-20.283,44.283,0.0
2020-02-06,32.0,25.8,28.9,0.3,13.8,35.3,24.89,Morondava,-20.283,44.283,0.0
2020-02-07,31.7,26.0,28.5,1.7,13.0,33.1,25.12,Morondava,-20.283,44.283,0.0
2020-02-08,31.8,26.0,28.9,0.0,13.0,34.9,26.94,Morondava,-20.283,44.283,0.0
2020-02-09,32.1,26.0,29.0,0.0,14.8,36.7,25.43,Morondava,-20.283,44.283,0.0
2020-02-10,31.5,26.0,28.8,0.1,15.9,38.9,24.98,Morondava,-20.283,44.283,0.0
2020-02-11,32.1,24.7,28.8,0.0,18.1,40.7,29.05,Morondava,-20.283,44.283,0.0
2020-02-12,33.1,24.8,29.3,0.0,17.2,41.0,28.36,Morondava,-20.283,44.283,0.0
2020-02-13,32.6,25.5,29.1,1.1,16.9,41.4,24.38,Morondava,-20.283,44.283,0.0
2020-02-14,30.6,25.0,27.6,12.4,14.6,34.6,17.4,Morondava,-20.283,44.283,0.0
2020-02-15,31.5,24.7,27.8,6.8,14.3,38.9,20.42,Morondava,-20.283,44.283,0.0
2020-02-16,32.1,25.1,28.4,8.6,12.3,38.2,24.51,Morondava,-20.283,44.283,0.0
2020-02-17,31.2,24.3,27.0,16.4,12.1,37.8,18.5,Morondava,-20.283,44.283,0.0
2020-02-18,30.7,24.5,27.5,2.8,11.0,39.2,21.24,Morondava,-20.283,44.283,0.0
2020-02-19,31.1,24.9,27.6,5.5,15.8,36.7,24.88,Morondava,-20.283,44.283,0.0
2020-02-20,30.4,24.8,27.1,6.1,13.2,30.2,21.97,Morondava,-20.283,44.283,0.0
2020-02-21,30.1,24.6,27.0,2.7,16.2,38.5,22.02,Morondava,-20.283,44.283,0.0
2020-02-22,29.5,24.2,26.4,10.0,20.1,50.4,20.37,Morondava,-20.283,44.283,0.0
2020-02-23,30.2,24.3,27.1,3.8,19.2,42.1,22.54,Morondava,-20.283,44.283,0.0
2020-02-24,29.7,24.6,27.0,2.0,15.3,34.6,21.39,Morondava,-20.283,44.283,0.0
2020-02-25,30.8,25.3,27.8,2.8,13.3,34.2,21.84,Morondava,-20.283,44.283,0.0
2020-02-26,31.4,24.8,28.1,0.2,10.5,32.4,25.71,Morondava,-20.283,44.283,0.0
2020-02-27,31.6,25.1,28.1,1.4,11.2,31.0,24.56,Morondava,-20.283,44.283,0.0
2020-02-28,30.9,25.7,28.3,0.4,15.1,36.7,22.31,Morondava,-20.283,44.283,0.0
2020-02-29,32.5,25.2,28.6,0.2,18.5,41.0,25.72,Morondava,-20.283,44.283,0.0
2020-03-01,32.5,23.0,28.0,0.0,20.5,44.6,26.0,Morondava,-20.283,44.283,0.0
2020-03-02,31.8,24.5,27.9,2.3,14.5,31.0,22.92,Morondava,-20.283,44.283,0.0
2020-03-03,30.5,24.6,27.5,0.7,12.7,32.4,22.28,Morondava,-20.283,44.283,0.0
2020-03-04,31.8,24.7,28.1,0.8,14.8,35.6,23.6,Morondava,-20.283,44.283,0.0
2020-03-05,34.1,25.4,29.0,0.2,15.7,35.6,24.35,Morondava,-20.283,44.283,0.0
2020-03-06,33.5,24.7,28.8,0.0,17.1,38.9,26.9,Morondava,-20.283,44.283,0.0
2020-03-07,35.7,25.9,29.8,0.2,21.0,45.7,23.83,Morondava,-20.283,44.283,0.0
2020-03-08,35.5,26.1,30.2,0.4,16.4,39.6,24.96,Morondava,-20.283,44.283,0.0
2020-03-09,35.2,26.0,30.0,0.1,16.5,40.7,24.79,Morondava,-20.283,44.283,0.0
2020-03-10,34.7,25.4,29.5,0.1,16.4,39.6,25.54,Morondava,-20.283,44.283,0.0
2020-03-11,35.4,25.4,29.8,0.1,15.9,37.4,24.77,Morondava,-20.283,44.283,0.0
2020-03-12,35.2,25.4,29.6,0.0,19.7,43.9,24.9,Morondava,-20.283,44.283,0.0
2020-03-13,35.7,25.2,29.7,0.0,20.3,46.1,26.12,Morondava,-20.283,44.283,0.0
2020-03-14,36.0,24.5,29.4,0.0,19.4,45.0,26.74,Morondava,-20.283,44.283,0.0
2020-03-15,33.3,24.5,29.0,0.0,15.5,38.9,24.76,Morondava,-20.283,44.283,0.0
2020-03-16,31.8,25.2,28.7,0.0,17.3,42.1,24.35,Morondava,-20.283,44.283,0.0
2020-03-17,32.3,25.4,28.6,0.0,17.7,40.3,24.63,Morondava,-20.283,44.283,0.0
2020-03-18,31.9,24.1,28.3,0.0,15.3,38.9,24.68,Morondava,-20.283,44.283,0.0
2020-03-19,31.5,25.1,28.0,0.7,14.5,40.0,22.61,Morondava,-20.283,44.283,0.0
2020-03-20,31.4,24.3,27.9,0.1,14.3,37.1,23.79,Morondava,-20.283,44.283,0.0
2020-03-21,31.8,24.2,28.0,0.3,17.0,40.3,23.73,Morondava,-20.283,44.283,0.0
2020-03-22,32.6,24.9,28.7,0.0,13.5,40.0,22.17,Morondava,-20.283,44.283,0.0
2020-03-23,31.8,25.9,28.7,5.9,13.2,32.8,21.04,Morondava,-20.283,44.283,0.0
2020-03-24,32.1,25.2,28.7,0.2,16.6,38.2,22.59,Morondava,-20.283,44.283,0.0
2020-03-25,32.5,25.0,28.6,0.0,14.7,36.0,22.88,Morondava,-20.283,44.283,0.0
2020-03-26,32.7,25.2,28.7,0.1,16.0,40.0,23.53,Morondava,-20.283,44.283,0.0
2020-03-27,32.7,24.7,28.5,0.0,20.9,45.7,23.79,Morondava,-20.283,44.283,0.0
2020-03-28,31.9,24.1,28.1,0.0,17.8,42.8,24.25,Morondava,-20.283,44.283,0.0
2020-03-29,31.4,23.7,27.8,0.0,21.3,49.3,23.64,Morondava,-20.283,44.283,0.0
2020-03-30,33.7,23.4,27.9,0.0,25.2,54.7,24.06,Morondava,-20.283,44.283,0.0
2020-03-31,32.9,22.9,27.7,0.0,18.8,43.9,24.47,Morondava,-20.283,44.283,0.0
2020-04-01,31.5,22.8,27.4,0.0,19.6,42.8,24.06,Morondava,-20.283,44.283,0.0
2020-04-02,31.0,22.7,27.0,0.0,17.8,42.5,23.14,Morondava,-20.283,44.283,0.0
2020-04-03,33.4,23.4,28.1,0.0,15.0,36.4,20.73,Morondava,-20.283,44.283,0.0
2020-04-04,32.6,25.0,28.0,1.0,18.6,42.1,21.16,Morondava,-20.283,44.283,0.0
2020-04-05,30.7,23.8,26.7,4.2,18.7,43.6,18.49,Morondava,-20.283,44.283,0.0
2020-04-06,29.0,23.8,26.2,5.8,13.3,42.8,19.38,Morondava,-20.283,44.283,0.0
2020-04-07,29.6,23.3,26.2,0.0,13.4,33.1,22.34,Morondava,-20.283,44.283,0.0
2020-04-08,30.8,22.8,26.6,0.0,15.5,34.6,22.07,Morondava,-20.283,44.283,0.0
2020-04-09,34.1,22.7,27.6,0.0,20.7,44.6,21.46,Morondava,-20.283,44.283,0.0
2020-04-10,34.1,24.8,28.4,0.0,17.2,37.8,20.98,Morondava,-20.283,44.283,0.0
2020-04-11,32.2,23.7,27.7,0.0,16.3,38.5,20.96,Morondava,-20.283,44.283,0.0
2020-04-12,32.1,24.8,27.9,0.0,16.7,37.4,18.85,Morondava,-20.283,44.283,0.0
2020-04-13,32.4,24.0,28.0,0.0,17.1,40.3,20.57,Morondava,-20.283,44.283,0.0
2020-04-14,33.5,25.1,28.6,0.0,18.5,43.2,20.99,Morondava,-20.283,44.283,0.0
2020-04-15,33.4,24.6,28.5,0.0,17.7,41.0,20.51,Morondava,-20.283,44.283,0.0
2020-04-16,34.3,25.0,29.0,0.0,19.8,44.6,20.32,Morondava,-20.283,44.283,0.0
2020-04-17,33.4,25.4,28.8,0.0,17.8,39.6,20.99,Morondava,-20.283,44.283,0.0
2020-04-18,32.9,23.2,27.8,0.0,18.0,42.1,21.47,Morondava,-20.283,44.283,0.0
2020-04-19,33.6,23.1,27.8,0.0,19.9,46.4,21.06,Morondava,-20.283,44.283,0.0
2020-04-20,34.8,24.6,28.7,0.0,20.4,46.4,20.92,Morondava,-20.283,44.283,0.0
2020-04-21,33.1,23.9,27.4,3.1,19.4,43.6,17.07,Morondava,-20.283,44.283,0.0
2020-04-22,28.0,22.4,24.5,32.8,13.1,26.6,7.86,Morondava,-20.283,44.283,0.0
2020-04-23,30.4,21.4,25.8,0.0,12.9,32.0,20.35,Morondava,-20.283,44.283,0.0
2020-04-24,30.6,22.2,26.2,0.6,13.5,35.3,19.84,Morondava,-20.283,44.283,0.0
2020-04-25,29.5,22.7,26.1,0.0,13.4,33.8,19.85,Morondava,-20.283,44.283,0.0
2020-04-26,30.1,23.3,26.3,0.0,17.6,39.2,19.15,Morondava,-20.283,44.283,0.0
2020-04-27,32.8,21.8,26.6,0.0,17.3,39.6,20.64,Morondava,-20.283,44.283,0.0
2020-04-28,31.6,23.8,27.2,0.3,14.8,35.6,17.14,Morondava,-20.283,44.283,0.0
2020-04-29,31.0,24.1,27.2,0.0,15.8,37.1,19.03,Morondava,-20.283,44.283,0.0
2020-04-30,31.7,23.9,27.2,0.0,15.2,35.6,18.68,Morondava,-20.283,44.283,0.0
2020-05-01,31.7,23.6,26.9,0.0,16.6,37.8,17.97,Morondava,-20.283,44.283,0.0
2020-05-02,31.9,21.9,26.4,0.0,22.6,47.9,20.15,Morondava,-20.283,44.283,0.0
2020-05-03,28.2,20.3,24.5,0.0,15.0,37.1,20.13,Morondava,-20.283,44.283,0.0
2020-05-04,29.6,19.3,24.7,0.0,16.6,37.8,19.57,Morondava,-20.283,44.283,0.0
2020-05-05,31.9,20.6,26.0,0.0,17.0,40.0,19.43,Morondava,-20.283,44.283,0.0
2020-05-06,30.9,21.4,26.0,0.0,15.5,37.1,19.34,Morondava,-20.283,44.283,0.0
2020-05-07,30.6,20.5,25.6,0.0,20.1,42.5,19.06,Morondava,-20.283,44.283,0.0
2020-05-08,31.1,20.6,25.3,0.0,18.6,41.4,18.82,Morondava,-20.283,44.283,0.0
2020-05-09,31.8,19.3,24.8,0.0,15.9,37.8,19.43,Morondava,-20.283,44.283,0.0
2020-05-10,31.6,20.2,25.6,0.0,16.4,38.5,17.86,Morondava,-20.283,44.283,0.0
2020-05-11,31.4,21.5,26.1,0.0,15.8,38.5,17.06,Morondava,-20.283,44.283,0.0
2020-05-12,26.5,22.0,24.4,14.3,12.6,37.4,12.85,Morondava,-20.283,44.283,0.0
2020-05-13,27.2,21.7,24.5,0.6,14.9,34.9,15.9,Morondava,-20.283,44.283,0.0
2020-05-14,27.2,20.9,23.9,1.5,15.6,37.1,15.89,Morondava,-20.283,44.283,0.0
2020-05-15,28.0,20.1,23.7,0.0,22.2,46.4,18.41,Morondava,-20.283,44.283,0.0
2020-05-16,27.8,18.3,22.7,0.0,22.5,48.6,18.75,Morondava,-20.283,44.283,0.0
2020-05-17,31.9,18.3,24.2,0.0,17.1,35.6,19.07,Morondava,-20.283,44.283,0.0
2020-05-18,30.7,19.3,24.1,0.0,17.3,39.2,18.44,Morondava,-20.283,44.283,0.0
2020-05-19,31.0,19.3,23.8,0.0,18.1,41.0,18.47,Morondava,-20.283,44.283,0.0
2020-05-20,30.2,18.9,23.6,0.0,15.9,36.4,18.12,Morondava,-20.283,44.283,0.0
2020-05-21,31.3,19.5,24.4,0.0,16.2,34.9,17.75,Morondava,-20.283,44.283,0.0
2020-05-22,30.7,20.6,24.8,0.0,17.9,40.3,17.99,Morondava,-20.283,44.283,0.0
2020-05-23,30.5,19.6,24.1,0.0,14.5,34.2,17.93,Morondava,-20.283,44.283,0.0
2020-05-24,27.5,19.0,23.2,0.0,16.5,36.7,17.76,Morondava,-20.283,44.283,0.0
2020-05-25,28.0,18.3,23.1,0.0,14.3,35.3,17.57,Morondava,-20.283,44.283,0.0
2020-05-26,28.8,19.7,23.5,0.0,13.5,33.1,16.76,Morondava,-20.283,44.283,0.0
2020-05-27,30.7,18.5,24.3,0.0,12.7,31.7,17.43,Morondava,-20.283,44.283,0.0
2020-05-28,32.4,21.5,25.2,0.0,19.8,42.5,17.05,Morondava,-20.283,44.283,0.0
2020-05-29,31.2,20.5,24.8,0.0,21.5,45.4,17.03,Morondava,-20.283,44.283,0.0
2020-05-30,31.2,19.1,24.4,0.0,20.8,46.1,17.49,Morondava,-20.283,44.283,0.0
2020-05-31,31.0,20.1,24.3,0.0,18.9,42.8,17.41,Morondava,-20.283,44.283,0.0
2020-06-01,31.9,19.9,25.0,0.0,15.6,37.4,17.01,Morondava,-20.283,44.283,0.0
2020-06-02,30.7,20.5,24.8,0.0,17.7,40.0,17.23,Morondava,-20.283,44.283,0.0
2020-06-03,31.2,20.0,24.7,0.0,15.7,36.0,17.32,Morondava,-20.283,44.283,0.0
2020-06-04,30.0,18.3,24.0,0.0,15.7,35.6,16.97,Morondava,-20.283,44.283,0.0
2020-06-05,28.5,20.6,24.0,0.0,14.0,31.7,12.86,Morondava,-20.283,44.283,0.0
2020-06-06,29.0,20.5,24.3,0.0,15.3,39.2,15.28,Morondava,-20.283,44.283,0.0
2020-06-07,31.5,21.6,25.2,1.1,15.6,36.7,15.18,Morondava,-20.283,44.283,0.0
2020-06-08,29.1,21.4,24.2,1.1,10.9,37.4,13.71,Morondava,-20.283,44.283,0.0
2020-06-09,28.7,20.0,24.0,0.0,16.1,36.4,16.1,Morondava,-20.283,44.283,0.0
2020-06-10,30.9,19.4,23.9,0.0,15.7,35.6,17.16,Morondava,-20.283,44.283,0.0
2020-06-11,29.6,18.4,23.3,0.0,15.3,36.0,17.09,Morondava,-20.283,44.283,0.0
2020-06-12,28.7,17.8,23.2,0.0,14.1,34.2,16.88,Morondava,-20.283,44.283,0.0
2020-06-13,31.5,20.4,24.6,0.0,24.5,51.8,17.08,Morondava,-20.283,44.283,0.0
2020-06-14,30.9,19.1,24.2,0.0,20.2,43.9,17.07,Morondava,-20.283,44.283,0.0
2020-06-15,29.5,19.4,23.7,0.0,17.8,38.9,16.86,Morondava,-20.283,44.283,0.0
2020-06-16,29.8,18.5,23.6,0.0,21.5,46.1,16.61,Morondava,-20.283,44.283,0.0
2020-06-17,31.0,20.6,25.1,0.0,18.4,38.5,15.96,Morondava,-20.283,44.283,0.0
2020-06-18,30.0,19.3,23.7,0.0,17.6,38.5,16.87,Morondava,-20.283,44.283,0.0
2020-06-19,30.1,18.1,23.3,0.0,16.6,38.9,16.95,Morondava,-20.283,44.283,0.0
2020-06-20,25.9,20.5,22.6,2.1,14.4,31.7,5.05,Morondava,-20.283,44.283,0.0
2020-06-21,26.1,19.8,22.0,6.5,11.9,22.7,8.95,Morondava,-20.283,44.283,0.0
2020-06-22,28.7,19.3,23.7,0.0,16.4,36.4,15.24,Morondava,-20.283,44.283,0.0
2020-06-23,30.5,21.4,25.0,0.0,17.8,38.2,14.01,Morondava,-20.283,44.283,0.0
2020-06-24,29.7,20.4,24.3,0.0,17.7,39.6,16.22,Morondava,-20.283,44.283,0.0
2020-06-25,29.1,19.7,23.8,0.0,12.8,31.7,15.84,Morondava,-20.283,44.283,0.0
2020-06-26,28.5,20.6,23.8,0.4,15.0,35.3,15.81,Morondava,-20.283,44.283,0.0
2020-06-27,28.0,20.6,23.7,0.1,13.6,33.8,15.94,Morondava,-20.283,44.283,0.0
2020-06-28,30.0,19.7,24.0,0.0,16.7,38.2,16.35,Morondava,-20.283,44.283,0.0
2020-06-29,29.8,18.1,23.7,0.0,18.3,36.0,16.62,Morondava,-20.283,44.283,0.0
2020-06-30,29.7,18.8,23.6,0.0,22.9,48.2,17.06,Morondava,-20.283,44.283,0.0
2020-07-01,30.7,18.6,23.6,0.0,20.6,43.9,17.01,Morondava,-20.283,44.283,0.0
2020-07-02,30.6,19.9,24.2,0.0,16.1,36.7,16.85,Morondava,-20.283,44.283,0.0
2020-07-03,28.4,18.0,22.6,0.0,16.8,37.8,17.05,Morondava,-20.283,44.283,0.0
2020-07-04,30.0,17.4,22.7,0.0,20.5,46.1,17.28,Morondava,-20.283,44.283,0.0
2020-07-05,29.4,19.7,23.4,0.0,19.0,39.6,14.71,Morondava,-20.283,44.283,0.0
2020-07-06,31.9,18.4,23.4,0.0,19.8,43.6,17.47,Morondava,-20.283,44.283,0.0
2020-07-07,30.3,18.3,23.4,0.0,16.5,34.2,17.57,Morondava,-20.283,44.283,0.0
2020-07-08,32.5,17.8,24.1,0.0,19.6,42.5,17.61,Morondava,-20.283,44.283,0.0
2020-07-09,31.0,20.4,24.7,0.0,20.4,40.3,17.26,Morondava,-20.283,44.283,0.0
2020-07-10,29.2,18.9,23.3,0.0,16.3,36.7,17.48,Morondava,-20.283,44.283,0.0
2020-07-11,28.8,19.4,23.2,0.0,18.1,41.0,17.33,Morondava,-20.283,44.283,0.0
2020-07-12,29.3,17.9,23.3,0.0,17.1,35.3,17.11,Morondava,-20.283,44.283,0.0
2020-07-13,27.4,19.2,22.8,0.0,18.7,42.8,15.7,Morondava,-20.283,44.283,0.0
2020-07-14,27.2,17.0,21.9,0.0,18.1,40.7,17.6,Morondava,-20.283,44.283,0.0
2020-07-15,28.7,17.7,22.7,0.0,26.5,52.6,17.54,Morondava,-20.283,44.283,0.0
2020-07-16,29.4,20.6,24.1,0.0,23.5,50.8,13.98,Morondava,-20.283,44.283,0.0
2020-07-17,30.0,19.3,24.0,0.0,21.7,46.4,18.13,Morondava,-20.283,44.283,0.0
2020-07-18,30.4,18.1,24.1,0.0,20.6,43.9,17.98,Morondava,-20.283,44.283,0.0
2020-07-19,30.0,19.0,23.5,0.0,18.8,41.0,18.3,Morondava,-20.283,44.283,0.0
2020-07-20,29.0,17.6,22.5,0.0,16.6,38.5,18.55,Morondava,-20.283,44.283,0.0
2020-07-21,28.2,16.9,21.9,0.0,17.2,39.2,18.45,Morondava,-20.283,44.283,0.0
2020-07-22,28.7,17.0,22.1,0.0,19.5,45.0,18.59,Morondava,-20.283,44.283,0.0
2020-07-23,28.9,18.8,23.0,0.0,20.1,43.2,18.54,Morondava,-20.283,44.283,0.0
2020-07-24,30.2,19.4,23.9,0.0,23.3,50.0,18.32,Morondava,-20.283,44.283,0.0
2020-07-25,29.5,18.6,23.0,0.0,18.7,41.0,18.68,Morondava,-20.283,44.283,0.0
2020-07-26,28.0,17.8,22.5,0.0,19.0,40.7,18.87,Morondava,-20.283,44.283,0.0
2020-07-27,29.0,16.3,22.0,0.0,25.0,54.0,18.49,Morondava,-20.283,44.283,0.0
2020-07-28,28.9,17.2,22.4,0.0,13.9,33.8,15.59,Morondava,-20.283,44.283,0.0
2020-07-29,27.6,19.0,22.9,0.6,14.9,37.4,15.75,Morondava,-20.283,44.283,0.0
2020-07-30,27.5,20.2,23.2,0.1,19.7,43.2,17.59,Morondava,-20.283,44.283,0.0
2020-07-31,31.3,18.8,23.9,0.0,24.0,50.0,18.71,Morondava,-20.283,44.283,0.0
2020-08-01,30.9,21.0,24.7,0.0,19.2,43.2,16.58,Morondava,-20.283,44.283,0.0
2020-08-02,31.3,19.7,24.6,0.0,19.1,41.4,19.41,Morondava,-20.283,44.283,0.0
2020-08-03,30.0,19.0,23.6,0.0,18.8,40.0,19.51,Morondava,-20.283,44.283,0.0
2020-08-04,28.0,18.2,22.5,0.0,16.6,40.0,19.23,Morondava,-20.283,44.283,0.0
2020-08-05,27.2,17.6,22.2,0.0,20.6,45.7,17.87,Morondava,-20.283,44.283,0.0
2020-08-06,26.5,17.8,22.2,0.0,17.2,41.4,19.14,Morondava,-20.283,44.283,0.0
2020-08-07,26.6,18.7,22.6,0.0,23.0,49.7,17.76,Morondava,-20.283,44.283,0.0
2020-08-08,31.2,20.5,24.9,0.0,22.0,47.9,19.72,Morondava,-20.283,44.283,0.0
2020-08-09,29.5,19.7,23.7,0.0,18.7,41.8,17.76,Morondava,-20.283,44.283,0.0
2020-08-10,26.3,20.5,22.9,0.3,16.3,39.2,14.83,Morondava,-20.283,44.283,0.0
2020-08-11,28.8,19.8,23.5,0.0,20.5,45.7,15.97,Morondava,-20.283,44.283,0.0
2020-08-12,28.9,18.0,23.0,0.0,17.7,41.0,20.25,Morondava,-20.283,44.283,0.0
2020-08-13,27.1,17.5,22.6,0.0,15.3,38.2,20.35,Morondava,-20.283,44.283,0.0
2020-08-14,30.2,17.8,23.2,0.0,24.4,52.2,20.7,Morondava,-20.283,44.283,0.0
2020-08-15,29.0,17.8,22.6,0.0,18.1,42.8,20.62,Morondava,-20.283,44.283,0.0
2020-08-16,28.5,18.3,23.0,0.0,18.5,39.2,20.36,Morondava,-20.283,44.283,0.0
2020-08-17,31.7,17.4,23.8,0.0,21.0,48.2,20.63,Morondava,-20.283,44.283,0.0
2020-08-18,29.0,18.7,23.5,0.0,16.2,41.0,20.73,Morondava,-20.283,44.283,0.0
2020-08-19,27.7,19.1,23.1,0.0,15.0,36.4,19.57,Morondava,-20.283,44.283,0.0
2020-08-20,31.2,20.1,25.0,0.0,22.5,49.3,20.2,Morondava,-20.283,44.283,0.0
2020-08-21,29.5,20.2,24.6,0.0,16.7,37.4,17.38,Morondava,-20.283,44.283,0.0
2020-08-22,31.9,20.3,25.2,0.0,21.5,49.0,19.56,Morondava,-20.283,44.283,0.0
2020-08-23,28.2,21.3,24.5,0.0,18.7,45.4,20.04,Morondava,-20.283,44.283,0.0
2020-08-24,27.7,20.6,23.7,0.0,14.8,37.4,19.44,Morondava,-20.283,44.283,0.0
2020-08-25,30.7,19.8,24.3,0.0,18.8,41.8,20.52,Morondava,-20.283,44.283,0.0
2020-08-26,28.9,20.7,24.3,0.0,15.5,38.5,21.33,Morondava,-20.283,44.283,0.0
2020-08-27,29.8,20.8,24.8,0.0,17.0,40.7,20.81,Morondava,-20.283,44.283,0.0
2020-08-28,27.9,21.0,24.1,0.0,16.3,36.0,21.09,Morondava,-20.283,44.283,0.0
2020-08-29,28.8,20.9,24.3,0.0,17.4,40.7,18.21,Morondava,-20.283,44.283,0.0
2020-08-30,28.3,21.7,24.7,0.0,16.6,36.7,18.19,Morondava,-20.283,44.283,0.0
2020-08-31,28.6,20.6,24.4,0.0,17.7,40.0,20.49,Morondava,-20.283,44.283,0.0
2020-09-01,29.2,19.5,24.3,0.0,18.4,41.4,21.05,Morondava,-20.283,44.283,0.0
2020-09-02,29.3,19.3,24.3,0.0,19.8,47.2,20.63,Morondava,-20.283,44.283,0.0
2020-09-03,30.9,21.8,25.4,0.0,20.2,46.8,22.12,Morondava,-20.283,44.283,0.0
2020-09-04,31.8,19.5,24.7,0.0,25.5,54.0,23.52,Morondava,-20.283,44.283,0.0
2020-09-05,30.5,19.2,23.9,0.0,21.6,48.6,23.31,Morondava,-20.283,44.283,0.0
2020-09-06,29.3,19.7,23.8,0.0,19.5,45.4,20.03,Morondava,-20.283,44.283,0.0
2020-09-07,27.6,19.1,23.3,0.0,15.9,41.0,20.16,Morondava,-20.283,44.283,0.0
2020-09-08,30.4,18.7,24.2,0.0,18.6,40.7,19.77,Morondava,-20.283,44.283,0.0
2020-09-09,30.8,20.4,25.1,0.0,18.4,42.1,17.65,Morondava,-20.283,44.283,0.0
2020-09-10,31.5,21.5,26.0,0.0,18.3,43.2,19.92,Morondava,-20.283,44.283,0.0
2020-09-11,31.1,23.1,26.3,0.0,16.4,40.0,18.98,Morondava,-20.283,44.283,0.0
2020-09-12,31.4,21.4,26.0,0.0,18.1,42.5,22.56,Morondava,-20.283,44.283,0.0
2020-09-13,31.4,21.1,25.4,0.0,19.2,45.7,22.57,Morondava,-20.283,44.283,0.0
2020-09-14,30.2,22.8,25.8,0.1,18.3,44.6,22.54,Morondava,-20.283,44.283,0.0
2020-09-15,29.2,22.3,25.5,0.1,18.8,44.3,22.89,Morondava,-20.283,44.283,0.0
2020-09-16,31.1,21.6,25.6,0.0,16.9,41.4,18.37,Morondava,-20.283,44.283,0.0
2020-09-17,28.8,23.6,25.8,0.0,17.6,42.1,21.66,Morondava,-20.283,44.283,0.0
2020-09-18,29.3,21.7,25.3,0.0,19.7,47.9,21.72,Morondava,-20.283,44.283,0.0
2020-09-19,29.3,22.3,25.3,0.0,18.8,44.6,21.6,Morondava,-20.283,44.283,0.0
2020-09-20,29.1,21.5,25.2,0.0,19.7,45.4,22.73,Morondava,-20.283,44.283,0.0
2020-09-21,29.0,21.8,25.3,0.1,15.8,38.9,19.93,Morondava,-20.283,44.283,0.0
2020-09-22,32.8,21.7,26.1,0.0,24.4,54.0,24.7,Morondava,-20.283,44.283,0.0
2020-09-23,33.7,23.3,27.0,0.0,24.2,53.6,24.85,Morondava,-20.283,44.283,0.0
2020-09-24,29.6,21.6,25.3,0.0,20.8,49.3,22.23,Morondava,-20.283,44.283,0.0
2020-09-25,28.9,21.8,25.1,0.0,18.1,43.2,22.44,Morondava,-20.283,44.283,0.0
2020-09-26,30.2,22.1,25.7,0.1,16.0,40.7,22.4,Morondava,-20.283,44.283,0.0
2020-09-27,31.4,22.3,26.4,0.0,16.6,38.5,22.8,Morondava,-20.283,44.283,0.0
2020-09-28,30.6,22.8,26.2,0.0,20.6,47.5,24.15,Morondava,-20.283,44.283,0.0
2020-09-29,32.5,22.1,26.9,0.0,20.2,46.8,25.07,Morondava,-20.283,44.283,0.0
2020-09-30,34.8,23.0,27.7,0.0,21.4,48.6,24.94,Morondava,-20.283,44.283,0.0
2020-10-01,33.4,23.6,27.6,0.0,17.8,43.2,23.78,Morondava,-20.283,44.283,0.0
2020-10-02,30.2,22.3,26.3,0.0,19.4,44.6,25.36,Morondava,-20.283,44.283,0.0
2020-10-03,30.8,21.7,26.4,0.0,18.6,43.9,25.15,Morondava,-20.283,44.283,0.0
2020-10-04,31.4,22.3,26.5,0.0,18.3,44.6,25.17,Morondava,-20.283,44.283,0.0
2020-10-05,29.7,23.2,26.0,0.0,18.4,46.4,23.89,Morondava,-20.283,44.283,0.0
2020-10-06,28.8,21.6,25.2,0.0,16.5,41.8,25.26,Morondava,-20.283,44.283,0.0
2020-10-07,28.6,21.6,25.0,0.1,19.8,47.5,24.25,Morondava,-20.283,44.283,0.0
2020-10-08,28.8,20.4,24.6,0.0,18.8,43.6,26.39,Morondava,-20.283,44.283,0.0
2020-10-09,29.1,18.4,24.4,0.0,18.4,43.2,26.42,Morondava,-20.283,44.283,0.0
2020-10-10,30.4,21.8,25.9,0.0,16.9,41.8,25.46,Morondava,-20.283,44.283,0.0
2020-10-11,32.4,22.5,26.9,0.0,19.9,47.2,26.17,Morondava,-20.283,44.283,0.0
2020-10-12,31.5,21.7,26.4,0.0,22.7,51.1,26.19,Morondava,-20.283,44.283,0.0
2020-10-13,31.3,21.7,26.5,0.0,22.5,47.9,26.31,Morondava,-20.283,44.283,0.0
2020-10-14,32.4,22.5,26.9,0.0,24.4,52.6,26.05,Morondava,-20.283,44.283,0.0
2020-10-15,32.3,22.7,27.2,0.1,19.6,45.4,23.36,Morondava,-20.283,44.283,0.0
2020-10-16,30.4,23.6,26.7,0.0,18.8,45.4,23.14,Morondava,-20.283,44.283,0.0
2020-10-17,30.0,20.2,25.4,0.0,18.7,44.6,25.8,Morondava,-20.283,44.283,0.0
2020-10-18,30.8,23.0,26.7,0.0,16.7,41.0,23.15,Morondava,-20.283,44.283,0.0
2020-10-19,31.6,24.2,27.4,0.0,16.5,41.0,22.7,Morondava,-20.283,44.283,0.0
2020-10-20,31.1,22.9,27.0,0.0,21.0,48.6,25.44,Morondava,-20.283,44.283,0.0
2020-10-21,31.8,22.2,27.1,0.0,20.3,46.1,27.39,Morondava,-20.283,44.283,0.0
2020-10-22,32.7,22.0,26.9,0.0,20.3,46.1,27.33,Morondava,-20.283,44.283,0.0
2020-10-23,31.9,23.8,27.2,0.0,21.6,50.4,26.45,Morondava,-20.283,44.283,0.0
2020-10-24,32.0,24.1,27.4,0.0,19.8,45.0,24.4,Morondava,-20.283,44.283,0.0
2020-10-25,32.9,23.6,27.7,0.0,17.0,43.2,24.38,Morondava,-20.283,44.283,0.0
2020-10-26,30.7,22.6,26.7,0.8,16.9,43.2,25.8,Morondava,-20.283,44.283,0.0
2020-10-27,31.1,22.4,26.8,0.0,16.3,40.7,26.34,Morondava,-20.283,44.283,0.0
2020-10-28,31.3,22.5,26.7,0.0,17.4,40.7,25.42,Morondava,-20.283,44.283,0.0
2020-10-29,34.7,22.2,27.5,0.0,24.2,53.6,26.32,Morondava,-20.283,44.283,0.0
2020-10-30,33.5,23.4,28.2,0.1,22.1,50.4,25.79,Morondava,-20.283,44.283,0.0
2020-10-31,34.0,23.9,27.9,0.0,22.1,52.2,27.73,Morondava,-20.283,44.283,0.0
2020-11-01,30.9,23.1,27.0,0.0,19.5,47.2,27.97,Morondava,-20.283,44.283,0.0
2020-11-02,31.1,23.4,27.0,0.0,21.3,47.2,28.01,Morondava,-20.283,44.283,0.0
2020-11-03,31.6,24.1,27.6,0.0,21.0,47.5,27.76,Morondava,-20.283,44.283,0.0
2020-11-04,31.7,23.6,27.5,0.0,21.0,47.9,27.95,Morondava,-20.283,44.283,0.0
2020-11-05,30.7,23.0,26.9,0.0,19.9,48.6,28.15,Morondava,-20.283,44.283,0.0
2020-11-06,31.5,23.2,27.3,0.0,19.8,47.9,28.18,Morondava,-20.283,44.283,0.0
2020-11-07,32.0,24.2,27.8,0.0,21.2,47.9,28.29,Morondava,-20.283,44.283,0.0
2020-11-08,32.8,25.2,28.5,0.0,20.6,46.8,25.55,Morondava,-20.283,44.283,0.0
2020-11-09,32.1,24.6,28.3,0.0,19.9,45.7,23.01,Morondava,-20.283,44.283,0.0
2020-11-10,32.2,24.1,28.3,0.1,19.0,43.2,25.31,Morondava,-20.283,44.283,0.0
2020-11-11,31.6,25.5,28.3,0.0,18.4,45.4,26.27,Morondava,-20.283,44.283,0.0
2020-11-12,30.7,24.7,27.5,0.0,23.8,51.1,28.76,Morondava,-20.283,44.283,0.0
2020-11-13,32.2,23.1,27.3,0.0,25.4,55.1,26.86,Morondava,-20.283,44.283,0.0
2020-11-14,32.3,22.0,27.3,0.0,19.9,43.2,27.73,Morondava,-20.283,44.283,0.0
2020-11-15,30.8,23.8,27.4,0.0,17.9,43.2,26.59,Morondava,-20.283,44.283,0.0
2020-11-16,31.5,23.5,27.5,0.1,17.0,41.8,25.19,Morondava,-20.283,44.283,0.0
2020-11-17,30.6,24.4,27.4,0.4,18.3,44.6,25.22,Morondava,-20.283,44.283,0.0
2020-11-18,32.0,23.7,27.5,0.0,21.3,50.8,27.45,Morondava,-20.283,44.283,0.0
2020-11-19,31.6,23.2,27.6,0.0,20.8,49.0,27.55,Morondava,-20.283,44.283,0.0
2020-11-20,32.3,23.7,27.7,0.0,23.1,53.3,29.1,Morondava,-20.283,44.283,0.0
2020-11-21,31.9,22.2,27.2,0.0,21.8,49.3,29.63,Morondava,-20.283,44.283,0.0
2020-11-22,30.8,23.7,27.4,0.0,18.0,45.0,29.14,Morondava,-20.283,44.283,0.0
2020-11-23,32.8,23.9,28.1,0.0,17.4,42.8,27.36,Morondava,-20.283,44.283,0.0
2020-11-24,33.3,24.6,28.7,0.0,17.6,44.3,27.58,Morondava,-20.283,44.283,0.0
2020-11-25,32.1,25.7,28.7,0.0,18.3,44.3,28.98,Morondava,-20.283,44.283,0.0
2020-11-26,32.0,26.5,28.7,0.0,19.4,47.2,28.42,Morondava,-20.283,44.283,0.0
2020-11-27,31.8,25.8,28.4,0.0,18.8,44.6,27.67,Morondava,-20.283,44.283,0.0
2020-11-28,32.9,24.9,28.9,0.0,18.2,44.6,27.64,Morondava,-20.283,44.283,0.0
2020-11-29,32.2,27.2,29.1,0.1,23.2,54.4,26.72,Morondava,-20.283,44.283,0.0
2020-11-30,31.9,25.5,28.5,0.0,21.6,50.8,26.71,Morondava,-20.283,44.283,0.0
2020-12-01,31.7,25.3,28.3,0.0,21.9,51.5,27.94,Morondava,-20.283,44.283,0.0
2020-12-02,31.7,24.9,28.3,1.8,19.4,46.8,26.91,Morondava,-20.283,44.283,0.0
2020-12-03,30.1,24.7,27.5,1.8,17.9,42.5,23.38,Morondava,-20.283,44.283,0.0
2020-12-04,31.8,24.8,28.2,0.0,22.0,49.7,28.54,Morondava,-20.283,44.283,0.0
2020-12-05,34.9,24.7,29.4,0.2,18.4,46.4,27.98,Morondava,-20.283,44.283,0.0
2020-12-06,34.3,25.6,29.4,0.1,21.8,50.8,26.1,Morondava,-20.283,44.283,0.0
2020-12-07,31.2,25.2,28.2,0.7,17.7,43.9,25.33,Morondava,-20.283,44.283,0.0
2020-12-08,34.3,24.4,28.3,4.9,22.0,50.8,26.64,Morondava,-20.283,44.283,0.0
2020-12-09,31.5,23.8,27.4,5.2,17.4,41.0,22.71,Morondava,-20.283,44.283,0.0
2020-12-10,30.6,24.0,26.8,5.0,15.8,37.8,24.94,Morondava,-20.283,44.283,0.0
2020-12-11,31.8,23.7,27.6,0.4,13.2,39.6,26.6,Morondava,-20.283,44.283,0.0
2020-12-12,32.6,23.8,27.8,9.1,13.8,45.0,25.57,Morondava,-20.283,44.283,0.0
2020-12-13,30.8,23.9,27.2,7.4,14.2,32.4,20.14,Morondava,-20.283,44.283,0.0
2020-12-14,30.1,25.1,27.6,1.0,13.0,33.5,22.42,Morondava,-20.283,44.283,0.0
2020-12-15,31.5,25.4,28.3,0.7,15.3,34.9,24.47,Morondava,-20.283,44.283,0.0
2020-12-16,31.6,25.5,28.8,0.0,13.5,33.8,27.68,Morondava,-20.283,44.283,0.0
2020-12-17,32.1,25.5,28.9,0.0,15.1,35.6,28.41,Morondava,-20.283,44.283,0.0
2020-12-18,31.3,26.4,28.8,1.6,20.5,46.4,23.81,Morondava,-20.283,44.283,0.0
2020-12-19,32.0,25.7,28.8,0.1,15.8,43.2,28.57,Morondava,-20.283,44.283,0.0
2020-12-20,32.4,25.1,28.8,0.0,16.1,38.5,26.69,Morondava,-20.283,44.283,0.0
2020-12-21,31.8,25.5,28.5,1.3,15.2,35.6,26.18,Morondava,-20.283,44.283,0.0
2020-12-22,31.6,25.2,28.5,0.6,15.0,37.4,25.17,Morondava,-20.283,44.283,0.0
2020-12-23,31.9,25.8,28.8,1.1,14.4,38.2,25.6,Morondava,-20.283,44.283,0.0
2020-12-24,31.4,24.8,28.4,2.5,16.3,38.9,23.84,Morondava,-20.283,44.283,0.0
2020-12-25,32.3,26.1,28.9,0.8,16.3,39.6,19.39,Morondava,-20.283,44.283,0.0
2020-12-26,32.7,25.8,29.5,0.1,16.0,38.5,26.53,Morondava,-20.283,44.283,0.0
2020-12-27,33.6,26.6,28.9,4.5,13.0,48.6,19.78,Morondava,-20.283,44.283,0.0
2020-12-28,27.6,24.4,25.7,73.7,35.5,67.7,3.61,Morondava,-20.283,44.283,0.0
2020-12-29,31.7,24.4,27.5,3.5,14.4,40.0,22.71,Morondava,-20.283,44.283,0.0
2020-12-30,32.1,23.7,28.0,4.0,15.1,34.2,26.69,Morondava,-20.283,44.283,0.0
2020-12-31,32.7,24.7,28.4,0.2,17.4,40.0,29.21,Morondava,-20.283,44.283,0.0
2021-01-01,31.2,24.3,27.6,3.0,14.4,37.8,25.93,Morondava,-20.283,44.283,0.0
2021-01-02,31.7,24.7,28.5,0.0,13.0,32.8,26.83,Morondava,-20.283,44.283,0.0
2021-01-03,32.8,25.6,29.1,1.5,15.0,36.4,26.49,Morondava,-20.283,44.283,0.0
2021-01-04,30.8,24.4,27.9,1.2,21.3,47.9,26.69,Morondava,-20.283,44.283,0.0
2021-01-05,30.0,23.8,27.4,0.5,15.7,33.8,24.31,Morondava,-20.283,44.283,0.0
2021-01-06,30.9,25.2,28.0,1.2,14.5,34.6,26.09,Morondava,-20.283,44.283,0.0
2021-01-07,30.6,25.4,28.3,0.7,15.3,37.1,24.63,Morondava,-20.283,44.283,0.0
2021-01-08,31.1,25.8,28.4,1.3,18.0,41.0,23.93,Morondava,-20.283,44.283,0.0
2021-01-09,30.6,25.7,28.0,5.2,13.6,34.2,21.78,Morondava,-20.283,44.283,0.0
2021-01-10,31.2,24.8,28.2,2.6,13.1,33.1,22.99,Morondava,-20.283,44.283,0.0
2021-01-11,31.2,24.8,28.0,2.7,15.0,36.4,25.33,Morondava,-20.283,44.283,0.0
2021-01-12,31.5,25.1,27.9,6.7,14.7,36.4,24.61,Morondava,-20.283,44.283,0.0
2021-01-13,30.5,24.6,27.9,5.1,13.9,33.1,24.05,Morondava,-20.283,44.283,0.0
2021-01-14,30.4,24.5,27.5,5.7,11.5,31.0,21.28,Morondava,-20.283,44.283,0.0
2021-01-15,30.8,24.4,27.5,6.1,11.8,29.9,22.41,Morondava,-20.283,44.283,0.0
2021-01-16,30.1,24.3,27.0,9.7,11.8,29.2,23.58,Morondava,-20.283,44.283,0.0
2021-01-17,30.8,25.3,28.3,0.8,14.3,34.2,24.98,Morondava,-20.283,44.283,0.0
2021-01-18,31.6,26.2,28.9,0.2,18.0,41.4,26.07,Morondava,-20.283,44.283,0.0
2021-01-19,33.8,25.8,29.8,0.3,21.0,44.6,26.69,Morondava,-20.283,44.283,0.0
2021-01-20,35.3,26.7,30.4,0.0,16.0,36.4,28.32,Morondava,-20.283,44.283,0.0
2021-01-21,35.2,27.1,30.6,0.0,21.1,56.2,24.01,Morondava,-20.283,44.283,0.0
2021-01-22,33.2,26.3,29.4,0.1,17.7,41.0,26.28,Morondava,-20.283,44.283,0.0
2021-01-23,34.1,25.7,29.5,5.6,16.9,40.7,26.76,Morondava,-20.283,44.283,0.0
2021-01-24,31.5,24.9,28.1,6.5,14.3,33.5,22.09,Morondava,-20.283,44.283,0.0
2021-01-25,30.2,24.9,27.4,4.0,11.9,30.2,19.42,Morondava,-20.283,44.283,0.0
2021-01-26,30.4,23.6,27.2,1.4,15.2,34.9,24.24,Morondava,-20.283,44.283,0.0
2021-01-27,30.6,24.7,27.5,7.3,11.6,31.7,22.97,Morondava,-20.283,44.283,0.0
2021-01-28,30.3,25.2,27.7,2.9,11.9,31.0,22.45,Morondava,-20.283,44.283,0.0
2021-01-29,29.9,23.6,26.4,40.0,12.0,31.7,21.63,Morondava,-20.283,44.283,0.0
2021-01-30,29.8,23.5,26.8,7.3,18.0,42.8,24.89,Morondava,-20.283,44.283,0.0
2021-01-31,30.6,24.0,27.5,0.1,12.4,32.8,27.68,Morondava,-20.283,44.283,0.0
2021-02-01,32.0,24.4,28.4,0.0,13.7,32.4,28.29,Morondava,-20.283,44.283,0.0
2021-02-02,31.0,26.0,28.5,1.9,14.6,32.0,19.76,Morondava,-20.283,44.283,0.0
2021-02-03,32.6,26.1,29.3,0.3,15.1,34.6,26.15,Morondava,-20.283,44.283,0.0
2021-02-04,32.0,26.8,29.5,0.6,14.1,33.5,22.37,Morondava,-20.283,44.283,0.0
2021-02-05,30.1,24.9,27.1,13.6,12.3,29.5,18.61,Morondava,-20.283,44.283,0.0
2021-02-06,30.2,24.7,27.4,10.2,12.2,29.9,19.93,Morondava,-20.283,44.283,0.0
2021-02-07,29.5,24.3,26.7,9.4,11.2,28.8,19.66,Morondava,-20.283,44.283,0.0
2021-02-08,29.9,24.0,26.6,11.5,14.3,36.7,22.22,Morondava,-20.283,44.283,0.0
2021-02-09,29.5,23.5,26.0,15.9,14.9,38.2,14.78,Morondava,-20.283,44.283,0.0
2021-02-10,27.3,24.0,25.1,31.6,17.7,46.1,9.72,Morondava,-20.283,44.283,0.0
2021-02-11,27.1,23.9,24.7,46.5,19.6,41.8,5.35,Morondava,-20.283,44.283,0.0
2021-02-12,30.4,23.8,26.1,24.5,17.4,39.2,13.03,Morondava,-20.283,44.283,0.0
2021-02-13,29.6,24.0,26.2,13.9,12.0,40.3,13.89,Morondava,-20.283,44.283,0.0
2021-02-14,30.7,23.8,26.9,1.4,12.5,46.1,20.6,Morondava,-20.283,44.283,0.0
2021-02-15,25.5,23.5,24.5,40.5,15.3,43.2,5.65,Morondava,-20.283,44.283,0.0
2021-02-16,27.0,23.2,25.0,21.9,20.4,55.1,6.9,Morondava,-20.283,44.283,0.0
2021-02-17,29.6,24.9,27.2,1.4,19.2,52.6,9.96,Morondava,-20.283,44.283,0.0
2021-02-18,30.8,26.0,28.3,0.0,18.8,42.5,26.78,Morondava,-20.283,44.283,0.0
2021-02-19,32.2,24.8,28.3,0.0,13.2,32.0,25.85,Morondava,-20.283,44.283,0.0
2021-02-20,30.6,25.8,28.1,1.0,16.1,36.4,23.09,Morondava,-20.283,44.283,0.0
2021-02-21,31.1,24.7,27.9,5.4,17.2,38.2,24.18,Morondava,-20.283,44.283,0.0
2021-02-22,31.8,23.9,27.7,4.7,18.3,40.0,26.21,Morondava,-20.283,44.283,0.0
2021-02-23,31.1,25.9,28.5,0.0,14.8,28.4,24.66,Morondava,-20.283,44.283,0.0
2021-02-24,30.6,24.4,27.2,7.8,13.8,42.1,24.69,Morondava,-20.283,44.283,0.0
2021-02-25,30.1,24.6,27.1,11.8,12.9,32.0,22.04,Morondava,-20.283,44.283,0.0
2021-02-26,28.8,24.0,26.1,8.4,9.7,25.2,16.39,Morondava,-20.283,44.283,0.0
2021-02-27,29.1,24.3,26.3,2.1,10.2,25.9,16.72,Morondava,-20.283,44.283,0.0
2021-02-28,30.3,23.8,27.1,0.1,13.1,31.3,24.23,Morondava,-20.283,44.283,0.0
2021-03-01,30.4,24.0,27.2,8.0,15.6,32.0,22.27,Morondava,-20.283,44.283,0.0
2021-03-02,31.3,23.7,27.3,0.1,11.6,25.2,24.47,Morondava,-20.283,44.283,0.0
2021-03-03,30.2,24.8,27.2,5.1,14.3,36.7,24.91,Morondava,-20.283,44.283,0.0
2021-03-04,29.7,23.7,25.7,10.8,19.0,44.6,17.08,Morondava,-20.283,44.283,0.0
2021-03-05,30.9,23.7,26.5,0.1,17.7,34.6,21.88,Morondava,-20.283,44.283,0.0
2021-03-06,29.9,23.8,26.9,0.3,16.9,37.8,23.96,Morondava,-20.283,44.283,0.0
2021-03-07,29.7,23.6,26.7,1.8,13.8,31.7,22.46,Morondava,-20.283,44.283,0.0
2021-03-08,29.5,23.7,26.8,0.2,13.3,32.4,22.72,Morondava,-20.283,44.283,0.0
2021-03-09,29.7,22.8,26.4,0.5,11.8,30.2,23.48,Morondava,-20.283,44.283,0.0
2021-03-10,30.7,22.5,26.3,0.0,15.0,35.3,26.94,Morondava,-20.283,44.283,0.0
2021-03-11,30.7,22.1,26.6,0.2,12.6,29.5,25.13,Morondava,-20.283,44.283,0.0
2021-03-12,31.9,23.9,27.6,0.4,11.8,35.6,22.78,Morondava,-20.283,44.283,0.0
2021-03-13,32.4,23.9,28.0,2.8,14.7,33.5,24.63,Morondava,-20.283,44.283,0.0
2021-03-14,30.6,23.9,27.0,1.8,12.1,33.5,22.03,Morondava,-20.283,44.283,0.0
2021-03-15,31.7,23.2,27.3,0.6,12.1,36.4,24.6,Morondava,-20.283,44.283,0.0
2021-03-16,30.8,23.3,27.0,4.4,12.2,32.8,23.64,Morondava,-20.283,44.283,0.0
2021-03-17,30.7,23.4,26.9,1.2,13.0,32.4,24.7,Morondava,-20.283,44.283,0.0
2021-03-18,30.7,24.0,27.4,0.4,11.2,30.2,22.38,Morondava,-20.283,44.283,0.0
2021-03-19,30.6,24.1,27.2,3.8,12.8,32.0,22.52,Morondava,-20.283,44.283,0.0
2021-03-20,29.8,23.2,26.4,0.3,12.2,29.5,20.09,Morondava,-20.283,44.283,0.0
2021-03-21,30.4,23.2,27.1,1.4,11.8,33.1,24.2,Morondava,-20.283,44.283,0.0
2021-03-22,30.2,23.5,26.8,8.6,10.8,28.4,21.66,Morondava,-20.283,44.283,0.0
2021-03-23,29.6,23.4,26.1,4.7,14.6,35.3,21.61,Morondava,-20.283,44.283,0.0
2021-03-24,29.2,23.5,26.3,0.3,13.5,32.0,21.79,Morondava,-20.283,44.283,0.0
2021-03-25,29.7,23.7,26.5,0.8,15.1,35.3,21.91,Morondava,-20.283,44.283,0.0
2021-03-26,29.5,22.7,26.3,0.1,15.0,37.4,23.21,Morondava,-20.283,44.283,0.0
2021-03-27,29.3,22.2,25.9,0.0,14.3,33.5,20.54,Morondava,-20.283,44.283,0.0
2021-03-28,29.9,22.6,26.3,0.0,16.6,37.8,22.94,Morondava,-20.283,44.283,0.0
2021-03-29,30.2,22.5,26.4,0.3,16.2,36.7,21.35,Morondava,-20.283,44.283,0.0
2021-03-30,31.3,22.7,26.7,0.0,22.8,50.0,22.3,Morondava,-20.283,44.283,0.0
2021-03-31,31.3,20.9,25.9,0.0,17.2,40.0,24.76,Morondava,-20.283,44.283,0.0
2021-04-01,32.4,21.6,26.7,0.0,14.7,34.2,22.83,Morondava,-20.283,44.283,0.0
2021-04-02,32.2,23.4,27.7,0.0,15.3,37.8,22.23,Morondava,-20.283,44.283,0.0
2021-04-03,32.5,24.5,27.9,0.4,14.4,34.9,22.45,Morondava,-20.283,44.283,0.0
2021-04-04,31.3,23.9,27.4,0.0,17.4,37.4,22.27,Morondava,-20.283,44.283,0.0
2021-04-05,29.9,23.1,26.2,0.1,20.5,45.7,21.18,Morondava,-20.283,44.283,0.0
2021-04-06,30.3,21.0,25.6,0.0,20.9,46.1,23.11,Morondava,-20.283,44.283,0.0
2021-04-07,33.6,21.5,27.1,0.1,14.7,35.3,22.14,Morondava,-20.283,44.283,0.0
2021-04-08,33.0,23.9,27.9,0.5,14.1,34.6,21.32,Morondava,-20.283,44.283,0.0
2021-04-09,31.1,22.8,27.3,0.0,13.3,34.6,21.23,Morondava,-20.283,44.283,0.0
2021-04-10,34.2,23.5,28.1,0.0,15.0,35.6,18.63,Morondava,-20.283,44.283,0.0
2021-04-11,34.3,23.4,28.1,0.0,15.4,34.9,20.44,Morondava,-20.283,44.283,0.0
2021-04-12,35.1,24.3,28.3,0.0,21.0,45.4,21.03,Morondava,-20.283,44.283,0.0
2021-04-13,34.2,24.4,28.4,0.0,15.3,36.0,17.32,Morondava,-20.283,44.283,0.0
2021-04-14,32.2,24.1,27.9,1.5,15.6,39.2,21.11,Morondava,-20.283,44.283,0.0
2021-04-15,31.4,23.1,26.9,0.1,15.1,37.4,20.73,Morondava,-20.283,44.283,0.0
2021-04-16,29.4,23.4,26.2,3.4,21.5,46.1,18.68,Morondava,-20.283,44.283,0.0
2021-04-17,31.0,22.3,25.8,0.0,20.4,43.6,22.18,Morondava,-20.283,44.283,0.0
2021-04-18,31.9,21.0,26.0,0.0,17.2,38.2,20.42,Morondava,-20.283,44.283,0.0
2021-04-19,32.2,22.9,27.1,0.8,16.9,42.5,19.89,Morondava,-20.283,44.283,0.0
2021-04-20,33.6,24.3,28.0,0.0,19.1,42.1,19.43,Morondava,-20.283,44.283,0.0
2021-04-21,33.3,24.0,27.7,0.0,15.9,38.2,19.87,Morondava,-20.283,44.283,0.0
2021-04-22,32.0,22.9,27.0,0.0,13.8,36.7,20.28,Morondava,-20.283,44.283,0.0
2021-04-23,31.8,22.5,26.9,0.3,16.3,37.8,19.46,Morondava,-20.283,44.283,0.0
2021-04-24,31.6,23.3,26.8,0.0,16.6,39.6,19.03,Morondava,-20.283,44.283,0.0
2021-04-25,31.5,22.7,26.9,0.0,15.3,36.4,19.26,Morondava,-20.283,44.283,0.0
2021-04-26,31.6,24.0,27.0,0.0,16.6,36.7,11.79,Morondava,-20.283,44.283,0.0
2021-04-27,31.8,24.2,27.4,0.0,14.7,36.7,18.79,Morondava,-20.283,44.283,0.0
2021-04-28,31.7,24.2,27.6,0.4,14.7,40.7,19.04,Morondava,-20.283,44.283,0.0
2021-04-29,32.7,23.1,27.5,0.0,16.0,37.4,19.09,Morondava,-20.283,44.283,0.0
2021-04-30,32.2,25.1,27.9,0.1,14.5,36.7,19.52,Morondava,-20.283,44.283,0.0
2021-05-01,31.2,22.9,27.0,0.0,15.5,36.7,18.98,Morondava,-20.283,44.283,0.0
2021-05-02,31.7,24.0,26.7,0.0,23.0,47.9,13.06,Morondava,-20.283,44.283,0.0
2021-05-03,29.4,22.7,25.3,0.0,22.2,50.0,19.33,Morondava,-20.283,44.283,0.0
2021-05-04,28.7,19.3,23.7,0.0,22.4,48.6,20.07,Morondava,-20.283,44.283,0.0
2021-05-05,28.2,18.8,23.2,0.0,21.8,49.3,19.84,Morondava,-20.283,44.283,0.0
2021-05-06,29.8,18.3,23.6,0.0,20.8,45.7,20.04,Morondava,-20.283,44.283,0.0
2021-05-07,30.2,19.3,24.3,0.0,20.2,46.1,19.78,Morondava,-20.283,44.283,0.0
2021-05-08,29.3,18.7,23.8,0.0,16.6,37.4,19.36,Morondava,-20.283,44.283,0.0
2021-05-09,28.0,20.9,24.4,0.0,16.0,38.5,17.81,Morondava,-20.283,44.283,0.0
2021-05-10,27.1,20.9,23.9,0.3,19.5,47.2,17.03,Morondava,-20.283,44.283,0.0
2021-05-11,29.3,19.9,24.1,0.0,20.0,45.4,18.19,Morondava,-20.283,44.283,0.0
2021-05-12,30.8,19.0,24.3,0.0,14.0,33.8,17.92,Morondava,-20.283,44.283,0.0
2021-05-13,30.6,20.3,24.9,0.0,16.2,37.1,17.74,Morondava,-20.283,44.283,0.0
2021-05-14,31.2,21.0,25.7,0.0,12.6,30.6,16.48,Morondava,-20.283,44.283,0.0
2021-05-15,31.2,20.8,25.6,0.0,15.5,37.1,18.44,Morondava,-20.283,44.283,0.0
2021-05-16,30.0,21.3,25.3,0.0,14.6,36.0,17.76,Morondava,-20.283,44.283,0.0
2021-05-17,29.5,21.3,24.9,0.0,16.0,38.5,16.83,Morondava,-20.283,44.283,0.0
2021-05-18,30.6,19.5,24.7,0.0,18.1,41.4,18.26,Morondava,-20.283,44.283,0.0
2021-05-19,33.1,22.3,26.5,0.0,20.6,41.4,17.75,Morondava,-20.283,44.283,0.0
2021-05-20,33.0,23.2,26.6,0.0,19.4,40.0,18.22,Morondava,-20.283,44.283,0.0
2021-05-21,31.0,19.8,24.4,0.0,15.8,36.4,18.51,Morondava,-20.283,44.283,0.0
2021-05-22,30.1,18.7,23.7,0.0,20.0,44.6,18.53,Morondava,-20.283,44.283,0.0
2021-05-23,30.6,19.4,23.9,0.0,20.3,46.8,17.72,Morondava,-20.283,44.283,0.0
2021-05-24,28.4,18.5,23.1,0.0,18.4,41.0,18.02,Morondava,-20.283,44.283,0.0
2021-05-25,27.0,18.0,22.6,0.0,16.0,37.4,17.1,Morondava,-20.283,44.283,0.0
2021-05-26,26.8,18.6,22.3,0.0,15.6,36.4,16.97,Morondava,-20.283,44.283,0.0
2021-05-27,28.0,17.9,22.6,0.0,17.3,39.2,17.28,Morondava,-20.283,44.283,0.0
2021-05-28,27.6,18.3,22.9,0.0,15.6,36.0,17.61,Morondava,-20.283,44.283,0.0
2021-05-29,28.1,18.9,22.9,0.0,14.5,35.3,17.4,Morondava,-20.283,44.283,0.0
2021-05-30,28.5,18.9,23.1,0.0,13.7,33.8,17.23,Morondava,-20.283,44.283,0.0
2021-05-31,29.0,19.0,23.6,0.0,15.1,37.1,17.33,Morondava,-20.283,44.283,0.0
2021-06-01,28.4,18.2,23.2,0.0,14.0,32.0,16.83,Morondava,-20.283,44.283,0.0
2021-06-02,29.0,18.7,23.6,0.0,15.3,36.0,16.48,Morondava,-20.283,44.283,0.0
2021-06-03,29.7,19.7,24.2,0.0,17.3,36.4,16.69,Morondava,-20.283,44.283,0.0
2021-06-04,27.8,20.1,23.8,0.0,18.1,40.7,16.7,Morondava,-20.283,44.283,0.0
2021-06-05,26.0,21.0,22.9,0.9,12.6,33.8,11.89,Morondava,-20.283,44.283,0.0
2021-06-06,30.4,19.1,24.3,0.0,20.2,40.7,16.83,Morondava,-20.283,44.283,0.0
2021-06-07,31.3,21.0,25.2,0.0,19.3,39.2,16.29,Morondava,-20.283,44.283,0.0
2021-06-08,30.4,20.1,24.4,0.0,16.6,38.5,16.71,Morondava,-20.283,44.283,0.0
2021-06-09,30.2,18.5,23.5,0.0,16.3,33.5,17.32,Morondava,-20.283,44.283,0.0
2021-06-10,29.4,18.4,23.0,0.0,17.6,39.6,17.14,Morondava,-20.283,44.283,0.0
2021-06-11,28.8,18.6,22.8,0.0,16.0,36.4,16.55,Morondava,-20.283,44.283,0.0
2021-06-12,27.9,18.7,23.1,0.0,15.5,36.4,16.65,Morondava,-20.283,44.283,0.0
2021-06-13,27.4,21.6,23.9,0.0,14.6,34.6,11.74,Morondava,-20.283,44.283,0.0
2021-06-14,27.0,19.3,23.2,0.0,13.7,34.6,16.13,Morondava,-20.283,44.283,0.0
2021-06-15,31.5,19.6,24.3,0.0,19.7,42.5,16.73,Morondava,-20.283,44.283,0.0
2021-06-16,30.7,20.2,24.4,0.0,15.8,36.7,16.83,Morondava,-20.283,44.283,0.0
2021-06-17,29.1,18.8,23.5,0.0,15.1,36.0,16.14,Morondava,-20.283,44.283,0.0
2021-06-18,29.1,20.0,23.5,0.0,20.4,44.6,16.79,Morondava,-20.283,44.283,0.0
2021-06-19,30.8,18.2,23.9,0.0,14.3,28.4,16.98,Morondava,-20.283,44.283,0.0
2021-06-20,31.0,19.8,24.6,0.0,15.4,35.6,16.74,Morondava,-20.283,44.283,0.0
2021-06-21,30.2,19.8,24.1,0.0,18.6,41.8,16.54,Morondava,-20.283,44.283,0.0
2021-06-22,29.0,18.7,23.2,0.0,17.7,38.9,16.63,Morondava,-20.283,44.283,0.0
2021-06-23,28.2,18.0,22.5,0.0,16.5,38.5,16.69,Morondava,-20.283,44.283,0.0
2021-06-24,28.0,17.0,22.2,0.0,15.3,37.8,16.68,Morondava,-20.283,44.283,0.0
2021-06-25,27.9,17.4,22.2,0.0,16.3,37.8,16.86,Morondava,-20.283,44.283,0.0
2021-06-26,27.4,16.4,21.9,0.0,14.2,32.8,16.84,Morondava,-20.283,44.283,0.0
2021-06-27,29.0,16.3,22.2,0.0,17.0,37.8,16.88,Morondava,-20.283,44.283,0.0
2021-06-28,30.1,18.4,23.4,0.0,16.9,40.0,16.83,Morondava,-20.283,44.283,0.0
2021-06-29,30.1,17.2,23.1,0.0,15.0,35.6,17.01,Morondava,-20.283,44.283,0.0
2021-06-30,30.7,18.2,23.7,0.0,15.7,36.0,17.2,Morondava,-20.283,44.283,0.0
2021-07-01,28.9,17.6,22.9,0.0,15.5,35.6,17.1,Morondava,-20.283,44.283,0.0
2021-07-02,30.6,18.9,23.8,0.0,21.7,43.2,17.31,Morondava,-20.283,44.283,0.0
2021-07-03,29.5,17.7,22.7,0.0,14.3,34.9,17.38,Morondava,-20.283,44.283,0.0
2021-07-04,29.1,16.7,22.3,0.0,17.0,38.5,17.13,Morondava,-20.283,44.283,0.0
2021-07-05,29.0,17.5,22.7,0.0,20.6,45.0,17.2,Morondava,-20.283,44.283,0.0
2021-07-06,29.2,17.7,22.8,0.0,17.0,40.3,17.25,Morondava,-20.283,44.283,0.0
2021-07-07,29.4,17.6,22.8,0.0,14.7,34.2,17.19,Morondava,-20.283,44.283,0.0
2021-07-08,29.8,19.3,23.9,0.0,15.6,36.0,15.64,Morondava,-20.283,44.283,0.0
2021-07-09,30.3,20.1,24.7,0.0,16.0,37.1,12.86,Morondava,-20.283,44.283,0.0
2021-07-10,31.8,20.9,25.3,0.0,19.8,42.8,16.4,Morondava,-20.283,44.283,0.0
2021-07-11,31.0,21.3,25.1,0.0,17.5,40.7,17.21,Morondava,-20.283,44.283,0.0
2021-07-12,30.5,19.7,24.1,0.0,17.3,39.2,17.48,Morondava,-20.283,44.283,0.0
2021-07-13,28.8,20.4,23.8,0.0,16.6,39.6,16.48,Morondava,-20.283,44.283,0.0
2021-07-14,27.6,19.4,23.1,0.0,15.9,36.0,16.75,Morondava,-20.283,44.283,0.0
2021-07-15,30.5,21.7,24.7,0.0,21.8,47.9,16.29,Morondava,-20.283,44.283,0.0
2021-07-16,29.1,19.9,23.7,0.0,18.3,40.7,17.34,Morondava,-20.283,44.283,0.0
2021-07-17,27.7,17.5,22.6,0.0,18.2,39.6,16.79,Morondava,-20.283,44.283,0.0
2021-07-18,27.9,19.2,23.2,0.0,15.3,34.9,15.62,Morondava,-20.283,44.283,0.0
2021-07-19,29.3,20.9,24.1,0.0,13.3,33.5,15.47,Morondava,-20.283,44.283,0.0
2021-07-20,29.3,19.4,24.3,0.0,15.6,36.4,15.03,Morondava,-20.283,44.283,0.0
2021-07-21,29.2,21.0,24.5,0.0,15.5,34.9,16.65,Morondava,-20.283,44.283,0.0
2021-07-22,28.8,21.5,24.5,0.0,15.0,37.1,14.9,Morondava,-20.283,44.283,0.0
2021-07-23,30.9,20.5,24.5,0.0,26.8,54.4,15.26,Morondava,-20.283,44.283,0.0
2021-07-24,28.9,19.5,23.8,0.0,22.4,47.9,14.81,Morondava,-20.283,44.283,0.0
2021-07-25,29.9,20.4,24.1,0.0,21.8,45.7,16.96,Morondava,-20.283,44.283,0.0
2021-07-26,28.8,20.0,23.4,0.0,17.6,37.4,16.44,Morondava,-20.283,44.283,0.0
2021-07-27,28.9,18.8,23.0,0.0,20.7,45.4,17.18,Morondava,-20.283,44.283,0.0
2021-07-28,28.4,17.9,22.5,0.0,17.6,40.0,18.82,Morondava,-20.283,44.283,0.0
2021-07-29,29.7,18.0,23.0,0.0,18.9,41.8,18.53,Morondava,-20.283,44.283,0.0
2021-07-30,30.7,20.4,24.6,0.0,21.2,44.6,16.87,Morondava,-20.283,44.283,0.0
2021-07-31,31.5,20.8,25.2,0.0,19.8,40.0,18.39,Morondava,-20.283,44.283,0.0
2021-08-01,28.3,19.0,23.2,0.0,18.2,43.2,18.59,Morondava,-20.283,44.283,0.0
2021-08-02,27.1,19.5,22.7,0.0,14.0,32.8,15.85,Morondava,-20.283,44.283,0.0
2021-08-03,29.9,19.2,23.5,0.0,24.4,50.4,18.1,Morondava,-20.283,44.283,0.0
2021-08-04,31.7,20.2,24.7,0.0,17.2,40.7,16.99,Morondava,-20.283,44.283,0.0
2021-08-05,29.3,21.4,24.5,0.1,18.3,44.3,17.06,Morondava,-20.283,44.283,0.0
2021-08-06,30.5,19.8,24.1,0.0,17.4,43.2,18.16,Morondava,-20.283,44.283,0.0
2021-08-07,30.5,19.2,23.9,0.0,20.5,46.8,18.34,Morondava,-20.283,44.283,0.0
2021-08-08,31.2,18.8,24.0,0.0,23.1,50.4,19.51,Morondava,-20.283,44.283,0.0
2021-08-09,31.1,18.6,23.8,0.0,18.9,42.1,20.19,Morondava,-20.283,44.283,0.0
2021-08-10,30.1,19.8,24.1,0.0,20.9,46.8,20.1,Morondava,-20.283,44.283,0.0
2021-08-11,29.3,18.0,23.1,0.0,18.8,43.2,19.78,Morondava,-20.283,44.283,0.0
2021-08-12,28.4,19.2,23.6,0.0,16.4,38.2,16.37,Morondava,-20.283,44.283,0.0
2021-08-13,30.6,18.4,24.0,0.0,24.7,51.8,19.57,Morondava,-20.283,44.283,0.0
2021-08-14,33.3,21.8,26.0,0.0,26.3,54.4,20.39,Morondava,-20.283,44.283,0.0
2021-08-15,30.6,20.4,24.3,0.0,19.3,44.3,20.58,Morondava,-20.283,44.283,0.0
2021-08-16,29.4,18.1,22.9,0.0,19.2,44.3,20.78,Morondava,-20.283,44.283,0.0
2021-08-17,27.8,18.8,22.9,0.0,18.5,44.6,20.5,Morondava,-20.283,44.283,0.0
2021-08-18,27.7,19.2,23.0,0.0,18.8,42.1,20.45,Morondava,-20.283,44.283,0.0
2021-08-19,28.8,17.8,23.0,0.0,16.5,39.2,20.62,Morondava,-20.283,44.283,0.0
2021-08-20,31.3,19.7,24.9,0.0,19.0,43.9,20.73,Morondava,-20.283,44.283,0.0
2021-08-21,31.5,19.7,25.2,0.0,18.2,40.3,20.85,Morondava,-20.283,44.283,0.0
2021-08-22,30.4,20.7,24.9,0.0,16.7,41.0,21.07,Morondava,-20.283,44.283,0.0
2021-08-23,28.5,21.7,24.3,0.0,15.5,38.2,19.37,Morondava,-20.283,44.283,0.0
2021-08-24,27.9,20.5,23.8,0.0,16.4,40.3,19.92,Morondava,-20.283,44.283,0.0
2021-08-25,27.5,18.8,23.0,0.0,16.3,39.6,20.21,Morondava,-20.283,44.283,0.0
2021-08-26,29.5,18.2,23.6,0.0,17.0,41.4,20.85,Morondava,-20.283,44.283,0.0
2021-08-27,30.1,19.7,24.2,0.0,21.2,49.0,20.21,Morondava,-20.283,44.283,0.0
2021-08-28,30.2,20.5,24.2,0.0,20.1,46.4,22.09,Morondava,-20.283,44.283,0.0
2021-08-29,32.9,20.4,25.5,0.0,24.0,50.8,21.37,Morondava,-20.283,44.283,0.0
2021-08-30,31.6,22.5,26.0,0.0,24.0,51.5,21.81,Morondava,-20.283,44.283,0.0
2021-08-31,28.2,19.8,24.1,0.0,15.6,38.5,21.99,Morondava,-20.283,44.283,0.0
2021-09-01,30.0,20.0,24.8,0.0,19.2,47.9,20.85,Morondava,-20.283,44.283,0.0
2021-09-02,29.6,21.3,25.3,0.0,17.6,40.3,21.19,Morondava,-20.283,44.283,0.0
2021-09-03,29.3,21.1,24.5,0.3,19.0,45.0,19.81,Morondava,-20.283,44.283,0.0
2021-09-04,30.0,20.9,24.8,0.0,20.5,47.2,22.19,Morondava,-20.283,44.283,0.0
2021-09-05,31.4,20.1,25.2,0.0,20.9,47.2,22.93,Morondava,-20.283,44.283,0.0
2021-09-06,29.9,20.7,24.8,0.0,19.7,43.6,21.9,Morondava,-20.283,44.283,0.0
2021-09-07,29.5,20.7,24.6,0.0,18.4,44.6,20.44,Morondava,-20.283,44.283,0.0
2021-09-08,29.3,20.1,24.8,0.0,18.2,43.2,21.67,Morondava,-20.283,44.283,0.0
2021-09-09,31.0,20.2,25.4,0.0,22.7,50.8,23.37,Morondava,-20.283,44.283,0.0
2021-09-10,32.9,21.7,26.6,0.0,24.6,49.3,21.35,Morondava,-20.283,44.283,0.0
2021-09-11,32.1,23.3,26.5,0.0,24.6,54.4,21.9,Morondava,-20.283,44.283,0.0
2021-09-12,32.1,21.9,26.2,0.0,21.2,47.2,20.35,Morondava,-20.283,44.283,0.0
2021-09-13,31.5,22.1,26.1,0.0,21.9,50.4,23.03,Morondava,-20.283,44.283,0.0
2021-09-14,30.1,21.6,25.4,0.0,19.6,43.9,19.8,Morondava,-20.283,44.283,0.0
2021-09-15,29.4,20.6,25.0,0.0,16.5,37.8,23.32,Morondava,-20.283,44.283,0.0
2021-09-16,28.9,20.4,24.7,0.0,20.0,44.6,22.92,Morondava,-20.283,44.283,0.0
2021-09-17,28.9,22.0,25.2,0.0,18.0,41.0,22.57,Morondava,-20.283,44.283,0.0
2021-09-18,31.5,22.4,25.4,0.0,28.6,62.6,22.94,Morondava,-20.283,44.283,0.0
2021-09-19,31.7,20.4,24.7,0.0,29.8,63.7,24.23,Morondava,-20.283,44.283,0.0
2021-09-20,29.0,19.2,24.3,0.0,18.1,43.9,24.09,Morondava,-20.283,44.283,0.0
2021-09-21,28.9,21.3,25.1,0.3,14.5,37.4,20.4,Morondava,-20.283,44.283,0.0
2021-09-22,32.1,21.2,25.7,0.0,25.2,56.5,23.78,Morondava,-20.283,44.283,0.0
2021-09-23,30.6,20.8,25.6,0.0,17.1,42.1,23.62,Morondava,-20.283,44.283,0.0
2021-09-24,30.2,22.2,25.4,0.0,16.3,42.1,22.73,Morondava,-20.283,44.283,0.0
2021-09-25,31.1,20.9,25.4,0.0,18.9,44.3,21.95,Morondava,-20.283,44.283,0.0
2021-09-26,31.1,21.6,25.5,0.0,22.8,51.5,23.97,Morondava,-20.283,44.283,0.0
2021-09-27,30.9,22.2,25.6,0.0,21.5,49.3,23.38,Morondava,-20.283,44.283,0.0
2021-09-28,30.9,22.0,26.1,0.0,16.6,38.2,20.38,Morondava,-20.283,44.283,0.0
2021-09-29,33.0,22.7,26.6,0.0,19.6,46.1,22.42,Morondava,-20.283,44.283,0.0
2021-09-30,32.0,24.7,27.6,0.0,16.3,40.3,23.16,Morondava,-20.283,44.283,0.0
2021-10-01,29.6,23.9,26.6,0.0,20.8,48.6,22.36,Morondava,-20.283,44.283,0.0
2021-10-02,30.1,23.6,26.4,0.2,19.9,46.4,20.76,Morondava,-20.283,44.283,0.0
2021-10-03,30.1,23.0,26.2,0.8,15.5,36.0,20.9,Morondava,-20.283,44.283,0.0
2021-10-04,29.5,23.7,26.3,0.0,19.8,44.3,21.24,Morondava,-20.283,44.283,0.0
2021-10-05,33.5,23.5,27.4,0.0,21.3,48.6,24.33,Morondava,-20.283,44.283,0.0
2021-10-06,32.8,23.0,27.2,0.0,21.1,48.6,24.31,Morondava,-20.283,44.283,0.0
2021-10-07,31.4,21.6,25.6,0.0,31.6,68.0,26.5,Morondava,-20.283,44.283,0.0
2021-10-08,32.7,21.9,26.6,0.0,22.7,50.4,26.63,Morondava,-20.283,44.283,0.0
2021-10-09,30.0,22.8,25.9,0.3,15.9,40.0,20.11,Morondava,-20.283,44.283,0.0
2021-10-10,30.0,22.1,26.0,0.4,17.9,41.0,22.52,Morondava,-20.283,44.283,0.0
2021-10-11,33.0,23.6,27.2,0.1,26.4,58.0,22.8,Morondava,-20.283,44.283,0.0
2021-10-12,31.6,23.5,26.9,0.0,18.6,46.1,24.26,Morondava,-20.283,44.283,0.0
2021-10-13,30.7,23.2,26.6,0.0,16.0,37.8,24.01,Morondava,-20.283,44.283,0.0
2021-10-14,31.6,23.5,26.9,0.0,18.7,42.1,24.14,Morondava,-20.283,44.283,0.0
2021-10-15,30.7,22.8,26.3,0.0,21.6,45.4,26.56,Morondava,-20.283,44.283,0.0
2021-10-16,30.4,22.6,26.3,0.0,16.8,37.4,25.01,Morondava,-20.283,44.283,0.0
2021-10-17,30.1,22.2,26.2,2.0,19.6,42.8,24.12,Morondava,-20.283,44.283,0.0
2021-10-18,29.8,24.6,26.9,1.4,20.7,40.7,23.68,Morondava,-20.283,44.283,0.0
2021-10-19,33.4,24.0,28.1,0.3,24.7,51.8,23.89,Morondava,-20.283,44.283,0.0
2021-10-20,33.4,24.2,27.9,0.1,21.9,46.8,24.37,Morondava,-20.283,44.283,0.0
2021-10-21,28.7,22.3,24.9,0.0,25.1,54.4,26.34,Morondava,-20.283,44.283,0.0
2021-10-22,28.0,20.0,24.0,0.0,18.3,41.8,27.66,Morondava,-20.283,44.283,0.0
2021-10-23,28.0,18.9,23.8,0.0,16.9,40.0,27.14,Morondava,-20.283,44.283,0.0
2021-10-24,33.7,19.5,26.4,0.0,19.8,40.0,27.78,Morondava,-20.283,44.283,0.0
2021-10-25,33.4,21.4,27.2,0.0,22.0,46.8,27.42,Morondava,-20.283,44.283,0.0
2021-10-26,30.4,24.4,26.9,0.0,17.3,40.0,26.97,Morondava,-20.283,44.283,0.0
2021-10-27,30.7,23.0,26.4,0.0,24.3,50.4,26.61,Morondava,-20.283,44.283,0.0
2021-10-28,32.3,22.4,26.5,0.0,29.3,59.4,27.06,Morondava,-20.283,44.283,0.0
2021-10-29,32.2,23.5,26.9,0.0,25.2,55.1,28.09,Morondava,-20.283,44.283,0.0
2021-10-30,28.4,22.5,25.4,0.3,20.9,48.2,26.45,Morondava,-20.283,44.283,0.0
2021-10-31,28.7,22.5,25.7,0.0,24.6,55.4,27.29,Morondava,-20.283,44.283,0.0
2021-11-01,29.9,21.8,25.7,0.0,16.2,40.0,26.35,Morondava,-20.283,44.283,0.0
2021-11-02,30.3,22.3,26.2,0.0,18.5,43.6,27.21,Morondava,-20.283,44.283,0.0
2021-11-03,31.6,22.8,26.8,0.0,17.1,39.2,26.8,Morondava,-20.283,44.283,0.0
2021-11-04,31.0,22.4,26.4,0.0,22.9,49.3,27.93,Morondava,-20.283,44.283,0.0
2021-11-05,31.8,22.2,26.9,0.0,22.0,47.2,28.04,Morondava,-20.283,44.283,0.0
2021-11-06,33.3,22.2,26.9,0.0,22.9,49.7,29.03,Morondava,-20.283,44.283,0.0
2021-11-07,31.7,23.5,27.1,0.0,22.1,46.4,27.63,Morondava,-20.283,44.283,0.0
2021-11-08,33.5,23.6,27.9,0.0,20.2,43.6,26.18,Morondava,-20.283,44.283,0.0
2021-11-09,32.2,24.8,28.3,0.0,19.0,44.6,27.63,Morondava,-20.283,44.283,0.0
2021-11-10,32.0,24.3,28.0,0.0,22.4,50.0,27.87,Morondava,-20.283,44.283,0.0
2021-11-11,33.0,24.7,28.2,0.0,21.9,46.8,27.6,Morondava,-20.283,44.283,0.0
2021-11-12,31.5,23.8,27.7,0.0,18.1,43.2,28.02,Morondava,-20.283,44.283,0.0
2021-11-13,31.4,25.4,28.0,0.0,16.9,41.8,26.02,Morondava,-20.283,44.283,0.0
2021-11-14,30.6,24.6,27.6,0.4,19.6,44.3,25.3,Morondava,-20.283,44.283,0.0
2021-11-15,31.5,23.9,27.5,0.0,18.9,42.1,27.23,Morondava,-20.283,44.283,0.0
2021-11-16,31.6,23.9,27.7,0.0,18.3,41.8,27.06,Morondava,-20.283,44.283,0.0
2021-11-17,33.3,24.5,28.6,0.0,17.7,41.4,26.59,Morondava,-20.283,44.283,0.0
2021-11-18,32.0,24.6,28.3,0.0,17.7,41.4,27.88,Morondava,-20.283,44.283,0.0
2021-11-19,31.4,24.6,27.9,0.0,17.0,40.3,26.77,Morondava,-20.283,44.283,0.0
2021-11-20,32.1,24.1,28.3,0.0,20.4,46.8,28.02,Morondava,-20.283,44.283,0.0
2021-11-21,33.7,25.0,29.3,0.0,16.9,41.4,27.09,Morondava,-20.283,44.283,0.0
2021-11-22,32.3,26.4,28.8,0.0,17.9,42.5,24.89,Morondava,-20.283,44.283,0.0
2021-11-23,31.9,26.2,28.7,0.0,19.6,44.6,28.29,Morondava,-20.283,44.283,0.0
2021-11-24,30.8,24.7,27.7,1.3,22.1,49.3,25.59,Morondava,-20.283,44.283,0.0
2021-11-25,32.5,24.6,27.7,0.5,25.9,53.6,27.81,Morondava,-20.283,44.283,0.0
2021-11-26,33.0,24.5,28.3,0.0,27.1,54.7,29.23,Morondava,-20.283,44.283,0.0
2021-11-27,33.4,23.5,27.2,0.0,28.5,58.3,29.97,Morondava,-20.283,44.283,0.0
2021-11-28,30.5,21.5,25.8,0.0,19.0,43.6,30.23,Morondava,-20.283,44.283,0.0
2021-11-29,30.1,22.4,26.3,0.0,19.1,43.6,28.41,Morondava,-20.283,44.283,0.0
2021-11-30,32.8,23.5,27.3,0.1,20.6,48.6,26.55,Morondava,-20.283,44.283,0.0
2021-12-01,32.0,23.4,27.4,0.2,20.2,48.6,27.15,Morondava,-20.283,44.283,0.0
2021-12-02,32.5,23.0,27.6,0.0,16.6,40.3,26.86,Morondava,-20.283,44.283,0.0
2021-12-03,31.8,24.9,28.0,0.0,17.4,40.7,26.33,Morondava,-20.283,44.283,0.0
2021-12-04,31.7,24.9,27.9,0.0,18.6,41.8,27.05,Morondava,-20.283,44.283,0.0
2021-12-05,32.0,24.7,28.4,0.0,14.8,35.6,26.88,Morondava,-20.283,44.283,0.0
2021-12-06,32.8,25.0,28.8,0.0,14.5,36.4,25.66,Morondava,-20.283,44.283,0.0
2021-12-07,33.2,24.9,28.7,0.0,21.7,46.8,28.46,Morondava,-20.283,44.283,0.0
2021-12-08,33.1,25.3,28.7,0.0,22.8,49.3,28.2,Morondava,-20.283,44.283,0.0
2021-12-09,31.3,26.4,28.6,2.9,20.7,48.2,25.25,Morondava,-20.283,44.283,0.0
2021-12-10,31.2,25.4,28.2,0.5,16.3,37.4,24.26,Morondava,-20.283,44.283,0.0
2021-12-11,32.5,25.5,28.2,0.1,18.1,41.4,24.44,Morondava,-20.283,44.283,0.0
2021-12-12,31.7,23.0,27.6,2.3,14.7,34.9,24.69,Morondava,-20.283,44.283,0.0
2021-12-13,30.2,22.9,27.2,15.1,13.7,32.4,27.37,Morondava,-20.283,44.283,0.0
2021-12-14,31.6,23.7,27.5,5.5,16.6,41.4,26.49,Morondava,-20.283,44.283,0.0
2021-12-15,30.9,24.5,27.9,0.5,15.1,35.6,25.88,Morondava,-20.283,44.283,0.0
2021-12-16,31.6,24.9,27.9,4.6,14.0,34.6,25.25,Morondava,-20.283,44.283,0.0
2021-12-17,30.6,23.5,27.2,1.1,15.7,34.6,26.02,Morondava,-20.283,44.283,0.0
2021-12-18,30.9,23.7,27.8,1.3,19.8,42.8,27.21,Morondava,-20.283,44.283,0.0
2021-12-19,30.3,24.7,27.7,0.7,23.0,49.3,27.91,Morondava,-20.283,44.283,0.0
2021-12-20,30.4,24.7,27.7,0.0,19.3,43.9,28.91,Morondava,-20.283,44.283,0.0
2021-12-21,30.5,25.1,27.8,0.1,16.6,39.2,26.56,Morondava,-20.283,44.283,0.0
2021-12-22,30.8,24.5,27.7,0.1,19.1,41.8,25.43,Morondava,-20.283,44.283,0.0
2021-12-23,30.9,25.5,28.1,0.2,16.2,38.5,26.92,Morondava,-20.283,44.283,0.0
2021-12-24,31.4,24.4,28.5,0.0,18.0,40.7,29.42,Morondava,-20.283,44.283,0.0
2021-12-25,31.6,26.4,29.1,0.9,19.7,45.7,26.53,Morondava,-20.283,44.283,0.0
2021-12-26,32.5,25.5,28.9,0.0,22.1,47.2,28.22,Morondava,-20.283,44.283,0.0
2021-12-27,32.4,25.9,29.1,0.0,17.8,40.7,28.9,Morondava,-20.283,44.283,0.0
2021-12-28,32.2,26.8,29.2,0.2,17.7,42.1,27.15,Morondava,-20.283,44.283,0.0
2021-12-29,32.5,25.6,29.1,0.0,21.6,48.2,28.66,Morondava,-20.283,44.283,0.0
2021-12-30,32.6,25.0,28.8,1.3,20.2,45.7,28.08,Morondava,-20.283,44.283,0.0
2021-12-31,31.7,24.8,28.4,1.8,15.3,38.9,23.62,Morondava,-20.283,44.283,0.0
2022-01-01,31.1,25.7,28.3,0.6,19.1,41.8,24.0,Morondava,-20.283,44.283,0.0
2022-01-02,31.6,25.4,28.6,0.0,19.8,42.1,29.25,Morondava,-20.283,44.283,0.0
2022-01-03,32.3,25.0,29.0,0.0,16.4,38.9,29.77,Morondava,-20.283,44.283,0.0
2022-01-04,32.5,26.9,29.3,0.2,19.1,44.3,28.49,Morondava,-20.283,44.283,0.0
2022-01-05,30.7,23.6,27.4,5.9,17.5,39.6,24.66,Morondava,-20.283,44.283,0.0
2022-01-06,30.9,23.5,27.2,1.7,16.5,39.2,24.0,Morondava,-20.283,44.283,0.0
2022-01-07,31.8,24.2,28.4,0.8,18.0,40.7,27.31,Morondava,-20.283,44.283,0.0
2022-01-08,31.0,23.4,27.2,17.3,18.9,37.1,25.99,Morondava,-20.283,44.283,0.0
2022-01-09,30.1,23.4,26.2,12.2,16.5,38.2,22.11,Morondava,-20.283,44.283,0.0
2022-01-10,30.8,23.6,26.4,10.2,13.0,25.9,20.76,Morondava,-20.283,44.283,0.0
2022-01-11,30.3,23.6,27.0,2.7,13.0,31.7,25.99,Morondava,-20.283,44.283,0.0
2022-01-12,29.8,24.0,26.6,5.1,18.4,37.8,21.24,Morondava,-20.283,44.283,0.0
2022-01-13,29.1,23.8,26.0,21.0,13.8,34.6,19.74,Morondava,-20.283,44.283,0.0
2022-01-14,30.5,22.9,26.5,3.5,13.5,31.7,23.59,Morondava,-20.283,44.283,0.0
2022-01-15,29.6,23.7,26.6,2.6,12.8,30.2,22.45,Morondava,-20.283,44.283,0.0
2022-01-16,29.4,23.7,26.2,2.7,14.6,37.8,23.29,Morondava,-20.283,44.283,0.0
2022-01-17,30.0,23.2,26.4,1.4,14.2,33.8,24.17,Morondava,-20.283,44.283,0.0
2022-01-18,29.8,23.2,26.3,3.7,20.1,43.9,25.29,Morondava,-20.283,44.283,0.0
2022-01-19,28.5,22.6,25.1,16.2,14.2,31.7,19.71,Morondava,-20.283,44.283,0.0
2022-01-20,28.6,22.5,24.9,14.7,12.2,36.4,19.63,Morondava,-20.283,44.283,0.0
2022-01-21,31.9,22.5,27.0,0.7,15.3,35.6,26.53,Morondava,-20.283,44.283,0.0
2022-01-22,32.0,24.1,27.9,0.3,17.0,37.4,25.79,Morondava,-20.283,44.283,0.0
2022-01-23,36.9,27.1,31.4,0.0,25.2,50.4,21.4,Morondava,-20.283,44.283,0.0
2022-01-24,35.9,25.8,30.0,10.4,22.8,47.2,26.0,Morondava,-20.283,44.283,0.0
2022-01-25,30.8,23.6,26.7,3.9,12.7,33.5,21.66,Morondava,-20.283,44.283,0.0
2022-01-26,29.9,22.9,26.7,6.6,12.6,30.6,26.01,Morondava,-20.283,44.283,0.0
2022-01-27,29.4,22.5,26.8,2.9,14.4,32.0,24.92,Morondava,-20.283,44.283,0.0
2022-01-28,29.8,23.2,26.9,0.5,15.3,33.5,25.19,Morondava,-20.283,44.283,0.0
2022-01-29,30.0,24.1,27.2,0.9,14.3,32.4,22.17,Morondava,-20.283,44.283,0.0
2022-01-30,30.9,24.6,27.8,0.0,16.4,33.8,27.94,Morondava,-20.283,44.283,0.0
2022-01-31,31.6,24.5,28.2,0.0,18.0,38.2,28.57,Morondava,-20.283,44.283,0.0
2022-02-01,32.6,23.8,28.1,0.0,16.8,36.0,26.42,Morondava,-20.283,44.283,0.0
2022-02-02,31.1,25.3,28.3,1.3,15.3,35.3,24.54,Morondava,-20.283,44.283,0.0
2022-02-03,30.2,24.9,27.7,2.9,15.6,37.4,24.57,Morondava,-20.283,44.283,0.0
2022-02-04,32.0,25.2,28.3,0.2,18.5,41.4,24.74,Morondava,-20.283,44.283,0.0
2022-02-05,32.1,24.9,27.8,4.1,20.8,47.2,22.75,Morondava,-20.283,44.283,0.0
2022-02-06,28.3,24.7,26.2,46.0,34.9,65.2,8.4,Morondava,-20.283,44.283,0.0
2022-02-07,27.3,24.0,25.3,30.3,31.4,64.4,13.77,Morondava,-20.283,44.283,0.0
2022-02-08,28.1,24.3,25.9,21.7,23.5,43.9,17.42,Morondava,-20.283,44.283,0.0
2022-02-09,29.5,23.4,26.6,4.2,15.2,32.0,23.48,Morondava,-20.283,44.283,0.0
2022-02-10,30.1,24.0,27.0,4.0,13.3,29.5,24.55,Morondava,-20.283,44.283,0.0
2022-02-11,30.3,24.2,27.0,4.1,11.8,27.7,22.79,Morondava,-20.283,44.283,0.0
2022-02-12,31.6,24.3,27.7,0.5,13.7,33.5,26.42,Morondava,-20.283,44.283,0.0
2022-02-13,30.0,24.3,27.3,7.9,17.3,32.0,24.56,Morondava,-20.283,44.283,0.0
2022-02-14,29.9,24.4,27.1,1.8,12.0,30.6,24.64,Morondava,-20.283,44.283,0.0
2022-02-15,31.6,24.8,28.1,1.1,16.9,34.9,25.1,Morondava,-20.283,44.283,0.0
2022-02-16,34.6,24.9,29.2,0.0,13.8,26.3,25.37,Morondava,-20.283,44.283,0.0
2022-02-17,31.4,25.4,28.5,0.4,13.9,32.4,26.29,Morondava,-20.283,44.283,0.0
2022-02-18,32.6,24.1,28.2,2.7,15.3,34.6,25.81,Morondava,-20.283,44.283,0.0
2022-02-19,30.4,25.4,27.8,0.3,20.1,40.7,20.73,Morondava,-20.283,44.283,0.0
2022-02-20,31.7,24.5,27.9,3.2,13.7,33.5,23.6,Morondava,-20.283,44.283,0.0
2022-02-21,34.6,24.7,28.8,0.0,21.0,43.6,28.59,Morondava,-20.283,44.283,0.0
2022-02-22,35.2,25.8,28.9,3.9,21.1,45.7,24.92,Morondava,-20.283,44.283,0.0
2022-02-23,30.3,25.1,27.6,17.7,23.3,50.0,21.09,Morondava,-20.283,44.283,0.0
2022-02-24,28.5,24.2,26.2,10.7,19.0,40.0,18.72,Morondava,-20.283,44.283,0.0
2022-02-25,29.5,23.6,26.5,2.7,14.4,31.7,20.22,Morondava,-20.283,44.283,0.0
2022-02-26,30.9,23.6,27.3,1.5,19.7,43.6,25.02,Morondava,-20.283,44.283,0.0
2022-02-27,30.8,23.9,27.0,8.1,14.7,35.3,21.09,Morondava,-20.283,44.283,0.0
2022-02-28,30.1,23.4,25.8,18.4,14.7,33.8,20.57,Morondava,-20.283,44.283,0.0
2022-03-01,28.0,23.4,25.4,10.3,16.0,37.1,15.27,Morondava,-20.283,44.283,0.0
2022-03-02,28.7,23.9,25.8,16.8,15.5,34.9,18.68,Morondava,-20.283,44.283,0.0
2022-03-03,29.0,23.7,26.0,11.1,16.4,36.0,18.82,Morondava,-20.283,44.283,0.0
2022-03-04,29.9,23.3,26.4,3.5,13.6,31.0,24.07,Morondava,-20.283,44.283,0.0
2022-03-05,31.1,24.2,27.3,2.2,12.3,28.8,22.1,Morondava,-20.283,44.283,0.0
2022-03-06,31.5,25.0,28.1,0.0,13.7,30.6,25.96,Morondava,-20.283,44.283,0.0
2022-03-07,31.1,24.1,27.9,0.0,16.9,32.0,25.97,Morondava,-20.283,44.283,0.0
2022-03-08,32.3,24.8,28.2,0.0,14.6,30.2,23.76,Morondava,-20.283,44.283,0.0
2022-03-09,33.7,25.3,28.8,1.3,14.2,36.7,24.64,Morondava,-20.283,44.283,0.0
2022-03-10,32.7,25.4,28.6,6.8,15.3,33.1,22.87,Morondava,-20.283,44.283,0.0
2022-03-11,30.3,24.2,26.9,5.1,12.4,28.1,21.56,Morondava,-20.283,44.283,0.0
2022-03-12,30.3,23.5,26.8,2.2,12.0,23.0,16.87,Morondava,-20.283,44.283,0.0
2022-03-13,30.7,23.9,27.2,0.6,10.8,29.5,22.04,Morondava,-20.283,44.283,0.0
2022-03-14,32.0,24.8,27.9,7.9,14.3,33.5,23.68,Morondava,-20.283,44.283,0.0
2022-03-15,29.9,24.2,27.3,1.4,12.6,30.2,22.34,Morondava,-20.283,44.283,0.0
2022-03-16,31.0,23.5,27.1,0.4,13.5,31.7,25.09,Morondava,-20.283,44.283,0.0
2022-03-17,30.9,24.3,27.6,0.2,12.4,30.6,22.56,Morondava,-20.283,44.283,0.0
2022-03-18,29.6,24.4,26.3,12.4,15.5,35.3,13.06,Morondava,-20.283,44.283,0.0
2022-03-19,31.0,22.9,26.6,21.0,14.7,35.3,21.72,Morondava,-20.283,44.283,0.0
2022-03-20,31.1,23.1,26.3,8.3,11.8,32.0,22.54,Morondava,-20.283,44.283,0.0
2022-03-21,30.1,23.4,25.9,0.4,12.0,26.6,12.54,Morondava,-20.283,44.283,0.0
2022-03-22,29.5,23.4,25.9,11.6,11.3,24.8,11.17,Morondava,-20.283,44.283,0.0
2022-03-23,29.9,23.8,26.4,11.1,11.0,32.0,18.41,Morondava,-20.283,44.283,0.0
2022-03-24,30.5,23.8,26.9,0.7,14.1,31.3,22.91,Morondava,-20.283,44.283,0.0
2022-03-25,29.9,24.3,27.0,1.4,13.0,29.5,22.04,Morondava,-20.283,44.283,0.0
2022-03-26,30.8,24.2,27.5,0.0,15.5,36.7,23.63,Morondava,-20.283,44.283,0.0
2022-03-27,30.8,24.5,27.6,0.0,18.4,39.6,23.86,Morondava,-20.283,44.283,0.0
2022-03-28,30.8,23.6,27.2,0.0,15.3,34.2,22.7,Morondava,-20.283,44.283,0.0
2022-03-29,33.0,24.4,27.8,1.4,16.7,32.4,23.15,Morondava,-20.283,44.283,0.0
2022-03-30,33.2,22.7,27.7,0.1,12.3,30.2,23.4,Morondava,-20.283,44.283,0.0
2022-03-31,33.9,23.0,28.2,0.0,16.3,34.9,23.72,Morondava,-20.283,44.283,0.0
2022-04-01,31.9,22.4,26.8,0.0,16.0,35.6,24.0,Morondava,-20.283,44.283,0.0
2022-04-02,30.7,23.3,26.8,0.3,13.2,32.0,21.43,Morondava,-20.283,44.283,0.0
2022-04-03,31.5,22.7,27.1,0.3,14.0,33.5,21.58,Morondava,-20.283,44.283,0.0
2022-04-04,31.5,22.0,26.7,0.0,14.5,33.8,22.82,Morondava,-20.283,44.283,0.0
2022-04-05,32.3,22.2,26.9,0.0,15.6,34.2,23.56,Morondava,-20.283,44.283,0.0
2022-04-06,33.0,21.8,27.1,0.0,17.2,37.8,23.02,Morondava,-20.283,44.283,0.0
2022-04-07,32.5,22.5,27.6,0.0,15.2,33.5,22.1,Morondava,-20.283,44.283,0.0
2022-04-08,33.0,23.5,27.7,5.9,18.3,40.0,22.32,Morondava,-20.283,44.283,0.0
2022-04-09,32.2,23.4,27.1,0.6,13.7,35.6,21.23,Morondava,-20.283,44.283,0.0
2022-04-10,32.8,23.5,27.7,0.0,13.5,32.4,21.62,Morondava,-20.283,44.283,0.0
2022-04-11,34.2,23.9,28.2,0.0,14.1,29.9,21.98,Morondava,-20.283,44.283,0.0
2022-04-12,32.5,23.2,27.5,0.0,14.0,31.7,20.97,Morondava,-20.283,44.283,0.0
2022-04-13,32.8,22.2,27.4,0.0,13.7,33.5,21.66,Morondava,-20.283,44.283,0.0
2022-04-14,33.4,23.5,28.2,0.0,16.4,37.1,21.22,Morondava,-20.283,44.283,0.0
2022-04-15,33.7,24.8,28.9,0.0,16.3,36.7,21.03,Morondava,-20.283,44.283,0.0
2022-04-16,33.9,25.1,28.9,0.0,17.0,38.2,20.74,Morondava,-20.283,44.283,0.0
2022-04-17,32.6,24.7,28.3,0.0,14.5,37.1,19.25,Morondava,-20.283,44.283,0.0
2022-04-18,31.6,25.4,28.3,0.3,13.7,32.8,19.71,Morondava,-20.283,44.283,0.0
2022-04-19,32.0,24.9,28.0,0.0,18.2,39.2,19.81,Morondava,-20.283,44.283,0.0
2022-04-20,31.9,24.3,27.9,0.0,18.2,39.2,19.66,Morondava,-20.283,44.283,0.0
2022-04-21,34.8,24.4,28.7,0.1,17.6,39.6,20.58,Morondava,-20.283,44.283,0.0
2022-04-22,33.0,24.8,28.6,10.5,14.7,39.2,18.26,Morondava,-20.283,44.283,0.0
2022-04-23,32.2,24.0,26.8,4.7,10.2,25.6,15.04,Morondava,-20.283,44.283,0.0
2022-04-24,27.7,24.0,25.1,7.6,12.7,24.5,5.61,Morondava,-20.283,44.283,0.0
2022-04-25,31.2,22.9,26.8,0.8,16.9,34.9,15.25,Morondava,-20.283,44.283,0.0
2022-04-26,27.8,22.7,25.4,17.7,18.1,44.3,13.12,Morondava,-20.283,44.283,0.0
2022-04-27,29.6,22.2,25.7,1.3,20.0,40.7,19.26,Morondava,-20.283,44.283,0.0
2022-04-28,31.0,20.9,25.3,0.0,18.4,34.9,20.27,Morondava,-20.283,44.283,0.0
2022-04-29,30.3,20.1,25.0,0.0,15.6,31.0,19.97,Morondava,-20.283,44.283,0.0
2022-04-30,28.1,22.2,25.1,0.6,14.1,32.0,18.67,Morondava,-20.283,44.283,0.0
2022-05-01,29.0,20.3,24.1,0.0,22.5,46.1,19.93,Morondava,-20.283,44.283,0.0
2022-05-02,31.4,20.5,25.2,0.0,18.7,38.5,20.06,Morondava,-20.283,44.283,0.0
2022-05-03,30.9,20.8,25.4,0.0,12.1,27.7,18.41,Morondava,-20.283,44.283,0.0
2022-05-04,30.6,21.8,25.8,0.6,12.4,32.8,16.82,Morondava,-20.283,44.283,0.0
2022-05-05,31.0,22.1,25.9,0.0,16.7,37.1,18.93,Morondava,-20.283,44.283,0.0
2022-05-06,30.0,21.1,25.4,0.0,15.5,33.5,18.57,Morondava,-20.283,44.283,0.0
2022-05-07,29.8,23.6,26.0,0.1,14.4,33.8,16.95,Morondava,-20.283,44.283,0.0
2022-05-08,29.4,21.9,25.4,0.0,16.2,36.4,18.46,Morondava,-20.283,44.283,0.0
2022-05-09,28.9,20.7,24.5,0.0,17.3,37.4,18.55,Morondava,-20.283,44.283,0.0
2022-05-10,27.9,20.2,23.9,0.0,17.3,38.5,17.82,Morondava,-20.283,44.283,0.0
2022-05-11,29.3,19.2,23.9,0.0,18.8,40.3,18.89,Morondava,-20.283,44.283,0.0
2022-05-12,30.6,18.9,24.3,0.0,15.3,35.3,18.82,Morondava,-20.283,44.283,0.0
2022-05-13,30.9,19.7,25.0,0.0,15.2,31.7,18.09,Morondava,-20.283,44.283,0.0
2022-05-14,30.0,20.2,24.8,0.0,12.3,28.4,17.75,Morondava,-20.283,44.283,0.0
2022-05-15,30.2,20.9,25.4,0.0,13.6,27.7,15.81,Morondava,-20.283,44.283,0.0
2022-05-16,32.6,21.7,25.8,0.0,16.7,34.6,17.39,Morondava,-20.283,44.283,0.0
2022-05-17,32.7,21.7,26.3,0.0,15.2,33.1,16.16,Morondava,-20.283,44.283,0.0
2022-05-18,31.1,22.5,26.1,0.6,17.7,37.1,17.82,Morondava,-20.283,44.283,0.0
2022-05-19,30.9,20.7,25.0,0.0,17.3,38.5,18.05,Morondava,-20.283,44.283,0.0
2022-05-20,30.4,20.6,24.8,0.0,16.8,35.3,18.08,Morondava,-20.283,44.283,0.0
2022-05-21,31.1,20.5,25.1,0.0,14.5,31.7,17.92,Morondava,-20.283,44.283,0.0
2022-05-22,32.1,21.3,25.7,0.0,16.6,35.3,17.51,Morondava,-20.283,44.283,0.0
2022-05-23,30.9,20.2,25.3,0.0,15.0,33.8,17.77,Morondava,-20.283,44.283,0.0
2022-05-24,29.6,19.7,24.7,0.0,15.7,33.8,17.29,Morondava,-20.283,44.283,0.0
2022-05-25,29.2,21.4,24.9,0.0,18.2,38.2,16.44,Morondava,-20.283,44.283,0.0
2022-05-26,29.2,20.5,24.3,0.0,17.7,39.2,17.22,Morondava,-20.283,44.283,0.0
2022-05-27,30.1,19.3,24.4,0.0,19.5,43.2,17.38,Morondava,-20.283,44.283,0.0
2022-05-28,31.4,21.4,25.6,0.0,19.3,42.5,17.44,Morondava,-20.283,44.283,0.0
2022-05-29,31.6,21.2,25.4,0.0,18.4,41.0,17.05,Morondava,-20.283,44.283,0.0
2022-05-30,29.6,19.5,24.1,0.0,18.2,38.5,16.1,Morondava,-20.283,44.283,0.0
2022-05-31,30.5,19.8,24.3,0.0,18.9,40.3,17.34,Morondava,-20.283,44.283,0.0
2022-06-01,27.6,18.5,23.1,0.0,22.9,43.9,16.92,Morondava,-20.283,44.283,0.0
2022-06-02,29.9,17.9,23.7,0.0,17.2,33.1,17.39,Morondava,-20.283,44.283,0.0
2022-06-03,32.3,20.5,25.2,0.0,17.6,36.4,17.21,Morondava,-20.283,44.283,0.0
2022-06-04,32.7,21.0,25.4,0.0,15.6,34.9,16.98,Morondava,-20.283,44.283,0.0
2022-06-05,31.1,20.9,25.0,0.0,16.0,35.6,16.16,Morondava,-20.283,44.283,0.0
2022-06-06,30.3,20.3,24.6,0.0,17.3,40.3,16.23,Morondava,-20.283,44.283,0.0
2022-06-07,30.3,21.5,25.2,0.0,18.8,41.4,16.28,Morondava,-20.283,44.283,0.0
2022-06-08,31.4,20.8,24.8,0.0,20.9,43.6,16.6,Morondava,-20.283,44.283,0.0
2022-06-09,30.7,20.5,24.5,0.0,17.1,38.5,16.6,Morondava,-20.283,44.283,0.0
2022-06-10,28.3,19.9,23.7,0.1,14.7,35.3,15.28,Morondava,-20.283,44.283,0.0
2022-06-11,30.9,18.4,23.6,0.0,17.1,37.8,15.92,Morondava,-20.283,44.283,0.0
2022-06-12,30.7,20.4,24.8,0.0,17.7,37.1,15.97,Morondava,-20.283,44.283,0.0
2022-06-13,30.7,20.0,24.6,0.0,16.1,36.4,16.74,Morondava,-20.283,44.283,0.0
2022-06-14,30.0,20.0,24.2,0.0,16.3,37.8,16.21,Morondava,-20.283,44.283,0.0
2022-06-15,28.0,18.7,23.5,0.0,14.1,33.5,16.32,Morondava,-20.283,44.283,0.0
2022-06-16,28.1,18.9,23.0,0.7,17.6,40.0,12.33,Morondava,-20.283,44.283,0.0
2022-06-17,29.2,18.7,23.2,0.0,21.9,40.3,16.6,Morondava,-20.283,44.283,0.0
2022-06-18,27.7,17.3,22.3,0.0,19.1,41.8,16.74,Morondava,-20.283,44.283,0.0
2022-06-19,30.1,18.0,23.3,0.0,16.2,36.0,16.66,Morondava,-20.283,44.283,0.0
2022-06-20,30.7,19.6,24.1,0.0,16.5,34.6,16.23,Morondava,-20.283,44.283,0.0
2022-06-21,29.7,18.8,23.3,0.0,19.5,41.0,16.78,Morondava,-20.283,44.283,0.0
2022-06-22,29.2,18.3,23.0,0.0,18.2,38.9,16.88,Morondava,-20.283,44.283,0.0
2022-06-23,29.1,17.8,23.0,0.0,16.4,33.8,16.8,Morondava,-20.283,44.283,0.0
2022-06-24,29.3,19.2,23.7,0.0,17.5,41.8,16.56,Morondava,-20.283,44.283,0.0
2022-06-25,29.1,17.8,22.9,0.0,19.1,39.6,16.8,Morondava,-20.283,44.283,0.0
2022-06-26,30.6,19.0,24.3,0.0,18.7,39.2,16.95,Morondava,-20.283,44.283,0.0
2022-06-27,30.5,19.5,24.2,0.0,21.0,38.2,16.69,Morondava,-20.283,44.283,0.0
2022-06-28,29.6,18.8,23.7,0.0,25.4,51.8,16.96,Morondava,-20.283,44.283,0.0
2022-06-29,28.4,17.6,22.3,0.0,22.5,43.2,16.89,Morondava,-20.283,44.283,0.0
2022-06-30,27.6,17.7,21.9,0.0,16.7,38.2,16.72,Morondava,-20.283,44.283,0.0
2022-07-01,29.5,18.1,22.9,0.0,15.9,34.6,16.81,Morondava,-20.283,44.283,0.0
2022-07-02,29.5,19.0,23.4,0.0,17.2,34.6,16.79,Morondava,-20.283,44.283,0.0
2022-07-03,28.7,18.6,22.8,0.0,17.4,37.1,16.86,Morondava,-20.283,44.283,0.0
2022-07-04,28.9,17.0,22.3,0.0,15.3,35.6,17.11,Morondava,-20.283,44.283,0.0
2022-07-05,29.0,16.2,22.5,0.0,15.3,33.5,16.93,Morondava,-20.283,44.283,0.0
2022-07-06,29.5,18.6,23.3,0.0,17.0,35.6,16.96,Morondava,-20.283,44.283,0.0
2022-07-07,29.9,17.8,23.1,0.0,19.8,41.8,17.09,Morondava,-20.283,44.283,0.0
2022-07-08,29.1,17.5,22.7,0.0,17.3,37.1,17.19,Morondava,-20.283,44.283,0.0
2022-07-09,30.5,18.8,23.7,0.0,15.9,31.3,17.13,Morondava,-20.283,44.283,0.0
2022-07-10,29.6,18.2,23.1,0.0,18.4,38.5,17.23,Morondava,-20.283,44.283,0.0
2022-07-11,29.9,18.6,23.3,0.0,17.3,36.0,17.22,Morondava,-20.283,44.283,0.0
2022-07-12,30.6,19.1,23.8,0.0,19.0,40.0,17.21,Morondava,-20.283,44.283,0.0
2022-07-13,30.1,19.4,23.9,0.0,18.1,38.2,17.13,Morondava,-20.283,44.283,0.0
2022-07-14,29.7,18.7,23.5,0.0,18.1,40.0,17.22,Morondava,-20.283,44.283,0.0
2022-07-15,27.6,17.7,22.5,0.0,16.7,36.7,17.39,Morondava,-20.283,44.283,0.0
2022-07-16,28.7,16.9,22.5,0.0,17.2,38.2,17.11,Morondava,-20.283,44.283,0.0
2022-07-17,30.1,19.1,24.1,0.0,15.6,37.1,15.83,Morondava,-20.283,44.283,0.0
2022-07-18,30.4,18.8,23.9,0.0,17.9,36.7,17.35,Morondava,-20.283,44.283,0.0
2022-07-19,30.7,19.1,24.5,0.0,16.3,40.7,17.11,Morondava,-20.283,44.283,0.0
2022-07-20,28.9,18.8,23.5,0.0,19.0,43.9,17.64,Morondava,-20.283,44.283,0.0
2022-07-21,28.4,18.2,23.3,0.0,18.4,41.4,16.2,Morondava,-20.283,44.283,0.0
2022-07-22,28.6,18.1,22.8,0.0,18.4,40.7,16.77,Morondava,-20.283,44.283,0.0
2022-07-23,28.7,17.3,22.7,0.0,18.6,40.0,17.74,Morondava,-20.283,44.283,0.0
2022-07-24,27.9,17.3,22.6,0.0,19.1,40.7,17.39,Morondava,-20.283,44.283,0.0
2022-07-25,27.8,18.7,22.9,0.0,22.7,46.1,17.46,Morondava,-20.283,44.283,0.0
2022-07-26,29.8,19.7,23.6,0.0,23.8,50.0,17.37,Morondava,-20.283,44.283,0.0
2022-07-27,28.2,18.8,23.0,0.0,19.7,41.4,17.95,Morondava,-20.283,44.283,0.0
2022-07-28,28.7,18.0,23.0,0.0,14.8,35.6,16.89,Morondava,-20.283,44.283,0.0
2022-07-29,29.0,19.5,23.7,0.5,14.3,33.8,14.25,Morondava,-20.283,44.283,0.0
2022-07-30,25.8,20.3,22.9,2.5,12.1,28.4,9.87,Morondava,-20.283,44.283,0.0
2022-07-31,27.6,20.1,23.4,0.0,15.5,34.6,16.68,Morondava,-20.283,44.283,0.0
2022-08-01,30.1,19.6,24.1,0.0,19.1,38.9,16.62,Morondava,-20.283,44.283,0.0
2022-08-02,30.3,21.2,24.7,0.0,22.6,45.0,18.69,Morondava,-20.283,44.283,0.0
2022-08-03,28.5,18.9,23.2,0.0,18.9,39.2,17.52,Morondava,-20.283,44.283,0.0
2022-08-04,27.3,18.9,23.0,0.0,15.5,35.6,17.11,Morondava,-20.283,44.283,0.0
2022-08-05,27.8,18.8,23.3,0.0,17.1,38.5,18.17,Morondava,-20.283,44.283,0.0
2022-08-06,27.4,17.5,22.3,0.0,19.7,42.5,19.36,Morondava,-20.283,44.283,0.0
2022-08-07,27.5,16.4,22.2,0.0,17.4,37.1,18.92,Morondava,-20.283,44.283,0.0
2022-08-08,28.1,17.6,22.8,0.0,18.2,38.9,19.41,Morondava,-20.283,44.283,0.0
2022-08-09,28.7,18.4,22.8,0.0,18.4,42.1,19.18,Morondava,-20.283,44.283,0.0
2022-08-10,29.5,18.7,23.4,0.0,17.7,39.6,19.79,Morondava,-20.283,44.283,0.0
2022-08-11,30.0,18.4,23.6,0.0,20.3,42.5,19.8,Morondava,-20.283,44.283,0.0
2022-08-12,27.9,18.9,23.0,0.0,19.1,41.4,19.89,Morondava,-20.283,44.283,0.0
2022-08-13,27.3,17.8,22.4,0.0,19.2,40.0,18.93,Morondava,-20.283,44.283,0.0
2022-08-14,28.4,17.9,23.0,0.0,14.9,33.8,19.73,Morondava,-20.283,44.283,0.0
2022-08-15,28.3,19.3,23.5,0.0,16.5,36.4,19.36,Morondava,-20.283,44.283,0.0
2022-08-16,27.8,19.4,23.2,0.1,17.4,38.2,17.77,Morondava,-20.283,44.283,0.0
2022-08-17,29.1,19.9,23.9,0.0,20.4,42.1,20.38,Morondava,-20.283,44.283,0.0
2022-08-18,28.4,17.8,23.1,0.0,15.5,36.0,20.49,Morondava,-20.283,44.283,0.0
2022-08-19,28.9,19.0,23.7,0.0,17.1,38.5,20.49,Morondava,-20.283,44.283,0.0
2022-08-20,28.3,20.1,23.9,0.2,19.9,45.0,19.63,Morondava,-20.283,44.283,0.0
2022-08-21,29.7,19.8,24.4,1.0,20.5,41.8,17.36,Morondava,-20.283,44.283,0.0
2022-08-22,30.3,22.1,25.2,0.0,21.7,49.0,20.32,Morondava,-20.283,44.283,0.0
2022-08-23,28.1,20.5,24.1,1.0,16.9,39.2,18.69,Morondava,-20.283,44.283,0.0
2022-08-24,29.9,20.5,24.2,0.0,22.0,46.1,20.22,Morondava,-20.283,44.283,0.0
2022-08-25,29.4,19.4,23.8,0.0,21.4,45.4,19.46,Morondava,-20.283,44.283,0.0
2022-08-26,27.6,20.3,23.6,0.0,19.1,40.3,18.64,Morondava,-20.283,44.283,0.0
2022-08-27,27.6,19.1,23.2,0.0,17.7,39.6,19.5,Morondava,-20.283,44.283,0.0
2022-08-28,28.7,19.1,23.3,0.1,20.8,45.4,19.41,Morondava,-20.283,44.283,0.0
2022-08-29,28.1,18.1,23.6,0.0,19.2,41.4,21.61,Morondava,-20.283,44.283,0.0
2022-08-30,30.3,19.9,24.6,0.0,24.3,50.4,22.11,Morondava,-20.283,44.283,0.0
2022-08-31,30.2,18.4,23.0,0.0,38.5,76.0,21.36,Morondava,-20.283,44.283,0.0
2022-09-01,29.2,17.3,22.5,0.0,24.1,45.7,23.03,Morondava,-20.283,44.283,0.0
2022-09-02,29.7,18.6,23.3,0.0,20.4,42.8,22.27,Morondava,-20.283,44.283,0.0
2022-09-03,28.1,18.2,23.2,0.0,22.3,46.8,21.64,Morondava,-20.283,44.283,0.0
2022-09-04,31.3,18.4,24.1,0.0,22.0,46.8,22.62,Morondava,-20.283,44.283,0.0
2022-09-05,29.3,19.8,24.1,0.0,19.6,42.8,22.62,Morondava,-20.283,44.283,0.0
2022-09-06,28.8,18.5,23.7,0.0,19.7,43.6,21.93,Morondava,-20.283,44.283,0.0
2022-09-07,31.5,20.1,25.0,0.0,23.7,50.8,22.69,Morondava,-20.283,44.283,0.0
2022-09-08,30.7,20.3,24.3,0.0,21.0,46.8,22.85,Morondava,-20.283,44.283,0.0
2022-09-09,28.4,20.3,23.7,0.0,17.7,37.8,20.03,Morondava,-20.283,44.283,0.0
2022-09-10,28.9,18.4,23.5,0.0,18.8,42.1,21.14,Morondava,-20.283,44.283,0.0
2022-09-11,30.6,19.2,24.6,0.0,19.9,45.7,23.06,Morondava,-20.283,44.283,0.0
2022-09-12,29.8,18.7,24.2,0.0,21.4,46.1,23.46,Morondava,-20.283,44.283,0.0
2022-09-13,29.0,21.2,24.4,0.0,20.5,43.6,21.5,Morondava,-20.283,44.283,0.0
2022-09-14,32.7,19.1,25.0,0.0,22.8,48.6,23.71,Morondava,-20.283,44.283,0.0
2022-09-15,31.6,20.7,25.0,0.0,24.0,51.1,23.45,Morondava,-20.283,44.283,0.0
2022-09-16,29.3,20.6,24.3,0.0,19.7,41.4,20.86,Morondava,-20.283,44.283,0.0
2022-09-17,29.2,20.9,24.5,0.0,19.5,44.3,22.88,Morondava,-20.283,44.283,0.0
2022-09-18,28.7,21.5,24.7,0.0,16.0,38.2,19.59,Morondava,-20.283,44.283,0.0
2022-09-19,30.1,20.6,24.9,0.0,18.9,43.6,22.22,Morondava,-20.283,44.283,0.0
2022-09-20,29.1,21.3,25.0,0.4,18.8,40.0,21.61,Morondava,-20.283,44.283,0.0
2022-09-21,30.3,20.6,25.0,0.0,21.9,47.9,22.58,Morondava,-20.283,44.283,0.0
2022-09-22,31.1,20.7,25.7,0.0,22.5,47.9,23.35,Morondava,-20.283,44.283,0.0
2022-09-23,30.9,21.3,25.6,0.0,20.2,43.9,21.41,Morondava,-20.283,44.283,0.0
2022-09-24,32.2,20.2,25.4,0.0,22.3,47.5,24.23,Morondava,-20.283,44.283,0.0
2022-09-25,29.3,21.1,25.0,0.0,16.4,39.6,22.01,Morondava,-20.283,44.283,0.0
2022-09-26,30.7,21.9,25.8,0.0,16.2,34.6,20.55,Morondava,-20.283,44.283,0.0
2022-09-27,29.4,21.7,25.5,0.0,21.8,47.2,23.55,Morondava,-20.283,44.283,0.0
2022-09-28,31.7,21.8,25.6,0.0,21.7,48.2,24.14,Morondava,-20.283,44.283,0.0
2022-09-29,30.4,21.8,25.5,0.0,22.1,49.3,23.22,Morondava,-20.283,44.283,0.0
2022-09-30,29.4,20.9,25.1,0.0,22.3,47.5,24.66,Morondava,-20.283,44.283,0.0
2022-10-01,29.0,20.0,24.7,0.0,21.0,45.0,25.26,Morondava,-20.283,44.283,0.0
2022-10-02,29.0,20.8,25.0,0.0,20.2,43.6,24.87,Morondava,-20.283,44.283,0.0
2022-10-03,29.0,21.9,25.1,0.0,18.4,42.1,24.96,Morondava,-20.283,44.283,0.0
2022-10-04,29.6,21.1,25.3,0.0,21.5,43.6,25.22,Morondava,-20.283,44.283,0.0
2022-10-05,30.5,22.0,25.8,0.0,18.9,43.2,25.55,Morondava,-20.283,44.283,0.0
2022-10-06,29.8,23.9,26.3,0.0,18.1,42.1,25.16,Morondava,-20.283,44.283,0.0
2022-10-07,30.1,22.5,26.0,0.0,21.6,42.5,24.9,Morondava,-20.283,44.283,0.0
2022-10-08,30.5,22.9,26.4,0.0,20.7,45.4,24.42,Morondava,-20.283,44.283,0.0
2022-10-09,30.2,22.4,26.2,0.0,19.5,41.4,23.64,Morondava,-20.283,44.283,0.0
2022-10-10,30.6,22.2,26.2,0.0,22.9,48.6,25.24,Morondava,-20.283,44.283,0.0
2022-10-11,29.9,22.1,25.9,0.2,19.9,43.9,23.55,Morondava,-20.283,44.283,0.0
2022-10-12,29.9,23.0,26.2,0.0,19.1,43.2,24.01,Morondava,-20.283,44.283,0.0
2022-10-13,30.1,22.5,26.2,0.1,17.7,40.3,22.67,Morondava,-20.283,44.283,0.0
2022-10-14,29.6,23.2,25.9,1.4,18.2,43.2,21.82,Morondava,-20.283,44.283,0.0
2022-10-15,28.6,21.5,25.1,0.4,16.9,38.5,21.11,Morondava,-20.283,44.283,0.0
2022-10-16,29.0,22.3,25.8,1.3,17.1,39.6,20.8,Morondava,-20.283,44.283,0.0
2022-10-17,29.6,22.7,26.0,0.0,19.4,42.8,24.66,Morondava,-20.283,44.283,0.0
2022-10-18,30.4,23.3,26.6,0.0,21.0,45.7,25.15,Morondava,-20.283,44.283,0.0
2022-10-19,30.2,22.9,26.5,0.0,19.6,44.6,24.74,Morondava,-20.283,44.283,0.0
2022-10-20,29.6,22.6,26.1,0.4,18.4,41.0,20.97,Morondava,-20.283,44.283,0.0
2022-10-21,30.5,22.7,26.3,8.1,14.3,36.0,22.84,Morondava,-20.283,44.283,0.0
2022-10-22,29.0,21.2,25.3,0.0,14.8,34.9,25.33,Morondava,-20.283,44.283,0.0
2022-10-23,29.7,21.9,25.7,1.2,17.3,38.9,25.87,Morondava,-20.283,44.283,0.0
2022-10-24,30.1,22.5,26.2,0.0,19.1,41.4,26.64,Morondava,-20.283,44.283,0.0
2022-10-25,29.5,21.5,25.8,0.0,17.6,39.2,27.07,Morondava,-20.283,44.283,0.0
2022-10-26,30.9,22.6,26.5,0.0,19.2,41.8,25.18,Morondava,-20.283,44.283,0.0
2022-10-27,30.4,23.4,26.8,0.0,17.7,40.7,24.89,Morondava,-20.283,44.283,0.0
2022-10-28,30.3,24.1,27.1,0.0,18.4,42.8,27.29,Morondava,-20.283,44.283,0.0
2022-10-29,31.3,22.7,27.0,0.0,23.7,51.1,26.67,Morondava,-20.283,44.283,0.0
2022-10-30,30.8,24.0,27.2,0.1,18.1,41.4,23.45,Morondava,-20.283,44.283,0.0
2022-10-31,31.6,22.7,27.3,3.6,19.0,43.2,25.07,Morondava,-20.283,44.283,0.0
2022-11-01,30.4,22.7,27.0,8.8,19.4,43.6,24.55,Morondava,-20.283,44.283,0.0
2022-11-02,30.4,23.3,27.0,2.2,17.9,40.7,25.61,Morondava,-20.283,44.283,0.0
2022-11-03,29.9,24.0,26.8,0.6,16.1,37.8,23.23,Morondava,-20.283,44.283,0.0
2022-11-04,29.9,22.5,26.2,0.8,18.8,43.2,24.75,Morondava,-20.283,44.283,0.0
2022-11-05,30.3,22.1,25.8,4.7,16.5,40.3,24.66,Morondava,-20.283,44.283,0.0
2022-11-06,30.1,22.5,25.7,12.8,16.6,38.2,23.99,Morondava,-20.283,44.283,0.0
2022-11-07,29.8,22.2,25.5,1.2,15.6,36.4,25.33,Morondava,-20.283,44.283,0.0
2022-11-08,30.4,21.9,26.0,0.3,15.8,36.7,26.64,Morondava,-20.283,44.283,0.0
2022-11-09,31.2,22.2,26.6,0.2,17.1,39.2,26.56,Morondava,-20.283,44.283,0.0
2022-11-10,30.5,22.7,26.0,2.6,16.5,38.9,24.9,Morondava,-20.283,44.283,0.0
2022-11-11,31.5,23.1,27.0,0.0,15.9,37.4,24.87,Morondava,-20.283,44.283,0.0
2022-11-12,32.2,23.8,27.9,1.0,12.6,31.7,23.76,Morondava,-20.283,44.283,0.0
2022-11-13,30.8,23.8,27.1,1.8,14.0,34.9,23.58,Morondava,-20.283,44.283,0.0
2022-11-14,30.2,23.4,26.4,16.6,12.9,29.5,21.17,Morondava,-20.283,44.283,0.0
2022-11-15,30.2,22.6,26.0,4.3,16.2,40.0,25.93,Morondava,-20.283,44.283,0.0
2022-11-16,29.8,22.3,26.1,1.3,17.7,39.6,26.56,Morondava,-20.283,44.283,0.0
2022-11-17,29.2,22.6,25.4,3.0,14.8,35.3,23.55,Morondava,-20.283,44.283,0.0
2022-11-18,29.7,21.9,25.9,0.0,16.5,37.4,25.26,Morondava,-20.283,44.283,0.0
2022-11-19,30.6,21.9,26.5,0.0,18.4,40.0,28.43,Morondava,-20.283,44.283,0.0
2022-11-20,30.5,23.4,27.3,0.0,17.9,40.7,27.14,Morondava,-20.283,44.283,0.0
2022-11-21,30.1,23.7,26.6,1.5,20.0,41.8,24.5,Morondava,-20.283,44.283,0.0
2022-11-22,29.3,20.1,25.1,0.0,16.7,39.2,29.98,Morondava,-20.283,44.283,0.0
2022-11-23,29.9,21.4,26.2,0.0,15.9,38.2,28.43,Morondava,-20.283,44.283,0.0
2022-11-24,32.1,22.1,27.4,0.5,15.1,37.4,26.89,Morondava,-20.283,44.283,0.0
2022-11-25,31.9,22.2,27.4,7.6,15.0,36.0,26.77,Morondava,-20.283,44.283,0.0
2022-11-26,33.3,23.2,28.2,0.0,19.0,41.0,28.34,Morondava,-20.283,44.283,0.0
2022-11-27,31.7,23.5,27.8,0.0,18.1,40.7,28.09,Morondava,-20.283,44.283,0.0
2022-11-28,32.1,23.2,27.9,0.0,20.8,44.6,29.21,Morondava,-20.283,44.283,0.0
2022-11-29,30.9,24.1,27.9,0.0,20.6,45.7,29.22,Morondava,-20.283,44.283,0.0
2022-11-30,32.1,24.0,27.7,0.0,19.4,45.7,26.59,Morondava,-20.283,44.283,0.0
2022-12-01,30.2,23.0,27.3,0.2,19.2,42.8,24.74,Morondava,-20.283,44.283,0.0
2022-12-02,31.7,25.4,28.5,0.1,17.1,40.7,27.04,Morondava,-20.283,44.283,0.0
2022-12-03,31.7,25.0,28.5,0.0,21.5,45.7,21.44,Morondava,-20.283,44.283,0.0
2022-12-04,34.8,25.4,28.7,1.6,18.6,42.5,20.52,Morondava,-20.283,44.283,0.0
2022-12-05,32.8,24.4,28.3,0.5,15.3,35.6,26.5,Morondava,-20.283,44.283,0.0
2022-12-06,31.6,24.8,28.1,0.8,15.8,37.4,25.02,Morondava,-20.283,44.283,0.0
2022-12-07,33.8,24.2,28.7,2.0,18.0,41.0,25.97,Morondava,-20.283,44.283,0.0
2022-12-08,32.2,24.8,28.6,2.0,14.8,36.0,26.81,Morondava,-20.283,44.283,0.0
2022-12-09,31.5,25.2,28.3,0.0,18.0,41.4,24.49,Morondava,-20.283,44.283,0.0
2022-12-10,31.9,24.5,28.4,2.9,16.6,38.9,26.08,Morondava,-20.283,44.283,0.0
2022-12-11,31.8,25.4,28.5,0.0,15.4,37.1,24.32,Morondava,-20.283,44.283,0.0
2022-12-12,31.3,23.6,28.1,2.0,14.8,38.5,23.74,Morondava,-20.283,44.283,0.0
2022-12-13,31.7,23.4,27.0,3.3,18.9,46.4,26.1,Morondava,-20.283,44.283,0.0
2022-12-14,31.1,23.5,26.3,7.2,16.6,37.4,25.19,Morondava,-20.283,44.283,0.0
2022-12-15,30.4,22.5,26.5,2.2,16.2,35.6,28.11,Morondava,-20.283,44.283,0.0
2022-12-16,31.1,23.2,27.0,2.2,13.6,39.2,28.12,Morondava,-20.283,44.283,0.0
2022-12-17,30.8,23.1,27.2,0.4,15.5,36.7,26.5,Morondava,-20.283,44.283,0.0
2022-12-18,29.8,23.7,26.5,8.5,17.1,38.5,21.9,Morondava,-20.283,44.283,0.0
2022-12-19,31.0,23.2,27.1,1.9,19.0,47.2,26.63,Morondava,-20.283,44.283,0.0
2022-12-20,30.4,23.2,27.1,7.2,21.2,46.1,25.96,Morondava,-20.283,44.283,0.0
2022-12-21,29.8,23.6,26.4,13.5,22.7,51.8,24.13,Morondava,-20.283,44.283,0.0
2022-12-22,29.1,23.0,25.5,6.2,17.1,36.0,18.6,Morondava,-20.283,44.283,0.0
2022-12-23,30.5,22.0,26.2,0.0,17.6,39.2,29.42,Morondava,-20.283,44.283,0.0
2022-12-24,30.0,21.2,26.0,0.0,17.0,38.9,30.23,Morondava,-20.283,44.283,0.0
2022-12-25,29.9,23.5,26.7,0.4,17.7,39.6,29.28,Morondava,-20.283,44.283,0.0
2022-12-26,30.8,22.5,26.7,0.0,19.1,43.2,29.69,Morondava,-20.283,44.283,0.0
2022-12-27,30.8,23.3,27.0,0.0,18.4,40.7,27.16,Morondava,-20.283,44.283,0.0
2022-12-28,30.6,23.4,27.2,6.9,15.2,35.6,26.47,Morondava,-20.283,44.283,0.0
2022-12-29,30.1,23.2,26.5,3.3,13.4,32.4,24.51,Morondava,-20.283,44.283,0.0
2022-12-30,30.6,23.8,27.3,3.5,15.4,34.2,24.93,Morondava,-20.283,44.283,0.0
2022-12-31,29.8,23.6,27.0,8.8,12.5,30.6,24.02,Morondava,-20.283,44.283,0.0
2023-01-01,29.9,23.3,26.1,4.9,13.2,33.5,25.74,Morondava,-20.283,44.283,0.0
2023-01-02,29.2,22.7,25.1,29.9,12.3,32.8,19.4,Morondava,-20.283,44.283,0.0
2023-01-03,29.4,22.3,25.2,13.6,15.2,32.8,22.83,Morondava,-20.283,44.283,0.0
2023-01-04,28.5,22.0,25.0,9.3,17.7,43.9,16.24,Morondava,-20.283,44.283,0.0
2023-01-05,28.6,23.4,25.3,8.5,14.1,33.8,19.14,Morondava,-20.283,44.283,0.0
2023-01-06,30.9,22.6,26.7,0.6,15.0,34.9,25.38,Morondava,-20.283,44.283,0.0
2023-01-07,30.7,24.0,27.0,0.2,14.1,31.3,25.88,Morondava,-20.283,44.283,0.0
2023-01-08,31.0,24.2,27.4,0.0,17.3,38.9,27.66,Morondava,-20.283,44.283,0.0
2023-01-09,30.4,23.8,27.1,7.2,15.9,34.9,24.1,Morondava,-20.283,44.283,0.0
2023-01-10,30.0,23.7,26.2,14.9,16.4,36.7,22.01,Morondava,-20.283,44.283,0.0
2023-01-11,28.4,23.4,25.6,8.2,15.1,36.4,17.27,Morondava,-20.283,44.283,0.0
2023-01-12,30.3,23.0,26.1,2.3,14.2,32.8,25.9,Morondava,-20.283,44.283,0.0
2023-01-13,30.5,23.5,26.5,5.2,13.7,32.4,26.83,Morondava,-20.283,44.283,0.0
2023-01-14,30.4,23.6,26.8,0.7,11.6,33.1,23.6,Morondava,-20.283,44.283,0.0
2023-01-15,32.5,23.7,28.1,0.0,14.6,34.6,28.07,Morondava,-20.283,44.283,0.0
2023-01-16,30.9,23.6,27.4,0.0,13.7,30.6,27.71,Morondava,-20.283,44.283,0.0
2023-01-17,32.5,23.5,27.9,0.0,14.3,33.8,28.21,Morondava,-20.283,44.283,0.0
2023-01-18,33.5,24.4,28.7,0.0,20.6,42.1,29.21,Morondava,-20.283,44.283,0.0
2023-01-19,34.9,24.0,29.0,0.0,18.0,36.0,28.38,Morondava,-20.283,44.283,0.0
2023-01-20,33.2,26.3,28.8,0.2,20.0,43.6,12.08,Morondava,-20.283,44.283,0.0
2023-01-21,33.7,24.5,27.7,10.1,16.9,38.5,17.56,Morondava,-20.283,44.283,0.0
2023-01-22,30.4,24.1,26.6,6.3,22.3,48.2,17.26,Morondava,-20.283,44.283,0.0
2023-01-23,27.9,23.5,25.1,13.4,23.5,46.4,16.59,Morondava,-20.283,44.283,0.0
2023-01-24,24.2,23.1,23.6,76.0,36.6,69.5,2.78,Morondava,-20.283,44.283,0.0
2023-01-25,23.8,23.2,23.5,148.8,39.2,74.5,3.06,Morondava,-20.283,44.283,0.0
2023-01-26,24.5,23.1,23.7,121.4,40.3,82.4,2.45,Morondava,-20.283,44.283,0.0
2023-01-27,26.5,23.6,24.8,36.7,37.6,73.8,10.21,Morondava,-20.283,44.283,0.0
2023-01-28,28.8,24.1,26.3,10.1,35.8,71.3,23.02,Morondava,-20.283,44.283,0.0
2023-01-29,29.2,25.2,27.1,2.4,21.9,46.1,24.95,Morondava,-20.283,44.283,0.0
2023-01-30,29.3,23.6,26.5,1.0,12.4,31.0,25.21,Morondava,-20.283,44.283,0.0
2023-01-31,30.8,24.1,27.2,1.6,9.4,27.7,23.57,Morondava,-20.283,44.283,0.0
2023-02-01,30.6,24.4,27.2,9.4,9.8,25.2,23.9,Morondava,-20.283,44.283,0.0
2023-02-02,30.3,24.2,27.0,1.2,10.9,27.4,25.93,Morondava,-20.283,44.283,0.0
2023-02-03,30.3,24.1,27.0,1.6,14.5,27.7,25.63,Morondava,-20.283,44.283,0.0
2023-02-04,30.0,23.2,26.1,11.5,13.0,32.8,26.97,Morondava,-20.283,44.283,0.0
2023-02-05,30.0,22.7,26.1,1.8,13.8,31.0,26.45,Morondava,-20.283,44.283,0.0
2023-02-06,30.1,23.3,26.0,5.8,11.6,29.9,25.01,Morondava,-20.283,44.283,0.0
2023-02-07,30.0,23.5,26.3,5.0,13.4,31.3,22.44,Morondava,-20.283,44.283,0.0
2023-02-08,31.8,23.8,27.2,9.1,11.6,29.9,24.28,Morondava,-20.283,44.283,0.0
2023-02-09,30.4,24.1,26.3,8.6,12.7,27.7,12.11,Morondava,-20.283,44.283,0.0
2023-02-10,29.1,23.8,26.2,1.8,11.8,23.8,14.77,Morondava,-20.283,44.283,0.0
2023-02-11,31.0,23.0,26.6,18.1,14.5,36.0,25.74,Morondava,-20.283,44.283,0.0
2023-02-12,30.7,22.8,26.7,0.1,12.6,30.6,26.59,Morondava,-20.283,44.283,0.0
2023-02-13,31.0,23.3,26.8,5.6,12.0,30.6,24.3,Morondava,-20.283,44.283,0.0
2023-02-14,29.7,24.3,26.6,8.9,13.0,29.9,23.79,Morondava,-20.283,44.283,0.0
2023-02-15,29.3,23.2,26.1,5.1,9.8,26.3,22.71,Morondava,-20.283,44.283,0.0
2023-02-16,27.1,23.4,25.2,36.6,12.1,30.6,12.35,Morondava,-20.283,44.283,0.0
2023-02-17,29.2,21.9,25.8,1.1,12.8,31.3,26.09,Morondava,-20.283,44.283,0.0
2023-02-18,29.7,23.2,26.6,2.0,12.2,31.0,25.67,Morondava,-20.283,44.283,0.0
2023-02-19,31.1,23.7,27.4,0.0,12.7,31.7,27.35,Morondava,-20.283,44.283,0.0
2023-02-20,30.5,25.2,27.9,1.0,11.7,27.0,22.3,Morondava,-20.283,44.283,0.0
2023-02-21,30.8,25.2,28.2,0.5,18.7,36.0,25.8,Morondava,-20.283,44.283,0.0
2023-02-22,28.2,24.6,26.0,60.3,32.1,59.0,3.12,Morondava,-20.283,44.283,0.0
2023-02-23,30.9,23.7,27.0,6.4,15.7,32.8,25.62,Morondava,-20.283,44.283,0.0
2023-02-24,30.0,24.1,26.5,2.2,11.6,26.3,16.82,Morondava,-20.283,44.283,0.0
2023-02-25,31.1,24.1,27.3,1.9,12.2,28.1,24.41,Morondava,-20.283,44.283,0.0
2023-02-26,29.9,22.9,26.7,20.2,18.4,33.1,25.66,Morondava,-20.283,44.283,0.0
2023-02-27,30.4,22.5,26.4,2.7,13.2,39.6,23.24,Morondava,-20.283,44.283,0.0
2023-02-28,29.7,23.0,26.4,0.1,10.5,29.2,23.25,Morondava,-20.283,44.283,0.0
2023-03-01,29.5,23.6,26.7,0.7,14.9,35.6,22.26,Morondava,-20.283,44.283,0.0
2023-03-02,30.2,23.7,27.0,0.9,17.4,38.5,26.15,Morondava,-20.283,44.283,0.0
2023-03-03,29.7,23.3,26.3,14.7,23.1,47.9,18.37,Morondava,-20.283,44.283,0.0
2023-03-04,27.1,23.0,24.8,81.5,32.4,64.4,8.88,Morondava,-20.283,44.283,0.0
2023-03-05,27.3,23.8,25.0,51.3,34.0,70.2,11.58,Morondava,-20.283,44.283,0.0
2023-03-06,27.5,23.7,25.2,42.2,30.9,64.1,12.24,Morondava,-20.283,44.283,0.0
2023-03-07,28.9,24.2,26.4,9.6,29.9,60.1,18.7,Morondava,-20.283,44.283,0.0
2023-03-08,28.3,24.5,26.2,2.1,27.0,56.9,16.0,Morondava,-20.283,44.283,0.0
2023-03-09,29.6,23.2,25.8,4.8,20.3,40.3,20.73,Morondava,-20.283,44.283,0.0
2023-03-10,31.2,23.1,26.7,0.9,11.3,29.2,22.95,Morondava,-20.283,44.283,0.0
2023-03-11,31.6,24.2,26.8,7.8,11.0,28.4,21.67,Morondava,-20.283,44.283,0.0
2023-03-12,31.7,23.6,27.0,0.5,12.3,29.2,25.25,Morondava,-20.283,44.283,0.0
2023-03-13,31.0,22.8,26.8,0.2,14.0,30.6,24.08,Morondava,-20.283,44.283,0.0
2023-03-14,30.2,23.0,26.6,0.4,19.8,39.6,22.86,Morondava,-20.283,44.283,0.0
2023-03-15,28.2,23.4,25.0,12.3,8.8,19.4,11.87,Morondava,-20.283,44.283,0.0
2023-03-16,28.5,23.1,25.6,8.2,12.8,31.3,21.79,Morondava,-20.283,44.283,0.0
2023-03-17,29.9,23.0,26.1,0.0,15.3,32.4,23.72,Morondava,-20.283,44.283,0.0
2023-03-18,29.3,22.9,26.2,0.0,13.4,31.0,24.15,Morondava,-20.283,44.283,0.0
2023-03-19,29.6,23.0,26.4,0.0,13.0,29.9,24.88,Morondava,-20.283,44.283,0.0
2023-03-20,30.0,23.2,26.2,2.9,11.4,26.3,22.23,Morondava,-20.283,44.283,0.0
2023-03-21,29.7,23.4,26.2,0.5,13.6,30.2,22.8,Morondava,-20.283,44.283,0.0
2023-03-22,30.1,23.2,26.0,4.6,12.8,31.7,21.57,Morondava,-20.283,44.283,0.0
2023-03-23,30.3,22.0,26.1,0.1,13.1,31.0,23.84,Morondava,-20.283,44.283,0.0
2023-03-24,30.4,23.8,27.0,1.3,10.0,27.0,22.57,Morondava,-20.283,44.283,0.0
2023-03-25,30.8,23.3,26.8,0.0,11.5,27.7,22.53,Morondava,-20.283,44.283,0.0
2023-03-26,29.6,23.9,26.8,2.1,12.8,28.4,22.15,Morondava,-20.283,44.283,0.0
2023-03-27,28.8,24.2,26.6,2.1,12.4,27.7,20.22,Morondava,-20.283,44.283,0.0
2023-03-28,32.1,23.3,26.8,0.0,13.0,27.4,21.51,Morondava,-20.283,44.283,0.0
2023-03-29,30.0,21.8,25.9,3.0,13.4,35.6,22.52,Morondava,-20.283,44.283,0.0
2023-03-30,29.4,23.0,26.0,7.0,14.3,28.1,19.82,Morondava,-20.283,44.283,0.0
2023-03-31,29.9,23.3,26.7,0.6,11.4,28.4,22.18,Morondava,-20.283,44.283,0.0
2023-04-01,31.1,24.1,27.1,1.9,8.5,23.8,21.97,Morondava,-20.283,44.283,0.0
2023-04-02,30.3,23.2,26.6,4.5,13.2,34.9,17.04,Morondava,-20.283,44.283,0.0
2023-04-03,29.5,23.0,26.3,1.1,12.2,25.9,21.13,Morondava,-20.283,44.283,0.0
2023-04-04,29.5,23.9,26.5,3.6,13.3,32.4,20.91,Morondava,-20.283,44.283,0.0
2023-04-05,29.1,23.0,26.1,5.7,13.9,30.6,20.96,Morondava,-20.283,44.283,0.0
2023-04-06,28.9,23.0,25.6,16.1,12.0,31.3,16.93,Morondava,-20.283,44.283,0.0
2023-04-07,28.8,22.9,25.7,1.1,13.9,33.5,20.0,Morondava,-20.283,44.283,0.0
2023-04-08,29.8,23.2,26.5,0.0,8.7,23.0,17.7,Morondava,-20.283,44.283,0.0
2023-04-09,31.2,22.5,26.3,6.6,22.3,42.1,21.57,Morondava,-20.283,44.283,0.0
2023-04-10,29.2,21.7,25.3,0.0,10.9,27.0,22.26,Morondava,-20.283,44.283,0.0
2023-04-11,29.4,22.7,26.0,0.2,14.4,31.7,20.21,Morondava,-20.283,44.283,0.0
2023-04-12,29.5,23.1,26.3,0.0,17.6,37.8,21.17,Morondava,-20.283,44.283,0.0
2023-04-13,30.3,22.7,26.3,0.0,13.6,28.8,20.4,Morondava,-20.283,44.283,0.0
2023-04-14,30.3,21.5,25.9,0.0,11.3,26.6,21.45,Morondava,-20.283,44.283,0.0
2023-04-15,31.1,22.8,26.6,0.0,16.4,36.0,21.0,Morondava,-20.283,44.283,0.0
2023-04-16,31.4,22.6,26.4,0.3,15.5,34.9,20.84,Morondava,-20.283,44.283,0.0
2023-04-17,31.6,23.3,26.8,0.0,11.9,27.7,19.92,Morondava,-20.283,44.283,0.0
2023-04-18,32.3,23.2,27.2,1.0,13.9,30.6,21.07,Morondava,-20.283,44.283,0.0
2023-04-19,32.3,23.4,27.4,0.0,11.4,25.6,20.8,Morondava,-20.283,44.283,0.0
2023-04-20,30.7,24.1,27.3,0.1,11.5,29.9,19.65,Morondava,-20.283,44.283,0.0
2023-04-21,29.7,22.6,26.1,1.3,13.7,30.2,20.89,Morondava,-20.283,44.283,0.0
2023-04-22,30.4,22.4,26.3,0.0,16.6,34.6,19.67,Morondava,-20.283,44.283,0.0
2023-04-23,29.4,22.2,25.7,0.0,14.6,31.7,21.02,Morondava,-20.283,44.283,0.0
2023-04-24,29.9,21.2,25.2,0.0,20.3,43.6,20.9,Morondava,-20.283,44.283,0.0
2023-04-25,29.4,20.5,25.1,0.0,17.2,39.6,20.69,Morondava,-20.283,44.283,0.0
2023-04-26,30.5,20.1,25.2,0.0,15.2,35.3,20.7,Morondava,-20.283,44.283,0.0
2023-04-27,31.9,21.1,25.9,0.0,16.6,37.1,20.66,Morondava,-20.283,44.283,0.0
2023-04-28,32.2,21.9,26.4,0.0,16.3,35.6,20.39,Morondava,-20.283,44.283,0.0
2023-04-29,30.6,22.0,25.8,0.0,16.4,36.4,20.31,Morondava,-20.283,44.283,0.0
2023-04-30,29.5,20.5,24.9,0.0,16.1,34.9,20.25,Morondava,-20.283,44.283,0.0
2023-05-01,30.0,19.7,24.7,0.0,16.6,39.2,20.28,Morondava,-20.283,44.283,0.0
2023-05-02,29.3,19.5,24.2,0.0,15.8,34.2,19.23,Morondava,-20.283,44.283,0.0
2023-05-03,29.0,19.7,24.4,0.0,14.4,33.8,19.62,Morondava,-20.283,44.283,0.0
2023-05-04,29.0,21.2,25.0,0.0,14.1,34.2,18.13,Morondava,-20.283,44.283,0.0
2023-05-05,28.6,22.7,25.3,0.0,13.5,33.1,17.43,Morondava,-20.283,44.283,0.0
2023-05-06,28.4,21.6,25.0,0.0,13.0,32.0,17.81,Morondava,-20.283,44.283,0.0
2023-05-07,30.1,20.7,25.2,0.1,11.5,28.4,18.25,Morondava,-20.283,44.283,0.0
2023-05-08,30.6,20.9,25.6,0.0,12.6,31.7,17.27,Morondava,-20.283,44.283,0.0
2023-05-09,30.3,21.1,25.6,0.0,13.8,30.6,17.86,Morondava,-20.283,44.283,0.0
2023-05-10,31.1,22.7,26.4,0.0,12.9,30.6,16.6,Morondava,-20.283,44.283,0.0
2023-05-11,31.5,23.1,26.7,0.0,13.0,31.3,16.43,Morondava,-20.283,44.283,0.0
2023-05-12,29.8,22.9,26.0,0.0,13.6,33.5,17.03,Morondava,-20.283,44.283,0.0
2023-05-13,28.1,21.7,25.2,0.5,12.1,29.9,16.06,Morondava,-20.283,44.283,0.0
2023-05-14,28.9,21.6,25.0,0.0,13.1,30.6,17.9,Morondava,-20.283,44.283,0.0
2023-05-15,28.1,21.6,24.6,0.1,15.9,34.6,17.35,Morondava,-20.283,44.283,0.0
2023-05-16,27.2,20.6,23.9,0.0,14.1,31.3,17.37,Morondava,-20.283,44.283,0.0
2023-05-17,27.6,20.6,23.9,0.0,15.1,34.9,16.92,Morondava,-20.283,44.283,0.0
2023-05-18,29.4,19.0,24.0,0.0,14.1,31.0,18.1,Morondava,-20.283,44.283,0.0
2023-05-19,29.0,18.8,23.9,0.0,10.7,26.6,18.01,Morondava,-20.283,44.283,0.0
2023-05-20,28.4,18.9,23.9,0.0,17.0,36.4,17.91,Morondava,-20.283,44.283,0.0
2023-05-21,31.0,20.2,24.7,0.0,17.4,36.7,17.79,Morondava,-20.283,44.283,0.0
2023-05-22,30.9,19.9,24.7,0.0,17.8,38.5,18.0,Morondava,-20.283,44.283,0.0
2023-05-23,29.5,20.2,24.1,0.0,20.6,45.7,16.46,Morondava,-20.283,44.283,0.0
2023-05-24,27.4,19.4,23.1,0.0,18.4,40.7,17.72,Morondava,-20.283,44.283,0.0
2023-05-25,26.9,16.1,21.6,0.0,16.9,36.7,17.7,Morondava,-20.283,44.283,0.0
2023-05-26,29.0,18.0,23.0,0.0,13.0,31.3,17.6,Morondava,-20.283,44.283,0.0
2023-05-27,30.4,18.2,23.9,0.0,16.3,34.6,17.5,Morondava,-20.283,44.283,0.0
2023-05-28,31.0,20.6,25.1,0.0,15.9,34.6,17.19,Morondava,-20.283,44.283,0.0
2023-05-29,33.1,20.8,26.1,0.0,17.0,35.3,17.24,Morondava,-20.283,44.283,0.0
2023-05-30,32.8,21.3,25.8,0.0,17.3,36.4,17.28,Morondava,-20.283,44.283,0.0
2023-05-31,31.4,20.4,24.9,0.0,15.1,32.4,17.19,Morondava,-20.283,44.283,0.0
2023-06-01,31.0,18.0,23.9,0.0,16.5,35.3,17.15,Morondava,-20.283,44.283,0.0
2023-06-02,30.6,19.6,24.1,0.0,16.6,37.1,17.06,Morondava,-20.283,44.283,0.0
2023-06-03,30.1,18.8,24.1,0.0,16.4,36.7,16.5,Morondava,-20.283,44.283,0.0
2023-06-04,30.1,20.7,24.8,0.0,14.8,34.6,15.93,Morondava,-20.283,44.283,0.0
2023-06-05,30.4,21.0,25.4,0.0,14.4,32.4,16.24,Morondava,-20.283,44.283,0.0
2023-06-06,32.6,21.2,26.1,0.0,15.9,32.0,16.71,Morondava,-20.283,44.283,0.0
2023-06-07,32.3,20.4,25.4,0.0,14.7,31.7,16.97,Morondava,-20.283,44.283,0.0
2023-06-08,29.8,19.5,24.6,0.0,14.0,33.5,16.73,Morondava,-20.283,44.283,0.0
2023-06-09,29.2,20.3,24.2,0.0,14.8,32.8,16.06,Morondava,-20.283,44.283,0.0
2023-06-10,29.5,18.3,23.8,0.0,17.6,33.5,16.97,Morondava,-20.283,44.283,0.0
2023-06-11,28.5,17.2,23.1,0.0,15.8,34.6,16.98,Morondava,-20.283,44.283,0.0
2023-06-12,27.4,17.8,22.6,0.0,12.3,29.5,16.67,Morondava,-20.283,44.283,0.0
2023-06-13,27.7,17.2,22.0,0.0,12.2,29.5,17.07,Morondava,-20.283,44.283,0.0
2023-06-14,31.1,15.5,22.5,0.0,14.5,32.4,17.14,Morondava,-20.283,44.283,0.0
2023-06-15,31.2,16.4,23.2,0.0,12.0,28.4,17.1,Morondava,-20.283,44.283,0.0
2023-06-16,29.5,17.2,23.0,0.0,14.1,32.4,17.06,Morondava,-20.283,44.283,0.0
2023-06-17,30.1,17.1,22.8,0.0,17.8,39.6,17.19,Morondava,-20.283,44.283,0.0
2023-06-18,30.3,17.2,22.9,0.0,13.5,30.2,17.01,Morondava,-20.283,44.283,0.0
2023-06-19,28.7,16.3,22.2,0.0,13.6,32.0,16.73,Morondava,-20.283,44.283,0.0
2023-06-20,28.5,17.8,22.6,0.0,16.5,34.6,16.69,Morondava,-20.283,44.283,0.0
2023-06-21,29.5,18.8,23.6,0.0,19.5,40.0,16.79,Morondava,-20.283,44.283,0.0
2023-06-22,28.9,17.4,23.1,0.0,16.3,35.6,16.69,Morondava,-20.283,44.283,0.0
2023-06-23,28.3,18.4,23.2,0.0,18.1,40.0,16.38,Morondava,-20.283,44.283,0.0
2023-06-24,29.2,18.7,23.2,0.0,21.9,45.4,16.6,Morondava,-20.283,44.283,0.0
2023-06-25,28.4,17.4,22.2,0.0,18.4,40.7,16.88,Morondava,-20.283,44.283,0.0
2023-06-26,28.9,16.4,21.8,0.0,18.2,38.2,17.1,Morondava,-20.283,44.283,0.0
2023-06-27,28.6,16.3,21.7,0.0,15.9,33.5,17.09,Morondava,-20.283,44.283,0.0
2023-06-28,28.5,15.4,21.5,0.0,15.0,33.8,17.04,Morondava,-20.283,44.283,0.0
2023-06-29,29.8,15.2,22.0,0.0,16.1,34.6,17.04,Morondava,-20.283,44.283,0.0
2023-06-30,28.8,17.3,22.7,0.0,15.4,31.3,16.86,Morondava,-20.283,44.283,0.0
2023-07-01,29.9,18.1,23.1,0.0,18.9,39.2,16.98,Morondava,-20.283,44.283,0.0
2023-07-02,30.2,18.6,23.5,0.0,16.6,35.3,16.95,Morondava,-20.283,44.283,0.0
2023-07-03,30.7,19.8,24.2,0.0,17.3,37.1,16.76,Morondava,-20.283,44.283,0.0
2023-07-04,29.4,19.1,23.3,0.0,17.6,36.7,16.67,Morondava,-20.283,44.283,0.0
2023-07-05,27.7,18.7,23.1,0.0,18.2,36.7,15.92,Morondava,-20.283,44.283,0.0
2023-07-06,28.2,17.2,22.5,0.0,19.4,41.8,16.67,Morondava,-20.283,44.283,0.0
2023-07-07,30.7,19.6,24.5,0.0,16.3,34.9,16.13,Morondava,-20.283,44.283,0.0
2023-07-08,30.1,20.5,24.5,0.0,17.7,39.6,16.67,Morondava,-20.283,44.283,0.0
2023-07-09,28.2,18.2,23.0,0.0,16.6,34.9,16.84,Morondava,-20.283,44.283,0.0
2023-07-10,29.0,18.1,23.4,0.0,15.6,35.3,16.8,Morondava,-20.283,44.283,0.0
2023-07-11,28.7,19.6,23.7,0.0,24.2,50.0,16.64,Morondava,-20.283,44.283,0.0
2023-07-12,30.7,19.4,24.7,0.0,19.6,39.6,15.89,Morondava,-20.283,44.283,0.0
2023-07-13,29.9,20.1,24.3,0.0,19.8,42.5,16.19,Morondava,-20.283,44.283,0.0
2023-07-14,31.0,19.8,24.4,0.0,20.7,42.5,17.0,Morondava,-20.283,44.283,0.0
2023-07-15,31.0,20.2,24.7,0.0,17.6,35.6,16.94,Morondava,-20.283,44.283,0.0
2023-07-16,30.4,19.5,24.0,0.0,17.2,37.8,17.44,Morondava,-20.283,44.283,0.0
2023-07-17,30.8,19.1,24.1,0.0,19.4,39.6,17.32,Morondava,-20.283,44.283,0.0
2023-07-18,31.6,21.1,25.1,0.0,18.3,38.5,16.61,Morondava,-20.283,44.283,0.0
2023-07-19,30.6,19.4,24.8,0.0,16.4,36.0,16.04,Morondava,-20.283,44.283,0.0
2023-07-20,30.1,20.2,25.4,0.0,18.6,35.6,14.12,Morondava,-20.283,44.283,0.0
2023-07-21,34.2,23.6,27.4,0.0,20.8,42.1,17.06,Morondava,-20.283,44.283,0.0
2023-07-22,29.7,22.6,25.3,0.0,18.4,41.0,16.35,Morondava,-20.283,44.283,0.0
2023-07-23,27.3,20.4,23.7,0.0,12.5,30.2,15.51,Morondava,-20.283,44.283,0.0
2023-07-24,27.9,18.8,23.3,0.0,14.8,32.8,17.67,Morondava,-20.283,44.283,0.0
2023-07-25,30.1,19.4,23.9,0.0,22.6,47.5,18.26,Morondava,-20.283,44.283,0.0
2023-07-26,30.6,19.8,24.1,0.0,20.0,41.4,18.35,Morondava,-20.283,44.283,0.0
2023-07-27,29.8,19.4,23.5,0.0,17.9,40.3,18.17,Morondava,-20.283,44.283,0.0
2023-07-28,30.1,17.2,23.1,0.0,19.5,39.6,18.74,Morondava,-20.283,44.283,0.0
2023-07-29,29.1,16.1,22.7,0.0,17.2,35.6,18.84,Morondava,-20.283,44.283,0.0
2023-07-30,27.8,16.9,22.3,0.0,13.8,32.8,18.82,Morondava,-20.283,44.283,0.0
2023-07-31,31.2,18.1,23.8,0.0,19.3,39.6,18.69,Morondava,-20.283,44.283,0.0
2023-08-01,29.5,18.7,23.5,0.0,21.1,42.5,18.94,Morondava,-20.283,44.283,0.0
2023-08-02,32.3,20.9,25.5,0.0,23.4,45.7,17.33,Morondava,-20.283,44.283,0.0
2023-08-03,32.4,21.6,25.9,0.0,22.5,43.6,17.81,Morondava,-20.283,44.283,0.0
2023-08-04,32.0,22.3,26.0,0.0,20.8,40.3,16.8,Morondava,-20.283,44.283,0.0
2023-08-05,31.8,21.2,25.7,0.0,17.5,37.1,18.16,Morondava,-20.283,44.283,0.0
2023-08-06,32.2,21.6,25.7,0.0,16.6,34.6,18.14,Morondava,-20.283,44.283,0.0
2023-08-07,30.0,20.3,24.2,0.0,20.2,41.4,17.36,Morondava,-20.283,44.283,0.0
2023-08-08,29.9,19.5,23.7,0.1,18.1,41.0,18.06,Morondava,-20.283,44.283,0.0
2023-08-09,29.4,18.3,23.2,0.0,18.0,40.0,18.07,Morondava,-20.283,44.283,0.0
2023-08-10,28.3,18.4,23.2,0.4,15.8,35.6,17.94,Morondava,-20.283,44.283,0.0
2023-08-11,27.0,20.0,23.3,0.0,15.6,34.2,18.48,Morondava,-20.283,44.283,0.0
2023-08-12,26.7,18.0,22.4,0.0,16.7,36.4,19.05,Morondava,-20.283,44.283,0.0
2023-08-13,29.9,19.0,24.0,0.0,19.1,41.0,18.26,Morondava,-20.283,44.283,0.0
2023-08-14,29.5,20.4,24.4,0.1,14.6,34.2,16.59,Morondava,-20.283,44.283,0.0
2023-08-15,28.8,20.5,24.2,0.0,16.7,36.4,19.43,Morondava,-20.283,44.283,0.0
2023-08-16,29.7,19.2,23.7,0.0,21.6,47.2,20.32,Morondava,-20.283,44.283,0.0
2023-08-17,29.5,17.2,23.1,0.0,16.8,37.4,20.35,Morondava,-20.283,44.283,0.0
2023-08-18,28.1,20.4,24.1,0.0,12.8,32.0,19.68,Morondava,-20.283,44.283,0.0
2023-08-19,29.5,20.2,24.2,0.0,19.4,40.7,20.07,Morondava,-20.283,44.283,0.0
2023-08-20,28.6,18.8,23.4,0.0,19.5,40.7,20.54,Morondava,-20.283,44.283,0.0
2023-08-21,28.1,17.0,22.6,0.0,15.1,34.9,21.06,Morondava,-20.283,44.283,0.0
2023-08-22,29.3,17.9,23.0,0.0,16.2,36.4,20.27,Morondava,-20.283,44.283,0.0
2023-08-23,29.7,19.8,24.2,0.0,16.3,37.4,19.07,Morondava,-20.283,44.283,0.0
2023-08-24,29.4,20.5,24.3,0.0,17.3,37.8,19.09,Morondava,-20.283,44.283,0.0
2023-08-25,31.0,19.2,24.5,0.0,21.3,41.8,20.84,Morondava,-20.283,44.283,0.0
2023-08-26,29.5,21.0,25.0,0.0,14.6,34.2,18.08,Morondava,-20.283,44.283,0.0
2023-08-27,31.2,21.7,25.6,0.4,20.8,43.9,17.71,Morondava,-20.283,44.283,0.0
2023-08-28,34.2,24.1,28.6,0.0,21.4,40.0,19.44,Morondava,-20.283,44.283,0.0
2023-08-29,32.8,23.6,26.7,0.6,22.9,45.7,19.71,Morondava,-20.283,44.283,0.0
2023-08-30,31.7,21.8,25.9,0.0,22.2,43.6,20.81,Morondava,-20.283,44.283,0.0
2023-08-31,28.9,20.6,24.5,0.0,19.2,40.7,20.78,Morondava,-20.283,44.283,0.0
2023-09-01,28.2,19.3,24.0,0.0,17.7,38.2,21.54,Morondava,-20.283,44.283,0.0
2023-09-02,30.6,19.9,25.1,0.0,20.7,43.6,20.58,Morondava,-20.283,44.283,0.0
2023-09-03,30.6,20.0,24.9,0.0,20.0,42.8,21.15,Morondava,-20.283,44.283,0.0
2023-09-04,30.1,20.9,25.2,0.0,22.6,46.1,20.36,Morondava,-20.283,44.283,0.0
2023-09-05,31.3,20.4,25.1,0.0,23.0,47.9,21.52,Morondava,-20.283,44.283,0.0
2023-09-06,29.6,19.5,25.2,0.0,17.8,36.7,22.35,Morondava,-20.283,44.283,0.0
2023-09-07,31.9,20.2,25.5,0.0,23.9,49.7,23.03,Morondava,-20.283,44.283,0.0
2023-09-08,31.1,19.6,25.0,0.0,18.0,39.6,22.68,Morondava,-20.283,44.283,0.0
2023-09-09,28.5,22.0,25.2,0.1,18.8,37.4,20.39,Morondava,-20.283,44.283,0.0
2023-09-10,29.4,21.9,25.1,0.0,19.6,41.4,21.23,Morondava,-20.283,44.283,0.0
2023-09-11,28.8,23.3,25.5,0.6,18.0,40.0,21.58,Morondava,-20.283,44.283,0.0
2023-09-12,29.1,22.2,25.4,1.3,20.2,42.1,20.17,Morondava,-20.283,44.283,0.0
2023-09-13,32.6,23.7,27.2,0.0,25.4,52.2,22.87,Morondava,-20.283,44.283,0.0
2023-09-14,32.3,23.7,26.8,0.0,22.5,47.5,22.27,Morondava,-20.283,44.283,0.0
2023-09-15,29.9,21.7,25.6,0.0,19.0,40.0,21.16,Morondava,-20.283,44.283,0.0
2023-09-16,29.5,22.4,25.7,0.0,17.2,37.8,21.93,Morondava,-20.283,44.283,0.0
2023-09-17,29.6,22.7,25.8,1.5,18.6,38.5,20.78,Morondava,-20.283,44.283,0.0
2023-09-18,31.9,22.2,26.4,0.0,21.6,44.6,22.58,Morondava,-20.283,44.283,0.0
2023-09-19,30.9,22.3,26.1,0.0,22.1,47.5,23.52,Morondava,-20.283,44.283,0.0
2023-09-20,29.8,22.7,26.0,0.0,15.8,37.1,21.21,Morondava,-20.283,44.283,0.0
2023-09-21,31.0,21.0,26.4,0.0,19.4,41.8,21.47,Morondava,-20.283,44.283,0.0
2023-09-22,34.0,21.9,27.1,0.0,23.3,48.6,23.99,Morondava,-20.283,44.283,0.0
2023-09-23,30.9,22.7,26.5,0.0,16.4,37.1,22.95,Morondava,-20.283,44.283,0.0
2023-09-24,30.6,23.6,26.9,0.7,14.6,35.6,20.96,Morondava,-20.283,44.283,0.0
2023-09-25,29.7,24.1,26.5,0.0,20.0,42.8,21.84,Morondava,-20.283,44.283,0.0
2023-09-26,29.6,23.3,26.2,0.3,16.4,35.6,21.47,Morondava,-20.283,44.283,0.0
2023-09-27,30.4,22.8,26.6,0.0,16.9,36.4,21.91,Morondava,-20.283,44.283,0.0
2023-09-28,31.7,23.1,26.7,0.0,21.7,46.1,23.86,Morondava,-20.283,44.283,0.0
2023-09-29,29.7,23.1,26.6,0.0,16.3,38.5,22.56,Morondava,-20.283,44.283,0.0
2023-09-30,30.2,22.8,26.5,0.0,15.7,37.4,23.57,Morondava,-20.283,44.283,0.0
2023-10-01,31.0,23.4,27.0,0.0,16.6,38.2,24.15,Morondava,-20.283,44.283,0.0
2023-10-02,32.8,23.0,27.5,0.0,27.5,56.2,25.23,Morondava,-20.283,44.283,0.0
2023-10-03,34.2,23.5,27.8,0.0,22.1,46.4,24.78,Morondava,-20.283,44.283,0.0
2023-10-04,30.9,24.1,27.2,0.0,21.3,42.8,23.52,Morondava,-20.283,44.283,0.0
2023-10-05,31.1,22.3,26.7,0.0,19.3,43.2,25.24,Morondava,-20.283,44.283,0.0
2023-10-06,31.2,21.3,26.2,0.0,20.2,45.4,24.68,Morondava,-20.283,44.283,0.0
2023-10-07,30.4,24.5,26.9,0.3,17.5,38.2,24.09,Morondava,-20.283,44.283,0.0
2023-10-08,30.1,24.2,26.8,0.9,17.8,38.5,23.39,Morondava,-20.283,44.283,0.0
2023-10-09,32.8,23.3,27.3,0.0,19.6,45.0,25.12,Morondava,-20.283,44.283,0.0
2023-10-10,32.6,24.1,27.4,0.0,19.6,44.3,24.66,Morondava,-20.283,44.283,0.0
2023-10-11,31.1,25.1,27.5,0.1,17.3,38.5,24.49,Morondava,-20.283,44.283,0.0
2023-10-12,30.6,24.7,27.3,0.0,18.7,42.5,25.36,Morondava,-20.283,44.283,0.0
2023-10-13,30.5,24.0,27.0,0.0,17.9,41.4,25.57,Morondava,-20.283,44.283,0.0
2023-10-14,31.1,23.9,27.4,0.0,17.6,41.0,25.5,Morondava,-20.283,44.283,0.0
2023-10-15,31.0,24.2,27.5,0.3,18.7,42.8,24.31,Morondava,-20.283,44.283,0.0
2023-10-16,31.0,24.3,27.5,0.3,20.3,43.2,24.19,Morondava,-20.283,44.283,0.0
2023-10-17,32.5,24.2,28.2,0.0,22.3,45.7,24.8,Morondava,-20.283,44.283,0.0
2023-10-18,30.6,25.6,27.8,0.6,19.2,45.4,21.57,Morondava,-20.283,44.283,0.0
2023-10-19,30.9,23.9,27.2,0.0,21.8,45.4,22.23,Morondava,-20.283,44.283,0.0
2023-10-20,31.1,22.6,26.7,0.0,22.4,47.5,26.39,Morondava,-20.283,44.283,0.0
2023-10-21,30.8,22.6,26.8,0.0,18.9,42.5,26.15,Morondava,-20.283,44.283,0.0
2023-10-22,32.1,22.6,27.3,0.0,16.9,39.2,26.78,Morondava,-20.283,44.283,0.0
2023-10-23,31.2,23.1,27.2,0.0,17.7,37.4,19.92,Morondava,-20.283,44.283,0.0
2023-10-24,31.0,24.3,27.7,1.3,19.7,45.4,25.68,Morondava,-20.283,44.283,0.0
2023-10-25,31.8,25.1,28.0,1.2,18.2,40.3,25.73,Morondava,-20.283,44.283,0.0
2023-10-26,31.0,24.6,27.6,0.1,20.2,44.6,26.28,Morondava,-20.283,44.283,0.0
2023-10-27,31.8,23.4,27.6,0.0,20.2,43.2,26.07,Morondava,-20.283,44.283,0.0
2023-10-28,32.7,22.4,27.5,0.0,22.4,47.9,27.83,Morondava,-20.283,44.283,0.0
2023-10-29,31.7,23.4,27.2,0.0,20.4,44.3,26.9,Morondava,-20.283,44.283,0.0
2023-10-30,32.9,22.9,27.4,0.0,25.9,52.9,26.9,Morondava,-20.283,44.283,0.0
2023-10-31,31.6,22.8,27.3,0.0,19.8,42.5,27.39,Morondava,-20.283,44.283,0.0
2023-11-01,29.8,25.7,27.5,0.1,18.4,41.0,19.4,Morondava,-20.283,44.283,0.0
2023-11-02,30.7,24.0,26.7,0.3,25.1,52.2,26.56,Morondava,-20.283,44.283,0.0
2023-11-03,31.4,22.2,26.6,0.0,25.3,51.8,28.18,Morondava,-20.283,44.283,0.0
2023-11-04,30.2,22.9,26.7,0.0,19.8,43.9,27.24,Morondava,-20.283,44.283,0.0
2023-11-05,30.9,23.6,27.2,0.0,17.1,40.0,25.44,Morondava,-20.283,44.283,0.0
2023-11-06,32.0,23.5,27.4,0.9,16.2,39.2,27.05,Morondava,-20.283,44.283,0.0
2023-11-07,31.5,23.4,27.7,0.0,17.1,39.2,27.08,Morondava,-20.283,44.283,0.0
2023-11-08,32.8,23.5,28.1,0.0,18.3,39.2,24.94,Morondava,-20.283,44.283,0.0
2023-11-09,30.4,23.8,27.0,3.4,20.9,44.3,24.99,Morondava,-20.283,44.283,0.0
2023-11-10,31.0,23.9,27.0,0.0,26.1,52.9,28.03,Morondava,-20.283,44.283,0.0
2023-11-11,32.6,21.9,27.3,0.0,18.5,40.7,28.72,Morondava,-20.283,44.283,0.0
2023-11-12,31.4,21.9,27.2,0.0,17.3,37.8,28.48,Morondava,-20.283,44.283,0.0
2023-11-13,31.1,23.1,26.9,0.0,20.8,45.4,27.9,Morondava,-20.283,44.283,0.0
2023-11-14,30.6,23.0,26.8,0.0,18.1,41.4,29.04,Morondava,-20.283,44.283,0.0
2023-11-15,31.1,23.5,27.0,0.0,22.2,47.2,27.55,Morondava,-20.283,44.283,0.0
2023-11-16,30.4,22.7,26.7,0.6,19.2,43.6,27.14,Morondava,-20.283,44.283,0.0
2023-11-17,32.1,24.2,27.8,0.0,18.7,42.8,27.63,Morondava,-20.283,44.283,0.0
2023-11-18,32.1,24.4,28.1,0.0,17.0,40.3,28.21,Morondava,-20.283,44.283,0.0
2023-11-19,33.9,23.7,28.7,0.0,21.7,46.1,27.81,Morondava,-20.283,44.283,0.0
2023-11-20,33.9,24.9,29.1,0.0,20.2,45.7,27.89,Morondava,-20.283,44.283,0.0
2023-11-21,33.1,25.3,29.2,0.0,18.9,42.5,26.74,Morondava,-20.283,44.283,0.0
2023-11-22,33.4,26.0,29.6,0.0,21.9,47.2,27.59,Morondava,-20.283,44.283,0.0
2023-11-23,33.7,26.1,29.5,0.0,22.1,47.9,27.39,Morondava,-20.283,44.283,0.0
2023-11-24,32.3,25.6,29.0,0.0,20.7,47.2,26.72,Morondava,-20.283,44.283,0.0
2023-11-25,32.3,26.2,29.0,0.4,18.1,42.1,25.15,Morondava,-20.283,44.283,0.0
2023-11-26,32.9,26.0,29.2,0.0,19.0,43.2,27.62,Morondava,-20.283,44.283,0.0
2023-11-27,32.6,24.9,28.9,0.0,19.6,42.5,28.12,Morondava,-20.283,44.283,0.0
2023-11-28,31.6,24.4,28.1,0.0,19.5,43.6,29.33,Morondava,-20.283,44.283,0.0
2023-11-29,32.4,25.3,28.7,0.0,19.2,43.6,27.15,Morondava,-20.283,44.283,0.0
2023-11-30,33.7,25.5,29.1,0.8,24.7,54.0,27.19,Morondava,-20.283,44.283,0.0
2023-12-01,32.2,25.8,28.5,0.0,20.9,44.3,18.25,Morondava,-20.283,44.283,0.0
2023-12-02,31.9,24.3,28.2,0.2,15.8,37.8,25.99,Morondava,-20.283,44.283,0.0
2023-12-03,31.7,25.9,28.5,0.6,17.4,40.3,27.22,Morondava,-20.283,44.283,0.0
2023-12-04,32.1,25.1,28.8,0.3,19.3,43.9,26.65,Morondava,-20.283,44.283,0.0
2023-12-05,32.7,26.0,29.2,0.5,21.2,42.1,26.76,Morondava,-20.283,44.283,0.0
2023-12-06,33.9,26.0,29.5,0.0,27.6,56.2,29.74,Morondava,-20.283,44.283,0.0
2023-12-07,33.9,25.7,29.4,0.0,20.0,46.1,27.71,Morondava,-20.283,44.283,0.0
2023-12-08,33.0,26.4,29.4,1.0,17.4,41.0,27.15,Morondava,-20.283,44.283,0.0
2023-12-09,33.4,23.5,29.1,9.4,18.8,40.7,29.37,Morondava,-20.283,44.283,0.0
2023-12-10,33.4,24.2,29.1,0.0,16.0,38.5,26.79,Morondava,-20.283,44.283,0.0
2023-12-11,31.6,24.7,28.5,0.3,15.6,36.4,28.58,Morondava,-20.283,44.283,0.0
2023-12-12,31.2,26.9,29.0,0.2,17.9,38.9,26.82,Morondava,-20.283,44.283,0.0
2023-12-13,32.8,26.5,29.3,0.4,17.7,38.5,25.46,Morondava,-20.283,44.283,0.0
2023-12-14,33.4,25.6,29.6,0.1,18.8,41.0,27.42,Morondava,-20.283,44.283,0.0
2023-12-15,32.6,27.5,29.9,0.9,16.9,39.6,24.17,Morondava,-20.283,44.283,0.0
2023-12-16,33.0,27.6,29.9,0.8,18.8,43.6,25.6,Morondava,-20.283,44.283,0.0
2023-12-17,32.0,26.3,29.2,0.5,20.2,43.9,28.24,Morondava,-20.283,44.283,0.0
2023-12-18,32.4,25.8,29.2,0.0,22.0,46.8,29.13,Morondava,-20.283,44.283,0.0
2023-12-19,32.6,26.4,29.6,0.5,18.4,42.5,26.58,Morondava,-20.283,44.283,0.0
2023-12-20,33.4,26.4,29.8,0.5,20.7,47.2,27.77,Morondava,-20.283,44.283,0.0
2023-12-21,33.1,24.9,29.1,2.8,17.8,40.7,26.76,Morondava,-20.283,44.283,0.0
2023-12-22,31.6,24.8,28.6,0.9,17.9,38.5,27.15,Morondava,-20.283,44.283,0.0
2023-12-23,31.4,24.2,28.2,16.0,14.6,33.5,27.68,Morondava,-20.283,44.283,0.0
2023-12-24,31.1,25.8,28.4,0.6,17.1,38.2,27.94,Morondava,-20.283,44.283,0.0
2023-12-25,30.6,24.9,28.0,0.9,15.5,35.3,28.13,Morondava,-20.283,44.283,0.0
2023-12-26,31.9,23.8,27.6,6.3,25.3,50.0,26.96,Morondava,-20.283,44.283,0.0
2023-12-27,31.0,23.3,27.1,15.7,15.7,35.6,27.96,Morondava,-20.283,44.283,0.0
2023-12-28,30.6,23.5,27.3,5.9,16.4,35.6,23.93,Morondava,-20.283,44.283,0.0
2023-12-29,30.1,23.9,26.9,18.9,14.3,32.8,16.94,Morondava,-20.283,44.283,0.0
2023-12-30,32.4,24.5,28.1,0.2,16.1,37.1,24.98,Morondava,-20.283,44.283,0.0
2023-12-31,31.1,25.3,28.4,0.2,13.9,31.7,20.36,Morondava,-20.283,44.283,0.0
2024-01-01,27.2,25.0,26.1,53.8,43.6,79.2,5.86,Morondava,-20.283,44.283,0.0
2024-01-02,30.0,25.9,28.3,15.0,38.0,72.4,24.55,Morondava,-20.283,44.283,0.0
2024-01-03,30.0,23.2,27.2,3.2,19.4,41.4,25.97,Morondava,-20.283,44.283,0.0
2024-01-04,29.7,24.7,27.2,4.7,15.2,34.9,24.9,Morondava,-20.283,44.283,0.0
2024-01-05,30.7,24.3,27.5,13.5,14.4,32.0,27.77,Morondava,-20.283,44.283,0.0
2024-01-06,30.5,24.0,27.4,1.6,13.2,30.6,23.19,Morondava,-20.283,44.283,0.0
2024-01-07,31.4,25.0,28.0,4.3,16.7,34.9,27.44,Morondava,-20.283,44.283,0.0
2024-01-08,31.1,24.6,27.4,1.9,12.3,29.2,23.28,Morondava,-20.283,44.283,0.0
2024-01-09,31.2,24.9,28.1,1.5,15.2,33.8,27.13,Morondava,-20.283,44.283,0.0
2024-01-10,31.0,24.6,28.0,3.7,12.8,30.6,26.18,Morondava,-20.283,44.283,0.0
2024-01-11,30.9,24.8,27.6,8.2,13.5,31.3,25.55,Morondava,-20.283,44.283,0.0
2024-01-12,30.7,24.9,28.0,0.7,13.2,28.1,24.96,Morondava,-20.283,44.283,0.0
2024-01-13,31.6,25.3,28.5,1.0,13.3,30.6,24.52,Morondava,-20.283,44.283,0.0
2024-01-14,30.7,25.9,27.9,18.8,11.3,26.6,16.66,Morondava,-20.283,44.283,0.0
2024-01-15,30.3,24.1,27.5,5.1,13.9,31.0,26.12,Morondava,-20.283,44.283,0.0
2024-01-16,30.6,24.4,27.0,8.7,14.4,30.2,23.35,Morondava,-20.283,44.283,0.0
2024-01-17,31.4,23.9,26.9,17.5,16.4,35.3,21.39,Morondava,-20.283,44.283,0.0
2024-01-18,31.5,25.0,27.6,2.8,10.7,28.1,23.31,Morondava,-20.283,44.283,0.0
2024-01-19,31.2,25.0,28.1,3.6,13.0,28.8,22.33,Morondava,-20.283,44.283,0.0
2024-01-20,31.9,24.8,28.6,0.6,11.4,27.7,26.0,Morondava,-20.283,44.283,0.0
2024-01-21,31.5,24.3,27.5,7.7,15.3,32.8,23.65,Morondava,-20.283,44.283,0.0
2024-01-22,29.9,24.3,27.0,4.2,11.6,25.2,19.53,Morondava,-20.283,44.283,0.0
2024-01-23,31.7,24.6,27.2,21.7,15.4,40.7,20.55,Morondava,-20.283,44.283,0.0
2024-01-24,33.4,25.1,28.8,0.7,18.9,35.3,27.28,Morondava,-20.283,44.283,0.0
2024-01-25,32.7,23.6,27.9,0.0,18.2,35.6,26.14,Morondava,-20.283,44.283,0.0
2024-01-26,30.3,23.2,26.2,2.5,14.7,33.8,25.7,Morondava,-20.283,44.283,0.0
2024-01-27,29.3,23.0,26.1,1.4,14.8,33.1,26.65,Morondava,-20.283,44.283,0.0
2024-01-28,29.5,23.3,26.6,0.5,14.5,32.8,27.55,Morondava,-20.283,44.283,0.0
2024-01-29,30.5,23.4,27.1,0.3,15.5,33.8,25.67,Morondava,-20.283,44.283,0.0
2024-01-30,30.2,23.2,26.6,6.8,11.9,31.7,26.6,Morondava,-20.283,44.283,0.0
2024-01-31,32.7,23.7,28.1,1.7,16.1,35.3,27.68,Morondava,-20.283,44.283,0.0
2024-02-01,32.0,24.4,27.7,13.9,12.5,32.0,25.92,Morondava,-20.283,44.283,0.0
2024-02-02,31.8,24.3,27.5,15.6,18.1,38.2,27.37,Morondava,-20.283,44.283,0.0
2024-02-03,31.7,24.5,28.1,0.3,11.5,28.4,27.14,Morondava,-20.283,44.283,0.0
2024-02-04,29.5,25.6,27.3,5.7,13.9,34.2,20.14,Morondava,-20.283,44.283,0.0
2024-02-05,29.3,24.4,26.7,15.2,16.0,40.7,23.12,Morondava,-20.283,44.283,0.0
2024-02-06,29.4,22.9,25.7,25.8,19.4,42.5,22.64,Morondava,-20.283,44.283,0.0
2024-02-07,28.5,23.1,25.6,7.8,19.1,42.1,22.46,Morondava,-20.283,44.283,0.0
2024-02-08,29.8,22.9,26.0,1.6,12.1,31.7,24.45,Morondava,-20.283,44.283,0.0
2024-02-09,30.3,23.1,26.9,0.4,13.3,29.9,25.49,Morondava,-20.283,44.283,0.0
2024-02-10,30.9,24.6,27.6,11.7,13.7,30.2,25.97,Morondava,-20.283,44.283,0.0
2024-02-11,30.4,24.4,27.0,3.4,14.8,32.0,19.19,Morondava,-20.283,44.283,0.0
2024-02-12,31.1,24.5,27.7,2.1,16.6,27.7,21.86,Morondava,-20.283,44.283,0.0
2024-02-13,31.7,24.7,27.6,1.6,10.5,33.5,19.35,Morondava,-20.283,44.283,0.0
2024-02-14,29.6,25.0,27.2,0.7,8.3,19.4,10.55,Morondava,-20.283,44.283,0.0
2024-02-15,29.8,24.5,26.7,6.3,9.7,24.1,12.7,Morondava,-20.283,44.283,0.0
2024-02-16,29.7,23.9,26.7,8.3,12.0,28.1,21.77,Morondava,-20.283,44.283,0.0
2024-02-17,29.8,23.7,26.2,30.8,12.9,29.2,20.76,Morondava,-20.283,44.283,0.0
2024-02-18,31.4,23.6,26.4,6.0,11.2,32.0,21.58,Morondava,-20.283,44.283,0.0
2024-02-19,30.8,23.6,26.7,1.1,15.4,28.1,17.92,Morondava,-20.283,44.283,0.0
2024-02-20,30.3,24.2,27.0,6.3,12.9,29.9,23.87,Morondava,-20.283,44.283,0.0
2024-02-21,30.8,23.9,27.2,0.0,12.9,30.6,25.77,Morondava,-20.283,44.283,0.0
2024-02-22,31.6,23.6,27.5,0.1,12.2,28.8,25.74,Morondava,-20.283,44.283,0.0
2024-02-23,31.1,25.0,27.8,7.6,11.4,27.7,22.98,Morondava,-20.283,44.283,0.0
2024-02-24,30.7,23.8,27.2,3.3,12.6,25.9,17.1,Morondava,-20.283,44.283,0.0
2024-02-25,31.5,24.2,28.1,0.7,12.6,27.7,21.51,Morondava,-20.283,44.283,0.0
2024-02-26,32.0,23.4,28.0,0.0,11.5,28.1,25.69,Morondava,-20.283,44.283,0.0
2024-02-27,31.6,25.1,28.2,1.3,12.0,28.8,24.87,Morondava,-20.283,44.283,0.0
2024-02-28,29.9,24.4,27.2,8.9,11.7,30.2,19.75,Morondava,-20.283,44.283,0.0
2024-02-29,30.5,23.3,26.4,0.4,10.3,28.4,24.03,Morondava,-20.283,44.283,0.0
2024-03-01,31.3,23.2,27.3,1.4,11.3,28.4,25.61,Morondava,-20.283,44.283,0.0
2024-03-02,31.6,23.8,27.5,10.2,12.6,27.4,23.6,Morondava,-20.283,44.283,0.0
2024-03-03,32.3,24.3,28.0,0.5,12.7,28.4,24.94,Morondava,-20.283,44.283,0.0
2024-03-04,32.5,24.5,28.1,7.3,12.1,26.6,18.64,Morondava,-20.283,44.283,0.0
2024-03-05,29.5,25.4,26.5,38.9,24.1,47.9,9.96,Morondava,-20.283,44.283,0.0
2024-03-06,27.6,25.3,26.1,33.8,25.2,50.4,5.17,Morondava,-20.283,44.283,0.0
2024-03-07,29.8,24.8,26.7,16.1,17.3,37.8,14.39,Morondava,-20.283,44.283,0.0
2024-03-08,29.8,24.7,26.9,3.8,14.4,32.8,12.24,Morondava,-20.283,44.283,0.0
2024-03-09,27.6,24.6,25.6,38.4,14.7,30.6,6.86,Morondava,-20.283,44.283,0.0
2024-03-10,30.9,24.2,26.7,2.4,12.3,28.1,14.52,Morondava,-20.283,44.283,0.0
2024-03-11,32.1,24.6,28.0,0.1,9.7,24.8,20.21,Morondava,-20.283,44.283,0.0
2024-03-12,32.2,25.1,28.3,0.0,13.6,30.2,24.74,Morondava,-20.283,44.283,0.0
2024-03-13,32.5,25.4,28.6,0.3,11.9,28.1,24.69,Morondava,-20.283,44.283,0.0
2024-03-14,31.6,26.0,28.5,0.9,11.6,27.7,22.91,Morondava,-20.283,44.283,0.0
2024-03-15,32.6,24.0,28.4,0.0,16.0,34.2,25.21,Morondava,-20.283,44.283,0.0
2024-03-16,33.1,24.5,28.6,0.0,14.8,31.3,24.58,Morondava,-20.283,44.283,0.0
2024-03-17,31.3,25.4,27.9,0.8,12.5,29.9,22.65,Morondava,-20.283,44.283,0.0
2024-03-18,31.2,24.4,27.8,0.1,12.1,28.8,24.0,Morondava,-20.283,44.283,0.0
2024-03-19,31.4,24.9,28.2,1.0,11.4,28.4,23.43,Morondava,-20.283,44.283,0.0
2024-03-20,32.6,24.5,28.1,1.2,17.2,33.8,23.47,Morondava,-20.283,44.283,0.0
2024-03-21,32.3,23.7,27.9,1.1,15.3,33.1,23.84,Morondava,-20.283,44.283,0.0
2024-03-22,32.0,23.9,27.9,1.4,13.1,29.5,23.42,Morondava,-20.283,44.283,0.0
2024-03-23,34.4,24.4,28.8,0.2,15.1,27.7,23.75,Morondava,-20.283,44.283,0.0
2024-03-24,34.8,25.0,29.5,0.0,15.9,32.0,22.37,Morondava,-20.283,44.283,0.0
2024-03-25,35.5,26.5,29.9,0.3,17.1,32.0,23.84,Morondava,-20.283,44.283,0.0
2024-03-26,34.0,24.0,28.5,0.0,15.5,33.8,24.27,Morondava,-20.283,44.283,0.0
2024-03-27,33.9,23.9,28.4,0.0,15.4,33.8,23.97,Morondava,-20.283,44.283,0.0
2024-03-28,33.4,24.1,28.4,0.0,14.8,33.8,23.27,Morondava,-20.283,44.283,0.0
2024-03-29,31.9,23.6,27.7,0.0,17.2,35.6,23.88,Morondava,-20.283,44.283,0.0
2024-03-30,31.6,23.8,27.7,0.0,17.0,35.3,23.1,Morondava,-20.283,44.283,0.0
2024-03-31,31.9,23.4,27.7,0.0,13.6,33.1,22.81,Morondava,-20.283,44.283,0.0
2024-04-01,33.6,24.0,28.6,0.2,13.0,35.6,22.45,Morondava,-20.283,44.283,0.0
2024-04-02,35.0,25.5,29.4,0.0,16.9,37.8,22.64,Morondava,-20.283,44.283,0.0
2024-04-03,35.7,25.5,29.5,0.0,17.1,38.2,22.39,Morondava,-20.283,44.283,0.0
2024-04-04,34.7,25.1,29.2,0.0,16.2,36.7,22.48,Morondava,-20.283,44.283,0.0
2024-04-05,32.7,25.0,28.9,0.0,14.4,34.6,21.77,Morondava,-20.283,44.283,0.0
2024-04-06,34.2,24.8,29.2,0.0,17.8,39.2,22.17,Morondava,-20.283,44.283,0.0
2024-04-07,34.2,24.5,29.0,0.0,16.9,36.4,23.01,Morondava,-20.283,44.283,0.0
2024-04-08,33.6,24.5,28.6,0.0,15.9,35.6,21.92,Morondava,-20.283,44.283,0.0
2024-04-09,32.8,24.9,28.5,0.0,15.5,36.0,22.39,Morondava,-20.283,44.283,0.0
2024-04-10,31.9,25.1,28.6,0.1,16.3,37.8,21.9,Morondava,-20.283,44.283,0.0
2024-04-11,31.6,24.7,27.8,0.0,18.8,38.9,21.1,Morondava,-20.283,44.283,0.0
2024-04-12,33.6,23.9,28.1,0.0,19.3,42.8,21.49,Morondava,-20.283,44.283,0.0
2024-04-13,32.9,22.5,27.6,0.0,23.0,47.2,21.73,Morondava,-20.283,44.283,0.0
2024-04-14,32.7,24.9,28.5,0.0,19.4,40.3,21.47,Morondava,-20.283,44.283,0.0
2024-04-15,34.3,25.8,29.1,0.4,15.7,37.4,18.53,Morondava,-20.283,44.283,0.0
2024-04-16,33.2,25.2,28.8,0.0,14.5,33.5,20.36,Morondava,-20.283,44.283,0.0
2024-04-17,34.1,25.3,28.8,0.0,16.9,34.6,16.43,Morondava,-20.283,44.283,0.0
2024-04-18,34.0,25.0,28.6,0.0,18.5,37.8,20.27,Morondava,-20.283,44.283,0.0
2024-04-19,32.4,24.0,27.7,0.0,16.6,37.1,19.24,Morondava,-20.283,44.283,0.0
2024-04-20,31.0,23.9,26.9,0.0,21.7,46.4,21.23,Morondava,-20.283,44.283,0.0
2024-04-21,29.7,21.2,25.6,0.0,16.5,37.4,21.49,Morondava,-20.283,44.283,0.0
2024-04-22,30.7,21.3,26.0,0.0,15.4,34.9,21.0,Morondava,-20.283,44.283,0.0
2024-04-23,32.4,22.0,26.9,0.0,16.7,36.0,20.98,Morondava,-20.283,44.283,0.0
2024-04-24,31.9,21.8,26.7,0.0,15.5,35.3,20.9,Morondava,-20.283,44.283,0.0
2024-04-25,30.9,21.1,26.0,0.0,17.3,36.0,20.49,Morondava,-20.283,44.283,0.0
2024-04-26,31.4,22.3,26.6,0.0,18.2,35.3,19.35,Morondava,-20.283,44.283,0.0
2024-04-27,31.6,22.9,27.0,0.0,21.2,43.9,19.53,Morondava,-20.283,44.283,0.0
2024-04-28,34.1,23.6,27.7,0.0,22.2,45.4,19.88,Morondava,-20.283,44.283,0.0
2024-04-29,34.3,24.8,28.6,0.0,17.4,37.1,19.01,Morondava,-20.283,44.283,0.0
2024-04-30,32.8,23.5,27.8,0.0,16.7,36.4,19.25,Morondava,-20.283,44.283,0.0
2024-05-01,32.7,24.4,27.8,0.4,17.6,36.0,18.69,Morondava,-20.283,44.283,0.0
2024-05-02,33.5,24.1,27.8,0.0,20.0,42.5,19.12,Morondava,-20.283,44.283,0.0
2024-05-03,36.3,24.8,28.8,0.0,22.3,42.8,19.98,Morondava,-20.283,44.283,0.0
2024-05-04,35.2,24.3,28.4,0.0,16.4,37.8,19.52,Morondava,-20.283,44.283,0.0
2024-05-05,33.8,23.9,27.6,0.0,18.7,40.0,19.28,Morondava,-20.283,44.283,0.0
2024-05-06,32.7,22.0,26.6,0.0,17.6,39.2,19.39,Morondava,-20.283,44.283,0.0
2024-05-07,34.4,22.4,27.2,0.0,20.0,40.7,19.52,Morondava,-20.283,44.283,0.0
2024-05-08,34.5,23.5,28.0,0.0,17.3,35.6,19.2,Morondava,-20.283,44.283,0.0
2024-05-09,34.5,23.6,27.7,0.0,18.1,38.2,19.15,Morondava,-20.283,44.283,0.0
2024-05-10,34.0,23.4,27.6,0.0,17.9,37.1,19.05,Morondava,-20.283,44.283,0.0
2024-05-11,32.8,22.5,27.0,0.0,17.1,36.0,18.94,Morondava,-20.283,44.283,0.0
2024-05-12,34.5,22.2,27.4,0.0,18.2,36.7,18.74,Morondava,-20.283,44.283,0.0
2024-05-13,31.4,22.1,26.3,0.0,16.1,35.3,18.42,Morondava,-20.283,44.283,0.0
2024-05-14,30.2,22.2,26.2,0.0,13.2,33.1,16.35,Morondava,-20.283,44.283,0.0
2024-05-15,32.7,23.1,27.0,0.1,15.9,38.2,15.36,Morondava,-20.283,44.283,0.0
2024-05-16,33.7,24.4,27.9,0.1,18.4,40.0,16.94,Morondava,-20.283,44.283,0.0
2024-05-17,32.4,23.9,27.2,0.0,17.0,37.4,17.94,Morondava,-20.283,44.283,0.0
2024-05-18,32.7,22.0,26.7,0.0,20.7,41.8,17.52,Morondava,-20.283,44.283,0.0
2024-05-19,34.4,24.4,28.1,0.0,22.8,43.9,17.67,Morondava,-20.283,44.283,0.0
2024-05-20,34.5,24.3,28.1,0.0,18.6,37.4,17.38,Morondava,-20.283,44.283,0.0
2024-05-21,34.0,23.6,28.0,0.0,23.2,42.5,17.94,Morondava,-20.283,44.283,0.0
2024-05-22,32.5,20.9,26.3,0.0,22.7,44.6,18.07,Morondava,-20.283,44.283,0.0
2024-05-23,32.3,21.9,26.2,0.0,21.0,40.3,18.05,Morondava,-20.283,44.283,0.0
2024-05-24,31.5,21.0,25.6,0.0,19.8,40.7,17.73,Morondava,-20.283,44.283,0.0
2024-05-25,31.2,20.8,25.2,0.0,18.8,40.7,17.73,Morondava,-20.283,44.283,0.0
2024-05-26,28.6,19.7,24.1,0.0,18.9,39.2,17.65,Morondava,-20.283,44.283,0.0
2024-05-27,30.2,18.8,24.2,0.0,21.1,42.5,17.55,Morondava,-20.283,44.283,0.0
2024-05-28,31.6,20.3,25.0,0.0,19.3,39.2,17.6,Morondava,-20.283,44.283,0.0
2024-05-29,31.4,20.6,25.2,0.0,16.6,34.9,17.52,Morondava,-20.283,44.283,0.0
2024-05-30,32.2,19.5,24.8,0.0,14.4,31.0,17.4,Morondava,-20.283,44.283,0.0
2024-05-31,34.0,20.5,25.7,0.0,15.5,31.7,17.3,Morondava,-20.283,44.283,0.0
2024-06-01,34.0,21.6,27.0,0.0,14.7,32.4,16.96,Morondava,-20.283,44.283,0.0
2024-06-02,34.1,24.6,28.4,0.0,15.2,33.5,16.84,Morondava,-20.283,44.283,0.0
2024-06-03,34.5,24.0,27.8,0.0,17.5,38.2,16.95,Morondava,-20.283,44.283,0.0
2024-06-04,32.0,22.3,25.9,0.0,17.5,38.5,16.74,Morondava,-20.283,44.283,0.0
2024-06-05,30.3,20.3,25.2,0.0,15.5,34.6,16.1,Morondava,-20.283,44.283,0.0
2024-06-06,32.0,20.8,25.6,0.0,16.8,36.7,16.87,Morondava,-20.283,44.283,0.0
2024-06-07,30.7,20.3,25.2,0.0,15.3,33.1,16.75,Morondava,-20.283,44.283,0.0
2024-06-08,31.4,21.1,25.7,0.0,23.0,46.4,16.75,Morondava,-20.283,44.283,0.0
2024-06-09,31.6,21.6,26.3,0.0,17.0,32.4,15.67,Morondava,-20.283,44.283,0.0
2024-06-10,30.5,20.5,24.7,0.0,21.3,44.3,15.72,Morondava,-20.283,44.283,0.0
2024-06-11,30.0,21.1,25.0,0.1,19.1,41.0,15.94,Morondava,-20.283,44.283,0.0
2024-06-12,29.9,21.1,24.7,0.0,17.0,35.3,15.44,Morondava,-20.283,44.283,0.0
2024-06-13,29.7,19.8,24.3,0.0,17.7,38.9,15.59,Morondava,-20.283,44.283,0.0
2024-06-14,31.0,19.4,24.4,0.0,20.4,42.1,16.46,Morondava,-20.283,44.283,0.0
2024-06-15,31.9,20.5,25.0,0.0,17.7,37.4,15.61,Morondava,-20.283,44.283,0.0
2024-06-16,31.8,21.3,25.4,0.0,19.3,41.8,16.28,Morondava,-20.283,44.283,0.0
2024-06-17,32.3,21.0,25.3,0.0,17.8,37.4,16.34,Morondava,-20.283,44.283,0.0
2024-06-18,28.8,20.2,24.3,0.0,11.8,29.5,15.02,Morondava,-20.283,44.283,0.0
2024-06-19,29.2,20.4,24.3,0.0,17.0,36.0,16.41,Morondava,-20.283,44.283,0.0
2024-06-20,29.5,19.9,23.8,0.0,19.5,41.8,16.43,Morondava,-20.283,44.283,0.0
2024-06-21,29.1,18.4,23.4,0.0,15.6,35.6,15.95,Morondava,-20.283,44.283,0.0
2024-06-22,30.6,19.7,24.4,0.0,18.4,38.5,16.61,Morondava,-20.283,44.283,0.0
2024-06-23,31.4,20.0,24.8,0.0,17.0,33.8,16.63,Morondava,-20.283,44.283,0.0
2024-06-24,31.8,20.5,25.7,0.0,18.1,34.6,15.74,Morondava,-20.283,44.283,0.0
2024-06-25,31.5,19.7,24.8,0.0,19.8,39.2,16.37,Morondava,-20.283,44.283,0.0
2024-06-26,31.4,20.8,25.3,0.0,17.7,37.8,15.89,Morondava,-20.283,44.283,0.0
2024-06-27,31.6,20.3,25.0,0.0,21.3,43.2,15.87,Morondava,-20.283,44.283,0.0
2024-06-28,30.7,19.8,24.4,0.0,16.8,35.6,16.73,Morondava,-20.283,44.283,0.0
2024-06-29,27.5,17.2,22.2,0.0,14.8,34.6,16.96,Morondava,-20.283,44.283,0.0
2024-06-30,28.0,15.9,22.1,0.0,14.4,32.8,16.95,Morondava,-20.283,44.283,0.0
2024-07-01,29.3,17.3,22.9,0.0,19.4,41.0,16.93,Morondava,-20.283,44.283,0.0
2024-07-02,31.6,19.3,24.1,0.0,20.0,41.0,17.23,Morondava,-20.283,44.283,0.0
2024-07-03,28.2,17.0,22.6,0.0,16.2,35.6,16.98,Morondava,-20.283,44.283,0.0
2024-07-04,28.3,18.1,22.8,0.0,14.8,33.8,16.64,Morondava,-20.283,44.283,0.0
2024-07-05,29.0,17.3,22.8,0.0,18.1,38.9,16.93,Morondava,-20.283,44.283,0.0
2024-07-06,28.0,17.4,22.5,0.0,17.7,38.2,17.13,Morondava,-20.283,44.283,0.0
2024-07-07,27.2,17.4,22.3,0.0,18.7,40.3,15.9,Morondava,-20.283,44.283,0.0
2024-07-08,27.4,16.1,21.7,0.0,15.6,35.6,17.4,Morondava,-20.283,44.283,0.0
2024-07-09,27.4,16.0,21.3,0.0,18.5,40.0,17.27,Morondava,-20.283,44.283,0.0
2024-07-10,30.0,16.2,22.5,0.0,19.8,42.1,17.56,Morondava,-20.283,44.283,0.0
2024-07-11,30.7,18.4,23.6,0.0,15.8,34.2,17.55,Morondava,-20.283,44.283,0.0
2024-07-12,27.6,16.9,22.2,0.0,14.4,33.8,17.41,Morondava,-20.283,44.283,0.0
2024-07-13,28.7,15.8,22.2,0.0,14.4,33.1,17.64,Morondava,-20.283,44.283,0.0
2024-07-14,29.2,17.7,22.9,0.0,16.1,37.1,17.43,Morondava,-20.283,44.283,0.0
2024-07-15,28.8,16.8,22.8,0.0,17.9,38.5,17.49,Morondava,-20.283,44.283,0.0
2024-07-16,28.9,17.9,23.1,0.0,17.9,38.9,17.58,Morondava,-20.283,44.283,0.0
2024-07-17,28.6,17.6,22.6,0.0,16.0,36.0,17.88,Morondava,-20.283,44.283,0.0
2024-07-18,28.5,15.3,22.0,0.0,16.2,36.4,17.99,Morondava,-20.283,44.283,0.0
2024-07-19,26.8,15.9,21.8,0.0,13.8,32.8,17.85,Morondava,-20.283,44.283,0.0
2024-07-20,27.7,16.8,22.0,0.0,15.3,35.6,17.91,Morondava,-20.283,44.283,0.0
2024-07-21,27.4,16.3,22.2,0.0,15.2,33.5,18.01,Morondava,-20.283,44.283,0.0
2024-07-22,28.1,16.4,22.5,0.0,15.4,34.9,18.12,Morondava,-20.283,44.283,0.0
2024-07-23,27.5,17.0,22.6,0.0,17.8,37.1,18.06,Morondava,-20.283,44.283,0.0
2024-07-24,28.1,16.6,22.5,0.0,15.9,34.6,18.02,Morondava,-20.283,44.283,0.0
2024-07-25,27.2,18.7,22.5,0.8,13.2,31.3,16.46,Morondava,-20.283,44.283,0.0
2024-07-26,28.0,17.8,22.4,0.0,16.2,36.0,18.14,Morondava,-20.283,44.283,0.0
2024-07-27,27.5,17.2,22.5,0.0,15.9,36.0,18.35,Morondava,-20.283,44.283,0.0
2024-07-28,27.3,16.5,21.9,0.0,12.6,31.7,18.67,Morondava,-20.283,44.283,0.0
2024-07-29,28.5,15.7,21.7,0.0,13.3,29.5,18.81,Morondava,-20.283,44.283,0.0
2024-07-30,28.1,15.6,22.0,0.0,15.9,34.9,18.87,Morondava,-20.283,44.283,0.0
2024-07-31,30.9,16.3,23.5,0.0,24.5,49.3,19.0,Morondava,-20.283,44.283,0.0
2024-08-01,31.2,19.2,24.7,0.0,18.9,42.5,19.07,Morondava,-20.283,44.283,0.0
2024-08-02,30.8,19.6,24.1,0.0,20.7,42.8,19.12,Morondava,-20.283,44.283,0.0
2024-08-03,27.7,16.6,22.3,0.0,15.1,34.6,18.92,Morondava,-20.283,44.283,0.0
2024-08-04,27.9,15.3,21.9,0.0,15.2,35.3,19.41,Morondava,-20.283,44.283,0.0
2024-08-05,27.5,15.5,21.7,0.0,14.1,34.2,19.63,Morondava,-20.283,44.283,0.0
2024-08-06,28.2,15.8,22.2,0.0,19.6,40.0,19.67,Morondava,-20.283,44.283,0.0
2024-08-07,28.3,16.1,22.6,0.0,14.2,33.8,19.51,Morondava,-20.283,44.283,0.0
2024-08-08,27.6,17.9,23.0,0.0,16.3,35.6,18.67,Morondava,-20.283,44.283,0.0
2024-08-09,27.5,19.4,23.1,0.0,17.1,36.4,17.77,Morondava,-20.283,44.283,0.0
2024-08-10,28.5,19.2,23.5,0.0,19.1,40.0,18.39,Morondava,-20.283,44.283,0.0
2024-08-11,29.6,19.2,23.9,0.0,19.3,43.6,19.81,Morondava,-20.283,44.283,0.0
2024-08-12,28.0,19.4,23.9,0.0,17.4,35.3,16.34,Morondava,-20.283,44.283,0.0
2024-08-13,32.9,21.1,26.2,0.0,20.2,43.6,20.21,Morondava,-20.283,44.283,0.0
2024-08-14,28.7,20.1,24.6,0.0,18.4,41.0,19.95,Morondava,-20.283,44.283,0.0
2024-08-15,32.5,18.8,24.8,0.0,22.9,47.2,20.22,Morondava,-20.283,44.283,0.0
2024-08-16,32.5,22.9,26.4,0.0,25.3,50.0,20.46,Morondava,-20.283,44.283,0.0
2024-08-17,31.1,20.6,25.0,0.0,18.6,42.1,20.46,Morondava,-20.283,44.283,0.0
2024-08-18,32.6,20.7,25.6,0.0,20.9,43.2,19.62,Morondava,-20.283,44.283,0.0
2024-08-19,32.5,22.2,26.1,0.0,23.0,45.4,19.26,Morondava,-20.283,44.283,0.0
2024-08-20,32.1,21.0,25.7,0.0,21.3,42.8,21.02,Morondava,-20.283,44.283,0.0
2024-08-21,31.6,19.7,24.7,0.0,20.9,44.6,21.26,Morondava,-20.283,44.283,0.0
2024-08-22,29.5,20.3,24.3,0.0,20.8,43.6,20.71,Morondava,-20.283,44.283,0.0
2024-08-23,30.4,19.6,24.2,0.0,23.7,46.4,21.14,Morondava,-20.283,44.283,0.0
2024-08-24,31.5,19.7,24.7,0.0,22.7,46.4,21.39,Morondava,-20.283,44.283,0.0
2024-08-25,31.2,20.0,24.4,0.0,21.1,44.6,21.52,Morondava,-20.283,44.283,0.0
2024-08-26,29.7,18.9,23.8,0.0,17.7,39.2,21.42,Morondava,-20.283,44.283,0.0
2024-08-27,29.0,18.9,23.9,0.0,15.8,35.3,21.44,Morondava,-20.283,44.283,0.0
2024-08-28,28.9,20.0,24.2,0.0,17.3,38.5,21.13,Morondava,-20.283,44.283,0.0
2024-08-29,28.2,22.0,24.7,0.8,18.1,35.6,18.17,Morondava,-20.283,44.283,0.0
2024-08-30,29.0,20.0,24.4,0.0,18.0,39.6,20.21,Morondava,-20.283,44.283,0.0
2024-08-31,29.1,19.8,24.5,0.2,17.7,35.6,19.89,Morondava,-20.283,44.283,0.0
2024-09-01,31.0,20.8,25.3,1.5,19.9,41.4,19.98,Morondava,-20.283,44.283,0.0
2024-09-02,29.2,20.3,24.7,0.0,17.4,38.2,19.61,Morondava,-20.283,44.283,0.0
2024-09-03,29.1,19.3,24.4,0.0,17.5,36.7,20.48,Morondava,-20.283,44.283,0.0
2024-09-04,31.8,20.6,25.6,0.5,18.7,43.6,21.02,Morondava,-20.283,44.283,0.0
2024-09-05,30.7,20.7,25.2,0.0,17.6,39.6,20.14,Morondava,-20.283,44.283,0.0
2024-09-06,31.5,21.6,26.2,0.0,19.6,42.8,22.14,Morondava,-20.283,44.283,0.0
2024-09-07,32.1,22.2,26.5,0.0,19.5,42.1,22.35,Morondava,-20.283,44.283,0.0
2024-09-08,29.8,23.1,25.9,0.0,16.4,37.1,22.28,Morondava,-20.283,44.283,0.0
2024-09-09,29.1,22.4,25.4,0.0,18.4,39.6,21.25,Morondava,-20.283,44.283,0.0
2024-09-10,30.2,23.3,26.0,0.2,16.0,36.0,21.41,Morondava,-20.283,44.283,0.0
2024-09-11,30.7,22.8,25.9,0.0,17.6,38.2,21.76,Morondava,-20.283,44.283,0.0
2024-09-12,32.1,20.4,26.2,0.0,19.9,41.4,22.36,Morondava,-20.283,44.283,0.0
2024-09-13,33.7,20.4,26.9,0.0,21.7,46.1,23.08,Morondava,-20.283,44.283,0.0
2024-09-14,30.9,22.0,26.1,0.0,19.8,42.8,21.65,Morondava,-20.283,44.283,0.0
2024-09-15,29.3,23.5,26.2,0.9,17.0,37.8,20.08,Morondava,-20.283,44.283,0.0
2024-09-16,29.5,23.2,26.2,0.0,21.0,41.8,20.52,Morondava,-20.283,44.283,0.0
2024-09-17,30.7,22.7,26.2,0.0,19.3,42.5,23.07,Morondava,-20.283,44.283,0.0
2024-09-18,29.5,23.4,26.0,0.1,17.1,37.8,22.07,Morondava,-20.283,44.283,0.0
2024-09-19,29.5,22.4,25.8,0.0,19.5,43.6,23.23,Morondava,-20.283,44.283,0.0
2024-09-20,29.9,22.2,25.9,0.0,21.5,46.4,23.52,Morondava,-20.283,44.283,0.0
2024-09-21,29.6,22.6,26.1,0.1,19.3,42.5,22.46,Morondava,-20.283,44.283,0.0
2024-09-22,30.2,23.2,26.3,0.3,18.4,42.8,21.78,Morondava,-20.283,44.283,0.0
2024-09-23,32.8,23.7,27.1,0.0,24.2,50.8,23.31,Morondava,-20.283,44.283,0.0
2024-09-24,30.0,23.1,26.2,0.2,17.9,41.0,22.32,Morondava,-20.283,44.283,0.0
2024-09-25,29.5,22.8,25.7,0.8,16.6,39.6,21.42,Morondava,-20.283,44.283,0.0
2024-09-26,31.0,22.6,26.3,0.0,16.6,36.7,22.47,Morondava,-20.283,44.283,0.0
2024-09-27,31.3,22.2,26.4,0.0,19.2,41.4,23.74,Morondava,-20.283,44.283,0.0
2024-09-28,31.1,22.9,26.5,0.0,20.8,44.3,24.49,Morondava,-20.283,44.283,0.0
2024-09-29,31.2,22.1,26.2,0.0,19.7,42.8,24.96,Morondava,-20.283,44.283,0.0
2024-09-30,30.6,22.7,26.5,0.0,16.2,38.5,24.34,Morondava,-20.283,44.283,0.0
2024-10-01,30.9,23.0,26.8,0.0,18.0,40.0,22.98,Morondava,-20.283,44.283,0.0
2024-10-02,35.1,23.9,28.2,0.4,28.0,58.0,22.9,Morondava,-20.283,44.283,0.0
2024-10-03,34.6,25.9,29.0,0.3,29.5,58.7,23.34,Morondava,-20.283,44.283,0.0
2024-10-04,31.9,22.6,26.3,0.7,22.1,46.1,19.92,Morondava,-20.283,44.283,0.0
2024-10-05,31.5,20.2,25.4,0.0,21.3,45.7,25.53,Morondava,-20.283,44.283,0.0
2024-10-06,29.9,20.0,24.8,1.1,17.5,40.3,24.44,Morondava,-20.283,44.283,0.0
2024-10-07,28.3,20.6,24.8,0.1,17.1,39.6,24.14,Morondava,-20.283,44.283,0.0
2024-10-08,30.1,19.8,25.0,0.0,24.4,51.1,25.98,Morondava,-20.283,44.283,0.0
2024-10-09,31.3,20.2,25.9,0.0,18.4,38.5,23.76,Morondava,-20.283,44.283,0.0
2024-10-10,31.4,23.1,27.0,0.0,17.2,39.6,23.49,Morondava,-20.283,44.283,0.0
2024-10-11,33.4,23.0,27.2,0.0,20.6,46.1,24.92,Morondava,-20.283,44.283,0.0
2024-10-12,33.3,22.3,26.9,0.0,22.0,48.6,24.6,Morondava,-20.283,44.283,0.0
2024-10-13,32.8,22.6,27.0,0.0,21.6,46.8,24.03,Morondava,-20.283,44.283,0.0
2024-10-14,30.0,23.4,26.4,0.7,21.4,47.2,22.86,Morondava,-20.283,44.283,0.0
2024-10-15,29.6,22.0,25.7,1.7,19.1,41.4,25.34,Morondava,-20.283,44.283,0.0
2024-10-16,29.2,21.2,25.1,0.0,25.3,51.1,25.24,Morondava,-20.283,44.283,0.0
2024-10-17,29.8,21.8,25.4,0.0,22.6,47.5,25.76,Morondava,-20.283,44.283,0.0
2024-10-18,28.7,21.9,25.3,0.0,20.5,46.1,25.31,Morondava,-20.283,44.283,0.0
2024-10-19,29.8,21.6,25.6,0.0,19.6,43.9,26.34,Morondava,-20.283,44.283,0.0
2024-10-20,30.7,21.2,26.1,0.0,21.4,46.1,24.86,Morondava,-20.283,44.283,0.0
2024-10-21,32.7,23.2,27.6,0.0,18.4,41.4,25.83,Morondava,-20.283,44.283,0.0
2024-10-22,34.3,24.2,28.3,0.0,23.1,49.0,25.53,Morondava,-20.283,44.283,0.0
2024-10-23,31.7,24.6,27.5,0.3,19.4,42.5,22.96,Morondava,-20.283,44.283,0.0
2024-10-24,31.0,24.2,27.3,0.7,18.9,43.6,24.72,Morondava,-20.283,44.283,0.0
2024-10-25,30.4,24.4,27.2,0.3,17.1,38.2,25.53,Morondava,-20.283,44.283,0.0
2024-10-26,32.1,22.9,27.7,0.0,19.0,41.0,26.29,Morondava,-20.283,44.283,0.0
2024-10-27,32.6,23.3,28.1,0.0,17.7,40.3,26.43,Morondava,-20.283,44.283,0.0
2024-10-28,33.0,23.4,28.2,0.0,19.1,42.1,26.46,Morondava,-20.283,44.283,0.0
2024-10-29,33.2,25.0,28.6,0.0,17.5,41.8,26.48,Morondava,-20.283,44.283,0.0
2024-10-30,34.1,25.6,29.4,0.0,20.2,42.8,24.77,Morondava,-20.283,44.283,0.0
2024-10-31,36.6,26.2,30.3,0.0,26.7,54.7,24.72,Morondava,-20.283,44.283,0.0
2024-11-01,36.1,26.3,30.1,0.0,22.8,48.2,25.56,Morondava,-20.283,44.283,0.0
2024-11-02,32.8,25.2,28.3,0.0,20.0,42.8,26.64,Morondava,-20.283,44.283,0.0
2024-11-03,31.7,24.0,27.7,0.0,21.1,45.7,26.58,Morondava,-20.283,44.283,0.0
2024-11-04,31.8,23.6,27.5,0.0,19.6,41.8,25.63,Morondava,-20.283,44.283,0.0
2024-11-05,32.1,24.1,27.9,0.0,15.8,40.3,23.34,Morondava,-20.283,44.283,0.0
2024-11-06,33.1,24.6,28.7,0.0,17.0,44.3,23.39,Morondava,-20.283,44.283,0.0
2024-11-07,34.6,25.6,29.0,0.0,20.5,43.6,17.28,Morondava,-20.283,44.283,0.0
2024-11-08,34.0,25.1,28.9,0.0,20.4,43.2,25.62,Morondava,-20.283,44.283,0.0
2024-11-09,30.9,24.2,27.4,0.0,20.4,44.6,27.84,Morondava,-20.283,44.283,0.0
2024-11-10,31.2,24.4,27.6,0.0,17.4,40.3,26.88,Morondava,-20.283,44.283,0.0
2024-11-11,33.4,23.9,28.4,0.0,21.2,46.8,26.18,Morondava,-20.283,44.283,0.0
2024-11-12,32.2,25.6,28.6,0.0,21.3,45.7,26.23,Morondava,-20.283,44.283,0.0
2024-11-13,33.7,25.3,29.6,0.0,19.8,42.5,27.1,Morondava,-20.283,44.283,0.0
2024-11-14,33.5,25.6,29.5,0.0,20.1,44.3,27.92,Morondava,-20.283,44.283,0.0
2024-11-15,33.8,24.8,29.3,0.0,19.0,45.0,27.3,Morondava,-20.283,44.283,0.0
2024-11-16,32.4,26.3,28.9,0.0,17.6,41.0,27.03,Morondava,-20.283,44.283,0.0
2024-11-17,32.1,25.5,28.6,0.7,20.7,43.9,25.87,Morondava,-20.283,44.283,0.0
2024-11-18,32.5,25.6,28.6,0.0,20.9,45.4,26.32,Morondava,-20.283,44.283,0.0
2024-11-19,32.9,24.4,28.7,0.0,20.7,44.6,26.14,Morondava,-20.283,44.283,0.0
2024-11-20,32.6,25.5,28.6,0.5,18.7,40.7,26.49,Morondava,-20.283,44.283,0.0
2024-11-21,32.5,25.3,28.6,0.0,16.3,37.1,25.75,Morondava,-20.283,44.283,0.0
2024-11-22,32.4,24.9,28.6,0.0,17.6,40.0,26.92,Morondava,-20.283,44.283,0.0
2024-11-23,32.3,24.7,28.4,0.0,21.9,44.6,28.14,Morondava,-20.283,44.283,0.0
2024-11-24,32.8,23.9,28.3,0.0,23.5,46.8,29.28,Morondava,-20.283,44.283,0.0
2024-11-25,33.1,23.5,28.5,0.0,17.3,39.6,28.93,Morondava,-20.283,44.283,0.0
2024-11-26,33.7,24.9,29.1,0.0,17.6,41.0,27.5,Morondava,-20.283,44.283,0.0
2024-11-27,33.3,26.0,29.5,0.0,17.3,40.0,27.18,Morondava,-20.283,44.283,0.0
2024-11-28,33.0,26.3,29.3,2.5,18.9,41.4,27.18,Morondava,-20.283,44.283,0.0
2024-11-29,30.5,24.2,27.2,4.0,20.3,42.8,20.53,Morondava,-20.283,44.283,0.0
2024-11-30,33.1,23.9,27.8,0.1,32.0,61.9,27.27,Morondava,-20.283,44.283,0.0
2024-12-01,32.9,24.1,28.0,0.7,21.9,44.6,25.74,Morondava,-20.283,44.283,0.0
2024-12-02,31.5,23.7,27.5,2.6,15.9,37.1,25.22,Morondava,-20.283,44.283,0.0
2024-12-03,31.3,23.0,27.1,1.6,17.3,39.2,28.25,Morondava,-20.283,44.283,0.0
2024-12-04,31.7,24.4,27.8,0.7,17.3,41.0,27.28,Morondava,-20.283,44.283,0.0
2024-12-05,31.5,24.0,27.8,3.5,16.0,37.1,26.22,Morondava,-20.283,44.283,0.0
2024-12-06,32.3,25.4,28.7,3.4,14.5,35.6,26.02,Morondava,-20.283,44.283,0.0
2024-12-07,33.0,25.3,29.0,0.2,20.0,42.5,28.0,Morondava,-20.283,44.283,0.0
2024-12-08,35.2,25.9,30.2,0.0,17.4,40.3,28.01,Morondava,-20.283,44.283,0.0
2024-12-09,35.1,25.8,30.0,0.8,18.6,41.8,27.3,Morondava,-20.283,44.283,0.0
2024-12-10,34.1,25.7,29.7,0.4,18.8,41.0,26.46,Morondava,-20.283,44.283,0.0
2024-12-11,33.4,23.7,28.9,6.6,16.0,36.0,26.86,Morondava,-20.283,44.283,0.0
2024-12-12,33.5,24.7,29.1,1.6,17.1,40.0,26.73,Morondava,-20.283,44.283,0.0
2024-12-13,33.5,25.5,29.7,0.3,17.6,40.0,27.13,Morondava,-20.283,44.283,0.0
2024-12-14,36.7,26.0,31.0,0.7,20.3,41.4,26.86,Morondava,-20.283,44.283,0.0
2024-12-15,32.5,27.2,30.3,2.2,26.4,54.0,23.98,Morondava,-20.283,44.283,0.0
2024-12-16,33.4,25.6,29.3,2.5,18.2,41.0,26.57,Morondava,-20.283,44.283,0.0
2024-12-17,32.8,25.9,29.4,1.6,16.6,36.7,25.2,Morondava,-20.283,44.283,0.0
2024-12-18,33.7,26.4,30.0,0.0,18.9,41.4,28.18,Morondava,-20.283,44.283,0.0
2024-12-19,33.5,27.4,30.4,0.0,18.2,41.0,26.32,Morondava,-20.283,44.283,0.0
2024-12-20,33.3,27.9,30.4,0.2,18.7,42.1,27.87,Morondava,-20.283,44.283,0.0
2024-12-21,33.7,26.9,30.0,0.0,15.9,38.2,26.3,Morondava,-20.283,44.283,0.0
2024-12-22,33.7,26.4,30.1,3.9,17.9,41.8,24.13,Morondava,-20.283,44.283,0.0
2024-12-23,33.3,24.9,29.3,0.9,18.2,41.4,26.24,Morondava,-20.283,44.283,0.0
2024-12-24,32.4,24.7,28.7,12.2,14.3,34.2,23.18,Morondava,-20.283,44.283,0.0
2024-12-25,33.3,24.6,29.1,0.3,23.4,46.8,28.02,Morondava,-20.283,44.283,0.0
2024-12-26,34.9,25.7,29.8,3.3,15.6,39.2,27.71,Morondava,-20.283,44.283,0.0
2024-12-27,33.2,24.7,28.5,2.6,22.8,47.9,26.81,Morondava,-20.283,44.283,0.0
2024-12-28,31.5,23.7,27.2,11.4,17.9,37.4,27.51,Morondava,-20.283,44.283,0.0
2024-12-29,29.9,23.9,26.6,11.4,15.2,34.6,24.29,Morondava,-20.283,44.283,0.0
2024-12-30,30.4,23.2,26.8,13.4,12.4,30.6,25.94,Morondava,-20.283,44.283,0.0
2024-12-31,30.7,23.3,27.3,1.5,15.7,32.4,27.71,Morondava,-20.283,44.283,0.0
2025-01-01,31.2,24.1,27.6,1.5,14.9,31.0,27.89,Morondava,-20.283,44.283,0.0
2025-01-02,31.3,23.2,27.3,6.4,16.7,32.0,27.26,Morondava,-20.283,44.283,0.0
2025-01-03,30.9,24.5,27.7,4.4,13.8,32.0,24.33,Morondava,-20.283,44.283,0.0
2025-01-04,30.5,24.2,27.6,4.9,14.5,30.6,25.74,Morondava,-20.283,44.283,0.0
2025-01-05,30.1,23.1,26.9,2.9,14.2,31.7,27.96,Morondava,-20.283,44.283,0.0
2025-01-06,30.6,23.2,27.3,1.2,17.7,37.1,28.0,Morondava,-20.283,44.283,0.0
2025-01-07,30.7,24.6,27.6,0.2,14.4,31.3,25.54,Morondava,-20.283,44.283,0.0
2025-01-08,32.1,24.9,28.2,0.0,14.4,31.7,28.22,Morondava,-20.283,44.283,0.0
2025-01-09,32.4,24.5,28.8,0.0,16.7,34.6,28.16,Morondava,-20.283,44.283,0.0
2025-01-10,33.5,25.6,29.8,0.0,15.0,32.8,26.98,Morondava,-20.283,44.283,0.0
2025-01-11,35.5,26.1,30.2,0.0,17.7,38.5,30.11,Morondava,-20.283,44.283,0.0
2025-01-12,37.7,26.9,31.3,0.0,15.5,35.3,29.28,Morondava,-20.283,44.283,0.0
2025-01-13,33.7,25.4,29.7,25.5,11.1,29.5,24.21,Morondava,-20.283,44.283,0.0
2025-01-14,29.9,24.4,26.8,23.6,21.1,48.6,15.83,Morondava,-20.283,44.283,0.0
2025-01-15,30.2,26.3,27.8,4.8,35.7,68.4,21.28,Morondava,-20.283,44.283,0.0
2025-01-16,30.7,25.2,27.8,7.1,21.1,44.6,22.04,Morondava,-20.283,44.283,0.0
2025-01-17,30.6,24.2,27.6,4.4,16.4,33.8,24.73,Morondava,-20.283,44.283,0.0
2025-01-18,31.2,24.9,28.1,2.0,14.6,30.2,21.7,Morondava,-20.283,44.283,0.0
2025-01-19,30.1,23.2,26.4,13.2,17.5,39.2,19.83,Morondava,-20.283,44.283,0.0
2025-01-20,26.8,24.3,25.4,37.8,13.0,27.4,7.26,Morondava,-20.283,44.283,0.0
2025-01-21,29.5,24.0,26.6,1.4,11.5,25.6,16.81,Morondava,-20.283,44.283,0.0
2025-01-22,30.5,23.6,27.1,0.0,15.0,32.8,28.83,Morondava,-20.283,44.283,0.0
2025-01-23,29.9,23.8,26.8,2.2,13.6,29.9,26.25,Morondava,-20.283,44.283,0.0
2025-01-24,30.1,23.9,26.5,6.4,16.1,33.8,23.68,Morondava,-20.283,44.283,0.0
2025-01-25,27.1,23.6,24.9,27.8,16.8,36.4,7.57,Morondava,-20.283,44.283,0.0
2025-01-26,28.9,24.0,25.9,21.6,24.3,51.8,12.01,Morondava,-20.283,44.283,0.0
2025-01-27,30.0,25.4,26.9,23.5,30.2,58.7,13.89,Morondava,-20.283,44.283,0.0
2025-01-28,28.6,24.3,26.5,38.0,31.5,58.7,15.76,Morondava,-20.283,44.283,0.0
2025-01-29,27.4,25.1,26.2,19.3,26.7,52.6,13.37,Morondava,-20.283,44.283,0.0
2025-01-30,29.7,25.0,27.1,2.8,24.0,46.4,23.87,Morondava,-20.283,44.283,0.0
2025-01-31,30.0,24.8,27.4,3.0,18.6,38.9,26.56,Morondava,-20.283,44.283,0.0
2025-02-01,30.2,24.8,27.5,2.0,16.7,34.9,26.77,Morondava,-20.283,44.283,0.0
2025-02-02,30.1,24.6,27.1,13.2,14.8,29.9,22.64,Morondava,-20.283,44.283,0.0
2025-02-03,29.9,24.3,26.7,8.0,14.4,30.6,23.23,Morondava,-20.283,44.283,0.0
2025-02-04,29.9,23.6,26.9,9.7,13.5,27.7,23.5,Morondava,-20.283,44.283,0.0
2025-02-05,29.4,24.8,27.1,2.1,12.1,27.7,22.38,Morondava,-20.283,44.283,0.0
2025-02-06,28.5,24.5,25.9,18.5,20.7,46.8,15.46,Morondava,-20.283,44.283,0.0
2025-02-07,30.8,24.4,27.1,5.2,16.0,32.8,26.7,Morondava,-20.283,44.283,0.0
2025-02-08,31.3,24.3,27.5,0.5,13.4,27.0,24.91,Morondava,-20.283,44.283,0.0
2025-02-09,30.1,24.4,27.2,4.8,16.4,34.9,20.77,Morondava,-20.283,44.283,0.0
2025-02-10,30.0,24.0,27.4,0.1,19.8,39.6,27.06,Morondava,-20.283,44.283,0.0
2025-02-11,30.0,23.4,27.2,0.6,18.1,36.4,26.0,Morondava,-20.283,44.283,0.0
2025-02-12,30.4,24.8,27.5,0.4,14.3,31.3,26.49,Morondava,-20.283,44.283,0.0
2025-02-13,30.4,24.6,27.4,3.0,15.3,31.7,25.45,Morondava,-20.283,44.283,0.0
2025-02-14,30.2,24.3,27.0,2.2,13.2,26.6,23.9,Morondava,-20.283,44.283,0.0
2025-02-15,29.8,23.4,26.2,8.9,14.2,30.2,21.67,Morondava,-20.283,44.283,0.0
2025-02-16,29.3,23.6,26.1,3.7,13.6,30.2,20.99,Morondava,-20.283,44.283,0.0
2025-02-17,29.2,23.7,26.4,5.8,14.7,31.3,20.94,Morondava,-20.283,44.283,0.0
2025-02-18,29.7,24.4,26.9,7.4,16.7,34.2,23.99,Morondava,-20.283,44.283,0.0
2025-02-19,29.3,24.5,26.3,20.8,16.1,34.2,15.73,Morondava,-20.283,44.283,0.0
2025-02-20,30.0,24.2,27.0,1.4,15.2,31.7,25.66,Morondava,-20.283,44.283,0.0
2025-02-21,29.2,23.9,26.0,20.8,15.1,31.0,19.79,Morondava,-20.283,44.283,0.0
2025-02-22,28.0,23.6,25.5,24.9,18.9,37.1,10.57,Morondava,-20.283,44.283,0.0
2025-02-23,26.8,24.0,25.1,67.6,25.6,46.1,8.59,Morondava,-20.283,44.283,0.0
2025-02-24,26.6,24.0,24.9,64.1,23.5,45.7,5.84,Morondava,-20.283,44.283,0.0
2025-02-25,29.3,23.9,26.9,9.5,27.9,56.2,18.24,Morondava,-20.283,44.283,0.0
2025-02-26,29.6,26.1,27.7,8.1,34.8,65.9,19.78,Morondava,-20.283,44.283,0.0
2025-02-27,27.5,24.9,26.1,85.7,40.0,76.0,10.47,Morondava,-20.283,44.283,0.0
2025-02-28,29.5,24.0,27.1,15.2,27.1,54.7,24.85,Morondava,-20.283,44.283,0.0
2025-03-01,27.5,24.3,26.0,17.8,25.1,50.8,16.57,Morondava,-20.283,44.283,0.0
2025-03-02,28.5,24.0,26.3,5.7,17.7,36.4,20.03,Morondava,-20.283,44.283,0.0
2025-03-03,29.0,24.5,26.6,0.5,14.7,31.3,23.91,Morondava,-20.283,44.283,0.0
2025-03-04,28.9,23.7,26.4,1.1,14.2,29.2,24.54,Morondava,-20.283,44.283,0.0
2025-03-05,30.3,23.9,27.0,0.0,16.4,33.8,25.68,Morondava,-20.283,44.283,0.0
2025-03-06,31.3,24.0,27.6,0.3,14.8,31.3,24.54,Morondava,-20.283,44.283,0.0
2025-03-07,31.4,25.3,28.0,0.0,12.7,26.6,24.43,Morondava,-20.283,44.283,0.0
2025-03-08,34.9,25.1,28.9,0.4,15.7,26.3,25.62,Morondava,-20.283,44.283,0.0
2025-03-09,34.4,25.5,29.2,0.0,20.0,34.9,17.54,Morondava,-20.283,44.283,0.0
2025-03-10,33.6,24.3,28.3,0.0,11.4,20.9,22.09,Morondava,-20.283,44.283,0.0
2025-03-11,30.2,23.9,27.0,27.9,16.3,40.0,24.49,Morondava,-20.283,44.283,0.0
2025-03-12,29.2,23.6,26.2,0.8,10.1,24.5,15.78,Morondava,-20.283,44.283,0.0
2025-03-13,30.8,23.3,26.8,9.2,21.4,40.0,23.21,Morondava,-20.283,44.283,0.0
2025-03-14,27.9,24.2,25.8,23.9,34.4,64.8,11.5,Morondava,-20.283,44.283,0.0
2025-03-15,28.8,24.1,26.1,13.3,23.7,44.3,18.83,Morondava,-20.283,44.283,0.0
2025-03-16,31.4,22.4,26.5,0.0,19.5,35.6,25.09,Morondava,-20.283,44.283,0.0
2025-03-17,31.8,23.7,27.3,1.0,16.6,28.8,24.65,Morondava,-20.283,44.283,0.0
2025-03-18,31.8,23.0,27.1,0.0,17.8,31.0,24.51,Morondava,-20.283,44.283,0.0
2025-03-19,31.5,23.2,26.9,0.0,15.1,26.6,24.97,Morondava,-20.283,44.283,0.0
2025-03-20,31.4,23.0,26.9,0.0,14.1,24.5,24.77,Morondava,-20.283,44.283,0.0
2025-03-21,30.0,23.8,26.8,0.0,11.3,25.9,24.36,Morondava,-20.283,44.283,0.0
2025-03-22,29.3,23.0,26.1,1.8,15.3,32.4,24.29,Morondava,-20.283,44.283,0.0
2025-03-23,29.2,22.3,25.7,0.0,17.8,35.6,24.3,Morondava,-20.283,44.283,0.0
2025-03-24,29.5,21.9,25.9,0.0,17.4,33.5,24.49,Morondava,-20.283,44.283,0.0
2025-03-25,30.0,22.7,26.4,0.0,15.0,31.3,23.49,Morondava,-20.283,44.283,0.0
2025-03-26,30.5,22.7,26.4,3.6,14.6,31.3,22.23,Morondava,-20.283,44.283,0.0
2025-03-27,30.3,23.8,26.8,2.3,13.6,30.2,21.22,Morondava,-20.283,44.283,0.0
2025-03-28,31.9,23.8,27.5,0.0,13.5,27.7,23.01,Morondava,-20.283,44.283,0.0
2025-03-29,31.4,23.3,27.2,0.0,15.2,32.8,22.6,Morondava,-20.283,44.283,0.0
2025-03-30,31.1,24.2,27.4,2.2,12.3,27.4,22.11,Morondava,-20.283,44.283,0.0
2025-03-31,31.3,23.3,27.4,0.0,10.8,24.8,22.25,Morondava,-20.283,44.283,0.0
2025-04-01,32.0,24.4,28.1,0.0,12.5,25.9,22.08,Morondava,-20.283,44.283,0.0
2025-04-02,31.0,24.4,27.8,0.0,12.4,28.4,22.3,Morondava,-20.283,44.283,0.0
2025-04-03,32.2,22.9,27.5,0.0,20.3,38.9,22.35,Morondava,-20.283,44.283,0.0
2025-04-04,31.9,23.2,27.3,0.0,13.4,29.2,22.83,Morondava,-20.283,44.283,0.0
2025-04-05,30.6,23.8,27.1,1.0,17.0,33.5,20.99,Morondava,-20.283,44.283,0.0
2025-04-06,30.8,23.9,27.1,0.6,18.3,36.7,21.29,Morondava,-20.283,44.283,0.0
2025-04-07,29.9,23.1,26.8,0.0,16.9,34.9,21.48,Morondava,-20.283,44.283,0.0
2025-04-08,30.0,23.0,26.4,0.2,15.0,32.0,20.02,Morondava,-20.283,44.283,0.0
2025-04-09,29.2,23.1,26.1,0.0,13.9,31.0,20.64,Morondava,-20.283,44.283,0.0
2025-04-10,29.5,21.5,25.9,0.0,13.5,31.0,21.74,Morondava,-20.283,44.283,0.0
2025-04-11,30.6,22.6,26.4,0.0,16.6,36.0,22.0,Morondava,-20.283,44.283,0.0
2025-04-12,31.4,22.7,27.0,1.9,15.7,34.2,21.03,Morondava,-20.283,44.283,0.0
2025-04-13,32.1,23.1,27.2,3.8,23.2,40.3,21.58,Morondava,-20.283,44.283,0.0
2025-04-14,31.7,23.3,27.4,0.0,15.8,32.0,21.28,Morondava,-20.283,44.283,0.0
2025-04-15,32.4,24.0,27.9,0.0,13.3,30.6,19.91,Morondava,-20.283,44.283,0.0
2025-04-16,32.4,23.1,27.8,0.0,15.3,30.6,21.24,Morondava,-20.283,44.283,0.0
2025-04-17,30.8,24.0,27.4,0.0,15.6,33.1,20.47,Morondava,-20.283,44.283,0.0
2025-04-18,31.7,23.4,27.5,0.0,21.5,40.3,19.99,Morondava,-20.283,44.283,0.0
2025-04-19,31.1,23.5,27.0,0.0,22.7,43.9,20.74,Morondava,-20.283,44.283,0.0
2025-04-20,31.0,22.4,26.4,0.0,21.1,41.4,20.72,Morondava,-20.283,44.283,0.0
2025-04-21,29.8,21.8,26.1,0.0,18.8,37.1,20.71,Morondava,-20.283,44.283,0.0
2025-04-22,30.3,21.7,26.1,0.0,15.7,34.2,20.59,Morondava,-20.283,44.283,0.0
2025-04-23,30.6,22.2,26.5,0.0,16.0,34.6,20.54,Morondava,-20.283,44.283,0.0
2025-04-24,31.4,22.7,26.9,0.0,17.2,36.0,20.48,Morondava,-20.283,44.283,0.0
2025-04-25,31.6,23.5,27.1,0.0,16.3,35.3,19.55,Morondava,-20.283,44.283,0.0
2025-04-26,31.2,23.5,27.1,0.0,17.2,34.2,17.43,Morondava,-20.283,44.283,0.0
2025-04-27,31.1,22.8,26.7,0.0,17.8,38.2,18.48,Morondava,-20.283,44.283,0.0
2025-04-28,31.7,23.4,27.3,1.5,15.7,33.8,18.93,Morondava,-20.283,44.283,0.0
2025-04-29,33.3,23.6,27.8,0.0,16.5,33.5,19.42,Morondava,-20.283,44.283,0.0
2025-04-30,33.9,24.3,28.5,0.0,16.2,33.1,19.38,Morondava,-20.283,44.283,0.0
2025-05-01,33.5,24.5,28.3,0.0,15.5,34.2,19.13,Morondava,-20.283,44.283,0.0
2025-05-02,32.3,23.5,27.9,0.0,14.9,33.1,19.09,Morondava,-20.283,44.283,0.0
2025-05-03,30.7,24.6,27.8,0.0,20.1,39.6,18.39,Morondava,-20.283,44.283,0.0
2025-05-04,32.2,24.3,27.9,0.0,26.1,51.1,17.87,Morondava,-20.283,44.283,0.0
2025-05-05,31.4,24.7,27.7,0.1,17.6,31.3,7.87,Morondava,-20.283,44.283,0.0
2025-05-06,33.7,24.0,28.0,0.0,19.0,36.7,18.21,Morondava,-20.283,44.283,0.0
2025-05-07,32.3,23.0,26.8,0.0,17.8,36.4,13.9,Morondava,-20.283,44.283,0.0
2025-05-08,32.0,22.4,26.6,0.0,17.5,37.4,18.35,Morondava,-20.283,44.283,0.0
2025-05-09,32.9,22.0,26.8,0.0,18.6,39.2,17.6,Morondava,-20.283,44.283,0.0
2025-05-10,33.5,22.7,27.1,0.0,19.6,40.0,18.32,Morondava,-20.283,44.283,0.0
2025-05-11,32.1,24.1,27.3,0.0,18.0,37.4,18.1,Morondava,-20.283,44.283,0.0
2025-05-12,32.6,23.4,27.3,0.0,18.2,34.9,17.91,Morondava,-20.283,44.283,0.0
2025-05-13,34.1,23.6,27.9,0.0,19.6,40.0,17.8,Morondava,-20.283,44.283,0.0
2025-05-14,34.1,24.7,28.4,0.0,24.2,46.1,17.81,Morondava,-20.283,44.283,0.0
2025-05-15,33.5,24.2,27.9,0.0,19.3,38.2,17.53,Morondava,-20.283,44.283,0.0
2025-05-16,33.7,24.6,27.8,0.0,19.5,38.9,17.95,Morondava,-20.283,44.283,0.0
2025-05-17,32.5,22.4,26.9,0.0,17.0,36.4,17.44,Morondava,-20.283,44.283,0.0
2025-05-18,31.0,22.0,26.4,0.0,16.4,35.6,17.59,Morondava,-20.283,44.283,0.0
2025-05-19,30.8,21.8,25.8,0.0,21.1,43.2,17.88,Morondava,-20.283,44.283,0.0
2025-05-20,29.2,19.2,24.5,0.0,13.3,31.0,17.91,Morondava,-20.283,44.283,0.0
2025-05-21,29.5,20.9,24.7,0.0,16.2,33.5,16.62,Morondava,-20.283,44.283,0.0
2025-05-22,29.7,20.7,25.1,0.0,25.3,49.0,17.11,Morondava,-20.283,44.283,0.0
2025-05-23,34.6,23.2,28.1,0.0,20.3,41.0,16.82,Morondava,-20.283,44.283,0.0
2025-05-24,32.2,22.0,26.5,0.0,23.4,45.7,17.66,Morondava,-20.283,44.283,0.0
2025-05-25,31.9,20.7,25.3,0.0,17.8,36.7,17.58,Morondava,-20.283,44.283,0.0
2025-05-26,31.3,20.1,24.7,0.0,18.9,37.8,17.6,Morondava,-20.283,44.283,0.0
2025-05-27,29.1,19.0,23.9,0.0,17.6,37.4,17.02,Morondava,-20.283,44.283,0.0
2025-05-28,29.9,19.1,24.3,0.0,20.2,41.4,17.19,Morondava,-20.283,44.283,0.0
2025-05-29,32.2,19.0,24.8,0.0,17.1,34.9,17.4,Morondava,-20.283,44.283,0.0
2025-05-30,31.5,19.9,24.9,0.0,16.7,35.3,17.15,Morondava,-20.283,44.283,0.0
2025-05-31,31.4,19.3,24.9,0.0,20.2,40.7,17.16,Morondava,-20.283,44.283,0.0
2025-06-01,31.3,18.9,24.6,0.0,17.1,34.9,17.22,Morondava,-20.283,44.283,0.0
2025-06-02,29.5,18.6,24.0,0.0,17.1,36.4,16.85,Morondava,-20.283,44.283,0.0
2025-06-03,30.1,18.8,24.3,0.0,17.0,36.0,16.8,Morondava,-20.283,44.283,0.0
2025-06-04,28.7,18.9,24.2,0.0,18.8,36.4,16.76,Morondava,-20.283,44.283,0.0
2025-06-05,31.9,19.8,25.1,0.0,22.1,43.2,16.79,Morondava,-20.283,44.283,0.0
2025-06-06,31.9,21.9,25.9,0.0,19.1,39.2,16.48,Morondava,-20.283,44.283,0.0
2025-06-07,31.0,21.2,25.3,0.0,18.0,37.8,16.67,Morondava,-20.283,44.283,0.0
2025-06-08,30.9,19.7,25.1,0.0,15.3,32.0,16.36,Morondava,-20.283,44.283,0.0
2025-06-09,32.3,21.3,26.0,0.0,18.4,36.7,16.52,Morondava,-20.283,44.283,0.0
2025-06-10,28.6,19.1,24.4,0.0,14.0,32.0,16.35,Morondava,-20.283,44.283,0.0
2025-06-11,29.9,21.7,24.9,0.0,21.3,42.8,15.77,Morondava,-20.283,44.283,0.0
2025-06-12,29.7,19.9,24.0,0.0,28.7,53.6,15.68,Morondava,-20.283,44.283,0.0
2025-06-13,30.9,20.3,25.0,0.0,21.8,37.8,16.63,Morondava,-20.283,44.283,0.0
2025-06-14,32.2,21.5,25.8,0.0,21.6,38.5,16.25,Morondava,-20.283,44.283,0.0
2025-06-15,31.3,19.3,24.3,0.0,21.1,39.6,17.02,Morondava,-20.283,44.283,0.0
2025-06-16,29.5,18.6,23.2,0.0,18.5,38.5,16.83,Morondava,-20.283,44.283,0.0
2025-06-17,28.7,18.0,22.8,0.0,15.2,31.3,16.62,Morondava,-20.283,44.283,0.0
2025-06-18,27.8,17.0,22.7,0.0,15.2,33.8,16.76,Morondava,-20.283,44.283,0.0
2025-06-19,29.4,17.2,23.2,0.0,19.2,39.6,16.75,Morondava,-20.283,44.283,0.0
2025-06-20,27.6,16.3,22.2,0.0,15.9,34.9,16.75,Morondava,-20.283,44.283,0.0
2025-06-21,27.0,17.1,22.0,0.0,19.7,40.3,16.65,Morondava,-20.283,44.283,0.0
2025-06-22,31.3,18.7,23.8,0.0,18.4,37.1,16.88,Morondava,-20.283,44.283,0.0
2025-06-23,28.9,18.4,23.1,0.0,12.4,30.2,16.5,Morondava,-20.283,44.283,0.0
2025-06-24,28.5,19.4,22.9,0.0,19.6,40.0,14.26,Morondava,-20.283,44.283,0.0
2025-06-25,28.4,18.0,22.8,0.0,16.0,33.8,15.65,Morondava,-20.283,44.283,0.0
2025-06-26,28.9,19.1,23.2,0.0,16.7,35.6,16.52,Morondava,-20.283,44.283,0.0
2025-06-27,28.7,18.0,23.1,0.0,16.1,30.6,16.29,Morondava,-20.283,44.283,0.0
2025-06-28,32.3,20.9,25.9,0.0,23.4,44.6,16.28,Morondava,-20.283,44.283,0.0
2025-06-29,32.0,22.4,26.2,0.0,21.3,41.0,14.78,Morondava,-20.283,44.283,0.0
2025-06-30,33.0,22.8,26.9,0.0,16.5,28.1,16.55,Morondava,-20.283,44.283,0.0
2025-07-01,31.1,20.8,25.2,0.0,19.5,38.2,16.53,Morondava,-20.283,44.283,0.0
2025-07-02,32.0,22.7,26.4,0.0,19.5,36.7,16.47,Morondava,-20.283,44.283,0.0
2025-07-03,29.6,18.8,23.4,0.0,19.6,34.9,17.1,Morondava,-20.283,44.283,0.0
2025-07-04,28.5,18.6,22.9,0.0,18.2,38.2,16.88,Morondava,-20.283,44.283,0.0
2025-07-05,28.8,18.5,22.7,0.0,21.3,41.8,16.96,Morondava,-20.283,44.283,0.0
2025-07-06,28.3,16.4,22.3,0.0,19.2,38.5,16.63,Morondava,-20.283,44.283,0.0
2025-07-07,30.4,17.4,23.6,0.0,22.3,42.5,15.59,Morondava,-20.283,44.283,0.0
2025-07-08,31.7,21.5,25.6,0.0,25.1,47.2,15.24,Morondava,-20.283,44.283,0.0
2025-07-09,30.1,20.6,24.8,0.0,24.5,46.1,16.75,Morondava,-20.283,44.283,0.0
2025-07-10,31.1,21.9,25.6,0.0,17.9,32.8,13.86,Morondava,-20.283,44.283,0.0
2025-07-11,31.3,21.2,25.3,0.0,20.4,36.4,16.59,Morondava,-20.283,44.283,0.0
2025-07-12,29.4,20.4,24.1,0.0,16.7,36.0,16.55,Morondava,-20.283,44.283,0.0
2025-07-13,30.5,18.8,23.8,0.0,18.2,36.7,17.15,Morondava,-20.283,44.283,0.0
2025-07-14,29.3,17.8,23.0,0.0,15.8,33.1,17.3,Morondava,-20.283,44.283,0.0
2025-07-15,29.0,15.9,22.5,0.0,16.6,33.8,17.51,Morondava,-20.283,44.283,0.0
2025-07-16,30.1,17.2,23.0,0.0,16.9,35.3,17.58,Morondava,-20.283,44.283,0.0
2025-07-17,31.1,18.3,23.9,0.0,18.7,38.2,17.37,Morondava,-20.283,44.283,0.0
2025-07-18,31.4,19.9,24.8,0.0,20.9,40.7,17.54,Morondava,-20.283,44.283,0.0
2025-07-19,29.3,18.5,23.3,0.0,25.4,45.4,17.8,Morondava,-20.283,44.283,0.0
2025-07-20,29.2,18.3,22.9,0.0,25.4,49.7,17.58,Morondava,-20.283,44.283,0.0
2025-07-21,28.9,18.2,22.7,0.0,20.2,40.3,17.95,Morondava,-20.283,44.283,0.0
2025-07-22,29.6,18.2,23.2,0.0,20.0,41.0,17.87,Morondava,-20.283,44.283,0.0
2025-07-23,28.6,17.2,22.7,0.0,18.0,35.6,17.36,Morondava,-20.283,44.283,0.0
2025-07-24,28.9,18.5,23.4,0.0,18.8,37.4,16.7,Morondava,-20.283,44.283,0.0
2025-07-25,28.1,18.3,22.7,0.0,20.3,40.3,17.51,Morondava,-20.283,44.283,0.0
2025-07-26,28.2,17.7,22.4,0.0,20.4,39.6,17.1,Morondava,-20.283,44.283,0.0
2025-07-27,26.4,16.6,22.2,0.0,23.4,44.3,18.04,Morondava,-20.283,44.283,0.0
2025-07-28,30.5,19.6,24.3,0.0,25.0,44.3,17.29,Morondava,-20.283,44.283,0.0
2025-07-29,30.2,20.2,24.2,0.0,20.3,40.0,17.45,Morondava,-20.283,44.283,0.0
2025-07-30,29.0,20.0,24.0,0.0,15.9,33.8,16.25,Morondava,-20.283,44.283,0.0
2025-07-31,28.7,20.7,24.2,0.0,19.1,40.3,16.29,Morondava,-20.283,44.283,0.0
2025-08-01,29.5,19.7,23.7,0.0,18.3,39.2,17.14,Morondava,-20.283,44.283,0.0
2025-08-02,29.3,19.5,23.2,0.0,30.5,56.9,18.74,Morondava,-20.283,44.283,0.0
2025-08-03,28.2,18.0,22.4,0.0,27.1,52.6,19.01,Morondava,-20.283,44.283,0.0
2025-08-04,29.8,18.6,22.9,0.0,21.5,42.5,19.29,Morondava,-20.283,44.283,0.0
2025-08-05,28.9,16.8,22.0,0.0,18.2,35.6,19.66,Morondava,-20.283,44.283,0.0
2025-08-06,28.4,17.6,22.0,0.0,19.8,40.3,19.62,Morondava,-20.283,44.283,0.0
2025-08-07,27.4,15.3,21.3,0.0,18.2,38.2,19.5,Morondava,-20.283,44.283,0.0
2025-08-08,26.3,15.0,21.2,0.0,19.6,40.3,19.53,Morondava,-20.283,44.283,0.0
2025-08-09,27.1,15.3,21.6,0.0,19.3,41.0,19.71,Morondava,-20.283,44.283,0.0
2025-08-10,27.2,16.7,22.1,0.0,18.8,37.1,19.4,Morondava,-20.283,44.283,0.0
2025-08-11,29.6,18.8,23.6,0.0,19.4,40.7,18.66,Morondava,-20.283,44.283,0.0
2025-08-12,32.0,18.7,24.3,0.0,19.9,39.6,19.05,Morondava,-20.283,44.283,0.0
2025-08-13,30.3,21.6,25.3,0.0,25.9,49.3,17.1,Morondava,-20.283,44.283,0.0
2025-08-14,28.6,20.7,24.1,9.1,17.3,33.8,16.55,Morondava,-20.283,44.283,0.0
2025-08-15,28.2,19.7,23.6,0.0,20.9,42.1,18.45,Morondava,-20.283,44.283,0.0
2025-08-16,27.6,18.5,22.6,0.0,22.0,44.6,19.9,Morondava,-20.283,44.283,0.0
2025-08-17,30.7,17.9,23.7,0.0,21.1,37.4,17.77,Morondava,-20.283,44.283,0.0
2025-08-18,29.7,20.4,24.2,0.0,19.8,36.0,16.42,Morondava,-20.283,44.283,0.0
2025-08-19,29.6,18.9,23.4,0.0,19.0,41.4,20.57,Morondava,-20.283,44.283,0.0
2025-08-20,29.9,18.4,23.4,0.0,19.7,40.3,20.88,Morondava,-20.283,44.283,0.0
2025-08-21,28.8,16.9,22.9,0.0,20.0,39.6,21.25,Morondava,-20.283,44.283,0.0
2025-08-22,29.9,16.3,23.0,0.0,17.2,36.7,21.23,Morondava,-20.283,44.283,0.0
2025-08-23,29.8,17.7,23.4,0.0,16.4,36.0,21.5,Morondava,-20.283,44.283,0.0
2025-08-24,29.5,17.7,23.4,0.0,16.2,36.4,21.56,Morondava,-20.283,44.283,0.0
2025-08-25,31.9,17.5,24.9,0.0,19.8,41.8,21.73,Morondava,-20.283,44.283,0.0
2025-08-26,29.5,20.4,24.3,0.0,19.1,41.4,21.75,Morondava,-20.283,44.283,0.0
2025-08-27,28.4,17.1,22.5,0.0,20.7,43.9,21.99,Morondava,-20.283,44.283,0.0
2025-08-28,27.5,19.9,23.2,0.0,16.3,37.4,20.23,Morondava,-20.283,44.283,0.0
2025-08-29,28.2,19.7,23.6,0.0,15.3,34.9,21.04,Morondava,-20.283,44.283,0.0
2025-08-30,28.4,20.1,23.7,0.0,17.8,38.2,21.09,Morondava,-20.283,44.283,0.0
2025-08-31,27.8,18.3,23.0,0.0,20.8,41.8,21.51,Morondava,-20.283,44.283,0.0
2025-09-01,28.4,18.4,23.3,0.0,20.3,42.5,21.7,Morondava,-20.283,44.283,0.0
2025-09-02,31.3,17.8,23.7,0.0,21.7,44.3,22.66,Morondava,-20.283,44.283,0.0
2025-09-03,28.3,19.5,23.6,0.0,18.5,39.2,22.0,Morondava,-20.283,44.283,0.0
2025-09-04,28.1,21.0,23.9,0.0,19.9,42.1,21.36,Morondava,-20.283,44.283,0.0
2025-09-05,27.6,18.2,23.0,0.0,18.9,40.7,22.53,Morondava,-20.283,44.283,0.0
2025-09-06,29.6,19.8,24.3,0.0,21.2,43.6,22.41,Morondava,-20.283,44.283,0.0
2025-09-07,32.5,20.4,25.6,0.0,18.5,38.5,23.07,Morondava,-20.283,44.283,0.0
2025-09-08,30.9,18.4,24.9,0.0,20.0,40.0,22.74,Morondava,-20.283,44.283,0.0
2025-09-09,30.5,19.6,24.8,0.0,19.5,41.0,22.46,Morondava,-20.283,44.283,0.0
2025-09-10,31.3,21.2,25.0,0.0,21.5,43.9,22.98,Morondava,-20.283,44.283,0.0
2025-09-11,29.7,21.3,25.1,0.0,21.7,44.3,21.71,Morondava,-20.283,44.283,0.0
2025-09-12,29.0,19.9,24.3,0.0,19.9,41.0,21.55,Morondava,-20.283,44.283,0.0
2025-09-13,29.3,19.5,24.3,0.0,21.4,44.3,22.59,Morondava,-20.283,44.283,0.0
2025-09-14,29.1,21.5,24.9,0.1,19.1,37.4,20.54,Morondava,-20.283,44.283,0.0
2025-09-15,30.1,21.0,25.3,0.0,17.3,38.9,21.34,Morondava,-20.283,44.283,0.0
2025-09-16,30.0,20.9,25.3,0.0,16.3,40.3,22.42,Morondava,-20.283,44.283,0.0
2025-09-17,31.4,21.8,26.3,0.0,16.2,36.7,22.76,Morondava,-20.283,44.283,0.0
2025-09-18,32.6,21.4,26.6,0.0,22.0,43.9,23.66,Morondava,-20.283,44.283,0.0
2025-09-19,32.2,22.1,26.8,0.0,20.3,41.8,23.51,Morondava,-20.283,44.283,0.0
2025-09-20,32.6,21.4,26.7,0.0,22.3,46.4,22.31,Morondava,-20.283,44.283,0.0
2025-09-21,32.5,23.7,27.0,0.0,22.2,45.4,23.13,Morondava,-20.283,44.283,0.0
2025-09-22,32.1,22.9,26.7,0.0,21.0,43.6,22.97,Morondava,-20.283,44.283,0.0
2025-09-23,30.7,22.4,26.4,0.0,22.0,43.6,22.96,Morondava,-20.283,44.283,0.0
2025-09-24,29.6,21.3,25.7,0.0,20.8,45.4,24.0,Morondava,-20.283,44.283,0.0
2025-09-25,30.8,21.6,25.7,0.0,28.7,55.8,24.57,Morondava,-20.283,44.283,0.0
2025-09-26,32.1,20.9,25.6,0.0,31.2,57.6,24.38,Morondava,-20.283,44.283,0.0
2025-09-27,29.1,18.2,23.8,0.0,19.0,40.3,24.97,Morondava,-20.283,44.283,0.0
2025-09-28,29.2,21.6,25.0,0.0,18.6,41.4,22.25,Morondava,-20.283,44.283,0.0
2025-09-29,29.9,21.1,25.5,0.0,17.7,37.4,24.08,Morondava,-20.283,44.283,0.0
2025-09-30,31.2,21.1,25.8,0.0,24.2,47.2,23.34,Morondava,-20.283,44.283,0.0
2025-10-01,29.0,20.1,24.4,0.0,24.5,48.2,20.71,Morondava,-20.283,44.283,0.0
2025-10-02,28.1,19.5,23.4,0.0,21.4,44.6,23.63,Morondava,-20.283,44.283,0.0
2025-10-03,28.7,18.7,23.8,0.0,24.0,48.6,23.4,Morondava,-20.283,44.283,0.0
2025-10-04,31.0,20.0,25.4,0.0,22.7,47.2,23.92,Morondava,-20.283,44.283,0.0
2025-10-05,31.7,23.3,26.9,0.0,17.5,39.6,22.52,Morondava,-20.283,44.283,0.0
2025-10-06,30.4,22.4,26.1,0.9,16.8,39.2,22.16,Morondava,-20.283,44.283,0.0
2025-10-07,30.8,22.4,26.4,0.0,18.4,39.6,22.46,Morondava,-20.283,44.283,0.0
2025-10-08,31.2,20.8,26.3,0.0,17.3,39.6,23.55,Morondava,-20.283,44.283,0.0
2025-10-09,29.8,21.3,25.5,0.0,20.5,43.2,25.93,Morondava,-20.283,44.283,0.0
2025-10-10,30.4,21.5,25.4,0.0,21.2,45.4,24.94,Morondava,-20.283,44.283,0.0
2025-10-11,31.9,23.0,26.4,0.2,20.6,46.1,24.02,Morondava,-20.283,44.283,0.0
2025-10-12,31.8,21.3,26.3,0.0,19.8,42.1,25.52,Morondava,-20.283,44.283,0.0
2025-10-13,31.1,21.7,26.5,0.0,20.2,41.8,25.42,Morondava,-20.283,44.283,0.0
2025-10-14,30.7,22.4,26.3,0.0,18.9,41.8,25.25,Morondava,-20.283,44.283,0.0
2025-10-15,30.2,23.4,26.3,0.0,17.5,37.8,23.67,Morondava,-20.283,44.283,0.0
2025-10-16,30.3,22.5,26.3,0.0,18.8,41.4,25.18,Morondava,-20.283,44.283,0.0
2025-10-17,34.3,22.0,27.2,0.0,27.5,53.3,26.22,Morondava,-20.283,44.283,0.0
2025-10-18,33.1,23.8,27.9,0.0,20.1,42.8,24.72,Morondava,-20.283,44.283,0.0
2025-10-19,31.8,21.7,26.0,0.0,21.9,46.1,25.87,Morondava,-20.283,44.283,0.0
2025-10-20,29.2,20.3,24.7,0.0,26.9,53.3,27.38,Morondava,-20.283,44.283,0.0
2025-10-21,28.9,20.9,25.3,0.0,20.9,43.6,26.65,Morondava,-20.283,44.283,0.0
2025-10-22,31.6,21.5,26.2,0.0,27.2,53.6,26.19,Morondava,-20.283,44.283,0.0
2025-10-23,31.5,21.8,26.3,0.0,18.0,40.3,26.17,Morondava,-20.283,44.283,0.0
2025-10-24,32.4,23.5,27.4,0.0,19.8,42.8,24.85,Morondava,-20.283,44.283,0.0
2025-10-25,31.9,23.7,27.6,0.0,18.6,40.7,26.24,Morondava,-20.283,44.283,0.0
2025-10-26,32.6,24.4,28.2,0.0,18.7,41.0,25.93,Morondava,-20.283,44.283,0.0
2025-10-27,32.0,24.7,27.7,0.0,22.5,46.1,26.14,Morondava,-20.283,44.283,0.0
2025-10-28,30.9,24.4,27.3,0.0,21.5,45.7,25.97,Morondava,-20.283,44.283,0.0
2025-10-29,30.9,24.2,27.2,0.5,22.9,47.9,25.58,Morondava,-20.283,44.283,0.0
2025-10-30,30.8,24.2,27.1,0.0,19.5,42.8,25.9,Morondava,-20.283,44.283,0.0
2025-10-31,31.4,23.7,27.3,0.0,19.5,42.8,26.11,Morondava,-20.283,44.283,0.0
2025-11-01,32.1,23.9,27.8,0.1,21.2,47.5,26.17,Morondava,-20.283,44.283,0.0
2025-11-02,32.4,24.0,28.2,0.0,19.4,42.8,26.38,Morondava,-20.283,44.283,0.0
2025-11-03,31.9,22.7,27.5,2.0,24.1,47.5,26.03,Morondava,-20.283,44.283,0.0
2025-11-04,33.4,24.7,28.3,0.0,18.8,40.7,25.27,Morondava,-20.283,44.283,0.0
2025-11-05,32.0,24.8,27.9,0.0,20.1,41.4,26.98,Morondava,-20.283,44.283,0.0
2025-11-06,30.5,23.2,26.5,0.0,21.6,47.2,27.66,Morondava,-20.283,44.283,0.0
2025-11-07,31.0,22.0,26.5,0.0,19.1,41.0,28.39,Morondava,-20.283,44.283,0.0
2025-11-08,31.5,24.0,27.4,0.0,17.4,39.2,27.49,Morondava,-20.283,44.283,0.0
2025-11-09,32.5,22.9,27.4,0.0,20.8,44.6,26.52,Morondava,-20.283,44.283,0.0
2025-11-10,31.9,23.2,27.6,0.0,20.7,41.8,25.91,Morondava,-20.283,44.283,0.0
2025-11-11,32.1,22.4,27.2,0.0,20.1,41.4,27.4,Morondava,-20.283,44.283,0.0
2025-11-12,31.8,22.8,27.1,0.0,17.7,36.4,25.5,Morondava,-20.283,44.283,0.0
2025-11-13,30.7,24.1,27.4,1.0,18.6,41.4,26.1,Morondava,-20.283,44.283,0.0
2025-11-14,30.6,23.7,27.2,0.4,26.3,52.2,25.17,Morondava,-20.283,44.283,0.0
2025-11-15,30.3,21.6,26.0,0.0,23.3,46.8,28.97,Morondava,-20.283,44.283,0.0
2025-11-16,29.8,21.8,25.7,0.0,18.2,40.7,28.33,Morondava,-20.283,44.283,0.0
2025-11-17,31.4,18.8,25.7,0.0,25.3,50.8,29.6,Morondava,-20.283,44.283,0.0
2025-11-18,30.1,23.4,26.8,1.0,22.0,46.1,28.64,Morondava,-20.283,44.283,0.0
2025-11-19,30.2,23.7,26.7,2.6,21.7,46.1,22.78,Morondava,-20.283,44.283,0.0
2025-11-20,29.3,22.2,25.9,0.9,18.1,39.6,26.84,Morondava,-20.283,44.283,0.0
2025-11-21,30.1,22.3,26.3,0.1,26.3,51.8,26.07,Morondava,-20.283,44.283,0.0
2025-11-22,28.8,21.3,25.3,0.0,17.7,39.6,26.01,Morondava,-20.283,44.283,0.0
2025-11-23,29.9,19.8,24.9,0.0,19.7,41.4,29.4,Morondava,-20.283,44.283,0.0
2025-11-24,31.3,21.0,26.4,0.0,21.2,43.2,25.51,Morondava,-20.283,44.283,0.0
2025-11-25,32.5,22.0,27.0,0.0,21.3,43.2,25.84,Morondava,-20.283,44.283,0.0
2025-11-26,30.6,22.1,26.6,0.0,20.5,43.6,28.97,Morondava,-20.283,44.283,0.0
2025-11-27,31.0,23.6,27.0,0.0,20.4,41.8,28.88,Morondava,-20.283,44.283,0.0
2025-11-28,30.2,24.2,27.1,0.0,22.0,45.0,28.49,Morondava,-20.283,44.283,0.0
2025-11-29,30.5,23.1,26.9,0.0,22.4,46.8,29.25,Morondava,-20.283,44.283,0.0
2025-11-30,30.9,23.8,27.4,0.0,21.2,43.9,28.57,Morondava,-20.283,44.283,0.0
2025-12-01,31.4,23.3,27.5,0.0,23.0,48.2,29.01,Morondava,-20.283,44.283,0.0
2025-12-02,31.1,23.3,27.4,0.0,21.6,45.7,29.02,Morondava,-20.283,44.283,0.0
2025-12-03,31.3,23.5,27.5,0.0,20.9,44.3,29.3,Morondava,-20.283,44.283,0.0
2025-12-04,30.7,23.1,27.1,0.0,22.9,45.4,22.0,Morondava,-20.283,44.283,0.0
2025-12-05,31.9,25.0,27.7,4.1,20.9,43.9,19.61,Morondava,-20.283,44.283,0.0
2025-12-06,31.3,23.3,27.2,0.0,18.0,41.4,28.69,Morondava,-20.283,44.283,0.0
2025-12-07,31.2,23.7,27.3,0.0,21.3,44.6,26.93,Morondava,-20.283,44.283,0.0
2025-12-08,31.4,22.9,27.3,0.0,20.6,45.0,27.68,Morondava,-20.283,44.283,0.0
2025-12-09,31.4,24.0,27.5,0.1,22.6,48.2,28.51,Morondava,-20.283,44.283,0.0
2025-12-10,32.6,23.5,27.7,0.0,20.3,45.4,28.58,Morondava,-20.283,44.283,0.0
2025-12-11,31.9,23.1,27.8,0.0,22.9,47.5,28.7,Morondava,-20.283,44.283,0.0
2025-12-12,33.7,24.9,28.5,2.6,20.9,45.0,23.36,Morondava,-20.283,44.283,0.0
2025-12-13,32.3,23.9,27.7,8.8,13.3,35.3,19.64,Morondava,-20.283,44.283,0.0
2025-12-14,35.4,23.5,28.2,10.5,18.9,42.8,27.44,Morondava,-20.283,44.283,0.0
2025-12-15,35.5,24.9,29.5,0.7,17.8,44.3,26.56,Morondava,-20.283,44.283,0.0
2025-12-16,32.8,26.1,29.1,0.6,17.0,38.5,24.35,Morondava,-20.283,44.283,0.0
2025-12-17,34.6,25.0,29.0,12.4,13.1,33.8,18.11,Morondava,-20.283,44.283,0.0
2025-12-18,33.8,23.1,27.4,13.5,17.7,39.6,25.87,Morondava,-20.283,44.283,0.0
2025-12-19,31.6,23.2,27.2,20.5,15.3,37.1,26.16,Morondava,-20.283,44.283,0.0
2025-12-20,30.9,23.5,26.4,19.2,15.3,30.6,24.52,Morondava,-20.283,44.283,0.0
2025-12-21,31.1,23.0,26.7,2.3,15.4,34.2,28.67,Morondava,-20.283,44.283,0.0
2025-12-22,30.9,22.7,26.9,1.7,15.2,33.5,28.13,Morondava,-20.283,44.283,0.0
2025-12-23,31.0,23.8,26.5,11.3,18.3,37.1,24.2,Morondava,-20.283,44.283,0.0
2025-12-24,28.7,23.6,24.8,15.9,13.7,30.2,11.44,Morondava,-20.283,44.283,0.0
2025-12-25,29.5,23.6,26.0,24.7,20.0,37.1,15.39,Morondava,-20.283,44.283,0.0
2025-12-26,25.1,23.2,24.1,154.3,30.3,53.6,2.92,Morondava,-20.283,44.283,0.0
2025-12-27,28.9,24.4,26.2,52.8,24.9,42.1,18.97,Morondava,-20.283,44.283,0.0
2025-12-28,29.6,23.6,26.6,0.5,13.5,30.6,23.38,Morondava,-20.283,44.283,0.0
2025-12-29,30.1,23.8,26.7,0.6,23.4,45.7,28.12,Morondava,-20.283,44.283,0.0
2025-12-30,30.5,22.8,26.7,0.0,20.2,40.3,28.46,Morondava,-20.283,44.283,0.0
2025-12-31,30.0,22.0,26.1,0.1,17.3,34.9,29.46,Morondava,-20.283,44.283,0.0
2026-01-01,29.3,22.6,26.1,0.4,19.9,40.7,29.06,Morondava,-20.283,44.283,0.0
2026-01-02,29.9,22.7,26.6,0.2,14.5,31.0,26.97,Morondava,-20.283,44.283,0.0
2026-01-03,29.5,23.7,26.1,6.5,16.0,33.5,23.65,Morondava,-20.283,44.283,0.0
2026-01-04,29.5,23.0,25.9,12.1,16.5,37.4,25.95,Morondava,-20.283,44.283,0.0
2026-01-05,29.8,23.9,26.4,1.9,18.0,37.8,25.79,Morondava,-20.283,44.283,0.0
2026-01-06,29.5,23.4,26.6,8.9,20.1,39.2,23.35,Morondava,-20.283,44.283,0.0
2026-01-07,30.5,24.2,27.2,4.4,13.9,32.8,25.99,Morondava,-20.283,44.283,0.0
2026-01-08,31.3,24.4,27.4,4.7,17.1,34.9,27.1,Morondava,-20.283,44.283,0.0
2026-01-09,30.0,24.7,27.2,3.8,13.9,31.0,23.74,Morondava,-20.283,44.283,0.0
2026-01-10,31.0,23.6,28.0,6.1,14.9,29.5,27.42,Morondava,-20.283,44.283,0.0
2026-01-11,32.0,24.8,28.2,0.1,11.1,27.4,25.69,Morondava,-20.283,44.283,0.0
2026-01-12,30.4,24.3,27.2,10.9,12.1,28.1,23.46,Morondava,-20.283,44.283,0.0
2026-01-13,30.5,24.1,27.2,0.7,10.4,26.6,25.45,Morondava,-20.283,44.283,0.0
2026-01-14,30.9,23.3,26.9,3.3,13.6,34.9,27.57,Morondava,-20.283,44.283,0.0
2026-01-15,30.7,23.2,26.6,0.3,13.7,30.6,28.71,Morondava,-20.283,44.283,0.0
2026-01-16,30.4,23.3,27.0,0.6,14.7,33.1,29.06,Morondava,-20.283,44.283,0.0
2026-01-17,30.8,23.6,26.9,0.5,18.3,38.2,28.07,Morondava,-20.283,44.283,0.0
2026-01-18,29.9,23.3,26.5,1.5,14.2,30.2,23.37,Morondava,-20.283,44.283,0.0
2026-01-19,30.0,23.4,26.4,12.1,14.2,31.0,21.46,Morondava,-20.283,44.283,0.0
2026-01-20,29.6,23.9,26.6,4.6,17.6,38.5,21.43,Morondava,-20.283,44.283,0.0
2026-01-21,26.7,24.4,25.6,27.6,20.6,40.3,8.78,Morondava,-20.283,44.283,0.0
2026-01-22,29.9,24.2,26.9,0.4,16.0,33.5,26.54,Morondava,-20.283,44.283,0.0
2026-01-23,29.9,25.2,27.1,2.9,21.8,42.8,21.96,Morondava,-20.283,44.283,0.0
2026-01-24,30.4,25.6,27.7,0.7,17.6,33.8,24.34,Morondava,-20.283,44.283,0.0
2026-01-25,29.9,24.0,27.2,8.8,14.2,31.0,26.84,Morondava,-20.283,44.283,0.0
2026-01-26,29.8,23.8,26.8,10.9,12.3,27.7,24.03,Morondava,-20.283,44.283,0.0
2026-01-27,30.7,24.1,27.4,0.1,14.6,30.6,27.58,Morondava,-20.283,44.283,0.0
2026-01-28,31.7,24.0,27.6,4.4,14.8,30.2,28.8,Morondava,-20.283,44.283,0.0
2026-01-29,30.6,24.4,27.2,3.0,12.1,26.6,27.14,Morondava,-20.283,44.283,0.0
2026-01-30,30.6,23.3,26.5,8.8,14.1,31.3,25.68,Morondava,-20.283,44.283,0.0
2026-01-31,30.6,22.7,26.1,16.2,15.2,30.6,25.41,Morondava,-20.283,44.283,0.0
2026-02-01,29.7,23.2,25.7,4.1,17.5,38.5,24.12,Morondava,-20.283,44.283,0.0
2026-02-02,28.6,22.9,25.9,7.4,16.2,34.6,25.33,Morondava,-20.283,44.283,0.0
2026-02-03,30.1,23.1,26.6,0.4,16.0,33.5,26.54,Morondava,-20.283,44.283,0.0
2026-02-04,30.4,22.5,26.8,0.1,14.4,30.6,27.42,Morondava,-20.283,44.283,0.0
2026-02-05,30.8,23.9,27.5,0.0,12.9,28.4,27.14,Morondava,-20.283,44.283,0.0
2026-02-06,31.3,24.9,28.2,0.4,13.4,30.2,26.8,Morondava,-20.283,44.283,0.0
2026-02-07,30.7,24.6,27.7,3.6,15.4,32.0,25.59,Morondava,-20.283,44.283,0.0
2026-02-08,29.5,24.5,26.7,2.4,11.5,24.5,21.5,Morondava,-20.283,44.283,0.0
2026-02-09,30.9,23.7,27.7,0.5,14.5,29.5,26.18,Morondava,-20.283,44.283,0.0
2026-02-10,31.2,23.8,27.9,0.3,11.7,24.1,24.58,Morondava,-20.283,44.283,0.0
2026-02-11,33.2,24.8,27.7,19.9,20.5,37.1,18.05,Morondava,-20.283,44.283,0.0
2026-02-12,31.6,25.0,28.1,0.0,14.3,27.4,24.43,Morondava,-20.283,44.283,0.0
2026-02-13,31.1,24.3,27.7,4.9,12.8,28.1,24.68,Morondava,-20.283,44.283,0.0
2026-02-14,30.2,24.3,27.4,0.0,15.7,30.6,21.44,Morondava,-20.283,44.283,0.0
2026-02-15,30.1,22.2,26.6,8.3,23.7,42.5,27.38,Morondava,-20.283,44.283,0.0
2026-02-16,28.8,23.1,26.2,4.4,17.7,37.8,20.57,Morondava,-20.283,44.283,0.0
2026-02-17,30.2,23.9,27.1,1.3,17.2,36.0,26.97,Morondava,-20.283,44.283,0.0
2026-02-18,31.3,23.8,27.5,0.0,15.7,31.7,27.78,Morondava,-20.283,44.283,0.0
2026-02-19,31.9,24.8,28.3,0.0,18.3,38.9,27.06,Morondava,-20.283,44.283,0.0
2026-02-20,31.4,24.1,28.0,0.5,17.1,35.6,24.54,Morondava,-20.283,44.283,0.0
2026-02-21,31.2,24.0,27.4,4.0,24.0,43.9,24.63,Morondava,-20.283,44.283,0.0
2026-02-22,30.9,23.5,27.3,1.1,11.5,24.1,25.5,Morondava,-20.283,44.283,0.0
2026-02-23,31.8,24.2,27.8,0.2,14.4,31.7,25.53,Morondava,-20.283,44.283,0.0
2026-02-24,31.4,23.5,27.4,0.1,13.9,31.3,26.13,Morondava,-20.283,44.283,0.0
2026-02-25,32.0,24.0,28.3,0.0,14.6,34.2,26.42,Morondava,-20.283,44.283,0.0
2026-02-26,32.5,24.5,28.0,13.3,16.2,33.5,21.54,Morondava,-20.283,44.283,0.0
2026-02-27,29.9,24.1,26.6,5.7,9.7,25.9,17.9,Morondava,-20.283,44.283,0.0
2026-02-28,31.2,24.2,27.4,3.5,10.5,31.0,22.93,Morondava,-20.283,44.283,0.0
2026-03-01,31.5,24.1,27.7,1.4,8.4,20.2,21.24,Morondava,-20.283,44.283,0.0
2026-03-02,32.2,24.4,28.3,0.2,11.3,24.5,23.88,Morondava,-20.283,44.283,0.0
2026-03-03,32.8,23.6,28.2,0.1,20.0,37.4,25.95,Morondava,-20.283,44.283,0.0
2026-03-04,33.4,24.3,28.9,1.1,16.6,32.0,25.16,Morondava,-20.283,44.283,0.0
2026-03-05,33.2,23.3,28.0,2.1,14.1,30.6,25.67,Morondava,-20.283,44.283,0.0
2026-03-06,32.8,23.6,28.0,0.0,12.1,27.4,21.59,Morondava,-20.283,44.283,0.0
2026-03-07,34.5,24.1,28.6,0.0,13.5,29.9,21.55,Morondava,-20.283,44.283,0.0
2026-03-08,31.7,25.8,28.6,0.7,14.5,35.6,23.06,Morondava,-20.283,44.283,0.0
2026-03-09,33.9,24.1,28.5,15.8,15.3,43.2,22.78,Morondava,-20.283,44.283,0.0
2026-03-10,32.7,24.1,27.7,8.2,17.0,33.8,22.73,Morondava,-20.283,44.283,0.0
2026-03-11,31.0,24.4,27.4,7.4,12.7,24.5,19.67,Morondava,-20.283,44.283,0.0
2026-03-12,33.4,23.8,28.3,0.0,15.3,30.6,25.3,Morondava,-20.283,44.283,0.0
2026-03-13,31.1,23.1,27.4,0.0,12.6,31.7,24.82,Morondava,-20.283,44.283,0.0
2026-03-14,32.2,24.0,28.1,0.0,14.0,27.7,24.84,Morondava,-20.283,44.283,0.0
2026-03-15,32.2,24.4,28.4,0.0,12.9,30.6,22.85,Morondava,-20.283,44.283,0.0
2026-03-16,32.0,24.8,28.2,0.0,14.2,32.0,24.6,Morondava,-20.283,44.283,0.0
2026-03-17,32.8,24.3,28.8,0.0,15.1,33.8,23.68,Morondava,-20.283,44.283,0.0
2026-03-18,32.4,23.7,28.4,2.1,13.9,33.1,23.95,Morondava,-20.283,44.283,0.0
2026-03-19,31.9,24.8,28.4,2.2,9.9,24.5,17.65,Morondava,-20.283,44.283,0.0
2026-03-20,31.2,24.1,28.4,4.4,12.1,35.3,22.01,Morondava,-20.283,44.283,0.0
2026-03-21,33.2,24.8,28.6,0.0,12.0,29.9,24.28,Morondava,-20.283,44.283,0.0
2026-03-22,33.7,24.5,28.8,0.0,13.3,31.0,23.17,Morondava,-20.283,44.283,0.0
2026-03-23,33.3,24.2,29.0,0.0,14.5,33.1,23.9,Morondava,-20.283,44.283,0.0
2026-03-24,34.0,24.4,29.2,0.0,17.3,37.8,23.71,Morondava,-20.283,44.283,0.0
2026-03-25,34.1,24.3,29.3,1.9,16.9,37.4,22.26,Morondava,-20.283,44.283,0.0
2026-03-26,32.1,23.9,28.5,0.3,15.7,35.3,22.74,Morondava,-20.283,44.283,0.0
2026-03-27,32.4,23.9,28.3,9.8,17.3,35.6,21.39,Morondava,-20.283,44.283,0.0
2026-03-28,32.4,23.8,27.9,0.0,16.5,36.0,22.39,Morondava,-20.283,44.283,0.0
2026-03-29,31.6,23.9,27.5,2.4,16.9,32.8,21.42,Morondava,-20.283,44.283,0.0
2026-03-30,31.3,23.9,27.3,1.9,16.4,32.8,21.93,Morondava,-20.283,44.283,0.0
2026-03-31,31.3,22.8,26.8,1.2,15.9,34.9,22.63,Morondava,-20.283,44.283,0.0
2026-04-01,31.6,22.2,26.6,0.4,15.0,34.6,22.01,Morondava,-20.283,44.283,0.0
2026-04-02,32.0,22.7,27.5,0.1,14.7,31.7,22.25,Morondava,-20.283,44.283,0.0
2026-04-03,32.7,23.8,27.9,1.1,12.7,32.0,21.24,Morondava,-20.283,44.283,0.0
2026-04-04,31.4,22.4,26.3,1.5,14.5,33.1,21.57,Morondava,-20.283,44.283,0.0
2026-04-05,31.5,22.7,26.7,2.6,15.2,32.4,20.64,Morondava,-20.283,44.283,0.0
2026-04-06,31.0,24.4,27.0,2.2,13.8,32.0,17.1,Morondava,-20.283,44.283,0.0
2026-04-07,31.9,23.9,27.5,1.2,17.8,31.7,20.61,Morondava,-20.283,44.283,0.0
2026-04-08,33.4,22.6,28.2,0.0,19.0,38.2,21.39,Morondava,-20.283,44.283,0.0
2026-04-09,34.0,24.3,28.3,0.1,17.6,38.9,21.09,Morondava,-20.283,44.283,0.0
2026-04-10,34.1,23.9,28.3,0.3,17.4,38.2,22.23,Morondava,-20.283,44.283,0.0
2026-04-11,32.4,24.4,28.4,0.0,13.2,30.2,19.43,Morondava,-20.283,44.283,0.0
2026-04-12,32.3,24.1,28.2,0.7,15.1,36.0,20.64,Morondava,-20.283,44.283,0.0
2026-04-13,33.5,22.8,28.2,0.0,19.0,40.0,21.45,Morondava,-20.283,44.283,0.0
2026-04-14,33.6,22.9,28.1,0.0,18.4,38.2,20.94,Morondava,-20.283,44.283,0.0
2026-04-15,33.7,22.1,28.0,0.0,18.4,38.9,20.84,Morondava,-20.283,44.283,0.0
2026-04-16,33.1,23.0,27.8,0.0,18.2,40.3,20.83,Morondava,-20.283,44.283,0.0
2026-04-17,32.4,23.3,27.4,0.0,17.7,39.2,20.47,Morondava,-20.283,44.283,0.0
2026-04-18,32.7,22.6,27.3,0.0,16.5,35.6,20.86,Morondava,-20.283,44.283,0.0
2026-04-19,34.4,22.6,28.0,0.0,20.6,42.8,21.11,Morondava,-20.283,44.283,0.0
2026-04-20,34.8,23.5,28.9,0.0,18.2,40.3,20.77,Morondava,-20.283,44.283,0.0
2026-04-21,33.9,23.3,28.5,0.0,19.2,41.0,20.84,Morondava,-20.283,44.283,0.0
2026-04-22,34.7,23.3,28.5,0.0,17.3,38.9,21.09,Morondava,-20.283,44.283,0.0
2026-04-23,36.7,24.6,29.3,0.1,21.6,45.0,19.72,Morondava,-20.283,44.283,0.0
2026-04-24,35.1,25.5,29.0,0.0,21.8,45.0,19.84,Morondava,-20.283,44.283,0.0
2026-04-25,33.8,24.1,28.3,0.0,17.8,38.9,19.34,Morondava,-20.283,44.283,0.0
2026-04-26,32.4,23.1,27.7,0.0,18.6,35.6,18.79,Morondava,-20.283,44.283,0.0
2026-04-27,32.2,22.8,27.3,0.0,20.2,41.8,19.95,Morondava,-20.283,44.283,0.0
2026-04-28,31.4,21.9,26.8,0.0,16.6,35.3,19.74,Morondava,-20.283,44.283,0.0
2026-04-29,35.2,21.9,28.1,0.0,23.5,46.4,20.35,Morondava,-20.283,44.283,0.0
2026-04-30,34.8,24.5,28.8,0.0,20.9,43.6,20.02,Morondava,-20.283,44.283,0.0
2026-05-01,33.2,22.9,27.7,0.0,20.0,40.0,19.74,Morondava,-20.283,44.283,0.0
2026-05-02,32.1,22.5,27.0,0.0,20.6,40.0,19.75,Morondava,-20.283,44.283,0.0
2026-05-03,33.5,20.6,26.9,0.0,19.5,40.7,19.94,Morondava,-20.283,44.283,0.0
2026-05-04,31.7,21.0,26.3,0.0,17.5,37.4,19.65,Morondava,-20.283,44.283,0.0
2026-05-05,30.7,23.3,26.6,0.0,15.7,35.3,18.63,Morondava,-20.283,44.283,0.0
2026-05-06,32.2,23.4,26.8,0.0,19.1,40.7,18.96,Morondava,-20.283,44.283,0.0
2026-05-07,31.4,21.2,26.3,0.0,17.1,37.4,19.15,Morondava,-20.283,44.283,0.0
2026-05-08,31.3,21.4,26.4,0.0,17.8,36.7,17.93,Morondava,-20.283,44.283,0.0
2026-05-09,32.8,22.6,27.5,0.0,18.3,37.1,18.97,Morondava,-20.283,44.283,0.0
2026-05-10,33.6,23.0,27.3,0.0,20.1,41.4,18.79,Morondava,-20.283,44.283,0.0
2026-05-11,31.4,22.2,26.5,0.0,15.7,33.8,18.63,Morondava,-20.283,44.283,0.0
2026-05-12,32.2,20.6,26.9,0.0,20.2,41.8,18.82,Morondava,-20.283,44.283,0.0
2026-05-13,34.2,22.9,28.0,0.0,19.3,41.0,18.8,Morondava,-20.283,44.283,0.0
2026-05-14,34.4,22.6,28.0,0.0,18.9,39.6,18.71,Morondava,-20.283,44.283,0.0
2026-05-15,32.4,23.2,27.2,0.0,19.2,41.4,18.1,Morondava,-20.283,44.283,0.0
2026-05-16,30.6,20.9,25.7,0.0,18.4,39.2,17.25,Morondava,-20.283,44.283,0.0
2026-05-17,30.5,20.3,25.5,0.0,16.6,37.8,17.76,Morondava,-20.283,44.283,0.0
2026-05-18,30.8,20.9,25.8,0.0,17.0,37.4,17.52,Morondava,-20.283,44.283,0.0
2026-05-19,32.2,22.3,26.5,0.0,18.1,39.2,17.13,Morondava,-20.283,44.283,0.0
2026-05-20,29.9,21.2,25.7,0.0,20.9,43.6,17.84,Morondava,-20.283,44.283,0.0
2026-05-21,31.6,20.3,25.7,0.0,20.1,39.6,17.0,Morondava,-20.283,44.283,0.0
2026-05-22,33.8,22.5,26.9,0.0,19.7,40.3,17.65,Morondava,-20.283,44.283,0.0
2026-05-23,31.8,21.4,26.0,0.0,17.8,37.4,17.87,Morondava,-20.283,44.283,0.0
2026-05-24,29.9,20.4,25.5,0.0,19.8,39.6,17.24,Morondava,-20.283,44.283,0.0
2026-05-25,29.3,21.2,25.1,0.0,19.1,41.0,17.28,Morondava,-20.283,44.283,0.0
2026-05-26,28.9,19.2,24.2,0.0,17.0,37.1,17.12,Morondava,-20.283,44.283,0.0
2026-05-27,29.2,20.1,25.0,0.0,15.0,33.1,15.36,Morondava,-20.283,44.283,0.0
2026-05-28,30.7,21.2,25.7,0.0,15.8,36.4,16.03,Morondava,-20.283,44.283,0.0
2026-05-29,30.3,21.5,25.8,0.0,18.3,36.7,15.87,Morondava,-20.283,44.283,0.0
2026-05-30,29.5,21.1,25.5,0.0,14.6,32.4,16.14,Morondava,-20.283,44.283,0.0
2026-05-31,31.7,20.8,26.0,0.0,19.9,41.0,16.86,Morondava,-20.283,44.283,0.0
2026-06-01,30.0,20.6,25.4,0.0,17.6,36.7,16.97,Morondava,-20.283,44.283,0.0
2026-06-02,29.1,19.8,24.7,0.0,17.5,38.2,16.58,Morondava,-20.283,44.283,0.0
2026-06-03,29.9,19.6,24.3,0.0,19.9,41.4,16.29,Morondava,-20.283,44.283,0.0
2026-06-04,29.7,18.8,24.1,0.0,19.0,39.2,16.85,Morondava,-20.283,44.283,0.0
2026-06-05,28.5,17.8,23.6,0.0,17.2,34.9,16.9,Morondava,-20.283,44.283,0.0
2026-06-06,28.4,19.6,24.1,0.0,16.4,37.4,16.43,Morondava,-20.283,44.283,0.0
2026-06-07,28.9,19.6,24.3,0.0,20.9,42.5,14.19,Morondava,-20.283,44.283,0.0
2026-06-08,26.5,19.0,21.3,5.1,17.8,39.6,12.79,Morondava,-20.283,44.283,0.0
2026-06-09,25.6,16.4,21.1,3.6,14.4,32.8,15.75,Morondava,-20.283,44.283,0.0
2026-06-10,28.2,17.6,22.6,0.0,20.5,40.7,16.35,Morondava,-20.283,44.283,0.0
2026-06-11,27.7,17.2,22.4,0.0,20.9,41.8,16.61,Morondava,-20.283,44.283,0.0
2026-06-12,27.8,16.4,22.1,0.0,18.6,39.2,16.86,Morondava,-20.283,44.283,0.0
2026-06-13,28.6,15.8,22.2,0.0,16.1,34.9,17.17,Morondava,-20.283,44.283,0.0
2026-06-14,31.7,17.0,23.8,0.0,19.3,39.6,16.95,Morondava,-20.283,44.283,0.0
2026-06-15,31.8,20.1,25.2,0.0,18.8,37.4,16.66,Morondava,-20.283,44.283,0.0
2026-06-16,32.2,21.3,25.4,0.0,18.0,37.4,16.8,Morondava,-20.283,44.283,0.0
2026-06-17,32.6,20.7,25.1,0.0,20.0,40.0,16.92,Morondava,-20.283,44.283,0.0
2026-06-18,30.1,19.4,23.6,0.0,19.1,40.3,16.94,Morondava,-20.283,44.283,0.0
2026-06-19,30.8,17.8,23.9,0.0,24.4,45.4,17.05,Morondava,-20.283,44.283,0.0
2026-06-20,30.2,19.4,24.3,0.0,21.8,44.6,15.58,Morondava,-20.283,44.283,0.0
2026-06-21,30.8,19.6,24.1,0.0,20.5,39.6,16.86,Morondava,-20.283,44.283,0.0
2026-06-22,30.0,17.9,23.3,0.0,17.0,36.4,16.87,Morondava,-20.283,44.283,0.0
2026-06-23,28.4,17.8,22.8,0.0,17.8,36.0,16.87,Morondava,-20.283,44.283,0.0
2026-06-24,29.2,17.5,23.3,0.0,19.2,39.2,16.71,Morondava,-20.283,44.283,0.0
2026-06-25,30.7,18.7,24.1,0.0,19.8,41.0,16.69,Morondava,-20.283,44.283,0.0
2026-06-26,31.2,19.5,24.6,0.0,19.8,41.0,16.55,Morondava,-20.283,44.283,0.0
2026-06-27,32.4,21.4,25.7,0.0,20.3,40.7,15.48,Morondava,-20.283,44.283,0.0
2026-06-28,30.3,20.9,24.8,0.0,19.2,39.6,15.65,Morondava,-20.283,44.283,0.0
2026-06-29,31.1,20.9,24.9,0.0,18.7,38.9,15.22,Morondava,-20.283,44.283,0.0
2026-06-30,31.6,21.0,25.3,0.0,20.7,43.9,16.64,Morondava,-20.283,44.283,0.0
2026-07-01,30.4,20.1,24.5,0.0,20.4,40.7,16.46,Morondava,-20.283,44.283,0.0
2026-07-02,29.7,18.6,24.0,0.0,18.8,38.9,16.84,Morondava,-20.283,44.283,0.0
2026-07-03,28.6,18.1,23.4,0.0,19.6,39.6,16.87,Morondava,-20.283,44.283,0.0
2026-07-04,27.8,17.1,22.8,0.0,18.7,39.2,16.87,Morondava,-20.283,44.283,0.0
2026-07-05,31.3,18.5,25.0,0.0,21.3,41.4,16.75,Morondava,-20.283,44.283,0.0
2026-07-06,33.5,22.2,26.7,0.0,22.5,45.0,16.11,Morondava,-20.283,44.283,0.0
2026-07-07,33.0,21.6,26.1,0.0,19.8,37.1,16.95,Morondava,-20.283,44.283,0.0
2026-07-08,30.1,19.2,24.1,0.0,21.8,43.6,17.14,Morondava,-20.283,44.283,0.0
2026-07-09,27.1,17.6,22.8,0.0,16.3,33.8,17.06,Morondava,-20.283,44.283,0.0
2026-07-10,28.8,17.3,22.9,0.0,18.8,41.0,14.82,Morondava,-20.283,44.283,0.0
2026-07-11,28.1,17.9,23.1,0.0,19.3,38.5,16.81,Morondava,-20.283,44.283,0.0
2026-07-12,28.0,18.1,23.0,0.0,23.0,46.1,17.07,Morondava,-20.283,44.283,0.0
2026-07-13,27.4,17.3,22.6,0.0,22.8,45.0,17.19,Morondava,-20.283,44.283,0.0
2026-07-14,27.7,17.1,22.5,0.0,20.4,40.0,17.09,Morondava,-20.283,44.283,0.0
2026-07-15,27.6,18.1,22.7,0.0,19.6,41.0,17.23,Morondava,-20.283,44.283,0.0
2026-07-16,25.8,18.0,22.1,1.2,14.2,32.4,15.16,Morondava,-20.283,44.283,0.0
2026-07-17,29.1,17.5,22.9,0.0,21.2,43.6,17.42,Morondava,-20.283,44.283,0.0
2026-07-18,27.2,17.2,22.4,0.0,16.4,33.8,15.09,Morondava,-20.283,44.283,0.0
2026-07-19,26.7,15.9,21.8,0.0,14.4,33.5,17.59,Morondava,-20.283,44.283,0.0
2026-07-20,27.6,17.0,22.2,0.0,15.0,34.2,17.41,Morondava,-20.283,44.283,0.0
2026-07-21,28.2,17.5,22.6,0.0,16.9,35.6,17.38,Morondava,-20.283,44.283,0.0
2026-07-22,28.8,16.9,22.9,0.0,19.5,41.0,18.01,Morondava,-20.283,44.283,0.0
2026-07-23,29.9,18.6,23.5,0.0,17.7,37.4,18.03,Morondava,-20.283,44.283,0.0
2026-07-24,28.1,18.3,23.0,0.0,21.0,42.1,18.02,Morondava,-20.283,44.283,0.0
2026-07-25,27.3,16.8,22.0,0.0,30.9,59.0,14.99,Morondava,-20.283,44.283,0.0
2026-07-26,28.9,16.9,22.3,0.0,25.4,47.5,18.37,Morondava,-20.283,44.283,0.0
2026-07-27,28.4,16.6,22.4,0.0,18.0,38.9,18.36,Morondava,-20.283,44.283,0.0
2026-07-28,28.8,17.2,23.0,0.0,20.2,40.7,18.1,Morondava,-20.283,44.283,0.0
2026-07-29,28.6,19.3,23.4,0.0,21.2,44.3,17.12,Morondava,-20.283,44.283,0.0
2026-07-30,27.4,17.9,22.8,0.0,22.1,44.3,17.82,Morondava,-20.283,44.283,0.0
2026-07-31,27.5,18.9,22.8,0.0,23.8,47.5,17.51,Morondava,-20.283,44.283,0.0
2026-08-01,26.2,18.3,22.2,0.6,20.9,41.8,17.73,Morondava,-20.283,44.283,0.0
2026-08-02,27.4,16.5,22.0,0.0,22.7,45.4,19.08,Morondava,-20.283,44.283,0.0
2026-08-03,28.1,17.1,22.5,0.0,21.3,43.9,18.82,Morondava,-20.283,44.283,0.0
2026-08-04,29.7,19.4,23.7,0.0,22.3,43.6,17.01,Morondava,-20.283,44.283,0.0
2026-08-05,30.6,21.5,25.0,0.0,19.7,41.4,18.47,Morondava,-20.283,44.283,0.0
2026-08-06,28.9,21.7,24.8,0.0,17.4,36.0,16.42,Morondava,-20.283,44.283,0.0
2026-08-07,28.7,21.2,24.7,0.0,14.8,34.2,16.02,Morondava,-20.283,44.283,0.0
2026-08-08,29.5,22.6,25.4,0.0,16.4,36.7,17.42,Morondava,-20.283,44.283,0.0
2026-08-09,29.2,22.3,25.0,0.0,15.3,34.9,17.59,Morondava,-20.283,44.283,0.0
2026-08-10,29.1,21.5,24.8,0.0,16.2,35.3,17.93,Morondava,-20.283,44.283,0.0
2026-08-11,30.7,21.6,25.2,0.0,18.1,37.4,18.69,Morondava,-20.283,44.283,0.0
2026-08-12,29.5,21.1,25.2,0.0,16.7,34.6,17.4,Morondava,-20.283,44.283,0.0
2026-08-13,30.8,21.2,24.9,0.0,26.7,51.8,18.74,Morondava,-20.283,44.283,0.0
2026-08-14,25.9,18.8,22.2,0.0,17.5,38.5,19.96,Morondava,-20.283,44.283,0.0
2026-08-15,26.7,17.5,22.1,0.0,17.9,39.2,19.98,Morondava,-20.283,44.283,0.0
2026-08-16,27.5,18.1,22.7,0.0,22.9,47.5,20.08,Morondava,-20.283,44.283,0.0
2026-08-17,27.5,18.4,22.8,0.0,19.4,38.5,20.09,Morondava,-20.283,44.283,0.0
2026-08-18,28.4,18.4,23.7,0.0,17.8,40.0,19.04,Morondava,-20.283,44.283,0.0
2026-08-19,31.0,19.2,24.6,0.1,20.5,42.5,19.93,Morondava,-20.283,44.283,0.0
2026-08-20,31.0,20.2,24.9,0.0,19.9,41.8,20.01,Morondava,-20.283,44.283,0.0
2026-08-21,29.9,19.9,25.1,0.0,19.3,40.0,20.74,Morondava,-20.283,44.283,0.0
2026-08-22,30.8,19.6,24.9,0.0,18.2,37.1,21.02,Morondava,-20.283,44.283,0.0
2026-08-23,27.9,19.8,23.9,0.0,18.8,36.4,20.63,Morondava,-20.283,44.283,0.0
2026-08-24,29.2,17.4,23.6,0.0,21.4,43.6,21.01,Morondava,-20.283,44.283,0.0
2026-08-25,29.0,18.8,23.8,0.0,17.0,35.6,21.38,Morondava,-20.283,44.283,0.0
2026-08-26,27.7,18.6,23.2,0.0,23.0,46.8,21.51,Morondava,-20.283,44.283,0.0
2026-08-27,29.6,17.9,23.8,0.0,20.9,42.5,21.54,Morondava,-20.283,44.283,0.0
2026-08-28,32.9,21.8,26.3,0.0,24.1,47.9,20.55,Morondava,-20.283,44.283,0.0
2026-08-29,32.7,21.2,25.7,0.0,20.3,41.8,21.18,Morondava,-20.283,44.283,0.0
2026-08-30,30.6,21.2,25.1,0.0,23.3,48.2,21.83,Morondava,-20.283,44.283,0.0
2026-08-31,28.8,19.4,24.0,0.0,22.1,44.6,21.86,Morondava,-20.283,44.283,0.0
2026-09-01,29.8,18.7,24.2,0.0,22.6,46.1,22.03,Morondava,-20.283,44.283,0.0
2026-09-02,29.5,19.6,24.1,0.0,20.8,43.9,22.13,Morondava,-20.283,44.283,0.0
2026-09-03,29.4,19.9,24.3,0.0,22.0,45.0,21.78,Morondava,-20.283,44.283,0.0
2026-09-04,29.4,20.4,25.1,0.0,18.9,40.0,19.35,Morondava,-20.283,44.283,0.0
2026-09-05,30.4,21.5,25.8,0.0,20.2,41.8,19.93,Morondava,-20.283,44.283,0.0
2026-09-06,29.1,20.4,25.2,0.0,17.0,36.4,20.83,Morondava,-20.283,44.283,0.0
2026-09-07,29.9,20.9,25.3,0.0,24.0,45.0,20.93,Morondava,-20.283,44.283,0.0
2026-09-08,33.7,23.0,27.1,0.2,20.3,41.8,20.49,Morondava,-20.283,44.283,0.0
2026-09-09,31.9,22.3,26.1,0.6,23.2,41.4,16.88,Morondava,-20.283,44.283,0.0
2026-09-10,28.8,22.3,24.9,0.0,15.6,34.2,9.36,Morondava,-20.283,44.283,0.0
2026-09-11,29.8,19.7,25.2,0.0,19.5,40.7,22.27,Morondava,-20.283,44.283,0.0
2026-09-12,30.9,20.1,25.2,0.0,24.2,47.5,22.34,Morondava,-20.283,44.283,0.0
2026-09-13,30.6,18.8,24.6,0.0,18.7,40.3,23.69,Morondava,-20.283,44.283,0.0
2026-09-14,32.2,19.6,25.1,0.0,22.1,45.7,23.61,Morondava,-20.283,44.283,0.0
2026-09-15,33.0,21.8,26.3,0.0,24.4,49.7,23.8,Morondava,-20.283,44.283,0.0
2026-09-16,33.0,22.5,26.6,0.0,24.4,49.3,22.53,Morondava,-20.283,44.283,0.0
2026-09-17,31.3,22.3,25.9,0.0,24.9,50.8,24.17,Morondava,-20.283,44.283,0.0
2026-09-18,29.2,20.2,24.6,0.0,22.5,45.7,23.07,Morondava,-20.283,44.283,0.0
2026-09-19,29.3,20.2,24.7,0.0,22.0,43.9,23.95,Morondava,-20.283,44.283,0.0
2026-09-20,28.9,19.4,24.7,0.0,21.1,43.9,24.08,Morondava,-20.283,44.283,0.0
2026-09-21,29.3,21.4,25.6,0.0,18.8,38.5,22.83,Morondava,-20.283,44.283,0.0
