date,tmax,tmin,tmoy,pluie,vent,raf,ray,ville,lat,lon,alt
2012-01-01,25.3,22.8,23.9,1.3,22.0,43.9,20.75,Taolagnaro,-25.032,46.99,20.0
2012-01-02,26.6,22.2,24.0,1.6,22.2,42.5,19.05,Taolagnaro,-25.032,46.99,20.0
2012-01-03,26.6,22.4,24.4,6.6,23.7,50.4,24.46,Taolagnaro,-25.032,46.99,20.0
2012-01-04,27.8,22.8,25.3,0.0,20.9,41.4,25.15,Taolagnaro,-25.032,46.99,20.0
2012-01-05,28.8,23.5,25.9,0.5,22.3,43.9,27.59,Taolagnaro,-25.032,46.99,20.0
2012-01-06,28.2,23.6,25.6,0.0,24.1,48.2,27.49,Taolagnaro,-25.032,46.99,20.0
2012-01-07,27.8,23.2,25.1,0.4,22.7,45.0,26.05,Taolagnaro,-25.032,46.99,20.0
2012-01-08,27.1,22.1,24.7,1.7,22.8,47.2,24.23,Taolagnaro,-25.032,46.99,20.0
2012-01-09,24.3,21.6,22.9,9.5,25.6,50.8,8.63,Taolagnaro,-25.032,46.99,20.0
2012-01-10,25.0,21.8,23.0,15.9,26.0,51.8,9.12,Taolagnaro,-25.032,46.99,20.0
2012-01-11,26.3,22.7,24.3,0.3,16.3,34.9,24.56,Taolagnaro,-25.032,46.99,20.0
2012-01-12,26.3,21.8,24.0,1.8,17.4,41.4,25.29,Taolagnaro,-25.032,46.99,20.0
2012-01-13,25.3,21.9,23.6,32.3,21.3,46.1,17.39,Taolagnaro,-25.032,46.99,20.0
2012-01-14,26.5,23.0,24.6,6.8,23.4,47.2,10.4,Taolagnaro,-25.032,46.99,20.0
2012-01-15,26.8,23.2,24.5,1.4,23.1,47.5,20.76,Taolagnaro,-25.032,46.99,20.0
2012-01-16,26.8,23.0,24.7,0.0,26.1,52.2,23.34,Taolagnaro,-25.032,46.99,20.0
2012-01-17,26.6,22.1,24.1,0.0,24.0,48.6,24.57,Taolagnaro,-25.032,46.99,20.0
2012-01-18,26.5,22.2,24.1,0.0,26.6,51.1,26.94,Taolagnaro,-25.032,46.99,20.0
2012-01-19,26.3,22.3,24.2,0.0,27.8,54.0,27.19,Taolagnaro,-25.032,46.99,20.0
2012-01-20,25.9,21.4,23.5,0.0,26.6,54.4,25.87,Taolagnaro,-25.032,46.99,20.0
2012-01-21,26.9,21.9,24.3,0.0,23.0,50.0,24.96,Taolagnaro,-25.032,46.99,20.0
2012-01-22,27.8,22.5,25.0,0.2,21.1,41.0,27.3,Taolagnaro,-25.032,46.99,20.0
2012-01-23,27.9,23.2,25.3,0.5,23.0,46.1,26.52,Taolagnaro,-25.032,46.99,20.0
2012-01-24,25.5,22.7,24.1,4.6,26.3,47.9,14.04,Taolagnaro,-25.032,46.99,20.0
2012-01-25,28.0,23.5,25.3,2.4,21.3,47.2,21.99,Taolagnaro,-25.032,46.99,20.0
2012-01-26,30.1,24.0,26.5,1.1,19.1,43.6,26.59,Taolagnaro,-25.032,46.99,20.0
2012-01-27,30.0,24.3,26.7,1.3,21.8,39.6,25.81,Taolagnaro,-25.032,46.99,20.0
2012-01-28,29.8,24.6,26.7,4.1,16.9,40.7,24.25,Taolagnaro,-25.032,46.99,20.0
2012-01-29,27.4,22.9,25.1,4.4,9.5,24.5,12.7,Taolagnaro,-25.032,46.99,20.0
2012-01-30,26.6,22.2,24.6,0.3,14.8,29.5,14.45,Taolagnaro,-25.032,46.99,20.0
2012-01-31,29.6,23.9,26.1,4.1,12.5,27.7,20.93,Taolagnaro,-25.032,46.99,20.0
2012-02-01,28.9,24.1,26.0,9.3,8.7,24.1,19.52,Taolagnaro,-25.032,46.99,20.0
2012-02-02,30.1,23.6,26.5,2.5,13.2,28.1,25.53,Taolagnaro,-25.032,46.99,20.0
2012-02-03,29.0,23.8,26.0,0.0,17.7,38.2,29.42,Taolagnaro,-25.032,46.99,20.0
2012-02-04,29.1,23.0,25.5,0.0,20.7,41.0,26.26,Taolagnaro,-25.032,46.99,20.0
2012-02-05,27.0,23.4,25.0,0.0,19.7,38.9,22.46,Taolagnaro,-25.032,46.99,20.0
2012-02-06,29.2,23.5,26.0,0.1,13.8,28.4,26.09,Taolagnaro,-25.032,46.99,20.0
2012-02-07,28.9,23.2,25.4,0.1,17.8,36.7,24.38,Taolagnaro,-25.032,46.99,20.0
2012-02-08,27.1,23.1,24.8,2.3,17.5,36.0,24.31,Taolagnaro,-25.032,46.99,20.0
2012-02-09,28.6,22.7,25.4,0.6,17.9,33.5,25.38,Taolagnaro,-25.032,46.99,20.0
2012-02-10,29.4,23.3,26.2,0.0,19.6,37.8,25.36,Taolagnaro,-25.032,46.99,20.0
2012-02-11,30.1,23.9,26.8,0.0,18.2,37.4,28.52,Taolagnaro,-25.032,46.99,20.0
2012-02-12,30.5,24.3,27.1,0.0,14.0,29.9,25.81,Taolagnaro,-25.032,46.99,20.0
2012-02-13,29.8,24.3,26.6,0.0,22.0,46.8,27.24,Taolagnaro,-25.032,46.99,20.0
2012-02-14,27.0,24.8,25.7,1.5,26.9,56.5,16.9,Taolagnaro,-25.032,46.99,20.0
2012-02-15,29.7,24.3,26.7,0.3,27.0,56.2,25.14,Taolagnaro,-25.032,46.99,20.0
2012-02-16,31.0,24.8,27.3,1.3,20.6,43.9,22.06,Taolagnaro,-25.032,46.99,20.0
2012-02-17,31.1,25.3,27.6,2.0,16.6,37.4,23.49,Taolagnaro,-25.032,46.99,20.0
2012-02-18,32.4,25.4,28.8,0.0,31.9,69.1,23.9,Taolagnaro,-25.032,46.99,20.0
2012-02-19,27.7,23.0,24.7,15.9,36.5,80.3,5.39,Taolagnaro,-25.032,46.99,20.0
2012-02-20,25.5,22.4,23.8,8.2,21.1,41.8,19.63,Taolagnaro,-25.032,46.99,20.0
2012-02-21,25.9,22.3,23.8,5.3,20.3,41.0,20.65,Taolagnaro,-25.032,46.99,20.0
2012-02-22,27.1,22.5,24.6,0.4,19.1,40.7,22.73,Taolagnaro,-25.032,46.99,20.0
2012-02-23,28.4,23.3,25.6,0.2,19.0,36.0,24.21,Taolagnaro,-25.032,46.99,20.0
2012-02-24,29.3,23.1,25.8,2.8,15.4,29.5,23.18,Taolagnaro,-25.032,46.99,20.0
2012-02-25,27.6,23.2,25.2,0.3,23.1,44.6,23.49,Taolagnaro,-25.032,46.99,20.0
2012-02-26,27.7,22.8,24.9,0.5,23.1,48.2,22.36,Taolagnaro,-25.032,46.99,20.0
2012-02-27,28.2,23.8,25.3,1.0,25.3,50.0,22.91,Taolagnaro,-25.032,46.99,20.0
2012-02-28,26.5,23.4,24.9,5.6,29.2,67.7,21.72,Taolagnaro,-25.032,46.99,20.0
2012-02-29,25.1,22.9,23.7,6.1,30.8,71.3,13.65,Taolagnaro,-25.032,46.99,20.0
2012-03-01,24.3,22.8,23.6,25.2,33.6,79.2,7.59,Taolagnaro,-25.032,46.99,20.0
2012-03-02,24.9,23.8,24.3,23.3,35.1,87.5,6.16,Taolagnaro,-25.032,46.99,20.0
2012-03-03,24.9,23.4,24.1,11.2,24.3,56.9,4.55,Taolagnaro,-25.032,46.99,20.0
2012-03-04,27.6,23.2,24.9,0.0,25.2,52.2,25.22,Taolagnaro,-25.032,46.99,20.0
2012-03-05,27.6,22.6,24.6,0.0,23.1,45.0,24.97,Taolagnaro,-25.032,46.99,20.0
2012-03-06,28.1,21.5,24.5,0.0,18.0,37.4,26.41,Taolagnaro,-25.032,46.99,20.0
2012-03-07,28.9,21.1,24.9,0.0,18.9,36.7,26.38,Taolagnaro,-25.032,46.99,20.0
2012-03-08,28.0,22.1,24.8,0.0,17.7,36.4,25.27,Taolagnaro,-25.032,46.99,20.0
2012-03-09,28.7,21.3,25.0,0.0,14.9,31.3,26.65,Taolagnaro,-25.032,46.99,20.0
2012-03-10,28.7,23.3,25.7,0.0,17.9,35.3,21.22,Taolagnaro,-25.032,46.99,20.0
2012-03-11,29.5,23.9,26.1,1.1,18.1,36.0,22.1,Taolagnaro,-25.032,46.99,20.0
2012-03-12,29.4,24.1,26.1,1.9,20.3,42.1,23.7,Taolagnaro,-25.032,46.99,20.0
2012-03-13,29.5,23.9,26.1,1.6,14.5,28.8,22.23,Taolagnaro,-25.032,46.99,20.0
2012-03-14,27.3,22.9,24.7,3.1,11.8,24.8,17.87,Taolagnaro,-25.032,46.99,20.0
2012-03-15,28.7,22.7,24.9,1.6,21.6,43.2,22.29,Taolagnaro,-25.032,46.99,20.0
2012-03-16,27.9,22.9,24.9,2.0,21.3,42.5,21.97,Taolagnaro,-25.032,46.99,20.0
2012-03-17,29.4,23.1,25.5,1.3,18.6,37.4,22.05,Taolagnaro,-25.032,46.99,20.0
2012-03-18,28.8,23.2,25.3,9.3,13.8,31.0,19.35,Taolagnaro,-25.032,46.99,20.0
2012-03-19,27.1,22.3,24.5,3.2,11.0,25.6,17.18,Taolagnaro,-25.032,46.99,20.0
2012-03-20,26.5,22.3,24.3,2.3,13.3,29.5,18.44,Taolagnaro,-25.032,46.99,20.0
2012-03-21,26.7,22.3,24.1,0.6,19.2,38.9,20.12,Taolagnaro,-25.032,46.99,20.0
2012-03-22,27.6,22.3,24.7,0.2,18.6,41.0,19.8,Taolagnaro,-25.032,46.99,20.0
2012-03-23,25.3,22.5,23.7,3.6,18.9,40.7,12.48,Taolagnaro,-25.032,46.99,20.0
2012-03-24,26.1,22.0,23.7,4.6,20.0,41.4,17.79,Taolagnaro,-25.032,46.99,20.0
2012-03-25,25.1,22.4,23.5,1.6,22.9,46.8,15.57,Taolagnaro,-25.032,46.99,20.0
2012-03-26,26.7,22.3,24.0,0.9,20.3,41.0,17.92,Taolagnaro,-25.032,46.99,20.0
2012-03-27,26.6,22.5,24.2,0.4,21.2,43.2,20.05,Taolagnaro,-25.032,46.99,20.0
2012-03-28,25.3,22.0,23.7,1.7,20.5,45.7,16.03,Taolagnaro,-25.032,46.99,20.0
2012-03-29,25.1,22.0,23.5,7.1,22.5,52.2,9.82,Taolagnaro,-25.032,46.99,20.0
2012-03-30,28.6,22.8,25.0,6.7,17.2,32.8,16.95,Taolagnaro,-25.032,46.99,20.0
2012-03-31,28.1,23.4,25.5,0.1,18.1,37.8,19.77,Taolagnaro,-25.032,46.99,20.0
2012-04-01,29.0,23.7,25.7,9.2,15.3,31.3,19.01,Taolagnaro,-25.032,46.99,20.0
2012-04-02,28.0,22.2,24.4,9.3,11.8,26.3,16.71,Taolagnaro,-25.032,46.99,20.0
2012-04-03,25.1,21.1,22.6,40.7,27.4,42.5,11.14,Taolagnaro,-25.032,46.99,20.0
2012-04-04,23.3,21.1,22.5,9.0,19.7,37.4,7.72,Taolagnaro,-25.032,46.99,20.0
2012-04-05,25.5,21.5,23.2,4.0,14.8,32.0,14.29,Taolagnaro,-25.032,46.99,20.0
2012-04-06,24.9,21.7,23.2,4.8,20.7,41.0,12.4,Taolagnaro,-25.032,46.99,20.0
2012-04-07,25.1,21.9,23.4,4.4,20.8,49.0,11.49,Taolagnaro,-25.032,46.99,20.0
2012-04-08,25.8,22.1,23.7,0.6,21.2,42.1,16.82,Taolagnaro,-25.032,46.99,20.0
2012-04-09,27.5,22.6,24.6,2.8,17.4,37.8,19.4,Taolagnaro,-25.032,46.99,20.0
2012-04-10,29.1,22.3,25.2,0.3,13.0,27.4,19.83,Taolagnaro,-25.032,46.99,20.0
2012-04-11,27.2,21.9,24.1,1.3,10.2,23.8,18.33,Taolagnaro,-25.032,46.99,20.0
2012-04-12,24.8,21.0,22.7,22.2,10.7,24.8,6.58,Taolagnaro,-25.032,46.99,20.0
2012-04-13,22.6,21.4,21.9,34.4,18.7,33.5,4.9,Taolagnaro,-25.032,46.99,20.0
2012-04-14,25.1,21.4,23.5,4.2,16.7,36.0,11.28,Taolagnaro,-25.032,46.99,20.0
2012-04-15,27.5,23.0,24.7,1.8,17.0,36.0,14.59,Taolagnaro,-25.032,46.99,20.0
2012-04-16,27.6,23.2,24.8,0.6,19.3,37.8,16.82,Taolagnaro,-25.032,46.99,20.0
2012-04-17,26.9,22.6,24.5,0.0,21.1,42.1,16.87,Taolagnaro,-25.032,46.99,20.0
2012-04-18,28.2,23.0,24.6,3.1,16.0,35.6,17.97,Taolagnaro,-25.032,46.99,20.0
2012-04-19,26.4,21.8,23.2,4.5,18.4,35.3,10.48,Taolagnaro,-25.032,46.99,20.0
2012-04-20,23.2,20.8,21.7,7.9,17.0,36.4,11.98,Taolagnaro,-25.032,46.99,20.0
2012-04-21,24.0,20.8,22.4,0.7,18.8,36.0,11.79,Taolagnaro,-25.032,46.99,20.0
2012-04-22,25.1,21.4,23.1,0.1,20.5,42.8,15.15,Taolagnaro,-25.032,46.99,20.0
2012-04-23,27.3,22.2,24.4,0.1,15.5,31.7,17.28,Taolagnaro,-25.032,46.99,20.0
2012-04-24,27.0,21.7,23.7,4.9,19.4,36.4,14.21,Taolagnaro,-25.032,46.99,20.0
2012-04-25,23.8,20.9,22.0,0.9,18.4,37.8,14.44,Taolagnaro,-25.032,46.99,20.0
2012-04-26,22.5,17.8,20.7,0.9,12.3,27.4,14.87,Taolagnaro,-25.032,46.99,20.0
2012-04-27,23.9,19.6,21.7,0.0,20.3,41.4,16.17,Taolagnaro,-25.032,46.99,20.0
2012-04-28,25.4,20.7,22.7,0.0,19.0,38.2,18.89,Taolagnaro,-25.032,46.99,20.0
2012-04-29,26.2,20.5,23.0,0.0,17.7,36.7,18.6,Taolagnaro,-25.032,46.99,20.0
2012-04-30,26.8,20.3,23.2,0.0,16.5,32.8,18.91,Taolagnaro,-25.032,46.99,20.0
2012-05-01,24.9,20.9,22.6,0.0,20.2,38.9,16.73,Taolagnaro,-25.032,46.99,20.0
2012-05-02,25.0,20.9,22.4,0.0,22.3,45.4,15.3,Taolagnaro,-25.032,46.99,20.0
2012-05-03,24.7,21.0,22.6,0.0,24.2,48.6,15.06,Taolagnaro,-25.032,46.99,20.0
2012-05-04,25.5,21.3,23.0,0.0,23.5,47.5,16.65,Taolagnaro,-25.032,46.99,20.0
2012-05-05,25.7,21.0,23.0,0.0,20.4,40.0,17.71,Taolagnaro,-25.032,46.99,20.0
2012-05-06,25.3,20.2,22.4,0.0,19.0,38.5,17.45,Taolagnaro,-25.032,46.99,20.0
2012-05-07,24.7,19.3,21.6,0.8,14.6,33.1,16.56,Taolagnaro,-25.032,46.99,20.0
2012-05-08,22.8,17.3,20.3,0.7,17.8,36.7,12.25,Taolagnaro,-25.032,46.99,20.0
2012-05-09,23.5,19.2,21.0,0.0,20.8,43.2,14.98,Taolagnaro,-25.032,46.99,20.0
2012-05-10,23.8,19.4,21.3,0.0,21.0,43.2,15.11,Taolagnaro,-25.032,46.99,20.0
2012-05-11,26.0,19.9,22.4,0.0,15.8,34.9,17.16,Taolagnaro,-25.032,46.99,20.0
2012-05-12,25.4,18.8,21.7,0.0,15.5,30.6,16.02,Taolagnaro,-25.032,46.99,20.0
2012-05-13,24.2,18.1,20.7,0.6,10.8,27.7,15.02,Taolagnaro,-25.032,46.99,20.0
2012-05-14,24.4,18.0,20.5,1.0,9.9,24.8,14.49,Taolagnaro,-25.032,46.99,20.0
2012-05-15,23.7,17.4,20.3,1.1,11.5,25.2,12.85,Taolagnaro,-25.032,46.99,20.0
2012-05-16,23.1,16.9,19.6,2.2,12.0,25.6,12.2,Taolagnaro,-25.032,46.99,20.0
2012-05-17,23.6,18.2,20.8,0.2,8.4,22.3,14.0,Taolagnaro,-25.032,46.99,20.0
2012-05-18,24.1,18.5,21.1,0.0,17.6,34.2,14.57,Taolagnaro,-25.032,46.99,20.0
2012-05-19,27.1,19.1,22.9,0.0,14.8,31.0,16.18,Taolagnaro,-25.032,46.99,20.0
2012-05-20,26.2,19.1,22.3,0.2,11.6,22.3,16.09,Taolagnaro,-25.032,46.99,20.0
2012-05-21,24.1,19.7,21.3,8.2,13.4,29.9,9.27,Taolagnaro,-25.032,46.99,20.0
2012-05-22,21.4,19.7,20.4,15.3,17.6,37.8,8.12,Taolagnaro,-25.032,46.99,20.0
2012-05-23,23.5,18.8,20.7,3.2,15.5,34.2,13.31,Taolagnaro,-25.032,46.99,20.0
2012-05-24,24.8,18.9,21.7,0.0,11.6,22.3,13.9,Taolagnaro,-25.032,46.99,20.0
2012-05-25,24.8,19.1,21.6,0.4,15.3,31.7,14.43,Taolagnaro,-25.032,46.99,20.0
2012-05-26,23.6,20.4,21.6,0.7,21.6,42.5,12.72,Taolagnaro,-25.032,46.99,20.0
2012-05-27,22.4,19.6,21.0,1.1,25.4,50.4,11.1,Taolagnaro,-25.032,46.99,20.0
2012-05-28,23.6,20.7,21.7,0.0,24.3,48.6,13.69,Taolagnaro,-25.032,46.99,20.0
2012-05-29,24.1,19.9,21.5,0.0,19.8,39.6,13.93,Taolagnaro,-25.032,46.99,20.0
2012-05-30,25.4,20.0,22.1,0.0,17.1,36.0,14.01,Taolagnaro,-25.032,46.99,20.0
2012-05-31,24.5,19.2,21.4,0.3,12.3,26.3,11.84,Taolagnaro,-25.032,46.99,20.0
2012-06-01,22.9,18.3,20.3,0.9,12.5,25.6,12.56,Taolagnaro,-25.032,46.99,20.0
2012-06-02,22.0,17.0,19.5,1.8,9.0,19.8,11.19,Taolagnaro,-25.032,46.99,20.0
2012-06-03,22.8,16.8,19.3,1.2,18.1,41.8,12.07,Taolagnaro,-25.032,46.99,20.0
2012-06-04,21.6,18.0,20.0,1.8,20.3,48.2,12.42,Taolagnaro,-25.032,46.99,20.0
2012-06-05,23.1,19.5,20.9,0.0,21.0,45.7,12.87,Taolagnaro,-25.032,46.99,20.0
2012-06-06,23.5,19.5,21.2,0.0,21.6,45.0,14.71,Taolagnaro,-25.032,46.99,20.0
2012-06-07,24.7,17.7,21.0,0.0,15.3,34.2,15.09,Taolagnaro,-25.032,46.99,20.0
2012-06-08,24.7,17.7,21.1,0.0,18.8,38.2,15.06,Taolagnaro,-25.032,46.99,20.0
2012-06-09,23.9,20.8,21.7,4.1,19.0,38.2,9.05,Taolagnaro,-25.032,46.99,20.0
2012-06-10,25.8,19.9,22.4,2.0,12.9,26.6,12.27,Taolagnaro,-25.032,46.99,20.0
2012-06-11,23.6,18.9,20.9,1.3,18.9,41.8,11.75,Taolagnaro,-25.032,46.99,20.0
2012-06-12,21.5,18.8,20.2,1.1,13.8,29.5,9.14,Taolagnaro,-25.032,46.99,20.0
2012-06-13,23.3,18.8,20.7,1.3,11.1,24.8,11.43,Taolagnaro,-25.032,46.99,20.0
2012-06-14,22.0,18.9,20.3,7.4,16.9,34.6,8.47,Taolagnaro,-25.032,46.99,20.0
2012-06-15,20.2,18.1,19.1,8.6,21.7,44.3,8.99,Taolagnaro,-25.032,46.99,20.0
2012-06-16,21.4,18.3,19.9,0.2,21.3,40.0,7.32,Taolagnaro,-25.032,46.99,20.0
2012-06-17,22.9,18.9,20.5,0.0,21.6,41.8,12.99,Taolagnaro,-25.032,46.99,20.0
2012-06-18,23.7,19.1,21.0,0.0,19.9,41.4,14.23,Taolagnaro,-25.032,46.99,20.0
2012-06-19,23.7,18.8,20.9,0.0,18.6,37.1,12.79,Taolagnaro,-25.032,46.99,20.0
2012-06-20,24.0,18.7,21.0,0.0,17.1,33.8,14.6,Taolagnaro,-25.032,46.99,20.0
2012-06-21,24.3,16.7,20.4,0.0,13.6,28.1,14.8,Taolagnaro,-25.032,46.99,20.0
2012-06-22,24.0,17.4,20.7,0.0,13.7,27.7,11.48,Taolagnaro,-25.032,46.99,20.0
2012-06-23,25.6,19.2,22.0,0.0,15.5,28.4,14.69,Taolagnaro,-25.032,46.99,20.0
2012-06-24,25.7,18.1,22.0,0.0,12.9,26.6,14.57,Taolagnaro,-25.032,46.99,20.0
2012-06-25,26.3,18.4,22.2,0.0,14.8,28.8,14.7,Taolagnaro,-25.032,46.99,20.0
2012-06-26,25.0,19.1,21.6,0.0,12.4,27.7,13.99,Taolagnaro,-25.032,46.99,20.0
2012-06-27,24.0,17.7,20.9,0.0,12.2,24.5,12.71,Taolagnaro,-25.032,46.99,20.0
2012-06-28,24.4,17.6,20.6,0.1,11.6,22.7,13.7,Taolagnaro,-25.032,46.99,20.0
2012-06-29,22.4,18.3,20.1,0.2,11.5,24.8,12.99,Taolagnaro,-25.032,46.99,20.0
2012-06-30,22.9,16.5,19.8,0.0,13.8,26.6,12.34,Taolagnaro,-25.032,46.99,20.0
2012-07-01,23.6,18.0,20.5,0.0,14.3,28.4,13.74,Taolagnaro,-25.032,46.99,20.0
2012-07-02,23.2,18.4,20.2,0.0,17.0,35.6,14.72,Taolagnaro,-25.032,46.99,20.0
2012-07-03,22.6,17.6,19.7,0.0,16.9,33.8,14.85,Taolagnaro,-25.032,46.99,20.0
2012-07-04,23.2,18.4,20.3,0.0,19.5,37.8,14.98,Taolagnaro,-25.032,46.99,20.0
2012-07-05,24.8,16.9,20.3,0.0,14.8,32.8,15.44,Taolagnaro,-25.032,46.99,20.0
2012-07-06,22.9,16.0,19.2,0.1,14.4,30.2,14.0,Taolagnaro,-25.032,46.99,20.0
2012-07-07,20.8,16.9,18.8,1.7,14.7,29.9,8.5,Taolagnaro,-25.032,46.99,20.0
2012-07-08,23.8,16.9,20.0,0.0,12.1,24.5,14.91,Taolagnaro,-25.032,46.99,20.0
2012-07-09,23.2,16.2,19.6,0.1,12.2,27.0,13.96,Taolagnaro,-25.032,46.99,20.0
2012-07-10,23.9,16.0,19.7,0.0,17.0,34.9,14.85,Taolagnaro,-25.032,46.99,20.0
2012-07-11,23.6,18.0,20.5,0.0,19.4,36.7,15.05,Taolagnaro,-25.032,46.99,20.0
2012-07-12,23.6,19.0,20.6,0.0,19.4,41.0,12.9,Taolagnaro,-25.032,46.99,20.0
2012-07-13,23.3,18.5,20.6,0.0,18.7,38.9,14.22,Taolagnaro,-25.032,46.99,20.0
2012-07-14,23.8,18.8,20.9,0.0,21.1,41.8,13.8,Taolagnaro,-25.032,46.99,20.0
2012-07-15,25.2,18.4,21.4,0.0,19.4,40.7,15.12,Taolagnaro,-25.032,46.99,20.0
2012-07-16,26.1,17.7,20.8,0.4,25.3,53.6,13.96,Taolagnaro,-25.032,46.99,20.0
2012-07-17,21.8,16.0,18.9,0.1,15.8,30.6,13.84,Taolagnaro,-25.032,46.99,20.0
2012-07-18,21.7,16.2,18.5,0.6,17.1,43.6,11.86,Taolagnaro,-25.032,46.99,20.0
2012-07-19,23.6,17.3,19.9,3.1,13.9,29.2,13.57,Taolagnaro,-25.032,46.99,20.0
2012-07-20,23.7,15.5,19.6,0.0,12.0,24.1,15.17,Taolagnaro,-25.032,46.99,20.0
2012-07-21,25.1,18.0,21.3,0.0,15.7,31.0,15.25,Taolagnaro,-25.032,46.99,20.0
2012-07-22,25.1,19.7,21.9,0.0,20.1,40.7,13.95,Taolagnaro,-25.032,46.99,20.0
2012-07-23,25.7,20.2,22.4,0.0,19.1,40.3,13.94,Taolagnaro,-25.032,46.99,20.0
2012-07-24,24.0,19.6,21.5,0.0,10.5,21.6,8.47,Taolagnaro,-25.032,46.99,20.0
2012-07-25,24.3,18.6,21.1,0.2,10.4,22.3,13.2,Taolagnaro,-25.032,46.99,20.0
2012-07-26,21.7,18.4,19.8,6.1,10.5,28.1,7.97,Taolagnaro,-25.032,46.99,20.0
2012-07-27,21.6,17.5,19.5,0.0,19.6,37.8,12.67,Taolagnaro,-25.032,46.99,20.0
2012-07-28,23.7,18.1,20.5,0.0,20.5,40.0,15.32,Taolagnaro,-25.032,46.99,20.0
2012-07-29,24.4,18.2,20.6,1.2,16.8,36.4,13.58,Taolagnaro,-25.032,46.99,20.0
2012-07-30,22.3,15.8,19.4,0.3,13.0,29.5,11.61,Taolagnaro,-25.032,46.99,20.0
2012-07-31,22.5,16.0,19.2,0.0,12.6,27.7,14.97,Taolagnaro,-25.032,46.99,20.0
2012-08-01,26.1,18.4,21.4,0.0,15.0,27.7,13.57,Taolagnaro,-25.032,46.99,20.0
2012-08-02,26.2,18.2,21.5,0.3,20.7,39.2,16.52,Taolagnaro,-25.032,46.99,20.0
2012-08-03,21.6,17.0,19.3,0.0,20.9,44.3,11.35,Taolagnaro,-25.032,46.99,20.0
2012-08-04,23.1,15.0,19.0,0.0,16.4,30.2,16.9,Taolagnaro,-25.032,46.99,20.0
2012-08-05,22.9,15.9,19.4,0.0,13.7,29.2,15.98,Taolagnaro,-25.032,46.99,20.0
2012-08-06,26.3,18.8,22.0,0.0,19.7,33.8,16.79,Taolagnaro,-25.032,46.99,20.0
2012-08-07,25.8,20.1,22.4,0.0,22.0,39.6,12.63,Taolagnaro,-25.032,46.99,20.0
2012-08-08,24.8,20.4,22.1,0.0,22.4,46.4,12.42,Taolagnaro,-25.032,46.99,20.0
2012-08-09,24.9,19.5,21.6,0.0,23.2,46.4,16.82,Taolagnaro,-25.032,46.99,20.0
2012-08-10,25.6,19.7,22.0,0.0,20.6,43.6,16.65,Taolagnaro,-25.032,46.99,20.0
2012-08-11,25.5,19.3,21.9,0.0,16.1,31.3,15.29,Taolagnaro,-25.032,46.99,20.0
2012-08-12,26.3,19.0,22.1,0.0,21.2,38.2,18.49,Taolagnaro,-25.032,46.99,20.0
2012-08-13,25.2,18.4,21.4,1.1,12.1,28.4,14.0,Taolagnaro,-25.032,46.99,20.0
2012-08-14,21.6,19.5,20.5,0.4,16.2,31.7,10.35,Taolagnaro,-25.032,46.99,20.0
2012-08-15,23.1,18.3,20.5,0.0,21.3,43.2,14.92,Taolagnaro,-25.032,46.99,20.0
2012-08-16,23.8,18.8,21.0,0.0,22.5,45.7,18.01,Taolagnaro,-25.032,46.99,20.0
2012-08-17,24.6,18.5,21.2,0.0,20.4,41.0,18.75,Taolagnaro,-25.032,46.99,20.0
2012-08-18,24.2,19.3,21.2,0.0,23.7,51.5,19.31,Taolagnaro,-25.032,46.99,20.0
2012-08-19,23.1,19.6,20.9,0.0,26.4,53.6,16.67,Taolagnaro,-25.032,46.99,20.0
2012-08-20,24.3,19.1,21.1,0.0,22.9,46.4,18.5,Taolagnaro,-25.032,46.99,20.0
2012-08-21,24.7,18.7,21.3,0.0,22.5,45.0,19.68,Taolagnaro,-25.032,46.99,20.0
2012-08-22,24.9,18.7,21.3,0.0,20.9,43.9,20.01,Taolagnaro,-25.032,46.99,20.0
2012-08-23,26.2,18.2,21.6,0.0,16.6,31.3,20.4,Taolagnaro,-25.032,46.99,20.0
2012-08-24,24.7,18.4,21.2,0.0,19.9,43.2,19.86,Taolagnaro,-25.032,46.99,20.0
2012-08-25,24.9,18.6,21.4,0.0,22.8,45.4,20.52,Taolagnaro,-25.032,46.99,20.0
2012-08-26,25.9,19.1,21.8,0.0,19.1,39.2,20.83,Taolagnaro,-25.032,46.99,20.0
2012-08-27,26.4,17.7,21.7,0.0,15.5,30.2,21.02,Taolagnaro,-25.032,46.99,20.0
2012-08-28,24.7,18.8,21.4,0.0,22.7,46.4,20.2,Taolagnaro,-25.032,46.99,20.0
2012-08-29,25.3,19.1,21.7,0.0,24.6,47.9,20.67,Taolagnaro,-25.032,46.99,20.0
2012-08-30,25.4,18.7,21.4,0.0,22.9,44.3,21.28,Taolagnaro,-25.032,46.99,20.0
2012-08-31,24.6,18.8,21.2,0.0,24.9,50.0,21.26,Taolagnaro,-25.032,46.99,20.0
2012-09-01,26.2,18.9,21.9,0.0,20.9,44.3,21.36,Taolagnaro,-25.032,46.99,20.0
2012-09-02,25.7,18.0,21.6,0.0,13.2,31.7,20.3,Taolagnaro,-25.032,46.99,20.0
2012-09-03,25.8,16.7,21.3,0.0,14.3,33.8,19.37,Taolagnaro,-25.032,46.99,20.0
2012-09-04,24.3,18.9,21.2,0.7,19.0,38.5,17.31,Taolagnaro,-25.032,46.99,20.0
2012-09-05,21.4,18.0,19.5,2.2,18.2,37.8,13.88,Taolagnaro,-25.032,46.99,20.0
2012-09-06,19.9,17.0,18.7,2.2,26.3,54.4,12.83,Taolagnaro,-25.032,46.99,20.0
2012-09-07,22.0,18.1,19.9,0.0,28.6,58.7,19.14,Taolagnaro,-25.032,46.99,20.0
2012-09-08,22.2,18.8,20.2,0.0,32.5,65.2,15.5,Taolagnaro,-25.032,46.99,20.0
2012-09-09,24.1,18.3,20.9,0.0,27.0,53.6,20.87,Taolagnaro,-25.032,46.99,20.0
2012-09-10,25.8,18.4,21.6,0.0,20.9,43.2,22.75,Taolagnaro,-25.032,46.99,20.0
2012-09-11,26.9,17.7,21.8,0.0,13.1,29.9,22.49,Taolagnaro,-25.032,46.99,20.0
2012-09-12,25.9,18.1,21.5,0.0,21.7,42.8,20.77,Taolagnaro,-25.032,46.99,20.0
2012-09-13,25.0,19.1,21.6,0.0,26.1,54.7,21.81,Taolagnaro,-25.032,46.99,20.0
2012-09-14,27.2,19.1,22.6,0.0,21.1,45.4,21.88,Taolagnaro,-25.032,46.99,20.0
2012-09-15,25.4,18.3,21.7,0.1,16.6,31.7,21.0,Taolagnaro,-25.032,46.99,20.0
2012-09-16,21.6,18.9,19.7,21.9,31.2,58.7,12.32,Taolagnaro,-25.032,46.99,20.0
2012-09-17,22.7,18.5,20.2,5.8,27.1,59.4,18.42,Taolagnaro,-25.032,46.99,20.0
2012-09-18,23.7,18.9,20.9,0.0,26.6,54.4,20.76,Taolagnaro,-25.032,46.99,20.0
2012-09-19,25.7,19.2,22.0,2.9,13.8,28.4,19.42,Taolagnaro,-25.032,46.99,20.0
2012-09-20,25.4,18.6,22.0,1.0,15.6,31.3,20.7,Taolagnaro,-25.032,46.99,20.0
2012-09-21,25.9,19.6,22.3,0.0,24.1,47.9,24.48,Taolagnaro,-25.032,46.99,20.0
2012-09-22,25.2,19.2,21.7,0.0,23.5,47.5,24.8,Taolagnaro,-25.032,46.99,20.0
2012-09-23,26.6,19.0,22.1,0.0,20.4,42.1,24.84,Taolagnaro,-25.032,46.99,20.0
2012-09-24,26.9,18.7,22.6,0.1,12.6,28.8,23.44,Taolagnaro,-25.032,46.99,20.0
2012-09-25,24.4,19.4,21.2,3.6,18.9,39.2,15.78,Taolagnaro,-25.032,46.99,20.0
2012-09-26,21.4,19.1,20.2,2.0,22.8,43.9,10.62,Taolagnaro,-25.032,46.99,20.0
2012-09-27,25.6,19.8,22.2,0.0,25.3,50.0,23.9,Taolagnaro,-25.032,46.99,20.0
2012-09-28,28.1,19.9,23.4,0.0,17.8,36.7,25.21,Taolagnaro,-25.032,46.99,20.0
2012-09-29,27.3,20.0,23.0,0.0,22.9,40.3,24.83,Taolagnaro,-25.032,46.99,20.0
2012-09-30,27.4,20.0,23.3,0.1,12.9,29.9,24.12,Taolagnaro,-25.032,46.99,20.0
2012-10-01,23.2,20.1,21.4,5.5,17.1,32.4,11.04,Taolagnaro,-25.032,46.99,20.0
2012-10-02,25.8,20.0,22.3,1.5,21.0,42.8,20.4,Taolagnaro,-25.032,46.99,20.0
2012-10-03,25.3,20.0,22.3,0.0,27.4,55.8,25.96,Taolagnaro,-25.032,46.99,20.0
2012-10-04,25.7,19.8,22.3,0.0,23.5,49.3,26.16,Taolagnaro,-25.032,46.99,20.0
2012-10-05,27.4,19.5,22.9,0.0,19.7,38.9,26.84,Taolagnaro,-25.032,46.99,20.0
2012-10-06,26.8,20.0,23.1,0.0,23.0,48.6,26.78,Taolagnaro,-25.032,46.99,20.0
2012-10-07,27.9,20.4,23.5,0.0,21.4,41.8,27.2,Taolagnaro,-25.032,46.99,20.0
2012-10-08,29.1,20.0,23.8,0.0,18.7,36.4,27.48,Taolagnaro,-25.032,46.99,20.0
2012-10-09,27.5,20.1,23.3,0.0,22.2,46.1,25.24,Taolagnaro,-25.032,46.99,20.0
2012-10-10,26.7,20.8,23.2,0.0,27.5,53.6,26.16,Taolagnaro,-25.032,46.99,20.0
2012-10-11,28.8,20.9,23.9,0.0,18.8,42.1,27.05,Taolagnaro,-25.032,46.99,20.0
2012-10-12,26.3,20.5,22.9,0.2,18.0,37.4,19.13,Taolagnaro,-25.032,46.99,20.0
2012-10-13,26.7,21.0,23.5,0.3,20.1,43.9,21.73,Taolagnaro,-25.032,46.99,20.0
2012-10-14,27.3,20.8,23.5,0.0,22.1,48.2,25.0,Taolagnaro,-25.032,46.99,20.0
2012-10-15,26.4,21.3,23.2,1.5,24.0,47.2,21.29,Taolagnaro,-25.032,46.99,20.0
2012-10-16,28.6,20.6,23.8,0.0,21.2,41.0,24.98,Taolagnaro,-25.032,46.99,20.0
2012-10-17,28.9,21.1,24.4,0.2,16.5,29.2,24.36,Taolagnaro,-25.032,46.99,20.0
2012-10-18,28.7,21.2,24.6,0.1,18.9,34.6,24.07,Taolagnaro,-25.032,46.99,20.0
2012-10-19,29.9,22.1,25.3,1.2,21.1,41.0,24.43,Taolagnaro,-25.032,46.99,20.0
2012-10-20,30.2,22.6,25.7,0.3,19.1,38.5,25.48,Taolagnaro,-25.032,46.99,20.0
2012-10-21,30.9,22.2,25.8,0.0,18.3,34.9,25.93,Taolagnaro,-25.032,46.99,20.0
2012-10-22,29.0,21.9,24.7,0.0,21.6,43.9,26.33,Taolagnaro,-25.032,46.99,20.0
2012-10-23,29.7,21.6,24.8,0.3,17.3,40.3,26.05,Taolagnaro,-25.032,46.99,20.0
2012-10-24,23.5,20.1,21.9,9.5,20.4,40.3,11.38,Taolagnaro,-25.032,46.99,20.0
2012-10-25,20.1,17.9,19.5,15.6,29.2,60.8,8.48,Taolagnaro,-25.032,46.99,20.0
2012-10-26,20.6,17.9,19.3,15.2,34.6,71.3,14.11,Taolagnaro,-25.032,46.99,20.0
2012-10-27,25.8,19.7,22.5,5.1,25.7,49.7,21.92,Taolagnaro,-25.032,46.99,20.0
2012-10-28,24.5,20.1,22.3,0.6,14.0,31.7,22.05,Taolagnaro,-25.032,46.99,20.0
2012-10-29,22.3,19.1,20.4,6.2,20.9,42.8,14.36,Taolagnaro,-25.032,46.99,20.0
2012-10-30,22.6,19.3,20.9,1.6,27.2,51.8,13.91,Taolagnaro,-25.032,46.99,20.0
2012-10-31,27.7,21.0,23.5,15.4,18.5,40.7,21.65,Taolagnaro,-25.032,46.99,20.0
2012-11-01,28.1,20.4,22.9,21.7,20.2,42.5,19.99,Taolagnaro,-25.032,46.99,20.0
2012-11-02,21.1,18.1,19.5,4.8,24.7,51.5,20.35,Taolagnaro,-25.032,46.99,20.0
2012-11-03,22.2,16.1,19.6,0.0,16.6,33.1,22.7,Taolagnaro,-25.032,46.99,20.0
2012-11-04,22.6,17.9,20.2,0.0,21.0,47.5,20.34,Taolagnaro,-25.032,46.99,20.0
2012-11-05,27.0,19.6,23.0,0.0,18.4,38.5,25.56,Taolagnaro,-25.032,46.99,20.0
2012-11-06,27.0,19.9,22.7,0.7,17.3,42.8,26.65,Taolagnaro,-25.032,46.99,20.0
2012-11-07,24.0,20.2,21.9,2.7,18.4,36.4,18.42,Taolagnaro,-25.032,46.99,20.0
2012-11-08,27.1,20.2,23.5,0.1,14.5,30.6,26.55,Taolagnaro,-25.032,46.99,20.0
2012-11-09,23.2,19.2,21.3,7.4,20.0,38.5,16.95,Taolagnaro,-25.032,46.99,20.0
2012-11-10,22.5,18.3,20.6,0.0,23.1,45.0,19.0,Taolagnaro,-25.032,46.99,20.0
2012-11-11,22.7,20.2,21.5,2.6,26.2,49.7,10.83,Taolagnaro,-25.032,46.99,20.0
2012-11-12,25.7,21.3,23.2,1.1,28.0,57.2,22.76,Taolagnaro,-25.032,46.99,20.0
2012-11-13,28.8,21.7,24.7,0.1,18.1,35.6,27.61,Taolagnaro,-25.032,46.99,20.0
2012-11-14,29.5,21.9,25.4,0.0,12.8,28.8,28.9,Taolagnaro,-25.032,46.99,20.0
2012-11-15,27.4,21.1,24.2,0.2,19.3,36.7,28.85,Taolagnaro,-25.032,46.99,20.0
2012-11-16,28.3,22.2,24.8,0.6,20.6,46.4,27.15,Taolagnaro,-25.032,46.99,20.0
2012-11-17,28.9,22.4,24.9,6.8,18.1,34.2,25.72,Taolagnaro,-25.032,46.99,20.0
2012-11-18,26.8,21.9,24.1,3.9,13.7,31.7,24.16,Taolagnaro,-25.032,46.99,20.0
2012-11-19,26.9,20.2,23.2,6.3,14.8,33.5,24.8,Taolagnaro,-25.032,46.99,20.0
2012-11-20,23.6,19.7,21.6,8.6,20.0,39.6,20.19,Taolagnaro,-25.032,46.99,20.0
2012-11-21,24.0,20.7,22.2,2.1,21.0,40.0,17.89,Taolagnaro,-25.032,46.99,20.0
2012-11-22,26.0,21.4,23.4,0.2,23.4,46.8,23.97,Taolagnaro,-25.032,46.99,20.0
2012-11-23,25.1,22.0,23.2,0.0,23.1,49.0,23.07,Taolagnaro,-25.032,46.99,20.0
2012-11-24,25.8,21.4,23.4,0.0,26.9,51.8,22.89,Taolagnaro,-25.032,46.99,20.0
2012-11-25,28.6,22.1,24.6,0.1,20.5,42.8,26.94,Taolagnaro,-25.032,46.99,20.0
2012-11-26,27.6,22.7,24.9,0.4,13.3,27.4,24.47,Taolagnaro,-25.032,46.99,20.0
2012-11-27,24.0,21.0,22.4,5.1,24.2,49.7,13.81,Taolagnaro,-25.032,46.99,20.0
2012-11-28,21.5,19.7,20.7,6.7,18.7,34.6,12.96,Taolagnaro,-25.032,46.99,20.0
2012-11-29,24.4,19.1,22.0,0.0,24.0,49.3,23.26,Taolagnaro,-25.032,46.99,20.0
2012-11-30,27.3,21.3,24.0,0.4,17.7,38.9,27.14,Taolagnaro,-25.032,46.99,20.0
2012-12-01,25.6,21.9,23.6,0.8,21.7,42.5,24.34,Taolagnaro,-25.032,46.99,20.0
2012-12-02,24.8,21.3,22.8,1.7,24.5,49.3,23.59,Taolagnaro,-25.032,46.99,20.0
2012-12-03,24.9,21.2,22.9,0.0,27.8,55.4,26.74,Taolagnaro,-25.032,46.99,20.0
2012-12-04,27.7,20.9,23.9,0.0,22.5,45.4,31.56,Taolagnaro,-25.032,46.99,20.0
2012-12-05,29.3,21.9,25.4,1.0,17.6,35.3,28.77,Taolagnaro,-25.032,46.99,20.0
2012-12-06,29.6,22.9,25.8,0.9,19.5,40.0,28.11,Taolagnaro,-25.032,46.99,20.0
2012-12-07,29.0,23.1,25.6,3.0,21.5,47.2,28.02,Taolagnaro,-25.032,46.99,20.0
2012-12-08,29.2,23.4,25.6,5.6,18.1,36.7,24.07,Taolagnaro,-25.032,46.99,20.0
2012-12-09,28.7,22.9,24.8,4.7,18.3,39.6,24.1,Taolagnaro,-25.032,46.99,20.0
2012-12-10,27.9,22.5,24.7,7.7,14.6,31.0,23.7,Taolagnaro,-25.032,46.99,20.0
2012-12-11,27.0,22.1,24.1,7.5,13.5,29.5,19.57,Taolagnaro,-25.032,46.99,20.0
2012-12-12,24.3,19.8,22.5,10.5,25.3,49.3,15.96,Taolagnaro,-25.032,46.99,20.0
2012-12-13,24.9,19.5,22.0,0.2,24.0,48.2,26.92,Taolagnaro,-25.032,46.99,20.0
2012-12-14,26.2,20.4,23.2,0.0,24.1,51.5,28.11,Taolagnaro,-25.032,46.99,20.0
2012-12-15,26.9,21.4,23.8,0.0,25.4,50.8,27.89,Taolagnaro,-25.032,46.99,20.0
2012-12-16,29.0,21.6,24.9,1.7,22.4,45.7,26.67,Taolagnaro,-25.032,46.99,20.0
2012-12-17,28.2,21.9,24.5,14.7,9.4,35.6,23.15,Taolagnaro,-25.032,46.99,20.0
2012-12-18,27.4,20.6,23.5,19.8,11.7,43.9,18.38,Taolagnaro,-25.032,46.99,20.0
2012-12-19,25.2,21.8,23.4,2.5,19.8,42.8,23.37,Taolagnaro,-25.032,46.99,20.0
2012-12-20,24.9,20.8,22.8,0.4,20.4,39.2,23.5,Taolagnaro,-25.032,46.99,20.0
2012-12-21,25.7,20.9,23.2,0.0,23.9,49.7,24.19,Taolagnaro,-25.032,46.99,20.0
2012-12-22,26.9,21.3,24.0,0.0,24.2,51.8,28.93,Taolagnaro,-25.032,46.99,20.0
2012-12-23,26.8,22.2,24.3,0.0,23.1,45.7,27.01,Taolagnaro,-25.032,46.99,20.0
2012-12-24,28.4,22.7,25.1,0.1,19.9,40.3,26.38,Taolagnaro,-25.032,46.99,20.0
2012-12-25,28.1,23.2,25.3,0.2,21.8,42.8,27.14,Taolagnaro,-25.032,46.99,20.0
2012-12-26,28.3,22.4,25.1,0.0,22.7,46.8,29.74,Taolagnaro,-25.032,46.99,20.0
2012-12-27,28.7,22.8,25.4,0.2,22.5,48.2,29.84,Taolagnaro,-25.032,46.99,20.0
2012-12-28,27.1,22.9,24.8,0.3,26.2,52.9,26.74,Taolagnaro,-25.032,46.99,20.0
2012-12-29,28.0,23.5,25.3,0.0,23.2,47.5,26.55,Taolagnaro,-25.032,46.99,20.0
2012-12-30,28.5,22.9,25.5,0.0,24.1,49.0,31.36,Taolagnaro,-25.032,46.99,20.0
2012-12-31,29.2,22.7,25.7,0.0,25.5,52.6,30.72,Taolagnaro,-25.032,46.99,20.0
2013-01-01,29.4,23.1,25.9,0.0,23.0,45.7,27.37,Taolagnaro,-25.032,46.99,20.0
2013-01-02,29.5,22.8,25.9,0.0,16.0,34.6,28.44,Taolagnaro,-25.032,46.99,20.0
2013-01-03,28.5,22.7,25.2,0.0,26.0,54.4,31.28,Taolagnaro,-25.032,46.99,20.0
2013-01-04,31.0,22.8,26.5,0.0,20.1,41.4,27.05,Taolagnaro,-25.032,46.99,20.0
2013-01-05,25.2,22.4,24.2,4.4,16.9,38.2,11.44,Taolagnaro,-25.032,46.99,20.0
2013-01-06,26.6,22.1,24.3,0.0,21.4,42.5,20.39,Taolagnaro,-25.032,46.99,20.0
2013-01-07,28.1,23.0,25.1,0.3,25.4,50.0,24.72,Taolagnaro,-25.032,46.99,20.0
2013-01-08,26.1,23.5,24.6,0.1,21.1,40.0,15.51,Taolagnaro,-25.032,46.99,20.0
2013-01-09,29.0,23.3,25.8,0.0,20.9,43.9,28.25,Taolagnaro,-25.032,46.99,20.0
2013-01-10,30.5,23.7,26.5,0.0,22.6,44.6,28.58,Taolagnaro,-25.032,46.99,20.0
2013-01-11,30.5,23.4,26.5,0.0,25.1,50.0,31.33,Taolagnaro,-25.032,46.99,20.0
2013-01-12,29.4,23.6,26.1,0.0,25.5,50.8,29.0,Taolagnaro,-25.032,46.99,20.0
2013-01-13,30.4,23.7,26.4,0.0,23.3,46.1,31.06,Taolagnaro,-25.032,46.99,20.0
2013-01-14,28.9,23.8,26.0,0.0,27.0,53.3,27.6,Taolagnaro,-25.032,46.99,20.0
2013-01-15,29.9,23.5,26.3,0.2,20.5,42.1,29.13,Taolagnaro,-25.032,46.99,20.0
2013-01-16,29.6,23.3,26.1,0.0,25.5,51.8,30.64,Taolagnaro,-25.032,46.99,20.0
2013-01-17,28.0,23.1,25.3,0.4,25.6,51.5,26.71,Taolagnaro,-25.032,46.99,20.0
2013-01-18,28.3,22.6,25.0,0.9,24.7,51.8,27.15,Taolagnaro,-25.032,46.99,20.0
2013-01-19,29.1,22.8,25.7,0.2,22.8,46.1,26.37,Taolagnaro,-25.032,46.99,20.0
2013-01-20,30.1,23.2,26.7,0.2,17.0,33.8,27.05,Taolagnaro,-25.032,46.99,20.0
2013-01-21,30.5,24.0,26.7,8.4,13.0,31.7,25.16,Taolagnaro,-25.032,46.99,20.0
2013-01-22,30.1,24.7,26.7,8.8,12.9,29.2,20.13,Taolagnaro,-25.032,46.99,20.0
2013-01-23,30.9,24.1,26.5,19.6,10.2,40.7,16.5,Taolagnaro,-25.032,46.99,20.0
2013-01-24,27.4,24.2,25.4,9.7,11.2,26.6,7.8,Taolagnaro,-25.032,46.99,20.0
2013-01-25,28.7,24.5,26.2,1.7,17.0,32.4,20.49,Taolagnaro,-25.032,46.99,20.0
2013-01-26,27.7,24.3,25.7,1.1,20.0,39.6,19.47,Taolagnaro,-25.032,46.99,20.0
2013-01-27,27.3,24.3,25.7,0.5,19.2,40.7,20.64,Taolagnaro,-25.032,46.99,20.0
2013-01-28,29.3,24.0,26.3,1.6,18.9,34.6,26.34,Taolagnaro,-25.032,46.99,20.0
2013-01-29,26.9,22.9,25.0,8.1,18.6,38.9,16.13,Taolagnaro,-25.032,46.99,20.0
2013-01-30,27.1,23.2,24.9,4.4,22.0,47.2,20.65,Taolagnaro,-25.032,46.99,20.0
2013-01-31,27.3,24.0,25.3,0.8,23.7,52.2,20.81,Taolagnaro,-25.032,46.99,20.0
2013-02-01,26.5,22.9,24.6,10.3,22.3,49.0,18.71,Taolagnaro,-25.032,46.99,20.0
2013-02-02,28.0,22.4,25.5,2.3,18.7,36.7,23.45,Taolagnaro,-25.032,46.99,20.0
2013-02-03,29.3,23.6,25.5,22.3,10.9,32.4,17.8,Taolagnaro,-25.032,46.99,20.0
2013-02-04,31.2,22.0,26.0,3.7,17.1,44.6,24.53,Taolagnaro,-25.032,46.99,20.0
2013-02-05,31.2,23.3,26.6,3.1,19.3,42.5,24.03,Taolagnaro,-25.032,46.99,20.0
2013-02-06,24.7,23.4,24.1,7.4,16.7,31.7,10.49,Taolagnaro,-25.032,46.99,20.0
2013-02-07,25.5,23.2,24.3,1.6,20.9,42.8,13.82,Taolagnaro,-25.032,46.99,20.0
2013-02-08,24.4,22.9,23.7,2.7,25.9,50.4,16.66,Taolagnaro,-25.032,46.99,20.0
2013-02-09,26.9,22.3,24.6,2.4,23.5,48.2,20.5,Taolagnaro,-25.032,46.99,20.0
2013-02-10,25.4,22.3,23.4,18.2,21.6,45.7,14.28,Taolagnaro,-25.032,46.99,20.0
2013-02-11,25.5,22.3,23.8,12.3,25.6,51.8,18.48,Taolagnaro,-25.032,46.99,20.0
2013-02-12,26.0,22.3,24.2,2.1,26.7,55.8,22.8,Taolagnaro,-25.032,46.99,20.0
2013-02-13,26.5,22.4,24.1,0.0,26.8,54.4,24.68,Taolagnaro,-25.032,46.99,20.0
2013-02-14,27.6,22.7,24.6,0.0,24.4,48.6,24.79,Taolagnaro,-25.032,46.99,20.0
2013-02-15,27.1,22.8,24.6,0.0,26.2,53.3,21.54,Taolagnaro,-25.032,46.99,20.0
2013-02-16,25.0,23.1,23.9,1.2,21.3,46.8,7.86,Taolagnaro,-25.032,46.99,20.0
2013-02-17,25.6,22.9,24.0,0.0,25.1,55.1,11.24,Taolagnaro,-25.032,46.99,20.0
2013-02-18,26.6,22.6,24.3,1.9,28.1,54.0,18.34,Taolagnaro,-25.032,46.99,20.0
2013-02-19,26.5,22.8,24.4,11.6,24.6,52.9,13.26,Taolagnaro,-25.032,46.99,20.0
2013-02-20,27.0,23.5,24.8,24.5,20.7,44.3,8.48,Taolagnaro,-25.032,46.99,20.0
2013-02-21,29.7,23.8,26.4,2.8,15.4,28.8,22.4,Taolagnaro,-25.032,46.99,20.0
2013-02-22,29.6,24.5,26.5,9.2,36.5,78.8,21.32,Taolagnaro,-25.032,46.99,20.0
2013-02-23,25.1,23.6,24.5,101.8,40.4,94.0,4.79,Taolagnaro,-25.032,46.99,20.0
2013-02-24,26.0,23.3,24.3,12.0,24.6,51.8,18.83,Taolagnaro,-25.032,46.99,20.0
2013-02-25,26.4,22.0,24.1,0.0,15.8,33.5,22.4,Taolagnaro,-25.032,46.99,20.0
2013-02-26,26.5,22.0,23.9,0.0,22.4,45.7,26.44,Taolagnaro,-25.032,46.99,20.0
2013-02-27,26.4,21.7,23.7,0.0,22.3,46.1,26.55,Taolagnaro,-25.032,46.99,20.0
2013-02-28,26.8,21.8,24.1,0.0,22.7,43.9,26.27,Taolagnaro,-25.032,46.99,20.0
2013-03-01,28.4,21.7,24.8,0.0,15.5,34.9,25.97,Taolagnaro,-25.032,46.99,20.0
2013-03-02,29.7,22.7,25.9,0.0,14.7,28.4,25.83,Taolagnaro,-25.032,46.99,20.0
2013-03-03,30.0,23.7,26.3,0.0,14.1,28.4,24.95,Taolagnaro,-25.032,46.99,20.0
2013-03-04,28.9,23.5,25.9,0.1,16.3,32.8,21.87,Taolagnaro,-25.032,46.99,20.0
2013-03-05,27.1,23.2,24.8,0.1,21.6,42.1,21.62,Taolagnaro,-25.032,46.99,20.0
2013-03-06,27.8,22.5,24.8,0.0,23.4,46.1,23.36,Taolagnaro,-25.032,46.99,20.0
2013-03-07,28.0,23.0,25.1,0.0,22.4,45.7,22.98,Taolagnaro,-25.032,46.99,20.0
2013-03-08,27.9,22.6,25.0,0.0,23.8,49.3,23.75,Taolagnaro,-25.032,46.99,20.0
2013-03-09,28.0,22.7,25.0,0.1,23.8,48.2,23.22,Taolagnaro,-25.032,46.99,20.0
2013-03-10,28.8,23.3,25.4,1.6,19.8,39.2,23.44,Taolagnaro,-25.032,46.99,20.0
2013-03-11,27.8,22.8,25.1,0.0,19.7,38.9,21.96,Taolagnaro,-25.032,46.99,20.0
2013-03-12,27.6,23.1,24.9,0.2,20.2,41.0,20.97,Taolagnaro,-25.032,46.99,20.0
2013-03-13,29.2,23.0,25.2,2.4,14.3,29.9,21.32,Taolagnaro,-25.032,46.99,20.0
2013-03-14,27.8,22.0,24.7,1.1,15.1,32.0,21.68,Taolagnaro,-25.032,46.99,20.0
2013-03-15,26.6,22.9,24.6,0.6,16.3,33.8,18.89,Taolagnaro,-25.032,46.99,20.0
2013-03-16,26.9,23.2,25.0,0.2,20.6,39.2,17.9,Taolagnaro,-25.032,46.99,20.0
2013-03-17,28.8,23.1,25.6,0.5,17.5,34.2,22.63,Taolagnaro,-25.032,46.99,20.0
2013-03-18,29.5,23.1,25.9,2.2,15.7,31.3,21.8,Taolagnaro,-25.032,46.99,20.0
2013-03-19,28.7,22.7,25.3,3.8,13.4,31.0,21.0,Taolagnaro,-25.032,46.99,20.0
2013-03-20,27.8,21.7,24.0,28.0,11.6,32.4,13.92,Taolagnaro,-25.032,46.99,20.0
2013-03-21,24.3,21.8,22.9,7.6,18.4,37.8,13.46,Taolagnaro,-25.032,46.99,20.0
2013-03-22,23.8,22.1,22.8,0.0,11.8,25.2,9.46,Taolagnaro,-25.032,46.99,20.0
2013-03-23,26.2,20.2,23.3,0.0,15.3,32.0,23.57,Taolagnaro,-25.032,46.99,20.0
2013-03-24,26.2,20.8,23.2,0.0,15.6,31.7,20.58,Taolagnaro,-25.032,46.99,20.0
2013-03-25,26.4,21.1,23.3,0.0,17.4,34.9,22.29,Taolagnaro,-25.032,46.99,20.0
2013-03-26,25.5,21.2,23.1,2.3,17.3,36.0,19.49,Taolagnaro,-25.032,46.99,20.0
2013-03-27,26.5,21.3,23.4,2.6,20.7,43.6,21.02,Taolagnaro,-25.032,46.99,20.0
2013-03-28,22.9,21.0,21.8,17.0,26.1,55.1,16.08,Taolagnaro,-25.032,46.99,20.0
2013-03-29,24.0,21.5,22.6,1.0,24.1,48.2,13.22,Taolagnaro,-25.032,46.99,20.0
2013-03-30,25.3,21.3,23.2,0.0,23.1,47.5,18.27,Taolagnaro,-25.032,46.99,20.0
2013-03-31,25.9,21.6,23.4,0.0,22.6,45.4,17.94,Taolagnaro,-25.032,46.99,20.0
2013-04-01,25.8,21.7,23.2,0.0,23.9,48.2,19.9,Taolagnaro,-25.032,46.99,20.0
2013-04-02,25.3,20.6,22.8,0.0,22.6,44.6,20.79,Taolagnaro,-25.032,46.99,20.0
2013-04-03,26.6,20.8,23.3,0.0,20.5,38.9,22.64,Taolagnaro,-25.032,46.99,20.0
2013-04-04,27.7,21.2,24.2,0.0,18.6,38.2,22.35,Taolagnaro,-25.032,46.99,20.0
2013-04-05,27.8,22.0,24.6,0.0,18.9,37.4,21.99,Taolagnaro,-25.032,46.99,20.0
2013-04-06,27.8,22.8,24.6,0.0,21.6,42.5,20.36,Taolagnaro,-25.032,46.99,20.0
2013-04-07,27.6,22.3,24.6,0.1,22.1,42.1,19.76,Taolagnaro,-25.032,46.99,20.0
2013-04-08,28.9,22.7,25.5,0.0,18.2,34.9,21.25,Taolagnaro,-25.032,46.99,20.0
2013-04-09,28.3,23.9,25.5,0.0,24.5,49.3,20.37,Taolagnaro,-25.032,46.99,20.0
2013-04-10,27.6,23.3,24.9,0.0,22.8,45.4,20.98,Taolagnaro,-25.032,46.99,20.0
2013-04-11,29.1,22.8,25.4,0.0,17.2,34.9,20.94,Taolagnaro,-25.032,46.99,20.0
2013-04-12,26.1,21.7,23.5,13.4,26.1,51.5,10.31,Taolagnaro,-25.032,46.99,20.0
2013-04-13,23.6,20.6,21.7,9.7,18.7,39.6,15.33,Taolagnaro,-25.032,46.99,20.0
2013-04-14,23.6,20.6,22.1,6.3,18.5,36.7,12.34,Taolagnaro,-25.032,46.99,20.0
2013-04-15,25.0,21.0,22.9,2.7,16.1,32.4,14.34,Taolagnaro,-25.032,46.99,20.0
2013-04-16,25.8,20.3,22.8,0.0,21.4,42.8,19.29,Taolagnaro,-25.032,46.99,20.0
2013-04-17,24.9,21.5,22.9,0.0,24.3,49.0,18.32,Taolagnaro,-25.032,46.99,20.0
2013-04-18,26.8,21.2,23.7,0.0,20.9,40.0,19.54,Taolagnaro,-25.032,46.99,20.0
2013-04-19,26.2,21.3,23.6,0.3,19.0,39.2,17.44,Taolagnaro,-25.032,46.99,20.0
2013-04-20,27.3,20.5,23.6,0.0,17.2,33.8,19.64,Taolagnaro,-25.032,46.99,20.0
2013-04-21,27.5,22.0,24.3,0.0,22.1,42.1,19.81,Taolagnaro,-25.032,46.99,20.0
2013-04-22,28.9,22.0,24.8,0.0,17.3,37.1,19.87,Taolagnaro,-25.032,46.99,20.0
2013-04-23,28.2,21.2,23.7,2.3,11.4,28.8,17.91,Taolagnaro,-25.032,46.99,20.0
2013-04-24,24.6,21.2,22.5,3.0,15.5,33.5,12.43,Taolagnaro,-25.032,46.99,20.0
2013-04-25,23.8,20.6,21.9,0.4,18.9,39.2,14.87,Taolagnaro,-25.032,46.99,20.0
2013-04-26,23.5,19.6,21.2,1.0,18.8,40.7,13.75,Taolagnaro,-25.032,46.99,20.0
2013-04-27,22.3,18.7,20.5,3.4,22.9,43.9,12.82,Taolagnaro,-25.032,46.99,20.0
2013-04-28,23.7,20.0,21.7,0.0,23.9,47.9,15.49,Taolagnaro,-25.032,46.99,20.0
2013-04-29,25.3,19.8,22.1,0.0,17.3,35.6,18.09,Taolagnaro,-25.032,46.99,20.0
2013-04-30,26.6,19.8,22.4,1.1,17.8,33.1,17.33,Taolagnaro,-25.032,46.99,20.0
2013-05-01,23.5,17.9,20.5,6.2,18.6,38.5,13.87,Taolagnaro,-25.032,46.99,20.0
2013-05-02,22.3,19.7,20.8,2.5,21.8,45.4,12.68,Taolagnaro,-25.032,46.99,20.0
2013-05-03,24.5,19.6,21.6,0.0,22.8,45.4,15.66,Taolagnaro,-25.032,46.99,20.0
2013-05-04,25.3,20.3,22.3,0.2,20.4,42.5,17.06,Taolagnaro,-25.032,46.99,20.0
2013-05-05,26.9,20.6,23.3,0.2,15.5,31.7,16.72,Taolagnaro,-25.032,46.99,20.0
2013-05-06,25.2,19.6,21.9,1.7,21.8,45.0,15.01,Taolagnaro,-25.032,46.99,20.0
2013-05-07,21.9,18.5,19.9,3.0,23.2,48.2,12.81,Taolagnaro,-25.032,46.99,20.0
2013-05-08,22.1,17.4,20.0,0.4,12.1,24.8,13.83,Taolagnaro,-25.032,46.99,20.0
2013-05-09,23.7,14.9,19.5,0.0,17.9,32.4,18.07,Taolagnaro,-25.032,46.99,20.0
2013-05-10,26.0,17.8,21.8,1.2,15.5,29.9,16.46,Taolagnaro,-25.032,46.99,20.0
2013-05-11,22.2,20.0,21.0,2.8,18.4,37.4,12.56,Taolagnaro,-25.032,46.99,20.0
2013-05-12,21.2,19.2,20.1,0.4,18.5,38.9,7.77,Taolagnaro,-25.032,46.99,20.0
2013-05-13,21.9,19.7,20.4,0.7,22.7,44.6,8.37,Taolagnaro,-25.032,46.99,20.0
2013-05-14,22.7,18.8,20.7,5.4,24.4,47.5,10.89,Taolagnaro,-25.032,46.99,20.0
2013-05-15,24.4,20.2,21.8,0.0,22.6,44.3,14.21,Taolagnaro,-25.032,46.99,20.0
2013-05-16,25.0,20.5,22.2,0.0,20.5,40.7,16.52,Taolagnaro,-25.032,46.99,20.0
2013-05-17,25.5,20.5,22.4,0.0,19.6,40.0,16.5,Taolagnaro,-25.032,46.99,20.0
2013-05-18,25.2,19.2,21.8,0.4,12.4,26.3,14.62,Taolagnaro,-25.032,46.99,20.0
2013-05-19,22.3,19.4,20.4,4.4,16.9,34.2,10.86,Taolagnaro,-25.032,46.99,20.0
2013-05-20,23.9,19.0,21.1,0.0,16.1,31.3,13.69,Taolagnaro,-25.032,46.99,20.0
2013-05-21,24.7,18.8,21.5,0.0,17.0,34.2,14.42,Taolagnaro,-25.032,46.99,20.0
2013-05-22,25.2,19.9,22.0,2.5,17.1,34.6,15.03,Taolagnaro,-25.032,46.99,20.0
2013-05-23,25.0,18.3,21.1,0.3,10.6,23.0,14.42,Taolagnaro,-25.032,46.99,20.0
2013-05-24,22.7,17.2,19.7,1.7,11.3,24.5,11.43,Taolagnaro,-25.032,46.99,20.0
2013-05-25,23.2,18.6,20.4,0.6,11.2,25.2,12.58,Taolagnaro,-25.032,46.99,20.0
2013-05-26,23.8,17.7,20.5,0.4,16.4,32.4,14.5,Taolagnaro,-25.032,46.99,20.0
2013-05-27,25.4,19.1,21.5,0.7,15.5,30.6,14.53,Taolagnaro,-25.032,46.99,20.0
2013-05-28,25.4,17.1,20.8,0.0,13.9,24.8,15.55,Taolagnaro,-25.032,46.99,20.0
2013-05-29,24.1,17.0,20.1,0.0,9.8,20.9,14.91,Taolagnaro,-25.032,46.99,20.0
2013-05-30,23.2,15.5,19.4,0.1,11.3,24.5,14.53,Taolagnaro,-25.032,46.99,20.0
2013-05-31,23.9,14.8,19.3,0.0,10.0,23.0,15.51,Taolagnaro,-25.032,46.99,20.0
2013-06-01,22.2,16.0,19.5,2.0,19.2,36.7,11.28,Taolagnaro,-25.032,46.99,20.0
2013-06-02,20.9,18.3,19.4,2.6,26.6,52.9,12.27,Taolagnaro,-25.032,46.99,20.0
2013-06-03,21.8,18.5,19.9,0.0,26.6,54.4,14.45,Taolagnaro,-25.032,46.99,20.0
2013-06-04,23.3,18.1,20.1,0.0,13.9,28.8,15.78,Taolagnaro,-25.032,46.99,20.0
2013-06-05,24.4,15.3,19.3,0.0,9.3,19.4,15.97,Taolagnaro,-25.032,46.99,20.0
2013-06-06,22.6,16.5,19.3,0.4,22.5,45.7,12.09,Taolagnaro,-25.032,46.99,20.0
2013-06-07,22.6,16.0,19.0,0.0,10.0,23.0,14.06,Taolagnaro,-25.032,46.99,20.0
2013-06-08,23.8,15.7,19.7,0.0,12.7,24.1,15.39,Taolagnaro,-25.032,46.99,20.0
2013-06-09,24.8,17.1,20.7,0.0,12.2,23.8,15.44,Taolagnaro,-25.032,46.99,20.0
2013-06-10,24.5,16.4,20.3,2.7,17.1,32.8,14.58,Taolagnaro,-25.032,46.99,20.0
2013-06-11,20.1,17.9,18.7,15.3,21.3,38.2,3.73,Taolagnaro,-25.032,46.99,20.0
2013-06-12,21.3,18.5,19.9,3.5,21.6,41.8,7.94,Taolagnaro,-25.032,46.99,20.0
2013-06-13,22.9,18.9,20.4,0.0,19.3,38.2,13.86,Taolagnaro,-25.032,46.99,20.0
2013-06-14,24.0,17.8,20.7,0.0,16.6,35.3,14.76,Taolagnaro,-25.032,46.99,20.0
2013-06-15,24.7,17.7,21.0,0.0,13.8,28.4,14.81,Taolagnaro,-25.032,46.99,20.0
2013-06-16,22.6,18.2,20.1,2.0,20.7,44.6,10.22,Taolagnaro,-25.032,46.99,20.0
2013-06-17,20.5,17.8,19.0,0.0,15.5,29.9,11.93,Taolagnaro,-25.032,46.99,20.0
2013-06-18,20.1,17.4,18.8,1.2,14.6,29.5,6.88,Taolagnaro,-25.032,46.99,20.0
2013-06-19,21.5,17.1,19.0,0.0,17.8,39.6,11.97,Taolagnaro,-25.032,46.99,20.0
2013-06-20,21.7,18.2,19.7,0.0,20.7,41.8,10.34,Taolagnaro,-25.032,46.99,20.0
2013-06-21,22.8,18.4,20.4,0.0,21.4,44.3,12.32,Taolagnaro,-25.032,46.99,20.0
2013-06-22,23.5,19.2,20.9,0.0,17.6,36.0,14.76,Taolagnaro,-25.032,46.99,20.0
2013-06-23,22.8,17.8,20.1,0.0,19.5,40.0,12.86,Taolagnaro,-25.032,46.99,20.0
2013-06-24,22.5,18.1,20.0,0.0,18.0,37.1,11.64,Taolagnaro,-25.032,46.99,20.0
2013-06-25,23.2,17.8,20.2,0.0,17.2,34.2,14.34,Taolagnaro,-25.032,46.99,20.0
2013-06-26,24.7,17.4,20.7,0.0,13.8,30.6,15.1,Taolagnaro,-25.032,46.99,20.0
2013-06-27,25.0,16.5,20.1,0.0,10.1,25.2,14.96,Taolagnaro,-25.032,46.99,20.0
2013-06-28,22.4,16.1,18.8,4.1,16.6,34.9,9.9,Taolagnaro,-25.032,46.99,20.0
2013-06-29,19.1,17.6,18.4,5.3,18.4,35.3,7.08,Taolagnaro,-25.032,46.99,20.0
2013-06-30,23.3,17.4,19.6,0.0,13.1,28.4,13.51,Taolagnaro,-25.032,46.99,20.0
2013-07-01,21.5,16.9,18.9,0.1,13.2,29.9,13.59,Taolagnaro,-25.032,46.99,20.0
2013-07-02,22.0,15.1,18.6,0.0,13.2,27.7,14.64,Taolagnaro,-25.032,46.99,20.0
2013-07-03,22.9,15.9,19.1,0.0,15.1,29.9,15.15,Taolagnaro,-25.032,46.99,20.0
2013-07-04,25.4,17.1,20.4,0.0,13.8,27.7,15.29,Taolagnaro,-25.032,46.99,20.0
2013-07-05,21.5,17.7,19.2,1.2,21.9,41.4,9.36,Taolagnaro,-25.032,46.99,20.0
2013-07-06,20.4,17.4,18.6,0.0,18.0,37.8,8.38,Taolagnaro,-25.032,46.99,20.0
2013-07-07,19.9,16.4,18.1,0.4,13.5,28.4,10.03,Taolagnaro,-25.032,46.99,20.0
2013-07-08,20.8,17.0,18.4,0.2,14.2,31.7,12.05,Taolagnaro,-25.032,46.99,20.0
2013-07-09,20.6,16.1,18.4,0.0,16.2,32.8,11.39,Taolagnaro,-25.032,46.99,20.0
2013-07-10,20.6,15.5,18.2,0.4,12.2,26.6,10.28,Taolagnaro,-25.032,46.99,20.0
2013-07-11,20.8,15.0,18.0,0.6,13.3,28.4,10.16,Taolagnaro,-25.032,46.99,20.0
2013-07-12,21.6,17.5,19.2,0.0,21.8,47.2,12.09,Taolagnaro,-25.032,46.99,20.0
2013-07-13,21.4,17.7,19.4,0.0,20.1,41.0,11.1,Taolagnaro,-25.032,46.99,20.0
2013-07-14,22.9,17.1,19.5,0.3,17.7,34.2,12.74,Taolagnaro,-25.032,46.99,20.0
2013-07-15,23.4,17.4,20.2,0.0,14.6,31.3,14.35,Taolagnaro,-25.032,46.99,20.0
2013-07-16,23.1,18.3,20.3,0.0,18.3,38.2,14.54,Taolagnaro,-25.032,46.99,20.0
2013-07-17,24.5,17.7,20.7,0.4,16.6,33.8,13.49,Taolagnaro,-25.032,46.99,20.0
2013-07-18,19.0,16.4,18.0,6.9,22.3,45.4,9.04,Taolagnaro,-25.032,46.99,20.0
2013-07-19,19.1,15.9,17.3,0.1,17.3,37.1,12.55,Taolagnaro,-25.032,46.99,20.0
2013-07-20,21.4,16.0,18.4,0.0,22.1,43.2,16.11,Taolagnaro,-25.032,46.99,20.0
2013-07-21,23.5,16.1,19.4,0.0,18.6,40.3,14.58,Taolagnaro,-25.032,46.99,20.0
2013-07-22,20.7,14.5,17.9,3.4,17.8,35.6,11.07,Taolagnaro,-25.032,46.99,20.0
2013-07-23,22.3,17.4,19.5,0.0,24.1,47.5,14.47,Taolagnaro,-25.032,46.99,20.0
2013-07-24,23.7,17.9,20.4,0.0,19.1,41.8,14.88,Taolagnaro,-25.032,46.99,20.0
2013-07-25,23.8,18.7,20.7,0.0,14.8,32.4,14.23,Taolagnaro,-25.032,46.99,20.0
2013-07-26,22.2,17.7,19.6,0.0,19.4,40.7,13.65,Taolagnaro,-25.032,46.99,20.0
2013-07-27,23.8,18.0,20.4,0.0,21.8,41.4,16.37,Taolagnaro,-25.032,46.99,20.0
2013-07-28,24.8,17.3,20.8,0.0,18.1,38.5,16.68,Taolagnaro,-25.032,46.99,20.0
2013-07-29,24.9,17.5,20.6,0.0,14.4,30.2,16.15,Taolagnaro,-25.032,46.99,20.0
2013-07-30,20.7,16.9,18.8,3.0,19.6,41.0,11.07,Taolagnaro,-25.032,46.99,20.0
2013-07-31,20.0,16.8,18.2,1.7,15.6,32.8,8.42,Taolagnaro,-25.032,46.99,20.0
2013-08-01,19.2,16.8,17.9,0.0,18.0,39.6,9.56,Taolagnaro,-25.032,46.99,20.0
2013-08-02,20.3,16.6,18.2,0.5,21.0,43.2,11.06,Taolagnaro,-25.032,46.99,20.0
2013-08-03,20.6,16.8,18.5,2.3,26.1,52.9,12.88,Taolagnaro,-25.032,46.99,20.0
2013-08-04,20.3,17.2,18.5,0.4,27.8,55.4,12.21,Taolagnaro,-25.032,46.99,20.0
2013-08-05,19.9,17.2,18.2,3.1,29.1,56.2,12.59,Taolagnaro,-25.032,46.99,20.0
2013-08-06,20.2,17.2,18.5,3.2,28.7,58.3,11.79,Taolagnaro,-25.032,46.99,20.0
2013-08-07,21.9,17.6,19.1,0.1,21.7,45.4,14.23,Taolagnaro,-25.032,46.99,20.0
2013-08-08,22.7,17.5,19.7,0.0,19.8,41.8,16.36,Taolagnaro,-25.032,46.99,20.0
2013-08-09,22.6,17.8,19.7,0.0,22.3,45.0,15.98,Taolagnaro,-25.032,46.99,20.0
2013-08-10,23.1,17.4,19.9,0.0,19.5,42.1,17.29,Taolagnaro,-25.032,46.99,20.0
2013-08-11,24.8,16.7,20.4,0.0,13.3,27.0,18.45,Taolagnaro,-25.032,46.99,20.0
2013-08-12,23.6,15.2,19.2,0.0,12.5,27.4,18.21,Taolagnaro,-25.032,46.99,20.0
2013-08-13,25.5,17.4,20.9,0.0,12.2,26.3,18.67,Taolagnaro,-25.032,46.99,20.0
2013-08-14,25.2,16.4,20.7,0.0,15.5,29.2,18.94,Taolagnaro,-25.032,46.99,20.0
2013-08-15,26.2,17.9,21.6,0.0,15.0,28.8,19.02,Taolagnaro,-25.032,46.99,20.0
2013-08-16,26.0,18.4,21.5,0.0,14.0,28.4,19.48,Taolagnaro,-25.032,46.99,20.0
2013-08-17,24.3,16.6,20.4,0.0,12.7,27.0,19.26,Taolagnaro,-25.032,46.99,20.0
2013-08-18,26.1,18.3,21.5,0.0,15.3,25.9,19.45,Taolagnaro,-25.032,46.99,20.0
2013-08-19,24.7,17.5,20.3,0.3,21.3,43.9,16.95,Taolagnaro,-25.032,46.99,20.0
2013-08-20,20.7,17.2,18.7,0.0,16.0,35.6,17.11,Taolagnaro,-25.032,46.99,20.0
2013-08-21,20.9,15.9,18.3,0.0,25.1,51.8,19.01,Taolagnaro,-25.032,46.99,20.0
2013-08-22,25.1,16.5,20.2,0.0,21.9,43.6,19.99,Taolagnaro,-25.032,46.99,20.0
2013-08-23,24.7,16.7,20.3,0.8,15.3,33.1,18.89,Taolagnaro,-25.032,46.99,20.0
2013-08-24,22.8,18.1,20.1,2.4,15.2,28.4,15.2,Taolagnaro,-25.032,46.99,20.0
2013-08-25,20.9,17.0,18.8,4.7,25.0,51.5,10.06,Taolagnaro,-25.032,46.99,20.0
2013-08-26,20.6,17.0,18.5,0.1,20.3,40.7,14.23,Taolagnaro,-25.032,46.99,20.0
2013-08-27,21.7,16.7,19.0,0.0,25.2,49.7,19.06,Taolagnaro,-25.032,46.99,20.0
2013-08-28,22.5,17.4,19.7,0.0,24.5,50.0,17.25,Taolagnaro,-25.032,46.99,20.0
2013-08-29,23.7,17.9,20.4,0.0,25.3,50.0,20.85,Taolagnaro,-25.032,46.99,20.0
2013-08-30,23.9,18.4,20.7,0.0,23.0,47.2,19.57,Taolagnaro,-25.032,46.99,20.0
2013-08-31,25.3,18.2,21.2,0.0,22.7,43.9,21.37,Taolagnaro,-25.032,46.99,20.0
2013-09-01,27.0,18.4,22.2,0.0,16.3,34.6,21.0,Taolagnaro,-25.032,46.99,20.0
2013-09-02,23.2,18.2,20.2,5.7,20.6,40.7,10.25,Taolagnaro,-25.032,46.99,20.0
2013-09-03,21.3,18.2,19.4,0.0,20.8,43.2,14.38,Taolagnaro,-25.032,46.99,20.0
2013-09-04,24.4,18.1,20.8,0.0,17.6,33.8,18.04,Taolagnaro,-25.032,46.99,20.0
2013-09-05,21.9,18.4,19.6,3.4,17.6,36.0,15.44,Taolagnaro,-25.032,46.99,20.0
2013-09-06,23.0,17.6,20.0,0.0,15.8,33.8,17.91,Taolagnaro,-25.032,46.99,20.0
2013-09-07,23.3,16.9,20.0,0.0,18.8,40.3,19.58,Taolagnaro,-25.032,46.99,20.0
2013-09-08,25.2,17.8,20.9,0.0,18.2,35.3,22.37,Taolagnaro,-25.032,46.99,20.0
2013-09-09,27.1,17.8,21.8,0.0,13.0,26.6,22.7,Taolagnaro,-25.032,46.99,20.0
2013-09-10,24.9,17.1,21.0,0.0,13.5,27.7,23.03,Taolagnaro,-25.032,46.99,20.0
2013-09-11,27.2,18.1,22.1,0.0,13.3,28.8,22.83,Taolagnaro,-25.032,46.99,20.0
2013-09-12,25.8,17.5,21.7,0.0,17.5,34.9,22.31,Taolagnaro,-25.032,46.99,20.0
2013-09-13,25.7,18.3,21.6,0.0,22.9,45.4,23.69,Taolagnaro,-25.032,46.99,20.0
2013-09-14,26.8,19.2,22.3,0.0,21.4,41.0,23.63,Taolagnaro,-25.032,46.99,20.0
2013-09-15,26.6,19.5,22.5,0.0,23.6,47.9,23.33,Taolagnaro,-25.032,46.99,20.0
2013-09-16,26.5,19.3,22.2,0.0,22.1,43.2,23.81,Taolagnaro,-25.032,46.99,20.0
2013-09-17,26.6,19.1,22.2,0.0,21.3,44.3,23.86,Taolagnaro,-25.032,46.99,20.0
2013-09-18,26.3,19.4,22.2,0.0,22.4,45.7,24.09,Taolagnaro,-25.032,46.99,20.0
2013-09-19,25.8,19.1,21.9,0.0,24.7,49.3,24.33,Taolagnaro,-25.032,46.99,20.0
2013-09-20,26.5,19.8,22.4,0.0,26.4,52.6,23.91,Taolagnaro,-25.032,46.99,20.0
2013-09-21,26.6,19.7,22.5,0.0,24.1,49.7,24.52,Taolagnaro,-25.032,46.99,20.0
2013-09-22,27.2,19.0,22.5,0.0,21.6,41.8,24.81,Taolagnaro,-25.032,46.99,20.0
2013-09-23,25.5,19.1,22.0,0.0,22.5,49.0,24.71,Taolagnaro,-25.032,46.99,20.0
2013-09-24,27.9,19.6,23.0,0.0,20.9,42.1,24.79,Taolagnaro,-25.032,46.99,20.0
2013-09-25,26.6,18.3,21.9,0.0,15.6,36.7,24.53,Taolagnaro,-25.032,46.99,20.0
2013-09-26,26.7,18.4,21.9,0.0,15.3,36.7,22.82,Taolagnaro,-25.032,46.99,20.0
2013-09-27,26.5,18.2,22.4,0.0,19.2,37.8,24.69,Taolagnaro,-25.032,46.99,20.0
2013-09-28,30.3,20.5,24.6,0.0,17.3,34.6,25.58,Taolagnaro,-25.032,46.99,20.0
2013-09-29,27.9,19.8,23.4,2.4,19.5,37.1,23.5,Taolagnaro,-25.032,46.99,20.0
2013-09-30,20.3,18.1,19.4,9.9,23.3,47.2,7.12,Taolagnaro,-25.032,46.99,20.0
2013-10-01,19.4,16.9,18.4,0.9,26.0,53.3,13.0,Taolagnaro,-25.032,46.99,20.0
2013-10-02,19.9,18.1,18.7,0.7,27.6,54.4,9.28,Taolagnaro,-25.032,46.99,20.0
2013-10-03,22.0,18.3,20.1,0.0,27.4,54.4,12.48,Taolagnaro,-25.032,46.99,20.0
2013-10-04,24.3,19.4,21.4,0.0,28.0,55.4,23.95,Taolagnaro,-25.032,46.99,20.0
2013-10-05,24.4,19.1,21.4,0.0,29.0,58.3,25.45,Taolagnaro,-25.032,46.99,20.0
2013-10-06,25.4,19.6,22.0,0.0,25.9,51.5,26.32,Taolagnaro,-25.032,46.99,20.0
2013-10-07,27.8,19.2,22.9,0.0,17.7,37.4,25.44,Taolagnaro,-25.032,46.99,20.0
2013-10-08,26.0,19.6,22.0,2.4,17.2,37.1,20.89,Taolagnaro,-25.032,46.99,20.0
2013-10-09,22.6,19.2,20.6,2.5,16.9,34.6,14.77,Taolagnaro,-25.032,46.99,20.0
2013-10-10,25.8,18.9,21.8,1.2,20.7,40.0,21.9,Taolagnaro,-25.032,46.99,20.0
2013-10-11,27.8,20.4,23.4,1.4,17.4,35.6,24.13,Taolagnaro,-25.032,46.99,20.0
2013-10-12,29.3,21.0,24.8,0.0,11.9,29.5,26.14,Taolagnaro,-25.032,46.99,20.0
2013-10-13,30.0,19.0,24.7,0.0,11.5,32.0,26.02,Taolagnaro,-25.032,46.99,20.0
2013-10-14,27.6,20.9,23.0,4.0,19.7,41.8,19.06,Taolagnaro,-25.032,46.99,20.0
2013-10-15,20.9,18.6,19.9,5.0,16.7,35.3,7.79,Taolagnaro,-25.032,46.99,20.0
2013-10-16,21.7,18.4,19.7,1.2,23.9,45.7,20.46,Taolagnaro,-25.032,46.99,20.0
2013-10-17,23.6,17.6,20.7,0.0,26.0,50.8,27.05,Taolagnaro,-25.032,46.99,20.0
2013-10-18,27.0,19.3,22.5,0.0,22.9,43.6,26.3,Taolagnaro,-25.032,46.99,20.0
2013-10-19,28.0,20.1,23.6,0.0,15.8,31.7,25.59,Taolagnaro,-25.032,46.99,20.0
2013-10-20,22.5,19.0,20.9,1.5,19.0,39.2,15.87,Taolagnaro,-25.032,46.99,20.0
2013-10-21,24.7,18.4,21.6,0.0,23.2,47.5,24.78,Taolagnaro,-25.032,46.99,20.0
2013-10-22,30.0,20.6,25.1,0.0,15.6,32.4,22.99,Taolagnaro,-25.032,46.99,20.0
2013-10-23,26.5,20.6,22.8,3.2,17.4,38.2,21.7,Taolagnaro,-25.032,46.99,20.0
2013-10-24,21.9,19.6,20.7,2.5,17.5,36.0,13.4,Taolagnaro,-25.032,46.99,20.0
2013-10-25,22.8,19.3,21.0,0.0,26.0,51.5,18.5,Taolagnaro,-25.032,46.99,20.0
2013-10-26,25.1,20.4,22.2,2.6,22.6,44.6,18.62,Taolagnaro,-25.032,46.99,20.0
2013-10-27,25.8,20.7,22.7,4.8,27.0,51.1,19.48,Taolagnaro,-25.032,46.99,20.0
2013-10-28,21.0,18.1,19.4,19.4,29.6,61.2,8.58,Taolagnaro,-25.032,46.99,20.0
2013-10-29,21.7,17.9,20.0,12.4,31.0,62.3,17.05,Taolagnaro,-25.032,46.99,20.0
2013-10-30,26.6,19.8,22.7,2.4,21.7,42.8,25.07,Taolagnaro,-25.032,46.99,20.0
2013-10-31,27.9,21.0,24.0,0.5,19.5,43.2,25.81,Taolagnaro,-25.032,46.99,20.0
2013-11-01,30.0,22.3,25.8,0.0,16.1,30.6,25.64,Taolagnaro,-25.032,46.99,20.0
2013-11-02,30.2,21.7,25.2,4.4,21.8,42.8,25.64,Taolagnaro,-25.032,46.99,20.0
2013-11-03,27.8,21.5,23.6,15.2,15.4,32.0,22.05,Taolagnaro,-25.032,46.99,20.0
2013-11-04,23.9,20.8,21.9,1.6,18.2,37.1,15.13,Taolagnaro,-25.032,46.99,20.0
2013-11-05,23.6,20.2,21.7,0.4,21.3,42.5,17.89,Taolagnaro,-25.032,46.99,20.0
2013-11-06,27.8,21.0,23.8,0.0,19.1,37.4,28.31,Taolagnaro,-25.032,46.99,20.0
2013-11-07,28.4,21.9,24.6,0.0,25.0,49.0,29.99,Taolagnaro,-25.032,46.99,20.0
2013-11-08,29.5,21.9,25.0,0.2,20.9,44.3,27.37,Taolagnaro,-25.032,46.99,20.0
2013-11-09,26.2,20.6,23.3,0.1,15.8,33.1,24.95,Taolagnaro,-25.032,46.99,20.0
2013-11-10,25.9,21.5,23.1,3.0,16.6,38.2,18.61,Taolagnaro,-25.032,46.99,20.0
2013-11-11,24.0,18.8,21.6,0.0,15.5,35.6,20.86,Taolagnaro,-25.032,46.99,20.0
2013-11-12,23.1,17.5,20.7,1.8,16.9,34.6,21.53,Taolagnaro,-25.032,46.99,20.0
2013-11-13,24.9,20.2,22.3,2.7,18.1,37.4,23.16,Taolagnaro,-25.032,46.99,20.0
2013-11-14,25.4,20.7,22.9,2.8,24.6,46.1,21.27,Taolagnaro,-25.032,46.99,20.0
2013-11-15,27.9,21.3,24.3,0.0,23.7,50.0,29.3,Taolagnaro,-25.032,46.99,20.0
2013-11-16,29.9,22.0,25.6,0.0,19.6,40.3,30.32,Taolagnaro,-25.032,46.99,20.0
2013-11-17,28.6,22.3,25.1,0.0,18.3,36.4,29.24,Taolagnaro,-25.032,46.99,20.0
2013-11-18,30.5,21.7,25.6,0.0,15.8,33.5,30.24,Taolagnaro,-25.032,46.99,20.0
2013-11-19,28.9,20.9,24.5,0.0,16.6,38.5,28.31,Taolagnaro,-25.032,46.99,20.0
2013-11-20,27.2,21.4,24.4,0.9,16.3,35.3,27.09,Taolagnaro,-25.032,46.99,20.0
2013-11-21,28.2,22.5,25.0,0.3,14.1,35.6,27.86,Taolagnaro,-25.032,46.99,20.0
2013-11-22,25.6,22.2,23.6,3.8,19.3,40.3,19.72,Taolagnaro,-25.032,46.99,20.0
2013-11-23,25.1,22.0,23.3,0.4,22.2,44.6,18.94,Taolagnaro,-25.032,46.99,20.0
2013-11-24,24.5,20.8,22.7,8.0,18.2,37.1,16.16,Taolagnaro,-25.032,46.99,20.0
2013-11-25,24.1,20.4,22.1,6.4,22.6,47.5,17.36,Taolagnaro,-25.032,46.99,20.0
2013-11-26,24.6,20.6,22.7,3.3,25.1,50.0,21.76,Taolagnaro,-25.032,46.99,20.0
2013-11-27,27.8,21.7,24.1,5.7,15.8,33.8,22.71,Taolagnaro,-25.032,46.99,20.0
2013-11-28,27.5,20.3,23.8,5.9,15.6,28.4,25.44,Taolagnaro,-25.032,46.99,20.0
2013-11-29,26.0,21.6,23.3,2.4,23.4,45.0,21.32,Taolagnaro,-25.032,46.99,20.0
2013-11-30,27.6,22.2,24.2,11.9,19.5,40.3,20.84,Taolagnaro,-25.032,46.99,20.0
2013-12-01,28.3,21.5,24.3,1.6,11.7,31.3,26.33,Taolagnaro,-25.032,46.99,20.0
2013-12-02,25.5,20.9,23.0,5.6,19.9,42.5,22.5,Taolagnaro,-25.032,46.99,20.0
2013-12-03,23.2,20.2,21.5,4.5,22.3,45.0,20.37,Taolagnaro,-25.032,46.99,20.0
2013-12-04,25.4,19.7,22.6,0.0,25.5,49.3,30.28,Taolagnaro,-25.032,46.99,20.0
2013-12-05,28.0,21.0,24.3,0.3,20.4,42.5,27.64,Taolagnaro,-25.032,46.99,20.0
2013-12-06,27.9,22.0,24.1,11.2,14.9,31.0,21.93,Taolagnaro,-25.032,46.99,20.0
2013-12-07,24.1,21.3,22.6,6.3,17.6,37.4,19.21,Taolagnaro,-25.032,46.99,20.0
2013-12-08,23.2,21.2,22.0,2.8,18.5,36.4,12.03,Taolagnaro,-25.032,46.99,20.0
2013-12-09,23.1,21.1,22.2,4.9,22.5,40.7,10.4,Taolagnaro,-25.032,46.99,20.0
2013-12-10,27.3,21.5,23.9,10.2,15.1,31.3,20.57,Taolagnaro,-25.032,46.99,20.0
2013-12-11,27.2,22.8,24.6,0.8,19.1,34.9,19.12,Taolagnaro,-25.032,46.99,20.0
2013-12-12,29.4,23.3,25.8,1.3,18.1,32.8,25.31,Taolagnaro,-25.032,46.99,20.0
2013-12-13,28.9,23.0,25.8,0.4,13.7,29.5,26.92,Taolagnaro,-25.032,46.99,20.0
2013-12-14,29.0,23.8,25.9,9.8,15.6,37.8,24.49,Taolagnaro,-25.032,46.99,20.0
2013-12-15,28.3,22.6,25.0,0.5,15.5,36.4,27.67,Taolagnaro,-25.032,46.99,20.0
2013-12-16,30.1,22.5,26.1,0.2,13.8,32.0,28.94,Taolagnaro,-25.032,46.99,20.0
2013-12-17,30.7,24.7,26.8,3.1,15.9,33.8,27.58,Taolagnaro,-25.032,46.99,20.0
2013-12-18,26.9,22.4,24.5,2.3,19.4,41.4,21.34,Taolagnaro,-25.032,46.99,20.0
2013-12-19,24.1,21.2,22.3,0.0,19.9,43.2,23.04,Taolagnaro,-25.032,46.99,20.0
2013-12-20,25.2,20.8,23.1,0.0,21.3,43.2,21.56,Taolagnaro,-25.032,46.99,20.0
2013-12-21,26.7,21.8,23.7,1.0,26.0,51.8,26.98,Taolagnaro,-25.032,46.99,20.0
2013-12-22,25.3,21.2,22.9,0.0,25.6,52.6,28.26,Taolagnaro,-25.032,46.99,20.0
2013-12-23,26.5,20.8,23.3,0.0,27.3,54.7,31.56,Taolagnaro,-25.032,46.99,20.0
2013-12-24,25.7,21.0,23.4,0.0,26.0,54.0,26.95,Taolagnaro,-25.032,46.99,20.0
2013-12-25,28.2,22.0,24.6,0.0,23.6,49.3,29.95,Taolagnaro,-25.032,46.99,20.0
2013-12-26,28.7,22.3,24.9,0.0,23.1,45.7,27.22,Taolagnaro,-25.032,46.99,20.0
2013-12-27,27.8,22.5,24.8,0.1,23.7,50.0,28.79,Taolagnaro,-25.032,46.99,20.0
2013-12-28,27.8,22.5,24.8,0.4,24.1,49.7,27.31,Taolagnaro,-25.032,46.99,20.0
2013-12-29,27.5,23.1,24.8,0.4,22.3,45.0,25.59,Taolagnaro,-25.032,46.99,20.0
2013-12-30,26.6,22.5,24.3,0.3,22.3,43.9,25.24,Taolagnaro,-25.032,46.99,20.0
2013-12-31,29.1,22.3,25.5,0.8,20.1,40.7,27.74,Taolagnaro,-25.032,46.99,20.0
2014-01-01,29.6,23.7,26.2,4.6,15.9,35.6,24.38,Taolagnaro,-25.032,46.99,20.0
2014-01-02,29.3,23.6,26.1,3.8,10.5,27.7,25.32,Taolagnaro,-25.032,46.99,20.0
2014-01-03,28.9,23.0,25.8,1.6,16.9,35.3,25.51,Taolagnaro,-25.032,46.99,20.0
2014-01-04,27.3,22.9,24.9,0.1,21.2,46.1,27.08,Taolagnaro,-25.032,46.99,20.0
2014-01-05,29.1,22.9,25.5,0.1,19.4,36.4,27.46,Taolagnaro,-25.032,46.99,20.0
2014-01-06,29.4,23.8,25.8,3.2,15.6,32.8,21.75,Taolagnaro,-25.032,46.99,20.0
2014-01-07,27.9,23.4,25.0,18.3,9.2,26.6,12.39,Taolagnaro,-25.032,46.99,20.0
2014-01-08,28.5,23.1,25.0,19.2,9.5,41.0,12.71,Taolagnaro,-25.032,46.99,20.0
2014-01-09,27.3,23.1,25.5,8.7,20.8,48.2,9.15,Taolagnaro,-25.032,46.99,20.0
2014-01-10,27.7,23.9,25.9,11.0,19.4,41.4,16.77,Taolagnaro,-25.032,46.99,20.0
2014-01-11,28.9,23.4,25.6,13.4,10.9,29.2,18.9,Taolagnaro,-25.032,46.99,20.0
2014-01-12,29.4,24.0,26.1,5.3,15.8,33.5,20.48,Taolagnaro,-25.032,46.99,20.0
2014-01-13,29.8,24.1,26.6,4.7,16.5,33.5,26.44,Taolagnaro,-25.032,46.99,20.0
2014-01-14,27.4,23.9,25.0,18.4,17.6,33.5,15.1,Taolagnaro,-25.032,46.99,20.0
2014-01-15,27.4,23.3,24.7,5.4,21.6,42.1,18.45,Taolagnaro,-25.032,46.99,20.0
2014-01-16,26.1,23.0,24.4,14.4,22.0,49.0,7.44,Taolagnaro,-25.032,46.99,20.0
2014-01-17,27.7,23.7,25.4,2.9,26.9,55.8,19.93,Taolagnaro,-25.032,46.99,20.0
2014-01-18,29.6,24.3,26.1,25.1,15.8,32.4,18.65,Taolagnaro,-25.032,46.99,20.0
2014-01-19,29.4,24.1,26.4,13.7,9.8,26.3,23.53,Taolagnaro,-25.032,46.99,20.0
2014-01-20,30.3,24.3,27.0,2.7,20.8,41.8,23.04,Taolagnaro,-25.032,46.99,20.0
2014-01-21,30.1,24.6,26.7,5.1,18.7,41.4,23.0,Taolagnaro,-25.032,46.99,20.0
2014-01-22,29.9,24.1,26.3,16.2,17.2,32.8,22.36,Taolagnaro,-25.032,46.99,20.0
2014-01-23,28.7,23.9,25.9,2.3,21.3,46.1,22.41,Taolagnaro,-25.032,46.99,20.0
2014-01-24,28.6,23.9,25.6,3.2,20.5,43.6,25.75,Taolagnaro,-25.032,46.99,20.0
2014-01-25,28.0,23.4,25.4,1.8,20.8,42.5,25.44,Taolagnaro,-25.032,46.99,20.0
2014-01-26,29.5,23.8,26.3,0.9,18.9,34.9,26.82,Taolagnaro,-25.032,46.99,20.0
2014-01-27,29.5,24.1,26.5,0.3,20.5,43.9,28.43,Taolagnaro,-25.032,46.99,20.0
2014-01-28,29.5,23.8,26.1,0.6,20.4,43.6,27.05,Taolagnaro,-25.032,46.99,20.0
2014-01-29,29.9,23.8,25.8,9.9,15.9,41.4,23.84,Taolagnaro,-25.032,46.99,20.0
2014-01-30,28.4,23.9,25.5,6.0,16.3,36.0,23.1,Taolagnaro,-25.032,46.99,20.0
2014-01-31,28.6,23.4,25.5,1.6,17.8,34.6,22.36,Taolagnaro,-25.032,46.99,20.0
2014-02-01,28.8,24.0,25.8,5.9,17.3,32.0,23.21,Taolagnaro,-25.032,46.99,20.0
2014-02-02,29.0,24.0,26.0,8.1,12.7,28.4,22.5,Taolagnaro,-25.032,46.99,20.0
2014-02-03,28.8,23.1,25.6,2.1,12.6,33.5,23.21,Taolagnaro,-25.032,46.99,20.0
2014-02-04,28.6,23.0,25.7,0.3,17.7,36.7,25.27,Taolagnaro,-25.032,46.99,20.0
2014-02-05,27.6,22.8,25.0,1.1,13.4,31.0,23.72,Taolagnaro,-25.032,46.99,20.0
2014-02-06,27.8,22.2,24.8,3.7,15.5,31.3,23.35,Taolagnaro,-25.032,46.99,20.0
2014-02-07,27.4,22.4,24.5,4.5,15.0,33.1,21.59,Taolagnaro,-25.032,46.99,20.0
2014-02-08,27.6,21.7,24.9,1.5,14.5,33.1,22.91,Taolagnaro,-25.032,46.99,20.0
2014-02-09,29.3,24.0,26.2,7.7,15.8,34.9,21.53,Taolagnaro,-25.032,46.99,20.0
2014-02-10,29.2,24.5,26.2,6.5,17.3,37.8,20.23,Taolagnaro,-25.032,46.99,20.0
2014-02-11,28.6,24.3,26.1,0.1,22.0,42.1,20.98,Taolagnaro,-25.032,46.99,20.0
2014-02-12,28.1,23.7,25.5,0.0,22.7,47.5,27.45,Taolagnaro,-25.032,46.99,20.0
2014-02-13,27.2,23.2,24.9,1.0,20.7,42.8,23.28,Taolagnaro,-25.032,46.99,20.0
2014-02-14,26.2,22.3,24.3,3.0,21.5,43.6,19.58,Taolagnaro,-25.032,46.99,20.0
2014-02-15,27.5,22.1,24.6,0.0,19.8,40.7,23.21,Taolagnaro,-25.032,46.99,20.0
2014-02-16,27.3,22.5,24.5,0.0,21.6,44.6,26.05,Taolagnaro,-25.032,46.99,20.0
2014-02-17,27.1,22.0,24.5,0.7,23.9,49.7,26.13,Taolagnaro,-25.032,46.99,20.0
2014-02-18,28.0,22.4,25.1,0.1,23.9,49.3,24.94,Taolagnaro,-25.032,46.99,20.0
2014-02-19,29.4,24.0,26.1,0.5,23.8,49.0,19.01,Taolagnaro,-25.032,46.99,20.0
2014-02-20,28.6,24.6,26.2,0.5,24.9,51.5,22.67,Taolagnaro,-25.032,46.99,20.0
2014-02-21,28.3,24.4,25.6,0.3,21.4,42.8,14.87,Taolagnaro,-25.032,46.99,20.0
2014-02-22,30.2,24.1,26.6,0.2,19.7,43.2,26.52,Taolagnaro,-25.032,46.99,20.0
2014-02-23,30.2,23.9,26.6,0.0,19.9,40.0,26.7,Taolagnaro,-25.032,46.99,20.0
2014-02-24,30.4,23.4,26.5,0.0,20.1,40.0,27.92,Taolagnaro,-25.032,46.99,20.0
2014-02-25,29.4,23.9,26.2,0.0,24.2,44.6,25.0,Taolagnaro,-25.032,46.99,20.0
2014-02-26,29.6,23.6,25.9,6.6,16.8,34.9,22.12,Taolagnaro,-25.032,46.99,20.0
2014-02-27,28.7,23.7,25.6,18.0,15.3,34.9,12.55,Taolagnaro,-25.032,46.99,20.0
2014-02-28,27.8,23.2,24.8,20.8,9.7,21.6,12.01,Taolagnaro,-25.032,46.99,20.0
2014-03-01,28.5,23.9,25.8,6.0,13.4,26.6,16.6,Taolagnaro,-25.032,46.99,20.0
2014-03-02,29.7,24.2,26.6,0.3,19.1,38.9,24.61,Taolagnaro,-25.032,46.99,20.0
2014-03-03,29.8,24.2,26.4,0.0,23.4,47.9,25.27,Taolagnaro,-25.032,46.99,20.0
2014-03-04,29.1,23.5,25.9,0.0,21.7,43.2,25.84,Taolagnaro,-25.032,46.99,20.0
2014-03-05,29.2,23.5,26.0,0.0,20.5,42.5,25.96,Taolagnaro,-25.032,46.99,20.0
2014-03-06,29.6,23.6,26.3,0.0,21.2,43.2,25.36,Taolagnaro,-25.032,46.99,20.0
2014-03-07,30.1,24.1,26.7,0.0,20.7,39.6,25.43,Taolagnaro,-25.032,46.99,20.0
2014-03-08,29.9,24.1,26.4,0.0,21.4,42.1,26.3,Taolagnaro,-25.032,46.99,20.0
2014-03-09,29.4,23.3,26.0,0.0,21.3,42.5,25.5,Taolagnaro,-25.032,46.99,20.0
2014-03-10,30.2,23.4,26.4,0.0,18.2,37.8,26.4,Taolagnaro,-25.032,46.99,20.0
2014-03-11,30.9,23.9,27.0,0.0,19.0,36.0,25.17,Taolagnaro,-25.032,46.99,20.0
2014-03-12,31.7,24.3,27.6,0.0,15.8,32.8,24.14,Taolagnaro,-25.032,46.99,20.0
2014-03-13,30.1,24.5,27.0,2.7,13.5,30.2,20.07,Taolagnaro,-25.032,46.99,20.0
2014-03-14,28.9,24.1,26.2,4.2,16.4,33.8,19.16,Taolagnaro,-25.032,46.99,20.0
2014-03-15,30.5,24.0,26.9,0.0,17.4,32.0,23.68,Taolagnaro,-25.032,46.99,20.0
2014-03-16,31.4,24.7,27.0,2.5,16.7,31.7,21.15,Taolagnaro,-25.032,46.99,20.0
2014-03-17,28.7,23.7,25.8,1.4,16.2,34.9,20.42,Taolagnaro,-25.032,46.99,20.0
2014-03-18,26.7,22.4,24.3,2.6,17.0,40.0,21.09,Taolagnaro,-25.032,46.99,20.0
2014-03-19,28.6,22.0,25.0,0.0,19.2,39.2,23.65,Taolagnaro,-25.032,46.99,20.0
2014-03-20,30.4,23.7,26.3,1.6,14.2,28.1,22.1,Taolagnaro,-25.032,46.99,20.0
2014-03-21,27.7,23.3,25.0,2.3,18.6,40.7,20.28,Taolagnaro,-25.032,46.99,20.0
2014-03-22,28.2,23.0,24.9,0.7,24.2,50.8,23.79,Taolagnaro,-25.032,46.99,20.0
2014-03-23,26.9,23.2,24.7,1.5,27.4,55.4,19.61,Taolagnaro,-25.032,46.99,20.0
2014-03-24,26.9,23.2,24.7,0.1,25.8,53.3,19.11,Taolagnaro,-25.032,46.99,20.0
2014-03-25,26.7,22.9,24.4,0.0,24.7,51.5,19.93,Taolagnaro,-25.032,46.99,20.0
2014-03-26,27.5,22.2,24.5,0.0,19.7,40.3,22.82,Taolagnaro,-25.032,46.99,20.0
2014-03-27,26.9,21.6,23.9,0.0,20.4,42.8,22.69,Taolagnaro,-25.032,46.99,20.0
2014-03-28,26.3,21.4,23.8,0.0,20.6,42.1,20.3,Taolagnaro,-25.032,46.99,20.0
2014-03-29,26.4,21.6,23.9,0.0,20.8,43.6,17.92,Taolagnaro,-25.032,46.99,20.0
2014-03-30,27.1,21.6,23.9,0.2,23.4,47.5,22.61,Taolagnaro,-25.032,46.99,20.0
2014-03-31,25.5,21.2,23.2,0.8,21.3,43.6,18.09,Taolagnaro,-25.032,46.99,20.0
2014-04-01,27.3,22.1,24.3,0.0,24.6,49.0,19.6,Taolagnaro,-25.032,46.99,20.0
2014-04-02,27.9,22.7,24.8,0.0,21.6,45.4,21.42,Taolagnaro,-25.032,46.99,20.0
2014-04-03,28.1,22.3,24.8,0.0,22.8,44.6,21.99,Taolagnaro,-25.032,46.99,20.0
2014-04-04,27.9,22.7,25.0,0.0,23.0,45.7,20.01,Taolagnaro,-25.032,46.99,20.0
2014-04-05,28.8,23.6,25.5,0.0,16.2,34.6,19.11,Taolagnaro,-25.032,46.99,20.0
2014-04-06,28.5,22.2,24.3,10.3,23.1,51.1,15.4,Taolagnaro,-25.032,46.99,20.0
2014-04-07,24.1,20.5,22.1,5.4,20.9,50.0,15.17,Taolagnaro,-25.032,46.99,20.0
2014-04-08,23.7,19.7,21.5,4.9,21.1,46.1,16.51,Taolagnaro,-25.032,46.99,20.0
2014-04-09,24.0,19.7,21.7,0.9,23.9,49.7,15.89,Taolagnaro,-25.032,46.99,20.0
2014-04-10,24.0,20.3,22.0,0.0,25.6,53.3,14.85,Taolagnaro,-25.032,46.99,20.0
2014-04-11,24.6,20.4,22.1,0.6,24.9,50.8,15.99,Taolagnaro,-25.032,46.99,20.0
2014-04-12,23.5,20.0,21.7,1.0,22.7,49.0,11.62,Taolagnaro,-25.032,46.99,20.0
2014-04-13,23.1,19.3,21.2,6.5,24.7,53.6,13.73,Taolagnaro,-25.032,46.99,20.0
2014-04-14,24.6,20.5,22.2,0.0,27.8,55.8,19.08,Taolagnaro,-25.032,46.99,20.0
2014-04-15,25.0,20.0,22.4,0.0,21.3,42.5,17.62,Taolagnaro,-25.032,46.99,20.0
2014-04-16,27.5,20.7,23.8,0.1,15.9,33.5,18.83,Taolagnaro,-25.032,46.99,20.0
2014-04-17,28.1,21.8,24.6,0.2,15.1,29.2,17.83,Taolagnaro,-25.032,46.99,20.0
2014-04-18,28.7,22.6,25.0,0.4,14.8,29.2,17.49,Taolagnaro,-25.032,46.99,20.0
2014-04-19,28.2,21.7,23.8,5.4,13.4,28.8,14.08,Taolagnaro,-25.032,46.99,20.0
2014-04-20,26.8,21.0,23.4,2.4,11.5,25.9,14.94,Taolagnaro,-25.032,46.99,20.0
2014-04-21,27.5,21.2,24.0,0.2,10.8,23.0,17.87,Taolagnaro,-25.032,46.99,20.0
2014-04-22,28.0,21.7,24.6,0.2,14.8,29.2,17.22,Taolagnaro,-25.032,46.99,20.0
2014-04-23,28.8,22.5,25.3,0.0,14.9,29.2,18.13,Taolagnaro,-25.032,46.99,20.0
2014-04-24,28.5,22.8,25.5,0.0,10.7,23.0,17.49,Taolagnaro,-25.032,46.99,20.0
2014-04-25,28.6,23.2,25.4,0.0,14.6,29.2,16.2,Taolagnaro,-25.032,46.99,20.0
2014-04-26,27.8,21.9,24.5,1.0,12.6,27.7,16.43,Taolagnaro,-25.032,46.99,20.0
2014-04-27,26.6,20.7,23.6,0.2,10.0,26.6,13.56,Taolagnaro,-25.032,46.99,20.0
2014-04-28,25.0,20.7,22.4,20.0,17.5,39.2,9.54,Taolagnaro,-25.032,46.99,20.0
2014-04-29,25.8,19.1,22.4,0.2,17.6,40.0,14.88,Taolagnaro,-25.032,46.99,20.0
2014-04-30,26.0,19.1,22.2,0.0,14.2,29.2,17.25,Taolagnaro,-25.032,46.99,20.0
2014-05-01,25.7,18.3,22.1,0.0,16.7,36.4,18.3,Taolagnaro,-25.032,46.99,20.0
2014-05-02,26.0,21.1,23.2,0.0,20.2,43.6,17.96,Taolagnaro,-25.032,46.99,20.0
2014-05-03,26.7,21.8,23.5,0.0,22.0,43.9,16.88,Taolagnaro,-25.032,46.99,20.0
2014-05-04,24.5,21.6,22.8,0.0,24.4,50.0,15.08,Taolagnaro,-25.032,46.99,20.0
2014-05-05,24.7,21.5,22.8,0.0,23.2,45.4,14.47,Taolagnaro,-25.032,46.99,20.0
2014-05-06,25.5,21.5,23.0,0.0,22.0,41.4,15.83,Taolagnaro,-25.032,46.99,20.0
2014-05-07,26.1,21.4,23.2,0.0,18.9,37.4,15.84,Taolagnaro,-25.032,46.99,20.0
2014-05-08,26.4,21.0,23.4,0.4,17.1,31.7,15.88,Taolagnaro,-25.032,46.99,20.0
2014-05-09,25.8,21.3,23.2,0.1,17.3,34.9,15.73,Taolagnaro,-25.032,46.99,20.0
2014-05-10,25.8,20.8,23.0,0.0,19.4,37.8,16.32,Taolagnaro,-25.032,46.99,20.0
2014-05-11,27.3,21.1,23.8,0.0,16.1,33.8,16.34,Taolagnaro,-25.032,46.99,20.0
2014-05-12,27.6,21.4,23.6,1.0,13.7,33.8,13.57,Taolagnaro,-25.032,46.99,20.0
2014-05-13,25.6,18.8,21.0,10.1,30.2,83.9,12.41,Taolagnaro,-25.032,46.99,20.0
2014-05-14,21.8,18.2,20.0,1.7,27.4,65.9,13.01,Taolagnaro,-25.032,46.99,20.0
2014-05-15,23.2,15.2,19.1,0.0,11.8,24.8,17.02,Taolagnaro,-25.032,46.99,20.0
2014-05-16,24.8,16.4,20.3,0.0,16.8,36.0,14.88,Taolagnaro,-25.032,46.99,20.0
2014-05-17,25.0,16.9,20.6,0.0,9.2,22.3,16.82,Taolagnaro,-25.032,46.99,20.0
2014-05-18,23.7,17.4,20.2,1.3,25.8,53.6,11.16,Taolagnaro,-25.032,46.99,20.0
2014-05-19,22.4,19.2,20.6,0.1,15.2,32.8,10.53,Taolagnaro,-25.032,46.99,20.0
2014-05-20,23.3,15.9,20.1,0.0,17.6,35.3,15.07,Taolagnaro,-25.032,46.99,20.0
2014-05-21,26.2,19.4,22.4,0.0,17.0,35.3,16.18,Taolagnaro,-25.032,46.99,20.0
2014-05-22,23.8,19.3,21.0,5.9,21.4,41.4,10.76,Taolagnaro,-25.032,46.99,20.0
2014-05-23,20.9,18.9,19.8,0.6,23.9,51.5,9.95,Taolagnaro,-25.032,46.99,20.0
2014-05-24,22.1,18.5,20.2,0.0,27.2,54.7,13.51,Taolagnaro,-25.032,46.99,20.0
2014-05-25,23.6,19.0,21.0,0.0,18.6,37.1,15.68,Taolagnaro,-25.032,46.99,20.0
2014-05-26,26.2,16.9,21.2,0.0,12.8,27.4,16.44,Taolagnaro,-25.032,46.99,20.0
2014-05-27,25.6,17.1,20.9,0.5,21.7,45.7,12.78,Taolagnaro,-25.032,46.99,20.0
2014-05-28,22.6,18.5,20.4,2.3,16.9,31.7,9.47,Taolagnaro,-25.032,46.99,20.0
2014-05-29,23.4,19.1,21.0,0.0,20.3,40.0,10.85,Taolagnaro,-25.032,46.99,20.0
2014-05-30,26.2,19.7,22.4,0.0,15.3,33.8,14.72,Taolagnaro,-25.032,46.99,20.0
2014-05-31,25.5,18.7,22.1,0.0,14.1,28.1,14.43,Taolagnaro,-25.032,46.99,20.0
2014-06-01,25.7,18.4,22.1,0.0,14.8,28.8,13.8,Taolagnaro,-25.032,46.99,20.0
2014-06-02,26.9,19.8,22.8,0.0,14.6,28.4,15.6,Taolagnaro,-25.032,46.99,20.0
2014-06-03,26.0,19.3,22.3,0.0,10.8,26.6,14.4,Taolagnaro,-25.032,46.99,20.0
2014-06-04,25.9,20.5,22.7,0.0,18.0,36.4,15.06,Taolagnaro,-25.032,46.99,20.0
2014-06-05,27.6,20.5,23.5,0.0,16.8,32.4,15.37,Taolagnaro,-25.032,46.99,20.0
2014-06-06,27.1,21.1,23.4,0.0,14.3,28.4,15.35,Taolagnaro,-25.032,46.99,20.0
2014-06-07,26.3,19.8,21.8,5.9,24.1,48.6,9.9,Taolagnaro,-25.032,46.99,20.0
2014-06-08,21.3,18.7,20.0,0.4,19.7,38.5,9.67,Taolagnaro,-25.032,46.99,20.0
2014-06-09,21.6,17.8,19.5,0.0,24.2,48.2,13.98,Taolagnaro,-25.032,46.99,20.0
2014-06-10,23.4,18.2,20.3,0.0,19.0,38.5,15.05,Taolagnaro,-25.032,46.99,20.0
2014-06-11,24.0,17.5,20.5,0.0,14.8,32.0,14.47,Taolagnaro,-25.032,46.99,20.0
2014-06-12,23.2,17.9,20.6,0.0,17.7,37.4,11.82,Taolagnaro,-25.032,46.99,20.0
2014-06-13,22.3,17.9,20.0,0.0,17.3,35.3,11.89,Taolagnaro,-25.032,46.99,20.0
2014-06-14,23.9,18.5,20.8,0.0,19.5,40.3,13.46,Taolagnaro,-25.032,46.99,20.0
2014-06-15,25.8,18.7,21.7,0.0,15.5,35.6,15.08,Taolagnaro,-25.032,46.99,20.0
2014-06-16,27.2,17.5,21.7,0.0,11.5,23.4,14.92,Taolagnaro,-25.032,46.99,20.0
2014-06-17,25.2,16.8,21.0,0.4,16.3,29.9,14.4,Taolagnaro,-25.032,46.99,20.0
2014-06-18,25.5,19.8,22.2,0.0,15.2,29.5,13.04,Taolagnaro,-25.032,46.99,20.0
2014-06-19,26.6,19.9,22.8,0.0,10.4,21.6,11.35,Taolagnaro,-25.032,46.99,20.0
2014-06-20,21.7,18.8,20.2,5.4,21.7,42.5,8.04,Taolagnaro,-25.032,46.99,20.0
2014-06-21,23.5,16.7,19.9,0.0,16.1,33.1,13.44,Taolagnaro,-25.032,46.99,20.0
2014-06-22,21.6,16.5,19.2,0.6,13.8,29.2,9.85,Taolagnaro,-25.032,46.99,20.0
2014-06-23,22.4,16.7,19.5,0.0,16.8,34.9,12.78,Taolagnaro,-25.032,46.99,20.0
2014-06-24,23.8,17.8,20.4,0.0,14.6,30.2,14.55,Taolagnaro,-25.032,46.99,20.0
2014-06-25,23.7,18.6,20.7,0.0,17.4,36.7,14.56,Taolagnaro,-25.032,46.99,20.0
2014-06-26,24.9,18.1,21.1,0.0,16.3,33.1,14.99,Taolagnaro,-25.032,46.99,20.0
2014-06-27,25.2,16.8,20.7,0.0,13.7,28.1,15.07,Taolagnaro,-25.032,46.99,20.0
2014-06-28,23.3,17.7,20.5,0.2,13.2,28.1,10.53,Taolagnaro,-25.032,46.99,20.0
2014-06-29,22.5,18.0,20.2,1.0,16.3,32.4,10.84,Taolagnaro,-25.032,46.99,20.0
2014-06-30,23.6,18.2,20.5,0.0,18.5,35.3,11.96,Taolagnaro,-25.032,46.99,20.0
2014-07-01,23.2,18.8,20.4,0.0,21.3,43.9,12.58,Taolagnaro,-25.032,46.99,20.0
2014-07-02,22.5,19.3,20.5,2.3,24.0,49.7,11.74,Taolagnaro,-25.032,46.99,20.0
2014-07-03,22.0,19.3,20.3,1.6,23.6,48.2,11.13,Taolagnaro,-25.032,46.99,20.0
2014-07-04,21.5,19.0,20.1,0.0,25.4,50.0,11.59,Taolagnaro,-25.032,46.99,20.0
2014-07-05,23.2,19.3,20.8,0.0,24.1,49.7,14.21,Taolagnaro,-25.032,46.99,20.0
2014-07-06,24.0,19.0,20.9,0.0,19.4,42.5,13.96,Taolagnaro,-25.032,46.99,20.0
2014-07-07,25.6,18.1,21.5,0.0,13.2,28.4,14.69,Taolagnaro,-25.032,46.99,20.0
2014-07-08,26.4,17.0,21.0,1.3,15.9,44.3,13.0,Taolagnaro,-25.032,46.99,20.0
2014-07-09,19.5,16.6,17.9,7.1,27.1,70.6,9.47,Taolagnaro,-25.032,46.99,20.0
2014-07-10,20.7,15.2,17.8,0.6,14.8,30.2,13.8,Taolagnaro,-25.032,46.99,20.0
2014-07-11,20.4,14.5,17.6,0.0,10.7,23.0,12.1,Taolagnaro,-25.032,46.99,20.0
2014-07-12,21.4,15.6,18.4,0.0,19.8,40.3,12.9,Taolagnaro,-25.032,46.99,20.0
2014-07-13,23.9,16.4,19.8,0.0,15.3,33.8,15.63,Taolagnaro,-25.032,46.99,20.0
2014-07-14,24.1,15.9,19.7,0.0,18.4,35.3,15.49,Taolagnaro,-25.032,46.99,20.0
2014-07-15,21.0,17.1,18.8,2.3,15.1,30.6,12.01,Taolagnaro,-25.032,46.99,20.0
2014-07-16,20.0,17.4,18.6,0.0,17.0,34.2,8.74,Taolagnaro,-25.032,46.99,20.0
2014-07-17,23.0,17.5,19.8,0.0,18.2,37.1,15.43,Taolagnaro,-25.032,46.99,20.0
2014-07-18,24.9,17.2,20.6,0.0,16.8,32.8,16.36,Taolagnaro,-25.032,46.99,20.0
2014-07-19,26.2,18.2,21.6,0.0,14.4,27.4,15.83,Taolagnaro,-25.032,46.99,20.0
2014-07-20,24.7,16.9,20.9,0.0,12.4,26.3,15.6,Taolagnaro,-25.032,46.99,20.0
2014-07-21,22.3,18.5,19.8,3.2,16.0,33.8,9.35,Taolagnaro,-25.032,46.99,20.0
2014-07-22,21.2,18.4,19.7,0.2,10.7,25.2,9.55,Taolagnaro,-25.032,46.99,20.0
2014-07-23,21.0,16.8,19.2,0.4,19.7,39.2,11.25,Taolagnaro,-25.032,46.99,20.0
2014-07-24,22.2,18.3,20.0,0.0,24.7,49.3,12.24,Taolagnaro,-25.032,46.99,20.0
2014-07-25,23.7,19.0,20.9,0.4,21.8,43.6,14.2,Taolagnaro,-25.032,46.99,20.0
2014-07-26,25.0,19.2,21.5,0.0,18.4,37.4,15.84,Taolagnaro,-25.032,46.99,20.0
2014-07-27,26.7,18.7,22.3,0.0,13.7,25.9,15.36,Taolagnaro,-25.032,46.99,20.0
2014-07-28,23.4,19.0,21.0,0.0,11.9,25.2,12.82,Taolagnaro,-25.032,46.99,20.0
2014-07-29,21.7,17.1,19.0,3.7,21.1,42.8,10.66,Taolagnaro,-25.032,46.99,20.0
2014-07-30,20.5,16.0,17.9,0.0,21.3,42.8,15.93,Taolagnaro,-25.032,46.99,20.0
2014-07-31,21.4,16.7,18.8,0.0,23.3,47.5,16.02,Taolagnaro,-25.032,46.99,20.0
2014-08-01,25.4,16.1,20.0,0.0,17.9,35.3,16.84,Taolagnaro,-25.032,46.99,20.0
2014-08-02,22.7,16.7,19.5,0.6,14.8,32.8,13.7,Taolagnaro,-25.032,46.99,20.0
2014-08-03,19.4,17.4,18.4,8.4,22.1,45.4,7.47,Taolagnaro,-25.032,46.99,20.0
2014-08-04,21.2,17.5,19.2,0.0,26.6,54.0,13.12,Taolagnaro,-25.032,46.99,20.0
2014-08-05,23.4,17.6,20.1,0.0,19.5,40.7,16.08,Taolagnaro,-25.032,46.99,20.0
2014-08-06,25.4,18.3,21.2,0.0,15.7,31.7,15.33,Taolagnaro,-25.032,46.99,20.0
2014-08-07,23.1,18.0,20.5,0.0,20.9,42.8,15.44,Taolagnaro,-25.032,46.99,20.0
2014-08-08,22.0,18.1,19.8,0.6,19.1,38.5,11.79,Taolagnaro,-25.032,46.99,20.0
2014-08-09,21.8,17.9,19.6,0.0,21.3,43.9,13.08,Taolagnaro,-25.032,46.99,20.0
2014-08-10,24.0,17.8,20.5,0.0,16.4,34.9,18.08,Taolagnaro,-25.032,46.99,20.0
2014-08-11,21.5,17.9,19.3,3.0,22.1,47.9,14.31,Taolagnaro,-25.032,46.99,20.0
2014-08-12,21.6,17.7,19.2,0.2,25.1,53.3,14.38,Taolagnaro,-25.032,46.99,20.0
2014-08-13,21.7,17.5,19.3,0.0,25.6,52.6,14.8,Taolagnaro,-25.032,46.99,20.0
2014-08-14,22.5,18.1,20.1,0.0,25.8,50.4,15.84,Taolagnaro,-25.032,46.99,20.0
2014-08-15,24.7,19.0,21.3,0.0,18.9,39.6,17.45,Taolagnaro,-25.032,46.99,20.0
2014-08-16,24.9,17.3,20.8,0.8,18.7,36.0,16.96,Taolagnaro,-25.032,46.99,20.0
2014-08-17,19.9,18.0,18.9,16.1,25.1,48.6,9.11,Taolagnaro,-25.032,46.99,20.0
2014-08-18,22.1,18.1,19.9,3.0,24.5,48.6,14.14,Taolagnaro,-25.032,46.99,20.0
2014-08-19,23.7,18.4,20.6,0.0,20.7,41.0,17.48,Taolagnaro,-25.032,46.99,20.0
2014-08-20,26.0,17.6,21.5,0.0,17.6,34.6,19.5,Taolagnaro,-25.032,46.99,20.0
2014-08-21,26.5,18.0,21.9,0.0,11.8,25.9,19.77,Taolagnaro,-25.032,46.99,20.0
2014-08-22,26.9,18.3,22.2,0.0,15.8,31.0,19.41,Taolagnaro,-25.032,46.99,20.0
2014-08-23,25.9,17.8,21.3,5.9,17.9,37.8,15.96,Taolagnaro,-25.032,46.99,20.0
2014-08-24,25.1,16.7,20.5,0.0,17.7,37.4,20.61,Taolagnaro,-25.032,46.99,20.0
2014-08-25,25.0,16.1,20.2,0.2,26.8,61.9,16.48,Taolagnaro,-25.032,46.99,20.0
2014-08-26,23.0,16.1,19.5,0.5,27.2,56.9,13.53,Taolagnaro,-25.032,46.99,20.0
2014-08-27,22.4,17.4,19.3,0.0,14.0,30.2,19.16,Taolagnaro,-25.032,46.99,20.0
2014-08-28,23.5,16.8,20.0,0.0,23.4,45.7,20.31,Taolagnaro,-25.032,46.99,20.0
2014-08-29,26.6,19.1,22.2,0.0,24.4,47.2,19.46,Taolagnaro,-25.032,46.99,20.0
2014-08-30,26.4,20.2,22.4,0.5,16.1,32.8,14.75,Taolagnaro,-25.032,46.99,20.0
2014-08-31,24.0,17.8,20.4,0.0,12.4,29.9,18.76,Taolagnaro,-25.032,46.99,20.0
2014-09-01,23.6,16.3,19.8,0.7,21.4,42.8,13.68,Taolagnaro,-25.032,46.99,20.0
2014-09-02,21.3,17.6,19.2,3.0,19.7,41.8,14.17,Taolagnaro,-25.032,46.99,20.0
2014-09-03,21.1,18.1,19.2,3.5,26.1,54.4,16.08,Taolagnaro,-25.032,46.99,20.0
2014-09-04,21.5,17.5,19.5,0.7,29.7,59.8,15.64,Taolagnaro,-25.032,46.99,20.0
2014-09-05,22.1,18.7,20.2,0.1,32.0,65.9,18.54,Taolagnaro,-25.032,46.99,20.0
2014-09-06,22.3,18.2,20.0,0.1,29.8,60.8,18.48,Taolagnaro,-25.032,46.99,20.0
2014-09-07,24.4,18.1,20.7,0.0,19.6,42.1,20.94,Taolagnaro,-25.032,46.99,20.0
2014-09-08,26.2,17.6,21.5,0.0,13.5,29.5,22.29,Taolagnaro,-25.032,46.99,20.0
2014-09-09,24.9,16.9,20.6,0.0,16.3,33.1,21.6,Taolagnaro,-25.032,46.99,20.0
2014-09-10,26.1,18.4,21.7,0.0,17.4,35.3,23.18,Taolagnaro,-25.032,46.99,20.0
2014-09-11,26.5,17.4,21.5,0.0,15.0,32.4,23.32,Taolagnaro,-25.032,46.99,20.0
2014-09-12,28.0,17.8,22.6,0.0,13.3,28.1,23.61,Taolagnaro,-25.032,46.99,20.0
2014-09-13,26.8,17.6,21.8,0.0,13.7,30.2,23.55,Taolagnaro,-25.032,46.99,20.0
2014-09-14,26.1,18.0,21.5,0.0,18.7,35.6,23.54,Taolagnaro,-25.032,46.99,20.0
2014-09-15,26.2,19.1,22.0,0.0,22.8,44.6,23.82,Taolagnaro,-25.032,46.99,20.0
2014-09-16,26.8,18.9,22.1,0.0,22.6,45.0,23.92,Taolagnaro,-25.032,46.99,20.0
2014-09-17,25.9,19.1,21.9,0.0,23.6,47.5,23.85,Taolagnaro,-25.032,46.99,20.0
2014-09-18,25.2,19.1,21.8,0.0,25.9,52.6,23.98,Taolagnaro,-25.032,46.99,20.0
2014-09-19,26.9,19.7,22.8,0.0,23.3,49.3,23.73,Taolagnaro,-25.032,46.99,20.0
2014-09-20,25.5,19.0,21.8,0.3,18.5,40.3,20.67,Taolagnaro,-25.032,46.99,20.0
2014-09-21,22.9,19.6,20.6,12.5,17.4,35.3,13.93,Taolagnaro,-25.032,46.99,20.0
2014-09-22,18.9,17.9,18.4,35.3,20.8,40.7,4.97,Taolagnaro,-25.032,46.99,20.0
2014-09-23,19.2,17.8,18.4,12.4,23.4,47.2,5.33,Taolagnaro,-25.032,46.99,20.0
2014-09-24,20.3,18.4,19.2,0.3,22.0,45.0,14.62,Taolagnaro,-25.032,46.99,20.0
2014-09-25,22.3,17.7,19.8,0.0,23.1,48.2,17.97,Taolagnaro,-25.032,46.99,20.0
2014-09-26,25.3,19.2,21.8,1.9,16.5,36.4,20.12,Taolagnaro,-25.032,46.99,20.0
2014-09-27,26.3,19.4,22.5,0.2,20.0,38.2,23.23,Taolagnaro,-25.032,46.99,20.0
2014-09-28,26.8,19.8,23.1,0.3,15.0,32.8,22.61,Taolagnaro,-25.032,46.99,20.0
2014-09-29,26.6,20.0,23.0,0.6,16.9,33.1,21.24,Taolagnaro,-25.032,46.99,20.0
2014-09-30,25.5,21.1,22.7,0.0,25.7,51.5,23.16,Taolagnaro,-25.032,46.99,20.0
2014-10-01,27.8,20.2,23.5,0.0,21.2,42.8,23.67,Taolagnaro,-25.032,46.99,20.0
2014-10-02,28.5,21.1,23.9,0.1,14.5,41.4,20.86,Taolagnaro,-25.032,46.99,20.0
2014-10-03,26.7,19.4,22.2,0.0,23.8,48.6,23.94,Taolagnaro,-25.032,46.99,20.0
2014-10-04,22.1,18.4,20.1,0.1,20.5,41.4,15.81,Taolagnaro,-25.032,46.99,20.0
2014-10-05,20.6,17.0,19.1,5.5,14.3,34.9,12.29,Taolagnaro,-25.032,46.99,20.0
2014-10-06,20.8,17.2,18.6,21.1,22.6,48.2,13.71,Taolagnaro,-25.032,46.99,20.0
2014-10-07,25.5,16.1,21.3,0.0,10.3,20.5,22.09,Taolagnaro,-25.032,46.99,20.0
2014-10-08,26.7,18.7,22.5,0.1,15.3,33.5,25.5,Taolagnaro,-25.032,46.99,20.0
2014-10-09,28.6,20.8,24.1,0.0,12.3,26.3,26.18,Taolagnaro,-25.032,46.99,20.0
2014-10-10,28.4,21.9,24.4,0.4,16.3,36.7,24.33,Taolagnaro,-25.032,46.99,20.0
2014-10-11,26.5,21.8,23.6,0.6,18.1,36.7,20.5,Taolagnaro,-25.032,46.99,20.0
2014-10-12,25.8,20.9,22.8,0.0,22.7,47.5,26.81,Taolagnaro,-25.032,46.99,20.0
2014-10-13,27.3,20.3,23.2,0.0,21.9,43.2,26.89,Taolagnaro,-25.032,46.99,20.0
2014-10-14,27.1,19.7,22.6,4.9,13.8,38.2,23.64,Taolagnaro,-25.032,46.99,20.0
2014-10-15,27.0,18.4,22.1,0.0,20.1,41.4,26.07,Taolagnaro,-25.032,46.99,20.0
2014-10-16,25.3,19.3,21.5,0.0,16.6,37.1,19.78,Taolagnaro,-25.032,46.99,20.0
2014-10-17,26.9,20.0,23.0,0.0,21.9,43.6,22.51,Taolagnaro,-25.032,46.99,20.0
2014-10-18,28.0,22.2,24.6,5.9,12.8,35.6,19.26,Taolagnaro,-25.032,46.99,20.0
2014-10-19,24.6,20.6,22.2,12.3,10.5,38.9,11.47,Taolagnaro,-25.032,46.99,20.0
2014-10-20,27.4,19.9,22.6,1.1,12.7,33.8,23.07,Taolagnaro,-25.032,46.99,20.0
2014-10-21,26.4,20.1,22.5,0.0,13.1,33.1,25.06,Taolagnaro,-25.032,46.99,20.0
2014-10-22,25.3,19.0,22.3,0.0,13.1,31.0,23.84,Taolagnaro,-25.032,46.99,20.0
2014-10-23,25.2,19.1,22.1,7.4,19.8,42.8,21.02,Taolagnaro,-25.032,46.99,20.0
2014-10-24,25.6,20.3,22.1,2.6,11.6,33.1,22.09,Taolagnaro,-25.032,46.99,20.0
2014-10-25,25.6,19.3,21.9,0.3,14.0,32.8,24.06,Taolagnaro,-25.032,46.99,20.0
2014-10-26,24.1,19.4,21.2,3.8,19.1,40.0,22.04,Taolagnaro,-25.032,46.99,20.0
2014-10-27,21.3,17.8,19.4,8.9,23.3,46.1,21.25,Taolagnaro,-25.032,46.99,20.0
2014-10-28,22.1,17.7,19.9,1.3,23.8,46.8,19.66,Taolagnaro,-25.032,46.99,20.0
2014-10-29,23.0,18.4,20.7,0.0,28.3,57.6,24.69,Taolagnaro,-25.032,46.99,20.0
2014-10-30,25.6,19.5,22.1,0.0,24.5,47.5,26.47,Taolagnaro,-25.032,46.99,20.0
2014-10-31,26.0,20.2,22.8,0.0,22.4,45.4,26.98,Taolagnaro,-25.032,46.99,20.0
2014-11-01,27.5,20.3,23.5,0.0,18.1,36.4,28.91,Taolagnaro,-25.032,46.99,20.0
2014-11-02,26.8,18.7,22.8,0.0,15.9,36.0,29.62,Taolagnaro,-25.032,46.99,20.0
2014-11-03,24.5,19.5,21.6,1.3,25.2,48.2,25.27,Taolagnaro,-25.032,46.99,20.0
2014-11-04,23.1,19.2,21.0,0.1,29.6,60.5,26.98,Taolagnaro,-25.032,46.99,20.0
2014-11-05,27.2,19.8,23.1,0.0,25.1,51.8,28.13,Taolagnaro,-25.032,46.99,20.0
2014-11-06,27.3,21.4,23.9,1.3,14.6,34.2,23.45,Taolagnaro,-25.032,46.99,20.0
2014-11-07,26.1,21.1,23.0,0.4,20.1,44.3,24.3,Taolagnaro,-25.032,46.99,20.0
2014-11-08,25.3,20.7,22.7,1.2,20.5,43.9,22.15,Taolagnaro,-25.032,46.99,20.0
2014-11-09,28.3,21.5,23.7,4.7,15.5,40.7,24.66,Taolagnaro,-25.032,46.99,20.0
2014-11-10,26.5,19.6,22.8,0.0,18.0,40.7,28.36,Taolagnaro,-25.032,46.99,20.0
2014-11-11,25.4,18.8,22.0,0.0,17.9,36.7,27.03,Taolagnaro,-25.032,46.99,20.0
2014-11-12,22.0,20.2,20.9,2.7,24.5,48.2,14.71,Taolagnaro,-25.032,46.99,20.0
2014-11-13,26.4,19.7,22.9,0.0,24.7,47.5,27.91,Taolagnaro,-25.032,46.99,20.0
2014-11-14,28.9,21.8,24.9,0.4,23.3,45.4,27.76,Taolagnaro,-25.032,46.99,20.0
2014-11-15,27.2,22.3,24.1,0.0,25.8,51.5,28.45,Taolagnaro,-25.032,46.99,20.0
2014-11-16,28.5,21.4,24.6,0.3,20.9,42.1,28.15,Taolagnaro,-25.032,46.99,20.0
2014-11-17,25.1,21.1,22.9,7.3,20.8,40.3,11.79,Taolagnaro,-25.032,46.99,20.0
2014-11-18,22.8,19.4,21.2,6.0,15.9,33.8,12.48,Taolagnaro,-25.032,46.99,20.0
2014-11-19,22.0,18.3,20.6,9.2,13.0,27.7,13.57,Taolagnaro,-25.032,46.99,20.0
2014-11-20,24.8,19.8,22.0,5.7,14.8,34.2,17.11,Taolagnaro,-25.032,46.99,20.0
2014-11-21,25.0,19.2,22.2,3.0,15.8,33.5,20.29,Taolagnaro,-25.032,46.99,20.0
2014-11-22,25.8,20.5,23.1,0.4,17.9,35.6,25.2,Taolagnaro,-25.032,46.99,20.0
2014-11-23,26.3,21.3,23.7,0.2,22.3,43.2,27.28,Taolagnaro,-25.032,46.99,20.0
2014-11-24,28.4,21.8,24.8,0.0,22.4,43.9,27.44,Taolagnaro,-25.032,46.99,20.0
2014-11-25,29.5,22.7,25.6,0.6,16.8,32.0,26.22,Taolagnaro,-25.032,46.99,20.0
2014-11-26,27.9,20.7,23.8,1.1,13.7,36.7,29.72,Taolagnaro,-25.032,46.99,20.0
2014-11-27,26.5,21.0,23.0,0.4,22.2,46.8,24.95,Taolagnaro,-25.032,46.99,20.0
2014-11-28,25.3,20.1,22.8,0.0,16.0,36.0,25.64,Taolagnaro,-25.032,46.99,20.0
2014-11-29,25.1,20.8,22.8,0.2,15.3,33.8,23.34,Taolagnaro,-25.032,46.99,20.0
2014-11-30,25.4,19.6,22.6,0.3,20.3,42.1,22.04,Taolagnaro,-25.032,46.99,20.0
2014-12-01,24.3,19.8,21.8,4.3,20.7,40.0,24.35,Taolagnaro,-25.032,46.99,20.0
2014-12-02,23.5,19.0,20.9,10.6,23.8,49.3,14.34,Taolagnaro,-25.032,46.99,20.0
2014-12-03,28.6,20.8,23.6,6.9,24.2,39.6,27.03,Taolagnaro,-25.032,46.99,20.0
2014-12-04,27.7,20.5,23.5,0.4,14.9,38.9,30.24,Taolagnaro,-25.032,46.99,20.0
2014-12-05,26.5,18.7,22.9,0.7,14.8,33.1,26.61,Taolagnaro,-25.032,46.99,20.0
2014-12-06,26.0,20.6,23.4,0.2,14.7,29.5,22.58,Taolagnaro,-25.032,46.99,20.0
2014-12-07,25.9,21.6,23.7,1.1,20.6,40.0,22.28,Taolagnaro,-25.032,46.99,20.0
2014-12-08,27.7,22.6,24.7,14.0,20.0,39.6,23.79,Taolagnaro,-25.032,46.99,20.0
2014-12-09,29.0,22.6,25.3,6.6,17.9,36.4,25.2,Taolagnaro,-25.032,46.99,20.0
2014-12-10,28.9,23.0,25.4,3.0,17.4,40.0,25.33,Taolagnaro,-25.032,46.99,20.0
2014-12-11,28.9,23.3,25.7,2.2,14.5,32.8,25.59,Taolagnaro,-25.032,46.99,20.0
2014-12-12,29.1,23.4,26.0,2.7,10.7,28.1,25.89,Taolagnaro,-25.032,46.99,20.0
2014-12-13,27.2,23.3,24.9,8.1,12.6,31.0,20.49,Taolagnaro,-25.032,46.99,20.0
2014-12-14,25.9,22.3,23.7,18.0,14.0,32.4,14.85,Taolagnaro,-25.032,46.99,20.0
2014-12-15,27.2,22.9,24.7,7.4,18.2,37.8,25.8,Taolagnaro,-25.032,46.99,20.0
2014-12-16,28.6,22.9,25.3,1.4,15.4,31.7,26.3,Taolagnaro,-25.032,46.99,20.0
2014-12-17,26.6,22.5,24.1,17.1,12.2,28.1,14.14,Taolagnaro,-25.032,46.99,20.0
2014-12-18,24.3,22.3,23.0,20.2,15.3,31.0,14.03,Taolagnaro,-25.032,46.99,20.0
2014-12-19,26.3,22.3,24.2,7.7,16.6,33.8,16.95,Taolagnaro,-25.032,46.99,20.0
2014-12-20,28.0,22.9,25.2,0.3,20.6,40.3,24.8,Taolagnaro,-25.032,46.99,20.0
2014-12-21,28.7,23.6,25.8,5.9,16.3,35.6,24.05,Taolagnaro,-25.032,46.99,20.0
2014-12-22,29.2,24.2,26.1,9.0,12.1,25.2,20.97,Taolagnaro,-25.032,46.99,20.0
2014-12-23,27.6,23.9,25.3,2.3,18.1,36.0,22.1,Taolagnaro,-25.032,46.99,20.0
2014-12-24,29.9,23.2,26.2,0.0,16.6,32.8,30.41,Taolagnaro,-25.032,46.99,20.0
2014-12-25,29.3,23.8,26.2,0.0,19.9,42.1,30.81,Taolagnaro,-25.032,46.99,20.0
2014-12-26,30.3,23.4,26.4,0.0,19.2,37.8,31.38,Taolagnaro,-25.032,46.99,20.0
2014-12-27,29.1,23.0,25.8,0.0,22.0,45.4,31.7,Taolagnaro,-25.032,46.99,20.0
2014-12-28,28.7,22.9,25.6,0.0,25.1,49.7,30.02,Taolagnaro,-25.032,46.99,20.0
2014-12-29,30.4,23.6,26.6,0.0,19.0,40.7,29.06,Taolagnaro,-25.032,46.99,20.0
2014-12-30,29.9,24.1,26.3,2.5,14.9,33.1,27.19,Taolagnaro,-25.032,46.99,20.0
2014-12-31,29.6,23.3,25.8,0.2,18.8,41.8,30.23,Taolagnaro,-25.032,46.99,20.0
2015-01-01,27.1,22.3,24.7,2.0,16.4,34.6,18.03,Taolagnaro,-25.032,46.99,20.0
2015-01-02,24.5,22.8,23.5,39.2,20.4,40.0,6.26,Taolagnaro,-25.032,46.99,20.0
2015-01-03,27.1,23.7,25.0,10.0,15.9,32.0,13.78,Taolagnaro,-25.032,46.99,20.0
2015-01-04,25.4,23.6,24.4,9.1,14.5,32.4,14.77,Taolagnaro,-25.032,46.99,20.0
2015-01-05,28.1,22.7,25.7,2.2,13.6,26.3,22.48,Taolagnaro,-25.032,46.99,20.0
2015-01-06,29.1,24.3,26.2,2.5,14.8,30.6,22.59,Taolagnaro,-25.032,46.99,20.0
2015-01-07,26.9,23.7,25.2,1.5,16.9,35.3,22.19,Taolagnaro,-25.032,46.99,20.0
2015-01-08,28.0,23.3,25.3,0.5,21.7,43.2,26.66,Taolagnaro,-25.032,46.99,20.0
2015-01-09,28.0,23.6,25.7,0.4,20.1,40.3,21.75,Taolagnaro,-25.032,46.99,20.0
2015-01-10,28.1,24.0,25.6,1.7,24.5,48.6,24.36,Taolagnaro,-25.032,46.99,20.0
2015-01-11,28.2,24.0,25.8,0.7,22.8,46.4,23.75,Taolagnaro,-25.032,46.99,20.0
2015-01-12,28.1,24.0,25.6,0.9,24.2,50.4,25.4,Taolagnaro,-25.032,46.99,20.0
2015-01-13,27.4,23.3,25.0,0.6,22.3,46.8,23.35,Taolagnaro,-25.032,46.99,20.0
2015-01-14,26.4,23.6,24.9,0.9,22.4,46.1,23.05,Taolagnaro,-25.032,46.99,20.0
2015-01-15,27.0,23.5,24.7,4.8,23.9,54.4,20.08,Taolagnaro,-25.032,46.99,20.0
2015-01-16,24.4,22.8,23.6,10.0,27.6,56.5,8.53,Taolagnaro,-25.032,46.99,20.0
2015-01-17,27.3,22.8,24.8,6.7,26.6,59.4,17.92,Taolagnaro,-25.032,46.99,20.0
2015-01-18,27.0,22.5,24.6,3.1,17.3,37.8,24.84,Taolagnaro,-25.032,46.99,20.0
2015-01-19,26.5,21.9,24.4,0.9,15.1,33.8,23.9,Taolagnaro,-25.032,46.99,20.0
2015-01-20,27.8,22.1,24.8,0.3,17.0,35.6,26.99,Taolagnaro,-25.032,46.99,20.0
2015-01-21,25.9,22.6,24.1,2.9,16.1,34.9,19.81,Taolagnaro,-25.032,46.99,20.0
2015-01-22,25.7,21.1,23.5,2.1,19.1,39.2,22.45,Taolagnaro,-25.032,46.99,20.0
2015-01-23,24.7,21.6,23.0,1.0,22.4,42.1,21.84,Taolagnaro,-25.032,46.99,20.0
2015-01-24,26.3,21.5,23.9,0.3,24.9,48.6,22.77,Taolagnaro,-25.032,46.99,20.0
2015-01-25,27.5,22.3,24.7,0.1,23.7,50.0,28.45,Taolagnaro,-25.032,46.99,20.0
2015-01-26,28.4,24.1,25.8,0.0,25.3,52.6,27.11,Taolagnaro,-25.032,46.99,20.0
2015-01-27,28.2,23.3,25.4,0.0,24.9,50.4,28.53,Taolagnaro,-25.032,46.99,20.0
2015-01-28,29.3,22.8,25.6,0.0,22.0,45.7,29.27,Taolagnaro,-25.032,46.99,20.0
2015-01-29,29.6,23.2,26.0,0.0,17.4,36.0,28.86,Taolagnaro,-25.032,46.99,20.0
2015-01-30,28.2,23.6,25.4,0.0,25.4,52.6,26.4,Taolagnaro,-25.032,46.99,20.0
2015-01-31,28.1,22.5,24.9,0.6,23.5,47.2,24.87,Taolagnaro,-25.032,46.99,20.0
2015-02-01,27.4,23.0,24.9,0.0,24.4,50.4,23.34,Taolagnaro,-25.032,46.99,20.0
2015-02-02,27.7,23.0,25.1,0.2,26.5,52.9,26.45,Taolagnaro,-25.032,46.99,20.0
2015-02-03,26.9,23.2,24.9,1.3,24.9,53.3,21.83,Taolagnaro,-25.032,46.99,20.0
2015-02-04,28.9,23.3,25.5,0.2,25.4,50.8,25.56,Taolagnaro,-25.032,46.99,20.0
2015-02-05,28.4,23.6,25.7,3.0,19.9,45.7,24.03,Taolagnaro,-25.032,46.99,20.0
2015-02-06,28.9,23.7,25.6,7.1,16.1,34.9,16.96,Taolagnaro,-25.032,46.99,20.0
2015-02-07,26.2,23.4,24.8,7.5,22.7,50.4,9.08,Taolagnaro,-25.032,46.99,20.0
2015-02-08,28.0,23.8,25.5,25.1,20.9,46.8,15.02,Taolagnaro,-25.032,46.99,20.0
2015-02-09,28.3,23.3,25.6,11.9,18.2,36.4,19.75,Taolagnaro,-25.032,46.99,20.0
2015-02-10,28.7,24.1,25.9,0.5,23.4,46.8,26.29,Taolagnaro,-25.032,46.99,20.0
2015-02-11,28.0,23.7,25.6,0.2,22.8,42.8,25.03,Taolagnaro,-25.032,46.99,20.0
2015-02-12,27.6,23.4,25.2,0.4,23.4,45.4,26.49,Taolagnaro,-25.032,46.99,20.0
2015-02-13,27.4,22.5,24.4,0.3,23.5,48.2,23.48,Taolagnaro,-25.032,46.99,20.0
2015-02-14,27.4,22.2,24.6,0.3,21.0,41.4,25.24,Taolagnaro,-25.032,46.99,20.0
2015-02-15,29.0,23.1,25.8,0.5,18.4,37.4,25.14,Taolagnaro,-25.032,46.99,20.0
2015-02-16,29.8,23.8,26.3,3.5,16.1,34.2,23.6,Taolagnaro,-25.032,46.99,20.0
2015-02-17,29.2,24.0,25.6,19.8,10.6,25.9,14.76,Taolagnaro,-25.032,46.99,20.0
2015-02-18,27.1,23.2,24.7,24.2,16.3,30.2,11.94,Taolagnaro,-25.032,46.99,20.0
2015-02-19,24.3,22.8,23.4,10.2,12.0,29.5,5.99,Taolagnaro,-25.032,46.99,20.0
2015-02-20,25.3,22.5,23.8,0.0,12.2,26.6,12.88,Taolagnaro,-25.032,46.99,20.0
2015-02-21,26.8,23.1,24.7,0.0,19.8,38.2,16.14,Taolagnaro,-25.032,46.99,20.0
2015-02-22,28.3,23.3,25.6,0.2,18.1,36.0,23.45,Taolagnaro,-25.032,46.99,20.0
2015-02-23,28.2,23.8,25.5,2.2,16.7,34.6,22.37,Taolagnaro,-25.032,46.99,20.0
2015-02-24,28.4,23.4,25.5,0.6,17.1,35.3,22.63,Taolagnaro,-25.032,46.99,20.0
2015-02-25,29.0,23.4,25.7,0.2,19.9,41.4,25.63,Taolagnaro,-25.032,46.99,20.0
2015-02-26,28.8,23.4,25.8,2.1,19.4,41.4,24.15,Taolagnaro,-25.032,46.99,20.0
2015-02-27,28.8,23.8,26.0,0.1,19.8,41.0,23.44,Taolagnaro,-25.032,46.99,20.0
2015-02-28,28.1,23.1,25.3,0.1,20.6,40.3,24.24,Taolagnaro,-25.032,46.99,20.0
2015-03-01,29.0,23.0,25.8,0.0,19.0,36.7,24.86,Taolagnaro,-25.032,46.99,20.0
2015-03-02,30.7,23.7,26.4,3.9,16.5,34.2,19.69,Taolagnaro,-25.032,46.99,20.0
2015-03-03,24.0,22.2,23.0,4.9,22.5,43.9,12.84,Taolagnaro,-25.032,46.99,20.0
2015-03-04,25.3,21.9,23.5,0.0,22.7,46.8,19.42,Taolagnaro,-25.032,46.99,20.0
2015-03-05,25.2,22.8,24.0,0.7,28.1,54.4,11.63,Taolagnaro,-25.032,46.99,20.0
2015-03-06,25.7,22.6,23.8,10.5,24.7,49.0,14.32,Taolagnaro,-25.032,46.99,20.0
2015-03-07,26.6,23.3,24.6,0.6,22.6,52.2,18.72,Taolagnaro,-25.032,46.99,20.0
2015-03-08,26.2,23.2,24.6,0.9,22.0,43.9,13.6,Taolagnaro,-25.032,46.99,20.0
2015-03-09,24.7,22.9,23.9,4.8,22.8,46.8,10.17,Taolagnaro,-25.032,46.99,20.0
2015-03-10,26.0,22.1,23.6,18.2,16.1,34.6,15.36,Taolagnaro,-25.032,46.99,20.0
2015-03-11,25.5,21.5,23.0,18.7,15.9,33.5,13.13,Taolagnaro,-25.032,46.99,20.0
2015-03-12,26.3,21.1,23.4,3.3,15.0,32.4,21.18,Taolagnaro,-25.032,46.99,20.0
2015-03-13,25.4,21.4,23.2,2.2,21.4,41.4,19.3,Taolagnaro,-25.032,46.99,20.0
2015-03-14,25.8,21.7,23.5,0.0,22.8,45.7,20.72,Taolagnaro,-25.032,46.99,20.0
2015-03-15,25.9,22.1,23.5,0.0,26.0,51.5,23.09,Taolagnaro,-25.032,46.99,20.0
2015-03-16,26.7,21.6,23.8,0.2,21.4,45.0,20.53,Taolagnaro,-25.032,46.99,20.0
2015-03-17,28.3,22.1,24.8,0.0,14.5,27.7,22.08,Taolagnaro,-25.032,46.99,20.0
2015-03-18,28.4,22.3,25.2,1.6,11.4,27.7,22.47,Taolagnaro,-25.032,46.99,20.0
2015-03-19,28.9,22.6,25.4,1.7,13.7,28.4,22.28,Taolagnaro,-25.032,46.99,20.0
2015-03-20,29.0,23.0,25.7,1.6,14.4,28.4,21.74,Taolagnaro,-25.032,46.99,20.0
2015-03-21,28.8,23.3,25.8,1.0,11.1,25.6,20.92,Taolagnaro,-25.032,46.99,20.0
2015-03-22,29.3,23.4,26.0,1.2,15.3,29.2,21.42,Taolagnaro,-25.032,46.99,20.0
2015-03-23,28.9,23.8,25.8,0.0,18.3,35.3,23.35,Taolagnaro,-25.032,46.99,20.0
2015-03-24,28.9,22.6,25.6,0.0,20.3,39.2,24.47,Taolagnaro,-25.032,46.99,20.0
2015-03-25,28.2,23.3,25.4,1.4,21.7,43.6,21.53,Taolagnaro,-25.032,46.99,20.0
2015-03-26,28.1,23.4,25.3,0.1,21.3,40.7,20.73,Taolagnaro,-25.032,46.99,20.0
2015-03-27,28.6,22.9,25.4,0.0,18.0,36.4,19.61,Taolagnaro,-25.032,46.99,20.0
2015-03-28,28.7,22.8,25.5,0.1,13.5,27.0,19.14,Taolagnaro,-25.032,46.99,20.0
2015-03-29,28.7,23.0,25.4,0.0,13.4,28.1,20.27,Taolagnaro,-25.032,46.99,20.0
2015-03-30,28.3,22.9,24.9,0.0,17.9,35.6,16.69,Taolagnaro,-25.032,46.99,20.0
2015-03-31,25.6,22.5,23.9,0.0,14.5,31.7,15.26,Taolagnaro,-25.032,46.99,20.0
2015-04-01,25.0,21.0,22.8,3.6,11.9,26.3,12.32,Taolagnaro,-25.032,46.99,20.0
2015-04-02,24.1,19.8,21.7,2.5,14.7,33.5,17.72,Taolagnaro,-25.032,46.99,20.0
2015-04-03,25.1,19.1,22.2,0.6,13.8,30.2,16.84,Taolagnaro,-25.032,46.99,20.0
2015-04-04,26.5,20.0,23.4,0.0,15.8,31.7,19.24,Taolagnaro,-25.032,46.99,20.0
2015-04-05,29.0,21.9,24.8,0.0,17.1,34.2,21.87,Taolagnaro,-25.032,46.99,20.0
2015-04-06,29.5,23.0,25.6,0.0,15.0,31.7,21.4,Taolagnaro,-25.032,46.99,20.0
2015-04-07,28.5,22.4,24.9,0.4,17.7,34.6,19.09,Taolagnaro,-25.032,46.99,20.0
2015-04-08,26.1,22.3,24.0,2.5,13.2,29.5,16.08,Taolagnaro,-25.032,46.99,20.0
2015-04-09,25.2,21.9,23.1,5.7,17.8,36.4,15.32,Taolagnaro,-25.032,46.99,20.0
2015-04-10,24.8,21.9,23.0,3.1,17.6,33.5,11.57,Taolagnaro,-25.032,46.99,20.0
2015-04-11,25.4,22.0,23.5,0.0,21.1,42.1,18.23,Taolagnaro,-25.032,46.99,20.0
2015-04-12,26.2,21.5,23.7,0.0,23.1,45.4,19.29,Taolagnaro,-25.032,46.99,20.0
2015-04-13,25.8,22.2,23.8,0.0,19.7,39.6,16.1,Taolagnaro,-25.032,46.99,20.0
2015-04-14,25.8,21.9,23.6,0.0,20.8,39.6,15.76,Taolagnaro,-25.032,46.99,20.0
2015-04-15,27.3,22.4,24.3,1.3,18.4,37.4,15.7,Taolagnaro,-25.032,46.99,20.0
2015-04-16,28.0,22.1,24.2,3.3,8.7,24.8,16.33,Taolagnaro,-25.032,46.99,20.0
2015-04-17,26.8,20.9,23.7,1.0,16.4,31.3,16.78,Taolagnaro,-25.032,46.99,20.0
2015-04-18,25.9,22.6,23.8,0.6,17.5,36.0,15.51,Taolagnaro,-25.032,46.99,20.0
2015-04-19,26.1,22.2,24.0,0.8,19.8,39.6,17.02,Taolagnaro,-25.032,46.99,20.0
2015-04-20,28.8,22.3,24.8,1.3,14.0,31.0,17.5,Taolagnaro,-25.032,46.99,20.0
2015-04-21,25.8,21.9,23.5,3.3,18.2,38.2,13.62,Taolagnaro,-25.032,46.99,20.0
2015-04-22,24.4,21.5,22.7,0.0,17.5,36.4,12.83,Taolagnaro,-25.032,46.99,20.0
2015-04-23,24.7,21.5,23.0,0.0,20.1,39.2,10.56,Taolagnaro,-25.032,46.99,20.0
2015-04-24,25.0,22.0,23.0,1.8,25.0,42.5,10.86,Taolagnaro,-25.032,46.99,20.0
2015-04-25,24.9,21.8,23.0,0.1,22.5,43.6,13.49,Taolagnaro,-25.032,46.99,20.0
2015-04-26,25.6,21.6,23.0,2.0,20.4,42.8,14.79,Taolagnaro,-25.032,46.99,20.0
2015-04-27,26.5,20.1,23.2,10.2,16.1,32.4,16.15,Taolagnaro,-25.032,46.99,20.0
2015-04-28,26.9,20.6,23.2,1.1,9.3,23.8,16.99,Taolagnaro,-25.032,46.99,20.0
2015-04-29,26.8,20.1,22.5,1.2,11.4,26.6,16.56,Taolagnaro,-25.032,46.99,20.0
2015-04-30,26.3,19.8,22.6,0.1,12.4,28.4,17.97,Taolagnaro,-25.032,46.99,20.0
2015-05-01,27.5,19.5,23.0,0.0,11.3,25.9,18.53,Taolagnaro,-25.032,46.99,20.0
2015-05-02,26.1,19.8,22.5,0.2,14.2,29.2,17.2,Taolagnaro,-25.032,46.99,20.0
2015-05-03,25.6,19.9,22.6,0.5,13.1,27.7,14.95,Taolagnaro,-25.032,46.99,20.0
2015-05-04,26.8,21.7,23.7,0.0,12.1,26.6,16.75,Taolagnaro,-25.032,46.99,20.0
2015-05-05,26.7,21.3,23.8,0.0,15.1,30.2,15.72,Taolagnaro,-25.032,46.99,20.0
2015-05-06,28.3,21.4,24.5,0.0,12.9,26.3,17.38,Taolagnaro,-25.032,46.99,20.0
2015-05-07,25.3,22.0,23.4,0.9,16.5,35.3,12.48,Taolagnaro,-25.032,46.99,20.0
2015-05-08,23.0,20.2,22.0,6.9,18.8,38.5,10.7,Taolagnaro,-25.032,46.99,20.0
2015-05-09,24.2,21.1,22.5,0.0,21.6,42.8,11.0,Taolagnaro,-25.032,46.99,20.0
2015-05-10,25.2,20.7,22.8,0.0,21.6,43.2,14.55,Taolagnaro,-25.032,46.99,20.0
2015-05-11,26.6,21.0,23.0,0.0,21.4,41.4,16.05,Taolagnaro,-25.032,46.99,20.0
2015-05-12,23.9,21.3,22.1,0.4,25.3,49.7,13.58,Taolagnaro,-25.032,46.99,20.0
2015-05-13,25.0,20.7,22.4,1.9,16.1,32.4,13.43,Taolagnaro,-25.032,46.99,20.0
2015-05-14,25.7,19.9,22.2,0.0,17.9,37.4,15.8,Taolagnaro,-25.032,46.99,20.0
2015-05-15,24.5,18.5,21.2,0.0,12.1,26.3,16.0,Taolagnaro,-25.032,46.99,20.0
2015-05-16,24.2,18.8,21.3,0.0,16.3,34.9,15.7,Taolagnaro,-25.032,46.99,20.0
2015-05-17,24.4,19.0,21.5,0.0,18.0,37.8,15.36,Taolagnaro,-25.032,46.99,20.0
2015-05-18,24.2,19.8,21.8,0.0,19.1,40.7,15.11,Taolagnaro,-25.032,46.99,20.0
2015-05-19,24.5,20.2,22.1,0.0,21.8,44.3,13.74,Taolagnaro,-25.032,46.99,20.0
2015-05-20,24.7,20.1,22.1,0.2,18.4,34.9,13.73,Taolagnaro,-25.032,46.99,20.0
2015-05-21,24.0,20.7,21.9,0.6,20.2,39.6,12.32,Taolagnaro,-25.032,46.99,20.0
2015-05-22,23.6,19.9,21.5,0.2,18.0,37.1,12.27,Taolagnaro,-25.032,46.99,20.0
2015-05-23,23.8,19.5,21.4,0.5,13.8,31.3,12.96,Taolagnaro,-25.032,46.99,20.0
2015-05-24,22.6,18.5,20.1,0.0,13.7,29.9,15.13,Taolagnaro,-25.032,46.99,20.0
2015-05-25,23.7,14.1,19.3,0.0,12.6,25.6,16.22,Taolagnaro,-25.032,46.99,20.0
2015-05-26,25.7,18.2,21.6,0.0,13.8,27.7,16.01,Taolagnaro,-25.032,46.99,20.0
2015-05-27,26.0,19.6,22.3,0.0,14.5,29.2,15.87,Taolagnaro,-25.032,46.99,20.0
2015-05-28,25.2,19.7,22.1,0.0,16.5,32.4,15.49,Taolagnaro,-25.032,46.99,20.0
2015-05-29,24.4,19.7,21.6,0.0,17.8,36.7,15.77,Taolagnaro,-25.032,46.99,20.0
2015-05-30,23.8,19.7,21.2,0.0,20.9,44.6,14.85,Taolagnaro,-25.032,46.99,20.0
2015-05-31,24.2,19.9,21.6,0.0,24.1,49.3,14.47,Taolagnaro,-25.032,46.99,20.0
2015-06-01,23.9,20.1,21.4,0.0,21.6,47.2,13.38,Taolagnaro,-25.032,46.99,20.0
2015-06-02,24.0,20.1,21.7,0.0,22.2,43.6,12.54,Taolagnaro,-25.032,46.99,20.0
2015-06-03,24.9,20.2,22.1,0.0,20.9,42.8,14.23,Taolagnaro,-25.032,46.99,20.0
2015-06-04,26.2,20.3,22.9,0.0,15.8,33.1,14.68,Taolagnaro,-25.032,46.99,20.0
2015-06-05,27.4,19.9,23.1,0.7,25.0,51.8,14.41,Taolagnaro,-25.032,46.99,20.0
2015-06-06,21.6,19.2,20.3,0.9,24.5,49.3,8.64,Taolagnaro,-25.032,46.99,20.0
2015-06-07,21.0,18.2,19.6,0.0,16.4,34.2,9.62,Taolagnaro,-25.032,46.99,20.0
2015-06-08,21.6,17.9,19.8,0.0,22.6,45.4,10.71,Taolagnaro,-25.032,46.99,20.0
2015-06-09,24.5,19.0,21.2,0.6,17.9,37.1,10.58,Taolagnaro,-25.032,46.99,20.0
2015-06-10,21.9,18.0,19.6,4.0,18.3,38.5,9.73,Taolagnaro,-25.032,46.99,20.0
2015-06-11,20.2,17.4,18.7,8.1,17.3,38.9,9.52,Taolagnaro,-25.032,46.99,20.0
2015-06-12,23.1,17.2,19.9,1.9,12.8,26.3,11.54,Taolagnaro,-25.032,46.99,20.0
2015-06-13,21.3,18.2,19.4,7.3,18.8,42.8,9.22,Taolagnaro,-25.032,46.99,20.0
2015-06-14,21.5,18.0,19.5,1.3,15.0,33.1,12.1,Taolagnaro,-25.032,46.99,20.0
2015-06-15,21.5,16.2,18.5,0.0,10.9,23.4,13.87,Taolagnaro,-25.032,46.99,20.0
2015-06-16,21.9,16.2,18.7,0.0,21.6,43.2,15.08,Taolagnaro,-25.032,46.99,20.0
2015-06-17,23.2,17.6,19.9,0.0,21.4,43.2,15.35,Taolagnaro,-25.032,46.99,20.0
2015-06-18,26.1,16.7,20.7,1.0,15.0,33.1,14.13,Taolagnaro,-25.032,46.99,20.0
2015-06-19,23.3,18.2,20.5,0.1,13.8,30.6,13.67,Taolagnaro,-25.032,46.99,20.0
2015-06-20,21.9,19.4,20.3,0.0,19.4,41.8,10.47,Taolagnaro,-25.032,46.99,20.0
2015-06-21,22.6,18.9,20.5,0.0,27.3,55.4,13.57,Taolagnaro,-25.032,46.99,20.0
2015-06-22,23.1,19.4,20.9,0.0,22.9,45.7,13.57,Taolagnaro,-25.032,46.99,20.0
2015-06-23,24.0,18.8,20.9,0.0,18.0,36.7,14.22,Taolagnaro,-25.032,46.99,20.0
2015-06-24,23.9,18.9,20.9,0.0,18.2,36.0,13.87,Taolagnaro,-25.032,46.99,20.0
2015-06-25,25.0,19.6,21.7,0.0,16.6,34.2,14.05,Taolagnaro,-25.032,46.99,20.0
2015-06-26,25.8,17.9,21.7,0.6,13.0,26.6,14.4,Taolagnaro,-25.032,46.99,20.0
2015-06-27,21.4,18.8,20.0,3.0,18.7,36.4,10.34,Taolagnaro,-25.032,46.99,20.0
2015-06-28,22.2,18.0,19.8,0.0,21.4,43.2,13.58,Taolagnaro,-25.032,46.99,20.0
2015-06-29,25.5,18.0,21.1,0.0,15.5,31.3,14.02,Taolagnaro,-25.032,46.99,20.0
2015-06-30,23.6,17.7,20.2,0.2,17.8,36.4,10.95,Taolagnaro,-25.032,46.99,20.0
2015-07-01,19.3,17.5,18.4,6.5,15.7,31.3,6.34,Taolagnaro,-25.032,46.99,20.0
2015-07-02,19.9,16.4,18.1,0.4,17.1,33.5,10.85,Taolagnaro,-25.032,46.99,20.0
2015-07-03,20.8,17.2,18.8,0.6,18.4,37.4,11.18,Taolagnaro,-25.032,46.99,20.0
2015-07-04,21.7,16.8,19.3,0.0,20.1,40.0,12.19,Taolagnaro,-25.032,46.99,20.0
2015-07-05,25.2,18.2,20.9,0.0,16.6,33.8,14.93,Taolagnaro,-25.032,46.99,20.0
2015-07-06,24.3,17.4,20.4,0.5,17.6,33.5,14.34,Taolagnaro,-25.032,46.99,20.0
2015-07-07,19.4,16.2,17.9,4.0,27.9,56.5,8.76,Taolagnaro,-25.032,46.99,20.0
2015-07-08,18.4,15.0,16.9,0.7,17.3,35.6,8.05,Taolagnaro,-25.032,46.99,20.0
2015-07-09,21.2,11.4,16.8,0.0,10.7,25.2,15.15,Taolagnaro,-25.032,46.99,20.0
2015-07-10,22.9,14.8,19.0,0.0,11.9,26.6,14.64,Taolagnaro,-25.032,46.99,20.0
2015-07-11,20.7,16.6,18.6,7.7,23.1,42.5,10.53,Taolagnaro,-25.032,46.99,20.0
2015-07-12,22.2,17.7,19.6,2.1,22.6,46.4,13.76,Taolagnaro,-25.032,46.99,20.0
2015-07-13,23.5,18.7,20.6,0.0,19.1,37.8,14.9,Taolagnaro,-25.032,46.99,20.0
2015-07-14,24.1,17.6,20.6,0.0,15.5,34.2,15.39,Taolagnaro,-25.032,46.99,20.0
2015-07-15,23.4,18.2,20.5,0.0,17.9,37.8,14.33,Taolagnaro,-25.032,46.99,20.0
2015-07-16,23.3,18.3,20.5,0.0,20.4,43.2,15.39,Taolagnaro,-25.032,46.99,20.0
2015-07-17,24.5,18.8,21.2,0.0,19.2,37.8,14.8,Taolagnaro,-25.032,46.99,20.0
2015-07-18,24.8,19.8,21.7,0.0,19.2,36.7,14.61,Taolagnaro,-25.032,46.99,20.0
2015-07-19,23.1,19.2,20.9,0.0,21.9,45.0,14.15,Taolagnaro,-25.032,46.99,20.0
2015-07-20,22.9,18.4,20.2,0.0,23.4,49.7,13.7,Taolagnaro,-25.032,46.99,20.0
2015-07-21,23.0,18.9,20.5,0.0,23.7,48.6,14.9,Taolagnaro,-25.032,46.99,20.0
2015-07-22,23.7,18.3,20.5,0.0,17.1,35.3,16.08,Taolagnaro,-25.032,46.99,20.0
2015-07-23,21.7,18.2,19.8,0.0,22.5,47.5,13.09,Taolagnaro,-25.032,46.99,20.0
2015-07-24,23.5,18.0,20.4,0.0,19.8,40.3,15.88,Taolagnaro,-25.032,46.99,20.0
2015-07-25,24.0,18.2,20.7,0.0,17.7,34.6,16.4,Taolagnaro,-25.032,46.99,20.0
2015-07-26,25.3,18.2,21.1,0.0,16.2,32.0,16.48,Taolagnaro,-25.032,46.99,20.0
2015-07-27,24.1,16.9,20.1,3.3,17.2,40.7,8.74,Taolagnaro,-25.032,46.99,20.0
2015-07-28,21.5,17.9,19.5,0.0,10.8,25.2,11.06,Taolagnaro,-25.032,46.99,20.0
2015-07-29,23.2,17.5,20.0,0.0,23.7,43.9,14.82,Taolagnaro,-25.032,46.99,20.0
2015-07-30,25.6,18.2,21.5,0.0,19.7,40.3,16.27,Taolagnaro,-25.032,46.99,20.0
2015-07-31,25.7,17.3,21.4,0.0,10.0,27.7,16.76,Taolagnaro,-25.032,46.99,20.0
2015-08-01,20.9,17.5,18.9,3.7,28.5,61.6,10.81,Taolagnaro,-25.032,46.99,20.0
2015-08-02,20.2,17.5,18.7,0.0,17.1,35.6,9.23,Taolagnaro,-25.032,46.99,20.0
2015-08-03,21.8,16.6,19.0,0.0,17.7,38.9,15.33,Taolagnaro,-25.032,46.99,20.0
2015-08-04,22.2,17.0,19.4,0.0,21.6,43.6,17.02,Taolagnaro,-25.032,46.99,20.0
2015-08-05,23.5,17.4,20.1,0.0,18.6,35.6,17.79,Taolagnaro,-25.032,46.99,20.0
2015-08-06,24.0,15.8,19.7,0.7,16.9,32.4,15.99,Taolagnaro,-25.032,46.99,20.0
2015-08-07,21.6,15.5,18.4,0.0,14.4,31.7,12.89,Taolagnaro,-25.032,46.99,20.0
2015-08-08,21.8,14.0,18.1,0.0,14.0,29.5,15.6,Taolagnaro,-25.032,46.99,20.0
2015-08-09,24.1,15.2,19.5,0.0,12.6,26.3,17.43,Taolagnaro,-25.032,46.99,20.0
2015-08-10,24.4,16.5,20.1,1.4,15.0,33.1,16.63,Taolagnaro,-25.032,46.99,20.0
2015-08-11,23.7,18.4,20.5,1.3,20.3,40.7,14.25,Taolagnaro,-25.032,46.99,20.0
2015-08-12,25.6,19.1,21.6,0.3,17.6,37.4,14.29,Taolagnaro,-25.032,46.99,20.0
2015-08-13,25.1,17.1,21.4,0.0,18.8,36.4,17.74,Taolagnaro,-25.032,46.99,20.0
2015-08-14,26.3,19.3,22.3,0.0,16.6,34.2,18.6,Taolagnaro,-25.032,46.99,20.0
2015-08-15,24.1,19.8,21.5,0.0,25.1,51.1,17.42,Taolagnaro,-25.032,46.99,20.0
2015-08-16,23.5,19.6,21.2,0.0,26.1,52.9,16.43,Taolagnaro,-25.032,46.99,20.0
2015-08-17,25.1,18.9,21.3,0.0,18.4,38.5,19.04,Taolagnaro,-25.032,46.99,20.0
2015-08-18,26.0,18.4,21.6,0.0,16.0,31.0,19.24,Taolagnaro,-25.032,46.99,20.0
2015-08-19,22.7,18.5,20.4,0.1,19.8,38.9,15.46,Taolagnaro,-25.032,46.99,20.0
2015-08-20,24.7,19.1,21.3,0.0,17.9,36.4,18.63,Taolagnaro,-25.032,46.99,20.0
2015-08-21,24.7,19.1,21.3,0.0,22.3,42.8,18.74,Taolagnaro,-25.032,46.99,20.0
2015-08-22,24.0,19.1,21.0,0.0,22.2,43.6,18.71,Taolagnaro,-25.032,46.99,20.0
2015-08-23,25.7,18.6,21.6,0.2,19.1,36.7,18.73,Taolagnaro,-25.032,46.99,20.0
2015-08-24,22.6,19.1,20.6,0.4,21.3,44.3,14.36,Taolagnaro,-25.032,46.99,20.0
2015-08-25,22.6,18.9,20.4,0.2,24.5,52.9,15.35,Taolagnaro,-25.032,46.99,20.0
2015-08-26,23.2,19.0,20.7,0.0,23.6,47.5,17.92,Taolagnaro,-25.032,46.99,20.0
2015-08-27,22.5,18.4,20.1,0.0,25.7,51.8,16.83,Taolagnaro,-25.032,46.99,20.0
2015-08-28,23.8,18.7,20.8,0.0,23.9,48.6,20.88,Taolagnaro,-25.032,46.99,20.0
2015-08-29,23.6,18.5,20.7,0.0,26.0,51.8,18.3,Taolagnaro,-25.032,46.99,20.0
2015-08-30,24.1,18.7,21.0,0.0,24.0,48.2,19.2,Taolagnaro,-25.032,46.99,20.0
2015-08-31,24.7,18.8,21.3,0.0,22.7,47.2,20.51,Taolagnaro,-25.032,46.99,20.0
2015-09-01,25.4,18.9,21.6,0.0,21.3,44.3,21.22,Taolagnaro,-25.032,46.99,20.0
2015-09-02,25.1,19.5,21.8,0.0,22.6,46.1,20.02,Taolagnaro,-25.032,46.99,20.0
2015-09-03,26.7,19.5,22.4,0.0,18.3,35.3,21.32,Taolagnaro,-25.032,46.99,20.0
2015-09-04,23.9,18.5,20.9,1.7,16.2,32.8,15.5,Taolagnaro,-25.032,46.99,20.0
2015-09-05,21.0,18.3,19.6,4.0,18.9,37.1,10.68,Taolagnaro,-25.032,46.99,20.0
2015-09-06,23.2,18.0,20.3,0.0,25.4,51.1,20.22,Taolagnaro,-25.032,46.99,20.0
2015-09-07,23.3,18.9,20.8,0.0,28.0,56.5,19.62,Taolagnaro,-25.032,46.99,20.0
2015-09-08,25.2,19.4,21.7,0.0,22.8,46.8,21.25,Taolagnaro,-25.032,46.99,20.0
2015-09-09,25.5,19.2,21.8,0.0,19.7,38.9,21.84,Taolagnaro,-25.032,46.99,20.0
2015-09-10,26.9,18.6,22.2,0.0,17.7,32.0,22.49,Taolagnaro,-25.032,46.99,20.0
2015-09-11,28.5,18.8,23.3,0.0,14.0,27.7,22.63,Taolagnaro,-25.032,46.99,20.0
2015-09-12,21.7,16.8,19.1,6.1,27.1,54.0,13.01,Taolagnaro,-25.032,46.99,20.0
2015-09-13,20.4,16.3,18.2,0.0,17.6,37.4,16.89,Taolagnaro,-25.032,46.99,20.0
2015-09-14,21.4,16.4,18.8,0.5,20.0,43.2,13.71,Taolagnaro,-25.032,46.99,20.0
2015-09-15,20.6,16.8,18.6,0.0,22.9,46.1,15.08,Taolagnaro,-25.032,46.99,20.0
2015-09-16,25.4,17.6,20.9,0.0,20.9,42.1,22.87,Taolagnaro,-25.032,46.99,20.0
2015-09-17,26.2,18.5,22.1,0.0,16.8,31.0,18.9,Taolagnaro,-25.032,46.99,20.0
2015-09-18,27.0,18.7,22.6,0.0,15.3,35.3,22.75,Taolagnaro,-25.032,46.99,20.0
2015-09-19,25.0,19.4,21.4,0.1,19.9,41.8,18.65,Taolagnaro,-25.032,46.99,20.0
2015-09-20,21.1,18.6,19.7,0.4,21.6,43.6,12.35,Taolagnaro,-25.032,46.99,20.0
2015-09-21,22.1,17.1,19.7,0.0,28.8,59.0,22.17,Taolagnaro,-25.032,46.99,20.0
2015-09-22,24.0,18.4,20.9,0.0,27.3,55.1,23.33,Taolagnaro,-25.032,46.99,20.0
2015-09-23,25.4,18.9,21.6,0.0,22.1,45.4,24.21,Taolagnaro,-25.032,46.99,20.0
2015-09-24,24.5,19.1,21.3,0.0,26.2,54.0,23.98,Taolagnaro,-25.032,46.99,20.0
2015-09-25,24.5,18.3,21.0,0.0,26.4,53.3,24.43,Taolagnaro,-25.032,46.99,20.0
2015-09-26,24.2,18.7,21.1,0.0,28.0,57.2,23.39,Taolagnaro,-25.032,46.99,20.0
2015-09-27,25.0,19.2,21.6,0.0,28.4,58.0,22.38,Taolagnaro,-25.032,46.99,20.0
2015-09-28,26.1,19.7,22.3,0.0,22.4,46.8,22.08,Taolagnaro,-25.032,46.99,20.0
2015-09-29,25.7,19.5,22.0,0.3,22.7,45.7,23.72,Taolagnaro,-25.032,46.99,20.0
2015-09-30,23.0,19.1,20.7,0.0,28.2,57.6,21.5,Taolagnaro,-25.032,46.99,20.0
2015-10-01,24.9,19.0,21.5,0.0,27.3,55.4,23.93,Taolagnaro,-25.032,46.99,20.0
2015-10-02,26.8,19.5,22.7,0.1,18.6,38.5,23.88,Taolagnaro,-25.032,46.99,20.0
2015-10-03,27.7,20.4,23.5,0.1,15.0,29.5,20.53,Taolagnaro,-25.032,46.99,20.0
2015-10-04,28.1,20.2,23.7,0.0,19.8,44.3,25.87,Taolagnaro,-25.032,46.99,20.0
2015-10-05,27.0,20.3,23.1,0.0,24.4,49.0,26.09,Taolagnaro,-25.032,46.99,20.0
2015-10-06,29.0,20.0,23.7,0.0,22.6,45.4,26.96,Taolagnaro,-25.032,46.99,20.0
2015-10-07,27.5,18.5,23.0,0.0,15.6,33.1,26.24,Taolagnaro,-25.032,46.99,20.0
2015-10-08,27.8,21.0,23.7,0.0,22.2,43.9,26.61,Taolagnaro,-25.032,46.99,20.0
2015-10-09,29.4,20.8,24.3,0.0,18.1,36.4,26.37,Taolagnaro,-25.032,46.99,20.0
2015-10-10,28.8,20.9,24.2,0.0,23.3,45.4,26.59,Taolagnaro,-25.032,46.99,20.0
2015-10-11,30.0,21.2,24.7,0.0,21.1,42.1,26.41,Taolagnaro,-25.032,46.99,20.0
2015-10-12,28.8,19.8,24.1,0.0,15.6,34.6,26.9,Taolagnaro,-25.032,46.99,20.0
2015-10-13,29.4,20.9,24.4,0.0,21.8,40.7,26.87,Taolagnaro,-25.032,46.99,20.0
2015-10-14,28.5,20.9,24.0,0.0,25.7,49.0,27.75,Taolagnaro,-25.032,46.99,20.0
2015-10-15,27.7,20.9,23.8,0.0,29.1,58.3,27.55,Taolagnaro,-25.032,46.99,20.0
2015-10-16,29.4,21.1,24.6,0.0,20.6,45.7,27.07,Taolagnaro,-25.032,46.99,20.0
2015-10-17,28.2,20.7,23.9,0.9,15.9,35.6,23.34,Taolagnaro,-25.032,46.99,20.0
2015-10-18,27.5,21.7,24.0,4.5,27.2,52.6,23.67,Taolagnaro,-25.032,46.99,20.0
2015-10-19,26.0,20.1,22.5,2.6,24.5,52.2,23.15,Taolagnaro,-25.032,46.99,20.0
2015-10-20,25.2,20.1,22.5,0.1,23.1,47.9,24.56,Taolagnaro,-25.032,46.99,20.0
2015-10-21,26.2,19.8,22.7,0.0,26.1,50.8,25.7,Taolagnaro,-25.032,46.99,20.0
2015-10-22,28.6,20.6,23.9,0.0,21.3,43.6,27.19,Taolagnaro,-25.032,46.99,20.0
2015-10-23,29.0,21.2,24.6,0.7,13.7,32.0,25.21,Taolagnaro,-25.032,46.99,20.0
2015-10-24,28.2,21.2,24.2,0.2,14.7,33.8,25.25,Taolagnaro,-25.032,46.99,20.0
2015-10-25,27.1,21.7,23.8,0.2,23.8,48.6,21.79,Taolagnaro,-25.032,46.99,20.0
2015-10-26,27.1,21.2,23.6,0.8,27.4,55.4,25.87,Taolagnaro,-25.032,46.99,20.0
2015-10-27,25.3,20.2,22.2,8.3,24.7,52.2,19.57,Taolagnaro,-25.032,46.99,20.0
2015-10-28,26.0,20.1,22.9,0.5,26.7,55.4,25.43,Taolagnaro,-25.032,46.99,20.0
2015-10-29,24.8,21.0,22.8,0.6,27.5,56.5,21.94,Taolagnaro,-25.032,46.99,20.0
2015-10-30,25.5,21.4,23.1,1.7,27.7,56.2,21.43,Taolagnaro,-25.032,46.99,20.0
2015-10-31,26.1,20.9,23.1,15.6,19.0,37.8,16.52,Taolagnaro,-25.032,46.99,20.0
2015-11-01,26.9,20.8,23.3,7.0,11.0,24.5,21.43,Taolagnaro,-25.032,46.99,20.0
2015-11-02,28.2,19.6,24.1,0.0,11.0,24.5,25.53,Taolagnaro,-25.032,46.99,20.0
2015-11-03,29.5,19.7,24.3,28.5,26.2,49.0,19.95,Taolagnaro,-25.032,46.99,20.0
2015-11-04,21.2,18.4,19.9,2.7,24.0,49.7,15.56,Taolagnaro,-25.032,46.99,20.0
2015-11-05,20.4,17.5,18.9,0.9,24.1,49.7,18.9,Taolagnaro,-25.032,46.99,20.0
2015-11-06,21.8,17.9,19.8,0.0,20.7,42.1,17.52,Taolagnaro,-25.032,46.99,20.0
2015-11-07,23.9,18.1,21.0,0.0,23.4,47.2,28.87,Taolagnaro,-25.032,46.99,20.0
2015-11-08,25.5,19.5,22.3,0.0,24.0,45.4,30.13,Taolagnaro,-25.032,46.99,20.0
2015-11-09,26.5,19.5,22.6,0.0,20.3,40.0,28.48,Taolagnaro,-25.032,46.99,20.0
2015-11-10,28.7,19.0,23.9,0.0,14.0,29.9,30.79,Taolagnaro,-25.032,46.99,20.0
2015-11-11,28.4,17.5,23.7,0.0,14.7,33.5,30.06,Taolagnaro,-25.032,46.99,20.0
2015-11-12,30.3,21.8,25.6,0.0,13.0,30.2,29.0,Taolagnaro,-25.032,46.99,20.0
2015-11-13,29.1,21.3,25.1,0.0,15.8,33.5,29.84,Taolagnaro,-25.032,46.99,20.0
2015-11-14,29.8,22.2,25.5,0.0,16.7,34.2,27.79,Taolagnaro,-25.032,46.99,20.0
2015-11-15,31.8,22.5,26.9,1.1,11.0,27.0,27.91,Taolagnaro,-25.032,46.99,20.0
2015-11-16,29.4,21.8,25.2,0.3,17.4,44.3,23.73,Taolagnaro,-25.032,46.99,20.0
2015-11-17,26.4,21.8,23.7,2.1,20.6,42.5,21.45,Taolagnaro,-25.032,46.99,20.0
2015-11-18,31.0,22.4,26.3,0.1,16.5,32.0,27.71,Taolagnaro,-25.032,46.99,20.0
2015-11-19,29.0,21.5,25.1,0.9,15.5,36.7,25.45,Taolagnaro,-25.032,46.99,20.0
2015-11-20,29.2,22.7,25.3,1.2,20.3,40.0,22.93,Taolagnaro,-25.032,46.99,20.0
2015-11-21,30.1,23.2,26.2,0.8,16.9,33.1,25.57,Taolagnaro,-25.032,46.99,20.0
2015-11-22,30.9,23.4,26.7,2.4,16.3,30.6,26.74,Taolagnaro,-25.032,46.99,20.0
2015-11-23,25.8,21.2,23.6,10.4,18.8,37.8,7.16,Taolagnaro,-25.032,46.99,20.0
2015-11-24,26.3,19.7,22.7,0.0,15.3,34.9,28.8,Taolagnaro,-25.032,46.99,20.0
2015-11-25,26.0,18.5,22.8,0.0,22.2,45.7,25.18,Taolagnaro,-25.032,46.99,20.0
2015-11-26,27.7,21.9,24.2,7.9,18.0,38.2,19.57,Taolagnaro,-25.032,46.99,20.0
2015-11-27,29.4,22.5,25.7,2.5,10.3,24.5,24.24,Taolagnaro,-25.032,46.99,20.0
2015-11-28,27.8,23.2,25.1,0.0,14.8,33.5,24.55,Taolagnaro,-25.032,46.99,20.0
2015-11-29,24.8,20.2,22.6,8.3,20.6,40.7,14.13,Taolagnaro,-25.032,46.99,20.0
2015-11-30,23.1,21.0,21.7,5.4,21.1,42.1,11.73,Taolagnaro,-25.032,46.99,20.0
2015-12-01,23.6,20.6,21.6,3.1,21.3,44.3,18.36,Taolagnaro,-25.032,46.99,20.0
2015-12-02,26.5,21.0,23.4,0.1,26.5,52.9,26.92,Taolagnaro,-25.032,46.99,20.0
2015-12-03,29.6,22.2,25.4,0.0,20.1,41.4,28.12,Taolagnaro,-25.032,46.99,20.0
2015-12-04,29.5,23.3,25.5,2.2,18.9,38.9,26.76,Taolagnaro,-25.032,46.99,20.0
2015-12-05,28.7,22.3,24.9,9.9,18.2,37.1,25.2,Taolagnaro,-25.032,46.99,20.0
2015-12-06,28.2,21.7,24.7,0.5,13.7,33.1,27.69,Taolagnaro,-25.032,46.99,20.0
2015-12-07,26.1,21.6,23.7,3.9,19.6,39.6,24.08,Taolagnaro,-25.032,46.99,20.0
2015-12-08,24.2,21.4,22.8,1.8,20.3,40.0,16.31,Taolagnaro,-25.032,46.99,20.0
2015-12-09,26.1,22.1,24.0,0.4,24.0,45.0,21.85,Taolagnaro,-25.032,46.99,20.0
2015-12-10,30.5,23.1,26.4,0.7,17.9,36.4,27.45,Taolagnaro,-25.032,46.99,20.0
2015-12-11,28.8,22.9,25.9,0.0,15.3,31.7,29.27,Taolagnaro,-25.032,46.99,20.0
2015-12-12,30.3,24.1,26.9,0.2,17.0,33.8,25.94,Taolagnaro,-25.032,46.99,20.0
2015-12-13,31.4,24.5,27.4,1.2,14.8,30.6,26.64,Taolagnaro,-25.032,46.99,20.0
2015-12-14,30.7,24.3,27.2,4.1,15.1,32.4,25.76,Taolagnaro,-25.032,46.99,20.0
2015-12-15,31.5,24.7,27.3,7.2,15.6,34.9,26.96,Taolagnaro,-25.032,46.99,20.0
2015-12-16,30.1,24.3,26.8,2.2,14.0,32.0,26.25,Taolagnaro,-25.032,46.99,20.0
2015-12-17,28.4,23.1,25.7,6.4,15.9,35.6,23.43,Taolagnaro,-25.032,46.99,20.0
2015-12-18,27.4,23.1,24.6,5.6,20.7,41.8,20.48,Taolagnaro,-25.032,46.99,20.0
2015-12-19,27.8,22.9,24.8,0.6,22.8,45.4,23.32,Taolagnaro,-25.032,46.99,20.0
2015-12-20,29.3,23.4,25.8,1.9,15.8,33.1,23.99,Taolagnaro,-25.032,46.99,20.0
2015-12-21,29.4,24.0,25.8,11.2,14.6,31.7,19.89,Taolagnaro,-25.032,46.99,20.0
2015-12-22,27.9,23.5,25.0,12.5,13.2,33.1,21.29,Taolagnaro,-25.032,46.99,20.0
2015-12-23,29.3,23.2,25.8,2.2,12.6,28.8,24.0,Taolagnaro,-25.032,46.99,20.0
2015-12-24,29.6,24.2,26.4,1.3,16.6,36.4,23.93,Taolagnaro,-25.032,46.99,20.0
2015-12-25,29.5,24.4,26.4,1.2,19.2,37.4,23.07,Taolagnaro,-25.032,46.99,20.0
2015-12-26,29.5,23.8,26.2,2.7,20.3,45.4,24.27,Taolagnaro,-25.032,46.99,20.0
2015-12-27,29.5,23.9,26.2,9.7,13.7,30.2,22.35,Taolagnaro,-25.032,46.99,20.0
2015-12-28,28.9,23.9,26.1,2.3,21.8,42.1,26.71,Taolagnaro,-25.032,46.99,20.0
2015-12-29,28.4,23.7,25.6,0.6,22.5,47.9,25.19,Taolagnaro,-25.032,46.99,20.0
2015-12-30,27.7,22.9,24.9,1.0,22.5,44.3,25.82,Taolagnaro,-25.032,46.99,20.0
2015-12-31,27.2,22.6,24.6,2.8,19.7,43.2,23.69,Taolagnaro,-25.032,46.99,20.0
2016-01-01,27.6,22.6,24.9,2.1,17.1,36.0,25.21,Taolagnaro,-25.032,46.99,20.0
2016-01-02,28.0,22.5,24.9,2.5,16.3,32.0,24.12,Taolagnaro,-25.032,46.99,20.0
2016-01-03,27.1,21.9,24.3,4.6,18.0,36.7,24.29,Taolagnaro,-25.032,46.99,20.0
2016-01-04,27.6,23.0,24.9,1.7,18.2,37.8,25.69,Taolagnaro,-25.032,46.99,20.0
2016-01-05,26.8,22.3,24.4,1.8,20.5,40.7,26.1,Taolagnaro,-25.032,46.99,20.0
2016-01-06,28.1,22.3,25.1,0.0,25.5,50.8,31.61,Taolagnaro,-25.032,46.99,20.0
2016-01-07,29.6,22.8,25.8,0.0,21.6,44.6,31.0,Taolagnaro,-25.032,46.99,20.0
2016-01-08,30.1,23.4,26.3,0.0,17.6,36.0,30.23,Taolagnaro,-25.032,46.99,20.0
2016-01-09,29.1,23.6,25.9,0.0,24.6,49.0,30.17,Taolagnaro,-25.032,46.99,20.0
2016-01-10,29.8,23.2,26.0,3.2,19.4,41.0,27.51,Taolagnaro,-25.032,46.99,20.0
2016-01-11,29.4,23.8,26.0,3.1,16.5,35.3,25.89,Taolagnaro,-25.032,46.99,20.0
2016-01-12,29.0,23.6,25.9,0.7,24.3,52.2,28.15,Taolagnaro,-25.032,46.99,20.0
2016-01-13,29.6,22.7,26.1,0.0,23.4,47.2,30.11,Taolagnaro,-25.032,46.99,20.0
2016-01-14,29.7,23.5,26.1,2.0,23.0,46.4,27.72,Taolagnaro,-25.032,46.99,20.0
2016-01-15,30.0,24.1,26.6,3.1,16.7,36.4,25.23,Taolagnaro,-25.032,46.99,20.0
2016-01-16,28.8,23.5,25.6,14.2,17.3,35.3,20.86,Taolagnaro,-25.032,46.99,20.0
2016-01-17,24.8,22.7,23.7,4.3,18.2,36.7,15.4,Taolagnaro,-25.032,46.99,20.0
2016-01-18,25.1,21.8,23.2,1.0,17.8,36.7,18.19,Taolagnaro,-25.032,46.99,20.0
2016-01-19,26.2,20.9,23.6,0.4,20.5,41.4,23.73,Taolagnaro,-25.032,46.99,20.0
2016-01-20,26.5,22.1,24.3,0.0,21.7,45.7,23.92,Taolagnaro,-25.032,46.99,20.0
2016-01-21,26.6,21.6,24.0,0.0,22.5,45.7,25.53,Taolagnaro,-25.032,46.99,20.0
2016-01-22,26.4,21.4,23.8,2.2,22.5,44.3,25.19,Taolagnaro,-25.032,46.99,20.0
2016-01-23,27.7,22.5,25.0,0.2,21.0,40.0,24.33,Taolagnaro,-25.032,46.99,20.0
2016-01-24,27.5,22.8,25.1,0.0,25.6,51.5,25.93,Taolagnaro,-25.032,46.99,20.0
2016-01-25,30.2,22.4,26.2,0.0,18.0,38.9,29.42,Taolagnaro,-25.032,46.99,20.0
2016-01-26,30.5,23.9,26.7,0.2,17.4,36.7,28.71,Taolagnaro,-25.032,46.99,20.0
2016-01-27,29.7,23.8,26.4,0.0,25.9,54.4,30.19,Taolagnaro,-25.032,46.99,20.0
2016-01-28,28.8,23.9,26.1,0.0,26.4,53.3,27.85,Taolagnaro,-25.032,46.99,20.0
2016-01-29,28.3,24.3,26.0,0.3,24.5,50.0,24.93,Taolagnaro,-25.032,46.99,20.0
2016-01-30,27.9,23.6,25.6,0.0,23.7,49.3,24.88,Taolagnaro,-25.032,46.99,20.0
2016-01-31,26.6,22.7,24.3,2.9,20.6,42.5,23.6,Taolagnaro,-25.032,46.99,20.0
2016-02-01,28.0,22.0,24.7,0.0,24.9,51.1,27.56,Taolagnaro,-25.032,46.99,20.0
2016-02-02,27.9,22.5,24.7,0.0,25.7,50.8,27.28,Taolagnaro,-25.032,46.99,20.0
2016-02-03,27.4,22.6,24.9,0.7,25.5,52.9,24.83,Taolagnaro,-25.032,46.99,20.0
2016-02-04,29.4,23.3,25.9,0.0,25.5,51.1,28.87,Taolagnaro,-25.032,46.99,20.0
2016-02-05,30.4,23.0,26.4,0.5,19.4,43.6,29.26,Taolagnaro,-25.032,46.99,20.0
2016-02-06,29.5,24.2,26.6,10.5,17.1,39.6,22.99,Taolagnaro,-25.032,46.99,20.0
2016-02-07,26.0,24.1,24.7,8.3,18.6,41.8,12.09,Taolagnaro,-25.032,46.99,20.0
2016-02-08,30.1,23.9,26.2,11.4,14.3,30.6,22.42,Taolagnaro,-25.032,46.99,20.0
2016-02-09,28.2,24.6,25.7,12.3,12.2,28.4,16.07,Taolagnaro,-25.032,46.99,20.0
2016-02-10,28.1,24.5,26.0,8.5,19.4,49.7,14.23,Taolagnaro,-25.032,46.99,20.0
2016-02-11,29.6,23.4,26.0,1.0,19.3,45.4,24.34,Taolagnaro,-25.032,46.99,20.0
2016-02-12,29.1,23.2,25.8,0.3,18.4,35.6,23.31,Taolagnaro,-25.032,46.99,20.0
2016-02-13,29.0,22.6,25.6,0.0,18.4,38.9,26.49,Taolagnaro,-25.032,46.99,20.0
2016-02-14,27.9,23.9,25.7,0.0,19.4,38.5,19.79,Taolagnaro,-25.032,46.99,20.0
2016-02-15,28.0,23.8,25.6,0.0,24.3,46.1,21.35,Taolagnaro,-25.032,46.99,20.0
2016-02-16,29.1,24.0,26.3,0.1,22.6,45.0,25.32,Taolagnaro,-25.032,46.99,20.0
2016-02-17,29.6,23.9,25.9,2.0,18.3,35.6,25.16,Taolagnaro,-25.032,46.99,20.0
2016-02-18,25.2,22.1,23.8,5.1,17.5,36.4,15.62,Taolagnaro,-25.032,46.99,20.0
2016-02-19,26.8,22.1,24.4,1.1,23.1,46.1,19.74,Taolagnaro,-25.032,46.99,20.0
2016-02-20,29.4,23.9,26.4,1.9,16.8,34.6,22.33,Taolagnaro,-25.032,46.99,20.0
2016-02-21,30.5,23.9,26.3,3.3,13.2,36.4,24.37,Taolagnaro,-25.032,46.99,20.0
2016-02-22,30.0,23.3,25.9,6.5,15.0,39.2,23.71,Taolagnaro,-25.032,46.99,20.0
2016-02-23,27.3,23.4,25.1,1.2,17.7,36.7,23.24,Taolagnaro,-25.032,46.99,20.0
2016-02-24,27.1,22.8,24.7,0.0,21.8,45.0,19.67,Taolagnaro,-25.032,46.99,20.0
2016-02-25,26.3,23.4,24.7,0.0,24.9,50.0,18.65,Taolagnaro,-25.032,46.99,20.0
2016-02-26,28.1,23.0,25.1,0.0,23.9,49.0,24.73,Taolagnaro,-25.032,46.99,20.0
2016-02-27,28.8,22.8,25.6,0.2,17.4,36.0,23.66,Taolagnaro,-25.032,46.99,20.0
2016-02-28,30.1,23.3,26.2,2.7,13.6,30.2,23.13,Taolagnaro,-25.032,46.99,20.0
2016-02-29,29.8,23.1,26.1,1.4,17.7,36.0,23.22,Taolagnaro,-25.032,46.99,20.0
2016-03-01,28.9,24.0,26.0,0.5,23.2,46.8,22.75,Taolagnaro,-25.032,46.99,20.0
2016-03-02,29.1,24.0,26.1,0.0,24.0,46.8,23.64,Taolagnaro,-25.032,46.99,20.0
2016-03-03,28.1,24.1,25.9,2.7,20.8,42.1,17.02,Taolagnaro,-25.032,46.99,20.0
2016-03-04,29.8,24.5,26.3,10.7,13.7,28.8,16.43,Taolagnaro,-25.032,46.99,20.0
2016-03-05,30.5,24.0,26.5,5.0,12.6,28.8,21.4,Taolagnaro,-25.032,46.99,20.0
2016-03-06,30.1,24.0,26.4,5.9,19.3,36.4,20.85,Taolagnaro,-25.032,46.99,20.0
2016-03-07,29.1,24.6,26.0,1.6,23.9,48.6,22.34,Taolagnaro,-25.032,46.99,20.0
2016-03-08,29.9,24.5,26.4,0.4,24.4,46.1,24.36,Taolagnaro,-25.032,46.99,20.0
2016-03-09,28.4,24.2,26.0,0.2,25.0,49.3,22.68,Taolagnaro,-25.032,46.99,20.0
2016-03-10,29.1,23.9,26.2,0.2,22.6,44.3,22.51,Taolagnaro,-25.032,46.99,20.0
2016-03-11,30.0,24.2,26.6,0.0,20.3,41.0,25.2,Taolagnaro,-25.032,46.99,20.0
2016-03-12,30.2,24.3,26.9,0.0,19.2,40.0,23.9,Taolagnaro,-25.032,46.99,20.0
2016-03-13,29.9,24.1,26.5,0.0,22.4,46.4,24.39,Taolagnaro,-25.032,46.99,20.0
2016-03-14,30.5,24.1,26.9,0.1,18.7,38.5,23.71,Taolagnaro,-25.032,46.99,20.0
2016-03-15,28.8,22.7,25.9,6.4,14.1,30.6,13.58,Taolagnaro,-25.032,46.99,20.0
2016-03-16,28.6,22.0,24.8,2.1,14.8,32.4,22.22,Taolagnaro,-25.032,46.99,20.0
2016-03-17,27.4,23.1,25.1,0.3,21.2,40.0,19.12,Taolagnaro,-25.032,46.99,20.0
2016-03-18,27.9,23.8,25.1,3.2,18.3,36.7,13.94,Taolagnaro,-25.032,46.99,20.0
2016-03-19,27.0,23.4,24.8,0.6,19.2,40.3,18.69,Taolagnaro,-25.032,46.99,20.0
2016-03-20,29.1,22.9,25.7,0.0,21.6,42.1,24.66,Taolagnaro,-25.032,46.99,20.0
2016-03-21,30.7,23.3,26.6,0.0,18.4,38.9,23.63,Taolagnaro,-25.032,46.99,20.0
2016-03-22,30.1,23.9,26.3,5.6,15.9,35.6,18.81,Taolagnaro,-25.032,46.99,20.0
2016-03-23,24.4,22.3,23.2,21.9,19.2,37.1,5.41,Taolagnaro,-25.032,46.99,20.0
2016-03-24,24.4,22.8,23.4,4.3,21.9,43.9,11.53,Taolagnaro,-25.032,46.99,20.0
2016-03-25,25.6,22.6,23.9,0.0,21.4,41.8,14.47,Taolagnaro,-25.032,46.99,20.0
2016-03-26,24.8,22.2,23.3,0.1,22.3,45.4,10.76,Taolagnaro,-25.032,46.99,20.0
2016-03-27,26.3,22.5,24.1,0.0,26.4,51.1,18.53,Taolagnaro,-25.032,46.99,20.0
2016-03-28,27.3,23.0,24.9,0.0,21.0,41.8,17.08,Taolagnaro,-25.032,46.99,20.0
2016-03-29,26.3,23.1,24.3,0.2,15.3,29.5,11.83,Taolagnaro,-25.032,46.99,20.0
2016-03-30,27.2,22.8,24.7,0.6,20.2,42.8,18.34,Taolagnaro,-25.032,46.99,20.0
2016-03-31,27.2,22.6,24.6,0.0,23.6,49.0,19.5,Taolagnaro,-25.032,46.99,20.0
2016-04-01,27.7,22.5,24.8,0.0,23.6,48.2,22.81,Taolagnaro,-25.032,46.99,20.0
2016-04-02,28.9,22.1,25.1,0.0,19.2,36.4,23.53,Taolagnaro,-25.032,46.99,20.0
2016-04-03,30.1,22.7,25.9,0.0,15.3,31.3,22.95,Taolagnaro,-25.032,46.99,20.0
2016-04-04,27.6,23.1,25.0,0.7,15.8,31.3,19.42,Taolagnaro,-25.032,46.99,20.0
2016-04-05,27.7,22.4,24.7,1.4,19.2,37.4,18.84,Taolagnaro,-25.032,46.99,20.0
2016-04-06,30.2,22.4,25.4,1.4,19.9,37.4,21.09,Taolagnaro,-25.032,46.99,20.0
2016-04-07,23.3,21.2,22.0,8.4,21.4,42.5,5.52,Taolagnaro,-25.032,46.99,20.0
2016-04-08,24.2,20.3,22.1,0.2,16.3,34.2,14.63,Taolagnaro,-25.032,46.99,20.0
2016-04-09,24.9,20.1,22.6,0.0,17.3,34.6,13.6,Taolagnaro,-25.032,46.99,20.0
2016-04-10,26.1,21.4,23.5,0.0,19.6,42.8,17.13,Taolagnaro,-25.032,46.99,20.0
2016-04-11,26.0,21.6,23.8,0.0,22.4,49.7,15.89,Taolagnaro,-25.032,46.99,20.0
2016-04-12,25.9,22.5,24.0,0.0,25.0,50.8,17.0,Taolagnaro,-25.032,46.99,20.0
2016-04-13,26.8,22.7,24.2,0.0,23.5,46.8,18.07,Taolagnaro,-25.032,46.99,20.0
2016-04-14,26.6,23.1,24.3,0.0,24.1,48.6,15.88,Taolagnaro,-25.032,46.99,20.0
2016-04-15,27.3,22.4,24.5,0.0,24.7,48.6,20.27,Taolagnaro,-25.032,46.99,20.0
2016-04-16,25.5,22.2,23.6,0.1,27.5,54.7,16.53,Taolagnaro,-25.032,46.99,20.0
2016-04-17,26.7,22.3,24.2,0.0,24.7,48.2,14.91,Taolagnaro,-25.032,46.99,20.0
2016-04-18,28.3,23.3,25.2,0.4,18.2,36.0,18.4,Taolagnaro,-25.032,46.99,20.0
2016-04-19,28.4,22.8,25.2,0.2,13.5,28.1,16.4,Taolagnaro,-25.032,46.99,20.0
2016-04-20,28.0,22.6,24.6,1.4,13.0,31.7,17.27,Taolagnaro,-25.032,46.99,20.0
2016-04-21,26.7,22.0,23.8,1.3,14.6,31.0,18.14,Taolagnaro,-25.032,46.99,20.0
2016-04-22,27.2,21.3,23.9,0.0,19.7,39.2,18.19,Taolagnaro,-25.032,46.99,20.0
2016-04-23,27.6,22.0,24.4,0.0,20.4,40.0,19.13,Taolagnaro,-25.032,46.99,20.0
2016-04-24,29.2,22.1,24.9,0.0,16.1,33.5,17.32,Taolagnaro,-25.032,46.99,20.0
2016-04-25,26.7,21.2,23.6,1.7,17.9,35.3,16.2,Taolagnaro,-25.032,46.99,20.0
2016-04-26,26.4,22.1,23.6,3.3,17.1,34.2,13.96,Taolagnaro,-25.032,46.99,20.0
2016-04-27,25.5,21.8,23.1,2.6,15.1,28.4,13.46,Taolagnaro,-25.032,46.99,20.0
2016-04-28,25.9,20.9,23.2,0.0,13.5,28.4,15.35,Taolagnaro,-25.032,46.99,20.0
2016-04-29,27.2,21.3,23.9,0.0,19.7,38.9,18.13,Taolagnaro,-25.032,46.99,20.0
2016-04-30,28.7,21.9,24.8,0.0,18.7,38.2,18.18,Taolagnaro,-25.032,46.99,20.0
2016-05-01,27.9,21.8,23.8,5.0,13.1,28.1,14.93,Taolagnaro,-25.032,46.99,20.0
2016-05-02,25.8,20.4,22.7,0.4,15.9,32.0,16.41,Taolagnaro,-25.032,46.99,20.0
2016-05-03,24.1,19.5,21.7,3.5,14.5,29.5,12.98,Taolagnaro,-25.032,46.99,20.0
2016-05-04,26.3,20.3,22.5,2.4,24.3,51.5,14.42,Taolagnaro,-25.032,46.99,20.0
2016-05-05,22.5,19.2,20.6,1.3,19.4,46.1,13.19,Taolagnaro,-25.032,46.99,20.0
2016-05-06,23.1,17.5,20.2,0.2,13.6,27.4,13.76,Taolagnaro,-25.032,46.99,20.0
2016-05-07,23.0,17.8,20.2,0.1,12.2,28.1,13.72,Taolagnaro,-25.032,46.99,20.0
2016-05-08,22.5,17.2,19.9,2.4,18.2,38.5,13.0,Taolagnaro,-25.032,46.99,20.0
2016-05-09,21.4,18.4,19.8,2.0,21.4,42.1,9.54,Taolagnaro,-25.032,46.99,20.0
2016-05-10,22.8,19.4,20.7,1.3,26.8,55.4,12.95,Taolagnaro,-25.032,46.99,20.0
2016-05-11,22.7,19.2,20.8,2.8,27.3,54.0,12.48,Taolagnaro,-25.032,46.99,20.0
2016-05-12,23.3,19.9,21.1,0.0,24.9,50.4,14.9,Taolagnaro,-25.032,46.99,20.0
2016-05-13,24.5,19.6,21.5,0.0,22.4,46.4,16.03,Taolagnaro,-25.032,46.99,20.0
2016-05-14,24.2,20.3,22.0,0.0,24.3,47.9,14.05,Taolagnaro,-25.032,46.99,20.0
2016-05-15,24.6,20.7,22.3,0.0,21.1,42.1,13.8,Taolagnaro,-25.032,46.99,20.0
2016-05-16,26.1,20.7,22.9,0.2,16.4,33.1,15.32,Taolagnaro,-25.032,46.99,20.0
2016-05-17,26.6,20.1,22.4,2.8,13.5,31.0,14.1,Taolagnaro,-25.032,46.99,20.0
2016-05-18,20.6,17.5,19.2,13.6,26.3,52.6,6.47,Taolagnaro,-25.032,46.99,20.0
2016-05-19,20.8,17.4,19.0,0.1,29.6,60.8,11.9,Taolagnaro,-25.032,46.99,20.0
2016-05-20,22.5,19.0,20.4,0.0,27.4,54.7,12.39,Taolagnaro,-25.032,46.99,20.0
2016-05-21,22.4,17.5,20.0,0.0,14.7,31.7,12.14,Taolagnaro,-25.032,46.99,20.0
2016-05-22,22.6,16.4,19.7,1.0,14.2,28.1,12.28,Taolagnaro,-25.032,46.99,20.0
2016-05-23,21.6,18.4,20.0,2.6,17.0,34.9,9.74,Taolagnaro,-25.032,46.99,20.0
2016-05-24,22.8,18.6,20.5,0.0,20.8,43.6,13.84,Taolagnaro,-25.032,46.99,20.0
2016-05-25,23.9,18.9,20.9,0.0,18.6,38.9,15.79,Taolagnaro,-25.032,46.99,20.0
2016-05-26,23.7,18.5,20.7,0.0,18.0,37.8,14.17,Taolagnaro,-25.032,46.99,20.0
2016-05-27,23.3,18.8,20.6,0.0,19.4,40.3,14.2,Taolagnaro,-25.032,46.99,20.0
2016-05-28,23.3,18.6,20.6,0.1,20.1,40.3,10.83,Taolagnaro,-25.032,46.99,20.0
2016-05-29,21.0,18.4,20.0,2.3,19.9,41.0,4.77,Taolagnaro,-25.032,46.99,20.0
2016-05-30,22.2,18.0,19.7,9.7,20.5,44.3,6.7,Taolagnaro,-25.032,46.99,20.0
2016-05-31,19.8,19.1,19.4,25.4,23.0,48.6,3.7,Taolagnaro,-25.032,46.99,20.0
2016-06-01,23.0,19.2,20.9,4.6,26.8,55.4,9.58,Taolagnaro,-25.032,46.99,20.0
2016-06-02,23.0,20.0,21.3,0.0,30.6,59.4,13.05,Taolagnaro,-25.032,46.99,20.0
2016-06-03,23.5,19.0,20.9,0.0,21.0,41.4,13.99,Taolagnaro,-25.032,46.99,20.0
2016-06-04,24.4,19.4,21.5,0.0,17.3,35.6,14.36,Taolagnaro,-25.032,46.99,20.0
2016-06-05,24.9,18.6,21.5,0.0,14.5,28.4,14.59,Taolagnaro,-25.032,46.99,20.0
2016-06-06,20.9,17.8,19.5,9.3,19.2,41.0,8.82,Taolagnaro,-25.032,46.99,20.0
2016-06-07,19.8,15.8,17.9,3.5,13.2,28.8,10.39,Taolagnaro,-25.032,46.99,20.0
2016-06-08,22.1,14.8,18.9,0.0,13.4,29.5,12.6,Taolagnaro,-25.032,46.99,20.0
2016-06-09,22.5,18.3,20.2,0.0,19.4,41.0,13.41,Taolagnaro,-25.032,46.99,20.0
2016-06-10,23.3,17.8,20.3,0.0,18.5,35.6,14.93,Taolagnaro,-25.032,46.99,20.0
2016-06-11,25.1,17.9,21.1,0.0,15.0,32.0,15.23,Taolagnaro,-25.032,46.99,20.0
2016-06-12,20.4,17.5,18.9,7.2,22.7,49.3,6.02,Taolagnaro,-25.032,46.99,20.0
2016-06-13,19.8,17.0,18.3,0.2,23.5,47.5,9.21,Taolagnaro,-25.032,46.99,20.0
2016-06-14,21.2,17.5,19.1,2.2,31.8,64.4,9.57,Taolagnaro,-25.032,46.99,20.0
2016-06-15,22.5,17.8,19.6,2.1,21.1,42.1,12.15,Taolagnaro,-25.032,46.99,20.0
2016-06-16,23.9,18.4,20.8,0.0,17.7,35.6,13.61,Taolagnaro,-25.032,46.99,20.0
2016-06-17,23.9,19.3,21.2,0.6,16.2,32.0,12.72,Taolagnaro,-25.032,46.99,20.0
2016-06-18,21.6,19.8,20.6,2.6,19.6,39.6,7.22,Taolagnaro,-25.032,46.99,20.0
2016-06-19,23.6,19.4,21.0,0.0,19.0,37.8,14.01,Taolagnaro,-25.032,46.99,20.0
2016-06-20,23.8,18.9,20.9,0.0,17.8,34.9,14.35,Taolagnaro,-25.032,46.99,20.0
2016-06-21,24.0,17.8,20.7,0.0,15.6,33.5,14.35,Taolagnaro,-25.032,46.99,20.0
2016-06-22,23.7,17.9,20.4,0.0,15.0,29.5,14.49,Taolagnaro,-25.032,46.99,20.0
2016-06-23,21.1,15.7,18.5,5.4,13.4,27.0,10.36,Taolagnaro,-25.032,46.99,20.0
2016-06-24,20.4,17.1,18.6,20.7,21.4,43.9,7.42,Taolagnaro,-25.032,46.99,20.0
2016-06-25,21.5,19.0,19.9,5.1,24.2,48.2,11.57,Taolagnaro,-25.032,46.99,20.0
2016-06-26,21.9,18.7,20.0,0.0,23.5,47.2,12.52,Taolagnaro,-25.032,46.99,20.0
2016-06-27,21.8,17.8,19.7,0.0,21.7,43.6,13.56,Taolagnaro,-25.032,46.99,20.0
2016-06-28,23.9,17.6,20.4,0.0,15.8,33.1,15.0,Taolagnaro,-25.032,46.99,20.0
2016-06-29,23.0,16.4,19.6,0.0,12.1,27.7,14.54,Taolagnaro,-25.032,46.99,20.0
2016-06-30,22.5,15.4,19.3,2.0,15.8,31.7,11.83,Taolagnaro,-25.032,46.99,20.0
2016-07-01,21.4,18.6,19.9,0.2,21.9,44.3,10.19,Taolagnaro,-25.032,46.99,20.0
2016-07-02,23.7,18.4,20.5,0.0,17.3,38.5,14.68,Taolagnaro,-25.032,46.99,20.0
2016-07-03,23.7,17.0,20.0,0.5,10.8,25.6,12.7,Taolagnaro,-25.032,46.99,20.0
2016-07-04,20.0,15.8,17.9,8.0,18.5,37.8,7.44,Taolagnaro,-25.032,46.99,20.0
2016-07-05,20.4,16.9,18.2,11.1,19.3,40.3,9.47,Taolagnaro,-25.032,46.99,20.0
2016-07-06,21.2,17.8,19.1,2.8,24.2,47.9,12.48,Taolagnaro,-25.032,46.99,20.0
2016-07-07,22.6,17.0,19.3,0.0,14.8,31.0,15.29,Taolagnaro,-25.032,46.99,20.0
2016-07-08,22.0,15.6,18.6,0.0,14.5,30.6,12.79,Taolagnaro,-25.032,46.99,20.0
2016-07-09,20.2,17.0,18.1,6.4,13.1,31.7,9.52,Taolagnaro,-25.032,46.99,20.0
2016-07-10,20.6,15.1,18.0,1.2,16.6,34.6,10.13,Taolagnaro,-25.032,46.99,20.0
2016-07-11,21.5,16.8,18.9,0.2,12.1,23.0,11.65,Taolagnaro,-25.032,46.99,20.0
2016-07-12,20.6,17.3,18.7,2.8,19.2,38.9,10.96,Taolagnaro,-25.032,46.99,20.0
2016-07-13,20.9,18.0,19.1,1.7,20.3,41.4,10.39,Taolagnaro,-25.032,46.99,20.0
2016-07-14,21.4,17.0,18.9,0.0,19.2,38.5,12.78,Taolagnaro,-25.032,46.99,20.0
2016-07-15,21.2,17.2,19.1,0.2,23.1,49.0,13.15,Taolagnaro,-25.032,46.99,20.0
2016-07-16,20.9,17.6,18.9,0.0,20.9,42.8,11.41,Taolagnaro,-25.032,46.99,20.0
2016-07-17,21.9,17.7,19.5,0.0,20.7,42.5,13.59,Taolagnaro,-25.032,46.99,20.0
2016-07-18,22.4,17.2,19.6,0.0,17.2,34.9,15.7,Taolagnaro,-25.032,46.99,20.0
2016-07-19,23.0,17.5,19.8,0.2,15.9,32.4,14.39,Taolagnaro,-25.032,46.99,20.0
2016-07-20,23.1,16.4,19.6,0.0,14.7,29.9,15.88,Taolagnaro,-25.032,46.99,20.0
2016-07-21,23.4,16.2,19.8,0.0,13.7,29.5,16.05,Taolagnaro,-25.032,46.99,20.0
2016-07-22,25.7,18.5,21.6,0.3,19.1,34.6,14.26,Taolagnaro,-25.032,46.99,20.0
2016-07-23,25.1,20.1,22.0,0.6,17.3,34.2,15.33,Taolagnaro,-25.032,46.99,20.0
2016-07-24,25.2,18.9,21.8,0.0,14.4,30.2,15.52,Taolagnaro,-25.032,46.99,20.0
2016-07-25,23.7,19.7,21.3,0.0,22.0,43.9,15.07,Taolagnaro,-25.032,46.99,20.0
2016-07-26,22.6,19.2,20.5,0.0,24.5,50.8,13.51,Taolagnaro,-25.032,46.99,20.0
2016-07-27,22.7,18.4,20.1,0.0,24.2,48.6,15.85,Taolagnaro,-25.032,46.99,20.0
2016-07-28,20.1,17.8,18.8,0.7,26.8,52.9,10.62,Taolagnaro,-25.032,46.99,20.0
2016-07-29,23.0,17.8,20.0,0.0,20.0,40.7,15.71,Taolagnaro,-25.032,46.99,20.0
2016-07-30,24.7,16.7,20.3,0.6,12.2,28.8,15.53,Taolagnaro,-25.032,46.99,20.0
2016-07-31,24.1,17.0,20.1,0.0,21.4,45.4,13.43,Taolagnaro,-25.032,46.99,20.0
2016-08-01,22.0,16.0,18.9,0.2,15.3,30.6,14.5,Taolagnaro,-25.032,46.99,20.0
2016-08-02,21.4,17.4,19.3,0.2,18.2,37.4,13.45,Taolagnaro,-25.032,46.99,20.0
2016-08-03,23.0,17.9,20.2,0.2,18.7,37.1,15.35,Taolagnaro,-25.032,46.99,20.0
2016-08-04,24.9,18.2,21.1,0.0,17.6,35.3,16.63,Taolagnaro,-25.032,46.99,20.0
2016-08-05,23.6,18.0,20.2,0.0,16.1,33.5,14.64,Taolagnaro,-25.032,46.99,20.0
2016-08-06,22.8,17.5,19.8,0.0,15.3,31.3,15.58,Taolagnaro,-25.032,46.99,20.0
2016-08-07,22.9,17.8,20.1,0.0,18.0,34.2,14.15,Taolagnaro,-25.032,46.99,20.0
2016-08-08,23.1,18.5,20.3,0.0,23.6,46.1,17.16,Taolagnaro,-25.032,46.99,20.0
2016-08-09,23.6,18.5,20.5,0.0,21.7,43.2,17.28,Taolagnaro,-25.032,46.99,20.0
2016-08-10,22.3,15.4,18.7,10.0,13.4,35.3,12.43,Taolagnaro,-25.032,46.99,20.0
2016-08-11,22.6,15.2,18.4,0.0,12.5,29.5,16.44,Taolagnaro,-25.032,46.99,20.0
2016-08-12,22.9,13.8,18.8,0.0,14.9,29.5,16.53,Taolagnaro,-25.032,46.99,20.0
2016-08-13,24.1,18.2,20.8,0.0,19.8,39.6,16.52,Taolagnaro,-25.032,46.99,20.0
2016-08-14,24.0,19.4,21.2,0.0,21.0,41.4,16.14,Taolagnaro,-25.032,46.99,20.0
2016-08-15,23.8,19.3,21.0,0.0,21.4,41.8,17.37,Taolagnaro,-25.032,46.99,20.0
2016-08-16,22.7,18.7,20.3,0.0,21.9,43.9,15.88,Taolagnaro,-25.032,46.99,20.0
2016-08-17,22.5,18.4,19.9,0.1,22.0,46.1,16.29,Taolagnaro,-25.032,46.99,20.0
2016-08-18,21.8,17.6,19.3,0.3,19.6,41.4,13.56,Taolagnaro,-25.032,46.99,20.0
2016-08-19,23.2,18.1,20.2,0.0,24.7,49.7,17.22,Taolagnaro,-25.032,46.99,20.0
2016-08-20,25.2,18.8,21.4,0.0,21.2,43.6,15.38,Taolagnaro,-25.032,46.99,20.0
2016-08-21,23.6,18.3,20.6,0.1,15.9,32.8,17.07,Taolagnaro,-25.032,46.99,20.0
2016-08-22,24.2,18.8,21.1,0.0,17.7,34.2,16.76,Taolagnaro,-25.032,46.99,20.0
2016-08-23,25.8,18.6,21.5,2.1,19.0,36.0,17.5,Taolagnaro,-25.032,46.99,20.0
2016-08-24,20.7,16.9,19.1,1.5,18.7,36.4,12.9,Taolagnaro,-25.032,46.99,20.0
2016-08-25,22.0,14.4,18.5,0.0,18.7,38.2,18.96,Taolagnaro,-25.032,46.99,20.0
2016-08-26,24.2,16.8,20.2,0.0,14.7,32.4,20.55,Taolagnaro,-25.032,46.99,20.0
2016-08-27,20.6,18.0,19.1,1.4,24.3,49.3,12.33,Taolagnaro,-25.032,46.99,20.0
2016-08-28,21.6,17.5,19.2,0.0,29.8,60.5,18.81,Taolagnaro,-25.032,46.99,20.0
2016-08-29,21.8,17.4,19.3,0.0,25.7,52.9,20.37,Taolagnaro,-25.032,46.99,20.0
2016-08-30,22.7,17.4,19.7,0.0,24.0,49.7,20.85,Taolagnaro,-25.032,46.99,20.0
2016-08-31,23.3,18.2,20.3,0.0,24.5,51.1,21.19,Taolagnaro,-25.032,46.99,20.0
2016-09-01,22.7,18.4,20.1,0.0,23.7,49.7,18.84,Taolagnaro,-25.032,46.99,20.0
2016-09-02,22.4,18.0,20.0,0.0,24.8,50.4,16.79,Taolagnaro,-25.032,46.99,20.0
2016-09-03,24.6,17.5,20.6,0.0,20.0,38.5,21.94,Taolagnaro,-25.032,46.99,20.0
2016-09-04,24.0,18.3,20.8,0.0,22.5,49.7,21.52,Taolagnaro,-25.032,46.99,20.0
2016-09-05,23.9,18.5,20.7,0.0,25.5,50.8,22.09,Taolagnaro,-25.032,46.99,20.0
2016-09-06,24.8,18.2,20.9,0.0,21.4,45.4,22.02,Taolagnaro,-25.032,46.99,20.0
2016-09-07,25.0,18.1,21.1,0.0,17.6,34.9,22.22,Taolagnaro,-25.032,46.99,20.0
2016-09-08,25.7,18.0,21.3,0.0,21.5,41.4,22.67,Taolagnaro,-25.032,46.99,20.0
2016-09-09,26.3,18.6,21.9,0.0,20.0,39.6,22.68,Taolagnaro,-25.032,46.99,20.0
2016-09-10,26.7,19.2,22.2,0.0,18.8,36.7,22.76,Taolagnaro,-25.032,46.99,20.0
2016-09-11,24.3,18.6,21.1,0.0,26.3,53.3,21.94,Taolagnaro,-25.032,46.99,20.0
2016-09-12,24.4,19.4,21.3,0.0,23.9,50.8,20.6,Taolagnaro,-25.032,46.99,20.0
2016-09-13,21.2,18.8,19.7,0.2,26.1,53.6,13.56,Taolagnaro,-25.032,46.99,20.0
2016-09-14,23.8,18.4,20.5,0.0,23.5,47.2,22.47,Taolagnaro,-25.032,46.99,20.0
2016-09-15,23.7,18.6,20.8,0.0,26.5,52.9,21.82,Taolagnaro,-25.032,46.99,20.0
2016-09-16,23.8,19.1,21.1,0.0,28.3,58.0,21.65,Taolagnaro,-25.032,46.99,20.0
2016-09-17,23.8,19.2,21.0,0.0,29.5,59.4,22.85,Taolagnaro,-25.032,46.99,20.0
2016-09-18,23.8,18.6,20.7,0.0,27.7,55.8,23.52,Taolagnaro,-25.032,46.99,20.0
2016-09-19,23.9,18.6,20.7,0.0,25.1,50.4,23.94,Taolagnaro,-25.032,46.99,20.0
2016-09-20,25.2,18.0,21.0,0.0,22.3,44.6,24.34,Taolagnaro,-25.032,46.99,20.0
2016-09-21,26.4,17.8,21.8,0.0,17.5,34.9,24.06,Taolagnaro,-25.032,46.99,20.0
2016-09-22,27.2,19.5,22.6,0.0,21.6,41.0,24.4,Taolagnaro,-25.032,46.99,20.0
2016-09-23,27.9,19.8,23.1,0.0,16.8,33.8,22.63,Taolagnaro,-25.032,46.99,20.0
2016-09-24,26.6,19.4,22.8,0.0,13.7,32.0,22.46,Taolagnaro,-25.032,46.99,20.0
2016-09-25,26.3,18.8,22.0,0.0,16.6,38.2,23.99,Taolagnaro,-25.032,46.99,20.0
2016-09-26,23.8,18.3,21.1,2.3,22.1,42.5,18.45,Taolagnaro,-25.032,46.99,20.0
2016-09-27,26.2,19.7,22.5,0.0,27.2,53.3,24.48,Taolagnaro,-25.032,46.99,20.0
2016-09-28,27.4,20.4,23.2,0.0,22.7,49.3,23.95,Taolagnaro,-25.032,46.99,20.0
2016-09-29,27.9,20.0,23.5,0.0,14.6,29.5,21.85,Taolagnaro,-25.032,46.99,20.0
2016-09-30,28.3,20.4,23.8,0.0,12.0,28.4,22.99,Taolagnaro,-25.032,46.99,20.0
2016-10-01,28.2,20.2,23.7,0.0,16.6,38.2,23.86,Taolagnaro,-25.032,46.99,20.0
2016-10-02,28.6,20.1,23.7,1.3,12.2,28.4,21.71,Taolagnaro,-25.032,46.99,20.0
2016-10-03,28.0,19.3,22.0,16.5,21.9,46.1,19.89,Taolagnaro,-25.032,46.99,20.0
2016-10-04,26.3,18.8,21.6,0.5,18.6,41.8,20.65,Taolagnaro,-25.032,46.99,20.0
2016-10-05,25.8,17.3,21.1,0.0,18.6,45.0,20.64,Taolagnaro,-25.032,46.99,20.0
2016-10-06,26.1,16.7,21.3,0.1,19.1,45.0,23.79,Taolagnaro,-25.032,46.99,20.0
2016-10-07,25.7,17.2,21.5,0.0,14.4,32.4,26.75,Taolagnaro,-25.032,46.99,20.0
2016-10-08,27.5,19.3,22.8,0.0,23.0,45.4,27.01,Taolagnaro,-25.032,46.99,20.0
2016-10-09,27.6,20.5,23.5,0.0,23.1,45.4,26.92,Taolagnaro,-25.032,46.99,20.0
2016-10-10,28.7,20.6,24.2,0.0,16.9,36.4,26.45,Taolagnaro,-25.032,46.99,20.0
2016-10-11,27.4,21.3,24.1,0.0,13.4,31.0,26.01,Taolagnaro,-25.032,46.99,20.0
2016-10-12,28.8,20.7,24.1,0.0,17.7,34.6,26.76,Taolagnaro,-25.032,46.99,20.0
2016-10-13,28.1,20.1,23.6,0.0,15.8,32.8,27.75,Taolagnaro,-25.032,46.99,20.0
2016-10-14,27.1,20.4,23.3,0.9,13.0,34.2,25.41,Taolagnaro,-25.032,46.99,20.0
2016-10-15,21.9,19.2,20.6,13.9,22.9,40.7,10.54,Taolagnaro,-25.032,46.99,20.0
2016-10-16,28.4,19.7,23.5,0.2,20.2,37.4,26.17,Taolagnaro,-25.032,46.99,20.0
2016-10-17,27.8,21.3,24.3,0.0,13.4,31.7,25.83,Taolagnaro,-25.032,46.99,20.0
2016-10-18,23.3,19.8,21.6,2.7,19.3,39.6,14.34,Taolagnaro,-25.032,46.99,20.0
2016-10-19,22.1,19.4,20.8,0.7,25.0,46.8,11.72,Taolagnaro,-25.032,46.99,20.0
2016-10-20,25.7,20.5,22.7,0.2,27.0,55.1,25.51,Taolagnaro,-25.032,46.99,20.0
2016-10-21,26.9,20.7,22.9,1.3,25.7,51.5,23.89,Taolagnaro,-25.032,46.99,20.0
2016-10-22,26.6,20.6,22.8,4.5,23.0,51.5,22.33,Taolagnaro,-25.032,46.99,20.0
2016-10-23,26.8,21.0,23.2,1.4,19.7,40.7,23.32,Taolagnaro,-25.032,46.99,20.0
2016-10-24,27.0,20.9,23.4,2.6,17.7,37.1,23.78,Taolagnaro,-25.032,46.99,20.0
2016-10-25,28.0,20.7,23.9,0.5,16.5,31.7,26.77,Taolagnaro,-25.032,46.99,20.0
2016-10-26,28.5,21.2,24.3,2.5,12.2,31.3,24.92,Taolagnaro,-25.032,46.99,20.0
2016-10-27,27.6,20.9,23.5,2.3,14.1,31.0,23.75,Taolagnaro,-25.032,46.99,20.0
2016-10-28,25.9,20.2,22.6,1.1,14.0,34.9,23.22,Taolagnaro,-25.032,46.99,20.0
2016-10-29,26.6,19.3,22.8,0.0,16.5,38.5,26.6,Taolagnaro,-25.032,46.99,20.0
2016-10-30,28.5,20.9,24.5,0.0,12.6,31.0,27.44,Taolagnaro,-25.032,46.99,20.0
2016-10-31,27.6,21.6,24.2,0.0,14.8,33.1,26.82,Taolagnaro,-25.032,46.99,20.0
2016-11-01,27.0,21.2,23.8,0.9,16.4,34.6,22.95,Taolagnaro,-25.032,46.99,20.0
2016-11-02,23.8,20.0,21.9,6.3,20.8,39.6,13.55,Taolagnaro,-25.032,46.99,20.0
2016-11-03,21.6,19.0,20.7,7.4,25.8,51.8,12.06,Taolagnaro,-25.032,46.99,20.0
2016-11-04,24.2,20.0,21.8,0.0,29.2,58.3,21.59,Taolagnaro,-25.032,46.99,20.0
2016-11-05,25.3,20.5,22.7,0.0,25.8,52.9,26.91,Taolagnaro,-25.032,46.99,20.0
2016-11-06,27.2,20.7,23.5,0.0,21.5,42.8,29.63,Taolagnaro,-25.032,46.99,20.0
2016-11-07,29.1,20.2,24.4,0.0,14.9,33.1,29.43,Taolagnaro,-25.032,46.99,20.0
2016-11-08,28.3,19.5,24.0,0.0,11.5,28.4,27.92,Taolagnaro,-25.032,46.99,20.0
2016-11-09,28.0,20.9,23.9,0.5,16.9,32.8,26.53,Taolagnaro,-25.032,46.99,20.0
2016-11-10,29.3,20.9,24.5,0.0,12.0,34.2,29.43,Taolagnaro,-25.032,46.99,20.0
2016-11-11,27.9,20.1,23.7,0.4,16.4,37.8,26.14,Taolagnaro,-25.032,46.99,20.0
2016-11-12,27.9,22.2,24.6,1.0,22.6,47.2,23.91,Taolagnaro,-25.032,46.99,20.0
2016-11-13,30.4,22.6,25.5,3.0,18.8,36.7,24.11,Taolagnaro,-25.032,46.99,20.0
2016-11-14,30.2,21.5,25.3,4.7,22.4,33.1,24.92,Taolagnaro,-25.032,46.99,20.0
2016-11-15,25.3,21.0,22.9,8.5,20.2,40.7,17.94,Taolagnaro,-25.032,46.99,20.0
2016-11-16,25.5,20.6,22.7,8.6,20.8,40.3,10.03,Taolagnaro,-25.032,46.99,20.0
2016-11-17,29.3,22.1,25.1,3.4,14.7,31.3,25.25,Taolagnaro,-25.032,46.99,20.0
2016-11-18,29.2,22.1,25.0,5.3,11.0,32.0,23.88,Taolagnaro,-25.032,46.99,20.0
2016-11-19,25.0,21.7,23.1,2.4,16.3,34.2,20.88,Taolagnaro,-25.032,46.99,20.0
2016-11-20,23.7,20.3,21.8,3.6,14.7,30.6,10.33,Taolagnaro,-25.032,46.99,20.0
2016-11-21,24.4,21.0,22.4,1.3,17.5,35.6,16.96,Taolagnaro,-25.032,46.99,20.0
2016-11-22,28.3,21.0,24.5,0.0,12.9,29.9,27.15,Taolagnaro,-25.032,46.99,20.0
2016-11-23,28.6,22.1,24.9,0.0,19.7,37.8,25.51,Taolagnaro,-25.032,46.99,20.0
2016-11-24,28.0,22.5,24.6,0.2,25.3,50.4,27.74,Taolagnaro,-25.032,46.99,20.0
2016-11-25,29.1,22.3,25.3,1.4,17.5,35.3,25.17,Taolagnaro,-25.032,46.99,20.0
2016-11-26,29.2,22.5,25.5,6.0,11.2,27.0,23.48,Taolagnaro,-25.032,46.99,20.0
2016-11-27,26.4,22.2,23.9,8.4,15.9,36.0,22.64,Taolagnaro,-25.032,46.99,20.0
2016-11-28,23.6,21.2,22.2,2.5,16.3,33.1,14.01,Taolagnaro,-25.032,46.99,20.0
2016-11-29,26.4,21.5,23.6,0.0,22.4,46.1,27.52,Taolagnaro,-25.032,46.99,20.0
2016-11-30,28.2,21.3,24.6,0.3,17.4,33.8,29.78,Taolagnaro,-25.032,46.99,20.0
2016-12-01,29.9,22.4,25.7,0.0,13.5,28.4,26.47,Taolagnaro,-25.032,46.99,20.0
2016-12-02,28.9,21.3,24.1,3.1,24.1,74.2,21.46,Taolagnaro,-25.032,46.99,20.0
2016-12-03,24.4,20.6,22.2,2.0,19.9,43.2,23.85,Taolagnaro,-25.032,46.99,20.0
2016-12-04,26.2,19.7,22.8,0.0,21.3,43.6,31.2,Taolagnaro,-25.032,46.99,20.0
2016-12-05,27.7,21.0,23.8,0.0,22.8,44.3,30.3,Taolagnaro,-25.032,46.99,20.0
2016-12-06,26.8,21.7,24.0,0.0,23.9,50.0,28.05,Taolagnaro,-25.032,46.99,20.0
2016-12-07,27.3,21.8,24.1,0.5,24.4,51.5,28.51,Taolagnaro,-25.032,46.99,20.0
2016-12-08,27.9,22.3,24.8,0.0,22.3,44.3,28.01,Taolagnaro,-25.032,46.99,20.0
2016-12-09,28.8,21.9,25.0,0.2,20.2,40.7,28.41,Taolagnaro,-25.032,46.99,20.0
2016-12-10,30.0,22.4,26.0,0.9,16.8,33.8,27.61,Taolagnaro,-25.032,46.99,20.0
2016-12-11,30.2,22.9,26.3,0.8,13.3,29.5,26.92,Taolagnaro,-25.032,46.99,20.0
2016-12-12,27.9,22.6,25.0,0.5,18.5,36.7,25.98,Taolagnaro,-25.032,46.99,20.0
2016-12-13,29.8,22.2,25.9,2.1,17.5,35.3,28.21,Taolagnaro,-25.032,46.99,20.0
2016-12-14,28.9,23.7,25.7,9.3,14.6,31.7,23.0,Taolagnaro,-25.032,46.99,20.0
2016-12-15,29.6,22.9,26.0,0.0,22.1,43.9,27.09,Taolagnaro,-25.032,46.99,20.0
2016-12-16,30.4,23.6,26.4,3.0,18.9,38.5,28.29,Taolagnaro,-25.032,46.99,20.0
2016-12-17,26.1,22.7,24.1,17.7,14.3,32.8,12.14,Taolagnaro,-25.032,46.99,20.0
2016-12-18,27.0,22.8,24.5,1.4,19.6,39.6,21.04,Taolagnaro,-25.032,46.99,20.0
2016-12-19,27.6,22.7,25.0,0.0,19.9,42.1,18.64,Taolagnaro,-25.032,46.99,20.0
2016-12-20,28.2,23.4,25.5,3.2,19.5,38.2,22.11,Taolagnaro,-25.032,46.99,20.0
2016-12-21,30.2,23.8,26.3,4.9,14.3,29.2,22.06,Taolagnaro,-25.032,46.99,20.0
2016-12-22,29.6,23.2,25.8,12.1,8.9,26.6,22.15,Taolagnaro,-25.032,46.99,20.0
2016-12-23,29.8,23.4,26.3,0.4,14.6,31.7,27.99,Taolagnaro,-25.032,46.99,20.0
2016-12-24,30.7,23.4,26.7,0.0,16.4,32.8,30.76,Taolagnaro,-25.032,46.99,20.0
2016-12-25,30.4,24.0,26.6,0.2,18.4,39.2,29.06,Taolagnaro,-25.032,46.99,20.0
2016-12-26,29.4,23.8,26.2,0.0,23.0,46.4,29.61,Taolagnaro,-25.032,46.99,20.0
2016-12-27,28.7,23.1,25.7,0.0,25.9,53.6,28.93,Taolagnaro,-25.032,46.99,20.0
2016-12-28,29.5,23.1,26.0,0.0,23.8,49.0,31.33,Taolagnaro,-25.032,46.99,20.0
2016-12-29,31.1,23.8,27.2,0.0,20.9,42.5,27.84,Taolagnaro,-25.032,46.99,20.0
2016-12-30,28.6,22.9,25.8,0.3,16.4,34.2,28.46,Taolagnaro,-25.032,46.99,20.0
2016-12-31,27.8,22.5,24.9,5.4,17.1,34.9,21.82,Taolagnaro,-25.032,46.99,20.0
2017-01-01,27.3,22.9,24.7,4.8,13.8,38.9,20.98,Taolagnaro,-25.032,46.99,20.0
2017-01-02,29.0,23.1,26.1,0.1,23.7,62.3,23.4,Taolagnaro,-25.032,46.99,20.0
2017-01-03,30.1,24.4,27.0,0.6,26.6,65.5,26.4,Taolagnaro,-25.032,46.99,20.0
2017-01-04,29.6,23.6,25.9,2.9,25.2,65.9,21.15,Taolagnaro,-25.032,46.99,20.0
2017-01-05,28.5,23.2,25.8,0.5,27.2,69.1,22.15,Taolagnaro,-25.032,46.99,20.0
2017-01-06,29.3,24.1,26.4,0.0,25.7,65.5,25.88,Taolagnaro,-25.032,46.99,20.0
2017-01-07,29.8,24.1,26.7,0.1,27.2,68.0,27.76,Taolagnaro,-25.032,46.99,20.0
2017-01-08,29.9,23.5,26.7,0.2,17.2,45.0,26.24,Taolagnaro,-25.032,46.99,20.0
2017-01-09,29.6,24.4,26.7,0.0,25.7,65.2,22.73,Taolagnaro,-25.032,46.99,20.0
2017-01-10,30.1,24.6,26.9,0.0,26.1,65.9,28.41,Taolagnaro,-25.032,46.99,20.0
2017-01-11,29.8,23.6,26.7,0.0,27.7,70.6,26.32,Taolagnaro,-25.032,46.99,20.0
2017-01-12,30.1,24.7,26.9,0.0,27.2,68.4,25.16,Taolagnaro,-25.032,46.99,20.0
2017-01-13,30.2,24.7,27.0,0.0,25.8,65.2,29.85,Taolagnaro,-25.032,46.99,20.0
2017-01-14,30.1,23.8,26.9,0.0,29.4,73.4,29.19,Taolagnaro,-25.032,46.99,20.0
2017-01-15,30.1,24.2,27.1,0.0,30.4,75.2,30.3,Taolagnaro,-25.032,46.99,20.0
2017-01-16,30.1,24.8,27.1,0.0,31.9,79.2,28.72,Taolagnaro,-25.032,46.99,20.0
2017-01-17,31.0,23.5,27.5,0.3,25.1,65.9,28.66,Taolagnaro,-25.032,46.99,20.0
2017-01-18,30.8,23.9,27.2,0.6,26.4,68.8,27.34,Taolagnaro,-25.032,46.99,20.0
2017-01-19,31.3,24.0,27.3,0.0,31.4,77.8,30.18,Taolagnaro,-25.032,46.99,20.0
2017-01-20,31.1,24.3,27.5,0.0,29.5,74.5,30.69,Taolagnaro,-25.032,46.99,20.0
2017-01-21,31.9,24.1,27.7,0.1,15.5,43.9,27.25,Taolagnaro,-25.032,46.99,20.0
2017-01-22,30.1,23.5,26.9,0.0,26.6,68.0,29.87,Taolagnaro,-25.032,46.99,20.0
2017-01-23,29.7,24.1,26.8,0.0,26.8,70.2,29.75,Taolagnaro,-25.032,46.99,20.0
2017-01-24,29.9,24.4,27.0,0.0,29.1,73.4,30.06,Taolagnaro,-25.032,46.99,20.0
2017-01-25,31.1,24.7,27.4,0.0,28.5,72.0,27.59,Taolagnaro,-25.032,46.99,20.0
2017-01-26,32.1,23.7,27.4,1.5,18.5,49.0,26.98,Taolagnaro,-25.032,46.99,20.0
2017-01-27,29.8,22.9,26.2,1.5,11.8,33.5,24.98,Taolagnaro,-25.032,46.99,20.0
2017-01-28,28.4,23.7,26.1,2.9,13.2,36.4,20.92,Taolagnaro,-25.032,46.99,20.0
2017-01-29,30.0,23.6,27.0,0.9,13.7,38.2,25.72,Taolagnaro,-25.032,46.99,20.0
2017-01-30,29.7,24.5,27.1,0.5,16.8,45.4,25.67,Taolagnaro,-25.032,46.99,20.0
2017-01-31,29.9,24.4,26.7,2.8,19.1,50.4,25.77,Taolagnaro,-25.032,46.99,20.0
2017-02-01,28.5,23.3,25.6,3.8,18.8,47.9,23.76,Taolagnaro,-25.032,46.99,20.0
2017-02-02,28.7,23.6,26.1,4.4,20.1,51.8,18.99,Taolagnaro,-25.032,46.99,20.0
2017-02-03,28.8,24.5,26.5,0.9,19.5,50.8,19.8,Taolagnaro,-25.032,46.99,20.0
2017-02-04,29.4,23.8,26.2,4.3,18.8,50.0,23.97,Taolagnaro,-25.032,46.99,20.0
2017-02-05,30.3,23.9,26.7,1.3,20.9,53.3,24.63,Taolagnaro,-25.032,46.99,20.0
2017-02-06,29.4,24.1,26.4,1.7,23.2,59.4,24.66,Taolagnaro,-25.032,46.99,20.0
2017-02-07,28.7,24.0,26.1,4.3,23.0,58.7,24.27,Taolagnaro,-25.032,46.99,20.0
2017-02-08,30.3,23.1,26.8,0.1,19.4,50.0,27.76,Taolagnaro,-25.032,46.99,20.0
2017-02-09,30.3,23.1,27.1,0.5,14.5,40.7,27.36,Taolagnaro,-25.032,46.99,20.0
2017-02-10,29.9,24.2,26.5,4.8,14.7,40.0,24.33,Taolagnaro,-25.032,46.99,20.0
2017-02-11,29.3,24.0,26.4,2.3,19.9,52.2,24.17,Taolagnaro,-25.032,46.99,20.0
2017-02-12,30.5,24.7,27.3,0.0,24.6,63.0,26.52,Taolagnaro,-25.032,46.99,20.0
2017-02-13,30.5,24.8,26.9,1.5,25.0,64.8,24.77,Taolagnaro,-25.032,46.99,20.0
2017-02-14,32.0,23.6,27.4,1.5,24.0,60.5,19.25,Taolagnaro,-25.032,46.99,20.0
2017-02-15,29.5,25.0,27.4,0.0,25.2,63.7,14.16,Taolagnaro,-25.032,46.99,20.0
2017-02-16,31.3,26.1,28.2,0.0,26.1,66.2,26.38,Taolagnaro,-25.032,46.99,20.0
2017-02-17,27.4,23.9,25.5,5.4,21.4,56.2,14.84,Taolagnaro,-25.032,46.99,20.0
2017-02-18,25.8,21.8,23.5,28.2,24.5,68.8,16.24,Taolagnaro,-25.032,46.99,20.0
2017-02-19,27.5,21.9,23.8,19.8,20.9,54.0,14.85,Taolagnaro,-25.032,46.99,20.0
2017-02-20,29.1,20.6,25.2,0.0,11.8,35.3,24.2,Taolagnaro,-25.032,46.99,20.0
2017-02-21,29.7,22.4,26.3,0.3,20.5,52.2,24.31,Taolagnaro,-25.032,46.99,20.0
2017-02-22,29.4,24.6,26.7,0.3,27.1,69.8,18.85,Taolagnaro,-25.032,46.99,20.0
2017-02-23,30.4,23.9,27.2,0.0,15.5,45.0,21.25,Taolagnaro,-25.032,46.99,20.0
2017-02-24,31.0,24.0,27.2,0.4,6.7,28.4,24.62,Taolagnaro,-25.032,46.99,20.0
2017-02-25,30.3,23.8,27.0,7.2,8.1,27.0,23.57,Taolagnaro,-25.032,46.99,20.0
2017-02-26,29.7,23.9,26.5,7.0,10.3,36.4,22.48,Taolagnaro,-25.032,46.99,20.0
2017-02-27,28.4,23.2,24.9,35.5,18.9,49.0,14.64,Taolagnaro,-25.032,46.99,20.0
2017-02-28,26.5,23.3,25.0,16.1,15.3,38.9,8.31,Taolagnaro,-25.032,46.99,20.0
2017-03-01,26.7,23.1,24.8,124.8,23.0,58.0,8.78,Taolagnaro,-25.032,46.99,20.0
2017-03-02,28.8,24.7,26.5,0.2,20.6,53.3,22.99,Taolagnaro,-25.032,46.99,20.0
2017-03-03,29.0,24.0,26.3,1.1,20.3,54.4,23.95,Taolagnaro,-25.032,46.99,20.0
2017-03-04,28.6,24.4,26.5,0.6,23.9,61.2,23.12,Taolagnaro,-25.032,46.99,20.0
2017-03-05,28.4,24.6,26.2,0.4,26.2,67.0,22.46,Taolagnaro,-25.032,46.99,20.0
2017-03-06,29.5,24.2,26.7,0.2,23.5,60.1,23.61,Taolagnaro,-25.032,46.99,20.0
2017-03-07,29.2,24.8,26.7,1.3,28.2,74.5,22.9,Taolagnaro,-25.032,46.99,20.0
2017-03-08,27.2,24.3,25.5,6.0,25.1,65.9,15.17,Taolagnaro,-25.032,46.99,20.0
2017-03-09,25.2,23.3,24.3,90.7,43.4,117.0,2.99,Taolagnaro,-25.032,46.99,20.0
2017-03-10,28.7,22.6,25.5,16.0,39.4,109.4,18.99,Taolagnaro,-25.032,46.99,20.0
2017-03-11,28.3,22.6,24.9,0.4,21.3,54.0,20.06,Taolagnaro,-25.032,46.99,20.0
2017-03-12,25.8,22.9,24.6,6.0,14.8,37.8,9.66,Taolagnaro,-25.032,46.99,20.0
2017-03-13,25.9,22.5,24.4,8.9,17.7,47.2,17.75,Taolagnaro,-25.032,46.99,20.0
2017-03-14,26.2,22.2,23.7,19.8,19.6,47.5,8.99,Taolagnaro,-25.032,46.99,20.0
2017-03-15,27.9,22.9,25.3,1.7,10.6,31.0,19.99,Taolagnaro,-25.032,46.99,20.0
2017-03-16,28.8,23.6,26.1,0.3,16.0,44.3,19.67,Taolagnaro,-25.032,46.99,20.0
2017-03-17,28.4,24.2,25.9,0.9,14.9,40.7,20.42,Taolagnaro,-25.032,46.99,20.0
2017-03-18,28.2,24.5,25.7,2.8,28.0,70.6,18.95,Taolagnaro,-25.032,46.99,20.0
2017-03-19,28.5,24.4,26.0,3.2,23.0,59.0,21.45,Taolagnaro,-25.032,46.99,20.0
2017-03-20,28.0,24.1,25.5,3.7,21.1,55.4,19.72,Taolagnaro,-25.032,46.99,20.0
2017-03-21,27.2,23.7,24.8,5.4,22.3,57.6,19.96,Taolagnaro,-25.032,46.99,20.0
2017-03-22,26.7,23.1,24.6,5.2,20.9,54.0,18.92,Taolagnaro,-25.032,46.99,20.0
2017-03-23,27.2,23.4,24.9,1.1,25.0,63.7,20.36,Taolagnaro,-25.032,46.99,20.0
2017-03-24,28.6,23.5,25.7,0.5,22.5,62.6,21.77,Taolagnaro,-25.032,46.99,20.0
2017-03-25,29.4,22.8,25.9,0.0,17.4,44.3,21.13,Taolagnaro,-25.032,46.99,20.0
2017-03-26,29.3,22.3,24.8,20.4,19.8,51.1,19.51,Taolagnaro,-25.032,46.99,20.0
2017-03-27,25.5,21.9,23.6,22.1,17.6,46.8,13.95,Taolagnaro,-25.032,46.99,20.0
2017-03-28,27.5,22.7,24.6,4.8,18.4,50.4,16.56,Taolagnaro,-25.032,46.99,20.0
2017-03-29,27.9,23.5,25.4,2.8,17.7,46.4,18.7,Taolagnaro,-25.032,46.99,20.0
2017-03-30,25.8,22.1,23.5,27.1,25.5,72.7,12.07,Taolagnaro,-25.032,46.99,20.0
2017-03-31,25.7,21.8,24.3,3.7,19.6,49.7,15.67,Taolagnaro,-25.032,46.99,20.0
2017-04-01,27.4,22.8,25.3,0.4,17.7,45.4,14.18,Taolagnaro,-25.032,46.99,20.0
2017-04-02,26.4,23.0,25.3,1.2,16.4,42.1,7.42,Taolagnaro,-25.032,46.99,20.0
2017-04-03,27.9,22.4,25.0,7.5,22.5,55.8,14.37,Taolagnaro,-25.032,46.99,20.0
2017-04-04,27.4,24.9,25.8,0.3,25.3,64.1,15.27,Taolagnaro,-25.032,46.99,20.0
2017-04-05,26.2,25.2,25.6,2.6,21.7,55.4,13.99,Taolagnaro,-25.032,46.99,20.0
2017-04-06,27.8,23.5,25.4,0.0,21.6,55.8,21.68,Taolagnaro,-25.032,46.99,20.0
2017-04-07,27.2,22.8,24.9,0.3,21.5,55.1,17.41,Taolagnaro,-25.032,46.99,20.0
2017-04-08,27.3,23.6,25.1,0.9,20.9,54.0,18.26,Taolagnaro,-25.032,46.99,20.0
2017-04-09,27.0,22.9,24.6,3.0,23.2,57.6,18.28,Taolagnaro,-25.032,46.99,20.0
2017-04-10,26.4,22.5,24.1,4.5,20.5,52.9,17.06,Taolagnaro,-25.032,46.99,20.0
2017-04-11,27.5,22.9,24.8,0.4,18.2,46.8,18.26,Taolagnaro,-25.032,46.99,20.0
2017-04-12,26.9,22.4,24.8,0.0,25.6,63.7,18.22,Taolagnaro,-25.032,46.99,20.0
2017-04-13,27.8,22.9,25.3,0.0,27.8,70.2,19.15,Taolagnaro,-25.032,46.99,20.0
2017-04-14,28.5,23.2,25.5,0.0,24.5,62.3,20.47,Taolagnaro,-25.032,46.99,20.0
2017-04-15,27.7,23.5,25.4,0.1,25.5,65.5,18.1,Taolagnaro,-25.032,46.99,20.0
2017-04-16,28.5,23.3,25.4,0.0,23.7,60.1,18.63,Taolagnaro,-25.032,46.99,20.0
2017-04-17,26.3,21.9,24.1,6.0,12.8,36.0,13.42,Taolagnaro,-25.032,46.99,20.0
2017-04-18,25.4,21.6,23.3,24.8,15.9,40.3,11.97,Taolagnaro,-25.032,46.99,20.0
2017-04-19,25.6,21.2,23.3,1.0,13.5,36.7,14.62,Taolagnaro,-25.032,46.99,20.0
2017-04-20,26.6,19.6,22.9,0.0,8.2,24.1,17.73,Taolagnaro,-25.032,46.99,20.0
2017-04-21,28.2,18.8,23.2,0.0,8.8,22.7,19.52,Taolagnaro,-25.032,46.99,20.0
2017-04-22,26.4,19.5,23.3,2.4,29.1,72.7,17.06,Taolagnaro,-25.032,46.99,20.0
2017-04-23,24.6,21.0,22.7,1.3,14.8,40.0,15.18,Taolagnaro,-25.032,46.99,20.0
2017-04-24,25.3,20.5,22.5,1.7,15.4,39.6,14.46,Taolagnaro,-25.032,46.99,20.0
2017-04-25,22.8,19.5,21.4,12.8,19.5,50.4,10.19,Taolagnaro,-25.032,46.99,20.0
2017-04-26,23.8,20.5,22.0,1.1,10.5,28.4,9.35,Taolagnaro,-25.032,46.99,20.0
2017-04-27,24.8,21.0,22.4,2.7,17.1,42.8,9.09,Taolagnaro,-25.032,46.99,20.0
2017-04-28,25.1,21.6,22.8,2.5,28.5,67.3,10.7,Taolagnaro,-25.032,46.99,20.0
2017-04-29,24.6,22.3,23.1,0.5,30.3,76.3,13.65,Taolagnaro,-25.032,46.99,20.0
2017-04-30,24.2,21.2,22.8,1.3,22.9,58.0,13.34,Taolagnaro,-25.032,46.99,20.0
2017-05-01,23.4,19.5,21.5,2.0,18.0,46.4,11.53,Taolagnaro,-25.032,46.99,20.0
2017-05-02,24.7,19.5,22.1,0.1,17.9,44.6,10.8,Taolagnaro,-25.032,46.99,20.0
2017-05-03,23.8,20.3,21.8,1.5,22.0,56.5,11.21,Taolagnaro,-25.032,46.99,20.0
2017-05-04,26.3,19.9,23.1,0.2,20.3,52.2,17.51,Taolagnaro,-25.032,46.99,20.0
2017-05-05,25.6,21.3,22.9,0.0,26.0,65.9,16.27,Taolagnaro,-25.032,46.99,20.0
2017-05-06,25.5,21.4,22.9,0.0,25.9,67.0,15.87,Taolagnaro,-25.032,46.99,20.0
2017-05-07,25.9,21.0,23.3,0.0,24.0,61.2,16.61,Taolagnaro,-25.032,46.99,20.0
2017-05-08,26.9,20.3,23.4,0.0,21.3,53.3,17.53,Taolagnaro,-25.032,46.99,20.0
2017-05-09,25.9,21.4,23.2,0.8,20.4,53.6,14.97,Taolagnaro,-25.032,46.99,20.0
2017-05-10,22.9,20.6,21.6,26.9,21.6,51.5,5.52,Taolagnaro,-25.032,46.99,20.0
2017-05-11,25.2,20.2,22.8,3.1,26.7,66.6,14.08,Taolagnaro,-25.032,46.99,20.0
2017-05-12,26.5,21.7,23.7,0.0,27.5,69.1,15.88,Taolagnaro,-25.032,46.99,20.0
2017-05-13,26.3,19.9,23.2,0.1,25.4,64.1,14.31,Taolagnaro,-25.032,46.99,20.0
2017-05-14,27.5,21.0,23.6,0.5,20.9,56.9,14.75,Taolagnaro,-25.032,46.99,20.0
2017-05-15,27.4,21.6,24.1,0.0,21.7,53.3,12.64,Taolagnaro,-25.032,46.99,20.0
2017-05-16,25.3,21.6,22.8,2.1,27.3,67.3,13.02,Taolagnaro,-25.032,46.99,20.0
2017-05-17,27.0,21.2,23.5,0.4,29.0,72.0,15.42,Taolagnaro,-25.032,46.99,20.0
2017-05-18,28.2,19.6,23.5,0.0,20.4,51.1,14.59,Taolagnaro,-25.032,46.99,20.0
2017-05-19,25.7,19.3,22.2,0.1,18.4,47.2,14.33,Taolagnaro,-25.032,46.99,20.0
2017-05-20,24.3,18.9,21.5,0.0,8.9,25.6,14.77,Taolagnaro,-25.032,46.99,20.0
2017-05-21,24.1,18.3,21.4,0.5,15.3,40.0,12.96,Taolagnaro,-25.032,46.99,20.0
2017-05-22,24.9,19.9,22.2,0.1,19.7,50.4,13.83,Taolagnaro,-25.032,46.99,20.0
2017-05-23,26.1,20.2,22.7,0.0,23.2,59.0,16.15,Taolagnaro,-25.032,46.99,20.0
2017-05-24,26.6,19.3,22.4,0.0,19.6,50.8,16.11,Taolagnaro,-25.032,46.99,20.0
2017-05-25,27.3,15.9,21.5,0.0,12.2,30.2,15.94,Taolagnaro,-25.032,46.99,20.0
2017-05-26,27.3,17.5,22.4,0.0,20.1,50.0,15.56,Taolagnaro,-25.032,46.99,20.0
2017-05-27,26.4,18.1,22.1,0.0,14.5,38.9,15.16,Taolagnaro,-25.032,46.99,20.0
2017-05-28,26.9,20.0,22.9,0.1,18.7,58.0,10.04,Taolagnaro,-25.032,46.99,20.0
2017-05-29,23.6,19.2,21.5,3.4,16.9,43.9,11.31,Taolagnaro,-25.032,46.99,20.0
2017-05-30,24.3,18.9,21.1,0.4,12.6,34.2,13.36,Taolagnaro,-25.032,46.99,20.0
2017-05-31,25.9,18.8,22.4,0.0,24.2,61.2,14.8,Taolagnaro,-25.032,46.99,20.0
2017-06-01,25.0,19.1,22.1,0.0,18.0,46.4,13.97,Taolagnaro,-25.032,46.99,20.0
2017-06-02,26.1,17.7,21.4,0.4,10.6,26.6,14.17,Taolagnaro,-25.032,46.99,20.0
2017-06-03,23.3,20.0,21.7,7.9,17.3,44.3,8.27,Taolagnaro,-25.032,46.99,20.0
2017-06-04,25.3,20.6,22.4,0.3,20.4,52.2,13.35,Taolagnaro,-25.032,46.99,20.0
2017-06-05,26.2,19.6,22.5,0.0,20.0,50.0,14.5,Taolagnaro,-25.032,46.99,20.0
2017-06-06,26.2,18.6,22.3,0.1,17.0,43.2,14.53,Taolagnaro,-25.032,46.99,20.0
2017-06-07,23.0,20.0,21.3,10.1,19.6,50.0,9.8,Taolagnaro,-25.032,46.99,20.0
2017-06-08,25.3,19.8,22.2,2.3,21.3,55.4,12.82,Taolagnaro,-25.032,46.99,20.0
2017-06-09,23.6,21.2,22.0,24.3,15.3,40.0,3.99,Taolagnaro,-25.032,46.99,20.0
2017-06-10,23.4,21.0,22.2,17.1,24.7,61.6,4.37,Taolagnaro,-25.032,46.99,20.0
2017-06-11,25.1,21.9,23.3,0.0,32.7,80.6,13.28,Taolagnaro,-25.032,46.99,20.0
2017-06-12,26.7,18.7,22.2,0.0,19.8,52.2,14.85,Taolagnaro,-25.032,46.99,20.0
2017-06-13,27.1,17.0,21.2,0.0,13.2,31.0,14.42,Taolagnaro,-25.032,46.99,20.0
2017-06-14,25.3,17.4,21.0,0.0,8.9,22.3,14.35,Taolagnaro,-25.032,46.99,20.0
2017-06-15,24.7,16.9,20.6,0.0,9.7,29.2,13.73,Taolagnaro,-25.032,46.99,20.0
2017-06-16,24.7,17.6,21.0,0.0,17.6,44.6,13.65,Taolagnaro,-25.032,46.99,20.0
2017-06-17,21.9,19.2,20.4,1.6,12.9,34.2,10.79,Taolagnaro,-25.032,46.99,20.0
2017-06-18,22.7,17.1,20.6,0.1,10.7,27.7,8.39,Taolagnaro,-25.032,46.99,20.0
2017-06-19,22.8,20.0,21.3,0.0,15.6,38.5,6.78,Taolagnaro,-25.032,46.99,20.0
2017-06-20,21.4,18.6,20.0,3.3,17.6,45.7,8.97,Taolagnaro,-25.032,46.99,20.0
2017-06-21,24.0,18.1,20.5,0.2,12.6,34.6,13.01,Taolagnaro,-25.032,46.99,20.0
2017-06-22,24.1,19.4,20.9,0.9,16.7,43.9,12.87,Taolagnaro,-25.032,46.99,20.0
2017-06-23,26.4,18.2,21.6,0.0,16.9,42.1,14.02,Taolagnaro,-25.032,46.99,20.0
2017-06-24,23.8,19.9,21.9,2.9,12.7,33.5,11.38,Taolagnaro,-25.032,46.99,20.0
2017-06-25,22.6,17.2,20.3,2.7,13.9,33.5,10.53,Taolagnaro,-25.032,46.99,20.0
2017-06-26,21.7,18.8,20.1,2.0,13.1,32.8,9.64,Taolagnaro,-25.032,46.99,20.0
2017-06-27,22.3,18.9,20.4,0.0,15.7,40.0,11.53,Taolagnaro,-25.032,46.99,20.0
2017-06-28,22.9,18.5,20.4,0.0,22.7,59.8,12.63,Taolagnaro,-25.032,46.99,20.0
2017-06-29,25.0,15.6,20.0,0.0,15.6,40.3,14.88,Taolagnaro,-25.032,46.99,20.0
2017-06-30,21.8,14.4,18.1,4.2,15.3,39.6,10.17,Taolagnaro,-25.032,46.99,20.0
2017-07-01,22.2,14.7,19.1,0.5,18.1,44.6,11.63,Taolagnaro,-25.032,46.99,20.0
2017-07-02,22.6,18.0,19.9,0.2,21.5,53.6,9.52,Taolagnaro,-25.032,46.99,20.0
2017-07-03,23.7,18.0,20.6,0.0,22.2,55.8,13.18,Taolagnaro,-25.032,46.99,20.0
2017-07-04,23.7,18.7,20.9,0.0,22.5,56.5,11.95,Taolagnaro,-25.032,46.99,20.0
2017-07-05,23.3,19.1,21.1,0.1,19.8,50.4,12.02,Taolagnaro,-25.032,46.99,20.0
2017-07-06,22.8,18.2,21.0,0.7,21.2,52.6,8.55,Taolagnaro,-25.032,46.99,20.0
2017-07-07,21.9,19.2,20.3,1.1,19.4,49.0,9.49,Taolagnaro,-25.032,46.99,20.0
2017-07-08,21.8,19.2,20.4,0.1,23.7,60.5,9.68,Taolagnaro,-25.032,46.99,20.0
2017-07-09,22.6,18.8,20.4,0.4,29.1,72.7,11.39,Taolagnaro,-25.032,46.99,20.0
2017-07-10,24.5,15.1,19.5,0.0,15.1,40.7,14.93,Taolagnaro,-25.032,46.99,20.0
2017-07-11,23.3,15.3,19.3,0.0,15.7,40.3,14.79,Taolagnaro,-25.032,46.99,20.0
2017-07-12,21.7,15.7,19.0,1.4,17.0,47.2,10.6,Taolagnaro,-25.032,46.99,20.0
2017-07-13,20.6,15.9,18.0,1.6,10.2,26.6,11.41,Taolagnaro,-25.032,46.99,20.0
2017-07-14,25.9,13.4,19.1,0.0,22.0,55.4,14.77,Taolagnaro,-25.032,46.99,20.0
2017-07-15,22.4,18.8,20.4,1.7,17.4,46.4,12.24,Taolagnaro,-25.032,46.99,20.0
2017-07-16,24.8,15.0,19.8,0.0,13.2,34.6,15.81,Taolagnaro,-25.032,46.99,20.0
2017-07-17,24.3,14.3,19.6,0.8,20.6,52.9,15.8,Taolagnaro,-25.032,46.99,20.0
2017-07-18,21.7,16.8,20.2,2.9,14.2,36.4,7.2,Taolagnaro,-25.032,46.99,20.0
2017-07-19,23.2,16.8,20.1,0.2,18.5,46.4,13.31,Taolagnaro,-25.032,46.99,20.0
2017-07-20,24.2,17.3,20.6,0.0,20.1,49.7,15.46,Taolagnaro,-25.032,46.99,20.0
2017-07-21,23.4,15.4,18.9,0.0,16.5,44.3,15.25,Taolagnaro,-25.032,46.99,20.0
2017-07-22,24.1,15.7,19.9,0.0,19.2,50.0,15.61,Taolagnaro,-25.032,46.99,20.0
2017-07-23,25.1,16.1,20.7,0.0,18.8,45.7,15.67,Taolagnaro,-25.032,46.99,20.0
2017-07-24,24.3,17.7,20.8,0.0,17.1,45.0,13.83,Taolagnaro,-25.032,46.99,20.0
2017-07-25,22.8,16.1,19.2,4.5,19.2,45.0,13.8,Taolagnaro,-25.032,46.99,20.0
2017-07-26,22.8,17.6,20.1,3.5,17.3,42.1,11.15,Taolagnaro,-25.032,46.99,20.0
2017-07-27,22.5,19.1,20.6,2.4,19.5,49.3,11.84,Taolagnaro,-25.032,46.99,20.0
2017-07-28,22.1,19.2,20.3,26.2,17.7,44.6,8.49,Taolagnaro,-25.032,46.99,20.0
2017-07-29,23.8,19.1,21.0,4.3,23.9,63.4,12.45,Taolagnaro,-25.032,46.99,20.0
2017-07-30,25.9,18.4,21.6,0.2,21.9,54.0,15.69,Taolagnaro,-25.032,46.99,20.0
2017-07-31,22.0,17.8,20.0,3.8,24.2,64.4,11.11,Taolagnaro,-25.032,46.99,20.0
2017-08-01,20.3,18.5,19.2,0.0,24.5,59.4,11.07,Taolagnaro,-25.032,46.99,20.0
2017-08-02,22.1,19.1,20.5,0.0,30.5,75.2,12.7,Taolagnaro,-25.032,46.99,20.0
2017-08-03,23.0,18.0,20.3,0.0,27.2,68.0,17.29,Taolagnaro,-25.032,46.99,20.0
2017-08-04,22.3,18.3,19.9,0.5,26.9,67.7,13.46,Taolagnaro,-25.032,46.99,20.0
2017-08-05,22.8,17.2,19.9,0.0,27.4,68.0,16.02,Taolagnaro,-25.032,46.99,20.0
2017-08-06,24.9,16.0,19.9,0.0,19.1,48.2,16.62,Taolagnaro,-25.032,46.99,20.0
2017-08-07,23.9,15.1,19.5,2.0,18.9,48.6,16.03,Taolagnaro,-25.032,46.99,20.0
2017-08-08,22.6,16.7,19.2,0.2,13.5,37.8,15.35,Taolagnaro,-25.032,46.99,20.0
2017-08-09,20.5,17.3,19.1,2.9,22.7,58.0,11.07,Taolagnaro,-25.032,46.99,20.0
2017-08-10,22.6,18.8,20.1,0.7,26.4,66.6,14.37,Taolagnaro,-25.032,46.99,20.0
2017-08-11,22.1,18.8,20.1,1.8,24.3,61.2,8.22,Taolagnaro,-25.032,46.99,20.0
2017-08-12,21.7,18.1,19.7,5.4,24.9,64.8,12.88,Taolagnaro,-25.032,46.99,20.0
2017-08-13,22.8,18.4,20.2,3.1,27.3,68.4,14.76,Taolagnaro,-25.032,46.99,20.0
2017-08-14,23.2,18.4,20.5,0.6,25.7,64.4,15.81,Taolagnaro,-25.032,46.99,20.0
2017-08-15,24.1,18.5,21.0,0.0,27.2,67.7,18.02,Taolagnaro,-25.032,46.99,20.0
2017-08-16,25.1,18.6,21.5,0.0,27.2,67.3,18.44,Taolagnaro,-25.032,46.99,20.0
2017-08-17,25.5,20.5,22.4,0.0,27.3,70.6,16.86,Taolagnaro,-25.032,46.99,20.0
2017-08-18,26.3,19.5,22.6,0.0,26.3,65.5,16.81,Taolagnaro,-25.032,46.99,20.0
2017-08-19,26.4,19.7,22.5,0.2,17.8,47.2,15.45,Taolagnaro,-25.032,46.99,20.0
2017-08-20,23.6,18.5,20.9,0.8,18.3,46.4,11.93,Taolagnaro,-25.032,46.99,20.0
2017-08-21,20.3,18.9,19.4,4.9,14.6,37.4,8.03,Taolagnaro,-25.032,46.99,20.0
2017-08-22,22.2,14.4,19.1,0.0,21.7,55.4,19.76,Taolagnaro,-25.032,46.99,20.0
2017-08-23,28.0,17.4,21.8,0.5,19.2,48.6,17.39,Taolagnaro,-25.032,46.99,20.0
2017-08-24,23.5,16.8,20.6,0.2,12.4,33.8,15.26,Taolagnaro,-25.032,46.99,20.0
2017-08-25,24.9,17.2,21.3,0.0,9.5,28.8,15.24,Taolagnaro,-25.032,46.99,20.0
2017-08-26,22.3,17.4,20.8,1.0,18.4,47.2,11.52,Taolagnaro,-25.032,46.99,20.0
2017-08-27,21.2,16.9,19.2,4.6,12.5,30.2,10.39,Taolagnaro,-25.032,46.99,20.0
2017-08-28,21.4,17.2,19.8,3.2,16.1,43.2,9.69,Taolagnaro,-25.032,46.99,20.0
2017-08-29,21.5,16.9,19.1,2.6,16.4,40.3,11.53,Taolagnaro,-25.032,46.99,20.0
2017-08-30,22.8,15.8,19.6,2.3,10.7,29.2,17.51,Taolagnaro,-25.032,46.99,20.0
2017-08-31,23.3,15.0,20.1,0.2,15.7,41.0,18.26,Taolagnaro,-25.032,46.99,20.0
2017-09-01,22.1,20.4,21.4,1.5,23.0,57.2,8.12,Taolagnaro,-25.032,46.99,20.0
2017-09-02,24.3,20.1,22.1,0.0,34.1,83.9,19.45,Taolagnaro,-25.032,46.99,20.0
2017-09-03,26.5,16.3,20.6,1.3,27.3,69.8,17.67,Taolagnaro,-25.032,46.99,20.0
2017-09-04,22.6,18.2,19.7,3.0,21.3,56.2,15.4,Taolagnaro,-25.032,46.99,20.0
2017-09-05,21.1,18.1,19.4,0.0,25.9,64.8,16.36,Taolagnaro,-25.032,46.99,20.0
2017-09-06,22.7,18.5,20.4,0.0,32.0,79.9,21.89,Taolagnaro,-25.032,46.99,20.0
2017-09-07,24.4,18.5,21.2,0.0,32.3,80.6,22.41,Taolagnaro,-25.032,46.99,20.0
2017-09-08,24.7,20.0,21.9,0.0,31.3,79.9,21.3,Taolagnaro,-25.032,46.99,20.0
2017-09-09,25.4,19.9,22.3,0.0,30.8,76.3,21.51,Taolagnaro,-25.032,46.99,20.0
2017-09-10,25.6,19.1,22.0,0.0,27.2,67.0,22.46,Taolagnaro,-25.032,46.99,20.0
2017-09-11,25.7,17.0,21.5,0.0,24.5,61.6,22.7,Taolagnaro,-25.032,46.99,20.0
2017-09-12,25.9,19.4,22.3,0.0,27.4,68.4,22.56,Taolagnaro,-25.032,46.99,20.0
2017-09-13,25.9,19.4,22.1,0.0,29.6,73.1,23.22,Taolagnaro,-25.032,46.99,20.0
2017-09-14,28.2,15.5,21.6,0.0,19.3,46.4,23.47,Taolagnaro,-25.032,46.99,20.0
2017-09-15,23.5,14.8,20.6,0.5,27.3,69.8,15.65,Taolagnaro,-25.032,46.99,20.0
2017-09-16,22.0,17.0,19.7,0.5,12.8,35.3,20.37,Taolagnaro,-25.032,46.99,20.0
2017-09-17,24.2,15.0,19.8,0.4,17.7,46.4,21.89,Taolagnaro,-25.032,46.99,20.0
2017-09-18,22.3,19.6,20.7,0.8,22.1,55.1,9.03,Taolagnaro,-25.032,46.99,20.0
2017-09-19,25.0,20.4,22.3,0.3,34.1,85.0,19.19,Taolagnaro,-25.032,46.99,20.0
2017-09-20,26.7,19.5,22.9,0.0,25.1,64.8,22.64,Taolagnaro,-25.032,46.99,20.0
2017-09-21,24.9,19.1,22.0,8.1,28.5,69.5,17.51,Taolagnaro,-25.032,46.99,20.0
2017-09-22,22.7,18.3,20.8,7.0,27.3,67.3,13.5,Taolagnaro,-25.032,46.99,20.0
2017-09-23,24.7,20.0,21.9,0.2,24.7,62.3,22.6,Taolagnaro,-25.032,46.99,20.0
2017-09-24,25.1,18.4,21.5,2.9,15.6,42.5,21.0,Taolagnaro,-25.032,46.99,20.0
2017-09-25,24.4,19.9,22.1,0.1,28.3,69.5,18.69,Taolagnaro,-25.032,46.99,20.0
2017-09-26,27.2,21.4,23.7,0.0,28.0,68.8,22.33,Taolagnaro,-25.032,46.99,20.0
2017-09-27,27.8,20.2,23.3,0.0,12.7,38.5,21.63,Taolagnaro,-25.032,46.99,20.0
2017-09-28,24.6,20.4,22.2,1.9,24.3,60.8,14.79,Taolagnaro,-25.032,46.99,20.0
2017-09-29,20.7,19.2,20.2,1.7,21.6,51.8,10.61,Taolagnaro,-25.032,46.99,20.0
2017-09-30,23.9,19.7,21.6,0.1,27.0,67.7,21.16,Taolagnaro,-25.032,46.99,20.0
2017-10-01,25.9,20.0,22.9,0.0,32.0,78.8,23.59,Taolagnaro,-25.032,46.99,20.0
2017-10-02,27.0,21.5,23.6,0.0,25.3,65.5,23.62,Taolagnaro,-25.032,46.99,20.0
2017-10-03,26.0,21.0,22.9,2.6,24.9,61.9,22.83,Taolagnaro,-25.032,46.99,20.0
2017-10-04,24.5,20.0,22.0,5.0,29.5,73.4,17.48,Taolagnaro,-25.032,46.99,20.0
2017-10-05,23.0,20.1,21.7,1.7,32.4,79.9,12.15,Taolagnaro,-25.032,46.99,20.0
2017-10-06,24.8,21.2,22.5,0.0,33.8,84.2,25.32,Taolagnaro,-25.032,46.99,20.0
2017-10-07,25.8,20.5,22.4,0.0,33.2,83.5,26.3,Taolagnaro,-25.032,46.99,20.0
2017-10-08,26.3,20.4,22.8,0.0,33.4,82.8,24.9,Taolagnaro,-25.032,46.99,20.0
2017-10-09,27.4,19.3,23.2,0.0,24.8,63.7,25.08,Taolagnaro,-25.032,46.99,20.0
2017-10-10,28.2,19.4,23.7,0.0,27.4,68.8,24.28,Taolagnaro,-25.032,46.99,20.0
2017-10-11,29.0,21.2,24.2,0.0,20.3,51.8,20.89,Taolagnaro,-25.032,46.99,20.0
2017-10-12,26.8,19.2,23.0,0.8,14.6,39.2,20.22,Taolagnaro,-25.032,46.99,20.0
2017-10-13,25.8,20.4,22.5,0.7,24.8,61.9,24.67,Taolagnaro,-25.032,46.99,20.0
2017-10-14,23.1,18.9,20.8,1.4,21.8,57.6,19.08,Taolagnaro,-25.032,46.99,20.0
2017-10-15,24.4,17.3,21.2,0.0,16.7,45.0,25.96,Taolagnaro,-25.032,46.99,20.0
2017-10-16,28.5,20.1,24.3,0.1,18.5,46.4,25.97,Taolagnaro,-25.032,46.99,20.0
2017-10-17,30.6,19.3,25.1,0.0,25.9,62.3,25.69,Taolagnaro,-25.032,46.99,20.0
2017-10-18,26.8,20.8,23.5,4.6,21.8,55.4,19.12,Taolagnaro,-25.032,46.99,20.0
2017-10-19,24.9,19.5,22.9,0.0,21.9,55.4,23.67,Taolagnaro,-25.032,46.99,20.0
2017-10-20,29.9,20.6,25.2,0.0,18.6,47.5,26.27,Taolagnaro,-25.032,46.99,20.0
2017-10-21,30.3,22.1,25.6,0.0,25.0,61.9,25.6,Taolagnaro,-25.032,46.99,20.0
2017-10-22,28.9,20.7,24.7,0.0,30.5,76.7,27.35,Taolagnaro,-25.032,46.99,20.0
2017-10-23,27.6,22.9,24.9,0.0,33.0,82.8,26.61,Taolagnaro,-25.032,46.99,20.0
2017-10-24,28.0,22.9,25.0,0.0,32.3,81.4,27.45,Taolagnaro,-25.032,46.99,20.0
2017-10-25,28.3,23.0,25.2,0.0,33.2,82.1,27.39,Taolagnaro,-25.032,46.99,20.0
2017-10-26,30.3,20.4,25.2,0.0,27.6,67.0,27.8,Taolagnaro,-25.032,46.99,20.0
2017-10-27,29.9,21.1,25.2,0.0,20.3,51.1,26.46,Taolagnaro,-25.032,46.99,20.0
2017-10-28,23.8,18.7,21.6,10.6,25.6,60.5,9.54,Taolagnaro,-25.032,46.99,20.0
2017-10-29,20.8,17.0,19.0,11.8,20.7,50.0,5.03,Taolagnaro,-25.032,46.99,20.0
2017-10-30,23.1,20.8,21.7,0.2,21.6,55.4,12.92,Taolagnaro,-25.032,46.99,20.0
2017-10-31,23.9,19.9,22.3,0.3,25.9,65.5,22.42,Taolagnaro,-25.032,46.99,20.0
2017-11-01,24.0,20.6,22.1,1.6,29.8,74.5,20.89,Taolagnaro,-25.032,46.99,20.0
2017-11-02,26.0,20.3,23.1,0.1,29.6,74.9,26.92,Taolagnaro,-25.032,46.99,20.0
2017-11-03,26.3,20.7,23.5,0.0,27.9,70.2,29.21,Taolagnaro,-25.032,46.99,20.0
2017-11-04,24.1,20.5,22.4,2.1,21.7,55.4,16.64,Taolagnaro,-25.032,46.99,20.0
2017-11-05,22.5,19.8,21.5,3.7,22.3,57.2,22.68,Taolagnaro,-25.032,46.99,20.0
2017-11-06,26.3,19.6,22.9,0.0,26.6,67.3,29.23,Taolagnaro,-25.032,46.99,20.0
2017-11-07,25.7,17.0,21.5,0.0,17.6,46.1,28.91,Taolagnaro,-25.032,46.99,20.0
2017-11-08,29.2,18.1,23.5,0.3,22.7,57.6,27.08,Taolagnaro,-25.032,46.99,20.0
2017-11-09,26.1,19.6,22.1,5.0,20.8,54.7,16.12,Taolagnaro,-25.032,46.99,20.0
2017-11-10,26.0,20.2,22.3,0.0,25.2,65.5,25.64,Taolagnaro,-25.032,46.99,20.0
2017-11-11,24.4,19.1,21.6,0.1,21.7,56.9,23.46,Taolagnaro,-25.032,46.99,20.0
2017-11-12,24.0,18.0,21.5,2.1,13.5,36.7,16.55,Taolagnaro,-25.032,46.99,20.0
2017-11-13,23.5,20.9,22.2,1.4,23.0,56.9,12.55,Taolagnaro,-25.032,46.99,20.0
2017-11-14,25.9,21.3,23.7,0.1,33.7,84.2,22.66,Taolagnaro,-25.032,46.99,20.0
2017-11-15,27.6,23.3,25.0,0.0,32.9,82.1,23.38,Taolagnaro,-25.032,46.99,20.0
2017-11-16,28.7,22.7,25.4,0.0,31.0,78.1,27.44,Taolagnaro,-25.032,46.99,20.0
2017-11-17,29.8,22.5,25.0,16.3,23.5,59.8,22.06,Taolagnaro,-25.032,46.99,20.0
2017-11-18,24.6,22.1,23.2,1.3,15.5,42.5,13.8,Taolagnaro,-25.032,46.99,20.0
2017-11-19,24.5,21.9,22.9,0.5,16.4,41.8,14.4,Taolagnaro,-25.032,46.99,20.0
2017-11-20,25.5,22.5,23.8,1.8,25.0,61.2,16.24,Taolagnaro,-25.032,46.99,20.0
2017-11-21,25.3,21.5,23.4,5.9,27.4,69.1,20.23,Taolagnaro,-25.032,46.99,20.0
2017-11-22,25.4,21.9,23.5,0.8,25.9,65.2,22.82,Taolagnaro,-25.032,46.99,20.0
2017-11-23,26.5,21.5,23.9,0.3,29.7,74.9,27.6,Taolagnaro,-25.032,46.99,20.0
2017-11-24,26.7,21.9,23.9,0.2,29.4,74.5,27.42,Taolagnaro,-25.032,46.99,20.0
2017-11-25,27.1,21.6,24.4,0.0,30.9,77.8,26.23,Taolagnaro,-25.032,46.99,20.0
2017-11-26,28.0,22.2,24.7,2.0,17.9,46.4,17.77,Taolagnaro,-25.032,46.99,20.0
2017-11-27,28.6,19.4,23.8,4.9,17.6,49.0,20.98,Taolagnaro,-25.032,46.99,20.0
2017-11-28,24.5,21.8,22.9,4.1,18.3,48.6,22.06,Taolagnaro,-25.032,46.99,20.0
2017-11-29,25.7,21.7,23.3,0.1,20.9,52.9,14.85,Taolagnaro,-25.032,46.99,20.0
2017-11-30,24.4,21.8,22.9,25.6,22.8,55.8,9.34,Taolagnaro,-25.032,46.99,20.0
2017-12-01,23.8,20.9,22.1,74.8,25.2,62.3,6.26,Taolagnaro,-25.032,46.99,20.0
2017-12-02,26.4,21.7,24.2,29.9,31.5,82.4,22.45,Taolagnaro,-25.032,46.99,20.0
2017-12-03,28.6,23.0,25.7,0.0,27.2,69.5,28.77,Taolagnaro,-25.032,46.99,20.0
2017-12-04,29.2,23.8,26.2,0.0,27.5,69.1,27.63,Taolagnaro,-25.032,46.99,20.0
2017-12-05,28.9,23.4,26.0,0.0,29.3,72.4,30.56,Taolagnaro,-25.032,46.99,20.0
2017-12-06,29.8,23.3,26.2,0.4,23.4,58.0,26.35,Taolagnaro,-25.032,46.99,20.0
2017-12-07,25.0,22.7,23.7,8.6,33.7,80.3,19.45,Taolagnaro,-25.032,46.99,20.0
2017-12-08,25.0,21.2,22.6,46.8,31.9,76.3,14.39,Taolagnaro,-25.032,46.99,20.0
2017-12-09,26.1,21.9,24.0,3.1,25.0,67.0,15.85,Taolagnaro,-25.032,46.99,20.0
2017-12-10,28.8,22.4,24.5,1.8,21.0,53.3,21.1,Taolagnaro,-25.032,46.99,20.0
2017-12-11,27.0,20.5,23.3,0.1,24.7,63.7,25.83,Taolagnaro,-25.032,46.99,20.0
2017-12-12,26.9,21.3,24.5,0.7,24.0,61.2,24.48,Taolagnaro,-25.032,46.99,20.0
2017-12-13,29.5,23.2,26.6,0.0,25.6,64.1,28.41,Taolagnaro,-25.032,46.99,20.0
2017-12-14,30.0,23.1,26.1,9.8,21.9,54.0,21.01,Taolagnaro,-25.032,46.99,20.0
2017-12-15,25.3,21.8,23.2,13.2,23.3,60.1,9.72,Taolagnaro,-25.032,46.99,20.0
2017-12-16,24.8,21.6,23.2,0.0,21.7,54.4,26.59,Taolagnaro,-25.032,46.99,20.0
2017-12-17,27.4,22.1,24.8,0.2,29.2,72.7,27.33,Taolagnaro,-25.032,46.99,20.0
2017-12-18,28.6,23.8,26.1,0.0,25.2,63.7,26.39,Taolagnaro,-25.032,46.99,20.0
2017-12-19,30.2,23.4,26.7,1.3,17.1,44.3,27.63,Taolagnaro,-25.032,46.99,20.0
2017-12-20,27.6,22.3,24.5,5.7,15.3,40.3,20.81,Taolagnaro,-25.032,46.99,20.0
2017-12-21,25.7,21.4,23.6,8.1,19.7,50.0,20.37,Taolagnaro,-25.032,46.99,20.0
2017-12-22,27.3,22.6,24.4,3.1,15.2,40.7,23.54,Taolagnaro,-25.032,46.99,20.0
2017-12-23,29.6,22.8,25.8,1.2,20.2,52.6,23.37,Taolagnaro,-25.032,46.99,20.0
2017-12-24,30.3,22.3,26.1,0.0,24.6,63.0,28.37,Taolagnaro,-25.032,46.99,20.0
2017-12-25,29.7,22.3,26.3,0.0,18.7,47.2,28.26,Taolagnaro,-25.032,46.99,20.0
2017-12-26,29.0,22.6,25.5,1.5,20.5,51.5,24.39,Taolagnaro,-25.032,46.99,20.0
2017-12-27,24.3,22.1,23.5,9.4,21.5,49.7,10.77,Taolagnaro,-25.032,46.99,20.0
2017-12-28,27.8,23.0,25.0,8.8,21.8,55.1,18.57,Taolagnaro,-25.032,46.99,20.0
2017-12-29,29.3,23.2,26.0,2.1,16.0,40.3,25.46,Taolagnaro,-25.032,46.99,20.0
2017-12-30,26.6,22.6,24.4,16.9,18.5,45.7,21.11,Taolagnaro,-25.032,46.99,20.0
2017-12-31,26.3,21.7,24.5,7.3,24.5,62.3,16.09,Taolagnaro,-25.032,46.99,20.0
2018-01-01,28.1,24.4,25.7,0.2,27.2,68.8,22.91,Taolagnaro,-25.032,46.99,20.0
2018-01-02,28.8,23.3,26.1,0.1,22.9,59.4,26.37,Taolagnaro,-25.032,46.99,20.0
2018-01-03,28.6,23.6,25.8,3.7,21.8,56.5,27.59,Taolagnaro,-25.032,46.99,20.0
2018-01-04,27.8,23.5,25.5,7.6,23.9,63.4,26.46,Taolagnaro,-25.032,46.99,20.0
2018-01-05,27.2,24.8,25.6,7.5,31.9,80.6,19.86,Taolagnaro,-25.032,46.99,20.0
2018-01-06,27.0,23.1,24.6,80.3,34.6,88.6,10.75,Taolagnaro,-25.032,46.99,20.0
2018-01-07,26.2,23.8,24.7,39.1,30.2,72.7,7.59,Taolagnaro,-25.032,46.99,20.0
2018-01-08,27.9,24.0,25.5,21.8,25.4,65.5,9.63,Taolagnaro,-25.032,46.99,20.0
2018-01-09,28.4,24.5,26.1,3.9,23.8,64.4,16.46,Taolagnaro,-25.032,46.99,20.0
2018-01-10,25.2,22.9,24.0,3.4,27.9,68.8,17.12,Taolagnaro,-25.032,46.99,20.0
2018-01-11,24.0,22.2,23.0,2.0,20.5,51.1,17.52,Taolagnaro,-25.032,46.99,20.0
2018-01-12,26.2,22.0,23.8,2.6,29.9,74.5,22.11,Taolagnaro,-25.032,46.99,20.0
2018-01-13,25.8,22.3,24.3,3.5,25.1,62.3,13.14,Taolagnaro,-25.032,46.99,20.0
2018-01-14,26.6,24.2,25.2,0.5,25.7,64.1,15.2,Taolagnaro,-25.032,46.99,20.0
2018-01-15,27.5,23.2,25.5,0.9,31.0,77.0,21.79,Taolagnaro,-25.032,46.99,20.0
2018-01-16,27.3,24.2,25.6,0.4,26.9,68.4,27.59,Taolagnaro,-25.032,46.99,20.0
2018-01-17,26.8,22.5,24.3,2.1,23.8,60.1,24.24,Taolagnaro,-25.032,46.99,20.0
2018-01-18,25.9,21.5,23.8,6.3,20.0,51.5,20.79,Taolagnaro,-25.032,46.99,20.0
2018-01-19,26.8,21.2,23.5,13.7,24.1,57.6,21.0,Taolagnaro,-25.032,46.99,20.0
2018-01-20,27.9,22.2,24.5,5.5,28.5,67.7,25.79,Taolagnaro,-25.032,46.99,20.0
2018-01-21,26.3,20.5,23.7,0.0,20.0,52.6,28.54,Taolagnaro,-25.032,46.99,20.0
2018-01-22,25.9,22.5,23.9,3.5,15.3,42.1,23.19,Taolagnaro,-25.032,46.99,20.0
2018-01-23,24.9,22.3,23.6,2.0,15.4,40.3,13.39,Taolagnaro,-25.032,46.99,20.0
2018-01-24,26.3,21.9,23.9,0.2,15.9,43.2,17.71,Taolagnaro,-25.032,46.99,20.0
2018-01-25,26.4,21.1,24.1,1.2,20.9,54.0,19.82,Taolagnaro,-25.032,46.99,20.0
2018-01-26,25.0,23.0,23.9,4.5,19.4,49.3,12.88,Taolagnaro,-25.032,46.99,20.0
2018-01-27,27.7,23.3,25.2,0.2,24.0,63.0,27.21,Taolagnaro,-25.032,46.99,20.0
2018-01-28,29.5,23.0,26.0,0.0,15.7,43.2,25.84,Taolagnaro,-25.032,46.99,20.0
2018-01-29,26.8,22.0,24.4,5.2,16.8,43.9,19.44,Taolagnaro,-25.032,46.99,20.0
2018-01-30,27.1,21.4,24.3,2.6,12.3,35.3,21.14,Taolagnaro,-25.032,46.99,20.0
2018-01-31,29.6,21.8,26.0,0.1,13.0,32.8,26.74,Taolagnaro,-25.032,46.99,20.0
2018-02-01,29.7,22.0,26.2,0.0,12.8,33.5,27.01,Taolagnaro,-25.032,46.99,20.0
2018-02-02,30.0,23.4,26.4,0.1,13.0,32.8,25.09,Taolagnaro,-25.032,46.99,20.0
2018-02-03,27.7,23.3,25.5,1.6,16.8,45.0,23.18,Taolagnaro,-25.032,46.99,20.0
2018-02-04,27.6,23.1,25.2,4.3,15.3,40.3,24.22,Taolagnaro,-25.032,46.99,20.0
2018-02-05,27.7,20.7,24.4,0.4,12.4,36.7,28.14,Taolagnaro,-25.032,46.99,20.0
2018-02-06,26.4,20.9,23.4,10.8,20.2,53.6,22.76,Taolagnaro,-25.032,46.99,20.0
2018-02-07,26.6,21.3,23.5,33.9,17.4,48.2,20.1,Taolagnaro,-25.032,46.99,20.0
2018-02-08,26.2,22.7,24.2,3.8,19.9,50.8,14.79,Taolagnaro,-25.032,46.99,20.0
2018-02-09,25.4,23.7,24.5,0.4,18.5,49.7,9.51,Taolagnaro,-25.032,46.99,20.0
2018-02-10,26.2,23.2,24.6,0.2,20.2,51.8,11.62,Taolagnaro,-25.032,46.99,20.0
2018-02-11,24.0,20.8,22.0,7.5,10.6,27.7,5.74,Taolagnaro,-25.032,46.99,20.0
2018-02-12,24.2,20.1,22.3,16.8,15.1,36.4,7.63,Taolagnaro,-25.032,46.99,20.0
2018-02-13,25.9,21.1,23.2,6.8,15.9,40.0,15.02,Taolagnaro,-25.032,46.99,20.0
2018-02-14,25.3,20.6,22.5,42.6,20.8,52.9,16.04,Taolagnaro,-25.032,46.99,20.0
2018-02-15,26.9,21.5,24.3,46.6,23.9,60.1,22.64,Taolagnaro,-25.032,46.99,20.0
2018-02-16,29.1,23.3,26.0,0.0,21.7,59.4,25.7,Taolagnaro,-25.032,46.99,20.0
2018-02-17,29.1,21.5,25.7,0.0,16.0,43.6,26.6,Taolagnaro,-25.032,46.99,20.0
2018-02-18,29.3,23.2,26.0,0.0,21.6,55.4,24.27,Taolagnaro,-25.032,46.99,20.0
2018-02-19,28.6,23.2,25.7,1.4,17.0,45.0,26.85,Taolagnaro,-25.032,46.99,20.0
2018-02-20,26.9,22.7,24.7,5.5,21.4,54.7,23.02,Taolagnaro,-25.032,46.99,20.0
2018-02-21,26.9,22.5,24.6,1.5,21.6,55.4,23.39,Taolagnaro,-25.032,46.99,20.0
2018-02-22,27.5,21.7,24.6,4.5,13.2,34.6,24.5,Taolagnaro,-25.032,46.99,20.0
2018-02-23,27.0,22.2,24.9,2.7,14.1,36.0,19.61,Taolagnaro,-25.032,46.99,20.0
2018-02-24,28.9,23.7,26.2,0.1,19.6,51.5,24.0,Taolagnaro,-25.032,46.99,20.0
2018-02-25,29.7,23.7,26.9,0.0,23.0,57.2,22.49,Taolagnaro,-25.032,46.99,20.0
2018-02-26,30.8,23.7,27.0,0.0,14.2,40.0,24.2,Taolagnaro,-25.032,46.99,20.0
2018-02-27,27.7,23.8,25.4,8.1,19.9,50.8,17.93,Taolagnaro,-25.032,46.99,20.0
2018-02-28,28.5,23.6,25.3,22.5,14.5,45.7,17.09,Taolagnaro,-25.032,46.99,20.0
2018-03-01,29.4,23.8,26.1,0.8,21.4,58.0,21.38,Taolagnaro,-25.032,46.99,20.0
2018-03-02,29.2,23.7,26.0,1.3,22.2,58.7,24.02,Taolagnaro,-25.032,46.99,20.0
2018-03-03,27.7,23.7,25.6,3.7,22.5,55.1,21.45,Taolagnaro,-25.032,46.99,20.0
2018-03-04,26.4,23.2,24.5,26.0,23.7,61.2,12.63,Taolagnaro,-25.032,46.99,20.0
2018-03-05,26.2,23.7,24.6,53.1,24.2,60.1,11.83,Taolagnaro,-25.032,46.99,20.0
2018-03-06,27.4,22.8,25.0,9.4,19.5,52.9,20.14,Taolagnaro,-25.032,46.99,20.0
2018-03-07,27.4,22.3,24.7,6.6,20.5,52.6,22.87,Taolagnaro,-25.032,46.99,20.0
2018-03-08,26.5,22.1,24.3,1.5,16.6,43.9,21.28,Taolagnaro,-25.032,46.99,20.0
2018-03-09,28.8,21.2,25.3,0.0,16.6,44.3,25.83,Taolagnaro,-25.032,46.99,20.0
2018-03-10,28.7,21.8,25.8,0.1,18.6,45.4,22.46,Taolagnaro,-25.032,46.99,20.0
2018-03-11,28.2,24.3,25.9,0.0,25.7,66.6,25.15,Taolagnaro,-25.032,46.99,20.0
2018-03-12,28.7,22.5,25.9,0.0,27.1,68.0,25.19,Taolagnaro,-25.032,46.99,20.0
2018-03-13,30.1,24.5,26.8,0.0,28.7,72.4,24.49,Taolagnaro,-25.032,46.99,20.0
2018-03-14,29.9,24.5,26.7,0.0,31.8,78.8,25.15,Taolagnaro,-25.032,46.99,20.0
2018-03-15,29.5,24.0,26.4,0.1,28.0,71.6,24.76,Taolagnaro,-25.032,46.99,20.0
2018-03-16,28.9,24.6,26.2,0.6,30.6,81.0,23.35,Taolagnaro,-25.032,46.99,20.0
2018-03-17,27.8,23.7,25.5,1.8,25.9,66.6,20.4,Taolagnaro,-25.032,46.99,20.0
2018-03-18,25.6,23.4,24.5,7.6,22.4,58.3,14.55,Taolagnaro,-25.032,46.99,20.0
2018-03-19,26.0,23.7,24.6,10.2,24.0,58.7,8.49,Taolagnaro,-25.032,46.99,20.0
2018-03-20,27.7,22.0,24.7,0.0,19.1,50.0,23.11,Taolagnaro,-25.032,46.99,20.0
2018-03-21,27.9,20.6,24.9,0.3,15.1,40.7,20.57,Taolagnaro,-25.032,46.99,20.0
2018-03-22,29.1,24.1,26.5,0.1,22.9,58.0,22.08,Taolagnaro,-25.032,46.99,20.0
2018-03-23,28.0,24.6,25.9,0.7,27.3,68.0,18.87,Taolagnaro,-25.032,46.99,20.0
2018-03-24,28.6,24.5,26.1,0.0,30.1,77.4,22.94,Taolagnaro,-25.032,46.99,20.0
2018-03-25,28.6,24.0,25.9,0.0,27.0,67.3,22.25,Taolagnaro,-25.032,46.99,20.0
2018-03-26,28.5,24.4,26.0,0.0,22.3,56.9,23.76,Taolagnaro,-25.032,46.99,20.0
2018-03-27,27.8,23.6,25.4,0.7,19.6,50.0,20.93,Taolagnaro,-25.032,46.99,20.0
2018-03-28,27.7,23.4,25.1,1.1,19.1,50.0,21.45,Taolagnaro,-25.032,46.99,20.0
2018-03-29,27.1,22.8,24.9,0.7,25.1,63.4,19.84,Taolagnaro,-25.032,46.99,20.0
2018-03-30,27.8,22.1,25.0,0.0,21.6,55.8,20.69,Taolagnaro,-25.032,46.99,20.0
2018-03-31,28.0,22.6,25.4,0.0,23.2,57.6,22.12,Taolagnaro,-25.032,46.99,20.0
2018-04-01,28.6,23.4,25.7,0.0,24.1,61.2,20.68,Taolagnaro,-25.032,46.99,20.0
2018-04-02,28.5,23.4,25.1,0.0,24.2,60.5,19.57,Taolagnaro,-25.032,46.99,20.0
2018-04-03,27.1,23.0,24.2,5.8,21.9,56.5,16.12,Taolagnaro,-25.032,46.99,20.0
2018-04-04,25.8,23.2,24.3,3.2,25.5,63.7,15.48,Taolagnaro,-25.032,46.99,20.0
2018-04-05,26.0,23.2,24.4,7.8,27.0,68.0,15.1,Taolagnaro,-25.032,46.99,20.0
2018-04-06,27.6,24.4,25.6,0.1,28.7,71.6,17.98,Taolagnaro,-25.032,46.99,20.0
2018-04-07,28.3,23.7,25.5,0.0,28.1,71.3,21.04,Taolagnaro,-25.032,46.99,20.0
2018-04-08,28.6,23.2,25.4,0.0,24.8,61.9,21.68,Taolagnaro,-25.032,46.99,20.0
2018-04-09,27.2,22.9,24.4,0.0,19.1,49.0,20.73,Taolagnaro,-25.032,46.99,20.0
2018-04-10,26.0,21.8,23.7,0.1,23.6,60.8,18.96,Taolagnaro,-25.032,46.99,20.0
2018-04-11,28.9,19.0,23.4,0.0,17.9,48.6,21.08,Taolagnaro,-25.032,46.99,20.0
2018-04-12,24.1,21.3,22.9,8.5,18.6,46.8,6.75,Taolagnaro,-25.032,46.99,20.0
2018-04-13,23.8,22.6,23.2,0.0,22.9,58.7,11.55,Taolagnaro,-25.032,46.99,20.0
2018-04-14,25.2,21.3,22.9,0.7,25.0,64.1,15.35,Taolagnaro,-25.032,46.99,20.0
2018-04-15,26.9,20.7,23.7,0.0,25.1,62.3,18.82,Taolagnaro,-25.032,46.99,20.0
2018-04-16,25.2,20.5,22.9,2.7,16.6,42.8,16.46,Taolagnaro,-25.032,46.99,20.0
2018-04-17,25.4,19.4,23.0,1.6,15.7,40.3,14.29,Taolagnaro,-25.032,46.99,20.0
2018-04-18,25.5,21.6,23.2,0.0,22.8,56.5,12.66,Taolagnaro,-25.032,46.99,20.0
2018-04-19,27.3,21.3,24.1,0.0,25.9,65.2,17.86,Taolagnaro,-25.032,46.99,20.0
2018-04-20,27.9,21.7,24.6,0.0,22.7,56.5,18.01,Taolagnaro,-25.032,46.99,20.0
2018-04-21,28.9,21.3,24.6,0.0,16.8,43.6,17.76,Taolagnaro,-25.032,46.99,20.0
2018-04-22,26.4,20.0,23.0,1.6,10.7,31.0,15.24,Taolagnaro,-25.032,46.99,20.0
2018-04-23,24.8,20.0,22.1,4.0,11.1,31.3,12.96,Taolagnaro,-25.032,46.99,20.0
2018-04-24,25.2,19.0,22.1,3.8,13.8,36.7,13.91,Taolagnaro,-25.032,46.99,20.0
2018-04-25,25.7,18.6,22.8,1.8,16.1,42.1,14.76,Taolagnaro,-25.032,46.99,20.0
2018-04-26,25.2,20.7,22.8,0.0,15.9,42.1,16.22,Taolagnaro,-25.032,46.99,20.0
2018-04-27,25.9,19.7,22.8,0.0,25.9,65.5,19.45,Taolagnaro,-25.032,46.99,20.0
2018-04-28,27.1,19.7,23.2,0.0,25.1,62.6,19.53,Taolagnaro,-25.032,46.99,20.0
2018-04-29,27.6,20.5,23.7,0.0,23.4,59.0,19.4,Taolagnaro,-25.032,46.99,20.0
2018-04-30,27.0,20.3,23.7,0.0,27.1,68.0,18.87,Taolagnaro,-25.032,46.99,20.0
2018-05-01,25.3,22.6,23.7,1.4,25.1,63.0,13.49,Taolagnaro,-25.032,46.99,20.0
2018-05-02,25.6,20.7,23.3,0.2,24.7,62.3,15.03,Taolagnaro,-25.032,46.99,20.0
2018-05-03,27.3,20.8,23.7,0.0,26.3,64.8,18.02,Taolagnaro,-25.032,46.99,20.0
2018-05-04,27.1,18.7,23.0,0.0,12.7,41.0,16.53,Taolagnaro,-25.032,46.99,20.0
2018-05-05,25.7,20.5,22.5,1.6,11.2,31.7,11.68,Taolagnaro,-25.032,46.99,20.0
2018-05-06,26.8,19.7,22.6,0.0,19.4,47.5,13.46,Taolagnaro,-25.032,46.99,20.0
2018-05-07,27.0,18.8,23.0,0.0,11.5,31.7,16.09,Taolagnaro,-25.032,46.99,20.0
2018-05-08,26.1,20.6,23.0,0.0,24.2,61.2,14.85,Taolagnaro,-25.032,46.99,20.0
2018-05-09,28.1,21.2,24.0,0.0,21.8,54.4,15.65,Taolagnaro,-25.032,46.99,20.0
2018-05-10,27.2,19.4,22.8,0.3,21.1,53.6,15.52,Taolagnaro,-25.032,46.99,20.0
2018-05-11,26.1,17.3,21.3,0.0,16.0,43.2,17.3,Taolagnaro,-25.032,46.99,20.0
2018-05-12,25.1,16.2,20.8,0.0,14.9,39.2,17.02,Taolagnaro,-25.032,46.99,20.0
2018-05-13,26.6,19.0,22.6,0.2,26.5,60.1,13.74,Taolagnaro,-25.032,46.99,20.0
2018-05-14,27.7,18.1,22.7,0.0,25.6,63.0,15.95,Taolagnaro,-25.032,46.99,20.0
2018-05-15,24.6,18.2,21.7,0.1,17.6,46.1,15.12,Taolagnaro,-25.032,46.99,20.0
2018-05-16,24.9,18.5,21.5,5.6,11.9,31.3,12.53,Taolagnaro,-25.032,46.99,20.0
2018-05-17,24.3,19.5,21.8,4.1,19.9,51.5,12.19,Taolagnaro,-25.032,46.99,20.0
2018-05-18,25.4,20.3,22.4,0.4,22.1,56.2,14.63,Taolagnaro,-25.032,46.99,20.0
2018-05-19,22.5,20.1,21.3,8.1,16.1,40.0,8.91,Taolagnaro,-25.032,46.99,20.0
2018-05-20,24.1,19.6,21.6,2.0,21.5,54.0,12.0,Taolagnaro,-25.032,46.99,20.0
2018-05-21,22.4,19.2,20.9,11.1,21.1,55.1,11.69,Taolagnaro,-25.032,46.99,20.0
2018-05-22,25.4,20.0,22.5,0.3,26.2,66.2,15.12,Taolagnaro,-25.032,46.99,20.0
2018-05-23,24.8,19.7,22.2,0.0,26.3,66.6,13.9,Taolagnaro,-25.032,46.99,20.0
2018-05-24,26.2,19.7,22.7,0.0,25.4,64.1,15.38,Taolagnaro,-25.032,46.99,20.0
2018-05-25,26.2,19.9,22.7,0.0,26.9,67.0,15.66,Taolagnaro,-25.032,46.99,20.0
2018-05-26,26.2,18.9,22.3,0.0,21.0,52.6,15.99,Taolagnaro,-25.032,46.99,20.0
2018-05-27,25.8,16.4,20.5,0.0,19.1,50.0,15.72,Taolagnaro,-25.032,46.99,20.0
2018-05-28,25.6,16.9,21.2,0.3,22.0,58.7,14.51,Taolagnaro,-25.032,46.99,20.0
2018-05-29,22.5,14.7,19.5,0.0,17.3,45.0,12.78,Taolagnaro,-25.032,46.99,20.0
2018-05-30,23.9,13.3,18.9,0.0,15.4,40.3,15.92,Taolagnaro,-25.032,46.99,20.0
2018-05-31,24.7,16.5,21.0,0.0,18.7,47.5,14.57,Taolagnaro,-25.032,46.99,20.0
2018-06-01,24.9,20.6,22.1,0.0,21.0,52.9,12.93,Taolagnaro,-25.032,46.99,20.0
2018-06-02,24.6,18.8,21.8,0.2,19.5,50.4,13.51,Taolagnaro,-25.032,46.99,20.0
2018-06-03,24.1,19.1,21.1,1.5,15.3,40.7,12.21,Taolagnaro,-25.032,46.99,20.0
2018-06-04,24.2,18.6,21.0,0.4,23.2,58.3,11.62,Taolagnaro,-25.032,46.99,20.0
2018-06-05,23.8,15.4,19.3,3.1,17.8,54.0,12.59,Taolagnaro,-25.032,46.99,20.0
2018-06-06,23.2,13.7,18.4,0.0,17.7,43.6,14.54,Taolagnaro,-25.032,46.99,20.0
2018-06-07,24.5,14.3,19.1,0.0,9.3,23.8,13.87,Taolagnaro,-25.032,46.99,20.0
2018-06-08,25.6,14.5,19.9,0.7,18.5,48.6,12.67,Taolagnaro,-25.032,46.99,20.0
2018-06-09,23.8,17.5,20.4,0.9,14.8,38.9,12.68,Taolagnaro,-25.032,46.99,20.0
2018-06-10,24.8,15.4,20.8,0.1,16.9,43.2,14.05,Taolagnaro,-25.032,46.99,20.0
2018-06-11,23.7,19.3,21.1,0.9,16.2,41.4,12.49,Taolagnaro,-25.032,46.99,20.0
2018-06-12,23.8,17.4,20.9,0.2,16.2,42.8,13.04,Taolagnaro,-25.032,46.99,20.0
2018-06-13,23.6,16.9,20.8,0.9,18.3,47.5,12.22,Taolagnaro,-25.032,46.99,20.0
2018-06-14,23.4,19.4,21.5,0.0,22.8,57.2,9.63,Taolagnaro,-25.032,46.99,20.0
2018-06-15,25.1,17.9,21.3,0.0,26.9,67.3,14.71,Taolagnaro,-25.032,46.99,20.0
2018-06-16,26.9,17.3,21.7,0.0,19.3,50.0,14.23,Taolagnaro,-25.032,46.99,20.0
2018-06-17,26.4,15.6,21.1,0.0,25.7,63.4,14.33,Taolagnaro,-25.032,46.99,20.0
2018-06-18,24.2,18.4,21.3,0.0,20.0,51.1,13.74,Taolagnaro,-25.032,46.99,20.0
2018-06-19,25.8,18.1,21.6,0.0,17.5,43.9,14.94,Taolagnaro,-25.032,46.99,20.0
2018-06-20,23.6,16.2,20.4,0.0,17.4,45.0,14.8,Taolagnaro,-25.032,46.99,20.0
2018-06-21,24.4,15.4,19.8,1.1,9.3,27.0,14.88,Taolagnaro,-25.032,46.99,20.0
2018-06-22,21.3,16.1,18.9,14.0,13.2,33.5,8.61,Taolagnaro,-25.032,46.99,20.0
2018-06-23,22.4,18.0,20.0,1.3,10.2,28.1,7.17,Taolagnaro,-25.032,46.99,20.0
2018-06-24,23.1,17.7,20.4,0.0,20.6,52.9,11.04,Taolagnaro,-25.032,46.99,20.0
2018-06-25,22.4,18.3,20.3,3.2,18.2,45.4,5.63,Taolagnaro,-25.032,46.99,20.0
2018-06-26,23.2,19.1,20.7,10.1,19.7,50.8,7.34,Taolagnaro,-25.032,46.99,20.0
2018-06-27,22.9,18.5,20.4,1.5,26.2,66.2,11.93,Taolagnaro,-25.032,46.99,20.0
2018-06-28,23.3,18.3,20.5,0.3,24.7,62.3,14.14,Taolagnaro,-25.032,46.99,20.0
2018-06-29,23.3,15.8,19.7,0.2,16.4,45.7,13.72,Taolagnaro,-25.032,46.99,20.0
2018-06-30,21.9,17.7,19.7,5.9,11.5,34.2,9.9,Taolagnaro,-25.032,46.99,20.0
2018-07-01,22.5,16.3,20.0,1.8,12.7,35.6,11.74,Taolagnaro,-25.032,46.99,20.0
2018-07-02,23.0,17.9,20.4,0.5,18.2,47.2,12.93,Taolagnaro,-25.032,46.99,20.0
2018-07-03,25.2,18.0,21.5,0.0,18.8,47.9,13.71,Taolagnaro,-25.032,46.99,20.0
2018-07-04,23.0,19.8,20.9,1.5,18.9,54.4,9.45,Taolagnaro,-25.032,46.99,20.0
2018-07-05,23.3,19.4,21.2,1.4,19.6,50.0,10.28,Taolagnaro,-25.032,46.99,20.0
2018-07-06,22.2,19.3,20.4,13.6,19.2,46.1,9.19,Taolagnaro,-25.032,46.99,20.0
2018-07-07,23.2,18.9,20.6,10.1,21.7,54.0,12.45,Taolagnaro,-25.032,46.99,20.0
2018-07-08,22.0,18.0,20.3,8.1,19.1,46.4,5.04,Taolagnaro,-25.032,46.99,20.0
2018-07-09,21.6,19.2,20.2,4.4,21.7,54.4,10.66,Taolagnaro,-25.032,46.99,20.0
2018-07-10,22.6,18.8,20.3,1.8,23.6,60.5,11.5,Taolagnaro,-25.032,46.99,20.0
2018-07-11,23.0,17.1,19.8,0.0,21.7,54.4,14.26,Taolagnaro,-25.032,46.99,20.0
2018-07-12,21.2,16.6,19.2,3.9,19.3,51.8,10.5,Taolagnaro,-25.032,46.99,20.0
2018-07-13,21.5,17.3,19.7,3.6,21.5,55.1,10.05,Taolagnaro,-25.032,46.99,20.0
2018-07-14,23.5,17.9,20.1,1.0,22.0,55.1,14.86,Taolagnaro,-25.032,46.99,20.0
2018-07-15,24.2,16.5,19.9,0.0,15.5,39.6,15.43,Taolagnaro,-25.032,46.99,20.0
2018-07-16,19.7,16.4,18.4,9.3,28.1,66.2,4.9,Taolagnaro,-25.032,46.99,20.0
2018-07-17,19.0,17.3,18.0,3.5,21.0,50.4,7.62,Taolagnaro,-25.032,46.99,20.0
2018-07-18,19.6,14.0,17.9,4.0,18.1,43.9,9.04,Taolagnaro,-25.032,46.99,20.0
2018-07-19,20.3,17.5,18.8,6.1,22.3,56.5,9.37,Taolagnaro,-25.032,46.99,20.0
2018-07-20,21.3,17.5,18.9,7.4,21.1,54.0,8.84,Taolagnaro,-25.032,46.99,20.0
2018-07-21,20.2,16.4,17.9,6.6,20.2,52.6,12.21,Taolagnaro,-25.032,46.99,20.0
2018-07-22,20.7,16.7,18.5,15.4,20.5,49.7,8.06,Taolagnaro,-25.032,46.99,20.0
2018-07-23,21.5,18.6,19.5,1.8,26.7,61.9,9.86,Taolagnaro,-25.032,46.99,20.0
2018-07-24,21.5,18.1,19.6,8.3,26.1,68.0,11.25,Taolagnaro,-25.032,46.99,20.0
2018-07-25,22.7,17.5,20.0,0.4,19.2,48.2,15.7,Taolagnaro,-25.032,46.99,20.0
2018-07-26,23.5,12.6,18.1,0.0,12.4,33.8,16.84,Taolagnaro,-25.032,46.99,20.0
2018-07-27,23.1,12.5,18.5,0.0,22.2,56.5,15.29,Taolagnaro,-25.032,46.99,20.0
2018-07-28,24.6,17.4,20.5,0.0,20.9,54.7,16.77,Taolagnaro,-25.032,46.99,20.0
2018-07-29,23.3,16.9,20.1,0.0,25.2,63.4,14.81,Taolagnaro,-25.032,46.99,20.0
2018-07-30,25.3,16.4,20.3,0.0,16.1,40.7,16.75,Taolagnaro,-25.032,46.99,20.0
2018-07-31,23.9,15.2,19.5,1.1,19.1,51.5,16.9,Taolagnaro,-25.032,46.99,20.0
2018-08-01,22.1,14.3,18.7,0.1,14.2,36.0,14.43,Taolagnaro,-25.032,46.99,20.0
2018-08-02,24.8,13.3,18.7,0.0,11.0,31.3,17.34,Taolagnaro,-25.032,46.99,20.0
2018-08-03,23.0,17.8,19.9,0.9,23.5,60.1,15.35,Taolagnaro,-25.032,46.99,20.0
2018-08-04,21.4,13.5,18.1,0.2,17.9,45.7,14.96,Taolagnaro,-25.032,46.99,20.0
2018-08-05,24.1,13.4,18.7,0.0,22.3,56.5,17.71,Taolagnaro,-25.032,46.99,20.0
2018-08-06,25.4,13.8,19.7,0.0,14.4,33.5,17.72,Taolagnaro,-25.032,46.99,20.0
2018-08-07,25.7,14.6,20.0,0.0,11.9,30.2,17.87,Taolagnaro,-25.032,46.99,20.0
2018-08-08,25.0,14.9,19.8,0.0,9.7,26.6,17.73,Taolagnaro,-25.032,46.99,20.0
2018-08-09,21.9,17.7,20.3,2.5,12.1,31.3,6.29,Taolagnaro,-25.032,46.99,20.0
2018-08-10,22.5,19.5,21.0,2.1,29.0,71.3,6.49,Taolagnaro,-25.032,46.99,20.0
2018-08-11,27.6,19.6,22.6,0.0,26.0,66.6,18.39,Taolagnaro,-25.032,46.99,20.0
2018-08-12,26.2,16.4,21.1,0.0,20.5,52.2,18.16,Taolagnaro,-25.032,46.99,20.0
2018-08-13,27.1,16.9,21.5,0.0,20.1,51.1,18.91,Taolagnaro,-25.032,46.99,20.0
2018-08-14,26.3,16.4,21.0,0.0,25.0,62.6,19.3,Taolagnaro,-25.032,46.99,20.0
2018-08-15,25.9,17.6,21.3,0.0,27.1,68.8,19.37,Taolagnaro,-25.032,46.99,20.0
2018-08-16,25.5,18.8,21.6,0.0,27.1,68.0,19.16,Taolagnaro,-25.032,46.99,20.0
2018-08-17,26.1,18.1,21.7,0.0,26.8,68.0,19.26,Taolagnaro,-25.032,46.99,20.0
2018-08-18,24.7,15.4,20.5,0.0,19.2,49.7,19.42,Taolagnaro,-25.032,46.99,20.0
2018-08-19,24.5,16.6,21.0,0.0,30.9,76.7,17.28,Taolagnaro,-25.032,46.99,20.0
2018-08-20,26.0,19.2,22.1,0.0,26.8,66.2,19.26,Taolagnaro,-25.032,46.99,20.0
2018-08-21,25.8,17.9,21.6,0.0,24.3,60.5,19.85,Taolagnaro,-25.032,46.99,20.0
2018-08-22,26.0,15.8,21.2,0.0,20.6,51.8,19.92,Taolagnaro,-25.032,46.99,20.0
2018-08-23,27.0,17.6,21.7,0.0,21.6,53.6,20.21,Taolagnaro,-25.032,46.99,20.0
2018-08-24,26.6,15.6,21.4,0.0,21.7,55.8,20.25,Taolagnaro,-25.032,46.99,20.0
2018-08-25,24.6,19.2,21.8,0.0,24.8,63.4,19.3,Taolagnaro,-25.032,46.99,20.0
2018-08-26,25.1,18.7,21.8,0.0,28.2,70.6,19.76,Taolagnaro,-25.032,46.99,20.0
2018-08-27,25.8,18.9,22.1,0.0,26.3,65.2,20.13,Taolagnaro,-25.032,46.99,20.0
2018-08-28,26.9,16.3,21.7,0.0,18.8,50.8,19.1,Taolagnaro,-25.032,46.99,20.0
2018-08-29,21.5,19.2,20.3,9.8,21.7,51.8,14.01,Taolagnaro,-25.032,46.99,20.0
2018-08-30,22.7,15.4,20.0,0.0,15.6,41.4,19.49,Taolagnaro,-25.032,46.99,20.0
2018-08-31,23.0,18.0,20.5,1.6,23.2,58.0,16.43,Taolagnaro,-25.032,46.99,20.0
2018-09-01,22.7,18.7,20.5,2.5,27.6,68.8,17.58,Taolagnaro,-25.032,46.99,20.0
2018-09-02,24.7,18.6,21.4,0.7,26.6,67.7,20.92,Taolagnaro,-25.032,46.99,20.0
2018-09-03,24.8,19.2,21.9,0.0,30.2,76.0,21.15,Taolagnaro,-25.032,46.99,20.0
2018-09-04,26.2,20.3,22.7,0.0,30.2,75.2,21.45,Taolagnaro,-25.032,46.99,20.0
2018-09-05,26.2,19.3,22.7,0.0,30.2,74.9,21.2,Taolagnaro,-25.032,46.99,20.0
2018-09-06,26.6,20.6,22.9,0.0,31.8,79.2,21.75,Taolagnaro,-25.032,46.99,20.0
2018-09-07,25.8,20.1,22.7,0.0,30.7,76.0,22.09,Taolagnaro,-25.032,46.99,20.0
2018-09-08,26.0,20.1,22.8,0.0,32.3,80.3,22.02,Taolagnaro,-25.032,46.99,20.0
2018-09-09,25.9,21.1,23.0,0.0,37.2,91.1,21.11,Taolagnaro,-25.032,46.99,20.0
2018-09-10,26.5,19.8,22.4,22.4,30.2,74.2,19.5,Taolagnaro,-25.032,46.99,20.0
2018-09-11,27.3,16.4,21.2,0.0,21.5,54.4,19.32,Taolagnaro,-25.032,46.99,20.0
2018-09-12,24.3,16.0,20.0,0.1,20.8,54.0,21.67,Taolagnaro,-25.032,46.99,20.0
2018-09-13,23.5,19.0,21.3,1.1,26.3,65.5,17.73,Taolagnaro,-25.032,46.99,20.0
2018-09-14,27.6,17.8,22.7,0.0,17.0,47.5,21.7,Taolagnaro,-25.032,46.99,20.0
2018-09-15,27.1,18.3,22.2,0.0,10.0,28.1,22.17,Taolagnaro,-25.032,46.99,20.0
2018-09-16,25.1,18.5,22.1,0.0,15.5,41.8,21.68,Taolagnaro,-25.032,46.99,20.0
2018-09-17,25.3,19.3,22.6,0.4,23.0,58.3,18.56,Taolagnaro,-25.032,46.99,20.0
2018-09-18,29.2,18.3,23.2,0.0,21.3,50.8,23.84,Taolagnaro,-25.032,46.99,20.0
2018-09-19,29.3,17.4,22.7,0.0,23.9,56.9,24.35,Taolagnaro,-25.032,46.99,20.0
2018-09-20,28.9,18.3,22.9,0.0,24.0,57.6,24.24,Taolagnaro,-25.032,46.99,20.0
2018-09-21,27.9,17.1,22.4,0.0,28.0,69.8,24.69,Taolagnaro,-25.032,46.99,20.0
2018-09-22,27.4,19.1,22.9,0.0,28.6,69.8,24.43,Taolagnaro,-25.032,46.99,20.0
2018-09-23,26.3,19.7,23.0,0.0,31.5,78.5,24.44,Taolagnaro,-25.032,46.99,20.0
2018-09-24,28.7,21.0,24.0,0.0,24.1,61.9,24.35,Taolagnaro,-25.032,46.99,20.0
2018-09-25,26.8,19.5,23.3,0.0,32.3,81.0,23.76,Taolagnaro,-25.032,46.99,20.0
2018-09-26,27.7,21.2,24.0,0.0,30.5,75.2,23.75,Taolagnaro,-25.032,46.99,20.0
2018-09-27,28.4,20.1,23.9,0.0,28.7,70.9,23.84,Taolagnaro,-25.032,46.99,20.0
2018-09-28,26.6,21.5,23.6,0.0,33.2,82.4,24.63,Taolagnaro,-25.032,46.99,20.0
2018-09-29,26.9,21.0,23.4,0.0,31.4,78.1,25.01,Taolagnaro,-25.032,46.99,20.0
2018-09-30,25.4,18.8,20.9,5.8,29.3,69.1,13.49,Taolagnaro,-25.032,46.99,20.0
2018-10-01,22.9,19.5,20.7,0.1,18.6,46.8,20.39,Taolagnaro,-25.032,46.99,20.0
2018-10-02,23.8,17.8,20.9,0.0,27.7,69.5,23.85,Taolagnaro,-25.032,46.99,20.0
2018-10-03,26.6,18.5,22.4,0.0,26.5,66.2,25.39,Taolagnaro,-25.032,46.99,20.0
2018-10-04,26.5,17.4,22.5,0.0,28.2,72.4,25.17,Taolagnaro,-25.032,46.99,20.0
2018-10-05,26.7,21.7,23.6,0.0,31.6,77.8,22.18,Taolagnaro,-25.032,46.99,20.0
2018-10-06,26.3,20.5,23.0,0.5,26.2,65.5,20.58,Taolagnaro,-25.032,46.99,20.0
2018-10-07,27.2,19.1,22.8,1.0,23.2,59.0,21.87,Taolagnaro,-25.032,46.99,20.0
2018-10-08,25.9,20.3,22.7,1.7,28.2,71.3,22.83,Taolagnaro,-25.032,46.99,20.0
2018-10-09,24.5,19.5,22.3,6.4,29.1,72.4,19.71,Taolagnaro,-25.032,46.99,20.0
2018-10-10,23.7,20.8,22.3,8.6,30.7,78.5,18.07,Taolagnaro,-25.032,46.99,20.0
2018-10-11,24.8,21.2,22.7,1.4,36.2,89.3,19.28,Taolagnaro,-25.032,46.99,20.0
2018-10-12,25.9,20.6,22.3,3.5,33.2,83.2,18.42,Taolagnaro,-25.032,46.99,20.0
2018-10-13,26.8,18.2,22.6,0.0,18.6,47.9,24.18,Taolagnaro,-25.032,46.99,20.0
2018-10-14,26.7,18.6,23.1,0.2,25.8,66.2,23.04,Taolagnaro,-25.032,46.99,20.0
2018-10-15,28.1,21.9,24.3,1.3,27.3,69.1,23.25,Taolagnaro,-25.032,46.99,20.0
2018-10-16,28.2,20.8,23.3,2.2,14.8,37.4,18.89,Taolagnaro,-25.032,46.99,20.0
2018-10-17,25.5,18.7,22.5,1.2,12.2,34.2,20.84,Taolagnaro,-25.032,46.99,20.0
2018-10-18,27.0,18.5,22.3,2.6,22.2,55.8,20.97,Taolagnaro,-25.032,46.99,20.0
2018-10-19,22.7,19.5,21.3,3.9,18.0,47.9,18.24,Taolagnaro,-25.032,46.99,20.0
2018-10-20,24.3,19.6,21.6,0.0,14.8,42.1,20.34,Taolagnaro,-25.032,46.99,20.0
2018-10-21,23.0,16.4,19.5,0.9,31.2,83.9,17.73,Taolagnaro,-25.032,46.99,20.0
2018-10-22,21.1,15.8,18.5,1.7,37.4,94.3,23.17,Taolagnaro,-25.032,46.99,20.0
2018-10-23,22.6,16.9,19.8,6.8,23.5,56.9,21.19,Taolagnaro,-25.032,46.99,20.0
2018-10-24,24.0,17.0,21.3,0.1,20.1,50.8,21.93,Taolagnaro,-25.032,46.99,20.0
2018-10-25,24.3,17.5,21.8,0.0,27.2,69.1,25.84,Taolagnaro,-25.032,46.99,20.0
2018-10-26,24.6,19.9,22.3,1.9,21.8,56.5,21.65,Taolagnaro,-25.032,46.99,20.0
2018-10-27,23.3,19.7,21.3,10.5,16.8,43.9,18.24,Taolagnaro,-25.032,46.99,20.0
2018-10-28,22.1,17.8,19.4,13.5,14.4,40.7,16.31,Taolagnaro,-25.032,46.99,20.0
2018-10-29,19.3,17.5,18.4,85.3,16.8,42.5,5.93,Taolagnaro,-25.032,46.99,20.0
2018-10-30,23.9,16.5,20.5,0.5,18.6,49.0,25.06,Taolagnaro,-25.032,46.99,20.0
2018-10-31,25.9,17.7,22.4,0.0,19.8,51.1,26.8,Taolagnaro,-25.032,46.99,20.0
2018-11-01,27.6,20.5,24.3,0.0,22.7,55.8,25.8,Taolagnaro,-25.032,46.99,20.0
2018-11-02,29.6,21.3,25.1,0.0,21.3,53.3,24.93,Taolagnaro,-25.032,46.99,20.0
2018-11-03,25.1,19.5,22.3,2.8,22.1,57.6,21.07,Taolagnaro,-25.032,46.99,20.0
2018-11-04,22.4,18.5,20.4,18.7,19.9,48.2,17.88,Taolagnaro,-25.032,46.99,20.0
2018-11-05,23.5,18.9,21.6,3.7,21.8,55.1,19.83,Taolagnaro,-25.032,46.99,20.0
2018-11-06,26.6,21.5,23.7,0.0,29.5,73.4,28.13,Taolagnaro,-25.032,46.99,20.0
2018-11-07,29.1,19.6,24.7,4.2,16.2,42.1,26.59,Taolagnaro,-25.032,46.99,20.0
2018-11-08,25.0,20.8,22.6,28.3,18.4,46.1,13.61,Taolagnaro,-25.032,46.99,20.0
2018-11-09,22.7,19.5,21.3,13.7,20.2,50.8,15.47,Taolagnaro,-25.032,46.99,20.0
2018-11-10,22.9,18.4,21.0,6.7,18.1,47.2,10.79,Taolagnaro,-25.032,46.99,20.0
2018-11-11,24.0,19.9,21.5,13.2,21.1,50.0,12.43,Taolagnaro,-25.032,46.99,20.0
2018-11-12,22.6,19.5,21.0,39.2,26.4,62.6,7.34,Taolagnaro,-25.032,46.99,20.0
2018-11-13,23.7,20.5,22.2,1.8,23.4,59.8,13.45,Taolagnaro,-25.032,46.99,20.0
2018-11-14,22.6,21.0,21.8,4.2,26.9,65.5,11.88,Taolagnaro,-25.032,46.99,20.0
2018-11-15,25.7,20.2,22.9,0.1,27.6,67.7,24.79,Taolagnaro,-25.032,46.99,20.0
2018-11-16,26.2,20.6,23.7,0.0,29.5,73.4,26.82,Taolagnaro,-25.032,46.99,20.0
2018-11-17,25.8,22.3,24.0,0.1,30.6,76.3,26.02,Taolagnaro,-25.032,46.99,20.0
2018-11-18,27.0,22.0,24.4,0.0,31.7,78.5,29.23,Taolagnaro,-25.032,46.99,20.0
2018-11-19,27.9,21.2,24.4,0.0,28.1,69.5,29.82,Taolagnaro,-25.032,46.99,20.0
2018-11-20,26.9,21.9,24.3,0.0,31.9,79.6,26.97,Taolagnaro,-25.032,46.99,20.0
2018-11-21,28.1,21.1,24.8,0.0,29.5,73.1,28.73,Taolagnaro,-25.032,46.99,20.0
2018-11-22,28.5,22.3,25.2,1.0,28.3,69.8,27.31,Taolagnaro,-25.032,46.99,20.0
2018-11-23,26.6,19.0,23.7,1.3,18.0,49.0,24.52,Taolagnaro,-25.032,46.99,20.0
2018-11-24,25.6,21.9,23.4,7.2,16.6,42.5,18.27,Taolagnaro,-25.032,46.99,20.0
2018-11-25,27.6,22.4,24.9,0.3,26.7,68.0,24.2,Taolagnaro,-25.032,46.99,20.0
2018-11-26,28.4,23.3,25.4,0.0,28.6,72.4,22.33,Taolagnaro,-25.032,46.99,20.0
2018-11-27,28.2,23.0,25.4,0.0,26.1,65.9,29.61,Taolagnaro,-25.032,46.99,20.0
2018-11-28,29.4,22.8,25.8,0.0,25.3,63.4,29.62,Taolagnaro,-25.032,46.99,20.0
2018-11-29,27.9,22.3,24.7,2.5,15.9,41.8,24.79,Taolagnaro,-25.032,46.99,20.0
2018-11-30,23.7,20.2,22.2,7.8,25.7,65.5,21.85,Taolagnaro,-25.032,46.99,20.0
2018-12-01,23.9,20.9,22.5,1.9,18.8,47.5,17.14,Taolagnaro,-25.032,46.99,20.0
2018-12-02,26.1,21.6,23.8,0.0,25.1,64.1,30.31,Taolagnaro,-25.032,46.99,20.0
2018-12-03,27.7,21.5,24.8,0.1,23.6,58.3,24.69,Taolagnaro,-25.032,46.99,20.0
2018-12-04,28.5,22.6,25.5,0.0,26.4,66.6,29.27,Taolagnaro,-25.032,46.99,20.0
2018-12-05,28.5,22.5,25.6,0.0,24.4,62.6,27.89,Taolagnaro,-25.032,46.99,20.0
2018-12-06,28.1,23.0,25.5,0.3,22.2,57.2,28.18,Taolagnaro,-25.032,46.99,20.0
2018-12-07,28.1,22.3,25.3,0.1,25.9,65.5,30.49,Taolagnaro,-25.032,46.99,20.0
2018-12-08,29.1,22.9,26.0,0.0,26.8,67.3,31.25,Taolagnaro,-25.032,46.99,20.0
2018-12-09,29.6,22.6,26.2,0.0,25.8,64.8,30.64,Taolagnaro,-25.032,46.99,20.0
2018-12-10,29.9,22.6,26.4,0.0,26.2,65.5,29.17,Taolagnaro,-25.032,46.99,20.0
2018-12-11,30.1,23.3,26.9,2.7,20.0,51.5,26.09,Taolagnaro,-25.032,46.99,20.0
2018-12-12,30.8,24.0,27.0,2.0,20.1,52.2,22.65,Taolagnaro,-25.032,46.99,20.0
2018-12-13,30.4,23.5,26.1,1.6,18.8,49.0,21.81,Taolagnaro,-25.032,46.99,20.0
2018-12-14,29.7,23.2,26.1,2.2,21.7,55.1,24.46,Taolagnaro,-25.032,46.99,20.0
2018-12-15,28.7,24.1,26.1,0.3,25.0,64.4,27.32,Taolagnaro,-25.032,46.99,20.0
2018-12-16,28.6,23.3,26.0,0.8,22.9,59.0,26.69,Taolagnaro,-25.032,46.99,20.0
2018-12-17,28.4,23.2,25.9,0.1,26.3,66.6,25.94,Taolagnaro,-25.032,46.99,20.0
2018-12-18,28.8,23.8,26.2,0.0,26.6,67.7,27.18,Taolagnaro,-25.032,46.99,20.0
2018-12-19,29.2,23.9,26.4,0.0,30.0,74.5,30.02,Taolagnaro,-25.032,46.99,20.0
2018-12-20,29.2,22.9,26.3,0.0,28.3,70.6,30.02,Taolagnaro,-25.032,46.99,20.0
2018-12-21,29.1,22.4,25.3,3.0,13.1,40.3,26.79,Taolagnaro,-25.032,46.99,20.0
2018-12-22,25.5,21.8,23.8,3.2,19.8,55.4,14.75,Taolagnaro,-25.032,46.99,20.0
2018-12-23,25.6,20.5,23.4,0.6,10.6,30.2,15.9,Taolagnaro,-25.032,46.99,20.0
2018-12-24,26.8,18.6,23.1,1.1,11.5,34.2,27.89,Taolagnaro,-25.032,46.99,20.0
2018-12-25,27.1,19.4,23.7,1.4,11.7,33.5,26.52,Taolagnaro,-25.032,46.99,20.0
2018-12-26,26.6,20.6,24.1,2.7,15.3,40.3,26.09,Taolagnaro,-25.032,46.99,20.0
2018-12-27,27.0,23.5,24.9,0.7,18.1,47.2,16.6,Taolagnaro,-25.032,46.99,20.0
2018-12-28,29.3,24.3,26.6,0.0,24.6,61.9,27.96,Taolagnaro,-25.032,46.99,20.0
2018-12-29,29.7,22.9,26.5,0.9,14.3,33.8,29.29,Taolagnaro,-25.032,46.99,20.0
2018-12-30,28.7,23.1,25.7,15.1,23.5,60.1,24.39,Taolagnaro,-25.032,46.99,20.0
2018-12-31,29.1,23.8,26.3,0.6,26.4,66.6,28.25,Taolagnaro,-25.032,46.99,20.0
2019-01-01,28.3,23.8,26.0,0.6,28.2,71.3,28.34,Taolagnaro,-25.032,46.99,20.0
2019-01-02,29.0,23.6,26.4,0.0,28.7,72.0,27.17,Taolagnaro,-25.032,46.99,20.0
2019-01-03,30.3,22.9,26.9,0.0,16.8,44.3,25.48,Taolagnaro,-25.032,46.99,20.0
2019-01-04,28.5,22.6,25.8,0.1,12.1,34.9,22.04,Taolagnaro,-25.032,46.99,20.0
2019-01-05,28.3,22.7,25.6,0.0,11.1,32.0,24.34,Taolagnaro,-25.032,46.99,20.0
2019-01-06,30.2,23.6,26.6,0.3,21.9,55.1,25.06,Taolagnaro,-25.032,46.99,20.0
2019-01-07,27.9,23.9,25.4,9.0,16.4,42.5,11.38,Taolagnaro,-25.032,46.99,20.0
2019-01-08,30.2,24.1,26.9,0.1,18.3,46.4,21.61,Taolagnaro,-25.032,46.99,20.0
2019-01-09,29.3,23.6,26.6,1.9,10.2,30.6,21.65,Taolagnaro,-25.032,46.99,20.0
2019-01-10,29.5,24.2,26.4,9.9,13.5,41.8,18.51,Taolagnaro,-25.032,46.99,20.0
2019-01-11,29.4,24.2,25.7,15.8,13.3,36.4,14.95,Taolagnaro,-25.032,46.99,20.0
2019-01-12,30.6,24.0,26.5,2.8,17.1,46.1,22.55,Taolagnaro,-25.032,46.99,20.0
2019-01-13,30.8,24.5,27.3,0.0,25.6,64.4,24.98,Taolagnaro,-25.032,46.99,20.0
2019-01-14,30.0,25.1,27.3,0.0,25.0,64.1,24.89,Taolagnaro,-25.032,46.99,20.0
2019-01-15,30.0,25.3,27.4,0.0,26.6,67.0,27.39,Taolagnaro,-25.032,46.99,20.0
2019-01-16,30.3,24.0,27.3,0.0,25.3,64.1,29.6,Taolagnaro,-25.032,46.99,20.0
2019-01-17,30.6,24.0,27.4,0.5,14.3,38.2,27.48,Taolagnaro,-25.032,46.99,20.0
2019-01-18,30.4,24.5,26.6,3.3,8.9,26.6,18.28,Taolagnaro,-25.032,46.99,20.0
2019-01-19,29.6,23.7,26.1,6.1,9.4,29.9,21.64,Taolagnaro,-25.032,46.99,20.0
2019-01-20,29.3,23.2,26.2,4.3,11.0,31.3,20.24,Taolagnaro,-25.032,46.99,20.0
2019-01-21,28.4,24.4,26.3,3.1,23.8,61.2,16.69,Taolagnaro,-25.032,46.99,20.0
2019-01-22,27.1,24.5,25.4,10.9,33.6,82.1,12.46,Taolagnaro,-25.032,46.99,20.0
2019-01-23,26.8,24.0,24.8,53.9,29.1,73.1,6.04,Taolagnaro,-25.032,46.99,20.0
2019-01-24,30.7,24.3,26.5,7.6,25.0,63.0,14.5,Taolagnaro,-25.032,46.99,20.0
2019-01-25,33.3,24.5,27.6,6.0,21.0,62.6,20.15,Taolagnaro,-25.032,46.99,20.0
2019-01-26,27.9,23.4,25.5,0.7,26.8,67.0,25.54,Taolagnaro,-25.032,46.99,20.0
2019-01-27,27.0,20.7,23.9,6.9,19.1,45.7,22.29,Taolagnaro,-25.032,46.99,20.0
2019-01-28,25.0,20.8,23.7,2.7,20.5,52.2,14.67,Taolagnaro,-25.032,46.99,20.0
2019-01-29,26.0,22.5,23.9,2.2,19.9,53.3,15.19,Taolagnaro,-25.032,46.99,20.0
2019-01-30,26.5,23.4,24.8,1.5,21.4,54.7,24.52,Taolagnaro,-25.032,46.99,20.0
2019-01-31,27.0,22.7,24.8,1.1,25.0,63.4,25.6,Taolagnaro,-25.032,46.99,20.0
2019-02-01,27.1,22.8,25.1,0.5,22.5,58.3,25.03,Taolagnaro,-25.032,46.99,20.0
2019-02-02,26.4,23.0,24.8,1.6,20.5,53.6,24.78,Taolagnaro,-25.032,46.99,20.0
2019-02-03,25.9,22.3,24.0,4.4,19.6,48.6,21.96,Taolagnaro,-25.032,46.99,20.0
2019-02-04,28.0,22.8,25.5,0.5,21.8,55.8,25.41,Taolagnaro,-25.032,46.99,20.0
2019-02-05,29.4,23.6,26.4,0.6,24.9,62.3,26.37,Taolagnaro,-25.032,46.99,20.0
2019-02-06,29.9,24.2,26.6,0.8,17.8,47.2,24.87,Taolagnaro,-25.032,46.99,20.0
2019-02-07,28.1,22.1,25.1,3.2,23.7,63.4,24.87,Taolagnaro,-25.032,46.99,20.0
2019-02-08,25.1,22.4,23.6,2.0,18.8,46.1,17.58,Taolagnaro,-25.032,46.99,20.0
2019-02-09,25.6,21.8,23.9,0.0,18.2,46.1,19.11,Taolagnaro,-25.032,46.99,20.0
2019-02-10,26.7,20.9,24.3,0.2,23.2,59.8,22.71,Taolagnaro,-25.032,46.99,20.0
2019-02-11,28.9,23.0,25.8,0.1,23.3,59.0,26.61,Taolagnaro,-25.032,46.99,20.0
2019-02-12,29.3,23.4,26.5,0.8,23.0,57.2,26.27,Taolagnaro,-25.032,46.99,20.0
2019-02-13,30.3,24.1,26.6,1.5,17.4,43.9,22.59,Taolagnaro,-25.032,46.99,20.0
2019-02-14,29.5,22.1,26.0,0.0,15.2,42.1,26.49,Taolagnaro,-25.032,46.99,20.0
2019-02-15,28.1,22.6,25.5,2.6,9.0,30.6,21.84,Taolagnaro,-25.032,46.99,20.0
2019-02-16,28.6,23.5,25.8,1.8,26.0,64.4,22.97,Taolagnaro,-25.032,46.99,20.0
2019-02-17,30.2,24.1,26.9,0.2,27.3,68.4,27.24,Taolagnaro,-25.032,46.99,20.0
2019-02-18,31.2,22.8,26.7,28.5,19.3,48.6,23.73,Taolagnaro,-25.032,46.99,20.0
2019-02-19,29.6,23.6,25.5,18.9,8.8,27.7,14.64,Taolagnaro,-25.032,46.99,20.0
2019-02-20,31.0,22.9,26.7,19.4,15.0,45.0,23.83,Taolagnaro,-25.032,46.99,20.0
2019-02-21,29.7,24.0,26.0,0.4,25.3,64.1,25.59,Taolagnaro,-25.032,46.99,20.0
2019-02-22,27.7,22.4,25.0,3.2,14.4,39.6,26.13,Taolagnaro,-25.032,46.99,20.0
2019-02-23,27.1,22.8,24.8,5.5,20.1,51.8,21.97,Taolagnaro,-25.032,46.99,20.0
2019-02-24,28.2,23.2,25.3,6.0,17.7,47.2,20.26,Taolagnaro,-25.032,46.99,20.0
2019-02-25,29.7,23.8,26.2,6.9,20.0,51.1,21.78,Taolagnaro,-25.032,46.99,20.0
2019-02-26,31.1,24.5,27.1,0.3,26.2,66.2,22.84,Taolagnaro,-25.032,46.99,20.0
2019-02-27,31.9,25.0,27.7,0.3,20.3,51.8,22.79,Taolagnaro,-25.032,46.99,20.0
2019-02-28,30.9,25.0,27.5,0.5,18.9,48.2,19.26,Taolagnaro,-25.032,46.99,20.0
2019-03-01,31.6,24.4,27.6,0.0,16.9,43.2,25.02,Taolagnaro,-25.032,46.99,20.0
2019-03-02,30.8,25.1,27.6,0.3,24.5,61.2,23.08,Taolagnaro,-25.032,46.99,20.0
2019-03-03,30.4,24.6,27.5,1.3,21.7,56.9,23.94,Taolagnaro,-25.032,46.99,20.0
2019-03-04,30.2,23.6,26.1,2.5,13.1,31.7,22.96,Taolagnaro,-25.032,46.99,20.0
2019-03-05,29.1,23.0,25.8,2.6,17.0,43.2,24.21,Taolagnaro,-25.032,46.99,20.0
2019-03-06,27.4,22.2,25.2,5.5,13.2,38.5,19.67,Taolagnaro,-25.032,46.99,20.0
2019-03-07,27.0,21.9,24.2,12.8,19.6,52.2,20.82,Taolagnaro,-25.032,46.99,20.0
2019-03-08,27.5,22.4,24.8,2.4,15.2,40.3,23.61,Taolagnaro,-25.032,46.99,20.0
2019-03-09,28.3,22.2,25.2,0.4,17.6,45.4,24.27,Taolagnaro,-25.032,46.99,20.0
2019-03-10,27.7,23.6,25.5,0.8,18.4,47.5,17.49,Taolagnaro,-25.032,46.99,20.0
2019-03-11,27.7,22.7,25.6,0.0,17.1,44.6,21.02,Taolagnaro,-25.032,46.99,20.0
2019-03-12,27.9,21.9,25.1,0.7,17.0,42.5,20.42,Taolagnaro,-25.032,46.99,20.0
2019-03-13,26.3,23.5,24.8,3.2,18.6,47.5,12.56,Taolagnaro,-25.032,46.99,20.0
2019-03-14,26.2,23.2,24.9,0.6,19.5,49.7,12.82,Taolagnaro,-25.032,46.99,20.0
2019-03-15,27.3,23.6,25.1,0.2,14.0,37.1,22.27,Taolagnaro,-25.032,46.99,20.0
2019-03-16,27.1,20.1,24.1,0.8,15.2,39.2,22.41,Taolagnaro,-25.032,46.99,20.0
2019-03-17,28.8,21.4,25.4,0.0,22.0,56.5,23.37,Taolagnaro,-25.032,46.99,20.0
2019-03-18,30.2,23.9,26.8,0.1,16.4,44.3,19.6,Taolagnaro,-25.032,46.99,20.0
2019-03-19,30.8,22.8,26.4,2.4,19.9,50.0,21.53,Taolagnaro,-25.032,46.99,20.0
2019-03-20,29.3,22.1,25.9,0.1,11.2,32.0,19.85,Taolagnaro,-25.032,46.99,20.0
2019-03-21,29.0,23.5,25.9,5.5,7.8,22.7,12.91,Taolagnaro,-25.032,46.99,20.0
2019-03-22,28.3,22.7,24.9,23.1,13.0,33.1,13.13,Taolagnaro,-25.032,46.99,20.0
2019-03-23,27.3,22.8,24.3,14.6,16.1,42.8,17.25,Taolagnaro,-25.032,46.99,20.0
2019-03-24,26.3,22.6,23.9,22.2,18.6,49.7,17.01,Taolagnaro,-25.032,46.99,20.0
2019-03-25,28.4,22.3,25.4,1.2,14.6,40.3,20.51,Taolagnaro,-25.032,46.99,20.0
2019-03-26,30.2,22.8,25.9,0.3,11.2,31.3,18.77,Taolagnaro,-25.032,46.99,20.0
2019-03-27,27.9,22.5,24.8,5.0,20.8,53.6,19.98,Taolagnaro,-25.032,46.99,20.0
2019-03-28,25.1,23.0,24.3,8.3,23.1,53.6,7.82,Taolagnaro,-25.032,46.99,20.0
2019-03-29,27.4,22.7,25.1,1.4,19.5,49.3,17.28,Taolagnaro,-25.032,46.99,20.0
2019-03-30,27.7,21.8,24.6,1.0,18.3,51.5,19.74,Taolagnaro,-25.032,46.99,20.0
2019-03-31,26.3,20.7,23.6,0.3,24.4,61.9,22.59,Taolagnaro,-25.032,46.99,20.0
2019-04-01,26.8,18.9,23.3,0.3,12.5,38.5,22.29,Taolagnaro,-25.032,46.99,20.0
2019-04-02,27.1,20.2,24.0,1.2,10.4,29.5,19.89,Taolagnaro,-25.032,46.99,20.0
2019-04-03,28.4,20.2,24.6,0.0,16.9,43.9,20.16,Taolagnaro,-25.032,46.99,20.0
2019-04-04,29.1,22.9,25.6,0.0,23.8,59.8,20.51,Taolagnaro,-25.032,46.99,20.0
2019-04-05,29.4,23.1,25.9,0.0,25.6,64.1,20.22,Taolagnaro,-25.032,46.99,20.0
2019-04-06,28.3,23.3,25.7,0.4,23.4,59.4,19.76,Taolagnaro,-25.032,46.99,20.0
2019-04-07,28.0,24.2,25.8,0.2,26.5,67.0,19.74,Taolagnaro,-25.032,46.99,20.0
2019-04-08,28.8,21.7,25.4,0.0,24.7,63.0,22.06,Taolagnaro,-25.032,46.99,20.0
2019-04-09,29.4,23.0,26.0,0.0,26.4,65.2,21.08,Taolagnaro,-25.032,46.99,20.0
2019-04-10,29.2,22.5,26.0,0.0,22.7,57.6,20.79,Taolagnaro,-25.032,46.99,20.0
2019-04-11,28.6,22.0,25.1,3.9,15.1,39.2,19.4,Taolagnaro,-25.032,46.99,20.0
2019-04-12,27.3,20.6,24.0,2.4,17.7,45.4,16.84,Taolagnaro,-25.032,46.99,20.0
2019-04-13,27.1,21.2,24.0,1.4,14.0,39.2,11.46,Taolagnaro,-25.032,46.99,20.0
2019-04-14,26.2,22.6,24.3,3.6,14.8,38.9,13.02,Taolagnaro,-25.032,46.99,20.0
2019-04-15,28.4,23.5,25.6,0.4,14.9,39.6,14.35,Taolagnaro,-25.032,46.99,20.0
2019-04-16,29.5,22.9,25.9,14.5,17.3,51.8,18.46,Taolagnaro,-25.032,46.99,20.0
2019-04-17,26.9,22.3,24.6,1.2,14.0,37.8,16.75,Taolagnaro,-25.032,46.99,20.0
2019-04-18,25.3,22.4,23.5,27.3,15.6,38.9,11.87,Taolagnaro,-25.032,46.99,20.0
2019-04-19,24.6,21.8,23.6,18.7,23.6,57.2,7.73,Taolagnaro,-25.032,46.99,20.0
2019-04-20,24.6,21.3,23.1,17.5,24.5,59.4,8.14,Taolagnaro,-25.032,46.99,20.0
2019-04-21,25.3,21.5,23.1,11.2,22.0,55.4,12.06,Taolagnaro,-25.032,46.99,20.0
2019-04-22,27.2,21.9,24.1,8.5,15.4,37.8,16.14,Taolagnaro,-25.032,46.99,20.0
2019-04-23,26.3,21.8,23.8,13.0,15.6,41.0,12.58,Taolagnaro,-25.032,46.99,20.0
2019-04-24,25.4,22.2,23.5,40.9,23.4,56.9,12.12,Taolagnaro,-25.032,46.99,20.0
2019-04-25,24.6,22.1,23.0,37.3,26.0,61.9,4.98,Taolagnaro,-25.032,46.99,20.0
2019-04-26,27.6,21.0,24.5,5.1,32.1,79.2,16.74,Taolagnaro,-25.032,46.99,20.0
2019-04-27,27.2,20.7,23.3,13.1,12.8,32.8,14.88,Taolagnaro,-25.032,46.99,20.0
2019-04-28,25.0,19.5,22.5,1.7,21.0,55.1,14.8,Taolagnaro,-25.032,46.99,20.0
2019-04-29,25.8,22.1,23.5,2.7,16.8,40.0,14.78,Taolagnaro,-25.032,46.99,20.0
2019-04-30,25.0,22.0,23.4,0.1,23.0,58.3,15.3,Taolagnaro,-25.032,46.99,20.0
2019-05-01,24.3,21.6,22.8,1.0,26.1,65.2,11.21,Taolagnaro,-25.032,46.99,20.0
2019-05-02,24.6,20.4,22.5,2.5,24.9,63.0,14.43,Taolagnaro,-25.032,46.99,20.0
2019-05-03,26.7,21.1,23.5,0.4,23.3,59.4,17.19,Taolagnaro,-25.032,46.99,20.0
2019-05-04,27.7,21.0,24.0,0.0,22.2,56.2,17.13,Taolagnaro,-25.032,46.99,20.0
2019-05-05,27.3,19.8,23.7,0.0,22.6,56.2,17.67,Taolagnaro,-25.032,46.99,20.0
2019-05-06,27.2,21.2,23.7,0.0,19.5,49.3,18.1,Taolagnaro,-25.032,46.99,20.0
2019-05-07,25.0,18.4,21.9,1.7,19.7,45.7,13.49,Taolagnaro,-25.032,46.99,20.0
2019-05-08,24.5,21.6,22.9,0.7,22.5,57.6,13.32,Taolagnaro,-25.032,46.99,20.0
2019-05-09,25.7,22.8,23.9,0.2,32.1,79.6,14.81,Taolagnaro,-25.032,46.99,20.0
2019-05-10,27.2,20.8,23.6,0.3,23.6,61.2,12.83,Taolagnaro,-25.032,46.99,20.0
2019-05-11,23.5,19.6,21.3,2.0,19.1,49.7,11.93,Taolagnaro,-25.032,46.99,20.0
2019-05-12,23.4,18.1,20.6,0.5,18.2,46.8,15.38,Taolagnaro,-25.032,46.99,20.0
2019-05-13,24.2,17.3,20.4,0.0,19.3,49.3,16.18,Taolagnaro,-25.032,46.99,20.0
2019-05-14,24.2,17.8,20.9,3.6,15.3,38.9,13.05,Taolagnaro,-25.032,46.99,20.0
2019-05-15,23.4,19.6,21.5,7.4,13.8,36.7,9.51,Taolagnaro,-25.032,46.99,20.0
2019-05-16,24.5,20.2,22.0,3.2,18.9,49.7,12.55,Taolagnaro,-25.032,46.99,20.0
2019-05-17,27.1,18.9,22.8,0.0,24.1,60.1,16.41,Taolagnaro,-25.032,46.99,20.0
2019-05-18,27.1,20.6,23.3,0.0,19.0,47.9,16.08,Taolagnaro,-25.032,46.99,20.0
2019-05-19,25.3,19.8,22.0,6.4,13.9,37.1,13.93,Taolagnaro,-25.032,46.99,20.0
2019-05-20,23.9,20.1,21.8,2.5,14.1,36.0,12.02,Taolagnaro,-25.032,46.99,20.0
2019-05-21,26.8,19.6,22.7,0.2,12.7,34.6,14.93,Taolagnaro,-25.032,46.99,20.0
2019-05-22,26.5,18.6,22.2,3.0,15.5,40.0,14.74,Taolagnaro,-25.032,46.99,20.0
2019-05-23,24.3,19.3,21.7,2.8,12.9,35.3,11.56,Taolagnaro,-25.032,46.99,20.0
2019-05-24,23.1,18.9,21.5,4.9,16.3,42.1,11.13,Taolagnaro,-25.032,46.99,20.0
2019-05-25,24.5,18.4,21.1,0.1,12.6,35.3,13.09,Taolagnaro,-25.032,46.99,20.0
2019-05-26,23.6,17.2,20.4,0.0,13.7,36.4,15.06,Taolagnaro,-25.032,46.99,20.0
2019-05-27,22.9,17.3,19.8,3.4,18.3,46.1,11.01,Taolagnaro,-25.032,46.99,20.0
2019-05-28,23.7,18.4,21.0,3.6,22.7,58.0,11.51,Taolagnaro,-25.032,46.99,20.0
2019-05-29,23.4,19.9,21.3,0.8,22.3,59.8,8.9,Taolagnaro,-25.032,46.99,20.0
2019-05-30,25.5,16.9,20.1,7.6,17.7,47.9,12.69,Taolagnaro,-25.032,46.99,20.0
2019-05-31,22.9,17.5,19.8,0.3,20.0,52.9,14.36,Taolagnaro,-25.032,46.99,20.0
2019-06-01,23.1,17.9,20.6,12.5,17.4,43.9,10.56,Taolagnaro,-25.032,46.99,20.0
2019-06-02,21.9,19.2,20.8,11.3,23.9,59.4,8.89,Taolagnaro,-25.032,46.99,20.0
2019-06-03,23.8,19.2,21.4,14.8,26.9,67.0,9.78,Taolagnaro,-25.032,46.99,20.0
2019-06-04,21.4,18.6,20.1,14.4,25.1,61.2,5.82,Taolagnaro,-25.032,46.99,20.0
2019-06-05,23.1,19.9,21.0,2.0,25.8,64.1,10.7,Taolagnaro,-25.032,46.99,20.0
2019-06-06,25.1,19.2,21.9,0.0,24.9,63.7,14.78,Taolagnaro,-25.032,46.99,20.0
2019-06-07,25.8,18.7,22.0,0.0,20.9,52.9,14.64,Taolagnaro,-25.032,46.99,20.0
2019-06-08,25.7,18.6,21.8,0.0,17.7,45.7,14.41,Taolagnaro,-25.032,46.99,20.0
2019-06-09,22.6,18.3,20.2,11.6,27.9,63.7,6.13,Taolagnaro,-25.032,46.99,20.0
2019-06-10,22.2,19.6,21.0,2.1,27.5,64.4,8.27,Taolagnaro,-25.032,46.99,20.0
2019-06-11,22.7,19.2,21.1,1.4,27.5,70.2,12.44,Taolagnaro,-25.032,46.99,20.0
2019-06-12,23.1,18.9,20.7,1.4,28.9,72.4,11.73,Taolagnaro,-25.032,46.99,20.0
2019-06-13,24.0,18.4,20.7,0.1,22.7,58.0,13.91,Taolagnaro,-25.032,46.99,20.0
2019-06-14,23.4,14.7,19.4,0.6,18.7,48.2,15.06,Taolagnaro,-25.032,46.99,20.0
2019-06-15,22.0,17.3,19.8,3.2,17.4,44.3,9.99,Taolagnaro,-25.032,46.99,20.0
2019-06-16,23.1,17.3,20.4,0.0,14.7,38.5,12.28,Taolagnaro,-25.032,46.99,20.0
2019-06-17,23.6,17.3,20.5,0.0,18.6,48.6,14.06,Taolagnaro,-25.032,46.99,20.0
2019-06-18,24.3,18.0,20.8,0.0,22.5,57.2,14.71,Taolagnaro,-25.032,46.99,20.0
2019-06-19,22.7,15.0,19.1,12.9,15.6,41.8,12.44,Taolagnaro,-25.032,46.99,20.0
2019-06-20,21.2,17.5,19.2,21.6,26.6,68.0,6.46,Taolagnaro,-25.032,46.99,20.0
2019-06-21,22.7,19.7,20.9,7.8,27.2,65.5,9.26,Taolagnaro,-25.032,46.99,20.0
2019-06-22,22.8,18.7,20.7,10.1,24.3,62.6,9.11,Taolagnaro,-25.032,46.99,20.0
2019-06-23,22.9,17.2,20.1,0.9,20.9,55.4,11.91,Taolagnaro,-25.032,46.99,20.0
2019-06-24,25.0,18.6,21.2,0.0,20.2,51.1,13.62,Taolagnaro,-25.032,46.99,20.0
2019-06-25,24.1,16.9,20.0,1.2,16.6,42.1,12.52,Taolagnaro,-25.032,46.99,20.0
2019-06-26,22.4,17.4,19.6,4.6,10.2,25.6,9.75,Taolagnaro,-25.032,46.99,20.0
2019-06-27,22.4,16.9,20.1,19.8,22.1,54.7,10.09,Taolagnaro,-25.032,46.99,20.0
2019-06-28,24.1,19.8,21.5,7.0,27.5,70.9,9.72,Taolagnaro,-25.032,46.99,20.0
2019-06-29,24.5,21.2,22.5,1.5,27.0,69.8,9.75,Taolagnaro,-25.032,46.99,20.0
2019-06-30,25.1,21.5,22.9,0.0,27.4,67.3,13.15,Taolagnaro,-25.032,46.99,20.0
2019-07-01,25.4,20.2,22.3,0.0,27.4,68.8,15.0,Taolagnaro,-25.032,46.99,20.0
2019-07-02,24.3,16.8,21.1,0.0,25.0,63.0,15.08,Taolagnaro,-25.032,46.99,20.0
2019-07-03,24.8,16.0,20.0,1.3,20.4,51.8,12.36,Taolagnaro,-25.032,46.99,20.0
2019-07-04,23.6,16.9,19.8,0.0,10.3,29.2,14.52,Taolagnaro,-25.032,46.99,20.0
2019-07-05,24.3,16.7,20.2,0.0,21.0,52.9,15.08,Taolagnaro,-25.032,46.99,20.0
2019-07-06,24.6,15.8,20.6,0.0,16.5,39.6,14.53,Taolagnaro,-25.032,46.99,20.0
2019-07-07,23.3,16.3,20.1,0.0,13.5,35.3,13.9,Taolagnaro,-25.032,46.99,20.0
2019-07-08,25.0,15.7,19.8,0.1,19.7,50.0,15.57,Taolagnaro,-25.032,46.99,20.0
2019-07-09,23.0,17.4,19.9,0.5,17.9,46.8,13.92,Taolagnaro,-25.032,46.99,20.0
2019-07-10,24.5,15.8,19.9,0.0,18.5,48.2,13.28,Taolagnaro,-25.032,46.99,20.0
2019-07-11,23.1,17.7,20.1,0.3,25.2,64.8,11.65,Taolagnaro,-25.032,46.99,20.0
2019-07-12,22.7,15.4,19.0,0.2,11.2,29.9,14.39,Taolagnaro,-25.032,46.99,20.0
2019-07-13,22.2,13.2,17.4,0.0,11.1,28.8,14.6,Taolagnaro,-25.032,46.99,20.0
2019-07-14,22.9,14.7,18.7,3.9,23.4,54.7,14.3,Taolagnaro,-25.032,46.99,20.0
2019-07-15,21.8,17.8,19.8,12.0,27.7,69.1,8.67,Taolagnaro,-25.032,46.99,20.0
2019-07-16,22.0,18.9,20.2,2.7,29.5,72.7,12.17,Taolagnaro,-25.032,46.99,20.0
2019-07-17,23.0,17.5,20.2,0.0,29.0,73.4,15.29,Taolagnaro,-25.032,46.99,20.0
2019-07-18,22.7,17.7,20.0,0.0,24.7,63.7,14.37,Taolagnaro,-25.032,46.99,20.0
2019-07-19,24.1,17.3,20.4,0.0,19.2,50.4,15.08,Taolagnaro,-25.032,46.99,20.0
2019-07-20,25.0,14.4,19.7,0.0,14.5,40.3,15.96,Taolagnaro,-25.032,46.99,20.0
2019-07-21,19.1,12.8,15.8,5.6,37.1,86.0,9.83,Taolagnaro,-25.032,46.99,20.0
2019-07-22,19.0,13.2,16.6,4.6,21.5,62.3,12.52,Taolagnaro,-25.032,46.99,20.0
2019-07-23,21.3,16.6,18.9,0.0,19.2,49.7,12.08,Taolagnaro,-25.032,46.99,20.0
2019-07-24,23.7,16.2,19.3,0.0,23.3,59.0,16.64,Taolagnaro,-25.032,46.99,20.0
2019-07-25,23.5,13.0,18.5,0.0,19.7,50.4,16.46,Taolagnaro,-25.032,46.99,20.0
2019-07-26,22.5,17.1,20.1,0.0,20.4,51.8,11.97,Taolagnaro,-25.032,46.99,20.0
2019-07-27,20.9,19.0,20.1,0.7,25.2,63.4,9.98,Taolagnaro,-25.032,46.99,20.0
2019-07-28,21.3,16.0,18.7,2.5,18.6,47.9,10.84,Taolagnaro,-25.032,46.99,20.0
2019-07-29,23.6,16.7,20.1,0.0,22.4,56.2,15.56,Taolagnaro,-25.032,46.99,20.0
2019-07-30,24.6,18.2,21.3,0.0,24.1,60.5,16.36,Taolagnaro,-25.032,46.99,20.0
2019-07-31,25.8,19.6,22.1,0.0,25.3,63.4,17.04,Taolagnaro,-25.032,46.99,20.0
2019-08-01,26.5,17.2,21.4,0.0,17.5,42.1,16.98,Taolagnaro,-25.032,46.99,20.0
2019-08-02,25.0,19.4,21.8,0.0,25.8,64.8,15.65,Taolagnaro,-25.032,46.99,20.0
2019-08-03,25.4,20.0,22.2,0.0,25.1,61.9,17.38,Taolagnaro,-25.032,46.99,20.0
2019-08-04,26.5,17.2,21.3,0.0,20.0,49.0,17.25,Taolagnaro,-25.032,46.99,20.0
2019-08-05,23.8,15.8,19.6,0.0,9.8,28.8,17.64,Taolagnaro,-25.032,46.99,20.0
2019-08-06,25.6,14.7,19.6,0.0,10.8,29.2,17.75,Taolagnaro,-25.032,46.99,20.0
2019-08-07,24.4,16.9,20.9,0.0,18.1,45.0,17.03,Taolagnaro,-25.032,46.99,20.0
2019-08-08,26.0,18.7,21.8,0.0,23.6,58.0,18.14,Taolagnaro,-25.032,46.99,20.0
2019-08-09,25.2,15.1,20.1,0.0,11.2,30.6,18.35,Taolagnaro,-25.032,46.99,20.0
2019-08-10,21.7,17.8,20.3,5.0,22.4,54.4,8.91,Taolagnaro,-25.032,46.99,20.0
2019-08-11,22.3,19.8,20.9,0.3,28.5,69.1,11.27,Taolagnaro,-25.032,46.99,20.0
2019-08-12,25.5,19.3,21.7,0.0,28.8,70.6,17.68,Taolagnaro,-25.032,46.99,20.0
2019-08-13,23.4,16.4,20.1,0.0,16.5,40.3,17.19,Taolagnaro,-25.032,46.99,20.0
2019-08-14,25.1,16.8,20.9,0.0,25.0,63.7,18.53,Taolagnaro,-25.032,46.99,20.0
2019-08-15,24.1,15.7,20.4,5.0,23.1,58.0,14.63,Taolagnaro,-25.032,46.99,20.0
2019-08-16,21.2,17.9,19.9,2.2,14.7,34.9,8.61,Taolagnaro,-25.032,46.99,20.0
2019-08-17,24.3,14.3,19.4,0.0,24.5,62.3,19.26,Taolagnaro,-25.032,46.99,20.0
2019-08-18,20.5,16.6,18.9,7.7,19.6,48.6,8.47,Taolagnaro,-25.032,46.99,20.0
2019-08-19,21.0,16.2,19.2,2.9,19.6,50.0,12.73,Taolagnaro,-25.032,46.99,20.0
2019-08-20,25.0,18.1,21.0,0.2,24.1,61.2,18.0,Taolagnaro,-25.032,46.99,20.0
2019-08-21,21.5,18.7,20.1,1.9,23.7,59.0,12.17,Taolagnaro,-25.032,46.99,20.0
2019-08-22,21.4,18.8,19.9,0.7,16.3,41.8,12.06,Taolagnaro,-25.032,46.99,20.0
2019-08-23,22.2,16.1,19.8,0.4,19.4,50.4,16.04,Taolagnaro,-25.032,46.99,20.0
2019-08-24,21.3,18.0,19.7,12.9,19.9,46.4,9.88,Taolagnaro,-25.032,46.99,20.0
2019-08-25,22.4,19.1,20.5,0.5,26.6,67.0,15.62,Taolagnaro,-25.032,46.99,20.0
2019-08-26,25.2,18.2,21.2,0.0,23.8,60.5,20.59,Taolagnaro,-25.032,46.99,20.0
2019-08-27,25.9,17.7,21.3,0.0,22.9,57.2,20.8,Taolagnaro,-25.032,46.99,20.0
2019-08-28,26.1,18.5,21.6,0.0,22.3,55.1,20.67,Taolagnaro,-25.032,46.99,20.0
2019-08-29,23.8,15.3,20.1,0.0,14.0,35.3,19.97,Taolagnaro,-25.032,46.99,20.0
2019-08-30,25.3,14.9,20.7,0.0,26.6,67.0,21.12,Taolagnaro,-25.032,46.99,20.0
2019-08-31,25.6,17.2,21.6,0.0,26.1,65.2,21.27,Taolagnaro,-25.032,46.99,20.0
2019-09-01,26.7,16.2,21.2,0.0,19.0,51.8,20.87,Taolagnaro,-25.032,46.99,20.0
2019-09-02,24.1,16.3,20.6,0.7,16.6,42.8,17.83,Taolagnaro,-25.032,46.99,20.0
2019-09-03,23.0,19.4,20.8,0.3,13.4,32.4,12.36,Taolagnaro,-25.032,46.99,20.0
2019-09-04,23.5,16.7,20.7,0.5,20.5,52.6,17.56,Taolagnaro,-25.032,46.99,20.0
2019-09-05,25.3,18.4,21.9,0.0,24.5,61.9,21.25,Taolagnaro,-25.032,46.99,20.0
2019-09-06,25.5,16.6,19.7,11.4,24.8,62.6,14.97,Taolagnaro,-25.032,46.99,20.0
2019-09-07,18.7,15.9,17.4,13.6,25.4,60.8,6.83,Taolagnaro,-25.032,46.99,20.0
2019-09-08,19.9,17.5,18.5,8.0,32.3,81.0,7.78,Taolagnaro,-25.032,46.99,20.0
2019-09-09,21.3,18.4,19.8,1.9,29.3,73.4,14.44,Taolagnaro,-25.032,46.99,20.0
2019-09-10,23.8,18.8,21.2,0.0,31.0,77.8,19.51,Taolagnaro,-25.032,46.99,20.0
2019-09-11,24.8,19.3,21.9,0.0,30.0,74.9,20.44,Taolagnaro,-25.032,46.99,20.0
2019-09-12,26.1,19.9,22.6,0.0,30.3,74.2,21.78,Taolagnaro,-25.032,46.99,20.0
2019-09-13,26.5,20.6,22.8,0.0,29.9,72.7,21.57,Taolagnaro,-25.032,46.99,20.0
2019-09-14,26.3,16.3,21.4,0.0,17.4,46.1,22.42,Taolagnaro,-25.032,46.99,20.0
2019-09-15,23.8,15.5,20.5,1.2,12.1,33.8,22.13,Taolagnaro,-25.032,46.99,20.0
2019-09-16,21.9,19.3,20.5,4.6,12.8,33.5,11.75,Taolagnaro,-25.032,46.99,20.0
2019-09-17,21.4,17.6,19.6,6.2,20.1,50.8,15.34,Taolagnaro,-25.032,46.99,20.0
2019-09-18,23.0,18.8,20.8,1.8,24.6,61.6,14.53,Taolagnaro,-25.032,46.99,20.0
2019-09-19,23.6,19.4,21.5,1.2,19.6,49.0,18.24,Taolagnaro,-25.032,46.99,20.0
2019-09-20,21.5,19.1,20.0,8.7,23.8,58.7,15.17,Taolagnaro,-25.032,46.99,20.0
2019-09-21,21.8,18.3,20.3,9.1,33.3,82.4,11.24,Taolagnaro,-25.032,46.99,20.0
2019-09-22,24.0,20.3,21.8,0.4,32.6,81.4,20.92,Taolagnaro,-25.032,46.99,20.0
2019-09-23,25.8,19.7,22.1,0.0,29.4,73.1,24.21,Taolagnaro,-25.032,46.99,20.0
2019-09-24,24.5,16.3,20.8,0.0,21.3,53.6,23.24,Taolagnaro,-25.032,46.99,20.0
2019-09-25,22.3,18.0,20.0,13.9,19.4,46.8,11.98,Taolagnaro,-25.032,46.99,20.0
2019-09-26,21.0,17.7,18.8,61.0,30.8,75.6,4.44,Taolagnaro,-25.032,46.99,20.0
2019-09-27,24.6,19.6,22.0,7.6,27.7,69.1,14.82,Taolagnaro,-25.032,46.99,20.0
2019-09-28,25.4,19.9,22.1,10.5,22.9,58.0,16.87,Taolagnaro,-25.032,46.99,20.0
2019-09-29,23.5,17.7,20.5,1.6,12.3,33.8,17.37,Taolagnaro,-25.032,46.99,20.0
2019-09-30,27.4,17.3,22.6,0.0,22.3,56.5,22.13,Taolagnaro,-25.032,46.99,20.0
2019-10-01,25.6,18.5,22.3,0.5,11.5,33.5,22.32,Taolagnaro,-25.032,46.99,20.0
2019-10-02,23.6,20.9,21.9,6.4,16.9,41.8,9.48,Taolagnaro,-25.032,46.99,20.0
2019-10-03,25.2,20.6,22.7,4.9,22.6,57.2,18.24,Taolagnaro,-25.032,46.99,20.0
2019-10-04,25.7,21.5,23.3,0.0,28.9,72.0,21.05,Taolagnaro,-25.032,46.99,20.0
2019-10-05,26.0,22.0,23.6,0.0,34.2,85.0,21.6,Taolagnaro,-25.032,46.99,20.0
2019-10-06,24.6,21.7,22.8,2.1,31.2,77.8,22.23,Taolagnaro,-25.032,46.99,20.0
2019-10-07,25.8,20.2,22.9,0.0,28.3,70.9,25.92,Taolagnaro,-25.032,46.99,20.0
2019-10-08,26.7,20.3,23.3,0.0,31.0,76.0,25.27,Taolagnaro,-25.032,46.99,20.0
2019-10-09,26.4,21.0,23.5,0.0,32.5,80.3,24.65,Taolagnaro,-25.032,46.99,20.0
2019-10-10,26.9,21.2,23.7,0.0,29.9,74.5,24.28,Taolagnaro,-25.032,46.99,20.0
2019-10-11,27.9,19.8,23.3,0.0,17.6,47.9,25.17,Taolagnaro,-25.032,46.99,20.0
2019-10-12,26.7,19.1,23.0,0.0,22.9,58.0,23.36,Taolagnaro,-25.032,46.99,20.0
2019-10-13,27.2,21.6,24.1,0.0,29.3,73.4,25.56,Taolagnaro,-25.032,46.99,20.0
2019-10-14,27.2,20.7,23.7,3.9,24.2,60.8,24.07,Taolagnaro,-25.032,46.99,20.0
2019-10-15,22.7,19.6,20.8,24.3,23.1,55.8,9.76,Taolagnaro,-25.032,46.99,20.0
2019-10-16,23.4,19.5,21.2,14.9,25.8,63.4,15.31,Taolagnaro,-25.032,46.99,20.0
2019-10-17,24.6,20.8,22.3,0.0,25.7,65.2,22.87,Taolagnaro,-25.032,46.99,20.0
2019-10-18,25.1,19.9,22.3,0.0,32.0,79.9,27.47,Taolagnaro,-25.032,46.99,20.0
2019-10-19,26.4,20.2,22.8,0.0,32.9,81.4,27.7,Taolagnaro,-25.032,46.99,20.0
2019-10-20,27.9,19.4,23.1,0.0,28.0,68.8,27.15,Taolagnaro,-25.032,46.99,20.0
2019-10-21,28.1,18.1,23.1,0.0,15.8,43.9,27.01,Taolagnaro,-25.032,46.99,20.0
2019-10-22,26.8,18.3,22.8,1.5,19.5,53.6,26.89,Taolagnaro,-25.032,46.99,20.0
2019-10-23,25.5,21.6,23.4,3.4,26.3,63.7,18.19,Taolagnaro,-25.032,46.99,20.0
2019-10-24,31.1,22.5,26.0,0.0,25.8,62.6,26.0,Taolagnaro,-25.032,46.99,20.0
2019-10-25,28.3,19.8,24.1,0.0,10.4,31.0,26.97,Taolagnaro,-25.032,46.99,20.0
2019-10-26,27.9,19.2,24.0,0.0,13.0,35.6,27.14,Taolagnaro,-25.032,46.99,20.0
2019-10-27,28.5,21.3,24.8,0.0,17.1,42.1,27.46,Taolagnaro,-25.032,46.99,20.0
2019-10-28,31.1,23.0,26.2,0.0,20.5,51.1,27.77,Taolagnaro,-25.032,46.99,20.0
2019-10-29,30.4,21.8,25.9,0.0,17.4,43.6,26.01,Taolagnaro,-25.032,46.99,20.0
2019-10-30,25.3,23.1,24.3,6.7,19.4,47.9,10.05,Taolagnaro,-25.032,46.99,20.0
2019-10-31,23.9,21.9,22.7,15.3,22.2,53.6,7.32,Taolagnaro,-25.032,46.99,20.0
2019-11-01,25.1,19.9,22.3,1.3,15.8,41.4,25.44,Taolagnaro,-25.032,46.99,20.0
2019-11-02,22.8,19.4,20.9,4.8,24.7,61.9,20.7,Taolagnaro,-25.032,46.99,20.0
2019-11-03,25.9,19.8,22.8,0.7,33.4,82.8,24.89,Taolagnaro,-25.032,46.99,20.0
2019-11-04,29.5,19.5,24.3,0.0,21.6,54.7,28.59,Taolagnaro,-25.032,46.99,20.0
2019-11-05,26.8,20.1,23.6,1.4,24.5,62.6,24.86,Taolagnaro,-25.032,46.99,20.0
2019-11-06,27.0,22.5,24.4,2.4,24.0,59.8,23.44,Taolagnaro,-25.032,46.99,20.0
2019-11-07,27.5,22.8,24.8,0.0,34.9,86.0,27.89,Taolagnaro,-25.032,46.99,20.0
2019-11-08,30.0,21.4,25.1,0.0,27.3,70.9,28.8,Taolagnaro,-25.032,46.99,20.0
2019-11-09,26.5,20.0,23.2,0.6,21.2,51.8,25.42,Taolagnaro,-25.032,46.99,20.0
2019-11-10,23.8,20.0,22.2,5.3,14.0,36.7,12.8,Taolagnaro,-25.032,46.99,20.0
2019-11-11,24.2,20.3,22.1,9.6,23.4,57.2,12.0,Taolagnaro,-25.032,46.99,20.0
2019-11-12,22.9,20.4,21.8,10.7,31.1,76.3,9.96,Taolagnaro,-25.032,46.99,20.0
2019-11-13,23.8,20.1,22.2,15.5,28.9,70.2,10.86,Taolagnaro,-25.032,46.99,20.0
2019-11-14,23.2,20.6,21.9,22.2,28.9,68.0,6.63,Taolagnaro,-25.032,46.99,20.0
2019-11-15,22.7,21.2,22.0,14.3,29.4,69.8,5.14,Taolagnaro,-25.032,46.99,20.0
2019-11-16,28.8,21.4,24.2,19.6,27.3,67.7,13.46,Taolagnaro,-25.032,46.99,20.0
2019-11-17,28.1,20.5,24.7,6.1,14.8,46.4,25.26,Taolagnaro,-25.032,46.99,20.0
2019-11-18,27.8,20.4,24.0,0.7,13.9,37.4,27.26,Taolagnaro,-25.032,46.99,20.0
2019-11-19,28.3,21.5,25.1,0.0,22.7,58.0,28.86,Taolagnaro,-25.032,46.99,20.0
2019-11-20,29.8,22.3,25.7,0.0,17.1,44.3,27.97,Taolagnaro,-25.032,46.99,20.0
2019-11-21,28.8,22.8,25.4,14.8,12.0,34.6,19.8,Taolagnaro,-25.032,46.99,20.0
2019-11-22,27.2,22.3,23.8,12.3,13.7,44.3,18.93,Taolagnaro,-25.032,46.99,20.0
2019-11-23,26.0,22.0,23.8,2.5,13.7,38.2,25.35,Taolagnaro,-25.032,46.99,20.0
2019-11-24,26.6,21.0,24.0,0.0,23.6,61.2,30.43,Taolagnaro,-25.032,46.99,20.0
2019-11-25,27.6,21.4,24.6,0.0,27.5,69.5,30.48,Taolagnaro,-25.032,46.99,20.0
2019-11-26,29.3,20.4,24.8,0.0,19.0,48.2,30.69,Taolagnaro,-25.032,46.99,20.0
2019-11-27,27.4,20.1,24.2,2.0,14.9,40.7,24.76,Taolagnaro,-25.032,46.99,20.0
2019-11-28,26.0,19.7,23.2,0.7,14.3,37.4,17.81,Taolagnaro,-25.032,46.99,20.0
2019-11-29,26.7,18.2,23.2,0.0,13.8,34.6,30.25,Taolagnaro,-25.032,46.99,20.0
2019-11-30,26.6,22.9,24.7,0.0,28.0,70.6,18.83,Taolagnaro,-25.032,46.99,20.0
2019-12-01,28.8,24.0,25.7,0.0,32.7,80.6,29.21,Taolagnaro,-25.032,46.99,20.0
2019-12-02,29.0,23.6,25.9,0.0,32.5,81.0,30.99,Taolagnaro,-25.032,46.99,20.0
2019-12-03,28.7,23.8,26.0,0.0,32.5,81.7,30.94,Taolagnaro,-25.032,46.99,20.0
2019-12-04,30.9,23.8,26.5,0.0,26.1,70.6,30.26,Taolagnaro,-25.032,46.99,20.0
2019-12-05,24.2,21.8,23.2,6.9,22.3,55.4,12.1,Taolagnaro,-25.032,46.99,20.0
2019-12-06,24.6,21.5,23.0,0.6,17.1,42.8,13.59,Taolagnaro,-25.032,46.99,20.0
2019-12-07,27.9,21.9,24.7,1.8,15.6,42.1,18.33,Taolagnaro,-25.032,46.99,20.0
2019-12-08,27.9,21.2,24.5,0.4,10.0,29.9,25.79,Taolagnaro,-25.032,46.99,20.0
2019-12-09,26.5,22.7,24.6,10.2,18.8,46.1,17.82,Taolagnaro,-25.032,46.99,20.0
2019-12-10,24.7,22.4,23.4,12.6,23.3,55.4,8.52,Taolagnaro,-25.032,46.99,20.0
2019-12-11,26.1,22.4,24.2,16.7,24.1,59.4,8.69,Taolagnaro,-25.032,46.99,20.0
2019-12-12,29.5,23.3,25.6,14.4,13.0,36.0,24.18,Taolagnaro,-25.032,46.99,20.0
2019-12-13,25.6,21.6,23.8,25.2,12.7,36.7,6.44,Taolagnaro,-25.032,46.99,20.0
2019-12-14,28.0,21.5,25.0,3.3,13.2,37.1,22.99,Taolagnaro,-25.032,46.99,20.0
2019-12-15,28.9,21.4,25.3,2.5,19.0,50.8,24.57,Taolagnaro,-25.032,46.99,20.0
2019-12-16,29.0,22.4,25.4,4.7,21.0,56.5,24.58,Taolagnaro,-25.032,46.99,20.0
2019-12-17,24.4,22.1,23.3,10.3,25.6,64.4,13.83,Taolagnaro,-25.032,46.99,20.0
2019-12-18,26.2,22.0,24.2,0.6,23.4,59.8,26.86,Taolagnaro,-25.032,46.99,20.0
2019-12-19,28.5,22.9,25.8,0.1,29.8,73.8,29.79,Taolagnaro,-25.032,46.99,20.0
2019-12-20,29.9,24.5,26.7,0.0,25.1,63.0,31.7,Taolagnaro,-25.032,46.99,20.0
2019-12-21,27.7,24.5,25.8,3.0,27.4,68.8,26.47,Taolagnaro,-25.032,46.99,20.0
2019-12-22,28.4,24.4,26.2,1.2,31.0,76.7,27.03,Taolagnaro,-25.032,46.99,20.0
2019-12-23,27.7,24.1,25.8,0.5,26.9,69.1,27.41,Taolagnaro,-25.032,46.99,20.0
2019-12-24,28.0,23.6,25.5,1.5,31.0,77.0,24.4,Taolagnaro,-25.032,46.99,20.0
2019-12-25,29.8,24.4,26.6,0.0,33.4,83.5,29.22,Taolagnaro,-25.032,46.99,20.0
2019-12-26,29.0,24.6,26.6,0.0,31.6,80.3,28.53,Taolagnaro,-25.032,46.99,20.0
2019-12-27,29.5,23.9,26.9,0.0,32.4,80.6,31.27,Taolagnaro,-25.032,46.99,20.0
2019-12-28,30.4,24.0,27.1,0.0,24.7,62.3,31.12,Taolagnaro,-25.032,46.99,20.0
2019-12-29,29.5,24.7,26.8,0.2,29.2,72.7,28.84,Taolagnaro,-25.032,46.99,20.0
2019-12-30,28.5,24.9,26.3,0.0,26.8,68.4,30.41,Taolagnaro,-25.032,46.99,20.0
2019-12-31,28.6,23.4,26.0,0.0,23.4,61.6,31.13,Taolagnaro,-25.032,46.99,20.0
2020-01-01,27.8,21.9,25.5,0.8,19.0,49.3,25.67,Taolagnaro,-25.032,46.99,20.0
2020-01-02,28.0,22.8,25.0,17.3,18.8,48.6,23.42,Taolagnaro,-25.032,46.99,20.0
2020-01-03,28.4,22.6,25.3,10.7,18.7,48.6,24.91,Taolagnaro,-25.032,46.99,20.0
2020-01-04,27.5,23.4,25.1,2.8,16.2,41.8,24.63,Taolagnaro,-25.032,46.99,20.0
2020-01-05,27.5,23.1,25.3,8.1,19.8,51.1,24.26,Taolagnaro,-25.032,46.99,20.0
2020-01-06,28.6,23.4,25.9,1.1,22.7,56.9,26.29,Taolagnaro,-25.032,46.99,20.0
2020-01-07,28.4,23.6,26.2,0.4,20.6,53.3,27.68,Taolagnaro,-25.032,46.99,20.0
2020-01-08,28.9,23.7,26.2,0.4,22.3,56.9,30.35,Taolagnaro,-25.032,46.99,20.0
2020-01-09,27.9,24.1,26.0,0.7,26.9,68.4,26.1,Taolagnaro,-25.032,46.99,20.0
2020-01-10,29.3,25.1,26.9,0.0,29.2,73.8,29.88,Taolagnaro,-25.032,46.99,20.0
2020-01-11,28.7,24.5,26.2,0.3,28.5,72.7,26.51,Taolagnaro,-25.032,46.99,20.0
2020-01-12,27.6,23.8,25.2,1.7,29.7,73.4,24.75,Taolagnaro,-25.032,46.99,20.0
2020-01-13,28.6,23.9,26.2,0.1,27.0,68.0,28.59,Taolagnaro,-25.032,46.99,20.0
2020-01-14,28.6,23.6,26.0,0.7,24.0,61.6,27.63,Taolagnaro,-25.032,46.99,20.0
2020-01-15,29.3,24.0,26.6,0.0,24.8,64.1,26.94,Taolagnaro,-25.032,46.99,20.0
2020-01-16,27.8,23.6,25.7,6.7,18.7,50.0,7.78,Taolagnaro,-25.032,46.99,20.0
2020-01-17,28.4,23.8,25.5,0.9,16.9,44.6,26.87,Taolagnaro,-25.032,46.99,20.0
2020-01-18,29.0,22.0,25.9,0.2,11.2,36.7,27.24,Taolagnaro,-25.032,46.99,20.0
2020-01-19,28.9,23.3,26.2,0.4,12.2,34.2,26.08,Taolagnaro,-25.032,46.99,20.0
2020-01-20,27.2,23.1,25.1,7.7,27.9,69.8,19.27,Taolagnaro,-25.032,46.99,20.0
2020-01-21,25.6,20.6,23.5,4.6,15.9,41.0,15.65,Taolagnaro,-25.032,46.99,20.0
2020-01-22,24.9,19.9,23.0,6.6,19.6,49.3,12.2,Taolagnaro,-25.032,46.99,20.0
2020-01-23,25.6,22.2,24.0,3.8,18.2,47.5,16.05,Taolagnaro,-25.032,46.99,20.0
2020-01-24,26.4,22.5,24.1,3.4,17.6,47.2,20.6,Taolagnaro,-25.032,46.99,20.0
2020-01-25,26.3,22.1,24.1,4.4,23.8,60.8,23.6,Taolagnaro,-25.032,46.99,20.0
2020-01-26,28.4,22.3,25.3,0.1,28.4,71.6,29.99,Taolagnaro,-25.032,46.99,20.0
2020-01-27,28.2,23.1,25.6,0.0,27.7,69.8,28.92,Taolagnaro,-25.032,46.99,20.0
2020-01-28,29.1,21.9,25.7,0.0,16.6,43.2,27.05,Taolagnaro,-25.032,46.99,20.0
2020-01-29,26.9,21.9,24.2,9.1,15.3,40.3,19.48,Taolagnaro,-25.032,46.99,20.0
2020-01-30,26.8,23.6,24.7,1.9,15.7,42.5,15.77,Taolagnaro,-25.032,46.99,20.0
2020-01-31,26.5,22.0,24.6,12.0,22.1,52.2,14.68,Taolagnaro,-25.032,46.99,20.0
2020-02-01,27.3,24.1,25.5,12.4,26.9,67.0,16.69,Taolagnaro,-25.032,46.99,20.0
2020-02-02,28.0,23.7,25.6,2.2,26.3,66.2,24.6,Taolagnaro,-25.032,46.99,20.0
2020-02-03,27.5,23.6,25.6,3.3,28.7,70.9,22.51,Taolagnaro,-25.032,46.99,20.0
2020-02-04,28.0,23.4,25.9,0.8,26.5,67.7,27.8,Taolagnaro,-25.032,46.99,20.0
2020-02-05,28.4,23.9,25.8,0.2,28.4,71.6,28.47,Taolagnaro,-25.032,46.99,20.0
2020-02-06,28.4,24.0,26.0,0.5,28.9,71.3,27.35,Taolagnaro,-25.032,46.99,20.0
2020-02-07,29.3,23.5,26.3,0.0,26.3,67.0,28.29,Taolagnaro,-25.032,46.99,20.0
2020-02-08,29.1,23.4,26.3,0.2,30.5,75.6,29.22,Taolagnaro,-25.032,46.99,20.0
2020-02-09,28.7,24.4,26.2,0.1,31.6,78.8,26.36,Taolagnaro,-25.032,46.99,20.0
2020-02-10,28.2,23.1,25.6,0.0,25.5,65.5,29.28,Taolagnaro,-25.032,46.99,20.0
2020-02-11,29.1,22.3,25.5,0.0,28.0,70.9,29.87,Taolagnaro,-25.032,46.99,20.0
2020-02-12,28.4,23.2,25.9,0.5,25.5,65.9,27.32,Taolagnaro,-25.032,46.99,20.0
2020-02-13,29.7,24.3,26.6,1.0,26.4,67.7,27.15,Taolagnaro,-25.032,46.99,20.0
2020-02-14,29.8,24.4,26.9,0.0,28.1,70.6,27.63,Taolagnaro,-25.032,46.99,20.0
2020-02-15,30.0,24.5,27.0,0.0,25.2,63.7,27.44,Taolagnaro,-25.032,46.99,20.0
2020-02-16,28.8,23.9,26.5,0.3,29.9,78.8,25.7,Taolagnaro,-25.032,46.99,20.0
2020-02-17,29.3,24.5,26.6,0.7,28.7,73.4,21.43,Taolagnaro,-25.032,46.99,20.0
2020-02-18,29.5,24.7,26.7,0.0,29.4,74.5,25.91,Taolagnaro,-25.032,46.99,20.0
2020-02-19,28.4,24.5,26.1,0.4,25.6,65.5,24.08,Taolagnaro,-25.032,46.99,20.0
2020-02-20,28.2,23.8,25.6,0.4,28.0,70.2,23.64,Taolagnaro,-25.032,46.99,20.0
2020-02-21,28.5,23.8,25.8,0.5,27.8,70.2,22.01,Taolagnaro,-25.032,46.99,20.0
2020-02-22,29.1,24.4,26.1,0.4,30.9,77.8,24.47,Taolagnaro,-25.032,46.99,20.0
2020-02-23,30.0,24.0,26.5,0.4,27.9,70.6,24.64,Taolagnaro,-25.032,46.99,20.0
2020-02-24,28.1,22.4,24.5,17.8,21.0,52.2,14.1,Taolagnaro,-25.032,46.99,20.0
2020-02-25,25.3,21.4,23.6,2.8,19.4,54.0,18.9,Taolagnaro,-25.032,46.99,20.0
2020-02-26,27.0,19.0,23.5,0.0,15.0,38.9,28.13,Taolagnaro,-25.032,46.99,20.0
2020-02-27,28.3,21.0,24.6,0.0,24.7,63.0,28.31,Taolagnaro,-25.032,46.99,20.0
2020-02-28,29.1,22.6,25.4,0.0,22.1,56.2,27.79,Taolagnaro,-25.032,46.99,20.0
2020-02-29,27.5,20.4,24.4,2.5,14.4,40.0,25.5,Taolagnaro,-25.032,46.99,20.0
2020-03-01,24.5,21.6,22.4,39.4,20.9,53.6,10.32,Taolagnaro,-25.032,46.99,20.0
2020-03-02,25.7,20.8,23.4,6.6,18.2,46.4,17.0,Taolagnaro,-25.032,46.99,20.0
2020-03-03,26.8,21.0,24.0,2.2,16.5,43.2,20.02,Taolagnaro,-25.032,46.99,20.0
2020-03-04,25.2,21.7,23.8,9.0,22.7,53.6,16.65,Taolagnaro,-25.032,46.99,20.0
2020-03-05,25.8,23.2,24.4,3.8,24.6,63.0,20.47,Taolagnaro,-25.032,46.99,20.0
2020-03-06,25.3,22.1,23.7,16.0,26.0,61.9,8.09,Taolagnaro,-25.032,46.99,20.0
2020-03-07,26.3,23.6,24.6,3.2,26.1,60.8,15.2,Taolagnaro,-25.032,46.99,20.0
2020-03-08,26.5,23.4,24.6,4.6,29.1,71.3,19.95,Taolagnaro,-25.032,46.99,20.0
2020-03-09,25.6,22.3,23.8,12.4,27.9,71.6,17.8,Taolagnaro,-25.032,46.99,20.0
2020-03-10,27.4,22.3,24.9,2.9,29.0,73.1,21.08,Taolagnaro,-25.032,46.99,20.0
2020-03-11,26.9,23.0,24.9,1.2,24.3,60.8,21.72,Taolagnaro,-25.032,46.99,20.0
2020-03-12,27.3,23.0,25.3,0.5,25.5,63.7,23.43,Taolagnaro,-25.032,46.99,20.0
2020-03-13,27.4,23.8,25.2,1.3,24.8,63.0,22.91,Taolagnaro,-25.032,46.99,20.0
2020-03-14,25.8,23.4,24.4,4.5,23.4,59.4,16.26,Taolagnaro,-25.032,46.99,20.0
2020-03-15,26.3,23.4,24.5,2.9,22.6,55.8,10.67,Taolagnaro,-25.032,46.99,20.0
2020-03-16,26.7,22.7,24.6,3.4,23.4,59.4,18.02,Taolagnaro,-25.032,46.99,20.0
2020-03-17,26.4,21.9,23.9,9.6,13.1,38.5,15.71,Taolagnaro,-25.032,46.99,20.0
2020-03-18,24.7,19.7,22.6,1.9,17.9,46.4,17.12,Taolagnaro,-25.032,46.99,20.0
2020-03-19,25.3,18.4,22.3,0.0,13.3,38.9,24.89,Taolagnaro,-25.032,46.99,20.0
2020-03-20,25.8,20.2,23.6,0.0,18.6,48.2,15.03,Taolagnaro,-25.032,46.99,20.0
2020-03-21,26.9,22.8,24.7,0.9,28.1,69.1,17.33,Taolagnaro,-25.032,46.99,20.0
2020-03-22,26.6,22.9,24.9,1.7,27.7,69.5,17.62,Taolagnaro,-25.032,46.99,20.0
2020-03-23,27.1,22.8,25.1,0.0,27.1,68.0,21.17,Taolagnaro,-25.032,46.99,20.0
2020-03-24,27.3,23.2,25.1,0.0,28.2,70.2,21.71,Taolagnaro,-25.032,46.99,20.0
2020-03-25,26.5,22.8,24.7,0.5,25.6,64.8,14.41,Taolagnaro,-25.032,46.99,20.0
2020-03-26,29.4,23.1,25.5,2.5,29.2,72.0,20.12,Taolagnaro,-25.032,46.99,20.0
2020-03-27,29.1,21.6,25.0,0.9,16.3,40.3,19.95,Taolagnaro,-25.032,46.99,20.0
2020-03-28,28.3,22.6,25.2,15.6,23.8,60.1,18.53,Taolagnaro,-25.032,46.99,20.0
2020-03-29,27.8,20.6,24.0,5.3,17.8,44.6,19.78,Taolagnaro,-25.032,46.99,20.0
2020-03-30,27.9,20.5,23.7,1.5,24.9,61.9,19.9,Taolagnaro,-25.032,46.99,20.0
2020-03-31,25.6,22.2,23.7,3.3,15.6,41.4,18.23,Taolagnaro,-25.032,46.99,20.0
2020-04-01,25.5,21.2,23.4,7.9,16.6,42.8,16.19,Taolagnaro,-25.032,46.99,20.0
2020-04-02,24.0,21.3,22.7,19.3,18.5,45.0,6.56,Taolagnaro,-25.032,46.99,20.0
2020-04-03,25.4,21.4,22.9,3.2,18.4,44.6,18.85,Taolagnaro,-25.032,46.99,20.0
2020-04-04,24.0,21.1,22.4,7.0,21.3,54.7,13.86,Taolagnaro,-25.032,46.99,20.0
2020-04-05,26.5,21.8,24.0,0.4,24.5,62.3,17.34,Taolagnaro,-25.032,46.99,20.0
2020-04-06,28.2,21.9,24.7,0.0,21.7,53.6,16.34,Taolagnaro,-25.032,46.99,20.0
2020-04-07,28.0,21.7,24.9,0.0,25.4,63.0,19.05,Taolagnaro,-25.032,46.99,20.0
2020-04-08,28.4,21.4,24.4,0.4,10.5,39.6,19.53,Taolagnaro,-25.032,46.99,20.0
2020-04-09,24.7,21.1,22.6,9.6,21.3,50.0,13.68,Taolagnaro,-25.032,46.99,20.0
2020-04-10,23.6,21.0,22.4,14.7,25.7,63.4,4.93,Taolagnaro,-25.032,46.99,20.0
2020-04-11,25.1,22.4,23.3,6.4,29.2,71.6,14.4,Taolagnaro,-25.032,46.99,20.0
2020-04-12,27.4,22.4,24.6,0.0,26.9,67.3,16.98,Taolagnaro,-25.032,46.99,20.0
2020-04-13,28.3,22.5,25.1,0.0,25.7,63.7,20.56,Taolagnaro,-25.032,46.99,20.0
2020-04-14,28.4,22.9,25.3,0.0,28.4,70.2,20.48,Taolagnaro,-25.032,46.99,20.0
2020-04-15,28.3,23.0,25.3,0.0,28.2,70.6,20.2,Taolagnaro,-25.032,46.99,20.0
2020-04-16,27.7,23.5,25.3,0.0,32.1,78.5,19.14,Taolagnaro,-25.032,46.99,20.0
2020-04-17,27.4,22.4,24.6,0.0,28.9,71.6,20.43,Taolagnaro,-25.032,46.99,20.0
2020-04-18,27.6,21.7,24.3,0.0,26.4,66.2,20.63,Taolagnaro,-25.032,46.99,20.0
2020-04-19,26.2,22.2,23.7,1.8,23.1,59.0,16.69,Taolagnaro,-25.032,46.99,20.0
2020-04-20,25.7,21.4,23.2,7.8,27.2,68.4,16.87,Taolagnaro,-25.032,46.99,20.0
2020-04-21,25.0,21.6,22.8,5.1,26.1,65.5,16.2,Taolagnaro,-25.032,46.99,20.0
2020-04-22,23.9,20.6,22.1,8.9,19.4,49.7,8.32,Taolagnaro,-25.032,46.99,20.0
2020-04-23,24.3,20.2,21.9,2.5,16.4,42.8,11.54,Taolagnaro,-25.032,46.99,20.0
2020-04-24,25.8,20.3,22.7,2.3,17.7,46.4,17.5,Taolagnaro,-25.032,46.99,20.0
2020-04-25,27.3,19.7,23.3,0.0,20.4,51.5,18.82,Taolagnaro,-25.032,46.99,20.0
2020-04-26,27.0,19.8,22.7,2.0,30.6,75.6,18.36,Taolagnaro,-25.032,46.99,20.0
2020-04-27,22.2,20.8,21.5,1.7,18.3,44.6,7.7,Taolagnaro,-25.032,46.99,20.0
2020-04-28,24.8,19.1,22.3,0.0,29.5,74.9,17.35,Taolagnaro,-25.032,46.99,20.0
2020-04-29,26.7,21.9,23.8,0.1,31.7,79.2,17.77,Taolagnaro,-25.032,46.99,20.0
2020-04-30,27.1,22.9,24.4,0.0,30.4,74.9,16.56,Taolagnaro,-25.032,46.99,20.0
2020-05-01,27.6,20.9,24.0,0.2,23.1,57.2,16.3,Taolagnaro,-25.032,46.99,20.0
2020-05-02,26.0,18.8,21.8,0.2,18.7,47.5,16.16,Taolagnaro,-25.032,46.99,20.0
2020-05-03,24.5,17.1,20.8,0.4,10.2,29.5,16.83,Taolagnaro,-25.032,46.99,20.0
2020-05-04,24.5,19.1,21.7,2.5,9.9,28.1,13.99,Taolagnaro,-25.032,46.99,20.0
2020-05-05,24.5,18.6,21.8,2.6,11.4,31.3,13.98,Taolagnaro,-25.032,46.99,20.0
2020-05-06,24.6,19.1,22.0,0.8,15.3,40.0,13.56,Taolagnaro,-25.032,46.99,20.0
2020-05-07,25.7,17.9,21.5,0.6,24.0,59.4,16.18,Taolagnaro,-25.032,46.99,20.0
2020-05-08,22.4,19.3,20.6,5.9,13.9,34.9,11.13,Taolagnaro,-25.032,46.99,20.0
2020-05-09,23.7,19.1,21.3,16.0,17.3,44.6,9.99,Taolagnaro,-25.032,46.99,20.0
2020-05-10,23.7,18.8,21.3,4.2,17.5,45.0,14.18,Taolagnaro,-25.032,46.99,20.0
2020-05-11,24.0,18.0,21.2,0.0,23.5,60.1,15.7,Taolagnaro,-25.032,46.99,20.0
2020-05-12,26.3,19.0,21.9,2.5,19.5,50.4,15.47,Taolagnaro,-25.032,46.99,20.0
2020-05-13,24.6,19.6,21.6,1.9,22.9,56.2,12.54,Taolagnaro,-25.032,46.99,20.0
2020-05-14,25.5,17.6,21.3,0.2,21.8,54.7,16.49,Taolagnaro,-25.032,46.99,20.0
2020-05-15,24.4,17.6,20.4,0.2,19.5,49.7,15.25,Taolagnaro,-25.032,46.99,20.0
2020-05-16,24.2,15.9,19.8,0.0,21.8,55.1,16.37,Taolagnaro,-25.032,46.99,20.0
2020-05-17,22.5,16.5,19.5,0.9,22.5,57.6,13.47,Taolagnaro,-25.032,46.99,20.0
2020-05-18,22.7,15.5,19.4,0.2,11.6,31.3,12.52,Taolagnaro,-25.032,46.99,20.0
2020-05-19,22.9,17.3,20.4,0.3,18.8,48.2,12.39,Taolagnaro,-25.032,46.99,20.0
2020-05-20,22.9,18.9,21.0,0.2,18.9,48.6,10.88,Taolagnaro,-25.032,46.99,20.0
2020-05-21,22.6,18.9,20.2,16.3,27.4,69.8,12.0,Taolagnaro,-25.032,46.99,20.0
2020-05-22,21.6,19.1,20.2,21.1,27.7,65.9,8.76,Taolagnaro,-25.032,46.99,20.0
2020-05-23,22.7,20.0,21.1,2.1,23.7,59.4,8.09,Taolagnaro,-25.032,46.99,20.0
2020-05-24,24.5,20.2,22.1,0.0,23.1,58.3,14.03,Taolagnaro,-25.032,46.99,20.0
2020-05-25,23.2,20.4,21.6,1.1,27.1,68.0,10.05,Taolagnaro,-25.032,46.99,20.0
2020-05-26,26.4,19.2,22.5,0.2,25.0,62.6,14.5,Taolagnaro,-25.032,46.99,20.0
2020-05-27,26.9,17.0,21.8,0.0,17.7,40.3,14.7,Taolagnaro,-25.032,46.99,20.0
2020-05-28,24.6,18.8,21.2,0.0,15.3,36.0,13.29,Taolagnaro,-25.032,46.99,20.0
2020-05-29,27.0,17.4,21.7,0.0,15.1,39.2,14.98,Taolagnaro,-25.032,46.99,20.0
2020-05-30,23.6,15.9,20.2,0.0,18.1,47.9,15.13,Taolagnaro,-25.032,46.99,20.0
2020-05-31,22.4,15.5,19.2,3.4,13.7,37.4,11.01,Taolagnaro,-25.032,46.99,20.0
2020-06-01,22.4,18.0,20.5,3.2,13.4,34.6,7.4,Taolagnaro,-25.032,46.99,20.0
2020-06-02,23.3,16.8,20.4,0.0,19.5,47.2,12.94,Taolagnaro,-25.032,46.99,20.0
2020-06-03,21.7,19.6,20.8,2.3,26.4,65.2,9.14,Taolagnaro,-25.032,46.99,20.0
2020-06-04,23.7,19.2,21.1,0.0,25.5,64.1,13.46,Taolagnaro,-25.032,46.99,20.0
2020-06-05,24.3,18.2,21.1,0.4,24.9,61.6,14.55,Taolagnaro,-25.032,46.99,20.0
2020-06-06,22.2,19.4,20.7,4.4,22.2,53.3,6.51,Taolagnaro,-25.032,46.99,20.0
2020-06-07,21.9,18.4,20.1,7.8,28.3,65.9,4.84,Taolagnaro,-25.032,46.99,20.0
2020-06-08,23.1,19.1,20.9,0.0,29.2,72.7,14.83,Taolagnaro,-25.032,46.99,20.0
2020-06-09,21.9,17.7,19.8,2.4,24.8,61.6,11.25,Taolagnaro,-25.032,46.99,20.0
2020-06-10,23.1,18.3,20.5,1.2,25.9,64.4,12.61,Taolagnaro,-25.032,46.99,20.0
2020-06-11,22.2,19.3,20.4,5.1,28.8,72.4,11.2,Taolagnaro,-25.032,46.99,20.0
2020-06-12,24.6,17.1,20.6,0.0,19.7,50.4,15.04,Taolagnaro,-25.032,46.99,20.0
2020-06-13,22.9,15.0,18.5,4.9,19.1,50.4,10.97,Taolagnaro,-25.032,46.99,20.0
2020-06-14,22.0,17.0,19.4,0.9,11.9,30.6,14.58,Taolagnaro,-25.032,46.99,20.0
2020-06-15,21.4,15.1,18.8,1.0,17.7,45.4,10.93,Taolagnaro,-25.032,46.99,20.0
2020-06-16,21.2,17.6,19.2,8.1,16.2,43.6,9.59,Taolagnaro,-25.032,46.99,20.0
2020-06-17,22.0,18.4,19.9,1.7,17.3,44.6,11.43,Taolagnaro,-25.032,46.99,20.0
2020-06-18,21.8,16.9,19.6,6.1,18.8,49.0,7.67,Taolagnaro,-25.032,46.99,20.0
2020-06-19,22.6,18.8,20.1,2.4,24.0,60.8,11.39,Taolagnaro,-25.032,46.99,20.0
2020-06-20,21.2,17.5,19.4,10.8,25.2,62.3,8.14,Taolagnaro,-25.032,46.99,20.0
2020-06-21,23.6,17.9,20.5,3.3,24.0,60.8,12.14,Taolagnaro,-25.032,46.99,20.0
2020-06-22,23.9,17.8,20.6,0.4,19.0,48.6,11.53,Taolagnaro,-25.032,46.99,20.0
2020-06-23,21.9,17.0,19.7,2.1,14.9,37.8,10.3,Taolagnaro,-25.032,46.99,20.0
2020-06-24,22.2,17.4,19.5,3.3,18.3,47.2,12.1,Taolagnaro,-25.032,46.99,20.0
2020-06-25,21.7,18.3,19.8,10.7,24.0,59.8,10.93,Taolagnaro,-25.032,46.99,20.0
2020-06-26,21.6,18.7,20.2,4.4,31.9,78.8,9.91,Taolagnaro,-25.032,46.99,20.0
2020-06-27,25.5,18.6,21.6,0.0,24.3,60.5,14.49,Taolagnaro,-25.032,46.99,20.0
2020-06-28,24.2,16.7,20.5,0.0,9.8,23.8,14.16,Taolagnaro,-25.032,46.99,20.0
2020-06-29,23.8,14.8,19.2,0.0,7.9,23.4,14.62,Taolagnaro,-25.032,46.99,20.0
2020-06-30,22.2,15.4,18.6,0.4,21.9,55.4,13.06,Taolagnaro,-25.032,46.99,20.0
2020-07-01,21.3,17.1,19.4,3.2,16.9,42.1,7.97,Taolagnaro,-25.032,46.99,20.0
2020-07-02,20.4,17.9,19.3,0.6,18.5,47.2,9.89,Taolagnaro,-25.032,46.99,20.0
2020-07-03,23.6,15.8,19.3,0.0,16.7,43.6,15.27,Taolagnaro,-25.032,46.99,20.0
2020-07-04,23.1,13.6,17.9,0.0,7.8,23.4,15.18,Taolagnaro,-25.032,46.99,20.0
2020-07-05,23.7,16.3,19.4,0.0,20.3,51.8,15.24,Taolagnaro,-25.032,46.99,20.0
2020-07-06,23.6,13.7,18.3,0.0,12.4,32.4,15.44,Taolagnaro,-25.032,46.99,20.0
2020-07-07,24.2,14.4,19.4,0.0,21.3,54.7,15.34,Taolagnaro,-25.032,46.99,20.0
2020-07-08,23.5,16.3,20.2,0.8,19.1,45.7,14.59,Taolagnaro,-25.032,46.99,20.0
2020-07-09,20.9,19.2,19.9,5.1,31.3,76.7,9.04,Taolagnaro,-25.032,46.99,20.0
2020-07-10,22.8,18.6,20.3,0.4,30.3,76.0,14.49,Taolagnaro,-25.032,46.99,20.0
2020-07-11,22.7,19.4,20.8,0.7,31.6,79.2,12.67,Taolagnaro,-25.032,46.99,20.0
2020-07-12,25.7,18.7,21.3,0.0,22.2,55.1,15.36,Taolagnaro,-25.032,46.99,20.0
2020-07-13,22.9,16.0,18.9,2.8,7.9,29.9,11.92,Taolagnaro,-25.032,46.99,20.0
2020-07-14,22.8,15.0,19.0,0.0,14.7,38.2,14.78,Taolagnaro,-25.032,46.99,20.0
2020-07-15,24.7,14.2,19.9,0.8,20.2,53.6,15.32,Taolagnaro,-25.032,46.99,20.0
2020-07-16,20.8,18.1,19.3,1.9,22.2,56.9,12.76,Taolagnaro,-25.032,46.99,20.0
2020-07-17,21.6,18.8,19.8,1.2,18.0,44.3,12.43,Taolagnaro,-25.032,46.99,20.0
2020-07-18,21.4,16.0,19.3,2.3,13.2,34.9,11.05,Taolagnaro,-25.032,46.99,20.0
2020-07-19,22.7,16.7,19.7,0.0,17.6,45.4,15.72,Taolagnaro,-25.032,46.99,20.0
2020-07-20,21.6,18.5,20.0,0.0,19.6,50.8,14.0,Taolagnaro,-25.032,46.99,20.0
2020-07-21,22.2,15.2,19.5,0.0,19.7,48.2,14.12,Taolagnaro,-25.032,46.99,20.0
2020-07-22,21.5,16.2,19.0,3.7,17.1,43.9,10.33,Taolagnaro,-25.032,46.99,20.0
2020-07-23,19.9,15.8,18.3,10.4,24.9,58.0,4.65,Taolagnaro,-25.032,46.99,20.0
2020-07-24,20.1,17.8,18.7,3.6,23.1,59.4,9.84,Taolagnaro,-25.032,46.99,20.0
2020-07-25,20.0,17.0,18.5,2.4,24.1,59.0,7.58,Taolagnaro,-25.032,46.99,20.0
2020-07-26,22.3,15.4,19.4,0.0,25.8,68.0,16.46,Taolagnaro,-25.032,46.99,20.0
2020-07-27,22.2,11.4,17.0,0.8,12.2,33.8,17.14,Taolagnaro,-25.032,46.99,20.0
2020-07-28,20.7,14.7,17.7,2.0,15.5,40.0,10.43,Taolagnaro,-25.032,46.99,20.0
2020-07-29,24.4,16.5,20.0,0.0,23.2,57.6,16.17,Taolagnaro,-25.032,46.99,20.0
2020-07-30,23.4,16.0,19.5,0.5,13.0,33.1,14.95,Taolagnaro,-25.032,46.99,20.0
2020-07-31,22.8,17.9,19.8,1.5,21.2,52.9,16.93,Taolagnaro,-25.032,46.99,20.0
2020-08-01,21.5,17.8,19.7,0.0,12.4,32.0,9.46,Taolagnaro,-25.032,46.99,20.0
2020-08-02,22.1,16.5,19.8,0.0,18.9,48.6,14.58,Taolagnaro,-25.032,46.99,20.0
2020-08-03,22.5,19.8,20.8,0.3,27.7,69.8,14.17,Taolagnaro,-25.032,46.99,20.0
2020-08-04,22.6,17.6,20.2,0.0,30.8,76.3,16.48,Taolagnaro,-25.032,46.99,20.0
2020-08-05,23.3,14.5,18.9,0.0,20.2,51.1,17.74,Taolagnaro,-25.032,46.99,20.0
2020-08-06,24.5,13.6,19.4,0.0,24.8,63.4,17.49,Taolagnaro,-25.032,46.99,20.0
2020-08-07,24.9,15.7,19.7,4.3,24.2,62.6,15.01,Taolagnaro,-25.032,46.99,20.0
2020-08-08,20.5,16.5,18.7,6.0,24.5,59.4,15.44,Taolagnaro,-25.032,46.99,20.0
2020-08-09,21.9,16.8,19.0,0.0,25.7,64.8,16.58,Taolagnaro,-25.032,46.99,20.0
2020-08-10,24.6,12.5,18.6,0.0,18.8,47.5,18.69,Taolagnaro,-25.032,46.99,20.0
2020-08-11,24.2,15.7,19.1,0.0,20.9,52.9,17.94,Taolagnaro,-25.032,46.99,20.0
2020-08-12,22.8,16.1,19.7,0.0,22.1,56.9,16.97,Taolagnaro,-25.032,46.99,20.0
2020-08-13,25.4,14.2,20.0,0.0,15.6,43.2,19.05,Taolagnaro,-25.032,46.99,20.0
2020-08-14,23.0,15.9,19.3,2.5,22.0,56.5,13.99,Taolagnaro,-25.032,46.99,20.0
2020-08-15,23.1,17.5,19.9,1.5,26.9,67.0,15.95,Taolagnaro,-25.032,46.99,20.0
2020-08-16,26.0,14.6,20.3,0.0,22.6,56.2,19.26,Taolagnaro,-25.032,46.99,20.0
2020-08-17,25.7,14.4,19.7,0.0,16.3,42.5,18.76,Taolagnaro,-25.032,46.99,20.0
2020-08-18,24.7,18.0,21.1,0.0,31.7,79.6,19.19,Taolagnaro,-25.032,46.99,20.0
2020-08-19,26.9,16.7,21.3,0.0,26.5,66.2,19.05,Taolagnaro,-25.032,46.99,20.0
2020-08-20,23.8,15.5,20.1,3.5,18.8,47.2,16.28,Taolagnaro,-25.032,46.99,20.0
2020-08-21,23.0,18.2,20.0,14.7,21.7,52.6,13.55,Taolagnaro,-25.032,46.99,20.0
2020-08-22,20.7,17.3,19.2,5.3,13.6,34.6,7.43,Taolagnaro,-25.032,46.99,20.0
2020-08-23,23.7,18.9,21.0,0.9,27.3,68.0,17.56,Taolagnaro,-25.032,46.99,20.0
2020-08-24,26.9,17.0,21.6,0.0,21.2,53.6,19.01,Taolagnaro,-25.032,46.99,20.0
2020-08-25,26.0,15.1,21.0,0.0,19.7,48.6,20.14,Taolagnaro,-25.032,46.99,20.0
2020-08-26,26.0,19.1,22.0,0.0,28.8,70.2,20.34,Taolagnaro,-25.032,46.99,20.0
2020-08-27,26.6,18.0,22.0,0.0,18.7,46.1,20.19,Taolagnaro,-25.032,46.99,20.0
2020-08-28,26.1,20.3,22.8,0.0,30.0,74.2,19.97,Taolagnaro,-25.032,46.99,20.0
2020-08-29,25.8,21.0,22.8,0.0,29.5,73.8,18.98,Taolagnaro,-25.032,46.99,20.0
2020-08-30,25.4,20.6,22.6,0.0,34.8,85.7,20.97,Taolagnaro,-25.032,46.99,20.0
2020-08-31,26.1,18.8,22.1,0.0,28.4,70.2,21.14,Taolagnaro,-25.032,46.99,20.0
2020-09-01,25.7,17.2,21.4,0.1,24.3,61.2,21.08,Taolagnaro,-25.032,46.99,20.0
2020-09-02,20.6,18.3,19.1,7.2,24.5,56.2,6.26,Taolagnaro,-25.032,46.99,20.0
2020-09-03,20.7,17.8,19.2,1.4,19.7,51.1,16.32,Taolagnaro,-25.032,46.99,20.0
2020-09-04,21.5,18.2,19.4,1.9,23.7,60.1,13.5,Taolagnaro,-25.032,46.99,20.0
2020-09-05,20.4,18.0,19.0,2.9,25.7,64.4,12.84,Taolagnaro,-25.032,46.99,20.0
2020-09-06,21.9,17.8,19.9,1.3,19.6,50.4,17.79,Taolagnaro,-25.032,46.99,20.0
2020-09-07,21.4,17.4,19.2,6.0,18.5,46.8,15.8,Taolagnaro,-25.032,46.99,20.0
2020-09-08,23.0,18.2,20.2,5.0,21.9,54.7,18.26,Taolagnaro,-25.032,46.99,20.0
2020-09-09,23.4,19.2,20.9,27.1,27.5,68.8,11.46,Taolagnaro,-25.032,46.99,20.0
2020-09-10,24.3,20.5,22.1,0.3,32.4,81.0,18.3,Taolagnaro,-25.032,46.99,20.0
2020-09-11,25.4,19.8,22.1,0.0,28.7,71.6,20.98,Taolagnaro,-25.032,46.99,20.0
2020-09-12,25.8,20.0,22.4,0.0,25.8,64.1,22.6,Taolagnaro,-25.032,46.99,20.0
2020-09-13,23.8,19.7,21.6,3.0,29.9,70.2,18.86,Taolagnaro,-25.032,46.99,20.0
2020-09-14,22.9,19.7,21.0,4.0,39.7,98.3,17.36,Taolagnaro,-25.032,46.99,20.0
2020-09-15,25.0,19.2,21.6,0.0,26.7,74.2,12.86,Taolagnaro,-25.032,46.99,20.0
2020-09-16,24.9,15.8,20.9,0.0,19.9,47.5,22.04,Taolagnaro,-25.032,46.99,20.0
2020-09-17,27.7,18.6,22.3,0.0,23.8,58.7,23.73,Taolagnaro,-25.032,46.99,20.0
2020-09-18,28.0,16.1,21.6,0.0,23.2,55.4,23.93,Taolagnaro,-25.032,46.99,20.0
2020-09-19,26.8,19.1,22.3,0.0,28.8,71.3,24.15,Taolagnaro,-25.032,46.99,20.0
2020-09-20,27.0,17.5,21.7,0.0,27.7,68.0,24.37,Taolagnaro,-25.032,46.99,20.0
2020-09-21,25.4,19.1,21.9,0.0,34.2,85.0,24.47,Taolagnaro,-25.032,46.99,20.0
2020-09-22,25.1,16.5,20.6,2.8,26.1,66.2,21.56,Taolagnaro,-25.032,46.99,20.0
2020-09-23,22.1,18.9,20.2,1.1,21.4,50.8,20.52,Taolagnaro,-25.032,46.99,20.0
2020-09-24,23.0,18.1,20.5,0.4,21.7,55.1,21.24,Taolagnaro,-25.032,46.99,20.0
2020-09-25,24.4,18.9,21.6,0.0,32.7,81.4,23.27,Taolagnaro,-25.032,46.99,20.0
2020-09-26,27.8,17.1,22.6,0.0,25.8,63.0,24.63,Taolagnaro,-25.032,46.99,20.0
2020-09-27,26.8,17.0,22.1,0.0,17.7,43.2,24.36,Taolagnaro,-25.032,46.99,20.0
2020-09-28,26.5,18.2,22.5,0.0,29.1,72.4,24.01,Taolagnaro,-25.032,46.99,20.0
2020-09-29,27.1,20.7,23.4,0.0,27.8,68.8,23.82,Taolagnaro,-25.032,46.99,20.0
2020-09-30,27.0,18.3,22.1,1.4,23.2,59.4,19.27,Taolagnaro,-25.032,46.99,20.0
2020-10-01,23.4,20.4,21.7,1.9,19.0,47.2,14.67,Taolagnaro,-25.032,46.99,20.0
2020-10-02,25.8,20.5,22.6,1.2,13.9,37.8,23.31,Taolagnaro,-25.032,46.99,20.0
2020-10-03,21.9,18.5,20.7,9.0,19.1,47.2,9.57,Taolagnaro,-25.032,46.99,20.0
2020-10-04,21.4,19.1,20.0,3.0,17.4,42.8,10.1,Taolagnaro,-25.032,46.99,20.0
2020-10-05,21.9,17.2,19.6,6.5,22.5,60.5,19.27,Taolagnaro,-25.032,46.99,20.0
2020-10-06,21.2,16.9,19.1,9.6,22.9,56.2,18.88,Taolagnaro,-25.032,46.99,20.0
2020-10-07,20.7,17.8,19.2,6.4,16.3,42.1,8.64,Taolagnaro,-25.032,46.99,20.0
2020-10-08,21.5,17.1,19.4,9.4,11.2,31.3,15.36,Taolagnaro,-25.032,46.99,20.0
2020-10-09,23.8,17.6,21.1,0.5,22.9,59.0,22.07,Taolagnaro,-25.032,46.99,20.0
2020-10-10,26.7,21.3,23.6,0.0,28.3,69.8,22.99,Taolagnaro,-25.032,46.99,20.0
2020-10-11,28.6,20.6,24.2,0.0,21.5,51.5,24.18,Taolagnaro,-25.032,46.99,20.0
2020-10-12,25.6,21.3,22.9,2.4,18.6,47.2,12.88,Taolagnaro,-25.032,46.99,20.0
2020-10-13,22.6,20.7,21.6,4.0,16.3,42.1,10.27,Taolagnaro,-25.032,46.99,20.0
2020-10-14,22.5,19.1,21.4,4.5,15.1,38.2,8.7,Taolagnaro,-25.032,46.99,20.0
2020-10-15,21.9,17.6,20.3,5.6,22.9,58.3,13.49,Taolagnaro,-25.032,46.99,20.0
2020-10-16,25.3,20.1,22.4,2.1,23.5,58.0,22.29,Taolagnaro,-25.032,46.99,20.0
2020-10-17,22.1,19.4,20.9,4.5,21.0,49.7,11.2,Taolagnaro,-25.032,46.99,20.0
2020-10-18,22.2,19.7,20.8,1.8,26.6,66.6,13.41,Taolagnaro,-25.032,46.99,20.0
2020-10-19,25.5,20.7,22.8,0.0,28.2,70.9,22.85,Taolagnaro,-25.032,46.99,20.0
2020-10-20,27.1,21.8,23.9,0.0,31.0,77.8,27.34,Taolagnaro,-25.032,46.99,20.0
2020-10-21,28.2,20.4,23.9,0.0,29.7,73.4,28.09,Taolagnaro,-25.032,46.99,20.0
2020-10-22,26.2,21.7,23.6,0.0,32.6,81.7,27.15,Taolagnaro,-25.032,46.99,20.0
2020-10-23,26.1,21.7,23.6,0.1,32.4,81.0,26.42,Taolagnaro,-25.032,46.99,20.0
2020-10-24,25.7,21.9,23.4,0.6,31.7,79.6,22.39,Taolagnaro,-25.032,46.99,20.0
2020-10-25,26.1,21.1,23.2,0.0,33.3,83.2,23.99,Taolagnaro,-25.032,46.99,20.0
2020-10-26,26.7,20.6,23.3,0.0,28.7,71.3,24.69,Taolagnaro,-25.032,46.99,20.0
2020-10-27,27.1,20.5,23.6,0.0,21.7,55.8,27.74,Taolagnaro,-25.032,46.99,20.0
2020-10-28,25.1,20.9,22.7,4.3,27.1,63.0,22.87,Taolagnaro,-25.032,46.99,20.0
2020-10-29,22.7,20.3,21.6,15.0,30.1,73.1,9.63,Taolagnaro,-25.032,46.99,20.0
2020-10-30,24.5,21.3,22.7,0.1,34.8,87.5,23.11,Taolagnaro,-25.032,46.99,20.0
2020-10-31,25.2,20.6,22.5,0.0,33.2,83.2,27.33,Taolagnaro,-25.032,46.99,20.0
2020-11-01,25.2,20.4,22.7,0.0,30.3,77.0,27.68,Taolagnaro,-25.032,46.99,20.0
2020-11-02,24.9,21.2,22.8,0.2,31.6,79.6,24.13,Taolagnaro,-25.032,46.99,20.0
2020-11-03,26.1,21.4,23.4,0.0,34.9,86.4,27.94,Taolagnaro,-25.032,46.99,20.0
2020-11-04,27.0,21.5,23.8,0.0,33.2,82.1,27.31,Taolagnaro,-25.032,46.99,20.0
2020-11-05,27.3,20.4,24.0,0.0,31.3,74.9,27.22,Taolagnaro,-25.032,46.99,20.0
2020-11-06,27.2,22.6,24.6,0.0,37.4,90.7,26.48,Taolagnaro,-25.032,46.99,20.0
2020-11-07,28.9,22.5,25.0,0.0,28.9,70.9,27.06,Taolagnaro,-25.032,46.99,20.0
2020-11-08,28.0,22.5,24.8,0.0,33.6,83.2,28.83,Taolagnaro,-25.032,46.99,20.0
2020-11-09,26.8,22.2,24.1,0.0,34.9,86.8,29.75,Taolagnaro,-25.032,46.99,20.0
2020-11-10,28.4,20.9,24.3,0.0,32.3,79.2,30.07,Taolagnaro,-25.032,46.99,20.0
2020-11-11,28.1,21.1,24.5,0.0,29.9,73.8,28.29,Taolagnaro,-25.032,46.99,20.0
2020-11-12,29.0,21.3,24.4,14.3,20.8,53.3,20.28,Taolagnaro,-25.032,46.99,20.0
2020-11-13,24.0,20.5,22.1,2.3,26.3,67.7,21.79,Taolagnaro,-25.032,46.99,20.0
2020-11-14,22.8,19.7,21.4,1.5,16.1,38.9,17.28,Taolagnaro,-25.032,46.99,20.0
2020-11-15,24.6,20.3,22.1,0.2,26.1,66.6,23.78,Taolagnaro,-25.032,46.99,20.0
2020-11-16,26.1,20.3,23.1,0.0,31.1,78.1,28.0,Taolagnaro,-25.032,46.99,20.0
2020-11-17,27.0,21.5,24.1,0.0,31.4,77.4,28.99,Taolagnaro,-25.032,46.99,20.0
2020-11-18,28.7,22.1,24.6,0.0,27.8,69.5,29.51,Taolagnaro,-25.032,46.99,20.0
2020-11-19,28.7,21.1,24.5,0.0,25.0,61.6,29.14,Taolagnaro,-25.032,46.99,20.0
2020-11-20,26.3,18.7,23.2,0.0,17.6,48.6,28.67,Taolagnaro,-25.032,46.99,20.0
2020-11-21,23.3,20.5,22.1,11.7,17.9,46.8,16.7,Taolagnaro,-25.032,46.99,20.0
2020-11-22,24.7,21.0,23.0,0.3,32.7,81.4,17.81,Taolagnaro,-25.032,46.99,20.0
2020-11-23,26.5,22.9,24.4,1.5,36.4,89.3,19.47,Taolagnaro,-25.032,46.99,20.0
2020-11-24,28.6,23.6,25.4,0.0,34.2,85.0,28.68,Taolagnaro,-25.032,46.99,20.0
2020-11-25,28.9,22.9,25.4,0.0,31.2,76.3,30.13,Taolagnaro,-25.032,46.99,20.0
2020-11-26,29.0,22.7,25.3,0.0,33.6,83.2,30.52,Taolagnaro,-25.032,46.99,20.0
2020-11-27,30.0,22.9,25.7,0.0,25.8,63.4,29.35,Taolagnaro,-25.032,46.99,20.0
2020-11-28,27.6,23.1,25.0,0.4,18.5,45.4,26.87,Taolagnaro,-25.032,46.99,20.0
2020-11-29,29.0,22.6,25.5,0.0,33.5,82.8,29.48,Taolagnaro,-25.032,46.99,20.0
2020-11-30,28.6,21.0,25.1,0.0,19.1,48.6,27.64,Taolagnaro,-25.032,46.99,20.0
2020-12-01,30.7,23.0,26.2,1.0,21.6,55.4,26.41,Taolagnaro,-25.032,46.99,20.0
2020-12-02,31.1,22.8,26.4,0.1,19.1,48.2,23.89,Taolagnaro,-25.032,46.99,20.0
2020-12-03,27.6,21.8,24.9,0.6,15.9,41.4,25.0,Taolagnaro,-25.032,46.99,20.0
2020-12-04,28.9,22.0,24.9,6.8,17.0,43.9,21.18,Taolagnaro,-25.032,46.99,20.0
2020-12-05,26.0,21.9,23.8,1.8,17.8,47.2,21.53,Taolagnaro,-25.032,46.99,20.0
2020-12-06,25.4,22.7,23.9,0.9,24.9,61.9,17.99,Taolagnaro,-25.032,46.99,20.0
2020-12-07,27.2,20.7,23.2,9.7,21.6,55.8,17.44,Taolagnaro,-25.032,46.99,20.0
2020-12-08,24.4,20.2,22.3,2.7,22.9,57.2,22.54,Taolagnaro,-25.032,46.99,20.0
2020-12-09,23.6,20.9,22.3,0.1,29.7,74.2,15.17,Taolagnaro,-25.032,46.99,20.0
2020-12-10,27.1,21.5,24.3,0.0,34.2,86.4,28.09,Taolagnaro,-25.032,46.99,20.0
2020-12-11,27.0,22.9,24.9,0.0,32.9,82.4,27.24,Taolagnaro,-25.032,46.99,20.0
2020-12-12,27.0,22.5,24.8,0.0,30.3,76.3,29.24,Taolagnaro,-25.032,46.99,20.0
2020-12-13,27.1,22.1,24.5,0.3,28.9,72.7,30.17,Taolagnaro,-25.032,46.99,20.0
2020-12-14,27.3,21.9,24.6,0.0,31.7,78.8,31.21,Taolagnaro,-25.032,46.99,20.0
2020-12-15,27.5,22.7,24.9,0.0,30.9,77.8,31.34,Taolagnaro,-25.032,46.99,20.0
2020-12-16,28.9,22.4,25.6,0.0,30.1,74.5,30.18,Taolagnaro,-25.032,46.99,20.0
2020-12-17,29.2,23.3,26.0,0.0,29.7,73.4,30.15,Taolagnaro,-25.032,46.99,20.0
2020-12-18,29.9,23.5,26.5,0.0,30.1,74.2,29.0,Taolagnaro,-25.032,46.99,20.0
2020-12-19,30.5,24.8,26.8,0.0,22.1,55.4,22.2,Taolagnaro,-25.032,46.99,20.0
2020-12-20,29.2,24.0,26.4,0.1,26.7,69.1,27.88,Taolagnaro,-25.032,46.99,20.0
2020-12-21,29.0,23.4,25.9,0.4,28.0,71.3,29.47,Taolagnaro,-25.032,46.99,20.0
2020-12-22,28.5,23.3,25.8,0.0,29.4,73.1,28.03,Taolagnaro,-25.032,46.99,20.0
2020-12-23,29.5,23.6,26.1,0.0,32.2,79.6,30.95,Taolagnaro,-25.032,46.99,20.0
2020-12-24,29.8,23.0,26.4,0.0,28.5,70.6,30.24,Taolagnaro,-25.032,46.99,20.0
2020-12-25,29.8,22.1,26.0,0.0,20.2,50.0,28.82,Taolagnaro,-25.032,46.99,20.0
2020-12-26,29.3,23.7,26.3,0.0,28.6,72.4,31.14,Taolagnaro,-25.032,46.99,20.0
2020-12-27,29.2,24.3,26.6,0.0,30.0,75.2,26.37,Taolagnaro,-25.032,46.99,20.0
2020-12-28,30.7,25.1,27.2,0.0,27.0,70.9,25.72,Taolagnaro,-25.032,46.99,20.0
2020-12-29,29.5,24.9,26.9,0.0,30.6,77.0,28.68,Taolagnaro,-25.032,46.99,20.0
2020-12-30,29.6,24.6,26.5,0.2,30.9,77.4,31.27,Taolagnaro,-25.032,46.99,20.0
2020-12-31,29.2,23.8,26.1,0.0,30.8,78.5,31.01,Taolagnaro,-25.032,46.99,20.0
2021-01-01,29.5,23.7,26.2,0.0,32.9,82.4,31.72,Taolagnaro,-25.032,46.99,20.0
2021-01-02,29.0,23.2,25.8,0.1,28.9,73.4,31.04,Taolagnaro,-25.032,46.99,20.0
2021-01-03,27.6,22.9,25.2,1.6,28.8,73.1,26.54,Taolagnaro,-25.032,46.99,20.0
2021-01-04,28.9,23.1,25.8,0.0,32.3,81.4,30.88,Taolagnaro,-25.032,46.99,20.0
2021-01-05,28.1,24.2,26.0,1.0,30.6,77.0,23.71,Taolagnaro,-25.032,46.99,20.0
2021-01-06,29.4,23.9,26.6,0.1,29.4,73.8,29.28,Taolagnaro,-25.032,46.99,20.0
2021-01-07,30.8,23.5,27.0,0.0,20.5,52.9,28.55,Taolagnaro,-25.032,46.99,20.0
2021-01-08,30.1,23.6,26.5,1.3,19.4,49.0,25.08,Taolagnaro,-25.032,46.99,20.0
2021-01-09,30.4,23.5,26.6,0.0,27.3,69.8,28.82,Taolagnaro,-25.032,46.99,20.0
2021-01-10,29.7,23.9,26.5,0.0,27.4,70.2,29.74,Taolagnaro,-25.032,46.99,20.0
2021-01-11,29.6,23.4,26.3,0.0,21.3,56.2,31.06,Taolagnaro,-25.032,46.99,20.0
2021-01-12,29.4,24.1,26.5,0.0,24.5,63.0,30.02,Taolagnaro,-25.032,46.99,20.0
2021-01-13,30.1,23.2,26.7,0.9,20.3,52.9,29.75,Taolagnaro,-25.032,46.99,20.0
2021-01-14,29.2,24.0,26.4,2.0,13.1,37.1,25.39,Taolagnaro,-25.032,46.99,20.0
2021-01-15,30.5,24.0,27.1,0.0,22.4,56.9,27.52,Taolagnaro,-25.032,46.99,20.0
2021-01-16,32.1,25.0,28.3,0.1,26.1,67.7,27.78,Taolagnaro,-25.032,46.99,20.0
2021-01-17,32.7,24.6,28.5,0.0,14.5,37.4,25.28,Taolagnaro,-25.032,46.99,20.0
2021-01-18,31.6,23.6,27.9,0.3,11.3,33.5,27.92,Taolagnaro,-25.032,46.99,20.0
2021-01-19,28.4,24.6,26.3,5.6,19.9,47.2,19.57,Taolagnaro,-25.032,46.99,20.0
2021-01-20,30.2,24.3,27.1,7.9,25.8,65.9,24.89,Taolagnaro,-25.032,46.99,20.0
2021-01-21,30.9,25.5,28.1,0.6,27.7,70.9,26.81,Taolagnaro,-25.032,46.99,20.0
2021-01-22,32.2,25.2,28.4,7.4,22.2,56.9,28.2,Taolagnaro,-25.032,46.99,20.0
2021-01-23,30.8,24.4,27.3,8.2,22.8,62.3,26.65,Taolagnaro,-25.032,46.99,20.0
2021-01-24,29.5,25.1,26.9,0.8,20.6,53.6,25.0,Taolagnaro,-25.032,46.99,20.0
2021-01-25,29.9,24.5,26.9,1.4,15.1,40.7,27.32,Taolagnaro,-25.032,46.99,20.0
2021-01-26,29.2,24.1,26.4,3.8,12.7,37.1,25.92,Taolagnaro,-25.032,46.99,20.0
2021-01-27,29.3,23.4,26.3,3.3,22.2,55.4,26.77,Taolagnaro,-25.032,46.99,20.0
2021-01-28,30.7,24.4,27.4,0.0,24.8,61.9,26.99,Taolagnaro,-25.032,46.99,20.0
2021-01-29,30.5,25.2,27.7,0.2,25.9,65.2,27.48,Taolagnaro,-25.032,46.99,20.0
2021-01-30,31.4,25.0,28.0,0.1,26.8,70.2,28.82,Taolagnaro,-25.032,46.99,20.0
2021-01-31,31.4,24.7,27.9,0.0,27.2,69.1,28.19,Taolagnaro,-25.032,46.99,20.0
2021-02-01,31.5,25.1,28.1,0.0,30.5,76.3,28.23,Taolagnaro,-25.032,46.99,20.0
2021-02-02,31.9,24.9,28.2,0.0,21.6,57.6,26.99,Taolagnaro,-25.032,46.99,20.0
2021-02-03,29.9,26.1,27.5,0.0,26.4,67.7,27.89,Taolagnaro,-25.032,46.99,20.0
2021-02-04,30.4,25.5,27.8,0.0,30.8,79.6,28.22,Taolagnaro,-25.032,46.99,20.0
2021-02-05,31.9,25.3,28.2,2.0,26.9,67.3,26.61,Taolagnaro,-25.032,46.99,20.0
2021-02-06,30.0,24.6,26.9,2.0,10.4,38.9,21.16,Taolagnaro,-25.032,46.99,20.0
2021-02-07,29.7,23.6,27.0,1.3,12.0,33.8,23.1,Taolagnaro,-25.032,46.99,20.0
2021-02-08,31.8,23.2,27.6,0.6,19.4,50.0,25.93,Taolagnaro,-25.032,46.99,20.0
2021-02-09,30.5,25.3,27.3,0.0,26.1,66.6,20.66,Taolagnaro,-25.032,46.99,20.0
2021-02-10,26.5,23.0,24.7,10.1,21.7,56.2,9.06,Taolagnaro,-25.032,46.99,20.0
2021-02-11,27.6,24.4,25.8,1.2,24.9,59.8,10.8,Taolagnaro,-25.032,46.99,20.0
2021-02-12,26.3,23.9,24.7,7.0,27.0,66.2,13.32,Taolagnaro,-25.032,46.99,20.0
2021-02-13,28.9,23.7,26.0,2.0,28.9,75.2,23.57,Taolagnaro,-25.032,46.99,20.0
2021-02-14,28.6,23.6,25.6,3.9,29.9,75.2,23.67,Taolagnaro,-25.032,46.99,20.0
2021-02-15,29.3,22.9,25.8,0.5,23.7,61.6,26.91,Taolagnaro,-25.032,46.99,20.0
2021-02-16,31.1,23.3,26.8,0.0,23.3,57.2,20.34,Taolagnaro,-25.032,46.99,20.0
2021-02-17,28.7,24.2,25.9,1.1,13.7,36.7,12.21,Taolagnaro,-25.032,46.99,20.0
2021-02-18,30.7,23.8,27.2,0.0,16.4,43.6,25.75,Taolagnaro,-25.032,46.99,20.0
2021-02-19,30.5,24.9,27.3,0.0,17.8,47.9,25.19,Taolagnaro,-25.032,46.99,20.0
2021-02-20,30.4,23.8,27.3,0.5,16.7,41.0,26.25,Taolagnaro,-25.032,46.99,20.0
2021-02-21,32.3,23.9,28.2,0.0,27.8,68.4,27.71,Taolagnaro,-25.032,46.99,20.0
2021-02-22,31.7,24.4,28.0,0.1,16.6,42.1,26.91,Taolagnaro,-25.032,46.99,20.0
2021-02-23,30.4,24.7,27.1,0.4,21.7,56.9,26.58,Taolagnaro,-25.032,46.99,20.0
2021-02-24,30.8,24.4,27.1,0.0,30.0,74.5,27.33,Taolagnaro,-25.032,46.99,20.0
2021-02-25,30.9,24.0,27.4,0.0,29.0,72.7,24.86,Taolagnaro,-25.032,46.99,20.0
2021-02-26,31.2,24.5,27.1,6.8,20.0,51.1,18.11,Taolagnaro,-25.032,46.99,20.0
2021-02-27,29.1,23.5,25.8,7.0,12.3,36.0,16.52,Taolagnaro,-25.032,46.99,20.0
2021-02-28,29.6,23.3,26.3,4.7,12.0,34.2,23.03,Taolagnaro,-25.032,46.99,20.0
2021-03-01,26.3,23.5,24.8,26.1,21.3,51.1,12.67,Taolagnaro,-25.032,46.99,20.0
2021-03-02,28.5,24.0,25.9,1.4,21.7,54.4,20.89,Taolagnaro,-25.032,46.99,20.0
2021-03-03,29.4,23.8,25.8,0.2,21.6,53.6,19.73,Taolagnaro,-25.032,46.99,20.0
2021-03-04,28.3,22.8,25.4,0.7,10.6,33.5,22.21,Taolagnaro,-25.032,46.99,20.0
2021-03-05,29.0,22.4,25.3,1.4,11.6,34.6,21.7,Taolagnaro,-25.032,46.99,20.0
2021-03-06,26.5,23.4,24.4,26.4,15.5,39.6,12.97,Taolagnaro,-25.032,46.99,20.0
2021-03-07,27.8,22.5,25.2,5.2,16.5,44.6,22.42,Taolagnaro,-25.032,46.99,20.0
2021-03-08,28.2,20.6,24.6,1.2,12.3,34.2,23.64,Taolagnaro,-25.032,46.99,20.0
2021-03-09,28.6,21.7,25.2,0.0,16.3,43.6,23.88,Taolagnaro,-25.032,46.99,20.0
2021-03-10,29.1,22.2,25.9,0.0,22.5,58.3,25.34,Taolagnaro,-25.032,46.99,20.0
2021-03-11,29.1,23.5,26.3,0.0,25.6,64.8,24.36,Taolagnaro,-25.032,46.99,20.0
2021-03-12,28.4,24.6,26.4,0.0,26.5,67.3,21.23,Taolagnaro,-25.032,46.99,20.0
2021-03-13,27.1,22.5,25.2,5.7,20.5,51.8,17.11,Taolagnaro,-25.032,46.99,20.0
2021-03-14,28.0,24.3,25.8,0.6,22.3,56.9,20.94,Taolagnaro,-25.032,46.99,20.0
2021-03-15,27.1,22.8,25.0,1.9,25.1,63.0,18.84,Taolagnaro,-25.032,46.99,20.0
2021-03-16,28.9,23.1,25.6,0.5,22.2,56.9,23.4,Taolagnaro,-25.032,46.99,20.0
2021-03-17,28.7,23.1,25.2,1.2,22.1,56.5,21.24,Taolagnaro,-25.032,46.99,20.0
2021-03-18,29.1,22.6,25.8,0.1,24.6,62.3,23.57,Taolagnaro,-25.032,46.99,20.0
2021-03-19,29.9,23.0,26.3,0.0,26.4,66.6,23.37,Taolagnaro,-25.032,46.99,20.0
2021-03-20,28.5,23.9,26.0,0.0,24.1,61.9,20.72,Taolagnaro,-25.032,46.99,20.0
2021-03-21,28.6,23.1,25.9,0.2,25.3,64.1,22.13,Taolagnaro,-25.032,46.99,20.0
2021-03-22,30.4,23.3,26.4,1.1,23.8,59.0,21.83,Taolagnaro,-25.032,46.99,20.0
2021-03-23,28.5,22.8,25.4,1.4,13.6,36.0,17.95,Taolagnaro,-25.032,46.99,20.0
2021-03-24,26.5,22.2,24.2,4.4,18.8,49.7,12.6,Taolagnaro,-25.032,46.99,20.0
2021-03-25,26.6,19.8,23.8,1.5,12.1,33.5,20.2,Taolagnaro,-25.032,46.99,20.0
2021-03-26,27.5,22.3,24.6,3.0,21.4,53.6,19.1,Taolagnaro,-25.032,46.99,20.0
2021-03-27,28.6,21.8,25.1,0.5,15.2,43.2,20.16,Taolagnaro,-25.032,46.99,20.0
2021-03-28,28.8,21.1,24.4,4.3,16.0,48.2,20.36,Taolagnaro,-25.032,46.99,20.0
2021-03-29,26.2,21.6,23.4,8.2,22.3,59.4,18.11,Taolagnaro,-25.032,46.99,20.0
2021-03-30,25.5,21.2,23.2,2.1,15.6,42.5,17.14,Taolagnaro,-25.032,46.99,20.0
2021-03-31,25.2,20.1,23.1,0.3,14.2,39.6,18.77,Taolagnaro,-25.032,46.99,20.0
2021-04-01,26.4,21.5,24.2,0.2,21.1,54.4,18.03,Taolagnaro,-25.032,46.99,20.0
2021-04-02,27.3,23.8,25.1,0.3,25.8,65.9,20.99,Taolagnaro,-25.032,46.99,20.0
2021-04-03,29.2,21.8,25.1,0.0,23.7,58.7,22.37,Taolagnaro,-25.032,46.99,20.0
2021-04-04,27.4,20.4,22.9,12.1,10.7,43.6,15.07,Taolagnaro,-25.032,46.99,20.0
2021-04-05,27.9,19.3,23.2,0.6,17.3,45.7,19.88,Taolagnaro,-25.032,46.99,20.0
2021-04-06,27.4,18.5,22.7,1.8,20.9,53.3,20.39,Taolagnaro,-25.032,46.99,20.0
2021-04-07,26.6,20.9,23.6,3.8,16.8,43.6,17.57,Taolagnaro,-25.032,46.99,20.0
2021-04-08,27.2,20.5,23.9,0.0,17.5,46.8,20.7,Taolagnaro,-25.032,46.99,20.0
2021-04-09,28.4,20.9,24.4,0.0,19.8,50.4,19.81,Taolagnaro,-25.032,46.99,20.0
2021-04-10,27.8,19.8,24.0,0.5,11.2,32.4,20.76,Taolagnaro,-25.032,46.99,20.0
2021-04-11,27.5,20.3,24.0,0.6,17.1,44.6,19.92,Taolagnaro,-25.032,46.99,20.0
2021-04-12,27.0,21.7,24.2,3.8,15.1,39.2,16.97,Taolagnaro,-25.032,46.99,20.0
2021-04-13,25.8,22.1,23.8,3.2,17.9,45.7,13.42,Taolagnaro,-25.032,46.99,20.0
2021-04-14,27.2,22.1,24.2,0.9,26.0,64.8,18.73,Taolagnaro,-25.032,46.99,20.0
2021-04-15,28.4,22.0,24.7,0.0,19.8,49.7,18.87,Taolagnaro,-25.032,46.99,20.0
2021-04-16,29.2,20.9,24.3,0.5,26.7,68.4,18.66,Taolagnaro,-25.032,46.99,20.0
2021-04-17,22.8,19.5,21.2,2.8,30.3,76.3,16.11,Taolagnaro,-25.032,46.99,20.0
2021-04-18,23.1,20.2,21.6,0.2,15.8,41.4,12.9,Taolagnaro,-25.032,46.99,20.0
2021-04-19,24.0,19.8,21.8,0.6,18.2,49.3,14.7,Taolagnaro,-25.032,46.99,20.0
2021-04-20,24.6,18.4,21.9,1.5,18.6,48.6,16.25,Taolagnaro,-25.032,46.99,20.0
2021-04-21,24.7,19.9,21.8,6.5,21.8,57.2,14.7,Taolagnaro,-25.032,46.99,20.0
2021-04-22,24.9,20.5,22.4,0.7,22.4,57.6,16.1,Taolagnaro,-25.032,46.99,20.0
2021-04-23,26.4,21.1,23.1,0.5,28.1,70.2,18.64,Taolagnaro,-25.032,46.99,20.0
2021-04-24,25.1,21.7,23.3,1.9,29.0,73.1,15.59,Taolagnaro,-25.032,46.99,20.0
2021-04-25,27.1,21.8,23.9,0.0,28.8,71.6,18.33,Taolagnaro,-25.032,46.99,20.0
2021-04-26,27.0,21.5,23.8,0.0,27.3,68.4,17.51,Taolagnaro,-25.032,46.99,20.0
2021-04-27,26.9,21.2,23.8,0.0,26.5,68.0,17.43,Taolagnaro,-25.032,46.99,20.0
2021-04-28,27.5,21.8,24.3,0.0,25.0,62.6,18.5,Taolagnaro,-25.032,46.99,20.0
2021-04-29,27.5,21.8,24.3,0.0,25.3,63.4,17.92,Taolagnaro,-25.032,46.99,20.0
2021-04-30,27.4,22.5,24.5,0.0,25.8,64.1,16.85,Taolagnaro,-25.032,46.99,20.0
2021-05-01,28.6,20.6,24.4,0.0,17.4,42.5,15.92,Taolagnaro,-25.032,46.99,20.0
2021-05-02,25.8,20.5,22.8,4.4,19.5,49.3,11.44,Taolagnaro,-25.032,46.99,20.0
2021-05-03,23.9,18.7,21.0,0.7,19.9,51.1,14.89,Taolagnaro,-25.032,46.99,20.0
2021-05-04,24.5,15.8,20.1,0.1,13.3,35.3,17.47,Taolagnaro,-25.032,46.99,20.0
2021-05-05,26.8,15.6,20.9,0.1,9.7,28.1,18.3,Taolagnaro,-25.032,46.99,20.0
2021-05-06,24.7,17.7,20.9,0.6,21.5,54.7,14.98,Taolagnaro,-25.032,46.99,20.0
2021-05-07,23.5,17.9,21.0,2.6,16.3,43.6,13.57,Taolagnaro,-25.032,46.99,20.0
2021-05-08,22.6,17.7,20.3,8.8,15.5,39.2,10.83,Taolagnaro,-25.032,46.99,20.0
2021-05-09,23.3,20.1,21.5,1.8,23.7,60.8,12.56,Taolagnaro,-25.032,46.99,20.0
2021-05-10,27.6,18.0,21.9,0.3,14.6,51.5,15.44,Taolagnaro,-25.032,46.99,20.0
2021-05-11,24.6,18.3,21.2,1.1,16.9,45.0,15.41,Taolagnaro,-25.032,46.99,20.0
2021-05-12,25.0,18.3,21.6,0.4,13.4,36.0,14.81,Taolagnaro,-25.032,46.99,20.0
2021-05-13,26.7,18.0,22.5,0.0,19.4,49.3,17.06,Taolagnaro,-25.032,46.99,20.0
2021-05-14,27.2,19.9,23.3,0.0,22.5,57.2,16.93,Taolagnaro,-25.032,46.99,20.0
2021-05-15,27.2,20.7,23.7,0.0,25.8,64.1,16.47,Taolagnaro,-25.032,46.99,20.0
2021-05-16,28.8,20.2,24.1,0.0,19.2,47.2,14.18,Taolagnaro,-25.032,46.99,20.0
2021-05-17,26.6,18.4,22.3,0.0,10.5,27.4,14.51,Taolagnaro,-25.032,46.99,20.0
2021-05-18,24.8,19.0,21.7,1.6,13.5,37.8,14.8,Taolagnaro,-25.032,46.99,20.0
2021-05-19,23.0,19.5,21.5,4.4,21.3,54.4,11.72,Taolagnaro,-25.032,46.99,20.0
2021-05-20,23.5,20.2,21.8,0.1,25.8,65.5,12.56,Taolagnaro,-25.032,46.99,20.0
2021-05-21,25.4,18.9,21.8,0.3,24.4,62.6,16.25,Taolagnaro,-25.032,46.99,20.0
2021-05-22,25.8,17.9,21.7,0.0,22.1,55.4,15.85,Taolagnaro,-25.032,46.99,20.0
2021-05-23,24.1,18.7,21.3,0.1,17.5,45.0,12.49,Taolagnaro,-25.032,46.99,20.0
2021-05-24,23.4,18.4,20.4,1.8,21.7,55.4,13.32,Taolagnaro,-25.032,46.99,20.0
2021-05-25,23.1,17.7,19.8,1.5,19.8,51.8,14.0,Taolagnaro,-25.032,46.99,20.0
2021-05-26,23.8,16.1,19.7,0.0,12.2,27.7,15.18,Taolagnaro,-25.032,46.99,20.0
2021-05-27,24.2,15.4,19.3,0.2,11.5,32.8,14.27,Taolagnaro,-25.032,46.99,20.0
2021-05-28,24.9,15.3,20.0,0.0,15.9,40.3,15.71,Taolagnaro,-25.032,46.99,20.0
2021-05-29,26.0,15.2,20.4,0.0,11.8,30.2,15.36,Taolagnaro,-25.032,46.99,20.0
2021-05-30,25.1,16.2,20.4,0.4,13.4,37.4,14.77,Taolagnaro,-25.032,46.99,20.0
2021-05-31,26.3,17.2,20.9,6.8,24.0,59.4,15.23,Taolagnaro,-25.032,46.99,20.0
2021-06-01,21.8,18.8,20.7,6.4,18.8,44.6,3.88,Taolagnaro,-25.032,46.99,20.0
2021-06-02,21.8,19.2,20.3,46.0,30.0,71.3,3.65,Taolagnaro,-25.032,46.99,20.0
2021-06-03,26.0,20.8,22.5,0.0,25.7,66.6,14.01,Taolagnaro,-25.032,46.99,20.0
2021-06-04,25.5,18.3,21.7,0.2,14.8,39.2,13.8,Taolagnaro,-25.032,46.99,20.0
2021-06-05,25.3,17.3,20.0,6.2,24.5,60.8,12.78,Taolagnaro,-25.032,46.99,20.0
2021-06-06,20.9,18.0,19.7,7.6,19.3,46.1,10.05,Taolagnaro,-25.032,46.99,20.0
2021-06-07,21.9,18.9,20.4,1.3,21.1,54.4,9.49,Taolagnaro,-25.032,46.99,20.0
2021-06-08,23.5,17.4,20.3,4.1,23.5,58.7,12.54,Taolagnaro,-25.032,46.99,20.0
2021-06-09,22.6,18.2,20.0,4.3,20.1,55.8,12.02,Taolagnaro,-25.032,46.99,20.0
2021-06-10,21.6,17.3,19.0,5.9,15.8,47.5,9.78,Taolagnaro,-25.032,46.99,20.0
2021-06-11,23.3,17.5,20.0,1.2,17.1,44.6,13.19,Taolagnaro,-25.032,46.99,20.0
2021-06-12,23.9,17.5,20.3,0.4,23.2,60.1,12.66,Taolagnaro,-25.032,46.99,20.0
2021-06-13,25.1,18.8,21.4,0.0,20.9,53.3,12.28,Taolagnaro,-25.032,46.99,20.0
2021-06-14,25.6,18.0,20.7,0.0,14.3,36.0,12.55,Taolagnaro,-25.032,46.99,20.0
2021-06-15,22.5,17.0,19.7,1.3,16.6,42.5,12.81,Taolagnaro,-25.032,46.99,20.0
2021-06-16,22.0,16.0,19.6,2.7,17.9,46.1,11.41,Taolagnaro,-25.032,46.99,20.0
2021-06-17,23.6,17.5,20.4,0.0,24.3,62.6,14.86,Taolagnaro,-25.032,46.99,20.0
2021-06-18,24.4,15.6,19.7,0.0,15.9,42.1,14.85,Taolagnaro,-25.032,46.99,20.0
2021-06-19,22.5,16.8,19.8,5.3,18.5,43.2,10.35,Taolagnaro,-25.032,46.99,20.0
2021-06-20,20.8,18.1,19.4,12.2,26.9,64.8,4.82,Taolagnaro,-25.032,46.99,20.0
2021-06-21,22.2,17.9,20.0,0.3,18.6,47.5,12.85,Taolagnaro,-25.032,46.99,20.0
2021-06-22,21.7,16.9,19.2,0.0,21.4,54.0,12.71,Taolagnaro,-25.032,46.99,20.0
2021-06-23,21.5,17.7,19.5,0.1,25.0,61.9,10.93,Taolagnaro,-25.032,46.99,20.0
2021-06-24,23.5,16.6,19.9,0.0,20.4,52.2,14.85,Taolagnaro,-25.032,46.99,20.0
2021-06-25,24.2,14.7,19.5,0.0,20.1,47.5,14.69,Taolagnaro,-25.032,46.99,20.0
2021-06-26,24.3,14.2,19.2,0.0,14.8,40.7,14.07,Taolagnaro,-25.032,46.99,20.0
2021-06-27,24.0,14.4,19.0,0.0,8.5,24.5,14.64,Taolagnaro,-25.032,46.99,20.0
2021-06-28,24.8,15.2,19.9,0.0,18.7,47.2,14.9,Taolagnaro,-25.032,46.99,20.0
2021-06-29,24.6,16.9,20.4,0.0,17.0,42.5,15.27,Taolagnaro,-25.032,46.99,20.0
2021-06-30,24.5,16.5,20.3,0.0,22.2,56.2,15.3,Taolagnaro,-25.032,46.99,20.0
2021-07-01,25.2,16.1,20.3,0.0,19.3,48.2,15.14,Taolagnaro,-25.032,46.99,20.0
2021-07-02,24.3,13.7,18.5,0.0,15.7,41.0,15.15,Taolagnaro,-25.032,46.99,20.0
2021-07-03,23.2,14.8,19.1,0.0,12.8,35.6,14.04,Taolagnaro,-25.032,46.99,20.0
2021-07-04,25.0,16.5,20.5,0.0,22.9,56.5,15.23,Taolagnaro,-25.032,46.99,20.0
2021-07-05,25.0,16.1,19.6,0.0,17.7,43.2,15.49,Taolagnaro,-25.032,46.99,20.0
2021-07-06,22.5,15.5,19.0,2.5,14.0,37.1,12.78,Taolagnaro,-25.032,46.99,20.0
2021-07-07,21.8,15.9,18.9,3.3,13.4,38.5,10.73,Taolagnaro,-25.032,46.99,20.0
2021-07-08,22.4,17.5,19.7,0.5,21.8,51.8,12.15,Taolagnaro,-25.032,46.99,20.0
2021-07-09,23.9,18.2,21.0,0.0,24.2,61.2,14.3,Taolagnaro,-25.032,46.99,20.0
2021-07-10,24.7,18.7,21.2,0.0,23.9,59.8,15.2,Taolagnaro,-25.032,46.99,20.0
2021-07-11,24.6,18.0,21.2,0.0,22.7,56.9,15.33,Taolagnaro,-25.032,46.99,20.0
2021-07-12,23.8,18.3,20.7,0.0,27.0,69.1,14.31,Taolagnaro,-25.032,46.99,20.0
2021-07-13,24.8,19.7,21.7,0.0,26.0,65.9,15.09,Taolagnaro,-25.032,46.99,20.0
2021-07-14,25.0,17.0,20.9,0.0,14.7,49.3,13.2,Taolagnaro,-25.032,46.99,20.0
2021-07-15,21.3,18.1,19.7,19.7,21.6,51.5,9.78,Taolagnaro,-25.032,46.99,20.0
2021-07-16,22.9,17.0,19.5,2.9,18.6,48.2,11.61,Taolagnaro,-25.032,46.99,20.0
2021-07-17,23.7,18.0,20.1,5.4,25.3,66.6,14.35,Taolagnaro,-25.032,46.99,20.0
2021-07-18,22.7,19.1,20.4,0.5,20.7,51.1,6.7,Taolagnaro,-25.032,46.99,20.0
2021-07-19,21.9,18.4,19.7,8.2,24.4,59.8,4.04,Taolagnaro,-25.032,46.99,20.0
2021-07-20,24.3,19.0,21.4,0.1,27.8,69.8,14.98,Taolagnaro,-25.032,46.99,20.0
2021-07-21,24.9,19.8,21.8,0.0,28.2,70.6,15.84,Taolagnaro,-25.032,46.99,20.0
2021-07-22,25.0,18.7,21.6,0.0,20.9,53.3,15.44,Taolagnaro,-25.032,46.99,20.0
2021-07-23,23.2,15.9,19.5,4.8,19.3,46.1,8.33,Taolagnaro,-25.032,46.99,20.0
2021-07-24,21.4,17.9,19.2,0.5,24.2,61.6,14.25,Taolagnaro,-25.032,46.99,20.0
2021-07-25,20.3,17.9,19.0,1.2,16.4,40.0,12.7,Taolagnaro,-25.032,46.99,20.0
2021-07-26,19.9,17.3,18.4,4.5,23.0,55.1,8.87,Taolagnaro,-25.032,46.99,20.0
2021-07-27,18.6,15.7,17.0,26.3,23.7,55.4,5.06,Taolagnaro,-25.032,46.99,20.0
2021-07-28,20.8,17.2,19.5,10.3,29.2,68.4,9.87,Taolagnaro,-25.032,46.99,20.0
2021-07-29,21.1,17.8,19.5,9.1,27.1,72.0,12.15,Taolagnaro,-25.032,46.99,20.0
2021-07-30,25.1,18.8,21.1,0.0,21.1,54.4,16.73,Taolagnaro,-25.032,46.99,20.0
2021-07-31,23.2,18.3,20.4,0.0,21.4,55.1,16.44,Taolagnaro,-25.032,46.99,20.0
2021-08-01,22.7,17.2,19.7,0.6,26.0,64.8,15.16,Taolagnaro,-25.032,46.99,20.0
2021-08-02,24.6,14.5,19.8,0.0,21.2,53.6,17.37,Taolagnaro,-25.032,46.99,20.0
2021-08-03,20.4,16.4,18.9,9.6,18.0,46.4,10.91,Taolagnaro,-25.032,46.99,20.0
2021-08-04,21.8,18.3,20.0,0.4,25.7,66.6,13.13,Taolagnaro,-25.032,46.99,20.0
2021-08-05,22.4,17.9,19.9,0.0,30.5,76.3,17.2,Taolagnaro,-25.032,46.99,20.0
2021-08-06,23.5,17.2,19.9,0.0,27.0,67.0,17.96,Taolagnaro,-25.032,46.99,20.0
2021-08-07,23.5,14.7,19.3,0.0,18.0,46.1,16.68,Taolagnaro,-25.032,46.99,20.0
2021-08-08,22.4,14.4,18.5,0.2,12.6,34.6,16.88,Taolagnaro,-25.032,46.99,20.0
2021-08-09,23.3,14.4,19.2,0.1,12.7,34.9,17.53,Taolagnaro,-25.032,46.99,20.0
2021-08-10,23.6,14.4,19.3,0.0,21.0,56.2,17.35,Taolagnaro,-25.032,46.99,20.0
2021-08-11,21.1,15.2,18.2,6.9,17.7,45.0,12.24,Taolagnaro,-25.032,46.99,20.0
2021-08-12,26.2,17.4,21.0,0.0,18.7,44.3,17.58,Taolagnaro,-25.032,46.99,20.0
2021-08-13,23.2,15.7,19.7,1.1,24.5,57.6,18.45,Taolagnaro,-25.032,46.99,20.0
2021-08-14,19.7,17.9,18.5,2.6,20.2,56.5,10.73,Taolagnaro,-25.032,46.99,20.0
2021-08-15,20.6,16.9,18.4,0.2,17.6,45.4,14.16,Taolagnaro,-25.032,46.99,20.0
2021-08-16,21.2,16.9,19.0,1.8,23.0,59.0,13.19,Taolagnaro,-25.032,46.99,20.0
2021-08-17,20.7,17.9,19.1,4.4,27.3,69.1,11.88,Taolagnaro,-25.032,46.99,20.0
2021-08-18,23.3,17.7,20.1,0.1,28.7,70.9,19.27,Taolagnaro,-25.032,46.99,20.0
2021-08-19,25.5,14.5,20.3,0.0,19.1,45.7,19.15,Taolagnaro,-25.032,46.99,20.0
2021-08-20,23.6,15.3,19.3,0.0,12.9,36.0,18.44,Taolagnaro,-25.032,46.99,20.0
2021-08-21,22.8,16.0,20.0,1.7,16.9,43.2,11.05,Taolagnaro,-25.032,46.99,20.0
2021-08-22,22.7,20.2,21.1,0.6,27.2,67.0,12.88,Taolagnaro,-25.032,46.99,20.0
2021-08-23,24.5,18.9,21.4,0.0,25.8,64.1,18.77,Taolagnaro,-25.032,46.99,20.0
2021-08-24,24.8,20.1,21.9,0.0,30.9,76.0,18.07,Taolagnaro,-25.032,46.99,20.0
2021-08-25,24.0,16.2,20.1,0.0,16.9,46.1,19.49,Taolagnaro,-25.032,46.99,20.0
2021-08-26,24.0,17.0,20.4,0.2,18.6,47.2,18.87,Taolagnaro,-25.032,46.99,20.0
2021-08-27,23.8,19.5,21.3,1.1,29.3,76.7,19.27,Taolagnaro,-25.032,46.99,20.0
2021-08-28,23.4,18.6,20.7,1.6,29.2,73.8,20.03,Taolagnaro,-25.032,46.99,20.0
2021-08-29,25.4,18.1,21.1,0.0,23.5,58.7,18.6,Taolagnaro,-25.032,46.99,20.0
2021-08-30,24.0,15.8,20.2,0.2,19.0,49.3,19.08,Taolagnaro,-25.032,46.99,20.0
2021-08-31,23.3,20.3,21.6,0.8,21.2,54.0,10.53,Taolagnaro,-25.032,46.99,20.0
2021-09-01,26.5,19.8,22.9,0.0,18.9,45.7,20.44,Taolagnaro,-25.032,46.99,20.0
2021-09-02,26.2,20.6,22.8,0.0,30.7,75.2,21.29,Taolagnaro,-25.032,46.99,20.0
2021-09-03,25.5,20.0,22.4,0.0,34.1,84.2,21.63,Taolagnaro,-25.032,46.99,20.0
2021-09-04,24.3,19.9,22.0,0.0,34.6,85.7,20.89,Taolagnaro,-25.032,46.99,20.0
2021-09-05,24.9,19.6,22.0,0.0,31.2,77.4,21.93,Taolagnaro,-25.032,46.99,20.0
2021-09-06,24.9,19.4,21.9,0.0,31.1,77.0,22.15,Taolagnaro,-25.032,46.99,20.0
2021-09-07,25.7,19.1,21.8,0.0,30.0,74.2,21.98,Taolagnaro,-25.032,46.99,20.0
2021-09-08,26.2,16.2,21.2,0.0,16.2,44.3,21.36,Taolagnaro,-25.032,46.99,20.0
2021-09-09,24.5,16.4,20.6,0.4,18.4,49.0,20.72,Taolagnaro,-25.032,46.99,20.0
2021-09-10,20.6,17.9,19.7,6.4,22.9,55.1,10.07,Taolagnaro,-25.032,46.99,20.0
2021-09-11,22.5,19.5,20.8,1.2,24.8,63.0,16.81,Taolagnaro,-25.032,46.99,20.0
2021-09-12,23.6,19.4,21.1,6.6,25.8,66.6,17.46,Taolagnaro,-25.032,46.99,20.0
2021-09-13,24.0,18.8,21.2,2.2,30.5,76.7,20.42,Taolagnaro,-25.032,46.99,20.0
2021-09-14,26.7,18.3,22.3,0.0,20.9,55.4,20.38,Taolagnaro,-25.032,46.99,20.0
2021-09-15,27.6,18.3,22.6,0.0,21.9,54.0,22.86,Taolagnaro,-25.032,46.99,20.0
2021-09-16,28.1,18.0,22.4,0.0,18.2,45.4,23.64,Taolagnaro,-25.032,46.99,20.0
2021-09-17,26.2,17.7,22.1,0.1,16.0,42.1,22.57,Taolagnaro,-25.032,46.99,20.0
2021-09-18,21.4,17.6,19.8,12.0,27.7,73.1,16.66,Taolagnaro,-25.032,46.99,20.0
2021-09-19,19.7,18.1,19.0,2.5,20.4,53.6,15.54,Taolagnaro,-25.032,46.99,20.0
2021-09-20,21.3,17.4,19.3,2.4,29.9,74.2,17.35,Taolagnaro,-25.032,46.99,20.0
2021-09-21,25.0,18.5,21.6,0.0,32.1,78.1,23.22,Taolagnaro,-25.032,46.99,20.0
2021-09-22,24.6,16.5,20.6,0.2,14.9,46.1,20.33,Taolagnaro,-25.032,46.99,20.0
2021-09-23,23.6,18.2,20.8,3.2,15.0,38.5,18.66,Taolagnaro,-25.032,46.99,20.0
2021-09-24,25.3,19.3,22.0,0.0,31.3,77.8,24.0,Taolagnaro,-25.032,46.99,20.0
2021-09-25,25.4,20.3,22.3,0.0,29.4,72.7,22.86,Taolagnaro,-25.032,46.99,20.0
2021-09-26,25.4,19.8,22.3,0.0,31.8,78.8,24.34,Taolagnaro,-25.032,46.99,20.0
2021-09-27,25.2,20.4,22.4,0.0,33.5,83.5,24.36,Taolagnaro,-25.032,46.99,20.0
2021-09-28,26.4,20.6,23.0,0.0,35.1,86.4,24.81,Taolagnaro,-25.032,46.99,20.0
2021-09-29,27.5,20.1,23.4,0.0,31.8,77.4,23.79,Taolagnaro,-25.032,46.99,20.0
2021-09-30,26.6,19.7,22.9,0.0,20.4,50.4,23.51,Taolagnaro,-25.032,46.99,20.0
2021-10-01,26.9,20.3,23.2,0.0,31.8,78.8,24.87,Taolagnaro,-25.032,46.99,20.0
2021-10-02,28.4,19.4,23.5,0.0,32.3,78.5,25.13,Taolagnaro,-25.032,46.99,20.0
2021-10-03,28.1,19.4,23.3,0.0,30.5,75.6,25.64,Taolagnaro,-25.032,46.99,20.0
2021-10-04,26.0,18.3,22.5,0.7,15.3,41.4,23.15,Taolagnaro,-25.032,46.99,20.0
2021-10-05,23.6,20.2,21.6,6.2,17.0,45.4,19.65,Taolagnaro,-25.032,46.99,20.0
2021-10-06,22.6,17.4,20.4,0.5,17.1,43.2,17.75,Taolagnaro,-25.032,46.99,20.0
2021-10-07,21.2,16.7,18.7,8.0,16.0,43.6,21.09,Taolagnaro,-25.032,46.99,20.0
2021-10-08,22.0,17.5,19.9,3.0,23.7,60.8,18.82,Taolagnaro,-25.032,46.99,20.0
2021-10-09,24.6,18.9,21.8,0.0,35.5,87.1,23.01,Taolagnaro,-25.032,46.99,20.0
2021-10-10,27.9,17.0,22.6,0.8,20.6,51.5,21.96,Taolagnaro,-25.032,46.99,20.0
2021-10-11,21.5,18.8,20.2,5.8,21.2,54.7,11.37,Taolagnaro,-25.032,46.99,20.0
2021-10-12,23.0,16.5,20.4,0.7,20.3,48.6,22.38,Taolagnaro,-25.032,46.99,20.0
2021-10-13,25.4,17.9,22.1,0.0,24.7,58.7,26.93,Taolagnaro,-25.032,46.99,20.0
2021-10-14,27.4,21.6,23.8,0.0,30.7,70.6,26.73,Taolagnaro,-25.032,46.99,20.0
2021-10-15,27.6,20.4,23.8,0.0,30.6,70.9,27.19,Taolagnaro,-25.032,46.99,20.0
2021-10-16,27.2,21.8,23.9,0.0,33.6,78.1,26.85,Taolagnaro,-25.032,46.99,20.0
2021-10-17,28.2,20.5,24.1,0.0,28.2,67.0,26.83,Taolagnaro,-25.032,46.99,20.0
2021-10-18,29.1,19.6,23.9,0.0,27.4,63.0,26.03,Taolagnaro,-25.032,46.99,20.0
2021-10-19,24.2,20.1,22.0,9.0,20.3,50.0,13.04,Taolagnaro,-25.032,46.99,20.0
2021-10-20,22.1,19.9,20.9,12.0,19.5,46.4,9.65,Taolagnaro,-25.032,46.99,20.0
2021-10-21,25.3,19.5,21.4,4.7,30.7,71.6,20.82,Taolagnaro,-25.032,46.99,20.0
2021-10-22,23.1,17.5,20.5,1.2,16.5,41.4,24.09,Taolagnaro,-25.032,46.99,20.0
2021-10-23,25.2,19.3,22.3,0.0,24.6,57.2,18.46,Taolagnaro,-25.032,46.99,20.0
2021-10-24,26.4,18.3,23.1,0.0,12.9,40.7,26.86,Taolagnaro,-25.032,46.99,20.0
2021-10-25,27.9,21.8,24.7,0.0,29.4,69.5,24.74,Taolagnaro,-25.032,46.99,20.0
2021-10-26,27.1,22.6,24.7,0.0,33.6,77.4,25.46,Taolagnaro,-25.032,46.99,20.0
2021-10-27,26.4,20.7,23.5,2.8,21.8,52.2,24.93,Taolagnaro,-25.032,46.99,20.0
2021-10-28,21.6,19.3,20.5,6.8,27.7,67.7,20.78,Taolagnaro,-25.032,46.99,20.0
2021-10-29,22.0,18.4,19.8,2.7,21.3,49.7,23.39,Taolagnaro,-25.032,46.99,20.0
2021-10-30,22.5,18.0,20.7,0.7,27.5,63.4,17.61,Taolagnaro,-25.032,46.99,20.0
2021-10-31,25.9,20.8,23.0,7.2,30.6,70.9,23.19,Taolagnaro,-25.032,46.99,20.0
2021-11-01,26.2,21.0,23.1,9.5,24.8,57.6,20.4,Taolagnaro,-25.032,46.99,20.0
2021-11-02,27.3,18.7,23.0,1.1,12.0,31.3,25.37,Taolagnaro,-25.032,46.99,20.0
2021-11-03,26.2,19.7,23.1,0.0,10.5,28.8,27.03,Taolagnaro,-25.032,46.99,20.0
2021-11-04,26.5,19.8,23.3,0.6,14.3,39.6,25.08,Taolagnaro,-25.032,46.99,20.0
2021-11-05,24.9,21.0,22.7,1.7,15.2,37.4,26.96,Taolagnaro,-25.032,46.99,20.0
2021-11-06,24.8,19.2,22.3,0.0,22.2,54.7,29.34,Taolagnaro,-25.032,46.99,20.0
2021-11-07,26.9,20.1,23.6,0.0,30.8,72.4,27.05,Taolagnaro,-25.032,46.99,20.0
2021-11-08,28.3,21.9,24.9,0.0,29.4,68.4,29.16,Taolagnaro,-25.032,46.99,20.0
2021-11-09,29.8,22.6,25.6,0.0,25.1,60.5,28.61,Taolagnaro,-25.032,46.99,20.0
2021-11-10,29.9,20.9,24.4,0.0,11.6,31.0,28.07,Taolagnaro,-25.032,46.99,20.0
2021-11-11,26.1,21.5,23.7,0.9,14.2,36.7,19.97,Taolagnaro,-25.032,46.99,20.0
2021-11-12,24.3,21.8,23.0,3.6,19.8,47.2,11.46,Taolagnaro,-25.032,46.99,20.0
2021-11-13,30.4,22.9,26.1,0.0,24.2,54.7,25.84,Taolagnaro,-25.032,46.99,20.0
2021-11-14,28.1,21.0,24.7,0.0,14.4,36.7,25.73,Taolagnaro,-25.032,46.99,20.0
2021-11-15,25.9,22.5,24.0,1.0,18.4,45.7,24.27,Taolagnaro,-25.032,46.99,20.0
2021-11-16,27.4,22.2,24.5,0.8,23.7,57.6,22.63,Taolagnaro,-25.032,46.99,20.0
2021-11-17,29.0,21.2,25.3,0.2,21.3,48.6,27.21,Taolagnaro,-25.032,46.99,20.0
2021-11-18,30.7,22.6,26.4,0.0,31.3,71.3,26.81,Taolagnaro,-25.032,46.99,20.0
2021-11-19,30.7,22.2,25.9,0.0,21.6,50.4,28.62,Taolagnaro,-25.032,46.99,20.0
2021-11-20,29.5,20.9,25.5,0.0,11.9,31.3,27.08,Taolagnaro,-25.032,46.99,20.0
2021-11-21,25.0,22.4,23.6,12.1,20.9,50.4,16.23,Taolagnaro,-25.032,46.99,20.0
2021-11-22,24.0,21.6,22.7,13.8,23.1,51.8,12.72,Taolagnaro,-25.032,46.99,20.0
2021-11-23,28.5,21.8,25.1,2.3,23.3,54.0,27.1,Taolagnaro,-25.032,46.99,20.0
2021-11-24,30.0,21.1,24.3,18.1,17.9,44.6,20.74,Taolagnaro,-25.032,46.99,20.0
2021-11-25,25.0,21.0,22.6,0.9,23.0,55.1,21.55,Taolagnaro,-25.032,46.99,20.0
2021-11-26,23.1,19.2,21.2,0.6,17.2,43.9,20.75,Taolagnaro,-25.032,46.99,20.0
2021-11-27,24.1,18.9,21.0,0.0,28.4,69.5,26.83,Taolagnaro,-25.032,46.99,20.0
2021-11-28,23.6,18.4,20.9,0.0,18.2,45.0,28.84,Taolagnaro,-25.032,46.99,20.0
2021-11-29,26.1,18.3,22.9,0.0,27.9,65.9,29.42,Taolagnaro,-25.032,46.99,20.0
2021-11-30,27.3,22.4,24.6,0.5,29.9,69.8,25.71,Taolagnaro,-25.032,46.99,20.0
2021-12-01,28.1,23.2,25.3,0.0,26.9,63.7,26.73,Taolagnaro,-25.032,46.99,20.0
2021-12-02,27.1,22.9,24.9,0.0,32.0,74.2,25.27,Taolagnaro,-25.032,46.99,20.0
2021-12-03,27.9,23.1,25.2,0.0,32.0,74.9,30.43,Taolagnaro,-25.032,46.99,20.0
2021-12-04,29.9,22.5,25.9,0.0,30.6,70.2,30.69,Taolagnaro,-25.032,46.99,20.0
2021-12-05,30.4,23.4,26.3,0.0,27.2,63.0,30.18,Taolagnaro,-25.032,46.99,20.0
2021-12-06,29.0,23.9,26.2,0.0,33.6,78.1,30.88,Taolagnaro,-25.032,46.99,20.0
2021-12-07,29.7,23.4,26.3,0.0,30.3,70.2,30.77,Taolagnaro,-25.032,46.99,20.0
2021-12-08,29.4,23.1,25.9,0.0,32.0,74.9,30.98,Taolagnaro,-25.032,46.99,20.0
2021-12-09,28.4,24.0,26.0,0.0,32.9,78.1,30.66,Taolagnaro,-25.032,46.99,20.0
2021-12-10,28.8,23.8,26.0,0.0,29.3,69.5,29.3,Taolagnaro,-25.032,46.99,20.0
2021-12-11,28.1,23.6,25.6,0.0,29.8,69.8,25.9,Taolagnaro,-25.032,46.99,20.0
2021-12-12,28.0,23.7,25.6,0.0,29.0,70.2,31.02,Taolagnaro,-25.032,46.99,20.0
2021-12-13,28.0,23.8,25.7,0.0,30.8,72.0,29.42,Taolagnaro,-25.032,46.99,20.0
2021-12-14,28.0,23.5,25.7,0.0,30.5,72.4,29.74,Taolagnaro,-25.032,46.99,20.0
2021-12-15,28.8,22.8,25.9,0.0,31.9,73.8,30.31,Taolagnaro,-25.032,46.99,20.0
2021-12-16,28.3,23.5,26.0,0.0,31.6,74.9,30.59,Taolagnaro,-25.032,46.99,20.0
2021-12-17,29.4,22.7,26.2,0.0,25.6,60.5,30.72,Taolagnaro,-25.032,46.99,20.0
2021-12-18,28.0,21.5,23.6,5.5,23.2,57.2,22.47,Taolagnaro,-25.032,46.99,20.0
2021-12-19,22.8,18.1,21.1,2.3,16.6,41.4,10.96,Taolagnaro,-25.032,46.99,20.0
2021-12-20,23.3,17.7,21.3,5.1,16.6,40.0,10.96,Taolagnaro,-25.032,46.99,20.0
2021-12-21,24.0,20.7,22.1,13.1,24.2,56.9,10.39,Taolagnaro,-25.032,46.99,20.0
2021-12-22,29.8,21.6,25.1,5.1,23.1,58.3,23.53,Taolagnaro,-25.032,46.99,20.0
2021-12-23,27.6,21.6,23.8,0.0,27.7,66.2,26.97,Taolagnaro,-25.032,46.99,20.0
2021-12-24,27.5,20.7,23.4,14.5,15.6,38.9,18.9,Taolagnaro,-25.032,46.99,20.0
2021-12-25,26.3,21.9,23.6,18.2,18.7,44.3,18.66,Taolagnaro,-25.032,46.99,20.0
2021-12-26,26.2,21.8,23.5,9.1,20.1,44.6,18.03,Taolagnaro,-25.032,46.99,20.0
2021-12-27,24.3,21.1,22.9,10.7,24.7,59.0,12.37,Taolagnaro,-25.032,46.99,20.0
2021-12-28,27.5,23.4,25.4,0.1,33.8,78.8,21.21,Taolagnaro,-25.032,46.99,20.0
2021-12-29,29.5,23.7,26.4,0.0,27.6,64.4,29.12,Taolagnaro,-25.032,46.99,20.0
2021-12-30,29.9,23.6,26.3,0.8,23.8,55.4,27.02,Taolagnaro,-25.032,46.99,20.0
2021-12-31,29.4,22.8,25.8,1.2,18.0,42.1,26.2,Taolagnaro,-25.032,46.99,20.0
2022-01-01,28.4,21.7,25.0,0.3,15.6,39.6,28.34,Taolagnaro,-25.032,46.99,20.0
2022-01-02,27.4,21.6,24.6,0.5,18.6,46.8,28.93,Taolagnaro,-25.032,46.99,20.0
2022-01-03,26.8,21.7,24.5,5.0,16.3,41.0,27.86,Taolagnaro,-25.032,46.99,20.0
2022-01-04,27.2,22.7,25.1,3.6,19.6,47.9,23.25,Taolagnaro,-25.032,46.99,20.0
2022-01-05,29.2,23.2,25.8,0.8,22.5,53.6,20.11,Taolagnaro,-25.032,46.99,20.0
2022-01-06,27.7,22.8,24.6,5.8,18.7,45.7,20.08,Taolagnaro,-25.032,46.99,20.0
2022-01-07,27.6,22.6,25.1,2.0,18.6,46.4,27.21,Taolagnaro,-25.032,46.99,20.0
2022-01-08,28.1,23.1,25.6,0.9,23.0,55.1,28.57,Taolagnaro,-25.032,46.99,20.0
2022-01-09,28.2,23.4,25.5,1.7,23.0,54.7,26.59,Taolagnaro,-25.032,46.99,20.0
2022-01-10,27.8,22.3,24.6,6.9,26.4,63.0,26.18,Taolagnaro,-25.032,46.99,20.0
2022-01-11,25.0,22.2,23.5,12.5,20.5,52.6,11.05,Taolagnaro,-25.032,46.99,20.0
2022-01-12,28.1,23.0,25.5,0.9,17.7,41.4,23.57,Taolagnaro,-25.032,46.99,20.0
2022-01-13,29.2,23.5,25.8,3.6,13.3,33.1,23.42,Taolagnaro,-25.032,46.99,20.0
2022-01-14,28.0,23.1,25.4,9.1,20.8,51.8,25.27,Taolagnaro,-25.032,46.99,20.0
2022-01-15,26.0,22.9,24.3,8.3,15.0,42.1,15.73,Taolagnaro,-25.032,46.99,20.0
2022-01-16,25.0,21.7,23.1,25.8,12.4,33.8,12.26,Taolagnaro,-25.032,46.99,20.0
2022-01-17,25.5,22.2,23.6,14.5,16.8,41.4,19.59,Taolagnaro,-25.032,46.99,20.0
2022-01-18,26.3,21.7,24.1,7.1,18.0,45.7,25.56,Taolagnaro,-25.032,46.99,20.0
2022-01-19,26.6,20.2,23.5,1.6,20.1,50.8,26.03,Taolagnaro,-25.032,46.99,20.0
2022-01-20,25.5,20.9,23.6,8.3,19.1,46.8,20.38,Taolagnaro,-25.032,46.99,20.0
2022-01-21,26.5,22.0,24.1,6.5,15.5,34.6,20.35,Taolagnaro,-25.032,46.99,20.0
2022-01-22,28.6,21.4,25.2,3.3,19.8,49.0,23.87,Taolagnaro,-25.032,46.99,20.0
2022-01-23,26.7,23.6,24.9,13.0,30.1,70.9,16.43,Taolagnaro,-25.032,46.99,20.0
2022-01-24,26.2,23.8,24.9,5.9,33.9,82.1,15.58,Taolagnaro,-25.032,46.99,20.0
2022-01-25,26.8,22.7,25.0,0.5,30.0,71.3,26.16,Taolagnaro,-25.032,46.99,20.0
2022-01-26,26.7,22.5,24.6,0.8,26.1,62.3,25.87,Taolagnaro,-25.032,46.99,20.0
2022-01-27,27.1,22.7,24.7,0.1,23.8,58.0,28.12,Taolagnaro,-25.032,46.99,20.0
2022-01-28,28.0,22.5,25.3,0.0,28.5,68.0,30.46,Taolagnaro,-25.032,46.99,20.0
2022-01-29,29.1,21.7,25.6,0.0,25.0,59.0,31.01,Taolagnaro,-25.032,46.99,20.0
2022-01-30,28.3,24.2,25.8,0.1,24.1,55.1,29.96,Taolagnaro,-25.032,46.99,20.0
2022-01-31,27.9,23.0,25.6,0.4,24.0,57.6,29.89,Taolagnaro,-25.032,46.99,20.0
2022-02-01,27.7,23.5,25.1,3.7,25.6,61.6,26.59,Taolagnaro,-25.032,46.99,20.0
2022-02-02,27.4,22.1,24.7,1.6,23.5,56.2,26.58,Taolagnaro,-25.032,46.99,20.0
2022-02-03,28.1,23.2,25.4,1.2,24.2,56.5,28.21,Taolagnaro,-25.032,46.99,20.0
2022-02-04,28.2,23.9,25.9,2.9,25.4,61.9,26.08,Taolagnaro,-25.032,46.99,20.0
2022-02-05,24.8,22.6,23.8,37.3,31.3,70.6,4.88,Taolagnaro,-25.032,46.99,20.0
2022-02-06,25.5,23.1,24.2,64.5,44.5,104.4,7.77,Taolagnaro,-25.032,46.99,20.0
2022-02-07,28.4,23.5,25.7,9.7,37.2,84.2,18.53,Taolagnaro,-25.032,46.99,20.0
2022-02-08,30.4,24.9,26.8,1.3,30.0,68.4,21.54,Taolagnaro,-25.032,46.99,20.0
2022-02-09,29.6,23.3,26.3,0.5,13.2,30.2,26.7,Taolagnaro,-25.032,46.99,20.0
2022-02-10,27.9,23.7,25.7,1.3,10.6,31.0,22.97,Taolagnaro,-25.032,46.99,20.0
2022-02-11,28.1,23.3,25.6,1.0,17.0,42.8,27.0,Taolagnaro,-25.032,46.99,20.0
2022-02-12,28.5,23.6,25.7,0.8,19.0,47.5,28.38,Taolagnaro,-25.032,46.99,20.0
2022-02-13,28.1,22.9,25.4,3.9,20.1,49.7,24.02,Taolagnaro,-25.032,46.99,20.0
2022-02-14,29.7,23.2,26.4,0.0,26.9,63.4,27.95,Taolagnaro,-25.032,46.99,20.0
2022-02-15,29.4,24.8,26.8,0.8,24.5,59.4,26.25,Taolagnaro,-25.032,46.99,20.0
2022-02-16,28.1,23.9,25.8,1.8,23.8,56.9,26.69,Taolagnaro,-25.032,46.99,20.0
2022-02-17,27.2,22.8,24.9,1.1,26.6,62.3,26.02,Taolagnaro,-25.032,46.99,20.0
2022-02-18,28.1,22.9,25.6,0.1,26.7,62.6,27.22,Taolagnaro,-25.032,46.99,20.0
2022-02-19,26.4,23.1,25.0,2.4,23.7,56.2,24.31,Taolagnaro,-25.032,46.99,20.0
2022-02-20,27.9,23.0,25.6,0.0,26.0,62.3,28.42,Taolagnaro,-25.032,46.99,20.0
2022-02-21,28.7,22.6,25.7,0.2,23.8,57.6,26.04,Taolagnaro,-25.032,46.99,20.0
2022-02-22,27.7,23.9,25.4,6.4,30.1,71.3,15.55,Taolagnaro,-25.032,46.99,20.0
2022-02-23,25.1,23.7,24.1,106.5,59.0,141.1,4.87,Taolagnaro,-25.032,46.99,20.0
2022-02-24,30.9,24.5,26.9,13.1,32.1,79.6,24.53,Taolagnaro,-25.032,46.99,20.0
2022-02-25,29.2,23.6,25.5,6.8,12.0,35.3,19.25,Taolagnaro,-25.032,46.99,20.0
2022-02-26,26.5,22.5,24.5,0.3,12.5,32.8,21.91,Taolagnaro,-25.032,46.99,20.0
2022-02-27,24.9,22.8,24.0,5.3,16.3,38.5,9.66,Taolagnaro,-25.032,46.99,20.0
2022-02-28,28.2,23.5,25.5,0.1,17.5,44.3,26.1,Taolagnaro,-25.032,46.99,20.0
2022-03-01,28.5,22.0,25.2,0.2,14.9,36.4,25.16,Taolagnaro,-25.032,46.99,20.0
2022-03-02,27.5,22.5,24.3,7.4,13.2,30.2,20.02,Taolagnaro,-25.032,46.99,20.0
2022-03-03,28.1,22.9,25.4,1.8,19.0,46.4,21.23,Taolagnaro,-25.032,46.99,20.0
2022-03-04,28.2,23.7,25.9,0.7,20.6,50.8,24.61,Taolagnaro,-25.032,46.99,20.0
2022-03-05,27.9,24.2,25.9,1.9,19.1,46.1,23.19,Taolagnaro,-25.032,46.99,20.0
2022-03-06,28.3,23.7,25.8,0.4,18.4,45.0,24.65,Taolagnaro,-25.032,46.99,20.0
2022-03-07,28.6,22.7,25.7,0.0,20.7,50.8,26.38,Taolagnaro,-25.032,46.99,20.0
2022-03-08,28.9,23.3,26.1,0.0,24.6,59.4,25.08,Taolagnaro,-25.032,46.99,20.0
2022-03-09,28.6,24.1,26.2,0.0,26.6,62.6,24.83,Taolagnaro,-25.032,46.99,20.0
2022-03-10,28.6,24.6,26.2,0.4,24.5,58.3,23.15,Taolagnaro,-25.032,46.99,20.0
2022-03-11,27.5,23.8,25.3,1.8,20.2,48.2,22.33,Taolagnaro,-25.032,46.99,20.0
2022-03-12,28.0,23.4,25.2,1.7,22.1,53.3,23.83,Taolagnaro,-25.032,46.99,20.0
2022-03-13,28.0,23.1,25.1,3.9,24.8,61.6,21.01,Taolagnaro,-25.032,46.99,20.0
2022-03-14,27.7,23.6,25.2,0.1,24.6,59.8,19.82,Taolagnaro,-25.032,46.99,20.0
2022-03-15,27.5,23.9,25.5,1.7,26.6,61.9,21.15,Taolagnaro,-25.032,46.99,20.0
2022-03-16,29.4,23.4,26.1,0.1,22.5,53.3,23.45,Taolagnaro,-25.032,46.99,20.0
2022-03-17,29.6,23.5,26.4,0.5,22.9,55.8,22.66,Taolagnaro,-25.032,46.99,20.0
2022-03-18,28.9,22.1,25.0,14.2,21.6,53.3,18.93,Taolagnaro,-25.032,46.99,20.0
2022-03-19,25.7,21.7,23.7,2.1,16.9,38.5,20.18,Taolagnaro,-25.032,46.99,20.0
2022-03-20,25.9,20.1,23.4,0.1,13.6,33.5,19.91,Taolagnaro,-25.032,46.99,20.0
2022-03-21,26.5,21.0,23.2,2.7,18.4,45.7,19.84,Taolagnaro,-25.032,46.99,20.0
2022-03-22,27.3,20.2,24.0,0.0,21.9,54.0,24.66,Taolagnaro,-25.032,46.99,20.0
2022-03-23,28.1,22.1,25.1,0.0,23.7,56.5,23.83,Taolagnaro,-25.032,46.99,20.0
2022-03-24,28.8,23.2,25.7,0.0,23.0,55.4,22.89,Taolagnaro,-25.032,46.99,20.0
2022-03-25,28.7,22.6,25.6,0.0,16.0,37.4,21.61,Taolagnaro,-25.032,46.99,20.0
2022-03-26,27.2,22.7,25.2,2.1,12.3,33.1,19.46,Taolagnaro,-25.032,46.99,20.0
2022-03-27,26.1,22.9,24.3,11.1,15.5,38.5,10.26,Taolagnaro,-25.032,46.99,20.0
2022-03-28,24.8,22.1,23.1,23.7,23.4,57.2,8.12,Taolagnaro,-25.032,46.99,20.0
2022-03-29,25.8,20.5,23.8,9.1,23.6,55.4,18.13,Taolagnaro,-25.032,46.99,20.0
2022-03-30,27.2,22.2,24.5,2.5,24.9,59.4,19.36,Taolagnaro,-25.032,46.99,20.0
2022-03-31,26.8,22.8,24.6,0.6,27.6,65.5,20.48,Taolagnaro,-25.032,46.99,20.0
2022-04-01,26.5,21.8,23.9,1.1,25.0,60.5,21.37,Taolagnaro,-25.032,46.99,20.0
2022-04-02,27.8,21.3,24.2,0.0,23.7,56.5,22.55,Taolagnaro,-25.032,46.99,20.0
2022-04-03,27.5,22.2,24.4,0.0,20.4,49.7,21.66,Taolagnaro,-25.032,46.99,20.0
2022-04-04,27.6,21.4,24.3,0.0,17.4,43.2,21.17,Taolagnaro,-25.032,46.99,20.0
2022-04-05,28.5,22.1,25.2,0.0,21.8,52.2,21.15,Taolagnaro,-25.032,46.99,20.0
2022-04-06,28.8,22.8,25.6,0.0,23.3,55.1,21.45,Taolagnaro,-25.032,46.99,20.0
2022-04-07,28.8,23.1,25.7,0.0,23.9,56.9,20.47,Taolagnaro,-25.032,46.99,20.0
2022-04-08,27.7,23.6,25.7,0.3,24.0,58.7,19.51,Taolagnaro,-25.032,46.99,20.0
2022-04-09,27.6,23.0,24.8,1.2,21.6,53.6,19.41,Taolagnaro,-25.032,46.99,20.0
2022-04-10,27.1,21.6,23.8,6.4,19.8,47.5,17.83,Taolagnaro,-25.032,46.99,20.0
2022-04-11,24.5,21.5,22.7,27.8,23.7,56.2,13.88,Taolagnaro,-25.032,46.99,20.0
2022-04-12,24.6,21.4,22.3,26.2,29.2,65.5,7.82,Taolagnaro,-25.032,46.99,20.0
2022-04-13,26.8,22.0,24.2,1.6,29.2,68.4,18.75,Taolagnaro,-25.032,46.99,20.0
2022-04-14,27.5,23.1,25.3,0.0,29.2,68.8,18.43,Taolagnaro,-25.032,46.99,20.0
2022-04-15,28.2,23.6,25.5,0.0,28.5,66.2,19.16,Taolagnaro,-25.032,46.99,20.0
2022-04-16,27.4,23.7,25.3,0.1,26.0,61.6,17.72,Taolagnaro,-25.032,46.99,20.0
2022-04-17,27.5,23.6,25.0,0.0,23.4,55.8,18.53,Taolagnaro,-25.032,46.99,20.0
2022-04-18,27.4,22.6,24.8,0.1,25.9,61.2,18.41,Taolagnaro,-25.032,46.99,20.0
2022-04-19,27.5,23.7,25.3,0.0,24.1,56.9,18.4,Taolagnaro,-25.032,46.99,20.0
2022-04-20,27.2,22.6,24.5,2.0,16.8,38.9,16.86,Taolagnaro,-25.032,46.99,20.0
2022-04-21,23.9,21.7,22.7,19.4,22.9,51.5,7.82,Taolagnaro,-25.032,46.99,20.0
2022-04-22,25.4,21.9,23.7,5.9,28.1,68.4,13.27,Taolagnaro,-25.032,46.99,20.0
2022-04-23,25.5,22.4,23.8,5.4,30.8,71.6,12.22,Taolagnaro,-25.032,46.99,20.0
2022-04-24,25.8,22.9,24.1,1.2,26.0,62.6,8.26,Taolagnaro,-25.032,46.99,20.0
2022-04-25,26.4,22.5,24.4,0.0,30.8,72.7,15.33,Taolagnaro,-25.032,46.99,20.0
2022-04-26,28.1,22.6,24.7,1.6,26.3,60.5,18.48,Taolagnaro,-25.032,46.99,20.0
2022-04-27,25.1,21.9,23.0,13.9,31.9,72.7,14.37,Taolagnaro,-25.032,46.99,20.0
2022-04-28,22.9,20.3,21.6,3.8,17.3,45.4,13.4,Taolagnaro,-25.032,46.99,20.0
2022-04-29,23.2,20.1,21.5,1.2,20.2,49.0,13.9,Taolagnaro,-25.032,46.99,20.0
2022-04-30,25.9,17.6,22.1,0.3,18.5,42.8,18.46,Taolagnaro,-25.032,46.99,20.0
2022-05-01,27.5,18.6,22.6,0.0,22.7,54.0,17.22,Taolagnaro,-25.032,46.99,20.0
2022-05-02,24.3,19.0,21.7,0.2,17.0,41.8,17.34,Taolagnaro,-25.032,46.99,20.0
2022-05-03,24.3,17.2,20.9,0.3,10.0,27.4,15.48,Taolagnaro,-25.032,46.99,20.0
2022-05-04,25.5,18.4,22.1,0.8,20.1,48.2,16.65,Taolagnaro,-25.032,46.99,20.0
2022-05-05,24.7,20.3,22.2,1.4,28.6,66.6,15.6,Taolagnaro,-25.032,46.99,20.0
2022-05-06,24.6,21.5,22.8,1.2,26.6,62.3,10.98,Taolagnaro,-25.032,46.99,20.0
2022-05-07,26.4,20.7,23.2,6.7,23.7,55.1,12.65,Taolagnaro,-25.032,46.99,20.0
2022-05-08,26.8,20.0,22.7,0.6,18.5,45.0,16.28,Taolagnaro,-25.032,46.99,20.0
2022-05-09,25.8,18.8,22.2,2.3,8.4,23.0,14.14,Taolagnaro,-25.032,46.99,20.0
2022-05-10,26.4,18.4,21.5,2.5,20.0,51.1,15.61,Taolagnaro,-25.032,46.99,20.0
2022-05-11,23.8,18.0,21.1,0.9,19.2,44.6,15.37,Taolagnaro,-25.032,46.99,20.0
2022-05-12,24.5,16.5,20.2,0.0,9.7,24.1,16.78,Taolagnaro,-25.032,46.99,20.0
2022-05-13,24.9,16.8,21.0,0.0,18.8,44.6,16.9,Taolagnaro,-25.032,46.99,20.0
2022-05-14,25.4,18.5,21.8,0.0,21.9,52.6,17.12,Taolagnaro,-25.032,46.99,20.0
2022-05-15,24.8,18.6,21.8,0.7,17.7,43.2,16.22,Taolagnaro,-25.032,46.99,20.0
2022-05-16,24.3,18.9,21.5,2.4,17.5,43.2,13.74,Taolagnaro,-25.032,46.99,20.0
2022-05-17,23.2,19.0,20.9,5.6,18.6,45.4,12.1,Taolagnaro,-25.032,46.99,20.0
2022-05-18,24.4,18.1,21.2,1.0,19.2,46.1,16.17,Taolagnaro,-25.032,46.99,20.0
2022-05-19,25.5,19.1,22.3,0.0,23.6,55.8,16.58,Taolagnaro,-25.032,46.99,20.0
2022-05-20,26.0,19.9,22.7,0.0,24.0,57.2,16.56,Taolagnaro,-25.032,46.99,20.0
2022-05-21,26.3,20.4,22.7,0.0,21.5,51.8,16.23,Taolagnaro,-25.032,46.99,20.0
2022-05-22,25.6,17.2,21.5,0.0,22.0,52.2,16.57,Taolagnaro,-25.032,46.99,20.0
2022-05-23,25.7,18.8,22.2,0.0,23.8,56.9,15.99,Taolagnaro,-25.032,46.99,20.0
2022-05-24,27.2,19.8,23.1,0.0,21.8,49.3,15.77,Taolagnaro,-25.032,46.99,20.0
2022-05-25,25.1,17.7,21.1,0.0,11.5,29.9,14.16,Taolagnaro,-25.032,46.99,20.0
2022-05-26,26.1,17.9,21.4,0.0,17.2,40.3,14.92,Taolagnaro,-25.032,46.99,20.0
2022-05-27,24.2,18.5,20.9,2.0,22.7,60.5,12.64,Taolagnaro,-25.032,46.99,20.0
2022-05-28,22.9,16.5,19.6,0.3,10.3,24.1,14.44,Taolagnaro,-25.032,46.99,20.0
2022-05-29,22.7,17.9,20.1,1.1,29.8,69.1,12.23,Taolagnaro,-25.032,46.99,20.0
2022-05-30,25.8,17.8,21.6,0.0,21.6,50.4,15.82,Taolagnaro,-25.032,46.99,20.0
2022-05-31,25.5,15.0,20.1,0.0,20.5,46.4,14.75,Taolagnaro,-25.032,46.99,20.0
2022-06-01,23.3,14.4,19.2,0.2,12.2,34.2,15.17,Taolagnaro,-25.032,46.99,20.0
2022-06-02,21.5,18.3,19.6,5.1,22.3,51.8,11.71,Taolagnaro,-25.032,46.99,20.0
2022-06-03,24.0,17.1,21.0,0.2,17.9,43.2,12.81,Taolagnaro,-25.032,46.99,20.0
2022-06-04,23.8,21.1,22.2,0.1,22.2,52.2,8.93,Taolagnaro,-25.032,46.99,20.0
2022-06-05,24.1,19.8,21.7,0.5,23.1,54.7,8.95,Taolagnaro,-25.032,46.99,20.0
2022-06-06,22.0,18.8,20.2,8.3,13.7,32.0,7.87,Taolagnaro,-25.032,46.99,20.0
2022-06-07,21.5,18.4,19.9,11.3,14.4,34.6,8.68,Taolagnaro,-25.032,46.99,20.0
2022-06-08,21.4,18.1,20.0,10.8,12.2,27.4,4.95,Taolagnaro,-25.032,46.99,20.0
2022-06-09,21.4,15.4,18.7,3.6,20.5,48.6,11.98,Taolagnaro,-25.032,46.99,20.0
2022-06-10,23.6,16.8,19.7,0.2,16.3,39.2,14.66,Taolagnaro,-25.032,46.99,20.0
2022-06-11,22.2,15.5,19.2,1.5,17.1,41.8,10.25,Taolagnaro,-25.032,46.99,20.0
2022-06-12,23.5,18.5,20.8,1.2,21.0,50.4,13.9,Taolagnaro,-25.032,46.99,20.0
2022-06-13,24.0,17.1,20.9,0.0,23.7,57.2,15.27,Taolagnaro,-25.032,46.99,20.0
2022-06-14,23.3,17.6,20.7,0.9,24.2,56.5,9.65,Taolagnaro,-25.032,46.99,20.0
2022-06-15,25.5,18.6,21.6,0.0,21.2,50.0,13.73,Taolagnaro,-25.032,46.99,20.0
2022-06-16,25.3,15.8,20.8,0.2,17.9,41.0,12.31,Taolagnaro,-25.032,46.99,20.0
2022-06-17,22.2,16.4,19.4,0.0,23.6,57.6,14.45,Taolagnaro,-25.032,46.99,20.0
2022-06-18,22.2,13.2,17.9,0.0,18.7,44.6,14.22,Taolagnaro,-25.032,46.99,20.0
2022-06-19,21.0,14.3,18.0,1.1,14.8,34.9,11.72,Taolagnaro,-25.032,46.99,20.0
2022-06-20,22.4,16.5,19.3,0.3,18.9,46.4,12.86,Taolagnaro,-25.032,46.99,20.0
2022-06-21,22.7,14.5,18.2,0.3,10.2,27.7,12.95,Taolagnaro,-25.032,46.99,20.0
2022-06-22,20.7,15.4,18.2,7.0,16.0,37.1,6.68,Taolagnaro,-25.032,46.99,20.0
2022-06-23,21.2,17.6,19.5,1.9,22.0,54.0,11.32,Taolagnaro,-25.032,46.99,20.0
2022-06-24,22.2,17.3,19.6,0.0,26.5,61.9,14.04,Taolagnaro,-25.032,46.99,20.0
2022-06-25,24.4,15.5,19.0,0.0,16.4,40.7,14.9,Taolagnaro,-25.032,46.99,20.0
2022-06-26,21.9,15.0,18.5,1.5,20.1,48.2,12.08,Taolagnaro,-25.032,46.99,20.0
2022-06-27,20.3,17.0,18.8,4.4,15.5,39.2,9.47,Taolagnaro,-25.032,46.99,20.0
2022-06-28,21.7,16.4,19.3,0.0,15.3,38.5,14.3,Taolagnaro,-25.032,46.99,20.0
2022-06-29,21.1,18.1,19.3,0.5,18.4,44.3,9.59,Taolagnaro,-25.032,46.99,20.0
2022-06-30,21.6,16.5,19.0,1.0,18.3,43.9,11.77,Taolagnaro,-25.032,46.99,20.0
2022-07-01,22.8,17.4,19.9,0.0,20.2,47.9,12.36,Taolagnaro,-25.032,46.99,20.0
2022-07-02,22.7,19.1,20.8,0.0,26.1,63.7,12.64,Taolagnaro,-25.032,46.99,20.0
2022-07-03,23.3,16.7,20.0,0.0,25.2,59.4,14.61,Taolagnaro,-25.032,46.99,20.0
2022-07-04,24.0,16.0,19.9,0.0,23.4,55.1,15.25,Taolagnaro,-25.032,46.99,20.0
2022-07-05,23.1,18.2,20.4,0.0,22.6,54.7,12.9,Taolagnaro,-25.032,46.99,20.0
2022-07-06,23.9,17.1,20.2,0.0,21.1,50.8,15.29,Taolagnaro,-25.032,46.99,20.0
2022-07-07,24.2,17.9,20.5,0.0,21.5,50.8,15.35,Taolagnaro,-25.032,46.99,20.0
2022-07-08,22.6,18.0,20.3,0.0,26.8,63.7,13.4,Taolagnaro,-25.032,46.99,20.0
2022-07-09,22.3,18.8,20.2,1.6,27.8,65.2,12.66,Taolagnaro,-25.032,46.99,20.0
2022-07-10,22.1,18.7,20.1,0.8,27.8,65.5,10.68,Taolagnaro,-25.032,46.99,20.0
2022-07-11,23.4,16.9,20.0,0.0,27.0,60.1,15.0,Taolagnaro,-25.032,46.99,20.0
2022-07-12,24.3,14.1,19.4,0.0,15.5,39.6,15.34,Taolagnaro,-25.032,46.99,20.0
2022-07-13,23.2,16.0,19.8,0.0,23.7,54.4,13.7,Taolagnaro,-25.032,46.99,20.0
2022-07-14,23.6,17.1,20.1,0.0,23.0,53.6,15.57,Taolagnaro,-25.032,46.99,20.0
2022-07-15,23.6,15.2,19.6,0.4,21.6,50.8,15.48,Taolagnaro,-25.032,46.99,20.0
2022-07-16,21.4,17.4,19.1,5.0,18.2,43.2,8.88,Taolagnaro,-25.032,46.99,20.0
2022-07-17,21.2,17.3,19.3,8.7,20.9,49.3,9.84,Taolagnaro,-25.032,46.99,20.0
2022-07-18,20.6,17.1,18.9,14.3,26.6,59.4,7.74,Taolagnaro,-25.032,46.99,20.0
2022-07-19,22.7,18.4,20.8,0.1,30.0,70.6,13.77,Taolagnaro,-25.032,46.99,20.0
2022-07-20,23.1,18.0,20.3,0.1,25.2,59.4,15.68,Taolagnaro,-25.032,46.99,20.0
2022-07-21,23.8,17.1,20.2,0.0,24.0,58.0,15.77,Taolagnaro,-25.032,46.99,20.0
2022-07-22,23.0,15.5,19.6,0.0,25.6,59.8,16.16,Taolagnaro,-25.032,46.99,20.0
2022-07-23,23.2,17.1,19.9,0.0,23.6,57.2,15.34,Taolagnaro,-25.032,46.99,20.0
2022-07-24,24.6,15.8,20.2,0.0,20.7,50.8,15.49,Taolagnaro,-25.032,46.99,20.0
2022-07-25,24.5,15.9,20.1,0.0,16.9,40.0,15.65,Taolagnaro,-25.032,46.99,20.0
2022-07-26,23.0,15.1,19.4,0.9,12.5,32.4,13.93,Taolagnaro,-25.032,46.99,20.0
2022-07-27,22.3,17.3,19.5,1.3,10.1,27.0,11.28,Taolagnaro,-25.032,46.99,20.0
2022-07-28,22.1,16.3,19.3,2.3,9.4,25.9,13.26,Taolagnaro,-25.032,46.99,20.0
2022-07-29,21.9,19.0,20.1,2.0,19.2,46.4,10.2,Taolagnaro,-25.032,46.99,20.0
2022-07-30,23.6,19.3,20.8,0.3,28.1,66.6,13.57,Taolagnaro,-25.032,46.99,20.0
2022-07-31,25.3,16.6,20.8,0.0,16.3,42.5,16.22,Taolagnaro,-25.032,46.99,20.0
2022-08-01,24.7,16.1,19.9,3.9,21.1,52.9,14.88,Taolagnaro,-25.032,46.99,20.0
2022-08-02,20.8,18.1,19.5,2.7,16.8,41.8,9.34,Taolagnaro,-25.032,46.99,20.0
2022-08-03,22.7,17.9,20.1,0.0,22.4,53.6,15.6,Taolagnaro,-25.032,46.99,20.0
2022-08-04,23.0,17.4,20.2,0.0,29.5,67.7,15.7,Taolagnaro,-25.032,46.99,20.0
2022-08-05,25.7,17.1,21.1,0.0,21.4,51.1,15.26,Taolagnaro,-25.032,46.99,20.0
2022-08-06,23.2,14.9,18.9,0.1,7.9,23.8,16.21,Taolagnaro,-25.032,46.99,20.0
2022-08-07,23.2,14.8,19.0,1.5,13.8,35.3,16.57,Taolagnaro,-25.032,46.99,20.0
2022-08-08,22.2,16.2,19.2,4.1,20.0,48.6,14.14,Taolagnaro,-25.032,46.99,20.0
2022-08-09,21.6,18.2,19.5,9.5,28.2,66.2,14.28,Taolagnaro,-25.032,46.99,20.0
2022-08-10,22.2,17.9,20.0,5.2,29.7,69.5,9.69,Taolagnaro,-25.032,46.99,20.0
2022-08-11,22.4,18.3,20.1,0.3,30.8,72.4,16.43,Taolagnaro,-25.032,46.99,20.0
2022-08-12,23.0,17.7,20.3,0.0,25.6,61.6,17.67,Taolagnaro,-25.032,46.99,20.0
2022-08-13,23.7,16.9,20.4,0.0,30.0,70.2,18.51,Taolagnaro,-25.032,46.99,20.0
2022-08-14,24.6,17.9,21.0,0.0,30.4,70.6,18.23,Taolagnaro,-25.032,46.99,20.0
2022-08-15,26.0,18.0,21.4,0.0,23.9,60.1,17.72,Taolagnaro,-25.032,46.99,20.0
2022-08-16,22.1,17.1,20.1,2.0,20.1,50.4,11.73,Taolagnaro,-25.032,46.99,20.0
2022-08-17,22.8,15.0,19.4,0.1,22.6,54.7,16.74,Taolagnaro,-25.032,46.99,20.0
2022-08-18,26.4,17.0,21.5,0.0,21.9,49.7,19.26,Taolagnaro,-25.032,46.99,20.0
2022-08-19,26.1,15.6,20.7,0.0,25.2,56.2,19.03,Taolagnaro,-25.032,46.99,20.0
2022-08-20,26.5,17.7,21.7,0.0,20.6,51.8,18.08,Taolagnaro,-25.032,46.99,20.0
2022-08-21,22.9,18.8,20.5,1.3,21.9,54.7,12.0,Taolagnaro,-25.032,46.99,20.0
2022-08-22,21.6,16.8,19.9,0.1,18.0,42.5,7.91,Taolagnaro,-25.032,46.99,20.0
2022-08-23,23.6,19.2,21.0,0.3,25.3,59.8,16.46,Taolagnaro,-25.032,46.99,20.0
2022-08-24,22.8,18.9,20.6,1.1,27.9,65.5,16.04,Taolagnaro,-25.032,46.99,20.0
2022-08-25,21.5,18.0,19.6,5.2,24.1,58.0,14.72,Taolagnaro,-25.032,46.99,20.0
2022-08-26,23.4,18.3,20.7,0.0,27.6,64.4,18.66,Taolagnaro,-25.032,46.99,20.0
2022-08-27,24.4,18.8,21.2,0.0,27.6,65.2,20.48,Taolagnaro,-25.032,46.99,20.0
2022-08-28,24.3,18.6,21.1,0.0,24.6,57.6,20.62,Taolagnaro,-25.032,46.99,20.0
2022-08-29,24.7,17.2,21.0,0.0,18.9,42.5,20.4,Taolagnaro,-25.032,46.99,20.0
2022-08-30,23.9,16.8,20.6,0.0,16.4,38.2,20.3,Taolagnaro,-25.032,46.99,20.0
2022-08-31,25.4,17.5,20.2,0.1,34.7,76.0,15.29,Taolagnaro,-25.032,46.99,20.0
2022-09-01,21.0,16.6,18.5,2.2,27.5,67.0,15.2,Taolagnaro,-25.032,46.99,20.0
2022-09-02,21.6,16.9,19.2,3.1,19.7,45.0,13.41,Taolagnaro,-25.032,46.99,20.0
2022-09-03,23.0,17.3,20.0,0.0,28.1,65.9,21.27,Taolagnaro,-25.032,46.99,20.0
2022-09-04,23.9,17.0,20.7,0.0,28.3,66.2,22.04,Taolagnaro,-25.032,46.99,20.0
2022-09-05,24.3,18.7,21.3,0.0,30.1,70.2,20.75,Taolagnaro,-25.032,46.99,20.0
2022-09-06,25.9,17.8,21.4,0.0,24.4,56.5,21.73,Taolagnaro,-25.032,46.99,20.0
2022-09-07,24.9,15.5,19.9,0.1,14.4,35.6,21.32,Taolagnaro,-25.032,46.99,20.0
2022-09-08,23.4,18.4,20.6,1.5,21.1,51.1,19.11,Taolagnaro,-25.032,46.99,20.0
2022-09-09,24.3,18.9,21.4,0.0,27.1,63.7,22.06,Taolagnaro,-25.032,46.99,20.0
2022-09-10,24.5,18.9,21.5,0.0,29.6,69.5,22.15,Taolagnaro,-25.032,46.99,20.0
2022-09-11,25.7,18.5,22.0,0.0,24.7,57.6,22.6,Taolagnaro,-25.032,46.99,20.0
2022-09-12,26.3,17.7,21.6,0.0,25.0,58.0,23.12,Taolagnaro,-25.032,46.99,20.0
2022-09-13,24.1,15.0,19.9,0.1,17.9,44.6,21.83,Taolagnaro,-25.032,46.99,20.0
2022-09-14,20.7,17.3,19.5,15.3,19.9,43.2,5.3,Taolagnaro,-25.032,46.99,20.0
2022-09-15,22.4,19.6,20.7,4.9,30.1,72.4,15.14,Taolagnaro,-25.032,46.99,20.0
2022-09-16,24.6,19.3,21.5,0.0,30.7,72.0,21.7,Taolagnaro,-25.032,46.99,20.0
2022-09-17,23.6,19.4,21.3,0.1,29.8,70.6,20.1,Taolagnaro,-25.032,46.99,20.0
2022-09-18,24.9,19.4,21.7,0.0,30.1,70.2,22.14,Taolagnaro,-25.032,46.99,20.0
2022-09-19,24.8,19.1,21.9,0.0,31.7,74.5,22.94,Taolagnaro,-25.032,46.99,20.0
2022-09-20,25.1,19.5,22.0,0.0,31.6,74.2,23.12,Taolagnaro,-25.032,46.99,20.0
2022-09-21,24.6,19.7,21.9,0.0,32.4,76.3,22.53,Taolagnaro,-25.032,46.99,20.0
2022-09-22,25.0,20.0,22.2,0.0,31.1,73.1,23.44,Taolagnaro,-25.032,46.99,20.0
2022-09-23,25.1,19.1,21.9,0.0,31.6,74.5,24.16,Taolagnaro,-25.032,46.99,20.0
2022-09-24,23.9,19.6,21.6,0.2,27.3,67.3,22.32,Taolagnaro,-25.032,46.99,20.0
2022-09-25,25.1,20.3,22.4,0.0,33.2,77.8,23.37,Taolagnaro,-25.032,46.99,20.0
2022-09-26,26.1,20.3,22.6,0.0,33.1,76.3,24.18,Taolagnaro,-25.032,46.99,20.0
2022-09-27,27.6,18.8,22.4,0.0,24.9,56.9,24.68,Taolagnaro,-25.032,46.99,20.0
2022-09-28,24.5,18.4,21.7,0.0,26.3,64.4,24.27,Taolagnaro,-25.032,46.99,20.0
2022-09-29,25.0,18.5,21.8,0.0,28.7,69.1,24.98,Taolagnaro,-25.032,46.99,20.0
2022-09-30,25.7,19.5,22.1,0.0,29.0,67.0,25.06,Taolagnaro,-25.032,46.99,20.0
2022-10-01,25.8,20.2,22.6,0.0,33.5,78.1,25.06,Taolagnaro,-25.032,46.99,20.0
2022-10-02,26.0,21.0,22.8,0.0,31.7,74.9,24.46,Taolagnaro,-25.032,46.99,20.0
2022-10-03,27.5,19.7,23.0,0.0,24.6,56.9,25.24,Taolagnaro,-25.032,46.99,20.0
2022-10-04,27.9,19.5,23.0,0.0,25.6,58.0,25.03,Taolagnaro,-25.032,46.99,20.0
2022-10-05,26.4,17.9,22.3,0.0,21.2,47.2,25.15,Taolagnaro,-25.032,46.99,20.0
2022-10-06,27.7,19.7,23.1,0.0,31.0,68.8,25.7,Taolagnaro,-25.032,46.99,20.0
2022-10-07,27.2,20.2,23.2,0.0,35.4,81.0,25.9,Taolagnaro,-25.032,46.99,20.0
2022-10-08,26.6,20.2,23.1,0.0,35.5,81.0,26.14,Taolagnaro,-25.032,46.99,20.0
2022-10-09,27.0,20.8,23.3,0.0,34.3,79.2,26.23,Taolagnaro,-25.032,46.99,20.0
2022-10-10,28.1,17.3,22.4,0.0,15.7,40.3,26.21,Taolagnaro,-25.032,46.99,20.0
2022-10-11,25.4,17.3,22.1,0.0,31.1,73.8,25.62,Taolagnaro,-25.032,46.99,20.0
2022-10-12,25.5,21.9,23.3,0.0,34.9,81.4,25.78,Taolagnaro,-25.032,46.99,20.0
2022-10-13,25.4,21.6,23.3,0.0,33.8,78.8,25.74,Taolagnaro,-25.032,46.99,20.0
2022-10-14,25.6,21.0,22.9,0.0,32.3,76.7,26.32,Taolagnaro,-25.032,46.99,20.0
2022-10-15,26.1,20.4,22.9,0.0,32.1,74.2,26.68,Taolagnaro,-25.032,46.99,20.0
2022-10-16,26.4,17.5,22.6,0.0,23.3,57.6,26.5,Taolagnaro,-25.032,46.99,20.0
2022-10-17,25.6,20.8,23.0,0.0,32.6,77.0,26.74,Taolagnaro,-25.032,46.99,20.0
2022-10-18,25.2,21.2,23.0,0.0,28.2,67.3,24.31,Taolagnaro,-25.032,46.99,20.0
2022-10-19,25.4,21.2,22.7,0.5,31.9,73.8,25.16,Taolagnaro,-25.032,46.99,20.0
2022-10-20,24.2,21.1,22.5,1.3,34.2,79.2,15.88,Taolagnaro,-25.032,46.99,20.0
2022-10-21,27.7,21.8,24.0,0.0,32.1,75.2,26.44,Taolagnaro,-25.032,46.99,20.0
2022-10-22,26.7,20.9,23.5,0.0,27.8,65.2,26.8,Taolagnaro,-25.032,46.99,20.0
2022-10-23,27.6,19.2,23.5,0.0,22.4,51.1,25.07,Taolagnaro,-25.032,46.99,20.0
2022-10-24,26.9,18.7,23.0,0.2,11.8,31.7,23.3,Taolagnaro,-25.032,46.99,20.0
2022-10-25,27.0,19.2,23.3,0.1,21.0,50.4,21.61,Taolagnaro,-25.032,46.99,20.0
2022-10-26,28.3,20.4,24.2,0.1,17.6,45.0,21.45,Taolagnaro,-25.032,46.99,20.0
2022-10-27,28.2,19.1,23.9,0.0,17.6,42.1,25.34,Taolagnaro,-25.032,46.99,20.0
2022-10-28,28.2,19.9,24.0,0.0,20.4,49.3,26.33,Taolagnaro,-25.032,46.99,20.0
2022-10-29,25.0,21.1,22.6,7.3,20.3,45.7,12.72,Taolagnaro,-25.032,46.99,20.0
2022-10-30,25.4,19.7,22.5,1.9,29.9,69.8,22.99,Taolagnaro,-25.032,46.99,20.0
2022-10-31,28.4,21.6,24.5,0.0,28.8,66.6,27.39,Taolagnaro,-25.032,46.99,20.0
2022-11-01,28.7,21.2,24.6,0.0,20.0,46.4,24.67,Taolagnaro,-25.032,46.99,20.0
2022-11-02,28.0,20.8,23.7,6.5,15.4,35.6,22.26,Taolagnaro,-25.032,46.99,20.0
2022-11-03,23.9,21.8,22.5,8.3,17.5,41.0,10.63,Taolagnaro,-25.032,46.99,20.0
2022-11-04,25.7,21.2,23.7,4.7,20.0,45.0,22.59,Taolagnaro,-25.032,46.99,20.0
2022-11-05,27.4,22.7,24.7,0.0,26.9,64.8,26.63,Taolagnaro,-25.032,46.99,20.0
2022-11-06,29.0,21.7,25.1,0.0,19.1,46.1,23.28,Taolagnaro,-25.032,46.99,20.0
2022-11-07,28.5,21.5,24.7,0.9,17.2,38.2,20.81,Taolagnaro,-25.032,46.99,20.0
2022-11-08,28.5,22.4,25.1,0.0,25.1,59.0,26.99,Taolagnaro,-25.032,46.99,20.0
2022-11-09,28.5,22.2,24.9,0.0,29.3,68.0,28.01,Taolagnaro,-25.032,46.99,20.0
2022-11-10,29.2,21.8,25.2,0.0,16.5,39.6,22.78,Taolagnaro,-25.032,46.99,20.0
2022-11-11,28.0,21.6,24.6,0.0,11.0,28.8,25.65,Taolagnaro,-25.032,46.99,20.0
2022-11-12,27.2,21.5,24.2,7.7,24.1,51.5,28.35,Taolagnaro,-25.032,46.99,20.0
2022-11-13,23.9,20.8,22.8,9.3,25.6,58.7,10.62,Taolagnaro,-25.032,46.99,20.0
2022-11-14,25.8,22.2,23.7,0.5,31.4,73.4,19.98,Taolagnaro,-25.032,46.99,20.0
2022-11-15,25.5,21.0,23.7,3.6,35.9,83.2,22.72,Taolagnaro,-25.032,46.99,20.0
2022-11-16,26.9,21.1,23.5,2.7,30.7,73.8,22.94,Taolagnaro,-25.032,46.99,20.0
2022-11-17,26.3,20.0,23.1,1.8,17.5,38.9,24.3,Taolagnaro,-25.032,46.99,20.0
2022-11-18,26.7,19.5,23.1,0.2,14.1,36.4,27.6,Taolagnaro,-25.032,46.99,20.0
2022-11-19,28.7,20.5,24.7,0.0,15.1,34.2,27.14,Taolagnaro,-25.032,46.99,20.0
2022-11-20,26.9,19.8,23.7,2.4,15.1,37.1,25.94,Taolagnaro,-25.032,46.99,20.0
2022-11-21,24.0,20.4,22.2,9.3,32.6,75.6,25.21,Taolagnaro,-25.032,46.99,20.0
2022-11-22,24.5,17.5,21.7,0.0,13.4,40.3,25.53,Taolagnaro,-25.032,46.99,20.0
2022-11-23,26.7,21.5,23.8,1.4,28.8,68.8,24.16,Taolagnaro,-25.032,46.99,20.0
2022-11-24,27.3,22.7,24.9,0.1,29.0,68.8,27.54,Taolagnaro,-25.032,46.99,20.0
2022-11-25,27.9,22.6,24.9,0.0,28.0,66.2,28.22,Taolagnaro,-25.032,46.99,20.0
2022-11-26,27.9,22.4,25.0,0.0,28.7,68.0,28.72,Taolagnaro,-25.032,46.99,20.0
2022-11-27,28.4,22.6,25.2,0.0,29.8,69.8,29.19,Taolagnaro,-25.032,46.99,20.0
2022-11-28,28.9,21.9,25.2,0.1,21.0,47.9,27.08,Taolagnaro,-25.032,46.99,20.0
2022-11-29,27.5,21.1,24.4,0.1,11.6,32.0,25.49,Taolagnaro,-25.032,46.99,20.0
2022-11-30,28.0,21.8,23.4,21.1,20.0,48.2,17.16,Taolagnaro,-25.032,46.99,20.0
2022-12-01,27.2,21.6,23.5,10.9,20.7,51.1,18.68,Taolagnaro,-25.032,46.99,20.0
2022-12-02,26.7,21.6,24.0,5.4,20.6,48.2,18.97,Taolagnaro,-25.032,46.99,20.0
2022-12-03,28.2,22.1,24.7,5.4,16.4,42.1,20.62,Taolagnaro,-25.032,46.99,20.0
2022-12-04,28.7,22.2,25.2,0.0,18.8,44.3,21.64,Taolagnaro,-25.032,46.99,20.0
2022-12-05,28.8,22.6,25.3,0.0,26.6,63.7,28.23,Taolagnaro,-25.032,46.99,20.0
2022-12-06,28.7,23.4,25.9,0.2,26.6,63.4,28.71,Taolagnaro,-25.032,46.99,20.0
2022-12-07,28.3,23.3,25.7,0.0,29.2,68.8,30.56,Taolagnaro,-25.032,46.99,20.0
2022-12-08,27.7,23.3,25.3,0.0,28.0,65.9,30.39,Taolagnaro,-25.032,46.99,20.0
2022-12-09,27.5,22.7,25.0,0.2,28.2,66.2,28.95,Taolagnaro,-25.032,46.99,20.0
2022-12-10,27.0,22.4,24.9,0.0,25.6,61.9,28.78,Taolagnaro,-25.032,46.99,20.0
2022-12-11,27.8,23.2,25.5,0.0,29.8,69.8,30.51,Taolagnaro,-25.032,46.99,20.0
2022-12-12,27.0,22.8,24.7,1.6,26.6,64.1,26.02,Taolagnaro,-25.032,46.99,20.0
2022-12-13,27.2,22.7,25.0,0.4,25.5,61.6,26.97,Taolagnaro,-25.032,46.99,20.0
2022-12-14,27.6,23.1,25.4,0.0,24.8,60.5,27.78,Taolagnaro,-25.032,46.99,20.0
2022-12-15,27.4,22.7,24.6,1.7,25.6,61.9,26.67,Taolagnaro,-25.032,46.99,20.0
2022-12-16,26.9,22.2,24.2,2.0,25.3,59.8,21.35,Taolagnaro,-25.032,46.99,20.0
2022-12-17,28.5,22.5,25.3,0.2,23.8,58.7,21.79,Taolagnaro,-25.032,46.99,20.0
2022-12-18,30.2,21.4,25.6,2.3,17.8,45.7,27.75,Taolagnaro,-25.032,46.99,20.0
2022-12-19,30.2,22.5,26.1,14.8,17.3,40.7,28.69,Taolagnaro,-25.032,46.99,20.0
2022-12-20,30.0,23.4,25.5,13.1,12.9,38.5,20.63,Taolagnaro,-25.032,46.99,20.0
2022-12-21,27.3,21.6,23.9,18.0,20.7,46.8,17.13,Taolagnaro,-25.032,46.99,20.0
2022-12-22,23.7,19.4,21.6,37.1,19.1,44.3,14.04,Taolagnaro,-25.032,46.99,20.0
2022-12-23,24.2,19.0,21.8,15.2,15.3,36.7,22.6,Taolagnaro,-25.032,46.99,20.0
2022-12-24,23.6,19.0,22.0,4.2,12.7,30.6,13.85,Taolagnaro,-25.032,46.99,20.0
2022-12-25,29.1,21.5,25.2,1.4,25.4,59.4,28.6,Taolagnaro,-25.032,46.99,20.0
2022-12-26,29.3,24.0,26.3,0.0,26.7,63.7,28.73,Taolagnaro,-25.032,46.99,20.0
2022-12-27,29.0,23.5,26.1,0.0,28.8,67.7,30.32,Taolagnaro,-25.032,46.99,20.0
2022-12-28,28.9,23.6,26.0,0.0,26.5,62.3,28.99,Taolagnaro,-25.032,46.99,20.0
2022-12-29,29.2,23.8,26.1,0.0,27.6,65.9,30.25,Taolagnaro,-25.032,46.99,20.0
2022-12-30,28.5,23.5,25.9,0.0,23.7,56.9,30.3,Taolagnaro,-25.032,46.99,20.0
2022-12-31,28.0,23.4,25.7,0.0,21.1,51.8,29.88,Taolagnaro,-25.032,46.99,20.0
2023-01-01,29.0,23.2,26.0,0.0,21.5,52.6,29.62,Taolagnaro,-25.032,46.99,20.0
2023-01-02,29.7,24.2,26.5,0.0,22.3,51.1,24.26,Taolagnaro,-25.032,46.99,20.0
2023-01-03,28.4,24.2,25.6,1.1,24.9,60.1,21.9,Taolagnaro,-25.032,46.99,20.0
2023-01-04,28.2,23.5,25.3,0.8,28.3,67.0,18.94,Taolagnaro,-25.032,46.99,20.0
2023-01-05,26.9,23.8,25.1,0.1,25.3,59.8,11.73,Taolagnaro,-25.032,46.99,20.0
2023-01-06,29.0,23.5,25.9,0.6,25.5,60.5,25.24,Taolagnaro,-25.032,46.99,20.0
2023-01-07,29.8,23.1,26.4,0.2,26.4,63.4,28.96,Taolagnaro,-25.032,46.99,20.0
2023-01-08,30.3,23.6,26.1,14.8,19.7,49.0,25.04,Taolagnaro,-25.032,46.99,20.0
2023-01-09,29.9,23.3,26.0,12.8,23.9,56.9,23.91,Taolagnaro,-25.032,46.99,20.0
2023-01-10,28.5,22.9,24.8,13.2,22.0,50.8,14.03,Taolagnaro,-25.032,46.99,20.0
2023-01-11,27.5,23.0,25.0,1.1,24.7,59.4,21.54,Taolagnaro,-25.032,46.99,20.0
2023-01-12,27.5,23.3,25.1,2.1,23.3,55.4,24.83,Taolagnaro,-25.032,46.99,20.0
2023-01-13,27.4,23.7,25.5,1.1,25.3,61.2,27.45,Taolagnaro,-25.032,46.99,20.0
2023-01-14,28.4,23.3,25.7,0.6,23.5,57.2,29.65,Taolagnaro,-25.032,46.99,20.0
2023-01-15,27.4,22.9,25.1,0.8,24.5,58.0,29.13,Taolagnaro,-25.032,46.99,20.0
2023-01-16,28.2,23.5,25.9,0.5,23.5,57.2,28.78,Taolagnaro,-25.032,46.99,20.0
2023-01-17,28.8,24.0,26.2,0.0,23.4,56.9,29.65,Taolagnaro,-25.032,46.99,20.0
2023-01-18,28.6,23.4,26.1,0.0,22.7,56.2,29.44,Taolagnaro,-25.032,46.99,20.0
2023-01-19,29.1,25.2,26.9,0.0,25.9,61.2,29.94,Taolagnaro,-25.032,46.99,20.0
2023-01-20,28.6,23.8,26.1,2.0,25.5,60.8,26.24,Taolagnaro,-25.032,46.99,20.0
2023-01-21,27.6,24.7,25.9,3.3,23.6,55.4,23.02,Taolagnaro,-25.032,46.99,20.0
2023-01-22,27.9,23.6,25.3,5.2,22.9,58.3,22.35,Taolagnaro,-25.032,46.99,20.0
2023-01-23,27.2,22.3,24.3,11.0,26.1,63.4,21.12,Taolagnaro,-25.032,46.99,20.0
2023-01-24,27.7,22.7,24.4,13.3,30.0,73.4,22.74,Taolagnaro,-25.032,46.99,20.0
2023-01-25,26.1,22.2,24.4,17.4,31.4,71.3,17.18,Taolagnaro,-25.032,46.99,20.0
2023-01-26,24.5,22.2,23.3,27.2,31.5,72.0,8.86,Taolagnaro,-25.032,46.99,20.0
2023-01-27,25.3,22.6,23.9,32.9,33.4,76.0,9.15,Taolagnaro,-25.032,46.99,20.0
2023-01-28,29.5,23.7,26.3,2.8,30.3,70.9,23.13,Taolagnaro,-25.032,46.99,20.0
2023-01-29,33.3,24.0,27.7,2.7,21.1,57.6,25.22,Taolagnaro,-25.032,46.99,20.0
2023-01-30,28.7,23.2,25.5,1.1,24.1,58.0,28.17,Taolagnaro,-25.032,46.99,20.0
2023-01-31,25.1,22.8,23.7,3.0,15.8,40.3,10.42,Taolagnaro,-25.032,46.99,20.0
2023-02-01,24.9,22.2,23.6,4.4,22.4,53.6,15.57,Taolagnaro,-25.032,46.99,20.0
2023-02-02,25.9,21.7,23.8,1.7,25.9,61.2,22.13,Taolagnaro,-25.032,46.99,20.0
2023-02-03,27.5,23.1,25.2,0.3,26.4,63.7,26.92,Taolagnaro,-25.032,46.99,20.0
2023-02-04,27.1,22.7,24.6,2.2,23.2,56.5,23.6,Taolagnaro,-25.032,46.99,20.0
2023-02-05,27.4,22.8,24.5,1.7,27.2,65.5,20.5,Taolagnaro,-25.032,46.99,20.0
2023-02-06,26.4,22.6,24.1,4.1,26.8,63.7,20.82,Taolagnaro,-25.032,46.99,20.0
2023-02-07,26.9,23.2,24.8,0.6,26.7,65.9,15.12,Taolagnaro,-25.032,46.99,20.0
2023-02-08,27.8,23.7,25.4,0.2,25.1,60.5,19.21,Taolagnaro,-25.032,46.99,20.0
2023-02-09,28.0,23.7,25.7,0.1,27.3,66.2,24.87,Taolagnaro,-25.032,46.99,20.0
2023-02-10,29.1,22.9,25.7,0.0,25.6,60.8,28.76,Taolagnaro,-25.032,46.99,20.0
2023-02-11,30.4,22.2,26.2,0.0,18.1,42.8,28.29,Taolagnaro,-25.032,46.99,20.0
2023-02-12,29.3,23.3,26.0,0.0,26.3,62.6,27.66,Taolagnaro,-25.032,46.99,20.0
2023-02-13,28.5,23.9,25.9,0.0,24.5,59.0,27.82,Taolagnaro,-25.032,46.99,20.0
2023-02-14,28.6,23.0,25.7,0.0,25.5,61.6,29.03,Taolagnaro,-25.032,46.99,20.0
2023-02-15,29.1,23.3,26.0,0.0,26.3,62.6,28.11,Taolagnaro,-25.032,46.99,20.0
2023-02-16,29.1,23.4,26.2,0.0,25.1,59.8,26.48,Taolagnaro,-25.032,46.99,20.0
2023-02-17,28.8,22.4,25.7,1.2,14.5,37.8,24.83,Taolagnaro,-25.032,46.99,20.0
2023-02-18,29.5,22.4,26.0,18.0,12.2,32.4,24.61,Taolagnaro,-25.032,46.99,20.0
2023-02-19,30.4,23.0,26.5,8.3,24.8,59.4,25.08,Taolagnaro,-25.032,46.99,20.0
2023-02-20,30.3,24.7,27.1,0.0,28.6,67.3,28.11,Taolagnaro,-25.032,46.99,20.0
2023-02-21,30.5,24.4,27.0,0.0,27.4,64.8,27.59,Taolagnaro,-25.032,46.99,20.0
2023-02-22,29.5,24.7,26.8,1.6,32.1,77.8,23.36,Taolagnaro,-25.032,46.99,20.0
2023-02-23,29.1,24.2,26.6,7.3,28.7,69.5,23.87,Taolagnaro,-25.032,46.99,20.0
2023-02-24,29.4,24.0,26.4,0.0,28.5,67.3,27.78,Taolagnaro,-25.032,46.99,20.0
2023-02-25,29.5,24.0,26.4,0.0,28.0,66.2,27.45,Taolagnaro,-25.032,46.99,20.0
2023-02-26,29.9,23.6,26.6,0.0,26.7,63.0,27.47,Taolagnaro,-25.032,46.99,20.0
2023-02-27,29.3,23.9,26.3,0.0,26.7,63.4,27.08,Taolagnaro,-25.032,46.99,20.0
2023-02-28,28.9,23.8,26.2,0.0,28.4,67.7,25.2,Taolagnaro,-25.032,46.99,20.0
2023-03-01,30.5,23.4,26.6,0.0,20.3,48.2,25.5,Taolagnaro,-25.032,46.99,20.0
2023-03-02,28.5,23.4,25.7,0.5,12.2,32.8,22.46,Taolagnaro,-25.032,46.99,20.0
2023-03-03,27.7,23.5,24.8,12.2,15.2,37.8,12.31,Taolagnaro,-25.032,46.99,20.0
2023-03-04,24.3,22.5,23.5,22.9,17.4,39.2,6.22,Taolagnaro,-25.032,46.99,20.0
2023-03-05,24.6,22.6,23.2,36.9,28.9,65.9,5.43,Taolagnaro,-25.032,46.99,20.0
2023-03-06,25.8,23.3,24.4,16.1,28.1,68.4,8.13,Taolagnaro,-25.032,46.99,20.0
2023-03-07,28.1,22.9,24.5,7.3,27.4,66.6,18.36,Taolagnaro,-25.032,46.99,20.0
2023-03-08,25.7,22.4,24.0,7.9,26.7,60.8,9.1,Taolagnaro,-25.032,46.99,20.0
2023-03-09,27.7,23.7,25.4,1.1,24.7,59.0,19.16,Taolagnaro,-25.032,46.99,20.0
2023-03-10,27.6,22.8,25.1,1.0,24.0,57.6,23.13,Taolagnaro,-25.032,46.99,20.0
2023-03-11,27.3,22.7,24.9,0.7,23.2,55.1,24.43,Taolagnaro,-25.032,46.99,20.0
2023-03-12,27.5,20.6,24.5,0.3,17.9,43.6,24.85,Taolagnaro,-25.032,46.99,20.0
2023-03-13,27.5,22.7,25.1,0.2,21.6,52.6,23.76,Taolagnaro,-25.032,46.99,20.0
2023-03-14,26.9,22.6,24.5,1.0,22.4,53.3,17.38,Taolagnaro,-25.032,46.99,20.0
2023-03-15,25.4,21.5,23.1,11.7,24.4,56.5,10.08,Taolagnaro,-25.032,46.99,20.0
2023-03-16,27.7,20.9,23.2,9.1,18.6,45.0,16.02,Taolagnaro,-25.032,46.99,20.0
2023-03-17,29.2,20.1,23.9,1.3,24.2,57.6,22.12,Taolagnaro,-25.032,46.99,20.0
2023-03-18,26.7,20.5,24.0,2.0,15.5,40.0,21.99,Taolagnaro,-25.032,46.99,20.0
2023-03-19,27.4,22.5,24.9,0.5,18.1,44.6,20.1,Taolagnaro,-25.032,46.99,20.0
2023-03-20,27.5,23.2,24.9,0.1,19.7,47.9,20.51,Taolagnaro,-25.032,46.99,20.0
2023-03-21,26.5,23.3,24.3,5.4,21.4,51.8,15.63,Taolagnaro,-25.032,46.99,20.0
2023-03-22,27.8,23.1,25.1,0.5,23.8,58.3,20.91,Taolagnaro,-25.032,46.99,20.0
2023-03-23,28.1,23.2,25.4,0.3,23.8,58.0,20.55,Taolagnaro,-25.032,46.99,20.0
2023-03-24,27.6,21.1,24.7,5.0,19.0,47.2,21.75,Taolagnaro,-25.032,46.99,20.0
2023-03-25,24.7,21.3,22.7,31.5,23.4,51.1,11.97,Taolagnaro,-25.032,46.99,20.0
2023-03-26,25.9,21.2,24.0,8.2,28.6,66.2,17.26,Taolagnaro,-25.032,46.99,20.0
2023-03-27,29.0,22.4,25.1,1.4,21.1,48.6,20.39,Taolagnaro,-25.032,46.99,20.0
2023-03-28,24.5,21.3,23.0,1.4,25.2,61.9,18.49,Taolagnaro,-25.032,46.99,20.0
2023-03-29,26.0,16.6,22.4,0.0,20.6,50.0,23.0,Taolagnaro,-25.032,46.99,20.0
2023-03-30,28.4,22.9,25.3,3.5,19.8,46.8,19.71,Taolagnaro,-25.032,46.99,20.0
2023-03-31,26.7,21.3,24.0,2.4,9.7,25.9,17.96,Taolagnaro,-25.032,46.99,20.0
2023-04-01,27.1,22.3,24.3,4.9,14.7,37.1,14.79,Taolagnaro,-25.032,46.99,20.0
2023-04-02,24.9,21.2,22.7,16.0,14.2,35.6,10.79,Taolagnaro,-25.032,46.99,20.0
2023-04-03,26.6,20.9,23.8,0.4,16.1,38.5,19.26,Taolagnaro,-25.032,46.99,20.0
2023-04-04,28.2,21.2,24.8,0.0,19.7,47.5,20.74,Taolagnaro,-25.032,46.99,20.0
2023-04-05,28.1,22.4,25.0,0.2,19.1,47.5,19.13,Taolagnaro,-25.032,46.99,20.0
2023-04-06,27.5,23.3,24.9,0.6,24.0,57.2,18.91,Taolagnaro,-25.032,46.99,20.0
2023-04-07,26.6,22.6,24.7,1.5,22.9,55.1,19.04,Taolagnaro,-25.032,46.99,20.0
2023-04-08,28.3,23.3,25.3,0.0,22.0,52.2,18.73,Taolagnaro,-25.032,46.99,20.0
2023-04-09,28.2,22.5,25.1,0.0,20.0,49.0,20.68,Taolagnaro,-25.032,46.99,20.0
2023-04-10,28.0,21.9,24.8,0.0,19.1,46.8,20.9,Taolagnaro,-25.032,46.99,20.0
2023-04-11,28.6,21.2,24.5,0.0,14.3,35.3,21.06,Taolagnaro,-25.032,46.99,20.0
2023-04-12,27.5,19.7,23.6,0.0,18.1,43.9,17.01,Taolagnaro,-25.032,46.99,20.0
2023-04-13,26.0,21.8,23.6,0.2,14.0,36.7,18.79,Taolagnaro,-25.032,46.99,20.0
2023-04-14,27.3,19.8,24.1,0.0,18.8,45.7,19.22,Taolagnaro,-25.032,46.99,20.0
2023-04-15,28.1,20.9,24.4,0.6,23.7,55.4,18.78,Taolagnaro,-25.032,46.99,20.0
2023-04-16,24.9,21.1,23.0,5.2,13.7,35.3,13.31,Taolagnaro,-25.032,46.99,20.0
2023-04-17,25.2,20.3,23.1,0.9,11.4,28.8,12.77,Taolagnaro,-25.032,46.99,20.0
2023-04-18,26.4,21.7,24.0,1.3,19.5,47.9,16.78,Taolagnaro,-25.032,46.99,20.0
2023-04-19,27.2,21.2,23.9,1.5,19.0,45.7,17.64,Taolagnaro,-25.032,46.99,20.0
2023-04-20,27.0,21.9,23.8,0.1,25.6,60.5,15.85,Taolagnaro,-25.032,46.99,20.0
2023-04-21,28.1,20.6,24.1,0.0,16.6,38.9,19.22,Taolagnaro,-25.032,46.99,20.0
2023-04-22,26.9,19.2,22.4,0.3,14.8,37.4,17.53,Taolagnaro,-25.032,46.99,20.0
2023-04-23,27.8,19.5,23.6,0.9,17.3,42.1,18.27,Taolagnaro,-25.032,46.99,20.0
2023-04-24,29.0,19.7,23.7,0.4,22.7,58.7,18.17,Taolagnaro,-25.032,46.99,20.0
2023-04-25,24.7,20.7,22.4,1.0,20.0,49.7,16.87,Taolagnaro,-25.032,46.99,20.0
2023-04-26,24.2,18.1,21.5,0.1,18.4,45.4,16.66,Taolagnaro,-25.032,46.99,20.0
2023-04-27,24.3,18.7,21.6,1.8,11.3,30.2,17.58,Taolagnaro,-25.032,46.99,20.0
2023-04-28,25.0,19.9,22.7,1.4,19.8,48.2,16.27,Taolagnaro,-25.032,46.99,20.0
2023-04-29,25.5,21.1,23.2,0.5,17.9,43.6,15.52,Taolagnaro,-25.032,46.99,20.0
2023-04-30,27.1,19.7,22.9,0.0,17.6,41.8,16.67,Taolagnaro,-25.032,46.99,20.0
2023-05-01,25.4,19.6,21.8,4.0,26.0,61.2,16.15,Taolagnaro,-25.032,46.99,20.0
2023-05-02,23.8,16.5,20.8,0.0,11.2,27.0,17.21,Taolagnaro,-25.032,46.99,20.0
2023-05-03,24.3,15.4,20.7,0.0,12.8,29.9,12.79,Taolagnaro,-25.032,46.99,20.0
2023-05-04,24.6,20.4,22.7,0.0,18.0,44.3,14.85,Taolagnaro,-25.032,46.99,20.0
2023-05-05,27.0,20.1,23.5,0.0,20.4,49.0,16.59,Taolagnaro,-25.032,46.99,20.0
2023-05-06,26.9,20.6,23.0,19.5,17.4,38.5,13.93,Taolagnaro,-25.032,46.99,20.0
2023-05-07,25.2,19.9,22.5,0.3,24.2,59.4,16.46,Taolagnaro,-25.032,46.99,20.0
2023-05-08,26.4,20.1,23.2,0.0,21.5,51.5,16.77,Taolagnaro,-25.032,46.99,20.0
2023-05-09,26.0,20.6,23.4,0.0,21.8,52.6,16.68,Taolagnaro,-25.032,46.99,20.0
2023-05-10,25.5,21.2,23.2,0.3,22.7,54.4,15.22,Taolagnaro,-25.032,46.99,20.0
2023-05-11,26.0,21.5,23.3,0.1,26.3,63.0,11.56,Taolagnaro,-25.032,46.99,20.0
2023-05-12,27.0,20.9,23.2,1.1,20.4,49.0,14.4,Taolagnaro,-25.032,46.99,20.0
2023-05-13,26.2,19.0,22.1,0.0,9.4,23.4,16.13,Taolagnaro,-25.032,46.99,20.0
2023-05-14,26.9,18.3,22.4,0.4,14.2,33.8,15.58,Taolagnaro,-25.032,46.99,20.0
2023-05-15,27.4,20.4,23.3,0.9,17.7,42.8,14.44,Taolagnaro,-25.032,46.99,20.0
2023-05-16,28.2,18.1,22.2,1.2,20.1,53.6,15.3,Taolagnaro,-25.032,46.99,20.0
2023-05-17,23.8,18.3,20.7,0.0,19.7,47.5,16.06,Taolagnaro,-25.032,46.99,20.0
2023-05-18,24.7,17.3,20.6,0.3,10.4,27.4,14.89,Taolagnaro,-25.032,46.99,20.0
2023-05-19,26.2,18.1,21.4,0.0,10.1,22.7,16.08,Taolagnaro,-25.032,46.99,20.0
2023-05-20,28.0,17.0,21.9,0.1,14.0,35.6,15.64,Taolagnaro,-25.032,46.99,20.0
2023-05-21,25.9,19.2,21.9,0.0,22.2,54.0,15.23,Taolagnaro,-25.032,46.99,20.0
2023-05-22,25.9,15.6,20.7,0.0,18.0,46.1,16.1,Taolagnaro,-25.032,46.99,20.0
2023-05-23,22.4,17.9,20.1,1.1,23.8,57.2,14.39,Taolagnaro,-25.032,46.99,20.0
2023-05-24,22.3,15.6,18.8,1.1,9.4,22.7,14.61,Taolagnaro,-25.032,46.99,20.0
2023-05-25,22.5,15.7,19.4,2.5,12.8,29.2,13.2,Taolagnaro,-25.032,46.99,20.0
2023-05-26,23.2,17.6,20.6,0.8,23.0,54.4,13.74,Taolagnaro,-25.032,46.99,20.0
2023-05-27,25.9,19.0,22.2,0.0,22.9,54.4,15.15,Taolagnaro,-25.032,46.99,20.0
2023-05-28,26.0,20.0,22.5,0.0,22.4,53.6,14.42,Taolagnaro,-25.032,46.99,20.0
2023-05-29,25.7,19.2,22.0,0.0,17.9,43.6,15.54,Taolagnaro,-25.032,46.99,20.0
2023-05-30,25.4,18.0,21.5,0.1,18.5,44.6,15.13,Taolagnaro,-25.032,46.99,20.0
2023-05-31,25.2,17.9,21.3,0.0,19.9,47.9,15.24,Taolagnaro,-25.032,46.99,20.0
2023-06-01,24.7,17.7,21.3,0.0,19.5,45.0,14.7,Taolagnaro,-25.032,46.99,20.0
2023-06-02,25.7,19.9,22.7,0.0,26.4,63.7,15.29,Taolagnaro,-25.032,46.99,20.0
2023-06-03,26.0,19.8,22.7,0.0,23.8,55.4,14.35,Taolagnaro,-25.032,46.99,20.0
2023-06-04,26.8,19.8,22.9,0.0,21.1,50.0,14.62,Taolagnaro,-25.032,46.99,20.0
2023-06-05,27.4,19.3,22.9,0.0,19.3,44.6,14.93,Taolagnaro,-25.032,46.99,20.0
2023-06-06,26.5,18.1,21.8,0.0,13.6,32.0,15.22,Taolagnaro,-25.032,46.99,20.0
2023-06-07,25.2,16.6,21.0,0.2,17.7,42.1,14.37,Taolagnaro,-25.032,46.99,20.0
2023-06-08,26.5,19.3,22.7,0.0,23.1,54.0,14.52,Taolagnaro,-25.032,46.99,20.0
2023-06-09,27.1,17.8,22.4,0.0,17.1,39.2,14.45,Taolagnaro,-25.032,46.99,20.0
2023-06-10,24.8,17.1,21.1,0.0,11.3,28.4,12.96,Taolagnaro,-25.032,46.99,20.0
2023-06-11,24.6,16.2,19.9,0.0,10.9,28.8,14.42,Taolagnaro,-25.032,46.99,20.0
2023-06-12,23.1,16.5,20.0,0.2,12.9,29.5,12.17,Taolagnaro,-25.032,46.99,20.0
2023-06-13,23.6,16.1,19.9,0.0,14.3,31.7,13.85,Taolagnaro,-25.032,46.99,20.0
2023-06-14,25.4,14.9,20.2,0.0,14.4,33.1,14.57,Taolagnaro,-25.032,46.99,20.0
2023-06-15,25.9,15.9,20.8,0.0,13.6,30.6,14.8,Taolagnaro,-25.032,46.99,20.0
2023-06-16,27.3,15.5,20.9,0.0,11.9,28.8,15.27,Taolagnaro,-25.032,46.99,20.0
2023-06-17,22.9,19.6,21.0,1.6,15.6,37.1,12.14,Taolagnaro,-25.032,46.99,20.0
2023-06-18,23.3,18.5,20.8,0.1,18.0,46.8,9.96,Taolagnaro,-25.032,46.99,20.0
2023-06-19,23.9,18.0,20.7,0.0,24.5,56.9,14.94,Taolagnaro,-25.032,46.99,20.0
2023-06-20,25.4,17.8,21.2,0.0,18.1,42.5,15.04,Taolagnaro,-25.032,46.99,20.0
2023-06-21,24.9,14.8,19.5,0.0,14.2,34.6,14.19,Taolagnaro,-25.032,46.99,20.0
2023-06-22,24.5,14.3,20.0,0.3,16.0,44.3,14.42,Taolagnaro,-25.032,46.99,20.0
2023-06-23,19.9,17.1,18.6,11.3,20.3,45.4,6.71,Taolagnaro,-25.032,46.99,20.0
2023-06-24,20.9,15.2,18.0,1.3,16.5,41.0,12.93,Taolagnaro,-25.032,46.99,20.0
2023-06-25,21.8,13.5,16.8,0.2,16.9,41.8,13.8,Taolagnaro,-25.032,46.99,20.0
2023-06-26,21.9,12.0,16.9,0.0,14.3,33.1,14.74,Taolagnaro,-25.032,46.99,20.0
2023-06-27,22.6,15.1,18.7,0.0,18.3,44.6,13.39,Taolagnaro,-25.032,46.99,20.0
2023-06-28,22.8,14.3,18.0,0.0,11.1,31.3,14.43,Taolagnaro,-25.032,46.99,20.0
2023-06-29,18.9,16.3,17.7,17.5,22.0,47.2,3.27,Taolagnaro,-25.032,46.99,20.0
2023-06-30,21.4,17.1,19.2,1.0,25.5,60.5,9.75,Taolagnaro,-25.032,46.99,20.0
2023-07-01,23.8,13.8,18.3,1.4,17.9,43.6,13.02,Taolagnaro,-25.032,46.99,20.0
2023-07-02,23.0,13.8,17.9,0.0,7.4,20.9,13.51,Taolagnaro,-25.032,46.99,20.0
2023-07-03,22.7,15.1,18.9,0.0,17.7,43.2,13.42,Taolagnaro,-25.032,46.99,20.0
2023-07-04,23.2,17.4,20.1,0.0,23.7,58.0,13.67,Taolagnaro,-25.032,46.99,20.0
2023-07-05,25.2,14.4,20.2,0.0,15.2,34.9,14.58,Taolagnaro,-25.032,46.99,20.0
2023-07-06,23.1,15.4,19.4,0.3,21.6,53.6,13.96,Taolagnaro,-25.032,46.99,20.0
2023-07-07,21.0,15.4,18.8,5.0,17.5,42.5,10.23,Taolagnaro,-25.032,46.99,20.0
2023-07-08,24.1,18.3,20.9,0.0,23.7,56.9,13.97,Taolagnaro,-25.032,46.99,20.0
2023-07-09,26.2,16.1,20.9,0.0,17.4,40.3,14.0,Taolagnaro,-25.032,46.99,20.0
2023-07-10,26.2,16.2,20.6,0.0,9.9,24.1,14.73,Taolagnaro,-25.032,46.99,20.0
2023-07-11,24.3,15.4,19.5,3.7,23.4,54.7,13.68,Taolagnaro,-25.032,46.99,20.0
2023-07-12,21.5,16.6,19.1,8.6,21.6,56.2,12.71,Taolagnaro,-25.032,46.99,20.0
2023-07-13,21.7,14.8,18.2,0.0,8.6,24.5,13.89,Taolagnaro,-25.032,46.99,20.0
2023-07-14,21.6,14.4,18.0,1.0,15.7,37.8,11.7,Taolagnaro,-25.032,46.99,20.0
2023-07-15,22.3,17.2,19.5,0.2,22.6,54.4,11.73,Taolagnaro,-25.032,46.99,20.0
2023-07-16,24.5,16.8,20.1,0.3,24.7,60.1,15.45,Taolagnaro,-25.032,46.99,20.0
2023-07-17,23.5,14.6,18.6,0.0,13.0,30.6,15.2,Taolagnaro,-25.032,46.99,20.0
2023-07-18,24.3,13.5,19.2,0.0,19.6,45.0,15.31,Taolagnaro,-25.032,46.99,20.0
2023-07-19,26.2,18.6,21.8,0.0,21.5,49.3,15.76,Taolagnaro,-25.032,46.99,20.0
2023-07-20,25.3,15.9,20.2,0.1,15.8,40.0,14.88,Taolagnaro,-25.032,46.99,20.0
2023-07-21,20.0,17.5,18.9,16.7,19.2,40.7,4.53,Taolagnaro,-25.032,46.99,20.0
2023-07-22,21.6,17.1,19.4,0.2,27.5,64.8,9.89,Taolagnaro,-25.032,46.99,20.0
2023-07-23,25.2,17.6,21.0,0.0,24.7,57.2,15.85,Taolagnaro,-25.032,46.99,20.0
2023-07-24,23.2,15.4,19.6,0.0,17.6,40.7,15.72,Taolagnaro,-25.032,46.99,20.0
2023-07-25,23.0,14.6,18.6,1.2,25.2,62.3,11.39,Taolagnaro,-25.032,46.99,20.0
2023-07-26,21.5,17.2,19.0,0.4,17.4,45.4,13.69,Taolagnaro,-25.032,46.99,20.0
2023-07-27,20.8,16.3,18.6,2.7,20.1,49.0,9.09,Taolagnaro,-25.032,46.99,20.0
2023-07-28,22.8,16.0,19.6,0.0,25.1,59.0,16.23,Taolagnaro,-25.032,46.99,20.0
2023-07-29,23.8,16.8,20.4,0.0,25.0,59.0,17.0,Taolagnaro,-25.032,46.99,20.0
2023-07-30,24.7,17.5,20.9,0.0,23.5,55.4,16.93,Taolagnaro,-25.032,46.99,20.0
2023-07-31,24.4,14.0,20.0,0.0,17.7,43.6,16.26,Taolagnaro,-25.032,46.99,20.0
2023-08-01,24.2,15.4,19.6,3.3,20.0,50.0,15.15,Taolagnaro,-25.032,46.99,20.0
2023-08-02,21.7,16.8,19.3,2.9,14.2,36.4,12.14,Taolagnaro,-25.032,46.99,20.0
2023-08-03,21.4,16.6,19.3,3.1,20.6,49.3,13.52,Taolagnaro,-25.032,46.99,20.0
2023-08-04,22.8,17.6,20.2,1.5,28.2,67.3,14.08,Taolagnaro,-25.032,46.99,20.0
2023-08-05,22.5,18.2,20.8,0.0,27.2,65.2,11.72,Taolagnaro,-25.032,46.99,20.0
2023-08-06,22.9,17.3,19.8,0.9,26.3,63.0,15.61,Taolagnaro,-25.032,46.99,20.0
2023-08-07,22.3,18.2,19.7,2.3,24.7,59.0,12.96,Taolagnaro,-25.032,46.99,20.0
2023-08-08,23.1,18.2,20.3,1.6,22.2,54.4,14.98,Taolagnaro,-25.032,46.99,20.0
2023-08-09,23.5,17.8,20.4,0.5,21.1,51.5,16.22,Taolagnaro,-25.032,46.99,20.0
2023-08-10,21.3,16.1,18.5,8.1,21.6,51.8,7.55,Taolagnaro,-25.032,46.99,20.0
2023-08-11,20.8,12.2,17.2,1.0,15.0,42.5,17.01,Taolagnaro,-25.032,46.99,20.0
2023-08-12,22.4,12.1,17.3,0.0,11.9,32.0,17.82,Taolagnaro,-25.032,46.99,20.0
2023-08-13,26.6,14.3,20.4,0.0,19.3,43.6,16.78,Taolagnaro,-25.032,46.99,20.0
2023-08-14,24.9,19.6,22.1,0.0,26.2,62.3,16.22,Taolagnaro,-25.032,46.99,20.0
2023-08-15,25.7,19.0,21.7,0.7,15.5,33.8,16.91,Taolagnaro,-25.032,46.99,20.0
2023-08-16,23.9,17.5,19.7,1.3,29.4,70.6,11.86,Taolagnaro,-25.032,46.99,20.0
2023-08-17,22.6,15.2,18.9,0.0,18.1,44.3,18.26,Taolagnaro,-25.032,46.99,20.0
2023-08-18,24.9,16.9,20.9,0.0,28.1,65.5,19.38,Taolagnaro,-25.032,46.99,20.0
2023-08-19,24.1,14.9,19.8,0.0,12.1,33.1,18.34,Taolagnaro,-25.032,46.99,20.0
2023-08-20,22.9,15.3,19.6,2.1,14.5,38.2,14.85,Taolagnaro,-25.032,46.99,20.0
2023-08-21,21.9,18.5,20.2,7.9,19.9,44.3,8.48,Taolagnaro,-25.032,46.99,20.0
2023-08-22,25.7,20.3,22.6,0.0,28.2,63.4,18.63,Taolagnaro,-25.032,46.99,20.0
2023-08-23,26.4,20.3,23.0,0.0,30.6,71.3,19.36,Taolagnaro,-25.032,46.99,20.0
2023-08-24,25.4,18.8,22.1,0.0,27.0,60.5,19.72,Taolagnaro,-25.032,46.99,20.0
2023-08-25,24.5,19.6,22.0,0.0,30.4,72.0,17.61,Taolagnaro,-25.032,46.99,20.0
2023-08-26,26.2,20.5,22.8,0.0,32.3,74.2,20.1,Taolagnaro,-25.032,46.99,20.0
2023-08-27,26.9,18.0,22.2,0.8,19.1,47.2,18.84,Taolagnaro,-25.032,46.99,20.0
2023-08-28,21.6,18.7,19.9,6.0,22.4,55.8,14.76,Taolagnaro,-25.032,46.99,20.0
2023-08-29,20.9,18.7,19.8,2.1,21.2,50.8,14.74,Taolagnaro,-25.032,46.99,20.0
2023-08-30,23.3,18.8,20.7,0.1,23.1,55.1,18.87,Taolagnaro,-25.032,46.99,20.0
2023-08-31,23.3,17.8,20.4,0.9,27.2,65.9,17.47,Taolagnaro,-25.032,46.99,20.0
2023-09-01,25.5,18.0,21.5,0.0,26.5,62.6,20.93,Taolagnaro,-25.032,46.99,20.0
2023-09-02,25.5,18.0,21.8,0.0,28.4,67.3,21.24,Taolagnaro,-25.032,46.99,20.0
2023-09-03,24.8,19.8,22.0,0.3,28.3,67.7,20.12,Taolagnaro,-25.032,46.99,20.0
2023-09-04,25.9,20.0,22.5,0.0,30.0,70.9,20.74,Taolagnaro,-25.032,46.99,20.0
2023-09-05,26.8,19.4,22.7,0.0,26.0,61.2,21.68,Taolagnaro,-25.032,46.99,20.0
2023-09-06,24.6,15.9,20.5,0.0,16.3,38.2,21.13,Taolagnaro,-25.032,46.99,20.0
2023-09-07,24.5,14.9,20.1,0.4,18.9,47.9,19.31,Taolagnaro,-25.032,46.99,20.0
2023-09-08,23.7,19.5,21.4,3.0,18.7,45.4,15.44,Taolagnaro,-25.032,46.99,20.0
2023-09-09,26.7,20.8,23.2,0.0,27.5,65.5,21.97,Taolagnaro,-25.032,46.99,20.0
2023-09-10,27.0,20.3,23.3,0.0,29.1,69.1,22.29,Taolagnaro,-25.032,46.99,20.0
2023-09-11,26.4,19.0,22.7,0.0,31.1,72.7,22.73,Taolagnaro,-25.032,46.99,20.0
2023-09-12,28.3,17.2,22.8,0.0,24.0,56.5,22.36,Taolagnaro,-25.032,46.99,20.0
2023-09-13,24.5,19.2,21.2,9.6,25.8,54.4,14.81,Taolagnaro,-25.032,46.99,20.0
2023-09-14,21.7,19.0,20.5,13.0,21.3,50.0,8.71,Taolagnaro,-25.032,46.99,20.0
2023-09-15,25.3,19.5,22.1,0.4,30.5,73.1,21.12,Taolagnaro,-25.032,46.99,20.0
2023-09-16,27.5,20.1,23.2,0.0,28.3,63.7,23.02,Taolagnaro,-25.032,46.99,20.0
2023-09-17,27.9,17.7,22.7,0.0,19.1,47.5,22.7,Taolagnaro,-25.032,46.99,20.0
2023-09-18,25.2,17.0,21.4,0.0,16.3,36.7,21.14,Taolagnaro,-25.032,46.99,20.0
2023-09-19,25.8,19.2,22.9,0.0,30.1,70.6,23.33,Taolagnaro,-25.032,46.99,20.0
2023-09-20,27.9,20.4,23.6,0.0,27.4,64.1,22.57,Taolagnaro,-25.032,46.99,20.0
2023-09-21,25.6,17.7,21.7,0.0,12.7,32.8,23.04,Taolagnaro,-25.032,46.99,20.0
2023-09-22,26.7,16.3,21.9,0.0,23.5,59.0,23.13,Taolagnaro,-25.032,46.99,20.0
2023-09-23,27.2,19.8,23.4,0.0,31.2,74.9,24.72,Taolagnaro,-25.032,46.99,20.0
2023-09-24,28.1,21.2,23.9,0.0,29.2,68.8,24.01,Taolagnaro,-25.032,46.99,20.0
2023-09-25,27.9,17.2,22.8,0.0,31.4,74.5,24.43,Taolagnaro,-25.032,46.99,20.0
2023-09-26,27.0,21.5,24.0,0.0,35.1,82.8,24.57,Taolagnaro,-25.032,46.99,20.0
2023-09-27,27.5,19.7,23.3,0.0,35.4,82.8,24.72,Taolagnaro,-25.032,46.99,20.0
2023-09-28,26.5,21.7,23.7,0.0,32.4,79.2,23.83,Taolagnaro,-25.032,46.99,20.0
2023-09-29,27.2,21.2,23.8,0.0,31.1,73.8,24.29,Taolagnaro,-25.032,46.99,20.0
2023-09-30,28.6,19.0,23.9,0.0,20.3,49.0,23.7,Taolagnaro,-25.032,46.99,20.0
2023-10-01,28.1,19.1,23.8,0.0,14.3,32.8,23.34,Taolagnaro,-25.032,46.99,20.0
2023-10-02,23.1,17.2,19.8,24.0,24.0,51.1,7.38,Taolagnaro,-25.032,46.99,20.0
2023-10-03,22.4,17.5,20.1,2.9,22.6,54.4,21.98,Taolagnaro,-25.032,46.99,20.0
2023-10-04,25.2,18.4,22.0,0.0,28.2,68.0,26.23,Taolagnaro,-25.032,46.99,20.0
2023-10-05,26.0,20.8,23.2,0.0,32.9,77.4,25.43,Taolagnaro,-25.032,46.99,20.0
2023-10-06,27.4,19.7,23.3,0.0,28.2,66.2,26.36,Taolagnaro,-25.032,46.99,20.0
2023-10-07,27.4,20.8,23.5,0.0,33.6,78.5,26.41,Taolagnaro,-25.032,46.99,20.0
2023-10-08,29.0,17.7,23.1,0.0,23.9,53.6,26.41,Taolagnaro,-25.032,46.99,20.0
2023-10-09,26.4,17.5,22.4,0.0,15.1,39.6,25.92,Taolagnaro,-25.032,46.99,20.0
2023-10-10,27.4,18.4,23.0,0.0,11.2,31.3,25.04,Taolagnaro,-25.032,46.99,20.0
2023-10-11,23.2,20.9,22.0,9.4,19.9,48.2,9.33,Taolagnaro,-25.032,46.99,20.0
2023-10-12,23.6,21.1,22.1,4.6,23.4,58.3,9.93,Taolagnaro,-25.032,46.99,20.0
2023-10-13,27.1,21.2,23.9,1.6,28.5,68.4,20.53,Taolagnaro,-25.032,46.99,20.0
2023-10-14,28.9,20.5,24.4,0.0,18.9,44.6,23.34,Taolagnaro,-25.032,46.99,20.0
2023-10-15,26.2,20.4,22.8,2.0,20.7,51.5,19.54,Taolagnaro,-25.032,46.99,20.0
2023-10-16,24.5,21.0,22.6,0.5,15.5,41.0,17.52,Taolagnaro,-25.032,46.99,20.0
2023-10-17,25.7,20.5,22.8,5.1,21.6,52.6,13.6,Taolagnaro,-25.032,46.99,20.0
2023-10-18,27.4,22.0,24.4,4.2,23.0,55.8,15.43,Taolagnaro,-25.032,46.99,20.0
2023-10-19,26.6,20.1,22.9,8.8,11.3,40.0,19.65,Taolagnaro,-25.032,46.99,20.0
2023-10-20,24.2,19.2,21.5,3.1,18.1,46.8,21.96,Taolagnaro,-25.032,46.99,20.0
2023-10-21,25.7,18.5,22.6,0.0,27.9,68.0,24.13,Taolagnaro,-25.032,46.99,20.0
2023-10-22,28.9,22.5,25.3,0.1,30.2,69.1,24.85,Taolagnaro,-25.032,46.99,20.0
2023-10-23,26.7,20.8,23.5,0.0,13.5,36.0,25.33,Taolagnaro,-25.032,46.99,20.0
2023-10-24,26.7,19.5,23.0,2.3,13.7,37.8,21.14,Taolagnaro,-25.032,46.99,20.0
2023-10-25,28.6,19.9,23.4,9.0,15.7,41.8,19.43,Taolagnaro,-25.032,46.99,20.0
2023-10-26,24.7,19.6,22.1,14.9,19.4,48.2,20.72,Taolagnaro,-25.032,46.99,20.0
2023-10-27,25.1,16.7,21.6,0.1,16.9,42.5,27.32,Taolagnaro,-25.032,46.99,20.0
2023-10-28,26.6,20.8,24.0,0.0,31.3,73.4,23.44,Taolagnaro,-25.032,46.99,20.0
2023-10-29,29.4,22.9,25.6,0.0,24.3,63.7,26.05,Taolagnaro,-25.032,46.99,20.0
2023-10-30,27.2,21.0,24.1,1.7,12.4,33.8,21.45,Taolagnaro,-25.032,46.99,20.0
2023-10-31,23.6,21.1,22.3,9.5,19.3,48.2,9.52,Taolagnaro,-25.032,46.99,20.0
2023-11-01,24.8,20.9,22.5,11.2,26.4,64.1,9.73,Taolagnaro,-25.032,46.99,20.0
2023-11-02,28.1,20.6,22.7,3.3,29.8,74.9,20.45,Taolagnaro,-25.032,46.99,20.0
2023-11-03,22.5,18.9,21.0,3.5,18.3,44.6,17.94,Taolagnaro,-25.032,46.99,20.0
2023-11-04,23.1,18.9,21.3,1.3,21.3,50.8,13.59,Taolagnaro,-25.032,46.99,20.0
2023-11-05,24.7,20.6,22.5,1.9,30.0,69.1,17.83,Taolagnaro,-25.032,46.99,20.0
2023-11-06,25.4,21.1,23.4,0.3,33.2,78.1,20.75,Taolagnaro,-25.032,46.99,20.0
2023-11-07,26.5,21.8,24.0,0.0,30.4,73.8,24.37,Taolagnaro,-25.032,46.99,20.0
2023-11-08,27.7,22.3,24.5,0.8,29.4,69.5,26.67,Taolagnaro,-25.032,46.99,20.0
2023-11-09,28.0,21.8,23.9,4.7,12.5,38.9,18.08,Taolagnaro,-25.032,46.99,20.0
2023-11-10,24.7,20.1,22.1,1.6,24.1,59.4,20.04,Taolagnaro,-25.032,46.99,20.0
2023-11-11,24.8,17.7,21.8,0.0,18.3,40.7,27.82,Taolagnaro,-25.032,46.99,20.0
2023-11-12,26.1,20.2,23.2,0.0,28.7,69.1,30.24,Taolagnaro,-25.032,46.99,20.0
2023-11-13,27.8,18.4,23.4,0.0,20.9,47.5,29.76,Taolagnaro,-25.032,46.99,20.0
2023-11-14,24.5,19.9,22.1,6.0,23.2,59.0,19.86,Taolagnaro,-25.032,46.99,20.0
2023-11-15,20.8,18.7,19.5,11.0,12.2,31.0,8.41,Taolagnaro,-25.032,46.99,20.0
2023-11-16,23.3,17.8,20.8,7.4,23.2,58.3,20.07,Taolagnaro,-25.032,46.99,20.0
2023-11-17,25.0,20.5,22.8,0.0,25.7,62.3,18.4,Taolagnaro,-25.032,46.99,20.0
2023-11-18,27.7,22.3,24.7,0.0,28.5,67.3,27.65,Taolagnaro,-25.032,46.99,20.0
2023-11-19,29.0,22.8,25.5,0.0,26.3,60.8,27.54,Taolagnaro,-25.032,46.99,20.0
2023-11-20,29.1,22.7,25.8,0.0,27.4,64.1,28.85,Taolagnaro,-25.032,46.99,20.0
2023-11-21,29.4,22.3,25.3,0.0,30.4,70.6,30.11,Taolagnaro,-25.032,46.99,20.0
2023-11-22,28.2,23.2,25.6,0.0,33.0,78.5,30.38,Taolagnaro,-25.032,46.99,20.0
2023-11-23,28.5,23.4,25.4,0.0,34.6,79.9,29.11,Taolagnaro,-25.032,46.99,20.0
2023-11-24,28.2,23.0,25.1,0.1,33.5,79.6,30.18,Taolagnaro,-25.032,46.99,20.0
2023-11-25,27.7,22.9,25.1,0.1,34.3,82.4,26.63,Taolagnaro,-25.032,46.99,20.0
2023-11-26,29.7,22.6,26.1,0.0,31.0,72.4,29.72,Taolagnaro,-25.032,46.99,20.0
2023-11-27,29.1,22.0,25.8,0.0,24.3,59.8,30.3,Taolagnaro,-25.032,46.99,20.0
2023-11-28,29.1,24.0,26.4,0.0,27.0,63.0,29.12,Taolagnaro,-25.032,46.99,20.0
2023-11-29,32.2,23.5,27.3,0.0,24.5,56.2,28.18,Taolagnaro,-25.032,46.99,20.0
2023-11-30,29.0,22.6,25.2,6.0,19.1,42.1,23.74,Taolagnaro,-25.032,46.99,20.0
2023-12-01,23.2,20.8,22.0,19.3,20.4,45.0,9.45,Taolagnaro,-25.032,46.99,20.0
2023-12-02,24.4,19.4,21.9,2.0,18.6,48.2,19.55,Taolagnaro,-25.032,46.99,20.0
2023-12-03,25.8,19.4,22.6,0.2,18.7,45.7,28.3,Taolagnaro,-25.032,46.99,20.0
2023-12-04,27.0,20.6,23.9,0.0,26.9,65.9,30.28,Taolagnaro,-25.032,46.99,20.0
2023-12-05,27.6,22.5,25.1,0.0,27.1,65.5,27.76,Taolagnaro,-25.032,46.99,20.0
2023-12-06,28.2,22.5,25.0,2.6,20.5,52.2,26.16,Taolagnaro,-25.032,46.99,20.0
2023-12-07,26.4,22.0,24.1,2.2,21.0,52.9,24.9,Taolagnaro,-25.032,46.99,20.0
2023-12-08,27.4,22.2,25.0,0.2,28.7,68.8,23.55,Taolagnaro,-25.032,46.99,20.0
2023-12-09,29.5,23.9,26.1,1.3,29.3,69.1,25.91,Taolagnaro,-25.032,46.99,20.0
2023-12-10,29.3,23.3,26.1,0.0,27.3,65.9,28.07,Taolagnaro,-25.032,46.99,20.0
2023-12-11,29.6,23.4,26.4,0.0,22.2,53.6,30.12,Taolagnaro,-25.032,46.99,20.0
2023-12-12,30.3,24.0,26.8,0.0,28.9,68.0,28.58,Taolagnaro,-25.032,46.99,20.0
2023-12-13,30.5,22.7,26.8,0.1,16.4,40.7,28.75,Taolagnaro,-25.032,46.99,20.0
2023-12-14,29.3,24.6,26.8,0.0,26.7,64.8,27.95,Taolagnaro,-25.032,46.99,20.0
2023-12-15,30.8,24.5,27.3,0.0,27.4,65.9,30.45,Taolagnaro,-25.032,46.99,20.0
2023-12-16,32.1,24.6,27.9,0.3,26.9,63.7,29.28,Taolagnaro,-25.032,46.99,20.0
2023-12-17,29.3,24.0,26.4,1.0,20.4,52.6,23.85,Taolagnaro,-25.032,46.99,20.0
2023-12-18,27.2,22.6,24.8,6.6,19.4,48.2,28.7,Taolagnaro,-25.032,46.99,20.0
2023-12-19,27.3,20.6,24.3,4.7,15.0,38.9,26.77,Taolagnaro,-25.032,46.99,20.0
2023-12-20,27.5,21.7,24.7,7.5,15.1,40.0,27.42,Taolagnaro,-25.032,46.99,20.0
2023-12-21,28.6,20.6,25.2,0.6,15.2,40.7,30.37,Taolagnaro,-25.032,46.99,20.0
2023-12-22,28.4,21.6,25.2,2.4,18.5,47.5,25.7,Taolagnaro,-25.032,46.99,20.0
2023-12-23,26.5,22.3,24.2,3.3,17.2,43.2,20.61,Taolagnaro,-25.032,46.99,20.0
2023-12-24,26.5,19.7,23.8,0.6,17.7,45.0,29.02,Taolagnaro,-25.032,46.99,20.0
2023-12-25,27.9,20.9,25.0,0.0,24.6,61.6,31.17,Taolagnaro,-25.032,46.99,20.0
2023-12-26,30.1,23.6,26.8,0.5,21.5,52.2,27.57,Taolagnaro,-25.032,46.99,20.0
2023-12-27,29.8,23.7,26.1,0.2,14.6,38.9,26.91,Taolagnaro,-25.032,46.99,20.0
2023-12-28,27.4,22.6,24.7,4.0,15.3,40.0,16.63,Taolagnaro,-25.032,46.99,20.0
2023-12-29,27.2,22.5,24.3,9.6,20.2,46.8,21.03,Taolagnaro,-25.032,46.99,20.0
2023-12-30,26.9,22.8,24.5,6.5,26.1,63.0,19.78,Taolagnaro,-25.032,46.99,20.0
2023-12-31,26.5,22.4,24.4,14.3,28.7,67.7,15.93,Taolagnaro,-25.032,46.99,20.0
2024-01-01,28.9,22.7,24.8,18.0,22.0,53.6,13.78,Taolagnaro,-25.032,46.99,20.0
2024-01-02,25.2,22.5,23.9,66.3,23.5,58.3,8.96,Taolagnaro,-25.032,46.99,20.0
2024-01-03,26.4,22.4,24.1,16.6,24.5,61.2,16.98,Taolagnaro,-25.032,46.99,20.0
2024-01-04,26.9,22.0,24.5,2.7,13.7,36.0,20.71,Taolagnaro,-25.032,46.99,20.0
2024-01-05,27.9,22.6,25.1,5.4,23.4,54.0,17.84,Taolagnaro,-25.032,46.99,20.0
2024-01-06,28.2,23.8,25.7,2.3,27.3,67.0,21.01,Taolagnaro,-25.032,46.99,20.0
2024-01-07,29.2,24.0,25.9,2.5,24.2,60.5,24.1,Taolagnaro,-25.032,46.99,20.0
2024-01-08,26.3,23.3,25.0,3.3,24.4,57.6,16.99,Taolagnaro,-25.032,46.99,20.0
2024-01-09,27.6,24.0,25.9,0.7,24.2,59.8,22.17,Taolagnaro,-25.032,46.99,20.0
2024-01-10,28.7,23.7,26.2,0.2,25.5,62.6,28.27,Taolagnaro,-25.032,46.99,20.0
2024-01-11,29.5,24.5,26.9,0.0,27.8,66.6,28.5,Taolagnaro,-25.032,46.99,20.0
2024-01-12,29.3,24.6,26.6,1.0,27.9,67.3,26.69,Taolagnaro,-25.032,46.99,20.0
2024-01-13,29.8,24.2,26.5,0.2,26.3,64.1,27.19,Taolagnaro,-25.032,46.99,20.0
2024-01-14,29.1,23.7,26.0,0.0,21.8,54.4,29.96,Taolagnaro,-25.032,46.99,20.0
2024-01-15,28.2,22.8,25.5,5.9,17.6,46.1,25.61,Taolagnaro,-25.032,46.99,20.0
2024-01-16,28.4,23.5,25.7,2.2,14.6,37.4,21.95,Taolagnaro,-25.032,46.99,20.0
2024-01-17,27.7,22.7,25.7,6.0,16.4,41.4,25.08,Taolagnaro,-25.032,46.99,20.0
2024-01-18,28.6,24.0,26.3,1.0,25.7,61.9,27.25,Taolagnaro,-25.032,46.99,20.0
2024-01-19,28.8,23.5,26.3,0.4,17.6,46.4,28.93,Taolagnaro,-25.032,46.99,20.0
2024-01-20,27.1,23.3,24.9,3.4,19.1,51.1,22.72,Taolagnaro,-25.032,46.99,20.0
2024-01-21,27.9,23.0,25.0,8.1,20.8,49.3,19.69,Taolagnaro,-25.032,46.99,20.0
2024-01-22,28.7,23.9,26.3,1.0,17.5,45.7,24.74,Taolagnaro,-25.032,46.99,20.0
2024-01-23,26.9,22.6,25.1,11.1,20.6,49.7,27.56,Taolagnaro,-25.032,46.99,20.0
2024-01-24,26.0,21.3,23.7,8.0,18.5,45.7,25.06,Taolagnaro,-25.032,46.99,20.0
2024-01-25,25.7,21.4,23.4,3.1,21.6,53.3,25.71,Taolagnaro,-25.032,46.99,20.0
2024-01-26,25.4,21.1,23.3,2.5,17.4,42.5,24.2,Taolagnaro,-25.032,46.99,20.0
2024-01-27,27.0,19.8,23.8,1.6,17.5,44.3,28.06,Taolagnaro,-25.032,46.99,20.0
2024-01-28,26.8,22.8,24.9,0.9,21.8,53.3,23.86,Taolagnaro,-25.032,46.99,20.0
2024-01-29,27.7,24.1,25.3,2.5,22.4,54.4,24.48,Taolagnaro,-25.032,46.99,20.0
2024-01-30,27.4,22.6,24.6,3.9,20.6,51.5,25.48,Taolagnaro,-25.032,46.99,20.0
2024-01-31,26.1,22.2,24.0,11.3,25.9,64.1,14.43,Taolagnaro,-25.032,46.99,20.0
2024-02-01,26.3,22.7,24.2,15.3,26.8,64.4,23.36,Taolagnaro,-25.032,46.99,20.0
2024-02-02,25.4,20.7,23.4,12.6,25.5,60.1,18.66,Taolagnaro,-25.032,46.99,20.0
2024-02-03,27.2,22.1,24.4,1.5,26.6,63.7,22.69,Taolagnaro,-25.032,46.99,20.0
2024-02-04,28.2,22.5,25.1,1.2,29.7,70.9,26.93,Taolagnaro,-25.032,46.99,20.0
2024-02-05,27.1,23.0,24.7,1.8,31.0,73.1,20.42,Taolagnaro,-25.032,46.99,20.0
2024-02-06,29.7,22.6,25.4,5.7,28.1,67.7,21.45,Taolagnaro,-25.032,46.99,20.0
2024-02-07,28.3,21.7,25.1,1.4,17.1,43.2,25.07,Taolagnaro,-25.032,46.99,20.0
2024-02-08,27.7,22.2,24.8,1.9,23.7,56.2,22.84,Taolagnaro,-25.032,46.99,20.0
2024-02-09,28.7,23.0,25.5,0.4,29.6,70.9,25.63,Taolagnaro,-25.032,46.99,20.0
2024-02-10,28.8,24.1,26.3,0.8,32.3,77.0,25.59,Taolagnaro,-25.032,46.99,20.0
2024-02-11,30.0,24.2,26.5,0.4,17.0,42.5,22.53,Taolagnaro,-25.032,46.99,20.0
2024-02-12,29.0,24.1,25.9,1.4,26.4,63.4,24.93,Taolagnaro,-25.032,46.99,20.0
2024-02-13,27.2,23.9,25.2,2.9,24.7,60.1,21.72,Taolagnaro,-25.032,46.99,20.0
2024-02-14,27.8,23.5,25.4,0.7,22.9,55.8,21.06,Taolagnaro,-25.032,46.99,20.0
2024-02-15,27.5,24.3,25.4,1.2,20.5,51.8,14.92,Taolagnaro,-25.032,46.99,20.0
2024-02-16,29.0,23.4,25.9,0.1,19.9,50.0,25.25,Taolagnaro,-25.032,46.99,20.0
2024-02-17,26.6,22.9,24.6,23.7,22.7,55.1,12.36,Taolagnaro,-25.032,46.99,20.0
2024-02-18,26.1,22.8,24.4,13.3,27.8,66.6,22.33,Taolagnaro,-25.032,46.99,20.0
2024-02-19,27.6,22.1,24.5,1.9,26.0,63.7,25.55,Taolagnaro,-25.032,46.99,20.0
2024-02-20,27.2,21.3,24.5,0.8,24.2,60.5,26.18,Taolagnaro,-25.032,46.99,20.0
2024-02-21,28.1,22.0,25.2,0.7,25.9,64.4,25.79,Taolagnaro,-25.032,46.99,20.0
2024-02-22,28.6,22.4,25.6,0.0,23.3,58.3,27.27,Taolagnaro,-25.032,46.99,20.0
2024-02-23,29.0,23.8,26.0,0.0,22.7,56.2,25.6,Taolagnaro,-25.032,46.99,20.0
2024-02-24,28.2,23.7,25.7,0.0,24.6,60.8,25.29,Taolagnaro,-25.032,46.99,20.0
2024-02-25,28.2,23.2,25.6,0.2,18.9,46.4,24.69,Taolagnaro,-25.032,46.99,20.0
2024-02-26,28.7,24.0,26.2,0.8,25.6,61.2,24.03,Taolagnaro,-25.032,46.99,20.0
2024-02-27,29.4,25.0,26.7,0.5,27.8,66.6,23.77,Taolagnaro,-25.032,46.99,20.0
2024-02-28,29.5,24.3,26.7,0.3,27.1,64.1,25.18,Taolagnaro,-25.032,46.99,20.0
2024-02-29,28.8,24.2,25.9,0.2,20.2,51.1,23.43,Taolagnaro,-25.032,46.99,20.0
2024-03-01,27.2,22.5,25.2,1.5,23.7,58.3,20.98,Taolagnaro,-25.032,46.99,20.0
2024-03-02,29.1,23.1,25.7,0.1,27.1,65.5,25.3,Taolagnaro,-25.032,46.99,20.0
2024-03-03,28.7,24.3,26.1,0.0,28.6,69.8,24.81,Taolagnaro,-25.032,46.99,20.0
2024-03-04,28.9,24.1,26.0,0.2,27.4,65.9,20.53,Taolagnaro,-25.032,46.99,20.0
2024-03-05,29.6,25.4,27.0,0.0,29.2,70.6,17.87,Taolagnaro,-25.032,46.99,20.0
2024-03-06,26.0,24.4,25.1,17.7,23.3,55.1,5.83,Taolagnaro,-25.032,46.99,20.0
2024-03-07,28.0,23.6,25.4,7.9,32.6,75.6,13.95,Taolagnaro,-25.032,46.99,20.0
2024-03-08,30.3,24.7,26.6,0.1,29.0,70.9,24.22,Taolagnaro,-25.032,46.99,20.0
2024-03-09,28.7,24.7,25.9,1.9,20.6,50.8,14.45,Taolagnaro,-25.032,46.99,20.0
2024-03-10,29.5,23.5,26.1,0.0,26.1,63.7,24.18,Taolagnaro,-25.032,46.99,20.0
2024-03-11,29.6,22.3,25.9,0.0,24.0,58.3,25.09,Taolagnaro,-25.032,46.99,20.0
2024-03-12,29.7,24.4,26.6,0.0,27.2,66.2,24.53,Taolagnaro,-25.032,46.99,20.0
2024-03-13,30.1,25.1,27.1,0.0,29.7,70.6,24.61,Taolagnaro,-25.032,46.99,20.0
2024-03-14,30.9,24.6,26.9,0.0,26.7,65.9,23.97,Taolagnaro,-25.032,46.99,20.0
2024-03-15,30.2,23.3,26.1,4.3,11.4,30.6,20.58,Taolagnaro,-25.032,46.99,20.0
2024-03-16,28.7,23.5,26.1,0.5,21.7,53.6,22.38,Taolagnaro,-25.032,46.99,20.0
2024-03-17,29.5,23.3,26.5,0.1,24.0,58.3,23.45,Taolagnaro,-25.032,46.99,20.0
2024-03-18,30.3,23.8,26.7,0.2,22.8,56.2,22.77,Taolagnaro,-25.032,46.99,20.0
2024-03-19,30.4,23.8,26.9,0.0,25.0,59.8,22.84,Taolagnaro,-25.032,46.99,20.0
2024-03-20,30.6,23.3,26.7,0.8,10.3,26.6,21.47,Taolagnaro,-25.032,46.99,20.0
2024-03-21,27.2,23.3,25.3,5.2,17.4,43.6,19.6,Taolagnaro,-25.032,46.99,20.0
2024-03-22,26.3,22.1,24.0,8.0,21.6,50.8,16.38,Taolagnaro,-25.032,46.99,20.0
2024-03-23,24.3,21.0,22.8,26.6,28.2,66.6,15.07,Taolagnaro,-25.032,46.99,20.0
2024-03-24,25.4,21.9,23.4,20.6,32.8,79.6,9.45,Taolagnaro,-25.032,46.99,20.0
2024-03-25,25.9,21.3,23.8,9.2,29.2,69.1,21.36,Taolagnaro,-25.032,46.99,20.0
2024-03-26,24.8,19.7,22.6,7.3,25.9,64.1,18.38,Taolagnaro,-25.032,46.99,20.0
2024-03-27,24.7,21.0,22.5,4.5,24.3,64.1,17.09,Taolagnaro,-25.032,46.99,20.0
2024-03-28,25.5,21.2,23.0,5.5,24.8,59.8,17.5,Taolagnaro,-25.032,46.99,20.0
2024-03-29,26.8,21.8,24.3,0.8,25.7,62.6,19.79,Taolagnaro,-25.032,46.99,20.0
2024-03-30,29.1,22.4,25.1,1.6,18.8,44.3,21.03,Taolagnaro,-25.032,46.99,20.0
2024-03-31,24.4,21.0,22.7,17.7,18.8,41.0,9.95,Taolagnaro,-25.032,46.99,20.0
2024-04-01,24.3,21.0,22.9,13.0,27.0,64.1,8.62,Taolagnaro,-25.032,46.99,20.0
2024-04-02,26.2,22.2,23.9,3.0,27.8,63.7,13.22,Taolagnaro,-25.032,46.99,20.0
2024-04-03,26.0,21.3,23.7,0.8,28.2,67.0,18.91,Taolagnaro,-25.032,46.99,20.0
2024-04-04,26.7,21.9,24.1,0.0,27.3,65.2,20.39,Taolagnaro,-25.032,46.99,20.0
2024-04-05,27.3,22.6,24.7,0.0,24.7,59.0,21.28,Taolagnaro,-25.032,46.99,20.0
2024-04-06,28.1,21.3,24.7,0.0,16.1,38.5,21.38,Taolagnaro,-25.032,46.99,20.0
2024-04-07,26.6,21.9,23.9,1.2,12.4,33.5,16.82,Taolagnaro,-25.032,46.99,20.0
2024-04-08,23.6,21.3,22.2,19.8,18.8,41.0,7.15,Taolagnaro,-25.032,46.99,20.0
2024-04-09,27.2,21.0,24.2,1.4,25.0,59.8,17.11,Taolagnaro,-25.032,46.99,20.0
2024-04-10,30.8,22.0,25.7,0.0,16.0,39.2,20.19,Taolagnaro,-25.032,46.99,20.0
2024-04-11,26.2,20.9,23.8,0.8,24.9,60.1,11.04,Taolagnaro,-25.032,46.99,20.0
2024-04-12,25.0,20.6,22.3,1.6,19.0,47.5,10.23,Taolagnaro,-25.032,46.99,20.0
2024-04-13,25.9,18.8,21.7,0.0,17.3,44.6,20.41,Taolagnaro,-25.032,46.99,20.0
2024-04-14,25.6,17.5,21.9,0.0,13.8,36.0,16.11,Taolagnaro,-25.032,46.99,20.0
2024-04-15,24.4,18.9,22.2,3.2,18.3,45.7,11.8,Taolagnaro,-25.032,46.99,20.0
2024-04-16,24.1,20.4,22.0,5.4,19.9,47.5,6.99,Taolagnaro,-25.032,46.99,20.0
2024-04-17,23.8,21.3,22.5,2.1,24.0,57.2,7.72,Taolagnaro,-25.032,46.99,20.0
2024-04-18,25.2,21.0,23.2,0.0,27.7,65.5,16.38,Taolagnaro,-25.032,46.99,20.0
2024-04-19,26.5,22.4,23.9,0.4,22.6,53.3,10.27,Taolagnaro,-25.032,46.99,20.0
2024-04-20,26.3,19.2,22.6,0.0,13.8,37.1,16.62,Taolagnaro,-25.032,46.99,20.0
2024-04-21,26.0,19.7,22.4,0.5,17.1,43.2,18.21,Taolagnaro,-25.032,46.99,20.0
2024-04-22,25.0,18.8,21.8,0.1,11.6,31.3,18.24,Taolagnaro,-25.032,46.99,20.0
2024-04-23,26.9,19.3,23.2,1.0,17.5,44.6,16.17,Taolagnaro,-25.032,46.99,20.0
2024-04-24,25.7,21.6,23.2,4.3,16.2,39.6,15.2,Taolagnaro,-25.032,46.99,20.0
2024-04-25,26.3,21.3,23.7,0.2,20.9,51.8,17.14,Taolagnaro,-25.032,46.99,20.0
2024-04-26,27.7,22.5,24.6,0.0,24.3,58.0,17.27,Taolagnaro,-25.032,46.99,20.0
2024-04-27,27.2,20.8,23.0,1.7,18.0,46.1,15.81,Taolagnaro,-25.032,46.99,20.0
2024-04-28,23.8,19.6,21.4,3.1,14.6,36.7,14.39,Taolagnaro,-25.032,46.99,20.0
2024-04-29,23.7,19.3,21.4,9.5,20.6,52.6,12.97,Taolagnaro,-25.032,46.99,20.0
2024-04-30,26.6,21.0,23.9,0.0,27.0,64.4,16.04,Taolagnaro,-25.032,46.99,20.0
2024-05-01,28.5,20.9,24.2,0.0,22.1,49.3,17.05,Taolagnaro,-25.032,46.99,20.0
2024-05-02,26.8,19.5,23.0,0.2,22.9,55.4,17.46,Taolagnaro,-25.032,46.99,20.0
2024-05-03,24.1,18.4,21.0,4.7,17.5,43.9,12.66,Taolagnaro,-25.032,46.99,20.0
2024-05-04,23.5,18.7,21.7,4.5,23.8,58.7,11.62,Taolagnaro,-25.032,46.99,20.0
2024-05-05,25.4,19.4,22.5,0.0,24.7,61.6,17.04,Taolagnaro,-25.032,46.99,20.0
2024-05-06,26.4,19.9,23.0,0.0,27.3,64.8,18.05,Taolagnaro,-25.032,46.99,20.0
2024-05-07,25.7,20.7,22.9,0.6,26.6,64.1,15.24,Taolagnaro,-25.032,46.99,20.0
2024-05-08,26.2,21.1,23.1,1.1,27.4,65.9,16.38,Taolagnaro,-25.032,46.99,20.0
2024-05-09,26.3,20.8,23.4,0.0,24.3,59.0,16.62,Taolagnaro,-25.032,46.99,20.0
2024-05-10,25.6,20.9,23.2,0.0,28.3,66.6,15.99,Taolagnaro,-25.032,46.99,20.0
2024-05-11,26.5,21.3,23.4,0.0,25.3,60.1,16.3,Taolagnaro,-25.032,46.99,20.0
2024-05-12,27.0,20.0,23.3,0.0,23.5,56.5,17.31,Taolagnaro,-25.032,46.99,20.0
2024-05-13,26.5,19.2,22.8,0.0,23.7,57.6,16.38,Taolagnaro,-25.032,46.99,20.0
2024-05-14,23.9,20.2,21.7,1.5,17.3,45.7,12.43,Taolagnaro,-25.032,46.99,20.0
2024-05-15,22.4,19.4,20.9,18.8,21.3,49.3,10.03,Taolagnaro,-25.032,46.99,20.0
2024-05-16,25.2,20.8,22.4,1.2,27.4,63.7,14.12,Taolagnaro,-25.032,46.99,20.0
2024-05-17,26.0,20.8,23.0,0.0,26.6,63.0,15.32,Taolagnaro,-25.032,46.99,20.0
2024-05-18,25.8,18.0,22.1,0.3,15.5,41.0,15.78,Taolagnaro,-25.032,46.99,20.0
2024-05-19,22.9,18.8,20.7,6.8,16.4,41.0,9.62,Taolagnaro,-25.032,46.99,20.0
2024-05-20,22.8,19.4,20.7,3.2,26.0,62.3,11.73,Taolagnaro,-25.032,46.99,20.0
2024-05-21,23.7,20.3,21.8,0.7,30.0,71.6,13.87,Taolagnaro,-25.032,46.99,20.0
2024-05-22,24.7,20.8,22.5,0.4,27.9,67.7,14.05,Taolagnaro,-25.032,46.99,20.0
2024-05-23,24.2,19.9,22.0,0.2,26.2,63.0,13.91,Taolagnaro,-25.032,46.99,20.0
2024-05-24,23.7,17.0,20.6,0.0,19.7,48.2,13.87,Taolagnaro,-25.032,46.99,20.0
2024-05-25,24.5,18.3,21.3,0.0,21.5,52.2,15.08,Taolagnaro,-25.032,46.99,20.0
2024-05-26,24.7,16.9,20.4,0.2,12.6,29.9,15.36,Taolagnaro,-25.032,46.99,20.0
2024-05-27,24.0,16.5,19.9,0.6,15.0,37.8,14.66,Taolagnaro,-25.032,46.99,20.0
2024-05-28,23.6,14.5,19.2,0.3,9.6,27.0,13.65,Taolagnaro,-25.032,46.99,20.0
2024-05-29,23.9,17.7,20.6,0.4,19.8,50.4,14.23,Taolagnaro,-25.032,46.99,20.0
2024-05-30,24.4,19.1,21.6,1.0,27.5,65.5,12.53,Taolagnaro,-25.032,46.99,20.0
2024-05-31,25.3,19.0,21.9,0.0,27.4,64.8,14.82,Taolagnaro,-25.032,46.99,20.0
2024-06-01,26.2,17.6,21.5,0.0,19.2,44.6,15.8,Taolagnaro,-25.032,46.99,20.0
2024-06-02,25.1,15.1,19.7,0.0,12.7,34.9,15.33,Taolagnaro,-25.032,46.99,20.0
2024-06-03,23.7,14.6,19.5,2.0,21.7,48.2,13.66,Taolagnaro,-25.032,46.99,20.0
2024-06-04,24.4,20.1,21.7,0.0,28.1,66.2,13.57,Taolagnaro,-25.032,46.99,20.0
2024-06-05,26.2,20.6,22.8,0.0,25.9,61.9,14.61,Taolagnaro,-25.032,46.99,20.0
2024-06-06,26.6,20.2,23.0,0.0,25.3,60.5,14.99,Taolagnaro,-25.032,46.99,20.0
2024-06-07,26.6,19.9,22.9,0.0,24.2,57.2,14.95,Taolagnaro,-25.032,46.99,20.0
2024-06-08,25.8,17.5,20.5,6.0,25.4,60.1,11.37,Taolagnaro,-25.032,46.99,20.0
2024-06-09,21.1,17.0,18.5,8.5,18.4,49.0,11.86,Taolagnaro,-25.032,46.99,20.0
2024-06-10,20.5,15.7,18.4,5.2,17.7,44.3,11.53,Taolagnaro,-25.032,46.99,20.0
2024-06-11,19.4,17.1,17.8,35.2,19.9,43.9,5.39,Taolagnaro,-25.032,46.99,20.0
2024-06-12,22.4,16.4,19.3,16.7,22.9,50.4,9.05,Taolagnaro,-25.032,46.99,20.0
2024-06-13,23.3,19.1,20.6,54.8,31.7,76.7,9.86,Taolagnaro,-25.032,46.99,20.0
2024-06-14,24.7,18.2,20.9,2.9,23.8,56.9,12.44,Taolagnaro,-25.032,46.99,20.0
2024-06-15,23.0,17.8,20.3,0.9,19.2,47.9,12.74,Taolagnaro,-25.032,46.99,20.0
2024-06-16,23.0,14.5,18.8,0.2,15.1,38.5,13.81,Taolagnaro,-25.032,46.99,20.0
2024-06-17,22.9,16.2,19.6,1.2,10.0,26.3,11.66,Taolagnaro,-25.032,46.99,20.0
2024-06-18,22.7,17.5,20.3,0.6,23.8,57.2,12.47,Taolagnaro,-25.032,46.99,20.0
2024-06-19,25.1,19.0,21.8,0.0,24.6,57.6,14.6,Taolagnaro,-25.032,46.99,20.0
2024-06-20,25.1,19.1,21.8,0.0,22.8,55.1,14.19,Taolagnaro,-25.032,46.99,20.0
2024-06-21,23.2,18.1,20.4,0.4,17.9,47.2,12.66,Taolagnaro,-25.032,46.99,20.0
2024-06-22,21.8,17.5,19.7,3.3,20.0,49.3,10.38,Taolagnaro,-25.032,46.99,20.0
2024-06-23,23.5,17.5,20.2,0.2,14.7,40.3,14.33,Taolagnaro,-25.032,46.99,20.0
2024-06-24,22.4,17.3,19.5,10.1,19.3,46.4,12.0,Taolagnaro,-25.032,46.99,20.0
2024-06-25,21.3,17.7,19.2,24.4,22.4,49.7,6.39,Taolagnaro,-25.032,46.99,20.0
2024-06-26,21.6,17.0,19.5,4.1,17.8,44.6,11.78,Taolagnaro,-25.032,46.99,20.0
2024-06-27,22.3,17.3,19.7,0.0,17.9,44.6,13.56,Taolagnaro,-25.032,46.99,20.0
2024-06-28,22.2,16.2,19.1,0.0,20.7,51.5,13.2,Taolagnaro,-25.032,46.99,20.0
2024-06-29,22.6,16.4,19.3,0.0,24.7,58.7,14.19,Taolagnaro,-25.032,46.99,20.0
2024-06-30,23.8,15.9,19.8,0.0,21.5,54.0,15.1,Taolagnaro,-25.032,46.99,20.0
2024-07-01,23.5,13.2,18.1,0.0,10.7,30.2,15.03,Taolagnaro,-25.032,46.99,20.0
2024-07-02,22.3,12.8,17.9,1.1,15.3,38.5,12.27,Taolagnaro,-25.032,46.99,20.0
2024-07-03,22.6,17.5,19.8,0.5,24.8,60.8,13.76,Taolagnaro,-25.032,46.99,20.0
2024-07-04,24.5,15.8,20.3,0.0,20.2,49.0,14.19,Taolagnaro,-25.032,46.99,20.0
2024-07-05,25.8,13.6,19.3,0.0,12.4,28.8,15.05,Taolagnaro,-25.032,46.99,20.0
2024-07-06,23.7,14.1,18.7,0.0,13.1,31.0,14.93,Taolagnaro,-25.032,46.99,20.0
2024-07-07,24.5,14.7,18.9,0.0,25.5,62.3,13.8,Taolagnaro,-25.032,46.99,20.0
2024-07-08,23.3,13.1,18.6,0.0,20.5,50.0,14.64,Taolagnaro,-25.032,46.99,20.0
2024-07-09,23.2,14.5,18.7,0.0,13.0,31.7,15.22,Taolagnaro,-25.032,46.99,20.0
2024-07-10,23.8,13.7,19.0,0.0,13.7,35.3,15.06,Taolagnaro,-25.032,46.99,20.0
2024-07-11,24.0,17.0,20.7,0.0,28.3,67.7,15.32,Taolagnaro,-25.032,46.99,20.0
2024-07-12,25.5,18.2,21.2,0.0,26.4,65.2,15.9,Taolagnaro,-25.032,46.99,20.0
2024-07-13,25.5,15.5,20.6,0.0,22.8,52.9,15.71,Taolagnaro,-25.032,46.99,20.0
2024-07-14,25.2,17.6,21.1,0.0,25.8,60.8,15.8,Taolagnaro,-25.032,46.99,20.0
2024-07-15,24.4,16.1,20.2,0.0,18.0,38.5,15.65,Taolagnaro,-25.032,46.99,20.0
2024-07-16,24.2,14.9,19.2,0.0,11.7,31.7,14.82,Taolagnaro,-25.032,46.99,20.0
2024-07-17,24.1,15.5,19.6,1.0,11.3,29.9,14.39,Taolagnaro,-25.032,46.99,20.0
2024-07-18,23.0,15.7,19.6,1.4,12.9,33.5,14.15,Taolagnaro,-25.032,46.99,20.0
2024-07-19,24.2,17.4,20.8,0.0,18.4,44.6,15.72,Taolagnaro,-25.032,46.99,20.0
2024-07-20,24.4,15.2,19.4,0.0,13.3,34.6,15.61,Taolagnaro,-25.032,46.99,20.0
2024-07-21,24.4,13.8,18.6,0.0,10.5,29.9,15.37,Taolagnaro,-25.032,46.99,20.0
2024-07-22,23.3,15.1,19.2,1.0,10.1,29.5,14.13,Taolagnaro,-25.032,46.99,20.0
2024-07-23,22.9,16.5,19.4,0.9,11.8,33.1,13.57,Taolagnaro,-25.032,46.99,20.0
2024-07-24,23.9,17.2,20.3,0.1,23.1,55.8,15.41,Taolagnaro,-25.032,46.99,20.0
2024-07-25,25.8,14.8,20.0,0.0,17.4,40.3,15.84,Taolagnaro,-25.032,46.99,20.0
2024-07-26,25.8,15.9,20.0,0.0,23.2,56.2,15.11,Taolagnaro,-25.032,46.99,20.0
2024-07-27,22.7,14.4,18.7,0.8,12.6,28.1,14.23,Taolagnaro,-25.032,46.99,20.0
2024-07-28,24.3,16.4,19.9,0.0,9.0,23.0,16.34,Taolagnaro,-25.032,46.99,20.0
2024-07-29,24.5,14.7,19.3,0.0,9.0,24.5,16.27,Taolagnaro,-25.032,46.99,20.0
2024-07-30,22.2,16.9,19.7,3.5,12.4,28.8,13.5,Taolagnaro,-25.032,46.99,20.0
2024-07-31,23.2,14.9,19.0,1.2,18.5,47.2,15.48,Taolagnaro,-25.032,46.99,20.0
2024-08-01,24.1,13.3,18.5,0.0,23.3,56.5,16.3,Taolagnaro,-25.032,46.99,20.0
2024-08-02,23.1,15.5,19.1,0.0,17.3,44.3,15.81,Taolagnaro,-25.032,46.99,20.0
2024-08-03,23.6,16.1,19.4,0.0,10.5,22.3,17.47,Taolagnaro,-25.032,46.99,20.0
2024-08-04,23.5,13.0,18.3,0.0,10.5,29.2,17.19,Taolagnaro,-25.032,46.99,20.0
2024-08-05,25.3,13.9,19.6,0.0,12.1,27.4,17.66,Taolagnaro,-25.032,46.99,20.0
2024-08-06,24.3,15.3,20.0,1.8,16.6,42.1,16.82,Taolagnaro,-25.032,46.99,20.0
2024-08-07,21.1,18.4,19.8,10.6,18.4,40.3,6.07,Taolagnaro,-25.032,46.99,20.0
2024-08-08,23.3,19.9,21.2,1.9,29.5,69.5,11.85,Taolagnaro,-25.032,46.99,20.0
2024-08-09,26.2,19.4,22.2,0.0,24.7,57.2,17.87,Taolagnaro,-25.032,46.99,20.0
2024-08-10,26.6,16.6,21.5,0.0,18.7,45.4,18.21,Taolagnaro,-25.032,46.99,20.0
2024-08-11,25.4,17.1,21.3,0.0,27.5,64.8,18.7,Taolagnaro,-25.032,46.99,20.0
2024-08-12,26.5,15.3,20.6,0.0,17.9,43.2,18.59,Taolagnaro,-25.032,46.99,20.0
2024-08-13,24.3,16.3,21.0,1.4,18.0,43.9,17.19,Taolagnaro,-25.032,46.99,20.0
2024-08-14,27.5,19.0,22.4,0.0,24.0,56.2,18.93,Taolagnaro,-25.032,46.99,20.0
2024-08-15,25.5,16.3,20.8,0.4,21.9,51.8,18.08,Taolagnaro,-25.032,46.99,20.0
2024-08-16,23.3,15.8,19.4,1.2,13.9,37.4,16.16,Taolagnaro,-25.032,46.99,20.0
2024-08-17,21.9,17.3,19.7,2.7,17.3,43.2,13.22,Taolagnaro,-25.032,46.99,20.0
2024-08-18,22.8,18.5,20.5,0.5,26.2,63.0,15.56,Taolagnaro,-25.032,46.99,20.0
2024-08-19,23.7,17.8,20.8,0.0,24.6,59.8,16.14,Taolagnaro,-25.032,46.99,20.0
2024-08-20,23.0,18.7,21.0,0.7,26.4,63.0,17.36,Taolagnaro,-25.032,46.99,20.0
2024-08-21,23.3,18.9,21.0,0.0,29.5,72.7,15.07,Taolagnaro,-25.032,46.99,20.0
2024-08-22,25.6,16.2,20.8,0.0,26.9,63.0,19.94,Taolagnaro,-25.032,46.99,20.0
2024-08-23,21.1,14.4,18.0,5.5,26.6,57.6,10.56,Taolagnaro,-25.032,46.99,20.0
2024-08-24,21.0,17.2,18.9,0.1,17.1,38.9,16.34,Taolagnaro,-25.032,46.99,20.0
2024-08-25,22.7,17.8,20.0,0.2,30.9,73.8,15.1,Taolagnaro,-25.032,46.99,20.0
2024-08-26,24.1,17.9,20.8,0.5,32.9,76.3,19.09,Taolagnaro,-25.032,46.99,20.0
2024-08-27,26.0,18.1,21.7,0.0,31.9,74.5,20.58,Taolagnaro,-25.032,46.99,20.0
2024-08-28,26.3,20.1,22.4,0.0,32.8,76.7,20.77,Taolagnaro,-25.032,46.99,20.0
2024-08-29,27.4,18.2,22.3,0.0,27.8,63.7,21.0,Taolagnaro,-25.032,46.99,20.0
2024-08-30,26.0,17.8,21.8,0.0,27.1,64.4,20.49,Taolagnaro,-25.032,46.99,20.0
2024-08-31,21.2,17.5,19.3,44.8,21.1,47.5,6.04,Taolagnaro,-25.032,46.99,20.0
2024-09-01,18.9,16.4,17.7,31.8,22.6,55.4,8.02,Taolagnaro,-25.032,46.99,20.0
2024-09-02,21.5,16.6,19.1,16.3,17.7,41.8,12.63,Taolagnaro,-25.032,46.99,20.0
2024-09-03,21.9,17.5,19.3,8.2,14.3,38.2,15.53,Taolagnaro,-25.032,46.99,20.0
2024-09-04,21.9,17.5,19.7,5.2,15.5,36.0,11.42,Taolagnaro,-25.032,46.99,20.0
2024-09-05,24.6,18.0,21.3,0.0,26.1,62.6,19.18,Taolagnaro,-25.032,46.99,20.0
2024-09-06,27.0,19.5,22.7,0.0,22.2,52.6,20.84,Taolagnaro,-25.032,46.99,20.0
2024-09-07,26.3,18.4,22.4,0.0,24.0,53.3,21.11,Taolagnaro,-25.032,46.99,20.0
2024-09-08,27.5,20.1,23.2,0.0,28.0,64.4,21.77,Taolagnaro,-25.032,46.99,20.0
2024-09-09,27.2,18.6,22.4,0.0,16.5,38.5,21.72,Taolagnaro,-25.032,46.99,20.0
2024-09-10,26.1,18.5,21.9,0.0,16.3,41.4,21.06,Taolagnaro,-25.032,46.99,20.0
2024-09-11,23.5,19.7,21.1,5.6,20.3,52.6,12.82,Taolagnaro,-25.032,46.99,20.0
2024-09-12,21.5,18.8,19.9,8.6,13.8,34.9,13.78,Taolagnaro,-25.032,46.99,20.0
2024-09-13,22.2,19.1,20.2,1.0,22.3,52.9,14.71,Taolagnaro,-25.032,46.99,20.0
2024-09-14,23.1,18.9,21.0,0.4,34.4,82.1,15.75,Taolagnaro,-25.032,46.99,20.0
2024-09-15,27.0,19.2,22.8,0.0,28.8,67.3,22.56,Taolagnaro,-25.032,46.99,20.0
2024-09-16,27.7,16.7,22.2,0.0,19.9,51.5,23.17,Taolagnaro,-25.032,46.99,20.0
2024-09-17,25.5,17.0,21.3,0.0,17.2,35.6,22.28,Taolagnaro,-25.032,46.99,20.0
2024-09-18,26.6,20.2,23.0,0.0,29.9,69.5,21.93,Taolagnaro,-25.032,46.99,20.0
2024-09-19,28.1,18.3,23.2,0.0,23.7,51.5,23.54,Taolagnaro,-25.032,46.99,20.0
2024-09-20,28.0,17.5,22.8,0.0,18.8,43.2,23.6,Taolagnaro,-25.032,46.99,20.0
2024-09-21,27.5,18.4,23.0,0.0,28.9,67.7,23.68,Taolagnaro,-25.032,46.99,20.0
2024-09-22,26.9,19.2,22.7,2.7,31.9,71.6,18.47,Taolagnaro,-25.032,46.99,20.0
2024-09-23,20.5,17.2,19.4,8.4,22.0,52.6,9.14,Taolagnaro,-25.032,46.99,20.0
2024-09-24,22.3,19.4,20.6,0.9,21.6,53.3,8.7,Taolagnaro,-25.032,46.99,20.0
2024-09-25,26.3,20.4,23.1,0.5,27.4,65.5,19.7,Taolagnaro,-25.032,46.99,20.0
2024-09-26,28.1,21.0,24.0,0.0,29.6,69.5,22.95,Taolagnaro,-25.032,46.99,20.0
2024-09-27,28.0,20.1,24.0,0.8,18.6,48.6,22.68,Taolagnaro,-25.032,46.99,20.0
2024-09-28,26.1,19.2,22.7,0.2,18.6,46.4,21.93,Taolagnaro,-25.032,46.99,20.0
2024-09-29,28.6,18.6,23.5,0.0,24.8,55.8,23.98,Taolagnaro,-25.032,46.99,20.0
2024-09-30,29.1,20.5,24.5,0.0,30.8,70.2,24.12,Taolagnaro,-25.032,46.99,20.0
2024-10-01,28.9,20.3,24.1,0.0,27.8,65.2,24.24,Taolagnaro,-25.032,46.99,20.0
2024-10-02,22.8,18.5,21.1,12.4,20.3,45.0,7.38,Taolagnaro,-25.032,46.99,20.0
2024-10-03,21.2,17.2,19.4,3.1,20.5,51.5,13.46,Taolagnaro,-25.032,46.99,20.0
2024-10-04,21.1,18.3,19.3,1.1,20.3,51.5,20.38,Taolagnaro,-25.032,46.99,20.0
2024-10-05,21.8,16.6,19.4,1.8,15.7,42.1,21.37,Taolagnaro,-25.032,46.99,20.0
2024-10-06,22.8,16.1,19.8,0.8,21.0,51.8,21.19,Taolagnaro,-25.032,46.99,20.0
2024-10-07,25.9,17.4,21.7,0.0,22.7,54.4,25.35,Taolagnaro,-25.032,46.99,20.0
2024-10-08,26.0,16.3,21.1,0.6,12.8,33.1,24.34,Taolagnaro,-25.032,46.99,20.0
2024-10-09,23.1,19.8,21.3,5.2,20.4,49.0,18.35,Taolagnaro,-25.032,46.99,20.0
2024-10-10,25.4,19.9,22.7,0.4,32.6,77.0,24.19,Taolagnaro,-25.032,46.99,20.0
2024-10-11,25.3,20.4,22.7,0.0,33.4,78.5,24.49,Taolagnaro,-25.032,46.99,20.0
2024-10-12,26.1,20.8,23.0,0.0,32.2,77.8,26.02,Taolagnaro,-25.032,46.99,20.0
2024-10-13,25.6,20.9,22.9,0.0,33.9,81.7,24.98,Taolagnaro,-25.032,46.99,20.0
2024-10-14,25.9,20.5,23.0,0.0,35.6,84.2,25.64,Taolagnaro,-25.032,46.99,20.0
2024-10-15,25.9,17.7,21.9,0.2,14.5,42.8,25.08,Taolagnaro,-25.032,46.99,20.0
2024-10-16,20.1,18.6,19.3,17.2,22.5,50.0,7.2,Taolagnaro,-25.032,46.99,20.0
2024-10-17,22.2,17.1,19.4,0.2,13.8,37.1,23.81,Taolagnaro,-25.032,46.99,20.0
2024-10-18,24.3,16.6,21.0,0.0,26.0,61.9,26.38,Taolagnaro,-25.032,46.99,20.0
2024-10-19,27.5,20.9,24.0,0.0,24.1,56.5,24.4,Taolagnaro,-25.032,46.99,20.0
2024-10-20,28.2,21.1,24.5,0.0,27.1,65.2,26.07,Taolagnaro,-25.032,46.99,20.0
2024-10-21,27.0,22.9,24.5,0.0,31.1,74.2,24.98,Taolagnaro,-25.032,46.99,20.0
2024-10-22,24.8,21.3,23.0,5.1,29.7,72.4,22.18,Taolagnaro,-25.032,46.99,20.0
2024-10-23,25.5,20.9,23.0,0.6,35.1,83.2,24.01,Taolagnaro,-25.032,46.99,20.0
2024-10-24,27.1,21.4,23.8,0.0,33.7,79.9,26.33,Taolagnaro,-25.032,46.99,20.0
2024-10-25,28.7,21.2,24.4,0.0,26.6,63.7,24.1,Taolagnaro,-25.032,46.99,20.0
2024-10-26,27.2,19.0,23.4,0.0,11.9,32.0,25.17,Taolagnaro,-25.032,46.99,20.0
2024-10-27,27.5,18.8,23.7,0.0,15.6,34.6,25.68,Taolagnaro,-25.032,46.99,20.0
2024-10-28,28.7,23.3,25.6,0.0,26.9,64.1,23.26,Taolagnaro,-25.032,46.99,20.0
2024-10-29,29.1,22.8,25.6,0.0,33.9,78.1,25.62,Taolagnaro,-25.032,46.99,20.0
2024-10-30,28.7,22.9,25.4,0.0,36.5,83.9,26.79,Taolagnaro,-25.032,46.99,20.0
2024-10-31,29.6,22.1,25.3,0.1,20.7,51.1,20.19,Taolagnaro,-25.032,46.99,20.0
2024-11-01,25.9,21.0,23.4,4.5,15.1,41.4,22.22,Taolagnaro,-25.032,46.99,20.0
2024-11-02,28.5,22.0,24.8,0.0,30.1,71.3,26.52,Taolagnaro,-25.032,46.99,20.0
2024-11-03,28.3,23.3,25.4,0.0,31.6,74.9,27.24,Taolagnaro,-25.032,46.99,20.0
2024-11-04,26.7,23.0,24.6,0.2,28.7,68.8,23.51,Taolagnaro,-25.032,46.99,20.0
2024-11-05,27.4,22.8,25.0,0.0,31.6,75.2,24.62,Taolagnaro,-25.032,46.99,20.0
2024-11-06,28.0,23.5,25.2,0.0,32.3,76.3,26.81,Taolagnaro,-25.032,46.99,20.0
2024-11-07,28.9,22.1,25.3,0.0,29.6,69.5,28.22,Taolagnaro,-25.032,46.99,20.0
2024-11-08,28.9,21.5,24.9,0.0,31.6,74.2,27.5,Taolagnaro,-25.032,46.99,20.0
2024-11-09,29.1,22.0,25.4,0.0,29.4,69.1,27.57,Taolagnaro,-25.032,46.99,20.0
2024-11-10,29.7,23.4,26.1,0.0,31.1,73.4,27.02,Taolagnaro,-25.032,46.99,20.0
2024-11-11,31.0,22.7,26.6,0.0,21.9,54.7,28.02,Taolagnaro,-25.032,46.99,20.0
2024-11-12,29.2,23.3,25.8,0.0,12.6,36.0,26.27,Taolagnaro,-25.032,46.99,20.0
2024-11-13,30.2,23.9,26.6,0.2,13.5,33.1,26.54,Taolagnaro,-25.032,46.99,20.0
2024-11-14,28.9,23.1,25.6,7.1,22.1,50.0,24.28,Taolagnaro,-25.032,46.99,20.0
2024-11-15,27.7,22.7,25.2,7.7,27.0,60.5,25.01,Taolagnaro,-25.032,46.99,20.0
2024-11-16,28.5,23.9,26.1,0.0,35.0,77.8,28.54,Taolagnaro,-25.032,46.99,20.0
2024-11-17,29.2,24.4,26.5,0.0,31.8,69.5,27.39,Taolagnaro,-25.032,46.99,20.0
2024-11-18,29.4,24.1,26.5,0.0,35.9,79.2,28.14,Taolagnaro,-25.032,46.99,20.0
2024-11-19,28.9,24.0,26.2,0.0,31.1,69.5,29.09,Taolagnaro,-25.032,46.99,20.0
2024-11-20,27.7,23.3,25.4,0.2,29.3,66.6,28.38,Taolagnaro,-25.032,46.99,20.0
2024-11-21,27.8,22.6,25.3,0.1,27.5,62.6,27.43,Taolagnaro,-25.032,46.99,20.0
2024-11-22,27.9,23.4,25.6,0.3,26.9,61.6,26.0,Taolagnaro,-25.032,46.99,20.0
2024-11-23,29.7,24.0,26.4,0.0,25.0,56.9,28.28,Taolagnaro,-25.032,46.99,20.0
2024-11-24,28.9,22.5,25.8,1.6,16.7,40.7,27.5,Taolagnaro,-25.032,46.99,20.0
2024-11-25,29.0,23.6,26.3,0.3,21.1,49.3,27.94,Taolagnaro,-25.032,46.99,20.0
2024-11-26,30.5,24.3,27.3,0.0,35.6,77.4,28.47,Taolagnaro,-25.032,46.99,20.0
2024-11-27,30.2,24.7,27.3,0.0,35.8,78.1,28.17,Taolagnaro,-25.032,46.99,20.0
2024-11-28,30.8,24.0,27.3,0.1,33.2,73.1,28.58,Taolagnaro,-25.032,46.99,20.0
2024-11-29,28.7,22.3,24.8,15.0,20.0,47.2,18.7,Taolagnaro,-25.032,46.99,20.0
2024-11-30,25.4,20.5,23.2,2.4,17.3,41.4,13.74,Taolagnaro,-25.032,46.99,20.0
2024-12-01,26.4,18.3,23.0,0.4,19.0,41.8,25.24,Taolagnaro,-25.032,46.99,20.0
2024-12-02,26.9,20.2,24.3,0.0,25.1,55.8,27.48,Taolagnaro,-25.032,46.99,20.0
2024-12-03,29.6,22.6,26.1,0.0,26.1,59.8,27.78,Taolagnaro,-25.032,46.99,20.0
2024-12-04,30.4,23.0,26.7,0.0,22.8,50.4,28.37,Taolagnaro,-25.032,46.99,20.0
2024-12-05,31.0,21.9,26.6,0.0,27.6,60.5,29.79,Taolagnaro,-25.032,46.99,20.0
2024-12-06,30.3,23.6,27.0,0.0,28.8,63.7,28.67,Taolagnaro,-25.032,46.99,20.0
2024-12-07,31.4,22.7,26.9,0.0,20.2,45.0,29.42,Taolagnaro,-25.032,46.99,20.0
2024-12-08,29.3,22.6,25.6,3.4,20.4,48.2,28.25,Taolagnaro,-25.032,46.99,20.0
2024-12-09,25.9,22.0,24.5,5.0,22.5,50.8,15.53,Taolagnaro,-25.032,46.99,20.0
2024-12-10,27.5,24.0,25.5,0.1,26.9,59.8,20.69,Taolagnaro,-25.032,46.99,20.0
2024-12-11,28.3,24.9,26.2,0.0,33.4,74.9,23.76,Taolagnaro,-25.032,46.99,20.0
2024-12-12,30.3,24.3,27.1,0.0,34.7,76.0,29.54,Taolagnaro,-25.032,46.99,20.0
2024-12-13,31.4,24.0,27.5,0.0,31.0,68.0,29.37,Taolagnaro,-25.032,46.99,20.0
2024-12-14,32.4,24.0,28.0,0.0,15.3,36.0,27.78,Taolagnaro,-25.032,46.99,20.0
2024-12-15,30.3,23.3,26.7,0.0,31.9,71.3,30.47,Taolagnaro,-25.032,46.99,20.0
2024-12-16,30.7,24.7,27.3,0.0,35.6,78.5,31.58,Taolagnaro,-25.032,46.99,20.0
2024-12-17,32.6,23.5,27.6,0.0,29.1,62.6,30.59,Taolagnaro,-25.032,46.99,20.0
2024-12-18,32.1,21.7,27.3,0.0,28.5,63.0,31.27,Taolagnaro,-25.032,46.99,20.0
2024-12-19,31.5,23.3,27.4,0.0,32.8,72.0,31.58,Taolagnaro,-25.032,46.99,20.0
2024-12-20,30.3,23.5,27.1,0.0,31.6,71.3,30.74,Taolagnaro,-25.032,46.99,20.0
2024-12-21,30.0,26.0,27.5,0.0,31.0,72.0,26.85,Taolagnaro,-25.032,46.99,20.0
2024-12-22,31.4,25.4,28.0,0.0,37.3,82.1,29.39,Taolagnaro,-25.032,46.99,20.0
2024-12-23,31.4,24.7,27.9,0.0,33.3,73.8,30.06,Taolagnaro,-25.032,46.99,20.0
2024-12-24,31.8,23.8,27.7,0.0,14.6,35.3,28.71,Taolagnaro,-25.032,46.99,20.0
2024-12-25,29.0,24.7,26.5,5.6,16.0,40.3,25.07,Taolagnaro,-25.032,46.99,20.0
2024-12-26,28.0,23.6,25.5,5.9,23.4,53.3,26.22,Taolagnaro,-25.032,46.99,20.0
2024-12-27,29.4,22.9,26.4,0.3,31.3,70.9,27.56,Taolagnaro,-25.032,46.99,20.0
2024-12-28,31.0,24.4,27.5,0.0,32.0,72.4,29.5,Taolagnaro,-25.032,46.99,20.0
2024-12-29,30.4,24.6,27.3,0.0,31.0,69.8,30.16,Taolagnaro,-25.032,46.99,20.0
2024-12-30,30.4,24.1,27.4,0.0,28.7,65.5,30.3,Taolagnaro,-25.032,46.99,20.0
2024-12-31,30.8,24.7,27.5,0.0,28.3,64.1,30.06,Taolagnaro,-25.032,46.99,20.0
2025-01-01,31.1,24.3,27.7,0.0,29.0,66.2,30.61,Taolagnaro,-25.032,46.99,20.0
2025-01-02,32.6,24.7,28.5,0.0,23.0,52.2,29.14,Taolagnaro,-25.032,46.99,20.0
2025-01-03,31.2,25.1,28.0,0.0,28.8,65.5,30.2,Taolagnaro,-25.032,46.99,20.0
2025-01-04,30.3,24.5,27.4,0.1,31.7,72.0,30.69,Taolagnaro,-25.032,46.99,20.0
2025-01-05,32.0,24.7,28.1,0.0,33.5,74.5,31.31,Taolagnaro,-25.032,46.99,20.0
2025-01-06,32.7,24.3,28.4,0.0,25.9,58.7,30.78,Taolagnaro,-25.032,46.99,20.0
2025-01-07,31.7,23.8,28.0,0.0,32.5,73.1,31.22,Taolagnaro,-25.032,46.99,20.0
2025-01-08,33.8,25.5,29.3,0.0,34.2,74.2,29.16,Taolagnaro,-25.032,46.99,20.0
2025-01-09,33.6,24.7,28.8,0.0,25.6,58.3,27.59,Taolagnaro,-25.032,46.99,20.0
2025-01-10,32.2,26.0,28.8,0.0,34.8,77.8,30.38,Taolagnaro,-25.032,46.99,20.0
2025-01-11,31.6,26.1,28.5,0.0,36.3,80.3,30.67,Taolagnaro,-25.032,46.99,20.0
2025-01-12,33.1,26.4,29.4,0.0,34.5,77.4,30.61,Taolagnaro,-25.032,46.99,20.0
2025-01-13,35.1,25.4,29.4,0.0,33.6,72.7,31.11,Taolagnaro,-25.032,46.99,20.0
2025-01-14,33.1,25.0,28.2,4.8,35.7,79.6,24.88,Taolagnaro,-25.032,46.99,20.0
2025-01-15,31.4,24.7,27.6,9.9,31.8,70.2,22.57,Taolagnaro,-25.032,46.99,20.0
2025-01-16,32.5,25.3,27.9,14.4,19.5,44.6,24.45,Taolagnaro,-25.032,46.99,20.0
2025-01-17,30.3,24.6,27.3,10.1,12.0,31.7,25.42,Taolagnaro,-25.032,46.99,20.0
2025-01-18,28.3,24.8,26.4,6.8,13.5,32.4,20.4,Taolagnaro,-25.032,46.99,20.0
2025-01-19,30.7,24.1,27.1,0.1,32.1,70.2,27.84,Taolagnaro,-25.032,46.99,20.0
2025-01-20,30.8,25.4,27.7,0.0,32.3,72.4,29.22,Taolagnaro,-25.032,46.99,20.0
2025-01-21,30.6,24.7,27.1,0.1,26.6,61.6,28.07,Taolagnaro,-25.032,46.99,20.0
2025-01-22,28.5,24.3,26.1,1.4,23.3,54.7,24.6,Taolagnaro,-25.032,46.99,20.0
2025-01-23,28.6,23.3,25.3,5.6,23.1,52.6,17.14,Taolagnaro,-25.032,46.99,20.0
2025-01-24,28.4,23.6,25.2,8.8,24.6,55.4,17.49,Taolagnaro,-25.032,46.99,20.0
2025-01-25,28.7,23.5,25.2,9.5,18.8,42.1,14.57,Taolagnaro,-25.032,46.99,20.0
2025-01-26,28.1,23.6,25.1,23.3,12.2,27.0,10.61,Taolagnaro,-25.032,46.99,20.0
2025-01-27,28.2,23.9,25.5,12.3,10.3,29.9,14.04,Taolagnaro,-25.032,46.99,20.0
2025-01-28,29.1,24.1,26.4,8.9,18.7,42.5,13.18,Taolagnaro,-25.032,46.99,20.0
2025-01-29,29.5,24.5,26.5,4.5,20.7,45.4,11.44,Taolagnaro,-25.032,46.99,20.0
2025-01-30,31.4,24.8,27.7,5.3,18.0,45.7,19.48,Taolagnaro,-25.032,46.99,20.0
2025-01-31,31.4,24.5,27.0,4.9,16.9,40.3,25.42,Taolagnaro,-25.032,46.99,20.0
2025-02-01,27.5,25.0,25.9,12.8,12.1,31.0,17.42,Taolagnaro,-25.032,46.99,20.0
2025-02-02,26.4,24.5,25.5,9.3,14.9,34.2,9.37,Taolagnaro,-25.032,46.99,20.0
2025-02-03,27.8,22.8,25.5,0.5,14.8,34.6,28.96,Taolagnaro,-25.032,46.99,20.0
2025-02-04,27.4,22.9,25.6,2.3,19.0,43.9,25.93,Taolagnaro,-25.032,46.99,20.0
2025-02-05,28.5,23.6,26.1,13.2,25.0,59.0,17.83,Taolagnaro,-25.032,46.99,20.0
2025-02-06,29.7,24.7,26.8,1.3,27.5,60.8,25.14,Taolagnaro,-25.032,46.99,20.0
2025-02-07,29.5,23.7,26.5,2.5,17.0,39.2,24.13,Taolagnaro,-25.032,46.99,20.0
2025-02-08,29.2,24.6,26.6,2.6,20.0,45.7,24.02,Taolagnaro,-25.032,46.99,20.0
2025-02-09,29.4,24.0,26.7,0.2,19.7,44.6,27.04,Taolagnaro,-25.032,46.99,20.0
2025-02-10,29.6,24.3,26.7,1.2,15.9,39.2,25.66,Taolagnaro,-25.032,46.99,20.0
2025-02-11,29.1,23.4,26.0,4.1,9.7,26.6,24.25,Taolagnaro,-25.032,46.99,20.0
2025-02-12,28.3,23.5,25.5,5.9,16.9,39.6,22.84,Taolagnaro,-25.032,46.99,20.0
2025-02-13,28.6,23.8,25.9,4.8,23.6,52.2,22.27,Taolagnaro,-25.032,46.99,20.0
2025-02-14,28.9,24.1,26.5,0.7,21.9,52.2,25.59,Taolagnaro,-25.032,46.99,20.0
2025-02-15,29.5,24.0,26.6,0.3,20.1,46.8,25.83,Taolagnaro,-25.032,46.99,20.0
2025-02-16,28.2,24.0,25.6,6.3,20.5,48.2,20.94,Taolagnaro,-25.032,46.99,20.0
2025-02-17,28.9,23.6,26.2,2.8,17.3,40.3,26.2,Taolagnaro,-25.032,46.99,20.0
2025-02-18,28.5,24.5,26.2,3.6,24.1,55.4,22.38,Taolagnaro,-25.032,46.99,20.0
2025-02-19,29.4,24.8,27.0,0.8,30.1,65.5,23.91,Taolagnaro,-25.032,46.99,20.0
2025-02-20,28.6,24.6,26.3,4.1,24.0,54.4,19.99,Taolagnaro,-25.032,46.99,20.0
2025-02-21,25.0,20.6,23.7,154.7,30.8,71.6,4.35,Taolagnaro,-25.032,46.99,20.0
2025-02-22,26.3,23.4,24.7,72.1,31.2,67.3,10.48,Taolagnaro,-25.032,46.99,20.0
2025-02-23,27.0,23.9,25.3,13.9,28.3,64.8,13.84,Taolagnaro,-25.032,46.99,20.0
2025-02-24,25.3,23.8,24.5,20.7,21.2,50.0,6.4,Taolagnaro,-25.032,46.99,20.0
2025-02-25,27.8,24.2,25.6,4.7,24.5,54.0,16.2,Taolagnaro,-25.032,46.99,20.0
2025-02-26,29.7,24.3,26.7,0.1,26.3,58.3,21.05,Taolagnaro,-25.032,46.99,20.0
2025-02-27,30.5,24.7,27.4,2.6,32.1,70.6,20.4,Taolagnaro,-25.032,46.99,20.0
2025-02-28,31.6,25.7,27.8,3.9,34.2,74.5,16.1,Taolagnaro,-25.032,46.99,20.0
2025-03-01,29.7,24.2,26.6,20.6,22.2,66.2,5.72,Taolagnaro,-25.032,46.99,20.0
2025-03-02,30.7,25.0,26.7,26.3,11.9,38.2,8.63,Taolagnaro,-25.032,46.99,20.0
2025-03-03,32.1,24.9,27.3,16.5,15.0,42.5,17.52,Taolagnaro,-25.032,46.99,20.0
2025-03-04,29.6,24.2,25.9,6.3,12.3,32.0,17.6,Taolagnaro,-25.032,46.99,20.0
2025-03-05,28.2,23.8,26.2,2.2,14.0,34.9,18.62,Taolagnaro,-25.032,46.99,20.0
2025-03-06,30.9,24.7,27.3,0.0,25.5,56.9,24.3,Taolagnaro,-25.032,46.99,20.0
2025-03-07,29.6,24.8,27.2,0.0,27.3,61.9,26.34,Taolagnaro,-25.032,46.99,20.0
2025-03-08,29.5,25.0,27.0,0.2,24.9,55.4,23.68,Taolagnaro,-25.032,46.99,20.0
2025-03-09,28.4,24.9,26.6,3.5,26.9,59.8,23.54,Taolagnaro,-25.032,46.99,20.0
2025-03-10,28.3,24.3,26.1,0.7,26.1,58.0,24.4,Taolagnaro,-25.032,46.99,20.0
2025-03-11,28.0,23.3,25.7,0.2,20.1,46.4,21.98,Taolagnaro,-25.032,46.99,20.0
2025-03-12,28.1,23.7,25.7,0.8,20.8,47.2,22.69,Taolagnaro,-25.032,46.99,20.0
2025-03-13,29.0,23.5,25.5,11.7,23.7,52.6,20.24,Taolagnaro,-25.032,46.99,20.0
2025-03-14,27.8,23.9,25.6,5.2,25.8,56.2,11.09,Taolagnaro,-25.032,46.99,20.0
2025-03-15,29.6,24.0,26.1,22.6,66.6,144.4,15.51,Taolagnaro,-25.032,46.99,20.0
2025-03-16,25.6,22.1,24.0,12.5,33.7,76.7,17.25,Taolagnaro,-25.032,46.99,20.0
2025-03-17,25.1,20.5,23.6,9.2,24.5,57.6,15.71,Taolagnaro,-25.032,46.99,20.0
2025-03-18,25.5,22.1,24.2,0.0,22.5,51.1,18.9,Taolagnaro,-25.032,46.99,20.0
2025-03-19,26.1,22.0,23.6,4.6,25.3,58.0,22.23,Taolagnaro,-25.032,46.99,20.0
2025-03-20,25.1,21.3,23.0,10.6,22.0,49.7,12.67,Taolagnaro,-25.032,46.99,20.0
2025-03-21,26.9,22.4,23.9,1.6,23.8,52.9,18.74,Taolagnaro,-25.032,46.99,20.0
2025-03-22,27.6,21.2,24.3,0.0,11.1,28.8,22.81,Taolagnaro,-25.032,46.99,20.0
2025-03-23,27.4,19.7,23.8,1.3,11.2,29.2,21.1,Taolagnaro,-25.032,46.99,20.0
2025-03-24,27.8,20.8,24.5,0.9,12.0,31.3,21.51,Taolagnaro,-25.032,46.99,20.0
2025-03-25,26.8,22.8,24.7,6.0,14.8,34.6,18.85,Taolagnaro,-25.032,46.99,20.0
2025-03-26,27.8,21.4,25.0,0.0,19.0,43.9,22.75,Taolagnaro,-25.032,46.99,20.0
2025-03-27,28.8,23.9,26.2,0.0,23.8,53.3,23.44,Taolagnaro,-25.032,46.99,20.0
2025-03-28,28.4,24.1,26.0,0.5,23.2,52.2,22.59,Taolagnaro,-25.032,46.99,20.0
2025-03-29,27.0,23.1,25.0,1.9,23.6,52.6,19.54,Taolagnaro,-25.032,46.99,20.0
2025-03-30,28.5,22.6,25.4,0.0,28.2,62.6,22.6,Taolagnaro,-25.032,46.99,20.0
2025-03-31,28.4,23.5,25.7,0.0,27.2,60.5,22.54,Taolagnaro,-25.032,46.99,20.0
2025-04-01,27.8,23.8,25.5,0.2,26.2,60.1,19.85,Taolagnaro,-25.032,46.99,20.0
2025-04-02,29.0,24.0,26.1,0.0,25.8,57.6,21.39,Taolagnaro,-25.032,46.99,20.0
2025-04-03,27.7,20.7,24.2,4.5,23.7,54.0,21.7,Taolagnaro,-25.032,46.99,20.0
2025-04-04,25.7,21.9,23.5,4.9,15.0,34.9,11.34,Taolagnaro,-25.032,46.99,20.0
2025-04-05,26.2,22.1,23.9,2.6,22.8,49.7,17.76,Taolagnaro,-25.032,46.99,20.0
2025-04-06,28.1,22.1,24.7,3.8,24.1,54.7,18.97,Taolagnaro,-25.032,46.99,20.0
2025-04-07,26.9,22.5,24.5,0.5,24.1,54.0,18.57,Taolagnaro,-25.032,46.99,20.0
2025-04-08,28.7,22.9,25.4,0.0,19.2,43.9,19.52,Taolagnaro,-25.032,46.99,20.0
2025-04-09,29.1,20.8,24.4,1.7,11.8,34.6,19.2,Taolagnaro,-25.032,46.99,20.0
2025-04-10,27.1,20.9,23.9,3.5,9.9,23.8,18.4,Taolagnaro,-25.032,46.99,20.0
2025-04-11,28.1,22.0,24.3,4.7,11.3,29.5,18.69,Taolagnaro,-25.032,46.99,20.0
2025-04-12,27.9,21.9,24.6,0.1,21.6,53.3,16.86,Taolagnaro,-25.032,46.99,20.0
2025-04-13,28.6,23.5,25.8,0.0,22.0,47.9,14.91,Taolagnaro,-25.032,46.99,20.0
2025-04-14,29.9,24.0,26.4,0.0,21.8,47.5,16.57,Taolagnaro,-25.032,46.99,20.0
2025-04-15,29.0,23.9,26.1,0.0,17.9,40.7,19.57,Taolagnaro,-25.032,46.99,20.0
2025-04-16,28.8,22.3,25.7,0.0,26.4,58.3,20.3,Taolagnaro,-25.032,46.99,20.0
2025-04-17,29.3,23.3,25.9,0.0,19.5,45.7,18.05,Taolagnaro,-25.032,46.99,20.0
2025-04-18,27.4,22.5,24.2,6.6,14.5,34.2,12.06,Taolagnaro,-25.032,46.99,20.0
2025-04-19,26.6,22.5,24.2,0.5,9.3,24.5,16.52,Taolagnaro,-25.032,46.99,20.0
2025-04-20,27.6,21.8,24.2,0.3,13.0,31.3,14.07,Taolagnaro,-25.032,46.99,20.0
2025-04-21,26.3,21.9,24.1,0.1,16.2,37.8,13.91,Taolagnaro,-25.032,46.99,20.0
2025-04-22,25.0,22.6,23.6,7.6,12.2,25.2,7.55,Taolagnaro,-25.032,46.99,20.0
2025-04-23,27.3,23.0,24.7,2.5,11.4,27.4,15.99,Taolagnaro,-25.032,46.99,20.0
2025-04-24,27.3,23.2,24.8,3.1,14.4,33.1,15.27,Taolagnaro,-25.032,46.99,20.0
2025-04-25,26.6,22.4,24.6,0.5,15.8,37.8,15.98,Taolagnaro,-25.032,46.99,20.0
2025-04-26,28.1,22.5,25.1,0.0,24.5,53.6,15.18,Taolagnaro,-25.032,46.99,20.0
2025-04-27,27.5,23.4,24.9,0.7,30.8,68.0,15.24,Taolagnaro,-25.032,46.99,20.0
2025-04-28,26.4,23.2,24.7,1.7,24.3,54.0,13.68,Taolagnaro,-25.032,46.99,20.0
2025-04-29,26.0,21.8,24.0,6.9,30.4,69.5,10.89,Taolagnaro,-25.032,46.99,20.0
2025-04-30,25.8,22.3,24.0,2.3,30.6,67.7,15.15,Taolagnaro,-25.032,46.99,20.0
2025-05-01,26.8,22.4,24.4,0.2,31.7,69.5,15.67,Taolagnaro,-25.032,46.99,20.0
2025-05-02,27.5,22.7,25.0,0.0,29.0,63.7,17.12,Taolagnaro,-25.032,46.99,20.0
2025-05-03,28.2,22.0,24.3,2.5,20.1,43.6,14.94,Taolagnaro,-25.032,46.99,20.0
2025-05-04,23.9,20.7,21.9,4.8,21.2,48.2,6.73,Taolagnaro,-25.032,46.99,20.0
2025-05-05,22.7,20.1,21.5,2.0,17.8,41.4,11.16,Taolagnaro,-25.032,46.99,20.0
2025-05-06,24.2,20.1,22.1,0.0,22.1,50.8,13.98,Taolagnaro,-25.032,46.99,20.0
2025-05-07,24.5,20.3,22.5,0.0,24.2,54.0,15.19,Taolagnaro,-25.032,46.99,20.0
2025-05-08,25.3,19.5,22.5,0.0,23.0,51.1,16.78,Taolagnaro,-25.032,46.99,20.0
2025-05-09,25.9,20.3,23.3,0.8,20.9,47.2,14.56,Taolagnaro,-25.032,46.99,20.0
2025-05-10,26.5,22.4,24.1,0.0,24.8,55.1,15.29,Taolagnaro,-25.032,46.99,20.0
2025-05-11,28.8,22.7,25.1,0.0,21.9,47.5,16.89,Taolagnaro,-25.032,46.99,20.0
2025-05-12,26.9,20.2,23.5,0.1,18.2,41.4,15.13,Taolagnaro,-25.032,46.99,20.0
2025-05-13,24.5,20.4,22.5,4.1,13.6,31.0,13.34,Taolagnaro,-25.032,46.99,20.0
2025-05-14,24.0,21.1,22.2,1.3,16.0,37.1,14.52,Taolagnaro,-25.032,46.99,20.0
2025-05-15,24.8,19.5,22.3,0.4,20.8,48.6,13.87,Taolagnaro,-25.032,46.99,20.0
2025-05-16,24.2,21.0,22.5,1.2,21.7,48.6,10.6,Taolagnaro,-25.032,46.99,20.0
2025-05-17,26.4,21.3,23.7,0.2,25.4,56.2,15.39,Taolagnaro,-25.032,46.99,20.0
2025-05-18,27.8,19.4,23.5,0.0,20.3,46.1,15.43,Taolagnaro,-25.032,46.99,20.0
2025-05-19,25.3,18.7,21.9,0.2,16.4,37.4,16.05,Taolagnaro,-25.032,46.99,20.0
2025-05-20,25.1,18.4,22.2,2.8,14.6,33.8,13.14,Taolagnaro,-25.032,46.99,20.0
2025-05-21,26.6,21.3,23.6,0.0,28.2,62.6,16.03,Taolagnaro,-25.032,46.99,20.0
2025-05-22,25.9,18.2,22.2,0.6,26.0,58.7,13.77,Taolagnaro,-25.032,46.99,20.0
2025-05-23,23.0,18.5,20.9,1.9,25.0,55.8,12.72,Taolagnaro,-25.032,46.99,20.0
2025-05-24,23.7,15.8,19.7,0.0,11.8,28.8,13.13,Taolagnaro,-25.032,46.99,20.0
2025-05-25,23.8,17.3,20.9,1.3,21.6,49.7,11.44,Taolagnaro,-25.032,46.99,20.0
2025-05-26,24.2,18.8,21.4,0.2,28.0,63.0,14.28,Taolagnaro,-25.032,46.99,20.0
2025-05-27,26.1,18.3,21.6,0.0,19.1,44.3,15.51,Taolagnaro,-25.032,46.99,20.0
2025-05-28,24.7,15.1,19.7,0.0,8.2,21.6,15.45,Taolagnaro,-25.032,46.99,20.0
2025-05-29,23.8,17.2,20.8,0.5,24.1,54.4,14.07,Taolagnaro,-25.032,46.99,20.0
2025-05-30,25.7,19.5,22.4,0.0,27.5,61.9,15.29,Taolagnaro,-25.032,46.99,20.0
2025-05-31,25.2,16.3,20.5,0.0,9.1,27.0,14.58,Taolagnaro,-25.032,46.99,20.0
2025-06-01,24.2,16.5,20.7,0.4,16.5,36.7,14.5,Taolagnaro,-25.032,46.99,20.0
2025-06-02,26.0,16.1,21.1,0.0,13.9,35.6,15.63,Taolagnaro,-25.032,46.99,20.0
2025-06-03,24.1,15.4,19.7,0.0,8.4,23.0,14.92,Taolagnaro,-25.032,46.99,20.0
2025-06-04,24.5,16.4,20.3,0.0,15.5,37.1,14.63,Taolagnaro,-25.032,46.99,20.0
2025-06-05,24.1,16.7,20.3,5.4,14.0,36.4,14.03,Taolagnaro,-25.032,46.99,20.0
2025-06-06,22.8,19.4,21.0,4.3,19.6,45.0,6.86,Taolagnaro,-25.032,46.99,20.0
2025-06-07,25.3,19.8,22.1,0.0,27.7,61.2,14.04,Taolagnaro,-25.032,46.99,20.0
2025-06-08,26.2,20.9,23.2,0.0,29.9,67.0,14.54,Taolagnaro,-25.032,46.99,20.0
2025-06-09,27.1,20.6,23.4,0.0,25.0,55.4,14.88,Taolagnaro,-25.032,46.99,20.0
2025-06-10,26.8,20.1,22.8,0.0,26.2,59.0,15.03,Taolagnaro,-25.032,46.99,20.0
2025-06-11,26.5,15.8,21.1,0.7,15.4,34.9,14.31,Taolagnaro,-25.032,46.99,20.0
2025-06-12,23.9,18.2,20.6,1.5,25.4,56.9,11.62,Taolagnaro,-25.032,46.99,20.0
2025-06-13,22.9,17.8,20.1,2.7,11.7,29.9,11.51,Taolagnaro,-25.032,46.99,20.0
2025-06-14,22.7,16.4,19.7,0.2,15.9,38.2,12.0,Taolagnaro,-25.032,46.99,20.0
2025-06-15,22.9,15.9,19.8,1.7,18.4,42.1,12.29,Taolagnaro,-25.032,46.99,20.0
2025-06-16,24.3,17.7,20.9,0.5,22.6,51.1,13.43,Taolagnaro,-25.032,46.99,20.0
2025-06-17,25.7,17.4,21.1,0.0,23.3,51.5,14.81,Taolagnaro,-25.032,46.99,20.0
2025-06-18,24.2,15.5,19.9,0.0,14.2,30.6,14.58,Taolagnaro,-25.032,46.99,20.0
2025-06-19,24.2,16.6,19.9,0.3,12.2,31.0,13.62,Taolagnaro,-25.032,46.99,20.0
2025-06-20,24.6,15.3,19.7,0.0,11.6,28.8,13.88,Taolagnaro,-25.032,46.99,20.0
2025-06-21,27.8,14.6,20.6,0.0,22.9,51.8,14.84,Taolagnaro,-25.032,46.99,20.0
2025-06-22,23.2,18.0,20.0,0.3,21.5,50.0,11.91,Taolagnaro,-25.032,46.99,20.0
2025-06-23,22.9,15.7,19.4,0.0,22.7,50.4,13.53,Taolagnaro,-25.032,46.99,20.0
2025-06-24,24.0,14.3,19.2,0.0,11.6,29.9,14.77,Taolagnaro,-25.032,46.99,20.0
2025-06-25,24.3,15.1,20.1,0.0,23.7,52.9,13.94,Taolagnaro,-25.032,46.99,20.0
2025-06-26,25.3,18.0,21.4,0.0,27.6,61.6,14.34,Taolagnaro,-25.032,46.99,20.0
2025-06-27,26.8,17.1,21.8,0.0,23.8,51.8,14.78,Taolagnaro,-25.032,46.99,20.0
2025-06-28,25.7,16.6,21.2,0.0,14.0,32.0,14.17,Taolagnaro,-25.032,46.99,20.0
2025-06-29,27.2,19.2,22.5,0.0,22.4,51.1,13.72,Taolagnaro,-25.032,46.99,20.0
2025-06-30,23.3,18.8,21.1,4.5,17.9,37.1,8.7,Taolagnaro,-25.032,46.99,20.0
2025-07-01,23.4,20.6,21.5,3.2,27.2,61.6,10.29,Taolagnaro,-25.032,46.99,20.0
2025-07-02,21.6,18.9,20.6,1.1,28.2,62.3,9.53,Taolagnaro,-25.032,46.99,20.0
2025-07-03,22.3,17.7,19.8,1.7,23.9,54.4,11.69,Taolagnaro,-25.032,46.99,20.0
2025-07-04,23.6,17.5,20.2,1.1,28.6,63.7,13.36,Taolagnaro,-25.032,46.99,20.0
2025-07-05,24.1,17.1,20.4,0.0,23.0,52.6,14.93,Taolagnaro,-25.032,46.99,20.0
2025-07-06,24.8,15.6,20.4,0.0,24.8,54.7,15.18,Taolagnaro,-25.032,46.99,20.0
2025-07-07,25.3,14.3,19.4,0.0,12.8,30.2,14.92,Taolagnaro,-25.032,46.99,20.0
2025-07-08,24.1,15.8,19.3,8.9,14.8,35.3,13.59,Taolagnaro,-25.032,46.99,20.0
2025-07-09,20.5,17.4,18.7,38.2,21.5,51.5,4.1,Taolagnaro,-25.032,46.99,20.0
2025-07-10,21.5,18.1,19.9,19.2,24.0,53.6,10.24,Taolagnaro,-25.032,46.99,20.0
2025-07-11,24.1,20.3,21.9,0.3,29.7,66.6,13.62,Taolagnaro,-25.032,46.99,20.0
2025-07-12,24.2,19.5,21.5,0.0,26.2,57.6,15.3,Taolagnaro,-25.032,46.99,20.0
2025-07-13,24.6,17.1,21.0,0.0,21.5,47.5,15.61,Taolagnaro,-25.032,46.99,20.0
2025-07-14,24.3,18.4,20.9,0.0,20.0,44.6,15.1,Taolagnaro,-25.032,46.99,20.0
2025-07-15,23.4,15.2,19.2,0.3,15.1,36.7,15.28,Taolagnaro,-25.032,46.99,20.0
2025-07-16,22.7,14.8,18.7,0.4,10.7,25.6,13.2,Taolagnaro,-25.032,46.99,20.0
2025-07-17,23.0,16.5,19.7,0.0,17.3,39.6,14.9,Taolagnaro,-25.032,46.99,20.0
2025-07-18,22.3,17.4,19.4,1.0,21.3,47.9,10.65,Taolagnaro,-25.032,46.99,20.0
2025-07-19,22.0,16.2,18.5,0.8,16.0,38.2,13.19,Taolagnaro,-25.032,46.99,20.0
2025-07-20,20.3,13.7,16.9,2.2,9.2,27.0,11.44,Taolagnaro,-25.032,46.99,20.0
2025-07-21,21.1,14.3,17.8,2.1,13.8,33.1,13.44,Taolagnaro,-25.032,46.99,20.0
2025-07-22,22.0,14.7,18.9,0.1,16.8,40.3,14.14,Taolagnaro,-25.032,46.99,20.0
2025-07-23,22.1,17.9,20.1,0.5,19.3,44.3,13.97,Taolagnaro,-25.032,46.99,20.0
2025-07-24,23.6,16.9,20.5,0.0,22.8,51.8,15.54,Taolagnaro,-25.032,46.99,20.0
2025-07-25,25.4,15.1,21.0,0.0,19.3,41.4,14.36,Taolagnaro,-25.032,46.99,20.0
2025-07-26,24.5,15.4,19.7,0.7,10.3,26.6,14.79,Taolagnaro,-25.032,46.99,20.0
2025-07-27,23.4,14.6,18.6,1.0,22.5,52.9,15.02,Taolagnaro,-25.032,46.99,20.0
2025-07-28,19.8,15.6,17.8,3.3,20.4,46.8,12.78,Taolagnaro,-25.032,46.99,20.0
2025-07-29,21.7,14.9,18.4,0.2,18.5,42.1,11.27,Taolagnaro,-25.032,46.99,20.0
2025-07-30,20.8,15.7,18.0,4.4,25.6,57.6,11.13,Taolagnaro,-25.032,46.99,20.0
2025-07-31,20.8,16.4,18.2,2.5,25.7,57.2,13.11,Taolagnaro,-25.032,46.99,20.0
2025-08-01,23.4,15.9,19.2,0.0,26.0,58.3,16.64,Taolagnaro,-25.032,46.99,20.0
2025-08-02,23.4,13.2,18.1,3.5,26.5,60.8,14.32,Taolagnaro,-25.032,46.99,20.0
2025-08-03,20.3,14.5,17.4,3.7,21.3,49.0,14.81,Taolagnaro,-25.032,46.99,20.0
2025-08-04,20.7,13.9,17.8,0.0,14.8,34.9,14.53,Taolagnaro,-25.032,46.99,20.0
2025-08-05,21.3,16.9,19.3,0.0,28.2,62.3,12.76,Taolagnaro,-25.032,46.99,20.0
2025-08-06,22.8,18.0,20.2,0.0,33.6,74.5,16.82,Taolagnaro,-25.032,46.99,20.0
2025-08-07,23.3,16.9,19.8,0.0,27.3,60.8,17.84,Taolagnaro,-25.032,46.99,20.0
2025-08-08,23.9,15.8,19.8,0.0,18.4,41.8,16.57,Taolagnaro,-25.032,46.99,20.0
2025-08-09,23.6,14.2,19.4,0.6,14.8,37.4,17.07,Taolagnaro,-25.032,46.99,20.0
2025-08-10,23.8,16.7,20.5,0.0,25.6,56.5,17.96,Taolagnaro,-25.032,46.99,20.0
2025-08-11,24.6,18.7,20.9,0.0,28.0,62.6,17.9,Taolagnaro,-25.032,46.99,20.0
2025-08-12,24.7,16.4,20.6,1.2,18.2,43.6,17.75,Taolagnaro,-25.032,46.99,20.0
2025-08-13,24.3,19.8,21.7,1.4,27.6,61.9,14.72,Taolagnaro,-25.032,46.99,20.0
2025-08-14,23.3,20.5,21.6,2.2,26.6,59.4,5.0,Taolagnaro,-25.032,46.99,20.0
2025-08-15,25.1,17.7,20.7,12.7,15.9,37.4,13.91,Taolagnaro,-25.032,46.99,20.0
2025-08-16,23.1,16.2,19.3,7.0,23.6,51.5,16.33,Taolagnaro,-25.032,46.99,20.0
2025-08-17,21.1,18.7,19.7,1.2,33.7,77.0,15.13,Taolagnaro,-25.032,46.99,20.0
2025-08-18,21.4,18.3,19.8,1.2,33.6,74.9,15.75,Taolagnaro,-25.032,46.99,20.0
2025-08-19,20.7,16.9,18.8,5.1,29.3,67.3,13.9,Taolagnaro,-25.032,46.99,20.0
2025-08-20,22.6,16.5,19.4,0.3,25.2,58.0,18.37,Taolagnaro,-25.032,46.99,20.0
2025-08-21,22.5,13.0,18.1,0.0,12.7,36.0,19.42,Taolagnaro,-25.032,46.99,20.0
2025-08-22,23.5,13.5,18.4,0.0,10.4,25.9,19.27,Taolagnaro,-25.032,46.99,20.0
2025-08-23,26.1,15.2,20.5,0.0,17.2,36.0,19.9,Taolagnaro,-25.032,46.99,20.0
2025-08-24,26.6,14.8,20.7,0.0,15.2,34.2,20.21,Taolagnaro,-25.032,46.99,20.0
2025-08-25,25.4,15.6,20.4,0.0,9.5,22.3,19.86,Taolagnaro,-25.032,46.99,20.0
2025-08-26,23.8,15.0,19.3,0.0,15.4,40.3,20.06,Taolagnaro,-25.032,46.99,20.0
2025-08-27,23.8,15.5,20.0,3.9,17.1,38.2,17.69,Taolagnaro,-25.032,46.99,20.0
2025-08-28,23.9,19.5,21.1,5.3,20.0,46.1,16.59,Taolagnaro,-25.032,46.99,20.0
2025-08-29,22.6,19.7,21.1,4.6,29.1,64.4,13.53,Taolagnaro,-25.032,46.99,20.0
2025-08-30,25.2,20.1,22.1,0.0,33.3,72.4,20.81,Taolagnaro,-25.032,46.99,20.0
2025-08-31,25.4,19.0,22.1,0.0,29.6,64.4,21.12,Taolagnaro,-25.032,46.99,20.0
2025-09-01,25.3,19.1,22.1,0.0,30.8,67.3,21.24,Taolagnaro,-25.032,46.99,20.0
2025-09-02,24.5,19.9,22.1,0.0,31.4,69.5,20.32,Taolagnaro,-25.032,46.99,20.0
2025-09-03,24.2,20.4,22.2,0.0,34.9,76.3,18.17,Taolagnaro,-25.032,46.99,20.0
2025-09-04,24.6,16.2,20.6,0.0,20.3,46.8,21.25,Taolagnaro,-25.032,46.99,20.0
2025-09-05,25.5,18.8,21.5,0.1,17.8,41.0,20.09,Taolagnaro,-25.032,46.99,20.0
2025-09-06,25.4,18.7,22.1,0.0,16.7,38.5,21.65,Taolagnaro,-25.032,46.99,20.0
2025-09-07,26.4,19.0,22.2,0.0,31.5,69.1,22.03,Taolagnaro,-25.032,46.99,20.0
2025-09-08,27.0,18.9,22.9,0.0,30.6,66.6,22.31,Taolagnaro,-25.032,46.99,20.0
2025-09-09,27.5,19.1,22.7,0.0,29.6,64.8,22.36,Taolagnaro,-25.032,46.99,20.0
2025-09-10,25.4,20.1,22.5,0.0,33.2,74.2,22.15,Taolagnaro,-25.032,46.99,20.0
2025-09-11,25.6,20.0,22.6,0.0,31.5,70.6,22.57,Taolagnaro,-25.032,46.99,20.0
2025-09-12,25.5,19.2,22.0,0.0,32.7,73.1,22.39,Taolagnaro,-25.032,46.99,20.0
2025-09-13,25.6,19.0,22.1,0.0,32.8,72.7,22.96,Taolagnaro,-25.032,46.99,20.0
2025-09-14,26.7,18.8,22.5,0.0,34.7,75.6,23.35,Taolagnaro,-25.032,46.99,20.0
2025-09-15,26.1,19.5,22.7,0.0,35.8,79.2,21.86,Taolagnaro,-25.032,46.99,20.0
2025-09-16,28.7,19.0,23.9,0.0,28.5,65.2,21.62,Taolagnaro,-25.032,46.99,20.0
2025-09-17,28.2,19.4,23.6,0.1,15.9,34.2,21.24,Taolagnaro,-25.032,46.99,20.0
2025-09-18,26.7,19.8,23.3,0.0,20.1,45.4,20.24,Taolagnaro,-25.032,46.99,20.0
2025-09-19,28.6,21.1,24.3,1.7,18.5,40.0,22.38,Taolagnaro,-25.032,46.99,20.0
2025-09-20,23.3,19.6,21.6,8.6,24.1,54.7,16.01,Taolagnaro,-25.032,46.99,20.0
2025-09-21,23.1,19.4,20.9,0.6,21.9,51.8,17.56,Taolagnaro,-25.032,46.99,20.0
2025-09-22,24.6,18.1,21.6,0.0,35.8,81.0,23.85,Taolagnaro,-25.032,46.99,20.0
2025-09-23,28.4,18.0,22.7,0.0,28.3,64.8,24.7,Taolagnaro,-25.032,46.99,20.0
2025-09-24,28.7,15.8,22.2,0.0,28.9,62.6,24.9,Taolagnaro,-25.032,46.99,20.0
2025-09-25,26.9,15.3,20.9,1.1,30.2,69.5,22.83,Taolagnaro,-25.032,46.99,20.0
2025-09-26,22.3,14.4,19.4,3.2,16.4,39.2,15.82,Taolagnaro,-25.032,46.99,20.0
2025-09-27,24.3,13.9,19.8,0.0,21.2,49.3,23.86,Taolagnaro,-25.032,46.99,20.0
2025-09-28,27.4,20.1,23.2,0.0,32.2,70.9,23.98,Taolagnaro,-25.032,46.99,20.0
2025-09-29,28.3,18.9,23.7,0.9,17.1,37.1,22.19,Taolagnaro,-25.032,46.99,20.0
2025-09-30,26.3,19.5,22.8,12.8,17.3,43.6,20.67,Taolagnaro,-25.032,46.99,20.0
2025-10-01,23.0,19.7,21.0,15.9,23.3,50.4,10.52,Taolagnaro,-25.032,46.99,20.0
2025-10-02,24.3,19.0,21.3,4.8,22.3,52.6,19.45,Taolagnaro,-25.032,46.99,20.0
2025-10-03,23.2,19.1,20.9,5.1,18.3,40.7,13.91,Taolagnaro,-25.032,46.99,20.0
2025-10-04,20.0,16.0,18.7,9.7,24.6,59.4,8.68,Taolagnaro,-25.032,46.99,20.0
2025-10-05,21.2,17.5,19.5,0.2,23.4,54.7,19.69,Taolagnaro,-25.032,46.99,20.0
2025-10-06,24.9,17.4,21.3,0.0,35.2,79.2,26.34,Taolagnaro,-25.032,46.99,20.0
2025-10-07,28.3,18.6,23.0,0.0,23.9,60.1,26.0,Taolagnaro,-25.032,46.99,20.0
2025-10-08,26.6,19.3,22.7,0.0,34.0,75.2,25.85,Taolagnaro,-25.032,46.99,20.0
2025-10-09,26.4,21.1,23.3,0.0,30.4,69.1,26.32,Taolagnaro,-25.032,46.99,20.0
2025-10-10,25.6,20.5,23.0,0.0,29.3,65.5,22.0,Taolagnaro,-25.032,46.99,20.0
2025-10-11,28.4,20.7,24.1,0.6,31.3,68.0,23.78,Taolagnaro,-25.032,46.99,20.0
2025-10-12,28.8,20.4,24.5,0.6,29.2,63.7,23.79,Taolagnaro,-25.032,46.99,20.0
2025-10-13,29.1,20.2,24.4,0.0,24.3,51.5,24.85,Taolagnaro,-25.032,46.99,20.0
2025-10-14,27.3,22.5,24.4,0.0,36.4,81.0,26.32,Taolagnaro,-25.032,46.99,20.0
2025-10-15,27.1,21.9,24.1,0.0,38.5,84.2,26.43,Taolagnaro,-25.032,46.99,20.0
2025-10-16,30.1,19.6,24.2,0.0,22.1,47.5,25.91,Taolagnaro,-25.032,46.99,20.0
2025-10-17,24.7,18.9,21.4,3.7,22.0,50.0,11.62,Taolagnaro,-25.032,46.99,20.0
2025-10-18,23.3,19.8,21.3,0.5,28.8,62.6,12.89,Taolagnaro,-25.032,46.99,20.0
2025-10-19,27.8,20.8,24.0,0.0,32.4,72.0,25.14,Taolagnaro,-25.032,46.99,20.0
2025-10-20,25.8,20.3,23.2,0.9,15.6,41.0,21.36,Taolagnaro,-25.032,46.99,20.0
2025-10-21,24.5,20.2,22.2,4.7,23.4,53.6,16.01,Taolagnaro,-25.032,46.99,20.0
2025-10-22,26.4,17.8,21.8,4.5,22.8,52.9,25.62,Taolagnaro,-25.032,46.99,20.0
2025-10-23,26.0,18.8,22.5,1.1,24.6,54.4,24.52,Taolagnaro,-25.032,46.99,20.0
2025-10-24,27.9,21.9,24.5,0.1,35.6,77.8,26.7,Taolagnaro,-25.032,46.99,20.0
2025-10-25,27.9,22.4,24.8,0.0,37.3,82.1,26.55,Taolagnaro,-25.032,46.99,20.0
2025-10-26,28.4,22.9,25.1,0.0,36.0,78.1,26.83,Taolagnaro,-25.032,46.99,20.0
2025-10-27,28.4,22.0,24.8,0.0,36.5,80.3,28.08,Taolagnaro,-25.032,46.99,20.0
2025-10-28,29.1,22.0,25.0,0.0,32.1,70.6,28.54,Taolagnaro,-25.032,46.99,20.0
2025-10-29,28.0,22.7,24.8,0.0,35.0,76.7,26.26,Taolagnaro,-25.032,46.99,20.0
2025-10-30,29.0,22.5,25.3,0.0,29.7,64.8,27.13,Taolagnaro,-25.032,46.99,20.0
2025-10-31,27.1,22.3,24.4,0.8,25.0,57.2,26.15,Taolagnaro,-25.032,46.99,20.0
2025-11-01,28.5,22.2,24.9,0.0,37.3,83.2,27.98,Taolagnaro,-25.032,46.99,20.0
2025-11-02,29.9,21.3,25.3,0.0,29.6,66.2,27.87,Taolagnaro,-25.032,46.99,20.0
2025-11-03,25.8,21.4,23.6,3.1,26.2,60.1,21.74,Taolagnaro,-25.032,46.99,20.0
2025-11-04,25.1,21.7,23.1,0.6,24.4,54.0,16.21,Taolagnaro,-25.032,46.99,20.0
2025-11-05,28.3,22.0,24.9,0.8,27.0,62.6,25.15,Taolagnaro,-25.032,46.99,20.0
2025-11-06,29.0,21.5,25.1,0.0,26.0,58.0,26.42,Taolagnaro,-25.032,46.99,20.0
2025-11-07,27.5,20.5,23.4,2.5,20.4,49.0,24.23,Taolagnaro,-25.032,46.99,20.0
2025-11-08,25.3,20.4,22.5,5.1,17.5,43.2,21.64,Taolagnaro,-25.032,46.99,20.0
2025-11-09,26.4,20.3,23.3,1.6,20.6,48.2,25.89,Taolagnaro,-25.032,46.99,20.0
2025-11-10,26.1,20.7,23.2,3.1,22.9,53.6,24.87,Taolagnaro,-25.032,46.99,20.0
2025-11-11,26.7,20.9,24.0,0.6,30.4,69.1,25.04,Taolagnaro,-25.032,46.99,20.0
2025-11-12,29.7,20.6,25.4,0.0,27.4,60.8,26.93,Taolagnaro,-25.032,46.99,20.0
2025-11-13,29.1,20.7,24.8,0.3,15.3,37.4,26.06,Taolagnaro,-25.032,46.99,20.0
2025-11-14,24.5,20.7,22.6,1.4,41.2,90.4,17.59,Taolagnaro,-25.032,46.99,20.0
2025-11-15,26.0,18.7,22.7,0.0,30.2,69.5,25.77,Taolagnaro,-25.032,46.99,20.0
2025-11-16,30.8,20.8,25.5,0.0,27.4,60.5,29.22,Taolagnaro,-25.032,46.99,20.0
2025-11-17,27.0,20.2,23.9,1.0,21.1,48.6,24.39,Taolagnaro,-25.032,46.99,20.0
2025-11-18,24.2,20.6,22.2,12.6,15.9,38.5,12.07,Taolagnaro,-25.032,46.99,20.0
2025-11-19,21.8,19.2,20.4,31.8,20.5,42.1,6.03,Taolagnaro,-25.032,46.99,20.0
2025-11-20,22.6,18.9,20.6,9.0,13.8,32.4,10.99,Taolagnaro,-25.032,46.99,20.0
2025-11-21,24.4,19.3,21.7,3.8,14.5,35.3,19.7,Taolagnaro,-25.032,46.99,20.0
2025-11-22,25.6,18.1,21.7,0.5,25.5,57.2,27.52,Taolagnaro,-25.032,46.99,20.0
2025-11-23,26.0,16.9,22.7,0.0,22.3,48.2,27.4,Taolagnaro,-25.032,46.99,20.0
2025-11-24,28.6,22.9,25.3,1.3,24.3,54.4,25.9,Taolagnaro,-25.032,46.99,20.0
2025-11-25,28.2,22.6,25.1,1.0,20.9,49.0,26.5,Taolagnaro,-25.032,46.99,20.0
2025-11-26,28.0,22.4,25.5,1.1,26.4,58.7,23.41,Taolagnaro,-25.032,46.99,20.0
2025-11-27,30.4,23.4,26.4,2.6,19.2,42.1,25.24,Taolagnaro,-25.032,46.99,20.0
2025-11-28,26.2,22.6,24.4,4.6,26.2,59.0,21.32,Taolagnaro,-25.032,46.99,20.0
2025-11-29,25.2,22.0,23.6,6.7,28.6,62.6,22.09,Taolagnaro,-25.032,46.99,20.0
2025-11-30,29.2,22.8,26.0,1.8,29.0,64.1,23.69,Taolagnaro,-25.032,46.99,20.0
2025-12-01,27.9,22.5,25.2,0.6,12.2,32.8,26.61,Taolagnaro,-25.032,46.99,20.0
2025-12-02,27.1,21.4,24.7,0.6,12.4,31.3,25.87,Taolagnaro,-25.032,46.99,20.0
2025-12-03,27.5,22.1,24.6,0.1,19.1,45.4,23.43,Taolagnaro,-25.032,46.99,20.0
2025-12-04,25.2,21.7,23.2,5.7,16.1,37.4,10.04,Taolagnaro,-25.032,46.99,20.0
2025-12-05,25.0,21.3,22.5,11.4,17.9,41.8,11.87,Taolagnaro,-25.032,46.99,20.0
2025-12-06,27.2,21.7,24.6,0.3,23.6,53.6,24.69,Taolagnaro,-25.032,46.99,20.0
2025-12-07,29.3,22.7,26.1,0.0,18.5,44.6,26.17,Taolagnaro,-25.032,46.99,20.0
2025-12-08,29.1,22.4,26.1,0.3,21.2,48.6,27.08,Taolagnaro,-25.032,46.99,20.0
2025-12-09,30.1,22.9,26.3,0.2,20.9,48.6,22.33,Taolagnaro,-25.032,46.99,20.0
2025-12-10,31.2,21.2,26.4,0.0,12.3,29.5,27.78,Taolagnaro,-25.032,46.99,20.0
2025-12-11,27.5,21.2,24.5,1.6,20.4,49.3,24.71,Taolagnaro,-25.032,46.99,20.0
2025-12-12,26.5,22.0,23.9,5.8,26.2,58.7,22.9,Taolagnaro,-25.032,46.99,20.0
2025-12-13,27.7,22.1,25.0,0.4,31.7,71.3,26.36,Taolagnaro,-25.032,46.99,20.0
2025-12-14,28.0,22.5,25.3,0.0,32.4,73.1,29.07,Taolagnaro,-25.032,46.99,20.0
2025-12-15,28.9,22.4,25.3,0.2,32.9,72.4,28.05,Taolagnaro,-25.032,46.99,20.0
2025-12-16,28.8,23.6,26.0,0.0,33.3,74.5,28.32,Taolagnaro,-25.032,46.99,20.0
2025-12-17,30.4,24.5,26.9,0.0,35.2,79.2,30.39,Taolagnaro,-25.032,46.99,20.0
2025-12-18,31.1,24.0,27.1,0.0,26.1,58.0,28.9,Taolagnaro,-25.032,46.99,20.0
2025-12-19,29.8,24.0,26.4,0.5,28.5,64.4,24.47,Taolagnaro,-25.032,46.99,20.0
2025-12-20,28.8,23.9,25.7,0.0,29.1,65.9,18.11,Taolagnaro,-25.032,46.99,20.0
2025-12-21,28.7,23.3,25.8,0.5,28.7,64.8,29.15,Taolagnaro,-25.032,46.99,20.0
2025-12-22,28.9,23.1,25.5,0.6,28.3,66.2,23.53,Taolagnaro,-25.032,46.99,20.0
2025-12-23,27.2,22.3,24.6,2.3,31.6,68.8,19.45,Taolagnaro,-25.032,46.99,20.0
2025-12-24,28.5,22.3,25.2,0.2,33.7,76.3,25.82,Taolagnaro,-25.032,46.99,20.0
2025-12-25,30.6,22.9,26.3,2.2,32.6,73.4,28.14,Taolagnaro,-25.032,46.99,20.0
2025-12-26,29.6,22.4,24.8,17.1,17.9,40.0,18.67,Taolagnaro,-25.032,46.99,20.0
2025-12-27,28.4,23.0,25.3,3.2,22.8,52.9,28.45,Taolagnaro,-25.032,46.99,20.0
2025-12-28,27.5,23.0,24.8,3.0,15.3,38.2,24.13,Taolagnaro,-25.032,46.99,20.0
2025-12-29,26.5,21.6,23.8,8.1,16.8,39.2,18.54,Taolagnaro,-25.032,46.99,20.0
2025-12-30,26.2,21.1,23.6,1.8,22.4,52.2,29.23,Taolagnaro,-25.032,46.99,20.0
2025-12-31,26.1,19.0,23.1,0.0,13.5,34.6,26.96,Taolagnaro,-25.032,46.99,20.0
2026-01-01,27.1,20.3,24.1,1.3,23.5,53.3,26.32,Taolagnaro,-25.032,46.99,20.0
2026-01-02,29.6,22.0,25.6,1.1,23.5,54.0,27.07,Taolagnaro,-25.032,46.99,20.0
2026-01-03,28.9,21.7,25.4,1.3,28.9,63.4,26.79,Taolagnaro,-25.032,46.99,20.0
2026-01-04,29.4,22.5,25.8,9.2,25.2,57.2,22.81,Taolagnaro,-25.032,46.99,20.0
2026-01-05,29.9,23.4,26.3,2.2,24.4,56.9,24.04,Taolagnaro,-25.032,46.99,20.0
2026-01-06,29.4,24.2,26.3,6.2,16.5,35.6,21.51,Taolagnaro,-25.032,46.99,20.0
2026-01-07,30.6,23.8,26.8,8.9,23.9,52.6,21.85,Taolagnaro,-25.032,46.99,20.0
2026-01-08,30.5,25.3,27.4,0.0,28.6,63.7,20.83,Taolagnaro,-25.032,46.99,20.0
2026-01-09,29.1,25.4,27.0,0.0,27.9,63.7,18.57,Taolagnaro,-25.032,46.99,20.0
2026-01-10,28.7,24.6,26.6,0.0,26.1,59.8,26.93,Taolagnaro,-25.032,46.99,20.0
2026-01-11,29.1,24.3,26.4,1.6,28.5,63.4,23.62,Taolagnaro,-25.032,46.99,20.0
2026-01-12,28.7,24.2,26.0,0.8,25.4,57.2,22.07,Taolagnaro,-25.032,46.99,20.0
2026-01-13,28.5,23.7,25.6,0.8,28.4,64.4,28.24,Taolagnaro,-25.032,46.99,20.0
2026-01-14,27.4,23.0,24.9,2.0,24.8,64.1,24.63,Taolagnaro,-25.032,46.99,20.0
2026-01-15,27.4,22.8,24.6,3.7,29.7,64.1,24.47,Taolagnaro,-25.032,46.99,20.0
2026-01-16,28.6,23.4,25.9,0.4,31.9,69.8,23.93,Taolagnaro,-25.032,46.99,20.0
2026-01-17,28.3,23.8,25.9,1.6,27.8,61.9,21.53,Taolagnaro,-25.032,46.99,20.0
2026-01-18,30.1,24.1,26.6,0.2,26.1,60.1,21.97,Taolagnaro,-25.032,46.99,20.0
2026-01-19,30.7,24.5,27.1,0.0,28.8,65.2,28.65,Taolagnaro,-25.032,46.99,20.0
2026-01-20,31.7,24.2,27.1,5.4,22.2,52.2,28.0,Taolagnaro,-25.032,46.99,20.0
2026-01-21,29.1,23.7,25.1,9.5,28.0,56.5,12.18,Taolagnaro,-25.032,46.99,20.0
2026-01-22,26.2,23.3,24.5,5.1,23.1,50.8,13.54,Taolagnaro,-25.032,46.99,20.0
2026-01-23,29.5,21.9,26.1,1.1,12.8,30.6,28.28,Taolagnaro,-25.032,46.99,20.0
2026-01-24,29.4,24.4,26.6,2.9,17.0,42.1,25.66,Taolagnaro,-25.032,46.99,20.0
2026-01-25,28.4,23.0,25.6,3.6,16.9,39.6,26.46,Taolagnaro,-25.032,46.99,20.0
2026-01-26,26.7,22.6,24.7,17.4,19.5,41.8,13.46,Taolagnaro,-25.032,46.99,20.0
2026-01-27,29.7,23.9,26.1,7.6,22.7,47.9,23.45,Taolagnaro,-25.032,46.99,20.0
2026-01-28,29.6,24.1,26.9,0.1,27.2,61.9,28.39,Taolagnaro,-25.032,46.99,20.0
2026-01-29,29.7,23.7,26.7,0.3,24.4,56.2,28.03,Taolagnaro,-25.032,46.99,20.0
2026-01-30,28.6,22.6,25.4,2.5,20.4,48.2,27.6,Taolagnaro,-25.032,46.99,20.0
2026-01-31,29.1,22.7,25.7,0.7,14.5,36.0,27.8,Taolagnaro,-25.032,46.99,20.0
2026-02-01,29.6,22.8,25.9,0.7,16.5,38.9,25.1,Taolagnaro,-25.032,46.99,20.0
2026-02-02,29.1,23.2,26.0,0.6,15.2,40.3,25.82,Taolagnaro,-25.032,46.99,20.0
2026-02-03,28.3,22.4,25.5,1.8,15.7,40.3,26.78,Taolagnaro,-25.032,46.99,20.0
2026-02-04,29.0,22.1,25.5,4.1,16.6,40.3,27.39,Taolagnaro,-25.032,46.99,20.0
2026-02-05,28.2,21.2,25.2,0.4,18.1,45.4,25.43,Taolagnaro,-25.032,46.99,20.0
2026-02-06,28.6,22.8,26.0,0.1,17.6,42.5,25.94,Taolagnaro,-25.032,46.99,20.0
2026-02-07,30.2,22.8,26.6,0.1,26.0,59.4,29.2,Taolagnaro,-25.032,46.99,20.0
2026-02-08,30.7,23.8,27.1,0.0,23.4,55.1,29.85,Taolagnaro,-25.032,46.99,20.0
2026-02-09,29.9,23.5,26.6,0.0,23.3,55.1,27.14,Taolagnaro,-25.032,46.99,20.0
2026-02-10,30.9,23.9,26.9,0.2,24.1,55.4,24.56,Taolagnaro,-25.032,46.99,20.0
2026-02-11,30.3,25.0,27.4,1.0,32.0,70.9,25.93,Taolagnaro,-25.032,46.99,20.0
2026-02-12,31.1,25.1,27.5,0.0,30.3,68.4,27.23,Taolagnaro,-25.032,46.99,20.0
2026-02-13,31.1,24.6,27.4,0.0,32.8,72.4,28.35,Taolagnaro,-25.032,46.99,20.0
2026-02-14,32.1,24.0,27.8,0.0,28.3,62.6,27.68,Taolagnaro,-25.032,46.99,20.0
2026-02-15,31.9,22.3,27.3,0.0,33.6,75.2,28.04,Taolagnaro,-25.032,46.99,20.0
2026-02-16,30.4,24.3,27.0,1.8,32.9,69.1,17.55,Taolagnaro,-25.032,46.99,20.0
2026-02-17,31.8,24.7,27.0,16.1,31.0,70.9,18.99,Taolagnaro,-25.032,46.99,20.0
2026-02-18,29.6,23.6,26.3,2.5,14.7,37.4,22.44,Taolagnaro,-25.032,46.99,20.0
2026-02-19,30.6,24.2,27.2,0.1,23.5,53.3,25.94,Taolagnaro,-25.032,46.99,20.0
2026-02-20,30.4,23.3,26.0,1.9,15.3,35.3,21.66,Taolagnaro,-25.032,46.99,20.0
2026-02-21,28.5,22.8,25.1,6.3,12.1,31.0,20.83,Taolagnaro,-25.032,46.99,20.0
2026-02-22,28.8,21.2,24.8,1.5,11.1,32.4,23.9,Taolagnaro,-25.032,46.99,20.0
2026-02-23,29.2,23.1,26.0,1.1,22.1,50.8,25.32,Taolagnaro,-25.032,46.99,20.0
2026-02-24,30.2,24.0,26.9,0.0,24.1,56.5,26.68,Taolagnaro,-25.032,46.99,20.0
2026-02-25,31.2,24.3,27.6,0.0,28.1,64.1,26.61,Taolagnaro,-25.032,46.99,20.0
2026-02-26,31.3,25.2,27.9,0.1,27.5,62.6,26.08,Taolagnaro,-25.032,46.99,20.0
2026-02-27,31.4,24.7,27.7,0.0,26.3,60.1,26.51,Taolagnaro,-25.032,46.99,20.0
2026-02-28,31.1,25.2,27.9,0.0,30.2,68.8,26.87,Taolagnaro,-25.032,46.99,20.0
2026-03-01,31.0,24.6,27.6,0.0,30.7,69.5,27.21,Taolagnaro,-25.032,46.99,20.0
2026-03-02,32.5,24.5,28.0,0.0,28.7,64.4,26.88,Taolagnaro,-25.032,46.99,20.0
2026-03-03,32.0,23.3,27.5,0.0,26.0,59.0,27.13,Taolagnaro,-25.032,46.99,20.0
2026-03-04,31.5,24.5,27.8,0.0,27.8,63.4,25.82,Taolagnaro,-25.032,46.99,20.0
2026-03-05,31.6,24.7,27.9,0.0,30.2,68.4,24.8,Taolagnaro,-25.032,46.99,20.0
2026-03-06,31.1,25.1,27.8,0.0,29.0,65.9,23.66,Taolagnaro,-25.032,46.99,20.0
2026-03-07,32.0,24.9,27.9,0.0,31.8,71.3,26.62,Taolagnaro,-25.032,46.99,20.0
2026-03-08,31.4,24.5,27.8,0.0,24.9,59.4,25.56,Taolagnaro,-25.032,46.99,20.0
2026-03-09,29.7,24.0,26.7,1.0,26.2,61.9,23.62,Taolagnaro,-25.032,46.99,20.0
2026-03-10,29.9,24.1,26.7,0.4,26.6,61.9,23.4,Taolagnaro,-25.032,46.99,20.0
2026-03-11,30.2,24.4,26.8,0.2,24.6,57.2,23.05,Taolagnaro,-25.032,46.99,20.0
2026-03-12,30.6,23.5,26.4,1.9,24.0,56.2,24.02,Taolagnaro,-25.032,46.99,20.0
2026-03-13,28.4,23.1,25.1,3.3,20.2,49.3,21.42,Taolagnaro,-25.032,46.99,20.0
2026-03-14,30.0,21.4,25.6,0.6,22.8,52.2,24.34,Taolagnaro,-25.032,46.99,20.0
2026-03-15,30.0,22.7,26.2,0.0,22.0,51.8,24.29,Taolagnaro,-25.032,46.99,20.0
2026-03-16,30.2,22.6,26.4,0.1,25.3,57.2,23.88,Taolagnaro,-25.032,46.99,20.0
2026-03-17,29.0,24.0,26.1,1.4,27.6,63.0,22.19,Taolagnaro,-25.032,46.99,20.0
2026-03-18,30.1,23.8,26.5,0.6,27.8,64.8,22.23,Taolagnaro,-25.032,46.99,20.0
2026-03-19,30.7,24.4,27.4,0.0,24.5,57.6,22.99,Taolagnaro,-25.032,46.99,20.0
2026-03-20,31.6,24.4,27.6,0.0,22.7,53.6,24.76,Taolagnaro,-25.032,46.99,20.0
2026-03-21,31.4,24.2,27.6,0.0,28.2,64.1,23.28,Taolagnaro,-25.032,46.99,20.0
2026-03-22,31.1,24.7,27.7,0.0,29.0,67.0,23.2,Taolagnaro,-25.032,46.99,20.0
2026-03-23,32.0,24.3,27.8,0.0,29.8,66.2,23.54,Taolagnaro,-25.032,46.99,20.0
2026-03-24,31.6,23.9,27.5,0.0,27.9,63.4,23.92,Taolagnaro,-25.032,46.99,20.0
2026-03-25,31.1,23.4,27.2,0.0,25.1,58.7,23.37,Taolagnaro,-25.032,46.99,20.0
2026-03-26,30.6,23.9,27.0,0.0,24.7,56.2,22.77,Taolagnaro,-25.032,46.99,20.0
2026-03-27,30.9,24.3,26.8,0.2,22.7,54.0,22.14,Taolagnaro,-25.032,46.99,20.0
2026-03-28,29.0,23.3,25.9,0.4,16.2,41.4,20.6,Taolagnaro,-25.032,46.99,20.0
2026-03-29,30.4,21.2,25.9,0.0,24.2,56.5,21.96,Taolagnaro,-25.032,46.99,20.0
2026-03-30,31.8,23.4,27.3,0.0,27.1,60.8,21.07,Taolagnaro,-25.032,46.99,20.0
2026-03-31,32.5,23.1,27.7,0.4,22.5,53.6,21.03,Taolagnaro,-25.032,46.99,20.0
2026-04-01,30.8,21.4,25.9,2.2,15.0,40.3,21.23,Taolagnaro,-25.032,46.99,20.0
2026-04-02,26.8,22.4,24.4,4.1,23.3,53.6,14.64,Taolagnaro,-25.032,46.99,20.0
2026-04-03,26.3,20.2,23.7,1.7,14.1,34.6,20.1,Taolagnaro,-25.032,46.99,20.0
2026-04-04,27.0,18.8,23.4,0.6,18.3,44.3,19.79,Taolagnaro,-25.032,46.99,20.0
2026-04-05,27.4,17.3,22.8,0.0,16.0,40.0,22.0,Taolagnaro,-25.032,46.99,20.0
2026-04-06,29.1,19.1,24.1,0.0,26.2,61.2,22.4,Taolagnaro,-25.032,46.99,20.0
2026-04-07,31.4,21.9,26.0,0.8,18.7,42.8,21.76,Taolagnaro,-25.032,46.99,20.0
2026-04-08,25.9,22.8,24.0,9.4,18.7,43.6,13.22,Taolagnaro,-25.032,46.99,20.0
2026-04-09,25.5,21.5,23.5,8.4,20.1,46.1,7.51,Taolagnaro,-25.032,46.99,20.0
2026-04-10,27.6,21.6,24.6,0.1,26.2,59.4,18.45,Taolagnaro,-25.032,46.99,20.0
2026-04-11,27.5,21.8,24.7,0.0,27.5,62.3,20.4,Taolagnaro,-25.032,46.99,20.0
2026-04-12,29.8,19.4,25.0,0.0,16.9,42.5,20.98,Taolagnaro,-25.032,46.99,20.0
2026-04-13,30.0,19.3,24.4,0.0,10.0,27.7,19.89,Taolagnaro,-25.032,46.99,20.0
2026-04-14,29.1,20.7,24.4,1.3,15.5,38.9,19.57,Taolagnaro,-25.032,46.99,20.0
2026-04-15,27.6,22.9,24.6,3.5,20.8,46.8,18.58,Taolagnaro,-25.032,46.99,20.0
2026-04-16,26.6,21.8,24.4,2.3,18.9,43.2,16.93,Taolagnaro,-25.032,46.99,20.0
2026-04-17,29.0,22.2,25.1,0.0,20.9,49.0,18.48,Taolagnaro,-25.032,46.99,20.0
2026-04-18,30.6,21.3,26.1,0.1,19.9,42.8,18.76,Taolagnaro,-25.032,46.99,20.0
2026-04-19,31.5,20.9,26.3,0.0,26.3,59.0,19.64,Taolagnaro,-25.032,46.99,20.0
2026-04-20,30.7,23.6,26.6,0.0,29.9,66.6,19.67,Taolagnaro,-25.032,46.99,20.0
2026-04-21,30.1,23.1,26.1,0.0,29.2,65.5,19.87,Taolagnaro,-25.032,46.99,20.0
2026-04-22,30.3,23.4,26.3,0.0,29.9,67.0,19.3,Taolagnaro,-25.032,46.99,20.0
2026-04-23,30.6,22.3,26.1,0.0,24.6,55.8,19.31,Taolagnaro,-25.032,46.99,20.0
2026-04-24,28.9,22.0,25.3,0.8,16.8,40.3,17.56,Taolagnaro,-25.032,46.99,20.0
2026-04-25,29.3,22.9,25.9,0.0,21.2,49.3,17.68,Taolagnaro,-25.032,46.99,20.0
2026-04-26,30.0,22.8,26.2,0.0,29.3,66.2,18.52,Taolagnaro,-25.032,46.99,20.0
2026-04-27,29.5,20.7,25.1,0.0,17.3,47.9,17.74,Taolagnaro,-25.032,46.99,20.0
2026-04-28,28.8,22.8,25.1,0.1,13.7,34.6,16.66,Taolagnaro,-25.032,46.99,20.0
2026-04-29,28.8,20.2,23.8,0.9,24.2,55.8,11.93,Taolagnaro,-25.032,46.99,20.0
2026-04-30,25.9,20.3,23.0,0.5,15.6,39.6,15.83,Taolagnaro,-25.032,46.99,20.0
2026-05-01,28.3,21.5,24.7,0.0,30.0,65.9,16.44,Taolagnaro,-25.032,46.99,20.0
2026-05-02,30.6,20.0,24.8,0.0,19.0,45.4,18.19,Taolagnaro,-25.032,46.99,20.0
2026-05-03,29.2,18.8,23.8,1.1,16.0,37.1,16.83,Taolagnaro,-25.032,46.99,20.0
2026-05-04,26.7,21.6,23.7,0.9,18.6,42.1,16.43,Taolagnaro,-25.032,46.99,20.0
2026-05-05,29.4,21.2,24.8,0.0,28.3,63.0,17.88,Taolagnaro,-25.032,46.99,20.0
2026-05-06,29.5,19.3,24.4,0.0,13.0,32.0,17.65,Taolagnaro,-25.032,46.99,20.0
2026-05-07,29.7,22.3,25.4,0.0,31.0,70.2,17.79,Taolagnaro,-25.032,46.99,20.0
2026-05-08,30.9,21.2,25.8,0.0,24.8,55.8,17.53,Taolagnaro,-25.032,46.99,20.0
2026-05-09,30.9,19.0,25.0,0.0,24.5,54.4,17.3,Taolagnaro,-25.032,46.99,20.0
2026-05-10,30.7,21.3,25.6,0.0,23.1,51.5,17.56,Taolagnaro,-25.032,46.99,20.0
2026-05-11,30.8,21.5,25.6,0.0,24.3,54.4,17.37,Taolagnaro,-25.032,46.99,20.0
2026-05-12,31.2,20.7,25.7,0.0,19.6,43.2,16.9,Taolagnaro,-25.032,46.99,20.0
2026-05-13,31.2,21.4,26.1,0.0,26.3,58.3,17.21,Taolagnaro,-25.032,46.99,20.0
2026-05-14,31.2,18.8,25.1,0.0,23.0,52.9,16.84,Taolagnaro,-25.032,46.99,20.0
2026-05-15,29.8,21.9,25.4,0.0,25.9,57.2,16.56,Taolagnaro,-25.032,46.99,20.0
2026-05-16,27.9,21.4,24.7,0.6,24.0,55.1,15.52,Taolagnaro,-25.032,46.99,20.0
2026-05-17,25.9,19.1,22.7,8.3,15.0,38.5,12.15,Taolagnaro,-25.032,46.99,20.0
2026-05-18,24.7,18.4,21.3,5.1,11.3,27.0,13.94,Taolagnaro,-25.032,46.99,20.0
2026-05-19,26.4,18.2,21.9,0.4,13.0,32.4,14.94,Taolagnaro,-25.032,46.99,20.0
2026-05-20,24.0,17.9,21.0,1.8,13.2,30.2,10.66,Taolagnaro,-25.032,46.99,20.0
2026-05-21,25.3,17.3,21.0,4.3,16.5,39.6,14.6,Taolagnaro,-25.032,46.99,20.0
2026-05-22,23.4,18.2,21.1,9.7,15.3,36.0,8.36,Taolagnaro,-25.032,46.99,20.0
2026-05-23,25.2,18.7,22.1,0.0,21.0,47.9,13.88,Taolagnaro,-25.032,46.99,20.0
2026-05-24,27.0,19.1,22.8,0.0,28.2,61.6,14.95,Taolagnaro,-25.032,46.99,20.0
2026-05-25,26.4,17.6,21.5,0.0,11.7,30.6,13.01,Taolagnaro,-25.032,46.99,20.0
2026-05-26,24.8,17.8,21.1,4.8,14.4,38.2,12.17,Taolagnaro,-25.032,46.99,20.0
2026-05-27,26.2,18.1,22.0,0.4,14.2,34.6,14.76,Taolagnaro,-25.032,46.99,20.0
2026-05-28,27.4,17.6,22.4,0.0,15.6,37.8,14.82,Taolagnaro,-25.032,46.99,20.0
2026-05-29,26.6,18.4,22.5,0.5,14.8,33.8,14.15,Taolagnaro,-25.032,46.99,20.0
2026-05-30,26.6,17.9,22.1,0.3,12.0,30.6,14.48,Taolagnaro,-25.032,46.99,20.0
2026-05-31,25.3,17.0,21.5,2.8,12.0,30.2,14.38,Taolagnaro,-25.032,46.99,20.0
2026-06-01,25.9,17.9,21.7,0.6,16.9,40.7,13.84,Taolagnaro,-25.032,46.99,20.0
2026-06-02,28.1,20.3,23.8,0.0,24.4,52.9,13.88,Taolagnaro,-25.032,46.99,20.0
2026-06-03,27.9,17.3,21.7,0.9,11.8,28.4,13.66,Taolagnaro,-25.032,46.99,20.0
2026-06-04,26.0,15.3,20.3,0.0,10.9,29.5,14.48,Taolagnaro,-25.032,46.99,20.0
2026-06-05,26.2,17.7,22.3,0.5,22.7,51.8,14.36,Taolagnaro,-25.032,46.99,20.0
2026-06-06,27.3,20.4,23.5,0.0,26.0,58.0,14.27,Taolagnaro,-25.032,46.99,20.0
2026-06-07,25.9,19.4,22.2,6.7,27.4,64.8,12.19,Taolagnaro,-25.032,46.99,20.0
2026-06-08,21.3,18.2,19.6,10.6,19.9,46.8,5.1,Taolagnaro,-25.032,46.99,20.0
2026-06-09,21.6,17.2,19.0,7.3,14.2,34.9,5.51,Taolagnaro,-25.032,46.99,20.0
2026-06-10,25.6,16.4,20.4,0.2,23.0,52.6,13.7,Taolagnaro,-25.032,46.99,20.0
2026-06-11,25.0,14.8,19.0,0.3,24.2,54.7,14.21,Taolagnaro,-25.032,46.99,20.0
2026-06-12,25.5,14.9,19.3,0.0,20.3,45.7,13.8,Taolagnaro,-25.032,46.99,20.0
2026-06-13,23.7,13.1,18.7,0.0,9.0,25.2,14.26,Taolagnaro,-25.032,46.99,20.0
2026-06-14,24.6,14.0,19.7,1.1,10.8,25.9,12.82,Taolagnaro,-25.032,46.99,20.0
2026-06-15,24.8,19.9,22.2,0.0,14.8,35.3,12.64,Taolagnaro,-25.032,46.99,20.0
2026-06-16,26.0,18.0,21.9,0.0,14.3,34.9,14.55,Taolagnaro,-25.032,46.99,20.0
2026-06-17,26.1,16.2,21.0,0.0,11.9,29.2,14.78,Taolagnaro,-25.032,46.99,20.0
2026-06-18,23.3,15.9,19.2,2.1,10.2,27.4,13.35,Taolagnaro,-25.032,46.99,20.0
2026-06-19,24.4,14.2,18.9,0.2,21.0,47.5,13.71,Taolagnaro,-25.032,46.99,20.0
2026-06-20,22.1,17.3,19.8,2.0,31.3,71.6,13.08,Taolagnaro,-25.032,46.99,20.0
2026-06-21,21.7,19.2,20.3,0.2,20.0,45.0,11.51,Taolagnaro,-25.032,46.99,20.0
2026-06-22,23.1,17.9,20.4,0.9,21.1,48.2,10.72,Taolagnaro,-25.032,46.99,20.0
2026-06-23,23.5,16.6,20.1,0.4,22.1,49.7,11.38,Taolagnaro,-25.032,46.99,20.0
2026-06-24,25.3,16.7,21.0,0.0,17.9,41.8,14.28,Taolagnaro,-25.032,46.99,20.0
2026-06-25,25.4,18.2,21.1,5.6,17.3,40.0,13.74,Taolagnaro,-25.032,46.99,20.0
2026-06-26,23.4,19.2,20.7,5.2,15.9,36.4,10.6,Taolagnaro,-25.032,46.99,20.0
2026-06-27,22.5,18.2,20.0,5.5,18.9,43.9,10.77,Taolagnaro,-25.032,46.99,20.0
2026-06-28,23.1,16.9,19.9,0.6,24.6,55.1,12.89,Taolagnaro,-25.032,46.99,20.0
2026-06-29,24.0,18.5,20.7,0.0,23.3,52.9,13.47,Taolagnaro,-25.032,46.99,20.0
2026-06-30,25.2,18.2,21.3,0.0,21.9,48.6,14.3,Taolagnaro,-25.032,46.99,20.0
2026-07-01,25.7,15.1,20.6,0.0,18.0,40.0,14.64,Taolagnaro,-25.032,46.99,20.0
2026-07-02,26.1,16.6,21.3,0.0,22.8,50.0,15.09,Taolagnaro,-25.032,46.99,20.0
2026-07-03,26.3,13.9,20.1,0.0,14.8,33.8,14.58,Taolagnaro,-25.032,46.99,20.0
2026-07-04,26.6,14.8,19.9,0.1,23.3,54.0,13.73,Taolagnaro,-25.032,46.99,20.0
2026-07-05,23.9,14.9,19.4,0.1,15.2,35.3,12.17,Taolagnaro,-25.032,46.99,20.0
2026-07-06,23.7,15.8,20.0,0.2,18.7,40.0,12.92,Taolagnaro,-25.032,46.99,20.0
2026-07-07,23.3,18.6,20.3,4.0,27.7,61.9,11.74,Taolagnaro,-25.032,46.99,20.0
2026-07-08,24.5,17.3,20.5,0.0,22.7,51.8,13.26,Taolagnaro,-25.032,46.99,20.0
2026-07-09,26.7,14.9,20.7,0.0,16.2,36.7,14.94,Taolagnaro,-25.032,46.99,20.0
2026-07-10,25.5,14.8,19.9,0.0,8.6,23.8,14.09,Taolagnaro,-25.032,46.99,20.0
2026-07-11,26.2,14.9,20.8,0.0,14.6,35.3,12.96,Taolagnaro,-25.032,46.99,20.0
2026-07-12,27.0,18.0,21.8,0.0,14.8,31.3,14.62,Taolagnaro,-25.032,46.99,20.0
2026-07-13,23.6,15.5,19.7,0.6,23.1,52.2,13.51,Taolagnaro,-25.032,46.99,20.0
2026-07-14,25.7,18.4,21.8,0.0,21.3,51.1,14.69,Taolagnaro,-25.032,46.99,20.0
2026-07-15,25.4,16.6,20.8,0.1,17.9,40.3,13.96,Taolagnaro,-25.032,46.99,20.0
2026-07-16,25.7,15.8,20.0,1.1,13.6,33.1,14.07,Taolagnaro,-25.032,46.99,20.0
2026-07-17,25.6,14.6,19.5,0.2,20.8,47.2,14.47,Taolagnaro,-25.032,46.99,20.0
2026-07-18,24.6,16.3,19.8,0.0,21.0,47.9,15.55,Taolagnaro,-25.032,46.99,20.0
2026-07-19,24.0,13.6,19.0,0.0,11.6,30.2,14.75,Taolagnaro,-25.032,46.99,20.0
2026-07-20,24.6,11.9,19.1,0.0,12.2,27.4,15.68,Taolagnaro,-25.032,46.99,20.0
2026-07-21,24.7,14.9,20.4,0.5,20.7,46.4,14.53,Taolagnaro,-25.032,46.99,20.0
2026-07-22,23.6,16.0,19.5,3.3,16.0,37.1,13.99,Taolagnaro,-25.032,46.99,20.0
2026-07-23,23.6,17.5,20.2,3.4,20.7,48.2,13.35,Taolagnaro,-25.032,46.99,20.0
2026-07-24,27.3,18.0,21.8,0.0,21.3,48.2,16.24,Taolagnaro,-25.032,46.99,20.0
2026-07-25,25.6,14.6,20.0,1.1,33.4,76.7,14.84,Taolagnaro,-25.032,46.99,20.0
2026-07-26,23.2,17.6,19.9,6.8,23.8,55.4,12.47,Taolagnaro,-25.032,46.99,20.0
2026-07-27,22.1,18.3,19.7,9.0,20.9,48.2,13.45,Taolagnaro,-25.032,46.99,20.0
2026-07-28,25.1,16.5,20.8,0.0,20.0,46.4,16.09,Taolagnaro,-25.032,46.99,20.0
2026-07-29,25.6,16.4,21.1,0.0,16.6,40.0,15.7,Taolagnaro,-25.032,46.99,20.0
2026-07-30,25.4,16.9,21.3,0.1,17.9,40.3,15.9,Taolagnaro,-25.032,46.99,20.0
2026-07-31,25.6,15.9,20.6,0.6,16.0,37.4,14.9,Taolagnaro,-25.032,46.99,20.0
2026-08-01,25.1,15.0,19.3,1.0,14.5,33.1,15.37,Taolagnaro,-25.032,46.99,20.0
2026-08-02,24.2,14.4,19.5,0.1,14.3,34.9,15.51,Taolagnaro,-25.032,46.99,20.0
2026-08-03,25.1,14.5,20.6,0.2,15.8,33.5,15.66,Taolagnaro,-25.032,46.99,20.0
2026-08-04,25.4,17.8,21.5,1.3,10.8,29.5,14.77,Taolagnaro,-25.032,46.99,20.0
2026-08-05,25.8,18.0,22.0,0.0,25.9,58.0,16.11,Taolagnaro,-25.032,46.99,20.0
2026-08-06,25.7,19.2,22.7,0.0,26.5,61.2,14.56,Taolagnaro,-25.032,46.99,20.0
2026-08-07,26.7,20.3,23.3,0.1,28.4,64.1,16.33,Taolagnaro,-25.032,46.99,20.0
2026-08-08,25.5,21.7,23.1,0.3,30.8,67.7,14.67,Taolagnaro,-25.032,46.99,20.0
2026-08-09,26.8,20.8,23.4,0.1,30.8,68.8,16.67,Taolagnaro,-25.032,46.99,20.0
2026-08-10,27.5,20.2,23.5,0.0,26.1,59.0,15.93,Taolagnaro,-25.032,46.99,20.0
2026-08-11,28.2,18.2,23.1,0.0,15.7,37.1,15.86,Taolagnaro,-25.032,46.99,20.0
2026-08-12,24.0,18.0,20.5,6.8,14.3,34.9,12.07,Taolagnaro,-25.032,46.99,20.0
2026-08-13,23.0,18.1,19.7,7.8,21.3,47.2,14.09,Taolagnaro,-25.032,46.99,20.0
2026-08-14,23.9,17.4,20.2,4.5,21.0,42.5,15.77,Taolagnaro,-25.032,46.99,20.0
2026-08-15,24.4,16.4,20.5,1.5,27.5,63.0,14.93,Taolagnaro,-25.032,46.99,20.0
2026-08-16,25.6,19.2,21.5,3.2,25.5,58.7,15.72,Taolagnaro,-25.032,46.99,20.0
2026-08-17,24.4,19.2,21.0,3.9,23.3,52.9,14.61,Taolagnaro,-25.032,46.99,20.0
2026-08-18,24.3,18.8,21.3,1.8,22.6,51.5,15.94,Taolagnaro,-25.032,46.99,20.0
2026-08-19,26.2,18.4,22.5,0.0,24.3,54.7,18.61,Taolagnaro,-25.032,46.99,20.0
2026-08-20,27.7,19.8,23.5,0.0,22.5,50.4,19.19,Taolagnaro,-25.032,46.99,20.0
2026-08-21,26.3,18.1,22.0,0.0,12.0,29.9,18.04,Taolagnaro,-25.032,46.99,20.0
2026-08-22,24.6,19.6,22.0,4.5,15.4,36.7,14.66,Taolagnaro,-25.032,46.99,20.0
2026-08-23,27.5,19.7,22.8,0.4,16.1,33.8,19.38,Taolagnaro,-25.032,46.99,20.0
2026-08-24,25.5,17.5,21.2,0.0,23.1,52.6,15.06,Taolagnaro,-25.032,46.99,20.0
2026-08-25,25.1,16.8,21.4,0.6,22.7,50.8,14.09,Taolagnaro,-25.032,46.99,20.0
2026-08-26,25.9,16.3,20.8,3.2,23.2,54.0,17.02,Taolagnaro,-25.032,46.99,20.0
2026-08-27,22.1,16.2,19.3,4.4,23.1,53.3,11.25,Taolagnaro,-25.032,46.99,20.0
2026-08-28,21.8,18.5,20.2,0.2,29.8,62.6,15.03,Taolagnaro,-25.032,46.99,20.0
2026-08-29,22.7,19.5,20.9,3.2,36.2,80.6,13.34,Taolagnaro,-25.032,46.99,20.0
2026-08-30,25.4,18.3,21.5,1.0,34.7,76.7,19.48,Taolagnaro,-25.032,46.99,20.0
2026-08-31,28.0,18.9,22.7,0.0,24.7,56.5,20.81,Taolagnaro,-25.032,46.99,20.0
2026-09-01,26.9,15.1,21.5,0.0,21.8,48.6,20.58,Taolagnaro,-25.032,46.99,20.0
2026-09-02,26.5,19.1,22.9,0.0,28.9,64.4,21.11,Taolagnaro,-25.032,46.99,20.0
2026-09-03,26.1,19.8,23.1,0.0,33.4,74.9,20.55,Taolagnaro,-25.032,46.99,20.0
2026-09-04,28.5,19.4,23.4,0.0,26.4,60.5,21.1,Taolagnaro,-25.032,46.99,20.0
2026-09-05,26.1,16.7,21.7,2.2,15.2,37.4,21.36,Taolagnaro,-25.032,46.99,20.0
2026-09-06,24.5,16.8,20.9,2.7,15.3,38.2,17.84,Taolagnaro,-25.032,46.99,20.0
2026-09-07,22.1,18.8,20.1,5.7,20.5,46.1,9.32,Taolagnaro,-25.032,46.99,20.0
2026-09-08,21.7,18.2,20.3,3.0,29.7,66.6,18.03,Taolagnaro,-25.032,46.99,20.0
2026-09-09,23.2,17.1,20.1,5.1,30.7,68.8,18.2,Taolagnaro,-25.032,46.99,20.0
2026-09-10,23.8,18.3,21.0,0.5,32.6,74.9,20.44,Taolagnaro,-25.032,46.99,20.0
2026-09-11,25.5,18.3,21.8,0.0,29.3,65.5,20.97,Taolagnaro,-25.032,46.99,20.0
2026-09-12,24.2,15.3,20.0,0.0,13.7,34.2,21.06,Taolagnaro,-25.032,46.99,20.0
2026-09-13,26.4,15.4,20.9,0.0,19.4,43.2,21.29,Taolagnaro,-25.032,46.99,20.0
2026-09-14,22.0,19.8,20.9,10.9,31.2,69.5,8.19,Taolagnaro,-25.032,46.99,20.0
2026-09-15,23.6,20.0,21.7,1.6,34.5,76.3,10.81,Taolagnaro,-25.032,46.99,20.0
2026-09-16,25.3,20.5,22.5,0.1,34.9,78.5,22.7,Taolagnaro,-25.032,46.99,20.0
2026-09-17,26.0,18.2,22.2,0.0,32.4,71.3,23.49,Taolagnaro,-25.032,46.99,20.0
2026-09-18,27.2,19.3,23.1,0.0,32.5,71.6,23.79,Taolagnaro,-25.032,46.99,20.0
2026-09-19,25.9,19.3,22.9,0.1,29.4,65.9,22.97,Taolagnaro,-25.032,46.99,20.0
2026-09-20,26.4,20.7,23.2,0.0,32.4,73.1,22.71,Taolagnaro,-25.032,46.99,20.0
2026-09-21,27.1,20.3,23.2,0.0,34.5,76.0,23.42,Taolagnaro,-25.032,46.99,20.0
