date,tmax,tmin,tmoy,pluie,vent,raf,ray,ville,lat,lon,alt
2012-01-01,31.4,24.0,27.6,2.3,18.7,39.6,25.17,Toliara,-23.35,43.667,8.0
2012-01-02,30.5,25.4,26.9,14.9,13.9,30.2,18.38,Toliara,-23.35,43.667,8.0
2012-01-03,31.3,24.4,27.1,16.5,9.7,31.7,25.79,Toliara,-23.35,43.667,8.0
2012-01-04,33.1,24.7,28.4,0.0,13.8,33.1,27.6,Toliara,-23.35,43.667,8.0
2012-01-05,32.3,24.8,27.9,8.8,13.5,31.7,24.73,Toliara,-23.35,43.667,8.0
2012-01-06,33.2,24.7,28.0,11.1,13.7,33.1,26.9,Toliara,-23.35,43.667,8.0
2012-01-07,30.4,24.4,26.8,39.5,10.8,27.0,21.68,Toliara,-23.35,43.667,8.0
2012-01-08,31.1,24.2,27.2,4.3,23.1,43.6,16.85,Toliara,-23.35,43.667,8.0
2012-01-09,29.4,23.7,26.1,21.0,31.0,57.6,16.48,Toliara,-23.35,43.667,8.0
2012-01-10,30.8,24.1,27.2,1.5,24.2,45.0,26.17,Toliara,-23.35,43.667,8.0
2012-01-11,30.8,24.2,27.5,0.2,19.4,35.6,25.1,Toliara,-23.35,43.667,8.0
2012-01-12,30.7,23.6,27.0,1.0,19.1,35.3,24.77,Toliara,-23.35,43.667,8.0
2012-01-13,31.1,22.2,26.9,0.0,18.0,36.0,25.81,Toliara,-23.35,43.667,8.0
2012-01-14,29.9,24.4,27.2,0.0,16.3,35.3,27.35,Toliara,-23.35,43.667,8.0
2012-01-15,31.5,23.9,26.9,5.8,9.6,28.8,25.44,Toliara,-23.35,43.667,8.0
2012-01-16,31.5,24.8,26.9,21.9,11.5,32.0,21.66,Toliara,-23.35,43.667,8.0
2012-01-17,30.9,24.2,27.0,1.6,13.7,24.5,24.05,Toliara,-23.35,43.667,8.0
2012-01-18,31.9,24.5,27.8,0.0,15.3,32.4,27.66,Toliara,-23.35,43.667,8.0
2012-01-19,31.8,24.2,27.8,0.6,18.4,35.6,24.9,Toliara,-23.35,43.667,8.0
2012-01-20,31.6,23.8,27.5,0.4,18.0,36.7,24.67,Toliara,-23.35,43.667,8.0
2012-01-21,32.0,24.8,27.4,7.3,12.8,29.9,23.73,Toliara,-23.35,43.667,8.0
2012-01-22,31.3,25.1,27.3,7.0,9.8,27.4,25.11,Toliara,-23.35,43.667,8.0
2012-01-23,29.2,25.3,27.2,9.4,11.9,29.2,16.12,Toliara,-23.35,43.667,8.0
2012-01-24,31.5,24.9,27.7,9.2,26.6,59.8,20.34,Toliara,-23.35,43.667,8.0
2012-01-25,30.5,26.6,28.0,3.3,26.7,61.9,17.1,Toliara,-23.35,43.667,8.0
2012-01-26,29.7,25.9,27.4,4.1,37.4,71.6,19.72,Toliara,-23.35,43.667,8.0
2012-01-27,29.5,25.4,26.9,0.6,30.4,57.2,22.13,Toliara,-23.35,43.667,8.0
2012-01-28,28.8,24.3,26.2,2.6,24.6,47.5,23.86,Toliara,-23.35,43.667,8.0
2012-01-29,27.8,23.6,25.4,0.7,18.3,35.3,26.81,Toliara,-23.35,43.667,8.0
2012-01-30,30.3,23.1,26.7,0.3,19.5,34.2,20.02,Toliara,-23.35,43.667,8.0
2012-01-31,29.7,25.7,27.2,8.1,9.0,34.9,17.44,Toliara,-23.35,43.667,8.0
2012-02-01,29.5,24.8,27.1,1.1,18.1,36.0,23.75,Toliara,-23.35,43.667,8.0
2012-02-02,29.7,25.1,27.4,1.4,14.5,29.9,24.63,Toliara,-23.35,43.667,8.0
2012-02-03,31.9,25.1,28.1,4.8,14.3,31.0,25.85,Toliara,-23.35,43.667,8.0
2012-02-04,31.5,25.2,28.4,0.0,10.2,25.9,26.87,Toliara,-23.35,43.667,8.0
2012-02-05,31.1,25.1,28.1,0.9,13.3,31.0,27.22,Toliara,-23.35,43.667,8.0
2012-02-06,30.6,25.0,27.9,0.0,17.3,35.3,26.68,Toliara,-23.35,43.667,8.0
2012-02-07,31.2,24.5,28.0,0.0,18.7,36.7,27.09,Toliara,-23.35,43.667,8.0
2012-02-08,31.5,24.3,27.8,1.4,14.5,34.9,26.55,Toliara,-23.35,43.667,8.0
2012-02-09,30.9,24.2,27.3,0.6,12.4,32.8,26.1,Toliara,-23.35,43.667,8.0
2012-02-10,30.3,24.9,26.9,4.9,17.5,37.1,22.49,Toliara,-23.35,43.667,8.0
2012-02-11,30.7,24.4,27.3,0.5,16.9,36.7,26.5,Toliara,-23.35,43.667,8.0
2012-02-12,31.1,24.3,27.7,0.0,17.1,35.6,26.02,Toliara,-23.35,43.667,8.0
2012-02-13,33.2,25.7,28.7,0.0,22.9,47.2,25.48,Toliara,-23.35,43.667,8.0
2012-02-14,34.7,26.7,30.6,0.9,30.6,56.5,21.34,Toliara,-23.35,43.667,8.0
2012-02-15,29.3,26.9,28.1,4.4,34.8,67.7,8.83,Toliara,-23.35,43.667,8.0
2012-02-16,30.4,25.9,27.4,2.0,37.4,70.9,16.52,Toliara,-23.35,43.667,8.0
2012-02-17,28.4,25.4,26.4,7.1,30.0,62.6,16.5,Toliara,-23.35,43.667,8.0
2012-02-18,29.1,24.8,26.3,3.6,27.8,54.0,22.64,Toliara,-23.35,43.667,8.0
2012-02-19,30.4,24.1,26.8,0.4,23.6,42.1,23.03,Toliara,-23.35,43.667,8.0
2012-02-20,32.3,22.6,27.2,0.0,26.2,51.5,27.52,Toliara,-23.35,43.667,8.0
2012-02-21,33.2,23.7,27.8,0.0,22.3,42.1,26.02,Toliara,-23.35,43.667,8.0
2012-02-22,32.5,24.3,27.7,0.0,19.1,37.1,25.56,Toliara,-23.35,43.667,8.0
2012-02-23,31.4,24.4,27.3,3.6,17.6,38.5,22.86,Toliara,-23.35,43.667,8.0
2012-02-24,30.6,24.8,27.5,0.4,16.8,33.5,21.38,Toliara,-23.35,43.667,8.0
2012-02-25,33.8,26.4,29.5,0.8,14.4,32.0,23.93,Toliara,-23.35,43.667,8.0
2012-02-26,34.4,26.4,30.0,0.0,19.0,34.9,28.34,Toliara,-23.35,43.667,8.0
2012-02-27,35.8,27.1,31.5,0.0,22.7,41.4,25.64,Toliara,-23.35,43.667,8.0
2012-02-28,37.4,27.8,31.7,0.2,27.3,55.1,25.98,Toliara,-23.35,43.667,8.0
2012-02-29,36.3,27.4,30.7,0.3,26.3,57.6,22.22,Toliara,-23.35,43.667,8.0
2012-03-01,28.6,24.4,26.4,18.4,31.8,68.0,6.22,Toliara,-23.35,43.667,8.0
2012-03-02,30.5,24.6,27.5,9.4,31.1,74.5,13.89,Toliara,-23.35,43.667,8.0
2012-03-03,31.9,26.2,28.2,1.0,26.6,48.6,18.02,Toliara,-23.35,43.667,8.0
2012-03-04,30.7,25.4,27.1,12.2,11.4,31.3,17.72,Toliara,-23.35,43.667,8.0
2012-03-05,31.6,24.6,27.4,0.0,14.0,31.7,25.94,Toliara,-23.35,43.667,8.0
2012-03-06,30.4,23.3,26.7,0.0,14.9,33.1,25.33,Toliara,-23.35,43.667,8.0
2012-03-07,30.6,22.8,26.3,0.0,19.0,38.5,25.67,Toliara,-23.35,43.667,8.0
2012-03-08,30.2,23.6,26.6,0.9,16.6,34.9,22.64,Toliara,-23.35,43.667,8.0
2012-03-09,31.3,24.2,27.3,0.0,18.3,36.4,24.06,Toliara,-23.35,43.667,8.0
2012-03-10,33.5,24.1,28.1,0.0,17.1,35.3,25.19,Toliara,-23.35,43.667,8.0
2012-03-11,31.9,24.5,27.8,0.0,17.1,34.2,24.93,Toliara,-23.35,43.667,8.0
2012-03-12,30.9,24.5,27.4,0.0,15.3,33.8,23.09,Toliara,-23.35,43.667,8.0
2012-03-13,30.5,24.0,26.9,1.0,15.9,33.1,22.19,Toliara,-23.35,43.667,8.0
2012-03-14,30.2,22.9,26.4,0.1,18.2,34.2,24.13,Toliara,-23.35,43.667,8.0
2012-03-15,31.2,22.5,26.5,3.2,15.9,35.3,23.77,Toliara,-23.35,43.667,8.0
2012-03-16,30.9,23.6,26.3,6.4,16.4,35.3,21.63,Toliara,-23.35,43.667,8.0
2012-03-17,31.0,23.2,26.4,2.2,15.3,38.9,22.5,Toliara,-23.35,43.667,8.0
2012-03-18,29.8,23.9,26.5,0.5,14.5,33.8,22.23,Toliara,-23.35,43.667,8.0
2012-03-19,31.1,23.8,27.1,0.1,16.5,33.1,22.38,Toliara,-23.35,43.667,8.0
2012-03-20,31.6,24.7,27.8,0.0,21.2,37.8,21.15,Toliara,-23.35,43.667,8.0
2012-03-21,32.2,22.8,27.4,0.0,20.7,37.4,22.86,Toliara,-23.35,43.667,8.0
2012-03-22,33.1,25.1,28.1,3.0,15.0,28.8,21.89,Toliara,-23.35,43.667,8.0
2012-03-23,32.2,24.6,27.5,2.1,13.8,26.6,21.79,Toliara,-23.35,43.667,8.0
2012-03-24,30.8,23.8,26.8,0.3,12.0,29.9,21.13,Toliara,-23.35,43.667,8.0
2012-03-25,32.1,24.4,27.4,2.3,11.6,27.7,21.3,Toliara,-23.35,43.667,8.0
2012-03-26,30.5,23.9,26.7,0.7,14.4,31.7,21.09,Toliara,-23.35,43.667,8.0
2012-03-27,30.7,23.5,26.5,1.3,13.8,31.7,21.38,Toliara,-23.35,43.667,8.0
2012-03-28,31.6,23.6,26.6,3.4,12.2,27.4,21.09,Toliara,-23.35,43.667,8.0
2012-03-29,31.3,23.7,26.6,4.0,14.1,30.6,20.42,Toliara,-23.35,43.667,8.0
2012-03-30,31.4,24.5,27.2,1.7,14.8,34.6,21.89,Toliara,-23.35,43.667,8.0
2012-03-31,32.9,24.3,27.3,7.7,16.6,39.6,21.01,Toliara,-23.35,43.667,8.0
2012-04-01,31.7,24.3,27.4,0.2,13.9,27.4,21.22,Toliara,-23.35,43.667,8.0
2012-04-02,30.1,23.3,26.3,0.9,17.3,33.5,20.91,Toliara,-23.35,43.667,8.0
2012-04-03,29.1,22.6,25.5,7.8,21.1,34.9,13.56,Toliara,-23.35,43.667,8.0
2012-04-04,30.0,21.9,25.4,1.8,23.0,41.4,16.38,Toliara,-23.35,43.667,8.0
2012-04-05,30.0,22.9,26.2,0.1,20.9,37.1,18.17,Toliara,-23.35,43.667,8.0
2012-04-06,31.1,23.2,26.6,0.0,22.8,45.7,17.83,Toliara,-23.35,43.667,8.0
2012-04-07,31.3,23.0,26.3,6.2,17.3,31.3,19.21,Toliara,-23.35,43.667,8.0
2012-04-08,30.9,23.5,26.4,2.1,11.5,28.1,19.56,Toliara,-23.35,43.667,8.0
2012-04-09,30.4,23.1,25.7,5.0,12.0,33.5,18.13,Toliara,-23.35,43.667,8.0
2012-04-10,30.1,23.8,26.2,0.5,18.7,41.8,19.67,Toliara,-23.35,43.667,8.0
2012-04-11,29.5,23.5,25.8,0.0,19.1,35.6,20.82,Toliara,-23.35,43.667,8.0
2012-04-12,28.3,22.3,24.9,0.0,24.1,45.0,13.61,Toliara,-23.35,43.667,8.0
2012-04-13,28.5,22.8,25.2,0.0,24.6,47.5,9.82,Toliara,-23.35,43.667,8.0
2012-04-14,29.8,22.6,26.0,0.0,18.4,33.8,15.71,Toliara,-23.35,43.667,8.0
2012-04-15,29.6,23.3,26.1,2.4,14.5,29.5,16.12,Toliara,-23.35,43.667,8.0
2012-04-16,31.1,23.7,26.7,0.0,21.2,40.0,18.97,Toliara,-23.35,43.667,8.0
2012-04-17,31.1,23.7,26.7,0.0,17.6,36.4,20.71,Toliara,-23.35,43.667,8.0
2012-04-18,28.2,24.1,25.7,2.2,20.9,39.6,15.94,Toliara,-23.35,43.667,8.0
2012-04-19,27.2,23.0,24.8,1.0,22.3,42.5,15.89,Toliara,-23.35,43.667,8.0
2012-04-20,28.0,21.6,24.3,0.0,21.3,38.9,15.54,Toliara,-23.35,43.667,8.0
2012-04-21,29.9,21.1,25.2,0.1,17.9,35.6,16.71,Toliara,-23.35,43.667,8.0
2012-04-22,30.9,22.8,26.4,0.0,14.0,28.1,18.33,Toliara,-23.35,43.667,8.0
2012-04-23,29.7,21.8,25.8,0.1,17.2,33.8,18.86,Toliara,-23.35,43.667,8.0
2012-04-24,30.2,22.6,25.7,0.0,25.9,49.0,18.73,Toliara,-23.35,43.667,8.0
2012-04-25,28.3,21.2,24.1,0.0,24.3,48.2,19.53,Toliara,-23.35,43.667,8.0
2012-04-26,29.1,19.0,23.5,0.0,23.4,46.4,20.66,Toliara,-23.35,43.667,8.0
2012-04-27,30.2,19.2,24.2,0.0,21.2,41.0,20.43,Toliara,-23.35,43.667,8.0
2012-04-28,30.1,21.3,25.0,0.0,16.4,31.7,20.09,Toliara,-23.35,43.667,8.0
2012-04-29,30.0,19.6,24.5,0.0,14.3,30.6,19.97,Toliara,-23.35,43.667,8.0
2012-04-30,31.0,19.7,25.1,0.0,17.5,32.4,19.95,Toliara,-23.35,43.667,8.0
2012-05-01,31.7,20.9,25.8,0.0,16.7,32.4,19.69,Toliara,-23.35,43.667,8.0
2012-05-02,31.0,21.1,25.3,0.0,16.0,33.8,19.2,Toliara,-23.35,43.667,8.0
2012-05-03,31.8,21.2,25.7,0.0,15.8,36.4,18.14,Toliara,-23.35,43.667,8.0
2012-05-04,31.2,21.9,26.0,0.0,13.8,29.9,17.04,Toliara,-23.35,43.667,8.0
2012-05-05,31.2,23.3,26.4,0.2,16.1,32.0,17.28,Toliara,-23.35,43.667,8.0
2012-05-06,31.2,22.1,26.1,0.0,18.1,36.0,18.76,Toliara,-23.35,43.667,8.0
2012-05-07,30.7,21.7,25.8,0.0,21.8,38.9,18.99,Toliara,-23.35,43.667,8.0
2012-05-08,30.2,21.1,25.4,0.0,20.1,40.0,18.61,Toliara,-23.35,43.667,8.0
2012-05-09,31.0,21.7,25.9,0.0,17.7,33.5,17.18,Toliara,-23.35,43.667,8.0
2012-05-10,31.2,22.5,26.3,0.0,14.3,27.4,16.99,Toliara,-23.35,43.667,8.0
2012-05-11,30.5,21.5,25.2,0.4,13.0,29.9,15.99,Toliara,-23.35,43.667,8.0
2012-05-12,30.2,21.4,25.3,0.0,18.5,34.6,15.8,Toliara,-23.35,43.667,8.0
2012-05-13,29.3,20.6,24.6,0.0,17.6,36.4,16.86,Toliara,-23.35,43.667,8.0
2012-05-14,28.8,19.5,23.4,0.0,22.2,43.2,17.65,Toliara,-23.35,43.667,8.0
2012-05-15,27.5,19.4,22.8,0.0,22.5,44.6,17.15,Toliara,-23.35,43.667,8.0
2012-05-16,28.5,19.5,23.4,0.0,22.8,43.9,15.6,Toliara,-23.35,43.667,8.0
2012-05-17,28.1,19.1,23.4,0.0,17.1,31.0,17.38,Toliara,-23.35,43.667,8.0
2012-05-18,29.1,19.8,23.8,0.0,18.9,39.2,17.07,Toliara,-23.35,43.667,8.0
2012-05-19,28.6,18.3,23.4,0.0,17.4,37.1,17.5,Toliara,-23.35,43.667,8.0
2012-05-20,27.9,19.9,23.1,0.0,14.9,31.7,17.07,Toliara,-23.35,43.667,8.0
2012-05-21,26.9,20.0,23.0,0.0,23.2,41.8,15.72,Toliara,-23.35,43.667,8.0
2012-05-22,28.0,20.1,23.3,0.0,24.4,46.1,14.39,Toliara,-23.35,43.667,8.0
2012-05-23,29.0,20.0,23.9,0.8,15.7,31.3,15.62,Toliara,-23.35,43.667,8.0
2012-05-24,28.7,19.7,23.8,0.0,16.7,34.6,16.16,Toliara,-23.35,43.667,8.0
2012-05-25,30.1,18.9,24.6,0.0,18.7,32.0,16.41,Toliara,-23.35,43.667,8.0
2012-05-26,31.4,21.4,26.0,0.0,19.2,37.4,16.71,Toliara,-23.35,43.667,8.0
2012-05-27,31.0,22.0,26.1,0.0,17.5,32.4,14.76,Toliara,-23.35,43.667,8.0
2012-05-28,29.9,23.7,26.1,0.0,15.8,32.8,12.2,Toliara,-23.35,43.667,8.0
2012-05-29,30.1,22.0,25.1,0.0,18.2,38.2,15.35,Toliara,-23.35,43.667,8.0
2012-05-30,29.7,20.8,24.3,0.0,18.6,38.9,15.35,Toliara,-23.35,43.667,8.0
2012-05-31,28.7,20.0,23.7,0.0,17.5,34.2,13.95,Toliara,-23.35,43.667,8.0
2012-06-01,28.9,21.7,24.6,0.0,15.8,32.0,13.81,Toliara,-23.35,43.667,8.0
2012-06-02,26.3,19.3,22.5,0.0,21.0,35.6,14.23,Toliara,-23.35,43.667,8.0
2012-06-03,24.8,18.5,21.3,0.3,18.3,39.6,14.73,Toliara,-23.35,43.667,8.0
2012-06-04,25.9,19.5,21.9,0.0,24.5,47.9,15.81,Toliara,-23.35,43.667,8.0
2012-06-05,28.4,17.5,22.4,0.0,24.9,49.7,16.33,Toliara,-23.35,43.667,8.0
2012-06-06,28.2,18.8,22.8,0.0,21.1,38.9,16.33,Toliara,-23.35,43.667,8.0
2012-06-07,28.1,16.4,21.8,0.0,15.7,31.3,16.01,Toliara,-23.35,43.667,8.0
2012-06-08,28.8,17.2,22.5,0.0,13.5,29.5,15.97,Toliara,-23.35,43.667,8.0
2012-06-09,29.9,18.4,23.8,0.0,14.7,32.0,13.47,Toliara,-23.35,43.667,8.0
2012-06-10,28.4,18.7,22.8,0.0,19.1,38.5,15.62,Toliara,-23.35,43.667,8.0
2012-06-11,24.6,18.7,21.7,1.2,20.3,39.2,12.42,Toliara,-23.35,43.667,8.0
2012-06-12,27.8,18.0,22.5,0.0,20.2,39.6,14.95,Toliara,-23.35,43.667,8.0
2012-06-13,27.9,20.1,23.6,0.0,21.3,39.2,13.45,Toliara,-23.35,43.667,8.0
2012-06-14,27.2,20.3,23.0,0.0,27.5,52.2,13.82,Toliara,-23.35,43.667,8.0
2012-06-15,28.3,18.9,22.9,0.0,25.0,47.9,15.22,Toliara,-23.35,43.667,8.0
2012-06-16,28.7,19.6,23.6,0.0,19.6,36.4,14.69,Toliara,-23.35,43.667,8.0
2012-06-17,29.2,21.0,24.4,0.0,16.2,29.9,14.55,Toliara,-23.35,43.667,8.0
2012-06-18,29.6,20.6,24.3,0.0,15.0,29.9,15.38,Toliara,-23.35,43.667,8.0
2012-06-19,28.9,20.1,24.0,0.0,18.2,38.9,15.76,Toliara,-23.35,43.667,8.0
2012-06-20,28.2,20.2,23.2,0.0,16.4,34.6,15.62,Toliara,-23.35,43.667,8.0
2012-06-21,26.3,18.3,21.7,0.0,16.1,32.8,15.21,Toliara,-23.35,43.667,8.0
2012-06-22,28.4,18.3,22.5,0.0,14.6,31.7,15.14,Toliara,-23.35,43.667,8.0
2012-06-23,26.6,18.4,22.2,0.0,12.8,29.9,14.89,Toliara,-23.35,43.667,8.0
2012-06-24,26.7,18.4,22.1,0.0,13.9,32.0,15.15,Toliara,-23.35,43.667,8.0
2012-06-25,29.1,19.4,23.1,0.0,14.6,32.4,15.47,Toliara,-23.35,43.667,8.0
2012-06-26,28.0,20.3,23.3,0.0,15.8,32.8,14.79,Toliara,-23.35,43.667,8.0
2012-06-27,28.5,20.4,23.5,0.0,17.4,33.8,15.29,Toliara,-23.35,43.667,8.0
2012-06-28,27.2,19.1,22.6,0.0,19.1,35.3,15.29,Toliara,-23.35,43.667,8.0
2012-06-29,27.3,18.6,22.4,0.0,19.2,34.6,15.66,Toliara,-23.35,43.667,8.0
2012-06-30,28.0,18.2,22.4,0.0,16.8,30.6,15.84,Toliara,-23.35,43.667,8.0
2012-07-01,28.1,17.0,22.2,0.0,17.3,33.5,15.97,Toliara,-23.35,43.667,8.0
2012-07-02,29.0,18.6,23.0,0.0,14.3,27.4,16.14,Toliara,-23.35,43.667,8.0
2012-07-03,28.3,17.5,22.4,0.0,16.8,31.3,15.77,Toliara,-23.35,43.667,8.0
2012-07-04,27.9,18.2,22.3,0.0,15.9,32.0,16.14,Toliara,-23.35,43.667,8.0
2012-07-05,26.2,14.8,20.5,0.0,18.5,38.2,16.12,Toliara,-23.35,43.667,8.0
2012-07-06,26.8,16.4,21.1,0.0,16.6,32.0,16.26,Toliara,-23.35,43.667,8.0
2012-07-07,27.3,17.0,21.5,0.0,15.9,28.8,16.31,Toliara,-23.35,43.667,8.0
2012-07-08,26.2,14.7,20.1,0.0,15.4,34.2,16.38,Toliara,-23.35,43.667,8.0
2012-07-09,26.0,16.6,20.5,0.0,16.2,33.1,15.78,Toliara,-23.35,43.667,8.0
2012-07-10,27.4,17.4,21.9,0.0,16.1,32.0,16.17,Toliara,-23.35,43.667,8.0
2012-07-11,27.0,16.3,21.2,0.0,15.2,33.5,15.94,Toliara,-23.35,43.667,8.0
2012-07-12,28.2,16.1,21.9,0.0,16.8,30.6,14.75,Toliara,-23.35,43.667,8.0
2012-07-13,27.8,18.5,22.7,0.0,14.2,32.4,14.27,Toliara,-23.35,43.667,8.0
2012-07-14,28.2,17.3,22.3,0.0,17.1,37.8,15.56,Toliara,-23.35,43.667,8.0
2012-07-15,27.5,17.2,21.8,0.0,14.3,33.5,16.39,Toliara,-23.35,43.667,8.0
2012-07-16,23.2,17.4,19.8,1.7,22.1,41.4,9.15,Toliara,-23.35,43.667,8.0
2012-07-17,23.4,16.6,19.7,0.0,17.6,36.0,15.48,Toliara,-23.35,43.667,8.0
2012-07-18,22.4,15.1,18.2,3.5,12.6,33.1,12.84,Toliara,-23.35,43.667,8.0
2012-07-19,25.0,16.8,20.2,0.1,20.4,42.5,15.07,Toliara,-23.35,43.667,8.0
2012-07-20,24.7,18.0,20.7,0.0,17.1,38.9,12.84,Toliara,-23.35,43.667,8.0
2012-07-21,26.2,17.5,21.0,0.0,13.8,29.2,16.66,Toliara,-23.35,43.667,8.0
2012-07-22,28.1,17.5,21.9,0.0,13.5,31.0,14.94,Toliara,-23.35,43.667,8.0
2012-07-23,27.0,19.8,22.8,0.0,16.1,32.0,11.25,Toliara,-23.35,43.667,8.0
2012-07-24,28.1,21.5,24.1,0.0,18.0,32.8,11.78,Toliara,-23.35,43.667,8.0
2012-07-25,27.7,20.5,23.1,0.0,23.1,42.8,15.26,Toliara,-23.35,43.667,8.0
2012-07-26,26.5,18.5,21.9,0.0,21.5,41.0,15.9,Toliara,-23.35,43.667,8.0
2012-07-27,28.4,18.2,22.2,0.0,18.0,32.8,17.35,Toliara,-23.35,43.667,8.0
2012-07-28,25.8,17.3,21.4,0.0,16.7,33.8,16.01,Toliara,-23.35,43.667,8.0
2012-07-29,24.7,18.3,21.0,0.2,22.0,45.0,14.67,Toliara,-23.35,43.667,8.0
2012-07-30,24.4,17.5,20.3,0.0,20.1,39.2,17.68,Toliara,-23.35,43.667,8.0
2012-07-31,25.7,16.3,20.3,0.0,16.7,33.8,17.9,Toliara,-23.35,43.667,8.0
2012-08-01,24.3,15.2,19.9,0.0,13.3,30.6,16.26,Toliara,-23.35,43.667,8.0
2012-08-02,24.7,16.9,20.2,0.7,19.9,40.7,15.33,Toliara,-23.35,43.667,8.0
2012-08-03,22.0,17.5,19.5,0.0,16.5,34.2,11.88,Toliara,-23.35,43.667,8.0
2012-08-04,24.3,15.1,19.5,0.0,17.4,33.5,18.65,Toliara,-23.35,43.667,8.0
2012-08-05,26.9,15.8,20.7,0.0,16.5,33.5,18.59,Toliara,-23.35,43.667,8.0
2012-08-06,26.3,14.7,20.2,0.0,19.9,40.7,18.44,Toliara,-23.35,43.667,8.0
2012-08-07,30.0,16.4,22.7,0.0,15.3,31.7,16.25,Toliara,-23.35,43.667,8.0
2012-08-08,30.0,21.4,24.8,0.0,13.2,25.9,13.92,Toliara,-23.35,43.667,8.0
2012-08-09,28.6,18.5,23.5,0.0,18.2,37.8,16.95,Toliara,-23.35,43.667,8.0
2012-08-10,29.1,21.0,23.7,0.0,23.9,45.7,16.01,Toliara,-23.35,43.667,8.0
2012-08-11,29.2,19.8,23.6,0.0,19.2,41.0,17.99,Toliara,-23.35,43.667,8.0
2012-08-12,29.0,18.2,23.5,0.0,16.7,35.6,18.61,Toliara,-23.35,43.667,8.0
2012-08-13,25.9,19.4,22.2,0.1,19.5,38.9,16.31,Toliara,-23.35,43.667,8.0
2012-08-14,27.5,17.8,22.2,0.0,20.4,37.1,19.4,Toliara,-23.35,43.667,8.0
2012-08-15,30.1,20.1,24.4,0.0,18.8,33.1,19.7,Toliara,-23.35,43.667,8.0
2012-08-16,30.1,20.5,24.4,0.0,17.7,35.3,19.94,Toliara,-23.35,43.667,8.0
2012-08-17,29.4,18.8,23.6,0.0,20.4,42.5,19.96,Toliara,-23.35,43.667,8.0
2012-08-18,30.5,20.7,25.2,0.0,18.5,33.5,20.07,Toliara,-23.35,43.667,8.0
2012-08-19,30.1,20.3,24.4,0.0,17.3,36.0,20.33,Toliara,-23.35,43.667,8.0
2012-08-20,28.8,18.4,23.0,0.0,16.6,35.6,20.27,Toliara,-23.35,43.667,8.0
2012-08-21,29.6,18.8,23.7,0.0,19.3,39.6,20.52,Toliara,-23.35,43.667,8.0
2012-08-22,29.2,19.1,23.4,0.0,17.0,36.0,20.77,Toliara,-23.35,43.667,8.0
2012-08-23,29.2,18.3,23.0,0.0,20.2,42.8,20.97,Toliara,-23.35,43.667,8.0
2012-08-24,29.8,18.1,23.4,0.0,18.2,36.4,20.8,Toliara,-23.35,43.667,8.0
2012-08-25,32.0,20.0,24.8,0.0,17.4,37.1,20.99,Toliara,-23.35,43.667,8.0
2012-08-26,29.3,19.6,23.6,0.0,16.0,36.0,21.15,Toliara,-23.35,43.667,8.0
2012-08-27,28.9,18.9,23.2,0.0,20.2,40.3,21.56,Toliara,-23.35,43.667,8.0
2012-08-28,31.0,18.9,24.7,0.0,16.9,34.6,21.23,Toliara,-23.35,43.667,8.0
2012-08-29,29.1,20.4,24.5,0.0,16.0,34.9,21.47,Toliara,-23.35,43.667,8.0
2012-08-30,28.8,18.3,23.0,0.0,16.2,35.6,21.05,Toliara,-23.35,43.667,8.0
2012-08-31,28.6,17.4,22.7,0.0,17.7,38.9,21.17,Toliara,-23.35,43.667,8.0
2012-09-01,28.4,18.8,22.9,0.0,18.9,40.7,20.69,Toliara,-23.35,43.667,8.0
2012-09-02,28.8,19.6,23.7,0.0,21.1,42.5,21.26,Toliara,-23.35,43.667,8.0
2012-09-03,29.9,20.3,23.9,0.0,20.4,42.5,21.92,Toliara,-23.35,43.667,8.0
2012-09-04,26.5,19.6,22.4,0.0,21.4,42.1,21.32,Toliara,-23.35,43.667,8.0
2012-09-05,26.8,18.8,22.3,0.0,26.8,48.2,22.13,Toliara,-23.35,43.667,8.0
2012-09-06,30.9,18.1,24.2,0.0,27.1,53.3,21.29,Toliara,-23.35,43.667,8.0
2012-09-07,31.0,20.5,25.4,0.0,26.3,49.0,21.6,Toliara,-23.35,43.667,8.0
2012-09-08,30.3,19.5,24.2,0.0,21.6,40.7,23.14,Toliara,-23.35,43.667,8.0
2012-09-09,30.4,20.5,24.4,0.0,19.4,41.4,22.75,Toliara,-23.35,43.667,8.0
2012-09-10,30.6,19.6,24.6,0.0,16.3,37.4,22.57,Toliara,-23.35,43.667,8.0
2012-09-11,30.5,19.3,24.5,0.0,22.6,44.6,23.12,Toliara,-23.35,43.667,8.0
2012-09-12,30.6,20.0,24.5,0.0,25.6,49.0,22.27,Toliara,-23.35,43.667,8.0
2012-09-13,29.8,19.9,24.4,0.0,18.9,40.3,20.96,Toliara,-23.35,43.667,8.0
2012-09-14,28.6,19.6,23.3,0.0,20.7,41.4,23.7,Toliara,-23.35,43.667,8.0
2012-09-15,30.4,19.1,24.4,0.0,25.8,46.1,23.59,Toliara,-23.35,43.667,8.0
2012-09-16,31.1,21.2,25.9,0.0,31.0,47.9,22.8,Toliara,-23.35,43.667,8.0
2012-09-17,31.7,22.2,25.8,0.0,24.9,46.8,22.02,Toliara,-23.35,43.667,8.0
2012-09-18,30.8,21.3,24.9,1.4,20.7,39.6,20.49,Toliara,-23.35,43.667,8.0
2012-09-19,28.8,20.2,23.8,0.0,18.5,40.3,22.4,Toliara,-23.35,43.667,8.0
2012-09-20,30.4,19.5,24.8,0.0,23.5,44.3,24.53,Toliara,-23.35,43.667,8.0
2012-09-21,33.4,22.5,26.8,0.0,18.7,40.7,24.7,Toliara,-23.35,43.667,8.0
2012-09-22,31.7,21.9,25.6,0.0,19.0,42.5,24.96,Toliara,-23.35,43.667,8.0
2012-09-23,30.8,19.6,24.6,0.0,18.5,41.0,22.67,Toliara,-23.35,43.667,8.0
2012-09-24,29.5,20.5,24.5,0.0,17.6,38.9,23.34,Toliara,-23.35,43.667,8.0
2012-09-25,27.1,20.9,24.0,0.2,20.9,41.4,22.16,Toliara,-23.35,43.667,8.0
2012-09-26,31.3,20.0,25.0,0.0,20.2,39.6,25.06,Toliara,-23.35,43.667,8.0
2012-09-27,33.4,22.1,26.5,0.0,21.6,42.5,24.34,Toliara,-23.35,43.667,8.0
2012-09-28,32.9,22.1,26.4,0.0,18.8,39.2,23.07,Toliara,-23.35,43.667,8.0
2012-09-29,32.4,20.5,26.0,0.0,21.4,43.2,24.57,Toliara,-23.35,43.667,8.0
2012-09-30,30.7,22.6,25.9,0.0,20.7,43.9,21.24,Toliara,-23.35,43.667,8.0
2012-10-01,30.9,22.2,26.0,0.0,23.9,43.9,24.22,Toliara,-23.35,43.667,8.0
2012-10-02,32.8,21.0,26.6,0.0,20.8,39.6,26.03,Toliara,-23.35,43.667,8.0
2012-10-03,34.0,24.3,27.7,0.0,21.2,45.0,25.93,Toliara,-23.35,43.667,8.0
2012-10-04,32.1,23.2,26.6,0.0,20.4,43.9,26.34,Toliara,-23.35,43.667,8.0
2012-10-05,31.7,21.9,26.2,0.0,22.3,44.6,24.89,Toliara,-23.35,43.667,8.0
2012-10-06,33.9,22.1,27.3,0.0,21.9,46.4,27.1,Toliara,-23.35,43.667,8.0
2012-10-07,33.8,19.9,26.3,0.0,21.6,47.5,27.09,Toliara,-23.35,43.667,8.0
2012-10-08,32.4,22.2,26.1,0.0,24.8,49.7,27.26,Toliara,-23.35,43.667,8.0
2012-10-09,32.4,20.9,25.6,0.0,25.1,49.7,27.42,Toliara,-23.35,43.667,8.0
2012-10-10,31.7,21.0,25.7,0.0,21.7,46.4,25.9,Toliara,-23.35,43.667,8.0
2012-10-11,29.3,20.8,24.6,0.0,20.1,44.6,26.72,Toliara,-23.35,43.667,8.0
2012-10-12,33.0,22.1,27.0,0.0,26.8,50.0,25.19,Toliara,-23.35,43.667,8.0
2012-10-13,33.6,23.2,27.9,0.0,20.6,41.4,25.8,Toliara,-23.35,43.667,8.0
2012-10-14,32.2,23.6,26.9,0.4,19.7,38.9,24.41,Toliara,-23.35,43.667,8.0
2012-10-15,31.4,22.5,26.5,0.3,18.4,39.6,25.1,Toliara,-23.35,43.667,8.0
2012-10-16,31.3,22.6,26.4,0.0,17.0,36.4,24.55,Toliara,-23.35,43.667,8.0
2012-10-17,31.8,21.9,26.3,0.3,18.9,41.4,25.68,Toliara,-23.35,43.667,8.0
2012-10-18,32.9,21.8,27.1,0.0,15.9,36.4,23.16,Toliara,-23.35,43.667,8.0
2012-10-19,35.5,22.8,28.5,0.5,16.8,35.3,25.56,Toliara,-23.35,43.667,8.0
2012-10-20,35.1,23.3,28.7,0.0,18.2,42.1,25.65,Toliara,-23.35,43.667,8.0
2012-10-21,33.6,23.7,27.6,0.3,23.1,49.0,24.74,Toliara,-23.35,43.667,8.0
2012-10-22,33.4,23.6,27.6,0.7,15.1,37.4,25.31,Toliara,-23.35,43.667,8.0
2012-10-23,30.5,23.7,26.3,0.0,20.3,43.9,26.67,Toliara,-23.35,43.667,8.0
2012-10-24,31.8,23.5,27.1,0.0,29.5,54.0,24.99,Toliara,-23.35,43.667,8.0
2012-10-25,30.0,21.9,25.5,0.0,29.5,56.2,21.09,Toliara,-23.35,43.667,8.0
2012-10-26,31.7,22.3,26.3,0.7,20.5,38.2,25.4,Toliara,-23.35,43.667,8.0
2012-10-27,29.3,23.1,26.0,1.5,18.1,36.0,22.81,Toliara,-23.35,43.667,8.0
2012-10-28,31.8,22.4,26.4,0.0,26.8,50.8,27.47,Toliara,-23.35,43.667,8.0
2012-10-29,32.5,21.1,26.3,0.0,27.8,50.4,27.72,Toliara,-23.35,43.667,8.0
2012-10-30,32.2,21.9,26.5,0.1,21.6,42.5,26.36,Toliara,-23.35,43.667,8.0
2012-10-31,31.2,22.5,25.9,12.9,22.3,50.4,23.81,Toliara,-23.35,43.667,8.0
2012-11-01,25.7,20.9,23.0,5.2,25.0,51.8,14.71,Toliara,-23.35,43.667,8.0
2012-11-02,24.3,18.3,21.1,0.7,25.7,50.0,24.8,Toliara,-23.35,43.667,8.0
2012-11-03,27.1,16.6,21.7,0.0,24.0,43.9,30.53,Toliara,-23.35,43.667,8.0
2012-11-04,29.6,18.8,23.9,0.0,22.8,42.5,29.89,Toliara,-23.35,43.667,8.0
2012-11-05,30.1,20.3,24.9,0.0,20.4,43.2,28.57,Toliara,-23.35,43.667,8.0
2012-11-06,30.4,19.8,24.6,0.0,21.5,46.1,29.18,Toliara,-23.35,43.667,8.0
2012-11-07,32.0,21.3,26.1,0.0,19.9,43.9,29.01,Toliara,-23.35,43.667,8.0
2012-11-08,31.0,21.9,25.9,0.0,24.2,42.8,29.59,Toliara,-23.35,43.667,8.0
2012-11-09,30.0,22.3,25.8,0.4,23.3,42.1,25.27,Toliara,-23.35,43.667,8.0
2012-11-10,31.9,21.6,26.4,0.0,21.3,42.5,27.68,Toliara,-23.35,43.667,8.0
2012-11-11,33.3,23.4,28.2,0.3,18.2,38.2,26.19,Toliara,-23.35,43.667,8.0
2012-11-12,34.8,25.0,28.8,0.0,17.8,34.9,26.38,Toliara,-23.35,43.667,8.0
2012-11-13,34.1,23.3,28.2,1.7,13.9,35.3,25.89,Toliara,-23.35,43.667,8.0
2012-11-14,33.9,24.0,28.1,1.5,17.4,41.4,26.76,Toliara,-23.35,43.667,8.0
2012-11-15,33.8,24.3,28.5,0.0,24.6,50.8,28.76,Toliara,-23.35,43.667,8.0
2012-11-16,33.0,23.4,28.0,0.0,15.7,37.4,27.7,Toliara,-23.35,43.667,8.0
2012-11-17,33.0,25.1,27.8,1.8,17.3,37.4,26.6,Toliara,-23.35,43.667,8.0
2012-11-18,30.6,23.5,26.7,0.0,17.4,39.2,26.25,Toliara,-23.35,43.667,8.0
2012-11-19,31.3,22.3,26.2,0.0,23.9,47.5,30.28,Toliara,-23.35,43.667,8.0
2012-11-20,30.6,22.7,26.3,0.0,23.7,49.3,28.27,Toliara,-23.35,43.667,8.0
2012-11-21,33.9,22.4,27.7,0.0,21.7,45.7,27.45,Toliara,-23.35,43.667,8.0
2012-11-22,32.3,23.0,27.9,0.2,16.9,38.2,27.94,Toliara,-23.35,43.667,8.0
2012-11-23,32.3,23.7,27.5,1.2,18.1,42.1,27.79,Toliara,-23.35,43.667,8.0
2012-11-24,33.1,24.2,27.9,2.0,16.9,38.9,26.58,Toliara,-23.35,43.667,8.0
2012-11-25,33.3,25.0,28.4,0.0,22.5,44.3,29.6,Toliara,-23.35,43.667,8.0
2012-11-26,32.1,23.9,27.2,0.0,25.8,50.0,30.21,Toliara,-23.35,43.667,8.0
2012-11-27,28.3,23.3,25.4,0.0,28.7,54.0,19.59,Toliara,-23.35,43.667,8.0
2012-11-28,31.7,21.0,26.1,0.0,27.2,48.6,29.85,Toliara,-23.35,43.667,8.0
2012-11-29,32.0,21.6,26.3,0.0,21.7,44.6,29.55,Toliara,-23.35,43.667,8.0
2012-11-30,32.2,23.0,27.2,0.7,18.3,40.7,26.58,Toliara,-23.35,43.667,8.0
2012-12-01,33.4,23.1,28.9,0.0,19.6,38.5,26.28,Toliara,-23.35,43.667,8.0
2012-12-02,33.8,25.7,29.8,0.0,20.3,38.5,26.64,Toliara,-23.35,43.667,8.0
2012-12-03,35.1,25.4,29.4,0.0,19.5,39.2,28.03,Toliara,-23.35,43.667,8.0
2012-12-04,34.3,25.0,28.9,0.0,16.2,35.3,26.11,Toliara,-23.35,43.667,8.0
2012-12-05,34.2,24.9,29.0,0.0,19.0,41.0,26.5,Toliara,-23.35,43.667,8.0
2012-12-06,35.4,26.0,30.2,0.0,20.9,45.0,27.94,Toliara,-23.35,43.667,8.0
2012-12-07,34.2,25.8,29.5,0.6,15.6,40.7,28.76,Toliara,-23.35,43.667,8.0
2012-12-08,32.0,25.0,28.3,2.6,18.6,39.2,26.07,Toliara,-23.35,43.667,8.0
2012-12-09,31.2,25.2,27.6,0.9,16.2,38.5,26.63,Toliara,-23.35,43.667,8.0
2012-12-10,30.6,23.9,27.0,1.3,18.4,40.7,26.1,Toliara,-23.35,43.667,8.0
2012-12-11,30.6,23.6,27.1,0.7,17.6,37.4,26.37,Toliara,-23.35,43.667,8.0
2012-12-12,31.5,23.9,27.7,0.0,27.0,48.6,26.16,Toliara,-23.35,43.667,8.0
2012-12-13,33.6,21.4,27.5,0.0,28.2,51.8,28.69,Toliara,-23.35,43.667,8.0
2012-12-14,34.6,24.2,28.5,0.0,21.8,44.3,28.09,Toliara,-23.35,43.667,8.0
2012-12-15,32.2,24.8,27.7,19.8,15.3,35.3,22.14,Toliara,-23.35,43.667,8.0
2012-12-16,31.4,24.1,27.1,11.4,17.7,41.0,26.61,Toliara,-23.35,43.667,8.0
2012-12-17,28.0,24.0,25.7,2.1,23.4,47.9,20.75,Toliara,-23.35,43.667,8.0
2012-12-18,28.7,23.9,25.8,2.7,23.7,48.2,24.23,Toliara,-23.35,43.667,8.0
2012-12-19,29.6,23.2,26.0,0.1,20.6,42.1,28.59,Toliara,-23.35,43.667,8.0
2012-12-20,31.2,21.8,26.6,0.0,23.9,45.0,30.23,Toliara,-23.35,43.667,8.0
2012-12-21,32.7,23.7,28.4,0.0,20.5,37.8,25.39,Toliara,-23.35,43.667,8.0
2012-12-22,32.9,25.4,28.1,5.5,13.8,31.3,23.98,Toliara,-23.35,43.667,8.0
2012-12-23,29.9,24.6,26.8,12.3,9.5,28.1,21.3,Toliara,-23.35,43.667,8.0
2012-12-24,30.2,24.3,27.1,1.6,13.7,31.0,27.07,Toliara,-23.35,43.667,8.0
2012-12-25,31.5,23.8,27.7,0.6,12.4,33.1,27.24,Toliara,-23.35,43.667,8.0
2012-12-26,31.9,25.3,28.4,2.7,13.4,32.0,26.85,Toliara,-23.35,43.667,8.0
2012-12-27,31.3,24.7,28.1,3.4,13.0,31.0,27.45,Toliara,-23.35,43.667,8.0
2012-12-28,32.0,25.1,28.4,1.8,13.1,32.8,27.2,Toliara,-23.35,43.667,8.0
2012-12-29,32.6,25.4,28.7,3.2,12.3,29.5,27.33,Toliara,-23.35,43.667,8.0
2012-12-30,34.9,26.2,30.1,0.0,17.1,31.3,31.23,Toliara,-23.35,43.667,8.0
2012-12-31,34.9,25.6,29.8,0.0,16.1,33.8,30.69,Toliara,-23.35,43.667,8.0
2013-01-01,34.2,25.8,29.5,2.0,14.0,31.3,28.13,Toliara,-23.35,43.667,8.0
2013-01-02,33.3,26.0,29.5,0.0,22.0,41.0,27.37,Toliara,-23.35,43.667,8.0
2013-01-03,34.8,25.9,29.7,0.0,16.2,36.4,27.96,Toliara,-23.35,43.667,8.0
2013-01-04,32.6,25.7,28.7,0.6,22.1,49.7,27.73,Toliara,-23.35,43.667,8.0
2013-01-05,31.6,24.9,28.1,1.0,22.0,40.0,23.68,Toliara,-23.35,43.667,8.0
2013-01-06,34.1,24.8,29.1,0.2,17.4,37.1,27.41,Toliara,-23.35,43.667,8.0
2013-01-07,32.9,25.8,28.4,12.2,13.1,34.2,25.29,Toliara,-23.35,43.667,8.0
2013-01-08,31.1,25.2,27.5,13.7,11.5,28.4,23.64,Toliara,-23.35,43.667,8.0
2013-01-09,33.4,25.4,28.3,14.0,10.8,29.5,27.69,Toliara,-23.35,43.667,8.0
2013-01-10,31.6,25.6,28.4,3.9,11.9,29.5,27.43,Toliara,-23.35,43.667,8.0
2013-01-11,31.4,25.7,28.3,4.2,10.5,28.1,26.37,Toliara,-23.35,43.667,8.0
2013-01-12,32.1,25.6,28.7,0.8,9.7,25.6,26.7,Toliara,-23.35,43.667,8.0
2013-01-13,33.0,26.1,29.1,6.6,11.5,29.2,25.78,Toliara,-23.35,43.667,8.0
2013-01-14,33.2,25.7,29.5,0.0,12.4,29.2,28.5,Toliara,-23.35,43.667,8.0
2013-01-15,32.5,26.3,28.9,1.3,16.1,33.8,27.08,Toliara,-23.35,43.667,8.0
2013-01-16,32.4,25.1,28.7,0.0,15.1,33.8,28.67,Toliara,-23.35,43.667,8.0
2013-01-17,34.5,26.0,29.4,0.9,13.7,31.7,27.99,Toliara,-23.35,43.667,8.0
2013-01-18,31.9,25.3,27.7,11.6,11.9,29.9,26.36,Toliara,-23.35,43.667,8.0
2013-01-19,31.2,24.6,27.1,2.8,14.8,31.3,25.58,Toliara,-23.35,43.667,8.0
2013-01-20,32.0,24.6,27.9,0.4,14.1,31.7,27.48,Toliara,-23.35,43.667,8.0
2013-01-21,33.3,25.6,28.9,1.1,19.2,40.7,25.97,Toliara,-23.35,43.667,8.0
2013-01-22,31.2,26.8,28.3,3.0,29.2,59.0,16.29,Toliara,-23.35,43.667,8.0
2013-01-23,31.0,26.4,28.2,3.9,39.3,74.5,19.56,Toliara,-23.35,43.667,8.0
2013-01-24,29.8,25.9,27.5,14.3,18.7,39.2,14.18,Toliara,-23.35,43.667,8.0
2013-01-25,30.1,25.7,27.6,23.5,13.5,25.6,14.98,Toliara,-23.35,43.667,8.0
2013-01-26,31.1,26.3,27.9,8.0,12.1,29.9,20.22,Toliara,-23.35,43.667,8.0
2013-01-27,31.2,25.8,27.6,8.5,12.0,26.3,21.33,Toliara,-23.35,43.667,8.0
2013-01-28,30.5,25.7,28.2,1.7,16.7,30.2,22.9,Toliara,-23.35,43.667,8.0
2013-01-29,33.1,25.2,28.7,0.4,23.7,42.8,26.83,Toliara,-23.35,43.667,8.0
2013-01-30,33.6,25.7,28.9,1.9,20.2,37.4,25.7,Toliara,-23.35,43.667,8.0
2013-01-31,33.5,25.5,28.9,15.4,16.6,32.0,27.27,Toliara,-23.35,43.667,8.0
2013-02-01,32.0,25.4,28.5,0.4,15.2,30.2,27.29,Toliara,-23.35,43.667,8.0
2013-02-02,30.3,25.0,26.9,4.6,20.9,41.4,22.03,Toliara,-23.35,43.667,8.0
2013-02-03,28.5,24.9,26.4,2.4,24.5,48.2,20.66,Toliara,-23.35,43.667,8.0
2013-02-04,28.9,24.4,26.3,3.9,20.5,47.9,23.05,Toliara,-23.35,43.667,8.0
2013-02-05,29.4,24.5,26.8,0.6,18.7,38.2,25.65,Toliara,-23.35,43.667,8.0
2013-02-06,30.1,24.2,27.2,0.1,15.5,27.4,25.21,Toliara,-23.35,43.667,8.0
2013-02-07,29.7,24.6,26.9,4.3,15.7,34.2,23.69,Toliara,-23.35,43.667,8.0
2013-02-08,29.8,24.2,26.8,1.4,15.1,30.6,23.02,Toliara,-23.35,43.667,8.0
2013-02-09,29.0,24.0,26.5,2.4,13.0,32.4,20.47,Toliara,-23.35,43.667,8.0
2013-02-10,30.5,24.5,26.6,19.9,9.0,27.4,20.61,Toliara,-23.35,43.667,8.0
2013-02-11,31.6,24.5,27.4,4.2,14.6,28.8,24.42,Toliara,-23.35,43.667,8.0
2013-02-12,32.7,24.6,28.2,0.1,17.7,35.6,25.07,Toliara,-23.35,43.667,8.0
2013-02-13,32.5,24.9,28.0,9.7,16.7,34.6,25.9,Toliara,-23.35,43.667,8.0
2013-02-14,32.1,25.2,27.6,22.4,14.7,31.0,22.83,Toliara,-23.35,43.667,8.0
2013-02-15,31.6,25.0,26.9,22.1,10.2,26.3,21.93,Toliara,-23.35,43.667,8.0
2013-02-16,29.5,25.1,26.9,9.5,17.3,32.8,14.09,Toliara,-23.35,43.667,8.0
2013-02-17,28.9,25.0,26.5,3.9,19.1,37.1,9.05,Toliara,-23.35,43.667,8.0
2013-02-18,27.2,23.4,25.4,10.5,24.9,43.2,6.78,Toliara,-23.35,43.667,8.0
2013-02-19,28.4,24.1,26.0,20.5,20.5,41.4,7.11,Toliara,-23.35,43.667,8.0
2013-02-20,30.1,26.2,27.8,0.0,22.9,44.6,15.8,Toliara,-23.35,43.667,8.0
2013-02-21,29.8,26.1,27.4,10.8,38.2,84.6,9.17,Toliara,-23.35,43.667,8.0
2013-02-22,26.2,24.8,25.4,140.8,52.5,112.0,3.5,Toliara,-23.35,43.667,8.0
2013-02-23,26.5,24.5,25.2,34.3,25.5,49.7,12.03,Toliara,-23.35,43.667,8.0
2013-02-24,26.5,23.1,24.7,4.2,20.9,44.6,19.2,Toliara,-23.35,43.667,8.0
2013-02-25,29.0,20.9,25.0,0.0,19.6,34.9,27.23,Toliara,-23.35,43.667,8.0
2013-02-26,30.1,21.7,26.0,0.0,20.1,34.9,24.04,Toliara,-23.35,43.667,8.0
2013-02-27,29.4,24.1,26.5,0.7,13.6,24.5,22.67,Toliara,-23.35,43.667,8.0
2013-02-28,29.8,23.7,26.5,0.1,13.2,24.1,23.93,Toliara,-23.35,43.667,8.0
2013-03-01,29.7,23.5,26.5,1.6,10.6,24.5,24.45,Toliara,-23.35,43.667,8.0
2013-03-02,30.0,24.0,27.1,0.1,9.2,24.5,23.83,Toliara,-23.35,43.667,8.0
2013-03-03,30.6,24.8,27.6,0.3,16.5,29.9,25.19,Toliara,-23.35,43.667,8.0
2013-03-04,30.5,24.1,27.3,0.0,16.4,31.0,25.96,Toliara,-23.35,43.667,8.0
2013-03-05,32.3,25.1,28.5,0.0,15.9,28.4,23.29,Toliara,-23.35,43.667,8.0
2013-03-06,32.2,26.3,28.4,2.4,15.9,28.8,22.92,Toliara,-23.35,43.667,8.0
2013-03-07,31.3,25.5,27.7,0.4,13.0,26.3,21.87,Toliara,-23.35,43.667,8.0
2013-03-08,31.6,24.8,27.7,0.0,11.3,25.2,25.09,Toliara,-23.35,43.667,8.0
2013-03-09,31.9,24.7,27.7,0.0,13.9,28.8,24.54,Toliara,-23.35,43.667,8.0
2013-03-10,30.4,24.0,27.2,0.8,15.5,29.9,22.33,Toliara,-23.35,43.667,8.0
2013-03-11,30.2,24.3,27.0,0.5,14.8,29.9,23.73,Toliara,-23.35,43.667,8.0
2013-03-12,29.9,23.9,26.5,1.9,14.5,32.4,20.54,Toliara,-23.35,43.667,8.0
2013-03-13,29.3,23.2,26.1,0.3,13.4,30.6,22.63,Toliara,-23.35,43.667,8.0
2013-03-14,30.0,22.6,26.4,0.7,13.2,25.6,22.95,Toliara,-23.35,43.667,8.0
2013-03-15,30.5,24.1,27.1,0.5,12.9,27.0,21.85,Toliara,-23.35,43.667,8.0
2013-03-16,30.3,24.9,27.0,1.2,16.2,35.3,20.02,Toliara,-23.35,43.667,8.0
2013-03-17,29.5,23.8,26.9,0.3,14.1,31.7,23.86,Toliara,-23.35,43.667,8.0
2013-03-18,29.8,23.4,26.4,0.1,14.6,35.3,24.13,Toliara,-23.35,43.667,8.0
2013-03-19,29.2,23.0,26.0,0.0,13.4,30.2,20.65,Toliara,-23.35,43.667,8.0
2013-03-20,29.3,22.8,26.2,0.6,20.4,42.5,22.9,Toliara,-23.35,43.667,8.0
2013-03-21,29.5,23.1,26.2,0.0,21.5,38.9,17.53,Toliara,-23.35,43.667,8.0
2013-03-22,31.7,22.1,26.5,0.0,21.8,38.9,22.97,Toliara,-23.35,43.667,8.0
2013-03-23,31.8,22.5,26.8,0.0,20.8,38.2,22.52,Toliara,-23.35,43.667,8.0
2013-03-24,31.7,23.8,27.2,0.0,16.9,28.1,19.76,Toliara,-23.35,43.667,8.0
2013-03-25,32.0,22.8,27.0,0.0,15.3,31.7,23.53,Toliara,-23.35,43.667,8.0
2013-03-26,31.9,23.0,27.3,0.0,25.5,45.4,24.04,Toliara,-23.35,43.667,8.0
2013-03-27,32.1,22.8,27.3,0.0,23.9,44.3,23.67,Toliara,-23.35,43.667,8.0
2013-03-28,32.1,23.9,27.9,0.0,21.3,39.6,21.12,Toliara,-23.35,43.667,8.0
2013-03-29,32.0,24.5,28.1,0.0,21.5,38.9,21.07,Toliara,-23.35,43.667,8.0
2013-03-30,31.8,23.9,27.4,0.0,19.6,37.4,21.49,Toliara,-23.35,43.667,8.0
2013-03-31,32.6,23.9,27.7,0.0,18.8,37.1,23.65,Toliara,-23.35,43.667,8.0
2013-04-01,33.1,24.6,28.3,0.0,17.8,32.0,23.2,Toliara,-23.35,43.667,8.0
2013-04-02,31.7,23.1,26.8,0.0,15.5,31.3,23.61,Toliara,-23.35,43.667,8.0
2013-04-03,31.2,21.7,25.9,0.0,17.3,36.0,23.66,Toliara,-23.35,43.667,8.0
2013-04-04,30.1,22.1,25.7,0.0,16.1,37.1,21.94,Toliara,-23.35,43.667,8.0
2013-04-05,30.9,23.2,26.6,0.0,14.5,32.8,19.89,Toliara,-23.35,43.667,8.0
2013-04-06,30.4,24.3,26.3,2.6,12.3,29.9,15.28,Toliara,-23.35,43.667,8.0
2013-04-07,29.7,23.1,25.8,1.1,13.4,39.6,18.98,Toliara,-23.35,43.667,8.0
2013-04-08,31.2,23.6,26.9,0.0,15.5,32.4,20.65,Toliara,-23.35,43.667,8.0
2013-04-09,33.5,24.3,28.2,2.0,15.5,29.9,21.22,Toliara,-23.35,43.667,8.0
2013-04-10,32.7,25.5,28.4,0.0,14.8,31.0,20.05,Toliara,-23.35,43.667,8.0
2013-04-11,31.1,24.5,27.5,0.6,20.4,37.4,17.89,Toliara,-23.35,43.667,8.0
2013-04-12,28.1,22.9,25.4,0.6,25.1,47.2,17.55,Toliara,-23.35,43.667,8.0
2013-04-13,28.2,21.4,24.3,0.0,23.0,43.9,17.35,Toliara,-23.35,43.667,8.0
2013-04-14,30.8,20.5,25.0,0.0,26.2,46.8,20.98,Toliara,-23.35,43.667,8.0
2013-04-15,31.5,21.2,26.0,0.0,22.8,41.8,20.56,Toliara,-23.35,43.667,8.0
2013-04-16,31.7,23.6,27.0,0.0,18.9,34.6,20.06,Toliara,-23.35,43.667,8.0
2013-04-17,31.9,22.9,27.0,0.0,13.2,26.3,19.2,Toliara,-23.35,43.667,8.0
2013-04-18,31.8,24.3,27.2,0.0,15.3,28.1,18.82,Toliara,-23.35,43.667,8.0
2013-04-19,31.6,22.3,26.4,0.0,16.8,34.9,20.2,Toliara,-23.35,43.667,8.0
2013-04-20,32.9,22.7,27.1,0.0,15.8,32.8,20.95,Toliara,-23.35,43.667,8.0
2013-04-21,32.7,23.4,27.1,0.0,17.6,36.7,20.66,Toliara,-23.35,43.667,8.0
2013-04-22,29.7,22.1,25.5,0.0,16.9,36.7,19.47,Toliara,-23.35,43.667,8.0
2013-04-23,28.1,22.5,25.2,1.1,15.7,32.8,16.69,Toliara,-23.35,43.667,8.0
2013-04-24,29.6,22.2,25.3,0.0,24.9,48.2,19.03,Toliara,-23.35,43.667,8.0
2013-04-25,30.1,20.4,24.8,0.0,25.8,47.5,19.95,Toliara,-23.35,43.667,8.0
2013-04-26,30.4,20.4,24.8,0.0,24.5,45.0,20.02,Toliara,-23.35,43.667,8.0
2013-04-27,30.9,20.9,25.5,0.0,22.9,42.1,19.81,Toliara,-23.35,43.667,8.0
2013-04-28,31.1,22.2,25.9,0.0,18.6,35.6,19.68,Toliara,-23.35,43.667,8.0
2013-04-29,30.8,21.1,25.4,0.0,18.6,32.8,19.6,Toliara,-23.35,43.667,8.0
2013-04-30,29.0,19.9,24.3,0.0,24.1,43.2,19.44,Toliara,-23.35,43.667,8.0
2013-05-01,30.3,20.4,24.8,0.0,25.7,48.2,19.55,Toliara,-23.35,43.667,8.0
2013-05-02,31.1,20.7,25.6,0.0,22.4,45.0,18.01,Toliara,-23.35,43.667,8.0
2013-05-03,30.6,22.8,26.1,0.0,18.3,33.1,15.96,Toliara,-23.35,43.667,8.0
2013-05-04,30.3,20.3,25.0,0.0,14.2,31.7,18.2,Toliara,-23.35,43.667,8.0
2013-05-05,28.6,20.8,24.2,0.0,19.6,37.4,17.21,Toliara,-23.35,43.667,8.0
2013-05-06,25.6,20.5,22.8,1.3,20.5,40.7,15.42,Toliara,-23.35,43.667,8.0
2013-05-07,26.0,19.7,22.2,0.0,23.2,46.8,16.47,Toliara,-23.35,43.667,8.0
2013-05-08,27.6,17.6,22.0,0.0,23.9,47.2,19.15,Toliara,-23.35,43.667,8.0
2013-05-09,28.9,18.2,22.9,0.0,16.5,34.6,18.84,Toliara,-23.35,43.667,8.0
2013-05-10,23.9,19.7,22.0,0.9,13.6,23.4,4.38,Toliara,-23.35,43.667,8.0
2013-05-11,29.0,19.3,23.6,0.0,25.0,44.3,18.27,Toliara,-23.35,43.667,8.0
2013-05-12,29.3,19.9,24.1,0.0,23.4,41.4,15.96,Toliara,-23.35,43.667,8.0
2013-05-13,29.8,21.9,24.9,1.1,18.9,35.6,13.04,Toliara,-23.35,43.667,8.0
2013-05-14,30.4,21.7,25.0,1.4,15.5,32.4,15.45,Toliara,-23.35,43.667,8.0
2013-05-15,30.1,22.3,25.6,0.0,13.7,26.6,15.23,Toliara,-23.35,43.667,8.0
2013-05-16,30.4,21.3,25.1,0.0,14.5,30.2,17.45,Toliara,-23.35,43.667,8.0
2013-05-17,29.9,20.2,24.7,0.0,14.4,31.0,16.38,Toliara,-23.35,43.667,8.0
2013-05-18,28.3,21.2,24.4,0.2,20.7,40.3,15.54,Toliara,-23.35,43.667,8.0
2013-05-19,29.2,21.2,24.3,0.0,25.0,46.4,15.98,Toliara,-23.35,43.667,8.0
2013-05-20,28.1,20.7,23.9,0.0,18.4,35.3,15.21,Toliara,-23.35,43.667,8.0
2013-05-21,29.5,19.8,24.5,0.0,14.6,29.2,14.81,Toliara,-23.35,43.667,8.0
2013-05-22,28.0,20.4,23.8,0.4,16.1,34.2,15.29,Toliara,-23.35,43.667,8.0
2013-05-23,26.3,19.2,22.8,0.0,15.5,31.7,15.72,Toliara,-23.35,43.667,8.0
2013-05-24,27.9,19.4,23.1,0.0,19.8,36.0,16.48,Toliara,-23.35,43.667,8.0
2013-05-25,28.0,19.3,23.2,0.0,19.9,38.5,16.68,Toliara,-23.35,43.667,8.0
2013-05-26,28.9,19.5,23.7,0.0,16.9,33.8,16.24,Toliara,-23.35,43.667,8.0
2013-05-27,27.5,18.6,22.8,0.6,16.6,34.9,15.62,Toliara,-23.35,43.667,8.0
2013-05-28,26.2,18.2,21.8,0.0,13.4,27.7,15.69,Toliara,-23.35,43.667,8.0
2013-05-29,26.7,18.4,22.0,0.0,14.0,29.5,16.29,Toliara,-23.35,43.667,8.0
2013-05-30,28.4,18.3,22.8,0.0,15.8,31.7,16.55,Toliara,-23.35,43.667,8.0
2013-05-31,28.1,18.5,22.8,0.0,14.0,30.2,16.6,Toliara,-23.35,43.667,8.0
2013-06-01,28.5,18.3,22.7,0.0,16.2,30.2,16.66,Toliara,-23.35,43.667,8.0
2013-06-02,30.0,18.8,23.9,0.0,21.1,39.6,16.5,Toliara,-23.35,43.667,8.0
2013-06-03,28.9,19.4,23.6,0.0,20.7,41.0,16.34,Toliara,-23.35,43.667,8.0
2013-06-04,27.7,17.9,22.5,0.0,15.1,28.1,16.52,Toliara,-23.35,43.667,8.0
2013-06-05,27.6,15.7,21.7,0.0,14.6,31.0,16.74,Toliara,-23.35,43.667,8.0
2013-06-06,26.3,18.9,21.6,0.0,24.5,48.2,14.49,Toliara,-23.35,43.667,8.0
2013-06-07,25.6,16.6,20.5,0.0,19.2,34.9,16.41,Toliara,-23.35,43.667,8.0
2013-06-08,26.3,16.8,20.9,0.0,16.8,29.5,16.29,Toliara,-23.35,43.667,8.0
2013-06-09,25.8,15.6,20.3,0.0,14.6,32.8,16.11,Toliara,-23.35,43.667,8.0
2013-06-10,26.6,17.0,21.5,0.0,19.9,36.7,14.97,Toliara,-23.35,43.667,8.0
2013-06-11,27.9,20.0,23.0,0.0,25.3,48.2,13.95,Toliara,-23.35,43.667,8.0
2013-06-12,28.6,18.7,22.8,0.0,20.2,40.0,15.95,Toliara,-23.35,43.667,8.0
2013-06-13,27.9,18.5,22.3,0.0,14.6,32.0,15.83,Toliara,-23.35,43.667,8.0
2013-06-14,27.2,17.6,21.8,0.0,17.1,35.6,15.16,Toliara,-23.35,43.667,8.0
2013-06-15,27.0,17.2,21.6,0.0,18.1,34.9,15.04,Toliara,-23.35,43.667,8.0
2013-06-16,25.9,19.2,21.8,0.0,24.6,45.7,13.38,Toliara,-23.35,43.667,8.0
2013-06-17,24.4,16.3,20.0,0.0,23.4,43.9,16.25,Toliara,-23.35,43.667,8.0
2013-06-18,26.0,17.1,20.8,0.0,20.6,42.5,15.81,Toliara,-23.35,43.667,8.0
2013-06-19,26.9,16.6,21.3,0.0,18.1,33.8,15.75,Toliara,-23.35,43.667,8.0
2013-06-20,26.5,17.2,21.3,0.0,14.7,30.6,15.84,Toliara,-23.35,43.667,8.0
2013-06-21,27.8,17.0,21.8,0.0,14.4,28.1,15.76,Toliara,-23.35,43.667,8.0
2013-06-22,27.1,18.2,21.9,0.0,15.4,32.8,15.59,Toliara,-23.35,43.667,8.0
2013-06-23,27.9,16.8,22.0,0.0,15.3,29.9,15.84,Toliara,-23.35,43.667,8.0
2013-06-24,27.6,18.1,22.2,0.0,14.2,28.4,15.9,Toliara,-23.35,43.667,8.0
2013-06-25,27.7,16.0,21.3,0.0,15.9,33.5,15.85,Toliara,-23.35,43.667,8.0
2013-06-26,27.8,17.3,21.7,0.0,14.6,31.3,15.68,Toliara,-23.35,43.667,8.0
2013-06-27,26.9,16.8,21.4,0.0,13.7,30.6,15.78,Toliara,-23.35,43.667,8.0
2013-06-28,25.7,15.6,20.7,0.0,17.7,35.6,13.7,Toliara,-23.35,43.667,8.0
2013-06-29,27.6,17.4,22.0,0.0,19.5,37.8,15.42,Toliara,-23.35,43.667,8.0
2013-06-30,26.5,17.3,21.5,0.0,16.7,33.1,15.79,Toliara,-23.35,43.667,8.0
2013-07-01,26.8,17.0,21.5,0.0,14.8,29.5,15.98,Toliara,-23.35,43.667,8.0
2013-07-02,28.3,17.0,22.1,0.0,16.5,32.0,16.12,Toliara,-23.35,43.667,8.0
2013-07-03,28.2,17.3,22.0,0.0,13.6,29.9,15.95,Toliara,-23.35,43.667,8.0
2013-07-04,29.0,15.1,22.1,0.0,18.7,36.7,15.9,Toliara,-23.35,43.667,8.0
2013-07-05,26.0,18.0,20.9,0.0,20.2,37.1,14.72,Toliara,-23.35,43.667,8.0
2013-07-06,24.4,15.9,19.7,0.0,21.5,43.2,16.32,Toliara,-23.35,43.667,8.0
2013-07-07,25.4,15.5,20.0,0.0,22.7,45.0,16.21,Toliara,-23.35,43.667,8.0
2013-07-08,26.5,16.1,20.7,0.0,23.3,45.7,16.14,Toliara,-23.35,43.667,8.0
2013-07-09,26.8,16.7,21.2,0.0,19.9,34.6,16.32,Toliara,-23.35,43.667,8.0
2013-07-10,25.7,16.6,20.9,0.0,21.7,38.5,16.36,Toliara,-23.35,43.667,8.0
2013-07-11,25.5,16.4,20.5,0.0,21.9,42.5,16.46,Toliara,-23.35,43.667,8.0
2013-07-12,26.7,15.9,20.8,0.0,22.1,40.7,16.53,Toliara,-23.35,43.667,8.0
2013-07-13,26.4,17.0,21.1,0.0,20.3,36.4,16.32,Toliara,-23.35,43.667,8.0
2013-07-14,25.9,15.6,20.6,0.0,16.8,33.5,15.77,Toliara,-23.35,43.667,8.0
2013-07-15,27.0,16.9,21.6,0.0,18.9,33.8,15.84,Toliara,-23.35,43.667,8.0
2013-07-16,28.0,18.9,22.5,0.0,18.8,35.6,16.39,Toliara,-23.35,43.667,8.0
2013-07-17,25.7,17.8,21.4,0.0,19.2,37.4,15.53,Toliara,-23.35,43.667,8.0
2013-07-18,24.2,17.7,20.4,0.0,24.5,46.1,13.57,Toliara,-23.35,43.667,8.0
2013-07-19,25.5,15.0,19.7,0.0,24.6,47.2,17.01,Toliara,-23.35,43.667,8.0
2013-07-20,25.6,16.7,20.4,0.0,17.0,33.1,16.95,Toliara,-23.35,43.667,8.0
2013-07-21,24.0,16.0,20.0,0.0,19.5,37.4,16.35,Toliara,-23.35,43.667,8.0
2013-07-22,26.5,16.5,21.0,0.0,22.7,42.8,16.71,Toliara,-23.35,43.667,8.0
2013-07-23,27.2,18.2,21.8,0.0,18.9,37.1,16.59,Toliara,-23.35,43.667,8.0
2013-07-24,28.0,16.3,21.9,0.0,16.8,29.9,16.69,Toliara,-23.35,43.667,8.0
2013-07-25,28.0,18.0,22.7,0.0,21.6,38.2,17.17,Toliara,-23.35,43.667,8.0
2013-07-26,28.1,18.7,22.9,0.0,16.2,32.8,17.3,Toliara,-23.35,43.667,8.0
2013-07-27,27.9,18.9,22.6,0.0,18.5,38.5,17.01,Toliara,-23.35,43.667,8.0
2013-07-28,28.8,17.4,22.3,0.0,16.5,36.4,17.31,Toliara,-23.35,43.667,8.0
2013-07-29,27.7,16.9,21.9,0.0,18.9,37.1,17.56,Toliara,-23.35,43.667,8.0
2013-07-30,25.2,18.3,21.2,0.0,25.4,48.6,13.73,Toliara,-23.35,43.667,8.0
2013-07-31,25.6,16.4,20.4,0.0,27.3,52.6,17.59,Toliara,-23.35,43.667,8.0
2013-08-01,26.3,15.8,20.4,0.0,25.2,47.9,18.15,Toliara,-23.35,43.667,8.0
2013-08-02,26.5,15.6,20.7,0.0,25.1,49.3,18.18,Toliara,-23.35,43.667,8.0
2013-08-03,27.8,16.5,21.9,0.0,21.2,41.0,18.4,Toliara,-23.35,43.667,8.0
2013-08-04,27.7,18.8,22.8,0.0,20.5,41.8,15.86,Toliara,-23.35,43.667,8.0
2013-08-05,27.9,18.5,22.7,0.0,21.5,41.8,15.71,Toliara,-23.35,43.667,8.0
2013-08-06,28.2,18.8,22.6,0.0,19.1,36.4,16.16,Toliara,-23.35,43.667,8.0
2013-08-07,27.6,19.6,22.8,0.2,14.0,31.0,16.92,Toliara,-23.35,43.667,8.0
2013-08-08,28.8,18.2,23.2,0.0,13.6,25.2,17.08,Toliara,-23.35,43.667,8.0
2013-08-09,29.1,20.3,23.9,0.0,15.5,31.3,15.38,Toliara,-23.35,43.667,8.0
2013-08-10,28.5,19.0,23.7,0.0,14.7,33.1,17.07,Toliara,-23.35,43.667,8.0
2013-08-11,29.2,19.6,23.7,0.0,19.1,35.6,19.2,Toliara,-23.35,43.667,8.0
2013-08-12,29.9,18.3,23.6,0.0,15.6,30.6,19.26,Toliara,-23.35,43.667,8.0
2013-08-13,28.3,16.4,22.5,0.0,16.0,33.5,19.28,Toliara,-23.35,43.667,8.0
2013-08-14,29.7,15.7,21.9,0.0,16.2,34.6,19.83,Toliara,-23.35,43.667,8.0
2013-08-15,30.6,15.8,22.8,0.0,14.7,29.9,19.94,Toliara,-23.35,43.667,8.0
2013-08-16,29.2,18.1,23.2,0.0,15.9,34.6,19.97,Toliara,-23.35,43.667,8.0
2013-08-17,28.6,16.6,22.1,0.0,14.5,31.3,19.75,Toliara,-23.35,43.667,8.0
2013-08-18,30.3,16.5,22.8,0.0,16.2,36.4,20.16,Toliara,-23.35,43.667,8.0
2013-08-19,27.4,17.6,22.3,0.0,27.3,50.8,18.76,Toliara,-23.35,43.667,8.0
2013-08-20,26.8,16.6,21.1,0.0,25.9,50.8,20.71,Toliara,-23.35,43.667,8.0
2013-08-21,27.6,16.7,21.3,0.0,23.0,42.5,21.05,Toliara,-23.35,43.667,8.0
2013-08-22,27.2,16.9,21.8,0.0,16.1,36.0,20.4,Toliara,-23.35,43.667,8.0
2013-08-23,27.3,17.6,22.1,0.0,20.9,40.7,20.09,Toliara,-23.35,43.667,8.0
2013-08-24,28.4,18.1,22.3,0.0,18.8,37.8,20.56,Toliara,-23.35,43.667,8.0
2013-08-25,26.6,17.6,21.5,0.0,27.7,51.5,19.75,Toliara,-23.35,43.667,8.0
2013-08-26,28.9,15.9,22.0,0.0,25.9,50.4,21.45,Toliara,-23.35,43.667,8.0
2013-08-27,29.4,17.8,22.9,0.0,22.1,40.7,21.97,Toliara,-23.35,43.667,8.0
2013-08-28,28.7,17.9,22.5,0.0,19.2,38.5,21.96,Toliara,-23.35,43.667,8.0
2013-08-29,29.3,17.3,22.7,0.0,16.6,35.3,21.75,Toliara,-23.35,43.667,8.0
2013-08-30,29.8,17.1,23.1,0.0,16.3,33.5,21.56,Toliara,-23.35,43.667,8.0
2013-08-31,31.0,18.7,24.5,0.0,18.2,40.0,21.19,Toliara,-23.35,43.667,8.0
2013-09-01,30.4,20.1,24.1,0.0,20.8,43.2,21.23,Toliara,-23.35,43.667,8.0
2013-09-02,28.0,19.5,23.2,0.0,25.4,43.9,19.97,Toliara,-23.35,43.667,8.0
2013-09-03,29.3,18.2,23.5,0.0,23.5,45.4,20.99,Toliara,-23.35,43.667,8.0
2013-09-04,27.4,20.7,23.8,0.0,19.1,37.8,20.85,Toliara,-23.35,43.667,8.0
2013-09-05,28.7,19.9,23.5,0.0,26.7,46.1,21.81,Toliara,-23.35,43.667,8.0
2013-09-06,28.9,18.1,22.7,0.0,25.0,49.0,22.93,Toliara,-23.35,43.667,8.0
2013-09-07,29.7,17.7,23.3,0.0,20.0,37.1,23.41,Toliara,-23.35,43.667,8.0
2013-09-08,28.9,18.5,23.2,0.0,18.5,39.6,23.13,Toliara,-23.35,43.667,8.0
2013-09-09,29.0,15.8,22.4,0.0,16.7,36.4,23.45,Toliara,-23.35,43.667,8.0
2013-09-10,31.2,18.1,24.3,0.0,18.8,35.6,23.53,Toliara,-23.35,43.667,8.0
2013-09-11,32.5,20.4,26.0,0.0,18.2,38.5,23.49,Toliara,-23.35,43.667,8.0
2013-09-12,32.2,21.2,26.4,0.0,19.3,40.3,22.88,Toliara,-23.35,43.667,8.0
2013-09-13,32.4,21.7,25.8,0.0,17.2,38.5,23.85,Toliara,-23.35,43.667,8.0
2013-09-14,29.4,18.4,23.6,0.0,17.8,39.2,23.73,Toliara,-23.35,43.667,8.0
2013-09-15,31.9,19.0,24.2,0.0,20.7,44.6,23.74,Toliara,-23.35,43.667,8.0
2013-09-16,30.2,18.4,24.0,0.0,17.4,40.0,23.62,Toliara,-23.35,43.667,8.0
2013-09-17,31.1,20.2,24.9,0.0,17.4,38.2,24.25,Toliara,-23.35,43.667,8.0
2013-09-18,31.3,18.9,24.4,0.0,18.1,39.2,24.34,Toliara,-23.35,43.667,8.0
2013-09-19,29.7,18.6,23.7,0.0,17.4,38.9,24.59,Toliara,-23.35,43.667,8.0
2013-09-20,31.4,20.9,25.3,0.0,17.1,37.8,23.33,Toliara,-23.35,43.667,8.0
2013-09-21,31.5,21.5,25.7,0.0,17.9,38.9,20.58,Toliara,-23.35,43.667,8.0
2013-09-22,32.6,21.3,26.6,0.0,20.8,38.2,24.77,Toliara,-23.35,43.667,8.0
2013-09-23,30.8,20.6,25.1,0.0,19.6,41.4,25.4,Toliara,-23.35,43.667,8.0
2013-09-24,29.0,19.9,24.0,0.0,19.9,42.8,24.89,Toliara,-23.35,43.667,8.0
2013-09-25,29.5,20.1,23.8,0.0,18.4,39.6,24.51,Toliara,-23.35,43.667,8.0
2013-09-26,29.6,19.8,24.2,0.0,17.8,35.3,25.15,Toliara,-23.35,43.667,8.0
2013-09-27,33.3,20.7,25.7,0.0,16.8,36.7,25.49,Toliara,-23.35,43.667,8.0
2013-09-28,33.6,20.7,26.4,0.0,20.5,42.5,25.15,Toliara,-23.35,43.667,8.0
2013-09-29,30.0,22.5,25.8,0.0,21.7,42.8,22.97,Toliara,-23.35,43.667,8.0
2013-09-30,26.7,19.7,23.0,0.0,31.4,56.9,14.96,Toliara,-23.35,43.667,8.0
2013-10-01,29.1,18.3,22.6,0.7,30.4,58.0,18.51,Toliara,-23.35,43.667,8.0
2013-10-02,26.0,17.9,21.9,4.6,15.5,32.0,16.85,Toliara,-23.35,43.667,8.0
2013-10-03,28.7,19.8,23.7,1.6,14.1,32.0,15.68,Toliara,-23.35,43.667,8.0
2013-10-04,27.3,21.6,23.8,0.4,12.5,25.2,14.51,Toliara,-23.35,43.667,8.0
2013-10-05,31.7,20.4,25.1,0.0,18.5,37.4,25.88,Toliara,-23.35,43.667,8.0
2013-10-06,30.8,20.5,25.0,0.0,20.3,43.2,25.81,Toliara,-23.35,43.667,8.0
2013-10-07,30.3,20.6,24.6,0.0,21.8,44.6,24.84,Toliara,-23.35,43.667,8.0
2013-10-08,28.3,20.9,24.4,0.0,21.1,41.0,24.19,Toliara,-23.35,43.667,8.0
2013-10-09,30.7,20.8,24.9,0.0,19.8,44.6,25.3,Toliara,-23.35,43.667,8.0
2013-10-10,29.7,19.7,24.7,0.4,15.8,37.8,25.2,Toliara,-23.35,43.667,8.0
2013-10-11,31.2,21.0,25.2,0.0,20.7,43.6,24.45,Toliara,-23.35,43.667,8.0
2013-10-12,31.2,21.0,25.3,0.0,21.3,45.7,27.12,Toliara,-23.35,43.667,8.0
2013-10-13,33.6,22.7,28.0,0.0,22.8,48.2,27.27,Toliara,-23.35,43.667,8.0
2013-10-14,29.5,22.3,25.9,0.7,22.3,41.0,23.93,Toliara,-23.35,43.667,8.0
2013-10-15,29.9,20.8,24.9,0.1,26.9,54.7,26.62,Toliara,-23.35,43.667,8.0
2013-10-16,30.6,18.4,24.6,0.0,24.4,44.3,28.28,Toliara,-23.35,43.667,8.0
2013-10-17,31.1,20.2,25.1,0.0,21.4,44.3,28.46,Toliara,-23.35,43.667,8.0
2013-10-18,30.7,19.9,24.8,0.0,22.4,46.8,26.94,Toliara,-23.35,43.667,8.0
2013-10-19,27.9,20.6,23.7,0.0,19.0,40.7,27.7,Toliara,-23.35,43.667,8.0
2013-10-20,32.0,20.7,25.9,0.0,22.9,40.0,27.98,Toliara,-23.35,43.667,8.0
2013-10-21,33.0,22.4,26.6,0.0,24.8,46.4,27.45,Toliara,-23.35,43.667,8.0
2013-10-22,30.6,22.4,25.9,0.0,19.9,40.7,26.66,Toliara,-23.35,43.667,8.0
2013-10-23,30.0,22.1,25.4,0.0,27.1,51.1,27.19,Toliara,-23.35,43.667,8.0
2013-10-24,31.3,21.3,25.9,0.0,27.5,51.8,26.82,Toliara,-23.35,43.667,8.0
2013-10-25,32.3,21.4,26.0,0.0,22.8,43.6,25.53,Toliara,-23.35,43.667,8.0
2013-10-26,30.6,22.7,25.6,0.0,21.7,44.3,25.83,Toliara,-23.35,43.667,8.0
2013-10-27,29.3,21.5,24.7,0.0,18.8,42.1,28.44,Toliara,-23.35,43.667,8.0
2013-10-28,30.3,21.1,24.5,4.3,16.1,41.4,22.47,Toliara,-23.35,43.667,8.0
2013-10-29,30.8,21.9,25.2,5.7,14.6,34.6,23.73,Toliara,-23.35,43.667,8.0
2013-10-30,30.9,22.8,26.0,0.7,16.1,34.9,25.46,Toliara,-23.35,43.667,8.0
2013-10-31,32.7,23.3,27.4,0.0,15.0,31.0,24.81,Toliara,-23.35,43.667,8.0
2013-11-01,34.1,23.4,28.2,0.0,16.9,38.5,27.46,Toliara,-23.35,43.667,8.0
2013-11-02,33.5,24.3,27.4,1.1,24.1,52.2,26.05,Toliara,-23.35,43.667,8.0
2013-11-03,30.1,23.2,25.8,0.7,23.3,47.5,26.22,Toliara,-23.35,43.667,8.0
2013-11-04,30.4,22.3,25.9,0.0,23.1,43.2,28.78,Toliara,-23.35,43.667,8.0
2013-11-05,33.1,21.2,26.8,0.0,19.1,38.2,29.44,Toliara,-23.35,43.667,8.0
2013-11-06,32.6,22.5,27.1,0.0,17.8,40.3,28.08,Toliara,-23.35,43.667,8.0
2013-11-07,35.3,21.7,27.5,0.0,22.0,45.0,27.09,Toliara,-23.35,43.667,8.0
2013-11-08,32.4,23.8,27.6,0.0,18.8,41.0,27.17,Toliara,-23.35,43.667,8.0
2013-11-09,32.2,22.9,27.1,0.0,20.9,43.2,28.09,Toliara,-23.35,43.667,8.0
2013-11-10,32.6,23.1,27.1,0.0,24.3,46.8,29.47,Toliara,-23.35,43.667,8.0
2013-11-11,31.6,21.8,26.0,0.0,30.1,56.9,29.97,Toliara,-23.35,43.667,8.0
2013-11-12,30.8,21.2,25.3,0.0,25.6,50.4,30.17,Toliara,-23.35,43.667,8.0
2013-11-13,30.8,20.9,25.8,0.0,23.1,45.7,30.45,Toliara,-23.35,43.667,8.0
2013-11-14,34.4,22.2,27.9,0.0,21.7,45.0,30.69,Toliara,-23.35,43.667,8.0
2013-11-15,34.5,24.5,29.1,0.0,20.1,42.1,27.66,Toliara,-23.35,43.667,8.0
2013-11-16,33.8,22.4,27.6,0.0,20.1,44.3,30.24,Toliara,-23.35,43.667,8.0
2013-11-17,34.0,21.4,27.3,0.0,19.7,41.0,31.32,Toliara,-23.35,43.667,8.0
2013-11-18,32.9,21.8,26.8,0.0,18.0,38.2,31.11,Toliara,-23.35,43.667,8.0
2013-11-19,32.0,21.0,26.6,0.0,19.1,42.5,30.68,Toliara,-23.35,43.667,8.0
2013-11-20,32.1,22.9,26.9,0.0,19.5,41.0,28.86,Toliara,-23.35,43.667,8.0
2013-11-21,31.9,21.8,26.9,0.0,18.8,42.5,29.93,Toliara,-23.35,43.667,8.0
2013-11-22,33.2,23.4,27.9,0.0,29.3,58.0,28.39,Toliara,-23.35,43.667,8.0
2013-11-23,33.1,24.5,28.6,0.5,22.1,41.0,28.16,Toliara,-23.35,43.667,8.0
2013-11-24,30.8,24.9,27.5,0.5,28.8,54.4,24.8,Toliara,-23.35,43.667,8.0
2013-11-25,31.2,22.7,26.8,0.8,21.5,41.8,23.66,Toliara,-23.35,43.667,8.0
2013-11-26,31.6,24.1,26.8,5.8,17.2,32.0,24.21,Toliara,-23.35,43.667,8.0
2013-11-27,30.2,23.0,26.3,2.0,15.7,37.8,25.66,Toliara,-23.35,43.667,8.0
2013-11-28,31.2,22.1,26.6,0.0,17.9,40.7,28.81,Toliara,-23.35,43.667,8.0
2013-11-29,32.6,23.9,27.8,0.5,18.9,42.5,28.68,Toliara,-23.35,43.667,8.0
2013-11-30,31.0,23.6,26.7,0.6,22.6,52.9,28.31,Toliara,-23.35,43.667,8.0
2013-12-01,30.2,22.1,26.0,0.8,20.0,44.6,28.63,Toliara,-23.35,43.667,8.0
2013-12-02,32.4,22.5,27.1,0.0,27.6,52.9,30.65,Toliara,-23.35,43.667,8.0
2013-12-03,33.5,21.9,27.7,0.0,30.3,53.3,30.3,Toliara,-23.35,43.667,8.0
2013-12-04,34.3,24.2,28.4,0.0,21.7,43.9,29.8,Toliara,-23.35,43.667,8.0
2013-12-05,32.0,25.0,27.3,4.9,21.2,42.8,26.28,Toliara,-23.35,43.667,8.0
2013-12-06,29.1,23.8,26.3,2.3,17.5,38.9,23.52,Toliara,-23.35,43.667,8.0
2013-12-07,30.0,22.8,25.7,0.0,28.3,55.4,27.12,Toliara,-23.35,43.667,8.0
2013-12-08,31.2,21.0,26.2,0.0,23.3,40.7,28.52,Toliara,-23.35,43.667,8.0
2013-12-09,31.2,22.4,27.0,0.1,19.9,40.3,26.85,Toliara,-23.35,43.667,8.0
2013-12-10,31.5,24.8,27.9,0.5,16.4,36.7,26.78,Toliara,-23.35,43.667,8.0
2013-12-11,32.6,24.1,27.5,0.0,22.8,49.0,30.78,Toliara,-23.35,43.667,8.0
2013-12-12,31.7,23.6,27.2,0.0,24.4,51.5,30.61,Toliara,-23.35,43.667,8.0
2013-12-13,31.3,23.4,26.9,0.0,22.4,44.3,30.85,Toliara,-23.35,43.667,8.0
2013-12-14,31.5,22.7,26.7,0.0,21.1,46.8,30.19,Toliara,-23.35,43.667,8.0
2013-12-15,33.3,23.6,27.4,0.0,22.0,45.4,30.91,Toliara,-23.35,43.667,8.0
2013-12-16,34.7,24.1,28.7,0.0,19.7,41.0,29.85,Toliara,-23.35,43.667,8.0
2013-12-17,33.4,23.9,28.6,0.0,20.4,44.3,27.76,Toliara,-23.35,43.667,8.0
2013-12-18,33.3,25.3,29.0,0.0,26.9,48.2,27.49,Toliara,-23.35,43.667,8.0
2013-12-19,32.6,25.3,28.6,0.0,28.2,53.6,27.04,Toliara,-23.35,43.667,8.0
2013-12-20,33.8,24.1,28.7,0.0,24.5,48.6,27.5,Toliara,-23.35,43.667,8.0
2013-12-21,34.9,25.4,29.9,0.0,19.1,39.6,27.61,Toliara,-23.35,43.667,8.0
2013-12-22,34.8,25.5,29.7,0.0,22.5,46.1,30.61,Toliara,-23.35,43.667,8.0
2013-12-23,34.2,24.5,28.7,0.0,21.5,46.1,31.21,Toliara,-23.35,43.667,8.0
2013-12-24,33.8,24.7,28.5,0.0,19.8,42.1,32.31,Toliara,-23.35,43.667,8.0
2013-12-25,33.0,23.3,28.3,0.0,20.4,41.8,29.93,Toliara,-23.35,43.667,8.0
2013-12-26,35.0,23.6,29.3,0.0,26.7,54.0,29.74,Toliara,-23.35,43.667,8.0
2013-12-27,33.7,24.5,29.4,0.0,17.3,38.5,26.44,Toliara,-23.35,43.667,8.0
2013-12-28,33.6,25.6,29.1,1.3,16.5,39.2,27.18,Toliara,-23.35,43.667,8.0
2013-12-29,33.5,25.3,29.1,0.0,18.6,43.2,24.66,Toliara,-23.35,43.667,8.0
2013-12-30,34.5,25.4,29.3,0.4,14.4,36.4,27.18,Toliara,-23.35,43.667,8.0
2013-12-31,33.3,25.9,28.6,0.3,17.0,38.5,22.88,Toliara,-23.35,43.667,8.0
2014-01-01,32.1,24.6,27.8,0.2,21.2,40.7,26.91,Toliara,-23.35,43.667,8.0
2014-01-02,32.2,25.1,28.1,0.0,19.7,43.6,28.0,Toliara,-23.35,43.667,8.0
2014-01-03,32.3,24.4,28.4,0.2,17.9,37.4,28.07,Toliara,-23.35,43.667,8.0
2014-01-04,33.0,24.3,27.8,22.2,14.8,35.6,25.33,Toliara,-23.35,43.667,8.0
2014-01-05,31.3,25.1,27.5,3.4,9.9,31.3,25.15,Toliara,-23.35,43.667,8.0
2014-01-06,30.6,25.4,27.5,5.8,19.8,41.8,22.43,Toliara,-23.35,43.667,8.0
2014-01-07,27.1,23.6,25.5,124.9,21.2,49.0,8.81,Toliara,-23.35,43.667,8.0
2014-01-08,25.6,23.6,24.7,29.1,18.3,34.9,6.96,Toliara,-23.35,43.667,8.0
2014-01-09,25.2,24.2,24.8,63.5,39.3,77.4,3.71,Toliara,-23.35,43.667,8.0
2014-01-10,28.2,23.9,25.9,3.4,19.0,39.2,24.31,Toliara,-23.35,43.667,8.0
2014-01-11,28.9,24.3,26.5,0.7,13.0,31.3,25.78,Toliara,-23.35,43.667,8.0
2014-01-12,31.1,24.8,27.3,11.2,13.6,25.6,25.06,Toliara,-23.35,43.667,8.0
2014-01-13,30.4,24.7,27.1,20.7,9.0,24.1,20.21,Toliara,-23.35,43.667,8.0
2014-01-14,29.1,24.3,26.4,11.0,21.3,38.5,21.38,Toliara,-23.35,43.667,8.0
2014-01-15,31.5,23.3,26.9,2.6,21.0,40.0,24.99,Toliara,-23.35,43.667,8.0
2014-01-16,27.6,24.4,26.0,17.4,22.3,42.8,6.65,Toliara,-23.35,43.667,8.0
2014-01-17,28.2,24.2,26.0,21.3,24.9,52.2,12.45,Toliara,-23.35,43.667,8.0
2014-01-18,29.5,25.2,26.9,1.0,26.6,52.9,24.05,Toliara,-23.35,43.667,8.0
2014-01-19,30.2,25.2,27.2,2.1,18.8,37.4,24.1,Toliara,-23.35,43.667,8.0
2014-01-20,29.4,24.7,27.1,5.5,10.1,20.2,20.44,Toliara,-23.35,43.667,8.0
2014-01-21,30.7,25.6,27.6,9.1,11.4,29.9,23.33,Toliara,-23.35,43.667,8.0
2014-01-22,30.3,25.1,27.2,9.2,9.7,23.8,23.68,Toliara,-23.35,43.667,8.0
2014-01-23,30.0,24.8,26.8,37.3,12.9,27.0,21.92,Toliara,-23.35,43.667,8.0
2014-01-24,29.5,25.0,26.7,9.1,10.2,23.0,19.16,Toliara,-23.35,43.667,8.0
2014-01-25,29.6,24.4,26.9,3.7,11.3,28.1,25.31,Toliara,-23.35,43.667,8.0
2014-01-26,30.7,24.5,27.3,4.5,9.7,25.2,26.42,Toliara,-23.35,43.667,8.0
2014-01-27,31.2,25.0,27.9,1.7,12.5,28.4,26.45,Toliara,-23.35,43.667,8.0
2014-01-28,31.2,25.1,27.4,10.3,12.3,25.2,25.98,Toliara,-23.35,43.667,8.0
2014-01-29,29.1,24.7,26.4,12.5,17.2,30.6,22.33,Toliara,-23.35,43.667,8.0
2014-01-30,29.4,24.1,26.6,2.9,11.3,26.3,24.66,Toliara,-23.35,43.667,8.0
2014-01-31,28.8,24.3,26.3,3.4,12.7,31.0,22.5,Toliara,-23.35,43.667,8.0
2014-02-01,29.7,24.0,26.7,2.2,16.1,33.1,24.66,Toliara,-23.35,43.667,8.0
2014-02-02,29.2,24.7,26.5,2.5,13.6,32.0,24.19,Toliara,-23.35,43.667,8.0
2014-02-03,29.6,24.1,26.9,0.9,15.9,34.2,25.88,Toliara,-23.35,43.667,8.0
2014-02-04,29.9,24.6,27.0,0.3,18.0,34.2,27.05,Toliara,-23.35,43.667,8.0
2014-02-05,30.2,23.4,26.9,0.0,14.4,27.4,28.1,Toliara,-23.35,43.667,8.0
2014-02-06,30.7,23.2,27.0,0.0,18.6,36.7,28.59,Toliara,-23.35,43.667,8.0
2014-02-07,30.6,24.0,27.3,0.1,18.6,34.9,25.68,Toliara,-23.35,43.667,8.0
2014-02-08,29.7,23.4,26.8,0.6,15.3,28.8,26.45,Toliara,-23.35,43.667,8.0
2014-02-09,29.8,24.8,27.4,0.6,12.6,28.4,24.11,Toliara,-23.35,43.667,8.0
2014-02-10,30.9,25.0,27.4,14.8,13.5,27.7,20.65,Toliara,-23.35,43.667,8.0
2014-02-11,31.1,25.6,27.6,12.0,12.3,26.6,17.55,Toliara,-23.35,43.667,8.0
2014-02-12,31.2,25.1,27.9,0.0,12.6,25.2,18.88,Toliara,-23.35,43.667,8.0
2014-02-13,32.0,24.2,28.0,0.0,21.7,39.2,29.95,Toliara,-23.35,43.667,8.0
2014-02-14,32.0,23.1,27.5,0.0,21.3,38.5,29.1,Toliara,-23.35,43.667,8.0
2014-02-15,31.9,24.3,27.8,0.0,20.5,37.1,28.74,Toliara,-23.35,43.667,8.0
2014-02-16,31.9,23.1,27.3,0.0,18.1,31.7,28.08,Toliara,-23.35,43.667,8.0
2014-02-17,31.8,23.9,27.7,0.0,14.8,27.0,25.36,Toliara,-23.35,43.667,8.0
2014-02-18,31.6,24.9,27.4,1.4,17.7,31.3,20.87,Toliara,-23.35,43.667,8.0
2014-02-19,32.1,24.6,27.6,1.6,17.1,34.6,16.2,Toliara,-23.35,43.667,8.0
2014-02-20,31.6,26.7,28.6,0.0,28.5,60.1,22.38,Toliara,-23.35,43.667,8.0
2014-02-21,30.4,24.9,27.4,4.2,10.5,28.1,20.74,Toliara,-23.35,43.667,8.0
2014-02-22,31.3,25.4,28.1,2.6,10.7,27.4,22.72,Toliara,-23.35,43.667,8.0
2014-02-23,31.7,26.0,28.3,0.9,11.8,26.6,24.89,Toliara,-23.35,43.667,8.0
2014-02-24,32.1,25.1,28.3,0.0,16.5,30.6,26.34,Toliara,-23.35,43.667,8.0
2014-02-25,31.7,24.7,27.5,15.2,12.1,29.9,24.56,Toliara,-23.35,43.667,8.0
2014-02-26,28.9,24.5,25.8,29.6,13.5,28.8,14.76,Toliara,-23.35,43.667,8.0
2014-02-27,27.7,23.9,25.4,8.6,14.8,33.1,18.93,Toliara,-23.35,43.667,8.0
2014-02-28,28.6,23.1,25.8,2.5,12.2,29.5,23.9,Toliara,-23.35,43.667,8.0
2014-03-01,30.0,23.9,26.8,0.2,12.3,26.3,25.43,Toliara,-23.35,43.667,8.0
2014-03-02,31.3,24.4,27.1,5.4,10.4,22.7,23.73,Toliara,-23.35,43.667,8.0
2014-03-03,32.3,25.4,28.2,1.6,13.7,24.8,26.23,Toliara,-23.35,43.667,8.0
2014-03-04,32.0,25.7,28.4,0.1,9.9,22.3,26.31,Toliara,-23.35,43.667,8.0
2014-03-05,31.1,25.2,27.9,0.0,11.4,24.1,25.24,Toliara,-23.35,43.667,8.0
2014-03-06,32.2,25.5,28.2,0.0,15.3,32.0,25.43,Toliara,-23.35,43.667,8.0
2014-03-07,31.9,25.7,28.2,1.9,11.8,26.3,22.53,Toliara,-23.35,43.667,8.0
2014-03-08,32.3,25.2,28.4,0.6,13.0,27.7,23.86,Toliara,-23.35,43.667,8.0
2014-03-09,32.4,26.1,28.8,0.0,12.8,28.8,26.13,Toliara,-23.35,43.667,8.0
2014-03-10,32.0,25.3,28.4,0.5,11.9,26.6,23.84,Toliara,-23.35,43.667,8.0
2014-03-11,33.0,24.6,28.5,0.0,14.5,28.4,25.37,Toliara,-23.35,43.667,8.0
2014-03-12,32.5,24.9,28.5,0.1,13.6,27.4,24.34,Toliara,-23.35,43.667,8.0
2014-03-13,31.9,25.4,28.6,0.1,20.3,38.9,20.82,Toliara,-23.35,43.667,8.0
2014-03-14,33.4,25.3,29.2,0.0,20.6,40.3,23.68,Toliara,-23.35,43.667,8.0
2014-03-15,32.7,26.3,28.9,0.4,13.6,28.8,22.99,Toliara,-23.35,43.667,8.0
2014-03-16,30.9,24.6,27.9,0.5,17.1,33.5,23.06,Toliara,-23.35,43.667,8.0
2014-03-17,31.0,24.7,27.5,0.0,21.9,39.6,23.53,Toliara,-23.35,43.667,8.0
2014-03-18,32.1,23.2,27.4,0.0,21.7,38.9,25.38,Toliara,-23.35,43.667,8.0
2014-03-19,31.4,23.5,27.3,0.0,18.8,35.6,23.71,Toliara,-23.35,43.667,8.0
2014-03-20,31.1,24.3,27.2,0.5,14.9,32.4,23.04,Toliara,-23.35,43.667,8.0
2014-03-21,33.0,24.1,28.6,0.0,21.5,38.9,23.58,Toliara,-23.35,43.667,8.0
2014-03-22,33.3,25.5,29.4,0.0,20.2,38.5,22.82,Toliara,-23.35,43.667,8.0
2014-03-23,34.3,24.2,29.3,0.0,22.3,43.6,25.42,Toliara,-23.35,43.667,8.0
2014-03-24,34.0,24.4,29.2,0.0,24.0,47.5,25.43,Toliara,-23.35,43.667,8.0
2014-03-25,33.5,23.1,28.1,0.0,24.3,47.5,25.44,Toliara,-23.35,43.667,8.0
2014-03-26,32.8,22.6,27.5,0.0,20.9,38.9,25.37,Toliara,-23.35,43.667,8.0
2014-03-27,32.8,23.8,27.6,0.0,17.9,36.7,24.71,Toliara,-23.35,43.667,8.0
2014-03-28,33.4,23.0,27.8,0.0,21.8,37.8,24.9,Toliara,-23.35,43.667,8.0
2014-03-29,32.9,22.5,27.4,0.0,21.6,38.5,24.72,Toliara,-23.35,43.667,8.0
2014-03-30,32.6,23.5,27.5,0.0,18.9,36.7,23.79,Toliara,-23.35,43.667,8.0
2014-03-31,32.8,23.7,27.7,0.0,16.1,33.1,23.31,Toliara,-23.35,43.667,8.0
2014-04-01,32.4,24.3,27.6,0.0,16.7,36.7,21.72,Toliara,-23.35,43.667,8.0
2014-04-02,31.4,24.2,27.5,1.6,11.7,29.5,18.4,Toliara,-23.35,43.667,8.0
2014-04-03,32.8,25.1,28.0,3.0,16.3,36.4,21.01,Toliara,-23.35,43.667,8.0
2014-04-04,33.4,24.2,28.1,0.0,18.9,37.4,22.25,Toliara,-23.35,43.667,8.0
2014-04-05,30.7,24.0,27.1,0.0,20.2,38.5,21.32,Toliara,-23.35,43.667,8.0
2014-04-06,27.7,23.0,25.1,7.5,20.9,44.3,17.62,Toliara,-23.35,43.667,8.0
2014-04-07,26.7,22.4,24.3,2.9,20.3,38.5,16.53,Toliara,-23.35,43.667,8.0
2014-04-08,29.5,20.7,24.5,0.0,26.5,47.9,22.94,Toliara,-23.35,43.667,8.0
2014-04-09,30.5,20.6,25.0,0.0,28.1,51.5,22.3,Toliara,-23.35,43.667,8.0
2014-04-10,30.5,20.9,25.3,0.0,26.6,49.3,21.19,Toliara,-23.35,43.667,8.0
2014-04-11,31.4,20.5,25.7,0.0,23.8,46.4,22.43,Toliara,-23.35,43.667,8.0
2014-04-12,30.9,22.0,26.1,0.0,23.5,44.6,18.74,Toliara,-23.35,43.667,8.0
2014-04-13,31.8,21.9,26.8,0.0,24.5,44.6,20.75,Toliara,-23.35,43.667,8.0
2014-04-14,31.6,23.0,26.8,0.0,24.1,43.9,19.37,Toliara,-23.35,43.667,8.0
2014-04-15,31.0,23.0,26.6,0.0,13.8,27.4,18.54,Toliara,-23.35,43.667,8.0
2014-04-16,31.2,21.7,26.3,0.0,18.0,37.8,19.43,Toliara,-23.35,43.667,8.0
2014-04-17,30.7,21.8,25.6,0.0,19.9,39.6,19.54,Toliara,-23.35,43.667,8.0
2014-04-18,29.9,22.2,25.6,0.0,22.8,45.4,20.01,Toliara,-23.35,43.667,8.0
2014-04-19,30.0,22.7,26.1,0.0,18.4,38.2,20.45,Toliara,-23.35,43.667,8.0
2014-04-20,31.0,22.9,26.4,0.0,22.6,41.4,20.42,Toliara,-23.35,43.667,8.0
2014-04-21,30.3,22.3,25.6,0.0,19.9,40.0,20.6,Toliara,-23.35,43.667,8.0
2014-04-22,30.5,21.6,25.4,0.0,17.7,35.6,20.17,Toliara,-23.35,43.667,8.0
2014-04-23,30.7,21.6,25.5,0.0,16.8,36.7,20.0,Toliara,-23.35,43.667,8.0
2014-04-24,31.7,22.5,26.1,0.0,18.2,40.3,19.63,Toliara,-23.35,43.667,8.0
2014-04-25,32.3,22.7,26.6,0.0,16.0,32.4,15.85,Toliara,-23.35,43.667,8.0
2014-04-26,30.3,23.0,26.0,0.0,17.8,37.4,18.21,Toliara,-23.35,43.667,8.0
2014-04-27,30.3,22.6,25.7,0.1,16.9,34.2,16.9,Toliara,-23.35,43.667,8.0
2014-04-28,26.3,21.7,23.9,1.0,22.6,43.9,15.84,Toliara,-23.35,43.667,8.0
2014-04-29,25.1,21.2,22.7,2.1,18.5,38.9,15.7,Toliara,-23.35,43.667,8.0
2014-04-30,26.9,20.0,23.2,0.3,15.6,28.8,14.57,Toliara,-23.35,43.667,8.0
2014-05-01,31.5,20.3,25.3,0.0,19.2,37.8,19.63,Toliara,-23.35,43.667,8.0
2014-05-02,31.6,22.4,26.0,0.0,16.9,36.7,19.11,Toliara,-23.35,43.667,8.0
2014-05-03,32.3,20.5,26.1,0.0,16.6,31.7,19.0,Toliara,-23.35,43.667,8.0
2014-05-04,32.6,23.9,27.7,0.0,16.0,28.8,18.41,Toliara,-23.35,43.667,8.0
2014-05-05,31.8,24.1,27.2,0.0,17.8,34.6,18.21,Toliara,-23.35,43.667,8.0
2014-05-06,29.4,22.2,25.4,0.3,20.6,42.8,17.21,Toliara,-23.35,43.667,8.0
2014-05-07,29.3,22.4,25.1,0.1,15.9,30.6,15.98,Toliara,-23.35,43.667,8.0
2014-05-08,29.5,21.8,25.2,0.3,12.3,25.9,15.22,Toliara,-23.35,43.667,8.0
2014-05-09,30.8,21.5,25.1,0.0,14.5,31.0,15.85,Toliara,-23.35,43.667,8.0
2014-05-10,29.6,21.2,24.7,0.0,14.7,33.5,16.1,Toliara,-23.35,43.667,8.0
2014-05-11,29.6,21.8,24.8,0.4,17.0,34.6,16.43,Toliara,-23.35,43.667,8.0
2014-05-12,26.3,21.8,23.7,0.2,17.3,38.5,15.01,Toliara,-23.35,43.667,8.0
2014-05-13,23.0,20.8,22.0,11.6,28.5,58.0,10.76,Toliara,-23.35,43.667,8.0
2014-05-14,24.4,18.4,21.2,0.0,19.2,39.2,16.56,Toliara,-23.35,43.667,8.0
2014-05-15,24.1,16.6,20.1,0.0,17.3,32.0,18.42,Toliara,-23.35,43.667,8.0
2014-05-16,25.6,16.1,21.4,0.0,12.5,24.1,18.05,Toliara,-23.35,43.667,8.0
2014-05-17,26.6,17.7,21.7,0.0,14.5,29.5,17.92,Toliara,-23.35,43.667,8.0
2014-05-18,25.8,18.4,21.6,0.1,22.1,42.1,13.82,Toliara,-23.35,43.667,8.0
2014-05-19,26.0,18.3,21.6,0.0,22.8,46.1,17.84,Toliara,-23.35,43.667,8.0
2014-05-20,28.1,17.4,22.1,0.0,21.4,41.4,17.78,Toliara,-23.35,43.667,8.0
2014-05-21,27.1,18.2,22.3,0.0,18.0,38.5,16.91,Toliara,-23.35,43.667,8.0
2014-05-22,25.5,19.0,22.3,0.0,20.4,36.0,12.31,Toliara,-23.35,43.667,8.0
2014-05-23,28.1,19.4,23.1,0.0,25.3,49.0,14.62,Toliara,-23.35,43.667,8.0
2014-05-24,28.6,19.0,23.2,0.0,18.8,38.2,15.13,Toliara,-23.35,43.667,8.0
2014-05-25,28.1,18.4,22.8,0.0,14.2,26.3,17.07,Toliara,-23.35,43.667,8.0
2014-05-26,26.3,17.3,21.9,0.0,13.7,31.3,16.19,Toliara,-23.35,43.667,8.0
2014-05-27,25.2,18.6,21.7,0.0,14.0,29.5,12.5,Toliara,-23.35,43.667,8.0
2014-05-28,27.6,18.9,22.5,0.0,16.5,34.2,16.62,Toliara,-23.35,43.667,8.0
2014-05-29,29.2,19.4,23.2,0.0,15.3,33.8,16.77,Toliara,-23.35,43.667,8.0
2014-05-30,29.4,18.3,23.1,0.0,13.4,28.8,16.52,Toliara,-23.35,43.667,8.0
2014-05-31,28.6,18.5,23.2,0.0,17.1,32.4,16.42,Toliara,-23.35,43.667,8.0
2014-06-01,29.5,19.6,23.6,0.0,15.9,29.2,16.43,Toliara,-23.35,43.667,8.0
2014-06-02,27.2,17.0,21.8,0.0,13.9,31.0,16.29,Toliara,-23.35,43.667,8.0
2014-06-03,28.6,18.2,22.5,0.0,16.6,33.8,16.09,Toliara,-23.35,43.667,8.0
2014-06-04,30.8,19.2,23.8,0.0,13.0,25.6,16.16,Toliara,-23.35,43.667,8.0
2014-06-05,30.5,18.3,23.9,0.0,12.3,26.3,15.96,Toliara,-23.35,43.667,8.0
2014-06-06,29.8,19.5,24.4,0.0,18.2,36.0,15.83,Toliara,-23.35,43.667,8.0
2014-06-07,23.0,20.0,22.0,1.5,23.8,46.8,7.68,Toliara,-23.35,43.667,8.0
2014-06-08,28.0,18.6,22.5,0.0,26.3,51.1,15.61,Toliara,-23.35,43.667,8.0
2014-06-09,30.1,19.1,24.1,0.0,20.2,36.7,15.84,Toliara,-23.35,43.667,8.0
2014-06-10,29.0,19.5,23.6,0.0,15.5,27.7,15.97,Toliara,-23.35,43.667,8.0
2014-06-11,27.4,18.0,22.2,0.0,20.5,40.0,16.1,Toliara,-23.35,43.667,8.0
2014-06-12,27.6,17.6,22.1,0.0,19.9,36.0,16.17,Toliara,-23.35,43.667,8.0
2014-06-13,26.6,17.7,21.7,0.0,18.6,34.6,16.05,Toliara,-23.35,43.667,8.0
2014-06-14,28.5,16.5,21.8,0.0,14.2,30.2,15.86,Toliara,-23.35,43.667,8.0
2014-06-15,29.1,18.1,22.7,0.0,16.0,34.2,15.45,Toliara,-23.35,43.667,8.0
2014-06-16,27.8,19.1,23.1,0.0,11.5,25.6,15.71,Toliara,-23.35,43.667,8.0
2014-06-17,28.8,17.0,22.5,0.0,17.3,31.0,15.53,Toliara,-23.35,43.667,8.0
2014-06-18,28.7,20.4,23.6,0.0,15.1,28.8,14.04,Toliara,-23.35,43.667,8.0
2014-06-19,27.0,19.8,22.6,0.0,11.4,27.0,15.01,Toliara,-23.35,43.667,8.0
2014-06-20,25.3,18.2,20.9,0.6,25.2,46.1,11.28,Toliara,-23.35,43.667,8.0
2014-06-21,25.5,17.0,20.7,0.0,23.2,46.8,15.98,Toliara,-23.35,43.667,8.0
2014-06-22,26.3,17.1,21.2,0.0,22.4,45.0,15.43,Toliara,-23.35,43.667,8.0
2014-06-23,27.7,17.1,21.9,0.0,21.4,38.9,15.7,Toliara,-23.35,43.667,8.0
2014-06-24,27.2,18.7,22.2,0.0,15.6,31.7,15.58,Toliara,-23.35,43.667,8.0
2014-06-25,28.1,17.6,22.4,0.0,12.7,24.1,15.75,Toliara,-23.35,43.667,8.0
2014-06-26,27.1,16.6,21.2,0.0,13.7,31.0,15.84,Toliara,-23.35,43.667,8.0
2014-06-27,25.9,16.4,20.7,0.0,16.0,32.8,15.27,Toliara,-23.35,43.667,8.0
2014-06-28,26.8,17.1,21.5,0.0,17.2,35.3,15.72,Toliara,-23.35,43.667,8.0
2014-06-29,27.7,18.2,22.4,0.0,17.1,30.6,15.72,Toliara,-23.35,43.667,8.0
2014-06-30,26.3,18.1,22.0,0.0,14.0,29.9,15.56,Toliara,-23.35,43.667,8.0
2014-07-01,28.1,17.6,22.6,0.0,11.9,23.8,15.49,Toliara,-23.35,43.667,8.0
2014-07-02,29.7,20.3,24.2,0.0,16.9,33.8,15.31,Toliara,-23.35,43.667,8.0
2014-07-03,29.4,20.3,24.2,0.0,17.6,34.6,15.07,Toliara,-23.35,43.667,8.0
2014-07-04,29.3,20.9,24.2,0.0,19.6,38.9,15.59,Toliara,-23.35,43.667,8.0
2014-07-05,29.1,20.3,23.8,0.0,18.4,36.0,14.61,Toliara,-23.35,43.667,8.0
2014-07-06,28.8,20.1,23.7,0.0,13.2,29.2,14.84,Toliara,-23.35,43.667,8.0
2014-07-07,28.9,19.5,23.9,0.0,13.2,26.6,15.34,Toliara,-23.35,43.667,8.0
2014-07-08,25.5,19.2,22.2,3.1,19.5,42.1,13.35,Toliara,-23.35,43.667,8.0
2014-07-09,21.9,17.1,19.9,0.3,24.6,48.6,12.81,Toliara,-23.35,43.667,8.0
2014-07-10,22.6,15.0,18.6,0.0,19.3,39.6,15.62,Toliara,-23.35,43.667,8.0
2014-07-11,24.8,15.2,19.6,0.0,18.7,35.3,16.45,Toliara,-23.35,43.667,8.0
2014-07-12,26.8,16.0,20.9,0.0,19.0,33.5,16.61,Toliara,-23.35,43.667,8.0
2014-07-13,26.3,15.1,20.6,0.0,13.8,30.2,16.5,Toliara,-23.35,43.667,8.0
2014-07-14,24.9,17.0,20.4,0.0,19.7,37.1,16.21,Toliara,-23.35,43.667,8.0
2014-07-15,26.7,17.0,21.3,0.0,25.5,45.7,16.29,Toliara,-23.35,43.667,8.0
2014-07-16,27.7,17.4,22.1,0.0,23.1,43.9,15.7,Toliara,-23.35,43.667,8.0
2014-07-17,28.3,18.5,22.9,0.0,12.9,26.3,16.19,Toliara,-23.35,43.667,8.0
2014-07-18,29.1,17.1,22.3,0.0,15.1,33.1,16.35,Toliara,-23.35,43.667,8.0
2014-07-19,28.7,17.9,22.7,0.0,12.1,25.6,15.21,Toliara,-23.35,43.667,8.0
2014-07-20,28.2,18.0,22.8,0.0,18.7,35.3,16.19,Toliara,-23.35,43.667,8.0
2014-07-21,26.9,18.9,22.5,0.0,21.7,42.5,16.07,Toliara,-23.35,43.667,8.0
2014-07-22,26.8,17.7,21.7,0.0,21.9,39.2,16.2,Toliara,-23.35,43.667,8.0
2014-07-23,28.0,17.6,22.4,0.0,19.6,35.6,16.68,Toliara,-23.35,43.667,8.0
2014-07-24,27.4,19.6,22.8,0.0,17.5,36.4,16.56,Toliara,-23.35,43.667,8.0
2014-07-25,27.9,17.9,22.5,0.5,11.6,27.7,15.06,Toliara,-23.35,43.667,8.0
2014-07-26,29.5,21.0,24.3,0.8,13.5,27.0,14.49,Toliara,-23.35,43.667,8.0
2014-07-27,29.1,19.8,23.9,0.0,16.3,31.0,15.51,Toliara,-23.35,43.667,8.0
2014-07-28,27.7,20.0,23.1,0.0,22.2,41.8,16.89,Toliara,-23.35,43.667,8.0
2014-07-29,25.5,18.2,21.4,0.0,27.8,51.8,14.89,Toliara,-23.35,43.667,8.0
2014-07-30,28.1,16.0,21.4,0.0,26.6,49.7,18.29,Toliara,-23.35,43.667,8.0
2014-07-31,27.5,16.8,21.4,0.0,19.1,34.6,18.28,Toliara,-23.35,43.667,8.0
2014-08-01,25.0,16.0,20.6,0.2,15.5,33.5,15.81,Toliara,-23.35,43.667,8.0
2014-08-02,26.4,17.3,21.5,0.0,21.1,37.1,18.05,Toliara,-23.35,43.667,8.0
2014-08-03,27.6,17.9,22.2,0.0,21.3,41.4,17.99,Toliara,-23.35,43.667,8.0
2014-08-04,28.5,19.6,23.1,0.0,18.0,35.6,13.38,Toliara,-23.35,43.667,8.0
2014-08-05,27.3,19.5,22.8,0.0,14.7,32.0,14.53,Toliara,-23.35,43.667,8.0
2014-08-06,27.8,18.5,22.3,0.0,18.2,37.4,18.19,Toliara,-23.35,43.667,8.0
2014-08-07,28.9,18.1,23.1,0.0,15.5,31.3,18.45,Toliara,-23.35,43.667,8.0
2014-08-08,29.0,18.7,23.7,0.0,19.5,36.4,18.75,Toliara,-23.35,43.667,8.0
2014-08-09,29.3,19.7,24.0,0.0,19.5,38.5,17.91,Toliara,-23.35,43.667,8.0
2014-08-10,28.0,20.1,23.7,0.0,15.6,31.7,16.51,Toliara,-23.35,43.667,8.0
2014-08-11,28.9,19.5,24.4,0.0,22.3,41.0,17.14,Toliara,-23.35,43.667,8.0
2014-08-12,29.3,19.9,24.3,0.0,22.3,45.4,17.22,Toliara,-23.35,43.667,8.0
2014-08-13,28.3,20.4,23.9,0.0,16.3,31.3,16.77,Toliara,-23.35,43.667,8.0
2014-08-14,28.5,18.8,22.9,0.0,16.1,34.6,16.33,Toliara,-23.35,43.667,8.0
2014-08-15,29.1,18.7,23.6,0.0,16.0,34.6,17.69,Toliara,-23.35,43.667,8.0
2014-08-16,29.8,22.2,25.3,0.0,25.3,45.0,18.36,Toliara,-23.35,43.667,8.0
2014-08-17,29.1,19.1,23.5,0.0,26.1,50.4,19.79,Toliara,-23.35,43.667,8.0
2014-08-18,30.0,20.4,24.3,0.0,20.6,40.7,19.07,Toliara,-23.35,43.667,8.0
2014-08-19,29.1,20.9,24.0,0.0,18.5,38.5,18.4,Toliara,-23.35,43.667,8.0
2014-08-20,29.9,20.4,24.1,0.0,17.6,34.9,19.01,Toliara,-23.35,43.667,8.0
2014-08-21,30.7,20.0,24.3,0.0,17.2,37.1,19.44,Toliara,-23.35,43.667,8.0
2014-08-22,28.3,18.5,23.3,0.0,19.3,41.0,20.19,Toliara,-23.35,43.667,8.0
2014-08-23,23.6,19.2,21.4,1.7,16.2,34.9,13.23,Toliara,-23.35,43.667,8.0
2014-08-24,24.4,16.5,20.3,0.0,15.5,29.9,18.79,Toliara,-23.35,43.667,8.0
2014-08-25,23.8,16.2,20.6,0.8,26.3,53.6,16.57,Toliara,-23.35,43.667,8.0
2014-08-26,23.7,17.3,20.5,0.0,16.1,34.9,18.05,Toliara,-23.35,43.667,8.0
2014-08-27,26.7,16.5,21.0,0.0,20.7,41.8,21.7,Toliara,-23.35,43.667,8.0
2014-08-28,29.2,16.5,22.0,0.0,16.3,36.4,21.8,Toliara,-23.35,43.667,8.0
2014-08-29,30.4,18.2,23.8,0.0,20.5,42.8,20.78,Toliara,-23.35,43.667,8.0
2014-08-30,23.4,19.1,21.8,3.1,19.1,39.2,8.83,Toliara,-23.35,43.667,8.0
2014-08-31,24.6,16.8,20.6,0.0,19.4,39.6,21.32,Toliara,-23.35,43.667,8.0
2014-09-01,23.8,16.8,20.2,0.2,18.1,38.5,14.82,Toliara,-23.35,43.667,8.0
2014-09-02,26.9,17.1,21.5,0.0,26.7,47.9,21.7,Toliara,-23.35,43.667,8.0
2014-09-03,29.2,17.5,22.6,0.0,28.3,52.2,22.27,Toliara,-23.35,43.667,8.0
2014-09-04,29.6,17.9,23.5,0.0,28.0,51.5,22.54,Toliara,-23.35,43.667,8.0
2014-09-05,29.9,19.8,24.4,0.0,25.2,49.7,21.32,Toliara,-23.35,43.667,8.0
2014-09-06,29.1,19.6,23.6,0.0,22.1,41.8,20.92,Toliara,-23.35,43.667,8.0
2014-09-07,28.4,18.5,22.9,0.0,16.2,35.3,21.54,Toliara,-23.35,43.667,8.0
2014-09-08,29.6,18.0,23.6,0.0,20.0,41.0,22.74,Toliara,-23.35,43.667,8.0
2014-09-09,31.2,19.2,24.8,0.0,17.9,37.8,23.63,Toliara,-23.35,43.667,8.0
2014-09-10,30.7,20.1,24.5,0.0,18.4,37.1,24.12,Toliara,-23.35,43.667,8.0
2014-09-11,31.0,18.8,24.0,0.0,16.8,35.6,23.5,Toliara,-23.35,43.667,8.0
2014-09-12,32.6,18.7,24.9,0.0,18.4,39.2,23.98,Toliara,-23.35,43.667,8.0
2014-09-13,33.0,17.9,25.4,0.0,18.6,34.6,24.39,Toliara,-23.35,43.667,8.0
2014-09-14,32.4,20.1,25.5,0.0,17.6,36.4,24.41,Toliara,-23.35,43.667,8.0
2014-09-15,32.7,20.1,25.3,0.0,16.8,37.1,24.54,Toliara,-23.35,43.667,8.0
2014-09-16,31.0,17.4,24.1,0.0,19.1,39.6,24.09,Toliara,-23.35,43.667,8.0
2014-09-17,29.8,17.4,23.6,0.0,17.5,38.2,24.14,Toliara,-23.35,43.667,8.0
2014-09-18,29.1,20.2,24.0,0.0,18.8,39.6,23.15,Toliara,-23.35,43.667,8.0
2014-09-19,29.4,21.6,24.9,0.6,13.7,32.0,20.53,Toliara,-23.35,43.667,8.0
2014-09-20,29.1,22.1,25.0,0.0,22.8,43.2,19.85,Toliara,-23.35,43.667,8.0
2014-09-21,29.3,20.1,23.8,0.0,26.9,50.8,23.66,Toliara,-23.35,43.667,8.0
2014-09-22,29.2,19.9,23.3,0.0,29.1,53.3,22.65,Toliara,-23.35,43.667,8.0
2014-09-23,30.3,19.3,24.3,0.0,25.8,47.9,24.23,Toliara,-23.35,43.667,8.0
2014-09-24,30.9,20.7,25.4,0.0,20.7,38.5,23.42,Toliara,-23.35,43.667,8.0
2014-09-25,30.4,22.2,25.2,0.3,17.8,38.5,21.83,Toliara,-23.35,43.667,8.0
2014-09-26,29.3,21.2,24.4,0.7,18.1,38.5,22.05,Toliara,-23.35,43.667,8.0
2014-09-27,28.6,20.4,24.1,0.7,16.2,37.1,23.43,Toliara,-23.35,43.667,8.0
2014-09-28,30.4,20.8,24.7,0.0,18.6,38.9,23.84,Toliara,-23.35,43.667,8.0
2014-09-29,31.2,20.7,25.6,0.0,15.3,33.1,23.25,Toliara,-23.35,43.667,8.0
2014-09-30,33.6,22.6,27.3,0.0,17.5,36.0,23.91,Toliara,-23.35,43.667,8.0
2014-10-01,33.4,22.5,26.9,0.0,22.9,45.0,24.06,Toliara,-23.35,43.667,8.0
2014-10-02,26.4,21.7,24.0,0.4,21.5,45.0,21.58,Toliara,-23.35,43.667,8.0
2014-10-03,25.4,20.5,22.5,0.0,18.9,40.3,21.73,Toliara,-23.35,43.667,8.0
2014-10-04,25.1,19.0,21.6,0.0,25.9,52.2,22.19,Toliara,-23.35,43.667,8.0
2014-10-05,26.6,17.5,21.7,0.0,27.7,52.6,22.85,Toliara,-23.35,43.667,8.0
2014-10-06,27.2,18.3,22.6,0.4,23.2,42.1,21.33,Toliara,-23.35,43.667,8.0
2014-10-07,28.0,18.9,23.1,0.0,20.9,42.1,25.82,Toliara,-23.35,43.667,8.0
2014-10-08,27.6,18.6,22.8,0.0,18.6,38.5,26.13,Toliara,-23.35,43.667,8.0
2014-10-09,28.8,18.2,23.1,0.0,17.4,38.9,27.94,Toliara,-23.35,43.667,8.0
2014-10-10,31.8,18.9,24.6,0.0,20.0,41.8,27.92,Toliara,-23.35,43.667,8.0
2014-10-11,34.6,20.5,27.7,0.0,22.7,41.4,27.64,Toliara,-23.35,43.667,8.0
2014-10-12,32.8,23.2,27.5,0.0,18.6,36.4,27.57,Toliara,-23.35,43.667,8.0
2014-10-13,30.4,21.5,25.6,0.0,16.2,34.9,26.76,Toliara,-23.35,43.667,8.0
2014-10-14,28.1,22.0,24.0,0.0,18.4,36.7,22.02,Toliara,-23.35,43.667,8.0
2014-10-15,26.4,20.8,23.1,0.0,16.8,37.8,24.03,Toliara,-23.35,43.667,8.0
2014-10-16,27.9,19.3,23.2,0.0,20.0,42.5,25.99,Toliara,-23.35,43.667,8.0
2014-10-17,30.1,19.4,24.9,0.0,19.1,40.0,20.37,Toliara,-23.35,43.667,8.0
2014-10-18,26.8,20.0,23.1,22.3,29.1,56.2,11.02,Toliara,-23.35,43.667,8.0
2014-10-19,26.1,20.0,22.6,0.0,21.2,42.8,21.91,Toliara,-23.35,43.667,8.0
2014-10-20,25.7,19.9,22.5,0.0,18.3,38.2,23.74,Toliara,-23.35,43.667,8.0
2014-10-21,26.0,20.4,22.8,0.5,16.9,32.0,21.79,Toliara,-23.35,43.667,8.0
2014-10-22,26.4,20.5,22.8,0.0,19.9,37.1,23.72,Toliara,-23.35,43.667,8.0
2014-10-23,27.2,19.4,22.9,0.0,19.4,40.7,27.84,Toliara,-23.35,43.667,8.0
2014-10-24,27.0,19.3,23.0,0.0,18.7,41.0,27.48,Toliara,-23.35,43.667,8.0
2014-10-25,26.8,19.5,22.8,0.1,20.2,40.7,25.14,Toliara,-23.35,43.667,8.0
2014-10-26,28.6,19.9,23.7,0.0,26.9,51.1,26.95,Toliara,-23.35,43.667,8.0
2014-10-27,29.9,19.6,24.1,0.0,30.3,53.6,27.89,Toliara,-23.35,43.667,8.0
2014-10-28,31.3,19.5,25.3,0.0,26.0,49.3,25.2,Toliara,-23.35,43.667,8.0
2014-10-29,31.2,21.6,25.9,0.0,22.5,41.8,26.06,Toliara,-23.35,43.667,8.0
2014-10-30,31.1,22.2,26.2,0.0,16.5,37.4,26.24,Toliara,-23.35,43.667,8.0
2014-10-31,32.1,21.4,26.4,0.0,19.4,42.5,26.53,Toliara,-23.35,43.667,8.0
2014-11-01,32.1,21.5,26.8,0.0,20.2,41.0,27.22,Toliara,-23.35,43.667,8.0
2014-11-02,32.2,22.1,26.1,0.0,23.0,45.4,29.71,Toliara,-23.35,43.667,8.0
2014-11-03,31.4,20.5,25.8,0.0,29.5,56.2,29.81,Toliara,-23.35,43.667,8.0
2014-11-04,34.2,22.1,27.5,0.0,26.1,49.3,28.53,Toliara,-23.35,43.667,8.0
2014-11-05,34.1,24.2,27.9,0.1,25.2,51.1,26.26,Toliara,-23.35,43.667,8.0
2014-11-06,28.6,22.7,25.0,0.1,21.1,42.5,26.28,Toliara,-23.35,43.667,8.0
2014-11-07,29.1,21.5,24.8,0.0,23.2,45.4,27.95,Toliara,-23.35,43.667,8.0
2014-11-08,30.3,21.6,25.3,0.5,20.7,44.3,27.64,Toliara,-23.35,43.667,8.0
2014-11-09,27.9,22.0,24.5,0.0,20.6,43.6,27.66,Toliara,-23.35,43.667,8.0
2014-11-10,30.0,19.4,24.6,0.0,18.8,37.4,30.59,Toliara,-23.35,43.667,8.0
2014-11-11,32.6,20.9,26.3,0.0,27.9,51.8,30.13,Toliara,-23.35,43.667,8.0
2014-11-12,34.1,22.1,28.0,0.0,22.9,45.7,28.04,Toliara,-23.35,43.667,8.0
2014-11-13,34.9,24.6,28.8,0.0,26.1,53.3,29.37,Toliara,-23.35,43.667,8.0
2014-11-14,33.4,23.3,27.5,0.0,23.1,47.5,29.11,Toliara,-23.35,43.667,8.0
2014-11-15,34.5,22.9,28.2,0.3,18.3,36.7,26.75,Toliara,-23.35,43.667,8.0
2014-11-16,33.3,23.6,27.8,0.0,24.2,49.0,29.16,Toliara,-23.35,43.667,8.0
2014-11-17,30.9,23.2,26.4,0.0,34.5,63.0,22.36,Toliara,-23.35,43.667,8.0
2014-11-18,30.2,21.7,25.8,0.0,29.3,47.2,25.17,Toliara,-23.35,43.667,8.0
2014-11-19,28.4,21.3,24.4,0.2,25.0,51.5,20.49,Toliara,-23.35,43.667,8.0
2014-11-20,28.3,21.5,24.3,0.2,22.1,46.8,25.58,Toliara,-23.35,43.667,8.0
2014-11-21,29.1,21.0,24.6,0.0,23.8,45.7,28.83,Toliara,-23.35,43.667,8.0
2014-11-22,32.9,21.8,27.1,0.4,25.9,47.5,30.15,Toliara,-23.35,43.667,8.0
2014-11-23,33.9,23.5,28.1,0.0,23.9,49.3,29.91,Toliara,-23.35,43.667,8.0
2014-11-24,33.3,23.7,28.2,0.0,21.5,45.7,28.02,Toliara,-23.35,43.667,8.0
2014-11-25,33.2,23.0,27.2,0.0,23.7,48.2,30.27,Toliara,-23.35,43.667,8.0
2014-11-26,28.3,22.0,24.7,0.0,19.7,42.1,28.54,Toliara,-23.35,43.667,8.0
2014-11-27,28.8,20.8,24.5,0.0,25.9,51.8,28.69,Toliara,-23.35,43.667,8.0
2014-11-28,31.8,21.3,26.0,0.0,26.4,54.4,31.12,Toliara,-23.35,43.667,8.0
2014-11-29,33.1,22.5,26.9,0.0,26.7,52.6,30.19,Toliara,-23.35,43.667,8.0
2014-11-30,31.6,21.4,25.9,0.0,32.2,63.0,31.43,Toliara,-23.35,43.667,8.0
2014-12-01,29.1,20.9,24.6,0.0,30.6,60.5,30.8,Toliara,-23.35,43.667,8.0
2014-12-02,27.9,20.7,23.3,3.7,18.9,42.1,23.1,Toliara,-23.35,43.667,8.0
2014-12-03,26.6,19.8,22.8,0.0,30.4,60.1,23.4,Toliara,-23.35,43.667,8.0
2014-12-04,27.6,20.2,23.6,0.0,17.8,39.6,28.08,Toliara,-23.35,43.667,8.0
2014-12-05,29.0,20.3,24.2,0.0,24.2,47.5,31.2,Toliara,-23.35,43.667,8.0
2014-12-06,31.4,20.9,26.0,0.0,26.1,50.0,30.49,Toliara,-23.35,43.667,8.0
2014-12-07,32.5,22.4,27.2,0.0,18.6,41.8,28.34,Toliara,-23.35,43.667,8.0
2014-12-08,31.3,24.0,26.9,0.2,20.5,47.2,28.46,Toliara,-23.35,43.667,8.0
2014-12-09,29.9,22.9,25.8,1.2,20.2,46.4,28.0,Toliara,-23.35,43.667,8.0
2014-12-10,30.4,21.6,25.8,0.0,19.1,42.1,28.18,Toliara,-23.35,43.667,8.0
2014-12-11,32.0,22.7,26.9,0.0,19.4,41.0,29.51,Toliara,-23.35,43.667,8.0
2014-12-12,33.1,22.8,27.9,0.0,19.9,42.1,30.25,Toliara,-23.35,43.667,8.0
2014-12-13,33.6,24.1,28.9,0.1,21.5,45.0,25.39,Toliara,-23.35,43.667,8.0
2014-12-14,30.9,25.8,28.1,0.9,18.5,40.0,13.84,Toliara,-23.35,43.667,8.0
2014-12-15,31.8,24.5,27.8,0.0,18.0,42.1,28.02,Toliara,-23.35,43.667,8.0
2014-12-16,32.1,24.1,27.7,0.2,20.0,42.1,28.59,Toliara,-23.35,43.667,8.0
2014-12-17,29.7,24.0,26.7,0.0,17.6,40.3,17.29,Toliara,-23.35,43.667,8.0
2014-12-18,29.8,23.9,26.2,3.5,16.2,40.7,12.88,Toliara,-23.35,43.667,8.0
2014-12-19,29.5,23.2,25.8,1.2,15.5,38.5,17.4,Toliara,-23.35,43.667,8.0
2014-12-20,31.7,24.0,27.2,4.4,18.2,39.6,24.45,Toliara,-23.35,43.667,8.0
2014-12-21,31.6,24.7,27.6,0.9,16.4,37.4,26.8,Toliara,-23.35,43.667,8.0
2014-12-22,32.0,24.5,28.0,0.2,21.8,43.6,29.15,Toliara,-23.35,43.667,8.0
2014-12-23,34.3,24.9,29.8,0.0,20.4,40.0,28.08,Toliara,-23.35,43.667,8.0
2014-12-24,34.3,26.0,29.6,0.0,20.1,42.5,29.47,Toliara,-23.35,43.667,8.0
2014-12-25,34.9,25.1,29.3,0.8,18.1,40.3,30.09,Toliara,-23.35,43.667,8.0
2014-12-26,34.3,24.9,29.1,0.2,16.9,37.8,28.47,Toliara,-23.35,43.667,8.0
2014-12-27,35.9,23.9,29.8,0.0,20.9,45.0,29.73,Toliara,-23.35,43.667,8.0
2014-12-28,35.4,26.1,29.9,0.0,21.6,44.6,31.27,Toliara,-23.35,43.667,8.0
2014-12-29,33.1,25.4,28.5,0.3,19.0,42.1,28.04,Toliara,-23.35,43.667,8.0
2014-12-30,32.7,24.2,28.0,0.1,23.3,43.9,29.25,Toliara,-23.35,43.667,8.0
2014-12-31,32.5,24.6,27.8,0.0,22.3,46.1,26.78,Toliara,-23.35,43.667,8.0
2015-01-01,33.3,25.8,28.3,7.1,16.3,38.2,22.33,Toliara,-23.35,43.667,8.0
2015-01-02,27.5,25.0,26.0,23.3,11.6,25.2,8.22,Toliara,-23.35,43.667,8.0
2015-01-03,30.9,25.4,27.2,15.0,12.0,31.3,22.52,Toliara,-23.35,43.667,8.0
2015-01-04,31.6,25.2,27.8,3.7,14.5,30.2,23.2,Toliara,-23.35,43.667,8.0
2015-01-05,32.0,25.0,28.6,0.1,17.9,32.8,25.5,Toliara,-23.35,43.667,8.0
2015-01-06,32.0,25.5,28.6,0.4,15.0,29.5,24.57,Toliara,-23.35,43.667,8.0
2015-01-07,32.7,26.4,29.5,0.2,22.7,41.0,26.85,Toliara,-23.35,43.667,8.0
2015-01-08,33.5,24.6,29.1,0.0,20.8,40.0,26.93,Toliara,-23.35,43.667,8.0
2015-01-09,33.4,26.3,29.3,0.0,17.8,36.4,25.79,Toliara,-23.35,43.667,8.0
2015-01-10,35.3,27.0,30.9,0.2,15.8,35.3,28.36,Toliara,-23.35,43.667,8.0
2015-01-11,35.6,27.8,30.8,3.8,17.3,37.1,27.58,Toliara,-23.35,43.667,8.0
2015-01-12,34.9,25.4,29.2,27.2,15.3,31.3,25.5,Toliara,-23.35,43.667,8.0
2015-01-13,30.3,25.2,26.9,38.7,13.5,24.1,16.25,Toliara,-23.35,43.667,8.0
2015-01-14,30.5,25.3,27.7,0.8,14.3,31.7,15.24,Toliara,-23.35,43.667,8.0
2015-01-15,30.9,26.0,27.4,7.5,20.6,45.0,15.25,Toliara,-23.35,43.667,8.0
2015-01-16,27.5,25.3,26.1,10.8,27.3,49.7,6.49,Toliara,-23.35,43.667,8.0
2015-01-17,30.6,24.5,27.5,0.0,17.1,33.8,23.64,Toliara,-23.35,43.667,8.0
2015-01-18,31.7,25.0,28.2,0.0,15.3,31.7,26.83,Toliara,-23.35,43.667,8.0
2015-01-19,30.2,24.7,27.7,0.1,20.8,38.9,27.59,Toliara,-23.35,43.667,8.0
2015-01-20,30.6,23.5,26.8,0.6,23.4,45.4,27.65,Toliara,-23.35,43.667,8.0
2015-01-21,31.4,23.4,27.0,0.0,22.7,41.8,27.55,Toliara,-23.35,43.667,8.0
2015-01-22,31.7,22.8,27.1,0.0,25.3,49.3,29.97,Toliara,-23.35,43.667,8.0
2015-01-23,31.9,23.7,27.5,0.0,23.7,45.0,25.71,Toliara,-23.35,43.667,8.0
2015-01-24,29.9,25.0,26.7,7.9,16.6,32.4,17.16,Toliara,-23.35,43.667,8.0
2015-01-25,30.8,24.6,27.2,0.8,11.5,29.2,22.85,Toliara,-23.35,43.667,8.0
2015-01-26,31.6,24.1,27.7,9.9,10.0,32.4,23.4,Toliara,-23.35,43.667,8.0
2015-01-27,31.5,24.0,27.8,0.0,15.9,29.5,28.44,Toliara,-23.35,43.667,8.0
2015-01-28,32.6,23.8,27.9,0.1,14.2,31.3,25.85,Toliara,-23.35,43.667,8.0
2015-01-29,31.1,25.4,27.7,0.0,17.6,36.4,28.54,Toliara,-23.35,43.667,8.0
2015-01-30,31.3,23.5,27.3,0.0,16.9,38.2,29.33,Toliara,-23.35,43.667,8.0
2015-01-31,30.9,24.3,27.1,12.1,14.8,36.0,24.88,Toliara,-23.35,43.667,8.0
2015-02-01,30.3,24.1,26.5,8.2,13.8,32.4,24.22,Toliara,-23.35,43.667,8.0
2015-02-02,31.0,24.7,26.7,25.6,12.3,26.6,20.94,Toliara,-23.35,43.667,8.0
2015-02-03,31.3,25.2,27.9,5.2,15.5,32.0,22.88,Toliara,-23.35,43.667,8.0
2015-02-04,30.6,25.9,27.6,0.0,23.3,44.6,18.19,Toliara,-23.35,43.667,8.0
2015-02-05,28.2,24.4,25.6,30.6,22.6,45.7,13.78,Toliara,-23.35,43.667,8.0
2015-02-06,25.8,23.2,24.4,32.0,33.8,62.3,5.82,Toliara,-23.35,43.667,8.0
2015-02-07,25.7,23.6,24.6,81.8,43.0,79.2,5.29,Toliara,-23.35,43.667,8.0
2015-02-08,27.4,24.0,25.3,7.0,23.6,42.5,16.81,Toliara,-23.35,43.667,8.0
2015-02-09,27.9,24.1,25.6,21.2,14.7,29.2,17.99,Toliara,-23.35,43.667,8.0
2015-02-10,29.1,24.4,26.5,6.5,8.6,23.4,20.6,Toliara,-23.35,43.667,8.0
2015-02-11,30.8,24.7,27.7,2.9,10.2,25.9,25.22,Toliara,-23.35,43.667,8.0
2015-02-12,30.6,24.9,27.9,0.0,10.9,22.3,25.14,Toliara,-23.35,43.667,8.0
2015-02-13,30.8,25.2,27.1,3.1,11.2,24.1,23.88,Toliara,-23.35,43.667,8.0
2015-02-14,29.6,24.6,26.4,5.0,10.5,28.4,22.11,Toliara,-23.35,43.667,8.0
2015-02-15,29.9,24.2,26.5,6.8,11.7,29.2,24.88,Toliara,-23.35,43.667,8.0
2015-02-16,29.7,24.4,26.0,28.6,13.2,33.8,19.24,Toliara,-23.35,43.667,8.0
2015-02-17,29.7,24.8,26.4,9.1,13.8,29.2,18.69,Toliara,-23.35,43.667,8.0
2015-02-18,28.2,24.9,26.1,9.3,15.3,32.0,12.63,Toliara,-23.35,43.667,8.0
2015-02-19,28.3,24.4,26.0,9.1,12.4,32.0,19.04,Toliara,-23.35,43.667,8.0
2015-02-20,27.5,24.1,25.6,14.9,12.3,28.1,13.75,Toliara,-23.35,43.667,8.0
2015-02-21,29.7,24.3,26.8,3.7,11.3,26.6,22.92,Toliara,-23.35,43.667,8.0
2015-02-22,30.1,24.8,27.0,2.4,13.7,27.4,22.28,Toliara,-23.35,43.667,8.0
2015-02-23,30.6,24.6,27.3,5.4,13.4,34.6,22.08,Toliara,-23.35,43.667,8.0
2015-02-24,30.0,24.3,26.9,2.5,15.1,25.9,23.17,Toliara,-23.35,43.667,8.0
2015-02-25,29.1,24.4,26.8,0.7,11.5,26.3,23.46,Toliara,-23.35,43.667,8.0
2015-02-26,30.1,24.7,26.9,7.3,10.1,27.7,21.0,Toliara,-23.35,43.667,8.0
2015-02-27,30.4,24.7,27.1,6.3,9.4,27.0,21.73,Toliara,-23.35,43.667,8.0
2015-02-28,31.4,25.5,28.2,0.5,12.3,25.6,24.27,Toliara,-23.35,43.667,8.0
2015-03-01,30.9,25.3,27.6,1.8,13.0,26.6,24.79,Toliara,-23.35,43.667,8.0
2015-03-02,29.0,24.3,26.5,0.8,17.6,30.6,18.01,Toliara,-23.35,43.667,8.0
2015-03-03,28.3,22.1,25.2,0.0,27.5,50.0,21.54,Toliara,-23.35,43.667,8.0
2015-03-04,29.9,20.4,24.8,0.0,24.6,46.8,23.85,Toliara,-23.35,43.667,8.0
2015-03-05,31.1,22.7,26.1,8.1,21.1,37.8,23.99,Toliara,-23.35,43.667,8.0
2015-03-06,29.8,23.9,26.5,24.7,14.9,28.4,20.36,Toliara,-23.35,43.667,8.0
2015-03-07,30.5,24.6,26.6,23.2,11.1,25.6,21.53,Toliara,-23.35,43.667,8.0
2015-03-08,31.0,24.3,26.7,19.8,14.1,29.5,22.6,Toliara,-23.35,43.667,8.0
2015-03-09,30.4,24.8,26.8,4.0,15.9,27.7,22.04,Toliara,-23.35,43.667,8.0
2015-03-10,29.4,23.4,26.1,0.0,16.2,31.0,19.68,Toliara,-23.35,43.667,8.0
2015-03-11,29.3,23.5,26.0,2.2,16.5,30.2,22.59,Toliara,-23.35,43.667,8.0
2015-03-12,29.8,22.5,26.0,0.0,19.5,37.1,23.45,Toliara,-23.35,43.667,8.0
2015-03-13,29.7,22.6,26.0,0.0,18.4,32.8,22.53,Toliara,-23.35,43.667,8.0
2015-03-14,29.9,23.6,26.3,1.5,13.7,25.6,22.98,Toliara,-23.35,43.667,8.0
2015-03-15,29.7,23.7,25.8,7.1,11.6,23.0,22.08,Toliara,-23.35,43.667,8.0
2015-03-16,29.3,23.1,25.5,2.1,14.8,24.8,20.79,Toliara,-23.35,43.667,8.0
2015-03-17,28.4,22.3,25.0,2.9,10.7,29.9,19.93,Toliara,-23.35,43.667,8.0
2015-03-18,28.6,22.4,25.5,0.3,12.0,26.6,23.16,Toliara,-23.35,43.667,8.0
2015-03-19,29.6,22.6,25.9,0.0,13.0,28.8,24.52,Toliara,-23.35,43.667,8.0
2015-03-20,29.6,23.3,26.4,0.0,14.1,28.4,23.43,Toliara,-23.35,43.667,8.0
2015-03-21,30.3,23.8,27.0,0.0,14.1,26.6,24.09,Toliara,-23.35,43.667,8.0
2015-03-22,31.8,24.2,27.5,0.0,15.7,29.5,23.75,Toliara,-23.35,43.667,8.0
2015-03-23,31.2,24.2,27.4,0.3,15.3,30.6,23.6,Toliara,-23.35,43.667,8.0
2015-03-24,31.1,24.4,27.5,0.0,12.8,26.6,22.78,Toliara,-23.35,43.667,8.0
2015-03-25,30.5,24.8,27.3,1.0,12.2,28.8,21.72,Toliara,-23.35,43.667,8.0
2015-03-26,29.6,24.0,26.6,0.0,12.5,28.8,21.24,Toliara,-23.35,43.667,8.0
2015-03-27,30.2,23.9,26.5,0.0,15.3,31.3,22.92,Toliara,-23.35,43.667,8.0
2015-03-28,30.4,22.3,25.9,0.0,16.6,34.9,22.6,Toliara,-23.35,43.667,8.0
2015-03-29,30.7,23.2,26.7,0.0,15.8,31.7,22.06,Toliara,-23.35,43.667,8.0
2015-03-30,30.2,23.7,26.6,0.0,19.0,35.6,21.66,Toliara,-23.35,43.667,8.0
2015-03-31,29.7,22.8,25.9,0.0,20.0,40.0,23.3,Toliara,-23.35,43.667,8.0
2015-04-01,29.3,22.5,25.3,0.0,25.4,48.2,20.89,Toliara,-23.35,43.667,8.0
2015-04-02,28.1,21.1,24.2,0.0,21.3,40.7,20.84,Toliara,-23.35,43.667,8.0
2015-04-03,29.7,20.3,24.9,0.0,17.6,31.7,23.85,Toliara,-23.35,43.667,8.0
2015-04-04,30.9,21.9,25.9,0.0,19.8,34.2,23.34,Toliara,-23.35,43.667,8.0
2015-04-05,30.3,20.8,25.6,0.0,14.1,31.0,22.3,Toliara,-23.35,43.667,8.0
2015-04-06,30.0,21.2,25.4,0.0,16.1,35.6,22.34,Toliara,-23.35,43.667,8.0
2015-04-07,29.9,22.0,25.4,0.0,20.9,39.2,23.25,Toliara,-23.35,43.667,8.0
2015-04-08,30.7,22.9,26.4,0.0,19.2,32.8,21.11,Toliara,-23.35,43.667,8.0
2015-04-09,30.9,23.3,27.1,0.0,22.9,41.4,20.55,Toliara,-23.35,43.667,8.0
2015-04-10,31.2,23.4,27.2,0.0,22.7,42.8,19.36,Toliara,-23.35,43.667,8.0
2015-04-11,30.9,24.2,27.0,0.0,19.7,37.4,20.54,Toliara,-23.35,43.667,8.0
2015-04-12,30.4,22.7,26.2,0.3,14.1,31.3,18.65,Toliara,-23.35,43.667,8.0
2015-04-13,29.7,22.7,26.1,0.5,14.8,33.5,19.68,Toliara,-23.35,43.667,8.0
2015-04-14,30.2,22.8,26.1,1.2,14.9,32.8,19.32,Toliara,-23.35,43.667,8.0
2015-04-15,29.1,23.6,25.8,1.0,19.6,39.2,17.42,Toliara,-23.35,43.667,8.0
2015-04-16,29.0,23.6,25.9,0.1,14.5,32.8,18.81,Toliara,-23.35,43.667,8.0
2015-04-17,31.6,23.7,27.2,0.0,15.2,30.2,18.35,Toliara,-23.35,43.667,8.0
2015-04-18,31.7,24.6,28.0,0.0,17.8,30.2,19.48,Toliara,-23.35,43.667,8.0
2015-04-19,30.5,24.5,27.4,0.1,15.9,27.7,15.7,Toliara,-23.35,43.667,8.0
2015-04-20,30.7,24.5,26.8,0.0,17.9,36.7,18.59,Toliara,-23.35,43.667,8.0
2015-04-21,29.7,23.0,25.7,0.0,23.7,41.8,18.57,Toliara,-23.35,43.667,8.0
2015-04-22,31.0,21.6,26.1,0.0,21.5,42.1,18.41,Toliara,-23.35,43.667,8.0
2015-04-23,31.1,23.6,26.9,0.0,18.4,33.8,18.93,Toliara,-23.35,43.667,8.0
2015-04-24,31.6,22.8,27.1,0.1,13.0,29.9,18.31,Toliara,-23.35,43.667,8.0
2015-04-25,31.3,24.0,27.1,0.2,14.5,29.9,18.26,Toliara,-23.35,43.667,8.0
2015-04-26,30.4,23.2,26.3,2.7,15.0,32.8,18.06,Toliara,-23.35,43.667,8.0
2015-04-27,29.1,22.5,25.0,0.3,17.0,37.8,18.86,Toliara,-23.35,43.667,8.0
2015-04-28,27.3,20.8,23.9,0.0,14.1,33.5,17.26,Toliara,-23.35,43.667,8.0
2015-04-29,27.1,20.0,23.4,0.0,15.0,33.5,17.1,Toliara,-23.35,43.667,8.0
2015-04-30,27.8,20.0,23.3,0.0,13.5,28.8,19.83,Toliara,-23.35,43.667,8.0
2015-05-01,28.4,20.1,23.7,0.0,16.9,33.1,19.61,Toliara,-23.35,43.667,8.0
2015-05-02,28.9,20.3,24.1,0.0,17.4,35.3,19.27,Toliara,-23.35,43.667,8.0
2015-05-03,30.0,20.6,24.8,0.0,18.7,36.7,19.15,Toliara,-23.35,43.667,8.0
2015-05-04,31.2,21.9,26.0,0.0,16.4,29.9,18.76,Toliara,-23.35,43.667,8.0
2015-05-05,31.8,22.7,26.7,0.0,15.8,30.2,18.25,Toliara,-23.35,43.667,8.0
2015-05-06,31.2,20.6,25.8,0.0,16.8,34.6,17.84,Toliara,-23.35,43.667,8.0
2015-05-07,28.9,21.2,24.7,0.0,23.1,40.7,17.79,Toliara,-23.35,43.667,8.0
2015-05-08,30.2,21.3,25.3,0.0,25.7,48.2,17.86,Toliara,-23.35,43.667,8.0
2015-05-09,30.8,22.7,25.9,0.0,21.1,38.9,16.86,Toliara,-23.35,43.667,8.0
2015-05-10,30.5,22.5,25.5,0.0,17.1,35.3,17.9,Toliara,-23.35,43.667,8.0
2015-05-11,28.6,21.1,24.4,0.0,13.5,28.4,16.39,Toliara,-23.35,43.667,8.0
2015-05-12,27.1,21.6,24.2,1.9,15.3,32.4,14.25,Toliara,-23.35,43.667,8.0
2015-05-13,26.4,21.0,23.3,0.0,14.4,31.0,16.11,Toliara,-23.35,43.667,8.0
2015-05-14,26.2,20.6,23.0,0.0,13.2,29.5,16.43,Toliara,-23.35,43.667,8.0
2015-05-15,28.3,19.2,23.3,0.0,18.4,31.3,18.09,Toliara,-23.35,43.667,8.0
2015-05-16,30.4,20.1,24.7,0.0,18.9,32.8,17.99,Toliara,-23.35,43.667,8.0
2015-05-17,30.2,20.3,25.1,0.0,17.1,30.2,17.99,Toliara,-23.35,43.667,8.0
2015-05-18,30.3,20.0,24.8,0.0,21.1,42.1,17.79,Toliara,-23.35,43.667,8.0
2015-05-19,30.3,19.9,24.7,0.0,18.4,36.7,17.7,Toliara,-23.35,43.667,8.0
2015-05-20,30.0,21.0,25.1,0.0,15.3,31.3,17.45,Toliara,-23.35,43.667,8.0
2015-05-21,31.1,22.0,26.3,0.0,16.6,33.1,16.6,Toliara,-23.35,43.667,8.0
2015-05-22,30.2,22.1,25.8,0.0,15.6,31.7,15.87,Toliara,-23.35,43.667,8.0
2015-05-23,29.2,20.6,24.3,0.0,20.6,38.2,16.83,Toliara,-23.35,43.667,8.0
2015-05-24,27.5,18.6,22.4,0.0,18.4,35.3,17.47,Toliara,-23.35,43.667,8.0
2015-05-25,28.7,17.7,22.9,0.0,11.7,24.5,17.28,Toliara,-23.35,43.667,8.0
2015-05-26,28.3,16.7,22.3,0.0,12.9,27.7,16.82,Toliara,-23.35,43.667,8.0
2015-05-27,29.3,17.7,23.0,0.0,13.9,26.6,16.5,Toliara,-23.35,43.667,8.0
2015-05-28,29.7,18.0,23.5,0.0,12.5,27.4,16.13,Toliara,-23.35,43.667,8.0
2015-05-29,29.1,19.0,24.1,0.0,13.5,28.1,15.76,Toliara,-23.35,43.667,8.0
2015-05-30,30.5,20.4,24.8,0.0,13.7,25.6,16.58,Toliara,-23.35,43.667,8.0
2015-05-31,30.5,21.1,25.3,0.0,17.9,36.0,16.09,Toliara,-23.35,43.667,8.0
2015-06-01,30.3,21.2,25.3,0.0,18.2,34.6,14.86,Toliara,-23.35,43.667,8.0
2015-06-02,31.6,21.7,26.3,0.0,17.6,34.9,15.57,Toliara,-23.35,43.667,8.0
2015-06-03,31.0,22.4,26.0,0.0,16.2,31.3,15.0,Toliara,-23.35,43.667,8.0
2015-06-04,30.1,22.4,25.3,0.0,17.0,37.1,15.54,Toliara,-23.35,43.667,8.0
2015-06-05,27.9,21.1,23.4,3.5,27.7,55.4,13.29,Toliara,-23.35,43.667,8.0
2015-06-06,24.5,19.5,21.5,0.0,21.5,38.9,11.75,Toliara,-23.35,43.667,8.0
2015-06-07,26.4,17.2,21.4,0.0,25.2,46.8,15.91,Toliara,-23.35,43.667,8.0
2015-06-08,27.9,18.9,22.9,0.0,23.5,44.3,12.85,Toliara,-23.35,43.667,8.0
2015-06-09,25.0,20.2,22.3,0.7,17.7,36.4,12.55,Toliara,-23.35,43.667,8.0
2015-06-10,25.6,18.9,21.7,0.0,21.6,37.4,14.8,Toliara,-23.35,43.667,8.0
2015-06-11,27.2,18.0,22.0,0.0,20.9,41.8,15.91,Toliara,-23.35,43.667,8.0
2015-06-12,27.0,18.5,22.1,0.0,16.4,33.1,15.78,Toliara,-23.35,43.667,8.0
2015-06-13,25.1,18.3,21.3,0.0,19.1,37.1,12.79,Toliara,-23.35,43.667,8.0
2015-06-14,25.8,17.5,21.3,0.0,19.5,34.6,15.56,Toliara,-23.35,43.667,8.0
2015-06-15,27.0,15.9,20.9,0.0,17.1,34.2,16.33,Toliara,-23.35,43.667,8.0
2015-06-16,28.5,16.6,21.6,0.0,15.0,27.4,16.3,Toliara,-23.35,43.667,8.0
2015-06-17,27.9,15.5,21.5,0.0,17.0,35.6,15.94,Toliara,-23.35,43.667,8.0
2015-06-18,25.9,19.1,21.9,0.0,15.9,36.0,14.08,Toliara,-23.35,43.667,8.0
2015-06-19,26.1,17.6,21.4,0.0,23.3,41.4,15.73,Toliara,-23.35,43.667,8.0
2015-06-20,27.9,18.1,22.3,0.0,24.6,45.4,15.58,Toliara,-23.35,43.667,8.0
2015-06-21,29.2,18.3,22.9,0.0,21.3,43.2,15.62,Toliara,-23.35,43.667,8.0
2015-06-22,28.4,19.0,23.0,0.0,14.0,26.6,15.49,Toliara,-23.35,43.667,8.0
2015-06-23,28.8,17.2,22.4,0.0,16.7,34.9,15.09,Toliara,-23.35,43.667,8.0
2015-06-24,29.2,20.1,23.7,0.0,16.1,32.0,11.2,Toliara,-23.35,43.667,8.0
2015-06-25,28.8,18.8,23.2,0.0,12.9,29.5,14.37,Toliara,-23.35,43.667,8.0
2015-06-26,28.8,19.1,23.4,0.0,20.5,36.0,14.85,Toliara,-23.35,43.667,8.0
2015-06-27,28.7,19.5,23.7,0.0,22.9,43.9,15.6,Toliara,-23.35,43.667,8.0
2015-06-28,28.1,19.6,23.1,0.0,19.1,34.6,14.77,Toliara,-23.35,43.667,8.0
2015-06-29,26.7,16.7,21.6,0.0,13.8,28.4,15.59,Toliara,-23.35,43.667,8.0
2015-06-30,25.8,17.9,21.2,0.0,20.1,38.2,14.53,Toliara,-23.35,43.667,8.0
2015-07-01,25.6,17.3,21.2,0.0,20.2,36.4,15.62,Toliara,-23.35,43.667,8.0
2015-07-02,26.7,16.7,21.3,0.0,18.5,34.6,15.34,Toliara,-23.35,43.667,8.0
2015-07-03,27.9,18.0,22.4,0.0,16.8,32.8,15.44,Toliara,-23.35,43.667,8.0
2015-07-04,28.5,19.1,22.8,0.0,14.7,32.0,15.06,Toliara,-23.35,43.667,8.0
2015-07-05,27.0,16.7,21.4,0.0,12.5,28.1,15.41,Toliara,-23.35,43.667,8.0
2015-07-06,25.1,16.3,20.5,0.0,15.8,29.9,15.31,Toliara,-23.35,43.667,8.0
2015-07-07,24.5,17.2,20.0,0.0,26.4,50.4,12.65,Toliara,-23.35,43.667,8.0
2015-07-08,22.0,15.2,18.4,0.0,18.5,38.9,15.12,Toliara,-23.35,43.667,8.0
2015-07-09,24.0,14.3,18.8,0.0,16.7,29.2,16.56,Toliara,-23.35,43.667,8.0
2015-07-10,26.4,14.9,20.3,0.0,17.3,29.9,16.5,Toliara,-23.35,43.667,8.0
2015-07-11,27.7,17.0,21.9,0.0,19.1,38.2,16.17,Toliara,-23.35,43.667,8.0
2015-07-12,27.6,18.0,21.9,0.0,18.9,36.4,16.39,Toliara,-23.35,43.667,8.0
2015-07-13,27.7,16.9,21.5,0.0,15.3,29.9,16.36,Toliara,-23.35,43.667,8.0
2015-07-14,26.9,17.0,21.3,0.0,17.6,34.9,16.35,Toliara,-23.35,43.667,8.0
2015-07-15,28.1,17.8,22.4,0.0,15.2,32.4,16.55,Toliara,-23.35,43.667,8.0
2015-07-16,28.1,18.5,22.4,0.0,15.0,32.0,16.56,Toliara,-23.35,43.667,8.0
2015-07-17,28.8,17.7,22.4,0.0,12.4,26.3,16.44,Toliara,-23.35,43.667,8.0
2015-07-18,29.4,19.0,24.0,0.0,16.3,30.6,15.73,Toliara,-23.35,43.667,8.0
2015-07-19,29.9,20.5,24.7,0.0,12.9,26.6,16.63,Toliara,-23.35,43.667,8.0
2015-07-20,29.0,19.6,23.6,0.0,15.7,30.6,16.78,Toliara,-23.35,43.667,8.0
2015-07-21,28.5,19.5,23.0,0.0,15.6,34.2,16.78,Toliara,-23.35,43.667,8.0
2015-07-22,27.2,17.4,21.7,0.0,17.3,35.3,16.62,Toliara,-23.35,43.667,8.0
2015-07-23,29.2,18.0,23.1,0.0,11.9,27.4,16.96,Toliara,-23.35,43.667,8.0
2015-07-24,28.5,19.2,23.2,0.0,15.0,28.8,17.13,Toliara,-23.35,43.667,8.0
2015-07-25,29.2,17.8,23.0,0.0,14.5,29.9,16.93,Toliara,-23.35,43.667,8.0
2015-07-26,29.2,17.8,23.0,0.0,14.5,32.4,17.41,Toliara,-23.35,43.667,8.0
2015-07-27,24.9,19.6,21.7,0.2,16.8,32.0,11.22,Toliara,-23.35,43.667,8.0
2015-07-28,27.0,17.2,21.5,0.0,22.7,40.7,16.83,Toliara,-23.35,43.667,8.0
2015-07-29,28.1,18.4,22.3,0.0,18.6,35.3,16.72,Toliara,-23.35,43.667,8.0
2015-07-30,26.9,17.3,21.7,0.0,19.1,40.3,17.52,Toliara,-23.35,43.667,8.0
2015-07-31,26.8,17.3,22.0,0.0,21.4,45.0,17.71,Toliara,-23.35,43.667,8.0
2015-08-01,22.7,18.0,20.6,9.4,24.6,49.0,13.4,Toliara,-23.35,43.667,8.0
2015-08-02,23.8,16.7,19.6,0.0,24.7,47.9,18.25,Toliara,-23.35,43.667,8.0
2015-08-03,26.3,15.3,20.2,0.0,22.4,44.6,18.46,Toliara,-23.35,43.667,8.0
2015-08-04,26.9,16.2,21.1,0.0,15.7,29.5,18.72,Toliara,-23.35,43.667,8.0
2015-08-05,26.3,15.4,20.5,0.0,16.3,34.6,18.54,Toliara,-23.35,43.667,8.0
2015-08-06,24.3,16.7,19.9,0.0,19.8,37.1,16.92,Toliara,-23.35,43.667,8.0
2015-08-07,24.6,16.1,20.0,0.0,20.2,38.5,17.9,Toliara,-23.35,43.667,8.0
2015-08-08,25.6,15.8,20.2,0.0,18.2,33.1,18.77,Toliara,-23.35,43.667,8.0
2015-08-09,26.5,15.9,20.5,0.0,15.9,33.1,19.04,Toliara,-23.35,43.667,8.0
2015-08-10,24.6,14.9,19.4,0.0,17.6,35.3,18.45,Toliara,-23.35,43.667,8.0
2015-08-11,27.6,16.9,21.2,0.0,18.5,41.4,18.23,Toliara,-23.35,43.667,8.0
2015-08-12,25.7,16.7,20.8,0.3,19.6,44.6,17.65,Toliara,-23.35,43.667,8.0
2015-08-13,28.2,17.3,21.5,0.0,15.1,34.2,18.59,Toliara,-23.35,43.667,8.0
2015-08-14,29.6,17.6,23.2,0.0,19.1,36.7,19.02,Toliara,-23.35,43.667,8.0
2015-08-15,30.3,21.0,24.9,0.0,16.3,31.7,19.14,Toliara,-23.35,43.667,8.0
2015-08-16,29.8,19.8,23.9,0.0,19.4,41.4,19.62,Toliara,-23.35,43.667,8.0
2015-08-17,27.5,18.6,22.3,0.0,16.9,36.4,19.59,Toliara,-23.35,43.667,8.0
2015-08-18,28.4,17.9,22.6,0.0,18.9,38.5,18.99,Toliara,-23.35,43.667,8.0
2015-08-19,29.5,17.8,23.3,0.0,14.8,31.3,19.9,Toliara,-23.35,43.667,8.0
2015-08-20,30.1,18.2,23.3,0.0,16.3,33.8,18.76,Toliara,-23.35,43.667,8.0
2015-08-21,29.9,17.5,23.4,0.0,16.5,35.3,19.96,Toliara,-23.35,43.667,8.0
2015-08-22,28.3,18.6,22.9,0.0,16.9,35.3,19.65,Toliara,-23.35,43.667,8.0
2015-08-23,26.5,19.7,22.3,0.0,16.0,34.2,19.07,Toliara,-23.35,43.667,8.0
2015-08-24,26.6,19.3,22.2,0.0,20.1,41.0,19.53,Toliara,-23.35,43.667,8.0
2015-08-25,28.8,17.6,22.7,0.0,17.1,38.5,20.32,Toliara,-23.35,43.667,8.0
2015-08-26,29.8,20.1,23.9,0.0,17.1,36.4,18.45,Toliara,-23.35,43.667,8.0
2015-08-27,29.5,20.7,24.1,0.0,16.2,36.0,19.05,Toliara,-23.35,43.667,8.0
2015-08-28,29.3,19.9,23.8,0.0,18.0,37.1,19.44,Toliara,-23.35,43.667,8.0
2015-08-29,28.6,20.0,23.6,0.0,14.9,31.7,18.62,Toliara,-23.35,43.667,8.0
2015-08-30,29.3,18.9,23.8,0.0,14.8,31.0,18.5,Toliara,-23.35,43.667,8.0
2015-08-31,30.0,19.0,24.1,0.0,15.2,34.2,20.01,Toliara,-23.35,43.667,8.0
2015-09-01,30.5,19.3,24.3,0.0,18.2,38.5,20.93,Toliara,-23.35,43.667,8.0
2015-09-02,29.7,18.8,24.0,0.0,15.7,36.0,20.81,Toliara,-23.35,43.667,8.0
2015-09-03,31.0,18.5,24.5,0.0,23.2,45.7,21.57,Toliara,-23.35,43.667,8.0
2015-09-04,28.6,20.5,23.8,0.0,24.6,47.2,19.03,Toliara,-23.35,43.667,8.0
2015-09-05,30.4,19.4,24.4,0.0,25.6,47.5,22.22,Toliara,-23.35,43.667,8.0
2015-09-06,30.1,21.3,24.6,0.0,19.3,40.7,21.14,Toliara,-23.35,43.667,8.0
2015-09-07,29.3,20.3,23.7,0.0,19.7,41.8,21.47,Toliara,-23.35,43.667,8.0
2015-09-08,29.2,20.2,24.0,0.3,15.9,33.1,21.25,Toliara,-23.35,43.667,8.0
2015-09-09,30.5,19.3,24.7,0.0,15.6,31.7,20.25,Toliara,-23.35,43.667,8.0
2015-09-10,31.4,19.0,25.2,0.0,17.3,36.0,22.46,Toliara,-23.35,43.667,8.0
2015-09-11,32.4,22.5,26.4,0.0,20.6,40.3,23.18,Toliara,-23.35,43.667,8.0
2015-09-12,25.0,18.6,22.0,0.1,29.5,54.4,18.35,Toliara,-23.35,43.667,8.0
2015-09-13,24.1,16.4,19.9,0.0,26.6,50.0,20.06,Toliara,-23.35,43.667,8.0
2015-09-14,26.7,16.7,21.3,0.0,24.0,47.2,23.4,Toliara,-23.35,43.667,8.0
2015-09-15,29.5,16.5,22.2,0.0,22.3,43.2,24.15,Toliara,-23.35,43.667,8.0
2015-09-16,28.5,17.3,22.9,0.0,17.2,38.5,21.58,Toliara,-23.35,43.667,8.0
2015-09-17,29.1,19.4,23.5,0.0,19.2,40.0,20.93,Toliara,-23.35,43.667,8.0
2015-09-18,29.7,18.2,23.7,0.0,13.0,33.1,24.16,Toliara,-23.35,43.667,8.0
2015-09-19,30.3,19.1,24.3,0.0,24.9,43.6,24.43,Toliara,-23.35,43.667,8.0
2015-09-20,29.1,19.0,23.6,0.0,28.9,54.7,24.25,Toliara,-23.35,43.667,8.0
2015-09-21,30.9,19.6,24.9,0.0,22.7,46.1,21.23,Toliara,-23.35,43.667,8.0
2015-09-22,31.5,21.5,25.3,0.0,21.1,42.8,22.55,Toliara,-23.35,43.667,8.0
2015-09-23,29.1,20.4,24.4,0.0,14.3,33.8,18.31,Toliara,-23.35,43.667,8.0
2015-09-24,31.2,20.7,25.1,0.0,21.3,44.6,24.34,Toliara,-23.35,43.667,8.0
2015-09-25,30.9,20.3,24.6,0.0,21.9,45.0,25.55,Toliara,-23.35,43.667,8.0
2015-09-26,31.5,21.3,25.6,0.0,19.7,37.8,22.92,Toliara,-23.35,43.667,8.0
2015-09-27,31.9,22.1,26.0,0.0,17.2,37.1,21.26,Toliara,-23.35,43.667,8.0
2015-09-28,31.3,21.2,25.8,0.1,15.7,34.6,22.55,Toliara,-23.35,43.667,8.0
2015-09-29,31.4,20.5,26.4,0.0,19.7,41.0,23.55,Toliara,-23.35,43.667,8.0
2015-09-30,32.7,22.9,27.2,0.0,22.2,45.4,24.97,Toliara,-23.35,43.667,8.0
2015-10-01,31.8,22.8,26.2,0.0,20.5,42.5,24.34,Toliara,-23.35,43.667,8.0
2015-10-02,29.5,22.0,25.4,0.7,15.9,35.3,20.96,Toliara,-23.35,43.667,8.0
2015-10-03,30.3,21.0,25.3,0.0,18.9,39.6,22.85,Toliara,-23.35,43.667,8.0
2015-10-04,33.8,22.6,27.7,0.0,22.1,42.1,26.34,Toliara,-23.35,43.667,8.0
2015-10-05,34.3,23.1,28.0,0.0,18.4,40.3,26.83,Toliara,-23.35,43.667,8.0
2015-10-06,31.0,20.9,25.5,0.0,20.3,42.5,26.78,Toliara,-23.35,43.667,8.0
2015-10-07,32.3,21.0,25.9,0.0,20.8,43.6,26.93,Toliara,-23.35,43.667,8.0
2015-10-08,34.5,22.2,27.5,0.0,19.9,42.5,27.24,Toliara,-23.35,43.667,8.0
2015-10-09,30.5,22.4,25.7,0.0,19.0,42.1,26.46,Toliara,-23.35,43.667,8.0
2015-10-10,30.8,20.9,25.1,0.0,17.7,39.6,26.61,Toliara,-23.35,43.667,8.0
2015-10-11,30.4,21.2,25.1,0.0,19.1,41.4,26.53,Toliara,-23.35,43.667,8.0
2015-10-12,33.4,21.9,26.5,0.0,21.2,43.9,26.58,Toliara,-23.35,43.667,8.0
2015-10-13,34.6,23.7,28.4,0.0,20.6,44.6,26.82,Toliara,-23.35,43.667,8.0
2015-10-14,32.8,23.4,27.4,0.0,17.8,38.2,27.31,Toliara,-23.35,43.667,8.0
2015-10-15,31.2,21.7,26.1,0.0,18.3,40.7,26.0,Toliara,-23.35,43.667,8.0
2015-10-16,31.5,22.9,26.6,0.0,17.3,37.8,24.98,Toliara,-23.35,43.667,8.0
2015-10-17,29.8,22.7,26.0,0.0,21.6,45.0,23.38,Toliara,-23.35,43.667,8.0
2015-10-18,31.1,21.9,25.8,0.0,22.7,49.3,26.42,Toliara,-23.35,43.667,8.0
2015-10-19,29.3,22.4,25.2,1.8,17.4,38.2,23.76,Toliara,-23.35,43.667,8.0
2015-10-20,31.5,22.3,26.9,0.0,18.0,31.7,24.3,Toliara,-23.35,43.667,8.0
2015-10-21,33.4,23.1,27.2,0.0,21.2,42.8,26.18,Toliara,-23.35,43.667,8.0
2015-10-22,32.4,23.4,26.9,0.0,22.1,43.9,26.02,Toliara,-23.35,43.667,8.0
2015-10-23,30.6,21.7,25.5,0.0,20.6,41.8,26.64,Toliara,-23.35,43.667,8.0
2015-10-24,30.5,21.5,25.4,0.0,24.3,48.2,28.72,Toliara,-23.35,43.667,8.0
2015-10-25,32.5,22.1,26.6,0.0,24.2,50.4,27.89,Toliara,-23.35,43.667,8.0
2015-10-26,32.6,22.3,26.7,0.3,19.5,43.6,26.43,Toliara,-23.35,43.667,8.0
2015-10-27,30.4,22.1,25.9,2.1,16.3,37.4,25.9,Toliara,-23.35,43.667,8.0
2015-10-28,30.7,22.4,26.1,2.9,12.6,36.0,24.97,Toliara,-23.35,43.667,8.0
2015-10-29,31.9,23.5,26.3,11.4,16.0,29.5,23.9,Toliara,-23.35,43.667,8.0
2015-10-30,31.8,22.8,26.0,17.0,14.8,31.7,25.21,Toliara,-23.35,43.667,8.0
2015-10-31,29.3,22.6,24.8,18.3,12.5,34.2,20.43,Toliara,-23.35,43.667,8.0
2015-11-01,28.0,22.3,24.7,6.6,15.8,39.2,25.05,Toliara,-23.35,43.667,8.0
2015-11-02,30.4,22.6,26.4,0.3,16.1,40.0,26.05,Toliara,-23.35,43.667,8.0
2015-11-03,28.6,21.2,25.2,10.0,31.7,56.5,20.34,Toliara,-23.35,43.667,8.0
2015-11-04,24.0,19.4,21.7,0.4,26.3,51.8,19.82,Toliara,-23.35,43.667,8.0
2015-11-05,25.1,17.8,21.0,0.0,26.2,52.2,30.02,Toliara,-23.35,43.667,8.0
2015-11-06,27.3,16.4,21.6,0.0,24.3,49.0,30.42,Toliara,-23.35,43.667,8.0
2015-11-07,29.4,17.7,23.2,0.0,20.9,40.0,30.68,Toliara,-23.35,43.667,8.0
2015-11-08,30.2,19.7,24.7,0.0,17.1,34.9,29.58,Toliara,-23.35,43.667,8.0
2015-11-09,30.5,20.1,25.3,0.0,16.0,33.8,28.56,Toliara,-23.35,43.667,8.0
2015-11-10,31.7,20.5,26.3,0.0,18.6,37.4,30.1,Toliara,-23.35,43.667,8.0
2015-11-11,33.2,22.0,26.9,0.0,19.0,40.3,30.36,Toliara,-23.35,43.667,8.0
2015-11-12,33.2,21.1,27.5,0.0,16.0,36.0,29.52,Toliara,-23.35,43.667,8.0
2015-11-13,35.7,23.6,29.5,0.0,16.4,32.4,28.48,Toliara,-23.35,43.667,8.0
2015-11-14,34.9,25.0,29.1,0.0,20.1,42.8,28.32,Toliara,-23.35,43.667,8.0
2015-11-15,32.3,22.7,27.0,0.0,16.6,34.9,28.72,Toliara,-23.35,43.667,8.0
2015-11-16,31.7,21.7,27.1,0.0,23.5,50.0,26.82,Toliara,-23.35,43.667,8.0
2015-11-17,33.4,24.0,28.2,0.0,17.7,34.2,28.2,Toliara,-23.35,43.667,8.0
2015-11-18,33.2,23.3,28.0,0.0,17.0,36.4,28.61,Toliara,-23.35,43.667,8.0
2015-11-19,32.7,23.4,27.8,0.0,23.6,47.2,29.43,Toliara,-23.35,43.667,8.0
2015-11-20,33.1,24.5,28.2,0.0,15.9,37.1,24.99,Toliara,-23.35,43.667,8.0
2015-11-21,33.6,23.5,28.2,0.2,17.3,37.4,28.05,Toliara,-23.35,43.667,8.0
2015-11-22,32.6,24.3,28.0,0.2,20.3,42.1,28.07,Toliara,-23.35,43.667,8.0
2015-11-23,28.0,23.1,25.8,0.5,24.7,46.1,16.36,Toliara,-23.35,43.667,8.0
2015-11-24,30.4,20.5,25.0,0.0,29.7,58.3,31.48,Toliara,-23.35,43.667,8.0
2015-11-25,31.5,21.3,26.0,0.0,21.2,43.6,27.44,Toliara,-23.35,43.667,8.0
2015-11-26,31.5,21.9,26.6,0.0,19.8,43.9,30.45,Toliara,-23.35,43.667,8.0
2015-11-27,30.7,22.4,26.1,0.0,22.9,45.7,31.05,Toliara,-23.35,43.667,8.0
2015-11-28,31.8,22.7,26.7,0.0,24.7,47.9,30.56,Toliara,-23.35,43.667,8.0
2015-11-29,33.2,24.2,28.4,0.0,24.7,45.7,27.33,Toliara,-23.35,43.667,8.0
2015-11-30,33.1,23.6,28.3,0.0,24.3,45.4,27.39,Toliara,-23.35,43.667,8.0
2015-12-01,33.6,23.3,28.4,0.0,21.5,40.3,30.71,Toliara,-23.35,43.667,8.0
2015-12-02,34.0,25.4,28.7,0.0,21.3,43.9,28.8,Toliara,-23.35,43.667,8.0
2015-12-03,33.3,24.5,27.8,0.1,22.0,46.4,26.23,Toliara,-23.35,43.667,8.0
2015-12-04,31.9,23.4,27.4,0.0,19.3,41.4,29.55,Toliara,-23.35,43.667,8.0
2015-12-05,31.6,23.0,26.5,0.0,21.8,44.3,30.05,Toliara,-23.35,43.667,8.0
2015-12-06,30.6,22.0,26.0,0.0,20.2,41.4,31.64,Toliara,-23.35,43.667,8.0
2015-12-07,31.4,22.9,26.8,0.0,24.1,46.8,29.8,Toliara,-23.35,43.667,8.0
2015-12-08,33.9,23.7,28.6,0.0,22.1,42.1,26.99,Toliara,-23.35,43.667,8.0
2015-12-09,33.9,25.8,29.1,0.0,18.8,37.4,29.54,Toliara,-23.35,43.667,8.0
2015-12-10,32.7,24.0,28.0,0.0,21.1,44.3,30.18,Toliara,-23.35,43.667,8.0
2015-12-11,33.4,22.4,28.0,0.0,19.7,42.8,29.84,Toliara,-23.35,43.667,8.0
2015-12-12,33.1,24.4,28.1,0.0,20.5,42.8,28.23,Toliara,-23.35,43.667,8.0
2015-12-13,34.6,24.6,28.8,2.2,20.8,43.9,28.61,Toliara,-23.35,43.667,8.0
2015-12-14,33.5,25.5,28.8,1.1,18.3,42.1,26.24,Toliara,-23.35,43.667,8.0
2015-12-15,32.2,26.0,28.5,1.5,20.3,42.8,24.94,Toliara,-23.35,43.667,8.0
2015-12-16,31.6,25.6,28.4,1.0,16.1,37.8,27.15,Toliara,-23.35,43.667,8.0
2015-12-17,32.8,25.5,28.8,0.9,22.4,42.1,26.57,Toliara,-23.35,43.667,8.0
2015-12-18,34.6,25.8,30.4,0.0,18.2,37.4,27.73,Toliara,-23.35,43.667,8.0
2015-12-19,34.3,26.4,29.5,1.5,15.5,33.5,26.24,Toliara,-23.35,43.667,8.0
2015-12-20,31.5,25.0,27.4,7.8,15.2,38.2,23.65,Toliara,-23.35,43.667,8.0
2015-12-21,28.4,24.5,25.8,23.1,13.7,29.9,15.34,Toliara,-23.35,43.667,8.0
2015-12-22,29.2,24.1,26.3,2.4,13.0,33.5,22.73,Toliara,-23.35,43.667,8.0
2015-12-23,30.2,24.1,27.2,0.3,17.1,36.0,25.76,Toliara,-23.35,43.667,8.0
2015-12-24,30.9,24.9,27.8,0.4,12.9,31.0,25.59,Toliara,-23.35,43.667,8.0
2015-12-25,30.1,25.4,27.7,3.2,14.3,33.1,22.14,Toliara,-23.35,43.667,8.0
2015-12-26,29.5,25.0,27.0,9.1,15.2,33.8,22.4,Toliara,-23.35,43.667,8.0
2015-12-27,29.6,24.3,26.9,2.0,15.1,32.0,24.08,Toliara,-23.35,43.667,8.0
2015-12-28,31.6,24.9,27.7,4.5,14.4,31.3,25.72,Toliara,-23.35,43.667,8.0
2015-12-29,31.7,25.8,27.9,4.7,12.7,27.4,25.19,Toliara,-23.35,43.667,8.0
2015-12-30,33.2,24.7,28.8,0.0,15.0,29.9,29.76,Toliara,-23.35,43.667,8.0
2015-12-31,33.1,25.2,28.9,0.5,14.8,31.3,28.42,Toliara,-23.35,43.667,8.0
2016-01-01,33.2,25.3,28.9,0.4,17.8,36.7,29.07,Toliara,-23.35,43.667,8.0
2016-01-02,32.1,24.8,28.7,0.0,16.6,33.5,29.66,Toliara,-23.35,43.667,8.0
2016-01-03,33.2,24.2,28.8,0.0,23.2,42.1,29.11,Toliara,-23.35,43.667,8.0
2016-01-04,34.2,24.0,29.3,0.0,21.1,40.7,29.05,Toliara,-23.35,43.667,8.0
2016-01-05,33.8,25.5,29.5,0.0,21.1,38.2,27.08,Toliara,-23.35,43.667,8.0
2016-01-06,34.6,26.6,29.7,0.3,16.1,33.8,26.88,Toliara,-23.35,43.667,8.0
2016-01-07,34.1,26.2,28.4,9.2,16.8,37.8,22.05,Toliara,-23.35,43.667,8.0
2016-01-08,29.3,25.9,27.1,10.7,12.7,27.0,18.58,Toliara,-23.35,43.667,8.0
2016-01-09,31.2,24.4,27.6,0.0,16.8,36.4,29.6,Toliara,-23.35,43.667,8.0
2016-01-10,30.7,24.1,27.7,0.0,18.5,36.4,28.58,Toliara,-23.35,43.667,8.0
2016-01-11,30.6,24.4,27.3,0.1,20.9,40.7,27.63,Toliara,-23.35,43.667,8.0
2016-01-12,31.5,25.1,28.1,2.3,12.9,33.5,25.96,Toliara,-23.35,43.667,8.0
2016-01-13,32.3,25.4,28.4,2.4,15.1,32.4,26.59,Toliara,-23.35,43.667,8.0
2016-01-14,32.4,25.5,28.3,6.1,13.8,33.5,26.08,Toliara,-23.35,43.667,8.0
2016-01-15,31.8,25.2,27.9,3.3,17.1,42.1,26.37,Toliara,-23.35,43.667,8.0
2016-01-16,31.0,25.3,28.2,0.5,21.4,44.6,24.81,Toliara,-23.35,43.667,8.0
2016-01-17,32.6,24.5,28.1,0.0,25.3,50.8,29.0,Toliara,-23.35,43.667,8.0
2016-01-18,32.6,21.6,26.8,0.0,27.0,49.7,30.64,Toliara,-23.35,43.667,8.0
2016-01-19,33.2,21.8,27.6,0.0,24.0,45.7,30.0,Toliara,-23.35,43.667,8.0
2016-01-20,34.4,23.8,28.7,0.0,22.7,41.8,29.7,Toliara,-23.35,43.667,8.0
2016-01-21,34.2,24.8,28.9,0.0,19.2,44.6,28.83,Toliara,-23.35,43.667,8.0
2016-01-22,33.3,25.0,28.8,0.2,16.5,34.9,26.42,Toliara,-23.35,43.667,8.0
2016-01-23,33.6,25.2,28.9,1.1,16.3,34.9,25.53,Toliara,-23.35,43.667,8.0
2016-01-24,34.2,25.3,29.3,0.0,15.1,33.1,26.29,Toliara,-23.35,43.667,8.0
2016-01-25,33.7,25.9,28.5,10.2,17.9,37.1,24.84,Toliara,-23.35,43.667,8.0
2016-01-26,33.1,25.2,28.6,3.0,18.4,36.4,25.33,Toliara,-23.35,43.667,8.0
2016-01-27,35.5,26.1,30.1,0.0,17.6,39.6,28.4,Toliara,-23.35,43.667,8.0
2016-01-28,34.7,26.0,30.0,0.4,16.4,37.1,28.63,Toliara,-23.35,43.667,8.0
2016-01-29,35.2,26.2,30.5,0.1,16.8,37.4,26.8,Toliara,-23.35,43.667,8.0
2016-01-30,37.0,28.1,32.5,0.0,19.1,37.4,29.19,Toliara,-23.35,43.667,8.0
2016-01-31,35.5,26.6,31.3,0.0,25.2,45.0,30.6,Toliara,-23.35,43.667,8.0
2016-02-01,35.0,26.1,30.0,0.0,22.1,43.6,24.82,Toliara,-23.35,43.667,8.0
2016-02-02,34.4,26.4,29.7,0.0,19.5,40.0,25.2,Toliara,-23.35,43.667,8.0
2016-02-03,34.6,26.3,29.2,12.6,12.8,37.8,26.05,Toliara,-23.35,43.667,8.0
2016-02-04,33.3,25.9,28.7,8.4,13.7,31.0,26.66,Toliara,-23.35,43.667,8.0
2016-02-05,32.6,25.0,28.0,5.3,15.9,34.6,26.82,Toliara,-23.35,43.667,8.0
2016-02-06,31.2,24.9,27.3,6.6,17.6,36.0,21.64,Toliara,-23.35,43.667,8.0
2016-02-07,30.9,24.8,27.0,2.6,22.4,46.1,23.02,Toliara,-23.35,43.667,8.0
2016-02-08,29.2,25.5,27.0,1.0,22.5,45.4,16.41,Toliara,-23.35,43.667,8.0
2016-02-09,29.0,25.5,26.8,0.1,20.7,41.4,16.15,Toliara,-23.35,43.667,8.0
2016-02-10,30.1,24.8,27.1,0.0,15.9,37.8,23.29,Toliara,-23.35,43.667,8.0
2016-02-11,30.0,23.3,26.4,0.8,16.7,37.8,25.61,Toliara,-23.35,43.667,8.0
2016-02-12,30.0,23.6,26.6,0.3,18.6,38.2,25.84,Toliara,-23.35,43.667,8.0
2016-02-13,31.5,23.1,27.0,0.0,21.1,43.2,28.7,Toliara,-23.35,43.667,8.0
2016-02-14,33.3,25.0,28.9,0.0,14.0,32.0,25.48,Toliara,-23.35,43.667,8.0
2016-02-15,34.3,26.5,29.5,2.6,13.4,28.4,21.79,Toliara,-23.35,43.667,8.0
2016-02-16,33.4,26.0,29.3,1.4,16.4,35.6,24.63,Toliara,-23.35,43.667,8.0
2016-02-17,34.9,26.4,30.6,0.2,23.1,43.2,24.69,Toliara,-23.35,43.667,8.0
2016-02-18,34.8,25.0,29.6,0.0,20.5,40.3,27.77,Toliara,-23.35,43.667,8.0
2016-02-19,34.5,26.8,29.8,1.3,19.5,39.6,25.31,Toliara,-23.35,43.667,8.0
2016-02-20,33.2,26.5,28.9,0.3,21.2,46.8,25.51,Toliara,-23.35,43.667,8.0
2016-02-21,31.7,25.1,28.1,1.8,18.7,41.0,21.95,Toliara,-23.35,43.667,8.0
2016-02-22,32.4,25.9,28.8,1.2,16.9,38.9,24.55,Toliara,-23.35,43.667,8.0
2016-02-23,34.5,26.3,29.9,0.0,24.3,47.9,26.65,Toliara,-23.35,43.667,8.0
2016-02-24,34.8,25.5,29.9,0.0,20.9,45.7,26.87,Toliara,-23.35,43.667,8.0
2016-02-25,32.8,26.5,29.3,0.2,16.6,37.1,23.33,Toliara,-23.35,43.667,8.0
2016-02-26,33.1,25.7,28.1,5.3,12.7,33.8,23.63,Toliara,-23.35,43.667,8.0
2016-02-27,32.2,24.9,27.6,3.9,15.9,36.4,24.68,Toliara,-23.35,43.667,8.0
2016-02-28,31.0,25.1,27.6,1.1,15.1,35.6,21.63,Toliara,-23.35,43.667,8.0
2016-02-29,33.1,24.9,28.3,3.1,17.1,32.4,24.34,Toliara,-23.35,43.667,8.0
2016-03-01,32.9,25.3,28.0,9.3,12.6,31.3,23.51,Toliara,-23.35,43.667,8.0
2016-03-02,31.1,25.1,27.5,11.8,9.4,29.2,21.03,Toliara,-23.35,43.667,8.0
2016-03-03,29.4,25.1,26.5,8.1,13.6,27.7,11.14,Toliara,-23.35,43.667,8.0
2016-03-04,31.5,25.0,27.4,3.1,12.1,29.2,18.23,Toliara,-23.35,43.667,8.0
2016-03-05,31.2,24.8,27.9,0.0,12.6,28.4,24.65,Toliara,-23.35,43.667,8.0
2016-03-06,31.7,25.7,28.5,0.8,13.5,27.0,24.0,Toliara,-23.35,43.667,8.0
2016-03-07,31.9,25.7,28.6,1.0,11.8,26.6,22.23,Toliara,-23.35,43.667,8.0
2016-03-08,32.5,25.6,28.7,0.4,11.2,25.2,23.67,Toliara,-23.35,43.667,8.0
2016-03-09,33.4,25.6,29.1,0.4,16.5,34.6,24.88,Toliara,-23.35,43.667,8.0
2016-03-10,33.4,26.1,29.4,0.2,13.1,28.8,24.57,Toliara,-23.35,43.667,8.0
2016-03-11,32.5,26.0,28.7,2.7,13.7,29.5,21.78,Toliara,-23.35,43.667,8.0
2016-03-12,31.6,25.7,28.2,2.8,13.5,30.6,20.34,Toliara,-23.35,43.667,8.0
2016-03-13,31.5,25.7,28.3,2.2,11.0,28.1,20.19,Toliara,-23.35,43.667,8.0
2016-03-14,32.0,26.0,28.1,6.3,11.5,27.4,20.37,Toliara,-23.35,43.667,8.0
2016-03-15,29.7,25.0,26.8,10.4,12.6,30.2,17.87,Toliara,-23.35,43.667,8.0
2016-03-16,29.3,24.5,26.8,2.4,11.2,28.8,18.68,Toliara,-23.35,43.667,8.0
2016-03-17,30.5,24.4,27.4,0.0,13.5,29.5,22.58,Toliara,-23.35,43.667,8.0
2016-03-18,31.4,24.7,27.8,0.2,16.7,35.3,23.23,Toliara,-23.35,43.667,8.0
2016-03-19,31.0,25.1,28.1,0.1,12.6,25.2,20.67,Toliara,-23.35,43.667,8.0
2016-03-20,33.0,24.7,28.6,0.9,10.1,25.6,22.69,Toliara,-23.35,43.667,8.0
2016-03-21,32.1,25.4,27.9,3.9,12.4,32.0,19.74,Toliara,-23.35,43.667,8.0
2016-03-22,29.7,25.2,26.9,4.7,17.3,33.8,16.07,Toliara,-23.35,43.667,8.0
2016-03-23,30.6,24.7,26.9,0.3,23.1,44.6,16.82,Toliara,-23.35,43.667,8.0
2016-03-24,32.4,23.5,27.5,0.0,19.8,36.4,19.24,Toliara,-23.35,43.667,8.0
2016-03-25,32.5,25.6,28.7,0.4,18.8,34.9,19.01,Toliara,-23.35,43.667,8.0
2016-03-26,32.1,26.3,28.9,0.0,14.5,29.9,14.67,Toliara,-23.35,43.667,8.0
2016-03-27,31.4,26.2,28.2,10.2,12.4,24.1,12.79,Toliara,-23.35,43.667,8.0
2016-03-28,28.7,25.5,26.5,62.2,10.2,23.0,8.28,Toliara,-23.35,43.667,8.0
2016-03-29,29.0,24.8,26.4,43.9,14.8,32.8,17.56,Toliara,-23.35,43.667,8.0
2016-03-30,30.5,24.4,26.7,2.4,13.1,24.5,19.56,Toliara,-23.35,43.667,8.0
2016-03-31,31.3,25.0,27.6,0.0,13.2,24.5,22.44,Toliara,-23.35,43.667,8.0
2016-04-01,31.5,25.1,27.9,0.0,13.0,24.8,22.29,Toliara,-23.35,43.667,8.0
2016-04-02,31.8,25.2,28.3,0.0,11.9,23.4,21.73,Toliara,-23.35,43.667,8.0
2016-04-03,32.1,25.5,28.1,0.0,21.8,40.7,22.61,Toliara,-23.35,43.667,8.0
2016-04-04,31.7,23.4,27.1,0.0,21.1,40.3,23.28,Toliara,-23.35,43.667,8.0
2016-04-05,31.7,23.6,27.0,0.0,20.2,35.6,23.1,Toliara,-23.35,43.667,8.0
2016-04-06,30.3,23.3,26.3,0.0,22.8,40.7,22.59,Toliara,-23.35,43.667,8.0
2016-04-07,26.5,22.5,24.2,0.2,28.1,52.6,14.2,Toliara,-23.35,43.667,8.0
2016-04-08,28.4,19.9,23.9,0.0,25.7,50.0,22.93,Toliara,-23.35,43.667,8.0
2016-04-09,30.0,20.1,24.7,0.0,23.0,43.6,21.81,Toliara,-23.35,43.667,8.0
2016-04-10,30.4,22.0,26.1,0.3,19.1,32.8,19.16,Toliara,-23.35,43.667,8.0
2016-04-11,30.7,23.5,26.7,0.6,14.7,26.6,15.31,Toliara,-23.35,43.667,8.0
2016-04-12,30.9,24.8,27.3,0.0,12.8,26.6,16.85,Toliara,-23.35,43.667,8.0
2016-04-13,31.3,24.8,27.4,0.0,15.1,29.2,13.31,Toliara,-23.35,43.667,8.0
2016-04-14,32.0,24.2,27.7,0.0,14.6,28.8,17.14,Toliara,-23.35,43.667,8.0
2016-04-15,33.0,24.5,28.4,0.0,18.6,33.1,21.08,Toliara,-23.35,43.667,8.0
2016-04-16,32.7,23.2,27.6,0.0,19.7,38.9,20.49,Toliara,-23.35,43.667,8.0
2016-04-17,31.3,24.4,27.5,0.0,14.2,29.5,16.51,Toliara,-23.35,43.667,8.0
2016-04-18,31.4,24.7,27.4,0.0,17.1,33.5,19.69,Toliara,-23.35,43.667,8.0
2016-04-19,30.3,21.9,25.8,0.0,19.7,35.3,20.92,Toliara,-23.35,43.667,8.0
2016-04-20,29.6,22.5,25.5,0.0,17.3,33.8,20.04,Toliara,-23.35,43.667,8.0
2016-04-21,31.3,22.2,26.0,0.0,17.5,32.0,20.13,Toliara,-23.35,43.667,8.0
2016-04-22,32.2,23.3,27.2,0.0,17.0,33.1,20.93,Toliara,-23.35,43.667,8.0
2016-04-23,32.1,21.3,26.3,0.0,16.8,35.6,20.46,Toliara,-23.35,43.667,8.0
2016-04-24,29.5,21.7,25.4,0.0,18.8,35.6,19.88,Toliara,-23.35,43.667,8.0
2016-04-25,32.0,22.3,26.6,0.0,19.2,38.2,20.25,Toliara,-23.35,43.667,8.0
2016-04-26,32.2,23.0,26.8,0.0,20.1,37.1,19.66,Toliara,-23.35,43.667,8.0
2016-04-27,30.8,22.6,26.0,0.0,20.0,37.8,19.75,Toliara,-23.35,43.667,8.0
2016-04-28,30.2,20.6,25.1,0.0,16.2,28.8,19.9,Toliara,-23.35,43.667,8.0
2016-04-29,30.6,21.9,25.5,0.0,13.3,29.5,19.82,Toliara,-23.35,43.667,8.0
2016-04-30,30.3,21.1,24.9,0.0,14.8,32.0,19.16,Toliara,-23.35,43.667,8.0
2016-05-01,28.2,21.8,24.4,0.0,16.0,34.6,15.29,Toliara,-23.35,43.667,8.0
2016-05-02,26.6,21.6,23.6,0.4,17.6,37.1,15.42,Toliara,-23.35,43.667,8.0
2016-05-03,28.2,20.7,23.8,0.0,18.6,37.8,17.78,Toliara,-23.35,43.667,8.0
2016-05-04,25.2,21.0,22.8,2.3,22.9,46.4,14.8,Toliara,-23.35,43.667,8.0
2016-05-05,25.4,19.8,22.0,0.0,19.4,38.2,16.11,Toliara,-23.35,43.667,8.0
2016-05-06,26.9,18.1,22.1,0.0,20.0,38.9,19.24,Toliara,-23.35,43.667,8.0
2016-05-07,28.1,18.5,22.8,0.0,22.0,38.9,18.83,Toliara,-23.35,43.667,8.0
2016-05-08,28.6,18.9,23.1,0.0,27.0,48.6,18.78,Toliara,-23.35,43.667,8.0
2016-05-09,28.4,18.5,22.7,0.0,25.5,49.3,18.89,Toliara,-23.35,43.667,8.0
2016-05-10,29.0,18.9,23.5,0.0,22.1,43.9,18.58,Toliara,-23.35,43.667,8.0
2016-05-11,29.3,20.3,24.3,0.0,19.6,35.6,18.17,Toliara,-23.35,43.667,8.0
2016-05-12,29.7,21.2,24.8,0.0,16.3,33.1,16.57,Toliara,-23.35,43.667,8.0
2016-05-13,29.9,21.4,24.9,0.0,15.8,30.6,16.49,Toliara,-23.35,43.667,8.0
2016-05-14,30.2,21.4,25.2,0.0,15.0,30.6,16.14,Toliara,-23.35,43.667,8.0
2016-05-15,30.2,22.2,25.4,0.0,14.3,29.9,16.77,Toliara,-23.35,43.667,8.0
2016-05-16,29.2,20.3,24.1,0.0,15.5,33.1,17.2,Toliara,-23.35,43.667,8.0
2016-05-17,27.2,20.8,23.3,0.0,21.7,41.0,15.12,Toliara,-23.35,43.667,8.0
2016-05-18,26.5,18.9,22.2,0.0,31.4,60.8,12.89,Toliara,-23.35,43.667,8.0
2016-05-19,27.1,17.2,21.4,0.0,32.4,61.9,17.77,Toliara,-23.35,43.667,8.0
2016-05-20,27.7,17.0,22.0,0.0,24.2,46.4,17.73,Toliara,-23.35,43.667,8.0
2016-05-21,27.3,17.7,22.2,0.0,21.6,37.8,17.56,Toliara,-23.35,43.667,8.0
2016-05-22,27.6,17.8,22.4,0.0,21.9,38.9,17.4,Toliara,-23.35,43.667,8.0
2016-05-23,28.2,17.7,22.6,0.0,20.8,40.3,17.36,Toliara,-23.35,43.667,8.0
2016-05-24,28.7,19.2,23.5,0.0,16.5,34.2,16.98,Toliara,-23.35,43.667,8.0
2016-05-25,28.2,19.1,23.1,0.0,15.5,30.2,16.97,Toliara,-23.35,43.667,8.0
2016-05-26,28.8,17.4,23.0,0.0,15.8,29.5,16.92,Toliara,-23.35,43.667,8.0
2016-05-27,29.4,20.1,24.2,0.0,15.0,26.6,15.22,Toliara,-23.35,43.667,8.0
2016-05-28,28.6,20.6,24.3,0.0,12.5,27.7,14.53,Toliara,-23.35,43.667,8.0
2016-05-29,29.1,19.3,24.2,0.0,12.7,24.5,15.74,Toliara,-23.35,43.667,8.0
2016-05-30,28.9,21.1,24.4,0.0,18.3,35.6,14.23,Toliara,-23.35,43.667,8.0
2016-05-31,29.3,21.3,24.8,0.0,15.1,29.9,14.12,Toliara,-23.35,43.667,8.0
2016-06-01,29.5,22.7,24.9,3.5,15.6,28.8,12.38,Toliara,-23.35,43.667,8.0
2016-06-02,28.8,21.3,24.0,2.6,15.3,31.7,12.42,Toliara,-23.35,43.667,8.0
2016-06-03,28.6,21.2,24.3,0.0,14.7,27.7,14.94,Toliara,-23.35,43.667,8.0
2016-06-04,28.6,19.5,23.4,0.0,14.5,30.2,15.46,Toliara,-23.35,43.667,8.0
2016-06-05,26.6,19.8,22.6,0.0,17.1,33.8,15.43,Toliara,-23.35,43.667,8.0
2016-06-06,26.5,19.0,21.9,0.2,24.5,43.6,14.1,Toliara,-23.35,43.667,8.0
2016-06-07,24.7,16.0,20.0,0.0,24.3,47.9,16.37,Toliara,-23.35,43.667,8.0
2016-06-08,26.2,16.1,20.7,0.0,21.9,43.9,16.14,Toliara,-23.35,43.667,8.0
2016-06-09,27.8,16.8,21.7,0.0,20.6,41.0,16.06,Toliara,-23.35,43.667,8.0
2016-06-10,27.7,18.2,22.2,0.0,16.8,29.9,15.92,Toliara,-23.35,43.667,8.0
2016-06-11,26.9,17.3,21.5,0.0,15.8,31.0,15.81,Toliara,-23.35,43.667,8.0
2016-06-12,23.8,18.1,20.6,0.8,28.1,55.8,11.34,Toliara,-23.35,43.667,8.0
2016-06-13,23.6,16.0,19.3,0.0,32.0,61.9,16.22,Toliara,-23.35,43.667,8.0
2016-06-14,24.9,17.1,19.8,4.7,26.7,48.2,8.0,Toliara,-23.35,43.667,8.0
2016-06-15,26.0,18.4,21.4,0.0,13.8,30.6,14.09,Toliara,-23.35,43.667,8.0
2016-06-16,26.7,17.0,21.4,0.0,14.5,29.2,14.72,Toliara,-23.35,43.667,8.0
2016-06-17,27.1,17.8,22.0,0.0,16.9,33.5,14.4,Toliara,-23.35,43.667,8.0
2016-06-18,27.9,19.2,22.9,0.0,11.5,25.2,14.19,Toliara,-23.35,43.667,8.0
2016-06-19,27.3,18.6,22.5,0.0,10.8,25.2,14.2,Toliara,-23.35,43.667,8.0
2016-06-20,28.5,18.7,23.2,0.0,12.3,23.0,15.35,Toliara,-23.35,43.667,8.0
2016-06-21,28.2,18.9,22.9,0.0,12.3,23.0,15.56,Toliara,-23.35,43.667,8.0
2016-06-22,27.4,18.1,22.3,0.0,20.9,38.5,15.63,Toliara,-23.35,43.667,8.0
2016-06-23,27.4,17.6,21.7,0.0,26.9,48.2,15.3,Toliara,-23.35,43.667,8.0
2016-06-24,28.3,18.7,22.7,0.0,24.0,47.2,15.63,Toliara,-23.35,43.667,8.0
2016-06-25,28.7,18.6,23.0,0.0,21.6,40.3,14.92,Toliara,-23.35,43.667,8.0
2016-06-26,28.3,19.7,23.3,0.0,15.0,29.2,15.0,Toliara,-23.35,43.667,8.0
2016-06-27,27.5,19.0,22.7,0.0,14.2,25.9,15.47,Toliara,-23.35,43.667,8.0
2016-06-28,27.7,17.7,22.5,0.0,14.3,30.2,15.48,Toliara,-23.35,43.667,8.0
2016-06-29,27.2,18.3,22.3,0.0,19.1,33.1,15.79,Toliara,-23.35,43.667,8.0
2016-06-30,27.9,17.7,22.2,0.0,19.7,39.6,15.96,Toliara,-23.35,43.667,8.0
2016-07-01,27.3,17.4,21.7,0.0,18.6,34.6,16.1,Toliara,-23.35,43.667,8.0
2016-07-02,26.3,17.0,21.2,0.0,17.5,36.7,15.82,Toliara,-23.35,43.667,8.0
2016-07-03,25.7,18.3,21.5,0.0,18.7,35.6,14.36,Toliara,-23.35,43.667,8.0
2016-07-04,25.0,17.8,21.2,0.0,22.9,42.8,11.01,Toliara,-23.35,43.667,8.0
2016-07-05,27.8,17.8,22.1,0.0,24.7,49.0,14.93,Toliara,-23.35,43.667,8.0
2016-07-06,28.4,19.0,23.2,0.0,20.7,40.7,15.4,Toliara,-23.35,43.667,8.0
2016-07-07,27.9,19.3,22.9,0.0,18.7,36.4,14.73,Toliara,-23.35,43.667,8.0
2016-07-08,26.3,18.3,21.9,0.0,18.9,36.0,15.61,Toliara,-23.35,43.667,8.0
2016-07-09,24.9,17.3,20.4,0.0,23.7,43.2,14.8,Toliara,-23.35,43.667,8.0
2016-07-10,25.4,16.0,20.2,0.0,22.1,40.3,16.0,Toliara,-23.35,43.667,8.0
2016-07-11,26.0,16.3,20.6,0.0,21.3,42.8,16.26,Toliara,-23.35,43.667,8.0
2016-07-12,27.5,16.8,21.6,0.0,19.7,37.1,16.46,Toliara,-23.35,43.667,8.0
2016-07-13,27.9,18.1,22.7,0.0,19.1,36.7,15.9,Toliara,-23.35,43.667,8.0
2016-07-14,26.8,19.3,22.8,0.0,16.3,31.7,11.51,Toliara,-23.35,43.667,8.0
2016-07-15,27.0,19.3,22.5,0.0,12.9,25.6,11.76,Toliara,-23.35,43.667,8.0
2016-07-16,27.9,19.0,23.0,0.0,14.4,29.5,14.05,Toliara,-23.35,43.667,8.0
2016-07-17,28.4,19.0,23.3,0.0,16.7,30.6,13.68,Toliara,-23.35,43.667,8.0
2016-07-18,28.0,19.4,23.1,0.0,17.6,33.1,15.65,Toliara,-23.35,43.667,8.0
2016-07-19,26.7,17.8,21.7,0.0,16.5,32.4,15.6,Toliara,-23.35,43.667,8.0
2016-07-20,26.9,17.1,21.2,0.0,17.8,34.6,16.45,Toliara,-23.35,43.667,8.0
2016-07-21,29.1,16.4,22.3,0.0,14.3,27.0,16.74,Toliara,-23.35,43.667,8.0
2016-07-22,29.4,19.2,23.8,0.0,14.2,28.1,15.45,Toliara,-23.35,43.667,8.0
2016-07-23,26.7,20.4,23.2,0.0,11.5,29.2,11.64,Toliara,-23.35,43.667,8.0
2016-07-24,29.8,21.1,24.9,0.0,15.8,30.2,15.33,Toliara,-23.35,43.667,8.0
2016-07-25,30.6,21.3,25.2,0.0,16.5,29.2,15.85,Toliara,-23.35,43.667,8.0
2016-07-26,30.8,21.2,24.9,0.0,18.2,37.8,17.29,Toliara,-23.35,43.667,8.0
2016-07-27,29.2,19.9,23.8,0.0,15.4,28.8,16.78,Toliara,-23.35,43.667,8.0
2016-07-28,28.6,20.1,23.5,0.0,15.0,32.0,16.73,Toliara,-23.35,43.667,8.0
2016-07-29,28.1,19.2,22.8,0.0,16.1,32.4,17.1,Toliara,-23.35,43.667,8.0
2016-07-30,26.4,17.8,21.3,1.8,20.9,44.3,15.87,Toliara,-23.35,43.667,8.0
2016-07-31,23.8,18.0,20.6,0.5,16.0,35.3,13.65,Toliara,-23.35,43.667,8.0
2016-08-01,25.9,16.2,20.6,0.0,18.1,36.4,17.25,Toliara,-23.35,43.667,8.0
2016-08-02,26.6,16.9,21.3,0.0,19.0,38.9,17.88,Toliara,-23.35,43.667,8.0
2016-08-03,26.6,17.2,21.4,0.0,17.1,37.4,16.56,Toliara,-23.35,43.667,8.0
2016-08-04,26.7,16.9,21.3,0.0,18.9,38.9,18.06,Toliara,-23.35,43.667,8.0
2016-08-05,25.5,18.8,21.2,0.0,21.6,42.5,16.96,Toliara,-23.35,43.667,8.0
2016-08-06,26.8,16.8,21.3,0.0,18.1,35.3,18.63,Toliara,-23.35,43.667,8.0
2016-08-07,28.7,17.6,22.6,0.0,17.4,32.4,18.66,Toliara,-23.35,43.667,8.0
2016-08-08,28.3,19.0,22.8,0.0,17.7,33.8,19.09,Toliara,-23.35,43.667,8.0
2016-08-09,24.9,19.3,21.6,0.0,16.3,36.0,16.82,Toliara,-23.35,43.667,8.0
2016-08-10,23.8,17.2,20.2,0.2,14.4,31.7,16.15,Toliara,-23.35,43.667,8.0
2016-08-11,25.5,15.7,20.3,0.0,20.7,40.7,18.41,Toliara,-23.35,43.667,8.0
2016-08-12,27.4,17.1,21.5,0.0,19.4,38.2,19.12,Toliara,-23.35,43.667,8.0
2016-08-13,29.9,17.8,23.1,0.0,16.3,34.9,18.07,Toliara,-23.35,43.667,8.0
2016-08-14,29.6,19.6,23.7,0.0,14.2,27.7,13.91,Toliara,-23.35,43.667,8.0
2016-08-15,30.3,19.1,24.5,0.0,15.1,31.3,17.49,Toliara,-23.35,43.667,8.0
2016-08-16,30.5,20.9,25.2,0.0,18.8,35.6,19.76,Toliara,-23.35,43.667,8.0
2016-08-17,29.6,20.2,24.8,0.0,20.1,36.0,19.36,Toliara,-23.35,43.667,8.0
2016-08-18,29.1,20.5,24.4,0.0,19.0,35.6,18.35,Toliara,-23.35,43.667,8.0
2016-08-19,29.2,20.9,24.2,0.0,17.7,38.2,17.42,Toliara,-23.35,43.667,8.0
2016-08-20,27.8,20.0,23.3,0.1,19.8,41.0,18.65,Toliara,-23.35,43.667,8.0
2016-08-21,27.9,19.9,23.0,0.0,17.4,35.6,19.17,Toliara,-23.35,43.667,8.0
2016-08-22,29.3,17.6,23.1,0.0,15.2,34.6,19.14,Toliara,-23.35,43.667,8.0
2016-08-23,25.6,19.1,22.2,0.0,21.4,39.6,18.58,Toliara,-23.35,43.667,8.0
2016-08-24,26.1,18.8,21.6,0.0,22.5,43.9,20.07,Toliara,-23.35,43.667,8.0
2016-08-25,27.6,16.5,21.6,0.0,20.4,38.2,21.12,Toliara,-23.35,43.667,8.0
2016-08-26,28.3,17.5,22.5,0.0,22.8,40.7,21.42,Toliara,-23.35,43.667,8.0
2016-08-27,29.6,17.4,23.1,0.0,25.2,47.9,21.42,Toliara,-23.35,43.667,8.0
2016-08-28,30.0,18.6,24.0,0.0,25.6,49.7,21.89,Toliara,-23.35,43.667,8.0
2016-08-29,28.5,18.3,22.6,0.0,23.1,42.8,22.02,Toliara,-23.35,43.667,8.0
2016-08-30,29.2,17.4,22.5,0.0,16.5,32.8,22.47,Toliara,-23.35,43.667,8.0
2016-08-31,30.2,18.3,23.9,0.0,20.1,36.4,22.47,Toliara,-23.35,43.667,8.0
2016-09-01,30.1,19.1,23.9,0.0,20.7,40.3,22.18,Toliara,-23.35,43.667,8.0
2016-09-02,29.0,19.3,23.2,0.0,19.9,40.7,21.8,Toliara,-23.35,43.667,8.0
2016-09-03,28.5,17.6,22.9,0.0,19.4,41.4,21.55,Toliara,-23.35,43.667,8.0
2016-09-04,29.7,17.1,23.0,0.0,19.2,38.2,20.01,Toliara,-23.35,43.667,8.0
2016-09-05,29.1,18.5,23.4,0.0,19.3,41.0,21.82,Toliara,-23.35,43.667,8.0
2016-09-06,29.7,19.2,24.0,0.0,19.2,36.7,22.41,Toliara,-23.35,43.667,8.0
2016-09-07,29.9,18.5,24.0,0.0,18.6,37.8,22.69,Toliara,-23.35,43.667,8.0
2016-09-08,30.8,17.6,24.3,0.0,18.6,38.5,22.97,Toliara,-23.35,43.667,8.0
2016-09-09,31.8,16.9,24.5,0.0,17.6,37.4,23.18,Toliara,-23.35,43.667,8.0
2016-09-10,32.2,18.3,25.3,0.0,21.9,41.8,23.17,Toliara,-23.35,43.667,8.0
2016-09-11,32.3,20.2,26.1,0.0,17.6,34.2,23.7,Toliara,-23.35,43.667,8.0
2016-09-12,30.7,21.4,25.3,0.0,17.7,39.2,23.27,Toliara,-23.35,43.667,8.0
2016-09-13,30.0,19.6,24.1,0.0,18.3,38.9,23.38,Toliara,-23.35,43.667,8.0
2016-09-14,31.7,19.4,24.6,0.0,21.2,43.9,23.9,Toliara,-23.35,43.667,8.0
2016-09-15,29.0,18.9,23.7,0.0,15.4,35.6,24.01,Toliara,-23.35,43.667,8.0
2016-09-16,30.6,17.1,23.9,0.0,15.6,34.6,24.13,Toliara,-23.35,43.667,8.0
2016-09-17,30.3,18.7,24.0,0.0,17.9,40.7,23.73,Toliara,-23.35,43.667,8.0
2016-09-18,31.2,21.1,24.9,0.0,20.6,43.2,24.22,Toliara,-23.35,43.667,8.0
2016-09-19,29.5,18.8,23.8,0.0,19.0,40.7,24.49,Toliara,-23.35,43.667,8.0
2016-09-20,28.3,19.1,23.0,0.0,20.5,42.1,24.11,Toliara,-23.35,43.667,8.0
2016-09-21,29.4,18.7,23.3,0.0,19.4,40.7,24.21,Toliara,-23.35,43.667,8.0
2016-09-22,31.2,19.2,24.6,0.0,17.9,38.5,23.09,Toliara,-23.35,43.667,8.0
2016-09-23,30.9,18.9,25.0,0.0,19.4,41.4,23.41,Toliara,-23.35,43.667,8.0
2016-09-24,31.1,20.8,25.2,0.0,21.4,43.6,24.85,Toliara,-23.35,43.667,8.0
2016-09-25,30.6,19.5,24.6,0.0,21.7,42.5,25.28,Toliara,-23.35,43.667,8.0
2016-09-26,31.2,21.2,25.8,0.0,21.0,40.3,25.23,Toliara,-23.35,43.667,8.0
2016-09-27,31.9,23.2,26.6,0.0,19.0,41.4,23.73,Toliara,-23.35,43.667,8.0
2016-09-28,31.5,21.8,26.0,0.0,16.5,36.0,22.22,Toliara,-23.35,43.667,8.0
2016-09-29,31.2,21.5,26.0,0.0,19.3,38.9,20.83,Toliara,-23.35,43.667,8.0
2016-09-30,32.1,23.8,27.3,0.0,20.5,43.6,22.3,Toliara,-23.35,43.667,8.0
2016-10-01,32.2,23.4,26.6,0.2,18.7,38.9,23.52,Toliara,-23.35,43.667,8.0
2016-10-02,30.9,20.8,24.8,5.9,20.2,41.0,23.71,Toliara,-23.35,43.667,8.0
2016-10-03,24.6,20.9,22.3,4.9,21.4,42.8,16.71,Toliara,-23.35,43.667,8.0
2016-10-04,23.4,19.3,21.4,3.7,23.1,48.2,21.36,Toliara,-23.35,43.667,8.0
2016-10-05,22.3,18.3,19.9,4.2,24.3,55.1,20.78,Toliara,-23.35,43.667,8.0
2016-10-06,23.3,17.7,20.4,0.6,19.9,41.4,21.83,Toliara,-23.35,43.667,8.0
2016-10-07,27.7,15.4,21.5,0.0,16.6,35.3,27.44,Toliara,-23.35,43.667,8.0
2016-10-08,31.6,19.1,24.7,0.0,19.4,40.7,27.26,Toliara,-23.35,43.667,8.0
2016-10-09,31.8,20.3,25.5,0.0,19.1,41.0,27.21,Toliara,-23.35,43.667,8.0
2016-10-10,31.3,21.4,25.8,0.0,18.8,38.5,24.18,Toliara,-23.35,43.667,8.0
2016-10-11,31.8,21.2,26.2,0.0,18.6,37.8,26.5,Toliara,-23.35,43.667,8.0
2016-10-12,33.1,21.9,27.1,0.0,21.7,43.2,26.7,Toliara,-23.35,43.667,8.0
2016-10-13,30.2,21.5,25.2,0.0,23.2,45.0,26.58,Toliara,-23.35,43.667,8.0
2016-10-14,29.8,20.9,24.6,0.0,25.6,50.8,25.86,Toliara,-23.35,43.667,8.0
2016-10-15,31.0,21.1,25.5,0.0,25.4,47.5,26.41,Toliara,-23.35,43.667,8.0
2016-10-16,30.4,22.0,25.7,0.0,17.8,38.5,27.79,Toliara,-23.35,43.667,8.0
2016-10-17,28.7,21.5,25.0,0.0,16.7,37.4,27.06,Toliara,-23.35,43.667,8.0
2016-10-18,31.1,21.7,25.7,0.0,23.8,43.2,27.56,Toliara,-23.35,43.667,8.0
2016-10-19,32.2,21.2,26.0,0.0,23.8,43.6,26.78,Toliara,-23.35,43.667,8.0
2016-10-20,29.5,21.4,25.2,0.0,19.7,42.1,27.77,Toliara,-23.35,43.667,8.0
2016-10-21,29.4,20.2,24.5,0.0,21.6,44.3,27.21,Toliara,-23.35,43.667,8.0
2016-10-22,28.7,21.3,24.8,0.0,17.0,37.4,24.13,Toliara,-23.35,43.667,8.0
2016-10-23,30.9,21.5,25.7,0.2,14.1,35.3,26.57,Toliara,-23.35,43.667,8.0
2016-10-24,31.9,20.8,26.5,0.0,18.0,35.3,24.8,Toliara,-23.35,43.667,8.0
2016-10-25,32.0,22.4,26.8,1.2,16.9,33.5,25.44,Toliara,-23.35,43.667,8.0
2016-10-26,31.6,23.0,26.6,0.4,18.7,37.4,26.89,Toliara,-23.35,43.667,8.0
2016-10-27,31.8,21.2,26.4,0.0,18.1,38.5,27.23,Toliara,-23.35,43.667,8.0
2016-10-28,31.4,21.4,26.0,0.0,19.4,39.6,29.05,Toliara,-23.35,43.667,8.0
2016-10-29,29.7,21.2,25.0,0.0,19.9,40.7,29.55,Toliara,-23.35,43.667,8.0
2016-10-30,29.6,19.8,25.0,0.0,16.1,36.7,29.32,Toliara,-23.35,43.667,8.0
2016-10-31,31.2,20.5,25.4,0.0,19.4,41.8,29.31,Toliara,-23.35,43.667,8.0
2016-11-01,31.3,20.4,25.8,0.0,20.9,41.4,26.74,Toliara,-23.35,43.667,8.0
2016-11-02,31.8,22.7,26.9,0.0,26.5,53.3,27.76,Toliara,-23.35,43.667,8.0
2016-11-03,32.5,22.8,28.0,0.0,22.8,41.4,25.83,Toliara,-23.35,43.667,8.0
2016-11-04,33.0,24.5,28.0,0.0,20.1,36.7,24.75,Toliara,-23.35,43.667,8.0
2016-11-05,32.3,24.6,27.5,1.7,15.1,36.0,26.64,Toliara,-23.35,43.667,8.0
2016-11-06,33.2,24.6,27.9,0.0,19.4,41.8,25.63,Toliara,-23.35,43.667,8.0
2016-11-07,33.6,23.2,27.9,0.0,20.4,41.0,27.55,Toliara,-23.35,43.667,8.0
2016-11-08,33.9,24.0,28.1,0.0,23.1,46.4,28.96,Toliara,-23.35,43.667,8.0
2016-11-09,33.3,23.3,28.0,0.0,22.0,46.1,29.83,Toliara,-23.35,43.667,8.0
2016-11-10,32.9,23.9,27.9,0.0,20.4,42.1,29.47,Toliara,-23.35,43.667,8.0
2016-11-11,33.1,23.8,27.8,0.0,24.9,52.9,29.3,Toliara,-23.35,43.667,8.0
2016-11-12,32.9,24.4,28.1,0.7,16.2,36.0,27.43,Toliara,-23.35,43.667,8.0
2016-11-13,33.0,23.8,27.6,0.0,21.8,49.3,28.59,Toliara,-23.35,43.667,8.0
2016-11-14,31.8,22.7,27.4,1.4,21.8,39.2,27.68,Toliara,-23.35,43.667,8.0
2016-11-15,32.7,24.3,28.2,0.8,25.8,45.7,28.83,Toliara,-23.35,43.667,8.0
2016-11-16,33.1,24.0,27.8,0.6,20.7,38.5,28.2,Toliara,-23.35,43.667,8.0
2016-11-17,31.8,24.5,27.6,0.4,17.7,39.2,27.2,Toliara,-23.35,43.667,8.0
2016-11-18,31.9,24.2,27.0,1.8,21.3,46.8,24.97,Toliara,-23.35,43.667,8.0
2016-11-19,30.4,23.2,26.2,0.0,23.1,45.0,26.48,Toliara,-23.35,43.667,8.0
2016-11-20,30.1,22.4,25.6,0.0,25.6,51.5,29.31,Toliara,-23.35,43.667,8.0
2016-11-21,31.6,21.9,26.5,0.0,22.5,45.0,29.02,Toliara,-23.35,43.667,8.0
2016-11-22,32.4,24.0,27.8,0.0,20.7,43.6,29.93,Toliara,-23.35,43.667,8.0
2016-11-23,33.4,24.0,27.9,0.0,24.2,51.1,26.92,Toliara,-23.35,43.667,8.0
2016-11-24,33.6,25.6,29.0,1.8,16.6,38.9,25.3,Toliara,-23.35,43.667,8.0
2016-11-25,32.1,24.6,27.3,1.3,18.4,41.8,26.54,Toliara,-23.35,43.667,8.0
2016-11-26,31.0,23.7,26.5,0.2,18.7,41.4,27.28,Toliara,-23.35,43.667,8.0
2016-11-27,30.3,21.6,26.1,0.0,20.1,41.0,24.59,Toliara,-23.35,43.667,8.0
2016-11-28,31.0,24.2,27.0,0.0,17.1,36.7,16.87,Toliara,-23.35,43.667,8.0
2016-11-29,32.7,23.3,27.1,1.8,18.9,43.6,25.86,Toliara,-23.35,43.667,8.0
2016-11-30,30.3,23.6,26.6,0.6,17.8,37.4,25.95,Toliara,-23.35,43.667,8.0
2016-12-01,30.1,23.4,26.2,0.0,19.4,42.5,29.28,Toliara,-23.35,43.667,8.0
2016-12-02,28.6,20.8,24.5,2.5,24.4,62.6,21.53,Toliara,-23.35,43.667,8.0
2016-12-03,30.3,21.7,25.6,0.0,24.6,48.6,31.65,Toliara,-23.35,43.667,8.0
2016-12-04,33.9,21.7,27.3,0.0,22.2,43.6,30.66,Toliara,-23.35,43.667,8.0
2016-12-05,33.8,21.9,27.6,0.0,22.2,46.4,30.77,Toliara,-23.35,43.667,8.0
2016-12-06,32.6,22.3,27.5,0.0,21.4,45.4,29.99,Toliara,-23.35,43.667,8.0
2016-12-07,33.1,22.8,27.7,0.0,19.9,42.5,29.97,Toliara,-23.35,43.667,8.0
2016-12-08,32.3,23.3,27.5,0.2,16.7,39.2,28.23,Toliara,-23.35,43.667,8.0
2016-12-09,33.5,23.2,28.4,0.3,16.3,36.0,28.03,Toliara,-23.35,43.667,8.0
2016-12-10,34.2,24.2,29.2,0.1,16.7,36.4,27.0,Toliara,-23.35,43.667,8.0
2016-12-11,35.0,25.8,29.6,0.2,21.3,43.2,28.32,Toliara,-23.35,43.667,8.0
2016-12-12,33.6,25.2,29.3,0.0,27.1,52.9,30.12,Toliara,-23.35,43.667,8.0
2016-12-13,32.5,26.1,29.1,0.2,17.8,40.7,28.08,Toliara,-23.35,43.667,8.0
2016-12-14,31.8,24.7,28.0,0.0,22.3,46.8,28.67,Toliara,-23.35,43.667,8.0
2016-12-15,34.1,26.1,29.3,1.1,14.8,36.4,26.68,Toliara,-23.35,43.667,8.0
2016-12-16,32.7,25.3,27.8,13.0,18.0,40.3,25.75,Toliara,-23.35,43.667,8.0
2016-12-17,28.7,23.6,26.0,6.7,16.9,30.2,17.01,Toliara,-23.35,43.667,8.0
2016-12-18,29.4,23.8,26.1,3.3,13.0,28.4,21.07,Toliara,-23.35,43.667,8.0
2016-12-19,30.7,23.9,26.9,5.9,13.6,35.3,26.7,Toliara,-23.35,43.667,8.0
2016-12-20,31.5,25.2,27.3,10.3,9.7,29.2,20.42,Toliara,-23.35,43.667,8.0
2016-12-21,31.0,25.2,27.7,4.5,22.0,42.5,23.04,Toliara,-23.35,43.667,8.0
2016-12-22,30.9,25.0,27.6,0.0,11.8,32.0,19.58,Toliara,-23.35,43.667,8.0
2016-12-23,32.7,24.5,28.5,0.3,14.2,32.8,28.32,Toliara,-23.35,43.667,8.0
2016-12-24,33.7,26.2,28.9,3.4,18.7,37.4,27.13,Toliara,-23.35,43.667,8.0
2016-12-25,32.2,25.7,28.7,1.2,20.8,44.3,25.76,Toliara,-23.35,43.667,8.0
2016-12-26,34.0,25.5,29.9,0.0,18.8,34.6,29.12,Toliara,-23.35,43.667,8.0
2016-12-27,34.6,26.7,29.9,0.0,18.4,39.2,28.56,Toliara,-23.35,43.667,8.0
2016-12-28,34.7,26.5,29.9,0.2,14.1,28.1,27.47,Toliara,-23.35,43.667,8.0
2016-12-29,33.1,26.4,28.6,7.6,14.0,33.5,23.1,Toliara,-23.35,43.667,8.0
2016-12-30,31.2,25.6,28.1,0.1,20.8,42.8,27.87,Toliara,-23.35,43.667,8.0
2016-12-31,32.4,24.9,28.6,0.5,23.1,41.0,29.06,Toliara,-23.35,43.667,8.0
2017-01-01,31.1,25.8,28.5,0.2,35.1,64.8,28.44,Toliara,-23.35,43.667,8.0
2017-01-02,32.3,26.5,28.8,2.2,17.6,46.1,26.15,Toliara,-23.35,43.667,8.0
2017-01-03,32.0,26.3,28.9,0.6,26.4,55.1,26.91,Toliara,-23.35,43.667,8.0
2017-01-04,29.8,25.5,27.1,10.4,14.0,40.7,20.51,Toliara,-23.35,43.667,8.0
2017-01-05,30.3,24.2,27.1,0.3,15.5,40.7,26.43,Toliara,-23.35,43.667,8.0
2017-01-06,31.4,25.4,27.6,4.2,13.0,44.6,26.18,Toliara,-23.35,43.667,8.0
2017-01-07,31.4,25.2,27.7,0.6,16.9,37.4,25.53,Toliara,-23.35,43.667,8.0
2017-01-08,30.8,25.4,27.9,2.2,17.0,38.5,26.23,Toliara,-23.35,43.667,8.0
2017-01-09,29.9,25.5,27.4,1.1,15.0,37.4,20.65,Toliara,-23.35,43.667,8.0
2017-01-10,28.0,24.5,26.0,21.9,15.5,39.6,12.24,Toliara,-23.35,43.667,8.0
2017-01-11,29.5,25.0,27.1,2.7,13.0,29.5,18.88,Toliara,-23.35,43.667,8.0
2017-01-12,30.7,25.1,27.8,10.1,14.3,34.9,26.74,Toliara,-23.35,43.667,8.0
2017-01-13,30.2,25.5,28.0,1.7,13.8,30.6,18.29,Toliara,-23.35,43.667,8.0
2017-01-14,30.7,25.2,27.7,3.5,14.5,32.4,27.5,Toliara,-23.35,43.667,8.0
2017-01-15,30.1,25.3,27.3,1.8,17.2,35.6,20.52,Toliara,-23.35,43.667,8.0
2017-01-16,31.2,25.6,28.1,4.9,21.1,43.9,24.47,Toliara,-23.35,43.667,8.0
2017-01-17,31.6,25.5,28.0,0.8,20.3,43.6,26.11,Toliara,-23.35,43.667,8.0
2017-01-18,29.9,24.8,26.9,6.1,13.0,29.2,23.43,Toliara,-23.35,43.667,8.0
2017-01-19,30.7,24.2,27.4,0.7,15.6,33.1,26.16,Toliara,-23.35,43.667,8.0
2017-01-20,30.8,25.5,28.1,0.6,17.8,34.6,26.12,Toliara,-23.35,43.667,8.0
2017-01-21,30.5,25.8,27.9,1.4,17.1,34.2,21.78,Toliara,-23.35,43.667,8.0
2017-01-22,33.6,26.0,29.2,0.0,18.2,37.8,27.6,Toliara,-23.35,43.667,8.0
2017-01-23,32.1,26.1,29.3,0.0,15.5,30.2,27.68,Toliara,-23.35,43.667,8.0
2017-01-24,32.2,26.2,29.4,0.1,16.1,36.0,28.62,Toliara,-23.35,43.667,8.0
2017-01-25,31.5,26.5,29.1,1.8,19.8,42.1,24.56,Toliara,-23.35,43.667,8.0
2017-01-26,31.0,26.9,28.8,0.3,18.4,39.6,26.02,Toliara,-23.35,43.667,8.0
2017-01-27,31.1,25.7,28.5,0.0,18.2,40.0,29.67,Toliara,-23.35,43.667,8.0
2017-01-28,32.0,24.6,28.4,0.0,20.6,45.0,30.0,Toliara,-23.35,43.667,8.0
2017-01-29,31.6,25.4,28.6,0.0,22.7,43.2,29.89,Toliara,-23.35,43.667,8.0
2017-01-30,32.0,26.0,29.2,0.0,19.5,42.8,29.37,Toliara,-23.35,43.667,8.0
2017-01-31,31.8,26.7,29.5,0.0,28.3,52.9,29.45,Toliara,-23.35,43.667,8.0
2017-02-01,32.8,25.6,29.5,0.0,26.9,52.9,29.71,Toliara,-23.35,43.667,8.0
2017-02-02,33.5,26.1,29.7,0.0,16.7,38.5,30.05,Toliara,-23.35,43.667,8.0
2017-02-03,33.4,27.4,30.1,0.0,16.9,43.6,27.41,Toliara,-23.35,43.667,8.0
2017-02-04,33.9,27.4,30.4,0.0,20.6,47.9,28.71,Toliara,-23.35,43.667,8.0
2017-02-05,32.0,27.7,29.7,0.1,18.7,41.8,25.55,Toliara,-23.35,43.667,8.0
2017-02-06,32.6,27.9,29.9,0.0,21.3,43.2,25.96,Toliara,-23.35,43.667,8.0
2017-02-07,36.1,28.0,30.9,0.3,19.1,38.5,24.38,Toliara,-23.35,43.667,8.0
2017-02-08,33.6,27.1,30.0,0.4,19.8,38.2,26.2,Toliara,-23.35,43.667,8.0
2017-02-09,31.0,26.3,28.2,4.9,23.1,48.6,22.38,Toliara,-23.35,43.667,8.0
2017-02-10,30.8,26.4,28.3,0.7,14.9,34.6,23.46,Toliara,-23.35,43.667,8.0
2017-02-11,31.7,26.2,28.5,1.2,13.8,39.2,22.8,Toliara,-23.35,43.667,8.0
2017-02-12,31.7,26.7,28.7,2.3,15.5,45.7,23.63,Toliara,-23.35,43.667,8.0
2017-02-13,32.7,25.8,28.4,5.4,14.0,37.1,16.53,Toliara,-23.35,43.667,8.0
2017-02-14,33.3,25.8,29.2,0.8,11.2,45.0,19.89,Toliara,-23.35,43.667,8.0
2017-02-15,34.8,27.0,30.2,3.3,17.0,39.6,21.0,Toliara,-23.35,43.667,8.0
2017-02-16,35.1,27.2,30.9,0.0,19.5,39.6,26.58,Toliara,-23.35,43.667,8.0
2017-02-17,33.6,27.2,30.0,3.7,24.4,49.7,26.09,Toliara,-23.35,43.667,8.0
2017-02-18,33.9,24.7,29.0,0.5,24.2,44.3,27.87,Toliara,-23.35,43.667,8.0
2017-02-19,31.8,24.8,28.2,3.9,18.4,40.7,26.12,Toliara,-23.35,43.667,8.0
2017-02-20,29.5,24.8,26.6,2.1,21.7,46.8,20.77,Toliara,-23.35,43.667,8.0
2017-02-21,30.9,24.0,26.9,0.5,21.3,44.3,24.13,Toliara,-23.35,43.667,8.0
2017-02-22,30.8,24.3,26.9,9.3,16.2,43.2,23.45,Toliara,-23.35,43.667,8.0
2017-02-23,30.9,24.4,27.4,0.0,12.4,38.9,24.39,Toliara,-23.35,43.667,8.0
2017-02-24,31.2,25.3,28.1,0.0,13.8,30.6,25.05,Toliara,-23.35,43.667,8.0
2017-02-25,31.7,25.8,28.7,0.4,17.0,36.7,25.88,Toliara,-23.35,43.667,8.0
2017-02-26,31.7,25.7,28.3,1.8,18.2,38.9,26.28,Toliara,-23.35,43.667,8.0
2017-02-27,30.0,24.9,27.4,7.4,21.4,39.6,17.98,Toliara,-23.35,43.667,8.0
2017-02-28,33.1,25.3,28.6,0.0,21.5,38.2,20.64,Toliara,-23.35,43.667,8.0
2017-03-01,32.1,26.2,28.9,0.5,13.7,33.1,24.9,Toliara,-23.35,43.667,8.0
2017-03-02,32.6,25.8,29.1,1.1,16.0,40.0,25.48,Toliara,-23.35,43.667,8.0
2017-03-03,32.2,26.1,29.2,0.1,13.6,33.5,25.28,Toliara,-23.35,43.667,8.0
2017-03-04,33.2,26.5,29.8,0.1,17.4,38.2,24.11,Toliara,-23.35,43.667,8.0
2017-03-05,34.0,26.3,30.1,0.0,17.3,39.2,26.14,Toliara,-23.35,43.667,8.0
2017-03-06,34.5,26.4,30.3,0.0,26.3,50.8,26.02,Toliara,-23.35,43.667,8.0
2017-03-07,35.8,27.1,30.9,0.0,27.5,54.0,25.34,Toliara,-23.35,43.667,8.0
2017-03-08,36.9,27.2,31.4,0.4,20.9,44.3,24.55,Toliara,-23.35,43.667,8.0
2017-03-09,29.6,25.0,27.2,20.3,38.2,67.3,5.03,Toliara,-23.35,43.667,8.0
2017-03-10,27.5,24.7,26.0,14.9,28.3,57.6,18.54,Toliara,-23.35,43.667,8.0
2017-03-11,27.5,23.4,25.3,0.3,23.7,43.9,19.07,Toliara,-23.35,43.667,8.0
2017-03-12,28.4,22.0,25.1,0.1,34.5,62.6,24.13,Toliara,-23.35,43.667,8.0
2017-03-13,31.1,22.1,26.1,0.2,30.8,53.3,17.06,Toliara,-23.35,43.667,8.0
2017-03-14,29.0,22.2,26.0,0.1,32.1,58.7,18.12,Toliara,-23.35,43.667,8.0
2017-03-15,30.4,24.0,26.9,0.5,25.8,49.3,20.22,Toliara,-23.35,43.667,8.0
2017-03-16,30.5,23.9,27.5,0.0,19.5,38.9,21.36,Toliara,-23.35,43.667,8.0
2017-03-17,32.3,25.2,28.8,0.0,30.6,56.2,20.54,Toliara,-23.35,43.667,8.0
2017-03-18,36.4,26.2,30.6,0.1,19.2,38.2,20.09,Toliara,-23.35,43.667,8.0
2017-03-19,31.7,27.6,29.0,0.0,19.2,38.5,12.84,Toliara,-23.35,43.667,8.0
2017-03-20,35.5,25.7,29.9,0.0,24.4,45.7,21.94,Toliara,-23.35,43.667,8.0
2017-03-21,34.2,26.5,30.0,0.0,24.3,47.5,22.74,Toliara,-23.35,43.667,8.0
2017-03-22,33.7,26.5,29.5,0.0,20.7,42.8,23.31,Toliara,-23.35,43.667,8.0
2017-03-23,32.4,25.8,28.7,0.0,19.5,41.8,23.96,Toliara,-23.35,43.667,8.0
2017-03-24,32.0,25.4,28.3,0.0,18.1,40.3,24.27,Toliara,-23.35,43.667,8.0
2017-03-25,31.2,25.3,27.6,3.3,17.4,40.7,23.43,Toliara,-23.35,43.667,8.0
2017-03-26,28.2,25.0,26.4,3.2,26.0,48.2,18.72,Toliara,-23.35,43.667,8.0
2017-03-27,31.8,23.5,27.2,0.0,28.2,52.2,20.72,Toliara,-23.35,43.667,8.0
2017-03-28,31.4,24.0,27.3,0.0,23.0,44.6,23.25,Toliara,-23.35,43.667,8.0
2017-03-29,30.2,25.3,27.7,0.0,34.9,64.4,23.14,Toliara,-23.35,43.667,8.0
2017-03-30,33.3,25.0,28.6,0.1,28.0,52.9,19.24,Toliara,-23.35,43.667,8.0
2017-03-31,34.0,24.0,27.9,0.0,32.4,62.3,23.26,Toliara,-23.35,43.667,8.0
2017-04-01,32.2,25.8,28.5,0.0,20.2,40.7,22.9,Toliara,-23.35,43.667,8.0
2017-04-02,31.0,25.6,28.1,0.0,15.2,34.9,19.16,Toliara,-23.35,43.667,8.0
2017-04-03,33.1,26.6,28.9,0.0,19.4,40.3,19.91,Toliara,-23.35,43.667,8.0
2017-04-04,35.5,26.6,30.1,0.0,22.3,45.0,21.59,Toliara,-23.35,43.667,8.0
2017-04-05,33.4,26.9,29.6,0.0,17.8,38.5,21.66,Toliara,-23.35,43.667,8.0
2017-04-06,31.8,26.7,28.9,0.0,21.1,43.6,21.7,Toliara,-23.35,43.667,8.0
2017-04-07,31.4,24.7,28.0,0.0,20.2,42.1,20.51,Toliara,-23.35,43.667,8.0
2017-04-08,31.9,25.1,28.4,0.0,19.6,40.7,19.63,Toliara,-23.35,43.667,8.0
2017-04-09,31.9,25.0,28.5,0.0,17.6,37.1,19.78,Toliara,-23.35,43.667,8.0
2017-04-10,33.2,25.8,28.8,0.0,22.3,45.7,20.1,Toliara,-23.35,43.667,8.0
2017-04-11,31.7,25.5,28.3,0.0,17.8,38.5,19.4,Toliara,-23.35,43.667,8.0
2017-04-12,32.7,24.6,28.5,0.0,18.3,38.5,19.3,Toliara,-23.35,43.667,8.0
2017-04-13,32.7,25.8,29.0,0.0,17.7,38.2,19.8,Toliara,-23.35,43.667,8.0
2017-04-14,32.3,26.1,29.0,0.0,17.4,37.4,19.61,Toliara,-23.35,43.667,8.0
2017-04-15,32.0,26.2,28.8,1.6,15.6,33.8,20.31,Toliara,-23.35,43.667,8.0
2017-04-16,30.0,25.6,27.5,0.3,29.9,52.6,17.09,Toliara,-23.35,43.667,8.0
2017-04-17,28.7,24.8,26.3,0.8,31.4,58.0,11.8,Toliara,-23.35,43.667,8.0
2017-04-18,28.2,24.7,26.2,0.0,23.2,45.4,16.43,Toliara,-23.35,43.667,8.0
2017-04-19,28.5,23.3,25.8,0.0,21.7,43.2,20.51,Toliara,-23.35,43.667,8.0
2017-04-20,28.4,22.5,25.7,0.9,16.6,36.0,19.4,Toliara,-23.35,43.667,8.0
2017-04-21,27.5,23.6,25.6,3.1,22.7,46.8,16.92,Toliara,-23.35,43.667,8.0
2017-04-22,27.2,24.0,25.3,1.7,21.5,40.0,15.96,Toliara,-23.35,43.667,8.0
2017-04-23,28.2,21.5,24.8,0.0,28.0,51.1,20.14,Toliara,-23.35,43.667,8.0
2017-04-24,27.2,22.0,24.5,0.0,23.4,44.6,13.57,Toliara,-23.35,43.667,8.0
2017-04-25,29.4,21.6,25.1,0.1,30.9,55.1,16.95,Toliara,-23.35,43.667,8.0
2017-04-26,30.1,20.7,24.8,0.0,38.6,71.3,19.61,Toliara,-23.35,43.667,8.0
2017-04-27,30.6,22.3,26.1,0.0,32.7,58.7,17.67,Toliara,-23.35,43.667,8.0
2017-04-28,33.4,23.7,28.4,0.0,30.8,52.2,16.43,Toliara,-23.35,43.667,8.0
2017-04-29,33.4,23.5,27.9,0.0,29.5,50.8,18.81,Toliara,-23.35,43.667,8.0
2017-04-30,32.3,21.9,26.3,0.0,32.8,59.0,19.21,Toliara,-23.35,43.667,8.0
2017-05-01,32.1,21.6,26.1,0.0,37.6,66.6,19.28,Toliara,-23.35,43.667,8.0
2017-05-02,32.2,22.1,26.5,0.0,30.8,56.5,19.03,Toliara,-23.35,43.667,8.0
2017-05-03,32.5,22.6,26.7,0.0,22.2,43.2,18.74,Toliara,-23.35,43.667,8.0
2017-05-04,29.6,21.4,25.7,0.0,22.3,42.1,18.65,Toliara,-23.35,43.667,8.0
2017-05-05,30.4,23.1,26.4,0.0,17.1,36.7,18.32,Toliara,-23.35,43.667,8.0
2017-05-06,28.9,23.3,25.7,0.0,16.6,37.4,18.08,Toliara,-23.35,43.667,8.0
2017-05-07,28.3,21.7,25.1,0.0,14.3,32.8,18.18,Toliara,-23.35,43.667,8.0
2017-05-08,28.7,23.0,25.8,0.0,19.4,37.4,17.74,Toliara,-23.35,43.667,8.0
2017-05-09,31.9,23.1,26.9,0.0,26.3,46.8,18.0,Toliara,-23.35,43.667,8.0
2017-05-10,31.1,23.3,26.8,0.0,26.3,47.9,18.08,Toliara,-23.35,43.667,8.0
2017-05-11,29.3,22.1,25.5,0.0,20.5,41.4,16.9,Toliara,-23.35,43.667,8.0
2017-05-12,27.9,22.0,24.9,0.0,19.1,39.2,17.86,Toliara,-23.35,43.667,8.0
2017-05-13,27.6,22.3,24.6,0.4,17.2,36.4,16.67,Toliara,-23.35,43.667,8.0
2017-05-14,27.5,20.9,24.3,0.0,21.2,41.8,14.94,Toliara,-23.35,43.667,8.0
2017-05-15,27.0,22.2,24.7,0.0,20.1,36.4,10.31,Toliara,-23.35,43.667,8.0
2017-05-16,29.6,23.3,25.8,0.0,14.4,29.2,12.13,Toliara,-23.35,43.667,8.0
2017-05-17,29.6,23.0,26.0,0.2,19.7,41.0,16.51,Toliara,-23.35,43.667,8.0
2017-05-18,27.4,21.5,24.4,2.6,26.1,52.6,15.62,Toliara,-23.35,43.667,8.0
2017-05-19,26.1,21.6,23.8,1.4,18.4,34.9,14.32,Toliara,-23.35,43.667,8.0
2017-05-20,28.2,20.4,23.5,0.0,32.1,57.6,16.91,Toliara,-23.35,43.667,8.0
2017-05-21,29.5,20.0,24.1,0.0,23.7,46.4,16.88,Toliara,-23.35,43.667,8.0
2017-05-22,29.9,20.5,24.9,0.0,18.9,37.8,16.8,Toliara,-23.35,43.667,8.0
2017-05-23,30.0,20.4,25.0,0.0,22.2,43.6,16.57,Toliara,-23.35,43.667,8.0
2017-05-24,30.5,20.8,25.1,0.0,16.8,36.0,16.67,Toliara,-23.35,43.667,8.0
2017-05-25,29.2,20.7,24.4,0.0,21.2,42.5,16.5,Toliara,-23.35,43.667,8.0
2017-05-26,33.1,21.9,26.4,0.0,22.0,41.0,16.44,Toliara,-23.35,43.667,8.0
2017-05-27,29.5,22.4,25.7,0.0,17.9,36.4,15.76,Toliara,-23.35,43.667,8.0
2017-05-28,26.9,21.5,24.5,1.0,15.5,39.6,13.9,Toliara,-23.35,43.667,8.0
2017-05-29,26.3,21.4,23.1,1.7,34.8,62.3,11.21,Toliara,-23.35,43.667,8.0
2017-05-30,27.6,20.2,22.9,0.0,33.5,60.8,15.33,Toliara,-23.35,43.667,8.0
2017-05-31,25.9,19.5,22.8,0.0,15.2,33.1,15.93,Toliara,-23.35,43.667,8.0
2017-06-01,26.6,21.6,23.9,0.0,14.8,31.0,11.7,Toliara,-23.35,43.667,8.0
2017-06-02,26.8,20.6,23.1,0.0,31.2,56.9,14.37,Toliara,-23.35,43.667,8.0
2017-06-03,29.7,21.2,24.7,0.0,28.9,54.0,15.68,Toliara,-23.35,43.667,8.0
2017-06-04,29.0,21.7,25.1,0.0,16.3,33.1,13.65,Toliara,-23.35,43.667,8.0
2017-06-05,28.6,22.7,25.4,0.0,16.8,36.7,13.93,Toliara,-23.35,43.667,8.0
2017-06-06,28.1,21.6,24.3,0.0,27.9,51.1,15.65,Toliara,-23.35,43.667,8.0
2017-06-07,31.0,19.5,24.9,0.0,23.4,43.2,15.32,Toliara,-23.35,43.667,8.0
2017-06-08,27.9,21.6,24.6,0.0,19.9,37.1,15.16,Toliara,-23.35,43.667,8.0
2017-06-09,28.8,20.6,24.9,0.0,32.4,57.6,13.67,Toliara,-23.35,43.667,8.0
2017-06-10,32.2,23.9,27.4,0.0,26.9,49.3,10.35,Toliara,-23.35,43.667,8.0
2017-06-11,30.6,24.8,27.1,0.0,24.5,42.1,11.53,Toliara,-23.35,43.667,8.0
2017-06-12,28.3,23.8,25.7,0.0,15.0,33.5,14.43,Toliara,-23.35,43.667,8.0
2017-06-13,28.5,20.7,24.6,0.0,17.7,32.8,15.09,Toliara,-23.35,43.667,8.0
2017-06-14,27.0,20.6,23.9,0.0,13.6,31.3,15.07,Toliara,-23.35,43.667,8.0
2017-06-15,27.2,20.4,23.7,0.0,22.5,41.8,14.91,Toliara,-23.35,43.667,8.0
2017-06-16,25.8,19.6,22.9,0.0,25.9,47.9,15.01,Toliara,-23.35,43.667,8.0
2017-06-17,26.8,19.1,22.6,0.0,27.3,50.0,15.32,Toliara,-23.35,43.667,8.0
2017-06-18,27.4,17.4,22.2,0.0,23.9,42.1,15.36,Toliara,-23.35,43.667,8.0
2017-06-19,28.3,19.2,23.4,0.0,23.5,42.5,14.33,Toliara,-23.35,43.667,8.0
2017-06-20,27.8,20.4,23.7,0.0,14.8,32.8,14.14,Toliara,-23.35,43.667,8.0
2017-06-21,29.3,20.7,24.3,0.0,19.0,33.8,10.51,Toliara,-23.35,43.667,8.0
2017-06-22,30.1,20.1,24.3,0.0,18.4,36.7,15.23,Toliara,-23.35,43.667,8.0
2017-06-23,26.8,19.5,23.3,0.0,13.0,29.5,8.11,Toliara,-23.35,43.667,8.0
2017-06-24,27.6,23.0,24.6,0.0,28.2,50.0,7.68,Toliara,-23.35,43.667,8.0
2017-06-25,27.8,19.6,23.1,0.0,29.8,55.1,15.11,Toliara,-23.35,43.667,8.0
2017-06-26,28.0,18.8,22.8,0.0,29.7,52.2,15.2,Toliara,-23.35,43.667,8.0
2017-06-27,29.0,18.7,23.2,0.0,27.4,50.8,15.38,Toliara,-23.35,43.667,8.0
2017-06-28,29.3,19.3,23.3,0.0,24.5,42.1,15.42,Toliara,-23.35,43.667,8.0
2017-06-29,26.0,19.4,22.2,0.0,21.2,37.1,14.75,Toliara,-23.35,43.667,8.0
2017-06-30,26.6,18.3,22.0,0.0,33.6,60.8,15.09,Toliara,-23.35,43.667,8.0
2017-07-01,28.1,18.1,22.3,0.0,34.3,61.6,15.27,Toliara,-23.35,43.667,8.0
2017-07-02,26.4,19.1,22.6,0.0,15.3,31.0,15.3,Toliara,-23.35,43.667,8.0
2017-07-03,27.1,18.1,22.5,0.0,18.0,34.6,15.53,Toliara,-23.35,43.667,8.0
2017-07-04,27.3,18.2,22.7,0.0,24.2,45.0,15.39,Toliara,-23.35,43.667,8.0
2017-07-05,30.1,19.9,24.2,0.0,25.4,45.7,14.32,Toliara,-23.35,43.667,8.0
2017-07-06,30.2,20.6,24.6,0.0,25.8,47.9,15.36,Toliara,-23.35,43.667,8.0
2017-07-07,29.8,20.1,24.5,0.0,24.2,43.2,15.71,Toliara,-23.35,43.667,8.0
2017-07-08,29.5,17.7,23.0,0.0,20.5,37.8,16.21,Toliara,-23.35,43.667,8.0
2017-07-09,26.8,18.2,22.5,0.0,20.3,34.2,16.06,Toliara,-23.35,43.667,8.0
2017-07-10,25.6,18.0,21.8,0.0,17.0,34.6,15.68,Toliara,-23.35,43.667,8.0
2017-07-11,25.1,18.6,21.6,0.0,26.2,46.4,15.97,Toliara,-23.35,43.667,8.0
2017-07-12,26.1,18.4,21.5,0.0,34.5,61.9,14.15,Toliara,-23.35,43.667,8.0
2017-07-13,26.6,17.1,21.4,0.0,22.7,43.2,16.38,Toliara,-23.35,43.667,8.0
2017-07-14,25.1,18.9,22.3,0.0,17.6,36.0,15.54,Toliara,-23.35,43.667,8.0
2017-07-15,27.7,18.3,22.1,0.0,17.7,38.2,16.18,Toliara,-23.35,43.667,8.0
2017-07-16,28.1,16.5,21.7,0.0,12.2,28.4,16.84,Toliara,-23.35,43.667,8.0
2017-07-17,25.1,17.0,21.4,0.0,22.5,38.5,14.7,Toliara,-23.35,43.667,8.0
2017-07-18,27.5,18.9,22.5,0.0,36.6,68.0,16.34,Toliara,-23.35,43.667,8.0
2017-07-19,25.9,18.8,22.4,0.0,31.4,56.9,16.45,Toliara,-23.35,43.667,8.0
2017-07-20,28.2,18.8,22.6,0.0,23.5,44.3,16.66,Toliara,-23.35,43.667,8.0
2017-07-21,26.0,18.1,21.7,0.0,24.3,42.1,16.82,Toliara,-23.35,43.667,8.0
2017-07-22,27.9,17.4,22.2,0.0,20.1,36.0,16.96,Toliara,-23.35,43.667,8.0
2017-07-23,28.7,20.1,23.2,0.0,23.4,46.8,15.59,Toliara,-23.35,43.667,8.0
2017-07-24,25.0,17.9,21.8,0.0,25.6,47.2,15.44,Toliara,-23.35,43.667,8.0
2017-07-25,24.9,17.9,21.4,0.0,24.0,47.9,16.12,Toliara,-23.35,43.667,8.0
2017-07-26,27.1,18.2,22.4,0.0,17.0,33.5,17.07,Toliara,-23.35,43.667,8.0
2017-07-27,27.9,19.0,23.3,0.0,22.0,40.7,17.09,Toliara,-23.35,43.667,8.0
2017-07-28,29.8,20.3,25.2,0.0,24.4,42.1,16.69,Toliara,-23.35,43.667,8.0
2017-07-29,31.2,21.6,25.7,0.0,23.3,41.0,16.05,Toliara,-23.35,43.667,8.0
2017-07-30,27.1,21.3,24.1,0.0,18.7,35.6,16.87,Toliara,-23.35,43.667,8.0
2017-07-31,27.5,19.7,22.8,0.0,39.0,70.9,15.31,Toliara,-23.35,43.667,8.0
2017-08-01,27.2,17.4,21.7,0.0,31.6,58.0,18.3,Toliara,-23.35,43.667,8.0
2017-08-02,25.7,16.5,20.9,0.0,25.9,44.3,18.33,Toliara,-23.35,43.667,8.0
2017-08-03,26.4,17.3,21.8,0.0,18.2,36.7,18.03,Toliara,-23.35,43.667,8.0
2017-08-04,26.8,17.8,22.2,0.0,19.9,40.0,18.24,Toliara,-23.35,43.667,8.0
2017-08-05,25.3,18.5,22.0,0.0,17.7,35.6,18.17,Toliara,-23.35,43.667,8.0
2017-08-06,25.4,16.8,21.6,0.0,20.4,37.1,16.88,Toliara,-23.35,43.667,8.0
2017-08-07,25.5,20.0,22.3,0.4,34.1,62.3,15.53,Toliara,-23.35,43.667,8.0
2017-08-08,27.1,18.4,22.1,0.0,37.5,66.2,18.36,Toliara,-23.35,43.667,8.0
2017-08-09,29.3,19.5,24.1,0.0,27.4,48.2,17.59,Toliara,-23.35,43.667,8.0
2017-08-10,29.1,20.3,24.0,0.0,23.7,43.9,14.95,Toliara,-23.35,43.667,8.0
2017-08-11,29.9,21.0,24.6,0.0,26.9,47.5,17.9,Toliara,-23.35,43.667,8.0
2017-08-12,30.2,20.6,24.6,0.0,24.4,45.0,18.95,Toliara,-23.35,43.667,8.0
2017-08-13,27.8,20.1,23.7,0.0,23.7,49.0,19.02,Toliara,-23.35,43.667,8.0
2017-08-14,26.5,20.2,23.1,0.0,20.3,41.4,18.43,Toliara,-23.35,43.667,8.0
2017-08-15,26.5,19.6,23.1,0.0,16.7,36.4,18.89,Toliara,-23.35,43.667,8.0
2017-08-16,26.3,20.1,23.1,0.0,19.4,41.0,18.55,Toliara,-23.35,43.667,8.0
2017-08-17,28.2,20.0,24.2,0.0,13.3,31.3,15.73,Toliara,-23.35,43.667,8.0
2017-08-18,28.3,21.3,24.5,0.0,14.8,33.1,15.14,Toliara,-23.35,43.667,8.0
2017-08-19,26.6,22.1,24.1,0.2,19.4,38.5,18.54,Toliara,-23.35,43.667,8.0
2017-08-20,24.6,20.0,22.2,1.3,34.7,65.9,18.35,Toliara,-23.35,43.667,8.0
2017-08-21,25.3,18.5,21.1,0.0,40.7,74.2,19.43,Toliara,-23.35,43.667,8.0
2017-08-22,28.0,16.8,22.2,0.0,24.7,42.8,20.29,Toliara,-23.35,43.667,8.0
2017-08-23,24.9,20.5,22.5,2.6,26.5,50.8,15.52,Toliara,-23.35,43.667,8.0
2017-08-24,25.6,18.2,22.2,0.0,16.6,35.6,20.58,Toliara,-23.35,43.667,8.0
2017-08-25,25.8,17.9,21.9,0.0,25.5,48.6,20.84,Toliara,-23.35,43.667,8.0
2017-08-26,28.4,19.8,22.9,0.0,40.2,72.0,19.65,Toliara,-23.35,43.667,8.0
2017-08-27,27.5,18.6,22.1,0.0,42.1,76.3,20.82,Toliara,-23.35,43.667,8.0
2017-08-28,27.5,18.4,22.5,0.0,35.2,65.9,18.77,Toliara,-23.35,43.667,8.0
2017-08-29,28.4,18.9,23.1,0.0,34.8,62.6,18.22,Toliara,-23.35,43.667,8.0
2017-08-30,28.8,18.4,22.9,0.0,22.4,44.6,21.49,Toliara,-23.35,43.667,8.0
2017-08-31,25.8,17.7,22.1,0.0,29.2,54.7,21.71,Toliara,-23.35,43.667,8.0
2017-09-01,26.7,18.7,22.7,0.0,25.2,47.2,21.69,Toliara,-23.35,43.667,8.0
2017-09-02,26.3,19.5,22.8,0.0,27.1,52.9,20.31,Toliara,-23.35,43.667,8.0
2017-09-03,25.0,20.4,22.7,0.2,30.7,52.9,16.96,Toliara,-23.35,43.667,8.0
2017-09-04,27.7,18.4,22.7,0.0,29.0,50.8,21.72,Toliara,-23.35,43.667,8.0
2017-09-05,31.0,17.2,23.1,0.0,28.4,52.9,22.78,Toliara,-23.35,43.667,8.0
2017-09-06,26.9,18.8,23.0,0.0,16.4,36.0,22.77,Toliara,-23.35,43.667,8.0
2017-09-07,26.2,17.5,22.2,0.0,17.3,37.1,22.67,Toliara,-23.35,43.667,8.0
2017-09-08,26.9,18.4,22.8,0.0,20.8,42.8,22.47,Toliara,-23.35,43.667,8.0
2017-09-09,27.1,18.9,23.2,0.0,19.3,41.4,22.55,Toliara,-23.35,43.667,8.0
2017-09-10,28.6,19.3,23.7,0.0,25.0,46.8,22.76,Toliara,-23.35,43.667,8.0
2017-09-11,28.4,19.7,23.7,0.0,25.8,48.6,23.54,Toliara,-23.35,43.667,8.0
2017-09-12,28.4,18.6,23.3,0.0,27.2,50.4,23.19,Toliara,-23.35,43.667,8.0
2017-09-13,30.0,19.7,24.1,0.0,17.1,37.1,23.29,Toliara,-23.35,43.667,8.0
2017-09-14,27.1,20.8,23.5,0.0,16.6,36.7,23.1,Toliara,-23.35,43.667,8.0
2017-09-15,26.8,20.2,22.8,0.0,33.8,60.1,21.29,Toliara,-23.35,43.667,8.0
2017-09-16,29.4,18.6,22.8,0.0,29.5,55.8,23.63,Toliara,-23.35,43.667,8.0
2017-09-17,28.3,19.2,23.6,0.0,31.6,58.3,23.81,Toliara,-23.35,43.667,8.0
2017-09-18,30.5,19.5,24.0,0.0,26.0,49.0,23.49,Toliara,-23.35,43.667,8.0
2017-09-19,28.0,21.0,24.0,0.0,16.3,33.8,23.73,Toliara,-23.35,43.667,8.0
2017-09-20,26.8,18.8,23.0,0.0,20.1,41.4,23.67,Toliara,-23.35,43.667,8.0
2017-09-21,27.1,20.9,23.5,0.0,35.4,63.0,23.4,Toliara,-23.35,43.667,8.0
2017-09-22,31.7,20.9,25.8,0.0,36.7,65.5,22.68,Toliara,-23.35,43.667,8.0
2017-09-23,28.7,23.1,25.6,0.0,21.6,41.0,23.81,Toliara,-23.35,43.667,8.0
2017-09-24,27.3,21.7,24.2,0.0,36.2,65.9,23.81,Toliara,-23.35,43.667,8.0
2017-09-25,27.2,20.5,24.0,0.0,21.7,42.8,24.13,Toliara,-23.35,43.667,8.0
2017-09-26,27.9,20.4,24.3,0.0,21.4,44.6,24.0,Toliara,-23.35,43.667,8.0
2017-09-27,29.1,22.1,24.7,0.0,22.1,46.4,24.17,Toliara,-23.35,43.667,8.0
2017-09-28,28.0,21.9,24.3,0.0,44.4,79.9,24.39,Toliara,-23.35,43.667,8.0
2017-09-29,30.7,20.1,24.7,0.0,34.6,63.7,24.43,Toliara,-23.35,43.667,8.0
2017-09-30,29.1,22.8,25.5,0.0,20.7,42.8,24.52,Toliara,-23.35,43.667,8.0
2017-10-01,29.0,21.7,25.2,0.0,17.3,38.5,24.36,Toliara,-23.35,43.667,8.0
2017-10-02,28.4,21.9,25.0,0.0,19.0,41.0,24.54,Toliara,-23.35,43.667,8.0
2017-10-03,29.5,22.4,25.9,0.0,22.5,43.9,22.67,Toliara,-23.35,43.667,8.0
2017-10-04,34.2,25.0,28.3,0.0,22.5,43.6,21.64,Toliara,-23.35,43.667,8.0
2017-10-05,34.2,24.7,28.0,0.0,21.2,42.8,24.56,Toliara,-23.35,43.667,8.0
2017-10-06,29.8,23.2,26.2,0.0,18.9,41.8,25.46,Toliara,-23.35,43.667,8.0
2017-10-07,29.1,22.3,25.3,0.0,20.6,43.6,25.65,Toliara,-23.35,43.667,8.0
2017-10-08,28.7,21.5,25.3,0.0,15.2,35.3,23.4,Toliara,-23.35,43.667,8.0
2017-10-09,30.2,21.8,25.9,0.0,20.2,41.0,25.34,Toliara,-23.35,43.667,8.0
2017-10-10,30.3,22.8,26.5,0.0,18.4,40.0,24.98,Toliara,-23.35,43.667,8.0
2017-10-11,30.0,23.6,26.3,0.3,18.8,40.0,19.05,Toliara,-23.35,43.667,8.0
2017-10-12,27.3,23.7,25.0,1.7,20.4,40.7,21.82,Toliara,-23.35,43.667,8.0
2017-10-13,26.5,20.8,23.7,0.3,37.2,67.7,24.95,Toliara,-23.35,43.667,8.0
2017-10-14,25.5,20.4,22.6,0.4,31.3,58.0,24.52,Toliara,-23.35,43.667,8.0
2017-10-15,26.3,18.6,22.7,0.0,21.9,45.4,27.23,Toliara,-23.35,43.667,8.0
2017-10-16,28.6,19.3,24.3,0.0,21.6,44.6,27.11,Toliara,-23.35,43.667,8.0
2017-10-17,33.2,21.8,26.7,0.0,41.2,74.5,26.63,Toliara,-23.35,43.667,8.0
2017-10-18,27.9,22.3,25.2,1.6,26.6,47.5,15.72,Toliara,-23.35,43.667,8.0
2017-10-19,29.4,20.5,24.7,0.0,22.7,46.1,26.86,Toliara,-23.35,43.667,8.0
2017-10-20,30.4,20.5,25.4,0.0,20.0,41.8,27.09,Toliara,-23.35,43.667,8.0
2017-10-21,29.8,22.5,25.9,0.0,31.1,59.0,26.9,Toliara,-23.35,43.667,8.0
2017-10-22,30.7,24.3,27.4,0.0,33.7,62.3,26.72,Toliara,-23.35,43.667,8.0
2017-10-23,30.9,24.7,27.5,0.0,20.9,43.9,27.22,Toliara,-23.35,43.667,8.0
2017-10-24,29.7,23.6,26.4,0.0,18.6,41.0,26.4,Toliara,-23.35,43.667,8.0
2017-10-25,29.2,23.7,26.1,0.0,17.3,38.9,27.19,Toliara,-23.35,43.667,8.0
2017-10-26,29.4,22.9,26.2,0.0,18.1,39.6,27.13,Toliara,-23.35,43.667,8.0
2017-10-27,29.1,24.1,26.4,0.6,20.9,40.0,27.0,Toliara,-23.35,43.667,8.0
2017-10-28,28.9,21.9,25.1,0.2,45.1,83.5,21.3,Toliara,-23.35,43.667,8.0
2017-10-29,27.8,20.8,23.5,0.0,33.9,64.8,17.2,Toliara,-23.35,43.667,8.0
2017-10-30,31.4,20.5,25.7,0.0,34.7,63.4,26.82,Toliara,-23.35,43.667,8.0
2017-10-31,33.2,21.9,26.8,0.0,32.7,60.8,28.46,Toliara,-23.35,43.667,8.0
2017-11-01,31.4,22.7,26.6,0.0,30.1,57.2,28.61,Toliara,-23.35,43.667,8.0
2017-11-02,29.9,23.4,26.3,0.0,23.0,46.8,28.59,Toliara,-23.35,43.667,8.0
2017-11-03,29.6,22.5,25.7,0.0,19.0,41.8,27.94,Toliara,-23.35,43.667,8.0
2017-11-04,32.7,22.1,26.6,0.0,33.6,62.6,28.74,Toliara,-23.35,43.667,8.0
2017-11-05,33.2,22.5,26.5,0.0,36.6,66.6,29.31,Toliara,-23.35,43.667,8.0
2017-11-06,28.6,22.2,25.0,0.0,20.6,43.6,29.58,Toliara,-23.35,43.667,8.0
2017-11-07,26.9,19.8,23.7,0.0,17.1,36.4,29.62,Toliara,-23.35,43.667,8.0
2017-11-08,28.0,19.8,24.7,0.3,24.7,51.8,28.86,Toliara,-23.35,43.667,8.0
2017-11-09,24.2,22.4,23.3,3.3,24.1,46.1,9.96,Toliara,-23.35,43.667,8.0
2017-11-10,26.5,21.0,23.7,0.0,25.1,49.7,27.5,Toliara,-23.35,43.667,8.0
2017-11-11,26.9,20.1,23.5,0.0,33.9,62.3,25.02,Toliara,-23.35,43.667,8.0
2017-11-12,28.5,21.2,24.5,0.0,33.9,63.4,28.63,Toliara,-23.35,43.667,8.0
2017-11-13,30.1,22.7,25.8,0.0,21.2,42.5,25.82,Toliara,-23.35,43.667,8.0
2017-11-14,28.5,22.1,25.3,0.0,25.7,51.1,29.04,Toliara,-23.35,43.667,8.0
2017-11-15,30.3,22.9,26.8,0.0,19.3,50.8,24.46,Toliara,-23.35,43.667,8.0
2017-11-16,31.4,26.2,28.3,0.0,34.8,64.4,27.19,Toliara,-23.35,43.667,8.0
2017-11-17,30.0,24.2,26.6,2.1,33.9,65.2,24.79,Toliara,-23.35,43.667,8.0
2017-11-18,27.8,22.8,24.7,0.1,38.8,70.2,24.62,Toliara,-23.35,43.667,8.0
2017-11-19,30.9,21.8,25.7,0.0,41.3,74.5,29.13,Toliara,-23.35,43.667,8.0
2017-11-20,32.9,24.3,27.7,1.5,25.7,45.0,25.58,Toliara,-23.35,43.667,8.0
2017-11-21,31.1,24.4,27.7,0.0,21.3,44.3,29.44,Toliara,-23.35,43.667,8.0
2017-11-22,31.0,24.7,27.4,0.0,19.8,44.3,26.17,Toliara,-23.35,43.667,8.0
2017-11-23,30.3,24.4,27.3,0.0,21.3,42.5,24.63,Toliara,-23.35,43.667,8.0
2017-11-24,31.5,24.9,27.9,0.0,17.7,39.6,26.86,Toliara,-23.35,43.667,8.0
2017-11-25,30.9,23.8,27.0,10.7,23.2,47.5,24.98,Toliara,-23.35,43.667,8.0
2017-11-26,29.2,23.8,26.1,3.0,30.7,57.6,23.03,Toliara,-23.35,43.667,8.0
2017-11-27,27.4,23.3,25.2,4.6,21.3,37.8,22.62,Toliara,-23.35,43.667,8.0
2017-11-28,29.3,21.7,25.5,0.0,35.6,64.8,29.87,Toliara,-23.35,43.667,8.0
2017-11-29,30.8,22.8,26.3,0.0,27.0,49.3,26.73,Toliara,-23.35,43.667,8.0
2017-11-30,29.7,23.8,26.8,0.0,29.4,54.4,28.88,Toliara,-23.35,43.667,8.0
2017-12-01,30.4,24.5,27.1,0.0,17.0,40.7,26.23,Toliara,-23.35,43.667,8.0
2017-12-02,30.2,24.0,26.7,0.0,19.4,42.8,27.81,Toliara,-23.35,43.667,8.0
2017-12-03,30.6,24.2,27.3,0.3,17.6,41.0,26.83,Toliara,-23.35,43.667,8.0
2017-12-04,30.8,25.3,27.7,0.0,17.1,38.5,28.85,Toliara,-23.35,43.667,8.0
2017-12-05,31.6,25.9,28.2,0.0,20.4,40.7,26.69,Toliara,-23.35,43.667,8.0
2017-12-06,29.7,25.6,27.3,0.0,21.6,41.8,29.64,Toliara,-23.35,43.667,8.0
2017-12-07,32.8,24.5,28.1,0.0,34.4,62.3,27.89,Toliara,-23.35,43.667,8.0
2017-12-08,32.8,24.3,28.5,0.4,24.5,47.5,26.99,Toliara,-23.35,43.667,8.0
2017-12-09,31.3,25.2,27.7,9.8,15.5,42.1,24.44,Toliara,-23.35,43.667,8.0
2017-12-10,28.7,24.4,25.8,5.5,31.2,60.5,21.82,Toliara,-23.35,43.667,8.0
2017-12-11,27.0,23.5,25.2,0.5,23.1,42.5,26.51,Toliara,-23.35,43.667,8.0
2017-12-12,28.7,22.5,25.8,0.0,18.5,40.0,29.95,Toliara,-23.35,43.667,8.0
2017-12-13,31.6,23.9,27.7,0.0,19.6,40.7,28.3,Toliara,-23.35,43.667,8.0
2017-12-14,32.5,24.7,28.5,8.4,28.4,54.7,26.86,Toliara,-23.35,43.667,8.0
2017-12-15,27.8,23.0,25.5,30.9,35.5,64.4,15.22,Toliara,-23.35,43.667,8.0
2017-12-16,32.3,20.9,26.4,0.0,26.1,47.2,30.3,Toliara,-23.35,43.667,8.0
2017-12-17,31.1,24.7,28.0,0.1,16.7,36.0,29.01,Toliara,-23.35,43.667,8.0
2017-12-18,31.3,25.5,28.2,0.0,17.0,39.2,27.73,Toliara,-23.35,43.667,8.0
2017-12-19,30.5,25.7,27.8,0.4,20.5,40.3,25.88,Toliara,-23.35,43.667,8.0
2017-12-20,30.0,25.3,27.3,0.0,25.1,49.3,28.01,Toliara,-23.35,43.667,8.0
2017-12-21,30.4,23.6,26.7,0.0,34.8,64.1,30.45,Toliara,-23.35,43.667,8.0
2017-12-22,29.7,23.6,26.8,0.0,25.9,51.5,30.86,Toliara,-23.35,43.667,8.0
2017-12-23,29.9,23.4,26.7,0.0,20.2,43.9,28.25,Toliara,-23.35,43.667,8.0
2017-12-24,31.1,24.1,27.4,0.1,22.2,46.1,29.92,Toliara,-23.35,43.667,8.0
2017-12-25,30.9,23.9,27.5,0.0,19.0,42.8,30.9,Toliara,-23.35,43.667,8.0
2017-12-26,30.3,24.7,27.4,0.0,36.2,66.2,30.84,Toliara,-23.35,43.667,8.0
2017-12-27,32.6,24.2,28.0,0.0,46.6,88.2,29.14,Toliara,-23.35,43.667,8.0
2017-12-28,31.8,25.1,27.9,0.6,16.8,37.1,26.18,Toliara,-23.35,43.667,8.0
2017-12-29,30.0,25.7,27.8,1.4,30.1,56.2,27.34,Toliara,-23.35,43.667,8.0
2017-12-30,32.4,24.2,27.8,0.0,37.0,68.0,29.06,Toliara,-23.35,43.667,8.0
2017-12-31,32.1,24.9,28.3,0.0,19.2,40.3,30.84,Toliara,-23.35,43.667,8.0
2018-01-01,31.3,24.8,28.0,0.0,18.9,42.5,28.78,Toliara,-23.35,43.667,8.0
2018-01-02,31.0,25.1,27.8,0.0,28.5,52.9,29.92,Toliara,-23.35,43.667,8.0
2018-01-03,30.5,26.1,28.6,0.0,38.3,70.6,27.18,Toliara,-23.35,43.667,8.0
2018-01-04,35.6,26.7,31.4,0.0,27.3,49.0,28.03,Toliara,-23.35,43.667,8.0
2018-01-05,36.7,26.1,31.1,1.6,25.5,50.8,25.76,Toliara,-23.35,43.667,8.0
2018-01-06,35.5,28.4,31.3,0.9,28.4,52.6,23.87,Toliara,-23.35,43.667,8.0
2018-01-07,31.3,26.5,28.3,0.2,39.2,73.4,22.41,Toliara,-23.35,43.667,8.0
2018-01-08,28.8,26.1,27.1,2.2,29.0,55.8,21.15,Toliara,-23.35,43.667,8.0
2018-01-09,28.1,25.1,26.5,4.0,23.8,45.7,21.29,Toliara,-23.35,43.667,8.0
2018-01-10,28.6,23.4,26.0,0.3,44.6,81.0,26.53,Toliara,-23.35,43.667,8.0
2018-01-11,32.9,21.1,26.7,0.0,29.8,55.8,31.15,Toliara,-23.35,43.667,8.0
2018-01-12,32.7,22.4,27.2,0.0,25.5,50.0,31.2,Toliara,-23.35,43.667,8.0
2018-01-13,33.3,24.5,28.2,0.0,29.1,56.5,30.02,Toliara,-23.35,43.667,8.0
2018-01-14,33.4,26.2,29.5,0.0,21.8,47.2,26.79,Toliara,-23.35,43.667,8.0
2018-01-15,33.8,26.6,29.8,0.0,22.5,46.1,27.14,Toliara,-23.35,43.667,8.0
2018-01-16,34.2,26.7,29.6,0.0,27.8,54.0,30.14,Toliara,-23.35,43.667,8.0
2018-01-17,35.7,24.0,29.4,0.0,38.9,70.9,31.56,Toliara,-23.35,43.667,8.0
2018-01-18,35.2,25.4,29.6,0.0,40.6,70.2,31.04,Toliara,-23.35,43.667,8.0
2018-01-19,33.2,24.8,28.6,0.0,31.4,58.3,30.31,Toliara,-23.35,43.667,8.0
2018-01-20,30.7,24.3,27.3,0.0,29.0,55.1,31.13,Toliara,-23.35,43.667,8.0
2018-01-21,30.5,23.6,26.7,0.0,42.8,76.7,30.86,Toliara,-23.35,43.667,8.0
2018-01-22,33.4,23.4,27.7,0.0,42.1,76.7,30.15,Toliara,-23.35,43.667,8.0
2018-01-23,32.2,24.2,27.8,0.0,27.9,52.9,26.45,Toliara,-23.35,43.667,8.0
2018-01-24,30.0,25.6,28.0,0.0,13.8,33.5,23.64,Toliara,-23.35,43.667,8.0
2018-01-25,31.4,26.0,28.5,0.0,27.0,51.8,28.54,Toliara,-23.35,43.667,8.0
2018-01-26,32.0,25.9,28.6,0.0,24.2,48.6,28.61,Toliara,-23.35,43.667,8.0
2018-01-27,32.5,26.0,28.7,2.6,16.7,45.0,27.29,Toliara,-23.35,43.667,8.0
2018-01-28,30.1,25.9,27.4,1.0,24.7,49.3,23.17,Toliara,-23.35,43.667,8.0
2018-01-29,29.5,25.0,27.1,0.0,34.8,65.2,27.78,Toliara,-23.35,43.667,8.0
2018-01-30,29.7,24.7,27.2,0.0,24.8,48.2,27.42,Toliara,-23.35,43.667,8.0
2018-01-31,29.4,25.4,27.1,2.4,19.1,41.0,22.99,Toliara,-23.35,43.667,8.0
2018-02-01,30.3,24.5,27.5,0.0,21.9,45.7,29.26,Toliara,-23.35,43.667,8.0
2018-02-02,31.1,25.2,28.0,0.0,21.1,41.4,29.42,Toliara,-23.35,43.667,8.0
2018-02-03,31.1,25.3,28.2,0.0,29.3,55.1,28.79,Toliara,-23.35,43.667,8.0
2018-02-04,32.0,26.3,28.7,0.0,37.1,67.3,25.97,Toliara,-23.35,43.667,8.0
2018-02-05,32.0,24.6,28.2,0.0,41.2,73.8,29.87,Toliara,-23.35,43.667,8.0
2018-02-06,30.6,24.8,27.7,0.0,28.1,54.4,29.25,Toliara,-23.35,43.667,8.0
2018-02-07,31.3,24.7,27.9,0.0,25.6,51.8,29.0,Toliara,-23.35,43.667,8.0
2018-02-08,31.2,25.0,28.0,0.0,22.7,46.4,27.26,Toliara,-23.35,43.667,8.0
2018-02-09,32.8,25.6,28.7,0.8,20.1,41.8,25.96,Toliara,-23.35,43.667,8.0
2018-02-10,27.6,24.5,26.2,15.2,17.8,30.6,5.9,Toliara,-23.35,43.667,8.0
2018-02-11,26.5,23.4,24.6,11.4,15.1,29.9,6.98,Toliara,-23.35,43.667,8.0
2018-02-12,27.0,22.8,24.7,40.1,17.6,36.4,18.08,Toliara,-23.35,43.667,8.0
2018-02-13,27.5,23.3,25.6,0.5,26.7,46.1,24.43,Toliara,-23.35,43.667,8.0
2018-02-14,28.8,23.0,25.9,0.0,26.3,47.5,23.86,Toliara,-23.35,43.667,8.0
2018-02-15,28.9,22.6,25.9,0.2,16.9,34.9,27.24,Toliara,-23.35,43.667,8.0
2018-02-16,29.5,24.3,26.9,0.0,19.8,39.6,28.81,Toliara,-23.35,43.667,8.0
2018-02-17,31.5,23.8,27.3,0.0,20.2,38.2,27.96,Toliara,-23.35,43.667,8.0
2018-02-18,29.8,25.2,27.5,0.0,22.7,44.3,19.89,Toliara,-23.35,43.667,8.0
2018-02-19,32.4,25.3,28.4,0.0,24.8,45.7,26.61,Toliara,-23.35,43.667,8.0
2018-02-20,34.2,25.4,29.0,0.0,25.4,50.8,28.47,Toliara,-23.35,43.667,8.0
2018-02-21,32.7,25.9,28.9,0.0,17.3,34.6,23.43,Toliara,-23.35,43.667,8.0
2018-02-22,31.9,25.7,28.6,0.0,15.9,36.0,26.6,Toliara,-23.35,43.667,8.0
2018-02-23,31.5,25.4,28.6,0.0,14.8,33.5,26.23,Toliara,-23.35,43.667,8.0
2018-02-24,31.8,26.9,29.1,0.1,19.8,43.6,24.06,Toliara,-23.35,43.667,8.0
2018-02-25,31.4,26.7,29.0,0.4,16.6,37.8,25.7,Toliara,-23.35,43.667,8.0
2018-02-26,31.6,26.0,28.6,0.0,21.8,43.9,25.61,Toliara,-23.35,43.667,8.0
2018-02-27,32.5,26.7,29.1,0.0,33.9,63.7,26.0,Toliara,-23.35,43.667,8.0
2018-02-28,32.1,25.7,28.4,0.0,33.0,61.2,27.06,Toliara,-23.35,43.667,8.0
2018-03-01,32.0,26.1,28.8,0.3,16.0,37.1,25.21,Toliara,-23.35,43.667,8.0
2018-03-02,31.6,26.1,28.8,0.6,15.5,35.3,24.1,Toliara,-23.35,43.667,8.0
2018-03-03,34.4,26.3,29.9,0.6,21.6,42.1,23.73,Toliara,-23.35,43.667,8.0
2018-03-04,35.4,26.1,30.4,0.1,28.7,55.4,23.72,Toliara,-23.35,43.667,8.0
2018-03-05,33.7,26.3,30.0,0.0,25.6,56.5,23.73,Toliara,-23.35,43.667,8.0
2018-03-06,34.5,25.6,29.1,0.0,35.7,63.7,25.33,Toliara,-23.35,43.667,8.0
2018-03-07,32.6,24.1,27.6,0.0,37.4,68.0,25.61,Toliara,-23.35,43.667,8.0
2018-03-08,31.3,23.2,27.1,0.0,27.1,49.3,26.91,Toliara,-23.35,43.667,8.0
2018-03-09,30.7,24.5,27.5,0.2,22.9,46.8,26.37,Toliara,-23.35,43.667,8.0
2018-03-10,30.8,25.0,27.8,0.0,25.1,49.0,24.73,Toliara,-23.35,43.667,8.0
2018-03-11,34.4,26.2,29.6,0.0,26.0,50.0,25.65,Toliara,-23.35,43.667,8.0
2018-03-12,31.9,26.4,28.9,0.0,18.4,40.0,25.84,Toliara,-23.35,43.667,8.0
2018-03-13,32.4,25.3,28.7,0.0,22.8,45.0,25.03,Toliara,-23.35,43.667,8.0
2018-03-14,32.2,26.4,29.0,0.0,18.8,39.2,24.82,Toliara,-23.35,43.667,8.0
2018-03-15,31.8,25.8,28.5,0.0,23.3,47.2,25.03,Toliara,-23.35,43.667,8.0
2018-03-16,33.5,25.8,29.4,0.0,24.2,46.4,24.87,Toliara,-23.35,43.667,8.0
2018-03-17,33.5,26.1,29.5,0.0,26.3,52.2,24.71,Toliara,-23.35,43.667,8.0
2018-03-18,34.6,26.9,29.9,0.0,32.8,61.6,23.31,Toliara,-23.35,43.667,8.0
2018-03-19,32.8,27.1,29.2,0.0,21.0,41.8,21.6,Toliara,-23.35,43.667,8.0
2018-03-20,31.0,25.4,28.2,0.0,23.7,46.4,21.87,Toliara,-23.35,43.667,8.0
2018-03-21,31.0,26.1,28.4,0.0,15.1,36.4,22.65,Toliara,-23.35,43.667,8.0
2018-03-22,31.6,25.8,28.3,0.0,19.8,38.5,23.07,Toliara,-23.35,43.667,8.0
2018-03-23,32.2,26.3,28.8,0.0,16.9,38.9,23.93,Toliara,-23.35,43.667,8.0
2018-03-24,32.1,26.6,29.0,0.0,19.8,42.1,23.03,Toliara,-23.35,43.667,8.0
2018-03-25,31.8,26.6,28.6,0.0,18.2,40.3,22.88,Toliara,-23.35,43.667,8.0
2018-03-26,31.4,26.5,28.3,0.0,26.7,49.0,22.9,Toliara,-23.35,43.667,8.0
2018-03-27,30.5,24.8,27.6,0.0,31.8,58.7,23.93,Toliara,-23.35,43.667,8.0
2018-03-28,34.0,25.2,28.7,0.0,35.4,63.7,23.74,Toliara,-23.35,43.667,8.0
2018-03-29,32.8,26.1,29.1,0.0,22.3,45.4,23.23,Toliara,-23.35,43.667,8.0
2018-03-30,31.5,26.0,28.4,0.0,22.0,42.5,22.4,Toliara,-23.35,43.667,8.0
2018-03-31,31.4,24.5,27.9,0.0,21.3,43.9,22.83,Toliara,-23.35,43.667,8.0
2018-04-01,31.7,24.8,27.8,0.0,18.0,38.9,19.4,Toliara,-23.35,43.667,8.0
2018-04-02,32.5,25.5,28.2,1.7,16.1,39.6,20.4,Toliara,-23.35,43.667,8.0
2018-04-03,31.9,24.6,27.9,0.0,17.8,40.0,21.01,Toliara,-23.35,43.667,8.0
2018-04-04,31.1,25.4,28.1,0.0,16.3,37.4,21.48,Toliara,-23.35,43.667,8.0
2018-04-05,31.0,25.5,28.2,0.1,15.9,34.6,20.7,Toliara,-23.35,43.667,8.0
2018-04-06,32.1,26.4,28.8,3.3,14.0,32.0,21.01,Toliara,-23.35,43.667,8.0
2018-04-07,33.0,26.2,29.1,0.0,17.0,41.0,18.77,Toliara,-23.35,43.667,8.0
2018-04-08,32.7,25.6,28.7,0.0,23.3,45.7,21.06,Toliara,-23.35,43.667,8.0
2018-04-09,34.9,24.9,29.1,0.0,32.6,64.4,22.45,Toliara,-23.35,43.667,8.0
2018-04-10,30.8,24.2,27.7,0.0,25.2,43.2,21.32,Toliara,-23.35,43.667,8.0
2018-04-11,29.4,24.2,26.8,1.6,20.8,40.7,19.25,Toliara,-23.35,43.667,8.0
2018-04-12,30.8,24.1,26.8,0.1,31.0,58.3,13.58,Toliara,-23.35,43.667,8.0
2018-04-13,33.7,22.6,27.6,0.0,29.5,50.8,20.84,Toliara,-23.35,43.667,8.0
2018-04-14,32.2,24.5,28.0,0.0,18.3,37.1,18.66,Toliara,-23.35,43.667,8.0
2018-04-15,30.9,24.9,27.6,0.0,17.4,37.1,18.96,Toliara,-23.35,43.667,8.0
2018-04-16,29.1,24.3,26.7,0.0,31.4,56.5,19.55,Toliara,-23.35,43.667,8.0
2018-04-17,33.5,23.3,27.5,0.0,32.0,61.6,19.36,Toliara,-23.35,43.667,8.0
2018-04-18,31.5,22.9,26.6,5.0,26.7,47.2,16.41,Toliara,-23.35,43.667,8.0
2018-04-19,28.2,23.6,25.5,1.5,17.1,42.5,16.53,Toliara,-23.35,43.667,8.0
2018-04-20,28.7,23.0,25.8,0.1,15.3,31.0,19.21,Toliara,-23.35,43.667,8.0
2018-04-21,28.2,22.4,25.4,0.8,18.3,36.0,19.67,Toliara,-23.35,43.667,8.0
2018-04-22,27.0,22.3,24.7,0.7,21.1,39.6,17.96,Toliara,-23.35,43.667,8.0
2018-04-23,27.3,21.3,24.6,0.0,31.0,56.2,19.82,Toliara,-23.35,43.667,8.0
2018-04-24,31.2,22.3,25.7,0.0,37.4,68.0,19.66,Toliara,-23.35,43.667,8.0
2018-04-25,31.4,21.8,25.9,0.0,30.3,57.6,20.2,Toliara,-23.35,43.667,8.0
2018-04-26,32.9,21.2,26.1,0.0,28.6,53.6,20.32,Toliara,-23.35,43.667,8.0
2018-04-27,29.3,20.4,25.1,0.0,16.6,34.6,20.35,Toliara,-23.35,43.667,8.0
2018-04-28,28.6,19.5,24.2,0.0,18.7,36.0,20.17,Toliara,-23.35,43.667,8.0
2018-04-29,28.3,19.4,24.2,0.0,21.6,40.3,19.97,Toliara,-23.35,43.667,8.0
2018-04-30,31.5,20.6,25.3,0.0,26.8,49.3,19.88,Toliara,-23.35,43.667,8.0
2018-05-01,33.5,21.7,26.3,0.0,25.8,48.6,19.47,Toliara,-23.35,43.667,8.0
2018-05-02,31.7,23.5,27.0,0.0,20.9,42.1,18.57,Toliara,-23.35,43.667,8.0
2018-05-03,30.3,23.2,26.7,0.0,20.0,41.0,18.63,Toliara,-23.35,43.667,8.0
2018-05-04,28.9,23.7,26.1,0.0,23.1,42.1,17.54,Toliara,-23.35,43.667,8.0
2018-05-05,27.5,23.0,25.1,0.0,19.5,39.6,14.68,Toliara,-23.35,43.667,8.0
2018-05-06,27.8,21.7,24.7,0.0,16.8,35.6,17.86,Toliara,-23.35,43.667,8.0
2018-05-07,27.5,21.9,24.7,0.2,17.0,36.4,17.6,Toliara,-23.35,43.667,8.0
2018-05-08,29.2,21.3,25.2,0.0,22.9,43.2,17.88,Toliara,-23.35,43.667,8.0
2018-05-09,28.4,21.8,25.3,0.0,17.4,37.1,17.26,Toliara,-23.35,43.667,8.0
2018-05-10,27.6,22.1,24.7,0.0,25.1,46.1,17.28,Toliara,-23.35,43.667,8.0
2018-05-11,30.3,20.3,24.4,0.0,29.9,54.7,18.27,Toliara,-23.35,43.667,8.0
2018-05-12,30.6,20.5,25.0,0.0,27.3,51.5,17.92,Toliara,-23.35,43.667,8.0
2018-05-13,28.8,21.9,25.0,0.4,18.9,40.0,14.41,Toliara,-23.35,43.667,8.0
2018-05-14,26.9,21.9,24.5,0.0,15.8,36.0,16.12,Toliara,-23.35,43.667,8.0
2018-05-15,27.1,20.6,23.7,0.0,26.5,46.8,16.72,Toliara,-23.35,43.667,8.0
2018-05-16,29.5,20.8,24.8,0.0,32.0,58.0,17.23,Toliara,-23.35,43.667,8.0
2018-05-17,29.6,21.8,25.6,0.0,20.4,35.6,17.09,Toliara,-23.35,43.667,8.0
2018-05-18,28.4,21.6,24.9,0.0,16.9,35.3,16.14,Toliara,-23.35,43.667,8.0
2018-05-19,31.2,21.0,25.8,0.0,27.2,46.8,16.32,Toliara,-23.35,43.667,8.0
2018-05-20,31.4,21.9,26.4,0.0,24.7,43.6,16.95,Toliara,-23.35,43.667,8.0
2018-05-21,30.2,20.5,24.8,0.0,25.6,45.0,17.15,Toliara,-23.35,43.667,8.0
2018-05-22,28.7,20.8,24.5,0.0,17.4,36.0,17.07,Toliara,-23.35,43.667,8.0
2018-05-23,33.0,20.1,25.7,0.0,23.1,42.5,16.86,Toliara,-23.35,43.667,8.0
2018-05-24,30.0,22.3,25.6,0.0,17.2,36.4,16.47,Toliara,-23.35,43.667,8.0
2018-05-25,29.8,20.9,25.1,0.0,20.2,39.6,16.54,Toliara,-23.35,43.667,8.0
2018-05-26,28.7,20.7,24.6,0.0,21.4,40.7,16.51,Toliara,-23.35,43.667,8.0
2018-05-27,26.8,20.5,23.7,0.0,26.3,47.2,16.32,Toliara,-23.35,43.667,8.0
2018-05-28,26.6,19.9,22.9,0.0,30.8,55.4,16.03,Toliara,-23.35,43.667,8.0
2018-05-29,28.0,18.5,22.5,0.0,26.8,46.1,16.87,Toliara,-23.35,43.667,8.0
2018-05-30,28.0,17.1,22.2,0.0,23.5,43.6,16.8,Toliara,-23.35,43.667,8.0
2018-05-31,26.0,17.8,22.2,0.0,26.7,49.7,16.22,Toliara,-23.35,43.667,8.0
2018-06-01,25.5,19.0,22.7,0.0,22.1,40.0,15.73,Toliara,-23.35,43.667,8.0
2018-06-02,28.0,20.1,23.8,0.0,31.3,56.9,15.17,Toliara,-23.35,43.667,8.0
2018-06-03,31.1,21.2,25.3,0.0,28.6,52.9,14.95,Toliara,-23.35,43.667,8.0
2018-06-04,26.9,21.3,24.0,0.0,19.7,39.2,11.66,Toliara,-23.35,43.667,8.0
2018-06-05,22.0,18.0,20.1,12.3,21.6,41.4,10.73,Toliara,-23.35,43.667,8.0
2018-06-06,21.6,17.5,19.1,17.1,18.4,37.8,10.13,Toliara,-23.35,43.667,8.0
2018-06-07,22.3,18.7,20.5,11.6,25.5,44.6,9.73,Toliara,-23.35,43.667,8.0
2018-06-08,23.4,19.5,21.4,1.7,17.3,29.9,12.73,Toliara,-23.35,43.667,8.0
2018-06-09,25.8,18.3,21.5,0.0,24.7,42.8,15.72,Toliara,-23.35,43.667,8.0
2018-06-10,26.7,17.9,21.9,0.0,16.3,31.0,15.75,Toliara,-23.35,43.667,8.0
2018-06-11,26.5,18.3,22.2,0.0,20.6,39.6,15.03,Toliara,-23.35,43.667,8.0
2018-06-12,27.5,18.9,23.0,0.0,25.0,42.5,15.6,Toliara,-23.35,43.667,8.0
2018-06-13,28.0,18.9,23.1,0.0,23.5,41.4,15.25,Toliara,-23.35,43.667,8.0
2018-06-14,28.7,19.8,23.6,0.0,18.7,36.0,14.36,Toliara,-23.35,43.667,8.0
2018-06-15,26.5,20.0,23.1,0.0,13.2,28.4,15.01,Toliara,-23.35,43.667,8.0
2018-06-16,26.6,19.5,22.9,0.0,13.0,28.4,15.24,Toliara,-23.35,43.667,8.0
2018-06-17,25.0,18.7,22.1,0.2,28.8,52.9,13.73,Toliara,-23.35,43.667,8.0
2018-06-18,28.1,18.8,23.0,0.0,18.8,34.6,15.56,Toliara,-23.35,43.667,8.0
2018-06-19,25.9,18.2,22.3,0.0,14.5,31.7,15.45,Toliara,-23.35,43.667,8.0
2018-06-20,24.4,18.5,21.4,0.0,23.8,40.3,14.47,Toliara,-23.35,43.667,8.0
2018-06-21,26.2,17.7,21.8,0.0,33.5,59.4,15.68,Toliara,-23.35,43.667,8.0
2018-06-22,27.5,18.6,22.2,0.0,32.4,58.3,15.57,Toliara,-23.35,43.667,8.0
2018-06-23,27.7,18.1,22.0,0.0,31.6,55.1,15.52,Toliara,-23.35,43.667,8.0
2018-06-24,26.0,18.2,22.0,0.0,15.9,29.5,15.51,Toliara,-23.35,43.667,8.0
2018-06-25,29.7,17.8,22.8,0.0,27.7,50.8,15.36,Toliara,-23.35,43.667,8.0
2018-06-26,28.9,19.7,23.7,0.0,28.3,52.2,15.36,Toliara,-23.35,43.667,8.0
2018-06-27,29.3,20.2,24.2,0.0,23.4,39.2,15.56,Toliara,-23.35,43.667,8.0
2018-06-28,26.0,20.0,23.1,0.0,18.3,37.8,14.57,Toliara,-23.35,43.667,8.0
2018-06-29,24.7,20.2,22.3,0.4,24.6,42.5,13.39,Toliara,-23.35,43.667,8.0
2018-06-30,26.1,18.5,21.7,0.0,32.4,58.7,15.42,Toliara,-23.35,43.667,8.0
2018-07-01,26.4,17.0,21.6,0.0,26.3,45.0,15.88,Toliara,-23.35,43.667,8.0
2018-07-02,28.1,17.8,22.5,0.0,19.3,34.9,15.87,Toliara,-23.35,43.667,8.0
2018-07-03,26.2,17.0,21.7,0.0,36.0,62.3,15.66,Toliara,-23.35,43.667,8.0
2018-07-04,27.5,18.9,22.8,0.0,30.1,53.3,14.67,Toliara,-23.35,43.667,8.0
2018-07-05,28.1,19.8,23.6,0.0,32.6,58.7,15.27,Toliara,-23.35,43.667,8.0
2018-07-06,30.4,20.4,25.4,0.0,21.7,38.5,15.04,Toliara,-23.35,43.667,8.0
2018-07-07,30.2,21.4,25.2,0.0,26.5,47.2,15.34,Toliara,-23.35,43.667,8.0
2018-07-08,29.1,20.5,24.4,0.0,27.8,49.7,15.79,Toliara,-23.35,43.667,8.0
2018-07-09,29.3,20.2,24.6,0.0,25.3,47.5,15.8,Toliara,-23.35,43.667,8.0
2018-07-10,28.1,19.3,23.3,0.0,24.0,42.8,15.83,Toliara,-23.35,43.667,8.0
2018-07-11,25.9,20.1,22.7,0.0,18.2,34.2,15.93,Toliara,-23.35,43.667,8.0
2018-07-12,29.4,18.4,23.3,0.0,29.6,52.9,16.13,Toliara,-23.35,43.667,8.0
2018-07-13,29.9,20.1,24.1,0.0,27.7,51.1,15.37,Toliara,-23.35,43.667,8.0
2018-07-14,26.4,19.9,23.1,0.0,17.1,32.8,16.13,Toliara,-23.35,43.667,8.0
2018-07-15,24.9,17.6,21.8,0.0,24.6,45.7,15.8,Toliara,-23.35,43.667,8.0
2018-07-16,25.2,18.2,21.2,0.5,35.9,62.3,12.5,Toliara,-23.35,43.667,8.0
2018-07-17,24.8,16.4,20.1,0.0,31.9,58.7,16.7,Toliara,-23.35,43.667,8.0
2018-07-18,26.0,16.6,20.5,0.0,32.3,60.8,16.35,Toliara,-23.35,43.667,8.0
2018-07-19,27.9,16.0,21.5,0.0,32.1,56.2,16.78,Toliara,-23.35,43.667,8.0
2018-07-20,28.8,18.8,23.4,0.0,28.1,48.6,14.1,Toliara,-23.35,43.667,8.0
2018-07-21,27.8,19.2,22.8,0.0,26.8,50.0,14.93,Toliara,-23.35,43.667,8.0
2018-07-22,27.9,17.9,23.0,0.0,29.7,51.5,16.78,Toliara,-23.35,43.667,8.0
2018-07-23,27.3,17.9,22.3,0.0,32.5,59.8,17.32,Toliara,-23.35,43.667,8.0
2018-07-24,28.7,16.6,22.4,0.0,25.8,50.0,16.98,Toliara,-23.35,43.667,8.0
2018-07-25,29.1,18.7,22.9,0.0,27.9,49.7,17.31,Toliara,-23.35,43.667,8.0
2018-07-26,28.6,17.8,22.5,0.0,23.0,43.2,17.46,Toliara,-23.35,43.667,8.0
2018-07-27,27.7,16.4,21.5,0.0,24.5,44.3,18.23,Toliara,-23.35,43.667,8.0
2018-07-28,24.3,15.3,20.5,0.0,22.1,42.5,17.68,Toliara,-23.35,43.667,8.0
2018-07-29,25.3,17.1,21.5,0.0,23.6,44.6,17.42,Toliara,-23.35,43.667,8.0
2018-07-30,24.9,16.2,21.1,0.0,15.2,32.0,16.96,Toliara,-23.35,43.667,8.0
2018-07-31,23.7,17.3,20.6,0.0,21.1,39.6,17.34,Toliara,-23.35,43.667,8.0
2018-08-01,25.3,16.7,20.7,0.0,20.4,40.3,17.99,Toliara,-23.35,43.667,8.0
2018-08-02,24.2,15.7,20.6,0.0,14.4,30.2,17.54,Toliara,-23.35,43.667,8.0
2018-08-03,24.4,19.7,21.9,0.4,26.6,49.0,16.65,Toliara,-23.35,43.667,8.0
2018-08-04,25.4,16.7,20.6,0.0,28.6,52.6,18.03,Toliara,-23.35,43.667,8.0
2018-08-05,27.1,16.3,21.5,0.0,15.1,28.4,18.48,Toliara,-23.35,43.667,8.0
2018-08-06,28.1,16.1,22.2,0.0,17.1,35.6,18.55,Toliara,-23.35,43.667,8.0
2018-08-07,26.6,19.0,22.6,0.0,11.3,27.7,18.06,Toliara,-23.35,43.667,8.0
2018-08-08,29.5,17.3,23.0,0.0,18.3,31.7,18.55,Toliara,-23.35,43.667,8.0
2018-08-09,29.2,20.1,23.8,0.0,31.3,56.2,17.94,Toliara,-23.35,43.667,8.0
2018-08-10,29.1,19.9,24.1,0.0,21.9,39.6,18.6,Toliara,-23.35,43.667,8.0
2018-08-11,27.4,20.7,23.7,0.0,14.8,32.8,18.42,Toliara,-23.35,43.667,8.0
2018-08-12,29.3,20.1,24.1,0.0,25.2,45.0,18.88,Toliara,-23.35,43.667,8.0
2018-08-13,30.6,21.4,25.3,0.0,16.7,35.6,19.3,Toliara,-23.35,43.667,8.0
2018-08-14,29.2,20.7,24.5,0.0,18.9,42.1,20.06,Toliara,-23.35,43.667,8.0
2018-08-15,27.4,18.5,22.9,0.0,16.8,38.2,20.06,Toliara,-23.35,43.667,8.0
2018-08-16,26.6,17.9,22.5,0.0,16.1,36.0,19.66,Toliara,-23.35,43.667,8.0
2018-08-17,26.4,17.4,22.1,0.0,15.9,34.9,19.72,Toliara,-23.35,43.667,8.0
2018-08-18,28.1,17.0,22.7,0.0,27.9,51.8,19.85,Toliara,-23.35,43.667,8.0
2018-08-19,28.8,19.3,23.7,0.0,21.0,42.1,19.95,Toliara,-23.35,43.667,8.0
2018-08-20,29.2,18.2,23.6,0.0,18.3,36.0,19.97,Toliara,-23.35,43.667,8.0
2018-08-21,29.9,19.7,24.5,0.0,26.3,48.2,20.17,Toliara,-23.35,43.667,8.0
2018-08-22,29.6,19.5,24.1,0.0,26.5,48.6,20.35,Toliara,-23.35,43.667,8.0
2018-08-23,30.6,20.3,24.7,0.0,27.9,51.1,20.48,Toliara,-23.35,43.667,8.0
2018-08-24,27.4,18.8,23.0,0.0,27.2,51.8,20.56,Toliara,-23.35,43.667,8.0
2018-08-25,27.6,18.9,23.6,0.0,18.3,39.2,20.54,Toliara,-23.35,43.667,8.0
2018-08-26,27.3,19.3,23.6,0.0,18.1,36.7,20.33,Toliara,-23.35,43.667,8.0
2018-08-27,27.5,20.0,23.8,0.0,17.1,36.7,20.13,Toliara,-23.35,43.667,8.0
2018-08-28,26.0,20.9,23.5,0.0,31.6,58.3,20.48,Toliara,-23.35,43.667,8.0
2018-08-29,27.8,19.9,23.2,0.0,40.9,74.2,20.86,Toliara,-23.35,43.667,8.0
2018-08-30,29.2,18.1,23.0,0.0,36.0,64.4,21.21,Toliara,-23.35,43.667,8.0
2018-08-31,28.2,20.1,24.1,0.0,20.2,42.5,21.32,Toliara,-23.35,43.667,8.0
2018-09-01,29.1,21.3,24.7,0.0,23.5,45.4,21.48,Toliara,-23.35,43.667,8.0
2018-09-02,29.4,19.3,24.4,0.0,25.0,46.4,21.75,Toliara,-23.35,43.667,8.0
2018-09-03,28.7,20.2,24.3,0.0,18.5,38.2,21.79,Toliara,-23.35,43.667,8.0
2018-09-04,28.8,20.0,24.5,0.0,15.9,34.9,21.84,Toliara,-23.35,43.667,8.0
2018-09-05,28.9,19.5,24.5,0.0,21.9,41.4,21.99,Toliara,-23.35,43.667,8.0
2018-09-06,29.3,20.9,25.3,0.0,20.8,40.7,21.99,Toliara,-23.35,43.667,8.0
2018-09-07,29.0,20.8,25.0,0.0,17.3,37.8,22.06,Toliara,-23.35,43.667,8.0
2018-09-08,31.9,20.8,25.9,0.0,23.7,47.9,20.91,Toliara,-23.35,43.667,8.0
2018-09-09,29.8,23.2,26.3,0.0,24.3,53.6,18.6,Toliara,-23.35,43.667,8.0
2018-09-10,25.1,21.4,22.9,24.2,33.5,58.7,3.81,Toliara,-23.35,43.667,8.0
2018-09-11,23.7,20.0,22.0,1.0,17.7,35.6,16.97,Toliara,-23.35,43.667,8.0
2018-09-12,24.9,18.1,21.6,0.0,26.1,48.2,21.92,Toliara,-23.35,43.667,8.0
2018-09-13,26.3,17.8,22.4,0.0,17.3,34.2,23.37,Toliara,-23.35,43.667,8.0
2018-09-14,26.7,17.8,22.6,0.0,15.9,33.1,23.58,Toliara,-23.35,43.667,8.0
2018-09-15,27.3,18.3,23.1,0.0,16.7,34.6,23.35,Toliara,-23.35,43.667,8.0
2018-09-16,27.3,19.4,23.3,0.0,24.9,48.6,23.54,Toliara,-23.35,43.667,8.0
2018-09-17,31.2,19.6,25.0,0.0,22.0,43.6,23.85,Toliara,-23.35,43.667,8.0
2018-09-18,32.6,19.1,25.1,0.0,18.9,38.5,23.98,Toliara,-23.35,43.667,8.0
2018-09-19,29.6,19.9,24.8,0.0,17.7,38.2,24.46,Toliara,-23.35,43.667,8.0
2018-09-20,28.9,19.2,24.2,0.0,21.0,40.3,24.46,Toliara,-23.35,43.667,8.0
2018-09-21,29.1,20.9,24.5,0.0,31.4,56.9,24.4,Toliara,-23.35,43.667,8.0
2018-09-22,27.6,20.7,24.0,0.0,24.0,45.7,24.1,Toliara,-23.35,43.667,8.0
2018-09-23,27.6,20.0,23.8,0.0,22.5,44.6,24.29,Toliara,-23.35,43.667,8.0
2018-09-24,27.8,20.5,24.1,0.0,20.7,41.8,24.02,Toliara,-23.35,43.667,8.0
2018-09-25,29.4,20.1,24.6,0.0,21.8,43.9,24.33,Toliara,-23.35,43.667,8.0
2018-09-26,30.2,20.8,25.5,0.0,17.3,37.1,24.33,Toliara,-23.35,43.667,8.0
2018-09-27,31.6,21.5,26.1,0.0,28.5,52.6,24.57,Toliara,-23.35,43.667,8.0
2018-09-28,30.3,21.7,25.7,0.0,20.5,42.1,24.63,Toliara,-23.35,43.667,8.0
2018-09-29,28.4,21.7,25.3,0.1,28.2,50.4,24.29,Toliara,-23.35,43.667,8.0
2018-09-30,30.3,20.9,25.0,0.0,44.3,81.0,21.75,Toliara,-23.35,43.667,8.0
2018-10-01,28.8,19.1,23.4,0.0,36.9,66.6,25.5,Toliara,-23.35,43.667,8.0
2018-10-02,26.8,19.0,23.2,0.0,19.2,37.4,25.77,Toliara,-23.35,43.667,8.0
2018-10-03,27.0,18.3,22.9,0.0,17.7,38.9,25.92,Toliara,-23.35,43.667,8.0
2018-10-04,27.1,19.8,23.5,0.0,21.2,44.3,25.58,Toliara,-23.35,43.667,8.0
2018-10-05,26.8,20.3,23.8,0.1,21.9,41.4,24.83,Toliara,-23.35,43.667,8.0
2018-10-06,25.7,22.0,23.6,3.7,27.6,53.3,17.67,Toliara,-23.35,43.667,8.0
2018-10-07,26.2,20.6,23.4,1.3,16.7,36.4,22.39,Toliara,-23.35,43.667,8.0
2018-10-08,27.4,21.5,25.0,0.1,22.6,44.6,22.86,Toliara,-23.35,43.667,8.0
2018-10-09,30.1,23.5,26.2,2.0,21.6,43.6,19.49,Toliara,-23.35,43.667,8.0
2018-10-10,31.4,23.0,26.6,0.0,24.3,47.9,23.53,Toliara,-23.35,43.667,8.0
2018-10-11,29.6,22.6,26.2,0.6,25.5,56.5,21.21,Toliara,-23.35,43.667,8.0
2018-10-12,29.1,23.4,25.9,0.4,24.5,43.9,22.39,Toliara,-23.35,43.667,8.0
2018-10-13,28.6,21.7,25.2,0.0,21.7,42.5,24.28,Toliara,-23.35,43.667,8.0
2018-10-14,28.3,21.4,24.9,0.0,24.0,47.2,25.92,Toliara,-23.35,43.667,8.0
2018-10-15,28.4,21.4,24.9,0.0,20.4,42.5,19.92,Toliara,-23.35,43.667,8.0
2018-10-16,28.2,21.3,25.0,0.0,20.6,43.2,24.36,Toliara,-23.35,43.667,8.0
2018-10-17,28.6,22.2,25.3,0.2,21.3,43.9,25.23,Toliara,-23.35,43.667,8.0
2018-10-18,28.2,22.1,24.3,1.7,30.1,53.6,21.1,Toliara,-23.35,43.667,8.0
2018-10-19,25.9,20.9,23.1,0.1,25.7,52.9,25.12,Toliara,-23.35,43.667,8.0
2018-10-20,26.2,18.9,22.7,0.0,33.1,61.6,27.53,Toliara,-23.35,43.667,8.0
2018-10-21,25.1,18.2,21.5,2.8,35.4,65.9,19.81,Toliara,-23.35,43.667,8.0
2018-10-22,22.1,17.6,19.7,3.5,36.4,65.2,21.94,Toliara,-23.35,43.667,8.0
2018-10-23,26.6,17.2,21.3,0.0,44.4,78.1,26.54,Toliara,-23.35,43.667,8.0
2018-10-24,30.3,18.1,23.3,0.0,43.0,77.4,27.92,Toliara,-23.35,43.667,8.0
2018-10-25,29.2,20.0,24.8,0.0,18.3,39.2,27.76,Toliara,-23.35,43.667,8.0
2018-10-26,28.6,20.8,24.9,0.0,30.0,56.9,27.96,Toliara,-23.35,43.667,8.0
2018-10-27,29.8,20.8,24.4,0.0,42.9,75.6,28.0,Toliara,-23.35,43.667,8.0
2018-10-28,26.9,19.8,23.0,0.0,40.2,73.4,27.26,Toliara,-23.35,43.667,8.0
2018-10-29,26.9,19.4,23.1,0.0,39.2,70.9,24.77,Toliara,-23.35,43.667,8.0
2018-10-30,28.7,18.9,23.5,0.0,30.0,58.7,28.18,Toliara,-23.35,43.667,8.0
2018-10-31,28.0,20.2,24.3,0.0,18.7,40.7,28.28,Toliara,-23.35,43.667,8.0
2018-11-01,28.9,20.1,24.7,0.0,17.7,38.9,28.56,Toliara,-23.35,43.667,8.0
2018-11-02,28.0,21.0,24.7,0.0,25.0,50.8,28.25,Toliara,-23.35,43.667,8.0
2018-11-03,26.2,21.3,23.7,0.4,34.7,63.4,25.61,Toliara,-23.35,43.667,8.0
2018-11-04,29.3,19.7,23.7,0.0,43.9,78.8,28.35,Toliara,-23.35,43.667,8.0
2018-11-05,31.8,20.1,25.2,0.0,28.1,55.4,29.26,Toliara,-23.35,43.667,8.0
2018-11-06,30.7,22.0,25.8,0.0,32.9,58.7,28.92,Toliara,-23.35,43.667,8.0
2018-11-07,28.3,21.7,25.1,0.0,23.0,44.3,28.76,Toliara,-23.35,43.667,8.0
2018-11-08,27.0,21.7,23.8,1.0,30.4,55.4,19.98,Toliara,-23.35,43.667,8.0
2018-11-09,25.7,20.4,23.0,0.0,39.5,73.1,28.87,Toliara,-23.35,43.667,8.0
2018-11-10,29.3,20.6,25.0,0.0,36.2,67.7,26.53,Toliara,-23.35,43.667,8.0
2018-11-11,29.2,22.4,25.9,0.3,26.5,50.0,25.51,Toliara,-23.35,43.667,8.0
2018-11-12,31.4,22.4,26.7,0.1,34.9,58.7,24.34,Toliara,-23.35,43.667,8.0
2018-11-13,33.0,22.5,27.3,0.0,35.6,63.7,27.03,Toliara,-23.35,43.667,8.0
2018-11-14,31.5,23.8,27.1,0.0,24.6,48.6,26.98,Toliara,-23.35,43.667,8.0
2018-11-15,30.9,23.7,26.9,0.0,21.9,43.9,28.06,Toliara,-23.35,43.667,8.0
2018-11-16,30.1,22.2,25.9,0.0,20.0,42.1,29.8,Toliara,-23.35,43.667,8.0
2018-11-17,29.1,20.7,25.3,0.0,14.5,34.9,29.06,Toliara,-23.35,43.667,8.0
2018-11-18,29.1,21.6,25.5,0.0,16.1,36.4,28.44,Toliara,-23.35,43.667,8.0
2018-11-19,27.5,22.3,24.8,0.0,19.8,41.4,29.77,Toliara,-23.35,43.667,8.0
2018-11-20,28.2,21.7,25.0,0.0,17.7,39.6,29.64,Toliara,-23.35,43.667,8.0
2018-11-21,29.0,22.7,25.8,0.0,14.9,35.6,29.17,Toliara,-23.35,43.667,8.0
2018-11-22,30.5,22.7,26.9,0.0,22.5,46.4,29.54,Toliara,-23.35,43.667,8.0
2018-11-23,30.2,24.2,26.6,0.0,28.0,53.6,29.08,Toliara,-23.35,43.667,8.0
2018-11-24,29.1,24.0,26.4,0.0,29.4,55.8,29.3,Toliara,-23.35,43.667,8.0
2018-11-25,30.1,24.4,26.9,0.0,18.2,41.0,28.33,Toliara,-23.35,43.667,8.0
2018-11-26,29.4,24.5,26.6,0.0,20.2,43.2,26.78,Toliara,-23.35,43.667,8.0
2018-11-27,30.4,24.0,26.9,0.0,17.1,38.5,29.51,Toliara,-23.35,43.667,8.0
2018-11-28,31.2,24.5,27.6,0.0,19.1,41.8,29.61,Toliara,-23.35,43.667,8.0
2018-11-29,29.4,23.6,26.3,0.4,34.7,62.6,27.03,Toliara,-23.35,43.667,8.0
2018-11-30,29.5,22.8,25.4,0.0,47.7,85.0,23.54,Toliara,-23.35,43.667,8.0
2018-12-01,32.6,20.1,26.2,0.0,37.0,65.9,30.95,Toliara,-23.35,43.667,8.0
2018-12-02,30.8,23.4,26.7,0.0,20.7,42.8,30.47,Toliara,-23.35,43.667,8.0
2018-12-03,29.1,22.9,26.1,0.1,22.9,47.5,28.68,Toliara,-23.35,43.667,8.0
2018-12-04,29.4,22.8,26.1,0.0,21.1,44.3,30.06,Toliara,-23.35,43.667,8.0
2018-12-05,29.7,23.4,26.5,0.0,19.4,42.1,29.56,Toliara,-23.35,43.667,8.0
2018-12-06,31.6,23.9,27.7,0.0,19.9,40.3,29.29,Toliara,-23.35,43.667,8.0
2018-12-07,32.3,25.2,28.9,0.0,17.4,38.9,28.13,Toliara,-23.35,43.667,8.0
2018-12-08,31.5,25.5,28.4,0.0,17.4,38.5,28.29,Toliara,-23.35,43.667,8.0
2018-12-09,31.6,26.5,28.8,0.0,19.7,41.8,28.64,Toliara,-23.35,43.667,8.0
2018-12-10,32.6,25.3,28.7,0.0,25.1,50.8,29.64,Toliara,-23.35,43.667,8.0
2018-12-11,32.2,25.6,28.9,0.2,22.3,46.4,28.74,Toliara,-23.35,43.667,8.0
2018-12-12,31.7,25.8,28.5,0.2,32.3,60.8,27.0,Toliara,-23.35,43.667,8.0
2018-12-13,30.7,25.4,28.1,0.2,19.7,41.8,26.93,Toliara,-23.35,43.667,8.0
2018-12-14,31.8,26.0,29.0,0.0,36.6,67.7,28.4,Toliara,-23.35,43.667,8.0
2018-12-15,34.8,26.4,30.2,0.1,19.1,41.0,27.35,Toliara,-23.35,43.667,8.0
2018-12-16,33.7,26.4,29.3,1.4,17.3,38.2,23.84,Toliara,-23.35,43.667,8.0
2018-12-17,32.4,26.0,28.9,0.8,15.9,37.1,27.18,Toliara,-23.35,43.667,8.0
2018-12-18,32.1,26.5,29.1,0.3,13.7,33.5,20.98,Toliara,-23.35,43.667,8.0
2018-12-19,32.5,26.0,28.8,0.0,15.1,36.4,22.55,Toliara,-23.35,43.667,8.0
2018-12-20,32.7,26.0,29.1,0.3,18.7,42.1,29.06,Toliara,-23.35,43.667,8.0
2018-12-21,31.4,26.0,28.3,0.0,30.7,58.3,30.14,Toliara,-23.35,43.667,8.0
2018-12-22,31.9,24.8,27.6,0.0,41.6,76.0,27.41,Toliara,-23.35,43.667,8.0
2018-12-23,29.1,22.4,25.9,0.0,36.2,70.6,31.25,Toliara,-23.35,43.667,8.0
2018-12-24,29.1,22.5,25.8,0.0,32.7,60.1,31.4,Toliara,-23.35,43.667,8.0
2018-12-25,29.0,23.3,26.1,0.0,26.5,53.3,31.32,Toliara,-23.35,43.667,8.0
2018-12-26,29.4,23.1,26.5,0.0,20.2,43.9,30.79,Toliara,-23.35,43.667,8.0
2018-12-27,29.8,23.4,26.8,0.0,19.8,42.8,30.65,Toliara,-23.35,43.667,8.0
2018-12-28,30.4,24.4,27.3,0.0,22.0,46.1,30.74,Toliara,-23.35,43.667,8.0
2018-12-29,30.9,23.9,27.3,0.0,30.1,57.2,30.99,Toliara,-23.35,43.667,8.0
2018-12-30,33.5,26.0,29.0,0.0,25.3,49.7,29.71,Toliara,-23.35,43.667,8.0
2018-12-31,31.9,27.0,29.0,0.0,19.8,41.0,29.66,Toliara,-23.35,43.667,8.0
2019-01-01,33.2,26.2,29.1,0.0,22.8,47.5,29.79,Toliara,-23.35,43.667,8.0
2019-01-02,32.4,27.2,29.3,0.0,18.3,40.7,29.7,Toliara,-23.35,43.667,8.0
2019-01-03,30.3,26.2,27.9,0.0,20.1,43.9,27.07,Toliara,-23.35,43.667,8.0
2019-01-04,30.2,24.4,27.5,0.0,20.0,41.8,24.88,Toliara,-23.35,43.667,8.0
2019-01-05,30.9,26.2,28.2,0.0,25.1,47.2,29.46,Toliara,-23.35,43.667,8.0
2019-01-06,30.7,26.5,28.3,0.9,25.4,46.8,29.82,Toliara,-23.35,43.667,8.0
2019-01-07,31.2,25.1,27.7,3.2,27.5,55.1,24.72,Toliara,-23.35,43.667,8.0
2019-01-08,31.1,25.7,28.4,0.5,21.2,47.2,28.66,Toliara,-23.35,43.667,8.0
2019-01-09,30.1,25.4,27.4,7.6,24.3,48.2,20.82,Toliara,-23.35,43.667,8.0
2019-01-10,29.3,25.5,27.0,6.7,20.9,47.9,16.71,Toliara,-23.35,43.667,8.0
2019-01-11,30.6,26.0,27.3,12.6,23.4,49.7,20.48,Toliara,-23.35,43.667,8.0
2019-01-12,29.1,25.4,27.4,3.5,27.8,56.2,17.21,Toliara,-23.35,43.667,8.0
2019-01-13,30.5,25.6,27.4,6.3,15.7,37.4,15.71,Toliara,-23.35,43.667,8.0
2019-01-14,29.9,25.2,27.5,0.6,15.4,29.2,16.62,Toliara,-23.35,43.667,8.0
2019-01-15,30.0,26.1,28.0,1.7,12.7,32.0,22.02,Toliara,-23.35,43.667,8.0
2019-01-16,31.2,26.2,28.5,0.8,12.6,29.2,22.56,Toliara,-23.35,43.667,8.0
2019-01-17,30.9,26.4,28.2,0.8,15.5,33.1,25.2,Toliara,-23.35,43.667,8.0
2019-01-18,30.8,25.4,28.0,1.5,19.7,40.0,25.32,Toliara,-23.35,43.667,8.0
2019-01-19,30.5,25.7,27.9,3.6,19.6,40.7,21.86,Toliara,-23.35,43.667,8.0
2019-01-20,31.4,25.6,27.7,14.4,17.3,39.2,23.6,Toliara,-23.35,43.667,8.0
2019-01-21,32.7,26.0,28.6,1.4,22.8,40.7,16.77,Toliara,-23.35,43.667,8.0
2019-01-22,34.4,26.9,29.5,8.7,20.4,46.8,21.62,Toliara,-23.35,43.667,8.0
2019-01-23,27.5,25.4,26.3,32.9,26.4,60.5,6.69,Toliara,-23.35,43.667,8.0
2019-01-24,27.1,25.5,26.2,34.8,43.8,78.1,3.84,Toliara,-23.35,43.667,8.0
2019-01-25,27.9,25.7,26.6,11.2,35.5,63.0,15.17,Toliara,-23.35,43.667,8.0
2019-01-26,28.7,24.7,26.4,0.6,25.0,46.8,24.52,Toliara,-23.35,43.667,8.0
2019-01-27,28.2,23.2,26.0,0.0,27.4,50.8,29.24,Toliara,-23.35,43.667,8.0
2019-01-28,30.9,22.6,25.9,14.0,25.2,42.8,23.52,Toliara,-23.35,43.667,8.0
2019-01-29,30.4,22.8,26.3,2.8,22.2,40.3,24.29,Toliara,-23.35,43.667,8.0
2019-01-30,30.9,23.8,27.3,0.0,17.3,34.9,27.72,Toliara,-23.35,43.667,8.0
2019-01-31,30.6,25.1,27.7,0.0,11.2,27.0,28.32,Toliara,-23.35,43.667,8.0
2019-02-01,30.2,25.3,27.8,0.2,15.9,29.5,27.6,Toliara,-23.35,43.667,8.0
2019-02-02,31.2,25.3,28.3,0.0,20.3,40.7,28.58,Toliara,-23.35,43.667,8.0
2019-02-03,31.7,25.0,28.5,0.2,22.9,44.6,27.77,Toliara,-23.35,43.667,8.0
2019-02-04,30.9,24.7,28.0,0.6,19.7,41.0,28.13,Toliara,-23.35,43.667,8.0
2019-02-05,31.3,25.1,28.1,0.0,17.7,38.9,29.4,Toliara,-23.35,43.667,8.0
2019-02-06,29.8,24.6,27.4,0.4,20.3,42.8,27.03,Toliara,-23.35,43.667,8.0
2019-02-07,29.7,25.6,27.1,2.8,28.6,51.8,25.26,Toliara,-23.35,43.667,8.0
2019-02-08,31.8,23.4,27.0,0.0,28.5,52.6,19.52,Toliara,-23.35,43.667,8.0
2019-02-09,31.1,22.7,27.1,0.0,25.1,46.4,29.21,Toliara,-23.35,43.667,8.0
2019-02-10,32.2,24.7,28.0,0.5,20.0,42.1,27.08,Toliara,-23.35,43.667,8.0
2019-02-11,30.7,24.9,27.7,0.0,25.4,51.1,28.75,Toliara,-23.35,43.667,8.0
2019-02-12,31.4,23.8,27.8,0.0,15.2,34.9,28.99,Toliara,-23.35,43.667,8.0
2019-02-13,32.8,25.4,29.2,0.0,17.3,37.8,27.83,Toliara,-23.35,43.667,8.0
2019-02-14,31.6,25.8,28.9,0.0,21.8,46.1,27.71,Toliara,-23.35,43.667,8.0
2019-02-15,31.5,25.6,28.5,0.0,21.0,41.8,26.03,Toliara,-23.35,43.667,8.0
2019-02-16,32.2,25.2,28.7,0.0,18.1,40.0,27.76,Toliara,-23.35,43.667,8.0
2019-02-17,33.4,26.3,29.1,1.5,27.3,52.9,25.34,Toliara,-23.35,43.667,8.0
2019-02-18,31.6,26.4,28.1,7.9,29.5,61.2,18.61,Toliara,-23.35,43.667,8.0
2019-02-19,29.6,25.3,26.6,51.3,40.8,77.4,6.08,Toliara,-23.35,43.667,8.0
2019-02-20,27.9,25.0,26.4,9.1,30.9,54.0,19.53,Toliara,-23.35,43.667,8.0
2019-02-21,28.2,23.5,26.0,2.4,22.1,41.8,23.67,Toliara,-23.35,43.667,8.0
2019-02-22,28.7,23.2,26.0,0.0,30.8,55.4,26.07,Toliara,-23.35,43.667,8.0
2019-02-23,29.5,23.7,26.9,0.0,17.5,33.8,25.11,Toliara,-23.35,43.667,8.0
2019-02-24,30.0,25.1,27.3,0.1,23.1,44.6,26.11,Toliara,-23.35,43.667,8.0
2019-02-25,29.4,25.2,27.4,0.0,13.7,32.8,24.88,Toliara,-23.35,43.667,8.0
2019-02-26,29.8,24.7,27.1,1.3,16.6,36.0,22.57,Toliara,-23.35,43.667,8.0
2019-02-27,30.3,25.1,27.5,1.2,16.7,34.2,22.9,Toliara,-23.35,43.667,8.0
2019-02-28,31.4,24.9,28.1,0.0,14.6,33.1,24.39,Toliara,-23.35,43.667,8.0
2019-03-01,31.7,26.3,29.1,1.1,9.7,23.8,22.54,Toliara,-23.35,43.667,8.0
2019-03-02,32.2,26.7,29.0,0.6,13.4,25.2,12.87,Toliara,-23.35,43.667,8.0
2019-03-03,32.3,25.9,28.7,4.0,15.7,34.9,23.98,Toliara,-23.35,43.667,8.0
2019-03-04,31.1,25.4,28.0,0.9,13.5,36.4,24.74,Toliara,-23.35,43.667,8.0
2019-03-05,30.6,26.1,28.5,0.4,18.0,35.6,22.36,Toliara,-23.35,43.667,8.0
2019-03-06,33.8,25.0,29.4,0.0,24.7,42.5,24.17,Toliara,-23.35,43.667,8.0
2019-03-07,33.2,24.3,28.5,0.0,24.2,47.9,26.29,Toliara,-23.35,43.667,8.0
2019-03-08,31.7,25.2,28.4,0.4,14.2,35.3,25.08,Toliara,-23.35,43.667,8.0
2019-03-09,30.7,24.3,27.9,0.0,16.8,36.4,25.26,Toliara,-23.35,43.667,8.0
2019-03-10,32.0,25.6,28.8,0.1,28.8,52.2,22.99,Toliara,-23.35,43.667,8.0
2019-03-11,33.7,24.5,28.9,0.0,31.4,59.4,25.05,Toliara,-23.35,43.667,8.0
2019-03-12,32.6,24.7,28.4,1.0,21.9,38.5,22.34,Toliara,-23.35,43.667,8.0
2019-03-13,31.6,25.8,28.7,1.1,20.8,40.7,21.03,Toliara,-23.35,43.667,8.0
2019-03-14,31.8,25.9,28.9,0.0,16.3,36.7,23.76,Toliara,-23.35,43.667,8.0
2019-03-15,30.7,24.8,28.0,0.0,20.1,40.3,25.25,Toliara,-23.35,43.667,8.0
2019-03-16,30.6,23.0,26.9,0.0,23.3,43.9,25.49,Toliara,-23.35,43.667,8.0
2019-03-17,30.2,24.3,27.2,0.0,20.4,42.8,22.17,Toliara,-23.35,43.667,8.0
2019-03-18,30.2,24.8,27.4,0.1,17.3,43.6,19.43,Toliara,-23.35,43.667,8.0
2019-03-19,30.1,24.0,27.2,0.0,18.4,40.0,24.42,Toliara,-23.35,43.667,8.0
2019-03-20,30.4,25.0,27.9,0.0,19.0,38.9,14.85,Toliara,-23.35,43.667,8.0
2019-03-21,31.2,26.5,28.3,2.9,14.1,31.7,14.59,Toliara,-23.35,43.667,8.0
2019-03-22,32.4,25.1,28.2,6.0,23.0,51.1,21.49,Toliara,-23.35,43.667,8.0
2019-03-23,32.5,25.0,28.2,0.0,30.3,58.0,22.33,Toliara,-23.35,43.667,8.0
2019-03-24,32.8,25.4,28.7,0.0,18.4,38.5,22.31,Toliara,-23.35,43.667,8.0
2019-03-25,31.2,25.5,28.3,0.1,17.7,39.6,22.11,Toliara,-23.35,43.667,8.0
2019-03-26,30.3,25.7,27.8,2.0,16.5,35.3,20.6,Toliara,-23.35,43.667,8.0
2019-03-27,29.9,24.5,27.4,0.0,30.2,56.9,22.58,Toliara,-23.35,43.667,8.0
2019-03-28,33.3,24.6,28.5,0.0,28.0,52.6,21.03,Toliara,-23.35,43.667,8.0
2019-03-29,31.2,25.7,28.4,0.0,19.9,40.3,22.83,Toliara,-23.35,43.667,8.0
2019-03-30,29.9,24.7,27.1,0.0,30.4,55.8,22.9,Toliara,-23.35,43.667,8.0
2019-03-31,29.0,23.0,25.9,0.0,28.2,52.9,23.91,Toliara,-23.35,43.667,8.0
2019-04-01,29.6,21.1,25.6,0.0,22.5,44.3,23.74,Toliara,-23.35,43.667,8.0
2019-04-02,29.9,22.6,26.1,0.0,30.6,59.0,23.27,Toliara,-23.35,43.667,8.0
2019-04-03,29.4,22.8,26.2,0.0,26.8,50.0,22.65,Toliara,-23.35,43.667,8.0
2019-04-04,30.5,23.3,26.9,0.0,15.9,36.4,22.26,Toliara,-23.35,43.667,8.0
2019-04-05,30.7,24.1,27.3,0.0,17.3,38.2,21.83,Toliara,-23.35,43.667,8.0
2019-04-06,30.0,24.6,27.5,0.3,20.9,41.8,21.39,Toliara,-23.35,43.667,8.0
2019-04-07,31.7,25.3,28.3,0.0,18.6,39.2,21.59,Toliara,-23.35,43.667,8.0
2019-04-08,32.0,25.6,28.6,0.0,18.6,37.1,21.46,Toliara,-23.35,43.667,8.0
2019-04-09,30.5,25.0,27.8,0.0,17.2,35.3,20.96,Toliara,-23.35,43.667,8.0
2019-04-10,30.6,25.2,27.5,0.0,28.4,54.0,21.51,Toliara,-23.35,43.667,8.0
2019-04-11,29.5,24.3,26.8,0.0,26.2,49.7,21.09,Toliara,-23.35,43.667,8.0
2019-04-12,29.6,23.8,26.6,0.0,26.6,50.0,21.36,Toliara,-23.35,43.667,8.0
2019-04-13,27.9,24.5,26.1,0.2,20.4,38.2,13.19,Toliara,-23.35,43.667,8.0
2019-04-14,28.1,23.0,25.7,0.0,24.8,46.8,20.46,Toliara,-23.35,43.667,8.0
2019-04-15,29.0,22.9,25.9,0.0,19.9,40.3,21.04,Toliara,-23.35,43.667,8.0
2019-04-16,29.3,22.8,26.1,0.0,19.5,39.6,20.69,Toliara,-23.35,43.667,8.0
2019-04-17,29.8,23.0,26.0,0.0,32.1,57.2,17.99,Toliara,-23.35,43.667,8.0
2019-04-18,31.0,24.9,27.4,0.0,31.8,53.6,12.94,Toliara,-23.35,43.667,8.0
2019-04-19,32.8,24.3,27.8,0.0,32.3,60.1,18.57,Toliara,-23.35,43.667,8.0
2019-04-20,33.6,23.6,28.3,0.0,27.0,49.3,19.92,Toliara,-23.35,43.667,8.0
2019-04-21,31.0,24.7,27.4,0.0,24.6,41.4,20.43,Toliara,-23.35,43.667,8.0
2019-04-22,31.7,23.0,26.6,0.0,27.3,50.0,20.39,Toliara,-23.35,43.667,8.0
2019-04-23,31.3,23.5,27.0,0.0,22.2,45.0,20.33,Toliara,-23.35,43.667,8.0
2019-04-24,32.4,25.0,28.2,0.0,20.9,42.1,19.67,Toliara,-23.35,43.667,8.0
2019-04-25,30.9,25.3,27.9,0.0,16.5,36.0,19.63,Toliara,-23.35,43.667,8.0
2019-04-26,29.9,24.3,26.8,0.8,15.9,36.4,16.97,Toliara,-23.35,43.667,8.0
2019-04-27,27.8,23.2,25.4,1.5,15.3,35.3,18.8,Toliara,-23.35,43.667,8.0
2019-04-28,28.7,22.5,25.1,0.0,36.3,64.8,18.23,Toliara,-23.35,43.667,8.0
2019-04-29,31.6,21.2,25.8,0.0,26.6,46.4,19.79,Toliara,-23.35,43.667,8.0
2019-04-30,32.0,20.8,25.5,0.0,26.3,47.5,19.81,Toliara,-23.35,43.667,8.0
2019-05-01,28.7,20.6,25.2,0.0,20.7,41.0,19.5,Toliara,-23.35,43.667,8.0
2019-05-02,29.3,20.6,25.1,0.0,18.1,37.8,19.15,Toliara,-23.35,43.667,8.0
2019-05-03,29.8,20.8,25.3,0.0,17.7,37.4,19.02,Toliara,-23.35,43.667,8.0
2019-05-04,29.5,21.3,25.2,0.0,16.8,34.2,18.85,Toliara,-23.35,43.667,8.0
2019-05-05,28.8,21.6,25.1,0.0,30.5,55.1,18.57,Toliara,-23.35,43.667,8.0
2019-05-06,29.9,22.1,25.6,0.0,25.6,48.2,18.73,Toliara,-23.35,43.667,8.0
2019-05-07,31.1,21.6,26.1,0.0,28.3,47.9,18.26,Toliara,-23.35,43.667,8.0
2019-05-08,32.8,21.8,27.0,0.0,28.6,52.2,17.42,Toliara,-23.35,43.667,8.0
2019-05-09,29.6,24.0,26.5,0.0,22.1,41.0,16.62,Toliara,-23.35,43.667,8.0
2019-05-10,27.5,21.3,24.5,0.0,27.5,51.8,17.87,Toliara,-23.35,43.667,8.0
2019-05-11,25.4,20.5,23.2,0.0,22.0,43.9,15.4,Toliara,-23.35,43.667,8.0
2019-05-12,24.8,19.9,22.4,0.1,23.1,42.1,15.75,Toliara,-23.35,43.667,8.0
2019-05-13,26.5,18.7,22.8,0.0,26.0,47.5,17.86,Toliara,-23.35,43.667,8.0
2019-05-14,29.6,19.5,24.1,0.0,30.6,55.4,17.59,Toliara,-23.35,43.667,8.0
2019-05-15,30.5,21.0,25.3,0.0,28.1,51.5,17.33,Toliara,-23.35,43.667,8.0
2019-05-16,29.8,21.9,25.5,0.0,19.5,37.8,17.22,Toliara,-23.35,43.667,8.0
2019-05-17,28.5,22.4,25.5,0.0,15.6,34.2,15.42,Toliara,-23.35,43.667,8.0
2019-05-18,28.2,23.1,25.7,0.2,16.9,34.2,14.84,Toliara,-23.35,43.667,8.0
2019-05-19,27.0,23.2,25.2,0.5,19.4,39.2,10.84,Toliara,-23.35,43.667,8.0
2019-05-20,27.1,21.6,23.9,0.2,14.3,33.5,13.61,Toliara,-23.35,43.667,8.0
2019-05-21,26.8,20.7,23.6,0.5,17.4,39.2,14.07,Toliara,-23.35,43.667,8.0
2019-05-22,26.7,20.1,23.5,0.1,26.6,48.6,14.56,Toliara,-23.35,43.667,8.0
2019-05-23,28.5,20.8,24.0,0.0,33.0,59.8,16.41,Toliara,-23.35,43.667,8.0
2019-05-24,29.6,20.2,24.3,0.0,28.8,50.0,16.59,Toliara,-23.35,43.667,8.0
2019-05-25,29.7,19.9,24.3,0.0,26.0,46.1,16.65,Toliara,-23.35,43.667,8.0
2019-05-26,29.3,19.2,23.8,0.0,25.9,47.2,16.91,Toliara,-23.35,43.667,8.0
2019-05-27,29.9,19.3,24.3,0.0,24.8,46.8,16.38,Toliara,-23.35,43.667,8.0
2019-05-28,30.0,21.2,24.9,0.0,21.7,40.7,16.15,Toliara,-23.35,43.667,8.0
2019-05-29,27.6,20.6,24.1,0.0,19.7,37.8,13.44,Toliara,-23.35,43.667,8.0
2019-05-30,25.9,20.1,22.7,2.2,16.6,40.3,13.02,Toliara,-23.35,43.667,8.0
2019-05-31,24.3,19.1,21.6,2.3,13.4,25.9,13.94,Toliara,-23.35,43.667,8.0
2019-06-01,27.2,18.4,22.6,0.0,23.3,40.0,14.99,Toliara,-23.35,43.667,8.0
2019-06-02,29.5,20.9,24.6,0.0,21.0,40.0,11.05,Toliara,-23.35,43.667,8.0
2019-06-03,27.8,21.1,23.7,2.8,23.7,45.7,12.45,Toliara,-23.35,43.667,8.0
2019-06-04,28.7,20.9,23.7,0.1,24.5,42.1,13.39,Toliara,-23.35,43.667,8.0
2019-06-05,26.7,20.0,23.2,0.0,14.8,31.0,14.34,Toliara,-23.35,43.667,8.0
2019-06-06,27.3,20.7,23.9,0.0,17.3,35.6,15.56,Toliara,-23.35,43.667,8.0
2019-06-07,28.6,19.5,23.6,0.0,27.0,48.2,15.58,Toliara,-23.35,43.667,8.0
2019-06-08,26.3,20.1,23.0,0.0,29.9,53.6,15.52,Toliara,-23.35,43.667,8.0
2019-06-09,28.4,20.7,23.4,0.2,29.8,54.4,13.24,Toliara,-23.35,43.667,8.0
2019-06-10,29.4,19.3,23.8,0.0,26.6,47.5,15.42,Toliara,-23.35,43.667,8.0
2019-06-11,27.9,20.1,23.6,0.0,25.4,46.1,15.47,Toliara,-23.35,43.667,8.0
2019-06-12,27.7,19.1,22.8,0.0,16.5,35.3,15.97,Toliara,-23.35,43.667,8.0
2019-06-13,25.8,18.2,22.1,0.0,21.3,36.4,15.83,Toliara,-23.35,43.667,8.0
2019-06-14,25.4,17.6,21.5,0.0,31.6,57.2,15.81,Toliara,-23.35,43.667,8.0
2019-06-15,28.3,18.2,22.5,0.0,29.5,50.0,15.37,Toliara,-23.35,43.667,8.0
2019-06-16,28.3,17.7,22.4,0.0,27.3,49.3,15.78,Toliara,-23.35,43.667,8.0
2019-06-17,28.7,17.8,22.6,0.0,22.5,41.4,15.94,Toliara,-23.35,43.667,8.0
2019-06-18,26.2,17.2,21.8,0.0,14.8,32.8,15.69,Toliara,-23.35,43.667,8.0
2019-06-19,22.5,18.4,20.6,1.5,19.7,43.9,11.01,Toliara,-23.35,43.667,8.0
2019-06-20,29.6,18.1,22.6,0.0,27.0,49.7,11.54,Toliara,-23.35,43.667,8.0
2019-06-21,31.0,20.7,25.0,0.0,27.7,49.7,15.16,Toliara,-23.35,43.667,8.0
2019-06-22,27.5,20.3,23.6,0.0,27.7,47.5,14.64,Toliara,-23.35,43.667,8.0
2019-06-23,28.2,20.4,23.8,0.0,23.0,43.2,14.77,Toliara,-23.35,43.667,8.0
2019-06-24,26.2,19.8,23.0,0.0,15.5,33.8,15.02,Toliara,-23.35,43.667,8.0
2019-06-25,24.8,20.1,22.2,0.1,25.3,47.5,13.66,Toliara,-23.35,43.667,8.0
2019-06-26,27.9,18.3,22.8,0.0,24.9,42.8,15.29,Toliara,-23.35,43.667,8.0
2019-06-27,29.2,19.5,23.9,0.0,24.0,45.4,15.33,Toliara,-23.35,43.667,8.0
2019-06-28,30.1,21.1,25.1,0.0,21.7,38.9,14.13,Toliara,-23.35,43.667,8.0
2019-06-29,30.0,23.1,25.9,0.0,18.2,38.5,13.87,Toliara,-23.35,43.667,8.0
2019-06-30,30.4,22.5,25.8,0.0,20.5,40.0,14.29,Toliara,-23.35,43.667,8.0
2019-07-01,30.7,22.6,25.9,0.0,16.9,33.8,15.48,Toliara,-23.35,43.667,8.0
2019-07-02,27.5,21.4,24.8,0.0,15.5,32.8,13.85,Toliara,-23.35,43.667,8.0
2019-07-03,25.7,20.4,22.7,0.5,30.7,58.3,13.47,Toliara,-23.35,43.667,8.0
2019-07-04,27.8,17.7,22.1,0.0,28.3,51.8,15.93,Toliara,-23.35,43.667,8.0
2019-07-05,26.4,18.4,22.0,0.0,19.4,35.3,15.67,Toliara,-23.35,43.667,8.0
2019-07-06,25.1,17.6,21.7,0.0,20.8,42.8,15.69,Toliara,-23.35,43.667,8.0
2019-07-07,24.6,18.7,21.9,0.0,13.0,29.9,14.46,Toliara,-23.35,43.667,8.0
2019-07-08,24.7,16.8,21.2,0.0,23.6,42.8,15.25,Toliara,-23.35,43.667,8.0
2019-07-09,25.3,17.3,21.1,0.0,30.5,56.2,15.81,Toliara,-23.35,43.667,8.0
2019-07-10,23.7,17.9,21.1,0.0,22.7,40.7,13.86,Toliara,-23.35,43.667,8.0
2019-07-11,24.0,18.8,21.5,0.1,31.4,56.2,13.26,Toliara,-23.35,43.667,8.0
2019-07-12,28.0,17.5,21.9,0.0,30.4,52.2,16.42,Toliara,-23.35,43.667,8.0
2019-07-13,27.6,16.2,21.7,0.0,28.6,51.8,16.76,Toliara,-23.35,43.667,8.0
2019-07-14,28.8,16.0,22.3,0.0,23.5,39.2,16.87,Toliara,-23.35,43.667,8.0
2019-07-15,27.2,17.0,21.7,0.0,20.3,35.6,16.76,Toliara,-23.35,43.667,8.0
2019-07-16,27.6,18.7,22.8,0.0,21.5,40.3,15.89,Toliara,-23.35,43.667,8.0
2019-07-17,26.8,19.4,22.7,0.0,21.5,42.1,16.19,Toliara,-23.35,43.667,8.0
2019-07-18,25.7,19.3,22.4,0.0,20.5,40.0,16.21,Toliara,-23.35,43.667,8.0
2019-07-19,25.5,17.0,21.5,0.0,19.7,40.0,16.69,Toliara,-23.35,43.667,8.0
2019-07-20,26.7,16.0,21.7,0.0,24.5,46.4,17.08,Toliara,-23.35,43.667,8.0
2019-07-21,21.9,16.4,20.2,7.4,36.1,67.3,13.31,Toliara,-23.35,43.667,8.0
2019-07-22,22.3,14.5,18.0,0.0,24.2,46.4,16.96,Toliara,-23.35,43.667,8.0
2019-07-23,26.4,13.4,19.2,0.0,23.6,44.6,17.41,Toliara,-23.35,43.667,8.0
2019-07-24,24.5,14.6,20.1,0.0,22.9,38.5,17.51,Toliara,-23.35,43.667,8.0
2019-07-25,26.9,16.6,21.3,0.0,22.4,39.6,17.31,Toliara,-23.35,43.667,8.0
2019-07-26,26.4,16.2,21.1,0.0,27.1,49.7,17.85,Toliara,-23.35,43.667,8.0
2019-07-27,27.4,16.4,21.8,0.0,25.5,46.8,17.54,Toliara,-23.35,43.667,8.0
2019-07-28,25.6,17.5,21.7,0.0,26.2,44.6,17.49,Toliara,-23.35,43.667,8.0
2019-07-29,28.8,17.0,22.3,0.0,20.1,40.3,17.56,Toliara,-23.35,43.667,8.0
2019-07-30,28.6,18.9,23.1,0.0,18.1,37.1,17.43,Toliara,-23.35,43.667,8.0
2019-07-31,28.4,19.4,24.0,0.0,17.7,35.6,17.2,Toliara,-23.35,43.667,8.0
2019-08-01,29.2,20.4,24.5,0.0,27.2,48.2,16.94,Toliara,-23.35,43.667,8.0
2019-08-02,29.3,21.4,25.1,0.0,28.5,52.2,16.8,Toliara,-23.35,43.667,8.0
2019-08-03,29.3,22.4,25.3,0.0,15.8,33.5,17.65,Toliara,-23.35,43.667,8.0
2019-08-04,28.1,19.6,23.6,0.0,15.5,33.8,17.75,Toliara,-23.35,43.667,8.0
2019-08-05,28.4,19.2,23.2,0.0,25.7,48.6,18.06,Toliara,-23.35,43.667,8.0
2019-08-06,32.4,19.4,24.6,0.0,17.2,37.1,18.66,Toliara,-23.35,43.667,8.0
2019-08-07,30.6,17.9,24.4,0.0,24.9,45.0,18.82,Toliara,-23.35,43.667,8.0
2019-08-08,29.0,20.2,24.5,0.0,20.9,44.3,18.93,Toliara,-23.35,43.667,8.0
2019-08-09,27.7,17.8,22.9,0.0,29.1,52.9,18.97,Toliara,-23.35,43.667,8.0
2019-08-10,29.4,18.8,23.5,0.0,32.1,56.5,18.74,Toliara,-23.35,43.667,8.0
2019-08-11,27.1,19.1,23.5,0.0,19.5,37.4,18.74,Toliara,-23.35,43.667,8.0
2019-08-12,26.4,18.9,22.8,0.0,15.0,32.0,18.76,Toliara,-23.35,43.667,8.0
2019-08-13,25.6,18.0,22.2,0.0,29.1,54.7,18.84,Toliara,-23.35,43.667,8.0
2019-08-14,30.7,20.5,24.4,0.0,28.8,51.8,19.3,Toliara,-23.35,43.667,8.0
2019-08-15,27.9,20.4,23.4,0.0,41.7,74.9,18.48,Toliara,-23.35,43.667,8.0
2019-08-16,27.5,18.8,22.1,0.0,36.4,66.2,19.48,Toliara,-23.35,43.667,8.0
2019-08-17,24.8,18.1,21.2,0.0,37.1,65.5,20.03,Toliara,-23.35,43.667,8.0
2019-08-18,27.4,18.1,21.6,0.0,44.9,79.6,19.6,Toliara,-23.35,43.667,8.0
2019-08-19,29.0,18.0,22.5,0.0,30.2,59.4,19.9,Toliara,-23.35,43.667,8.0
2019-08-20,26.0,18.6,22.3,0.0,27.9,49.3,19.72,Toliara,-23.35,43.667,8.0
2019-08-21,26.2,18.4,21.6,0.0,41.8,73.8,15.78,Toliara,-23.35,43.667,8.0
2019-08-22,29.4,17.7,23.0,0.0,29.0,53.3,20.52,Toliara,-23.35,43.667,8.0
2019-08-23,27.8,18.1,22.7,0.0,26.5,47.5,20.55,Toliara,-23.35,43.667,8.0
2019-08-24,29.8,17.9,23.2,0.0,32.1,58.3,20.98,Toliara,-23.35,43.667,8.0
2019-08-25,29.1,19.9,23.7,0.0,23.7,46.8,20.91,Toliara,-23.35,43.667,8.0
2019-08-26,26.7,18.5,22.6,0.0,18.6,40.0,20.79,Toliara,-23.35,43.667,8.0
2019-08-27,28.0,17.1,22.6,0.0,20.3,41.0,21.1,Toliara,-23.35,43.667,8.0
2019-08-28,27.1,17.6,23.0,0.0,21.3,41.8,21.09,Toliara,-23.35,43.667,8.0
2019-08-29,26.6,18.0,22.3,0.0,26.3,50.8,21.2,Toliara,-23.35,43.667,8.0
2019-08-30,28.9,19.2,23.5,0.0,23.7,44.6,21.34,Toliara,-23.35,43.667,8.0
2019-08-31,30.1,18.8,24.1,0.0,18.0,39.2,21.43,Toliara,-23.35,43.667,8.0
2019-09-01,29.4,19.0,24.3,0.0,29.3,53.3,19.88,Toliara,-23.35,43.667,8.0
2019-09-02,27.5,19.9,23.2,0.0,34.8,64.1,20.93,Toliara,-23.35,43.667,8.0
2019-09-03,27.6,19.5,22.8,0.0,39.5,70.2,21.02,Toliara,-23.35,43.667,8.0
2019-09-04,27.5,18.4,22.6,0.0,30.8,56.2,22.13,Toliara,-23.35,43.667,8.0
2019-09-05,26.4,20.1,23.3,0.0,23.0,43.2,21.75,Toliara,-23.35,43.667,8.0
2019-09-06,26.8,20.0,22.6,0.0,46.3,82.8,19.55,Toliara,-23.35,43.667,8.0
2019-09-07,24.0,17.7,20.3,0.0,40.0,72.4,13.28,Toliara,-23.35,43.667,8.0
2019-09-08,23.7,17.7,20.8,2.6,30.8,59.4,11.57,Toliara,-23.35,43.667,8.0
2019-09-09,26.5,19.6,21.7,14.9,20.7,51.5,11.73,Toliara,-23.35,43.667,8.0
2019-09-10,24.5,19.1,21.5,1.0,17.6,33.1,16.96,Toliara,-23.35,43.667,8.0
2019-09-11,24.5,18.4,21.4,0.0,17.3,36.7,22.42,Toliara,-23.35,43.667,8.0
2019-09-12,25.5,17.0,21.5,0.0,15.8,32.0,22.66,Toliara,-23.35,43.667,8.0
2019-09-13,28.0,18.3,23.0,0.0,14.0,29.5,23.17,Toliara,-23.35,43.667,8.0
2019-09-14,29.5,19.2,23.8,0.0,23.5,43.9,23.21,Toliara,-23.35,43.667,8.0
2019-09-15,27.5,18.4,22.8,0.0,29.6,52.6,23.36,Toliara,-23.35,43.667,8.0
2019-09-16,27.1,19.5,22.6,0.0,39.9,71.3,22.94,Toliara,-23.35,43.667,8.0
2019-09-17,29.3,18.5,23.6,0.0,28.9,55.1,23.36,Toliara,-23.35,43.667,8.0
2019-09-18,29.3,19.7,23.8,0.0,23.2,46.1,23.49,Toliara,-23.35,43.667,8.0
2019-09-19,28.6,19.3,23.7,0.0,36.1,63.4,23.96,Toliara,-23.35,43.667,8.0
2019-09-20,30.4,20.0,24.1,0.0,42.1,74.5,23.67,Toliara,-23.35,43.667,8.0
2019-09-21,31.5,21.3,25.2,0.0,26.1,50.4,23.89,Toliara,-23.35,43.667,8.0
2019-09-22,29.6,22.2,25.4,0.0,19.2,42.5,23.85,Toliara,-23.35,43.667,8.0
2019-09-23,28.8,21.9,25.1,0.0,20.1,39.6,23.95,Toliara,-23.35,43.667,8.0
2019-09-24,26.6,21.9,23.8,0.0,31.8,55.1,23.8,Toliara,-23.35,43.667,8.0
2019-09-25,24.1,20.6,22.0,0.2,37.8,70.2,20.59,Toliara,-23.35,43.667,8.0
2019-09-26,28.9,19.1,23.3,1.9,27.9,51.8,15.88,Toliara,-23.35,43.667,8.0
2019-09-27,28.0,21.0,23.8,4.7,20.2,36.7,20.11,Toliara,-23.35,43.667,8.0
2019-09-28,25.1,20.4,22.5,6.3,23.9,48.2,20.31,Toliara,-23.35,43.667,8.0
2019-09-29,25.2,18.6,22.1,0.0,18.9,39.2,24.72,Toliara,-23.35,43.667,8.0
2019-09-30,26.3,18.6,22.5,0.0,22.4,44.6,25.1,Toliara,-23.35,43.667,8.0
2019-10-01,29.0,18.4,23.8,0.0,21.4,41.8,24.08,Toliara,-23.35,43.667,8.0
2019-10-02,28.3,21.0,24.7,0.0,40.8,73.4,21.15,Toliara,-23.35,43.667,8.0
2019-10-03,28.7,21.8,24.8,0.0,27.5,53.3,24.64,Toliara,-23.35,43.667,8.0
2019-10-04,28.9,20.8,24.8,0.0,18.1,39.6,25.45,Toliara,-23.35,43.667,8.0
2019-10-05,26.4,21.2,23.5,0.0,17.1,38.2,24.89,Toliara,-23.35,43.667,8.0
2019-10-06,29.0,20.3,24.8,0.0,18.1,38.2,22.61,Toliara,-23.35,43.667,8.0
2019-10-07,30.8,22.9,26.6,0.0,21.6,42.8,21.95,Toliara,-23.35,43.667,8.0
2019-10-08,30.8,23.7,26.7,0.0,19.4,39.2,24.03,Toliara,-23.35,43.667,8.0
2019-10-09,31.0,23.4,26.9,0.0,19.1,40.7,22.6,Toliara,-23.35,43.667,8.0
2019-10-10,30.5,22.9,26.9,0.0,19.9,41.8,25.75,Toliara,-23.35,43.667,8.0
2019-10-11,29.5,22.9,26.0,0.0,35.3,65.2,25.28,Toliara,-23.35,43.667,8.0
2019-10-12,28.7,22.4,25.3,0.0,36.1,65.5,23.44,Toliara,-23.35,43.667,8.0
2019-10-13,29.9,23.0,25.8,0.0,26.6,48.2,24.24,Toliara,-23.35,43.667,8.0
2019-10-14,28.0,22.6,24.9,0.0,29.2,55.4,26.06,Toliara,-23.35,43.667,8.0
2019-10-15,31.6,21.6,27.2,0.0,27.9,55.4,23.85,Toliara,-23.35,43.667,8.0
2019-10-16,32.0,23.1,27.2,0.0,35.0,63.0,24.27,Toliara,-23.35,43.667,8.0
2019-10-17,32.9,23.8,27.8,0.0,36.2,65.5,25.45,Toliara,-23.35,43.667,8.0
2019-10-18,30.0,23.5,26.6,0.0,20.2,42.8,26.55,Toliara,-23.35,43.667,8.0
2019-10-19,29.9,21.7,25.8,0.0,20.8,44.3,26.47,Toliara,-23.35,43.667,8.0
2019-10-20,29.6,21.5,25.8,0.0,20.3,42.8,26.82,Toliara,-23.35,43.667,8.0
2019-10-21,30.3,21.3,25.8,0.0,18.4,39.6,27.15,Toliara,-23.35,43.667,8.0
2019-10-22,28.6,21.4,25.4,0.0,28.7,52.6,26.97,Toliara,-23.35,43.667,8.0
2019-10-23,33.3,24.5,28.0,0.0,18.9,40.3,26.81,Toliara,-23.35,43.667,8.0
2019-10-24,31.7,23.9,27.9,0.0,17.7,37.4,26.85,Toliara,-23.35,43.667,8.0
2019-10-25,33.7,24.5,28.5,0.0,25.5,49.0,27.31,Toliara,-23.35,43.667,8.0
2019-10-26,37.0,25.6,29.8,0.0,33.1,59.0,27.28,Toliara,-23.35,43.667,8.0
2019-10-27,36.1,26.4,29.6,0.0,21.8,43.9,27.55,Toliara,-23.35,43.667,8.0
2019-10-28,31.2,25.1,28.2,0.0,26.0,51.5,27.35,Toliara,-23.35,43.667,8.0
2019-10-29,32.9,26.0,28.9,0.0,26.9,52.9,27.11,Toliara,-23.35,43.667,8.0
2019-10-30,32.9,25.8,28.4,0.0,30.6,58.7,27.33,Toliara,-23.35,43.667,8.0
2019-10-31,33.2,24.3,28.7,0.0,38.0,72.0,26.23,Toliara,-23.35,43.667,8.0
2019-11-01,33.8,22.9,26.7,0.0,42.8,76.0,28.38,Toliara,-23.35,43.667,8.0
2019-11-02,32.4,20.3,25.1,0.0,38.7,69.5,29.15,Toliara,-23.35,43.667,8.0
2019-11-03,29.6,22.6,26.1,0.0,23.4,47.9,27.83,Toliara,-23.35,43.667,8.0
2019-11-04,30.0,22.1,26.1,0.0,30.4,56.9,28.2,Toliara,-23.35,43.667,8.0
2019-11-05,32.2,22.8,26.6,0.0,38.8,70.9,28.84,Toliara,-23.35,43.667,8.0
2019-11-06,32.4,23.5,27.2,0.0,27.4,54.0,28.92,Toliara,-23.35,43.667,8.0
2019-11-07,32.0,25.6,28.3,0.0,20.4,43.2,27.75,Toliara,-23.35,43.667,8.0
2019-11-08,31.0,23.9,27.3,0.0,16.1,37.1,28.74,Toliara,-23.35,43.667,8.0
2019-11-09,32.3,23.4,26.9,0.0,37.6,69.1,28.93,Toliara,-23.35,43.667,8.0
2019-11-10,29.8,23.7,26.3,0.0,35.7,67.0,28.42,Toliara,-23.35,43.667,8.0
2019-11-11,29.6,23.1,26.3,0.0,31.9,58.7,28.74,Toliara,-23.35,43.667,8.0
2019-11-12,30.5,23.8,27.5,0.0,29.8,56.9,28.14,Toliara,-23.35,43.667,8.0
2019-11-13,31.4,25.6,28.1,0.0,18.2,40.7,28.76,Toliara,-23.35,43.667,8.0
2019-11-14,29.2,24.6,26.8,0.1,20.5,42.8,21.31,Toliara,-23.35,43.667,8.0
2019-11-15,28.6,24.8,26.2,20.3,17.4,35.6,7.92,Toliara,-23.35,43.667,8.0
2019-11-16,25.7,22.8,24.3,103.7,38.3,74.5,3.33,Toliara,-23.35,43.667,8.0
2019-11-17,27.4,23.6,25.7,4.9,29.3,54.7,24.97,Toliara,-23.35,43.667,8.0
2019-11-18,28.0,23.2,25.5,0.0,16.6,34.9,28.0,Toliara,-23.35,43.667,8.0
2019-11-19,29.5,22.7,26.0,0.0,16.1,33.5,29.53,Toliara,-23.35,43.667,8.0
2019-11-20,28.3,22.5,25.5,0.0,16.9,35.6,29.18,Toliara,-23.35,43.667,8.0
2019-11-21,28.5,23.0,25.9,0.0,16.3,31.3,27.89,Toliara,-23.35,43.667,8.0
2019-11-22,28.5,24.1,25.5,1.6,13.0,40.3,14.08,Toliara,-23.35,43.667,8.0
2019-11-23,29.2,22.8,25.9,0.0,27.3,50.4,29.66,Toliara,-23.35,43.667,8.0
2019-11-24,32.4,22.6,27.2,0.0,25.6,48.2,30.52,Toliara,-23.35,43.667,8.0
2019-11-25,29.9,24.0,27.1,0.0,16.9,34.9,29.96,Toliara,-23.35,43.667,8.0
2019-11-26,30.6,23.2,26.9,0.0,34.1,61.6,30.3,Toliara,-23.35,43.667,8.0
2019-11-27,31.8,22.5,26.9,0.0,35.9,63.7,30.7,Toliara,-23.35,43.667,8.0
2019-11-28,29.4,22.3,26.0,0.0,32.8,58.7,31.23,Toliara,-23.35,43.667,8.0
2019-11-29,33.1,21.4,27.2,0.0,38.5,69.5,30.88,Toliara,-23.35,43.667,8.0
2019-11-30,33.7,26.4,29.3,0.0,18.9,39.2,26.87,Toliara,-23.35,43.667,8.0
2019-12-01,31.9,25.6,28.3,0.0,21.5,38.2,29.6,Toliara,-23.35,43.667,8.0
2019-12-02,31.7,25.0,27.9,0.0,22.1,42.5,30.48,Toliara,-23.35,43.667,8.0
2019-12-03,31.2,23.7,27.9,0.0,17.7,38.9,30.41,Toliara,-23.35,43.667,8.0
2019-12-04,30.0,23.5,26.9,0.0,28.8,53.6,30.29,Toliara,-23.35,43.667,8.0
2019-12-05,32.2,24.7,27.7,0.0,41.6,81.7,30.01,Toliara,-23.35,43.667,8.0
2019-12-06,30.9,22.7,26.1,0.0,36.5,67.7,30.07,Toliara,-23.35,43.667,8.0
2019-12-07,28.7,23.7,25.8,0.3,25.2,46.4,27.06,Toliara,-23.35,43.667,8.0
2019-12-08,28.7,23.5,26.0,0.0,27.8,50.4,28.63,Toliara,-23.35,43.667,8.0
2019-12-09,29.8,24.3,27.2,0.0,32.4,61.6,29.21,Toliara,-23.35,43.667,8.0
2019-12-10,32.3,25.9,29.0,0.0,28.0,54.7,28.29,Toliara,-23.35,43.667,8.0
2019-12-11,31.9,27.4,29.0,0.5,20.8,42.8,27.35,Toliara,-23.35,43.667,8.0
2019-12-12,31.1,26.2,28.1,1.3,27.6,54.7,26.97,Toliara,-23.35,43.667,8.0
2019-12-13,27.7,24.8,26.1,19.8,35.5,63.4,17.61,Toliara,-23.35,43.667,8.0
2019-12-14,28.6,24.2,26.5,1.4,15.6,33.1,27.56,Toliara,-23.35,43.667,8.0
2019-12-15,29.0,24.4,26.8,0.5,19.2,38.9,28.43,Toliara,-23.35,43.667,8.0
2019-12-16,28.5,24.6,26.3,1.4,31.4,58.0,24.39,Toliara,-23.35,43.667,8.0
2019-12-17,30.7,23.2,26.7,0.3,29.5,55.8,23.92,Toliara,-23.35,43.667,8.0
2019-12-18,31.8,22.3,27.1,0.0,22.9,42.1,29.77,Toliara,-23.35,43.667,8.0
2019-12-19,31.3,24.7,28.1,0.0,16.9,37.4,29.33,Toliara,-23.35,43.667,8.0
2019-12-20,31.7,25.1,28.7,0.0,32.3,58.0,29.32,Toliara,-23.35,43.667,8.0
2019-12-21,34.4,25.7,29.6,0.0,24.8,50.4,31.4,Toliara,-23.35,43.667,8.0
2019-12-22,33.5,26.8,30.0,0.0,17.8,42.5,29.12,Toliara,-23.35,43.667,8.0
2019-12-23,33.2,27.0,29.6,1.7,17.0,45.7,28.62,Toliara,-23.35,43.667,8.0
2019-12-24,33.4,26.9,29.8,0.1,23.0,46.8,29.91,Toliara,-23.35,43.667,8.0
2019-12-25,34.2,26.9,30.3,0.0,23.1,46.8,29.29,Toliara,-23.35,43.667,8.0
2019-12-26,34.6,29.0,31.3,0.0,23.5,47.9,30.47,Toliara,-23.35,43.667,8.0
2019-12-27,34.2,27.8,30.6,0.0,22.1,46.8,29.16,Toliara,-23.35,43.667,8.0
2019-12-28,31.8,27.6,29.4,0.0,32.5,60.1,29.03,Toliara,-23.35,43.667,8.0
2019-12-29,33.8,27.0,30.1,0.0,19.6,43.2,29.93,Toliara,-23.35,43.667,8.0
2019-12-30,33.1,28.0,30.0,0.8,25.0,51.1,27.0,Toliara,-23.35,43.667,8.0
2019-12-31,32.4,27.4,29.5,1.4,20.5,43.6,27.62,Toliara,-23.35,43.667,8.0
2020-01-01,31.0,26.6,29.0,0.9,20.6,42.5,25.16,Toliara,-23.35,43.667,8.0
2020-01-02,32.4,25.8,29.3,0.0,23.9,47.5,29.39,Toliara,-23.35,43.667,8.0
2020-01-03,31.6,25.9,29.0,0.0,30.8,56.9,30.65,Toliara,-23.35,43.667,8.0
2020-01-04,31.6,26.2,29.4,0.0,29.6,54.7,30.39,Toliara,-23.35,43.667,8.0
2020-01-05,33.0,27.3,29.9,0.0,19.7,41.4,27.36,Toliara,-23.35,43.667,8.0
2020-01-06,33.1,27.1,29.7,0.2,15.6,38.5,28.28,Toliara,-23.35,43.667,8.0
2020-01-07,33.1,26.7,29.2,2.3,17.7,42.1,28.22,Toliara,-23.35,43.667,8.0
2020-01-08,31.8,26.5,29.0,0.1,17.8,40.3,27.51,Toliara,-23.35,43.667,8.0
2020-01-09,32.6,27.0,29.9,0.4,16.2,36.4,26.33,Toliara,-23.35,43.667,8.0
2020-01-10,33.4,27.5,30.3,0.0,19.6,42.8,29.28,Toliara,-23.35,43.667,8.0
2020-01-11,33.1,26.9,29.9,0.0,24.2,47.9,27.67,Toliara,-23.35,43.667,8.0
2020-01-12,33.5,26.2,29.9,0.0,22.2,46.8,30.25,Toliara,-23.35,43.667,8.0
2020-01-13,32.0,27.1,29.2,2.6,20.5,52.9,26.4,Toliara,-23.35,43.667,8.0
2020-01-14,32.5,25.7,29.1,0.0,17.4,39.2,28.18,Toliara,-23.35,43.667,8.0
2020-01-15,32.8,27.3,29.4,0.4,19.0,43.9,26.04,Toliara,-23.35,43.667,8.0
2020-01-16,32.4,26.5,29.0,0.6,15.8,32.0,17.01,Toliara,-23.35,43.667,8.0
2020-01-17,32.8,27.1,30.1,0.0,18.5,38.9,28.91,Toliara,-23.35,43.667,8.0
2020-01-18,32.3,26.8,29.4,1.6,22.7,47.2,28.62,Toliara,-23.35,43.667,8.0
2020-01-19,32.8,26.3,28.6,8.5,24.0,51.1,23.13,Toliara,-23.35,43.667,8.0
2020-01-20,31.8,24.9,28.1,5.8,32.2,58.0,20.74,Toliara,-23.35,43.667,8.0
2020-01-21,31.8,22.5,26.7,0.0,29.3,57.6,22.16,Toliara,-23.35,43.667,8.0
2020-01-22,32.4,22.8,27.6,0.0,29.6,54.7,27.21,Toliara,-23.35,43.667,8.0
2020-01-23,31.8,24.1,27.6,0.0,37.5,65.9,29.41,Toliara,-23.35,43.667,8.0
2020-01-24,33.3,24.2,28.2,0.3,37.5,69.1,28.7,Toliara,-23.35,43.667,8.0
2020-01-25,33.9,23.9,28.5,0.1,22.5,43.6,27.9,Toliara,-23.35,43.667,8.0
2020-01-26,32.8,26.6,29.1,2.9,16.4,37.4,26.44,Toliara,-23.35,43.667,8.0
2020-01-27,30.3,25.6,27.9,4.0,21.6,44.6,24.71,Toliara,-23.35,43.667,8.0
2020-01-28,30.4,24.8,27.5,1.2,24.8,46.1,27.0,Toliara,-23.35,43.667,8.0
2020-01-29,29.7,24.9,27.0,0.0,33.4,61.9,28.89,Toliara,-23.35,43.667,8.0
2020-01-30,31.9,24.4,27.9,0.0,39.0,70.2,29.43,Toliara,-23.35,43.667,8.0
2020-01-31,34.1,24.6,28.8,0.1,32.1,59.0,26.85,Toliara,-23.35,43.667,8.0
2020-02-01,33.4,27.1,29.8,0.0,21.7,45.7,27.7,Toliara,-23.35,43.667,8.0
2020-02-02,33.9,27.3,30.0,0.0,23.5,47.9,26.49,Toliara,-23.35,43.667,8.0
2020-02-03,33.8,27.5,30.2,0.0,25.6,50.8,29.52,Toliara,-23.35,43.667,8.0
2020-02-04,34.6,27.8,30.4,0.0,25.8,50.8,28.21,Toliara,-23.35,43.667,8.0
2020-02-05,33.2,27.3,29.9,0.0,20.8,42.8,25.51,Toliara,-23.35,43.667,8.0
2020-02-06,32.4,27.0,29.6,0.0,18.8,39.2,23.65,Toliara,-23.35,43.667,8.0
2020-02-07,32.3,26.5,29.4,0.0,19.4,42.1,28.89,Toliara,-23.35,43.667,8.0
2020-02-08,31.4,25.7,28.5,0.0,22.5,42.5,29.8,Toliara,-23.35,43.667,8.0
2020-02-09,32.2,25.3,28.6,0.0,20.9,43.9,29.33,Toliara,-23.35,43.667,8.0
2020-02-10,32.0,25.6,28.6,0.0,20.4,42.5,28.49,Toliara,-23.35,43.667,8.0
2020-02-11,32.7,25.7,28.9,0.0,33.0,60.8,26.44,Toliara,-23.35,43.667,8.0
2020-02-12,34.5,25.4,29.7,0.0,22.1,46.8,29.72,Toliara,-23.35,43.667,8.0
2020-02-13,34.0,27.1,30.2,0.0,24.1,49.0,28.2,Toliara,-23.35,43.667,8.0
2020-02-14,32.2,27.9,29.3,3.2,21.9,45.7,18.11,Toliara,-23.35,43.667,8.0
2020-02-15,32.1,26.4,29.0,0.0,20.3,47.2,27.1,Toliara,-23.35,43.667,8.0
2020-02-16,34.6,26.4,30.4,0.0,21.8,44.6,26.65,Toliara,-23.35,43.667,8.0
2020-02-17,36.5,27.3,30.9,1.6,15.3,45.4,23.98,Toliara,-23.35,43.667,8.0
2020-02-18,33.1,27.1,29.5,2.7,16.5,38.9,19.97,Toliara,-23.35,43.667,8.0
2020-02-19,30.9,26.0,28.2,4.9,19.1,40.7,23.5,Toliara,-23.35,43.667,8.0
2020-02-20,30.5,25.8,28.1,1.2,19.0,39.2,22.87,Toliara,-23.35,43.667,8.0
2020-02-21,31.0,26.0,28.5,0.5,14.3,37.1,23.66,Toliara,-23.35,43.667,8.0
2020-02-22,31.4,25.4,27.8,69.5,14.8,40.7,24.41,Toliara,-23.35,43.667,8.0
2020-02-23,32.2,25.7,28.5,3.8,30.6,57.2,24.84,Toliara,-23.35,43.667,8.0
2020-02-24,29.2,25.3,27.1,4.9,29.8,52.6,16.5,Toliara,-23.35,43.667,8.0
2020-02-25,30.5,24.0,26.7,0.2,29.8,51.1,19.71,Toliara,-23.35,43.667,8.0
2020-02-26,33.1,21.8,27.3,0.0,26.6,49.0,27.48,Toliara,-23.35,43.667,8.0
2020-02-27,31.2,23.9,28.0,0.0,18.7,35.6,26.52,Toliara,-23.35,43.667,8.0
2020-02-28,32.2,25.2,28.6,0.2,23.0,41.0,26.7,Toliara,-23.35,43.667,8.0
2020-02-29,31.0,23.4,27.1,0.0,42.7,76.0,25.84,Toliara,-23.35,43.667,8.0
2020-03-01,29.8,24.3,26.8,0.1,32.9,60.8,17.83,Toliara,-23.35,43.667,8.0
2020-03-02,32.9,21.9,27.0,0.0,34.1,65.2,25.24,Toliara,-23.35,43.667,8.0
2020-03-03,31.6,23.9,27.6,1.0,26.5,51.1,21.74,Toliara,-23.35,43.667,8.0
2020-03-04,33.9,24.4,28.9,0.6,29.8,53.3,22.17,Toliara,-23.35,43.667,8.0
2020-03-05,35.0,24.3,28.7,0.0,30.7,58.7,26.12,Toliara,-23.35,43.667,8.0
2020-03-06,34.5,24.7,28.8,0.0,33.2,62.6,26.84,Toliara,-23.35,43.667,8.0
2020-03-07,36.2,25.3,30.2,0.1,28.3,52.9,25.03,Toliara,-23.35,43.667,8.0
2020-03-08,35.7,25.0,29.7,0.1,27.4,55.1,24.94,Toliara,-23.35,43.667,8.0
2020-03-09,34.8,26.0,29.6,0.0,24.2,47.9,24.71,Toliara,-23.35,43.667,8.0
2020-03-10,34.6,26.8,29.9,0.0,25.4,50.0,25.19,Toliara,-23.35,43.667,8.0
2020-03-11,32.3,26.6,29.4,0.0,20.7,43.6,25.33,Toliara,-23.35,43.667,8.0
2020-03-12,33.1,26.7,29.5,0.0,23.7,46.4,26.08,Toliara,-23.35,43.667,8.0
2020-03-13,33.4,25.3,29.4,0.0,21.6,46.4,25.53,Toliara,-23.35,43.667,8.0
2020-03-14,32.4,26.2,29.1,0.0,23.6,48.2,25.64,Toliara,-23.35,43.667,8.0
2020-03-15,32.5,25.5,28.9,0.0,18.5,41.8,24.34,Toliara,-23.35,43.667,8.0
2020-03-16,30.8,25.2,28.3,0.0,24.7,46.4,25.36,Toliara,-23.35,43.667,8.0
2020-03-17,30.7,25.2,27.5,0.0,41.1,76.0,24.95,Toliara,-23.35,43.667,8.0
2020-03-18,32.4,23.2,26.6,0.0,45.3,81.7,25.24,Toliara,-23.35,43.667,8.0
2020-03-19,30.8,22.3,26.2,0.0,34.5,63.7,25.1,Toliara,-23.35,43.667,8.0
2020-03-20,29.9,24.2,27.2,0.0,18.4,35.6,23.72,Toliara,-23.35,43.667,8.0
2020-03-21,30.2,25.0,27.6,0.0,17.1,38.5,22.63,Toliara,-23.35,43.667,8.0
2020-03-22,31.6,26.0,28.4,0.0,18.5,39.6,21.94,Toliara,-23.35,43.667,8.0
2020-03-23,31.6,26.8,28.7,0.0,22.9,46.4,23.69,Toliara,-23.35,43.667,8.0
2020-03-24,31.2,26.0,28.2,0.0,17.8,38.9,23.29,Toliara,-23.35,43.667,8.0
2020-03-25,30.7,26.2,27.9,0.0,19.1,41.0,20.94,Toliara,-23.35,43.667,8.0
2020-03-26,30.7,25.9,27.8,0.3,18.7,45.7,22.72,Toliara,-23.35,43.667,8.0
2020-03-27,29.7,23.6,26.9,0.0,25.8,47.5,23.44,Toliara,-23.35,43.667,8.0
2020-03-28,30.1,24.6,27.1,0.0,31.6,60.1,22.44,Toliara,-23.35,43.667,8.0
2020-03-29,28.4,24.6,26.2,1.5,24.1,47.5,21.54,Toliara,-23.35,43.667,8.0
2020-03-30,28.2,23.8,25.9,0.1,38.7,69.1,22.09,Toliara,-23.35,43.667,8.0
2020-03-31,31.2,22.4,26.4,0.0,36.4,65.5,23.5,Toliara,-23.35,43.667,8.0
2020-04-01,30.4,22.9,26.3,0.0,28.1,49.0,23.34,Toliara,-23.35,43.667,8.0
2020-04-02,31.1,23.2,26.4,0.0,45.9,82.1,22.1,Toliara,-23.35,43.667,8.0
2020-04-03,33.7,22.3,27.4,0.0,32.2,54.7,23.13,Toliara,-23.35,43.667,8.0
2020-04-04,33.6,22.4,26.7,0.0,31.6,60.5,22.56,Toliara,-23.35,43.667,8.0
2020-04-05,29.9,23.8,26.8,0.0,19.7,41.8,21.91,Toliara,-23.35,43.667,8.0
2020-04-06,28.3,23.4,25.4,7.8,21.4,47.2,17.95,Toliara,-23.35,43.667,8.0
2020-04-07,28.5,23.5,25.6,0.8,24.5,47.5,20.12,Toliara,-23.35,43.667,8.0
2020-04-08,28.0,21.9,25.2,0.0,24.8,46.1,21.33,Toliara,-23.35,43.667,8.0
2020-04-09,30.0,23.5,25.7,0.0,43.6,76.7,19.14,Toliara,-23.35,43.667,8.0
2020-04-10,33.1,22.4,27.5,0.0,27.7,48.6,20.53,Toliara,-23.35,43.667,8.0
2020-04-11,31.9,25.5,28.0,0.0,20.2,39.2,19.99,Toliara,-23.35,43.667,8.0
2020-04-12,29.4,24.9,26.9,0.0,12.6,29.2,16.08,Toliara,-23.35,43.667,8.0
2020-04-13,30.7,24.0,26.8,0.0,24.5,46.8,19.38,Toliara,-23.35,43.667,8.0
2020-04-14,31.7,24.7,27.8,0.0,17.9,38.2,19.71,Toliara,-23.35,43.667,8.0
2020-04-15,32.0,24.9,28.1,0.0,19.5,40.7,20.43,Toliara,-23.35,43.667,8.0
2020-04-16,31.7,25.7,28.3,0.0,20.0,40.7,20.31,Toliara,-23.35,43.667,8.0
2020-04-17,31.2,25.3,27.9,0.0,21.6,42.5,20.18,Toliara,-23.35,43.667,8.0
2020-04-18,32.8,23.8,27.2,0.0,33.1,61.2,20.89,Toliara,-23.35,43.667,8.0
2020-04-19,33.0,23.0,27.8,0.0,36.0,64.8,20.84,Toliara,-23.35,43.667,8.0
2020-04-20,34.6,24.3,28.6,0.0,29.2,55.1,20.55,Toliara,-23.35,43.667,8.0
2020-04-21,32.7,25.3,28.0,0.7,23.0,46.1,18.96,Toliara,-23.35,43.667,8.0
2020-04-22,27.8,23.0,25.4,3.0,19.7,38.9,10.27,Toliara,-23.35,43.667,8.0
2020-04-23,28.5,21.9,25.6,0.0,24.9,44.6,19.0,Toliara,-23.35,43.667,8.0
2020-04-24,29.1,23.4,26.3,0.0,16.7,34.9,18.91,Toliara,-23.35,43.667,8.0
2020-04-25,29.4,22.8,26.1,0.0,22.2,43.9,19.24,Toliara,-23.35,43.667,8.0
2020-04-26,27.4,23.0,25.0,0.1,29.0,50.8,17.53,Toliara,-23.35,43.667,8.0
2020-04-27,30.5,21.1,25.2,0.0,30.7,56.5,19.57,Toliara,-23.35,43.667,8.0
2020-04-28,28.9,21.9,25.6,0.0,16.3,34.6,19.2,Toliara,-23.35,43.667,8.0
2020-04-29,30.3,23.7,26.2,0.0,17.8,38.5,17.24,Toliara,-23.35,43.667,8.0
2020-04-30,28.6,24.0,25.8,0.0,18.4,39.2,18.17,Toliara,-23.35,43.667,8.0
2020-05-01,27.3,21.9,24.8,0.0,21.6,45.0,18.86,Toliara,-23.35,43.667,8.0
2020-05-02,27.5,21.3,24.4,0.0,25.3,48.2,18.74,Toliara,-23.35,43.667,8.0
2020-05-03,27.8,21.0,24.3,0.0,31.0,56.2,18.84,Toliara,-23.35,43.667,8.0
2020-05-04,28.3,21.2,24.6,0.0,35.7,63.4,18.8,Toliara,-23.35,43.667,8.0
2020-05-05,30.0,20.9,24.8,0.0,36.8,65.5,18.74,Toliara,-23.35,43.667,8.0
2020-05-06,28.1,20.8,24.1,0.0,36.8,65.9,18.44,Toliara,-23.35,43.667,8.0
2020-05-07,26.7,20.5,23.4,0.0,26.9,49.3,18.37,Toliara,-23.35,43.667,8.0
2020-05-08,28.9,19.7,23.8,0.0,38.0,67.7,18.36,Toliara,-23.35,43.667,8.0
2020-05-09,30.7,19.9,24.8,0.0,32.5,60.1,18.18,Toliara,-23.35,43.667,8.0
2020-05-10,31.5,21.1,25.9,0.0,28.4,51.1,18.0,Toliara,-23.35,43.667,8.0
2020-05-11,31.6,22.2,25.9,0.0,23.4,43.6,17.16,Toliara,-23.35,43.667,8.0
2020-05-12,28.4,21.9,24.6,2.3,22.6,38.9,11.36,Toliara,-23.35,43.667,8.0
2020-05-13,26.5,20.8,23.7,0.5,16.3,34.9,15.75,Toliara,-23.35,43.667,8.0
2020-05-14,26.1,21.0,23.2,0.0,29.8,55.1,15.62,Toliara,-23.35,43.667,8.0
2020-05-15,25.0,19.3,22.2,0.0,20.9,40.0,16.57,Toliara,-23.35,43.667,8.0
2020-05-16,24.4,18.9,21.8,0.0,26.6,46.4,16.02,Toliara,-23.35,43.667,8.0
2020-05-17,27.0,19.4,22.5,0.0,35.3,63.7,16.69,Toliara,-23.35,43.667,8.0
2020-05-18,28.6,17.4,22.1,0.0,33.8,60.5,17.78,Toliara,-23.35,43.667,8.0
2020-05-19,28.2,17.8,22.7,0.0,31.6,56.9,17.59,Toliara,-23.35,43.667,8.0
2020-05-20,29.9,18.5,24.2,0.0,22.4,40.3,17.36,Toliara,-23.35,43.667,8.0
2020-05-21,31.2,20.3,25.2,0.0,29.3,51.1,17.06,Toliara,-23.35,43.667,8.0
2020-05-22,30.3,20.8,24.7,0.0,26.1,51.5,16.7,Toliara,-23.35,43.667,8.0
2020-05-23,27.4,20.9,23.8,0.0,16.9,36.0,16.71,Toliara,-23.35,43.667,8.0
2020-05-24,26.2,19.2,23.0,0.0,15.3,33.5,16.36,Toliara,-23.35,43.667,8.0
2020-05-25,27.1,20.0,23.4,0.3,22.0,43.9,16.24,Toliara,-23.35,43.667,8.0
2020-05-26,26.9,20.6,23.5,0.0,30.1,55.4,14.12,Toliara,-23.35,43.667,8.0
2020-05-27,29.3,20.9,24.5,1.9,29.5,57.2,16.1,Toliara,-23.35,43.667,8.0
2020-05-28,25.1,21.4,22.9,1.3,23.2,42.8,15.02,Toliara,-23.35,43.667,8.0
2020-05-29,24.3,19.1,21.7,0.0,14.1,30.6,16.17,Toliara,-23.35,43.667,8.0
2020-05-30,25.0,18.4,21.3,0.0,29.9,51.8,16.25,Toliara,-23.35,43.667,8.0
2020-05-31,26.7,18.3,21.9,0.0,39.0,68.0,16.0,Toliara,-23.35,43.667,8.0
2020-06-01,29.2,19.0,23.5,0.0,23.4,43.6,16.2,Toliara,-23.35,43.667,8.0
2020-06-02,29.4,19.2,23.9,0.0,26.4,47.9,16.33,Toliara,-23.35,43.667,8.0
2020-06-03,29.4,18.3,23.2,0.0,23.0,42.5,16.47,Toliara,-23.35,43.667,8.0
2020-06-04,26.8,18.6,22.9,0.0,18.2,38.2,16.21,Toliara,-23.35,43.667,8.0
2020-06-05,26.3,17.4,22.1,0.0,22.3,38.9,15.85,Toliara,-23.35,43.667,8.0
2020-06-06,29.7,19.4,24.2,0.0,27.4,52.2,12.59,Toliara,-23.35,43.667,8.0
2020-06-07,30.2,21.4,25.1,0.0,24.0,40.3,12.61,Toliara,-23.35,43.667,8.0
2020-06-08,28.0,21.6,24.1,0.0,25.6,43.6,12.74,Toliara,-23.35,43.667,8.0
2020-06-09,28.1,20.6,23.7,0.0,28.9,50.4,15.54,Toliara,-23.35,43.667,8.0
2020-06-10,29.9,19.8,24.0,0.0,22.7,43.9,15.98,Toliara,-23.35,43.667,8.0
2020-06-11,27.6,19.1,23.3,0.0,16.3,35.6,15.87,Toliara,-23.35,43.667,8.0
2020-06-12,27.4,18.7,22.9,0.0,22.4,43.6,15.81,Toliara,-23.35,43.667,8.0
2020-06-13,24.7,19.7,21.6,2.3,35.3,60.5,10.14,Toliara,-23.35,43.667,8.0
2020-06-14,27.0,17.9,22.0,0.0,24.7,46.4,15.53,Toliara,-23.35,43.667,8.0
2020-06-15,26.6,19.1,21.9,0.0,36.5,63.7,14.13,Toliara,-23.35,43.667,8.0
2020-06-16,26.8,18.3,22.3,0.0,35.0,62.3,15.36,Toliara,-23.35,43.667,8.0
2020-06-17,29.1,19.5,23.7,0.0,30.5,52.2,15.47,Toliara,-23.35,43.667,8.0
2020-06-18,28.5,18.3,23.1,0.0,31.7,53.6,15.74,Toliara,-23.35,43.667,8.0
2020-06-19,29.8,19.1,24.3,0.0,26.5,45.7,15.56,Toliara,-23.35,43.667,8.0
2020-06-20,28.8,19.6,23.7,0.4,22.2,41.4,13.19,Toliara,-23.35,43.667,8.0
2020-06-21,26.0,20.5,23.3,0.0,14.5,27.7,8.92,Toliara,-23.35,43.667,8.0
2020-06-22,26.3,21.1,23.5,0.0,28.5,52.2,14.3,Toliara,-23.35,43.667,8.0
2020-06-23,27.1,19.6,23.1,0.0,33.4,60.1,15.15,Toliara,-23.35,43.667,8.0
2020-06-24,27.5,18.6,22.6,0.0,27.3,50.4,15.47,Toliara,-23.35,43.667,8.0
2020-06-25,30.3,18.7,24.2,0.0,26.5,52.9,14.4,Toliara,-23.35,43.667,8.0
2020-06-26,26.7,21.4,24.1,1.0,18.6,42.8,10.47,Toliara,-23.35,43.667,8.0
2020-06-27,25.6,20.4,22.9,0.1,23.0,45.4,14.43,Toliara,-23.35,43.667,8.0
2020-06-28,25.7,19.0,22.4,0.0,13.0,29.5,15.31,Toliara,-23.35,43.667,8.0
2020-06-29,25.7,18.6,22.0,0.0,21.4,40.7,15.74,Toliara,-23.35,43.667,8.0
2020-06-30,23.9,18.8,21.4,0.3,32.8,58.7,11.92,Toliara,-23.35,43.667,8.0
2020-07-01,26.5,18.4,22.0,0.0,26.5,47.5,13.95,Toliara,-23.35,43.667,8.0
2020-07-02,28.4,17.2,22.0,0.0,25.3,44.6,15.95,Toliara,-23.35,43.667,8.0
2020-07-03,25.3,17.1,21.1,0.0,18.1,34.9,15.88,Toliara,-23.35,43.667,8.0
2020-07-04,27.0,16.5,21.0,0.0,32.2,58.3,15.87,Toliara,-23.35,43.667,8.0
2020-07-05,26.7,17.2,21.4,0.0,29.3,50.8,16.19,Toliara,-23.35,43.667,8.0
2020-07-06,26.6,17.0,21.8,0.0,28.3,51.1,16.16,Toliara,-23.35,43.667,8.0
2020-07-07,29.3,17.1,22.4,0.0,26.3,49.3,16.45,Toliara,-23.35,43.667,8.0
2020-07-08,30.0,17.3,23.3,0.0,28.4,51.8,16.55,Toliara,-23.35,43.667,8.0
2020-07-09,29.7,19.1,23.5,0.0,24.7,42.5,16.34,Toliara,-23.35,43.667,8.0
2020-07-10,28.0,19.9,23.3,0.0,17.8,36.4,16.15,Toliara,-23.35,43.667,8.0
2020-07-11,27.5,19.5,23.1,0.0,15.3,33.1,16.24,Toliara,-23.35,43.667,8.0
2020-07-12,28.1,18.0,22.7,0.0,23.1,44.6,15.25,Toliara,-23.35,43.667,8.0
2020-07-13,24.0,20.2,21.9,0.2,17.8,35.6,13.99,Toliara,-23.35,43.667,8.0
2020-07-14,26.3,17.3,21.5,0.0,19.2,39.6,16.4,Toliara,-23.35,43.667,8.0
2020-07-15,24.7,19.3,21.7,0.0,34.2,59.8,15.02,Toliara,-23.35,43.667,8.0
2020-07-16,25.8,18.3,21.2,0.2,42.3,75.6,15.69,Toliara,-23.35,43.667,8.0
2020-07-17,26.4,17.2,21.3,0.0,29.0,53.3,16.64,Toliara,-23.35,43.667,8.0
2020-07-18,27.3,17.8,22.1,0.0,25.0,44.3,16.59,Toliara,-23.35,43.667,8.0
2020-07-19,27.0,16.7,21.5,0.0,30.9,54.4,16.98,Toliara,-23.35,43.667,8.0
2020-07-20,27.7,16.2,21.8,0.0,32.2,57.6,17.42,Toliara,-23.35,43.667,8.0
2020-07-21,25.4,16.6,21.3,0.0,31.0,53.3,17.46,Toliara,-23.35,43.667,8.0
2020-07-22,28.0,17.2,22.1,0.0,32.3,55.4,17.37,Toliara,-23.35,43.667,8.0
2020-07-23,26.5,17.0,21.5,0.0,31.4,56.9,15.1,Toliara,-23.35,43.667,8.0
2020-07-24,27.4,16.9,21.8,0.0,30.8,52.9,17.38,Toliara,-23.35,43.667,8.0
2020-07-25,27.9,16.9,21.9,0.0,30.0,55.8,17.29,Toliara,-23.35,43.667,8.0
2020-07-26,27.1,17.5,21.6,0.0,25.6,48.6,17.64,Toliara,-23.35,43.667,8.0
2020-07-27,23.0,17.4,20.3,0.0,23.9,47.2,17.21,Toliara,-23.35,43.667,8.0
2020-07-28,27.3,16.8,21.3,0.0,34.3,60.8,17.47,Toliara,-23.35,43.667,8.0
2020-07-29,25.2,16.7,21.2,0.0,20.2,41.0,17.22,Toliara,-23.35,43.667,8.0
2020-07-30,24.1,18.7,21.4,0.0,26.4,49.3,17.21,Toliara,-23.35,43.667,8.0
2020-07-31,25.1,17.6,20.9,0.2,39.1,71.6,17.81,Toliara,-23.35,43.667,8.0
2020-08-01,27.3,18.6,22.2,0.0,34.0,59.8,18.01,Toliara,-23.35,43.667,8.0
2020-08-02,28.8,18.2,23.3,0.0,29.6,53.3,18.35,Toliara,-23.35,43.667,8.0
2020-08-03,30.3,16.9,22.5,0.0,27.5,51.1,18.66,Toliara,-23.35,43.667,8.0
2020-08-04,25.5,18.0,22.0,0.0,16.0,34.6,18.33,Toliara,-23.35,43.667,8.0
2020-08-05,24.3,17.6,21.2,0.0,18.7,35.3,17.4,Toliara,-23.35,43.667,8.0
2020-08-06,24.6,18.3,21.5,0.0,25.0,46.8,18.13,Toliara,-23.35,43.667,8.0
2020-08-07,24.0,19.8,21.7,1.3,36.6,67.7,15.51,Toliara,-23.35,43.667,8.0
2020-08-08,25.8,18.1,21.6,0.0,29.7,55.1,18.86,Toliara,-23.35,43.667,8.0
2020-08-09,26.0,16.1,20.5,0.0,25.4,45.4,19.41,Toliara,-23.35,43.667,8.0
2020-08-10,25.5,16.0,21.1,0.0,17.3,35.3,17.9,Toliara,-23.35,43.667,8.0
2020-08-11,25.8,18.9,22.0,0.0,26.2,49.0,18.68,Toliara,-23.35,43.667,8.0
2020-08-12,29.0,17.8,22.3,0.0,25.0,47.5,19.49,Toliara,-23.35,43.667,8.0
2020-08-13,24.9,16.5,20.9,0.0,16.6,34.2,19.27,Toliara,-23.35,43.667,8.0
2020-08-14,25.9,17.5,21.4,0.0,30.4,56.2,18.64,Toliara,-23.35,43.667,8.0
2020-08-15,27.2,17.5,21.9,0.0,19.4,36.7,19.94,Toliara,-23.35,43.667,8.0
2020-08-16,27.8,18.4,22.6,0.0,19.7,41.8,19.61,Toliara,-23.35,43.667,8.0
2020-08-17,26.4,18.9,22.7,0.0,33.7,61.6,19.53,Toliara,-23.35,43.667,8.0
2020-08-18,28.4,20.0,24.0,0.0,17.6,37.8,19.91,Toliara,-23.35,43.667,8.0
2020-08-19,27.8,19.0,23.3,0.0,18.1,38.9,19.83,Toliara,-23.35,43.667,8.0
2020-08-20,26.0,20.1,22.7,0.0,40.1,71.3,19.57,Toliara,-23.35,43.667,8.0
2020-08-21,26.4,19.4,22.2,0.0,43.6,77.4,19.7,Toliara,-23.35,43.667,8.0
2020-08-22,28.1,19.2,22.9,0.0,32.1,69.1,19.75,Toliara,-23.35,43.667,8.0
2020-08-23,27.0,19.7,23.0,0.0,21.0,41.4,19.79,Toliara,-23.35,43.667,8.0
2020-08-24,27.5,20.1,23.3,0.0,19.4,41.4,19.57,Toliara,-23.35,43.667,8.0
2020-08-25,28.8,20.6,23.6,0.0,19.6,38.5,18.54,Toliara,-23.35,43.667,8.0
2020-08-26,27.7,19.2,23.2,0.0,23.7,47.2,20.55,Toliara,-23.35,43.667,8.0
2020-08-27,27.2,21.3,23.7,0.0,27.9,52.2,20.25,Toliara,-23.35,43.667,8.0
2020-08-28,29.8,21.2,25.0,0.0,22.0,44.6,20.65,Toliara,-23.35,43.667,8.0
2020-08-29,29.3,20.4,24.5,0.0,18.3,38.2,20.0,Toliara,-23.35,43.667,8.0
2020-08-30,27.8,20.9,24.3,0.0,18.9,40.0,20.81,Toliara,-23.35,43.667,8.0
2020-08-31,29.4,21.9,24.4,0.0,34.0,62.3,20.98,Toliara,-23.35,43.667,8.0
2020-09-01,27.8,22.1,23.9,0.0,46.2,81.7,20.8,Toliara,-23.35,43.667,8.0
2020-09-02,27.2,18.6,23.2,0.0,33.9,59.8,14.36,Toliara,-23.35,43.667,8.0
2020-09-03,29.1,16.7,22.1,0.0,32.4,59.0,22.56,Toliara,-23.35,43.667,8.0
2020-09-04,28.4,17.5,22.4,0.0,31.7,58.7,21.19,Toliara,-23.35,43.667,8.0
2020-09-05,29.7,17.4,23.3,0.0,30.6,52.6,22.41,Toliara,-23.35,43.667,8.0
2020-09-06,29.5,18.4,23.3,0.0,37.7,68.8,22.68,Toliara,-23.35,43.667,8.0
2020-09-07,27.4,19.1,23.0,0.0,23.2,46.4,22.45,Toliara,-23.35,43.667,8.0
2020-09-08,29.3,19.6,24.1,0.0,33.5,60.5,21.5,Toliara,-23.35,43.667,8.0
2020-09-09,28.6,22.2,25.0,0.0,21.8,42.1,19.72,Toliara,-23.35,43.667,8.0
2020-09-10,27.6,22.2,24.8,0.0,15.8,34.6,16.47,Toliara,-23.35,43.667,8.0
2020-09-11,29.0,23.2,25.3,0.0,27.1,52.2,21.73,Toliara,-23.35,43.667,8.0
2020-09-12,26.6,21.7,24.3,0.0,29.5,54.0,22.05,Toliara,-23.35,43.667,8.0
2020-09-13,33.1,21.8,25.8,0.0,29.2,55.4,22.06,Toliara,-23.35,43.667,8.0
2020-09-14,30.2,23.8,26.3,0.0,27.7,50.4,22.06,Toliara,-23.35,43.667,8.0
2020-09-15,27.8,22.1,24.7,0.2,16.2,36.7,22.54,Toliara,-23.35,43.667,8.0
2020-09-16,28.2,20.2,24.1,0.0,27.3,50.4,23.4,Toliara,-23.35,43.667,8.0
2020-09-17,31.7,21.0,26.2,0.0,28.8,53.6,23.3,Toliara,-23.35,43.667,8.0
2020-09-18,30.8,21.8,25.9,0.0,36.9,66.2,23.95,Toliara,-23.35,43.667,8.0
2020-09-19,31.9,22.2,26.1,0.0,25.0,49.0,24.67,Toliara,-23.35,43.667,8.0
2020-09-20,28.4,19.5,24.1,0.0,19.8,43.2,24.4,Toliara,-23.35,43.667,8.0
2020-09-21,27.5,20.2,23.8,0.0,24.6,49.3,24.09,Toliara,-23.35,43.667,8.0
2020-09-22,28.8,22.3,24.5,0.0,47.7,84.2,23.18,Toliara,-23.35,43.667,8.0
2020-09-23,29.1,19.9,23.1,0.0,46.4,83.2,24.71,Toliara,-23.35,43.667,8.0
2020-09-24,30.8,18.1,23.6,0.0,39.1,69.5,25.14,Toliara,-23.35,43.667,8.0
2020-09-25,28.7,21.0,24.9,0.0,19.4,39.2,24.96,Toliara,-23.35,43.667,8.0
2020-09-26,29.6,20.8,24.9,0.0,31.4,59.0,24.43,Toliara,-23.35,43.667,8.0
2020-09-27,30.4,21.8,25.7,0.0,21.0,43.6,23.79,Toliara,-23.35,43.667,8.0
2020-09-28,30.9,21.0,25.5,0.0,23.2,45.4,24.53,Toliara,-23.35,43.667,8.0
2020-09-29,28.2,21.5,24.6,0.0,25.8,49.7,24.67,Toliara,-23.35,43.667,8.0
2020-09-30,27.8,22.2,24.8,0.0,37.6,69.1,24.2,Toliara,-23.35,43.667,8.0
2020-10-01,32.1,21.6,26.2,0.0,31.3,57.6,25.36,Toliara,-23.35,43.667,8.0
2020-10-02,33.3,23.2,26.8,0.0,38.0,67.3,24.8,Toliara,-23.35,43.667,8.0
2020-10-03,29.4,22.9,26.0,0.0,35.7,64.4,23.99,Toliara,-23.35,43.667,8.0
2020-10-04,29.6,21.3,25.1,0.0,36.6,65.5,24.52,Toliara,-23.35,43.667,8.0
2020-10-05,31.6,22.1,26.6,0.0,32.2,66.2,24.41,Toliara,-23.35,43.667,8.0
2020-10-06,29.8,21.2,25.0,0.0,32.9,60.1,25.15,Toliara,-23.35,43.667,8.0
2020-10-07,28.7,21.3,24.8,0.0,33.0,60.8,25.69,Toliara,-23.35,43.667,8.0
2020-10-08,26.4,19.3,23.0,0.0,35.5,67.3,26.64,Toliara,-23.35,43.667,8.0
2020-10-09,28.7,19.7,24.0,0.0,21.0,43.9,26.66,Toliara,-23.35,43.667,8.0
2020-10-10,27.9,19.4,23.7,0.0,22.0,45.7,26.63,Toliara,-23.35,43.667,8.0
2020-10-11,27.3,20.6,23.8,0.0,22.6,47.5,25.11,Toliara,-23.35,43.667,8.0
2020-10-12,26.9,20.3,23.3,0.0,38.8,70.6,25.43,Toliara,-23.35,43.667,8.0
2020-10-13,27.9,20.5,23.6,0.0,40.4,73.1,25.88,Toliara,-23.35,43.667,8.0
2020-10-14,27.6,20.4,23.5,0.0,48.8,87.8,26.56,Toliara,-23.35,43.667,8.0
2020-10-15,31.0,19.7,24.3,0.0,40.5,72.7,26.84,Toliara,-23.35,43.667,8.0
2020-10-16,26.9,20.8,23.8,0.0,37.1,66.2,27.46,Toliara,-23.35,43.667,8.0
2020-10-17,30.7,21.5,26.1,0.0,41.2,74.2,26.69,Toliara,-23.35,43.667,8.0
2020-10-18,31.0,22.3,25.8,0.0,26.0,50.4,27.08,Toliara,-23.35,43.667,8.0
2020-10-19,29.0,21.0,25.0,0.0,21.0,45.0,27.4,Toliara,-23.35,43.667,8.0
2020-10-20,31.2,19.9,25.4,0.0,24.8,49.3,27.37,Toliara,-23.35,43.667,8.0
2020-10-21,28.2,22.0,24.5,0.0,33.5,62.3,28.02,Toliara,-23.35,43.667,8.0
2020-10-22,29.9,19.6,25.1,0.0,19.8,41.8,27.98,Toliara,-23.35,43.667,8.0
2020-10-23,30.0,24.4,26.6,0.0,20.9,45.0,27.17,Toliara,-23.35,43.667,8.0
2020-10-24,30.3,23.6,26.8,0.0,20.5,42.5,25.68,Toliara,-23.35,43.667,8.0
2020-10-25,31.5,23.7,27.1,0.0,21.7,46.1,26.81,Toliara,-23.35,43.667,8.0
2020-10-26,30.4,23.0,26.3,0.0,23.2,47.5,27.45,Toliara,-23.35,43.667,8.0
2020-10-27,27.8,20.9,24.4,0.0,24.6,43.9,28.94,Toliara,-23.35,43.667,8.0
2020-10-28,31.3,22.9,27.2,0.0,26.8,46.1,27.89,Toliara,-23.35,43.667,8.0
2020-10-29,35.5,25.7,29.0,0.0,29.9,59.0,27.98,Toliara,-23.35,43.667,8.0
2020-10-30,33.4,25.7,28.7,0.0,23.6,47.5,26.67,Toliara,-23.35,43.667,8.0
2020-10-31,30.4,24.2,27.0,0.0,23.8,47.5,27.8,Toliara,-23.35,43.667,8.0
2020-11-01,29.1,23.3,26.2,0.0,22.4,45.0,28.35,Toliara,-23.35,43.667,8.0
2020-11-02,31.0,22.9,26.7,0.0,23.0,47.5,28.44,Toliara,-23.35,43.667,8.0
2020-11-03,30.1,24.0,26.5,0.0,22.4,46.8,28.08,Toliara,-23.35,43.667,8.0
2020-11-04,28.6,23.3,25.8,0.0,21.3,45.0,28.32,Toliara,-23.35,43.667,8.0
2020-11-05,28.1,22.9,25.2,0.0,18.4,39.2,27.81,Toliara,-23.35,43.667,8.0
2020-11-06,29.8,21.9,25.8,0.0,18.2,40.3,27.94,Toliara,-23.35,43.667,8.0
2020-11-07,32.0,21.6,27.2,0.0,17.9,39.2,29.2,Toliara,-23.35,43.667,8.0
2020-11-08,32.3,22.3,27.7,0.0,22.4,45.7,28.21,Toliara,-23.35,43.667,8.0
2020-11-09,32.9,25.6,28.6,0.0,23.5,47.9,28.3,Toliara,-23.35,43.667,8.0
2020-11-10,31.6,24.9,27.9,0.0,28.3,56.2,27.53,Toliara,-23.35,43.667,8.0
2020-11-11,29.7,25.2,27.3,0.0,21.4,45.0,26.89,Toliara,-23.35,43.667,8.0
2020-11-12,28.8,24.2,26.3,0.5,34.6,60.8,24.56,Toliara,-23.35,43.667,8.0
2020-11-13,28.7,22.3,25.0,0.0,44.4,79.6,29.48,Toliara,-23.35,43.667,8.0
2020-11-14,30.4,20.7,25.1,0.0,42.7,77.4,30.21,Toliara,-23.35,43.667,8.0
2020-11-15,30.7,21.7,26.2,0.0,26.3,46.8,30.02,Toliara,-23.35,43.667,8.0
2020-11-16,31.6,22.6,26.8,0.0,27.7,54.7,29.5,Toliara,-23.35,43.667,8.0
2020-11-17,29.9,23.8,26.4,0.0,23.6,48.2,29.05,Toliara,-23.35,43.667,8.0
2020-11-18,29.3,22.8,26.0,0.0,21.8,46.1,29.82,Toliara,-23.35,43.667,8.0
2020-11-19,28.8,22.1,25.8,0.0,19.0,42.5,29.63,Toliara,-23.35,43.667,8.0
2020-11-20,28.1,23.4,25.6,0.0,25.9,50.0,29.35,Toliara,-23.35,43.667,8.0
2020-11-21,30.9,23.8,26.3,0.0,43.0,77.4,29.85,Toliara,-23.35,43.667,8.0
2020-11-22,30.8,22.6,26.6,0.0,22.4,42.1,29.94,Toliara,-23.35,43.667,8.0
2020-11-23,30.0,23.1,26.4,0.0,23.4,48.2,30.04,Toliara,-23.35,43.667,8.0
2020-11-24,30.7,23.3,27.1,0.0,21.6,45.7,29.81,Toliara,-23.35,43.667,8.0
2020-11-25,31.7,24.3,27.9,0.0,22.4,45.4,29.76,Toliara,-23.35,43.667,8.0
2020-11-26,31.5,23.9,27.4,0.0,20.0,43.2,29.8,Toliara,-23.35,43.667,8.0
2020-11-27,29.9,24.1,26.7,0.0,30.8,60.5,29.79,Toliara,-23.35,43.667,8.0
2020-11-28,31.3,24.5,27.6,0.0,44.7,78.5,29.13,Toliara,-23.35,43.667,8.0
2020-11-29,31.5,25.1,27.8,0.0,22.9,47.2,30.0,Toliara,-23.35,43.667,8.0
2020-11-30,29.2,23.2,26.2,0.0,33.3,60.1,30.5,Toliara,-23.35,43.667,8.0
2020-12-01,30.3,24.4,27.1,0.0,19.3,42.1,29.64,Toliara,-23.35,43.667,8.0
2020-12-02,30.3,23.8,27.1,0.2,29.2,57.2,28.59,Toliara,-23.35,43.667,8.0
2020-12-03,30.1,26.1,27.8,0.0,21.3,45.0,27.46,Toliara,-23.35,43.667,8.0
2020-12-04,30.3,26.0,27.7,0.0,27.9,52.2,27.62,Toliara,-23.35,43.667,8.0
2020-12-05,31.8,24.2,27.6,0.0,50.9,90.0,29.36,Toliara,-23.35,43.667,8.0
2020-12-06,32.0,25.2,27.6,0.0,27.4,50.4,18.08,Toliara,-23.35,43.667,8.0
2020-12-07,29.4,25.9,28.1,0.1,28.6,51.5,12.73,Toliara,-23.35,43.667,8.0
2020-12-08,33.5,23.0,27.7,0.0,38.3,70.9,31.04,Toliara,-23.35,43.667,8.0
2020-12-09,31.7,22.9,27.2,0.0,26.3,49.7,30.64,Toliara,-23.35,43.667,8.0
2020-12-10,30.6,25.1,27.5,2.2,22.3,45.0,20.71,Toliara,-23.35,43.667,8.0
2020-12-11,30.4,24.5,27.1,1.0,17.5,39.6,27.51,Toliara,-23.35,43.667,8.0
2020-12-12,30.7,24.8,27.6,0.0,18.5,37.8,26.92,Toliara,-23.35,43.667,8.0
2020-12-13,31.6,24.8,28.2,0.0,20.9,42.1,29.72,Toliara,-23.35,43.667,8.0
2020-12-14,32.2,26.4,28.7,0.0,24.0,49.3,28.65,Toliara,-23.35,43.667,8.0
2020-12-15,32.0,25.9,28.7,0.0,19.8,43.2,28.53,Toliara,-23.35,43.667,8.0
2020-12-16,32.3,25.7,28.8,0.0,23.2,46.4,30.05,Toliara,-23.35,43.667,8.0
2020-12-17,31.7,25.9,28.5,0.0,24.5,50.0,29.79,Toliara,-23.35,43.667,8.0
2020-12-18,31.0,26.0,28.1,0.0,23.3,47.9,29.96,Toliara,-23.35,43.667,8.0
2020-12-19,30.0,25.4,27.6,0.0,24.3,47.9,23.24,Toliara,-23.35,43.667,8.0
2020-12-20,31.4,24.4,28.0,0.0,19.2,41.4,29.78,Toliara,-23.35,43.667,8.0
2020-12-21,32.6,25.5,28.8,0.0,18.6,43.6,28.9,Toliara,-23.35,43.667,8.0
2020-12-22,31.4,27.1,29.1,0.0,17.3,39.6,27.75,Toliara,-23.35,43.667,8.0
2020-12-23,32.3,27.0,29.5,0.2,17.1,42.8,27.46,Toliara,-23.35,43.667,8.0
2020-12-24,32.6,27.0,29.5,0.2,22.9,46.8,28.19,Toliara,-23.35,43.667,8.0
2020-12-25,32.0,26.3,29.0,0.0,32.1,60.8,29.48,Toliara,-23.35,43.667,8.0
2020-12-26,34.6,27.7,30.5,0.0,30.2,55.1,27.52,Toliara,-23.35,43.667,8.0
2020-12-27,33.9,28.4,30.9,0.0,21.6,45.7,29.07,Toliara,-23.35,43.667,8.0
2020-12-28,36.2,28.3,31.1,1.1,25.2,49.0,12.99,Toliara,-23.35,43.667,8.0
2020-12-29,34.2,27.8,30.4,0.3,20.6,46.8,23.4,Toliara,-23.35,43.667,8.0
2020-12-30,33.6,28.4,30.6,0.0,21.2,45.0,28.05,Toliara,-23.35,43.667,8.0
2020-12-31,33.8,27.5,30.5,0.0,23.8,48.2,30.81,Toliara,-23.35,43.667,8.0
2021-01-01,33.1,26.9,29.9,0.0,24.0,49.7,28.62,Toliara,-23.35,43.667,8.0
2021-01-02,32.9,26.9,29.5,0.0,33.9,63.7,29.55,Toliara,-23.35,43.667,8.0
2021-01-03,33.6,27.5,30.3,0.0,20.5,44.6,29.8,Toliara,-23.35,43.667,8.0
2021-01-04,33.4,28.5,30.2,0.1,29.2,58.3,29.49,Toliara,-23.35,43.667,8.0
2021-01-05,32.2,27.3,29.5,0.0,28.9,56.9,29.45,Toliara,-23.35,43.667,8.0
2021-01-06,32.3,27.1,29.5,0.0,23.9,49.3,29.33,Toliara,-23.35,43.667,8.0
2021-01-07,32.1,27.2,29.5,0.0,23.4,49.3,29.77,Toliara,-23.35,43.667,8.0
2021-01-08,31.7,26.6,29.1,0.0,19.2,40.7,27.98,Toliara,-23.35,43.667,8.0
2021-01-09,32.7,26.8,29.8,0.0,27.0,51.5,27.93,Toliara,-23.35,43.667,8.0
2021-01-10,32.6,28.2,30.2,1.5,19.2,41.4,25.13,Toliara,-23.35,43.667,8.0
2021-01-11,32.5,26.7,29.5,0.4,18.2,40.3,27.26,Toliara,-23.35,43.667,8.0
2021-01-12,32.6,27.4,30.0,0.0,17.5,38.2,27.91,Toliara,-23.35,43.667,8.0
2021-01-13,32.7,27.8,29.9,0.0,20.5,41.0,28.92,Toliara,-23.35,43.667,8.0
2021-01-14,32.7,26.3,29.6,0.0,32.0,59.0,30.61,Toliara,-23.35,43.667,8.0
2021-01-15,32.7,26.5,29.8,0.0,21.4,43.9,30.64,Toliara,-23.35,43.667,8.0
2021-01-16,33.3,27.3,30.1,0.0,23.0,47.9,27.04,Toliara,-23.35,43.667,8.0
2021-01-17,32.2,26.8,29.6,9.0,19.3,43.6,25.17,Toliara,-23.35,43.667,8.0
2021-01-18,32.0,26.8,29.5,0.8,18.9,40.3,27.36,Toliara,-23.35,43.667,8.0
2021-01-19,33.3,26.8,30.1,0.0,31.7,59.8,28.23,Toliara,-23.35,43.667,8.0
2021-01-20,35.7,27.1,31.0,0.0,30.1,56.2,27.97,Toliara,-23.35,43.667,8.0
2021-01-21,35.2,28.6,31.5,0.0,25.1,51.5,27.07,Toliara,-23.35,43.667,8.0
2021-01-22,33.9,27.5,30.7,1.4,16.2,44.3,26.52,Toliara,-23.35,43.667,8.0
2021-01-23,32.8,27.9,30.4,0.0,26.3,48.6,21.13,Toliara,-23.35,43.667,8.0
2021-01-24,33.3,27.9,30.5,0.0,20.9,43.2,27.19,Toliara,-23.35,43.667,8.0
2021-01-25,32.6,28.1,30.0,0.0,27.2,51.8,28.09,Toliara,-23.35,43.667,8.0
2021-01-26,33.3,25.9,29.8,0.0,28.3,53.3,29.01,Toliara,-23.35,43.667,8.0
2021-01-27,32.0,26.8,29.4,0.0,18.6,41.4,28.34,Toliara,-23.35,43.667,8.0
2021-01-28,32.3,26.8,29.6,0.8,20.7,44.3,27.84,Toliara,-23.35,43.667,8.0
2021-01-29,32.6,27.0,29.6,0.0,23.0,47.9,28.35,Toliara,-23.35,43.667,8.0
2021-01-30,31.9,26.2,28.8,7.0,29.3,56.9,23.34,Toliara,-23.35,43.667,8.0
2021-01-31,32.0,25.7,28.3,1.8,17.4,42.5,25.89,Toliara,-23.35,43.667,8.0
2021-02-01,32.1,25.4,28.9,0.0,17.3,39.2,27.44,Toliara,-23.35,43.667,8.0
2021-02-02,32.4,26.8,29.8,0.0,26.9,50.8,27.71,Toliara,-23.35,43.667,8.0
2021-02-03,34.3,27.4,30.5,0.0,21.1,43.2,27.49,Toliara,-23.35,43.667,8.0
2021-02-04,33.9,28.2,30.8,0.0,20.5,43.2,28.74,Toliara,-23.35,43.667,8.0
2021-02-05,33.0,27.8,30.1,0.4,24.9,50.8,26.24,Toliara,-23.35,43.667,8.0
2021-02-06,31.4,26.6,28.6,5.7,18.7,38.9,21.66,Toliara,-23.35,43.667,8.0
2021-02-07,30.2,26.4,27.7,2.6,15.2,34.9,22.32,Toliara,-23.35,43.667,8.0
2021-02-08,30.2,25.0,27.2,13.2,14.1,32.4,20.37,Toliara,-23.35,43.667,8.0
2021-02-09,28.4,25.3,26.4,15.0,11.3,26.6,10.33,Toliara,-23.35,43.667,8.0
2021-02-10,28.2,24.9,26.0,39.2,22.1,52.2,7.64,Toliara,-23.35,43.667,8.0
2021-02-11,29.4,24.6,26.2,29.2,24.5,46.4,12.24,Toliara,-23.35,43.667,8.0
2021-02-12,30.7,24.0,26.4,8.4,16.3,50.0,14.45,Toliara,-23.35,43.667,8.0
2021-02-13,31.8,25.6,27.7,2.1,19.1,35.3,14.89,Toliara,-23.35,43.667,8.0
2021-02-14,30.7,25.8,27.8,0.3,19.1,45.7,13.71,Toliara,-23.35,43.667,8.0
2021-02-15,30.6,25.2,27.3,1.6,18.1,33.1,13.94,Toliara,-23.35,43.667,8.0
2021-02-16,28.9,24.7,26.3,12.4,22.6,41.4,10.68,Toliara,-23.35,43.667,8.0
2021-02-17,30.6,25.3,27.7,2.9,32.9,69.8,16.13,Toliara,-23.35,43.667,8.0
2021-02-18,33.6,25.1,28.7,0.0,22.5,42.8,27.59,Toliara,-23.35,43.667,8.0
2021-02-19,31.7,24.8,28.5,0.0,13.4,29.5,27.82,Toliara,-23.35,43.667,8.0
2021-02-20,31.5,25.3,28.6,0.0,20.2,39.6,27.49,Toliara,-23.35,43.667,8.0
2021-02-21,30.7,25.6,28.1,0.0,18.3,37.1,26.32,Toliara,-23.35,43.667,8.0
2021-02-22,31.5,26.7,29.1,0.1,39.5,69.8,26.11,Toliara,-23.35,43.667,8.0
2021-02-23,34.5,26.4,29.5,0.0,33.8,60.1,26.96,Toliara,-23.35,43.667,8.0
2021-02-24,32.2,25.5,28.7,0.9,24.8,47.9,24.51,Toliara,-23.35,43.667,8.0
2021-02-25,31.2,25.7,28.3,1.3,17.5,40.0,24.09,Toliara,-23.35,43.667,8.0
2021-02-26,30.1,24.6,27.4,0.9,18.0,38.2,25.16,Toliara,-23.35,43.667,8.0
2021-02-27,29.9,25.3,27.5,0.1,29.4,54.7,23.54,Toliara,-23.35,43.667,8.0
2021-02-28,30.5,25.5,27.8,1.1,27.6,51.8,19.83,Toliara,-23.35,43.667,8.0
2021-03-01,33.7,25.7,29.1,0.8,19.3,38.2,24.15,Toliara,-23.35,43.667,8.0
2021-03-02,33.4,26.0,28.7,0.0,14.1,36.4,22.11,Toliara,-23.35,43.667,8.0
2021-03-03,31.4,25.9,28.4,0.2,14.8,33.5,20.69,Toliara,-23.35,43.667,8.0
2021-03-04,30.5,25.0,27.7,1.8,17.8,40.0,24.33,Toliara,-23.35,43.667,8.0
2021-03-05,29.5,25.0,27.2,0.3,22.5,40.3,20.72,Toliara,-23.35,43.667,8.0
2021-03-06,30.2,24.9,27.6,0.6,33.8,61.9,24.58,Toliara,-23.35,43.667,8.0
2021-03-07,29.9,23.5,26.9,0.3,29.0,52.6,26.2,Toliara,-23.35,43.667,8.0
2021-03-08,31.0,23.3,27.3,0.0,25.9,49.3,24.6,Toliara,-23.35,43.667,8.0
2021-03-09,30.9,23.5,27.6,0.7,20.2,42.1,24.07,Toliara,-23.35,43.667,8.0
2021-03-10,31.0,24.6,27.9,0.2,17.3,36.7,23.82,Toliara,-23.35,43.667,8.0
2021-03-11,31.0,24.4,28.1,0.0,19.1,40.0,24.75,Toliara,-23.35,43.667,8.0
2021-03-12,31.5,26.2,29.0,0.0,23.9,42.8,23.07,Toliara,-23.35,43.667,8.0
2021-03-13,33.3,26.1,29.2,0.0,22.6,47.2,24.94,Toliara,-23.35,43.667,8.0
2021-03-14,35.0,25.5,29.4,0.6,30.7,56.5,23.46,Toliara,-23.35,43.667,8.0
2021-03-15,32.6,25.0,28.9,0.0,21.0,46.1,24.6,Toliara,-23.35,43.667,8.0
2021-03-16,32.5,26.4,28.9,2.7,15.2,39.2,22.96,Toliara,-23.35,43.667,8.0
2021-03-17,31.7,25.8,28.7,0.0,17.9,38.5,23.27,Toliara,-23.35,43.667,8.0
2021-03-18,31.8,25.1,28.6,0.0,16.6,38.2,24.26,Toliara,-23.35,43.667,8.0
2021-03-19,31.5,25.2,28.4,0.0,19.1,37.4,24.1,Toliara,-23.35,43.667,8.0
2021-03-20,31.0,25.5,28.3,0.1,17.8,37.8,23.03,Toliara,-23.35,43.667,8.0
2021-03-21,31.0,25.5,28.4,0.4,14.8,34.9,22.56,Toliara,-23.35,43.667,8.0
2021-03-22,31.3,26.1,28.3,0.8,19.1,41.4,21.61,Toliara,-23.35,43.667,8.0
2021-03-23,30.3,24.9,27.4,0.4,30.4,55.4,23.37,Toliara,-23.35,43.667,8.0
2021-03-24,29.3,24.2,26.7,0.0,30.0,54.7,22.94,Toliara,-23.35,43.667,8.0
2021-03-25,30.2,22.8,26.6,0.0,31.4,58.0,24.0,Toliara,-23.35,43.667,8.0
2021-03-26,29.9,23.7,27.0,0.0,16.4,36.7,22.83,Toliara,-23.35,43.667,8.0
2021-03-27,29.9,24.4,26.9,1.3,17.3,40.3,21.83,Toliara,-23.35,43.667,8.0
2021-03-28,28.6,23.4,25.8,10.4,20.7,42.8,20.16,Toliara,-23.35,43.667,8.0
2021-03-29,27.7,23.2,25.1,4.7,28.6,52.2,21.49,Toliara,-23.35,43.667,8.0
2021-03-30,27.7,21.4,24.5,0.4,33.9,60.8,20.57,Toliara,-23.35,43.667,8.0
2021-03-31,28.6,20.9,24.5,0.0,35.2,62.6,24.07,Toliara,-23.35,43.667,8.0
2021-04-01,30.9,20.9,25.8,0.0,24.7,46.1,23.57,Toliara,-23.35,43.667,8.0
2021-04-02,32.5,23.2,27.2,0.0,22.1,43.9,23.2,Toliara,-23.35,43.667,8.0
2021-04-03,29.6,23.4,26.6,0.0,15.8,33.8,22.47,Toliara,-23.35,43.667,8.0
2021-04-04,28.8,23.6,25.5,4.4,20.6,41.8,17.63,Toliara,-23.35,43.667,8.0
2021-04-05,27.0,23.4,25.1,1.5,19.3,39.6,17.67,Toliara,-23.35,43.667,8.0
2021-04-06,27.7,20.8,24.6,0.0,34.9,61.6,20.4,Toliara,-23.35,43.667,8.0
2021-04-07,32.3,21.7,26.4,0.0,33.9,61.9,22.36,Toliara,-23.35,43.667,8.0
2021-04-08,30.3,24.0,27.0,0.0,22.1,37.4,22.04,Toliara,-23.35,43.667,8.0
2021-04-09,30.0,22.5,26.0,0.0,19.8,39.6,18.86,Toliara,-23.35,43.667,8.0
2021-04-10,29.4,21.2,25.7,0.0,25.9,44.3,22.36,Toliara,-23.35,43.667,8.0
2021-04-11,32.9,23.8,27.7,0.0,29.3,54.4,21.97,Toliara,-23.35,43.667,8.0
2021-04-12,33.4,23.7,28.0,0.0,34.7,61.9,21.95,Toliara,-23.35,43.667,8.0
2021-04-13,32.7,24.2,27.5,0.0,35.7,64.8,20.83,Toliara,-23.35,43.667,8.0
2021-04-14,31.4,25.3,27.9,0.0,19.4,41.4,20.88,Toliara,-23.35,43.667,8.0
2021-04-15,29.3,23.5,26.4,0.0,23.4,44.6,20.62,Toliara,-23.35,43.667,8.0
2021-04-16,27.7,23.0,25.2,2.4,30.5,54.0,19.18,Toliara,-23.35,43.667,8.0
2021-04-17,25.7,21.0,23.4,0.3,41.0,74.2,20.4,Toliara,-23.35,43.667,8.0
2021-04-18,30.5,18.8,24.2,0.0,29.2,54.0,21.59,Toliara,-23.35,43.667,8.0
2021-04-19,30.3,20.8,25.3,0.0,24.1,44.6,20.78,Toliara,-23.35,43.667,8.0
2021-04-20,31.3,21.7,25.9,0.0,30.4,58.0,20.01,Toliara,-23.35,43.667,8.0
2021-04-21,30.6,22.1,25.5,0.0,29.6,55.1,18.05,Toliara,-23.35,43.667,8.0
2021-04-22,29.3,22.8,25.5,0.0,22.6,45.4,19.83,Toliara,-23.35,43.667,8.0
2021-04-23,29.3,22.1,25.7,0.0,18.3,38.9,19.71,Toliara,-23.35,43.667,8.0
2021-04-24,30.0,23.0,26.1,0.0,19.1,40.3,18.96,Toliara,-23.35,43.667,8.0
2021-04-25,30.2,22.8,26.1,0.0,21.1,42.5,19.45,Toliara,-23.35,43.667,8.0
2021-04-26,31.0,23.2,26.6,0.0,19.4,40.0,17.74,Toliara,-23.35,43.667,8.0
2021-04-27,30.6,23.1,26.7,0.0,14.5,33.1,19.35,Toliara,-23.35,43.667,8.0
2021-04-28,29.4,23.0,26.1,0.0,18.7,35.3,19.13,Toliara,-23.35,43.667,8.0
2021-04-29,31.4,23.7,27.0,0.0,19.4,35.6,17.91,Toliara,-23.35,43.667,8.0
2021-04-30,30.1,23.4,26.6,0.0,15.4,32.8,18.86,Toliara,-23.35,43.667,8.0
2021-05-01,29.7,23.3,26.3,0.0,23.0,40.7,17.61,Toliara,-23.35,43.667,8.0
2021-05-02,26.9,22.1,24.7,0.1,35.4,61.9,14.3,Toliara,-23.35,43.667,8.0
2021-05-03,25.1,20.4,22.7,0.5,27.3,50.4,17.4,Toliara,-23.35,43.667,8.0
2021-05-04,25.1,19.4,22.4,1.0,18.4,36.4,15.84,Toliara,-23.35,43.667,8.0
2021-05-05,26.4,19.8,23.2,0.0,17.1,35.6,16.42,Toliara,-23.35,43.667,8.0
2021-05-06,25.8,20.3,23.1,0.2,29.5,54.0,16.41,Toliara,-23.35,43.667,8.0
2021-05-07,27.2,18.7,23.0,0.0,38.6,68.4,17.83,Toliara,-23.35,43.667,8.0
2021-05-08,29.6,18.9,23.7,0.0,32.8,59.8,18.33,Toliara,-23.35,43.667,8.0
2021-05-09,26.1,19.9,23.3,0.0,17.9,37.1,17.9,Toliara,-23.35,43.667,8.0
2021-05-10,24.6,20.9,22.7,5.7,21.7,41.8,12.53,Toliara,-23.35,43.667,8.0
2021-05-11,25.6,19.8,22.8,0.6,35.9,64.1,17.55,Toliara,-23.35,43.667,8.0
2021-05-12,28.3,19.8,23.3,0.0,29.5,53.3,17.78,Toliara,-23.35,43.667,8.0
2021-05-13,28.6,20.3,23.7,0.0,24.7,47.2,17.89,Toliara,-23.35,43.667,8.0
2021-05-14,30.1,20.2,24.1,0.0,19.5,37.1,17.92,Toliara,-23.35,43.667,8.0
2021-05-15,27.8,19.2,23.5,0.0,16.2,34.6,17.28,Toliara,-23.35,43.667,8.0
2021-05-16,28.3,19.3,23.8,0.0,16.7,35.6,16.33,Toliara,-23.35,43.667,8.0
2021-05-17,26.8,19.9,23.5,0.0,15.2,31.3,17.41,Toliara,-23.35,43.667,8.0
2021-05-18,27.9,19.8,23.6,0.0,30.5,55.1,17.33,Toliara,-23.35,43.667,8.0
2021-05-19,30.5,20.9,25.1,0.0,29.5,50.8,17.15,Toliara,-23.35,43.667,8.0
2021-05-20,31.7,20.7,25.6,0.0,24.6,42.5,17.34,Toliara,-23.35,43.667,8.0
2021-05-21,27.9,20.5,24.0,0.0,23.7,44.3,17.4,Toliara,-23.35,43.667,8.0
2021-05-22,26.4,18.8,22.8,0.0,32.0,59.0,17.09,Toliara,-23.35,43.667,8.0
2021-05-23,25.7,19.8,22.5,0.0,35.1,63.4,16.38,Toliara,-23.35,43.667,8.0
2021-05-24,25.1,19.7,22.2,0.0,29.8,54.0,15.18,Toliara,-23.35,43.667,8.0
2021-05-25,25.5,19.0,22.3,0.0,14.6,34.2,15.69,Toliara,-23.35,43.667,8.0
2021-05-26,26.1,18.9,22.6,0.3,14.4,29.5,14.94,Toliara,-23.35,43.667,8.0
2021-05-27,26.9,18.7,22.9,0.0,25.9,47.5,16.43,Toliara,-23.35,43.667,8.0
2021-05-28,27.6,18.2,23.0,0.0,15.9,34.2,16.52,Toliara,-23.35,43.667,8.0
2021-05-29,25.9,20.1,23.0,0.2,18.0,37.1,15.27,Toliara,-23.35,43.667,8.0
2021-05-30,26.3,18.6,22.5,0.0,20.9,41.8,15.73,Toliara,-23.35,43.667,8.0
2021-05-31,26.1,20.2,23.1,0.0,25.1,45.0,15.54,Toliara,-23.35,43.667,8.0
2021-06-01,29.8,19.5,24.1,0.0,22.7,42.8,15.35,Toliara,-23.35,43.667,8.0
2021-06-02,27.3,21.0,24.1,0.0,14.6,32.8,15.92,Toliara,-23.35,43.667,8.0
2021-06-03,26.8,19.7,23.4,0.0,22.9,43.9,14.58,Toliara,-23.35,43.667,8.0
2021-06-04,25.5,20.3,23.1,0.5,18.5,43.2,13.82,Toliara,-23.35,43.667,8.0
2021-06-05,22.8,19.8,21.6,3.0,25.7,44.3,9.81,Toliara,-23.35,43.667,8.0
2021-06-06,27.1,17.8,21.6,0.0,30.4,52.2,16.19,Toliara,-23.35,43.667,8.0
2021-06-07,28.7,18.2,22.8,0.0,28.5,51.8,15.89,Toliara,-23.35,43.667,8.0
2021-06-08,28.8,18.5,23.2,0.0,29.6,50.4,15.9,Toliara,-23.35,43.667,8.0
2021-06-09,29.2,18.3,23.6,0.0,28.1,48.2,15.51,Toliara,-23.35,43.667,8.0
2021-06-10,28.9,18.8,23.4,0.0,25.3,45.4,15.18,Toliara,-23.35,43.667,8.0
2021-06-11,27.6,19.4,23.2,0.0,20.4,40.7,15.67,Toliara,-23.35,43.667,8.0
2021-06-12,26.0,17.4,21.9,0.0,14.3,31.3,15.13,Toliara,-23.35,43.667,8.0
2021-06-13,25.9,19.2,22.6,0.0,16.5,30.6,13.63,Toliara,-23.35,43.667,8.0
2021-06-14,26.0,19.9,23.0,0.0,30.9,54.7,14.45,Toliara,-23.35,43.667,8.0
2021-06-15,27.2,18.6,22.7,0.0,27.1,49.0,15.6,Toliara,-23.35,43.667,8.0
2021-06-16,30.5,18.2,23.5,0.0,26.7,46.4,15.98,Toliara,-23.35,43.667,8.0
2021-06-17,26.4,19.0,23.0,0.0,15.8,34.2,15.57,Toliara,-23.35,43.667,8.0
2021-06-18,24.7,20.6,22.4,0.0,24.7,44.6,14.1,Toliara,-23.35,43.667,8.0
2021-06-19,28.8,19.3,23.2,0.0,30.6,54.7,14.86,Toliara,-23.35,43.667,8.0
2021-06-20,30.2,18.8,24.2,0.0,27.5,51.1,15.31,Toliara,-23.35,43.667,8.0
2021-06-21,29.0,20.3,23.8,0.0,25.0,46.8,14.35,Toliara,-23.35,43.667,8.0
2021-06-22,27.2,20.7,23.2,0.0,20.2,41.0,13.57,Toliara,-23.35,43.667,8.0
2021-06-23,26.2,17.8,22.2,0.0,18.8,35.6,14.26,Toliara,-23.35,43.667,8.0
2021-06-24,25.1,18.8,22.2,0.0,18.1,35.6,15.21,Toliara,-23.35,43.667,8.0
2021-06-25,24.7,16.8,21.5,0.0,18.1,35.6,15.51,Toliara,-23.35,43.667,8.0
2021-06-26,25.5,17.1,21.6,0.0,16.5,36.0,15.06,Toliara,-23.35,43.667,8.0
2021-06-27,27.1,17.8,22.4,0.0,22.5,42.1,15.63,Toliara,-23.35,43.667,8.0
2021-06-28,28.9,17.7,22.8,0.0,20.6,40.0,15.8,Toliara,-23.35,43.667,8.0
2021-06-29,27.6,17.4,22.5,0.0,15.5,33.1,15.86,Toliara,-23.35,43.667,8.0
2021-06-30,30.2,17.0,23.0,0.0,20.5,40.7,16.1,Toliara,-23.35,43.667,8.0
2021-07-01,27.2,16.7,22.2,0.0,17.1,34.9,16.06,Toliara,-23.35,43.667,8.0
2021-07-02,25.5,18.2,21.8,0.0,24.9,47.2,15.66,Toliara,-23.35,43.667,8.0
2021-07-03,28.9,17.7,22.0,0.0,27.4,52.2,16.17,Toliara,-23.35,43.667,8.0
2021-07-04,26.5,16.3,21.6,0.0,19.1,38.9,16.13,Toliara,-23.35,43.667,8.0
2021-07-05,24.5,18.1,21.7,0.0,18.7,37.1,15.75,Toliara,-23.35,43.667,8.0
2021-07-06,26.9,18.0,21.9,0.0,32.2,59.0,15.85,Toliara,-23.35,43.667,8.0
2021-07-07,27.8,17.8,22.6,0.0,22.9,43.6,16.13,Toliara,-23.35,43.667,8.0
2021-07-08,28.3,17.7,23.0,0.0,24.9,45.4,15.93,Toliara,-23.35,43.667,8.0
2021-07-09,27.2,20.1,23.3,0.0,19.1,40.7,16.02,Toliara,-23.35,43.667,8.0
2021-07-10,27.5,18.2,22.8,0.0,26.0,47.5,15.48,Toliara,-23.35,43.667,8.0
2021-07-11,28.6,19.6,23.5,0.0,29.1,52.9,15.99,Toliara,-23.35,43.667,8.0
2021-07-12,26.6,18.1,22.2,0.0,15.2,33.1,16.61,Toliara,-23.35,43.667,8.0
2021-07-13,27.8,17.9,23.2,0.0,17.9,31.3,16.3,Toliara,-23.35,43.667,8.0
2021-07-14,29.5,20.7,24.2,0.0,31.7,54.4,13.61,Toliara,-23.35,43.667,8.0
2021-07-15,26.8,19.7,22.8,0.0,30.1,56.2,14.58,Toliara,-23.35,43.667,8.0
2021-07-16,27.3,19.0,22.5,0.0,33.1,58.0,15.04,Toliara,-23.35,43.667,8.0
2021-07-17,27.4,19.4,23.2,0.0,21.0,39.6,16.24,Toliara,-23.35,43.667,8.0
2021-07-18,25.8,18.8,22.8,0.0,17.5,35.6,16.27,Toliara,-23.35,43.667,8.0
2021-07-19,27.8,20.1,23.6,0.0,17.0,36.4,14.04,Toliara,-23.35,43.667,8.0
2021-07-20,27.0,20.0,24.0,0.0,15.9,35.3,15.97,Toliara,-23.35,43.667,8.0
2021-07-21,27.9,20.9,24.3,0.0,17.3,36.7,16.31,Toliara,-23.35,43.667,8.0
2021-07-22,27.6,22.3,24.5,0.0,12.8,28.4,14.3,Toliara,-23.35,43.667,8.0
2021-07-23,24.0,20.3,22.0,1.0,38.2,68.8,10.64,Toliara,-23.35,43.667,8.0
2021-07-24,23.5,18.3,20.5,0.1,39.3,70.9,15.21,Toliara,-23.35,43.667,8.0
2021-07-25,26.0,16.5,20.8,0.0,32.2,56.9,17.12,Toliara,-23.35,43.667,8.0
2021-07-26,26.9,17.5,21.7,0.0,33.9,57.6,15.76,Toliara,-23.35,43.667,8.0
2021-07-27,26.5,17.1,21.8,0.0,25.8,46.8,16.27,Toliara,-23.35,43.667,8.0
2021-07-28,28.9,16.9,22.3,0.0,24.8,44.3,16.01,Toliara,-23.35,43.667,8.0
2021-07-29,29.7,19.6,23.7,0.0,27.3,50.8,17.37,Toliara,-23.35,43.667,8.0
2021-07-30,27.2,17.9,22.3,0.0,28.5,52.9,17.42,Toliara,-23.35,43.667,8.0
2021-07-31,27.1,19.5,22.6,0.0,27.6,50.8,17.81,Toliara,-23.35,43.667,8.0
2021-08-01,27.3,18.7,22.4,0.0,21.4,41.4,17.92,Toliara,-23.35,43.667,8.0
2021-08-02,24.6,16.6,21.1,0.0,22.9,39.2,18.04,Toliara,-23.35,43.667,8.0
2021-08-03,27.2,18.2,21.9,0.0,36.4,61.6,18.07,Toliara,-23.35,43.667,8.0
2021-08-04,29.5,18.4,23.1,0.0,23.2,46.1,17.57,Toliara,-23.35,43.667,8.0
2021-08-05,29.2,20.7,24.1,0.0,23.8,45.7,16.23,Toliara,-23.35,43.667,8.0
2021-08-06,26.8,20.3,23.4,0.0,19.5,38.9,16.37,Toliara,-23.35,43.667,8.0
2021-08-07,26.7,19.1,22.8,0.0,22.1,41.0,18.05,Toliara,-23.35,43.667,8.0
2021-08-08,25.8,17.9,22.0,0.0,24.2,45.4,18.72,Toliara,-23.35,43.667,8.0
2021-08-09,26.7,18.7,22.4,0.0,25.2,47.2,19.03,Toliara,-23.35,43.667,8.0
2021-08-10,25.3,16.7,21.1,0.0,32.4,60.8,18.93,Toliara,-23.35,43.667,8.0
2021-08-11,27.6,17.9,22.1,0.0,29.0,55.1,18.91,Toliara,-23.35,43.667,8.0
2021-08-12,25.7,19.6,22.3,0.0,18.6,38.9,18.77,Toliara,-23.35,43.667,8.0
2021-08-13,24.8,16.9,21.3,0.0,24.8,42.8,19.22,Toliara,-23.35,43.667,8.0
2021-08-14,26.4,18.2,22.0,0.0,34.1,59.0,18.86,Toliara,-23.35,43.667,8.0
2021-08-15,27.5,16.2,21.3,0.0,29.6,52.9,19.87,Toliara,-23.35,43.667,8.0
2021-08-16,28.4,16.6,22.1,0.0,36.3,65.5,19.99,Toliara,-23.35,43.667,8.0
2021-08-17,27.0,18.4,22.4,0.0,21.5,41.4,19.88,Toliara,-23.35,43.667,8.0
2021-08-18,25.6,18.0,22.2,0.0,16.5,36.4,19.68,Toliara,-23.35,43.667,8.0
2021-08-19,26.3,19.0,22.4,0.0,18.3,38.9,19.69,Toliara,-23.35,43.667,8.0
2021-08-20,26.4,18.0,22.2,0.0,24.5,47.2,19.93,Toliara,-23.35,43.667,8.0
2021-08-21,28.4,19.4,23.5,0.0,30.9,55.8,20.18,Toliara,-23.35,43.667,8.0
2021-08-22,28.9,19.9,23.7,0.0,23.3,44.6,20.47,Toliara,-23.35,43.667,8.0
2021-08-23,25.9,19.6,22.5,0.0,27.6,51.8,20.34,Toliara,-23.35,43.667,8.0
2021-08-24,25.6,18.6,22.3,0.0,17.5,38.2,20.24,Toliara,-23.35,43.667,8.0
2021-08-25,26.0,19.0,22.5,0.0,24.5,46.1,20.39,Toliara,-23.35,43.667,8.0
2021-08-26,29.4,20.1,23.8,0.0,35.3,63.4,20.81,Toliara,-23.35,43.667,8.0
2021-08-27,32.1,21.8,25.6,0.0,26.3,51.1,21.24,Toliara,-23.35,43.667,8.0
2021-08-28,29.0,21.1,24.3,0.0,24.7,48.2,21.34,Toliara,-23.35,43.667,8.0
2021-08-29,27.8,19.1,22.9,0.0,25.6,49.3,21.51,Toliara,-23.35,43.667,8.0
2021-08-30,25.0,19.8,22.5,0.0,33.4,63.0,20.87,Toliara,-23.35,43.667,8.0
2021-08-31,27.1,18.8,22.8,0.0,18.4,38.9,21.5,Toliara,-23.35,43.667,8.0
2021-09-01,25.7,20.1,22.9,0.0,18.5,38.5,21.16,Toliara,-23.35,43.667,8.0
2021-09-02,26.8,20.5,23.4,0.0,27.1,52.6,21.2,Toliara,-23.35,43.667,8.0
2021-09-03,26.9,21.0,23.7,0.0,16.4,34.9,21.11,Toliara,-23.35,43.667,8.0
2021-09-04,27.3,19.8,23.4,0.0,20.8,42.5,21.73,Toliara,-23.35,43.667,8.0
2021-09-05,27.9,20.4,24.2,0.0,22.7,44.3,22.21,Toliara,-23.35,43.667,8.0
2021-09-06,27.7,20.3,24.1,0.0,23.7,47.9,22.34,Toliara,-23.35,43.667,8.0
2021-09-07,27.0,18.9,23.3,0.0,19.6,42.5,22.2,Toliara,-23.35,43.667,8.0
2021-09-08,28.0,19.0,23.4,0.0,27.3,51.8,22.5,Toliara,-23.35,43.667,8.0
2021-09-09,27.0,19.8,23.1,0.0,40.9,71.6,22.61,Toliara,-23.35,43.667,8.0
2021-09-10,30.1,19.9,24.4,0.0,31.6,58.3,22.64,Toliara,-23.35,43.667,8.0
2021-09-11,32.0,19.1,24.7,0.0,32.5,57.6,23.38,Toliara,-23.35,43.667,8.0
2021-09-12,32.8,20.2,25.1,0.0,25.9,52.2,22.08,Toliara,-23.35,43.667,8.0
2021-09-13,29.8,22.6,25.8,0.0,22.4,44.6,19.39,Toliara,-23.35,43.667,8.0
2021-09-14,29.8,21.2,25.5,0.0,20.5,42.1,23.16,Toliara,-23.35,43.667,8.0
2021-09-15,32.5,22.0,26.5,0.0,26.8,51.8,23.28,Toliara,-23.35,43.667,8.0
2021-09-16,30.3,21.5,25.6,0.0,26.4,50.0,23.43,Toliara,-23.35,43.667,8.0
2021-09-17,28.3,20.7,24.5,0.0,22.9,41.8,23.65,Toliara,-23.35,43.667,8.0
2021-09-18,24.3,19.7,22.0,0.6,38.6,71.6,21.68,Toliara,-23.35,43.667,8.0
2021-09-19,26.1,17.7,21.3,0.0,43.5,79.9,24.23,Toliara,-23.35,43.667,8.0
2021-09-20,28.0,17.5,22.5,0.0,24.3,46.4,24.83,Toliara,-23.35,43.667,8.0
2021-09-21,27.6,18.9,23.3,0.0,20.4,40.3,23.71,Toliara,-23.35,43.667,8.0
2021-09-22,25.9,21.3,23.3,0.0,37.8,68.0,22.67,Toliara,-23.35,43.667,8.0
2021-09-23,29.3,20.1,24.3,0.0,35.4,63.7,23.5,Toliara,-23.35,43.667,8.0
2021-09-24,29.6,22.6,25.6,0.0,19.8,41.8,22.74,Toliara,-23.35,43.667,8.0
2021-09-25,29.6,22.4,25.5,0.0,21.7,43.6,22.86,Toliara,-23.35,43.667,8.0
2021-09-26,31.9,21.9,25.9,0.0,29.2,54.4,25.29,Toliara,-23.35,43.667,8.0
2021-09-27,28.0,19.4,24.1,0.0,17.8,39.2,24.99,Toliara,-23.35,43.667,8.0
2021-09-28,29.4,22.2,25.3,0.0,18.2,38.2,23.62,Toliara,-23.35,43.667,8.0
2021-09-29,28.0,22.7,25.3,0.0,21.2,44.6,22.75,Toliara,-23.35,43.667,8.0
2021-09-30,28.9,23.0,25.6,0.0,35.4,63.7,24.36,Toliara,-23.35,43.667,8.0
2021-10-01,28.4,22.2,24.7,0.0,29.6,56.5,24.71,Toliara,-23.35,43.667,8.0
2021-10-02,28.0,20.1,24.8,0.0,19.9,42.1,24.06,Toliara,-23.35,43.667,8.0
2021-10-03,29.8,23.1,25.6,0.0,25.9,51.8,22.68,Toliara,-23.35,43.667,8.0
2021-10-04,28.1,23.0,25.5,0.0,31.7,56.9,23.46,Toliara,-23.35,43.667,8.0
2021-10-05,30.3,21.7,25.1,0.0,37.4,66.2,25.77,Toliara,-23.35,43.667,8.0
2021-10-06,28.3,21.0,23.7,0.0,40.0,72.0,26.07,Toliara,-23.35,43.667,8.0
2021-10-07,26.8,18.7,22.3,0.0,48.8,88.2,25.6,Toliara,-23.35,43.667,8.0
2021-10-08,30.8,17.8,23.0,0.0,40.3,72.4,26.73,Toliara,-23.35,43.667,8.0
2021-10-09,29.1,21.3,25.1,0.0,32.6,58.3,25.4,Toliara,-23.35,43.667,8.0
2021-10-10,28.9,22.4,24.9,0.2,25.4,49.0,24.75,Toliara,-23.35,43.667,8.0
2021-10-11,27.6,20.7,23.4,0.4,46.4,82.8,19.71,Toliara,-23.35,43.667,8.0
2021-10-12,30.0,19.1,23.4,0.0,34.1,58.3,26.73,Toliara,-23.35,43.667,8.0
2021-10-13,30.3,20.5,24.3,0.0,24.1,46.4,26.73,Toliara,-23.35,43.667,8.0
2021-10-14,30.9,19.5,25.2,0.0,26.3,48.2,26.76,Toliara,-23.35,43.667,8.0
2021-10-15,30.8,21.2,25.9,0.0,29.8,55.1,26.78,Toliara,-23.35,43.667,8.0
2021-10-16,30.2,21.9,25.4,0.0,27.4,50.0,26.1,Toliara,-23.35,43.667,8.0
2021-10-17,29.0,22.6,25.6,0.0,20.5,41.8,24.49,Toliara,-23.35,43.667,8.0
2021-10-18,30.2,23.1,25.6,0.0,27.1,51.1,24.58,Toliara,-23.35,43.667,8.0
2021-10-19,27.3,23.0,24.8,0.0,45.7,76.7,25.99,Toliara,-23.35,43.667,8.0
2021-10-20,30.6,21.6,24.3,0.0,46.2,78.8,24.03,Toliara,-23.35,43.667,8.0
2021-10-21,25.7,20.9,23.2,0.4,39.8,67.3,26.51,Toliara,-23.35,43.667,8.0
2021-10-22,27.0,18.6,22.5,0.0,35.5,62.6,28.0,Toliara,-23.35,43.667,8.0
2021-10-23,27.4,20.7,23.8,0.0,22.1,43.9,27.72,Toliara,-23.35,43.667,8.0
2021-10-24,27.5,19.6,23.5,0.0,20.3,41.8,28.01,Toliara,-23.35,43.667,8.0
2021-10-25,28.8,21.1,24.8,0.0,24.1,46.4,27.16,Toliara,-23.35,43.667,8.0
2021-10-26,29.9,22.7,25.6,0.0,24.5,47.5,26.69,Toliara,-23.35,43.667,8.0
2021-10-27,27.1,22.8,24.6,0.3,38.0,66.6,25.43,Toliara,-23.35,43.667,8.0
2021-10-28,29.3,21.2,24.6,0.0,41.7,77.8,27.03,Toliara,-23.35,43.667,8.0
2021-10-29,30.3,18.8,24.2,0.0,33.1,58.7,28.16,Toliara,-23.35,43.667,8.0
2021-10-30,28.9,19.3,24.3,0.0,23.7,42.1,28.13,Toliara,-23.35,43.667,8.0
2021-10-31,29.3,22.6,24.8,1.1,27.2,52.6,20.41,Toliara,-23.35,43.667,8.0
2021-11-01,26.6,21.2,24.2,0.0,23.3,45.7,26.19,Toliara,-23.35,43.667,8.0
2021-11-02,28.8,22.7,25.5,0.0,21.7,44.6,27.55,Toliara,-23.35,43.667,8.0
2021-11-03,29.0,22.4,25.7,0.0,18.3,38.9,28.17,Toliara,-23.35,43.667,8.0
2021-11-04,29.1,22.8,25.5,0.1,22.6,45.0,27.08,Toliara,-23.35,43.667,8.0
2021-11-05,30.7,21.1,25.2,0.0,30.0,54.4,29.29,Toliara,-23.35,43.667,8.0
2021-11-06,30.5,21.0,26.4,0.0,30.8,55.4,29.53,Toliara,-23.35,43.667,8.0
2021-11-07,30.6,23.6,26.9,0.0,19.4,40.7,29.05,Toliara,-23.35,43.667,8.0
2021-11-08,29.4,22.0,25.9,0.0,19.3,40.7,28.11,Toliara,-23.35,43.667,8.0
2021-11-09,30.4,23.1,26.6,0.0,16.3,34.9,28.84,Toliara,-23.35,43.667,8.0
2021-11-10,29.7,24.3,26.6,0.0,31.5,55.4,28.49,Toliara,-23.35,43.667,8.0
2021-11-11,28.7,23.2,25.5,0.0,34.1,59.4,28.93,Toliara,-23.35,43.667,8.0
2021-11-12,30.6,22.7,26.1,0.0,26.3,49.3,27.68,Toliara,-23.35,43.667,8.0
2021-11-13,29.2,23.9,26.2,0.0,23.8,47.9,28.04,Toliara,-23.35,43.667,8.0
2021-11-14,29.0,23.1,26.0,0.0,19.4,40.3,28.95,Toliara,-23.35,43.667,8.0
2021-11-15,30.5,23.1,26.3,0.0,33.2,61.6,29.42,Toliara,-23.35,43.667,8.0
2021-11-16,30.4,23.7,26.9,0.0,21.1,42.1,30.23,Toliara,-23.35,43.667,8.0
2021-11-17,30.6,21.0,26.5,0.0,15.9,34.6,30.04,Toliara,-23.35,43.667,8.0
2021-11-18,31.8,22.9,27.9,0.0,19.9,40.3,29.35,Toliara,-23.35,43.667,8.0
2021-11-19,31.1,24.3,27.5,0.0,27.7,55.1,29.01,Toliara,-23.35,43.667,8.0
2021-11-20,30.1,24.6,27.0,0.0,36.3,64.1,28.96,Toliara,-23.35,43.667,8.0
2021-11-21,30.6,24.6,26.9,0.0,41.3,72.4,29.22,Toliara,-23.35,43.667,8.0
2021-11-22,32.9,23.8,27.7,0.0,36.4,63.4,29.74,Toliara,-23.35,43.667,8.0
2021-11-23,31.0,24.2,27.5,0.0,32.0,59.0,29.06,Toliara,-23.35,43.667,8.0
2021-11-24,27.4,23.6,25.1,19.3,24.6,46.1,10.72,Toliara,-23.35,43.667,8.0
2021-11-25,27.6,21.5,24.2,0.0,36.0,64.8,29.89,Toliara,-23.35,43.667,8.0
2021-11-26,28.7,19.8,23.2,0.0,46.1,80.3,30.41,Toliara,-23.35,43.667,8.0
2021-11-27,27.1,19.0,22.6,0.0,47.4,81.0,30.92,Toliara,-23.35,43.667,8.0
2021-11-28,30.5,18.8,24.1,0.0,42.1,73.4,30.95,Toliara,-23.35,43.667,8.0
2021-11-29,29.1,22.0,25.6,0.0,20.6,42.5,30.57,Toliara,-23.35,43.667,8.0
2021-11-30,28.6,20.7,25.1,0.0,19.1,40.0,29.6,Toliara,-23.35,43.667,8.0
2021-12-01,28.7,22.9,25.6,0.0,18.5,38.9,29.77,Toliara,-23.35,43.667,8.0
2021-12-02,30.5,23.2,26.6,0.0,18.9,40.0,27.41,Toliara,-23.35,43.667,8.0
2021-12-03,31.5,23.9,27.4,0.0,20.1,41.4,27.74,Toliara,-23.35,43.667,8.0
2021-12-04,31.5,24.4,27.2,0.0,23.0,45.7,29.52,Toliara,-23.35,43.667,8.0
2021-12-05,30.9,24.5,27.2,0.0,28.6,52.2,29.78,Toliara,-23.35,43.667,8.0
2021-12-06,33.6,23.9,28.5,0.0,20.9,41.4,26.1,Toliara,-23.35,43.667,8.0
2021-12-07,30.7,25.2,27.9,0.0,20.7,42.5,28.95,Toliara,-23.35,43.667,8.0
2021-12-08,30.3,24.9,27.2,0.0,34.1,59.0,30.79,Toliara,-23.35,43.667,8.0
2021-12-09,30.9,24.2,27.3,0.0,21.0,42.8,30.04,Toliara,-23.35,43.667,8.0
2021-12-10,30.4,24.9,27.3,0.3,18.0,38.9,27.42,Toliara,-23.35,43.667,8.0
2021-12-11,31.4,25.9,28.5,0.0,20.6,42.8,28.57,Toliara,-23.35,43.667,8.0
2021-12-12,32.2,25.9,28.8,0.0,23.4,46.1,29.25,Toliara,-23.35,43.667,8.0
2021-12-13,31.8,26.0,28.6,0.0,21.5,43.2,28.94,Toliara,-23.35,43.667,8.0
2021-12-14,32.9,24.5,28.3,11.8,23.1,47.9,26.86,Toliara,-23.35,43.667,8.0
2021-12-15,30.2,24.5,27.5,0.1,19.9,40.3,28.45,Toliara,-23.35,43.667,8.0
2021-12-16,31.5,25.6,28.3,0.0,18.4,39.2,29.01,Toliara,-23.35,43.667,8.0
2021-12-17,30.5,24.6,27.8,1.9,19.8,34.9,28.85,Toliara,-23.35,43.667,8.0
2021-12-18,29.3,25.0,27.3,0.7,31.7,57.2,26.63,Toliara,-23.35,43.667,8.0
2021-12-19,28.8,22.8,25.9,0.0,42.8,73.1,30.37,Toliara,-23.35,43.667,8.0
2021-12-20,31.7,21.0,25.8,0.0,42.9,73.8,30.51,Toliara,-23.35,43.667,8.0
2021-12-21,30.8,24.4,27.8,0.0,26.6,50.0,30.46,Toliara,-23.35,43.667,8.0
2021-12-22,29.0,25.1,26.9,1.0,20.5,40.7,26.41,Toliara,-23.35,43.667,8.0
2021-12-23,29.1,23.9,26.5,0.9,20.3,40.7,25.35,Toliara,-23.35,43.667,8.0
2021-12-24,29.4,25.2,27.1,13.7,17.9,32.4,20.29,Toliara,-23.35,43.667,8.0
2021-12-25,28.3,25.0,26.3,5.5,21.4,38.2,23.2,Toliara,-23.35,43.667,8.0
2021-12-26,31.3,23.9,26.9,0.0,42.9,73.1,29.57,Toliara,-23.35,43.667,8.0
2021-12-27,30.9,23.1,27.0,0.0,21.4,40.3,30.95,Toliara,-23.35,43.667,8.0
2021-12-28,31.3,23.7,27.6,0.0,26.6,49.7,30.05,Toliara,-23.35,43.667,8.0
2021-12-29,31.0,24.2,27.6,0.0,22.6,43.9,26.34,Toliara,-23.35,43.667,8.0
2021-12-30,30.9,25.4,27.8,0.0,31.5,56.9,30.57,Toliara,-23.35,43.667,8.0
2021-12-31,30.4,24.8,27.2,0.0,29.1,52.9,31.31,Toliara,-23.35,43.667,8.0
2022-01-01,29.9,24.3,27.0,0.0,26.1,49.3,30.89,Toliara,-23.35,43.667,8.0
2022-01-02,31.5,24.8,27.8,0.0,31.5,57.2,30.91,Toliara,-23.35,43.667,8.0
2022-01-03,34.2,24.7,28.6,0.0,37.7,65.9,31.25,Toliara,-23.35,43.667,8.0
2022-01-04,33.3,25.7,29.1,0.0,23.9,46.1,30.08,Toliara,-23.35,43.667,8.0
2022-01-05,31.6,26.1,28.5,0.0,27.3,52.9,29.85,Toliara,-23.35,43.667,8.0
2022-01-06,30.8,25.3,28.1,0.0,22.2,42.8,30.65,Toliara,-23.35,43.667,8.0
2022-01-07,32.4,26.5,29.5,0.0,27.6,50.8,29.46,Toliara,-23.35,43.667,8.0
2022-01-08,34.0,28.2,30.6,0.0,22.9,44.3,26.99,Toliara,-23.35,43.667,8.0
2022-01-09,33.0,25.5,28.8,13.1,14.5,33.8,22.83,Toliara,-23.35,43.667,8.0
2022-01-10,33.2,25.3,28.2,8.9,23.5,43.9,25.32,Toliara,-23.35,43.667,8.0
2022-01-11,32.3,25.2,28.6,0.0,19.5,39.2,29.35,Toliara,-23.35,43.667,8.0
2022-01-12,31.4,26.0,28.8,0.0,17.5,35.3,28.61,Toliara,-23.35,43.667,8.0
2022-01-13,30.6,25.6,27.7,3.8,22.7,43.9,25.66,Toliara,-23.35,43.667,8.0
2022-01-14,30.1,24.9,27.5,2.7,30.6,52.6,25.61,Toliara,-23.35,43.667,8.0
2022-01-15,32.2,25.1,28.5,1.3,29.9,56.9,27.11,Toliara,-23.35,43.667,8.0
2022-01-16,30.2,24.5,27.3,1.8,19.6,34.9,24.13,Toliara,-23.35,43.667,8.0
2022-01-17,30.3,23.2,27.0,0.3,33.0,57.2,26.68,Toliara,-23.35,43.667,8.0
2022-01-18,31.6,23.8,27.6,0.1,26.4,48.2,28.06,Toliara,-23.35,43.667,8.0
2022-01-19,30.2,24.1,27.3,0.0,29.9,52.6,28.48,Toliara,-23.35,43.667,8.0
2022-01-20,34.5,23.1,28.2,0.0,26.6,54.4,28.06,Toliara,-23.35,43.667,8.0
2022-01-21,34.6,23.0,28.4,0.0,35.8,61.9,30.1,Toliara,-23.35,43.667,8.0
2022-01-22,34.4,26.2,29.6,0.0,39.5,68.8,27.66,Toliara,-23.35,43.667,8.0
2022-01-23,41.2,27.4,33.6,0.0,34.1,61.9,28.53,Toliara,-23.35,43.667,8.0
2022-01-24,40.6,27.2,33.8,0.0,29.7,51.5,29.09,Toliara,-23.35,43.667,8.0
2022-01-25,34.8,28.3,30.5,0.4,22.8,42.1,25.89,Toliara,-23.35,43.667,8.0
2022-01-26,31.1,26.9,28.7,0.4,20.4,42.5,26.86,Toliara,-23.35,43.667,8.0
2022-01-27,30.9,25.3,28.1,0.0,19.3,38.5,30.09,Toliara,-23.35,43.667,8.0
2022-01-28,32.3,24.8,28.4,0.0,24.3,47.5,29.49,Toliara,-23.35,43.667,8.0
2022-01-29,31.5,25.8,28.4,0.0,22.2,46.8,28.8,Toliara,-23.35,43.667,8.0
2022-01-30,33.1,26.1,28.8,0.0,25.0,49.7,29.83,Toliara,-23.35,43.667,8.0
2022-01-31,33.4,26.2,29.8,0.0,27.7,51.5,29.88,Toliara,-23.35,43.667,8.0
2022-02-01,34.3,26.0,30.2,0.0,26.4,50.8,30.24,Toliara,-23.35,43.667,8.0
2022-02-02,35.0,27.3,30.6,0.0,28.6,53.6,30.04,Toliara,-23.35,43.667,8.0
2022-02-03,32.6,26.2,29.2,0.0,23.1,45.0,29.76,Toliara,-23.35,43.667,8.0
2022-02-04,32.8,25.8,29.0,0.0,20.5,40.3,27.03,Toliara,-23.35,43.667,8.0
2022-02-05,35.9,27.1,30.9,0.6,34.8,60.8,22.92,Toliara,-23.35,43.667,8.0
2022-02-06,27.6,25.8,26.5,18.6,41.7,78.1,7.24,Toliara,-23.35,43.667,8.0
2022-02-07,30.1,25.2,27.3,22.5,47.6,84.2,17.47,Toliara,-23.35,43.667,8.0
2022-02-08,29.3,24.6,26.5,11.2,39.7,69.1,23.32,Toliara,-23.35,43.667,8.0
2022-02-09,28.4,24.4,26.4,2.3,17.7,32.8,25.99,Toliara,-23.35,43.667,8.0
2022-02-10,29.8,23.9,26.6,0.0,32.2,56.9,28.12,Toliara,-23.35,43.667,8.0
2022-02-11,30.6,24.6,27.7,0.0,25.5,47.2,27.83,Toliara,-23.35,43.667,8.0
2022-02-12,31.3,25.8,28.6,0.0,22.6,40.3,27.31,Toliara,-23.35,43.667,8.0
2022-02-13,34.0,25.8,29.3,0.0,22.3,43.6,29.22,Toliara,-23.35,43.667,8.0
2022-02-14,32.0,26.6,29.0,0.0,19.6,39.2,27.17,Toliara,-23.35,43.667,8.0
2022-02-15,32.4,26.4,29.0,0.0,21.0,41.4,27.12,Toliara,-23.35,43.667,8.0
2022-02-16,37.0,27.2,30.8,0.0,26.0,55.1,26.88,Toliara,-23.35,43.667,8.0
2022-02-17,33.3,27.1,30.0,0.0,23.2,45.0,27.35,Toliara,-23.35,43.667,8.0
2022-02-18,32.4,26.8,29.4,0.0,19.9,40.0,26.71,Toliara,-23.35,43.667,8.0
2022-02-19,34.5,26.7,29.8,0.0,24.9,48.2,27.88,Toliara,-23.35,43.667,8.0
2022-02-20,33.2,27.1,29.5,0.0,22.1,43.6,27.97,Toliara,-23.35,43.667,8.0
2022-02-21,32.1,26.1,28.9,0.0,22.5,43.9,26.84,Toliara,-23.35,43.667,8.0
2022-02-22,35.9,26.4,30.4,3.7,33.6,61.6,24.82,Toliara,-23.35,43.667,8.0
2022-02-23,29.0,26.4,27.1,12.1,39.2,72.4,12.75,Toliara,-23.35,43.667,8.0
2022-02-24,28.4,24.6,26.0,21.5,38.2,66.2,17.4,Toliara,-23.35,43.667,8.0
2022-02-25,28.6,24.5,26.4,4.0,18.4,34.9,23.86,Toliara,-23.35,43.667,8.0
2022-02-26,28.4,23.3,26.1,0.0,28.1,49.3,27.04,Toliara,-23.35,43.667,8.0
2022-02-27,30.3,23.6,26.6,0.2,41.0,72.4,24.87,Toliara,-23.35,43.667,8.0
2022-02-28,29.4,24.3,26.8,1.8,20.5,39.6,24.04,Toliara,-23.35,43.667,8.0
2022-03-01,28.4,24.5,26.4,0.6,24.9,44.6,21.88,Toliara,-23.35,43.667,8.0
2022-03-02,28.5,24.4,26.5,0.5,31.2,55.4,22.79,Toliara,-23.35,43.667,8.0
2022-03-03,29.4,24.6,26.9,0.4,16.3,32.4,22.47,Toliara,-23.35,43.667,8.0
2022-03-04,31.0,25.1,27.8,0.0,16.2,33.5,24.8,Toliara,-23.35,43.667,8.0
2022-03-05,30.8,24.9,27.8,0.0,19.0,36.4,25.31,Toliara,-23.35,43.667,8.0
2022-03-06,32.6,25.5,28.4,0.0,26.7,47.2,25.21,Toliara,-23.35,43.667,8.0
2022-03-07,32.2,25.5,28.4,0.0,20.4,40.0,26.72,Toliara,-23.35,43.667,8.0
2022-03-08,31.6,24.8,28.3,0.0,19.8,39.2,26.28,Toliara,-23.35,43.667,8.0
2022-03-09,33.4,25.2,29.3,0.0,24.9,46.1,26.37,Toliara,-23.35,43.667,8.0
2022-03-10,32.8,26.9,29.8,0.0,23.1,44.3,25.12,Toliara,-23.35,43.667,8.0
2022-03-11,32.0,26.6,29.3,0.0,24.3,46.1,24.76,Toliara,-23.35,43.667,8.0
2022-03-12,33.6,26.9,29.5,0.0,22.7,43.9,23.99,Toliara,-23.35,43.667,8.0
2022-03-13,34.6,26.6,29.9,0.0,20.9,42.1,24.19,Toliara,-23.35,43.667,8.0
2022-03-14,33.2,26.7,29.6,0.0,19.0,37.1,17.45,Toliara,-23.35,43.667,8.0
2022-03-15,33.1,27.0,29.8,0.0,18.7,40.0,18.94,Toliara,-23.35,43.667,8.0
2022-03-16,31.6,26.6,29.0,0.0,21.0,41.4,23.6,Toliara,-23.35,43.667,8.0
2022-03-17,32.1,26.5,29.1,0.0,33.0,59.0,23.89,Toliara,-23.35,43.667,8.0
2022-03-18,32.5,26.3,28.6,0.9,46.5,79.2,21.86,Toliara,-23.35,43.667,8.0
2022-03-19,33.1,23.8,27.3,0.0,45.3,77.8,25.62,Toliara,-23.35,43.667,8.0
2022-03-20,33.2,22.5,26.9,0.0,50.3,84.2,25.05,Toliara,-23.35,43.667,8.0
2022-03-21,32.9,23.0,27.1,0.0,28.3,53.3,25.01,Toliara,-23.35,43.667,8.0
2022-03-22,31.7,23.9,27.6,0.0,22.1,44.6,24.58,Toliara,-23.35,43.667,8.0
2022-03-23,30.9,23.9,27.5,0.0,22.4,43.6,24.09,Toliara,-23.35,43.667,8.0
2022-03-24,30.9,25.4,27.9,0.1,18.2,38.5,21.96,Toliara,-23.35,43.667,8.0
2022-03-25,29.9,25.8,27.5,2.9,16.6,35.6,19.07,Toliara,-23.35,43.667,8.0
2022-03-26,31.1,25.1,27.8,0.0,30.9,53.6,23.14,Toliara,-23.35,43.667,8.0
2022-03-27,31.5,25.7,28.2,0.2,27.9,49.3,21.07,Toliara,-23.35,43.667,8.0
2022-03-28,32.0,24.6,27.6,2.3,32.2,53.3,17.63,Toliara,-23.35,43.667,8.0
2022-03-29,34.5,22.8,28.1,0.0,32.8,54.7,22.51,Toliara,-23.35,43.667,8.0
2022-03-30,34.6,24.4,29.0,0.1,28.3,49.3,21.83,Toliara,-23.35,43.667,8.0
2022-03-31,33.5,24.7,28.5,0.0,24.8,46.4,23.14,Toliara,-23.35,43.667,8.0
2022-04-01,32.0,24.2,27.9,0.0,23.0,45.0,23.67,Toliara,-23.35,43.667,8.0
2022-04-02,30.6,24.3,27.5,0.0,17.4,37.1,22.16,Toliara,-23.35,43.667,8.0
2022-04-03,29.8,23.1,27.1,0.0,20.3,40.0,22.63,Toliara,-23.35,43.667,8.0
2022-04-04,30.9,23.1,27.4,0.0,21.2,40.0,22.69,Toliara,-23.35,43.667,8.0
2022-04-05,30.7,24.8,27.4,0.1,23.2,44.6,20.09,Toliara,-23.35,43.667,8.0
2022-04-06,30.9,23.0,27.2,0.0,20.5,38.5,21.61,Toliara,-23.35,43.667,8.0
2022-04-07,30.7,24.9,27.5,0.0,21.2,42.1,20.66,Toliara,-23.35,43.667,8.0
2022-04-08,30.3,25.5,27.5,0.0,28.0,50.4,20.35,Toliara,-23.35,43.667,8.0
2022-04-09,31.5,24.9,28.2,0.1,36.8,63.7,20.38,Toliara,-23.35,43.667,8.0
2022-04-10,35.6,25.6,30.1,0.0,35.2,62.6,20.8,Toliara,-23.35,43.667,8.0
2022-04-11,36.8,25.3,31.1,0.0,27.5,49.0,20.91,Toliara,-23.35,43.667,8.0
2022-04-12,35.0,25.2,29.1,0.0,30.7,53.3,19.03,Toliara,-23.35,43.667,8.0
2022-04-13,31.9,24.8,28.3,0.0,19.3,39.2,21.22,Toliara,-23.35,43.667,8.0
2022-04-14,32.3,25.7,28.8,0.0,20.1,39.6,20.56,Toliara,-23.35,43.667,8.0
2022-04-15,32.4,26.7,29.1,0.0,17.7,37.8,20.23,Toliara,-23.35,43.667,8.0
2022-04-16,33.0,26.2,28.7,0.0,30.7,54.7,20.2,Toliara,-23.35,43.667,8.0
2022-04-17,30.5,25.3,27.8,0.0,31.9,56.2,20.49,Toliara,-23.35,43.667,8.0
2022-04-18,30.6,25.6,27.9,0.0,17.9,34.2,18.11,Toliara,-23.35,43.667,8.0
2022-04-19,31.1,24.6,27.8,0.0,21.2,41.8,20.27,Toliara,-23.35,43.667,8.0
2022-04-20,31.6,25.3,28.2,0.0,35.4,59.0,19.82,Toliara,-23.35,43.667,8.0
2022-04-21,35.2,25.1,29.3,0.0,36.1,61.2,20.03,Toliara,-23.35,43.667,8.0
2022-04-22,32.8,26.2,29.1,0.0,23.7,45.0,19.56,Toliara,-23.35,43.667,8.0
2022-04-23,30.7,24.6,27.6,17.3,18.4,35.6,15.67,Toliara,-23.35,43.667,8.0
2022-04-24,29.4,24.8,26.6,6.0,13.1,24.8,11.83,Toliara,-23.35,43.667,8.0
2022-04-25,29.4,24.3,26.1,0.8,13.8,27.0,12.2,Toliara,-23.35,43.667,8.0
2022-04-26,27.8,24.2,25.4,20.9,70.7,123.1,4.13,Toliara,-23.35,43.667,8.0
2022-04-27,26.0,21.7,24.2,2.5,37.8,65.5,16.17,Toliara,-23.35,43.667,8.0
2022-04-28,26.9,19.5,23.0,0.0,27.5,45.0,16.82,Toliara,-23.35,43.667,8.0
2022-04-29,28.9,19.4,23.3,0.0,23.2,40.0,19.29,Toliara,-23.35,43.667,8.0
2022-04-30,27.2,20.7,24.0,0.0,25.0,46.1,19.07,Toliara,-23.35,43.667,8.0
2022-05-01,25.3,21.9,23.5,3.2,18.9,33.8,15.96,Toliara,-23.35,43.667,8.0
2022-05-02,27.2,20.2,23.3,0.0,34.2,58.3,18.81,Toliara,-23.35,43.667,8.0
2022-05-03,29.0,19.9,24.0,0.0,27.4,46.4,18.91,Toliara,-23.35,43.667,8.0
2022-05-04,29.8,21.2,25.1,0.0,22.8,42.1,17.99,Toliara,-23.35,43.667,8.0
2022-05-05,29.3,22.3,25.0,0.0,21.9,39.2,18.35,Toliara,-23.35,43.667,8.0
2022-05-06,28.6,22.3,25.3,0.0,19.2,34.6,18.05,Toliara,-23.35,43.667,8.0
2022-05-07,27.7,22.1,24.8,0.2,15.0,34.9,17.0,Toliara,-23.35,43.667,8.0
2022-05-08,26.7,21.5,24.1,0.2,14.2,30.6,17.73,Toliara,-23.35,43.667,8.0
2022-05-09,26.5,20.1,23.4,0.1,16.9,34.9,17.17,Toliara,-23.35,43.667,8.0
2022-05-10,25.4,21.9,23.7,2.4,21.5,40.0,14.28,Toliara,-23.35,43.667,8.0
2022-05-11,26.2,19.4,22.7,0.1,24.9,40.7,17.04,Toliara,-23.35,43.667,8.0
2022-05-12,28.8,18.5,23.5,0.0,22.7,40.7,18.17,Toliara,-23.35,43.667,8.0
2022-05-13,28.0,19.9,24.0,0.0,16.9,29.5,17.73,Toliara,-23.35,43.667,8.0
2022-05-14,30.1,20.1,24.4,0.0,18.6,36.7,17.49,Toliara,-23.35,43.667,8.0
2022-05-15,29.5,20.6,24.2,0.0,28.0,48.2,17.53,Toliara,-23.35,43.667,8.0
2022-05-16,31.1,19.5,24.7,0.0,27.9,49.0,17.59,Toliara,-23.35,43.667,8.0
2022-05-17,30.9,21.7,25.9,0.0,23.8,40.7,14.88,Toliara,-23.35,43.667,8.0
2022-05-18,29.7,21.2,25.0,0.0,21.2,36.7,17.13,Toliara,-23.35,43.667,8.0
2022-05-19,28.0,21.8,24.9,0.0,15.0,31.7,16.8,Toliara,-23.35,43.667,8.0
2022-05-20,28.1,21.3,24.7,0.0,16.3,33.5,16.93,Toliara,-23.35,43.667,8.0
2022-05-21,28.1,19.7,24.0,0.0,15.5,32.0,16.09,Toliara,-23.35,43.667,8.0
2022-05-22,32.8,20.7,25.9,0.0,24.9,41.8,17.1,Toliara,-23.35,43.667,8.0
2022-05-23,28.3,20.6,24.4,0.0,16.6,31.7,16.92,Toliara,-23.35,43.667,8.0
2022-05-24,28.4,20.5,24.3,0.9,22.9,43.2,16.42,Toliara,-23.35,43.667,8.0
2022-05-25,25.5,21.8,23.6,1.1,14.6,31.0,14.92,Toliara,-23.35,43.667,8.0
2022-05-26,25.8,21.0,23.4,0.1,17.8,33.5,14.79,Toliara,-23.35,43.667,8.0
2022-05-27,27.4,20.4,23.2,0.1,36.6,63.0,15.11,Toliara,-23.35,43.667,8.0
2022-05-28,28.6,18.8,23.3,0.0,23.7,45.0,16.92,Toliara,-23.35,43.667,8.0
2022-05-29,26.9,19.5,23.1,0.0,20.9,34.6,16.72,Toliara,-23.35,43.667,8.0
2022-05-30,26.7,18.3,22.6,0.1,19.5,38.2,16.08,Toliara,-23.35,43.667,8.0
2022-05-31,26.8,18.9,22.8,0.0,22.4,42.1,16.3,Toliara,-23.35,43.667,8.0
2022-06-01,24.6,20.1,22.0,1.3,28.0,50.4,13.38,Toliara,-23.35,43.667,8.0
2022-06-02,27.0,18.5,22.6,0.2,26.3,48.2,13.48,Toliara,-23.35,43.667,8.0
2022-06-03,29.5,18.6,23.5,0.0,27.3,45.4,16.16,Toliara,-23.35,43.667,8.0
2022-06-04,31.7,20.5,24.9,0.0,29.3,49.7,14.81,Toliara,-23.35,43.667,8.0
2022-06-05,29.2,21.6,24.5,0.0,20.9,34.9,13.64,Toliara,-23.35,43.667,8.0
2022-06-06,29.1,20.3,23.9,0.2,28.3,50.0,14.94,Toliara,-23.35,43.667,8.0
2022-06-07,28.8,19.8,23.6,0.0,29.2,47.5,15.33,Toliara,-23.35,43.667,8.0
2022-06-08,27.8,19.6,23.0,0.0,27.1,45.7,14.82,Toliara,-23.35,43.667,8.0
2022-06-09,28.7,18.2,22.8,0.0,28.0,47.5,15.65,Toliara,-23.35,43.667,8.0
2022-06-10,26.2,19.0,22.6,0.0,22.1,36.4,15.57,Toliara,-23.35,43.667,8.0
2022-06-11,29.3,18.9,23.1,0.0,24.2,43.6,15.75,Toliara,-23.35,43.667,8.0
2022-06-12,29.4,19.2,23.5,0.0,20.1,44.3,15.38,Toliara,-23.35,43.667,8.0
2022-06-13,29.9,20.0,23.7,0.0,22.2,40.3,15.87,Toliara,-23.35,43.667,8.0
2022-06-14,27.0,18.5,22.7,0.0,14.5,30.6,15.22,Toliara,-23.35,43.667,8.0
2022-06-15,27.7,19.0,23.3,0.0,13.4,28.1,13.86,Toliara,-23.35,43.667,8.0
2022-06-16,24.7,20.0,22.0,3.7,25.2,46.1,11.53,Toliara,-23.35,43.667,8.0
2022-06-17,23.5,19.0,21.2,0.3,22.5,42.5,14.56,Toliara,-23.35,43.667,8.0
2022-06-18,25.4,16.8,20.7,0.0,29.5,49.7,15.67,Toliara,-23.35,43.667,8.0
2022-06-19,28.1,16.7,21.8,0.0,20.9,38.9,15.83,Toliara,-23.35,43.667,8.0
2022-06-20,27.5,18.1,22.3,0.0,27.2,46.8,15.75,Toliara,-23.35,43.667,8.0
2022-06-21,27.8,17.5,22.2,0.0,26.7,47.2,15.66,Toliara,-23.35,43.667,8.0
2022-06-22,26.6,17.7,21.3,0.0,30.2,52.9,15.41,Toliara,-23.35,43.667,8.0
2022-06-23,28.0,17.3,22.3,0.0,31.8,56.2,15.6,Toliara,-23.35,43.667,8.0
2022-06-24,27.6,18.9,22.8,0.0,20.6,37.8,15.5,Toliara,-23.35,43.667,8.0
2022-06-25,25.4,17.8,21.9,0.0,22.9,40.0,15.46,Toliara,-23.35,43.667,8.0
2022-06-26,26.5,17.7,21.9,0.0,31.0,50.8,12.63,Toliara,-23.35,43.667,8.0
2022-06-27,26.0,17.2,21.2,0.0,30.9,54.0,15.54,Toliara,-23.35,43.667,8.0
2022-06-28,26.7,17.1,21.1,0.0,30.8,53.3,16.07,Toliara,-23.35,43.667,8.0
2022-06-29,26.6,15.8,20.9,0.0,23.1,43.6,15.76,Toliara,-23.35,43.667,8.0
2022-06-30,25.9,17.0,21.4,0.0,20.5,33.5,14.43,Toliara,-23.35,43.667,8.0
2022-07-01,28.7,18.0,23.2,0.0,22.6,37.4,15.63,Toliara,-23.35,43.667,8.0
2022-07-02,28.9,19.1,23.4,0.0,26.7,45.4,15.62,Toliara,-23.35,43.667,8.0
2022-07-03,25.9,18.4,22.2,0.0,18.4,38.2,15.92,Toliara,-23.35,43.667,8.0
2022-07-04,27.4,16.6,21.7,0.0,24.1,42.8,16.02,Toliara,-23.35,43.667,8.0
2022-07-05,27.3,16.8,22.0,0.0,17.7,34.9,15.8,Toliara,-23.35,43.667,8.0
2022-07-06,27.9,16.7,22.3,0.0,19.6,34.6,15.88,Toliara,-23.35,43.667,8.0
2022-07-07,25.2,18.8,22.0,0.0,21.4,37.1,15.62,Toliara,-23.35,43.667,8.0
2022-07-08,27.9,17.6,22.3,0.0,18.8,37.4,16.33,Toliara,-23.35,43.667,8.0
2022-07-09,29.9,18.2,23.1,0.0,28.5,51.1,16.36,Toliara,-23.35,43.667,8.0
2022-07-10,26.8,18.8,22.4,0.0,21.9,38.2,16.36,Toliara,-23.35,43.667,8.0
2022-07-11,26.7,17.7,22.1,0.0,19.9,38.2,16.22,Toliara,-23.35,43.667,8.0
2022-07-12,25.9,18.2,22.1,0.0,26.0,46.8,16.28,Toliara,-23.35,43.667,8.0
2022-07-13,27.4,18.1,22.3,0.0,20.8,40.3,16.54,Toliara,-23.35,43.667,8.0
2022-07-14,25.1,16.8,21.4,0.0,15.7,33.1,16.35,Toliara,-23.35,43.667,8.0
2022-07-15,26.0,16.8,21.7,0.0,30.3,51.5,16.23,Toliara,-23.35,43.667,8.0
2022-07-16,30.0,18.8,24.0,0.0,25.3,43.9,16.43,Toliara,-23.35,43.667,8.0
2022-07-17,31.5,21.1,25.7,0.0,28.9,52.9,14.77,Toliara,-23.35,43.667,8.0
2022-07-18,30.8,19.2,24.9,0.0,27.8,44.6,16.34,Toliara,-23.35,43.667,8.0
2022-07-19,30.7,21.0,24.7,0.0,27.2,47.9,15.85,Toliara,-23.35,43.667,8.0
2022-07-20,27.6,19.4,23.3,0.0,22.2,41.0,16.76,Toliara,-23.35,43.667,8.0
2022-07-21,26.5,18.2,22.6,0.0,20.1,40.0,16.56,Toliara,-23.35,43.667,8.0
2022-07-22,29.5,18.1,23.0,0.0,31.6,54.0,14.55,Toliara,-23.35,43.667,8.0
2022-07-23,26.3,19.3,22.9,0.0,16.8,34.6,16.48,Toliara,-23.35,43.667,8.0
2022-07-24,26.1,18.9,22.7,0.0,19.8,37.4,16.34,Toliara,-23.35,43.667,8.0
2022-07-25,24.6,18.2,22.0,0.1,23.1,42.1,16.53,Toliara,-23.35,43.667,8.0
2022-07-26,24.3,19.9,21.7,0.8,28.8,52.2,15.87,Toliara,-23.35,43.667,8.0
2022-07-27,25.3,17.7,21.1,0.0,35.1,59.8,17.29,Toliara,-23.35,43.667,8.0
2022-07-28,28.4,17.7,22.4,0.0,33.0,58.3,17.55,Toliara,-23.35,43.667,8.0
2022-07-29,30.3,19.8,23.9,0.0,22.6,41.8,16.56,Toliara,-23.35,43.667,8.0
2022-07-30,27.6,20.7,23.8,0.0,17.6,36.0,16.68,Toliara,-23.35,43.667,8.0
2022-07-31,26.9,19.6,23.2,0.0,17.0,36.0,16.74,Toliara,-23.35,43.667,8.0
2022-08-01,27.1,20.2,23.3,0.0,38.5,66.2,16.94,Toliara,-23.35,43.667,8.0
2022-08-02,28.7,19.2,23.4,0.0,26.9,47.5,17.68,Toliara,-23.35,43.667,8.0
2022-08-03,27.3,18.6,22.8,0.0,19.9,38.2,17.87,Toliara,-23.35,43.667,8.0
2022-08-04,27.1,19.7,23.5,0.0,23.0,42.8,17.82,Toliara,-23.35,43.667,8.0
2022-08-05,24.9,19.0,22.1,0.0,13.8,30.6,17.86,Toliara,-23.35,43.667,8.0
2022-08-06,25.2,18.7,21.9,0.0,24.2,45.0,17.22,Toliara,-23.35,43.667,8.0
2022-08-07,25.5,17.7,21.8,0.0,30.3,53.3,18.49,Toliara,-23.35,43.667,8.0
2022-08-08,30.9,19.1,23.8,0.0,27.0,47.2,18.62,Toliara,-23.35,43.667,8.0
2022-08-09,27.1,20.0,23.4,0.0,22.5,41.8,18.69,Toliara,-23.35,43.667,8.0
2022-08-10,27.1,19.8,23.1,0.0,20.7,41.0,18.83,Toliara,-23.35,43.667,8.0
2022-08-11,27.1,20.1,23.2,0.0,24.2,44.3,18.81,Toliara,-23.35,43.667,8.0
2022-08-12,29.0,19.3,23.4,0.0,24.4,46.4,19.24,Toliara,-23.35,43.667,8.0
2022-08-13,26.8,18.2,22.8,0.0,22.2,40.7,19.12,Toliara,-23.35,43.667,8.0
2022-08-14,27.9,18.8,23.6,0.0,18.9,37.4,18.93,Toliara,-23.35,43.667,8.0
2022-08-15,30.0,21.2,24.3,1.9,36.3,66.2,18.85,Toliara,-23.35,43.667,8.0
2022-08-16,23.8,19.3,21.5,19.9,23.7,42.8,16.08,Toliara,-23.35,43.667,8.0
2022-08-17,24.7,17.3,20.8,0.0,14.9,29.5,19.64,Toliara,-23.35,43.667,8.0
2022-08-18,24.3,17.1,20.9,0.0,24.1,42.8,20.08,Toliara,-23.35,43.667,8.0
2022-08-19,26.9,17.1,22.3,0.0,16.9,33.8,19.77,Toliara,-23.35,43.667,8.0
2022-08-20,29.1,20.0,23.7,0.2,36.7,69.1,19.59,Toliara,-23.35,43.667,8.0
2022-08-21,24.4,18.7,21.5,26.0,36.2,61.9,17.2,Toliara,-23.35,43.667,8.0
2022-08-22,27.0,17.0,21.6,0.0,31.0,52.2,19.94,Toliara,-23.35,43.667,8.0
2022-08-23,26.3,19.4,23.2,0.0,21.2,38.9,19.8,Toliara,-23.35,43.667,8.0
2022-08-24,30.1,20.3,24.0,0.0,26.1,44.6,20.28,Toliara,-23.35,43.667,8.0
2022-08-25,27.0,20.1,23.3,0.0,21.2,41.0,20.39,Toliara,-23.35,43.667,8.0
2022-08-26,28.1,18.4,23.1,0.0,23.5,43.6,20.45,Toliara,-23.35,43.667,8.0
2022-08-27,27.6,18.3,23.1,0.0,20.1,40.0,20.44,Toliara,-23.35,43.667,8.0
2022-08-28,26.9,19.0,23.1,0.0,17.8,36.7,20.75,Toliara,-23.35,43.667,8.0
2022-08-29,27.8,18.2,23.2,0.0,19.3,35.3,21.52,Toliara,-23.35,43.667,8.0
2022-08-30,26.0,17.7,22.0,0.0,29.9,53.3,21.44,Toliara,-23.35,43.667,8.0
2022-08-31,23.6,19.5,21.0,1.6,33.4,57.2,14.05,Toliara,-23.35,43.667,8.0
2022-09-01,25.4,17.7,20.9,0.0,34.4,61.6,17.67,Toliara,-23.35,43.667,8.0
2022-09-02,28.4,16.9,22.0,0.0,31.9,54.4,21.58,Toliara,-23.35,43.667,8.0
2022-09-03,27.0,17.3,22.3,0.0,20.6,40.7,21.98,Toliara,-23.35,43.667,8.0
2022-09-04,27.5,17.1,22.6,0.0,26.6,46.1,22.32,Toliara,-23.35,43.667,8.0
2022-09-05,27.8,18.8,23.3,0.0,17.8,36.4,22.48,Toliara,-23.35,43.667,8.0
2022-09-06,28.0,18.4,23.4,0.0,27.6,48.6,22.22,Toliara,-23.35,43.667,8.0
2022-09-07,26.4,20.1,23.1,0.0,40.0,68.0,22.38,Toliara,-23.35,43.667,8.0
2022-09-08,30.8,19.9,23.9,0.0,41.9,70.2,22.46,Toliara,-23.35,43.667,8.0
2022-09-09,28.2,20.9,23.9,0.0,17.1,36.4,22.5,Toliara,-23.35,43.667,8.0
2022-09-10,27.5,18.7,23.1,0.0,18.4,37.1,22.81,Toliara,-23.35,43.667,8.0
2022-09-11,26.6,17.7,22.3,0.0,20.6,38.2,23.23,Toliara,-23.35,43.667,8.0
2022-09-12,28.6,18.6,23.0,0.0,31.3,57.6,23.19,Toliara,-23.35,43.667,8.0
2022-09-13,26.1,18.9,22.7,0.0,43.4,74.9,23.1,Toliara,-23.35,43.667,8.0
2022-09-14,30.0,20.3,24.7,0.0,31.3,55.1,21.22,Toliara,-23.35,43.667,8.0
2022-09-15,29.3,22.1,24.9,0.0,25.8,48.6,23.16,Toliara,-23.35,43.667,8.0
2022-09-16,27.5,21.1,24.0,0.0,21.1,42.5,23.41,Toliara,-23.35,43.667,8.0
2022-09-17,27.5,19.4,23.7,0.0,17.4,36.7,23.45,Toliara,-23.35,43.667,8.0
2022-09-18,27.6,20.4,24.0,0.0,19.6,37.1,21.28,Toliara,-23.35,43.667,8.0
2022-09-19,29.6,19.8,24.5,0.0,24.6,46.8,23.58,Toliara,-23.35,43.667,8.0
2022-09-20,29.2,20.6,24.8,0.0,25.7,49.3,23.7,Toliara,-23.35,43.667,8.0
2022-09-21,29.8,21.0,25.0,0.0,25.0,47.9,23.98,Toliara,-23.35,43.667,8.0
2022-09-22,29.8,20.4,25.2,0.0,24.6,45.7,24.29,Toliara,-23.35,43.667,8.0
2022-09-23,29.8,21.9,25.4,0.0,24.3,43.2,24.34,Toliara,-23.35,43.667,8.0
2022-09-24,28.6,21.0,24.5,0.0,16.5,35.6,24.37,Toliara,-23.35,43.667,8.0
2022-09-25,28.6,20.0,24.5,0.0,17.5,36.7,24.26,Toliara,-23.35,43.667,8.0
2022-09-26,29.2,21.6,25.4,0.0,21.1,42.1,22.55,Toliara,-23.35,43.667,8.0
2022-09-27,28.4,20.5,24.9,0.0,30.8,53.6,24.43,Toliara,-23.35,43.667,8.0
2022-09-28,29.4,21.9,26.3,0.0,38.0,60.8,24.96,Toliara,-23.35,43.667,8.0
2022-09-29,31.8,21.2,25.8,0.0,21.7,42.5,25.6,Toliara,-23.35,43.667,8.0
2022-09-30,27.5,21.3,24.2,0.0,19.1,38.9,25.22,Toliara,-23.35,43.667,8.0
2022-10-01,27.2,20.0,23.8,0.0,19.9,41.0,25.31,Toliara,-23.35,43.667,8.0
2022-10-02,27.7,19.7,23.8,0.0,19.6,40.3,25.32,Toliara,-23.35,43.667,8.0
2022-10-03,26.7,19.6,23.6,0.0,19.5,40.3,25.46,Toliara,-23.35,43.667,8.0
2022-10-04,27.4,20.0,24.0,0.0,17.7,37.4,25.75,Toliara,-23.35,43.667,8.0
2022-10-05,28.0,21.0,24.5,0.0,24.0,46.1,25.48,Toliara,-23.35,43.667,8.0
2022-10-06,30.3,22.0,25.6,0.0,23.5,43.6,25.58,Toliara,-23.35,43.667,8.0
2022-10-07,30.0,22.7,26.1,0.0,18.8,39.6,25.39,Toliara,-23.35,43.667,8.0
2022-10-08,29.6,23.1,25.6,0.0,20.2,40.7,25.4,Toliara,-23.35,43.667,8.0
2022-10-09,29.2,21.9,25.4,0.1,19.1,38.2,25.94,Toliara,-23.35,43.667,8.0
2022-10-10,28.1,23.2,25.2,0.0,25.8,51.8,25.61,Toliara,-23.35,43.667,8.0
2022-10-11,28.9,21.8,25.3,0.0,25.0,47.9,25.82,Toliara,-23.35,43.667,8.0
2022-10-12,29.4,21.8,25.4,0.0,24.8,49.3,25.55,Toliara,-23.35,43.667,8.0
2022-10-13,28.7,22.2,25.5,0.0,19.2,40.0,24.25,Toliara,-23.35,43.667,8.0
2022-10-14,30.0,23.2,26.3,0.3,22.0,42.5,24.42,Toliara,-23.35,43.667,8.0
2022-10-15,28.4,23.3,25.7,0.4,20.0,42.1,23.39,Toliara,-23.35,43.667,8.0
2022-10-16,28.3,23.3,25.4,0.9,21.4,42.1,23.56,Toliara,-23.35,43.667,8.0
2022-10-17,28.2,22.1,25.0,0.0,27.1,50.0,26.37,Toliara,-23.35,43.667,8.0
2022-10-18,29.7,22.9,26.3,0.0,22.0,43.6,25.69,Toliara,-23.35,43.667,8.0
2022-10-19,29.8,23.7,26.3,0.0,21.8,43.6,26.41,Toliara,-23.35,43.667,8.0
2022-10-20,29.8,22.8,26.0,0.1,21.2,42.8,26.69,Toliara,-23.35,43.667,8.0
2022-10-21,29.5,23.1,26.2,0.4,20.9,42.8,26.51,Toliara,-23.35,43.667,8.0
2022-10-22,28.8,23.2,26.2,0.0,19.8,41.8,25.77,Toliara,-23.35,43.667,8.0
2022-10-23,29.1,22.8,26.2,0.0,19.2,38.5,26.41,Toliara,-23.35,43.667,8.0
2022-10-24,29.4,22.5,25.9,0.0,20.9,42.5,26.32,Toliara,-23.35,43.667,8.0
2022-10-25,29.5,22.2,25.8,0.0,20.2,40.7,26.6,Toliara,-23.35,43.667,8.0
2022-10-26,32.0,22.8,26.4,0.0,24.6,48.2,23.06,Toliara,-23.35,43.667,8.0
2022-10-27,30.2,23.5,26.6,0.0,29.1,52.9,27.67,Toliara,-23.35,43.667,8.0
2022-10-28,30.1,23.9,26.5,0.0,26.5,47.2,27.46,Toliara,-23.35,43.667,8.0
2022-10-29,30.3,23.5,26.6,0.0,36.3,68.4,22.18,Toliara,-23.35,43.667,8.0
2022-10-30,33.7,23.2,27.4,0.0,26.8,50.0,25.1,Toliara,-23.35,43.667,8.0
2022-10-31,31.3,25.2,27.6,0.2,31.9,62.6,26.89,Toliara,-23.35,43.667,8.0
2022-11-01,29.5,24.2,26.4,0.1,28.2,51.5,27.07,Toliara,-23.35,43.667,8.0
2022-11-02,28.6,23.6,25.9,0.0,37.7,68.4,27.17,Toliara,-23.35,43.667,8.0
2022-11-03,28.9,22.8,25.8,0.0,34.0,59.8,27.9,Toliara,-23.35,43.667,8.0
2022-11-04,30.1,23.2,26.3,0.0,24.7,49.7,28.11,Toliara,-23.35,43.667,8.0
2022-11-05,29.8,24.8,26.9,1.1,26.6,51.1,27.63,Toliara,-23.35,43.667,8.0
2022-11-06,28.8,23.8,26.2,1.5,20.3,41.4,23.22,Toliara,-23.35,43.667,8.0
2022-11-07,29.1,23.0,25.7,12.3,21.5,42.5,27.2,Toliara,-23.35,43.667,8.0
2022-11-08,30.0,23.0,26.4,0.0,17.6,37.1,27.24,Toliara,-23.35,43.667,8.0
2022-11-09,31.1,24.3,27.3,0.0,18.4,40.7,27.1,Toliara,-23.35,43.667,8.0
2022-11-10,30.5,24.0,27.4,0.0,18.2,38.9,27.78,Toliara,-23.35,43.667,8.0
2022-11-11,31.3,24.2,27.5,0.0,32.6,57.2,27.1,Toliara,-23.35,43.667,8.0
2022-11-12,31.9,25.2,28.4,0.2,31.6,57.2,27.03,Toliara,-23.35,43.667,8.0
2022-11-13,33.5,26.0,29.1,0.0,23.0,45.4,27.98,Toliara,-23.35,43.667,8.0
2022-11-14,32.6,25.6,28.4,2.0,23.6,50.8,27.01,Toliara,-23.35,43.667,8.0
2022-11-15,30.0,24.8,27.1,0.0,22.0,44.6,27.03,Toliara,-23.35,43.667,8.0
2022-11-16,27.8,24.3,25.9,0.5,19.3,42.1,22.71,Toliara,-23.35,43.667,8.0
2022-11-17,28.4,21.8,25.3,0.0,17.8,36.7,30.3,Toliara,-23.35,43.667,8.0
2022-11-18,29.4,21.4,25.7,0.0,20.9,42.5,30.36,Toliara,-23.35,43.667,8.0
2022-11-19,30.3,22.6,26.4,0.0,22.7,45.0,29.82,Toliara,-23.35,43.667,8.0
2022-11-20,29.7,23.5,26.6,7.7,31.5,58.0,25.42,Toliara,-23.35,43.667,8.0
2022-11-21,26.5,22.3,24.4,0.9,34.9,59.8,29.21,Toliara,-23.35,43.667,8.0
2022-11-22,28.2,20.0,24.1,0.0,35.9,65.2,30.3,Toliara,-23.35,43.667,8.0
2022-11-23,30.1,21.2,25.6,0.0,23.9,47.5,29.96,Toliara,-23.35,43.667,8.0
2022-11-24,30.5,22.9,26.7,0.1,18.6,40.3,28.25,Toliara,-23.35,43.667,8.0
2022-11-25,32.0,24.0,27.6,0.0,19.9,40.0,25.16,Toliara,-23.35,43.667,8.0
2022-11-26,31.4,23.7,27.4,0.0,19.6,40.3,28.05,Toliara,-23.35,43.667,8.0
2022-11-27,30.7,23.9,27.2,0.0,19.7,41.0,29.96,Toliara,-23.35,43.667,8.0
2022-11-28,30.2,23.2,26.8,0.0,25.0,46.4,29.88,Toliara,-23.35,43.667,8.0
2022-11-29,31.1,24.0,27.0,0.0,29.8,52.9,25.88,Toliara,-23.35,43.667,8.0
2022-11-30,30.1,24.6,26.4,2.5,19.4,40.3,19.33,Toliara,-23.35,43.667,8.0
2022-12-01,29.5,23.9,26.5,1.1,19.6,40.3,26.6,Toliara,-23.35,43.667,8.0
2022-12-02,29.3,24.2,27.1,0.8,23.5,43.6,17.02,Toliara,-23.35,43.667,8.0
2022-12-03,30.9,24.7,27.6,1.1,15.2,35.6,21.02,Toliara,-23.35,43.667,8.0
2022-12-04,32.1,23.7,27.9,0.0,18.6,40.3,26.47,Toliara,-23.35,43.667,8.0
2022-12-05,33.0,24.3,28.4,0.5,19.6,40.7,27.07,Toliara,-23.35,43.667,8.0
2022-12-06,31.8,25.7,28.4,1.4,16.5,36.0,27.2,Toliara,-23.35,43.667,8.0
2022-12-07,32.0,25.1,28.6,0.0,21.0,44.3,26.8,Toliara,-23.35,43.667,8.0
2022-12-08,34.1,25.9,29.5,0.0,22.9,45.4,29.79,Toliara,-23.35,43.667,8.0
2022-12-09,33.6,25.7,29.3,0.0,24.4,46.8,29.51,Toliara,-23.35,43.667,8.0
2022-12-10,33.0,27.0,29.7,0.6,21.0,42.1,28.33,Toliara,-23.35,43.667,8.0
2022-12-11,32.4,26.1,28.9,0.1,19.0,41.0,26.64,Toliara,-23.35,43.667,8.0
2022-12-12,32.2,25.8,29.0,0.0,18.8,38.9,27.96,Toliara,-23.35,43.667,8.0
2022-12-13,31.5,25.9,28.7,0.4,20.6,41.8,28.59,Toliara,-23.35,43.667,8.0
2022-12-14,30.1,24.9,27.4,1.6,16.7,38.2,26.15,Toliara,-23.35,43.667,8.0
2022-12-15,28.8,24.1,26.3,0.1,17.5,38.5,22.77,Toliara,-23.35,43.667,8.0
2022-12-16,30.0,24.1,27.0,1.0,18.4,35.6,27.48,Toliara,-23.35,43.667,8.0
2022-12-17,30.5,25.1,27.2,10.3,27.7,57.2,22.95,Toliara,-23.35,43.667,8.0
2022-12-18,31.5,24.8,27.6,1.7,35.1,64.1,27.11,Toliara,-23.35,43.667,8.0
2022-12-19,31.3,24.2,27.5,1.3,35.0,61.2,26.42,Toliara,-23.35,43.667,8.0
2022-12-20,28.4,24.4,26.5,8.6,28.3,55.8,17.02,Toliara,-23.35,43.667,8.0
2022-12-21,26.6,23.1,24.9,53.1,39.7,73.1,5.36,Toliara,-23.35,43.667,8.0
2022-12-22,27.7,22.5,24.8,1.3,26.3,48.6,27.14,Toliara,-23.35,43.667,8.0
2022-12-23,28.6,20.5,24.1,0.0,33.0,57.6,26.22,Toliara,-23.35,43.667,8.0
2022-12-24,28.2,20.0,24.1,0.0,31.6,55.1,31.19,Toliara,-23.35,43.667,8.0
2022-12-25,28.1,21.5,25.2,0.0,22.9,43.6,30.21,Toliara,-23.35,43.667,8.0
2022-12-26,28.7,22.9,26.1,0.0,19.2,38.9,30.3,Toliara,-23.35,43.667,8.0
2022-12-27,28.9,24.0,26.6,0.0,24.3,43.9,28.66,Toliara,-23.35,43.667,8.0
2022-12-28,29.3,24.1,26.7,0.8,21.1,40.3,28.72,Toliara,-23.35,43.667,8.0
2022-12-29,29.5,24.4,26.9,1.5,15.5,33.8,25.96,Toliara,-23.35,43.667,8.0
2022-12-30,29.9,24.6,27.0,0.5,17.4,36.4,27.64,Toliara,-23.35,43.667,8.0
2022-12-31,29.2,24.7,27.1,0.0,21.3,38.5,30.97,Toliara,-23.35,43.667,8.0
2023-01-01,29.8,24.0,27.1,0.0,15.3,32.8,30.82,Toliara,-23.35,43.667,8.0
2023-01-02,30.3,24.0,27.1,1.4,25.5,43.2,26.13,Toliara,-23.35,43.667,8.0
2023-01-03,28.9,23.8,25.4,8.3,17.3,32.0,20.32,Toliara,-23.35,43.667,8.0
2023-01-04,29.2,23.5,25.5,9.8,23.7,50.8,17.84,Toliara,-23.35,43.667,8.0
2023-01-05,29.5,22.8,25.4,13.0,23.6,46.8,24.01,Toliara,-23.35,43.667,8.0
2023-01-06,29.3,23.3,26.2,1.9,15.1,36.7,26.6,Toliara,-23.35,43.667,8.0
2023-01-07,29.8,24.2,27.1,0.0,15.1,32.0,27.49,Toliara,-23.35,43.667,8.0
2023-01-08,29.6,24.3,27.1,0.9,16.5,33.1,28.21,Toliara,-23.35,43.667,8.0
2023-01-09,29.6,24.7,26.8,3.9,17.6,32.8,28.34,Toliara,-23.35,43.667,8.0
2023-01-10,29.4,24.2,26.6,2.3,14.5,32.4,26.23,Toliara,-23.35,43.667,8.0
2023-01-11,28.9,24.2,26.3,0.5,17.9,33.1,27.37,Toliara,-23.35,43.667,8.0
2023-01-12,29.7,24.2,26.8,1.4,14.3,34.9,27.05,Toliara,-23.35,43.667,8.0
2023-01-13,31.5,24.5,27.6,0.3,14.8,32.8,27.38,Toliara,-23.35,43.667,8.0
2023-01-14,33.2,25.4,28.5,1.6,18.0,35.3,26.7,Toliara,-23.35,43.667,8.0
2023-01-15,34.6,25.3,29.5,0.1,23.9,42.8,28.87,Toliara,-23.35,43.667,8.0
2023-01-16,33.9,25.9,29.5,0.0,21.6,42.8,28.38,Toliara,-23.35,43.667,8.0
2023-01-17,32.8,25.5,29.4,0.0,19.4,38.2,29.58,Toliara,-23.35,43.667,8.0
2023-01-18,36.4,25.2,30.3,0.0,32.2,59.4,30.69,Toliara,-23.35,43.667,8.0
2023-01-19,36.4,24.9,30.0,0.0,31.5,57.6,29.98,Toliara,-23.35,43.667,8.0
2023-01-20,36.5,25.7,30.5,0.2,25.7,47.9,27.48,Toliara,-23.35,43.667,8.0
2023-01-21,35.8,27.1,31.2,0.0,25.1,47.5,24.89,Toliara,-23.35,43.667,8.0
2023-01-22,37.6,27.3,32.0,0.3,32.8,60.8,27.79,Toliara,-23.35,43.667,8.0
2023-01-23,37.0,28.0,31.8,0.0,33.6,58.7,20.89,Toliara,-23.35,43.667,8.0
2023-01-24,36.1,28.4,30.6,1.5,34.5,57.6,20.96,Toliara,-23.35,43.667,8.0
2023-01-25,34.1,26.8,29.0,4.3,26.9,49.0,13.74,Toliara,-23.35,43.667,8.0
2023-01-26,32.3,25.2,28.4,10.6,32.8,56.2,5.94,Toliara,-23.35,43.667,8.0
2023-01-27,28.9,24.9,26.7,28.8,34.6,61.2,5.73,Toliara,-23.35,43.667,8.0
2023-01-28,27.4,25.0,26.0,25.6,51.0,88.2,13.72,Toliara,-23.35,43.667,8.0
2023-01-29,26.4,24.8,25.6,12.8,36.5,69.8,14.4,Toliara,-23.35,43.667,8.0
2023-01-30,28.3,23.0,26.0,0.1,28.1,48.6,29.11,Toliara,-23.35,43.667,8.0
2023-01-31,30.9,23.8,26.9,0.0,33.2,56.9,25.33,Toliara,-23.35,43.667,8.0
2023-02-01,30.9,22.7,26.8,0.0,20.4,37.1,29.06,Toliara,-23.35,43.667,8.0
2023-02-02,30.1,24.7,27.2,2.1,14.8,30.6,27.83,Toliara,-23.35,43.667,8.0
2023-02-03,29.5,24.6,27.0,1.0,15.8,32.8,27.82,Toliara,-23.35,43.667,8.0
2023-02-04,29.3,24.5,26.7,18.8,13.7,31.3,25.9,Toliara,-23.35,43.667,8.0
2023-02-05,28.9,24.2,26.2,1.3,13.5,27.7,21.14,Toliara,-23.35,43.667,8.0
2023-02-06,31.5,23.7,26.9,10.2,14.8,27.0,22.33,Toliara,-23.35,43.667,8.0
2023-02-07,30.0,24.6,26.8,4.6,11.5,26.6,18.91,Toliara,-23.35,43.667,8.0
2023-02-08,30.6,24.6,27.2,5.6,22.4,36.7,14.89,Toliara,-23.35,43.667,8.0
2023-02-09,30.2,23.9,26.6,24.2,11.8,26.6,14.45,Toliara,-23.35,43.667,8.0
2023-02-10,29.8,24.8,27.1,2.4,13.1,23.8,18.22,Toliara,-23.35,43.667,8.0
2023-02-11,30.9,24.2,27.8,0.0,15.1,31.7,27.1,Toliara,-23.35,43.667,8.0
2023-02-12,30.3,25.4,27.9,0.1,14.2,32.0,26.06,Toliara,-23.35,43.667,8.0
2023-02-13,30.8,25.5,28.1,0.4,14.1,31.0,25.6,Toliara,-23.35,43.667,8.0
2023-02-14,31.7,25.2,28.3,0.0,15.2,30.6,28.3,Toliara,-23.35,43.667,8.0
2023-02-15,30.9,25.3,27.9,3.1,21.3,46.4,24.38,Toliara,-23.35,43.667,8.0
2023-02-16,31.5,24.8,27.6,0.7,14.8,32.8,26.95,Toliara,-23.35,43.667,8.0
2023-02-17,29.4,23.9,26.7,2.3,13.7,31.3,23.18,Toliara,-23.35,43.667,8.0
2023-02-18,30.8,24.0,27.0,0.5,14.6,34.6,25.64,Toliara,-23.35,43.667,8.0
2023-02-19,31.4,24.5,28.1,0.0,17.5,37.1,27.25,Toliara,-23.35,43.667,8.0
2023-02-20,33.3,25.7,29.3,0.0,15.8,35.6,26.97,Toliara,-23.35,43.667,8.0
2023-02-21,33.6,26.6,30.0,0.2,23.7,41.8,26.51,Toliara,-23.35,43.667,8.0
2023-02-22,36.1,27.9,30.2,0.3,42.4,76.3,16.6,Toliara,-23.35,43.667,8.0
2023-02-23,33.7,26.3,28.8,5.0,27.1,47.9,18.92,Toliara,-23.35,43.667,8.0
2023-02-24,30.5,25.6,28.0,0.3,10.8,24.8,16.5,Toliara,-23.35,43.667,8.0
2023-02-25,32.1,25.7,28.9,0.0,18.0,35.3,25.26,Toliara,-23.35,43.667,8.0
2023-02-26,32.3,25.9,29.0,0.0,18.5,34.2,24.94,Toliara,-23.35,43.667,8.0
2023-02-27,31.7,25.6,28.9,0.7,21.3,42.5,23.36,Toliara,-23.35,43.667,8.0
2023-02-28,31.7,25.9,28.9,0.7,17.4,37.4,23.74,Toliara,-23.35,43.667,8.0
2023-03-01,31.5,25.1,28.4,3.1,21.4,45.0,22.92,Toliara,-23.35,43.667,8.0
2023-03-02,29.4,25.0,27.0,2.7,12.8,34.9,10.26,Toliara,-23.35,43.667,8.0
2023-03-03,27.9,25.2,26.1,9.5,18.9,31.0,5.67,Toliara,-23.35,43.667,8.0
2023-03-04,26.4,24.0,25.1,41.6,23.9,42.5,4.32,Toliara,-23.35,43.667,8.0
2023-03-05,29.9,24.1,26.0,72.2,30.5,54.0,9.57,Toliara,-23.35,43.667,8.0
2023-03-06,26.6,24.6,25.2,64.1,61.9,102.2,5.41,Toliara,-23.35,43.667,8.0
2023-03-07,26.5,24.3,25.3,46.2,45.2,76.3,3.14,Toliara,-23.35,43.667,8.0
2023-03-08,31.7,24.6,27.5,5.8,23.9,43.9,14.52,Toliara,-23.35,43.667,8.0
2023-03-09,30.4,24.6,26.4,8.6,11.3,27.7,22.57,Toliara,-23.35,43.667,8.0
2023-03-10,29.5,24.2,25.9,11.4,20.1,37.1,21.4,Toliara,-23.35,43.667,8.0
2023-03-11,30.8,24.5,26.9,7.2,17.4,32.8,17.96,Toliara,-23.35,43.667,8.0
2023-03-12,31.7,23.6,27.0,0.0,22.8,40.7,25.18,Toliara,-23.35,43.667,8.0
2023-03-13,31.7,22.4,26.8,0.0,22.7,37.1,24.35,Toliara,-23.35,43.667,8.0
2023-03-14,30.5,23.7,26.2,1.7,20.2,36.4,17.91,Toliara,-23.35,43.667,8.0
2023-03-15,25.6,22.8,24.3,10.3,13.4,24.1,5.13,Toliara,-23.35,43.667,8.0
2023-03-16,27.2,22.1,24.7,0.3,13.4,29.5,23.01,Toliara,-23.35,43.667,8.0
2023-03-17,27.2,22.1,24.9,0.0,18.3,33.1,24.54,Toliara,-23.35,43.667,8.0
2023-03-18,28.6,22.3,25.4,0.0,21.9,40.0,24.27,Toliara,-23.35,43.667,8.0
2023-03-19,28.5,22.6,25.7,0.0,25.3,43.9,24.54,Toliara,-23.35,43.667,8.0
2023-03-20,29.5,23.6,26.7,0.0,23.9,41.8,23.54,Toliara,-23.35,43.667,8.0
2023-03-21,28.7,23.8,26.4,0.2,12.7,24.1,22.18,Toliara,-23.35,43.667,8.0
2023-03-22,30.1,24.1,26.8,2.2,13.6,27.4,22.7,Toliara,-23.35,43.667,8.0
2023-03-23,29.2,23.2,26.5,0.2,22.8,41.4,22.55,Toliara,-23.35,43.667,8.0
2023-03-24,31.3,24.1,27.2,0.3,28.8,49.3,22.35,Toliara,-23.35,43.667,8.0
2023-03-25,31.7,23.8,27.4,0.1,23.1,40.7,22.47,Toliara,-23.35,43.667,8.0
2023-03-26,30.6,24.3,27.2,1.4,18.4,29.9,22.62,Toliara,-23.35,43.667,8.0
2023-03-27,28.8,24.6,26.3,1.4,26.4,45.0,22.28,Toliara,-23.35,43.667,8.0
2023-03-28,28.0,22.1,24.8,0.7,36.9,63.0,24.18,Toliara,-23.35,43.667,8.0
2023-03-29,28.1,19.4,23.9,0.0,22.7,41.0,23.99,Toliara,-23.35,43.667,8.0
2023-03-30,28.0,21.2,25.0,0.0,21.1,42.1,23.12,Toliara,-23.35,43.667,8.0
2023-03-31,29.9,22.6,25.9,0.0,32.6,56.9,22.39,Toliara,-23.35,43.667,8.0
2023-04-01,30.7,24.0,26.5,0.1,28.0,47.5,15.84,Toliara,-23.35,43.667,8.0
2023-04-02,30.4,24.0,26.4,0.7,31.3,55.4,18.53,Toliara,-23.35,43.667,8.0
2023-04-03,30.0,22.5,26.0,0.0,18.5,37.1,22.6,Toliara,-23.35,43.667,8.0
2023-04-04,29.2,23.0,26.2,0.4,18.6,37.8,21.02,Toliara,-23.35,43.667,8.0
2023-04-05,28.4,23.1,25.9,0.0,19.2,37.4,21.36,Toliara,-23.35,43.667,8.0
2023-04-06,29.2,23.2,25.9,10.8,13.8,38.2,20.65,Toliara,-23.35,43.667,8.0
2023-04-07,27.7,22.1,24.7,13.9,19.2,32.4,20.93,Toliara,-23.35,43.667,8.0
2023-04-08,28.3,22.5,25.8,0.0,13.1,26.6,19.82,Toliara,-23.35,43.667,8.0
2023-04-09,29.0,23.8,26.3,0.0,20.9,39.2,20.99,Toliara,-23.35,43.667,8.0
2023-04-10,28.8,22.7,26.1,0.0,13.4,28.8,21.93,Toliara,-23.35,43.667,8.0
2023-04-11,28.6,22.0,25.8,0.3,17.1,32.8,21.67,Toliara,-23.35,43.667,8.0
2023-04-12,27.7,22.3,25.3,0.0,21.5,39.6,16.28,Toliara,-23.35,43.667,8.0
2023-04-13,28.8,22.6,25.4,0.0,27.8,50.4,21.2,Toliara,-23.35,43.667,8.0
2023-04-14,28.8,22.5,25.6,0.0,14.8,29.9,21.29,Toliara,-23.35,43.667,8.0
2023-04-15,27.7,22.2,25.0,1.2,32.0,55.8,19.32,Toliara,-23.35,43.667,8.0
2023-04-16,29.5,22.9,24.9,0.0,40.3,70.6,18.29,Toliara,-23.35,43.667,8.0
2023-04-17,30.1,21.3,24.9,0.0,30.3,52.9,21.07,Toliara,-23.35,43.667,8.0
2023-04-18,30.8,22.6,26.1,0.0,24.1,41.8,20.08,Toliara,-23.35,43.667,8.0
2023-04-19,31.3,23.4,26.7,0.0,21.3,40.3,19.83,Toliara,-23.35,43.667,8.0
2023-04-20,29.5,24.0,26.4,0.0,11.3,28.4,19.93,Toliara,-23.35,43.667,8.0
2023-04-21,29.1,23.6,26.1,0.0,17.0,35.6,19.86,Toliara,-23.35,43.667,8.0
2023-04-22,27.6,22.0,24.7,0.0,20.6,39.2,20.14,Toliara,-23.35,43.667,8.0
2023-04-23,28.1,20.9,24.5,0.0,19.9,39.2,20.39,Toliara,-23.35,43.667,8.0
2023-04-24,26.9,21.5,23.8,3.4,16.6,34.2,17.53,Toliara,-23.35,43.667,8.0
2023-04-25,27.6,20.4,23.6,0.0,31.9,55.4,19.79,Toliara,-23.35,43.667,8.0
2023-04-26,28.6,19.7,23.4,0.0,37.2,63.0,19.72,Toliara,-23.35,43.667,8.0
2023-04-27,28.7,19.9,23.6,0.0,34.0,56.5,19.82,Toliara,-23.35,43.667,8.0
2023-04-28,30.0,20.3,24.7,0.0,24.0,42.1,19.84,Toliara,-23.35,43.667,8.0
2023-04-29,29.4,22.3,25.3,0.0,20.0,33.8,19.53,Toliara,-23.35,43.667,8.0
2023-04-30,27.5,21.5,24.3,0.0,21.6,37.1,19.29,Toliara,-23.35,43.667,8.0
2023-05-01,27.9,20.9,23.6,0.0,32.6,54.7,19.15,Toliara,-23.35,43.667,8.0
2023-05-02,27.2,19.6,22.9,0.0,37.5,64.4,19.28,Toliara,-23.35,43.667,8.0
2023-05-03,28.0,18.8,23.1,0.0,26.5,50.8,19.12,Toliara,-23.35,43.667,8.0
2023-05-04,29.6,20.0,24.1,0.0,18.4,33.1,18.75,Toliara,-23.35,43.667,8.0
2023-05-05,28.0,20.6,24.3,0.0,18.0,36.4,18.0,Toliara,-23.35,43.667,8.0
2023-05-06,27.3,21.2,24.3,0.0,21.1,41.8,17.01,Toliara,-23.35,43.667,8.0
2023-05-07,26.9,20.5,23.9,0.0,14.2,31.0,17.94,Toliara,-23.35,43.667,8.0
2023-05-08,29.8,21.6,25.2,0.0,18.5,36.4,16.8,Toliara,-23.35,43.667,8.0
2023-05-09,28.1,21.3,24.8,0.0,17.0,34.6,17.0,Toliara,-23.35,43.667,8.0
2023-05-10,28.4,21.9,25.3,0.0,15.0,31.7,16.01,Toliara,-23.35,43.667,8.0
2023-05-11,29.8,23.2,26.1,1.4,15.9,33.1,16.25,Toliara,-23.35,43.667,8.0
2023-05-12,27.4,22.3,24.6,0.0,22.3,40.3,12.7,Toliara,-23.35,43.667,8.0
2023-05-13,28.2,21.0,24.4,0.0,21.7,42.1,16.97,Toliara,-23.35,43.667,8.0
2023-05-14,27.4,20.8,24.3,0.0,23.5,43.2,17.14,Toliara,-23.35,43.667,8.0
2023-05-15,27.2,21.4,24.3,1.6,15.5,32.8,16.32,Toliara,-23.35,43.667,8.0
2023-05-16,26.1,20.8,23.5,1.6,18.1,40.3,13.71,Toliara,-23.35,43.667,8.0
2023-05-17,25.4,19.2,22.4,0.0,13.8,29.2,17.21,Toliara,-23.35,43.667,8.0
2023-05-18,26.9,17.7,22.2,0.0,15.5,30.2,17.31,Toliara,-23.35,43.667,8.0
2023-05-19,27.9,18.3,23.3,0.0,12.8,27.4,16.96,Toliara,-23.35,43.667,8.0
2023-05-20,26.8,20.3,23.7,0.3,15.0,29.2,15.87,Toliara,-23.35,43.667,8.0
2023-05-21,26.1,20.6,23.4,0.2,11.3,25.2,16.47,Toliara,-23.35,43.667,8.0
2023-05-22,27.0,18.5,23.1,0.0,16.2,27.7,16.34,Toliara,-23.35,43.667,8.0
2023-05-23,25.0,20.2,22.3,1.4,27.1,46.8,15.52,Toliara,-23.35,43.667,8.0
2023-05-24,25.5,17.1,21.3,0.0,33.2,56.5,16.62,Toliara,-23.35,43.667,8.0
2023-05-25,28.3,17.8,22.6,0.0,20.2,38.5,16.55,Toliara,-23.35,43.667,8.0
2023-05-26,27.5,19.2,23.1,0.0,17.3,31.0,16.69,Toliara,-23.35,43.667,8.0
2023-05-27,28.9,18.9,23.8,0.0,21.6,37.4,16.41,Toliara,-23.35,43.667,8.0
2023-05-28,29.3,19.5,23.9,0.0,24.6,42.8,15.78,Toliara,-23.35,43.667,8.0
2023-05-29,29.6,19.4,23.7,0.0,20.9,37.8,16.51,Toliara,-23.35,43.667,8.0
2023-05-30,30.2,19.0,23.7,0.0,23.3,42.5,16.51,Toliara,-23.35,43.667,8.0
2023-05-31,30.2,20.0,24.2,0.0,16.0,33.5,16.35,Toliara,-23.35,43.667,8.0
2023-06-01,28.0,18.6,23.1,0.0,13.8,29.9,15.94,Toliara,-23.35,43.667,8.0
2023-06-02,27.4,18.3,23.0,0.0,15.3,31.0,15.8,Toliara,-23.35,43.667,8.0
2023-06-03,30.2,19.4,23.8,0.0,16.2,32.4,16.12,Toliara,-23.35,43.667,8.0
2023-06-04,31.5,20.3,25.2,0.0,15.9,28.4,15.7,Toliara,-23.35,43.667,8.0
2023-06-05,32.0,20.7,26.1,0.0,11.7,25.2,15.89,Toliara,-23.35,43.667,8.0
2023-06-06,30.8,21.3,25.5,0.0,24.0,43.2,15.84,Toliara,-23.35,43.667,8.0
2023-06-07,31.7,20.5,24.8,0.0,24.5,44.6,15.88,Toliara,-23.35,43.667,8.0
2023-06-08,28.6,20.6,24.0,0.0,14.6,30.6,15.84,Toliara,-23.35,43.667,8.0
2023-06-09,27.4,19.8,23.6,0.0,24.0,44.6,15.8,Toliara,-23.35,43.667,8.0
2023-06-10,26.5,17.7,22.5,0.0,16.1,31.3,15.85,Toliara,-23.35,43.667,8.0
2023-06-11,26.8,19.3,22.6,0.0,23.0,42.8,15.36,Toliara,-23.35,43.667,8.0
2023-06-12,25.4,18.8,22.4,0.0,17.8,35.3,15.46,Toliara,-23.35,43.667,8.0
2023-06-13,25.9,19.1,22.8,0.1,19.4,38.9,14.13,Toliara,-23.35,43.667,8.0
2023-06-14,26.8,18.8,23.1,0.0,16.2,31.7,15.64,Toliara,-23.35,43.667,8.0
2023-06-15,27.5,20.6,23.5,0.0,18.8,38.5,15.56,Toliara,-23.35,43.667,8.0
2023-06-16,27.0,21.0,23.7,0.0,18.4,36.4,15.62,Toliara,-23.35,43.667,8.0
2023-06-17,28.0,20.3,23.6,1.1,28.8,50.8,14.71,Toliara,-23.35,43.667,8.0
2023-06-18,28.5,18.3,23.1,0.0,19.8,32.0,15.69,Toliara,-23.35,43.667,8.0
2023-06-19,26.6,17.6,22.5,0.0,12.3,28.1,15.7,Toliara,-23.35,43.667,8.0
2023-06-20,26.2,17.9,22.5,0.0,12.8,29.2,15.22,Toliara,-23.35,43.667,8.0
2023-06-21,28.8,19.1,23.2,0.0,24.7,46.4,15.48,Toliara,-23.35,43.667,8.0
2023-06-22,25.2,17.4,21.8,0.0,24.5,42.5,15.35,Toliara,-23.35,43.667,8.0
2023-06-23,25.2,19.2,21.4,0.0,37.0,64.8,12.81,Toliara,-23.35,43.667,8.0
2023-06-24,25.0,16.0,20.3,0.0,28.2,45.7,15.56,Toliara,-23.35,43.667,8.0
2023-06-25,25.6,15.4,20.3,0.0,23.0,40.7,15.99,Toliara,-23.35,43.667,8.0
2023-06-26,25.7,14.7,20.1,0.0,29.1,47.2,15.81,Toliara,-23.35,43.667,8.0
2023-06-27,28.1,17.5,22.0,0.0,26.0,49.0,15.59,Toliara,-23.35,43.667,8.0
2023-06-28,27.7,17.3,21.8,0.0,26.7,44.3,15.94,Toliara,-23.35,43.667,8.0
2023-06-29,28.4,17.2,22.1,0.0,25.1,45.4,15.89,Toliara,-23.35,43.667,8.0
2023-06-30,25.6,14.3,20.7,0.0,21.3,39.2,15.88,Toliara,-23.35,43.667,8.0
2023-07-01,25.9,15.9,21.4,0.0,28.7,47.9,14.32,Toliara,-23.35,43.667,8.0
2023-07-02,27.5,17.3,22.2,0.0,27.1,49.0,15.75,Toliara,-23.35,43.667,8.0
2023-07-03,29.2,18.0,23.0,0.0,24.2,39.2,15.9,Toliara,-23.35,43.667,8.0
2023-07-04,26.8,16.4,22.2,0.0,18.6,37.1,15.89,Toliara,-23.35,43.667,8.0
2023-07-05,25.0,16.6,21.0,0.0,19.2,36.4,15.54,Toliara,-23.35,43.667,8.0
2023-07-06,25.9,17.7,21.3,0.0,40.3,69.1,15.0,Toliara,-23.35,43.667,8.0
2023-07-07,29.0,16.9,21.8,0.0,28.9,48.6,15.86,Toliara,-23.35,43.667,8.0
2023-07-08,27.8,17.3,22.4,0.0,20.2,38.2,15.85,Toliara,-23.35,43.667,8.0
2023-07-09,28.2,18.4,22.7,0.0,15.5,29.5,15.69,Toliara,-23.35,43.667,8.0
2023-07-10,27.5,17.0,22.6,0.0,17.7,33.1,15.47,Toliara,-23.35,43.667,8.0
2023-07-11,24.5,16.1,21.0,0.9,29.2,49.3,12.9,Toliara,-23.35,43.667,8.0
2023-07-12,26.1,19.2,21.5,0.0,33.7,60.1,13.42,Toliara,-23.35,43.667,8.0
2023-07-13,26.8,16.7,21.1,0.0,28.8,49.0,16.5,Toliara,-23.35,43.667,8.0
2023-07-14,27.5,16.5,21.4,0.0,26.8,43.9,16.48,Toliara,-23.35,43.667,8.0
2023-07-15,27.7,16.9,21.6,0.0,23.8,40.0,16.59,Toliara,-23.35,43.667,8.0
2023-07-16,26.6,16.1,21.7,0.0,14.8,32.0,16.53,Toliara,-23.35,43.667,8.0
2023-07-17,24.8,17.4,21.4,0.0,26.1,47.2,16.42,Toliara,-23.35,43.667,8.0
2023-07-18,28.3,17.5,22.0,0.0,26.3,46.8,16.56,Toliara,-23.35,43.667,8.0
2023-07-19,25.9,15.7,21.5,0.0,13.7,29.9,16.42,Toliara,-23.35,43.667,8.0
2023-07-20,25.7,19.9,22.4,0.0,28.9,50.8,14.33,Toliara,-23.35,43.667,8.0
2023-07-21,26.3,19.1,22.0,0.0,32.3,57.2,13.75,Toliara,-23.35,43.667,8.0
2023-07-22,26.5,18.4,21.8,0.0,21.0,42.1,16.66,Toliara,-23.35,43.667,8.0
2023-07-23,24.4,15.8,20.8,0.0,15.6,33.1,16.03,Toliara,-23.35,43.667,8.0
2023-07-24,24.4,17.3,20.9,0.0,19.6,38.5,17.05,Toliara,-23.35,43.667,8.0
2023-07-25,24.0,16.6,20.5,0.2,37.4,63.7,15.4,Toliara,-23.35,43.667,8.0
2023-07-26,28.3,16.7,21.8,0.0,30.0,55.1,17.56,Toliara,-23.35,43.667,8.0
2023-07-27,27.6,16.7,21.5,0.0,24.7,40.7,17.81,Toliara,-23.35,43.667,8.0
2023-07-28,26.3,12.8,19.6,0.0,13.6,29.9,18.01,Toliara,-23.35,43.667,8.0
2023-07-29,26.5,12.7,19.8,0.0,14.5,31.7,17.91,Toliara,-23.35,43.667,8.0
2023-07-30,25.5,13.0,19.3,0.0,15.3,31.0,18.01,Toliara,-23.35,43.667,8.0
2023-07-31,26.3,13.7,20.7,0.0,17.7,37.4,18.04,Toliara,-23.35,43.667,8.0
2023-08-01,25.3,15.5,20.4,0.0,43.3,74.2,14.81,Toliara,-23.35,43.667,8.0
2023-08-02,27.7,18.2,22.1,0.0,33.5,62.3,16.59,Toliara,-23.35,43.667,8.0
2023-08-03,29.1,18.0,22.9,0.0,30.9,52.6,17.62,Toliara,-23.35,43.667,8.0
2023-08-04,29.4,19.4,23.1,0.0,25.7,47.2,17.8,Toliara,-23.35,43.667,8.0
2023-08-05,29.8,18.6,23.3,0.0,24.5,44.3,17.93,Toliara,-23.35,43.667,8.0
2023-08-06,29.1,19.3,23.0,0.0,22.7,43.2,18.0,Toliara,-23.35,43.667,8.0
2023-08-07,25.8,16.8,21.6,0.0,15.2,33.1,17.54,Toliara,-23.35,43.667,8.0
2023-08-08,24.6,18.1,21.5,0.0,17.2,35.6,16.78,Toliara,-23.35,43.667,8.0
2023-08-09,25.3,17.8,21.7,0.0,36.1,63.0,17.78,Toliara,-23.35,43.667,8.0
2023-08-10,25.2,19.9,22.2,0.5,34.9,61.9,12.42,Toliara,-23.35,43.667,8.0
2023-08-11,27.2,16.7,21.3,0.0,29.5,53.3,18.98,Toliara,-23.35,43.667,8.0
2023-08-12,23.6,15.4,19.9,0.0,21.4,41.4,19.15,Toliara,-23.35,43.667,8.0
2023-08-13,25.1,14.4,20.3,0.0,18.8,38.2,17.6,Toliara,-23.35,43.667,8.0
2023-08-14,27.8,17.2,21.9,0.0,16.6,32.8,13.3,Toliara,-23.35,43.667,8.0
2023-08-15,24.6,19.1,21.7,0.0,20.7,40.3,17.57,Toliara,-23.35,43.667,8.0
2023-08-16,24.3,17.4,20.7,0.0,33.7,56.9,17.44,Toliara,-23.35,43.667,8.0
2023-08-17,28.5,17.3,21.7,0.0,26.6,47.2,19.52,Toliara,-23.35,43.667,8.0
2023-08-18,26.7,17.7,22.2,0.0,18.9,38.9,19.29,Toliara,-23.35,43.667,8.0
2023-08-19,23.9,18.1,21.3,0.9,18.7,37.1,17.91,Toliara,-23.35,43.667,8.0
2023-08-20,25.5,15.9,20.7,0.0,25.3,51.1,20.1,Toliara,-23.35,43.667,8.0
2023-08-21,26.8,17.8,21.9,0.0,26.6,47.5,20.0,Toliara,-23.35,43.667,8.0
2023-08-22,26.4,14.9,21.2,0.0,15.1,33.1,20.34,Toliara,-23.35,43.667,8.0
2023-08-23,30.7,16.2,23.3,0.0,19.0,36.7,20.5,Toliara,-23.35,43.667,8.0
2023-08-24,27.2,16.5,22.7,0.0,26.1,47.2,20.7,Toliara,-23.35,43.667,8.0
2023-08-25,32.6,18.0,23.7,0.0,25.2,44.3,21.02,Toliara,-23.35,43.667,8.0
2023-08-26,28.4,17.5,23.4,0.0,17.5,38.5,20.48,Toliara,-23.35,43.667,8.0
2023-08-27,27.9,19.7,23.1,0.0,40.7,70.9,19.55,Toliara,-23.35,43.667,8.0
2023-08-28,28.1,20.2,23.2,0.0,31.7,66.6,19.32,Toliara,-23.35,43.667,8.0
2023-08-29,31.0,17.9,23.6,0.0,31.3,55.4,21.34,Toliara,-23.35,43.667,8.0
2023-08-30,31.0,18.7,23.5,0.0,28.8,48.6,21.29,Toliara,-23.35,43.667,8.0
2023-08-31,27.4,19.1,23.0,0.0,23.3,41.8,21.33,Toliara,-23.35,43.667,8.0
2023-09-01,26.7,16.9,22.1,0.0,18.4,37.1,21.28,Toliara,-23.35,43.667,8.0
2023-09-02,27.5,17.5,22.7,0.0,26.6,49.0,21.16,Toliara,-23.35,43.667,8.0
2023-09-03,31.3,18.2,23.9,0.0,25.2,44.6,21.99,Toliara,-23.35,43.667,8.0
2023-09-04,27.3,16.1,22.0,0.0,19.7,39.6,22.0,Toliara,-23.35,43.667,8.0
2023-09-05,28.9,14.8,22.9,0.0,22.0,41.0,22.27,Toliara,-23.35,43.667,8.0
2023-09-06,26.4,16.2,21.9,0.0,18.4,37.4,22.26,Toliara,-23.35,43.667,8.0
2023-09-07,26.3,17.8,21.9,0.0,35.0,60.8,21.93,Toliara,-23.35,43.667,8.0
2023-09-08,27.7,19.1,22.9,0.0,35.5,62.3,22.42,Toliara,-23.35,43.667,8.0
2023-09-09,29.3,20.8,24.3,0.0,22.3,41.8,22.47,Toliara,-23.35,43.667,8.0
2023-09-10,28.2,16.9,23.6,0.0,18.6,37.1,22.64,Toliara,-23.35,43.667,8.0
2023-09-11,30.1,19.1,24.7,0.0,22.1,42.1,22.71,Toliara,-23.35,43.667,8.0
2023-09-12,27.8,19.9,24.3,0.0,29.4,52.9,22.35,Toliara,-23.35,43.667,8.0
2023-09-13,28.4,21.3,24.4,0.0,41.6,72.4,22.28,Toliara,-23.35,43.667,8.0
2023-09-14,32.5,21.3,25.2,0.0,30.2,54.7,22.3,Toliara,-23.35,43.667,8.0
2023-09-15,28.5,20.8,25.0,0.0,19.8,42.1,22.45,Toliara,-23.35,43.667,8.0
2023-09-16,29.3,18.8,24.7,0.0,17.7,37.4,23.09,Toliara,-23.35,43.667,8.0
2023-09-17,29.8,20.9,25.1,0.0,27.2,49.7,23.27,Toliara,-23.35,43.667,8.0
2023-09-18,28.2,21.5,24.5,0.0,37.5,67.0,23.1,Toliara,-23.35,43.667,8.0
2023-09-19,30.1,21.6,25.1,0.0,24.7,46.8,23.6,Toliara,-23.35,43.667,8.0
2023-09-20,27.9,18.2,24.1,0.0,18.2,38.5,23.6,Toliara,-23.35,43.667,8.0
2023-09-21,28.3,18.5,23.8,0.0,26.4,49.7,23.74,Toliara,-23.35,43.667,8.0
2023-09-22,30.9,20.6,26.3,0.0,33.2,55.8,24.16,Toliara,-23.35,43.667,8.0
2023-09-23,35.0,23.1,27.6,0.0,26.2,51.8,25.28,Toliara,-23.35,43.667,8.0
2023-09-24,29.0,20.1,25.0,0.0,18.0,38.2,23.62,Toliara,-23.35,43.667,8.0
2023-09-25,28.7,19.2,24.1,0.0,25.8,49.3,24.6,Toliara,-23.35,43.667,8.0
2023-09-26,29.1,19.1,24.3,0.0,17.7,38.2,23.93,Toliara,-23.35,43.667,8.0
2023-09-27,29.0,20.3,24.8,0.0,22.6,45.4,23.59,Toliara,-23.35,43.667,8.0
2023-09-28,29.2,19.7,25.0,0.0,17.8,36.0,24.78,Toliara,-23.35,43.667,8.0
2023-09-29,29.5,19.3,25.0,0.0,17.9,38.5,24.56,Toliara,-23.35,43.667,8.0
2023-09-30,29.7,20.4,25.3,0.0,19.5,39.2,24.69,Toliara,-23.35,43.667,8.0
2023-10-01,30.0,19.8,25.2,0.0,19.5,38.9,24.91,Toliara,-23.35,43.667,8.0
2023-10-02,27.3,22.0,24.7,0.6,38.6,69.5,21.18,Toliara,-23.35,43.667,8.0
2023-10-03,31.7,18.2,24.5,0.0,36.7,62.3,25.87,Toliara,-23.35,43.667,8.0
2023-10-04,29.0,20.1,25.2,0.0,20.4,42.1,25.78,Toliara,-23.35,43.667,8.0
2023-10-05,33.8,18.5,26.0,0.0,29.0,51.5,26.18,Toliara,-23.35,43.667,8.0
2023-10-06,31.2,20.2,26.3,0.0,33.6,57.2,26.33,Toliara,-23.35,43.667,8.0
2023-10-07,31.4,20.6,26.1,0.0,21.1,42.5,26.64,Toliara,-23.35,43.667,8.0
2023-10-08,29.3,19.6,25.1,0.0,21.3,43.6,25.17,Toliara,-23.35,43.667,8.0
2023-10-09,29.2,22.6,25.7,0.0,31.7,56.5,26.05,Toliara,-23.35,43.667,8.0
2023-10-10,29.1,22.2,25.6,0.0,32.5,59.4,25.89,Toliara,-23.35,43.667,8.0
2023-10-11,33.0,22.6,26.2,0.0,31.6,57.6,25.67,Toliara,-23.35,43.667,8.0
2023-10-12,30.5,22.1,25.9,0.0,24.3,46.4,25.68,Toliara,-23.35,43.667,8.0
2023-10-13,29.5,20.8,25.6,0.0,32.4,59.4,25.86,Toliara,-23.35,43.667,8.0
2023-10-14,29.8,22.5,25.9,0.1,23.4,46.4,25.57,Toliara,-23.35,43.667,8.0
2023-10-15,28.5,22.5,25.5,1.2,18.8,43.2,22.7,Toliara,-23.35,43.667,8.0
2023-10-16,27.1,20.6,24.6,0.0,22.6,43.6,21.33,Toliara,-23.35,43.667,8.0
2023-10-17,30.9,22.4,25.4,1.8,21.9,42.1,14.85,Toliara,-23.35,43.667,8.0
2023-10-18,27.2,22.6,24.5,2.3,17.7,36.0,8.1,Toliara,-23.35,43.667,8.0
2023-10-19,28.8,22.4,24.9,2.0,26.4,49.7,19.13,Toliara,-23.35,43.667,8.0
2023-10-20,27.1,21.7,24.4,1.0,35.0,61.6,26.47,Toliara,-23.35,43.667,8.0
2023-10-21,29.4,21.4,25.1,0.0,18.6,39.6,26.98,Toliara,-23.35,43.667,8.0
2023-10-22,29.2,21.0,25.1,0.0,24.8,48.2,27.09,Toliara,-23.35,43.667,8.0
2023-10-23,29.1,21.5,25.2,0.0,19.3,37.4,25.05,Toliara,-23.35,43.667,8.0
2023-10-24,30.0,21.9,26.1,0.0,21.0,42.5,25.29,Toliara,-23.35,43.667,8.0
2023-10-25,30.7,23.8,27.1,1.6,37.2,67.0,23.81,Toliara,-23.35,43.667,8.0
2023-10-26,28.8,21.9,25.0,1.1,33.2,60.8,23.8,Toliara,-23.35,43.667,8.0
2023-10-27,28.8,20.2,24.5,0.0,31.2,56.5,28.02,Toliara,-23.35,43.667,8.0
2023-10-28,30.5,22.1,26.2,0.0,17.4,38.2,27.73,Toliara,-23.35,43.667,8.0
2023-10-29,29.4,20.2,25.3,0.0,28.2,54.0,28.18,Toliara,-23.35,43.667,8.0
2023-10-30,28.4,21.5,25.1,0.0,33.4,61.2,28.19,Toliara,-23.35,43.667,8.0
2023-10-31,29.7,22.2,25.8,0.0,40.0,70.6,27.54,Toliara,-23.35,43.667,8.0
2023-11-01,30.6,24.5,27.2,0.3,25.2,45.0,21.46,Toliara,-23.35,43.667,8.0
2023-11-02,26.2,22.2,24.5,3.5,32.5,58.3,24.72,Toliara,-23.35,43.667,8.0
2023-11-03,28.9,20.0,23.9,0.0,45.7,79.9,28.76,Toliara,-23.35,43.667,8.0
2023-11-04,31.7,20.2,25.4,0.0,32.1,58.0,27.83,Toliara,-23.35,43.667,8.0
2023-11-05,30.1,23.0,27.0,0.2,22.3,39.6,25.15,Toliara,-23.35,43.667,8.0
2023-11-06,30.2,23.5,26.9,0.5,20.2,41.8,26.5,Toliara,-23.35,43.667,8.0
2023-11-07,29.9,21.4,26.6,0.0,17.2,37.8,27.91,Toliara,-23.35,43.667,8.0
2023-11-08,30.5,23.8,26.7,1.7,19.8,41.0,26.79,Toliara,-23.35,43.667,8.0
2023-11-09,26.4,22.3,24.6,3.2,19.9,42.5,16.36,Toliara,-23.35,43.667,8.0
2023-11-10,26.3,21.3,24.0,0.4,32.2,56.9,24.53,Toliara,-23.35,43.667,8.0
2023-11-11,32.4,20.0,25.6,0.0,37.0,65.5,29.97,Toliara,-23.35,43.667,8.0
2023-11-12,30.6,22.8,26.5,0.0,19.4,41.0,29.46,Toliara,-23.35,43.667,8.0
2023-11-13,28.8,21.6,25.4,0.0,22.5,42.5,28.98,Toliara,-23.35,43.667,8.0
2023-11-14,27.0,21.8,24.5,0.3,43.7,79.6,24.81,Toliara,-23.35,43.667,8.0
2023-11-15,29.1,20.3,24.4,0.0,50.2,87.8,29.92,Toliara,-23.35,43.667,8.0
2023-11-16,32.5,20.8,26.1,0.0,38.2,66.2,28.83,Toliara,-23.35,43.667,8.0
2023-11-17,33.3,24.7,28.1,0.0,24.3,48.2,29.02,Toliara,-23.35,43.667,8.0
2023-11-18,32.2,22.1,27.3,0.0,22.3,45.7,28.95,Toliara,-23.35,43.667,8.0
2023-11-19,29.9,23.0,26.6,0.0,21.3,43.9,29.42,Toliara,-23.35,43.667,8.0
2023-11-20,31.0,22.6,27.4,0.0,21.5,43.9,28.81,Toliara,-23.35,43.667,8.0
2023-11-21,36.6,24.9,29.4,0.0,27.8,51.1,27.1,Toliara,-23.35,43.667,8.0
2023-11-22,33.8,24.0,29.1,0.0,23.9,46.8,29.9,Toliara,-23.35,43.667,8.0
2023-11-23,32.6,23.6,28.4,0.0,22.9,46.1,29.89,Toliara,-23.35,43.667,8.0
2023-11-24,33.6,23.8,28.7,0.0,26.4,51.8,30.1,Toliara,-23.35,43.667,8.0
2023-11-25,32.3,24.2,28.6,0.0,19.4,40.7,29.16,Toliara,-23.35,43.667,8.0
2023-11-26,31.4,25.0,28.0,0.0,22.9,49.0,30.06,Toliara,-23.35,43.667,8.0
2023-11-27,30.0,24.2,26.9,0.0,23.5,47.9,30.52,Toliara,-23.35,43.667,8.0
2023-11-28,31.7,23.0,27.3,0.0,20.1,40.7,30.0,Toliara,-23.35,43.667,8.0
2023-11-29,31.1,25.0,27.8,0.0,31.1,58.7,29.09,Toliara,-23.35,43.667,8.0
2023-11-30,30.4,25.2,27.9,0.0,28.1,50.8,28.49,Toliara,-23.35,43.667,8.0
2023-12-01,31.2,24.2,27.7,0.0,44.4,80.6,28.07,Toliara,-23.35,43.667,8.0
2023-12-02,33.1,21.7,26.6,0.0,46.5,82.4,30.45,Toliara,-23.35,43.667,8.0
2023-12-03,34.6,22.1,27.3,0.0,32.4,56.9,30.82,Toliara,-23.35,43.667,8.0
2023-12-04,32.1,24.0,27.7,0.0,21.5,43.2,30.91,Toliara,-23.35,43.667,8.0
2023-12-05,30.7,22.0,26.7,0.0,20.3,42.5,27.08,Toliara,-23.35,43.667,8.0
2023-12-06,29.8,23.2,26.7,0.0,37.8,67.0,30.06,Toliara,-23.35,43.667,8.0
2023-12-07,35.9,23.9,28.7,0.0,41.1,69.1,29.99,Toliara,-23.35,43.667,8.0
2023-12-08,32.8,25.8,29.1,0.0,20.1,42.8,29.93,Toliara,-23.35,43.667,8.0
2023-12-09,32.3,25.0,28.4,0.2,22.5,48.6,28.09,Toliara,-23.35,43.667,8.0
2023-12-10,31.1,23.4,27.7,0.0,17.5,38.2,30.18,Toliara,-23.35,43.667,8.0
2023-12-11,33.9,24.5,28.7,0.0,24.2,48.6,30.19,Toliara,-23.35,43.667,8.0
2023-12-12,34.5,24.9,29.3,0.0,19.8,40.0,30.01,Toliara,-23.35,43.667,8.0
2023-12-13,32.3,24.4,28.4,0.0,38.0,66.2,27.67,Toliara,-23.35,43.667,8.0
2023-12-14,34.0,26.6,29.2,0.0,28.4,52.6,27.51,Toliara,-23.35,43.667,8.0
2023-12-15,33.6,27.2,29.6,0.0,17.9,39.2,29.31,Toliara,-23.35,43.667,8.0
2023-12-16,32.7,25.8,28.9,0.0,20.9,45.4,29.69,Toliara,-23.35,43.667,8.0
2023-12-17,31.2,26.1,28.4,0.1,21.9,42.8,28.04,Toliara,-23.35,43.667,8.0
2023-12-18,31.2,26.2,28.7,0.0,33.7,61.9,30.52,Toliara,-23.35,43.667,8.0
2023-12-19,32.3,23.9,27.9,0.0,35.6,63.4,31.38,Toliara,-23.35,43.667,8.0
2023-12-20,34.2,25.3,28.9,0.0,35.0,65.2,30.59,Toliara,-23.35,43.667,8.0
2023-12-21,31.8,26.0,28.7,0.0,18.0,39.6,30.77,Toliara,-23.35,43.667,8.0
2023-12-22,31.6,24.5,27.8,0.0,25.5,46.8,30.65,Toliara,-23.35,43.667,8.0
2023-12-23,31.2,26.0,28.6,0.0,35.2,63.4,30.85,Toliara,-23.35,43.667,8.0
2023-12-24,33.0,24.0,28.2,0.0,38.4,68.4,31.6,Toliara,-23.35,43.667,8.0
2023-12-25,32.5,25.6,28.8,0.0,29.6,55.8,30.83,Toliara,-23.35,43.667,8.0
2023-12-26,30.7,25.0,27.6,3.2,24.8,50.8,27.53,Toliara,-23.35,43.667,8.0
2023-12-27,29.5,23.6,26.7,12.6,15.8,35.6,28.47,Toliara,-23.35,43.667,8.0
2023-12-28,29.9,23.8,25.8,8.5,15.5,29.9,9.16,Toliara,-23.35,43.667,8.0
2023-12-29,29.2,24.4,26.7,0.4,16.3,35.3,20.64,Toliara,-23.35,43.667,8.0
2023-12-30,32.4,25.1,27.4,4.2,21.5,43.2,24.31,Toliara,-23.35,43.667,8.0
2023-12-31,31.1,25.5,27.7,3.1,11.9,30.2,16.2,Toliara,-23.35,43.667,8.0
2024-01-01,28.4,25.2,26.7,15.0,28.3,47.2,6.53,Toliara,-23.35,43.667,8.0
2024-01-02,32.4,25.5,28.8,0.6,32.0,58.0,28.08,Toliara,-23.35,43.667,8.0
2024-01-03,31.6,25.0,28.0,0.4,19.1,41.4,26.62,Toliara,-23.35,43.667,8.0
2024-01-04,29.8,24.9,27.5,1.5,16.4,35.3,26.28,Toliara,-23.35,43.667,8.0
2024-01-05,29.8,24.6,27.5,0.0,25.3,45.7,28.74,Toliara,-23.35,43.667,8.0
2024-01-06,30.6,24.8,27.3,2.4,15.5,35.6,26.36,Toliara,-23.35,43.667,8.0
2024-01-07,30.7,24.7,27.6,4.4,17.7,37.1,28.77,Toliara,-23.35,43.667,8.0
2024-01-08,30.7,24.3,27.8,0.4,15.3,33.1,28.61,Toliara,-23.35,43.667,8.0
2024-01-09,31.4,25.1,28.4,0.8,14.9,33.5,28.89,Toliara,-23.35,43.667,8.0
2024-01-10,32.0,25.6,29.0,0.1,14.8,33.5,29.4,Toliara,-23.35,43.667,8.0
2024-01-11,32.8,26.2,29.4,0.0,17.8,36.0,29.65,Toliara,-23.35,43.667,8.0
2024-01-12,32.4,26.0,29.4,0.2,18.4,38.9,29.6,Toliara,-23.35,43.667,8.0
2024-01-13,32.3,25.7,29.1,0.0,18.6,39.6,30.12,Toliara,-23.35,43.667,8.0
2024-01-14,32.8,25.5,29.3,0.0,21.4,43.9,29.22,Toliara,-23.35,43.667,8.0
2024-01-15,32.2,27.1,29.8,0.9,23.2,46.4,28.44,Toliara,-23.35,43.667,8.0
2024-01-16,32.1,27.0,29.4,1.2,26.6,51.1,27.96,Toliara,-23.35,43.667,8.0
2024-01-17,31.8,26.7,29.5,0.0,34.0,61.6,29.44,Toliara,-23.35,43.667,8.0
2024-01-18,33.1,26.5,29.5,3.5,35.4,62.6,26.74,Toliara,-23.35,43.667,8.0
2024-01-19,32.7,26.6,29.6,1.0,32.4,59.8,27.5,Toliara,-23.35,43.667,8.0
2024-01-20,35.9,26.3,30.5,0.9,34.6,64.8,27.46,Toliara,-23.35,43.667,8.0
2024-01-21,35.2,27.1,30.4,1.4,18.4,35.6,26.23,Toliara,-23.35,43.667,8.0
2024-01-22,32.4,26.3,29.2,0.1,17.3,38.5,27.94,Toliara,-23.35,43.667,8.0
2024-01-23,34.6,26.0,28.9,0.0,48.5,83.2,27.72,Toliara,-23.35,43.667,8.0
2024-01-24,33.1,22.9,27.4,0.0,43.0,76.3,29.25,Toliara,-23.35,43.667,8.0
2024-01-25,33.8,22.2,27.8,0.0,39.6,70.6,30.61,Toliara,-23.35,43.667,8.0
2024-01-26,33.1,21.8,27.0,0.0,39.5,70.9,27.28,Toliara,-23.35,43.667,8.0
2024-01-27,30.6,24.0,27.3,0.0,21.1,44.3,30.21,Toliara,-23.35,43.667,8.0
2024-01-28,31.3,23.1,27.2,1.9,20.6,46.8,27.43,Toliara,-23.35,43.667,8.0
2024-01-29,31.5,23.3,27.6,0.0,24.1,46.8,27.79,Toliara,-23.35,43.667,8.0
2024-01-30,32.5,25.3,28.4,0.0,25.0,49.7,29.33,Toliara,-23.35,43.667,8.0
2024-01-31,35.8,25.1,29.2,0.0,35.6,62.3,29.92,Toliara,-23.35,43.667,8.0
2024-02-01,36.2,26.7,30.6,0.8,29.7,54.0,25.6,Toliara,-23.35,43.667,8.0
2024-02-02,35.6,25.8,29.6,0.0,33.0,57.2,25.51,Toliara,-23.35,43.667,8.0
2024-02-03,34.4,26.4,30.0,0.3,20.3,42.1,27.21,Toliara,-23.35,43.667,8.0
2024-02-04,31.4,25.2,28.2,4.6,19.6,41.4,21.05,Toliara,-23.35,43.667,8.0
2024-02-05,29.9,24.2,26.0,15.9,20.1,40.7,16.89,Toliara,-23.35,43.667,8.0
2024-02-06,28.0,23.7,25.6,16.3,26.9,54.0,22.28,Toliara,-23.35,43.667,8.0
2024-02-07,28.5,23.9,25.8,5.1,27.2,50.0,23.83,Toliara,-23.35,43.667,8.0
2024-02-08,29.5,23.2,26.7,0.6,18.6,37.1,27.85,Toliara,-23.35,43.667,8.0
2024-02-09,31.4,24.1,28.1,0.0,17.6,37.1,26.5,Toliara,-23.35,43.667,8.0
2024-02-10,31.9,26.2,28.8,2.2,16.5,36.4,25.46,Toliara,-23.35,43.667,8.0
2024-02-11,31.7,24.8,28.2,0.3,24.4,47.5,27.64,Toliara,-23.35,43.667,8.0
2024-02-12,33.1,25.8,28.7,1.9,22.9,45.7,25.53,Toliara,-23.35,43.667,8.0
2024-02-13,34.0,25.7,28.9,1.7,15.2,34.6,26.4,Toliara,-23.35,43.667,8.0
2024-02-14,34.0,25.9,28.8,1.8,20.6,44.3,26.7,Toliara,-23.35,43.667,8.0
2024-02-15,33.5,25.6,28.5,11.2,16.2,33.8,26.42,Toliara,-23.35,43.667,8.0
2024-02-16,32.7,25.8,29.0,0.3,14.5,34.9,26.69,Toliara,-23.35,43.667,8.0
2024-02-17,32.4,25.5,29.0,2.4,17.5,36.0,25.07,Toliara,-23.35,43.667,8.0
2024-02-18,34.5,25.8,29.3,3.5,22.2,42.1,24.53,Toliara,-23.35,43.667,8.0
2024-02-19,33.2,24.7,28.8,0.0,21.3,40.0,27.45,Toliara,-23.35,43.667,8.0
2024-02-20,32.5,25.1,28.7,0.5,17.8,36.7,24.91,Toliara,-23.35,43.667,8.0
2024-02-21,32.2,25.1,28.5,1.2,15.8,36.0,24.92,Toliara,-23.35,43.667,8.0
2024-02-22,32.4,24.2,28.7,0.0,17.3,37.4,26.87,Toliara,-23.35,43.667,8.0
2024-02-23,33.9,25.9,29.9,0.1,20.1,41.8,24.39,Toliara,-23.35,43.667,8.0
2024-02-24,32.8,26.0,29.8,0.0,17.1,37.4,24.37,Toliara,-23.35,43.667,8.0
2024-02-25,33.1,27.2,30.1,0.0,22.6,44.3,25.86,Toliara,-23.35,43.667,8.0
2024-02-26,33.7,24.4,29.5,0.0,21.4,43.6,26.95,Toliara,-23.35,43.667,8.0
2024-02-27,34.0,26.5,29.8,0.2,27.0,50.8,26.19,Toliara,-23.35,43.667,8.0
2024-02-28,32.3,26.0,29.1,3.4,38.4,68.4,24.33,Toliara,-23.35,43.667,8.0
2024-02-29,34.1,25.8,28.4,4.0,17.3,34.9,20.85,Toliara,-23.35,43.667,8.0
2024-03-01,33.7,24.8,28.6,0.0,20.3,40.7,26.31,Toliara,-23.35,43.667,8.0
2024-03-02,32.9,25.4,29.1,0.0,19.1,37.1,24.48,Toliara,-23.35,43.667,8.0
2024-03-03,32.5,24.5,28.7,0.0,20.0,39.6,26.13,Toliara,-23.35,43.667,8.0
2024-03-04,33.9,24.7,29.5,0.0,20.8,41.8,26.63,Toliara,-23.35,43.667,8.0
2024-03-05,33.1,26.4,29.3,10.2,13.7,31.7,16.15,Toliara,-23.35,43.667,8.0
2024-03-06,29.5,25.7,26.8,36.5,20.0,36.7,7.44,Toliara,-23.35,43.667,8.0
2024-03-07,27.8,25.2,26.5,26.8,25.6,43.6,5.13,Toliara,-23.35,43.667,8.0
2024-03-08,32.0,25.4,27.7,23.3,27.9,54.7,20.12,Toliara,-23.35,43.667,8.0
2024-03-09,30.0,24.7,27.0,8.2,18.0,34.6,12.12,Toliara,-23.35,43.667,8.0
2024-03-10,30.7,25.4,27.6,3.9,15.1,27.0,21.43,Toliara,-23.35,43.667,8.0
2024-03-11,32.9,25.5,28.5,0.0,17.7,33.1,23.0,Toliara,-23.35,43.667,8.0
2024-03-12,31.8,25.6,28.6,0.0,14.0,29.2,23.49,Toliara,-23.35,43.667,8.0
2024-03-13,31.6,26.0,28.4,0.0,14.7,31.0,23.07,Toliara,-23.35,43.667,8.0
2024-03-14,30.9,25.8,28.3,0.0,13.3,27.7,18.04,Toliara,-23.35,43.667,8.0
2024-03-15,30.2,24.4,27.7,0.0,24.0,40.3,24.87,Toliara,-23.35,43.667,8.0
2024-03-16,30.1,25.1,28.0,0.0,25.8,44.3,24.63,Toliara,-23.35,43.667,8.0
2024-03-17,30.4,25.5,27.9,0.0,27.2,49.7,24.89,Toliara,-23.35,43.667,8.0
2024-03-18,30.8,25.1,27.9,0.0,29.1,51.1,23.94,Toliara,-23.35,43.667,8.0
2024-03-19,30.3,25.0,27.9,0.0,20.8,40.0,24.2,Toliara,-23.35,43.667,8.0
2024-03-20,30.4,24.8,27.5,0.0,27.3,48.6,24.46,Toliara,-23.35,43.667,8.0
2024-03-21,32.0,24.1,28.1,0.0,34.6,59.8,24.5,Toliara,-23.35,43.667,8.0
2024-03-22,33.3,24.5,28.6,0.0,24.9,44.3,23.16,Toliara,-23.35,43.667,8.0
2024-03-23,35.2,26.0,29.8,1.2,22.0,40.3,23.15,Toliara,-23.35,43.667,8.0
2024-03-24,35.4,25.1,29.8,0.1,28.2,51.8,22.83,Toliara,-23.35,43.667,8.0
2024-03-25,34.4,25.4,29.5,0.0,27.1,49.3,23.43,Toliara,-23.35,43.667,8.0
2024-03-26,33.9,23.8,28.0,0.0,30.0,52.6,24.15,Toliara,-23.35,43.667,8.0
2024-03-27,33.8,24.2,28.0,0.0,24.5,43.2,23.75,Toliara,-23.35,43.667,8.0
2024-03-28,31.0,24.1,27.6,0.0,19.7,38.5,23.85,Toliara,-23.35,43.667,8.0
2024-03-29,30.3,22.7,26.7,0.0,20.3,37.4,23.51,Toliara,-23.35,43.667,8.0
2024-03-30,29.7,24.2,26.8,0.0,34.4,61.9,23.24,Toliara,-23.35,43.667,8.0
2024-03-31,32.5,24.4,28.2,0.0,30.3,52.9,21.94,Toliara,-23.35,43.667,8.0
2024-04-01,34.8,25.3,29.5,0.0,25.0,43.9,21.19,Toliara,-23.35,43.667,8.0
2024-04-02,34.5,26.0,29.5,0.0,27.3,49.3,21.17,Toliara,-23.35,43.667,8.0
2024-04-03,34.1,25.7,28.9,0.0,20.6,42.1,21.84,Toliara,-23.35,43.667,8.0
2024-04-04,32.2,25.8,28.8,0.0,19.3,38.5,22.3,Toliara,-23.35,43.667,8.0
2024-04-05,31.1,23.3,27.6,0.0,15.6,32.8,22.45,Toliara,-23.35,43.667,8.0
2024-04-06,29.6,22.7,26.5,0.0,26.0,47.5,22.32,Toliara,-23.35,43.667,8.0
2024-04-07,31.6,23.5,26.9,0.0,35.6,61.9,21.93,Toliara,-23.35,43.667,8.0
2024-04-08,33.4,24.9,28.6,0.0,30.3,53.6,21.54,Toliara,-23.35,43.667,8.0
2024-04-09,30.1,23.9,26.8,0.0,17.9,37.1,21.71,Toliara,-23.35,43.667,8.0
2024-04-10,29.9,23.9,27.2,0.1,36.4,66.6,20.17,Toliara,-23.35,43.667,8.0
2024-04-11,27.9,24.3,26.3,10.6,24.2,46.1,15.44,Toliara,-23.35,43.667,8.0
2024-04-12,26.5,22.2,24.2,1.6,28.0,50.4,12.55,Toliara,-23.35,43.667,8.0
2024-04-13,27.8,20.1,23.9,0.0,39.9,69.5,21.87,Toliara,-23.35,43.667,8.0
2024-04-14,28.6,21.4,24.4,0.0,42.6,74.2,21.11,Toliara,-23.35,43.667,8.0
2024-04-15,32.3,22.1,26.4,0.0,35.1,60.5,20.08,Toliara,-23.35,43.667,8.0
2024-04-16,33.7,23.9,27.5,0.0,33.0,55.1,19.36,Toliara,-23.35,43.667,8.0
2024-04-17,34.6,25.1,28.4,0.0,25.2,43.6,20.05,Toliara,-23.35,43.667,8.0
2024-04-18,30.9,24.6,27.4,0.0,21.3,41.0,18.71,Toliara,-23.35,43.667,8.0
2024-04-19,29.3,24.5,26.6,0.0,16.8,37.8,16.12,Toliara,-23.35,43.667,8.0
2024-04-20,27.5,23.1,25.0,0.7,19.7,39.6,19.76,Toliara,-23.35,43.667,8.0
2024-04-21,27.9,20.7,24.3,0.0,28.6,51.5,20.42,Toliara,-23.35,43.667,8.0
2024-04-22,28.9,21.4,25.1,0.0,27.5,48.2,20.48,Toliara,-23.35,43.667,8.0
2024-04-23,31.9,22.4,26.3,0.0,22.6,41.4,20.4,Toliara,-23.35,43.667,8.0
2024-04-24,28.0,21.2,24.8,0.0,29.2,51.5,20.1,Toliara,-23.35,43.667,8.0
2024-04-25,28.3,22.1,25.4,0.0,23.9,45.0,19.6,Toliara,-23.35,43.667,8.0
2024-04-26,29.0,20.8,25.3,0.0,21.4,41.8,19.53,Toliara,-23.35,43.667,8.0
2024-04-27,28.2,21.6,24.8,0.2,37.2,65.5,18.33,Toliara,-23.35,43.667,8.0
2024-04-28,31.1,21.3,25.8,0.0,30.1,49.7,19.61,Toliara,-23.35,43.667,8.0
2024-04-29,32.0,21.3,25.6,0.0,29.6,53.3,19.39,Toliara,-23.35,43.667,8.0
2024-04-30,29.9,21.2,25.7,0.0,15.8,32.0,18.55,Toliara,-23.35,43.667,8.0
2024-05-01,27.8,23.2,25.3,0.0,27.4,51.1,18.47,Toliara,-23.35,43.667,8.0
2024-05-02,28.4,21.0,24.3,0.0,33.2,57.6,19.15,Toliara,-23.35,43.667,8.0
2024-05-03,29.2,21.0,25.2,0.0,35.8,62.3,18.67,Toliara,-23.35,43.667,8.0
2024-05-04,32.6,21.0,26.1,0.0,31.5,51.8,18.83,Toliara,-23.35,43.667,8.0
2024-05-05,30.9,22.1,25.6,0.0,24.9,41.4,18.87,Toliara,-23.35,43.667,8.0
2024-05-06,28.6,18.2,23.8,0.0,17.4,34.6,18.8,Toliara,-23.35,43.667,8.0
2024-05-07,28.7,19.0,24.2,0.0,19.9,38.9,18.69,Toliara,-23.35,43.667,8.0
2024-05-08,31.9,21.9,26.1,0.0,26.4,48.6,18.05,Toliara,-23.35,43.667,8.0
2024-05-09,29.5,22.5,25.7,0.0,20.3,40.0,18.01,Toliara,-23.35,43.667,8.0
2024-05-10,29.8,20.7,25.3,0.0,18.9,35.3,17.91,Toliara,-23.35,43.667,8.0
2024-05-11,29.2,19.6,24.8,0.0,18.9,36.7,17.89,Toliara,-23.35,43.667,8.0
2024-05-12,32.1,22.3,25.5,0.0,36.2,63.4,17.85,Toliara,-23.35,43.667,8.0
2024-05-13,27.4,20.9,24.5,0.0,28.9,50.4,17.59,Toliara,-23.35,43.667,8.0
2024-05-14,29.5,21.5,25.3,0.0,34.3,60.1,16.84,Toliara,-23.35,43.667,8.0
2024-05-15,32.6,22.4,26.8,0.0,27.7,47.5,16.83,Toliara,-23.35,43.667,8.0
2024-05-16,31.3,23.0,26.2,0.0,20.3,41.0,16.42,Toliara,-23.35,43.667,8.0
2024-05-17,29.0,22.0,25.3,0.0,15.9,33.1,16.88,Toliara,-23.35,43.667,8.0
2024-05-18,27.2,22.4,24.7,0.0,31.4,54.0,16.85,Toliara,-23.35,43.667,8.0
2024-05-19,28.8,20.6,24.4,0.0,38.6,67.0,16.91,Toliara,-23.35,43.667,8.0
2024-05-20,31.7,20.4,25.7,0.0,28.7,50.4,17.01,Toliara,-23.35,43.667,8.0
2024-05-21,32.0,20.7,25.7,0.0,29.6,49.0,17.31,Toliara,-23.35,43.667,8.0
2024-05-22,31.1,20.4,25.2,0.0,32.3,57.6,17.23,Toliara,-23.35,43.667,8.0
2024-05-23,30.6,20.0,25.2,0.0,28.5,47.5,16.88,Toliara,-23.35,43.667,8.0
2024-05-24,27.5,18.1,23.6,0.0,21.3,40.3,16.81,Toliara,-23.35,43.667,8.0
2024-05-25,26.4,16.8,22.4,0.0,19.8,38.2,16.72,Toliara,-23.35,43.667,8.0
2024-05-26,26.2,18.3,22.7,0.0,25.5,46.1,16.6,Toliara,-23.35,43.667,8.0
2024-05-27,26.2,19.1,22.7,0.0,31.3,54.7,16.17,Toliara,-23.35,43.667,8.0
2024-05-28,28.8,18.7,23.4,0.0,30.4,55.1,16.28,Toliara,-23.35,43.667,8.0
2024-05-29,30.7,20.2,24.2,0.0,30.2,52.9,16.29,Toliara,-23.35,43.667,8.0
2024-05-30,28.7,19.8,23.9,0.0,17.5,34.6,16.45,Toliara,-23.35,43.667,8.0
2024-05-31,28.5,17.9,23.1,0.0,14.2,29.5,16.34,Toliara,-23.35,43.667,8.0
2024-06-01,32.4,16.9,24.3,0.0,15.5,28.1,16.24,Toliara,-23.35,43.667,8.0
2024-06-02,31.9,18.8,25.2,0.0,21.3,37.8,15.61,Toliara,-23.35,43.667,8.0
2024-06-03,31.4,20.6,25.0,0.0,19.7,37.1,15.91,Toliara,-23.35,43.667,8.0
2024-06-04,30.3,19.1,25.2,0.0,18.0,31.7,15.92,Toliara,-23.35,43.667,8.0
2024-06-05,30.4,19.5,24.9,0.0,19.8,37.8,15.78,Toliara,-23.35,43.667,8.0
2024-06-06,29.2,20.0,24.5,0.0,16.8,32.8,15.79,Toliara,-23.35,43.667,8.0
2024-06-07,29.0,18.3,23.9,0.0,15.5,32.4,15.74,Toliara,-23.35,43.667,8.0
2024-06-08,26.6,20.6,23.6,1.0,32.7,57.6,12.66,Toliara,-23.35,43.667,8.0
2024-06-09,26.6,18.3,21.8,0.0,31.6,53.3,15.89,Toliara,-23.35,43.667,8.0
2024-06-10,27.3,16.3,21.5,0.0,32.4,54.0,15.81,Toliara,-23.35,43.667,8.0
2024-06-11,27.6,17.4,21.9,0.0,32.7,54.4,14.89,Toliara,-23.35,43.667,8.0
2024-06-12,29.2,18.2,23.1,0.0,30.0,51.8,14.45,Toliara,-23.35,43.667,8.0
2024-06-13,25.8,19.1,22.7,0.0,27.6,49.0,15.35,Toliara,-23.35,43.667,8.0
2024-06-14,26.4,19.4,23.0,0.0,33.0,57.6,13.41,Toliara,-23.35,43.667,8.0
2024-06-15,27.3,19.2,22.6,0.0,34.0,59.4,15.65,Toliara,-23.35,43.667,8.0
2024-06-16,28.3,17.4,22.4,0.0,27.1,48.2,15.94,Toliara,-23.35,43.667,8.0
2024-06-17,29.5,17.3,23.1,0.0,22.2,38.2,15.7,Toliara,-23.35,43.667,8.0
2024-06-18,27.5,18.9,23.0,0.0,20.9,36.0,15.28,Toliara,-23.35,43.667,8.0
2024-06-19,26.3,19.4,23.1,0.3,16.3,33.8,13.71,Toliara,-23.35,43.667,8.0
2024-06-20,25.7,18.8,22.6,0.0,25.8,46.4,14.36,Toliara,-23.35,43.667,8.0
2024-06-21,27.7,19.3,23.4,0.0,26.1,46.1,14.46,Toliara,-23.35,43.667,8.0
2024-06-22,30.4,19.9,24.4,0.0,21.1,45.4,15.47,Toliara,-23.35,43.667,8.0
2024-06-23,30.4,19.8,24.2,0.0,30.7,55.8,14.31,Toliara,-23.35,43.667,8.0
2024-06-24,29.4,19.1,24.2,0.0,26.0,46.8,14.72,Toliara,-23.35,43.667,8.0
2024-06-25,31.2,18.4,24.3,0.0,26.0,46.8,15.22,Toliara,-23.35,43.667,8.0
2024-06-26,30.4,20.6,24.6,0.0,29.5,52.6,15.75,Toliara,-23.35,43.667,8.0
2024-06-27,28.7,18.1,23.3,0.0,26.2,45.7,15.51,Toliara,-23.35,43.667,8.0
2024-06-28,29.4,17.8,23.0,0.0,23.7,40.7,16.18,Toliara,-23.35,43.667,8.0
2024-06-29,26.6,17.2,21.4,0.0,16.6,34.6,16.03,Toliara,-23.35,43.667,8.0
2024-06-30,26.4,16.1,21.2,0.0,17.1,34.9,15.84,Toliara,-23.35,43.667,8.0
2024-07-01,26.1,15.9,21.5,0.0,25.1,45.0,15.72,Toliara,-23.35,43.667,8.0
2024-07-02,29.5,17.1,23.0,0.0,24.8,43.2,16.01,Toliara,-23.35,43.667,8.0
2024-07-03,25.8,18.3,22.5,0.0,21.7,35.3,15.09,Toliara,-23.35,43.667,8.0
2024-07-04,25.1,20.5,22.7,0.8,24.7,46.4,13.23,Toliara,-23.35,43.667,8.0
2024-07-05,25.9,18.9,22.5,0.0,16.0,33.8,15.42,Toliara,-23.35,43.667,8.0
2024-07-06,25.8,17.3,21.7,0.1,15.5,33.1,13.93,Toliara,-23.35,43.667,8.0
2024-07-07,24.7,18.4,21.8,0.9,19.5,35.6,13.7,Toliara,-23.35,43.667,8.0
2024-07-08,25.5,15.5,20.5,0.0,14.2,30.2,16.3,Toliara,-23.35,43.667,8.0
2024-07-09,25.1,17.2,21.2,0.0,13.3,30.6,16.02,Toliara,-23.35,43.667,8.0
2024-07-10,26.2,16.8,21.7,0.0,29.8,51.1,16.34,Toliara,-23.35,43.667,8.0
2024-07-11,27.4,16.1,22.0,0.0,16.2,32.8,16.59,Toliara,-23.35,43.667,8.0
2024-07-12,27.6,15.1,21.3,0.0,19.1,36.7,16.73,Toliara,-23.35,43.667,8.0
2024-07-13,26.8,15.0,21.0,0.0,14.4,29.9,16.83,Toliara,-23.35,43.667,8.0
2024-07-14,26.1,13.8,20.5,0.0,15.0,32.4,16.6,Toliara,-23.35,43.667,8.0
2024-07-15,25.2,14.3,20.8,0.0,15.8,33.8,16.54,Toliara,-23.35,43.667,8.0
2024-07-16,25.8,17.2,21.6,0.1,19.0,38.5,16.11,Toliara,-23.35,43.667,8.0
2024-07-17,26.0,16.1,21.1,0.0,23.2,42.1,16.6,Toliara,-23.35,43.667,8.0
2024-07-18,27.4,17.8,22.2,0.0,26.8,46.4,16.68,Toliara,-23.35,43.667,8.0
2024-07-19,28.4,17.8,22.6,0.0,15.5,32.8,16.92,Toliara,-23.35,43.667,8.0
2024-07-20,27.2,15.9,21.3,0.0,23.1,42.8,17.06,Toliara,-23.35,43.667,8.0
2024-07-21,26.3,16.7,21.6,0.0,24.8,47.2,17.09,Toliara,-23.35,43.667,8.0
2024-07-22,27.4,17.4,22.2,0.0,22.8,40.3,16.99,Toliara,-23.35,43.667,8.0
2024-07-23,26.1,18.0,22.4,0.0,30.2,52.9,16.81,Toliara,-23.35,43.667,8.0
2024-07-24,26.6,19.1,22.6,0.0,21.0,38.2,17.13,Toliara,-23.35,43.667,8.0
2024-07-25,25.8,16.7,21.9,0.1,18.7,38.9,16.7,Toliara,-23.35,43.667,8.0
2024-07-26,24.3,17.9,21.5,1.6,20.9,37.4,17.0,Toliara,-23.35,43.667,8.0
2024-07-27,25.3,16.9,21.1,0.0,22.2,41.0,17.61,Toliara,-23.35,43.667,8.0
2024-07-28,25.3,14.4,20.4,0.0,16.3,34.6,17.86,Toliara,-23.35,43.667,8.0
2024-07-29,25.1,15.1,20.5,0.0,20.2,40.0,17.82,Toliara,-23.35,43.667,8.0
2024-07-30,27.1,17.7,21.9,0.0,26.0,47.5,17.46,Toliara,-23.35,43.667,8.0
2024-07-31,25.0,15.6,20.9,0.0,31.0,52.2,18.0,Toliara,-23.35,43.667,8.0
2024-08-01,25.5,17.3,21.0,0.0,33.5,60.5,17.78,Toliara,-23.35,43.667,8.0
2024-08-02,28.3,17.4,21.8,0.0,33.2,56.9,18.1,Toliara,-23.35,43.667,8.0
2024-08-03,25.7,16.5,21.2,0.0,22.6,43.6,18.39,Toliara,-23.35,43.667,8.0
2024-08-04,27.2,17.1,21.5,0.0,28.9,51.5,18.36,Toliara,-23.35,43.667,8.0
2024-08-05,26.3,14.5,21.1,0.0,17.0,36.0,18.42,Toliara,-23.35,43.667,8.0
2024-08-06,26.6,18.7,22.5,0.0,27.5,50.0,18.27,Toliara,-23.35,43.667,8.0
2024-08-07,29.5,19.4,23.1,0.0,33.7,60.8,18.25,Toliara,-23.35,43.667,8.0
2024-08-08,27.0,17.3,22.5,0.0,16.3,34.6,18.41,Toliara,-23.35,43.667,8.0
2024-08-09,26.2,16.9,21.6,0.0,14.3,31.7,18.66,Toliara,-23.35,43.667,8.0
2024-08-10,30.3,16.4,22.9,0.0,22.9,43.9,18.97,Toliara,-23.35,43.667,8.0
2024-08-11,28.4,16.0,22.6,0.0,18.3,36.0,19.17,Toliara,-23.35,43.667,8.0
2024-08-12,27.9,16.2,23.0,0.0,17.8,37.1,19.34,Toliara,-23.35,43.667,8.0
2024-08-13,31.1,19.1,23.8,0.0,28.3,49.0,19.41,Toliara,-23.35,43.667,8.0
2024-08-14,28.1,17.5,23.0,0.0,19.2,39.2,19.27,Toliara,-23.35,43.667,8.0
2024-08-15,29.7,19.0,23.6,0.1,44.4,75.2,17.81,Toliara,-23.35,43.667,8.0
2024-08-16,28.9,18.0,22.0,0.0,40.6,70.9,19.87,Toliara,-23.35,43.667,8.0
2024-08-17,29.9,18.0,23.7,0.0,25.0,42.5,19.95,Toliara,-23.35,43.667,8.0
2024-08-18,29.6,20.0,24.1,0.0,20.6,42.5,20.07,Toliara,-23.35,43.667,8.0
2024-08-19,31.4,19.4,24.6,0.0,30.8,55.4,19.94,Toliara,-23.35,43.667,8.0
2024-08-20,31.8,20.1,25.0,0.0,29.7,51.8,20.53,Toliara,-23.35,43.667,8.0
2024-08-21,32.0,19.1,24.3,0.0,26.7,49.3,20.69,Toliara,-23.35,43.667,8.0
2024-08-22,27.6,18.5,23.3,0.0,20.1,39.6,20.68,Toliara,-23.35,43.667,8.0
2024-08-23,24.9,18.9,22.1,0.4,40.8,72.0,18.7,Toliara,-23.35,43.667,8.0
2024-08-24,28.7,16.6,22.1,0.0,28.5,51.5,20.82,Toliara,-23.35,43.667,8.0
2024-08-25,30.0,17.9,23.2,0.0,24.8,41.0,21.15,Toliara,-23.35,43.667,8.0
2024-08-26,27.1,18.0,22.6,0.0,17.8,37.1,21.09,Toliara,-23.35,43.667,8.0
2024-08-27,30.5,17.5,23.4,0.0,20.2,40.3,21.06,Toliara,-23.35,43.667,8.0
2024-08-28,28.9,16.6,23.4,0.0,15.3,32.8,21.0,Toliara,-23.35,43.667,8.0
2024-08-29,28.5,18.1,23.8,0.0,20.3,39.6,20.58,Toliara,-23.35,43.667,8.0
2024-08-30,29.0,19.9,23.8,0.0,43.6,76.3,20.72,Toliara,-23.35,43.667,8.0
2024-08-31,26.3,20.6,23.3,0.2,32.1,56.5,13.38,Toliara,-23.35,43.667,8.0
2024-09-01,29.2,19.5,23.5,0.0,30.1,53.3,20.53,Toliara,-23.35,43.667,8.0
2024-09-02,29.1,17.9,22.9,0.0,39.2,69.1,20.44,Toliara,-23.35,43.667,8.0
2024-09-03,28.8,19.9,23.7,0.1,32.7,59.8,19.37,Toliara,-23.35,43.667,8.0
2024-09-04,30.6,19.1,23.9,0.0,35.3,60.8,21.32,Toliara,-23.35,43.667,8.0
2024-09-05,29.4,21.3,24.9,0.0,22.6,44.3,21.04,Toliara,-23.35,43.667,8.0
2024-09-06,29.3,19.1,24.3,0.0,23.1,45.7,21.59,Toliara,-23.35,43.667,8.0
2024-09-07,28.9,21.2,24.6,0.0,27.7,50.4,21.15,Toliara,-23.35,43.667,8.0
2024-09-08,30.2,21.7,25.5,0.0,14.8,32.0,22.07,Toliara,-23.35,43.667,8.0
2024-09-09,31.0,19.5,25.6,0.0,30.3,52.2,22.36,Toliara,-23.35,43.667,8.0
2024-09-10,29.4,22.7,25.4,0.0,38.0,65.5,22.25,Toliara,-23.35,43.667,8.0
2024-09-11,28.6,21.7,24.0,0.0,37.0,65.9,22.48,Toliara,-23.35,43.667,8.0
2024-09-12,30.5,18.8,23.8,0.0,35.9,63.4,22.92,Toliara,-23.35,43.667,8.0
2024-09-13,32.3,20.0,25.6,0.0,34.3,59.0,22.75,Toliara,-23.35,43.667,8.0
2024-09-14,29.6,21.1,25.7,0.0,16.6,36.0,23.09,Toliara,-23.35,43.667,8.0
2024-09-15,29.9,19.1,24.5,0.0,18.4,38.9,23.17,Toliara,-23.35,43.667,8.0
2024-09-16,29.0,18.4,24.0,0.0,20.2,40.3,23.17,Toliara,-23.35,43.667,8.0
2024-09-17,32.4,20.2,26.4,0.0,31.7,54.0,23.65,Toliara,-23.35,43.667,8.0
2024-09-18,30.0,22.5,26.7,0.0,20.9,42.8,23.56,Toliara,-23.35,43.667,8.0
2024-09-19,28.9,21.9,25.2,0.0,21.9,44.3,23.45,Toliara,-23.35,43.667,8.0
2024-09-20,28.5,20.8,24.9,0.0,26.3,49.0,23.49,Toliara,-23.35,43.667,8.0
2024-09-21,29.3,22.2,25.5,0.0,29.8,54.7,23.64,Toliara,-23.35,43.667,8.0
2024-09-22,29.0,22.0,24.6,0.0,44.1,77.4,22.3,Toliara,-23.35,43.667,8.0
2024-09-23,29.1,20.4,23.9,0.0,34.9,61.2,17.44,Toliara,-23.35,43.667,8.0
2024-09-24,31.5,19.9,24.6,0.0,32.3,58.0,23.76,Toliara,-23.35,43.667,8.0
2024-09-25,29.2,22.6,25.5,0.0,27.9,54.0,23.04,Toliara,-23.35,43.667,8.0
2024-09-26,28.5,20.8,24.6,0.0,19.6,41.4,24.05,Toliara,-23.35,43.667,8.0
2024-09-27,28.9,20.7,24.9,0.0,20.5,42.5,24.53,Toliara,-23.35,43.667,8.0
2024-09-28,29.0,22.3,25.2,0.3,22.0,44.6,23.3,Toliara,-23.35,43.667,8.0
2024-09-29,28.4,20.2,24.5,0.0,16.7,36.7,24.78,Toliara,-23.35,43.667,8.0
2024-09-30,31.3,21.8,26.0,0.0,22.9,45.4,24.63,Toliara,-23.35,43.667,8.0
2024-10-01,31.9,22.2,26.5,0.7,22.1,41.4,24.62,Toliara,-23.35,43.667,8.0
2024-10-02,28.1,22.5,25.0,0.0,47.4,82.1,18.37,Toliara,-23.35,43.667,8.0
2024-10-03,29.0,20.3,23.7,0.0,37.4,61.9,18.23,Toliara,-23.35,43.667,8.0
2024-10-04,29.3,18.1,23.0,0.0,35.0,60.8,26.17,Toliara,-23.35,43.667,8.0
2024-10-05,30.7,17.8,23.5,0.0,35.7,62.3,26.3,Toliara,-23.35,43.667,8.0
2024-10-06,29.9,18.5,23.3,0.0,28.9,54.0,26.45,Toliara,-23.35,43.667,8.0
2024-10-07,27.2,17.3,23.0,0.0,25.1,46.8,25.77,Toliara,-23.35,43.667,8.0
2024-10-08,27.7,19.1,23.6,0.0,39.4,69.8,25.62,Toliara,-23.35,43.667,8.0
2024-10-09,31.6,20.8,25.4,0.0,40.2,67.7,24.02,Toliara,-23.35,43.667,8.0
2024-10-10,30.3,22.8,26.4,0.0,18.9,40.0,25.52,Toliara,-23.35,43.667,8.0
2024-10-11,31.5,20.6,26.0,0.0,23.6,45.4,25.19,Toliara,-23.35,43.667,8.0
2024-10-12,30.7,20.8,26.0,0.0,24.1,46.8,25.98,Toliara,-23.35,43.667,8.0
2024-10-13,31.6,22.2,26.3,0.0,26.2,49.3,26.91,Toliara,-23.35,43.667,8.0
2024-10-14,29.1,18.9,24.6,0.0,20.7,41.0,25.1,Toliara,-23.35,43.667,8.0
2024-10-15,28.1,19.4,24.6,0.2,19.6,39.6,26.05,Toliara,-23.35,43.667,8.0
2024-10-16,26.0,20.5,22.6,8.0,46.4,80.6,21.72,Toliara,-23.35,43.667,8.0
2024-10-17,28.9,17.8,22.8,0.0,42.7,76.0,26.19,Toliara,-23.35,43.667,8.0
2024-10-18,28.4,20.1,24.1,0.0,22.0,43.2,25.42,Toliara,-23.35,43.667,8.0
2024-10-19,28.6,21.7,25.0,0.0,24.7,48.6,25.95,Toliara,-23.35,43.667,8.0
2024-10-20,29.1,20.7,25.1,0.0,21.0,42.8,25.1,Toliara,-23.35,43.667,8.0
2024-10-21,32.4,21.9,26.5,0.0,22.8,44.3,25.27,Toliara,-23.35,43.667,8.0
2024-10-22,38.0,24.9,29.6,0.0,28.1,51.5,24.39,Toliara,-23.35,43.667,8.0
2024-10-23,33.5,22.9,27.9,0.0,24.3,46.8,24.42,Toliara,-23.35,43.667,8.0
2024-10-24,32.0,23.9,27.6,0.0,24.2,47.5,27.0,Toliara,-23.35,43.667,8.0
2024-10-25,30.6,23.4,26.7,0.0,19.2,41.0,25.29,Toliara,-23.35,43.667,8.0
2024-10-26,30.7,21.9,26.4,0.0,18.1,39.6,27.17,Toliara,-23.35,43.667,8.0
2024-10-27,32.3,21.5,26.9,0.0,23.6,45.7,27.91,Toliara,-23.35,43.667,8.0
2024-10-28,34.1,21.1,27.8,0.0,20.8,42.1,27.49,Toliara,-23.35,43.667,8.0
2024-10-29,34.4,23.0,28.4,0.0,20.0,41.8,26.67,Toliara,-23.35,43.667,8.0
2024-10-30,32.8,26.3,28.9,0.0,22.9,46.8,25.41,Toliara,-23.35,43.667,8.0
2024-10-31,31.9,25.7,28.1,0.0,29.8,54.7,23.3,Toliara,-23.35,43.667,8.0
2024-11-01,28.9,24.5,26.4,0.0,35.6,64.4,27.97,Toliara,-23.35,43.667,8.0
2024-11-02,30.6,24.0,27.0,0.0,29.1,54.4,28.38,Toliara,-23.35,43.667,8.0
2024-11-03,31.6,24.2,27.2,0.0,22.8,45.4,28.4,Toliara,-23.35,43.667,8.0
2024-11-04,31.0,23.1,27.1,0.0,17.4,38.2,27.95,Toliara,-23.35,43.667,8.0
2024-11-05,30.8,21.7,26.8,0.0,21.5,43.9,28.21,Toliara,-23.35,43.667,8.0
2024-11-06,30.9,21.7,26.9,0.0,24.8,47.9,27.4,Toliara,-23.35,43.667,8.0
2024-11-07,29.5,23.1,26.4,0.0,31.5,59.0,28.41,Toliara,-23.35,43.667,8.0
2024-11-08,29.0,24.0,26.1,0.0,37.4,67.0,28.71,Toliara,-23.35,43.667,8.0
2024-11-09,29.1,22.7,25.8,0.0,26.5,51.8,28.97,Toliara,-23.35,43.667,8.0
2024-11-10,29.4,22.6,25.9,0.0,23.7,48.6,28.71,Toliara,-23.35,43.667,8.0
2024-11-11,31.3,21.7,26.6,0.0,22.8,46.1,28.22,Toliara,-23.35,43.667,8.0
2024-11-12,31.7,23.3,26.8,0.0,32.0,58.3,28.63,Toliara,-23.35,43.667,8.0
2024-11-13,30.1,23.4,26.7,0.0,30.2,54.4,29.19,Toliara,-23.35,43.667,8.0
2024-11-14,30.2,23.7,26.9,0.0,40.8,74.9,28.85,Toliara,-23.35,43.667,8.0
2024-11-15,33.1,25.5,28.2,0.0,33.8,63.4,28.29,Toliara,-23.35,43.667,8.0
2024-11-16,32.3,25.9,28.8,0.0,17.2,39.2,28.78,Toliara,-23.35,43.667,8.0
2024-11-17,30.5,24.7,27.3,0.0,18.3,42.5,28.29,Toliara,-23.35,43.667,8.0
2024-11-18,30.7,23.9,27.1,0.0,19.6,42.8,28.37,Toliara,-23.35,43.667,8.0
2024-11-19,30.3,24.0,27.1,0.0,21.1,47.5,26.24,Toliara,-23.35,43.667,8.0
2024-11-20,33.2,24.1,28.6,0.0,20.9,43.9,29.04,Toliara,-23.35,43.667,8.0
2024-11-21,31.8,24.8,28.1,0.0,17.1,38.9,29.67,Toliara,-23.35,43.667,8.0
2024-11-22,31.6,23.2,27.6,0.0,19.5,44.6,29.75,Toliara,-23.35,43.667,8.0
2024-11-23,30.8,24.2,27.4,0.1,21.4,45.7,30.42,Toliara,-23.35,43.667,8.0
2024-11-24,29.9,23.6,26.6,0.0,28.0,54.7,30.23,Toliara,-23.35,43.667,8.0
2024-11-25,32.7,25.3,28.5,0.0,23.6,48.6,29.51,Toliara,-23.35,43.667,8.0
2024-11-26,32.7,25.3,29.0,0.0,18.3,41.4,29.58,Toliara,-23.35,43.667,8.0
2024-11-27,33.4,24.1,28.7,0.0,19.3,42.1,29.66,Toliara,-23.35,43.667,8.0
2024-11-28,33.3,24.8,28.5,4.8,26.9,55.1,27.76,Toliara,-23.35,43.667,8.0
2024-11-29,27.8,24.2,25.9,7.2,30.0,57.6,18.19,Toliara,-23.35,43.667,8.0
2024-11-30,29.1,23.0,25.8,0.0,42.7,77.0,30.08,Toliara,-23.35,43.667,8.0
2024-12-01,30.7,21.9,25.9,0.0,43.6,78.8,30.72,Toliara,-23.35,43.667,8.0
2024-12-02,32.0,23.0,27.2,0.0,27.8,52.9,28.96,Toliara,-23.35,43.667,8.0
2024-12-03,31.3,23.7,27.3,0.0,23.7,51.5,29.35,Toliara,-23.35,43.667,8.0
2024-12-04,31.2,24.0,27.3,0.0,20.6,43.6,29.56,Toliara,-23.35,43.667,8.0
2024-12-05,31.7,23.9,27.8,0.0,20.3,44.6,29.29,Toliara,-23.35,43.667,8.0
2024-12-06,31.2,24.7,28.0,1.2,13.7,36.4,27.75,Toliara,-23.35,43.667,8.0
2024-12-07,32.1,25.1,28.3,0.0,22.5,48.2,29.66,Toliara,-23.35,43.667,8.0
2024-12-08,31.7,25.5,28.5,0.0,35.7,65.5,30.24,Toliara,-23.35,43.667,8.0
2024-12-09,33.5,24.9,28.6,0.0,36.1,65.5,30.72,Toliara,-23.35,43.667,8.0
2024-12-10,34.2,25.3,29.3,0.0,22.4,47.5,30.84,Toliara,-23.35,43.667,8.0
2024-12-11,32.1,24.7,28.6,0.0,18.7,41.8,30.38,Toliara,-23.35,43.667,8.0
2024-12-12,31.6,24.1,28.0,0.1,22.4,46.8,27.9,Toliara,-23.35,43.667,8.0
2024-12-13,32.7,25.9,28.9,0.0,20.4,44.6,27.0,Toliara,-23.35,43.667,8.0
2024-12-14,32.8,26.6,29.2,0.0,30.9,59.4,28.44,Toliara,-23.35,43.667,8.0
2024-12-15,34.8,28.1,30.4,0.0,34.3,63.0,29.78,Toliara,-23.35,43.667,8.0
2024-12-16,33.6,27.2,30.2,0.0,28.1,55.8,29.02,Toliara,-23.35,43.667,8.0
2024-12-17,33.0,26.8,29.6,0.0,22.3,46.1,28.62,Toliara,-23.35,43.667,8.0
2024-12-18,33.9,25.7,29.2,0.0,27.6,52.9,30.0,Toliara,-23.35,43.667,8.0
2024-12-19,33.5,26.6,29.5,0.0,29.1,56.2,30.98,Toliara,-23.35,43.667,8.0
2024-12-20,31.9,25.3,29.0,0.0,29.2,57.6,30.97,Toliara,-23.35,43.667,8.0
2024-12-21,33.6,26.8,30.1,0.0,19.6,43.6,30.52,Toliara,-23.35,43.667,8.0
2024-12-22,33.2,25.6,29.5,0.0,21.0,44.6,30.48,Toliara,-23.35,43.667,8.0
2024-12-23,32.7,26.8,29.5,0.0,23.6,49.3,29.82,Toliara,-23.35,43.667,8.0
2024-12-24,32.9,25.8,29.2,0.2,23.8,51.5,30.09,Toliara,-23.35,43.667,8.0
2024-12-25,31.5,26.1,28.8,0.0,34.3,65.2,29.76,Toliara,-23.35,43.667,8.0
2024-12-26,33.2,26.8,29.5,0.0,30.3,58.7,29.35,Toliara,-23.35,43.667,8.0
2024-12-27,33.3,27.6,30.3,0.4,17.3,41.0,28.86,Toliara,-23.35,43.667,8.0
2024-12-28,32.7,25.3,28.4,2.0,22.0,49.3,28.1,Toliara,-23.35,43.667,8.0
2024-12-29,31.2,25.1,28.1,0.1,16.5,38.5,28.06,Toliara,-23.35,43.667,8.0
2024-12-30,31.1,25.3,28.4,0.1,16.1,37.1,26.32,Toliara,-23.35,43.667,8.0
2024-12-31,32.6,25.5,29.2,0.0,18.4,41.8,27.55,Toliara,-23.35,43.667,8.0
2025-01-01,32.5,26.0,29.4,0.1,18.3,41.4,26.66,Toliara,-23.35,43.667,8.0
2025-01-02,34.1,26.7,30.0,0.0,22.5,47.2,28.86,Toliara,-23.35,43.667,8.0
2025-01-03,33.4,26.8,29.9,0.0,30.6,56.9,29.14,Toliara,-23.35,43.667,8.0
2025-01-04,33.0,25.2,29.7,0.0,26.4,53.3,29.15,Toliara,-23.35,43.667,8.0
2025-01-05,33.7,27.4,29.7,2.9,26.5,54.0,24.91,Toliara,-23.35,43.667,8.0
2025-01-06,32.8,25.7,29.2,1.4,19.0,42.1,27.48,Toliara,-23.35,43.667,8.0
2025-01-07,34.5,27.0,30.3,0.0,20.5,43.9,28.83,Toliara,-23.35,43.667,8.0
2025-01-08,33.0,25.8,29.4,2.0,22.0,49.0,26.58,Toliara,-23.35,43.667,8.0
2025-01-09,33.9,26.4,30.2,0.0,20.3,40.3,26.36,Toliara,-23.35,43.667,8.0
2025-01-10,35.4,26.5,30.9,0.0,20.4,42.5,29.19,Toliara,-23.35,43.667,8.0
2025-01-11,36.4,28.0,31.6,0.0,23.8,47.9,29.47,Toliara,-23.35,43.667,8.0
2025-01-12,34.7,27.2,31.0,0.0,24.9,50.0,29.22,Toliara,-23.35,43.667,8.0
2025-01-13,35.2,27.3,31.0,0.0,23.6,48.2,28.8,Toliara,-23.35,43.667,8.0
2025-01-14,34.4,26.8,29.1,29.4,21.9,49.0,17.27,Toliara,-23.35,43.667,8.0
2025-01-15,34.4,25.2,28.5,29.1,51.4,96.8,15.32,Toliara,-23.35,43.667,8.0
2025-01-16,32.6,25.9,28.7,3.7,38.5,72.0,24.67,Toliara,-23.35,43.667,8.0
2025-01-17,31.0,25.5,28.3,7.6,17.0,35.3,25.51,Toliara,-23.35,43.667,8.0
2025-01-18,31.8,26.3,28.8,2.5,26.7,51.8,26.04,Toliara,-23.35,43.667,8.0
2025-01-19,31.8,25.9,28.3,15.6,29.3,56.2,23.77,Toliara,-23.35,43.667,8.0
2025-01-20,31.9,25.1,27.5,14.5,16.4,39.6,23.16,Toliara,-23.35,43.667,8.0
2025-01-21,32.2,25.1,27.2,4.5,14.5,38.2,18.67,Toliara,-23.35,43.667,8.0
2025-01-22,30.2,25.2,27.7,0.0,14.9,33.8,20.51,Toliara,-23.35,43.667,8.0
2025-01-23,31.7,24.6,27.3,3.9,23.6,47.2,26.13,Toliara,-23.35,43.667,8.0
2025-01-24,29.6,24.6,26.9,4.2,12.5,27.4,17.44,Toliara,-23.35,43.667,8.0
2025-01-25,28.1,24.8,26.3,6.9,12.5,20.9,10.78,Toliara,-23.35,43.667,8.0
2025-01-26,28.3,24.0,25.8,34.0,16.8,28.1,8.51,Toliara,-23.35,43.667,8.0
2025-01-27,29.4,24.4,26.2,28.3,17.2,33.1,10.27,Toliara,-23.35,43.667,8.0
2025-01-28,28.5,25.0,26.3,40.3,39.4,79.9,7.13,Toliara,-23.35,43.667,8.0
2025-01-29,29.7,25.5,26.9,3.8,46.4,83.5,20.6,Toliara,-23.35,43.667,8.0
2025-01-30,29.5,24.7,27.1,4.6,37.1,66.6,23.18,Toliara,-23.35,43.667,8.0
2025-01-31,29.1,25.3,27.1,3.4,20.9,42.8,19.95,Toliara,-23.35,43.667,8.0
2025-02-01,29.8,25.4,27.5,0.8,26.1,49.7,27.73,Toliara,-23.35,43.667,8.0
2025-02-02,31.1,25.4,28.2,0.0,23.6,45.0,26.32,Toliara,-23.35,43.667,8.0
2025-02-03,32.5,24.9,28.5,0.0,32.2,58.0,28.46,Toliara,-23.35,43.667,8.0
2025-02-04,33.3,23.2,27.8,0.0,26.8,50.4,29.97,Toliara,-23.35,43.667,8.0
2025-02-05,33.9,24.8,28.3,1.5,23.5,43.6,25.95,Toliara,-23.35,43.667,8.0
2025-02-06,31.8,25.2,27.6,7.1,16.9,47.9,24.66,Toliara,-23.35,43.667,8.0
2025-02-07,29.9,25.0,26.9,6.9,9.6,30.2,21.7,Toliara,-23.35,43.667,8.0
2025-02-08,29.7,25.0,27.1,1.8,12.9,27.4,17.94,Toliara,-23.35,43.667,8.0
2025-02-09,30.1,25.0,27.6,3.2,20.5,41.8,26.1,Toliara,-23.35,43.667,8.0
2025-02-10,30.5,25.1,27.7,0.6,24.5,44.6,27.19,Toliara,-23.35,43.667,8.0
2025-02-11,29.9,24.9,27.6,0.0,29.6,55.4,27.81,Toliara,-23.35,43.667,8.0
2025-02-12,30.7,24.8,28.2,0.7,33.7,61.6,26.57,Toliara,-23.35,43.667,8.0
2025-02-13,31.6,25.1,28.4,0.1,16.1,34.2,25.48,Toliara,-23.35,43.667,8.0
2025-02-14,30.9,25.9,28.3,0.9,16.9,36.0,27.36,Toliara,-23.35,43.667,8.0
2025-02-15,30.9,25.8,28.2,0.8,16.5,35.6,26.51,Toliara,-23.35,43.667,8.0
2025-02-16,31.4,24.8,27.6,2.3,18.5,38.5,25.21,Toliara,-23.35,43.667,8.0
2025-02-17,30.8,25.1,28.2,0.4,13.8,32.4,25.14,Toliara,-23.35,43.667,8.0
2025-02-18,31.7,26.0,28.7,1.3,12.8,31.0,24.75,Toliara,-23.35,43.667,8.0
2025-02-19,32.2,26.4,28.8,1.1,14.6,33.8,24.52,Toliara,-23.35,43.667,8.0
2025-02-20,32.8,26.0,28.5,2.6,13.0,32.4,24.74,Toliara,-23.35,43.667,8.0
2025-02-21,31.0,25.1,27.3,18.7,13.7,31.0,24.08,Toliara,-23.35,43.667,8.0
2025-02-22,30.3,25.1,26.9,10.9,14.9,38.2,12.21,Toliara,-23.35,43.667,8.0
2025-02-23,31.9,25.2,27.5,3.8,15.1,37.4,14.65,Toliara,-23.35,43.667,8.0
2025-02-24,29.3,24.3,26.3,19.0,20.6,35.6,8.68,Toliara,-23.35,43.667,8.0
2025-02-25,30.9,23.9,26.6,33.3,24.0,52.6,14.51,Toliara,-23.35,43.667,8.0
2025-02-26,30.9,26.6,27.9,1.0,43.4,79.6,12.88,Toliara,-23.35,43.667,8.0
2025-02-27,27.2,24.3,26.2,46.7,52.8,95.0,6.06,Toliara,-23.35,43.667,8.0
2025-02-28,28.1,24.9,26.4,113.6,52.7,91.1,4.49,Toliara,-23.35,43.667,8.0
2025-03-01,27.7,24.7,26.3,65.6,36.8,65.9,11.31,Toliara,-23.35,43.667,8.0
2025-03-02,27.8,24.5,25.9,20.6,25.9,49.3,14.34,Toliara,-23.35,43.667,8.0
2025-03-03,29.2,24.9,26.5,5.7,18.2,37.1,17.59,Toliara,-23.35,43.667,8.0
2025-03-04,28.9,25.0,26.6,3.1,16.6,34.6,19.88,Toliara,-23.35,43.667,8.0
2025-03-05,30.3,23.8,27.1,0.0,16.3,34.2,25.63,Toliara,-23.35,43.667,8.0
2025-03-06,30.1,24.5,27.6,0.0,17.3,35.6,25.44,Toliara,-23.35,43.667,8.0
2025-03-07,31.1,25.5,28.3,0.0,15.4,33.1,24.68,Toliara,-23.35,43.667,8.0
2025-03-08,32.5,25.5,28.7,0.0,18.2,35.3,26.34,Toliara,-23.35,43.667,8.0
2025-03-09,34.3,26.9,30.2,0.0,18.3,34.6,24.43,Toliara,-23.35,43.667,8.0
2025-03-10,33.5,26.1,29.2,1.0,16.6,33.5,24.29,Toliara,-23.35,43.667,8.0
2025-03-11,30.9,25.9,28.2,0.8,14.3,29.5,24.14,Toliara,-23.35,43.667,8.0
2025-03-12,30.4,25.3,27.4,0.1,17.5,35.6,21.23,Toliara,-23.35,43.667,8.0
2025-03-13,28.9,25.2,26.6,9.6,20.2,34.9,9.47,Toliara,-23.35,43.667,8.0
2025-03-14,30.6,23.8,27.2,16.4,69.5,130.7,17.61,Toliara,-23.35,43.667,8.0
2025-03-15,28.7,25.0,27.0,9.0,57.2,102.2,17.72,Toliara,-23.35,43.667,8.0
2025-03-16,28.9,23.5,25.8,0.9,29.8,56.5,22.34,Toliara,-23.35,43.667,8.0
2025-03-17,31.5,21.1,25.9,0.0,28.8,49.0,24.68,Toliara,-23.35,43.667,8.0
2025-03-18,31.5,22.9,26.9,0.1,25.5,47.2,23.72,Toliara,-23.35,43.667,8.0
2025-03-19,32.0,22.8,26.9,0.0,22.4,38.2,24.52,Toliara,-23.35,43.667,8.0
2025-03-20,31.1,23.0,26.7,0.0,17.3,35.3,21.2,Toliara,-23.35,43.667,8.0
2025-03-21,29.5,23.7,26.2,5.9,12.1,24.1,20.69,Toliara,-23.35,43.667,8.0
2025-03-22,28.6,22.4,25.6,0.0,13.7,32.0,24.18,Toliara,-23.35,43.667,8.0
2025-03-23,28.1,22.3,25.3,0.0,14.9,32.8,23.3,Toliara,-23.35,43.667,8.0
2025-03-24,28.7,22.4,25.8,0.0,15.7,32.8,23.29,Toliara,-23.35,43.667,8.0
2025-03-25,31.7,23.5,27.3,0.0,18.8,37.8,22.92,Toliara,-23.35,43.667,8.0
2025-03-26,29.6,23.9,26.8,0.0,14.6,29.9,23.14,Toliara,-23.35,43.667,8.0
2025-03-27,30.1,23.7,26.8,0.0,21.1,38.9,22.35,Toliara,-23.35,43.667,8.0
2025-03-28,30.0,22.9,26.6,0.0,23.9,44.3,23.47,Toliara,-23.35,43.667,8.0
2025-03-29,30.6,24.6,27.3,0.0,14.4,32.4,23.49,Toliara,-23.35,43.667,8.0
2025-03-30,30.4,23.3,26.9,0.0,14.5,32.8,23.0,Toliara,-23.35,43.667,8.0
2025-03-31,31.2,23.6,27.3,0.0,17.2,34.2,22.92,Toliara,-23.35,43.667,8.0
2025-04-01,31.4,24.1,27.5,0.0,14.3,30.6,23.16,Toliara,-23.35,43.667,8.0
2025-04-02,30.8,22.6,27.0,0.0,18.0,34.6,22.98,Toliara,-23.35,43.667,8.0
2025-04-03,29.0,22.9,26.3,0.0,30.0,55.8,22.6,Toliara,-23.35,43.667,8.0
2025-04-04,30.8,23.8,27.0,0.0,27.2,51.5,15.35,Toliara,-23.35,43.667,8.0
2025-04-05,30.1,23.3,26.6,0.0,21.0,38.9,22.0,Toliara,-23.35,43.667,8.0
2025-04-06,29.5,23.7,26.5,0.0,16.3,36.0,19.79,Toliara,-23.35,43.667,8.0
2025-04-07,29.3,23.6,26.4,0.0,12.9,30.2,21.62,Toliara,-23.35,43.667,8.0
2025-04-08,29.5,24.5,26.5,0.8,20.1,40.0,17.49,Toliara,-23.35,43.667,8.0
2025-04-09,28.1,23.5,25.6,3.5,19.4,40.0,17.19,Toliara,-23.35,43.667,8.0
2025-04-10,28.6,23.1,25.8,0.9,16.1,34.2,20.33,Toliara,-23.35,43.667,8.0
2025-04-11,29.8,23.6,26.4,0.0,24.6,46.8,18.57,Toliara,-23.35,43.667,8.0
2025-04-12,31.1,24.0,27.2,0.0,17.2,36.4,20.27,Toliara,-23.35,43.667,8.0
2025-04-13,30.0,23.9,27.2,0.0,15.9,31.0,20.31,Toliara,-23.35,43.667,8.0
2025-04-14,30.8,24.8,27.5,0.0,12.3,29.2,17.31,Toliara,-23.35,43.667,8.0
2025-04-15,30.4,24.6,27.4,0.0,18.2,37.4,20.51,Toliara,-23.35,43.667,8.0
2025-04-16,30.9,24.0,27.4,0.0,14.2,31.3,20.56,Toliara,-23.35,43.667,8.0
2025-04-17,29.5,24.2,27.1,0.2,21.0,43.2,17.71,Toliara,-23.35,43.667,8.0
2025-04-18,27.8,23.9,25.9,1.1,27.8,54.0,16.75,Toliara,-23.35,43.667,8.0
2025-04-19,27.4,21.9,24.9,0.0,17.9,36.4,18.08,Toliara,-23.35,43.667,8.0
2025-04-20,27.2,22.2,24.9,0.0,18.8,37.4,13.38,Toliara,-23.35,43.667,8.0
2025-04-21,28.3,22.0,25.0,0.5,23.5,44.6,17.52,Toliara,-23.35,43.667,8.0
2025-04-22,28.9,22.1,25.3,0.0,29.8,54.7,19.89,Toliara,-23.35,43.667,8.0
2025-04-23,28.3,21.8,25.6,0.0,26.8,50.4,19.95,Toliara,-23.35,43.667,8.0
2025-04-24,30.9,23.7,26.7,0.0,25.9,47.2,19.55,Toliara,-23.35,43.667,8.0
2025-04-25,30.3,24.1,26.8,0.0,13.4,29.9,18.04,Toliara,-23.35,43.667,8.0
2025-04-26,29.0,22.2,25.7,0.0,11.0,27.0,15.54,Toliara,-23.35,43.667,8.0
2025-04-27,29.3,24.3,26.7,0.4,13.0,29.9,15.71,Toliara,-23.35,43.667,8.0
2025-04-28,30.2,23.7,26.8,0.5,17.7,37.8,18.09,Toliara,-23.35,43.667,8.0
2025-04-29,33.1,24.7,28.2,0.0,24.5,43.6,18.2,Toliara,-23.35,43.667,8.0
2025-04-30,32.7,24.2,27.4,0.0,21.4,43.2,18.36,Toliara,-23.35,43.667,8.0
2025-05-01,30.8,24.4,27.4,0.0,13.8,31.0,18.53,Toliara,-23.35,43.667,8.0
2025-05-02,31.1,22.6,26.9,0.0,16.0,34.6,18.42,Toliara,-23.35,43.667,8.0
2025-05-03,28.7,23.7,25.6,12.3,20.8,42.8,10.96,Toliara,-23.35,43.667,8.0
2025-05-04,26.8,22.2,24.3,0.9,29.8,53.3,9.13,Toliara,-23.35,43.667,8.0
2025-05-05,28.7,20.3,23.8,0.0,26.7,48.6,18.58,Toliara,-23.35,43.667,8.0
2025-05-06,30.2,18.8,24.2,0.0,23.4,41.4,18.87,Toliara,-23.35,43.667,8.0
2025-05-07,31.5,19.9,24.5,0.0,24.2,46.4,18.69,Toliara,-23.35,43.667,8.0
2025-05-08,29.0,20.5,24.5,0.0,14.0,28.4,17.99,Toliara,-23.35,43.667,8.0
2025-05-09,29.0,20.4,24.7,0.0,20.6,41.4,17.82,Toliara,-23.35,43.667,8.0
2025-05-10,30.5,23.0,26.2,0.0,14.3,29.9,17.7,Toliara,-23.35,43.667,8.0
2025-05-11,29.8,22.2,25.6,0.0,11.6,28.1,17.4,Toliara,-23.35,43.667,8.0
2025-05-12,29.3,23.1,25.6,0.0,32.0,56.5,16.67,Toliara,-23.35,43.667,8.0
2025-05-13,30.5,22.7,26.2,0.0,29.0,53.6,17.16,Toliara,-23.35,43.667,8.0
2025-05-14,30.6,21.7,25.6,0.0,25.8,49.0,17.35,Toliara,-23.35,43.667,8.0
2025-05-15,30.6,20.3,24.8,0.0,26.1,46.8,17.55,Toliara,-23.35,43.667,8.0
2025-05-16,31.0,22.0,25.3,0.0,20.6,41.4,17.29,Toliara,-23.35,43.667,8.0
2025-05-17,29.7,20.8,24.5,0.0,15.7,33.1,17.23,Toliara,-23.35,43.667,8.0
2025-05-18,27.4,19.2,23.4,0.0,15.8,34.2,16.91,Toliara,-23.35,43.667,8.0
2025-05-19,26.6,18.7,23.0,0.0,26.8,46.1,16.74,Toliara,-23.35,43.667,8.0
2025-05-20,29.3,20.0,24.1,0.0,22.2,43.2,17.03,Toliara,-23.35,43.667,8.0
2025-05-21,27.8,18.8,23.8,0.0,21.2,42.8,16.84,Toliara,-23.35,43.667,8.0
2025-05-22,27.3,21.6,24.0,1.7,31.5,58.0,11.08,Toliara,-23.35,43.667,8.0
2025-05-23,27.1,20.1,23.1,0.0,29.6,55.1,16.08,Toliara,-23.35,43.667,8.0
2025-05-24,27.2,18.0,22.3,0.0,25.9,50.8,16.82,Toliara,-23.35,43.667,8.0
2025-05-25,29.1,18.0,23.4,0.0,24.8,49.0,16.82,Toliara,-23.35,43.667,8.0
2025-05-26,27.6,20.4,23.5,0.0,24.3,41.8,16.7,Toliara,-23.35,43.667,8.0
2025-05-27,26.6,17.5,22.4,0.0,15.6,33.8,16.37,Toliara,-23.35,43.667,8.0
2025-05-28,26.4,18.5,22.9,0.0,28.7,53.3,16.25,Toliara,-23.35,43.667,8.0
2025-05-29,27.0,19.6,23.2,0.0,27.0,49.0,16.48,Toliara,-23.35,43.667,8.0
2025-05-30,27.0,19.9,23.3,0.0,16.1,33.5,16.19,Toliara,-23.35,43.667,8.0
2025-05-31,28.5,20.3,23.3,0.0,27.2,50.8,16.06,Toliara,-23.35,43.667,8.0
2025-06-01,27.8,19.2,23.1,0.0,23.3,45.4,16.12,Toliara,-23.35,43.667,8.0
2025-06-02,27.1,17.2,22.3,0.0,18.4,36.7,16.19,Toliara,-23.35,43.667,8.0
2025-06-03,25.6,18.0,22.0,0.0,15.9,34.6,15.83,Toliara,-23.35,43.667,8.0
2025-06-04,25.7,17.9,22.1,0.0,17.9,36.0,15.94,Toliara,-23.35,43.667,8.0
2025-06-05,29.5,18.6,23.5,0.0,33.0,56.5,15.88,Toliara,-23.35,43.667,8.0
2025-06-06,29.3,20.5,24.3,0.0,24.7,45.0,15.45,Toliara,-23.35,43.667,8.0
2025-06-07,27.6,20.5,23.9,0.0,14.9,31.3,15.53,Toliara,-23.35,43.667,8.0
2025-06-08,28.8,20.1,24.0,0.0,17.4,34.9,15.51,Toliara,-23.35,43.667,8.0
2025-06-09,31.0,21.8,25.1,0.0,17.6,36.4,15.53,Toliara,-23.35,43.667,8.0
2025-06-10,28.5,20.1,24.2,0.0,13.0,27.0,15.56,Toliara,-23.35,43.667,8.0
2025-06-11,26.6,22.6,24.1,1.8,22.4,45.0,12.05,Toliara,-23.35,43.667,8.0
2025-06-12,24.7,20.6,22.5,3.3,26.5,48.6,12.62,Toliara,-23.35,43.667,8.0
2025-06-13,27.7,18.0,22.3,0.0,28.2,47.9,15.46,Toliara,-23.35,43.667,8.0
2025-06-14,27.9,18.3,22.6,0.0,25.8,49.3,15.79,Toliara,-23.35,43.667,8.0
2025-06-15,28.9,16.9,22.5,0.0,22.5,45.0,15.85,Toliara,-23.35,43.667,8.0
2025-06-16,26.2,17.7,21.7,0.0,20.2,36.7,15.81,Toliara,-23.35,43.667,8.0
2025-06-17,25.9,16.6,21.0,0.0,12.3,29.2,15.74,Toliara,-23.35,43.667,8.0
2025-06-18,24.6,15.7,20.5,0.0,12.4,26.6,15.5,Toliara,-23.35,43.667,8.0
2025-06-19,26.9,17.1,21.5,0.0,20.3,41.0,15.7,Toliara,-23.35,43.667,8.0
2025-06-20,26.5,16.0,21.1,0.0,18.5,37.8,15.73,Toliara,-23.35,43.667,8.0
2025-06-21,24.8,16.0,20.9,0.0,15.5,34.6,15.53,Toliara,-23.35,43.667,8.0
2025-06-22,25.5,18.3,21.7,0.1,21.5,43.6,13.5,Toliara,-23.35,43.667,8.0
2025-06-23,25.9,15.9,20.5,0.0,21.1,36.0,15.93,Toliara,-23.35,43.667,8.0
2025-06-24,25.4,15.4,21.0,0.0,27.7,49.3,15.45,Toliara,-23.35,43.667,8.0
2025-06-25,29.2,18.5,23.5,0.0,25.2,44.6,15.38,Toliara,-23.35,43.667,8.0
2025-06-26,28.2,19.2,23.0,0.0,17.1,35.3,15.75,Toliara,-23.35,43.667,8.0
2025-06-27,28.0,18.3,22.7,0.0,18.3,38.2,15.24,Toliara,-23.35,43.667,8.0
2025-06-28,26.7,20.1,22.9,0.0,22.1,41.8,14.94,Toliara,-23.35,43.667,8.0
2025-06-29,26.8,18.8,22.6,0.0,33.6,59.8,15.28,Toliara,-23.35,43.667,8.0
2025-06-30,28.8,20.7,24.1,0.0,26.8,50.0,14.54,Toliara,-23.35,43.667,8.0
2025-07-01,31.1,20.5,25.3,0.0,29.0,49.7,15.21,Toliara,-23.35,43.667,8.0
2025-07-02,30.3,21.2,24.7,0.0,25.0,45.7,15.32,Toliara,-23.35,43.667,8.0
2025-07-03,27.6,18.4,22.7,0.0,22.9,38.9,15.99,Toliara,-23.35,43.667,8.0
2025-07-04,26.9,17.9,21.9,0.0,16.3,33.8,15.97,Toliara,-23.35,43.667,8.0
2025-07-05,26.8,17.2,21.9,0.0,21.2,41.0,15.92,Toliara,-23.35,43.667,8.0
2025-07-06,27.6,17.4,21.9,0.0,18.3,38.9,16.03,Toliara,-23.35,43.667,8.0
2025-07-07,27.3,16.3,21.9,0.0,23.1,39.2,15.88,Toliara,-23.35,43.667,8.0
2025-07-08,27.7,18.6,22.3,0.0,36.5,67.0,15.61,Toliara,-23.35,43.667,8.0
2025-07-09,28.2,18.8,22.5,0.0,36.2,67.7,14.78,Toliara,-23.35,43.667,8.0
2025-07-10,31.0,20.5,25.3,0.0,23.2,42.1,12.39,Toliara,-23.35,43.667,8.0
2025-07-11,30.6,19.6,23.9,0.0,24.6,45.0,15.58,Toliara,-23.35,43.667,8.0
2025-07-12,27.0,19.3,23.2,0.0,23.3,45.4,15.6,Toliara,-23.35,43.667,8.0
2025-07-13,26.0,17.7,22.3,0.0,21.7,42.5,16.12,Toliara,-23.35,43.667,8.0
2025-07-14,26.9,18.0,22.2,0.0,26.7,46.4,16.34,Toliara,-23.35,43.667,8.0
2025-07-15,24.8,17.5,21.1,0.0,29.9,54.7,16.43,Toliara,-23.35,43.667,8.0
2025-07-16,29.0,18.0,22.8,0.0,25.4,43.9,16.53,Toliara,-23.35,43.667,8.0
2025-07-17,30.5,18.8,23.7,0.0,21.2,39.2,16.54,Toliara,-23.35,43.667,8.0
2025-07-18,27.6,18.9,22.8,0.0,19.5,33.1,16.65,Toliara,-23.35,43.667,8.0
2025-07-19,26.4,16.0,21.3,0.0,31.4,56.9,16.72,Toliara,-23.35,43.667,8.0
2025-07-20,26.7,17.4,21.8,0.0,25.2,46.1,16.78,Toliara,-23.35,43.667,8.0
2025-07-21,26.4,16.6,21.2,0.0,33.8,61.2,16.88,Toliara,-23.35,43.667,8.0
2025-07-22,27.7,17.7,22.2,0.0,32.0,56.5,16.88,Toliara,-23.35,43.667,8.0
2025-07-23,28.0,17.8,22.2,0.0,23.4,45.4,16.16,Toliara,-23.35,43.667,8.0
2025-07-24,26.0,17.7,21.8,0.0,22.8,45.7,15.97,Toliara,-23.35,43.667,8.0
2025-07-25,25.1,18.9,22.0,0.7,12.5,29.2,15.54,Toliara,-23.35,43.667,8.0
2025-07-26,24.2,18.5,21.5,0.7,23.9,45.4,15.18,Toliara,-23.35,43.667,8.0
2025-07-27,24.3,17.1,20.6,0.1,31.7,58.3,16.48,Toliara,-23.35,43.667,8.0
2025-07-28,25.6,17.3,20.9,0.0,30.9,54.0,16.2,Toliara,-23.35,43.667,8.0
2025-07-29,27.6,16.1,21.5,0.0,28.4,52.2,17.25,Toliara,-23.35,43.667,8.0
2025-07-30,27.8,18.0,22.2,0.0,23.3,45.4,16.88,Toliara,-23.35,43.667,8.0
2025-07-31,27.3,18.0,22.2,0.0,18.0,37.8,17.06,Toliara,-23.35,43.667,8.0
2025-08-01,25.8,17.4,21.7,0.0,19.2,37.8,17.32,Toliara,-23.35,43.667,8.0
2025-08-02,23.5,18.4,20.9,0.6,37.4,70.2,15.51,Toliara,-23.35,43.667,8.0
2025-08-03,25.1,16.2,20.2,0.0,30.7,52.9,17.19,Toliara,-23.35,43.667,8.0
2025-08-04,26.6,14.8,20.3,0.0,26.9,50.0,18.94,Toliara,-23.35,43.667,8.0
2025-08-05,26.7,15.8,20.5,0.0,22.9,42.5,18.86,Toliara,-23.35,43.667,8.0
2025-08-06,26.4,16.7,20.9,0.0,21.6,44.3,18.69,Toliara,-23.35,43.667,8.0
2025-08-07,24.9,14.4,20.1,0.0,16.0,34.9,18.6,Toliara,-23.35,43.667,8.0
2025-08-08,24.5,15.0,20.5,0.0,22.4,44.3,18.54,Toliara,-23.35,43.667,8.0
2025-08-09,24.6,17.0,20.7,0.0,31.2,58.0,18.38,Toliara,-23.35,43.667,8.0
2025-08-10,26.8,17.4,21.8,0.0,18.5,37.4,18.76,Toliara,-23.35,43.667,8.0
2025-08-11,26.3,16.6,21.7,0.0,21.2,36.7,18.53,Toliara,-23.35,43.667,8.0
2025-08-12,27.4,19.3,22.9,0.0,34.3,59.8,18.57,Toliara,-23.35,43.667,8.0
2025-08-13,28.7,20.0,23.7,0.0,18.0,36.7,16.55,Toliara,-23.35,43.667,8.0
2025-08-14,25.0,19.8,21.9,4.8,13.6,27.7,10.78,Toliara,-23.35,43.667,8.0
2025-08-15,24.9,18.3,21.5,0.0,14.2,32.0,18.39,Toliara,-23.35,43.667,8.0
2025-08-16,25.2,17.6,21.6,0.0,31.1,53.6,17.88,Toliara,-23.35,43.667,8.0
2025-08-17,30.3,19.3,23.9,0.0,29.3,53.6,18.02,Toliara,-23.35,43.667,8.0
2025-08-18,29.4,17.9,22.8,0.0,26.3,45.7,19.79,Toliara,-23.35,43.667,8.0
2025-08-19,26.9,18.5,22.3,0.0,22.7,38.9,20.11,Toliara,-23.35,43.667,8.0
2025-08-20,26.1,16.4,21.2,0.0,13.2,31.3,20.2,Toliara,-23.35,43.667,8.0
2025-08-21,25.2,16.3,21.0,0.0,14.4,32.8,20.11,Toliara,-23.35,43.667,8.0
2025-08-22,29.7,16.8,22.8,0.0,18.5,34.2,20.39,Toliara,-23.35,43.667,8.0
2025-08-23,31.8,17.7,24.0,0.0,13.7,29.2,20.79,Toliara,-23.35,43.667,8.0
2025-08-24,30.9,16.7,23.4,0.0,16.4,31.0,20.96,Toliara,-23.35,43.667,8.0
2025-08-25,28.9,18.3,23.0,0.0,19.6,40.3,21.03,Toliara,-23.35,43.667,8.0
2025-08-26,26.3,15.8,21.6,0.0,27.1,51.8,21.35,Toliara,-23.35,43.667,8.0
2025-08-27,28.5,18.4,22.9,0.0,27.5,50.8,20.94,Toliara,-23.35,43.667,8.0
2025-08-28,27.2,18.9,23.4,0.0,34.1,61.9,21.04,Toliara,-23.35,43.667,8.0
2025-08-29,30.0,18.7,23.2,0.0,24.4,47.9,21.27,Toliara,-23.35,43.667,8.0
2025-08-30,26.9,18.2,22.6,0.0,13.0,32.0,21.03,Toliara,-23.35,43.667,8.0
2025-08-31,26.8,17.8,22.6,0.0,18.1,38.9,21.1,Toliara,-23.35,43.667,8.0
2025-09-01,28.9,18.2,23.2,0.0,20.2,39.6,21.6,Toliara,-23.35,43.667,8.0
2025-09-02,27.6,18.2,22.9,0.0,18.4,38.5,21.71,Toliara,-23.35,43.667,8.0
2025-09-03,28.0,18.3,23.2,0.0,20.7,41.4,21.57,Toliara,-23.35,43.667,8.0
2025-09-04,25.8,20.3,22.9,0.9,16.8,37.1,16.34,Toliara,-23.35,43.667,8.0
2025-09-05,26.9,18.8,22.5,0.0,25.4,47.2,22.12,Toliara,-23.35,43.667,8.0
2025-09-06,32.5,19.2,25.4,0.0,32.6,55.1,22.23,Toliara,-23.35,43.667,8.0
2025-09-07,32.3,22.6,26.6,0.0,23.0,43.9,22.56,Toliara,-23.35,43.667,8.0
2025-09-08,29.3,18.2,23.9,0.0,21.3,42.5,22.7,Toliara,-23.35,43.667,8.0
2025-09-09,31.5,18.0,24.7,0.0,20.8,42.1,22.86,Toliara,-23.35,43.667,8.0
2025-09-10,31.6,21.1,26.0,0.0,22.4,43.2,22.94,Toliara,-23.35,43.667,8.0
2025-09-11,29.5,20.3,24.7,0.0,20.5,42.1,23.0,Toliara,-23.35,43.667,8.0
2025-09-12,28.0,19.2,23.9,0.0,19.9,40.3,22.95,Toliara,-23.35,43.667,8.0
2025-09-13,29.0,19.5,24.1,0.0,18.9,40.7,23.19,Toliara,-23.35,43.667,8.0
2025-09-14,28.5,20.2,23.9,0.0,21.2,44.6,22.56,Toliara,-23.35,43.667,8.0
2025-09-15,26.8,19.0,23.4,0.0,16.0,37.1,22.28,Toliara,-23.35,43.667,8.0
2025-09-16,28.2,21.1,24.3,0.0,26.8,52.9,22.81,Toliara,-23.35,43.667,8.0
2025-09-17,28.5,19.7,24.4,0.0,15.2,34.9,22.92,Toliara,-23.35,43.667,8.0
2025-09-18,30.0,20.8,24.9,0.0,24.9,49.0,23.45,Toliara,-23.35,43.667,8.0
2025-09-19,27.7,22.0,24.8,0.0,35.8,65.9,23.61,Toliara,-23.35,43.667,8.0
2025-09-20,31.9,22.3,25.7,0.0,36.7,66.2,23.8,Toliara,-23.35,43.667,8.0
2025-09-21,31.9,20.2,25.5,0.0,37.9,67.0,23.84,Toliara,-23.35,43.667,8.0
2025-09-22,29.7,21.8,25.5,0.0,20.4,42.1,24.26,Toliara,-23.35,43.667,8.0
2025-09-23,29.4,21.3,25.0,0.0,23.4,48.2,24.02,Toliara,-23.35,43.667,8.0
2025-09-24,29.5,20.6,24.5,0.0,22.7,46.8,24.43,Toliara,-23.35,43.667,8.0
2025-09-25,25.9,20.6,23.2,0.0,38.8,70.6,24.16,Toliara,-23.35,43.667,8.0
2025-09-26,26.4,19.8,22.3,0.0,36.2,68.4,24.58,Toliara,-23.35,43.667,8.0
2025-09-27,29.6,18.5,23.1,0.0,38.6,69.8,24.88,Toliara,-23.35,43.667,8.0
2025-09-28,29.9,21.6,25.0,0.0,32.9,63.4,23.7,Toliara,-23.35,43.667,8.0
2025-09-29,27.3,21.3,24.1,0.0,25.5,51.1,24.44,Toliara,-23.35,43.667,8.0
2025-09-30,26.8,20.0,23.5,0.0,27.6,53.6,24.72,Toliara,-23.35,43.667,8.0
2025-10-01,25.9,19.8,22.7,0.4,37.8,70.2,19.32,Toliara,-23.35,43.667,8.0
2025-10-02,26.7,18.8,22.3,0.0,39.3,71.6,17.85,Toliara,-23.35,43.667,8.0
2025-10-03,26.3,19.2,22.2,0.0,41.9,79.6,23.34,Toliara,-23.35,43.667,8.0
2025-10-04,27.2,18.5,22.4,0.0,33.6,64.1,20.3,Toliara,-23.35,43.667,8.0
2025-10-05,31.4,17.1,23.8,0.0,30.6,58.7,25.59,Toliara,-23.35,43.667,8.0
2025-10-06,29.4,20.7,25.0,0.0,19.6,40.7,25.68,Toliara,-23.35,43.667,8.0
2025-10-07,31.0,19.7,24.3,0.0,24.4,47.9,25.64,Toliara,-23.35,43.667,8.0
2025-10-08,28.1,20.2,23.7,0.0,23.5,47.2,26.05,Toliara,-23.35,43.667,8.0
2025-10-09,27.9,18.1,23.6,0.0,21.7,45.0,26.07,Toliara,-23.35,43.667,8.0
2025-10-10,30.2,22.5,26.0,0.0,18.5,41.0,25.42,Toliara,-23.35,43.667,8.0
2025-10-11,27.9,22.3,24.7,0.2,21.0,44.6,23.91,Toliara,-23.35,43.667,8.0
2025-10-12,28.2,20.7,24.1,0.0,18.5,41.4,25.73,Toliara,-23.35,43.667,8.0
2025-10-13,27.2,20.3,23.5,0.0,20.4,43.6,26.29,Toliara,-23.35,43.667,8.0
2025-10-14,28.8,20.8,24.6,0.0,21.6,43.9,25.74,Toliara,-23.35,43.667,8.0
2025-10-15,29.2,21.4,24.8,0.0,18.1,40.0,25.63,Toliara,-23.35,43.667,8.0
2025-10-16,28.2,19.8,24.2,0.0,18.7,41.0,26.56,Toliara,-23.35,43.667,8.0
2025-10-17,28.1,21.9,24.0,0.1,44.0,78.8,24.61,Toliara,-23.35,43.667,8.0
2025-10-18,28.8,19.7,23.8,0.0,27.4,54.7,27.0,Toliara,-23.35,43.667,8.0
2025-10-19,27.3,20.9,24.0,0.1,22.8,46.4,27.03,Toliara,-23.35,43.667,8.0
2025-10-20,26.3,20.2,23.6,0.0,33.9,63.4,24.86,Toliara,-23.35,43.667,8.0
2025-10-21,27.2,21.5,23.7,0.0,46.2,85.0,22.33,Toliara,-23.35,43.667,8.0
2025-10-22,28.2,19.3,23.1,0.0,44.9,82.8,27.24,Toliara,-23.35,43.667,8.0
2025-10-23,31.3,20.9,25.6,0.0,39.4,68.8,27.36,Toliara,-23.35,43.667,8.0
2025-10-24,30.9,22.8,26.7,0.0,19.0,41.0,26.19,Toliara,-23.35,43.667,8.0
2025-10-25,30.9,22.4,26.3,0.0,22.0,45.4,27.07,Toliara,-23.35,43.667,8.0
2025-10-26,32.5,22.1,26.9,0.0,20.9,42.5,26.44,Toliara,-23.35,43.667,8.0
2025-10-27,34.8,23.5,27.8,0.0,24.5,47.5,27.09,Toliara,-23.35,43.667,8.0
2025-10-28,30.0,23.9,26.5,0.0,22.4,46.1,27.79,Toliara,-23.35,43.667,8.0
2025-10-29,29.5,23.1,25.8,0.0,20.4,41.0,28.32,Toliara,-23.35,43.667,8.0
2025-10-30,28.7,23.1,25.6,0.0,33.1,61.2,26.7,Toliara,-23.35,43.667,8.0
2025-10-31,37.3,24.5,28.5,0.0,33.8,56.9,23.49,Toliara,-23.35,43.667,8.0
2025-11-01,32.2,25.3,28.2,0.8,30.5,58.7,26.98,Toliara,-23.35,43.667,8.0
2025-11-02,30.2,23.7,26.7,1.7,18.7,39.2,27.31,Toliara,-23.35,43.667,8.0
2025-11-03,30.0,23.9,26.8,0.0,40.2,72.7,27.74,Toliara,-23.35,43.667,8.0
2025-11-04,33.3,23.4,27.1,0.0,22.0,44.6,27.77,Toliara,-23.35,43.667,8.0
2025-11-05,29.0,22.1,25.3,0.0,25.4,49.0,21.48,Toliara,-23.35,43.667,8.0
2025-11-06,28.3,22.5,25.4,0.0,31.9,59.8,27.58,Toliara,-23.35,43.667,8.0
2025-11-07,28.6,22.3,25.7,0.0,34.6,65.9,28.49,Toliara,-23.35,43.667,8.0
2025-11-08,31.6,22.3,26.1,0.0,39.6,72.0,25.36,Toliara,-23.35,43.667,8.0
2025-11-09,31.0,22.6,26.3,0.0,29.8,57.2,27.27,Toliara,-23.35,43.667,8.0
2025-11-10,30.5,23.4,26.8,0.0,26.7,51.8,27.7,Toliara,-23.35,43.667,8.0
2025-11-11,31.2,23.7,27.1,0.0,16.3,39.2,28.43,Toliara,-23.35,43.667,8.0
2025-11-12,30.7,22.9,26.6,0.0,20.5,43.6,28.53,Toliara,-23.35,43.667,8.0
2025-11-13,29.6,22.7,26.0,1.3,21.0,44.3,27.76,Toliara,-23.35,43.667,8.0
2025-11-14,26.6,21.3,24.1,2.6,35.7,67.3,20.36,Toliara,-23.35,43.667,8.0
2025-11-15,30.0,18.9,24.2,0.0,24.1,47.2,30.23,Toliara,-23.35,43.667,8.0
2025-11-16,27.4,21.4,24.3,0.0,25.0,51.8,29.13,Toliara,-23.35,43.667,8.0
2025-11-17,29.5,20.5,25.3,0.0,26.4,53.6,29.47,Toliara,-23.35,43.667,8.0
2025-11-18,26.9,23.6,25.4,3.0,22.0,43.2,10.63,Toliara,-23.35,43.667,8.0
2025-11-19,27.2,21.9,23.7,3.7,22.7,45.7,13.18,Toliara,-23.35,43.667,8.0
2025-11-20,28.6,19.8,23.8,0.0,39.7,74.2,29.26,Toliara,-23.35,43.667,8.0
2025-11-21,27.1,20.6,23.9,0.0,30.2,58.0,22.25,Toliara,-23.35,43.667,8.0
2025-11-22,26.7,20.5,23.7,0.0,22.9,48.6,30.22,Toliara,-23.35,43.667,8.0
2025-11-23,28.3,20.0,24.4,0.0,25.2,50.0,29.44,Toliara,-23.35,43.667,8.0
2025-11-24,28.6,20.2,24.9,0.0,19.0,42.1,29.92,Toliara,-23.35,43.667,8.0
2025-11-25,28.5,21.4,25.2,0.0,32.7,62.6,30.06,Toliara,-23.35,43.667,8.0
2025-11-26,30.2,23.9,26.8,0.0,24.8,49.0,29.39,Toliara,-23.35,43.667,8.0
2025-11-27,29.6,23.0,26.1,0.0,26.8,51.8,29.43,Toliara,-23.35,43.667,8.0
2025-11-28,29.3,24.1,26.8,0.0,37.8,69.5,29.03,Toliara,-23.35,43.667,8.0
2025-11-29,31.8,24.2,27.6,0.0,18.3,40.3,27.51,Toliara,-23.35,43.667,8.0
2025-11-30,29.4,23.8,26.7,0.1,32.0,63.0,28.38,Toliara,-23.35,43.667,8.0
2025-12-01,30.0,23.9,26.7,0.0,19.4,42.8,27.27,Toliara,-23.35,43.667,8.0
2025-12-02,28.8,23.5,25.8,0.5,21.1,45.7,27.52,Toliara,-23.35,43.667,8.0
2025-12-03,28.7,22.5,25.6,0.0,23.0,46.4,28.58,Toliara,-23.35,43.667,8.0
2025-12-04,28.8,24.0,26.0,0.0,21.8,46.1,10.5,Toliara,-23.35,43.667,8.0
2025-12-05,29.6,23.7,26.1,0.0,27.7,54.0,27.93,Toliara,-23.35,43.667,8.0
2025-12-06,30.8,23.2,26.7,0.0,17.6,39.6,29.82,Toliara,-23.35,43.667,8.0
2025-12-07,30.3,23.8,26.7,0.0,20.7,44.3,29.79,Toliara,-23.35,43.667,8.0
2025-12-08,30.5,24.0,26.8,0.0,20.8,42.8,28.6,Toliara,-23.35,43.667,8.0
2025-12-09,30.3,25.0,27.2,0.0,21.1,44.3,25.63,Toliara,-23.35,43.667,8.0
2025-12-10,29.6,24.0,26.6,1.4,19.4,41.8,27.27,Toliara,-23.35,43.667,8.0
2025-12-11,30.7,23.4,27.3,0.0,41.4,74.2,28.97,Toliara,-23.35,43.667,8.0
2025-12-12,36.6,23.6,28.6,0.0,31.5,59.8,29.26,Toliara,-23.35,43.667,8.0
2025-12-13,32.1,25.5,28.5,0.3,20.4,44.3,26.72,Toliara,-23.35,43.667,8.0
2025-12-14,31.2,24.0,27.7,0.0,22.4,46.1,27.12,Toliara,-23.35,43.667,8.0
2025-12-15,34.3,25.4,29.1,0.0,21.7,45.7,29.51,Toliara,-23.35,43.667,8.0
2025-12-16,32.9,24.9,29.0,0.0,19.8,42.1,28.59,Toliara,-23.35,43.667,8.0
2025-12-17,32.8,26.0,29.2,0.0,16.2,37.4,23.31,Toliara,-23.35,43.667,8.0
2025-12-18,31.9,24.2,28.1,8.6,18.9,40.7,24.49,Toliara,-23.35,43.667,8.0
2025-12-19,32.0,24.1,27.1,12.2,21.5,45.4,23.31,Toliara,-23.35,43.667,8.0
2025-12-20,32.2,24.1,27.8,0.4,15.8,38.9,28.38,Toliara,-23.35,43.667,8.0
2025-12-21,30.7,24.4,27.7,0.3,16.7,35.3,28.18,Toliara,-23.35,43.667,8.0
2025-12-22,31.5,24.6,28.4,0.0,14.7,34.9,26.88,Toliara,-23.35,43.667,8.0
2025-12-23,31.5,25.0,27.6,5.7,16.3,36.7,17.34,Toliara,-23.35,43.667,8.0
2025-12-24,31.1,23.4,26.8,21.8,15.3,35.3,24.99,Toliara,-23.35,43.667,8.0
2025-12-25,31.0,24.1,26.7,17.0,14.3,34.6,25.44,Toliara,-23.35,43.667,8.0
2025-12-26,28.1,24.3,25.7,9.7,17.3,29.9,12.47,Toliara,-23.35,43.667,8.0
2025-12-27,29.8,24.2,26.9,0.2,32.4,62.6,28.34,Toliara,-23.35,43.667,8.0
2025-12-28,28.7,23.9,26.5,0.3,29.0,56.9,29.07,Toliara,-23.35,43.667,8.0
2025-12-29,28.7,23.1,26.2,0.6,29.8,56.5,30.67,Toliara,-23.35,43.667,8.0
2025-12-30,29.8,22.7,25.9,0.0,41.0,76.7,29.48,Toliara,-23.35,43.667,8.0
2025-12-31,31.0,21.2,25.7,0.0,39.2,71.3,30.77,Toliara,-23.35,43.667,8.0
2026-01-01,28.5,21.4,25.3,0.0,19.9,38.2,30.73,Toliara,-23.35,43.667,8.0
2026-01-02,28.6,23.0,25.6,2.2,18.8,40.0,28.25,Toliara,-23.35,43.667,8.0
2026-01-03,29.0,21.1,25.3,0.0,19.1,38.5,30.64,Toliara,-23.35,43.667,8.0
2026-01-04,29.0,22.0,25.8,0.0,16.1,37.8,30.33,Toliara,-23.35,43.667,8.0
2026-01-05,30.0,22.7,26.6,0.0,18.6,40.0,29.48,Toliara,-23.35,43.667,8.0
2026-01-06,30.2,23.5,27.5,0.0,20.7,43.2,27.31,Toliara,-23.35,43.667,8.0
2026-01-07,30.8,25.2,28.1,0.1,15.5,35.6,25.76,Toliara,-23.35,43.667,8.0
2026-01-08,30.9,25.3,27.3,14.5,19.6,41.0,19.96,Toliara,-23.35,43.667,8.0
2026-01-09,30.7,25.4,27.9,2.2,13.5,31.3,22.83,Toliara,-23.35,43.667,8.0
2026-01-10,32.4,25.1,28.7,0.0,19.4,36.4,26.85,Toliara,-23.35,43.667,8.0
2026-01-11,32.6,26.6,29.2,0.0,21.5,41.0,25.51,Toliara,-23.35,43.667,8.0
2026-01-12,32.4,26.0,29.2,0.0,14.4,32.4,26.43,Toliara,-23.35,43.667,8.0
2026-01-13,32.9,24.7,28.8,2.1,15.0,36.7,29.15,Toliara,-23.35,43.667,8.0
2026-01-14,34.1,24.5,28.6,0.3,22.0,44.3,28.43,Toliara,-23.35,43.667,8.0
2026-01-15,32.3,24.9,28.3,0.3,16.1,34.6,29.53,Toliara,-23.35,43.667,8.0
2026-01-16,31.8,25.2,28.5,0.4,18.4,40.3,29.05,Toliara,-23.35,43.667,8.0
2026-01-17,31.7,25.2,28.8,0.6,19.0,41.4,28.73,Toliara,-23.35,43.667,8.0
2026-01-18,31.9,25.5,28.4,5.1,16.3,37.1,25.68,Toliara,-23.35,43.667,8.0
2026-01-19,31.6,24.7,28.0,2.1,18.6,40.3,26.51,Toliara,-23.35,43.667,8.0
2026-01-20,31.8,25.4,28.6,0.5,28.4,55.8,24.37,Toliara,-23.35,43.667,8.0
2026-01-21,30.9,25.6,27.8,5.1,40.1,71.6,21.33,Toliara,-23.35,43.667,8.0
2026-01-22,31.7,24.6,28.0,0.0,26.9,50.4,15.95,Toliara,-23.35,43.667,8.0
2026-01-23,31.0,25.0,28.1,1.2,25.3,47.2,26.5,Toliara,-23.35,43.667,8.0
2026-01-24,30.2,26.0,27.8,3.6,31.3,58.7,19.83,Toliara,-23.35,43.667,8.0
2026-01-25,32.4,25.6,28.7,0.6,38.3,69.1,26.36,Toliara,-23.35,43.667,8.0
2026-01-26,33.3,24.1,28.6,0.0,31.9,64.1,29.31,Toliara,-23.35,43.667,8.0
2026-01-27,32.6,25.7,29.0,0.0,19.6,42.1,27.49,Toliara,-23.35,43.667,8.0
2026-01-28,31.6,25.8,28.6,0.0,17.1,39.6,29.13,Toliara,-23.35,43.667,8.0
2026-01-29,30.8,25.0,28.0,1.1,19.0,41.4,27.58,Toliara,-23.35,43.667,8.0
2026-01-30,31.3,23.7,27.9,0.0,25.3,52.6,29.6,Toliara,-23.35,43.667,8.0
2026-01-31,33.4,24.6,29.0,0.0,28.2,54.0,27.71,Toliara,-23.35,43.667,8.0
2026-02-01,31.2,24.7,28.4,0.0,29.1,55.8,29.28,Toliara,-23.35,43.667,8.0
2026-02-02,30.4,24.5,27.7,0.0,26.8,53.6,28.9,Toliara,-23.35,43.667,8.0
2026-02-03,30.4,24.5,28.2,0.1,22.1,41.0,25.61,Toliara,-23.35,43.667,8.0
2026-02-04,31.6,25.3,28.8,0.0,28.4,58.3,28.26,Toliara,-23.35,43.667,8.0
2026-02-05,32.3,24.2,28.7,0.0,30.0,59.8,30.01,Toliara,-23.35,43.667,8.0
2026-02-06,34.1,23.7,28.6,0.0,37.5,70.9,29.72,Toliara,-23.35,43.667,8.0
2026-02-07,32.2,25.8,28.9,0.0,20.2,40.0,28.35,Toliara,-23.35,43.667,8.0
2026-02-08,32.4,26.5,29.1,0.2,21.3,44.6,27.37,Toliara,-23.35,43.667,8.0
2026-02-09,31.9,25.3,28.4,0.0,23.0,44.3,28.26,Toliara,-23.35,43.667,8.0
2026-02-10,32.8,25.0,28.9,0.0,22.7,47.2,29.41,Toliara,-23.35,43.667,8.0
2026-02-11,35.0,25.1,29.9,0.0,21.9,47.5,27.73,Toliara,-23.35,43.667,8.0
2026-02-12,35.9,26.7,30.7,0.2,22.3,46.1,26.73,Toliara,-23.35,43.667,8.0
2026-02-13,33.0,26.3,29.4,0.3,21.7,43.9,25.67,Toliara,-23.35,43.667,8.0
2026-02-14,32.8,26.0,29.1,4.9,26.0,52.9,24.32,Toliara,-23.35,43.667,8.0
2026-02-15,31.7,25.0,27.8,2.3,29.5,57.2,24.36,Toliara,-23.35,43.667,8.0
2026-02-16,29.0,24.0,26.4,22.9,41.9,74.9,15.77,Toliara,-23.35,43.667,8.0
2026-02-17,29.9,23.8,26.9,4.2,28.4,49.0,25.53,Toliara,-23.35,43.667,8.0
2026-02-18,29.8,24.5,27.2,1.2,12.4,31.7,23.17,Toliara,-23.35,43.667,8.0
2026-02-19,30.8,24.6,27.7,0.0,24.4,46.8,27.48,Toliara,-23.35,43.667,8.0
2026-02-20,31.2,25.2,27.9,0.0,35.9,66.6,25.57,Toliara,-23.35,43.667,8.0
2026-02-21,31.3,24.8,27.9,0.0,39.8,75.2,27.18,Toliara,-23.35,43.667,8.0
2026-02-22,31.2,23.8,27.7,0.0,37.8,68.8,26.26,Toliara,-23.35,43.667,8.0
2026-02-23,31.5,24.5,28.3,0.0,17.8,41.0,26.63,Toliara,-23.35,43.667,8.0
2026-02-24,31.9,25.6,28.6,0.6,21.1,44.3,25.28,Toliara,-23.35,43.667,8.0
2026-02-25,32.2,23.9,28.6,2.0,18.1,40.0,25.26,Toliara,-23.35,43.667,8.0
2026-02-26,32.5,25.4,28.8,0.5,18.8,42.5,24.97,Toliara,-23.35,43.667,8.0
2026-02-27,31.9,26.0,28.8,0.3,18.8,40.3,25.24,Toliara,-23.35,43.667,8.0
2026-02-28,32.9,25.2,29.1,0.0,14.4,33.8,26.14,Toliara,-23.35,43.667,8.0
2026-03-01,33.4,25.8,29.5,0.0,16.8,37.4,25.7,Toliara,-23.35,43.667,8.0
2026-03-02,33.1,25.4,28.7,14.3,18.0,41.4,23.43,Toliara,-23.35,43.667,8.0
2026-03-03,32.4,25.7,28.4,0.0,32.7,60.5,21.79,Toliara,-23.35,43.667,8.0
2026-03-04,32.6,25.3,28.7,0.0,12.9,29.9,26.77,Toliara,-23.35,43.667,8.0
2026-03-05,32.2,25.2,28.8,0.0,14.8,34.2,25.81,Toliara,-23.35,43.667,8.0
2026-03-06,33.0,25.9,29.2,0.0,15.0,39.2,21.96,Toliara,-23.35,43.667,8.0
2026-03-07,33.8,25.8,29.8,0.0,19.1,37.4,24.83,Toliara,-23.35,43.667,8.0
2026-03-08,33.8,25.6,29.7,0.1,27.8,54.4,24.44,Toliara,-23.35,43.667,8.0
2026-03-09,36.7,26.6,30.4,0.2,37.7,68.0,24.99,Toliara,-23.35,43.667,8.0
2026-03-10,35.0,27.2,30.2,0.0,21.8,46.1,21.33,Toliara,-23.35,43.667,8.0
2026-03-11,36.3,26.8,30.3,0.1,26.7,55.8,24.07,Toliara,-23.35,43.667,8.0
2026-03-12,37.4,26.7,31.2,0.0,38.6,69.5,25.61,Toliara,-23.35,43.667,8.0
2026-03-13,36.5,26.3,30.6,0.0,33.1,63.7,24.21,Toliara,-23.35,43.667,8.0
2026-03-14,35.1,26.3,29.9,0.0,20.9,43.6,23.58,Toliara,-23.35,43.667,8.0
2026-03-15,33.9,26.5,29.7,0.0,19.0,40.7,22.43,Toliara,-23.35,43.667,8.0
2026-03-16,33.0,25.1,29.1,0.0,19.3,41.8,24.31,Toliara,-23.35,43.667,8.0
2026-03-17,33.1,26.0,29.4,0.0,21.6,44.6,23.73,Toliara,-23.35,43.667,8.0
2026-03-18,34.0,24.9,29.2,0.0,20.0,42.5,22.11,Toliara,-23.35,43.667,8.0
2026-03-19,33.6,26.0,29.8,0.0,19.4,41.4,22.87,Toliara,-23.35,43.667,8.0
2026-03-20,34.6,26.5,30.2,0.0,18.0,42.8,23.3,Toliara,-23.35,43.667,8.0
2026-03-21,33.9,26.5,29.9,0.0,16.2,37.4,23.18,Toliara,-23.35,43.667,8.0
2026-03-22,33.8,25.1,29.3,8.5,18.9,41.8,22.75,Toliara,-23.35,43.667,8.0
2026-03-23,32.5,24.9,28.5,0.1,18.9,40.7,23.56,Toliara,-23.35,43.667,8.0
2026-03-24,32.2,26.3,29.0,0.0,31.6,59.4,22.98,Toliara,-23.35,43.667,8.0
2026-03-25,32.6,25.1,29.0,0.0,21.8,44.6,22.83,Toliara,-23.35,43.667,8.0
2026-03-26,33.2,25.3,29.2,0.0,21.8,45.4,23.12,Toliara,-23.35,43.667,8.0
2026-03-27,32.0,25.9,28.6,0.0,16.1,36.4,23.54,Toliara,-23.35,43.667,8.0
2026-03-28,34.2,25.0,29.2,0.0,20.2,42.5,22.81,Toliara,-23.35,43.667,8.0
2026-03-29,32.5,24.7,28.9,0.5,18.7,41.0,22.09,Toliara,-23.35,43.667,8.0
2026-03-30,31.7,25.0,28.5,0.0,19.7,41.0,20.58,Toliara,-23.35,43.667,8.0
2026-03-31,31.3,24.9,28.3,0.2,16.9,37.8,21.87,Toliara,-23.35,43.667,8.0
2026-04-01,31.0,24.4,27.8,0.0,31.2,58.3,21.53,Toliara,-23.35,43.667,8.0
2026-04-02,32.9,24.0,27.9,0.0,40.6,74.9,20.93,Toliara,-23.35,43.667,8.0
2026-04-03,33.5,21.8,27.4,0.0,31.0,53.3,23.28,Toliara,-23.35,43.667,8.0
2026-04-04,33.6,21.8,27.0,0.0,30.2,54.7,22.4,Toliara,-23.35,43.667,8.0
2026-04-05,31.7,22.1,26.6,0.0,24.3,48.6,22.79,Toliara,-23.35,43.667,8.0
2026-04-06,30.6,21.9,26.6,0.0,18.4,40.3,22.06,Toliara,-23.35,43.667,8.0
2026-04-07,30.2,22.6,26.5,0.0,32.1,62.6,21.75,Toliara,-23.35,43.667,8.0
2026-04-08,32.8,23.8,27.7,0.0,37.6,69.8,21.66,Toliara,-23.35,43.667,8.0
2026-04-09,33.6,23.4,27.4,0.0,26.6,50.0,20.08,Toliara,-23.35,43.667,8.0
2026-04-10,32.3,25.8,28.4,0.0,20.5,42.1,19.9,Toliara,-23.35,43.667,8.0
2026-04-11,31.2,24.4,27.9,0.0,15.5,35.3,21.37,Toliara,-23.35,43.667,8.0
2026-04-12,30.8,24.1,27.5,0.0,18.6,40.0,21.29,Toliara,-23.35,43.667,8.0
2026-04-13,31.3,22.8,27.0,0.0,25.2,49.0,21.36,Toliara,-23.35,43.667,8.0
2026-04-14,30.4,23.5,26.8,0.0,27.8,52.9,21.27,Toliara,-23.35,43.667,8.0
2026-04-15,31.4,24.4,27.8,0.0,15.8,34.9,20.97,Toliara,-23.35,43.667,8.0
2026-04-16,29.9,22.4,26.4,0.0,16.2,35.6,21.07,Toliara,-23.35,43.667,8.0
2026-04-17,30.0,23.4,26.5,0.0,19.4,41.0,20.8,Toliara,-23.35,43.667,8.0
2026-04-18,30.5,23.3,26.8,0.0,19.3,41.8,20.57,Toliara,-23.35,43.667,8.0
2026-04-19,32.8,23.0,27.5,0.0,20.0,40.3,20.32,Toliara,-23.35,43.667,8.0
2026-04-20,31.4,22.4,27.0,0.0,18.5,39.2,20.35,Toliara,-23.35,43.667,8.0
2026-04-21,31.4,24.0,27.4,0.0,24.4,48.6,18.64,Toliara,-23.35,43.667,8.0
2026-04-22,31.2,24.4,27.4,0.0,20.6,41.4,19.84,Toliara,-23.35,43.667,8.0
2026-04-23,30.7,24.1,27.1,0.0,37.0,68.8,19.57,Toliara,-23.35,43.667,8.0
2026-04-24,32.3,24.2,27.6,0.0,35.2,63.4,18.38,Toliara,-23.35,43.667,8.0
2026-04-25,32.1,25.1,28.0,0.0,16.7,34.6,18.74,Toliara,-23.35,43.667,8.0
2026-04-26,30.4,24.2,26.9,0.0,17.8,37.4,19.35,Toliara,-23.35,43.667,8.0
2026-04-27,28.8,23.2,25.9,0.1,20.1,41.4,19.09,Toliara,-23.35,43.667,8.0
2026-04-28,30.2,21.3,25.4,0.0,21.9,43.9,19.73,Toliara,-23.35,43.667,8.0
2026-04-29,29.3,22.3,25.3,0.0,37.5,69.5,16.8,Toliara,-23.35,43.667,8.0
2026-04-30,31.8,21.1,25.4,0.0,39.5,70.6,19.53,Toliara,-23.35,43.667,8.0
2026-05-01,30.3,21.9,25.7,0.0,19.4,38.2,19.2,Toliara,-23.35,43.667,8.0
2026-05-02,28.6,20.9,24.7,0.0,19.7,38.2,18.94,Toliara,-23.35,43.667,8.0
2026-05-03,29.6,21.3,25.2,0.0,34.5,59.4,18.75,Toliara,-23.35,43.667,8.0
2026-05-04,32.5,22.5,26.4,0.0,32.8,59.4,18.78,Toliara,-23.35,43.667,8.0
2026-05-05,30.1,22.0,25.8,0.0,25.0,49.0,18.52,Toliara,-23.35,43.667,8.0
2026-05-06,29.8,22.8,25.4,0.3,15.6,34.2,18.44,Toliara,-23.35,43.667,8.0
2026-05-07,31.5,20.6,25.6,0.0,17.8,38.9,18.25,Toliara,-23.35,43.667,8.0
2026-05-08,30.6,20.4,25.5,0.0,16.8,35.3,18.15,Toliara,-23.35,43.667,8.0
2026-05-09,31.8,21.8,26.4,0.0,24.2,46.8,17.88,Toliara,-23.35,43.667,8.0
2026-05-10,30.6,21.2,26.0,0.0,25.2,46.8,17.79,Toliara,-23.35,43.667,8.0
2026-05-11,30.7,20.9,25.7,0.0,14.9,30.2,17.75,Toliara,-23.35,43.667,8.0
2026-05-12,32.1,20.6,26.4,0.0,20.0,40.3,17.7,Toliara,-23.35,43.667,8.0
2026-05-13,31.5,20.8,26.2,0.0,18.9,37.1,17.56,Toliara,-23.35,43.667,8.0
2026-05-14,31.9,21.4,26.1,0.0,28.6,54.7,17.57,Toliara,-23.35,43.667,8.0
2026-05-15,31.1,23.3,26.5,0.0,32.0,58.0,17.4,Toliara,-23.35,43.667,8.0
2026-05-16,28.7,21.0,25.6,0.0,27.3,47.2,17.37,Toliara,-23.35,43.667,8.0
2026-05-17,29.6,22.2,25.6,0.0,35.8,65.2,16.28,Toliara,-23.35,43.667,8.0
2026-05-18,30.9,21.6,25.9,0.0,30.0,56.5,16.43,Toliara,-23.35,43.667,8.0
2026-05-19,30.4,21.8,25.4,0.0,24.8,48.6,16.76,Toliara,-23.35,43.667,8.0
2026-05-20,29.1,21.2,24.8,0.0,36.2,67.0,16.82,Toliara,-23.35,43.667,8.0
2026-05-21,29.1,19.5,24.0,0.0,24.2,47.2,16.94,Toliara,-23.35,43.667,8.0
2026-05-22,30.9,19.3,24.1,0.0,33.0,58.7,16.88,Toliara,-23.35,43.667,8.0
2026-05-23,27.9,19.5,23.8,0.0,16.3,34.2,16.89,Toliara,-23.35,43.667,8.0
2026-05-24,28.0,18.5,23.5,0.0,17.6,36.0,16.08,Toliara,-23.35,43.667,8.0
2026-05-25,26.2,19.1,23.2,0.0,27.2,50.4,14.97,Toliara,-23.35,43.667,8.0
2026-05-26,26.4,19.8,23.5,0.0,27.9,51.8,16.09,Toliara,-23.35,43.667,8.0
2026-05-27,28.8,20.5,24.4,0.0,19.6,38.5,15.43,Toliara,-23.35,43.667,8.0
2026-05-28,28.5,21.1,24.7,0.0,27.1,49.7,16.03,Toliara,-23.35,43.667,8.0
2026-05-29,27.8,21.3,24.7,0.0,27.9,50.8,16.05,Toliara,-23.35,43.667,8.0
2026-05-30,26.6,20.6,23.7,0.0,26.0,50.4,16.05,Toliara,-23.35,43.667,8.0
2026-05-31,26.9,19.7,23.5,0.0,29.3,53.3,16.0,Toliara,-23.35,43.667,8.0
2026-06-01,27.8,20.1,24.0,0.0,21.8,43.6,15.64,Toliara,-23.35,43.667,8.0
2026-06-02,27.1,20.0,23.7,0.1,19.9,41.0,15.0,Toliara,-23.35,43.667,8.0
2026-06-03,26.5,19.7,23.4,0.2,12.7,29.9,15.3,Toliara,-23.35,43.667,8.0
2026-06-04,26.8,18.3,22.4,0.0,24.9,47.2,16.05,Toliara,-23.35,43.667,8.0
2026-06-05,27.4,18.0,22.9,0.0,19.5,40.3,15.72,Toliara,-23.35,43.667,8.0
2026-06-06,27.6,19.3,23.7,0.0,18.5,36.4,14.14,Toliara,-23.35,43.667,8.0
2026-06-07,28.8,19.7,24.1,0.2,24.9,43.9,11.33,Toliara,-23.35,43.667,8.0
2026-06-08,24.1,18.5,20.5,6.1,15.2,41.8,7.09,Toliara,-23.35,43.667,8.0
2026-06-09,24.6,18.3,21.5,1.9,14.5,32.4,14.1,Toliara,-23.35,43.667,8.0
2026-06-10,24.4,17.9,21.5,0.6,16.5,32.8,14.69,Toliara,-23.35,43.667,8.0
2026-06-11,24.0,17.0,20.8,0.2,15.3,30.2,14.49,Toliara,-23.35,43.667,8.0
2026-06-12,25.0,17.2,21.0,0.0,20.6,39.2,15.52,Toliara,-23.35,43.667,8.0
2026-06-13,25.6,16.1,20.9,0.0,24.9,43.6,15.71,Toliara,-23.35,43.667,8.0
2026-06-14,25.3,16.9,21.2,0.0,25.2,45.0,15.74,Toliara,-23.35,43.667,8.0
2026-06-15,27.8,17.7,22.4,0.0,17.9,33.8,15.73,Toliara,-23.35,43.667,8.0
2026-06-16,28.8,18.6,23.3,0.0,23.8,42.1,15.69,Toliara,-23.35,43.667,8.0
2026-06-17,26.0,18.1,22.6,0.0,29.8,52.6,15.66,Toliara,-23.35,43.667,8.0
2026-06-18,27.3,18.6,22.4,0.0,26.2,47.5,15.35,Toliara,-23.35,43.667,8.0
2026-06-19,25.7,17.4,21.9,0.0,25.5,46.1,15.55,Toliara,-23.35,43.667,8.0
2026-06-20,25.0,18.9,21.5,3.1,31.1,54.0,14.03,Toliara,-23.35,43.667,8.0
2026-06-21,25.7,16.7,20.7,0.0,26.1,49.0,15.84,Toliara,-23.35,43.667,8.0
2026-06-22,26.6,16.0,20.7,0.0,22.5,40.0,15.9,Toliara,-23.35,43.667,8.0
2026-06-23,27.3,16.9,21.9,0.0,14.8,29.5,15.72,Toliara,-23.35,43.667,8.0
2026-06-24,27.2,16.0,21.7,0.0,21.8,39.6,15.61,Toliara,-23.35,43.667,8.0
2026-06-25,25.5,17.0,21.7,0.0,26.3,48.6,15.48,Toliara,-23.35,43.667,8.0
2026-06-26,27.9,18.9,23.0,0.0,26.8,48.2,15.32,Toliara,-23.35,43.667,8.0
2026-06-27,30.5,20.3,24.5,0.0,30.9,52.6,15.2,Toliara,-23.35,43.667,8.0
2026-06-28,28.4,20.0,23.3,0.0,16.2,35.3,15.36,Toliara,-23.35,43.667,8.0
2026-06-29,29.4,18.4,23.8,0.0,20.2,38.2,15.06,Toliara,-23.35,43.667,8.0
2026-06-30,29.3,20.1,23.9,0.0,26.7,46.8,15.19,Toliara,-23.35,43.667,8.0
2026-07-01,28.6,18.7,23.0,0.0,24.1,45.4,15.66,Toliara,-23.35,43.667,8.0
2026-07-02,27.6,16.8,22.1,0.0,16.8,36.0,15.78,Toliara,-23.35,43.667,8.0
2026-07-03,26.9,17.1,22.1,0.0,19.6,41.0,15.75,Toliara,-23.35,43.667,8.0
2026-07-04,25.8,18.7,22.1,0.0,25.1,48.2,15.05,Toliara,-23.35,43.667,8.0
2026-07-05,25.9,18.1,22.0,0.0,32.3,58.0,15.76,Toliara,-23.35,43.667,8.0
2026-07-06,29.4,17.9,23.0,0.0,26.7,45.4,15.98,Toliara,-23.35,43.667,8.0
2026-07-07,29.7,18.4,24.0,0.0,25.0,46.1,16.19,Toliara,-23.35,43.667,8.0
2026-07-08,28.6,19.7,23.2,0.0,22.8,43.6,15.87,Toliara,-23.35,43.667,8.0
2026-07-09,26.9,16.4,21.9,0.0,19.9,39.6,16.06,Toliara,-23.35,43.667,8.0
2026-07-10,26.4,18.3,22.1,0.0,15.1,32.8,14.88,Toliara,-23.35,43.667,8.0
2026-07-11,25.4,16.6,21.4,0.0,15.8,34.6,15.56,Toliara,-23.35,43.667,8.0
2026-07-12,25.6,17.1,22.0,0.0,15.2,33.8,15.86,Toliara,-23.35,43.667,8.0
2026-07-13,25.9,17.1,21.8,0.0,18.2,38.9,16.22,Toliara,-23.35,43.667,8.0
2026-07-14,25.7,17.1,21.8,0.0,14.8,33.8,15.41,Toliara,-23.35,43.667,8.0
2026-07-15,25.7,17.1,22.0,0.8,18.2,34.9,15.71,Toliara,-23.35,43.667,8.0
2026-07-16,25.3,18.9,22.1,2.3,14.4,32.0,14.48,Toliara,-23.35,43.667,8.0
2026-07-17,25.0,17.6,21.7,0.1,27.9,52.2,15.97,Toliara,-23.35,43.667,8.0
2026-07-18,24.9,17.3,21.3,0.0,24.8,47.5,16.44,Toliara,-23.35,43.667,8.0
2026-07-19,24.8,16.9,21.0,0.0,19.8,40.0,16.57,Toliara,-23.35,43.667,8.0
2026-07-20,24.9,16.4,20.9,0.0,14.5,33.1,16.59,Toliara,-23.35,43.667,8.0
2026-07-21,25.3,17.5,21.4,0.0,20.5,37.8,16.83,Toliara,-23.35,43.667,8.0
2026-07-22,26.7,17.4,21.8,0.0,31.5,56.2,16.89,Toliara,-23.35,43.667,8.0
2026-07-23,28.2,18.4,22.9,0.0,18.7,32.8,17.0,Toliara,-23.35,43.667,8.0
2026-07-24,25.6,18.8,22.4,0.0,18.9,41.0,16.74,Toliara,-23.35,43.667,8.0
2026-07-25,23.8,20.0,22.3,1.1,28.8,55.8,15.87,Toliara,-23.35,43.667,8.0
2026-07-26,23.8,17.4,20.9,0.3,37.8,69.1,13.66,Toliara,-23.35,43.667,8.0
2026-07-27,28.3,17.7,22.2,0.0,27.8,50.8,17.2,Toliara,-23.35,43.667,8.0
2026-07-28,26.5,17.5,22.1,0.0,20.9,43.9,17.02,Toliara,-23.35,43.667,8.0
2026-07-29,27.0,17.8,22.2,0.0,17.2,37.1,16.53,Toliara,-23.35,43.667,8.0
2026-07-30,25.2,17.5,21.9,0.0,16.6,33.8,17.09,Toliara,-23.35,43.667,8.0
2026-07-31,25.3,18.1,21.6,4.1,21.7,43.2,15.97,Toliara,-23.35,43.667,8.0
2026-08-01,23.3,17.6,20.5,5.1,18.2,38.2,15.94,Toliara,-23.35,43.667,8.0
2026-08-02,24.2,15.9,20.4,0.0,15.7,32.8,17.0,Toliara,-23.35,43.667,8.0
2026-08-03,24.2,16.0,20.5,0.0,14.4,32.4,17.79,Toliara,-23.35,43.667,8.0
2026-08-04,25.2,17.3,21.4,0.0,22.0,38.5,17.01,Toliara,-23.35,43.667,8.0
2026-08-05,26.1,18.8,22.5,0.0,23.9,42.8,16.2,Toliara,-23.35,43.667,8.0
2026-08-06,28.4,20.8,24.3,0.0,17.2,33.5,12.1,Toliara,-23.35,43.667,8.0
2026-08-07,27.6,21.6,24.4,0.0,21.5,40.0,14.8,Toliara,-23.35,43.667,8.0
2026-08-08,27.1,20.2,23.8,0.0,15.5,33.8,17.79,Toliara,-23.35,43.667,8.0
2026-08-09,27.2,19.6,23.3,0.0,15.5,34.6,16.83,Toliara,-23.35,43.667,8.0
2026-08-10,28.0,20.0,23.8,0.0,16.7,35.3,17.72,Toliara,-23.35,43.667,8.0
2026-08-11,28.8,20.9,24.4,0.0,31.0,56.2,18.26,Toliara,-23.35,43.667,8.0
2026-08-12,27.1,20.7,23.7,0.0,34.5,58.3,18.45,Toliara,-23.35,43.667,8.0
2026-08-13,23.7,19.8,21.4,0.0,38.4,72.4,18.19,Toliara,-23.35,43.667,8.0
2026-08-14,25.8,18.2,21.1,0.0,38.4,70.6,15.23,Toliara,-23.35,43.667,8.0
2026-08-15,24.0,17.0,20.8,0.0,24.3,47.5,18.5,Toliara,-23.35,43.667,8.0
2026-08-16,25.2,17.4,21.4,0.0,16.5,37.4,18.88,Toliara,-23.35,43.667,8.0
2026-08-17,26.1,15.8,21.3,0.0,16.9,37.4,18.93,Toliara,-23.35,43.667,8.0
2026-08-18,27.1,18.0,22.5,0.0,14.8,33.1,17.82,Toliara,-23.35,43.667,8.0
2026-08-19,26.6,19.6,22.9,0.0,21.3,44.6,19.58,Toliara,-23.35,43.667,8.0
2026-08-20,28.0,18.9,22.9,0.0,19.0,39.2,19.84,Toliara,-23.35,43.667,8.0
2026-08-21,25.4,19.2,22.1,0.0,25.8,50.4,19.65,Toliara,-23.35,43.667,8.0
2026-08-22,25.3,19.2,22.3,0.0,26.5,51.1,20.38,Toliara,-23.35,43.667,8.0
2026-08-23,28.4,18.4,22.8,0.0,28.1,67.3,20.72,Toliara,-23.35,43.667,8.0
2026-08-24,25.9,19.0,22.3,0.0,31.3,55.1,20.02,Toliara,-23.35,43.667,8.0
2026-08-25,25.4,18.6,21.7,0.0,25.6,49.3,20.61,Toliara,-23.35,43.667,8.0
2026-08-26,24.9,17.4,21.2,0.0,35.0,64.8,20.75,Toliara,-23.35,43.667,8.0
2026-08-27,28.5,19.1,23.0,0.0,36.9,73.1,20.87,Toliara,-23.35,43.667,8.0
2026-08-28,32.0,18.4,24.6,0.0,29.7,52.6,21.12,Toliara,-23.35,43.667,8.0
2026-08-29,30.0,19.0,23.3,0.0,31.9,55.1,21.3,Toliara,-23.35,43.667,8.0
2026-08-30,28.3,19.9,23.9,0.0,21.7,44.6,21.08,Toliara,-23.35,43.667,8.0
2026-08-31,28.0,17.7,23.2,0.0,20.6,39.2,21.42,Toliara,-23.35,43.667,8.0
2026-09-01,30.6,20.7,24.7,0.0,27.2,49.0,21.69,Toliara,-23.35,43.667,8.0
2026-09-02,32.0,20.3,25.0,0.0,24.4,46.4,21.93,Toliara,-23.35,43.667,8.0
2026-09-03,28.8,18.9,23.7,0.0,18.3,38.2,21.92,Toliara,-23.35,43.667,8.0
2026-09-04,28.4,19.3,23.8,0.0,20.2,42.1,21.29,Toliara,-23.35,43.667,8.0
2026-09-05,27.6,19.6,23.5,0.0,28.2,51.8,21.21,Toliara,-23.35,43.667,8.0
2026-09-06,26.7,21.1,23.6,0.0,38.7,67.7,21.54,Toliara,-23.35,43.667,8.0
2026-09-07,28.6,19.8,23.6,0.0,31.3,54.7,18.57,Toliara,-23.35,43.667,8.0
2026-09-08,32.0,19.3,25.4,0.0,27.8,53.6,22.04,Toliara,-23.35,43.667,8.0
2026-09-09,31.3,20.9,24.8,0.0,27.5,47.5,22.1,Toliara,-23.35,43.667,8.0
2026-09-10,28.7,20.9,24.4,0.0,22.1,45.0,22.7,Toliara,-23.35,43.667,8.0
2026-09-11,28.2,18.1,23.6,0.0,16.7,36.7,23.02,Toliara,-23.35,43.667,8.0
2026-09-12,26.7,18.5,22.5,0.0,25.5,51.1,23.4,Toliara,-23.35,43.667,8.0
2026-09-13,26.4,18.1,22.7,0.0,26.7,50.4,23.42,Toliara,-23.35,43.667,8.0
2026-09-14,34.4,20.9,26.9,0.0,28.8,54.0,23.23,Toliara,-23.35,43.667,8.0
2026-09-15,33.1,23.3,26.7,0.0,26.6,49.0,22.45,Toliara,-23.35,43.667,8.0
2026-09-16,32.1,23.0,26.5,0.0,25.0,48.6,22.78,Toliara,-23.35,43.667,8.0
2026-09-17,28.4,20.6,24.6,0.0,19.8,41.8,23.64,Toliara,-23.35,43.667,8.0
2026-09-18,27.5,18.5,23.4,0.0,18.5,38.2,23.95,Toliara,-23.35,43.667,8.0
2026-09-19,28.9,18.1,23.7,0.0,24.7,50.0,23.99,Toliara,-23.35,43.667,8.0
2026-09-20,29.9,19.3,24.8,0.0,22.0,45.0,23.15,Toliara,-23.35,43.667,8.0
2026-09-21,28.7,22.2,25.2,0.0,16.4,37.1,23.27,Toliara,-23.35,43.667,8.0
